NC_003070.9:20703909-20704575	NC_003070.9	97.432	662	0	16	1	645	20703913	20704574	0.0	1112
NC_003070.9:20703909-20704575	NC_003070.9	92.045	352	16	10	305	645	1194662	1194312	7.72e-136	484
NC_003070.9:20703909-20704575	NC_003070.9	91.714	350	19	9	305	644	18632490	18632141	1.29e-133	477
NC_003070.9:20703909-20704575	NC_003070.9	91.061	358	15	10	305	645	19780658	19780301	7.77e-131	468
NC_003070.9:20703909-20704575	NC_003070.9	90.935	353	20	10	305	645	3023836	3023484	1.01e-129	464
NC_003070.9:20703909-20704575	NC_003070.9	90.652	353	20	10	305	645	18321048	18321399	1.68e-127	457
NC_003070.9:20703909-20704575	NC_003070.9	90.988	344	22	9	309	644	5799082	5798740	6.05e-127	455
NC_003070.9:20703909-20704575	NC_003070.9	89.970	329	20	12	305	621	26880531	26880204	3.69e-114	412
NC_003070.9:20703909-20704575	NC_003071.7	97.429	350	0	9	305	645	6262854	6263203	5.72e-167	588
NC_003070.9:20703909-20704575	NC_003071.7	98.058	309	0	6	1	303	6261945	6262253	2.72e-150	532
NC_003070.9:20703909-20704575	NC_003071.7	92.635	353	14	9	305	645	4759416	4759064	9.91e-140	497
NC_003070.9:20703909-20704575	NC_003071.7	92.330	352	16	10	305	645	8103147	8103498	1.66e-137	490
NC_003070.9:20703909-20704575	NC_003071.7	91.761	352	17	9	305	645	6992592	6992942	3.59e-134	479
NC_003070.9:20703909-20704575	NC_003071.7	100.000	31	0	0	615	645	6683082	6683112	1.99e-07	58.4
NC_003070.9:20703909-20704575	NC_003076.8	92.571	350	17	7	305	645	13786988	13787337	1.28e-138	494
NC_003070.9:20703909-20704575	NC_003076.8	92.045	352	17	9	305	645	5801632	5801281	7.72e-136	484
NC_003070.9:20703909-20704575	NC_003076.8	90.909	352	21	9	305	645	16211817	16212168	3.62e-129	462
NC_003070.9:20703909-20704575	NC_003076.8	90.625	352	21	11	305	645	17359674	17359324	1.68e-127	457
NC_003070.9:20703909-20704575	NC_003076.8	89.459	351	21	12	305	645	10187939	10188283	3.67e-119	429
NC_003070.9:20703909-20704575	NC_003076.8	88.889	351	14	12	305	645	21174882	21175217	4.78e-113	409
NC_003070.9:20703909-20704575	NC_003076.8	94.845	194	7	3	455	645	19018814	19018621	3.00e-80	300
NC_003070.9:20703909-20704575	NC_003076.8	96.875	32	0	1	615	645	10372136	10372167	9.28e-06	52.8
NC_003070.9:20703909-20704575	NC_003074.8	92.571	350	17	8	305	645	16185722	16185373	1.28e-138	494
NC_003070.9:20703909-20704575	NC_003074.8	92.000	350	19	9	305	645	10417322	10417671	2.78e-135	483
NC_003070.9:20703909-20704575	NC_003074.8	91.884	345	20	8	309	645	7713896	7713552	4.64e-133	475
NC_003070.9:20703909-20704575	NC_003074.8	91.453	351	19	11	305	645	8875325	8875674	6.01e-132	472
NC_003070.9:20703909-20704575	NC_003074.8	91.860	344	15	12	313	645	12359064	12358723	7.77e-131	468
NC_003070.9:20703909-20704575	NC_003074.8	91.168	351	20	11	305	645	8883715	8884064	2.80e-130	466
NC_003070.9:20703909-20704575	NC_003074.8	92.192	333	16	9	322	645	7765853	7765522	3.62e-129	462
NC_003070.9:20703909-20704575	NC_003074.8	93.528	309	12	8	2	303	11199811	11200118	2.18e-126	453
NC_003070.9:20703909-20704575	NC_003074.8	90.286	350	24	10	305	645	15874309	15873961	2.81e-125	449
NC_003070.9:20703909-20704575	NC_003074.8	89.941	338	21	11	292	618	18928400	18928735	1.71e-117	424
NC_003070.9:20703909-20704575	NC_003074.8	93.450	229	8	6	371	592	12384110	12384338	2.96e-90	333
NC_003070.9:20703909-20704575	NC_003074.8	96.491	57	2	0	589	645	12398289	12398345	1.52e-18	95.3
NC_003070.9:20703909-20704575	NC_003074.8	86.154	65	3	6	585	645	11551026	11550964	1.19e-09	65.8
NC_003070.9:20703909-20704575	NC_003075.7	92.923	325	16	6	328	645	5478668	5478344	2.80e-130	466
NC_003070.9:20703909-20704575	NC_003075.7	90.935	353	20	10	305	645	4948608	4948256	1.01e-129	464
NC_003070.9:20703909-20704575	NC_003075.7	91.964	336	16	10	305	630	18232665	18232331	1.30e-128	460
NC_003070.9:20703909-20704575	NC_003075.7	90.625	352	18	11	305	645	8421447	8421100	2.18e-126	453
NC_003070.9:20703909-20704575	NC_003075.7	90.313	351	11	13	305	644	6944101	6943763	6.09e-122	438
NC_003070.9:20703909-20704575	NC_003075.7	89.685	349	16	10	305	644	5836710	5836373	1.32e-118	427
NC_003070.9:19731889-19736584	NC_003070.9	98.253	4695	0	69	1	4613	19731889	19736583	0.0	8141
NC_003070.9:19731889-19736584	NC_003070.9	98.469	3788	2	53	882	4613	23929005	23925218	0.0	6623
NC_003070.9:19731889-19736584	NC_003070.9	98.434	894	0	13	1	880	23930296	23929403	0.0	1561
NC_003070.9:19731889-19736584	NC_003070.9	91.171	521	24	15	4106	4613	13634925	13634414	0.0	688
NC_003070.9:19731889-19736584	NC_003070.9	89.560	182	4	9	3917	4085	13636665	13636486	2.30e-54	217
NC_003070.9:19731889-19736584	NC_003070.9	100.000	28	0	0	894	921	23929171	23929144	6.87e-05	52.8
NC_003070.9:19731889-19736584	NC_003074.8	95.097	2896	83	46	882	3723	15286694	15289584	0.0	4506
NC_003070.9:19731889-19736584	NC_003074.8	95.414	1221	38	9	2883	4085	15290426	15291646	0.0	1929
NC_003070.9:19731889-19736584	NC_003074.8	91.009	1457	81	23	2037	3462	14487521	14488958	0.0	1919
NC_003070.9:19731889-19736584	NC_003074.8	95.312	896	22	18	1	880	15282385	15283276	0.0	1404
NC_003070.9:19731889-19736584	NC_003074.8	95.277	847	34	6	2883	3723	15289582	15290428	0.0	1338
NC_003070.9:19731889-19736584	NC_003074.8	90.747	897	64	16	1	880	14480782	14479888	0.0	1179
NC_003070.9:19731889-19736584	NC_003074.8	92.178	652	38	13	882	1521	14479572	14478922	0.0	909
NC_003070.9:19731889-19736584	NC_003074.8	89.954	647	45	13	3456	4085	14490185	14490828	0.0	817
NC_003070.9:19731889-19736584	NC_003074.8	90.040	502	16	14	4124	4613	15293083	15293562	1.50e-175	619
NC_003070.9:19731889-19736584	NC_003074.8	90.570	456	35	8	1568	2015	14487074	14487529	7.04e-169	597
NC_003070.9:19731889-19736584	NC_003071.7	86.186	1455	156	37	2549	3976	4787557	4786121	0.0	1531
NC_003074.8:19776681-19779665	NC_003071.7	98.371	3437	20	26	2	3426	3584066	3580654	0.0	6004
NC_003074.8:19776681-19779665	NC_003071.7	81.028	506	74	12	1929	2418	5159542	5159043	1.59e-104	383
NC_003074.8:19776681-19779665	NC_003071.7	77.663	582	78	30	2866	3426	1790541	1789991	9.84e-82	307
NC_003074.8:19776681-19779665	NC_003070.9	98.076	3431	20	18	9	3426	20827039	20823642	0.0	5928
NC_003074.8:19776681-19779665	NC_003070.9	94.536	183	1	8	2	177	20827219	20827039	9.98e-72	274
NC_003074.8:19776681-19779665	NC_003075.7	98.645	3025	19	3	404	3426	10283958	10286962	0.0	5339
NC_003074.8:19776681-19779665	NC_003074.8	99.300	2857	15	4	572	3426	19776811	19779664	0.0	5160
NC_003074.8:19776681-19779665	NC_003074.8	91.907	1248	60	19	1148	2357	11848616	11849860	0.0	1707
NC_003074.8:19776681-19779665	NC_003074.8	92.745	1020	58	5	2416	3426	11850301	11851313	0.0	1459
NC_003074.8:19776681-19779665	NC_003074.8	94.255	470	20	3	443	905	11848126	11848595	0.0	712
NC_003074.8:19776681-19779665	NC_003074.8	97.908	239	3	2	906	1142	19884381	19884619	2.03e-113	412
NC_003074.8:19776681-19779665	NC_003074.8	83.740	369	30	21	2723	3088	16347548	16347889	3.51e-86	322
NC_003074.8:19776681-19779665	NC_003074.8	85.211	284	11	13	281	535	11847536	11847817	2.16e-68	263
NC_003074.8:19776681-19779665	NC_003074.8	95.122	164	6	2	281	444	11847937	11848098	1.01e-66	257
NC_003074.8:19776681-19779665	NC_003074.8	84.328	268	25	8	1946	2197	11432439	11432173	2.18e-63	246
NC_003074.8:19776681-19779665	NC_003074.8	96.032	126	0	5	2	123	19776689	19776813	1.72e-49	200
NC_003074.8:19776681-19779665	NC_003076.8	82.284	683	83	20	2723	3379	15087297	15086627	8.85e-157	556
NC_003074.8:17985939-17986894	NC_003075.7	93.174	1714	42	59	1	1643	5227956	5229665	0.0	2447
NC_003074.8:17985939-17986894	NC_003074.8	91.883	1774	28	64	1	1670	10836302	10838063	0.0	2372
NC_003074.8:17985939-17986894	NC_003074.8	83.176	1373	85	81	1	1272	15503688	15505015	0.0	1122
NC_003074.8:17985939-17986894	NC_003074.8	88.940	877	48	40	1	843	15947964	15947103	0.0	1037
NC_003074.8:17985939-17986894	NC_003074.8	86.728	648	35	15	1058	1670	17986263	17986894	0.0	673
NC_003074.8:17985939-17986894	NC_003074.8	84.375	480	32	22	832	1272	15947019	15946544	2.71e-119	431
NC_003074.8:17985939-17986894	NC_003074.8	93.636	220	8	4	507	724	17986040	17986255	4.73e-87	324
NC_003074.8:17985939-17986894	NC_003074.8	94.000	100	5	1	1	100	17985939	17986037	8.49e-35	150
NC_003074.8:17985939-17986894	NC_003074.8	95.604	91	4	0	1308	1398	15505146	15505056	1.10e-33	147
NC_003074.8:17985939-17986894	NC_003074.8	94.681	94	5	0	1305	1398	15946411	15946504	1.10e-33	147
NC_003074.8:17985939-17986894	NC_003074.8	97.368	38	0	1	1	37	17397540	17397577	1.14e-08	63.9
NC_003074.8:17985939-17986894	NC_003076.8	91.046	1731	62	69	1	1643	9666385	9664660	0.0	2252
NC_003074.8:17985939-17986894	NC_003076.8	86.015	1330	79	76	14	1272	13500319	13499026	0.0	1327
NC_003074.8:17985939-17986894	NC_003076.8	94.299	877	14	34	2	843	10715622	10716497	0.0	1310
NC_003074.8:17985939-17986894	NC_003076.8	92.669	873	29	20	832	1670	14214618	14215489	0.0	1225
NC_003074.8:17985939-17986894	NC_003076.8	91.236	890	19	45	1	843	14213722	14214599	0.0	1157
NC_003074.8:17985939-17986894	NC_003076.8	87.783	884	31	33	832	1668	10288861	10288008	0.0	963
NC_003074.8:17985939-17986894	NC_003076.8	88.161	473	11	31	1	430	10289727	10289257	1.56e-146	521
NC_003074.8:17985939-17986894	NC_003076.8	91.339	381	22	10	473	843	10289259	10288880	3.38e-143	510
NC_003074.8:17985939-17986894	NC_003076.8	94.681	94	5	0	1305	1398	13498886	13498979	1.10e-33	147
NC_003074.8:17985939-17986894	NC_003070.9	86.167	1388	86	66	1	1289	11990875	11992255	0.0	1402
NC_003074.8:17985939-17986894	NC_003070.9	87.622	1228	34	65	1	1148	17108829	17110018	0.0	1317
NC_003074.8:17985939-17986894	NC_003070.9	93.893	524	21	4	1157	1670	17110103	17110625	0.0	780
NC_003074.8:17985939-17986894	NC_003070.9	89.744	273	21	6	1394	1661	19763332	19763602	1.30e-92	342
NC_003074.8:17985939-17986894	NC_003070.9	93.377	151	9	1	1395	1544	11992428	11992578	1.77e-56	222
NC_003074.8:17985939-17986894	NC_003070.9	92.553	94	7	0	1305	1398	11992373	11992280	2.38e-30	135
NC_003074.8:17985939-17986894	NC_003070.9	100.000	28	0	0	1108	1135	17110078	17110105	2.46e-05	52.8
NC_003074.8:17985939-17986894	NC_003071.7	93.420	851	23	17	835	1652	6416398	6415548	0.0	1230
NC_003074.8:17985939-17986894	NC_003071.7	92.483	878	30	34	1	843	6417297	6416421	0.0	1223
NC_003074.8:17985939-17986894	NC_003071.7	87.801	1123	31	66	1	1050	2175670	2174581	0.0	1218
NC_003074.8:17985939-17986894	NC_003071.7	96.364	110	4	0	1187	1296	2174499	2174390	3.01e-44	182
NC_003074.8:2360591-2362775	NC_003074.8	99.634	2186	5	3	1	2183	22570734	22568549	0.0	3989
NC_003074.8:2360591-2362775	NC_003074.8	99.405	2185	11	2	1	2183	2362775	2360591	0.0	3962
NC_003074.8:2360591-2362775	NC_003074.8	80.110	724	94	28	2	684	12981845	12981131	4.47e-138	494
NC_003074.8:2360591-2362775	NC_003076.8	99.496	2183	9	2	1	2182	19542719	19544900	0.0	3969
NC_003074.8:2360591-2362775	NC_003076.8	95.349	86	4	0	2	87	18113642	18113727	8.67e-31	137
NC_003074.8:2360591-2362775	NC_003075.7	96.146	493	14	2	686	1173	10897725	10898217	0.0	800
NC_003074.8:2360591-2362775	NC_003075.7	96.403	278	9	1	1239	1516	10898372	10898648	5.86e-127	457
NC_003074.8:2360591-2362775	NC_003075.7	94.444	288	13	1	1520	1804	10898692	10898979	5.90e-122	440
NC_003074.8:2360591-2362775	NC_003071.7	78.571	238	46	5	440	675	6965059	6965293	3.10e-35	152
NC_003070.9:20624862-20626082	NC_003076.8	98.741	1191	9	6	1	1185	14290585	14289395	0.0	2111
NC_003070.9:20624862-20626082	NC_003076.8	82.564	1061	119	39	1	1028	9545600	9544573	0.0	874
NC_003070.9:20624862-20626082	NC_003070.9	95.823	1221	15	10	1	1185	20624862	20626082	0.0	1940
NC_003070.9:20624862-20626082	NC_003070.9	82.895	76	9	4	1	74	12517270	12517343	2.23e-09	65.8
NC_003070.9:20624862-20626082	NC_003070.9	79.381	97	16	4	1	95	19722453	19722359	2.23e-09	65.8
NC_003070.9:20624862-20626082	NC_003070.9	95.122	41	1	1	1	40	11032189	11032229	8.02e-09	63.9
NC_003070.9:20624862-20626082	NC_003074.8	85.019	1048	106	28	1	1019	18087047	18088072	0.0	1018
NC_003070.9:20624862-20626082	NC_003074.8	97.761	134	2	1	1	133	16669736	16669869	7.47e-59	230
NC_003070.9:20624862-20626082	NC_003074.8	88.462	130	6	5	1061	1185	18088075	18088200	2.15e-34	148
NC_003070.9:20624862-20626082	NC_003074.8	79.630	108	17	5	1	106	14563488	14563384	1.33e-11	73.1
NC_003070.9:20624862-20626082	NC_003074.8	90.196	51	4	1	1	50	14671112	14671062	2.23e-09	65.8
NC_003070.9:20624862-20626082	NC_003071.7	95.122	41	1	1	1	40	6519270	6519310	8.02e-09	63.9
NC_003070.9:19290345-19292787	NC_003075.7	99.265	3400	15	10	1	3390	8744316	8740917	0.0	6131
NC_003070.9:19290345-19292787	NC_003070.9	98.882	3399	18	13	3	3389	10592060	10595450	0.0	6048
NC_003070.9:19290345-19292787	NC_003070.9	99.198	1746	12	2	1293	3037	19290734	19292478	0.0	3145
NC_003070.9:19290345-19292787	NC_003070.9	99.490	392	2	0	1	392	19290345	19290736	0.0	713
NC_003070.9:19290345-19292787	NC_003070.9	96.594	323	2	4	3075	3390	19292462	19292782	6.87e-148	527
NC_003070.9:19290345-19292787	NC_003070.9	92.593	216	13	3	2229	2441	8288731	8288946	9.74e-82	307
NC_003070.9:19290345-19292787	NC_003070.9	90.104	192	18	1	1593	1784	8288107	8288297	5.99e-64	248
NC_003070.9:19290345-19292787	NC_003071.7	87.027	185	20	4	3	185	1824699	1824881	3.65e-51	206
NC_003070.9:19290345-19292787	NC_003071.7	89.726	146	11	2	19	163	4197017	4197159	1.71e-44	183
NC_003076.8:20278613-20281984	NC_003076.8	92.960	1591	29	62	1	1527	9965017	9963446	0.0	2241
NC_003076.8:20278613-20281984	NC_003076.8	92.790	1595	32	70	1	1527	8746701	8745122	0.0	2231
NC_003076.8:20278613-20281984	NC_003076.8	92.533	1607	26	67	1	1525	8765709	8767303	0.0	2217
NC_003076.8:20278613-20281984	NC_003076.8	92.453	1590	39	63	1	1527	14082835	14081264	0.0	2196
NC_003076.8:20278613-20281984	NC_003076.8	91.895	1604	37	64	1	1525	20682406	20680817	0.0	2156
NC_003076.8:20278613-20281984	NC_003076.8	91.387	1637	41	69	1	1552	17365025	17366646	0.0	2150
NC_003076.8:20278613-20281984	NC_003076.8	92.117	1573	40	66	18	1525	17775746	17777299	0.0	2141
NC_003076.8:20278613-20281984	NC_003076.8	91.584	1616	33	70	2	1525	5430061	5428457	0.0	2135
NC_003076.8:20278613-20281984	NC_003076.8	91.646	1604	38	64	1	1525	14151294	14149708	0.0	2132
NC_003076.8:20278613-20281984	NC_003076.8	91.509	1590	53	63	1	1527	1898645	1897075	0.0	2113
NC_003076.8:20278613-20281984	NC_003076.8	91.269	1615	41	66	1	1527	19742617	19741015	0.0	2109
NC_003076.8:20278613-20281984	NC_003076.8	91.447	1590	49	66	1	1525	16356475	16358042	0.0	2102
NC_003076.8:20278613-20281984	NC_003076.8	94.663	1349	11	53	1	1299	20281984	20280647	0.0	2036
NC_003076.8:20278613-20281984	NC_003076.8	90.664	1596	45	78	16	1527	24187899	24186324	0.0	2026
NC_003076.8:20278613-20281984	NC_003076.8	93.412	1351	24	58	1	1299	9590410	9591747	0.0	1941
NC_003076.8:20278613-20281984	NC_003076.8	93.846	1300	2	48	1	1232	9559507	9558218	0.0	1886
NC_003076.8:20278613-20281984	NC_003076.8	92.210	1258	26	55	1	1197	4782228	4780982	0.0	1714
NC_003076.8:20278613-20281984	NC_003076.8	95.061	1073	7	44	52	1078	17618634	17617562	0.0	1646
NC_003076.8:20278613-20281984	NC_003076.8	93.537	1114	18	46	1	1068	15606601	15605496	0.0	1609
NC_003076.8:20278613-20281984	NC_003076.8	92.602	1149	28	48	137	1232	4312672	4313816	0.0	1598
NC_003076.8:20278613-20281984	NC_003076.8	90.561	1176	35	54	1	1113	11025336	11026498	0.0	1487
NC_003076.8:20278613-20281984	NC_003076.8	93.326	944	5	41	1	886	18853952	18854895	0.0	1341
NC_003076.8:20278613-20281984	NC_003076.8	92.262	840	12	36	1	787	21530089	21530928	0.0	1142
NC_003076.8:20278613-20281984	NC_003076.8	93.844	666	9	28	1	635	7154439	7153775	0.0	974
NC_003076.8:20278613-20281984	NC_003076.8	86.225	951	50	55	1	881	9612591	9613530	0.0	955
NC_003076.8:20278613-20281984	NC_003076.8	92.604	649	14	22	898	1525	15043270	15042635	0.0	902
NC_003076.8:20278613-20281984	NC_003076.8	92.296	649	18	22	898	1525	8354352	8353715	0.0	893
NC_003076.8:20278613-20281984	NC_003076.8	92.049	654	18	22	898	1527	5977895	5977252	0.0	889
NC_003076.8:20278613-20281984	NC_003076.8	92.154	650	19	23	898	1525	24476433	24475794	0.0	889
NC_003076.8:20278613-20281984	NC_003076.8	92.166	651	16	22	898	1525	22232106	22231468	0.0	887
NC_003076.8:20278613-20281984	NC_003076.8	88.826	707	29	31	229	886	8683118	8683823	0.0	822
NC_003076.8:20278613-20281984	NC_003076.8	93.440	564	15	18	1843	2388	9558218	9557659	0.0	817
NC_003076.8:20278613-20281984	NC_003076.8	88.494	704	32	33	229	883	7711270	7711973	0.0	806
NC_003076.8:20278613-20281984	NC_003076.8	88.385	706	34	30	229	886	14761045	14760340	0.0	806
NC_003076.8:20278613-20281984	NC_003076.8	92.349	562	20	18	1845	2388	13892686	13892130	0.0	778
NC_003076.8:20278613-20281984	NC_003076.8	92.212	565	21	18	1842	2388	16870920	16871479	0.0	778
NC_003076.8:20278613-20281984	NC_003076.8	87.677	706	36	33	231	886	15342559	15341855	0.0	774
NC_003076.8:20278613-20281984	NC_003076.8	91.681	565	25	17	1845	2388	17726422	17726985	0.0	763
NC_003076.8:20278613-20281984	NC_003076.8	91.935	558	17	18	900	1441	15577265	15576720	0.0	756
NC_003076.8:20278613-20281984	NC_003076.8	86.883	709	41	33	229	886	13918658	13917951	0.0	747
NC_003076.8:20278613-20281984	NC_003076.8	92.655	531	10	19	1015	1527	18854899	18855418	0.0	737
NC_003076.8:20278613-20281984	NC_003076.8	88.479	651	19	32	898	1527	10714580	10715195	0.0	736
NC_003076.8:20278613-20281984	NC_003076.8	90.796	565	30	17	1845	2388	24448812	24449375	0.0	736
NC_003076.8:20278613-20281984	NC_003076.8	90.796	565	27	19	1842	2388	14810268	14810825	0.0	732
NC_003076.8:20278613-20281984	NC_003076.8	90.619	565	32	17	1844	2388	5625057	5625620	0.0	730
NC_003076.8:20278613-20281984	NC_003076.8	86.906	695	36	34	241	886	354277	354965	0.0	728
NC_003076.8:20278613-20281984	NC_003076.8	91.039	558	23	17	900	1441	21776872	21776326	0.0	728
NC_003076.8:20278613-20281984	NC_003076.8	96.614	443	0	12	1232	1659	20280306	20279864	0.0	721
NC_003076.8:20278613-20281984	NC_003076.8	87.832	641	30	30	229	822	5129697	5129058	0.0	708
NC_003076.8:20278613-20281984	NC_003076.8	90.036	562	29	20	1844	2388	19101557	19102108	0.0	702
NC_003076.8:20278613-20281984	NC_003076.8	92.032	502	11	17	1018	1502	21530929	21531418	0.0	678
NC_003076.8:20278613-20281984	NC_003076.8	88.908	568	40	20	1842	2388	22621743	22621178	0.0	678
NC_003076.8:20278613-20281984	NC_003076.8	89.223	566	26	19	1840	2388	14104214	14103667	0.0	675
NC_003076.8:20278613-20281984	NC_003076.8	88.621	580	28	26	1845	2388	7417331	7417908	0.0	671
NC_003076.8:20278613-20281984	NC_003076.8	95.360	431	5	15	1232	1647	9592087	9592517	0.0	671
NC_003076.8:20278613-20281984	NC_003076.8	88.596	570	38	19	1844	2388	3566349	3566916	0.0	667
NC_003076.8:20278613-20281984	NC_003076.8	88.556	568	40	20	1845	2388	9068735	9068169	0.0	665
NC_003076.8:20278613-20281984	NC_003076.8	88.810	563	30	24	1845	2388	26787654	26787106	0.0	660
NC_003076.8:20278613-20281984	NC_003076.8	93.878	441	10	17	1234	1660	17617559	17617122	0.0	649
NC_003076.8:20278613-20281984	NC_003076.8	87.879	561	36	18	1844	2388	7701182	7700638	3.57e-179	630
NC_003076.8:20278613-20281984	NC_003076.8	89.567	508	21	22	1039	1527	4313874	4314368	1.00e-174	616
NC_003076.8:20278613-20281984	NC_003076.8	87.344	561	39	27	1845	2388	8748925	8749470	3.60e-174	614
NC_003076.8:20278613-20281984	NC_003076.8	87.040	571	38	27	1840	2388	6420383	6419827	1.29e-173	612
NC_003076.8:20278613-20281984	NC_003076.8	87.253	557	36	26	1845	2388	15580807	15581341	7.79e-171	603
NC_003076.8:20278613-20281984	NC_003076.8	86.288	598	30	28	1840	2388	24117956	24118550	7.79e-171	603
NC_003076.8:20278613-20281984	NC_003076.8	86.988	561	39	22	1845	2388	17043358	17043901	2.80e-170	601
NC_003076.8:20278613-20281984	NC_003076.8	86.261	575	43	27	1833	2388	9854334	9854891	1.69e-167	592
NC_003076.8:20278613-20281984	NC_003076.8	92.056	428	11	17	1111	1525	11026980	11027397	3.65e-164	580
NC_003076.8:20278613-20281984	NC_003076.8	88.189	508	32	21	1845	2335	22335576	22335080	3.65e-164	580
NC_003076.8:20278613-20281984	NC_003076.8	86.121	562	41	22	1843	2386	16712849	16713391	2.20e-161	571
NC_003076.8:20278613-20281984	NC_003076.8	89.507	467	27	17	1870	2317	26015332	26015795	2.20e-161	571
NC_003076.8:20278613-20281984	NC_003076.8	85.689	566	33	24	1840	2388	7069983	7070517	7.96e-156	553
NC_003076.8:20278613-20281984	NC_003076.8	90.704	398	20	15	1844	2225	15882292	15882688	3.75e-144	514
NC_003076.8:20278613-20281984	NC_003076.8	91.036	357	12	18	1	340	4312436	4312789	3.83e-129	464
NC_003076.8:20278613-20281984	NC_003076.8	88.491	391	29	14	1845	2221	706997	706609	1.78e-127	459
NC_003076.8:20278613-20281984	NC_003076.8	87.654	405	35	12	1843	2233	4936959	4937362	6.42e-127	457
NC_003076.8:20278613-20281984	NC_003076.8	89.744	351	19	12	2046	2388	14395374	14395033	1.08e-119	433
NC_003076.8:20278613-20281984	NC_003076.8	89.744	351	19	12	2046	2388	14454673	14454332	1.08e-119	433
NC_003076.8:20278613-20281984	NC_003076.8	92.414	290	13	9	1247	1527	15605457	15605168	2.36e-111	405
NC_003076.8:20278613-20281984	NC_003076.8	94.862	253	5	8	1	246	17796785	17796534	2.37e-106	388
NC_003076.8:20278613-20281984	NC_003076.8	92.963	270	9	10	1268	1527	4780980	4780711	3.07e-105	385
NC_003076.8:20278613-20281984	NC_003076.8	91.579	285	12	9	2114	2388	6702209	6701927	1.10e-104	383
NC_003076.8:20278613-20281984	NC_003076.8	90.780	282	14	12	612	881	3019805	3019524	1.11e-99	366
NC_003076.8:20278613-20281984	NC_003076.8	91.481	270	11	12	629	886	20398316	20398585	5.18e-98	361
NC_003076.8:20278613-20281984	NC_003076.8	90.698	258	13	10	1	250	17955555	17955809	1.13e-89	333
NC_003076.8:20278613-20281984	NC_003076.8	90.347	259	13	11	1	250	3020196	3019941	1.46e-88	329
NC_003076.8:20278613-20281984	NC_003076.8	92.340	235	9	4	2163	2388	8602053	8601819	1.89e-87	326
NC_003076.8:20278613-20281984	NC_003076.8	91.915	235	9	5	2163	2388	20278847	20278614	8.78e-86	320
NC_003076.8:20278613-20281984	NC_003076.8	89.575	259	13	13	1	250	5129834	5129581	1.14e-84	316
NC_003076.8:20278613-20281984	NC_003076.8	89.575	259	14	12	1	250	19931558	19931304	1.14e-84	316
NC_003076.8:20278613-20281984	NC_003076.8	91.810	232	10	5	2163	2386	13734262	13734492	4.09e-84	315
NC_003076.8:20278613-20281984	NC_003076.8	89.189	259	16	12	1	250	25264511	25264766	1.47e-83	313
NC_003076.8:20278613-20281984	NC_003076.8	89.189	259	15	12	1	250	14761183	14760929	5.29e-83	311
NC_003076.8:20278613-20281984	NC_003076.8	88.848	269	9	11	2126	2388	24586803	24587056	5.29e-83	311
NC_003076.8:20278613-20281984	NC_003076.8	97.268	183	3	2	898	1078	20280489	20280307	1.90e-82	309
NC_003076.8:20278613-20281984	NC_003076.8	88.803	259	14	12	1	250	15342696	15342444	8.85e-81	303
NC_003076.8:20278613-20281984	NC_003076.8	94.845	194	8	2	886	1077	9591893	9592086	3.18e-80	302
NC_003076.8:20278613-20281984	NC_003076.8	89.669	242	13	7	2158	2388	14080062	14080302	4.12e-79	298
NC_003076.8:20278613-20281984	NC_003076.8	89.916	238	12	8	2041	2267	13678951	13678715	1.48e-78	296
NC_003076.8:20278613-20281984	NC_003076.8	88.372	258	13	13	1	250	13918790	13918542	5.32e-78	294
NC_003076.8:20278613-20281984	NC_003076.8	92.857	196	12	2	886	1079	9134099	9134294	1.15e-74	283
NC_003076.8:20278613-20281984	NC_003076.8	88.983	236	14	7	2163	2386	7488328	7488093	4.14e-74	281
NC_003076.8:20278613-20281984	NC_003076.8	88.655	238	14	8	2163	2388	15162886	15163122	5.36e-73	278
NC_003076.8:20278613-20281984	NC_003076.8	91.220	205	9	5	2193	2388	23129545	23129341	8.97e-71	270
NC_003076.8:20278613-20281984	NC_003076.8	88.210	229	13	7	2163	2387	19408597	19408379	5.40e-68	261
NC_003076.8:20278613-20281984	NC_003076.8	90.594	202	10	5	2163	2357	5648113	5647914	1.94e-67	259
NC_003076.8:20278613-20281984	NC_003076.8	89.202	213	13	6	2163	2365	15535363	15535151	6.98e-67	257
NC_003076.8:20278613-20281984	NC_003076.8	87.234	235	19	7	2163	2386	22021624	22021858	6.98e-67	257
NC_003076.8:20278613-20281984	NC_003076.8	85.827	254	19	14	1	250	354140	354380	9.04e-66	254
NC_003076.8:20278613-20281984	NC_003076.8	88.426	216	16	9	1844	2051	6702419	6702205	3.25e-65	252
NC_003076.8:20278613-20281984	NC_003076.8	89.320	206	12	5	2193	2388	16030754	16030549	1.17e-64	250
NC_003076.8:20278613-20281984	NC_003076.8	85.600	250	12	7	2163	2388	15031163	15030914	7.03e-62	241
NC_003076.8:20278613-20281984	NC_003076.8	91.160	181	8	7	2	176	19670802	19670980	2.53e-61	239
NC_003076.8:20278613-20281984	NC_003076.8	91.160	181	7	5	2216	2388	13231894	13232073	9.10e-61	237
NC_003076.8:20278613-20281984	NC_003076.8	87.981	208	12	7	1921	2121	17885892	17885691	1.18e-59	233
NC_003076.8:20278613-20281984	NC_003076.8	91.765	170	10	4	1844	2009	24586630	24586799	1.18e-59	233
NC_003076.8:20278613-20281984	NC_003076.8	92.949	156	6	4	2235	2386	14880657	14880811	2.55e-56	222
NC_003076.8:20278613-20281984	NC_003076.8	92.857	140	3	4	2163	2295	9867496	9867635	1.54e-48	196
NC_003076.8:20278613-20281984	NC_003076.8	90.909	154	3	7	2238	2388	10041957	10041812	1.54e-48	196
NC_003076.8:20278613-20281984	NC_003076.8	93.893	131	2	4	2264	2388	4937362	4937492	2.00e-47	193
NC_003076.8:20278613-20281984	NC_003076.8	92.143	140	4	4	2163	2295	26893188	26893327	7.19e-47	191
NC_003076.8:20278613-20281984	NC_003076.8	92.029	138	6	3	2163	2295	17398095	17397958	2.58e-46	189
NC_003076.8:20278613-20281984	NC_003076.8	82.222	225	31	6	2164	2386	8671466	8671683	3.34e-45	185
NC_003076.8:20278613-20281984	NC_003076.8	91.429	140	5	2	2163	2295	24314283	24314422	3.34e-45	185
NC_003076.8:20278613-20281984	NC_003076.8	92.913	127	8	1	2235	2360	19480017	19480143	1.20e-44	183
NC_003076.8:20278613-20281984	NC_003076.8	91.111	135	9	2	2257	2388	17481912	17482046	1.56e-43	180
NC_003076.8:20278613-20281984	NC_003076.8	88.961	154	6	8	2238	2388	19114726	19114581	1.56e-43	180
NC_003076.8:20278613-20281984	NC_003076.8	88.535	157	7	8	2235	2388	22464054	22464202	1.56e-43	180
NC_003076.8:20278613-20281984	NC_003076.8	87.342	158	15	5	2235	2388	20674390	20674234	2.01e-42	176
NC_003076.8:20278613-20281984	NC_003076.8	87.582	153	16	3	2237	2386	9546179	9546331	7.24e-42	174
NC_003076.8:20278613-20281984	NC_003076.8	84.409	186	15	6	2177	2360	17247879	17247706	9.36e-41	171
NC_003076.8:20278613-20281984	NC_003076.8	89.630	135	12	2	886	1018	25904878	25905012	9.36e-41	171
NC_003076.8:20278613-20281984	NC_003076.8	96.000	100	3	1	1	100	20398218	20398316	5.63e-38	161
NC_003076.8:20278613-20281984	NC_003076.8	89.062	128	10	4	2262	2388	21775911	21775787	2.62e-36	156
NC_003076.8:20278613-20281984	NC_003076.8	89.600	125	8	4	2267	2388	13677934	13677812	9.43e-36	154
NC_003076.8:20278613-20281984	NC_003076.8	84.615	156	20	4	2235	2386	9978743	9978588	3.39e-35	152
NC_003076.8:20278613-20281984	NC_003076.8	87.597	129	11	5	2262	2388	4314741	4314866	5.67e-33	145
NC_003076.8:20278613-20281984	NC_003076.8	87.500	128	12	4	2263	2388	7153309	7153184	5.67e-33	145
NC_003076.8:20278613-20281984	NC_003076.8	87.597	129	11	5	2262	2388	17796263	17796138	5.67e-33	145
NC_003076.8:20278613-20281984	NC_003076.8	93.750	96	2	4	1845	1936	14880216	14880311	7.34e-32	141
NC_003076.8:20278613-20281984	NC_003076.8	86.923	130	11	6	2262	2388	15042260	15042134	7.34e-32	141
NC_003076.8:20278613-20281984	NC_003076.8	86.822	129	13	4	2262	2388	15604795	15604669	7.34e-32	141
NC_003076.8:20278613-20281984	NC_003076.8	86.822	129	12	5	2262	2388	5428081	5427956	2.64e-31	139
NC_003076.8:20278613-20281984	NC_003076.8	95.506	89	0	4	1441	1525	7153775	7153687	2.64e-31	139
NC_003076.8:20278613-20281984	NC_003076.8	86.822	129	12	5	2262	2388	16358419	16358544	2.64e-31	139
NC_003076.8:20278613-20281984	NC_003076.8	86.260	131	12	6	2264	2388	25265207	25265337	9.49e-31	137
NC_003076.8:20278613-20281984	NC_003076.8	92.000	100	4	4	1430	1525	25905014	25905113	9.49e-31	137
NC_003076.8:20278613-20281984	NC_003076.8	87.097	124	10	6	2268	2388	14143814	14143694	3.41e-30	135
NC_003076.8:20278613-20281984	NC_003076.8	86.047	129	14	4	2262	2388	24475417	24475291	3.41e-30	135
NC_003076.8:20278613-20281984	NC_003076.8	86.154	130	10	8	2262	2388	8744749	8744625	1.23e-29	134
NC_003076.8:20278613-20281984	NC_003076.8	85.271	129	15	4	2262	2388	10715496	10715622	1.59e-28	130
NC_003076.8:20278613-20281984	NC_003076.8	92.222	90	3	4	1844	1929	15659432	15659343	7.39e-27	124
NC_003076.8:20278613-20281984	NC_003076.8	93.827	81	5	0	1	81	5978053	5977973	2.66e-26	122
NC_003076.8:20278613-20281984	NC_003076.8	93.023	86	3	3	2305	2388	15882682	15882766	2.66e-26	122
NC_003076.8:20278613-20281984	NC_003076.8	93.750	80	5	0	2	81	20280646	20280567	9.56e-26	121
NC_003076.8:20278613-20281984	NC_003076.8	92.683	82	4	2	1	81	9133953	9134033	1.24e-24	117
NC_003076.8:20278613-20281984	NC_003076.8	91.011	89	5	3	1	89	15043428	15043343	1.24e-24	117
NC_003076.8:20278613-20281984	NC_003076.8	92.500	80	6	0	2	81	9591748	9591827	4.45e-24	115
NC_003076.8:20278613-20281984	NC_003076.8	91.358	81	7	0	1	81	24476591	24476511	5.75e-23	111
NC_003076.8:20278613-20281984	NC_003076.8	89.655	87	9	0	2235	2321	25179208	25179294	5.75e-23	111
NC_003076.8:20278613-20281984	NC_003076.8	86.111	108	7	7	1845	1945	14216354	14216248	2.07e-22	110
NC_003076.8:20278613-20281984	NC_003076.8	94.366	71	3	1	2163	2233	17955910	17955841	7.44e-22	108
NC_003076.8:20278613-20281984	NC_003076.8	86.275	102	10	4	1839	1936	20674829	20674728	7.44e-22	108
NC_003076.8:20278613-20281984	NC_003076.8	95.312	64	3	0	1	64	10714424	10714487	3.46e-20	102
NC_003076.8:20278613-20281984	NC_003076.8	88.372	86	7	3	1	85	13982135	13982218	1.25e-19	100
NC_003076.8:20278613-20281984	NC_003076.8	93.846	65	2	2	1844	1906	15536013	15535949	1.61e-18	97.1
NC_003076.8:20278613-20281984	NC_003076.8	93.750	64	2	2	1845	1906	7488977	7488914	5.80e-18	95.3
NC_003076.8:20278613-20281984	NC_003076.8	92.308	65	3	2	1844	1906	9866840	9866904	7.50e-17	91.6
NC_003076.8:20278613-20281984	NC_003076.8	92.188	64	3	2	1845	1906	15162255	15162318	2.70e-16	89.8
NC_003076.8:20278613-20281984	NC_003076.8	86.420	81	8	3	1845	1922	19153746	19153666	3.49e-15	86.1
NC_003076.8:20278613-20281984	NC_003076.8	97.959	49	1	0	2163	2211	26892276	26892324	3.49e-15	86.1
NC_003076.8:20278613-20281984	NC_003076.8	90.625	64	4	2	1845	1906	22020973	22021036	1.25e-14	84.2
NC_003076.8:20278613-20281984	NC_003076.8	89.394	66	5	2	1842	1905	17481148	17481213	4.51e-14	82.4
NC_003076.8:20278613-20281984	NC_003076.8	89.394	66	4	3	1843	1905	8280716	8280781	1.62e-13	80.5
NC_003076.8:20278613-20281984	NC_003070.9	92.844	1593	34	68	1	1527	13058823	13060401	0.0	2237
NC_003076.8:20278613-20281984	NC_003070.9	92.700	1589	33	61	1	1525	8114770	8116339	0.0	2215
NC_003076.8:20278613-20281984	NC_003070.9	92.642	1590	31	66	1	1527	9816210	9817776	0.0	2209
NC_003076.8:20278613-20281984	NC_003070.9	91.677	1586	39	64	1	1525	19995734	19994181	0.0	2111
NC_003076.8:20278613-20281984	NC_003070.9	91.299	1609	45	63	1	1525	7035191	7036788	0.0	2108
NC_003076.8:20278613-20281984	NC_003070.9	91.479	1596	43	68	1	1525	22449931	22451504	0.0	2108
NC_003076.8:20278613-20281984	NC_003070.9	91.413	1607	32	74	1	1525	26171480	26169898	0.0	2106
NC_003076.8:20278613-20281984	NC_003070.9	91.370	1599	27	66	1	1525	16903800	16905361	0.0	2085
NC_003076.8:20278613-20281984	NC_003070.9	91.154	1594	44	67	14	1525	30255510	30253932	0.0	2073
NC_003076.8:20278613-20281984	NC_003070.9	90.767	1603	38	69	1	1525	11737393	11735823	0.0	2039
NC_003076.8:20278613-20281984	NC_003070.9	90.598	1606	45	68	1	1525	17899863	17901443	0.0	2032
NC_003076.8:20278613-20281984	NC_003070.9	90.789	1585	36	77	1	1527	11699698	11701230	0.0	2017
NC_003076.8:20278613-20281984	NC_003070.9	94.370	1350	14	54	1	1299	12330053	12328715	0.0	2015
NC_003076.8:20278613-20281984	NC_003070.9	90.212	1604	45	67	1	1525	9867414	9865844	0.0	1989
NC_003076.8:20278613-20281984	NC_003070.9	94.009	1352	16	58	1	1299	30253107	30251768	0.0	1988
NC_003076.8:20278613-20281984	NC_003070.9	93.269	1352	25	58	1	1299	22994060	22992722	0.0	1932
NC_003076.8:20278613-20281984	NC_003070.9	91.766	1433	37	58	1	1380	501372	499968	0.0	1917
NC_003076.8:20278613-20281984	NC_003070.9	92.179	1253	30	51	322	1525	13017571	13016338	0.0	1709
NC_003076.8:20278613-20281984	NC_003070.9	91.766	1263	30	53	5	1199	19329256	19328000	0.0	1688
NC_003076.8:20278613-20281984	NC_003070.9	93.333	960	18	44	1	915	19061965	19062923	0.0	1376
NC_003076.8:20278613-20281984	NC_003070.9	90.631	1078	24	45	491	1527	18791324	18792365	0.0	1360
NC_003076.8:20278613-20281984	NC_003070.9	92.795	916	14	34	641	1525	15939781	15940675	0.0	1279
NC_003076.8:20278613-20281984	NC_003070.9	92.815	849	18	35	256	1068	19062923	19063764	0.0	1190
NC_003076.8:20278613-20281984	NC_003070.9	93.159	804	13	34	1	774	4785461	4786252	0.0	1142
NC_003076.8:20278613-20281984	NC_003070.9	92.262	840	11	38	1	787	12364135	12364973	0.0	1142
NC_003076.8:20278613-20281984	NC_003070.9	92.124	838	12	36	1	787	16824518	16825352	0.0	1133
NC_003076.8:20278613-20281984	NC_003070.9	92.024	840	13	36	1	787	23213666	23214504	0.0	1131
NC_003076.8:20278613-20281984	NC_003070.9	91.805	842	13	36	1	787	19466949	19466109	0.0	1122
NC_003076.8:20278613-20281984	NC_003070.9	91.418	839	20	41	1	787	12564081	12563243	0.0	1103
NC_003076.8:20278613-20281984	NC_003070.9	91.320	841	18	35	1	787	16325444	16326283	0.0	1098
NC_003076.8:20278613-20281984	NC_003070.9	86.111	972	54	52	1	897	16806989	16807954	0.0	972
NC_003076.8:20278613-20281984	NC_003070.9	92.615	650	13	22	898	1525	16998385	16997749	0.0	902
NC_003076.8:20278613-20281984	NC_003070.9	91.705	651	19	22	898	1525	12876772	12876134	0.0	870
NC_003076.8:20278613-20281984	NC_003070.9	91.499	647	20	23	900	1525	3413713	3414345	0.0	857
NC_003076.8:20278613-20281984	NC_003070.9	83.750	960	71	56	1	897	13262203	13261266	0.0	830
NC_003076.8:20278613-20281984	NC_003070.9	85.748	842	48	49	1	778	16806150	16806983	0.0	824
NC_003076.8:20278613-20281984	NC_003070.9	89.275	690	26	30	229	870	17552860	17552171	0.0	821
NC_003076.8:20278613-20281984	NC_003070.9	88.559	708	31	32	229	886	1977027	1976320	0.0	813
NC_003076.8:20278613-20281984	NC_003070.9	89.697	660	29	25	886	1525	28161182	28161822	0.0	806
NC_003076.8:20278613-20281984	NC_003070.9	88.260	707	32	33	229	886	29320592	29319888	0.0	798
NC_003076.8:20278613-20281984	NC_003070.9	88.501	687	32	34	241	880	19085236	19085922	0.0	787
NC_003076.8:20278613-20281984	NC_003070.9	87.694	707	37	32	229	886	6736003	6736708	0.0	778
NC_003076.8:20278613-20281984	NC_003070.9	92.157	561	22	17	1845	2388	26880721	26881276	0.0	773
NC_003076.8:20278613-20281984	NC_003070.9	87.988	691	32	34	241	886	12855856	12855172	0.0	769
NC_003076.8:20278613-20281984	NC_003070.9	88.047	686	35	32	241	880	19173665	19172981	0.0	769
NC_003076.8:20278613-20281984	NC_003070.9	91.696	566	22	20	1845	2388	23125693	23125131	0.0	761
NC_003076.8:20278613-20281984	NC_003070.9	91.637	562	24	18	1845	2388	27240719	27241275	0.0	756
NC_003076.8:20278613-20281984	NC_003070.9	91.312	564	24	18	1843	2388	16401005	16400449	0.0	747
NC_003076.8:20278613-20281984	NC_003070.9	90.813	566	26	21	1839	2388	5899761	5899206	0.0	734
NC_003076.8:20278613-20281984	NC_003070.9	90.636	566	27	21	1845	2388	12097456	12098017	0.0	728
NC_003076.8:20278613-20281984	NC_003070.9	87.842	658	29	33	229	839	2235029	2234376	0.0	725
NC_003076.8:20278613-20281984	NC_003070.9	91.039	558	18	24	989	1525	19769039	19768493	0.0	725
NC_003076.8:20278613-20281984	NC_003070.9	90.459	566	25	22	1841	2388	21918430	21918984	0.0	719
NC_003076.8:20278613-20281984	NC_003070.9	90.248	564	28	18	1844	2388	540988	540433	0.0	712
NC_003076.8:20278613-20281984	NC_003070.9	89.789	568	36	17	1842	2388	5862946	5863512	0.0	708
NC_003076.8:20278613-20281984	NC_003070.9	89.821	560	33	17	1845	2388	20205905	20205354	0.0	697
NC_003076.8:20278613-20281984	NC_003070.9	89.735	565	29	23	1844	2388	10591983	10591428	0.0	695
NC_003076.8:20278613-20281984	NC_003070.9	93.803	468	7	22	1	446	22622305	22621838	0.0	684
NC_003076.8:20278613-20281984	NC_003070.9	95.814	430	4	12	1232	1647	12328375	12327946	0.0	682
NC_003076.8:20278613-20281984	NC_003070.9	92.079	505	9	21	1041	1527	12563207	12562716	0.0	682
NC_003076.8:20278613-20281984	NC_003070.9	95.824	431	3	15	1232	1647	22992381	22991951	0.0	682
NC_003076.8:20278613-20281984	NC_003070.9	89.242	567	30	24	1844	2388	26511227	26510670	0.0	680
NC_003076.8:20278613-20281984	NC_003070.9	89.343	563	29	22	1845	2388	4770665	4770115	0.0	678
NC_003076.8:20278613-20281984	NC_003070.9	88.928	569	37	20	1845	2388	13495989	13495422	0.0	678
NC_003076.8:20278613-20281984	NC_003070.9	95.602	432	3	14	1232	1647	22621040	22620609	0.0	678
NC_003076.8:20278613-20281984	NC_003070.9	91.535	508	15	18	1035	1525	4786256	4786752	0.0	675
NC_003076.8:20278613-20281984	NC_003070.9	93.926	461	5	22	1	438	15939323	15939783	0.0	675
NC_003076.8:20278613-20281984	NC_003070.9	88.754	578	29	24	1846	2388	17502231	17502807	0.0	675
NC_003076.8:20278613-20281984	NC_003070.9	93.023	473	11	15	838	1299	22621842	22621381	0.0	671
NC_003076.8:20278613-20281984	NC_003070.9	89.435	549	33	18	1864	2388	25779690	25780237	0.0	669
NC_003076.8:20278613-20281984	NC_003070.9	91.468	504	13	19	1041	1525	12365009	12365501	0.0	665
NC_003076.8:20278613-20281984	NC_003070.9	91.016	512	12	19	1036	1525	16326311	16326810	0.0	660
NC_003076.8:20278613-20281984	NC_003070.9	88.360	567	42	19	1845	2388	21739641	21739076	0.0	660
NC_003076.8:20278613-20281984	NC_003070.9	90.998	511	12	20	1036	1525	23214532	23215029	0.0	658
NC_003076.8:20278613-20281984	NC_003070.9	88.652	564	33	20	1841	2388	29244137	29244685	0.0	658
NC_003076.8:20278613-20281984	NC_003070.9	91.089	505	14	20	1041	1525	16825388	16825881	0.0	654
NC_003076.8:20278613-20281984	NC_003070.9	91.235	502	13	18	1044	1525	19466071	19465581	0.0	654
NC_003076.8:20278613-20281984	NC_003070.9	88.530	558	38	19	1845	2388	22192007	22192552	0.0	652
NC_003076.8:20278613-20281984	NC_003070.9	94.639	429	8	15	1234	1647	30251425	30250997	0.0	651
NC_003076.8:20278613-20281984	NC_003070.9	88.298	564	31	28	1845	2388	10021962	10021414	0.0	643
NC_003076.8:20278613-20281984	NC_003070.9	87.809	566	35	23	1843	2388	19769022	19769573	9.93e-180	632
NC_003076.8:20278613-20281984	NC_003070.9	87.766	564	36	27	1845	2388	11804094	11803544	1.28e-178	628
NC_003076.8:20278613-20281984	NC_003070.9	87.148	568	47	23	1844	2388	13811467	13810903	2.15e-176	621
NC_003076.8:20278613-20281984	NC_003070.9	90.081	494	25	19	1844	2317	6219141	6218652	7.73e-176	619
NC_003076.8:20278613-20281984	NC_003070.9	89.817	491	27	16	1909	2386	10930990	10931470	1.67e-172	608
NC_003076.8:20278613-20281984	NC_003070.9	87.018	570	36	23	1843	2388	11732350	11732905	1.67e-172	608
NC_003076.8:20278613-20281984	NC_003070.9	87.407	540	45	20	1839	2357	4582990	4583527	1.01e-169	599
NC_003076.8:20278613-20281984	NC_003070.9	86.528	579	36	26	1845	2388	13869873	13870444	1.01e-169	599
NC_003076.8:20278613-20281984	NC_003070.9	87.431	541	38	26	1842	2358	588031	587497	1.30e-168	595
NC_003076.8:20278613-20281984	NC_003070.9	93.827	405	7	18	1	388	18790927	18791330	4.69e-168	593
NC_003076.8:20278613-20281984	NC_003070.9	86.583	559	32	26	1845	2386	10853200	10852668	4.72e-163	577
NC_003076.8:20278613-20281984	NC_003070.9	85.589	569	48	24	1840	2388	28891934	28891380	1.02e-159	566
NC_003076.8:20278613-20281984	NC_003070.9	85.664	572	34	23	1842	2388	24645516	24646064	1.71e-157	558
NC_003076.8:20278613-20281984	NC_003070.9	90.640	406	18	18	229	614	18746910	18746505	2.24e-146	521
NC_003076.8:20278613-20281984	NC_003070.9	85.130	538	47	24	1844	2366	2986893	2986374	8.07e-146	520
NC_003076.8:20278613-20281984	NC_003070.9	84.075	584	36	28	1844	2388	24718473	24719038	4.86e-143	510
NC_003076.8:20278613-20281984	NC_003070.9	87.472	439	33	20	1846	2263	2587832	2587395	8.18e-136	486
NC_003076.8:20278613-20281984	NC_003070.9	94.737	304	8	8	1232	1527	23876467	23876770	1.07e-129	466
NC_003076.8:20278613-20281984	NC_003070.9	86.553	409	21	17	511	886	23174140	23174547	8.42e-116	420
NC_003076.8:20278613-20281984	NC_003070.9	92.784	291	11	10	1247	1527	19063803	19064093	1.41e-113	412
NC_003076.8:20278613-20281984	NC_003070.9	94.922	256	4	9	1	248	25963257	25963003	1.84e-107	392
NC_003076.8:20278613-20281984	NC_003070.9	94.882	254	4	9	1	246	23554439	23554187	2.37e-106	388
NC_003076.8:20278613-20281984	NC_003070.9	95.436	241	4	7	1	235	3910601	3910362	5.14e-103	377
NC_003076.8:20278613-20281984	NC_003070.9	90.541	296	13	14	1267	1552	19328001	19327711	5.14e-103	377
NC_003076.8:20278613-20281984	NC_003070.9	92.913	254	3	13	1	248	8490194	8489950	2.41e-96	355
NC_003076.8:20278613-20281984	NC_003070.9	91.120	259	10	12	1	250	17552998	17552744	2.42e-91	339
NC_003076.8:20278613-20281984	NC_003070.9	90.734	259	11	12	1	250	14299842	14299588	1.13e-89	333
NC_003076.8:20278613-20281984	NC_003070.9	90.347	259	12	12	1	250	2235167	2234913	5.25e-88	327
NC_003076.8:20278613-20281984	NC_003070.9	91.667	240	9	7	2153	2388	2473131	2472899	2.44e-86	322
NC_003076.8:20278613-20281984	NC_003070.9	89.844	256	13	12	4	250	18747045	18746794	1.14e-84	316
NC_003076.8:20278613-20281984	NC_003070.9	91.489	235	10	5	2163	2388	21615530	21615297	4.09e-84	315
NC_003076.8:20278613-20281984	NC_003070.9	97.814	183	2	2	898	1078	22992564	22992382	4.09e-84	315
NC_003076.8:20278613-20281984	NC_003070.9	89.960	249	15	9	1	240	17009	17256	1.47e-83	313
NC_003076.8:20278613-20281984	NC_003070.9	96.721	183	4	2	898	1078	12328558	12328376	8.85e-81	303
NC_003076.8:20278613-20281984	NC_003070.9	96.721	183	4	2	898	1078	30251610	30251428	8.85e-81	303
NC_003076.8:20278613-20281984	NC_003070.9	96.175	183	5	2	898	1078	22621223	22621041	4.12e-79	298
NC_003076.8:20278613-20281984	NC_003070.9	88.755	249	18	10	1	240	3074944	3074697	1.48e-78	296
NC_003076.8:20278613-20281984	NC_003070.9	91.031	223	14	4	2163	2383	3251256	3251474	1.48e-78	296
NC_003076.8:20278613-20281984	NC_003070.9	89.958	239	11	5	2163	2388	20514335	20514573	1.48e-78	296
NC_003076.8:20278613-20281984	NC_003070.9	89.873	237	13	6	2163	2388	10579905	10580141	5.32e-78	294
NC_003076.8:20278613-20281984	NC_003070.9	89.873	237	13	6	2163	2388	11669593	11669357	5.32e-78	294
NC_003076.8:20278613-20281984	NC_003070.9	93.846	195	10	2	886	1078	23876272	23876466	1.91e-77	292
NC_003076.8:20278613-20281984	NC_003070.9	89.407	236	15	7	2163	2388	9418298	9418063	2.48e-76	289
NC_003076.8:20278613-20281984	NC_003070.9	89.362	235	16	5	2163	2388	21128636	21128870	8.91e-76	287
NC_003076.8:20278613-20281984	NC_003070.9	89.362	235	14	5	2163	2386	8622992	8622758	3.20e-75	285
NC_003076.8:20278613-20281984	NC_003070.9	89.030	237	15	7	2163	2388	20559836	20559600	1.15e-74	283
NC_003076.8:20278613-20281984	NC_003070.9	89.270	233	12	12	28	250	17255	17484	1.49e-73	279
NC_003076.8:20278613-20281984	NC_003070.9	91.748	206	7	4	2193	2388	9384365	9384160	5.36e-73	278
NC_003076.8:20278613-20281984	NC_003070.9	88.559	236	15	12	24	250	29320708	29320476	1.93e-72	276
NC_003076.8:20278613-20281984	NC_003070.9	88.186	237	14	6	2163	2388	696707	696474	8.97e-71	270
NC_003076.8:20278613-20281984	NC_003070.9	91.220	205	9	3	2193	2388	8539559	8539763	8.97e-71	270
NC_003076.8:20278613-20281984	NC_003070.9	87.160	257	10	15	1	250	19085099	19085339	8.97e-71	270
NC_003076.8:20278613-20281984	NC_003070.9	88.412	233	14	12	28	250	3074698	3074469	3.23e-70	268
NC_003076.8:20278613-20281984	NC_003070.9	90.777	206	9	4	2193	2388	18300475	18300270	1.16e-69	267
NC_003076.8:20278613-20281984	NC_003070.9	89.140	221	13	6	2163	2372	3762754	3762974	4.17e-69	265
NC_003076.8:20278613-20281984	NC_003070.9	86.275	255	17	13	1	250	12855993	12855752	5.40e-68	261
NC_003076.8:20278613-20281984	NC_003070.9	87.288	236	19	6	2163	2388	20166905	20166671	1.94e-67	259
NC_003076.8:20278613-20281984	NC_003070.9	90.722	194	10	6	2163	2349	14013607	14013415	3.25e-65	252
NC_003076.8:20278613-20281984	NC_003070.9	85.827	254	17	14	1	250	19173802	19173564	3.25e-65	252
NC_003076.8:20278613-20281984	NC_003070.9	85.098	255	19	14	1	250	8291571	8291331	1.96e-62	243
NC_003076.8:20278613-20281984	NC_003070.9	92.398	171	9	4	1844	2010	2473308	2473138	7.03e-62	241
NC_003076.8:20278613-20281984	NC_003070.9	91.160	181	7	5	2216	2388	12240731	12240910	9.10e-61	237
NC_003076.8:20278613-20281984	NC_003070.9	93.631	157	6	3	2235	2388	14012967	14012812	4.23e-59	231
NC_003076.8:20278613-20281984	NC_003070.9	89.503	181	11	4	2216	2388	13313697	13313517	2.55e-56	222
NC_003076.8:20278613-20281984	NC_003070.9	91.083	157	10	4	2235	2388	9918608	9918453	1.98e-52	209
NC_003076.8:20278613-20281984	NC_003070.9	91.613	155	8	4	2238	2388	21336374	21336527	1.98e-52	209
NC_003076.8:20278613-20281984	NC_003070.9	91.026	156	11	3	2236	2388	25358267	25358422	7.13e-52	207
NC_003076.8:20278613-20281984	NC_003070.9	90.506	158	11	3	2235	2388	8190402	8190559	2.57e-51	206
NC_003076.8:20278613-20281984	NC_003070.9	90.968	155	11	2	2237	2388	29078859	29079013	2.57e-51	206
NC_003076.8:20278613-20281984	NC_003070.9	90.446	157	12	2	2235	2388	12458098	12458254	9.23e-51	204
NC_003076.8:20278613-20281984	NC_003070.9	90.446	157	10	3	2237	2388	19741696	19741540	3.32e-50	202
NC_003076.8:20278613-20281984	NC_003070.9	89.937	159	10	5	2235	2388	2587989	2587832	1.19e-49	200
NC_003076.8:20278613-20281984	NC_003070.9	90.385	156	8	5	2238	2388	11174655	11174808	4.29e-49	198
NC_003076.8:20278613-20281984	NC_003070.9	91.156	147	10	2	2245	2388	10240050	10240196	1.54e-48	196
NC_003076.8:20278613-20281984	NC_003070.9	89.172	157	12	4	2235	2388	17605981	17606135	7.19e-47	191
NC_003076.8:20278613-20281984	NC_003070.9	89.172	157	12	4	2235	2388	20508991	20508837	7.19e-47	191
NC_003076.8:20278613-20281984	NC_003070.9	89.172	157	10	5	2235	2388	13879207	13879055	2.58e-46	189
NC_003076.8:20278613-20281984	NC_003070.9	88.961	154	6	7	2238	2388	16858777	16858632	1.56e-43	180
NC_003076.8:20278613-20281984	NC_003070.9	90.714	140	6	2	2163	2295	29774473	29774334	1.56e-43	180
NC_003076.8:20278613-20281984	NC_003070.9	87.261	157	16	3	2235	2388	12183560	12183405	2.01e-42	176
NC_003076.8:20278613-20281984	NC_003070.9	87.500	152	18	1	2236	2386	17632864	17633015	7.24e-42	174
NC_003076.8:20278613-20281984	NC_003070.9	87.742	155	8	7	2235	2386	26307357	26307503	9.36e-41	171
NC_003076.8:20278613-20281984	NC_003070.9	85.030	167	10	4	2237	2388	2587379	2587213	2.62e-36	156
NC_003076.8:20278613-20281984	NC_003070.9	88.189	127	11	4	2264	2388	12562353	12562229	4.39e-34	148
NC_003076.8:20278613-20281984	NC_003070.9	87.597	129	11	5	2262	2388	8489539	8489414	5.67e-33	145
NC_003076.8:20278613-20281984	NC_003070.9	87.500	128	12	4	2262	2388	11701603	11701727	5.67e-33	145
NC_003076.8:20278613-20281984	NC_003070.9	87.597	129	11	5	2262	2388	23553916	23553791	5.67e-33	145
NC_003076.8:20278613-20281984	NC_003070.9	87.402	127	12	4	2264	2388	16327179	16327303	2.04e-32	143
NC_003076.8:20278613-20281984	NC_003070.9	87.402	127	12	4	2264	2388	16826246	16826370	2.04e-32	143
NC_003076.8:20278613-20281984	NC_003070.9	87.402	127	12	4	2264	2388	19465214	19465090	2.04e-32	143
NC_003076.8:20278613-20281984	NC_003070.9	86.822	129	13	4	2262	2388	19064466	19064592	7.34e-32	141
NC_003076.8:20278613-20281984	NC_003070.9	86.614	127	13	4	2262	2386	9865470	9865346	9.49e-31	137
NC_003076.8:20278613-20281984	NC_003070.9	86.047	129	14	4	2262	2388	7037164	7037290	3.41e-30	135
NC_003076.8:20278613-20281984	NC_003070.9	92.708	96	3	4	1845	1936	8189961	8190056	3.41e-30	135
NC_003076.8:20278613-20281984	NC_003070.9	92.708	96	3	4	1845	1936	9919332	9919237	3.41e-30	135
NC_003076.8:20278613-20281984	NC_003070.9	87.097	124	11	5	2267	2388	13015971	13015851	3.41e-30	135
NC_003076.8:20278613-20281984	NC_003070.9	86.154	130	13	5	2261	2388	14308890	14308764	3.41e-30	135
NC_003076.8:20278613-20281984	NC_003070.9	86.154	130	12	6	2262	2388	18792738	18792864	3.41e-30	135
NC_003076.8:20278613-20281984	NC_003070.9	78.390	236	30	15	2163	2388	5437136	5436912	1.23e-29	134
NC_003076.8:20278613-20281984	NC_003070.9	86.047	129	13	5	2262	2388	22451880	22452005	1.23e-29	134
NC_003076.8:20278613-20281984	NC_003070.9	85.827	127	13	5	2265	2388	22992056	22991932	1.59e-28	130
NC_003076.8:20278613-20281984	NC_003070.9	85.827	127	13	5	2264	2388	25962588	25962465	1.59e-28	130
NC_003076.8:20278613-20281984	NC_003070.9	78.505	214	33	8	2176	2386	21602156	21601953	5.71e-28	128
NC_003076.8:20278613-20281984	NC_003070.9	85.039	127	14	5	2265	2388	12328051	12327927	7.39e-27	124
NC_003076.8:20278613-20281984	NC_003070.9	89.899	99	6	4	1842	1936	12993598	12993500	7.39e-27	124
NC_003076.8:20278613-20281984	NC_003070.9	85.039	127	14	5	2265	2388	22620714	22620590	7.39e-27	124
NC_003076.8:20278613-20281984	NC_003070.9	90.625	96	5	4	1845	1936	26306960	26307055	7.39e-27	124
NC_003076.8:20278613-20281984	NC_003070.9	85.039	127	14	5	2265	2388	30251102	30250978	7.39e-27	124
NC_003076.8:20278613-20281984	NC_003070.9	93.750	80	5	0	2	81	30251767	30251688	9.56e-26	121
NC_003076.8:20278613-20281984	NC_003070.9	92.683	82	4	2	1	81	12876928	12876848	1.24e-24	117
NC_003076.8:20278613-20281984	NC_003070.9	92.593	81	6	0	1	81	18790103	18790183	1.24e-24	117
NC_003076.8:20278613-20281984	NC_003070.9	88.119	101	7	5	1841	1936	19742142	19742042	4.45e-24	115
NC_003076.8:20278613-20281984	NC_003070.9	92.500	80	6	0	2	81	22992721	22992642	4.45e-24	115
NC_003076.8:20278613-20281984	NC_003070.9	86.239	109	9	6	1832	1935	12184004	12183897	1.60e-23	113
NC_003076.8:20278613-20281984	NC_003070.9	92.500	80	5	1	2	81	12328714	12328636	1.60e-23	113
NC_003076.8:20278613-20281984	NC_003070.9	91.463	82	5	2	1	81	3413553	3413633	5.75e-23	111
NC_003076.8:20278613-20281984	NC_003070.9	91.358	81	7	0	1	81	16998955	16998875	5.75e-23	111
NC_003076.8:20278613-20281984	NC_003070.9	87.755	98	9	3	1842	1936	17605547	17605644	5.75e-23	111
NC_003076.8:20278613-20281984	NC_003070.9	92.208	77	3	3	1844	1917	18766619	18766543	2.68e-21	106
NC_003076.8:20278613-20281984	NC_003070.9	89.535	86	6	3	4	89	22621378	22621296	2.68e-21	106
NC_003076.8:20278613-20281984	NC_003070.9	87.805	82	8	2	1	81	19724755	19724835	5.80e-18	95.3
NC_003076.8:20278613-20281984	NC_003070.9	91.304	69	3	3	1841	1906	6514471	6514539	7.50e-17	91.6
NC_003076.8:20278613-20281984	NC_003070.9	92.063	63	3	2	1845	1905	9385033	9384971	9.70e-16	87.9
NC_003076.8:20278613-20281984	NC_003070.9	92.063	63	3	2	1845	1905	18301142	18301080	9.70e-16	87.9
NC_003076.8:20278613-20281984	NC_003070.9	91.803	61	3	2	1845	1903	10579424	10579484	1.25e-14	84.2
NC_003076.8:20278613-20281984	NC_003070.9	89.394	66	4	3	1844	1906	12618637	12618702	1.62e-13	80.5
NC_003076.8:20278613-20281984	NC_003070.9	100.000	28	0	0	2361	2388	21103382	21103355	3.54e-05	52.8
NC_003076.8:20278613-20281984	NC_003075.7	92.880	1587	33	64	1	1525	5541389	5539821	0.0	2231
NC_003076.8:20278613-20281984	NC_003075.7	92.274	1592	37	68	1	1525	11360870	11362442	0.0	2180
NC_003076.8:20278613-20281984	NC_003075.7	92.138	1590	41	65	1	1525	1349585	1351155	0.0	2167
NC_003076.8:20278613-20281984	NC_003075.7	91.905	1606	35	65	1	1525	1002007	1000416	0.0	2158
NC_003076.8:20278613-20281984	NC_003075.7	91.992	1586	34	65	1	1525	8730453	8728900	0.0	2139
NC_003076.8:20278613-20281984	NC_003075.7	91.525	1593	33	71	1	1527	4146126	4147682	0.0	2100
NC_003076.8:20278613-20281984	NC_003075.7	90.981	1519	41	68	89	1525	8063697	8065201	0.0	1958
NC_003076.8:20278613-20281984	NC_003075.7	92.120	1269	25	48	1	1197	10397385	10396120	0.0	1720
NC_003076.8:20278613-20281984	NC_003075.7	94.534	805	13	30	1	774	16865070	16864266	0.0	1214
NC_003076.8:20278613-20281984	NC_003075.7	91.720	785	14	39	1	736	9763814	9763032	0.0	1042
NC_003076.8:20278613-20281984	NC_003075.7	91.476	786	14	37	1	736	9842608	9841826	0.0	1031
NC_003076.8:20278613-20281984	NC_003075.7	86.548	959	63	44	1	901	2622006	2621056	0.0	996
NC_003076.8:20278613-20281984	NC_003075.7	92.296	649	17	22	898	1525	11193412	11192776	0.0	891
NC_003076.8:20278613-20281984	NC_003075.7	91.692	650	21	23	898	1525	6166306	6165668	0.0	870
NC_003076.8:20278613-20281984	NC_003075.7	90.447	649	31	21	898	1525	371928	371290	0.0	826
NC_003076.8:20278613-20281984	NC_003075.7	88.778	704	30	37	229	884	314144	313442	0.0	817
NC_003076.8:20278613-20281984	NC_003075.7	88.418	708	29	35	229	886	7060559	7059855	0.0	804
NC_003076.8:20278613-20281984	NC_003075.7	88.389	689	31	32	241	880	9438922	9439610	0.0	784
NC_003076.8:20278613-20281984	NC_003075.7	90.636	566	30	20	1844	2388	1521256	1521819	0.0	730
NC_003076.8:20278613-20281984	NC_003075.7	90.088	565	33	20	1845	2388	6115341	6115903	0.0	712
NC_003076.8:20278613-20281984	NC_003075.7	92.126	508	12	18	1035	1525	16864262	16863766	0.0	691
NC_003076.8:20278613-20281984	NC_003075.7	89.104	569	41	17	1840	2388	572764	572197	0.0	688
NC_003076.8:20278613-20281984	NC_003075.7	88.441	571	41	19	1840	2388	5392287	5391720	0.0	665
NC_003076.8:20278613-20281984	NC_003075.7	88.732	568	31	25	1841	2388	9112134	9111580	0.0	664
NC_003076.8:20278613-20281984	NC_003075.7	89.700	534	34	16	1845	2359	824053	823522	0.0	662
NC_003076.8:20278613-20281984	NC_003075.7	88.042	577	31	26	1846	2388	14458283	14457711	0.0	649
NC_003076.8:20278613-20281984	NC_003075.7	87.943	564	41	20	1842	2388	6340025	6339472	0.0	640
NC_003076.8:20278613-20281984	NC_003075.7	87.034	563	37	21	1844	2388	15442195	15441651	7.79e-171	603
NC_003076.8:20278613-20281984	NC_003075.7	89.091	495	32	18	1841	2315	6660983	6661475	1.30e-168	595
NC_003076.8:20278613-20281984	NC_003075.7	86.833	562	37	23	1845	2388	12365606	12365064	4.69e-168	593
NC_003076.8:20278613-20281984	NC_003075.7	86.159	578	39	27	1845	2388	12607047	12606477	7.84e-166	586
NC_003076.8:20278613-20281984	NC_003075.7	86.549	565	33	25	1845	2388	8947760	8947218	1.01e-164	582
NC_003076.8:20278613-20281984	NC_003075.7	90.617	405	18	18	229	613	6178585	6178989	8.07e-146	520
NC_003076.8:20278613-20281984	NC_003075.7	94.389	303	8	9	1232	1525	683555	683857	6.42e-127	457
NC_003076.8:20278613-20281984	NC_003075.7	90.598	351	14	16	1187	1527	965055	964714	3.86e-124	448
NC_003076.8:20278613-20281984	NC_003075.7	92.260	323	10	10	886	1196	965653	965334	5.00e-123	444
NC_003076.8:20278613-20281984	NC_003075.7	87.798	377	21	24	1	356	3898130	3897758	3.03e-115	418
NC_003076.8:20278613-20281984	NC_003075.7	90.850	306	16	8	2091	2386	2553644	2553947	1.10e-109	399
NC_003076.8:20278613-20281984	NC_003075.7	95.669	254	2	9	1	246	7853533	7853281	1.10e-109	399
NC_003076.8:20278613-20281984	NC_003075.7	92.910	268	9	9	1268	1525	10396119	10395852	3.97e-104	381
NC_003076.8:20278613-20281984	NC_003075.7	89.883	257	17	9	1	250	5354114	5354368	2.44e-86	322
NC_003076.8:20278613-20281984	NC_003075.7	89.615	260	13	13	1	249	6178448	6178704	3.16e-85	318
NC_003076.8:20278613-20281984	NC_003075.7	89.231	260	15	12	1	250	5354476	5354732	1.47e-83	313
NC_003076.8:20278613-20281984	NC_003075.7	89.189	259	15	12	1	250	7060698	7060444	5.29e-83	311
NC_003076.8:20278613-20281984	NC_003075.7	94.388	196	9	2	886	1079	683359	683554	1.14e-79	300
NC_003076.8:20278613-20281984	NC_003075.7	90.213	235	10	6	2163	2388	9193138	9193368	5.32e-78	294
NC_003076.8:20278613-20281984	NC_003075.7	89.540	239	12	7	2163	2388	8899727	8899965	6.89e-77	291
NC_003076.8:20278613-20281984	NC_003075.7	89.362	235	15	6	2163	2388	6243586	6243819	8.91e-76	287
NC_003076.8:20278613-20281984	NC_003075.7	87.109	256	14	10	1	249	314269	314026	2.49e-71	272
NC_003076.8:20278613-20281984	NC_003075.7	91.220	205	8	4	2193	2388	6168558	6168355	8.97e-71	270
NC_003076.8:20278613-20281984	NC_003075.7	86.809	235	21	6	2163	2388	17501973	17502206	9.04e-66	254
NC_003076.8:20278613-20281984	NC_003075.7	86.498	237	19	9	2163	2388	7231369	7231603	4.20e-64	248
NC_003076.8:20278613-20281984	NC_003075.7	85.375	253	13	14	1	250	6279022	6279253	7.03e-62	241
NC_003076.8:20278613-20281984	NC_003075.7	84.884	258	14	17	1	250	9438785	9439025	9.10e-61	237
NC_003076.8:20278613-20281984	NC_003075.7	89.175	194	13	4	2163	2348	8820042	8819849	3.27e-60	235
NC_003076.8:20278613-20281984	NC_003075.7	92.357	157	9	3	2235	2388	6426773	6426617	9.16e-56	220
NC_003076.8:20278613-20281984	NC_003075.7	95.522	134	2	4	1	131	8063577	8063709	5.52e-53	211
NC_003076.8:20278613-20281984	NC_003075.7	91.083	157	11	2	2235	2388	7906212	7906368	1.98e-52	209
NC_003076.8:20278613-20281984	NC_003075.7	91.892	148	8	3	2244	2388	13124015	13123869	9.23e-51	204
NC_003076.8:20278613-20281984	NC_003075.7	89.308	159	11	5	2235	2388	7155219	7155376	5.55e-48	195
NC_003076.8:20278613-20281984	NC_003075.7	92.754	138	5	4	2163	2295	12699153	12699290	5.55e-48	195
NC_003076.8:20278613-20281984	NC_003075.7	89.610	154	12	4	2238	2388	6895100	6894948	2.00e-47	193
NC_003076.8:20278613-20281984	NC_003075.7	88.535	157	15	2	2235	2388	6414210	6414054	9.29e-46	187
NC_003076.8:20278613-20281984	NC_003075.7	88.961	154	6	5	2238	2388	964008	963863	1.56e-43	180
NC_003076.8:20278613-20281984	NC_003075.7	89.189	148	11	4	2244	2388	9146878	9147023	1.56e-43	180
NC_003076.8:20278613-20281984	NC_003075.7	86.395	147	9	4	2243	2386	7652989	7653127	1.22e-34	150
NC_003076.8:20278613-20281984	NC_003075.7	87.597	129	13	3	2262	2388	4148055	4148182	1.58e-33	147
NC_003076.8:20278613-20281984	NC_003075.7	87.597	129	12	4	2262	2388	8065578	8065704	1.58e-33	147
NC_003076.8:20278613-20281984	NC_003075.7	86.822	129	13	4	2262	2388	370914	370788	7.34e-32	141
NC_003076.8:20278613-20281984	NC_003075.7	86.923	130	11	6	2262	2388	11192401	11192275	7.34e-32	141
NC_003076.8:20278613-20281984	NC_003075.7	87.597	129	7	6	2238	2365	12968039	12967919	7.34e-32	141
NC_003076.8:20278613-20281984	NC_003075.7	86.822	129	13	4	2262	2388	16863389	16863263	7.34e-32	141
NC_003076.8:20278613-20281984	NC_003075.7	86.822	129	12	5	2262	2388	684233	684358	2.64e-31	139
NC_003076.8:20278613-20281984	NC_003075.7	92.708	96	3	4	1845	1936	7154779	7154874	3.41e-30	135
NC_003076.8:20278613-20281984	NC_003075.7	90.000	100	6	4	1841	1936	6427220	6427121	2.06e-27	126
NC_003076.8:20278613-20281984	NC_003075.7	93.902	82	3	2	1	81	2520884	2520964	2.66e-26	122
NC_003076.8:20278613-20281984	NC_003075.7	89.000	100	8	3	1840	1936	7652559	7652658	9.56e-26	121
NC_003076.8:20278613-20281984	NC_003075.7	86.607	112	9	5	1845	1950	2040107	2040218	3.44e-25	119
NC_003076.8:20278613-20281984	NC_003075.7	91.111	90	4	4	1844	1929	7905770	7905859	3.44e-25	119
NC_003076.8:20278613-20281984	NC_003075.7	89.796	98	3	5	1430	1520	8802408	8802505	3.44e-25	119
NC_003076.8:20278613-20281984	NC_003075.7	92.593	81	6	0	1	81	683213	683293	1.24e-24	117
NC_003076.8:20278613-20281984	NC_003075.7	91.358	81	7	0	1	81	372086	372006	5.75e-23	111
NC_003076.8:20278613-20281984	NC_003075.7	92.308	78	6	0	4	81	11193567	11193490	5.75e-23	111
NC_003076.8:20278613-20281984	NC_003075.7	87.000	100	8	5	1841	1936	12968442	12968344	7.44e-22	108
NC_003076.8:20278613-20281984	NC_003075.7	94.203	69	4	0	2163	2231	7572220	7572288	2.68e-21	106
NC_003076.8:20278613-20281984	NC_003075.7	90.123	81	8	0	1	81	14390988	14390908	2.68e-21	106
NC_003076.8:20278613-20281984	NC_003075.7	96.825	63	1	1	2163	2224	1100911	1100973	9.63e-21	104
NC_003076.8:20278613-20281984	NC_003075.7	87.654	81	10	0	1	81	6166464	6166384	5.80e-18	95.3
NC_003076.8:20278613-20281984	NC_003075.7	85.263	95	10	4	2296	2388	14390354	14390262	5.80e-18	95.3
NC_003076.8:20278613-20281984	NC_003075.7	92.188	64	3	2	1844	1905	6169230	6169167	2.70e-16	89.8
NC_003076.8:20278613-20281984	NC_003075.7	92.188	64	3	2	1845	1906	7230735	7230798	2.70e-16	89.8
NC_003076.8:20278613-20281984	NC_003075.7	92.308	65	2	3	1845	1906	8899077	8899141	2.70e-16	89.8
NC_003076.8:20278613-20281984	NC_003075.7	92.188	64	3	2	1844	1905	9192542	9192605	2.70e-16	89.8
NC_003076.8:20278613-20281984	NC_003075.7	92.063	63	3	2	1845	1905	7384282	7384220	9.70e-16	87.9
NC_003076.8:20278613-20281984	NC_003075.7	89.062	64	5	2	1845	1906	1199585	1199522	5.84e-13	78.7
NC_003076.8:20278613-20281984	NC_003075.7	89.796	49	3	2	2342	2388	3359186	3359234	5.88e-08	62.1
NC_003076.8:20278613-20281984	NC_003071.7	92.790	1595	28	67	1	1527	17255233	17253658	0.0	2228
NC_003076.8:20278613-20281984	NC_003071.7	92.332	1591	38	63	1	1525	499985	501557	0.0	2185
NC_003076.8:20278613-20281984	NC_003071.7	91.900	1605	38	62	1	1525	13266915	13268507	0.0	2159
NC_003076.8:20278613-20281984	NC_003071.7	91.749	1612	28	76	1	1525	11287161	11285568	0.0	2143
NC_003076.8:20278613-20281984	NC_003071.7	91.987	1585	35	65	1	1525	13908721	13907169	0.0	2139
NC_003076.8:20278613-20281984	NC_003071.7	91.377	1612	40	75	1	1525	12800994	12802593	0.0	2115
NC_003076.8:20278613-20281984	NC_003071.7	91.285	1595	36	67	1	1527	12094425	12092866	0.0	2080
NC_003076.8:20278613-20281984	NC_003071.7	91.045	1608	37	69	1	1525	6925377	6923794	0.0	2073
NC_003076.8:20278613-20281984	NC_003071.7	91.689	1480	39	67	109	1525	396544	395086	0.0	1975
NC_003076.8:20278613-20281984	NC_003071.7	92.396	1394	31	57	1	1339	13338077	13336704	0.0	1917
NC_003076.8:20278613-20281984	NC_003071.7	90.884	1426	48	57	1	1371	707442	708840	0.0	1838
NC_003076.8:20278613-20281984	NC_003071.7	93.895	1032	18	43	1	987	7154736	7153705	0.0	1515
NC_003076.8:20278613-20281984	NC_003071.7	91.905	840	15	37	1	787	14333785	14334624	0.0	1125
NC_003076.8:20278613-20281984	NC_003071.7	91.082	841	20	36	1	787	542308	543147	0.0	1086
NC_003076.8:20278613-20281984	NC_003071.7	89.250	707	27	31	229	886	12556068	12555362	0.0	839
NC_003076.8:20278613-20281984	NC_003071.7	90.798	652	19	27	898	1527	7814534	7813902	0.0	833
NC_003076.8:20278613-20281984	NC_003071.7	90.154	650	32	20	898	1527	7169367	7168730	0.0	817
NC_003076.8:20278613-20281984	NC_003071.7	89.051	685	26	30	235	870	10468943	10468259	0.0	804
NC_003076.8:20278613-20281984	NC_003071.7	88.277	708	32	33	229	886	1460787	1460081	0.0	800
NC_003076.8:20278613-20281984	NC_003071.7	91.944	571	22	19	1836	2388	6207159	6206595	0.0	778
NC_003076.8:20278613-20281984	NC_003071.7	90.973	565	28	18	1845	2388	5037751	5038313	0.0	739
NC_003076.8:20278613-20281984	NC_003071.7	88.300	641	28	27	229	822	19196619	19195979	0.0	725
NC_003076.8:20278613-20281984	NC_003071.7	90.300	567	31	17	1845	2388	2138820	2139385	0.0	721
NC_003076.8:20278613-20281984	NC_003071.7	90.409	563	27	19	1845	2388	4025413	4025967	0.0	715
NC_003076.8:20278613-20281984	NC_003071.7	90.942	552	19	21	994	1525	6663080	6663620	0.0	713
NC_003076.8:20278613-20281984	NC_003071.7	96.970	429	0	13	1232	1647	4024543	4024971	0.0	708
NC_003076.8:20278613-20281984	NC_003071.7	89.613	568	29	22	1845	2388	7340381	7340942	0.0	695
NC_003076.8:20278613-20281984	NC_003071.7	87.087	635	38	41	225	829	11399241	11398621	0.0	678
NC_003076.8:20278613-20281984	NC_003071.7	88.889	567	39	20	1845	2388	5010652	5010087	0.0	676
NC_003076.8:20278613-20281984	NC_003071.7	89.381	565	22	26	1038	1580	14334657	14335205	0.0	676
NC_003076.8:20278613-20281984	NC_003071.7	89.204	565	28	25	1844	2388	13101809	13102360	0.0	675
NC_003076.8:20278613-20281984	NC_003071.7	89.065	567	23	23	229	756	6099666	6100232	0.0	667
NC_003076.8:20278613-20281984	NC_003071.7	88.850	565	31	24	1841	2386	9226029	9225478	0.0	665
NC_003076.8:20278613-20281984	NC_003071.7	91.016	512	13	20	1036	1525	543175	543675	0.0	660
NC_003076.8:20278613-20281984	NC_003071.7	88.652	564	31	23	1845	2388	12556654	12557204	0.0	656
NC_003076.8:20278613-20281984	NC_003071.7	94.664	431	8	15	1232	1647	980276	979846	0.0	654
NC_003076.8:20278613-20281984	NC_003071.7	88.530	558	39	17	1852	2388	1596926	1597479	0.0	652
NC_003076.8:20278613-20281984	NC_003071.7	91.340	485	11	20	1062	1527	6803425	6803897	2.76e-180	634
NC_003076.8:20278613-20281984	NC_003071.7	88.014	559	36	16	1845	2388	9229179	9228637	9.93e-180	632
NC_003076.8:20278613-20281984	NC_003071.7	87.788	565	34	24	1839	2383	13885925	13886474	1.28e-178	628
NC_003076.8:20278613-20281984	NC_003071.7	89.105	514	31	20	1863	2353	17147641	17147130	1.00e-174	616
NC_003076.8:20278613-20281984	NC_003071.7	87.211	563	37	21	1844	2388	19623101	19623646	1.67e-172	608
NC_003076.8:20278613-20281984	NC_003071.7	89.495	495	31	17	1843	2317	19172670	19172177	6.02e-172	606
NC_003076.8:20278613-20281984	NC_003071.7	86.856	563	38	21	1844	2388	1670335	1669791	3.62e-169	597
NC_003076.8:20278613-20281984	NC_003071.7	85.565	575	39	29	1844	2388	9860515	9859955	1.32e-158	562
NC_003076.8:20278613-20281984	NC_003071.7	85.243	576	44	26	1846	2388	1409588	1410155	2.21e-156	555
NC_003076.8:20278613-20281984	NC_003071.7	84.832	567	46	24	1844	2388	15134224	15134772	2.88e-150	534
NC_003076.8:20278613-20281984	NC_003071.7	91.282	390	13	15	1147	1525	13336704	13336325	1.35e-143	512
NC_003076.8:20278613-20281984	NC_003071.7	85.996	507	37	21	1844	2334	19243136	19242648	1.35e-143	512
NC_003076.8:20278613-20281984	NC_003071.7	90.736	367	13	15	1169	1525	7960700	7961055	8.24e-131	470
NC_003076.8:20278613-20281984	NC_003071.7	94.702	302	7	9	1232	1525	6101035	6100735	4.96e-128	460
NC_003076.8:20278613-20281984	NC_003071.7	94.040	302	9	9	1233	1525	7112126	7112427	1.07e-124	449
NC_003076.8:20278613-20281984	NC_003071.7	86.628	344	28	13	2060	2388	4305950	4306290	4.00e-99	364
NC_003076.8:20278613-20281984	NC_003071.7	90.734	259	13	10	1	249	11399377	11399120	3.14e-90	335
NC_003076.8:20278613-20281984	NC_003071.7	90.661	257	13	11	1	250	6099530	6099782	4.06e-89	331
NC_003076.8:20278613-20281984	NC_003071.7	90.347	259	12	12	1	250	19196757	19196503	5.25e-88	327
NC_003076.8:20278613-20281984	NC_003071.7	89.961	259	13	12	1	250	1460925	1460671	2.44e-86	322
NC_003076.8:20278613-20281984	NC_003071.7	96.429	196	5	2	886	1079	4024347	4024542	2.44e-86	322
NC_003076.8:20278613-20281984	NC_003071.7	91.057	246	9	11	13	250	5843961	5843721	8.78e-86	320
NC_003076.8:20278613-20281984	NC_003071.7	89.844	256	16	5	886	1133	7959937	7960190	8.78e-86	320
NC_003076.8:20278613-20281984	NC_003071.7	89.189	259	16	11	1	250	6084090	6084345	1.47e-83	313
NC_003076.8:20278613-20281984	NC_003071.7	91.102	236	10	6	2164	2388	10996418	10996183	1.90e-82	309
NC_003076.8:20278613-20281984	NC_003071.7	89.147	258	13	12	1	250	6384054	6383804	6.84e-82	307
NC_003076.8:20278613-20281984	NC_003071.7	94.924	197	8	2	886	1080	7111929	7112125	6.84e-82	307
NC_003076.8:20278613-20281984	NC_003071.7	90.295	237	12	6	2163	2388	1322206	1321970	1.14e-79	300
NC_003076.8:20278613-20281984	NC_003071.7	89.873	237	12	6	2164	2388	1383789	1383553	5.32e-78	294
NC_003076.8:20278613-20281984	NC_003071.7	95.628	183	6	2	898	1078	980459	980277	1.91e-77	292
NC_003076.8:20278613-20281984	NC_003071.7	89.407	236	15	6	2163	2388	3197853	3197618	2.48e-76	289
NC_003076.8:20278613-20281984	NC_003071.7	90.909	220	10	10	1845	2056	9433091	9433308	8.91e-76	287
NC_003076.8:20278613-20281984	NC_003071.7	95.531	179	6	2	903	1079	6101214	6101036	3.20e-75	285
NC_003076.8:20278613-20281984	NC_003071.7	91.262	206	7	5	2193	2388	1038253	1038049	8.97e-71	270
NC_003076.8:20278613-20281984	NC_003071.7	90.821	207	8	5	2193	2388	2320728	2320934	1.16e-69	267
NC_003076.8:20278613-20281984	NC_003071.7	86.328	256	13	15	1	250	5467004	5466765	1.94e-67	259
NC_003076.8:20278613-20281984	NC_003071.7	92.486	173	4	9	1362	1525	709400	709572	2.53e-61	239
NC_003076.8:20278613-20281984	NC_003071.7	87.736	212	12	10	2163	2369	9455967	9456169	3.27e-60	235
NC_003076.8:20278613-20281984	NC_003071.7	92.357	157	9	2	2235	2388	7351391	7351547	9.16e-56	220
NC_003076.8:20278613-20281984	NC_003071.7	91.720	157	10	2	2235	2388	7178859	7179015	4.26e-54	215
NC_003076.8:20278613-20281984	NC_003071.7	92.466	146	7	4	2246	2388	9311474	9311618	2.57e-51	206
NC_003076.8:20278613-20281984	NC_003071.7	90.506	158	9	5	2236	2388	4758257	4758101	9.23e-51	204
NC_003076.8:20278613-20281984	NC_003071.7	90.446	157	9	4	2238	2388	826118	826274	3.32e-50	202
NC_003076.8:20278613-20281984	NC_003071.7	89.172	157	13	3	2235	2388	11597724	11597879	2.00e-47	193
NC_003076.8:20278613-20281984	NC_003071.7	92.086	139	5	3	2163	2295	10070310	10070172	7.19e-47	191
NC_003076.8:20278613-20281984	NC_003071.7	91.429	140	5	4	2163	2295	8173489	8173628	3.34e-45	185
NC_003076.8:20278613-20281984	NC_003071.7	89.172	157	6	7	2235	2388	8907848	8907996	3.34e-45	185
NC_003076.8:20278613-20281984	NC_003071.7	91.304	138	5	3	2163	2293	9030463	9030600	4.32e-44	182
NC_003076.8:20278613-20281984	NC_003071.7	90.714	140	6	2	2163	2295	1347424	1347285	1.56e-43	180
NC_003076.8:20278613-20281984	NC_003071.7	82.553	235	10	9	2163	2388	9585143	9585355	5.59e-43	178
NC_003076.8:20278613-20281984	NC_003071.7	88.312	154	7	7	2238	2388	9891391	9891246	7.24e-42	174
NC_003076.8:20278613-20281984	NC_003071.7	93.860	114	6	1	2	115	6101375	6101263	9.36e-41	171
NC_003076.8:20278613-20281984	NC_003071.7	87.662	154	8	7	2238	2388	17992689	17992544	3.37e-40	169
NC_003076.8:20278613-20281984	NC_003071.7	90.323	124	11	1	886	1008	3564527	3564650	5.63e-38	161
NC_003076.8:20278613-20281984	NC_003071.7	89.474	133	7	3	2163	2295	14572548	14572673	5.63e-38	161
NC_003076.8:20278613-20281984	NC_003071.7	94.286	105	5	1	898	1001	3213196	3213092	2.03e-37	159
NC_003076.8:20278613-20281984	NC_003071.7	89.062	128	12	2	2263	2388	1242847	1242974	7.29e-37	158
NC_003076.8:20278613-20281984	NC_003071.7	88.462	130	11	4	2261	2388	3212452	3212325	9.43e-36	154
NC_003076.8:20278613-20281984	NC_003071.7	88.462	130	11	4	2261	2388	11285242	11285115	9.43e-36	154
NC_003076.8:20278613-20281984	NC_003071.7	89.831	118	11	1	886	1002	6661107	6661224	1.22e-34	150
NC_003076.8:20278613-20281984	NC_003071.7	92.308	104	2	6	1430	1527	3564663	3564766	2.04e-32	143
NC_003076.8:20278613-20281984	NC_003071.7	86.047	129	14	4	2262	2388	6663995	6664121	3.41e-30	135
NC_003076.8:20278613-20281984	NC_003071.7	86.047	129	13	5	2262	2388	7112803	7112928	1.23e-29	134
NC_003076.8:20278613-20281984	NC_003071.7	93.827	81	5	0	1	81	3213354	3213274	2.66e-26	122
NC_003076.8:20278613-20281984	NC_003071.7	93.827	81	4	1	1	81	7111784	7111863	9.56e-26	121
NC_003076.8:20278613-20281984	NC_003071.7	84.921	126	10	6	2193	2311	11909052	11908929	3.44e-25	119
NC_003076.8:20278613-20281984	NC_003071.7	91.111	90	3	5	1	89	2962805	2962720	1.24e-24	117
NC_003076.8:20278613-20281984	NC_003071.7	91.765	85	5	2	1	85	3564382	3564464	1.24e-24	117
NC_003076.8:20278613-20281984	NC_003071.7	92.593	81	6	0	1	81	4024201	4024281	1.24e-24	117
NC_003076.8:20278613-20281984	NC_003071.7	90.909	88	6	2	1	88	7814691	7814606	1.24e-24	117
NC_003076.8:20278613-20281984	NC_003071.7	93.590	78	3	2	1	77	7169524	7169448	4.45e-24	115
NC_003076.8:20278613-20281984	NC_003071.7	83.465	127	15	6	2265	2388	4024867	4024990	1.60e-23	113
NC_003076.8:20278613-20281984	NC_003071.7	91.358	81	7	0	1	81	980617	980537	5.75e-23	111
NC_003076.8:20278613-20281984	NC_003071.7	95.588	68	3	0	26	93	12555280	12555213	2.07e-22	110
NC_003076.8:20278613-20281984	NC_003071.7	92.208	77	5	1	898	973	2962647	2962571	7.44e-22	108
NC_003076.8:20278613-20281984	NC_003071.7	91.139	79	4	2	2313	2388	11908954	11908876	9.63e-21	104
NC_003076.8:20278613-20281984	NC_003071.7	93.651	63	2	2	1845	1905	6901191	6901253	2.08e-17	93.5
NC_003076.8:20278613-20281984	NC_003071.7	92.188	64	3	2	1845	1906	1322856	1322793	2.70e-16	89.8
NC_003076.8:20278613-20281984	NC_003071.7	92.188	64	3	2	1845	1906	3198502	3198439	2.70e-16	89.8
NC_003076.8:20278613-20281984	NC_003071.7	92.063	63	3	2	1845	1905	9029807	9029869	9.70e-16	87.9
NC_003076.8:20278613-20281984	NC_003071.7	89.552	67	5	2	1841	1905	10070968	10070902	1.25e-14	84.2
NC_003076.8:20278613-20281984	NC_003071.7	89.394	66	4	2	2323	2386	10070166	10070102	1.62e-13	80.5
NC_003076.8:20278613-20281984	NC_003071.7	88.710	62	5	2	1846	1905	2320063	2320124	7.55e-12	75.0
NC_003076.8:20278613-20281984	NC_003071.7	100.000	38	0	0	2163	2200	9311421	9311458	9.77e-11	71.3
NC_003076.8:20278613-20281984	NC_003071.7	87.302	63	6	2	1845	1905	11909720	11909658	9.77e-11	71.3
NC_003076.8:20278613-20281984	NC_003071.7	81.481	81	13	2	2262	2341	6626757	6626678	4.54e-09	65.8
NC_003076.8:20278613-20281984	NC_003071.7	100.000	29	0	0	2360	2388	7177618	7177590	9.84e-06	54.7
NC_003076.8:20278613-20281984	NC_003074.8	92.651	1592	36	68	1	1525	15937286	15938863	0.0	2217
NC_003076.8:20278613-20281984	NC_003074.8	92.174	1610	29	66	1	1525	10821446	10819849	0.0	2185
NC_003076.8:20278613-20281984	NC_003074.8	92.138	1590	41	66	1	1525	17277814	17276244	0.0	2167
NC_003076.8:20278613-20281984	NC_003074.8	91.409	1583	43	63	1	1525	20786399	20787946	0.0	2084
NC_003076.8:20278613-20281984	NC_003074.8	90.426	1598	39	66	1	1525	11535844	11537400	0.0	1999
NC_003076.8:20278613-20281984	NC_003074.8	93.926	1350	20	54	1	1299	17301278	17299940	0.0	1982
NC_003076.8:20278613-20281984	NC_003074.8	90.284	1585	52	70	1	1525	22118613	22120155	0.0	1980
NC_003076.8:20278613-20281984	NC_003074.8	89.800	1598	37	79	1	1525	17144490	17142946	0.0	1932
NC_003076.8:20278613-20281984	NC_003074.8	90.952	1470	45	59	1	1415	5745923	5744487	0.0	1897
NC_003076.8:20278613-20281984	NC_003074.8	92.278	1036	23	39	490	1486	16562049	16563066	0.0	1417
NC_003076.8:20278613-20281984	NC_003074.8	93.812	808	16	33	1	774	16450786	16451593	0.0	1184
NC_003076.8:20278613-20281984	NC_003074.8	92.786	804	21	35	4	771	9386343	9385541	0.0	1129
NC_003076.8:20278613-20281984	NC_003074.8	90.811	838	14	43	1	787	17063229	17062404	0.0	1062
NC_003076.8:20278613-20281984	NC_003074.8	87.862	898	24	42	658	1527	15452793	15451953	0.0	976
NC_003076.8:20278613-20281984	NC_003074.8	88.335	823	38	47	1	787	7996636	7995836	0.0	935
NC_003076.8:20278613-20281984	NC_003074.8	88.413	794	32	41	164	901	18746356	18747145	0.0	902
NC_003076.8:20278613-20281984	NC_003074.8	85.363	936	51	59	1	886	16879751	16880650	0.0	891
NC_003076.8:20278613-20281984	NC_003074.8	91.377	661	26	22	886	1525	17776916	17777566	0.0	876
NC_003076.8:20278613-20281984	NC_003074.8	91.808	647	12	21	898	1525	11503603	11502979	0.0	863
NC_003076.8:20278613-20281984	NC_003074.8	90.923	661	23	25	886	1525	17730086	17730730	0.0	854
NC_003076.8:20278613-20281984	NC_003074.8	91.576	641	16	19	754	1373	9385005	9384382	0.0	850
NC_003076.8:20278613-20281984	NC_003074.8	90.909	649	20	28	898	1525	16419302	16419932	0.0	835
NC_003076.8:20278613-20281984	NC_003074.8	88.905	703	31	30	229	886	5622169	5622869	0.0	822
NC_003076.8:20278613-20281984	NC_003074.8	92.450	596	14	21	950	1525	10320599	10321183	0.0	822
NC_003076.8:20278613-20281984	NC_003074.8	88.543	707	31	32	229	886	9559544	9558839	0.0	811
NC_003076.8:20278613-20281984	NC_003074.8	88.511	705	33	30	229	886	20485002	20484299	0.0	809
NC_003076.8:20278613-20281984	NC_003074.8	83.143	961	63	67	1	897	9890049	9890974	0.0	785
NC_003076.8:20278613-20281984	NC_003074.8	89.368	649	23	27	898	1527	9767475	9766854	0.0	774
NC_003076.8:20278613-20281984	NC_003074.8	91.979	561	23	19	1845	2388	7766062	7766617	0.0	767
NC_003076.8:20278613-20281984	NC_003074.8	91.667	564	20	18	1845	2388	16405196	16405752	0.0	756
NC_003076.8:20278613-20281984	NC_003074.8	91.637	562	22	18	1845	2388	10708625	10709179	0.0	754
NC_003076.8:20278613-20281984	NC_003074.8	90.925	573	29	19	1837	2388	10405389	10405959	0.0	749
NC_003076.8:20278613-20281984	NC_003074.8	90.767	574	20	25	1847	2388	6729497	6728925	0.0	736
NC_003076.8:20278613-20281984	NC_003074.8	86.100	741	31	43	220	901	16173067	16172340	0.0	732
NC_003076.8:20278613-20281984	NC_003074.8	90.158	569	34	17	1841	2388	14057120	14057687	0.0	721
NC_003076.8:20278613-20281984	NC_003074.8	91.225	547	20	16	886	1417	11967799	11968332	0.0	719
NC_003076.8:20278613-20281984	NC_003074.8	90.088	565	34	17	1845	2388	19436871	19437434	0.0	713
NC_003076.8:20278613-20281984	NC_003074.8	85.675	733	39	41	229	897	3716481	3717211	0.0	712
NC_003076.8:20278613-20281984	NC_003074.8	90.071	564	34	19	1844	2388	23085530	23086090	0.0	712
NC_003076.8:20278613-20281984	NC_003074.8	90.036	562	34	18	1848	2388	11091000	11090440	0.0	708
NC_003076.8:20278613-20281984	NC_003074.8	85.836	706	38	43	229	886	1371038	1370347	0.0	693
NC_003076.8:20278613-20281984	NC_003074.8	89.279	569	36	19	1844	2388	3080592	3080025	0.0	689
NC_003076.8:20278613-20281984	NC_003074.8	89.123	570	40	18	1839	2388	16485875	16485308	0.0	689
NC_003076.8:20278613-20281984	NC_003074.8	89.873	553	32	22	1857	2388	18634492	18633943	0.0	689
NC_003076.8:20278613-20281984	NC_003074.8	89.502	562	33	20	1844	2388	10718346	10717794	0.0	688
NC_003076.8:20278613-20281984	NC_003074.8	96.047	430	3	14	1232	1647	17299598	17299169	0.0	688
NC_003076.8:20278613-20281984	NC_003074.8	91.667	516	12	19	1029	1525	16451587	16452090	0.0	686
NC_003076.8:20278613-20281984	NC_003074.8	88.927	587	21	21	1844	2388	19739756	19740340	0.0	684
NC_003076.8:20278613-20281984	NC_003074.8	88.985	581	25	19	1845	2388	10758580	10758002	0.0	682
NC_003076.8:20278613-20281984	NC_003074.8	89.324	562	32	21	1845	2388	17402552	17402001	0.0	680
NC_003076.8:20278613-20281984	NC_003074.8	88.948	561	37	19	1851	2388	16723678	16723120	0.0	669
NC_003076.8:20278613-20281984	NC_003074.8	88.576	569	39	20	1844	2388	5865863	5866429	0.0	667
NC_003076.8:20278613-20281984	NC_003074.8	91.287	505	13	20	1041	1525	7995800	7995307	0.0	660
NC_003076.8:20278613-20281984	NC_003074.8	91.071	504	15	19	1041	1525	17062368	17061876	0.0	654
NC_003076.8:20278613-20281984	NC_003074.8	88.298	564	33	24	1845	2388	7980633	7980083	0.0	645
NC_003076.8:20278613-20281984	NC_003074.8	87.279	566	34	23	1842	2388	11132199	11132745	1.29e-173	612
NC_003076.8:20278613-20281984	NC_003074.8	86.596	567	41	24	1840	2388	11315002	11315551	4.69e-168	593
NC_003076.8:20278613-20281984	NC_003074.8	93.612	407	8	18	1	389	16561654	16562060	1.69e-167	592
NC_003076.8:20278613-20281984	NC_003074.8	86.140	570	41	28	1845	2388	21552658	21552101	3.65e-164	580
NC_003076.8:20278613-20281984	NC_003074.8	85.900	539	38	24	1845	2366	423197	422680	6.19e-152	540
NC_003076.8:20278613-20281984	NC_003074.8	91.667	384	17	14	1845	2215	4579237	4579618	2.90e-145	518
NC_003076.8:20278613-20281984	NC_003074.8	88.318	428	10	16	1232	1647	1571708	1572107	4.93e-133	477
NC_003076.8:20278613-20281984	NC_003074.8	94.872	312	4	7	898	1197	15485591	15485280	4.93e-133	477
NC_003076.8:20278613-20281984	NC_003074.8	94.408	304	7	9	1232	1525	18412494	18412797	1.78e-127	459
NC_003076.8:20278613-20281984	NC_003074.8	94.079	304	8	9	1232	1525	18019121	18019424	8.30e-126	453
NC_003076.8:20278613-20281984	NC_003074.8	92.331	326	12	12	1232	1547	3965343	3965665	2.99e-125	451
NC_003076.8:20278613-20281984	NC_003074.8	93.399	303	11	9	1232	1525	13327776	13328078	6.46e-122	440
NC_003076.8:20278613-20281984	NC_003074.8	92.810	306	11	6	898	1192	10557188	10556883	1.08e-119	433
NC_003076.8:20278613-20281984	NC_003074.8	92.163	319	6	17	1	300	11200624	11200942	1.08e-119	433
NC_003076.8:20278613-20281984	NC_003074.8	91.562	320	15	7	898	1206	10575400	10575082	3.89e-119	431
NC_003076.8:20278613-20281984	NC_003074.8	87.500	384	30	12	2021	2388	15814110	15814491	5.03e-118	427
NC_003076.8:20278613-20281984	NC_003074.8	86.979	384	22	15	2020	2388	16235030	16234660	6.55e-112	407
NC_003076.8:20278613-20281984	NC_003074.8	94.424	269	6	9	1268	1527	15485279	15485011	2.36e-111	405
NC_003076.8:20278613-20281984	NC_003074.8	91.667	288	9	14	229	501	10862540	10862827	3.07e-105	385
NC_003076.8:20278613-20281984	NC_003074.8	93.750	256	7	9	1	248	18584738	18584992	1.85e-102	375
NC_003076.8:20278613-20281984	NC_003074.8	94.583	240	4	9	1295	1525	10556871	10556632	1.44e-98	363
NC_003076.8:20278613-20281984	NC_003074.8	94.421	233	6	7	1295	1520	10575083	10574851	3.11e-95	351
NC_003076.8:20278613-20281984	NC_003074.8	91.154	260	10	13	1	250	3716342	3716598	6.74e-92	340
NC_003076.8:20278613-20281984	NC_003074.8	89.961	259	15	10	1	249	17397300	17397043	6.79e-87	324
NC_003076.8:20278613-20281984	NC_003074.8	90.000	260	11	13	1	250	20485140	20484886	2.44e-86	322
NC_003076.8:20278613-20281984	NC_003074.8	89.844	256	14	11	4	250	9559680	9559428	3.16e-85	318
NC_003076.8:20278613-20281984	NC_003074.8	97.283	184	3	2	898	1079	17299782	17299599	5.29e-83	311
NC_003076.8:20278613-20281984	NC_003074.8	94.527	201	8	3	886	1084	1571511	1571710	6.84e-82	307
NC_003076.8:20278613-20281984	NC_003074.8	88.803	259	17	11	1	250	10862401	10862656	6.84e-82	307
NC_003076.8:20278613-20281984	NC_003074.8	92.273	220	9	5	2163	2379	8329280	8329494	2.46e-81	305
NC_003076.8:20278613-20281984	NC_003074.8	89.243	251	16	7	2142	2388	18885867	18885624	8.85e-81	303
NC_003076.8:20278613-20281984	NC_003074.8	90.295	237	12	6	2163	2388	11588873	11588637	1.14e-79	300
NC_003076.8:20278613-20281984	NC_003074.8	94.388	196	9	2	886	1079	13327580	13327775	1.14e-79	300
NC_003076.8:20278613-20281984	NC_003074.8	93.878	196	9	3	886	1078	3965147	3965342	1.91e-77	292
NC_003076.8:20278613-20281984	NC_003074.8	89.407	236	15	6	2163	2388	10901411	10901646	2.48e-76	289
NC_003076.8:20278613-20281984	NC_003074.8	92.718	206	5	4	2193	2388	20769804	20769599	2.48e-76	289
NC_003076.8:20278613-20281984	NC_003074.8	89.316	234	15	5	2163	2386	18495382	18495149	3.20e-75	285
NC_003076.8:20278613-20281984	NC_003074.8	88.936	235	16	5	2163	2388	6940832	6940599	4.14e-74	281
NC_003076.8:20278613-20281984	NC_003074.8	88.608	237	16	6	2163	2388	16678267	16678503	5.36e-73	278
NC_003076.8:20278613-20281984	NC_003074.8	92.040	201	11	5	886	1084	18412299	18412496	5.36e-73	278
NC_003076.8:20278613-20281984	NC_003074.8	90.323	217	12	6	2163	2370	18171177	18170961	1.93e-72	276
NC_003076.8:20278613-20281984	NC_003074.8	91.584	202	12	5	886	1085	18018926	18019124	6.94e-72	274
NC_003076.8:20278613-20281984	NC_003074.8	88.261	230	15	11	28	247	2630001	2629774	4.17e-69	265
NC_003076.8:20278613-20281984	NC_003074.8	87.660	235	13	7	2163	2388	16534644	16534417	1.94e-67	259
NC_003076.8:20278613-20281984	NC_003074.8	87.719	228	14	8	2163	2387	17209789	17209573	9.04e-66	254
NC_003076.8:20278613-20281984	NC_003074.8	85.214	257	18	15	1	250	20487142	20486899	1.51e-63	246
NC_003076.8:20278613-20281984	NC_003074.8	86.900	229	17	8	2163	2386	16902979	16903199	5.44e-63	244
NC_003076.8:20278613-20281984	NC_003074.8	91.720	157	10	2	2235	2388	8645183	8645339	4.26e-54	215
NC_003076.8:20278613-20281984	NC_003074.8	86.432	199	15	12	61	250	16879865	16880060	7.13e-52	207
NC_003076.8:20278613-20281984	NC_003074.8	93.103	145	3	7	1390	1527	5744483	5744339	2.57e-51	206
NC_003076.8:20278613-20281984	NC_003074.8	89.809	157	12	3	2235	2388	19521072	19521227	4.29e-49	198
NC_003076.8:20278613-20281984	NC_003074.8	90.789	152	6	5	2238	2388	10681536	10681392	1.54e-48	196
NC_003076.8:20278613-20281984	NC_003074.8	88.312	154	7	8	2238	2388	18172419	18172274	7.24e-42	174
NC_003076.8:20278613-20281984	NC_003074.8	89.286	140	8	3	2163	2295	4468266	4468405	3.37e-40	169
NC_003076.8:20278613-20281984	NC_003074.8	92.982	114	2	6	1418	1525	9384377	9384264	5.63e-38	161
NC_003076.8:20278613-20281984	NC_003074.8	88.372	129	11	4	2262	2388	13328456	13328582	3.39e-35	152
NC_003076.8:20278613-20281984	NC_003074.8	88.372	129	11	4	2262	2388	17142573	17142447	3.39e-35	152
NC_003076.8:20278613-20281984	NC_003074.8	91.743	109	6	3	1845	1950	7274660	7274768	4.39e-34	148
NC_003076.8:20278613-20281984	NC_003074.8	88.189	127	11	4	2264	2388	17061510	17061386	4.39e-34	148
NC_003076.8:20278613-20281984	NC_003074.8	87.500	128	12	4	2263	2388	18019802	18019927	5.67e-33	145
NC_003076.8:20278613-20281984	NC_003074.8	86.822	129	13	4	2262	2388	10574477	10574351	7.34e-32	141
NC_003076.8:20278613-20281984	NC_003074.8	86.822	129	12	5	2262	2388	17275868	17275743	2.64e-31	139
NC_003076.8:20278613-20281984	NC_003074.8	86.154	130	12	6	2262	2388	16563461	16563587	3.41e-30	135
NC_003076.8:20278613-20281984	NC_003074.8	85.385	130	15	4	2261	2388	3966020	3966147	4.42e-29	132
NC_003076.8:20278613-20281984	NC_003074.8	90.291	103	7	3	2287	2386	4579602	4579704	4.42e-29	132
NC_003076.8:20278613-20281984	NC_003074.8	85.714	126	14	4	2265	2388	1572003	1572126	1.59e-28	130
NC_003076.8:20278613-20281984	NC_003074.8	85.827	127	13	5	2265	2388	17299274	17299150	1.59e-28	130
NC_003076.8:20278613-20281984	NC_003074.8	95.122	82	2	2	1	81	18018781	18018861	5.71e-28	128
NC_003076.8:20278613-20281984	NC_003074.8	90.816	98	4	5	1844	1936	15918692	15918595	2.06e-27	126
NC_003076.8:20278613-20281984	NC_003074.8	95.062	81	2	2	2	81	17299939	17299860	2.06e-27	126
NC_003076.8:20278613-20281984	NC_003074.8	89.796	98	6	4	1842	1935	7659524	7659427	2.66e-26	122
NC_003076.8:20278613-20281984	NC_003074.8	93.827	81	5	0	1	81	13327434	13327514	2.66e-26	122
NC_003076.8:20278613-20281984	NC_003074.8	93.827	81	5	0	1	81	18412154	18412234	2.66e-26	122
NC_003076.8:20278613-20281984	NC_003074.8	94.872	78	3	1	37	114	10392129	10392205	9.56e-26	121
NC_003076.8:20278613-20281984	NC_003074.8	85.000	120	12	6	2272	2388	10321325	10321441	1.24e-24	117
NC_003076.8:20278613-20281984	NC_003074.8	91.765	85	6	1	1	85	16419144	16419227	1.24e-24	117
NC_003076.8:20278613-20281984	NC_003074.8	91.765	85	3	4	1845	1925	10082828	10082744	4.45e-24	115
NC_003076.8:20278613-20281984	NC_003074.8	98.438	64	1	0	1	64	10557346	10557283	1.60e-23	113
NC_003076.8:20278613-20281984	NC_003074.8	89.888	89	6	3	1	89	9767629	9767544	5.75e-23	111
NC_003076.8:20278613-20281984	NC_003074.8	91.358	81	7	0	1	81	11503761	11503681	5.75e-23	111
NC_003076.8:20278613-20281984	NC_003074.8	91.358	81	7	0	1	81	17729940	17730020	5.75e-23	111
NC_003076.8:20278613-20281984	NC_003074.8	93.056	72	2	3	1839	1907	16235715	16235644	3.46e-20	102
NC_003076.8:20278613-20281984	NC_003074.8	89.024	82	8	1	1	81	17776769	17776850	1.25e-19	100
NC_003076.8:20278613-20281984	NC_003074.8	93.750	64	2	2	1845	1906	16535294	16535231	5.80e-18	95.3
NC_003076.8:20278613-20281984	NC_003074.8	93.750	64	2	2	1845	1906	16677616	16677679	5.80e-18	95.3
NC_003076.8:20278613-20281984	NC_003074.8	93.651	63	2	2	1845	1905	20770464	20770402	2.08e-17	93.5
NC_003076.8:20278613-20281984	NC_003074.8	92.063	63	3	2	1845	1905	8596967	8596905	9.70e-16	87.9
NC_003076.8:20278613-20281984	NC_003074.8	92.063	63	3	2	1845	1905	19529023	19529085	9.70e-16	87.9
NC_003076.8:20278613-20281984	NC_003074.8	86.585	82	8	3	1844	1922	19537817	19537736	9.70e-16	87.9
NC_003076.8:20278613-20281984	NC_003074.8	91.803	61	3	2	1845	1903	16902332	16902392	1.25e-14	84.2
NC_003076.8:20278613-20281984	NC_003074.8	87.500	64	6	2	1845	1906	10900762	10900825	2.72e-11	73.1
NC_003076.8:20278613-20281984	NC_003074.8	91.304	46	2	2	2345	2388	4274975	4274930	5.88e-08	62.1
NC_003076.8:20278613-20281984	NC_003074.8	100.000	31	0	0	1845	1875	18172792	18172762	7.60e-07	58.4
NC_003076.8:20278613-20281984	NC_003074.8	96.970	33	0	1	1845	1876	9540459	9540491	9.84e-06	54.7
NC_003071.7:7022287-7023790	NC_003075.7	93.620	1630	49	41	1	1584	4499955	4501575	0.0	2383
NC_003071.7:7022287-7023790	NC_003075.7	88.871	629	32	18	1	616	7910811	7910208	0.0	739
NC_003071.7:7022287-7023790	NC_003075.7	83.042	401	50	15	356	746	5936778	5936386	2.66e-94	348
NC_003071.7:7022287-7023790	NC_003075.7	78.378	259	40	13	1066	1316	3361948	3362198	6.22e-36	154
NC_003071.7:7022287-7023790	NC_003075.7	85.556	90	9	3	1038	1123	5670837	5670926	4.94e-17	91.6
NC_003071.7:7022287-7023790	NC_003075.7	97.059	34	1	0	1064	1097	6504436	6504403	5.01e-07	58.4
NC_003071.7:7022287-7023790	NC_003075.7	81.333	75	9	5	1026	1097	5116070	5116142	1.80e-06	56.5
NC_003071.7:7022287-7023790	NC_003071.7	93.179	1598	51	44	1	1555	4022897	4021315	0.0	2294
NC_003071.7:7022287-7023790	NC_003071.7	90.523	1013	39	31	1	995	7022297	7023270	0.0	1286
NC_003071.7:7022287-7023790	NC_003071.7	95.619	525	17	6	1064	1584	7023267	7023789	0.0	837
NC_003071.7:7022287-7023790	NC_003071.7	84.434	212	30	3	1	209	637543	637754	1.69e-51	206
NC_003071.7:7022287-7023790	NC_003071.7	83.333	90	8	6	1015	1097	1367863	1367774	1.38e-12	76.8
NC_003071.7:7022287-7023790	NC_003071.7	78.899	109	12	10	1000	1097	2442678	2442570	1.08e-08	63.9
NC_003071.7:7022287-7023790	NC_003076.8	92.277	1269	50	39	1	1224	9840798	9839533	0.0	1757
NC_003071.7:7022287-7023790	NC_003076.8	76.284	662	92	51	473	1104	9178682	9178056	1.26e-77	292
NC_003071.7:7022287-7023790	NC_003076.8	82.222	90	9	7	1015	1097	13977718	13977807	6.44e-11	71.3
NC_003071.7:7022287-7023790	NC_003074.8	92.265	724	25	20	1	715	11695877	11695176	0.0	998
NC_003071.7:7022287-7023790	NC_003074.8	92.769	650	19	19	949	1584	11694827	11694192	0.0	915
NC_003071.7:7022287-7023790	NC_003074.8	89.583	144	3	9	956	1087	11708407	11708264	1.72e-41	172
NC_003071.7:7022287-7023790	NC_003074.8	88.889	144	4	9	956	1087	11706929	11706786	7.99e-40	167
NC_003071.7:7022287-7023790	NC_003074.8	87.500	144	6	9	956	1087	11709921	11709778	1.73e-36	156
NC_003071.7:7022287-7023790	NC_003074.8	83.333	90	8	6	1015	1097	12813872	12813783	1.38e-12	76.8
NC_003071.7:7022287-7023790	NC_003074.8	84.286	70	5	5	1038	1104	16937838	16937772	1.08e-08	63.9
NC_003071.7:7022287-7023790	NC_003074.8	92.105	38	2	1	1061	1097	15749307	15749270	2.33e-05	52.8
NC_003071.7:7022287-7023790	NC_003070.9	77.110	948	126	67	239	1104	12635116	12636054	2.53e-129	464
NC_003071.7:7022287-7023790	NC_003070.9	79.894	567	71	29	1038	1584	13602233	13601690	1.22e-102	375
NC_003071.7:7022287-7023790	NC_003070.9	79.818	550	78	21	1038	1576	12635789	12636316	5.67e-101	370
NC_003071.7:7022287-7023790	NC_003070.9	83.333	72	9	2	1029	1097	13479533	13479462	1.08e-08	63.9
NC_003071.7:7022287-7023790	NC_003070.9	80.208	96	9	10	1012	1097	17114802	17114707	1.08e-08	63.9
NC_003075.7:10283830-10286990	NC_003071.7	98.248	3424	16	37	2	3392	3584066	3580654	0.0	5951
NC_003075.7:10283830-10286990	NC_003071.7	81.028	506	72	14	1901	2388	5159542	5159043	5.66e-104	381
NC_003075.7:10283830-10286990	NC_003071.7	77.530	583	74	35	2835	3392	1790541	1789991	5.86e-79	298
NC_003075.7:10283830-10286990	NC_003070.9	98.184	3415	14	35	9	3392	20827039	20823642	0.0	5919
NC_003075.7:10283830-10286990	NC_003070.9	93.989	183	1	9	2	176	20827219	20827039	4.60e-70	268
NC_003075.7:10283830-10286990	NC_003075.7	98.639	3013	13	19	400	3392	10283958	10286962	0.0	5312
NC_003075.7:10283830-10286990	NC_003075.7	95.122	123	0	6	2	119	10283838	10283959	3.68e-46	189
NC_003075.7:10283830-10286990	NC_003074.8	98.250	2857	15	21	568	3392	19776811	19779664	0.0	4966
NC_003075.7:10283830-10286990	NC_003074.8	90.865	1248	55	28	1136	2327	11848616	11849860	0.0	1618
NC_003075.7:10283830-10286990	NC_003074.8	92.654	1021	53	15	2386	3392	11850301	11851313	0.0	1450
NC_003075.7:10283830-10286990	NC_003074.8	94.043	470	19	5	439	899	11848126	11848595	0.0	704
NC_003075.7:10283830-10286990	NC_003074.8	95.781	237	3	5	901	1130	19884383	19884619	2.63e-102	375
NC_003075.7:10283830-10286990	NC_003074.8	83.424	368	32	20	2693	3057	16347548	16347889	5.82e-84	315
NC_003075.7:10283830-10286990	NC_003074.8	85.211	284	8	16	280	531	11847536	11847817	7.69e-68	261
NC_003075.7:10283830-10286990	NC_003074.8	95.122	164	3	5	280	440	11847937	11848098	1.29e-65	254
NC_003075.7:10283830-10286990	NC_003074.8	83.955	268	25	8	1917	2167	11432439	11432173	1.00e-61	241
NC_003075.7:10283830-10286990	NC_003076.8	81.791	681	84	22	2693	3345	15087297	15086629	4.11e-150	534
NC_003070.9:10221838-10222372	NC_003076.8	97.388	536	10	4	1	533	6171680	6171146	0.0	909
NC_003070.9:10221838-10222372	NC_003076.8	80.269	223	15	13	338	531	14215826	14215604	1.58e-32	141
NC_003070.9:10221838-10222372	NC_003070.9	97.191	534	13	2	1	533	10221840	10222372	0.0	902
NC_003070.9:10221838-10222372	NC_003070.9	91.045	536	34	8	1	533	11783036	11782512	0.0	712
NC_003070.9:10221838-10222372	NC_003070.9	85.263	95	11	3	3	97	17115446	17115355	1.24e-18	95.3
NC_003070.9:10221838-10222372	NC_003071.7	90.689	537	37	8	1	533	9837018	9836491	0.0	702
NC_003070.9:10221838-10222372	NC_003071.7	86.364	88	11	1	1	88	2844643	2844729	1.24e-18	95.3
NC_003070.9:10221838-10222372	NC_003071.7	93.750	48	3	0	1	48	2129291	2129244	5.83e-12	73.1
NC_003070.9:10221838-10222372	NC_003071.7	92.857	42	3	0	1	42	5866737	5866696	1.26e-08	62.1
NC_003070.9:10221838-10222372	NC_003075.7	90.538	539	36	9	1	533	11751723	11752252	0.0	699
NC_003070.9:10221838-10222372	NC_003075.7	89.627	241	21	4	1	240	5414506	5414743	1.90e-81	303
NC_003070.9:10221838-10222372	NC_003075.7	85.294	204	22	4	337	533	7830692	7830894	1.98e-51	204
NC_003070.9:10221838-10222372	NC_003075.7	86.339	183	19	2	1	181	185287	185465	1.19e-48	195
NC_003070.9:10221838-10222372	NC_003075.7	93.103	58	4	0	3	60	3771628	3771571	7.49e-16	86.1
NC_003070.9:10221838-10222372	NC_003074.8	85.192	547	46	24	3	533	1342239	1341712	2.88e-149	529
NC_003071.7:6414992-6419248	NC_003070.9	86.825	1518	0	155	1	1318	4606079	4607596	0.0	1511
NC_003071.7:6414992-6419248	NC_003071.7	90.130	1074	4	85	339	1318	6418183	6419248	0.0	1303
NC_003071.7:6414992-6419248	NC_003071.7	88.710	186	0	20	1	165	6414999	6415184	3.90e-52	207
NC_003071.7:7178022-7179018	NC_003076.8	88.368	576	2	53	306	817	10042383	10041809	3.33e-180	632
NC_003071.7:7178022-7179018	NC_003076.8	85.072	556	17	49	313	814	22463659	22464202	2.10e-142	507
NC_003071.7:7178022-7179018	NC_003076.8	87.500	408	4	35	456	816	14880408	14880815	1.69e-118	427
NC_003071.7:7178022-7179018	NC_003076.8	87.003	377	1	36	456	785	19479768	19480143	1.33e-104	381
NC_003071.7:7178022-7179018	NC_003076.8	84.275	407	18	36	456	816	14873649	14874055	8.07e-97	355
NC_003071.7:7178022-7179018	NC_003076.8	83.493	418	20	38	448	816	9545918	9546335	1.75e-93	344
NC_003071.7:7178022-7179018	NC_003076.8	81.750	400	17	37	456	814	23662388	23662004	3.86e-75	283
NC_003071.7:7178022-7179018	NC_003076.8	89.535	172	6	10	158	318	10043104	10042934	2.39e-52	207
NC_003071.7:7178022-7179018	NC_003076.8	85.217	115	8	7	192	298	9223319	9223206	6.93e-23	110
NC_003071.7:7178022-7179018	NC_003076.8	89.655	58	4	2	260	315	9068672	9068729	9.10e-12	73.1
NC_003071.7:7178022-7179018	NC_003074.8	87.276	558	8	53	319	814	10681948	10681392	4.40e-164	579
NC_003071.7:7178022-7179018	NC_003074.8	86.732	407	7	36	456	815	15918498	15918092	6.11e-113	409
NC_003071.7:7178022-7179018	NC_003074.8	85.749	407	13	36	456	817	8644936	8645342	7.95e-107	388
NC_003071.7:7178022-7179018	NC_003070.9	86.607	560	8	51	311	815	16859178	16858631	2.06e-157	556
NC_003071.7:7178022-7179018	NC_003070.9	86.000	550	11	52	319	812	26306964	26307503	4.49e-149	529
NC_003071.7:7178022-7179018	NC_003070.9	87.010	408	4	37	456	814	19741947	19741540	1.31e-114	414
NC_003071.7:7178022-7179018	NC_003070.9	86.364	418	6	37	448	814	8190142	8190559	6.11e-113	409
NC_003071.7:7178022-7179018	NC_003070.9	86.732	407	6	34	456	814	25358016	25358422	6.11e-113	409
NC_003071.7:7178022-7179018	NC_003070.9	86.241	407	8	36	456	814	29078607	29079013	1.32e-109	398
NC_003071.7:7178022-7179018	NC_003070.9	85.819	409	11	35	456	817	14013217	14012809	2.21e-107	390
NC_003071.7:7178022-7179018	NC_003070.9	85.539	408	8	34	456	814	11174403	11174808	4.79e-104	379
NC_003071.7:7178022-7179018	NC_003070.9	84.804	408	17	33	448	815	21336126	21336528	1.04e-100	368
NC_003071.7:7178022-7179018	NC_003070.9	83.863	409	19	35	456	817	3498157	3497749	4.85e-94	346
NC_003071.7:7178022-7179018	NC_003070.9	84.119	403	16	35	456	817	12457863	12458258	4.85e-94	346
NC_003071.7:7178022-7179018	NC_003070.9	86.923	130	3	11	319	434	2588425	2588296	4.11e-30	134
NC_003071.7:7178022-7179018	NC_003071.7	85.225	555	16	49	316	814	17993088	17992544	1.63e-143	510
NC_003071.7:7178022-7179018	NC_003071.7	85.828	501	10	48	366	815	9891735	9891245	5.93e-133	475
NC_003071.7:7178022-7179018	NC_003071.7	88.725	408	0	34	456	817	7178611	7179018	2.15e-127	457
NC_003071.7:7178022-7179018	NC_003071.7	85.575	409	12	33	456	817	2299260	2299668	1.03e-105	385
NC_003071.7:7178022-7179018	NC_003071.7	91.288	264	0	18	194	434	7178289	7178552	8.12e-92	339
NC_003071.7:7178022-7179018	NC_003071.7	88.608	79	2	5	309	381	6411144	6411221	9.03e-17	89.8
NC_003071.7:7178022-7179018	NC_003075.7	87.073	410	3	36	456	815	6427025	6426616	1.01e-115	418
NC_003071.7:7178022-7179018	NC_003075.7	86.935	398	8	30	456	814	13124261	13123869	2.20e-112	407
NC_003071.7:7178022-7179018	NC_003075.7	86.207	406	9	34	456	815	6895351	6894947	4.75e-109	396
NC_003071.7:7178022-7179018	NC_003075.7	84.422	398	18	34	456	816	9146635	9147025	1.04e-95	351
NC_003071.7:7178022-7179018	NC_003075.7	83.250	400	13	36	456	815	8725463	8725078	1.06e-85	318
NC_003071.7:7178022-7179018	NC_003075.7	85.612	139	11	9	195	324	8777728	8777866	3.18e-31	137
NC_003070.9:12875876-12876928	NC_003070.9	97.033	910	19	6	742	1647	16998397	16997492	0.0	1524
NC_003070.9:12875876-12876928	NC_003070.9	96.575	905	24	6	747	1647	12876778	12875877	0.0	1493
NC_003070.9:12875876-12876928	NC_003070.9	97.147	771	16	5	742	1509	30254579	30253812	0.0	1297
NC_003070.9:12875876-12876928	NC_003070.9	96.244	772	23	6	741	1509	13059750	13060518	0.0	1260
NC_003070.9:12875876-12876928	NC_003070.9	95.990	773	26	4	742	1509	7036136	7036908	0.0	1251
NC_003070.9:12875876-12876928	NC_003070.9	96.204	764	22	6	748	1509	3413706	3414464	0.0	1243
NC_003070.9:12875876-12876928	NC_003070.9	95.855	772	20	5	741	1509	8115697	8116459	0.0	1238
NC_003070.9:12875876-12876928	NC_003070.9	96.078	765	17	5	749	1509	11700592	11701347	0.0	1234
NC_003070.9:12875876-12876928	NC_003070.9	95.850	771	18	7	743	1509	13016978	13016218	0.0	1234
NC_003070.9:12875876-12876928	NC_003070.9	95.731	773	18	7	741	1509	16904720	16905481	0.0	1230
NC_003070.9:12875876-12876928	NC_003070.9	95.714	770	16	8	743	1509	15940040	15940795	0.0	1223
NC_003070.9:12875876-12876928	NC_003070.9	95.466	772	21	7	741	1509	19994822	19994062	0.0	1219
NC_003070.9:12875876-12876928	NC_003070.9	95.207	772	19	11	741	1509	26170534	26169778	0.0	1205
NC_003070.9:12875876-12876928	NC_003070.9	95.201	771	19	9	743	1509	22450868	22451624	0.0	1203
NC_003070.9:12875876-12876928	NC_003070.9	94.819	772	21	5	741	1509	9817138	9817893	0.0	1186
NC_003070.9:12875876-12876928	NC_003070.9	94.125	766	30	10	747	1509	28161188	28161941	0.0	1151
NC_003070.9:12875876-12876928	NC_003070.9	94.993	739	22	8	775	1509	18791754	18792481	0.0	1146
NC_003070.9:12875876-12876928	NC_003070.9	93.393	787	23	13	741	1509	11736479	11735704	0.0	1138
NC_003070.9:12875876-12876928	NC_003070.9	93.548	775	27	8	741	1509	17900806	17901563	0.0	1133
NC_003070.9:12875876-12876928	NC_003070.9	93.419	775	28	8	741	1509	9866481	9865724	0.0	1127
NC_003070.9:12875876-12876928	NC_003070.9	96.413	669	18	6	845	1509	19769039	19768373	0.0	1098
NC_003070.9:12875876-12876928	NC_003070.9	96.290	620	18	4	892	1509	4786256	4786872	0.0	1013
NC_003070.9:12875876-12876928	NC_003070.9	96.678	602	16	4	898	1496	19466074	19465474	0.0	998
NC_003070.9:12875876-12876928	NC_003070.9	96.388	609	15	6	893	1496	16326311	16326917	0.0	996
NC_003070.9:12875876-12876928	NC_003070.9	96.382	608	15	5	893	1496	23214532	23215136	0.0	994
NC_003070.9:12875876-12876928	NC_003070.9	96.823	598	12	7	901	1496	12563204	12562612	0.0	992
NC_003070.9:12875876-12876928	NC_003070.9	96.512	602	17	4	898	1496	16825388	16825988	0.0	992
NC_003070.9:12875876-12876928	NC_003070.9	96.506	601	18	3	898	1496	12365009	12365608	0.0	990
NC_003070.9:12875876-12876928	NC_003070.9	94.611	501	15	5	743	1240	500455	499964	0.0	765
NC_003070.9:12875876-12876928	NC_003070.9	96.172	418	13	3	1094	1509	19063794	19064210	0.0	680
NC_003070.9:12875876-12876928	NC_003070.9	96.577	409	9	4	1103	1509	23876482	23876887	0.0	673
NC_003070.9:12875876-12876928	NC_003070.9	94.976	418	12	5	741	1155	30252179	30251768	0.0	647
NC_003070.9:12875876-12876928	NC_003070.9	94.964	417	12	5	742	1155	12329125	12328715	0.0	645
NC_003070.9:12875876-12876928	NC_003070.9	94.737	418	13	5	741	1155	22993133	22992722	0.0	641
NC_003070.9:12875876-12876928	NC_003070.9	94.724	417	13	5	742	1155	22621791	22621381	0.0	640
NC_003070.9:12875876-12876928	NC_003070.9	84.844	706	21	53	1	620	30253107	30252402	6.82e-180	632
NC_003070.9:12875876-12876928	NC_003070.9	84.681	705	23	51	1	620	12330053	12329349	1.14e-177	625
NC_003070.9:12875876-12876928	NC_003070.9	95.630	389	13	4	1123	1509	19328001	19327615	1.48e-176	621
NC_003070.9:12875876-12876928	NC_003070.9	84.397	705	24	50	1	620	11699698	11700401	2.47e-174	614
NC_003070.9:12875876-12876928	NC_003070.9	84.286	700	30	48	1	624	501372	500677	3.19e-173	610
NC_003070.9:12875876-12876928	NC_003070.9	84.255	705	25	50	1	620	19995734	19995031	1.15e-172	608
NC_003070.9:12875876-12876928	NC_003070.9	84.136	706	26	52	1	620	19061965	19062670	1.49e-171	604
NC_003070.9:12875876-12876928	NC_003070.9	83.994	706	27	52	1	620	9816210	9816915	6.91e-170	599
NC_003070.9:12875876-12876928	NC_003070.9	83.994	706	26	54	1	620	13058823	13059527	2.49e-169	597
NC_003070.9:12875876-12876928	NC_003070.9	84.017	707	24	58	1	620	22994060	22993356	2.49e-169	597
NC_003070.9:12875876-12876928	NC_003070.9	83.711	706	28	52	1	620	8114770	8115474	5.38e-166	586
NC_003070.9:12875876-12876928	NC_003070.9	84.084	666	27	48	1	587	11737393	11736728	5.42e-161	569
NC_003070.9:12875876-12876928	NC_003070.9	84.472	644	26	41	1	570	7035191	7035834	1.95e-160	568
NC_003070.9:12875876-12876928	NC_003070.9	84.424	642	28	43	1	570	12364135	12364776	7.01e-160	566
NC_003070.9:12875876-12876928	NC_003070.9	84.448	643	27	45	1	570	23213666	23214308	7.01e-160	566
NC_003070.9:12875876-12876928	NC_003070.9	83.956	642	31	44	1	570	17899863	17900504	7.06e-155	549
NC_003070.9:12875876-12876928	NC_003070.9	82.979	705	20	60	1	620	4785461	4786150	9.13e-154	545
NC_003070.9:12875876-12876928	NC_003070.9	83.906	640	31	43	1	570	16824518	16825155	9.13e-154	545
NC_003070.9:12875876-12876928	NC_003070.9	83.876	645	28	46	1	570	19466949	19466306	9.13e-154	545
NC_003070.9:12875876-12876928	NC_003070.9	87.129	505	30	25	14	483	30255510	30255006	4.25e-152	540
NC_003070.9:12875876-12876928	NC_003070.9	85.205	561	36	29	1	514	12564081	12563521	7.11e-150	532
NC_003070.9:12875876-12876928	NC_003070.9	83.540	644	31	45	1	570	16325444	16326086	7.11e-150	532
NC_003070.9:12875876-12876928	NC_003070.9	82.320	707	38	50	1	620	22449931	22450637	7.11e-150	532
NC_003070.9:12875876-12876928	NC_003070.9	90.488	410	25	10	1	397	15939323	15939731	9.20e-149	529
NC_003070.9:12875876-12876928	NC_003070.9	90.315	413	25	11	1	400	18790927	18791337	3.31e-148	527
NC_003070.9:12875876-12876928	NC_003070.9	85.958	527	32	27	1	485	26171480	26170954	1.19e-147	525
NC_003070.9:12875876-12876928	NC_003070.9	86.207	522	27	27	1	485	9867414	9866901	4.28e-147	523
NC_003070.9:12875876-12876928	NC_003070.9	95.692	325	13	1	741	1064	19328324	19328000	1.54e-146	521
NC_003070.9:12875876-12876928	NC_003070.9	89.901	406	27	12	1	392	22622305	22621900	3.33e-143	510
NC_003070.9:12875876-12876928	NC_003070.9	85.742	519	30	29	5	485	19329256	19328744	1.20e-142	508
NC_003070.9:12875876-12876928	NC_003070.9	96.721	305	6	3	1103	1405	22992366	22992064	1.55e-141	505
NC_003070.9:12875876-12876928	NC_003070.9	96.928	293	6	2	1103	1394	22621025	22620735	1.56e-136	488
NC_003070.9:12875876-12876928	NC_003070.9	96.540	289	8	1	1103	1391	12328360	12328074	3.38e-133	477
NC_003070.9:12875876-12876928	NC_003070.9	95.082	305	11	3	1103	1405	30251412	30251110	3.38e-133	477
NC_003070.9:12875876-12876928	NC_003070.9	81.750	663	24	57	1	587	16903800	16904441	2.63e-129	464
NC_003070.9:12875876-12876928	NC_003070.9	86.199	413	36	17	1	397	16806989	16807396	3.45e-118	427
NC_003070.9:12875876-12876928	NC_003070.9	82.534	521	34	34	1	473	13262203	13261692	1.62e-111	405
NC_003070.9:12875876-12876928	NC_003070.9	94.902	255	10	3	1257	1509	14309405	14309152	9.73e-109	396
NC_003070.9:12875876-12876928	NC_003070.9	83.738	412	43	21	1	397	16806150	16806552	2.12e-100	368
NC_003070.9:12875876-12876928	NC_003070.9	92.095	253	14	5	1	247	23554439	23554187	2.14e-95	351
NC_003070.9:12875876-12876928	NC_003070.9	91.765	255	15	4	1	249	25963257	25963003	7.69e-95	350
NC_003070.9:12875876-12876928	NC_003070.9	92.116	241	12	5	1	235	3910601	3910362	7.74e-90	333
NC_003070.9:12875876-12876928	NC_003070.9	97.872	188	4	0	748	935	22992569	22992382	1.30e-87	326
NC_003070.9:12875876-12876928	NC_003070.9	97.340	188	5	0	748	935	12328563	12328376	6.03e-86	320
NC_003070.9:12875876-12876928	NC_003070.9	96.859	191	6	0	748	938	30251615	30251425	6.03e-86	320
NC_003070.9:12875876-12876928	NC_003070.9	96.809	188	6	0	748	935	22621228	22621041	2.80e-84	315
NC_003070.9:12875876-12876928	NC_003070.9	89.764	254	12	5	1	249	8490194	8489950	1.01e-83	313
NC_003070.9:12875876-12876928	NC_003070.9	88.803	259	19	9	1	250	17552998	17552741	1.30e-82	309
NC_003070.9:12875876-12876928	NC_003070.9	96.277	188	7	0	748	935	23876279	23876466	1.30e-82	309
NC_003070.9:12875876-12876928	NC_003070.9	93.056	216	3	7	1296	1509	499960	499755	1.69e-81	305
NC_003070.9:12875876-12876928	NC_003070.9	88.031	259	21	9	1	250	2235167	2234910	2.82e-79	298
NC_003070.9:12875876-12876928	NC_003070.9	87.984	258	19	11	1	250	14299842	14299589	3.65e-78	294
NC_003070.9:12875876-12876928	NC_003070.9	87.500	256	22	9	4	250	18747045	18746791	6.11e-76	287
NC_003070.9:12875876-12876928	NC_003070.9	85.944	249	25	8	1	240	3074944	3074697	4.79e-67	257
NC_003070.9:12875876-12876928	NC_003070.9	96.154	156	4	2	1356	1509	8489951	8489796	6.20e-66	254
NC_003070.9:12875876-12876928	NC_003070.9	96.178	157	3	3	1356	1509	25963004	25962848	6.20e-66	254
NC_003070.9:12875876-12876928	NC_003070.9	91.444	187	5	4	741	925	19063587	19063764	1.04e-63	246
NC_003070.9:12875876-12876928	NC_003070.9	84.109	258	19	15	1	250	19085099	19085342	1.04e-58	230
NC_003070.9:12875876-12876928	NC_003070.9	78.959	442	13	45	259	620	19062923	19063364	3.76e-58	228
NC_003070.9:12875876-12876928	NC_003070.9	83.273	275	15	21	229	473	18746910	18746637	4.86e-57	224
NC_003070.9:12875876-12876928	NC_003070.9	83.658	257	19	15	1	250	12855993	12855753	6.29e-56	220
NC_003070.9:12875876-12876928	NC_003070.9	95.070	142	3	4	1370	1509	18790338	18790477	6.29e-56	220
NC_003070.9:12875876-12876928	NC_003070.9	82.909	275	16	18	229	473	2235029	2234756	2.26e-55	219
NC_003070.9:12875876-12876928	NC_003070.9	82.847	274	17	20	229	473	17552860	17552588	2.26e-55	219
NC_003070.9:12875876-12876928	NC_003070.9	83.333	258	19	15	1	250	19173802	19173561	8.13e-55	217
NC_003070.9:12875876-12876928	NC_003070.9	82.545	275	17	19	229	473	6736003	6736276	1.05e-53	213
NC_003070.9:12875876-12876928	NC_003070.9	81.884	276	18	21	229	473	1977027	1976753	6.33e-51	204
NC_003070.9:12875876-12876928	NC_003070.9	81.818	275	19	19	229	473	17368	17641	2.28e-50	202
NC_003070.9:12875876-12876928	NC_003070.9	81.818	275	18	20	229	473	29320592	29320320	2.28e-50	202
NC_003070.9:12875876-12876928	NC_003070.9	82.197	264	16	20	240	473	19085234	19085496	2.95e-49	198
NC_003070.9:12875876-12876928	NC_003070.9	82.061	262	15	21	240	471	8291436	8291177	3.81e-48	195
NC_003070.9:12875876-12876928	NC_003070.9	81.159	276	20	20	229	473	3074585	3074311	1.37e-47	193
NC_003070.9:12875876-12876928	NC_003070.9	96.396	111	4	0	748	858	19769683	19769573	8.25e-45	183
NC_003070.9:12875876-12876928	NC_003070.9	81.061	264	17	22	240	473	19173667	19173407	1.07e-43	180
NC_003070.9:12875876-12876928	NC_003070.9	98.780	82	0	1	2	82	30251767	30251686	3.89e-33	145
NC_003070.9:12875876-12876928	NC_003070.9	97.590	83	1	1	1	82	18790103	18790185	5.04e-32	141
NC_003070.9:12875876-12876928	NC_003070.9	97.561	82	0	2	2	82	12328714	12328634	1.81e-31	139
NC_003070.9:12875876-12876928	NC_003070.9	97.561	82	1	1	2	82	22992721	22992640	1.81e-31	139
NC_003070.9:12875876-12876928	NC_003070.9	96.386	83	2	1	1	82	12876928	12876846	2.34e-30	135
NC_003070.9:12875876-12876928	NC_003070.9	96.386	83	2	1	1	82	16998955	16998873	2.34e-30	135
NC_003070.9:12875876-12876928	NC_003070.9	95.349	86	2	2	4	88	22621378	22621294	2.34e-30	135
NC_003070.9:12875876-12876928	NC_003070.9	95.181	83	3	1	1	82	3413553	3413635	1.09e-28	130
NC_003070.9:12875876-12876928	NC_003070.9	85.833	120	13	4	1532	1647	5863392	5863511	5.07e-27	124
NC_003070.9:12875876-12876928	NC_003070.9	76.657	347	5	45	352	624	13017544	13017200	1.82e-26	122
NC_003070.9:12875876-12876928	NC_003070.9	94.872	78	3	1	748	825	18790253	18790329	6.56e-26	121
NC_003070.9:12875876-12876928	NC_003070.9	91.667	84	5	2	1	82	28161034	28161117	3.05e-24	115
NC_003070.9:12875876-12876928	NC_003070.9	90.698	86	6	2	4	88	19769830	19769746	1.10e-23	113
NC_003070.9:12875876-12876928	NC_003070.9	83.193	119	16	4	1532	1647	11803662	11803545	1.84e-21	106
NC_003070.9:12875876-12876928	NC_003070.9	89.286	84	6	3	1	82	19724755	19724837	2.38e-20	102
NC_003070.9:12875876-12876928	NC_003070.9	97.917	48	1	0	426	473	16806615	16806662	8.61e-15	84.2
NC_003070.9:12875876-12876928	NC_003070.9	95.833	48	1	1	426	473	16807460	16807506	1.44e-12	76.8
NC_003070.9:12875876-12876928	NC_003074.8	96.458	847	20	9	806	1647	10320599	10321440	0.0	1389
NC_003070.9:12875876-12876928	NC_003074.8	96.636	773	20	6	741	1509	10820499	10819729	0.0	1279
NC_003070.9:12875876-12876928	NC_003074.8	96.244	772	25	4	741	1509	15938213	15938983	0.0	1262
NC_003070.9:12875876-12876928	NC_003074.8	95.948	765	25	4	747	1507	17776922	17777684	0.0	1236
NC_003070.9:12875876-12876928	NC_003074.8	95.953	766	21	6	747	1509	17730092	17730850	0.0	1234
NC_003070.9:12875876-12876928	NC_003074.8	95.590	771	20	7	743	1509	17276884	17276124	0.0	1223
NC_003070.9:12875876-12876928	NC_003074.8	95.544	763	22	10	750	1509	16419299	16420052	0.0	1210
NC_003070.9:12875876-12876928	NC_003074.8	95.425	765	17	7	748	1509	11503608	11502859	0.0	1203
NC_003070.9:12875876-12876928	NC_003074.8	94.301	772	25	8	741	1509	20787310	20788065	0.0	1164
NC_003070.9:12875876-12876928	NC_003074.8	93.987	765	24	9	747	1509	9767481	9766737	0.0	1138
NC_003070.9:12875876-12876928	NC_003074.8	93.266	787	23	10	741	1509	11536745	11537519	0.0	1133
NC_003070.9:12875876-12876928	NC_003074.8	93.523	772	28	11	743	1509	22119521	22120275	0.0	1129
NC_003070.9:12875876-12876928	NC_003074.8	92.875	786	18	16	742	1509	17143592	17142827	0.0	1107
NC_003070.9:12875876-12876928	NC_003074.8	92.377	774	21	20	741	1509	16562464	16563204	0.0	1068
NC_003070.9:12875876-12876928	NC_003074.8	91.710	772	23	17	741	1509	15452570	15451837	0.0	1033
NC_003070.9:12875876-12876928	NC_003074.8	96.497	628	14	6	886	1509	16451587	16452210	0.0	1031
NC_003070.9:12875876-12876928	NC_003074.8	97.157	598	15	2	901	1496	7995797	7995200	0.0	1009
NC_003070.9:12875876-12876928	NC_003074.8	96.154	598	20	3	901	1496	17062365	17061769	0.0	974
NC_003070.9:12875876-12876928	NC_003074.8	96.597	529	16	1	748	1276	11967806	11968332	0.0	876
NC_003070.9:12875876-12876928	NC_003074.8	94.393	535	19	3	741	1274	5745011	5744487	0.0	811
NC_003070.9:12875876-12876928	NC_003074.8	95.706	489	11	3	743	1229	9384862	9384382	0.0	778
NC_003070.9:12875876-12876928	NC_003074.8	97.800	409	7	2	1103	1509	18412509	18412917	0.0	704
NC_003070.9:12875876-12876928	NC_003074.8	97.311	409	9	2	1103	1509	18019136	18019544	0.0	693
NC_003070.9:12875876-12876928	NC_003074.8	96.088	409	13	3	1103	1509	13327791	13328198	0.0	664
NC_003070.9:12875876-12876928	NC_003074.8	95.844	409	13	4	1103	1509	3965358	3965764	0.0	658
NC_003070.9:12875876-12876928	NC_003074.8	94.976	418	12	5	741	1155	17300351	17299940	0.0	647
NC_003070.9:12875876-12876928	NC_003074.8	96.649	388	9	4	1124	1509	15485279	15484894	0.0	641
NC_003070.9:12875876-12876928	NC_003074.8	84.397	705	25	51	1	620	17301278	17300574	2.47e-174	614
NC_003070.9:12875876-12876928	NC_003074.8	96.953	361	7	4	1151	1509	10556871	10556513	5.34e-171	603
NC_003070.9:12875876-12876928	NC_003074.8	83.853	706	26	54	1	620	16450786	16451489	1.16e-167	592
NC_003070.9:12875876-12876928	NC_003074.8	85.041	615	36	35	1	570	7996636	7996033	1.16e-162	575
NC_003070.9:12875876-12876928	NC_003074.8	95.568	361	3	11	1151	1509	10575083	10574734	7.01e-160	566
NC_003070.9:12875876-12876928	NC_003074.8	83.099	710	33	48	1	624	17277814	17277106	7.01e-160	566
NC_003070.9:12875876-12876928	NC_003074.8	83.121	705	33	52	1	620	20786399	20787102	2.52e-159	564
NC_003070.9:12875876-12876928	NC_003074.8	83.003	706	33	54	1	620	5745923	5745219	1.17e-157	558
NC_003070.9:12875876-12876928	NC_003074.8	98.428	318	3	1	747	1062	15485597	15485280	1.17e-157	558
NC_003070.9:12875876-12876928	NC_003074.8	84.211	646	25	46	1	570	10821446	10820802	4.22e-157	556
NC_003070.9:12875876-12876928	NC_003074.8	82.700	711	33	51	1	624	15937286	15937993	7.06e-155	549
NC_003070.9:12875876-12876928	NC_003074.8	82.788	703	34	50	4	620	9386343	9385642	2.54e-154	547
NC_003070.9:12875876-12876928	NC_003074.8	82.646	703	30	54	1	620	11535844	11536537	1.53e-151	538
NC_003070.9:12875876-12876928	NC_003074.8	96.203	316	11	1	743	1057	10557198	10556883	7.16e-145	516
NC_003070.9:12875876-12876928	NC_003074.8	95.031	322	14	2	747	1067	10575406	10575086	1.55e-141	505
NC_003070.9:12875876-12876928	NC_003074.8	89.346	413	28	13	1	400	16561654	16562063	1.55e-141	505
NC_003070.9:12875876-12876928	NC_003074.8	85.496	524	24	33	1	485	17063229	17062719	7.21e-140	499
NC_003070.9:12875876-12876928	NC_003074.8	97.924	289	4	1	1103	1391	17299583	17299297	7.21e-140	499
NC_003070.9:12875876-12876928	NC_003074.8	81.429	700	34	56	1	620	22118613	22119296	2.02e-135	484
NC_003070.9:12875876-12876928	NC_003074.8	81.108	704	35	55	1	620	17144490	17143801	4.37e-132	473
NC_003070.9:12875876-12876928	NC_003074.8	91.104	326	15	9	1	312	11200624	11200949	9.60e-119	429
NC_003070.9:12875876-12876928	NC_003074.8	96.212	264	5	5	1248	1509	5744483	5744223	3.45e-118	427
NC_003070.9:12875876-12876928	NC_003074.8	96.170	235	6	3	1277	1509	9384377	9384144	2.73e-104	381
NC_003070.9:12875876-12876928	NC_003074.8	96.891	193	6	0	748	940	1571518	1571710	4.66e-87	324
NC_003070.9:12875876-12876928	NC_003074.8	97.382	191	4	1	750	940	17299785	17299596	4.66e-87	324
NC_003070.9:12875876-12876928	NC_003074.8	88.889	261	17	10	1	250	3716342	3716601	3.63e-83	311
NC_003070.9:12875876-12876928	NC_003074.8	95.855	193	7	1	748	940	13327587	13327778	3.63e-83	311
NC_003070.9:12875876-12876928	NC_003074.8	96.296	189	6	1	748	935	3965154	3965342	1.30e-82	309
NC_003070.9:12875876-12876928	NC_003074.8	87.197	289	6	5	1103	1391	1571723	1571980	7.85e-80	300
NC_003070.9:12875876-12876928	NC_003074.8	94.819	193	8	2	748	940	18412306	18412496	7.85e-80	300
NC_003070.9:12875876-12876928	NC_003074.8	86.716	271	27	7	135	397	9890146	9890415	1.31e-77	292
NC_003070.9:12875876-12876928	NC_003074.8	93.814	194	10	2	748	941	18018933	18019124	4.73e-77	291
NC_003070.9:12875876-12876928	NC_003074.8	86.873	259	24	8	1	250	17397300	17397043	2.84e-74	281
NC_003070.9:12875876-12876928	NC_003074.8	86.538	260	24	9	1	250	10862401	10862659	1.32e-72	276
NC_003070.9:12875876-12876928	NC_003074.8	77.318	507	41	52	1	473	16879751	16880217	2.90e-59	231
NC_003070.9:12875876-12876928	NC_003074.8	82.909	275	16	19	229	473	9559544	9559271	2.26e-55	219
NC_003070.9:12875876-12876928	NC_003074.8	82.482	274	18	20	229	473	10862540	10862812	1.05e-53	213
NC_003070.9:12875876-12876928	NC_003074.8	82.353	272	18	20	229	473	5622169	5622437	1.36e-52	209
NC_003070.9:12875876-12876928	NC_003074.8	82.418	273	17	21	229	473	20485002	20484733	1.36e-52	209
NC_003070.9:12875876-12876928	NC_003074.8	81.884	276	18	20	229	473	1371038	1370764	6.33e-51	204
NC_003070.9:12875876-12876928	NC_003074.8	82.239	259	25	14	1	250	20487142	20486896	6.33e-51	204
NC_003070.9:12875876-12876928	NC_003074.8	86.857	175	17	4	229	397	3716481	3716655	4.93e-47	191
NC_003070.9:12875876-12876928	NC_003074.8	80.727	275	21	21	229	473	2629888	2629616	2.29e-45	185
NC_003070.9:12875876-12876928	NC_003074.8	79.104	268	22	22	235	473	20487006	20486744	6.47e-36	154
NC_003070.9:12875876-12876928	NC_003074.8	96.667	90	1	2	1	89	13327434	13327522	3.01e-34	148
NC_003070.9:12875876-12876928	NC_003074.8	96.629	89	1	2	1	88	16419144	16419231	1.08e-33	147
NC_003070.9:12875876-12876928	NC_003074.8	98.795	83	0	1	1	82	18018781	18018863	1.08e-33	147
NC_003070.9:12875876-12876928	NC_003074.8	98.795	83	0	1	1	82	18412154	18412236	1.08e-33	147
NC_003070.9:12875876-12876928	NC_003074.8	98.780	82	0	1	2	82	17299939	17299858	3.89e-33	145
NC_003070.9:12875876-12876928	NC_003074.8	95.506	89	2	2	1	88	9767629	9767542	5.04e-32	141
NC_003070.9:12875876-12876928	NC_003074.8	96.386	83	2	1	1	82	10557346	10557264	2.34e-30	135
NC_003070.9:12875876-12876928	NC_003074.8	96.386	83	2	1	1	82	11503761	11503679	2.34e-30	135
NC_003070.9:12875876-12876928	NC_003074.8	96.386	83	2	1	1	82	17729940	17730022	2.34e-30	135
NC_003070.9:12875876-12876928	NC_003074.8	91.667	84	5	2	1	82	17776769	17776852	3.05e-24	115
NC_003070.9:12875876-12876928	NC_003074.8	80.000	110	9	8	1360	1468	15667806	15667709	2.41e-10	69.4
NC_003070.9:12875876-12876928	NC_003074.8	92.857	42	2	1	1607	1647	16061557	16061516	1.45e-07	60.2
NC_003070.9:12875876-12876928	NC_003074.8	89.583	48	4	1	1601	1647	16099552	16099505	1.45e-07	60.2
NC_003070.9:12875876-12876928	NC_003074.8	89.583	48	4	1	1601	1647	16213797	16213844	1.45e-07	60.2
NC_003070.9:12875876-12876928	NC_003076.8	97.513	764	14	4	748	1509	15043275	15042515	0.0	1301
NC_003070.9:12875876-12876928	NC_003076.8	97.025	773	17	6	741	1509	8766653	8767423	0.0	1295
NC_003070.9:12875876-12876928	NC_003076.8	96.891	772	19	5	741	1509	20681466	20680697	0.0	1288
NC_003070.9:12875876-12876928	NC_003076.8	96.875	768	17	6	747	1509	22232112	22231347	0.0	1279
NC_003070.9:12875876-12876928	NC_003076.8	96.378	773	22	6	741	1509	5429107	5428337	0.0	1267
NC_003070.9:12875876-12876928	NC_003076.8	96.615	768	18	6	748	1509	5977900	5977135	0.0	1267
NC_003070.9:12875876-12876928	NC_003076.8	96.373	772	22	5	741	1509	14150356	14149588	0.0	1266
NC_003070.9:12875876-12876928	NC_003076.8	96.253	774	23	6	741	1509	17365970	17366742	0.0	1264
NC_003070.9:12875876-12876928	NC_003076.8	96.345	766	23	5	748	1509	24476438	24475674	0.0	1254
NC_003070.9:12875876-12876928	NC_003076.8	96.114	772	23	7	741	1509	8745772	8745005	0.0	1253
NC_003070.9:12875876-12876928	NC_003076.8	96.311	759	24	4	753	1509	19741654	19740898	0.0	1243
NC_003070.9:12875876-12876928	NC_003076.8	96.179	759	21	6	753	1509	24186959	24186207	0.0	1234
NC_003070.9:12875876-12876928	NC_003076.8	95.817	765	26	6	748	1507	8354357	8353594	0.0	1230
NC_003070.9:12875876-12876928	NC_003076.8	95.596	772	21	6	741	1509	9964090	9963329	0.0	1225
NC_003070.9:12875876-12876928	NC_003076.8	95.337	772	24	5	741	1509	1897720	1896958	0.0	1216
NC_003070.9:12875876-12876928	NC_003076.8	95.065	770	22	9	744	1509	16357405	16358162	0.0	1197
NC_003070.9:12875876-12876928	NC_003076.8	94.832	774	25	8	741	1509	14081910	14081147	0.0	1194
NC_003070.9:12875876-12876928	NC_003076.8	94.819	772	24	11	743	1509	17776659	17777419	0.0	1190
NC_003070.9:12875876-12876928	NC_003076.8	93.377	770	21	16	743	1509	10714570	10715312	0.0	1112
NC_003070.9:12875876-12876928	NC_003076.8	96.719	640	16	4	872	1509	18854899	18855535	0.0	1061
NC_003070.9:12875876-12876928	NC_003076.8	94.968	616	25	5	896	1509	4313874	4314485	0.0	961
NC_003070.9:12875876-12876928	NC_003076.8	96.595	558	18	1	747	1304	15577273	15576717	0.0	924
NC_003070.9:12875876-12876928	NC_003076.8	96.881	545	14	3	967	1509	11026974	11027517	0.0	909
NC_003070.9:12875876-12876928	NC_003076.8	95.699	558	24	0	747	1304	21776880	21776323	0.0	898
NC_003070.9:12875876-12876928	NC_003076.8	93.098	623	18	7	875	1496	21530929	21531527	0.0	889
NC_003070.9:12875876-12876928	NC_003076.8	85.674	705	16	53	1	620	9590410	9591114	0.0	664
NC_003070.9:12875876-12876928	NC_003076.8	94.976	418	17	4	1094	1509	15605466	15605051	0.0	652
NC_003070.9:12875876-12876928	NC_003076.8	95.204	417	11	5	742	1155	20281057	20280647	0.0	651
NC_003070.9:12875876-12876928	NC_003076.8	94.724	417	14	4	741	1155	9591337	9591747	0.0	641
NC_003070.9:12875876-12876928	NC_003076.8	84.681	705	23	52	1	620	20281984	20281280	1.14e-177	625
NC_003070.9:12875876-12876928	NC_003076.8	95.619	388	14	3	1124	1509	4780980	4780594	5.31e-176	619
NC_003070.9:12875876-12876928	NC_003076.8	84.561	706	22	52	1	620	9965017	9964313	5.31e-176	619
NC_003070.9:12875876-12876928	NC_003076.8	83.994	706	27	50	1	620	15606601	15605896	6.91e-170	599
NC_003070.9:12875876-12876928	NC_003076.8	94.148	393	19	4	741	1132	4313461	4313850	8.94e-169	595
NC_003070.9:12875876-12876928	NC_003076.8	83.830	705	27	55	1	620	14082835	14082133	4.16e-167	590
NC_003070.9:12875876-12876928	NC_003076.8	83.757	708	26	54	1	620	8746701	8745995	1.50e-166	588
NC_003070.9:12875876-12876928	NC_003076.8	84.337	664	27	46	1	587	7154439	7153776	9.01e-164	579
NC_003070.9:12875876-12876928	NC_003076.8	93.622	392	7	8	743	1130	9558562	9558185	5.42e-161	569
NC_003070.9:12875876-12876928	NC_003076.8	84.458	637	32	40	1	570	14151294	14150658	7.01e-160	566
NC_003070.9:12875876-12876928	NC_003076.8	84.448	643	27	43	1	570	17365025	17365667	7.01e-160	566
NC_003070.9:12875876-12876928	NC_003076.8	84.448	643	27	44	1	570	21530089	21530731	7.01e-160	566
NC_003070.9:12875876-12876928	NC_003076.8	82.955	704	36	51	1	620	1898645	1897942	1.17e-157	558
NC_003070.9:12875876-12876928	NC_003076.8	87.623	509	27	23	1	473	8765709	8766217	1.17e-157	558
NC_003070.9:12875876-12876928	NC_003076.8	82.917	720	22	59	1	620	18853952	18854670	1.52e-156	555
NC_003070.9:12875876-12876928	NC_003076.8	83.019	689	31	49	18	620	17775746	17776434	9.13e-154	545
NC_003070.9:12875876-12876928	NC_003076.8	86.692	526	29	27	1	485	19742617	19742092	9.13e-154	545
NC_003070.9:12875876-12876928	NC_003076.8	83.817	655	20	54	52	620	17618634	17617980	3.29e-153	544
NC_003070.9:12875876-12876928	NC_003076.8	82.436	706	38	47	1	620	16356475	16357180	1.53e-151	538
NC_003070.9:12875876-12876928	NC_003076.8	96.594	323	9	2	741	1062	4781303	4780982	1.98e-150	534
NC_003070.9:12875876-12876928	NC_003076.8	86.042	523	28	27	1	485	4782228	4781713	5.54e-146	520
NC_003070.9:12875876-12876928	NC_003076.8	81.844	716	34	57	1	620	9559507	9558792	2.58e-144	514
NC_003070.9:12875876-12876928	NC_003076.8	85.361	526	31	28	1	485	20682406	20681886	5.58e-141	503
NC_003070.9:12875876-12876928	NC_003076.8	97.603	292	5	1	1103	1394	9592102	9592391	7.21e-140	499
NC_003070.9:12875876-12876928	NC_003076.8	84.888	536	29	32	2	485	5430061	5429526	3.36e-138	494
NC_003070.9:12875876-12876928	NC_003076.8	96.886	289	7	1	1103	1391	17617546	17617260	7.26e-135	483
NC_003070.9:12875876-12876928	NC_003076.8	95.410	305	10	2	1103	1405	20280291	20279989	7.26e-135	483
NC_003070.9:12875876-12876928	NC_003076.8	84.061	527	29	24	1	485	11025336	11025849	4.40e-127	457
NC_003070.9:12875876-12876928	NC_003076.8	83.725	510	41	28	16	485	24187899	24187392	3.43e-123	444
NC_003070.9:12875876-12876928	NC_003076.8	81.898	569	20	49	134	620	4312671	4313238	5.82e-111	403
NC_003070.9:12875876-12876928	NC_003076.8	84.635	397	34	23	1	381	9612591	9612976	5.90e-101	370
NC_003070.9:12875876-12876928	NC_003076.8	98.095	210	1	3	1302	1509	7153775	7153567	9.87e-99	363
NC_003070.9:12875876-12876928	NC_003076.8	94.142	239	11	2	741	976	11026268	11026506	3.55e-98	361
NC_003070.9:12875876-12876928	NC_003076.8	96.347	219	4	4	1293	1509	25905017	25905233	4.59e-97	357
NC_003070.9:12875876-12876928	NC_003076.8	91.700	253	14	5	1	247	17796785	17796534	3.58e-93	344
NC_003070.9:12875876-12876928	NC_003076.8	97.872	188	4	0	748	935	20280494	20280307	1.30e-87	326
NC_003070.9:12875876-12876928	NC_003076.8	97.326	187	5	0	748	934	9591900	9592086	2.17e-85	318
NC_003070.9:12875876-12876928	NC_003076.8	95.876	194	7	1	748	941	9134106	9134298	1.01e-83	313
NC_003070.9:12875876-12876928	NC_003076.8	94.975	199	9	1	741	938	17617757	17617559	3.63e-83	311
NC_003070.9:12875876-12876928	NC_003076.8	87.308	260	22	9	1	250	3020196	3019938	6.11e-76	287
NC_003070.9:12875876-12876928	NC_003076.8	87.259	259	23	9	1	250	19931558	19931301	6.11e-76	287
NC_003070.9:12875876-12876928	NC_003076.8	86.873	259	25	8	1	250	25264511	25264769	2.84e-74	281
NC_003070.9:12875876-12876928	NC_003076.8	85.385	260	24	10	1	250	15342696	15342441	4.79e-67	257
NC_003070.9:12875876-12876928	NC_003076.8	91.444	187	5	4	741	925	15605673	15605496	1.04e-63	246
NC_003070.9:12875876-12876928	NC_003076.8	84.615	260	22	10	1	250	13918790	13918539	1.34e-62	243
NC_003070.9:12875876-12876928	NC_003076.8	83.212	274	16	21	229	473	14761045	14760773	4.86e-57	224
NC_003070.9:12875876-12876928	NC_003076.8	82.909	275	16	18	229	473	5129697	5129424	2.26e-55	219
NC_003070.9:12875876-12876928	NC_003076.8	82.909	275	15	19	229	473	8683118	8683390	2.26e-55	219
NC_003070.9:12875876-12876928	NC_003076.8	90.533	169	10	5	2	165	19670802	19670969	2.26e-55	219
NC_003070.9:12875876-12876928	NC_003076.8	83.806	247	18	15	1	240	354140	354371	2.93e-54	215
NC_003070.9:12875876-12876928	NC_003076.8	82.545	275	17	18	229	473	19931420	19931147	1.05e-53	213
NC_003070.9:12875876-12876928	NC_003076.8	81.752	274	20	19	229	472	7711270	7711543	2.28e-50	202
NC_003070.9:12875876-12876928	NC_003076.8	93.985	133	8	0	743	875	25904880	25905012	2.28e-50	202
NC_003070.9:12875876-12876928	NC_003076.8	81.752	274	18	19	231	473	15342559	15342287	8.19e-50	200
NC_003070.9:12875876-12876928	NC_003076.8	96.581	117	3	1	1532	1647	9592419	9592535	1.37e-47	193
NC_003070.9:12875876-12876928	NC_003076.8	81.227	277	19	20	229	473	13918658	13918383	1.37e-47	193
NC_003070.9:12875876-12876928	NC_003076.8	95.726	117	4	1	1532	1647	4780327	4780211	6.38e-46	187
NC_003070.9:12875876-12876928	NC_003076.8	86.286	175	16	6	229	397	3020057	3019885	8.25e-45	183
NC_003070.9:12875876-12876928	NC_003076.8	95.652	115	2	3	1403	1515	15576667	15576554	2.97e-44	182
NC_003070.9:12875876-12876928	NC_003076.8	95.614	114	3	2	1403	1515	21776273	21776161	2.97e-44	182
NC_003070.9:12875876-12876928	NC_003076.8	98.795	83	0	1	1	82	5978053	5977971	1.08e-33	147
NC_003070.9:12875876-12876928	NC_003076.8	96.629	89	1	2	1	88	15043428	15043341	1.08e-33	147
NC_003070.9:12875876-12876928	NC_003076.8	98.780	82	0	1	2	82	20280646	20280565	3.89e-33	145
NC_003070.9:12875876-12876928	NC_003076.8	97.561	82	1	1	2	82	9591748	9591829	1.81e-31	139
NC_003070.9:12875876-12876928	NC_003076.8	96.386	83	2	1	1	82	9133953	9134035	2.34e-30	135
NC_003070.9:12875876-12876928	NC_003076.8	96.386	83	2	1	1	82	24476591	24476509	2.34e-30	135
NC_003070.9:12875876-12876928	NC_003076.8	90.909	99	6	3	1	96	20398218	20398316	1.09e-28	130
NC_003070.9:12875876-12876928	NC_003076.8	93.976	83	4	1	1	82	10714424	10714506	5.07e-27	124
NC_003070.9:12875876-12876928	NC_003076.8	92.941	85	3	3	1	83	13982135	13982218	6.56e-26	121
NC_003070.9:12875876-12876928	NC_003076.8	92.771	83	5	1	1	82	22232264	22232182	2.36e-25	119
NC_003070.9:12875876-12876928	NC_003076.8	84.034	119	16	3	1532	1647	13892249	13892131	3.95e-23	111
NC_003070.9:12875876-12876928	NC_003076.8	100.000	54	0	0	1333	1386	15576716	15576663	8.55e-20	100
NC_003070.9:12875876-12876928	NC_003076.8	77.957	186	14	17	314	473	19670974	19671158	5.14e-17	91.6
NC_003070.9:12875876-12876928	NC_003076.8	96.296	54	2	0	1333	1386	21776322	21776269	1.85e-16	89.8
NC_003070.9:12875876-12876928	NC_003076.8	100.000	28	0	0	593	620	4781553	4781526	2.43e-05	52.8
NC_003070.9:12875876-12876928	NC_003076.8	100.000	28	0	0	593	620	19741917	19741890	2.43e-05	52.8
NC_003070.9:12875876-12876928	NC_003075.7	97.251	764	17	4	748	1509	11193417	11192656	0.0	1291
NC_003070.9:12875876-12876928	NC_003075.7	96.373	772	22	6	741	1509	1001064	1000296	0.0	1266
NC_003070.9:12875876-12876928	NC_003075.7	95.984	772	26	5	741	1509	8064552	8065321	0.0	1249
NC_003070.9:12875876-12876928	NC_003075.7	95.855	772	18	7	741	1509	8729541	8728781	0.0	1236
NC_003070.9:12875876-12876928	NC_003075.7	95.817	765	26	6	747	1507	6166312	6165550	0.0	1230
NC_003070.9:12875876-12876928	NC_003075.7	95.472	773	19	7	741	1509	5540461	5539701	0.0	1219
NC_003070.9:12875876-12876928	NC_003075.7	95.401	761	30	5	753	1509	371928	371169	0.0	1206
NC_003070.9:12875876-12876928	NC_003075.7	94.948	772	24	8	743	1509	11361801	11362562	0.0	1195
NC_003070.9:12875876-12876928	NC_003075.7	94.689	772	29	5	741	1509	1350513	1351275	0.0	1188
NC_003070.9:12875876-12876928	NC_003075.7	93.402	773	22	10	741	1509	4147052	4147799	0.0	1118
NC_003070.9:12875876-12876928	NC_003075.7	96.935	620	14	4	892	1509	16864262	16863646	0.0	1035
NC_003070.9:12875876-12876928	NC_003075.7	95.717	467	15	5	1046	1509	965061	964597	0.0	747
NC_003070.9:12875876-12876928	NC_003075.7	97.066	409	9	3	1103	1509	683570	683977	0.0	686
NC_003070.9:12875876-12876928	NC_003075.7	85.694	706	15	52	1	620	5541389	5540684	0.0	665
NC_003070.9:12875876-12876928	NC_003075.7	96.907	388	10	2	1124	1509	10396119	10395732	0.0	649
NC_003070.9:12875876-12876928	NC_003075.7	84.113	705	25	52	1	620	16865070	16864368	1.92e-170	601
NC_003070.9:12875876-12876928	NC_003075.7	83.994	706	27	51	1	620	1349585	1350290	6.91e-170	599
NC_003070.9:12875876-12876928	NC_003075.7	83.853	706	26	53	1	620	4146126	4146829	1.16e-167	592
NC_003070.9:12875876-12876928	NC_003075.7	83.830	705	28	53	1	620	8730453	8729750	1.16e-167	592
NC_003070.9:12875876-12876928	NC_003075.7	83.734	707	28	50	1	620	11360870	11361576	1.50e-166	588
NC_003070.9:12875876-12876928	NC_003075.7	97.833	323	6	1	741	1062	10396442	10396120	4.22e-157	556
NC_003070.9:12875876-12876928	NC_003075.7	87.048	525	27	26	1	485	9842608	9842085	1.52e-156	555
NC_003070.9:12875876-12876928	NC_003075.7	86.692	526	29	25	1	485	1002007	1001482	9.13e-154	545
NC_003070.9:12875876-12876928	NC_003075.7	86.667	525	30	24	1	485	9763814	9763290	9.13e-154	545
NC_003070.9:12875876-12876928	NC_003075.7	96.815	314	9	1	748	1061	965646	965334	4.28e-147	523
NC_003070.9:12875876-12876928	NC_003075.7	82.995	641	38	39	1	570	10397385	10396745	2.58e-144	514
NC_003070.9:12875876-12876928	NC_003075.7	82.867	572	44	40	1	522	2622006	2621439	2.63e-129	464
NC_003070.9:12875876-12876928	NC_003075.7	86.199	442	24	24	80	485	8063692	8064132	3.43e-123	444
NC_003070.9:12875876-12876928	NC_003075.7	92.885	253	12	4	1	247	7853533	7853281	9.87e-99	363
NC_003070.9:12875876-12876928	NC_003075.7	96.373	193	6	1	748	940	683366	683557	7.80e-85	316
NC_003070.9:12875876-12876928	NC_003075.7	87.597	258	20	11	1	250	7060698	7060445	1.70e-76	289
NC_003070.9:12875876-12876928	NC_003075.7	86.873	259	23	10	1	250	6178448	6178704	1.02e-73	279
NC_003070.9:12875876-12876928	NC_003075.7	87.097	248	22	9	1	240	5354114	5354359	1.71e-71	272
NC_003070.9:12875876-12876928	NC_003075.7	83.658	257	22	9	1	250	314269	314026	4.86e-57	224
NC_003070.9:12875876-12876928	NC_003075.7	82.182	275	18	20	229	473	6178585	6178858	4.90e-52	207
NC_003070.9:12875876-12876928	NC_003075.7	98.276	116	2	0	1532	1647	5539433	5539318	6.33e-51	204
NC_003070.9:12875876-12876928	NC_003075.7	82.422	256	18	15	1	250	6279022	6279256	2.95e-49	198
NC_003070.9:12875876-12876928	NC_003075.7	82.264	265	14	22	240	473	9438920	9439182	2.95e-49	198
NC_003070.9:12875876-12876928	NC_003075.7	81.206	282	17	26	225	473	6279131	6279409	3.81e-48	195
NC_003070.9:12875876-12876928	NC_003075.7	81.588	277	14	23	229	473	7060559	7060288	3.81e-48	195
NC_003070.9:12875876-12876928	NC_003075.7	95.082	122	6	0	743	864	8802274	8802395	1.37e-47	193
NC_003070.9:12875876-12876928	NC_003075.7	90.909	143	4	6	1	137	8063577	8063716	8.25e-45	183
NC_003070.9:12875876-12876928	NC_003075.7	84.663	163	18	7	1309	1468	7593705	7593547	1.80e-36	156
NC_003070.9:12875876-12876928	NC_003075.7	94.737	95	4	1	1293	1386	8802411	8802505	1.08e-33	147
NC_003070.9:12875876-12876928	NC_003075.7	97.590	83	1	1	1	82	2520884	2520966	5.04e-32	141
NC_003070.9:12875876-12876928	NC_003075.7	97.561	82	1	1	1	81	683213	683294	1.81e-31	139
NC_003070.9:12875876-12876928	NC_003075.7	96.386	83	2	1	1	82	372086	372004	2.34e-30	135
NC_003070.9:12875876-12876928	NC_003075.7	97.500	80	1	1	4	82	11193567	11193488	2.34e-30	135
NC_003070.9:12875876-12876928	NC_003075.7	95.181	83	3	1	1	82	14390988	14390906	1.09e-28	130
NC_003070.9:12875876-12876928	NC_003075.7	91.566	83	6	1	1	82	6166464	6166382	1.10e-23	113
NC_003070.9:12875876-12876928	NC_003075.7	98.077	52	1	0	743	794	14390841	14390790	5.14e-17	91.6
NC_003070.9:12875876-12876928	NC_003075.7	78.788	165	11	14	423	564	3897076	3896913	1.85e-16	89.8
NC_003070.9:12875876-12876928	NC_003075.7	100.000	28	0	0	593	620	9763123	9763096	2.43e-05	52.8
NC_003070.9:12875876-12876928	NC_003075.7	100.000	28	0	0	593	620	9841917	9841890	2.43e-05	52.8
NC_003070.9:12875876-12876928	NC_003071.7	95.995	774	25	6	741	1509	12801941	12802713	0.0	1253
NC_003070.9:12875876-12876928	NC_003071.7	96.114	772	23	7	741	1509	13267858	13268625	0.0	1253
NC_003070.9:12875876-12876928	NC_003071.7	95.984	772	17	7	741	1509	13907810	13907050	0.0	1242
NC_003070.9:12875876-12876928	NC_003071.7	95.472	773	20	7	741	1509	11286209	11285448	0.0	1219
NC_003070.9:12875876-12876928	NC_003071.7	95.681	764	22	7	748	1509	7814539	7813785	0.0	1218
NC_003070.9:12875876-12876928	NC_003071.7	95.460	771	19	9	743	1509	395725	394967	0.0	1216
NC_003070.9:12875876-12876928	NC_003071.7	95.084	773	25	6	741	1509	500914	501677	0.0	1205
NC_003070.9:12875876-12876928	NC_003071.7	95.078	772	23	7	741	1509	17254300	17253541	0.0	1201
NC_003070.9:12875876-12876928	NC_003071.7	95.078	772	21	6	741	1509	6924431	6923674	0.0	1199
NC_003070.9:12875876-12876928	NC_003071.7	94.895	764	33	6	748	1509	7169372	7168613	0.0	1190
NC_003070.9:12875876-12876928	NC_003071.7	96.296	702	21	5	810	1509	12093447	12092749	0.0	1147
NC_003070.9:12875876-12876928	NC_003071.7	95.783	664	21	5	850	1509	6663080	6663740	0.0	1064
NC_003070.9:12875876-12876928	NC_003071.7	96.388	609	16	5	893	1496	543175	543782	0.0	998
NC_003070.9:12875876-12876928	NC_003071.7	96.523	604	17	4	895	1496	14334657	14335258	0.0	996
NC_003070.9:12875876-12876928	NC_003071.7	96.796	593	14	5	919	1509	6803425	6804014	0.0	985
NC_003070.9:12875876-12876928	NC_003071.7	96.407	501	15	3	1011	1509	13336704	13336205	0.0	822
NC_003070.9:12875876-12876928	NC_003071.7	95.277	487	10	8	1033	1509	7960700	7961183	0.0	760
NC_003070.9:12875876-12876928	NC_003071.7	94.070	489	16	6	743	1227	708361	708840	0.0	730
NC_003070.9:12875876-12876928	NC_003071.7	94.518	456	11	7	743	1195	13337148	13336704	0.0	691
NC_003070.9:12875876-12876928	NC_003071.7	97.066	409	9	3	1103	1509	7112140	7112547	0.0	686
NC_003070.9:12875876-12876928	NC_003071.7	96.088	409	11	4	1103	1509	6101020	6100615	0.0	662
NC_003070.9:12875876-12876928	NC_003071.7	84.419	706	24	52	1	620	7154736	7154031	6.86e-175	616
NC_003070.9:12875876-12876928	NC_003071.7	84.113	705	26	53	1	620	13908721	13908018	5.34e-171	603
NC_003070.9:12875876-12876928	NC_003071.7	84.040	708	25	56	1	620	17255233	17254526	1.92e-170	601
NC_003070.9:12875876-12876928	NC_003071.7	83.898	708	26	53	1	620	12094425	12093718	8.94e-169	595
NC_003070.9:12875876-12876928	NC_003071.7	83.876	707	27	51	1	620	499985	500691	3.22e-168	593
NC_003070.9:12875876-12876928	NC_003071.7	82.560	711	36	51	1	624	707442	708151	9.13e-154	545
NC_003070.9:12875876-12876928	NC_003071.7	83.826	643	30	44	1	570	12800994	12801635	3.29e-153	544
NC_003070.9:12875876-12876928	NC_003071.7	83.876	645	27	47	1	570	14333785	14334427	3.29e-153	544
NC_003070.9:12875876-12876928	NC_003071.7	82.578	706	36	50	1	620	13338077	13337373	1.18e-152	542
NC_003070.9:12875876-12876928	NC_003071.7	83.075	644	34	44	1	570	542308	542950	7.16e-145	516
NC_003070.9:12875876-12876928	NC_003071.7	93.623	345	16	6	1168	1509	3213046	3212705	3.33e-143	510
NC_003070.9:12875876-12876928	NC_003071.7	85.389	527	35	27	1	485	6925377	6924851	1.20e-142	508
NC_003070.9:12875876-12876928	NC_003071.7	98.270	289	3	1	1103	1391	4024558	4024844	1.55e-141	505
NC_003070.9:12875876-12876928	NC_003071.7	81.593	728	25	61	1	620	11287161	11286435	2.01e-140	501
NC_003070.9:12875876-12876928	NC_003071.7	84.791	526	37	27	1	485	13266915	13267438	1.56e-136	488
NC_003070.9:12875876-12876928	NC_003071.7	96.599	294	6	4	1218	1509	709400	709691	2.02e-135	484
NC_003070.9:12875876-12876928	NC_003071.7	95.410	305	10	4	1103	1405	980261	979959	7.26e-135	483
NC_003070.9:12875876-12876928	NC_003071.7	81.426	603	29	47	100	620	396551	395950	7.47e-115	416
NC_003070.9:12875876-12876928	NC_003071.7	95.181	249	11	1	747	995	7959943	7960190	1.26e-107	392
NC_003070.9:12875876-12876928	NC_003071.7	95.434	219	7	3	1293	1509	3564666	3564883	9.94e-94	346
NC_003070.9:12875876-12876928	NC_003071.7	96.891	193	5	1	748	940	4024354	4024545	1.68e-86	322
NC_003070.9:12875876-12876928	NC_003071.7	97.354	189	5	0	748	936	7111936	7112124	1.68e-86	322
NC_003070.9:12875876-12876928	NC_003071.7	96.277	188	7	0	748	935	980464	980277	1.30e-82	309
NC_003070.9:12875876-12876928	NC_003071.7	88.031	259	21	9	1	250	11399377	11399120	2.82e-79	298
NC_003070.9:12875876-12876928	NC_003071.7	88.031	259	21	9	1	250	19196757	19196500	2.82e-79	298
NC_003070.9:12875876-12876928	NC_003071.7	87.938	257	23	8	1	250	6099530	6099785	1.02e-78	296
NC_003070.9:12875876-12876928	NC_003071.7	95.652	184	7	1	758	941	6101214	6101032	3.65e-78	294
NC_003070.9:12875876-12876928	NC_003071.7	86.822	258	24	9	1	249	1460925	1460669	1.02e-73	279
NC_003070.9:12875876-12876928	NC_003071.7	85.328	259	22	12	1	249	6384054	6383802	6.20e-66	254
NC_003070.9:12875876-12876928	NC_003071.7	84.307	274	13	19	229	473	6099666	6099938	4.83e-62	241
NC_003070.9:12875876-12876928	NC_003071.7	83.636	275	14	19	225	471	11399241	11398970	1.04e-58	230
NC_003070.9:12875876-12876928	NC_003071.7	83.636	275	14	19	229	473	12556068	12555795	1.04e-58	230
NC_003070.9:12875876-12876928	NC_003071.7	82.545	275	17	18	229	473	19196619	19196346	1.05e-53	213
NC_003070.9:12875876-12876928	NC_003071.7	82.182	275	18	19	229	473	1460787	1460514	4.90e-52	207
NC_003070.9:12875876-12876928	NC_003071.7	82.593	270	14	22	235	473	10468943	10468676	4.90e-52	207
NC_003070.9:12875876-12876928	NC_003071.7	95.763	118	5	0	747	864	3564533	3564650	4.93e-47	191
NC_003070.9:12875876-12876928	NC_003071.7	81.439	264	17	20	240	473	5466870	5466609	6.38e-46	187
NC_003070.9:12875876-12876928	NC_003071.7	96.396	111	4	0	747	857	3213202	3213092	8.25e-45	183
NC_003070.9:12875876-12876928	NC_003071.7	86.286	175	16	5	229	397	5843836	5843664	8.25e-45	183
NC_003070.9:12875876-12876928	NC_003071.7	94.595	111	6	0	748	858	6661114	6661224	1.79e-41	172
NC_003070.9:12875876-12876928	NC_003071.7	98.795	83	0	1	1	82	3213354	3213272	1.08e-33	147
NC_003070.9:12875876-12876928	NC_003071.7	96.629	89	1	2	1	88	7814691	7814604	1.08e-33	147
NC_003070.9:12875876-12876928	NC_003071.7	96.591	88	2	1	1	88	3564382	3564468	3.89e-33	145
NC_003070.9:12875876-12876928	NC_003071.7	92.233	103	7	1	742	843	7153807	7153705	3.89e-33	145
NC_003070.9:12875876-12876928	NC_003071.7	95.506	89	2	2	1	88	2962805	2962718	5.04e-32	141
NC_003070.9:12875876-12876928	NC_003071.7	97.590	83	1	1	1	82	4024201	4024283	5.04e-32	141
NC_003070.9:12875876-12876928	NC_003071.7	97.531	81	2	0	1	81	7111784	7111864	1.81e-31	139
NC_003070.9:12875876-12876928	NC_003071.7	96.386	83	3	0	747	829	2962653	2962571	6.51e-31	137
NC_003070.9:12875876-12876928	NC_003071.7	96.386	83	2	1	1	82	980617	980535	2.34e-30	135
NC_003070.9:12875876-12876928	NC_003071.7	97.403	77	1	1	1	76	7169524	7169448	1.09e-28	130
NC_003070.9:12875876-12876928	NC_003071.7	97.015	67	1	1	17	82	7959807	7959873	3.95e-23	111
NC_003070.9:12875876-12876928	NC_003071.7	96.296	54	2	0	748	801	6101267	6101214	1.85e-16	89.8
NC_003070.9:12875876-12876928	NC_003071.7	90.741	54	4	1	741	793	12093495	12093442	6.70e-11	71.3
NC_003070.9:12517267-12518588	NC_003070.9	97.726	1319	0	30	1	1289	11032189	11033507	0.0	2242
NC_003070.9:12517267-12518588	NC_003070.9	97.726	1319	0	29	1	1289	12517270	12518588	0.0	2242
NC_003070.9:12517267-12518588	NC_003070.9	94.118	51	2	1	782	832	17929723	17929772	1.12e-12	76.8
NC_003070.9:12517267-12518588	NC_003070.9	76.000	150	30	5	1	147	19722453	19722307	1.45e-11	73.1
NC_003070.9:12517267-12518588	NC_003071.7	89.362	94	8	2	1	92	6519270	6519363	6.61e-25	117
NC_003070.9:12517267-12518588	NC_003071.7	93.333	45	1	2	782	826	6805103	6805145	2.43e-09	65.8
NC_003070.9:12517267-12518588	NC_003071.7	91.667	48	2	2	790	836	11964593	11964547	2.43e-09	65.8
NC_003070.9:12517267-12518588	NC_003075.7	90.476	63	5	1	774	836	6238896	6238835	2.41e-14	82.4
NC_003070.9:12517267-12518588	NC_003075.7	92.727	55	1	3	783	836	8458368	8458420	1.12e-12	76.8
NC_003070.9:12517267-12518588	NC_003074.8	83.516	91	11	3	1	88	14563488	14563399	2.41e-14	82.4
NC_003070.9:12517267-12518588	NC_003074.8	79.439	107	16	6	1	103	14671112	14671008	5.22e-11	71.3
NC_003070.9:12517267-12518588	NC_003074.8	82.667	75	11	1	1	73	16669736	16669810	2.43e-09	65.8
NC_003070.9:12517267-12518588	NC_003076.8	93.750	48	1	2	790	836	14432489	14432535	5.22e-11	71.3
NC_003070.9:12517267-12518588	NC_003076.8	93.750	48	1	2	790	836	14491789	14491835	5.22e-11	71.3
NC_003070.9:12517267-12518588	NC_003076.8	92.000	50	3	1	783	832	13467307	13467355	1.88e-10	69.4
NC_003074.8:19536475-19537816	NC_003076.8	98.646	1329	0	18	1	1311	19153746	19152418	0.0	2338
NC_003074.8:19536475-19537816	NC_003076.8	88.502	574	38	15	649	1199	16373015	16372447	0.0	669
NC_003074.8:19536475-19537816	NC_003076.8	90.909	473	28	14	151	612	16374337	16373869	1.17e-176	621
NC_003074.8:19536475-19537816	NC_003076.8	93.243	74	2	3	1	72	15162255	15162327	1.46e-21	106
NC_003074.8:19536475-19537816	NC_003076.8	96.721	61	1	1	1	60	9866841	9866901	6.77e-20	100
NC_003074.8:19536475-19537816	NC_003076.8	91.892	74	3	3	1	72	15536012	15535940	6.77e-20	100
NC_003074.8:19536475-19537816	NC_003076.8	91.781	73	5	1	1	72	17481151	17481223	6.77e-20	100
NC_003074.8:19536475-19537816	NC_003076.8	91.549	71	5	1	1	70	7488977	7488907	8.76e-19	97.1
NC_003074.8:19536475-19537816	NC_003076.8	86.585	82	8	3	1	80	9558216	9558136	5.27e-16	87.9
NC_003074.8:19536475-19537816	NC_003076.8	86.585	82	8	3	1	80	14104208	14104128	5.27e-16	87.9
NC_003074.8:19536475-19537816	NC_003076.8	91.935	62	3	2	1	60	16712851	16712912	1.90e-15	86.1
NC_003074.8:19536475-19537816	NC_003076.8	91.935	62	3	2	1	60	24117960	24118021	1.90e-15	86.1
NC_003074.8:19536475-19537816	NC_003076.8	87.838	74	6	3	1	72	22020973	22021045	6.82e-15	84.2
NC_003074.8:19536475-19537816	NC_003076.8	85.366	82	9	3	1	80	14880216	14880296	2.45e-14	82.4
NC_003074.8:19536475-19537816	NC_003076.8	84.146	82	10	3	1	80	7417331	7417411	1.14e-12	76.8
NC_003074.8:19536475-19537816	NC_003076.8	84.146	82	10	3	1	80	13892686	13892606	1.14e-12	76.8
NC_003074.8:19536475-19537816	NC_003076.8	84.146	82	10	3	1	80	15659431	15659351	1.14e-12	76.8
NC_003074.8:19536475-19537816	NC_003076.8	92.593	54	3	1	616	669	16373897	16373845	1.14e-12	76.8
NC_003074.8:19536475-19537816	NC_003076.8	83.333	84	10	4	1	81	7701181	7701099	4.11e-12	75.0
NC_003074.8:19536475-19537816	NC_003076.8	82.927	82	11	3	1	80	16870923	16871003	5.31e-11	71.3
NC_003074.8:19536475-19537816	NC_003076.8	82.143	84	11	4	1	81	6702418	6702336	1.91e-10	69.4
NC_003074.8:19536475-19537816	NC_003076.8	87.097	62	6	2	1	60	20674822	20674761	1.91e-10	69.4
NC_003074.8:19536475-19537816	NC_003076.8	95.122	41	1	1	1	40	8280718	8280758	8.89e-09	63.9
NC_003074.8:19536475-19537816	NC_003074.8	98.646	1329	0	17	1	1311	19537816	19536488	0.0	2338
NC_003074.8:19536475-19537816	NC_003074.8	86.581	1252	64	55	1	1206	16224234	16225427	0.0	1286
NC_003074.8:19536475-19537816	NC_003074.8	86.502	1252	66	55	1	1206	16062887	16061693	0.0	1280
NC_003074.8:19536475-19537816	NC_003074.8	86.034	1253	71	56	1	1206	16100860	16099665	0.0	1249
NC_003074.8:19536475-19537816	NC_003074.8	86.457	1174	61	50	1	1132	16042283	16041166	0.0	1197
NC_003074.8:19536475-19537816	NC_003074.8	92.241	232	13	5	980	1206	16213458	16213689	3.69e-87	324
NC_003074.8:19536475-19537816	NC_003074.8	93.151	73	4	1	1	72	8596967	8596895	1.46e-21	106
NC_003074.8:19536475-19537816	NC_003074.8	91.781	73	5	1	1	72	20770464	20770392	6.77e-20	100
NC_003074.8:19536475-19537816	NC_003074.8	91.667	72	3	3	1	70	16677616	16677686	8.76e-19	97.1
NC_003074.8:19536475-19537816	NC_003074.8	90.541	74	4	3	1	72	16535294	16535222	3.15e-18	95.3
NC_003074.8:19536475-19537816	NC_003074.8	91.549	71	3	3	1	69	16902332	16902401	3.15e-18	95.3
NC_003074.8:19536475-19537816	NC_003074.8	89.041	73	7	1	1	72	19529023	19529095	1.47e-16	89.8
NC_003074.8:19536475-19537816	NC_003074.8	85.185	81	10	2	1	80	7766062	7766141	2.45e-14	82.4
NC_003074.8:19536475-19537816	NC_003074.8	86.486	74	7	3	1	72	10900762	10900834	3.17e-13	78.7
NC_003074.8:19536475-19537816	NC_003074.8	88.710	62	5	2	1	60	15918691	15918630	4.11e-12	75.0
NC_003074.8:19536475-19537816	NC_003074.8	88.525	61	5	2	2	60	16235708	16235648	1.48e-11	73.1
NC_003074.8:19536475-19537816	NC_003074.8	87.097	62	6	2	1	60	7659521	7659460	1.91e-10	69.4
NC_003074.8:19536475-19537816	NC_003074.8	82.716	81	11	3	1	79	10082828	10082749	1.91e-10	69.4
NC_003074.8:19536475-19537816	NC_003074.8	87.097	62	6	2	1	60	19739757	19739818	1.91e-10	69.4
NC_003074.8:19536475-19537816	NC_003074.8	100.000	29	0	0	1	29	9540459	9540487	5.35e-06	54.7
NC_003074.8:19536475-19537816	NC_003074.8	100.000	29	0	0	1	29	18172792	18172764	5.35e-06	54.7
NC_003074.8:19536475-19537816	NC_003070.9	92.752	883	48	15	333	1199	21104416	21103534	0.0	1262
NC_003074.8:19536475-19537816	NC_003070.9	88.169	710	36	25	1	666	3498957	3498252	0.0	802
NC_003074.8:19536475-19537816	NC_003070.9	83.178	535	51	19	649	1170	13750355	13749847	4.51e-126	453
NC_003074.8:19536475-19537816	NC_003070.9	89.344	244	13	6	1	240	13065233	13064999	2.90e-78	294
NC_003074.8:19536475-19537816	NC_003070.9	85.465	172	14	7	1	162	21105189	21105019	1.83e-40	169
NC_003074.8:19536475-19537816	NC_003070.9	93.151	73	4	1	1	72	9385033	9384961	1.46e-21	106
NC_003074.8:19536475-19537816	NC_003070.9	93.151	73	4	1	1	72	18301142	18301070	1.46e-21	106
NC_003074.8:19536475-19537816	NC_003070.9	91.892	74	3	3	1	72	10579424	10579496	6.77e-20	100
NC_003074.8:19536475-19537816	NC_003070.9	91.549	71	3	3	1	69	3762158	3762227	3.15e-18	95.3
NC_003074.8:19536475-19537816	NC_003070.9	89.041	73	7	1	1	72	6514476	6514548	1.47e-16	89.8
NC_003074.8:19536475-19537816	NC_003070.9	91.935	62	3	2	1	60	9919332	9919271	1.90e-15	86.1
NC_003074.8:19536475-19537816	NC_003070.9	90.625	64	4	2	1	62	19742138	19742075	6.82e-15	84.2
NC_003074.8:19536475-19537816	NC_003070.9	85.185	81	10	2	1	80	2473307	2473228	2.45e-14	82.4
NC_003074.8:19536475-19537816	NC_003070.9	85.366	82	9	3	1	80	21918434	21918514	2.45e-14	82.4
NC_003074.8:19536475-19537816	NC_003070.9	85.185	81	10	2	1	80	26880721	26880800	2.45e-14	82.4
NC_003074.8:19536475-19537816	NC_003070.9	90.323	62	4	2	1	60	8189961	8190022	8.83e-14	80.5
NC_003074.8:19536475-19537816	NC_003070.9	86.667	75	6	4	1	72	12618638	12618711	8.83e-14	80.5
NC_003074.8:19536475-19537816	NC_003070.9	90.476	63	2	4	1	60	12993595	12993534	8.83e-14	80.5
NC_003074.8:19536475-19537816	NC_003070.9	90.323	62	4	2	1	60	18766618	18766557	8.83e-14	80.5
NC_003074.8:19536475-19537816	NC_003070.9	84.146	82	10	3	1	80	16401003	16400923	1.14e-12	76.8
NC_003074.8:19536475-19537816	NC_003070.9	88.710	62	5	2	1	60	6219140	6219079	4.11e-12	75.0
NC_003074.8:19536475-19537816	NC_003070.9	88.710	62	5	2	1	60	12183991	12183930	4.11e-12	75.0
NC_003074.8:19536475-19537816	NC_003070.9	88.710	62	5	2	1	60	17605550	17605611	4.11e-12	75.0
NC_003074.8:19536475-19537816	NC_003070.9	88.710	62	5	2	1	60	26306960	26307021	4.11e-12	75.0
NC_003074.8:19536475-19537816	NC_003070.9	82.927	82	11	3	1	80	5899755	5899675	5.31e-11	71.3
NC_003074.8:19536475-19537816	NC_003070.9	82.927	82	11	3	1	80	23125693	23125613	5.31e-11	71.3
NC_003074.8:19536475-19537816	NC_003070.9	87.097	62	6	2	1	60	27240719	27240780	1.91e-10	69.4
NC_003074.8:19536475-19537816	NC_003071.7	91.429	245	15	6	1	240	1618253	1618010	2.21e-89	331
NC_003074.8:19536475-19537816	NC_003071.7	93.243	74	2	3	1	72	3198502	3198430	1.46e-21	106
NC_003074.8:19536475-19537816	NC_003071.7	91.781	73	5	1	1	72	10070964	10070892	6.77e-20	100
NC_003074.8:19536475-19537816	NC_003071.7	90.667	75	6	1	1	74	11909720	11909646	2.44e-19	99.0
NC_003074.8:19536475-19537816	NC_003071.7	90.541	74	4	3	1	72	6901191	6901263	3.15e-18	95.3
NC_003074.8:19536475-19537816	NC_003071.7	89.041	73	7	1	1	72	9029807	9029879	1.47e-16	89.8
NC_003074.8:19536475-19537816	NC_003071.7	88.889	72	7	1	2	72	2320063	2320134	5.27e-16	87.9
NC_003074.8:19536475-19537816	NC_003071.7	88.889	72	5	3	1	70	1322856	1322786	1.90e-15	86.1
NC_003074.8:19536475-19537816	NC_003071.7	85.366	82	9	3	1	80	6207151	6207071	2.45e-14	82.4
NC_003074.8:19536475-19537816	NC_003071.7	85.185	81	10	2	1	80	7340381	7340460	2.45e-14	82.4
NC_003074.8:19536475-19537816	NC_003071.7	85.366	82	9	3	1	80	9433091	9433171	2.45e-14	82.4
NC_003074.8:19536475-19537816	NC_003071.7	84.146	82	10	3	1	80	9860514	9860434	1.14e-12	76.8
NC_003074.8:19536475-19537816	NC_003071.7	83.333	84	10	4	1	81	9229179	9229097	4.11e-12	75.0
NC_003074.8:19536475-19537816	NC_003071.7	83.333	84	10	4	1	81	19623102	19623184	4.11e-12	75.0
NC_003074.8:19536475-19537816	NC_003071.7	97.619	42	1	0	976	1017	2919770	2919729	1.48e-11	73.1
NC_003074.8:19536475-19537816	NC_003075.7	83.770	191	19	9	1	182	5114008	5114195	5.09e-41	171
NC_003074.8:19536475-19537816	NC_003075.7	94.521	73	3	1	1	72	9192543	9192615	3.13e-23	111
NC_003074.8:19536475-19537816	NC_003075.7	90.411	73	6	1	1	72	6169229	6169157	3.15e-18	95.3
NC_003074.8:19536475-19537816	NC_003075.7	89.333	75	4	4	1	72	8899077	8899150	4.08e-17	91.6
NC_003074.8:19536475-19537816	NC_003075.7	89.189	74	5	3	1	72	1199585	1199513	1.47e-16	89.8
NC_003074.8:19536475-19537816	NC_003075.7	91.935	62	3	2	1	60	7652564	7652625	1.90e-15	86.1
NC_003074.8:19536475-19537816	NC_003075.7	87.838	74	6	3	1	72	7230735	7230807	6.82e-15	84.2
NC_003074.8:19536475-19537816	NC_003075.7	87.671	73	8	1	1	72	7384282	7384210	6.82e-15	84.2
NC_003074.8:19536475-19537816	NC_003075.7	87.013	77	7	3	1	75	7905771	7905846	6.82e-15	84.2
NC_003074.8:19536475-19537816	NC_003075.7	90.323	62	4	2	1	60	7154779	7154840	8.83e-14	80.5
NC_003074.8:19536475-19537816	NC_003075.7	90.323	62	4	2	1	60	12968438	12968377	8.83e-14	80.5
NC_003074.8:19536475-19537816	NC_003075.7	90.164	61	4	2	1	59	6427216	6427156	3.17e-13	78.7
NC_003074.8:19536475-19537816	NC_003075.7	90.164	61	4	2	2	60	14458283	14458223	3.17e-13	78.7
NC_003074.8:19536475-19537816	NC_003075.7	88.710	62	5	2	1	60	2040107	2040168	4.11e-12	75.0
NC_003074.8:19536475-19537816	NC_003075.7	82.927	82	11	3	1	80	12607047	12606967	5.31e-11	71.3
NC_003070.9:16791844-16792477	NC_003070.9	91.837	637	23	18	1	608	16791841	16792477	0.0	861
NC_003070.9:16791844-16792477	NC_003070.9	92.586	553	16	24	75	608	11806155	11806701	0.0	771
NC_003070.9:16791844-16792477	NC_003070.9	92.233	103	2	4	1	97	11805685	11805787	1.81e-32	141
NC_003070.9:16791844-16792477	NC_003070.9	87.234	94	7	4	2	91	11618279	11618187	8.54e-21	102
NC_003070.9:16791844-16792477	NC_003070.9	85.714	84	8	3	1	80	28750317	28750234	8.60e-16	86.1
NC_003070.9:16791844-16792477	NC_003071.7	91.840	625	27	19	4	608	7650362	7650982	0.0	850
NC_003070.9:16791844-16792477	NC_003071.7	94.402	518	15	13	104	607	7917326	7916809	0.0	784
NC_003070.9:16791844-16792477	NC_003071.7	88.889	90	6	4	5	91	2868068	2868156	1.84e-22	108
NC_003070.9:16791844-16792477	NC_003074.8	91.040	625	16	22	1	603	21472734	21472128	0.0	808
NC_003070.9:16791844-16792477	NC_003075.7	89.078	586	39	23	2	569	1357645	1357067	0.0	704
NC_003070.9:16791844-16792477	NC_003075.7	86.496	585	31	29	2	570	2673509	2674061	2.48e-170	599
NC_003070.9:16791844-16792477	NC_003075.7	85.542	83	8	3	2	80	2316525	2316443	3.09e-15	84.2
NC_003074.8:11110748-11112326	NC_003074.8	87.619	1575	52	108	3	1443	11110751	11112316	0.0	1696
NC_003074.8:11110748-11112326	NC_003074.8	88.645	1365	40	96	3	1266	11762553	11763903	0.0	1555
NC_003074.8:11110748-11112326	NC_003074.8	88.293	205	6	14	1256	1442	11765666	11765870	9.13e-59	230
NC_003074.8:11110748-11112326	NC_003071.7	83.618	1581	100	118	3	1443	2913288	2911727	0.0	1338
NC_003074.8:11110748-11112326	NC_003071.7	89.359	874	29	57	620	1442	2983898	2984758	0.0	1040
NC_003074.8:11110748-11112326	NC_003071.7	84.069	1155	68	93	3	1071	5591478	5592602	0.0	1007
NC_003074.8:11110748-11112326	NC_003071.7	78.182	1100	123	91	159	1183	127063	128120	2.81e-168	593
NC_003074.8:11110748-11112326	NC_003071.7	75.742	573	70	59	180	691	5114128	5113564	4.25e-57	224
NC_003074.8:11110748-11112326	NC_003076.8	85.355	1113	51	83	3	1037	14057349	14058427	0.0	1050
NC_003074.8:11110748-11112326	NC_003076.8	84.711	968	46	75	3	900	14439219	14440154	0.0	874
NC_003074.8:11110748-11112326	NC_003076.8	84.711	968	46	75	3	900	14498519	14499454	0.0	874
NC_003074.8:11110748-11112326	NC_003076.8	81.572	1107	95	86	53	1066	15146298	15147388	0.0	813
NC_003074.8:11110748-11112326	NC_003076.8	83.161	386	30	22	1085	1443	14058422	14058799	5.27e-86	320
NC_003074.8:11110748-11112326	NC_003076.8	86.695	233	11	15	1143	1361	14441236	14441462	4.22e-62	241
NC_003074.8:11110748-11112326	NC_003076.8	86.695	233	11	15	1143	1361	14500536	14500762	4.22e-62	241
NC_003074.8:11110748-11112326	NC_003070.9	80.853	1149	81	87	3	1045	15959912	15961027	0.0	774
NC_003070.9:16965847-16968238	NC_003076.8	95.766	2102	0	63	1	2013	10210112	10212213	0.0	3306
NC_003070.9:16965847-16968238	NC_003076.8	94.935	1007	24	26	864	1843	15386607	15385601	0.0	1552
NC_003070.9:16965847-16968238	NC_003076.8	94.597	1018	25	29	854	1843	13548226	13549241	0.0	1548
NC_003070.9:16965847-16968238	NC_003076.8	93.590	1014	33	30	854	1843	14004015	14005020	0.0	1483
NC_003070.9:16965847-16968238	NC_003076.8	91.904	914	14	29	1	856	13547011	13547922	0.0	1223
NC_003070.9:16965847-16968238	NC_003076.8	91.811	867	20	27	1	818	3116667	3115803	0.0	1160
NC_003070.9:16965847-16968238	NC_003076.8	90.420	929	15	34	1	856	14002784	14003711	0.0	1155
NC_003070.9:16965847-16968238	NC_003076.8	90.347	922	21	27	2	856	15387839	15386919	0.0	1147
NC_003070.9:16965847-16968238	NC_003076.8	90.713	883	16	26	1	818	14846589	14847470	0.0	1116
NC_003070.9:16965847-16968238	NC_003076.8	90.600	883	16	27	1	818	2603153	2604033	0.0	1109
NC_003070.9:16965847-16968238	NC_003076.8	90.568	880	17	26	4	818	26485402	26484524	0.0	1105
NC_003070.9:16965847-16968238	NC_003076.8	90.654	856	13	28	27	818	2189188	2188336	0.0	1075
NC_003070.9:16965847-16968238	NC_003076.8	89.659	880	27	36	1	818	13621995	13621118	0.0	1062
NC_003070.9:16965847-16968238	NC_003076.8	93.906	640	18	20	1224	1843	19420252	19420890	0.0	946
NC_003070.9:16965847-16968238	NC_003076.8	93.750	640	20	19	1224	1843	26483661	26483022	0.0	942
NC_003070.9:16965847-16968238	NC_003076.8	93.438	640	22	19	1224	1843	3114942	3114303	0.0	931
NC_003070.9:16965847-16968238	NC_003076.8	91.152	712	15	21	1	677	19418948	19419646	0.0	922
NC_003070.9:16965847-16968238	NC_003076.8	92.969	640	24	20	1224	1843	13620256	13619618	0.0	913
NC_003070.9:16965847-16968238	NC_003076.8	92.462	650	28	21	1224	1853	2604898	2605546	0.0	909
NC_003070.9:16965847-16968238	NC_003076.8	92.379	643	25	21	1224	1846	2187472	2186834	0.0	894
NC_003070.9:16965847-16968238	NC_003076.8	91.379	580	28	21	1285	1843	14848227	14848805	0.0	774
NC_003070.9:16965847-16968238	NC_003076.8	94.944	356	9	9	864	1211	26484153	26483799	8.66e-155	549
NC_003070.9:16965847-16968238	NC_003076.8	94.398	357	10	10	864	1211	2187965	2187610	5.21e-152	540
NC_003070.9:16965847-16968238	NC_003076.8	93.733	367	11	11	854	1211	2604397	2604760	5.21e-152	540
NC_003070.9:16965847-16968238	NC_003076.8	93.733	367	10	12	854	1211	19419759	19420121	1.88e-151	538
NC_003070.9:16965847-16968238	NC_003076.8	93.443	366	13	10	854	1211	14847834	14848196	8.73e-150	532
NC_003070.9:16965847-16968238	NC_003076.8	93.539	356	13	10	864	1211	3115433	3115080	1.89e-146	521
NC_003070.9:16965847-16968238	NC_003076.8	93.258	356	14	10	864	1211	13620747	13620394	8.79e-145	516
NC_003070.9:16965847-16968238	NC_003076.8	82.884	631	43	31	202	770	13608006	13607379	5.29e-142	507
NC_003070.9:16965847-16968238	NC_003076.8	91.594	345	15	13	1285	1618	2187579	2187238	3.23e-129	464
NC_003070.9:16965847-16968238	NC_003076.8	81.085	645	61	34	181	780	9827928	9827300	1.50e-127	459
NC_003070.9:16965847-16968238	NC_003076.8	90.652	353	21	12	1285	1626	13620363	13620012	1.50e-127	459
NC_003070.9:16965847-16968238	NC_003076.8	90.141	355	23	12	1283	1626	3115051	3114698	2.51e-125	451
NC_003070.9:16965847-16968238	NC_003076.8	90.286	350	22	12	1285	1623	2604791	2605139	3.25e-124	448
NC_003070.9:16965847-16968238	NC_003076.8	89.971	349	18	12	1285	1623	19420152	19420493	2.53e-120	435
NC_003070.9:16965847-16968238	NC_003076.8	88.952	353	27	12	1285	1626	26483768	26483417	1.52e-117	425
NC_003070.9:16965847-16968238	NC_003076.8	95.238	252	7	5	1224	1470	2605067	2605318	4.30e-108	394
NC_003070.9:16965847-16968238	NC_003076.8	95.102	245	7	5	1224	1463	26483492	26483248	3.34e-104	381
NC_003070.9:16965847-16968238	NC_003076.8	94.694	245	8	5	1224	1463	19420421	19420665	1.56e-102	375
NC_003070.9:16965847-16968238	NC_003076.8	94.286	245	9	5	1224	1463	3114773	3114529	7.24e-101	370
NC_003070.9:16965847-16968238	NC_003076.8	93.927	247	8	7	1224	1463	14848334	14848580	9.37e-100	366
NC_003070.9:16965847-16968238	NC_003076.8	93.878	245	10	5	1224	1463	10211566	10211810	3.37e-99	364
NC_003070.9:16965847-16968238	NC_003076.8	93.469	245	10	6	1224	1463	13620087	13619844	1.57e-97	359
NC_003070.9:16965847-16968238	NC_003076.8	93.469	245	9	6	1224	1463	2187305	2187063	5.64e-97	357
NC_003070.9:16965847-16968238	NC_003076.8	92.653	245	13	5	1224	1463	15386071	15385827	3.39e-94	348
NC_003070.9:16965847-16968238	NC_003076.8	92.653	245	10	8	1390	1626	10211397	10211641	1.22e-93	346
NC_003070.9:16965847-16968238	NC_003076.8	91.870	246	15	5	1224	1464	14004560	14004805	2.04e-91	339
NC_003070.9:16965847-16968238	NC_003076.8	91.903	247	12	8	1388	1626	15386242	15385996	2.04e-91	339
NC_003070.9:16965847-16968238	NC_003076.8	91.429	245	13	7	1390	1626	13548602	13548846	1.23e-88	329
NC_003070.9:16965847-16968238	NC_003076.8	90.612	245	18	5	1224	1463	13548771	13549015	7.40e-86	320
NC_003070.9:16965847-16968238	NC_003076.8	89.796	245	17	7	1390	1626	14004391	14004635	5.76e-82	307
NC_003070.9:16965847-16968238	NC_003076.8	91.304	184	9	7	1449	1626	13620363	13620181	4.58e-63	244
NC_003070.9:16965847-16968238	NC_003076.8	90.860	186	10	7	1447	1626	3115051	3114867	1.65e-62	243
NC_003070.9:16965847-16968238	NC_003076.8	90.710	183	8	8	1449	1623	14848227	14848408	2.76e-60	235
NC_003070.9:16965847-16968238	NC_003076.8	90.608	181	10	7	1449	1623	2604791	2604970	9.91e-60	233
NC_003070.9:16965847-16968238	NC_003076.8	97.403	77	2	0	1224	1300	14004729	14004805	3.72e-29	132
NC_003070.9:16965847-16968238	NC_003076.8	95.181	83	3	1	1224	1305	2605236	2605318	1.34e-28	130
NC_003070.9:16965847-16968238	NC_003076.8	98.630	73	1	0	1224	1296	10211735	10211807	1.34e-28	130
NC_003070.9:16965847-16968238	NC_003076.8	97.260	73	2	0	1224	1296	13548940	13549012	6.22e-27	124
NC_003070.9:16965847-16968238	NC_003076.8	96.053	76	3	0	1224	1299	13619919	13619844	6.22e-27	124
NC_003070.9:16965847-16968238	NC_003076.8	96.053	76	3	0	1224	1299	15385902	15385827	6.22e-27	124
NC_003070.9:16965847-16968238	NC_003076.8	96.053	76	3	0	1224	1299	26483323	26483248	6.22e-27	124
NC_003070.9:16965847-16968238	NC_003076.8	95.890	73	3	0	1224	1296	19420590	19420662	2.90e-25	119
NC_003070.9:16965847-16968238	NC_003076.8	94.521	73	4	0	1224	1296	14848505	14848577	1.35e-23	113
NC_003070.9:16965847-16968238	NC_003076.8	92.208	77	1	4	1555	1626	10211397	10211473	8.11e-21	104
NC_003070.9:16965847-16968238	NC_003076.8	91.026	78	3	3	1553	1626	15386242	15386165	2.92e-20	102
NC_003070.9:16965847-16968238	NC_003076.8	100.000	28	0	0	1988	2015	9557684	9557657	2.98e-05	52.8
NC_003070.9:16965847-16968238	NC_003076.8	100.000	28	0	0	1988	2015	15882741	15882768	2.98e-05	52.8
NC_003070.9:16965847-16968238	NC_003076.8	100.000	28	0	0	1988	2015	17796163	17796136	2.98e-05	52.8
NC_003070.9:16965847-16968238	NC_003076.8	88.636	44	4	1	1973	2015	24475332	24475289	2.98e-05	52.8
NC_003070.9:16965847-16968238	NC_003076.8	100.000	28	0	0	1988	2015	26787131	26787104	2.98e-05	52.8
NC_003070.9:16965847-16968238	NC_003070.9	93.352	1444	12	38	1	1361	26781147	26779705	0.0	2058
NC_003070.9:16965847-16968238	NC_003070.9	96.970	1188	0	32	864	2015	16967032	16965845	0.0	1962
NC_003070.9:16965847-16968238	NC_003070.9	95.642	895	0	21	1	856	16968238	16967344	0.0	1400
NC_003070.9:16965847-16968238	NC_003070.9	90.568	880	18	31	2	818	11706451	11707328	0.0	1105
NC_003070.9:16965847-16968238	NC_003070.9	89.262	922	27	30	1	856	7281722	7282637	0.0	1088
NC_003070.9:16965847-16968238	NC_003070.9	90.034	883	20	29	1	818	20972073	20972952	0.0	1081
NC_003070.9:16965847-16968238	NC_003070.9	89.694	883	17	31	1	818	11410300	11409427	0.0	1059
NC_003070.9:16965847-16968238	NC_003070.9	89.140	884	27	28	1	818	16593135	16592255	0.0	1037
NC_003070.9:16965847-16968238	NC_003070.9	94.375	640	16	19	1224	1843	11708192	11708831	0.0	965
NC_003070.9:16965847-16968238	NC_003070.9	94.219	640	17	19	1224	1843	7283442	7284081	0.0	959
NC_003070.9:16965847-16968238	NC_003070.9	86.732	912	54	39	1	856	16987734	16988634	0.0	952
NC_003070.9:16965847-16968238	NC_003070.9	93.798	645	18	22	1227	1851	11408395	11407753	0.0	950
NC_003070.9:16965847-16968238	NC_003070.9	93.313	643	23	20	1224	1846	16591393	16590751	0.0	931
NC_003070.9:16965847-16968238	NC_003070.9	94.435	611	15	18	1224	1815	759895	760505	0.0	922
NC_003070.9:16965847-16968238	NC_003070.9	90.871	712	17	21	1	677	758590	759288	0.0	911
NC_003070.9:16965847-16968238	NC_003070.9	92.955	582	17	22	1285	1846	20973725	20974302	0.0	826
NC_003070.9:16965847-16968238	NC_003070.9	91.192	579	31	19	1285	1843	16989369	16989947	0.0	769
NC_003070.9:16965847-16968238	NC_003070.9	93.319	464	13	17	1401	1847	26779719	26779257	0.0	669
NC_003070.9:16965847-16968238	NC_003070.9	94.203	414	13	11	1224	1626	11408567	11408154	1.81e-176	621
NC_003070.9:16965847-16968238	NC_003070.9	94.536	366	9	10	854	1211	20973315	20973677	1.86e-156	555
NC_003070.9:16965847-16968238	NC_003070.9	93.733	367	11	11	854	1211	11707691	11708054	5.21e-152	540
NC_003070.9:16965847-16968238	NC_003070.9	94.382	356	11	9	864	1211	16591885	16591531	1.88e-151	538
NC_003070.9:16965847-16968238	NC_003070.9	93.699	365	11	11	854	1209	7282941	7283302	6.75e-151	536
NC_003070.9:16965847-16968238	NC_003070.9	93.188	367	13	11	854	1211	759401	759764	1.13e-148	529
NC_003070.9:16965847-16968238	NC_003070.9	94.068	354	12	9	864	1209	11409059	11408707	1.13e-148	529
NC_003070.9:16965847-16968238	NC_003070.9	90.488	410	23	15	1449	1843	16262144	16262552	4.06e-148	527
NC_003070.9:16965847-16968238	NC_003070.9	84.220	545	38	35	168	675	13346424	13345891	6.89e-136	486
NC_003070.9:16965847-16968238	NC_003070.9	84.746	531	27	31	1	501	16259818	16260324	8.91e-135	483
NC_003070.9:16965847-16968238	NC_003070.9	93.072	332	14	9	889	1211	16989007	16989338	4.15e-133	477
NC_003070.9:16965847-16968238	NC_003070.9	91.501	353	18	12	1285	1626	11408674	11408323	1.49e-132	475
NC_003070.9:16965847-16968238	NC_003070.9	93.146	321	12	10	1	314	16699390	16699073	1.16e-128	462
NC_003070.9:16965847-16968238	NC_003070.9	90.857	350	20	12	1285	1623	7283335	7283683	1.50e-127	459
NC_003070.9:16965847-16968238	NC_003070.9	90.544	349	16	12	1285	1623	759795	760136	1.17e-123	446
NC_003070.9:16965847-16968238	NC_003070.9	89.714	350	24	12	1285	1623	11708085	11708433	7.04e-121	436
NC_003070.9:16965847-16968238	NC_003070.9	89.714	350	24	12	1288	1626	16591497	16591149	7.04e-121	436
NC_003070.9:16965847-16968238	NC_003070.9	79.601	652	84	40	145	762	16802996	16803632	1.97e-116	422
NC_003070.9:16965847-16968238	NC_003070.9	90.712	323	15	15	1515	1823	16690105	16689784	9.17e-115	416
NC_003070.9:16965847-16968238	NC_003070.9	95.510	245	6	5	1224	1463	11708361	11708605	7.19e-106	387
NC_003070.9:16965847-16968238	NC_003070.9	95.102	245	7	5	1224	1463	760064	760308	3.34e-104	381
NC_003070.9:16965847-16968238	NC_003070.9	95.102	245	7	5	1224	1463	7283611	7283855	3.34e-104	381
NC_003070.9:16965847-16968238	NC_003070.9	94.694	245	8	5	1224	1463	11408229	11407985	1.56e-102	375
NC_003070.9:16965847-16968238	NC_003070.9	94.286	245	9	5	1224	1463	16591224	16590980	7.24e-101	370
NC_003070.9:16965847-16968238	NC_003070.9	93.469	245	9	6	1224	1463	20973832	20974074	5.64e-97	357
NC_003070.9:16965847-16968238	NC_003070.9	92.245	245	11	7	1390	1626	16966663	16966419	5.68e-92	340
NC_003070.9:16965847-16968238	NC_003070.9	91.837	245	15	5	1224	1463	16966494	16966250	7.34e-91	337
NC_003070.9:16965847-16968238	NC_003070.9	91.837	245	15	5	1224	1463	16989477	16989721	7.34e-91	337
NC_003070.9:16965847-16968238	NC_003070.9	91.453	234	15	5	1235	1463	26779719	26779486	9.57e-85	316
NC_003070.9:16965847-16968238	NC_003070.9	92.391	184	8	5	1449	1626	16989369	16989552	5.88e-67	257
NC_003070.9:16965847-16968238	NC_003070.9	92.391	184	7	7	1449	1626	11408674	11408492	2.12e-66	255
NC_003070.9:16965847-16968238	NC_003070.9	90.217	184	13	5	1285	1463	16262144	16262327	2.76e-60	235
NC_003070.9:16965847-16968238	NC_003070.9	90.608	181	10	7	1449	1623	11708085	11708264	9.91e-60	233
NC_003070.9:16965847-16968238	NC_003070.9	90.608	181	10	7	1452	1626	16591497	16591318	9.91e-60	233
NC_003070.9:16965847-16968238	NC_003070.9	88.889	180	8	8	1449	1623	759795	759967	4.64e-53	211
NC_003070.9:16965847-16968238	NC_003070.9	92.199	141	7	4	1393	1529	26779841	26779701	1.30e-48	196
NC_003070.9:16965847-16968238	NC_003070.9	98.630	73	1	0	1224	1296	7283780	7283852	1.34e-28	130
NC_003070.9:16965847-16968238	NC_003070.9	98.630	73	1	0	1224	1296	11708530	11708602	1.34e-28	130
NC_003070.9:16965847-16968238	NC_003070.9	94.737	76	4	0	1224	1299	16591055	16590980	2.90e-25	119
NC_003070.9:16965847-16968238	NC_003070.9	94.521	73	4	0	1227	1299	11408057	11407985	1.35e-23	113
NC_003070.9:16965847-16968238	NC_003070.9	93.421	76	5	0	1224	1299	26779561	26779486	1.35e-23	113
NC_003070.9:16965847-16968238	NC_003070.9	92.105	76	6	0	1224	1299	16966325	16966250	6.27e-22	108
NC_003070.9:16965847-16968238	NC_003070.9	92.105	76	2	3	1555	1626	16966663	16966588	8.11e-21	104
NC_003070.9:16965847-16968238	NC_003070.9	91.781	73	6	0	1224	1296	16262252	16262324	2.92e-20	102
NC_003070.9:16965847-16968238	NC_003070.9	93.846	65	2	2	1564	1626	26779719	26779655	1.36e-18	97.1
NC_003070.9:16965847-16968238	NC_003070.9	92.537	67	2	3	1563	1626	26779834	26779768	1.76e-17	93.5
NC_003070.9:16965847-16968238	NC_003070.9	100.000	28	0	0	1987	2014	11174782	11174809	2.98e-05	52.8
NC_003070.9:16965847-16968238	NC_003070.9	100.000	28	0	0	1988	2015	12327952	12327925	2.98e-05	52.8
NC_003070.9:16965847-16968238	NC_003070.9	100.000	28	0	0	1988	2015	14308789	14308762	2.98e-05	52.8
NC_003070.9:16965847-16968238	NC_003070.9	100.000	28	0	0	1988	2015	18792839	18792866	2.98e-05	52.8
NC_003070.9:16965847-16968238	NC_003070.9	100.000	28	0	0	1988	2015	21103380	21103353	2.98e-05	52.8
NC_003070.9:16965847-16968238	NC_003070.9	100.000	28	0	0	1988	2015	22620615	22620588	2.98e-05	52.8
NC_003070.9:16965847-16968238	NC_003074.8	94.519	1040	23	30	854	1864	10510739	10511773	0.0	1574
NC_003070.9:16965847-16968238	NC_003074.8	91.304	920	14	28	1	856	10509520	10510437	0.0	1195
NC_003070.9:16965847-16968238	NC_003074.8	90.611	884	15	31	1	818	12661999	12661118	0.0	1110
NC_003070.9:16965847-16968238	NC_003074.8	90.385	884	17	29	1	818	16213447	16212566	0.0	1099
NC_003070.9:16965847-16968238	NC_003074.8	94.219	640	16	20	1224	1843	12660256	12659618	0.0	957
NC_003070.9:16965847-16968238	NC_003074.8	87.823	542	19	25	352	856	17070414	17069883	1.42e-167	592
NC_003070.9:16965847-16968238	NC_003074.8	94.085	355	13	8	864	1211	12660747	12660394	8.73e-150	532
NC_003070.9:16965847-16968238	NC_003074.8	91.538	390	15	17	1	378	17070822	17070439	1.89e-146	521
NC_003070.9:16965847-16968238	NC_003074.8	89.713	418	21	18	1449	1846	17069149	17068734	3.16e-144	514
NC_003070.9:16965847-16968238	NC_003074.8	90.652	353	21	12	1285	1626	12660363	12660012	1.50e-127	459
NC_003070.9:16965847-16968238	NC_003074.8	95.102	245	7	5	1224	1463	12660087	12659843	3.34e-104	381
NC_003070.9:16965847-16968238	NC_003074.8	92.653	245	10	8	1390	1626	10511112	10511356	1.22e-93	346
NC_003070.9:16965847-16968238	NC_003074.8	91.429	245	16	5	1224	1463	10511281	10511525	3.42e-89	331
NC_003070.9:16965847-16968238	NC_003074.8	91.304	184	10	6	1285	1463	17069149	17068967	1.27e-63	246
NC_003070.9:16965847-16968238	NC_003074.8	91.304	184	9	7	1449	1626	12660363	12660181	4.58e-63	244
NC_003070.9:16965847-16968238	NC_003074.8	93.333	120	6	2	1	118	4289110	4288991	1.69e-42	176
NC_003070.9:16965847-16968238	NC_003074.8	95.890	73	3	0	1224	1296	10511450	10511522	2.90e-25	119
NC_003070.9:16965847-16968238	NC_003074.8	94.737	76	4	0	1224	1299	12659918	12659843	2.90e-25	119
NC_003070.9:16965847-16968238	NC_003074.8	93.151	73	1	3	1555	1623	10511112	10511184	8.11e-21	104
NC_003070.9:16965847-16968238	NC_003074.8	100.000	28	0	0	1988	2015	16563562	16563589	2.98e-05	52.8
NC_003070.9:16965847-16968238	NC_003071.7	90.899	879	16	28	1	818	6680829	6679954	0.0	1122
NC_003070.9:16965847-16968238	NC_003071.7	90.271	884	18	32	1	818	10018073	10018954	0.0	1094
NC_003070.9:16965847-16968238	NC_003071.7	88.776	882	22	30	1	818	6855036	6854168	0.0	1009
NC_003070.9:16965847-16968238	NC_003071.7	92.827	711	14	24	1	676	8420556	8421264	0.0	996
NC_003070.9:16965847-16968238	NC_003071.7	94.720	644	13	20	1224	1846	6679091	6678448	0.0	981
NC_003070.9:16965847-16968238	NC_003071.7	94.375	640	16	19	1224	1843	6853306	6852667	0.0	965
NC_003070.9:16965847-16968238	NC_003071.7	88.554	830	40	29	75	856	5872085	5871263	0.0	955
NC_003070.9:16965847-16968238	NC_003071.7	94.013	618	18	18	1224	1822	8422310	8422927	0.0	918
NC_003070.9:16965847-16968238	NC_003071.7	94.527	603	18	14	864	1454	5870951	5870352	0.0	917
NC_003070.9:16965847-16968238	NC_003071.7	92.812	640	26	19	1224	1843	10019816	10020455	0.0	909
NC_003070.9:16965847-16968238	NC_003071.7	84.695	673	52	31	172	808	3196030	3196687	1.40e-177	625
NC_003070.9:16965847-16968238	NC_003071.7	83.754	714	44	35	168	818	6205738	6206442	3.92e-173	610
NC_003070.9:16965847-16968238	NC_003071.7	94.545	385	7	13	1473	1843	5869810	5869426	8.54e-165	582
NC_003070.9:16965847-16968238	NC_003071.7	94.382	356	11	9	864	1211	6679583	6679229	1.88e-151	538
NC_003070.9:16965847-16968238	NC_003071.7	94.085	355	13	8	864	1211	6853797	6853444	8.73e-150	532
NC_003070.9:16965847-16968238	NC_003071.7	93.151	365	14	10	854	1211	10019317	10019677	1.46e-147	525
NC_003070.9:16965847-16968238	NC_003071.7	82.171	645	47	33	186	770	5114200	5113564	1.48e-137	492
NC_003070.9:16965847-16968238	NC_003071.7	91.507	365	20	10	854	1211	8421812	8422172	1.48e-137	492
NC_003070.9:16965847-16968238	NC_003071.7	91.143	350	19	12	1288	1626	6853410	6853062	3.23e-129	464
NC_003070.9:16965847-16968238	NC_003071.7	90.857	350	20	12	1285	1623	8422203	8422551	1.50e-127	459
NC_003070.9:16965847-16968238	NC_003071.7	90.085	353	23	12	1285	1626	6679198	6678847	3.25e-124	448
NC_003070.9:16965847-16968238	NC_003071.7	90.286	350	22	12	1285	1623	10019709	10020057	3.25e-124	448
NC_003070.9:16965847-16968238	NC_003071.7	95.918	245	5	5	1224	1463	6678922	6678678	1.55e-107	392
NC_003070.9:16965847-16968238	NC_003071.7	95.510	245	6	5	1224	1463	6853137	6852893	7.19e-106	387
NC_003070.9:16965847-16968238	NC_003071.7	95.102	245	7	5	1224	1463	8422479	8422723	3.34e-104	381
NC_003070.9:16965847-16968238	NC_003071.7	81.600	500	47	22	174	640	6523496	6523009	2.01e-101	372
NC_003070.9:16965847-16968238	NC_003071.7	94.286	245	9	5	1224	1463	10019985	10020229	7.24e-101	370
NC_003070.9:16965847-16968238	NC_003071.7	90.678	236	14	8	1390	1617	5870587	5870352	5.76e-82	307
NC_003070.9:16965847-16968238	NC_003071.7	91.713	181	8	7	1452	1626	6853410	6853231	4.58e-63	244
NC_003070.9:16965847-16968238	NC_003071.7	94.375	160	4	5	478	633	7153704	7153546	5.92e-62	241
NC_003070.9:16965847-16968238	NC_003071.7	90.608	181	10	7	1449	1623	8422203	8422382	9.91e-60	233
NC_003070.9:16965847-16968238	NC_003071.7	90.608	181	10	7	1449	1623	10019709	10019888	9.91e-60	233
NC_003070.9:16965847-16968238	NC_003071.7	85.470	234	19	14	444	668	3196870	3197097	1.28e-58	230
NC_003070.9:16965847-16968238	NC_003071.7	89.674	184	12	7	1449	1626	6679198	6679016	4.61e-58	228
NC_003070.9:16965847-16968238	NC_003071.7	92.500	160	8	4	1308	1463	5869810	5869651	1.66e-57	226
NC_003070.9:16965847-16968238	NC_003071.7	97.368	76	2	0	1224	1299	6678753	6678678	1.34e-28	130
NC_003070.9:16965847-16968238	NC_003071.7	97.260	73	2	0	1227	1299	5869723	5869651	6.22e-27	124
NC_003070.9:16965847-16968238	NC_003071.7	97.260	73	2	0	1224	1296	8422648	8422720	6.22e-27	124
NC_003070.9:16965847-16968238	NC_003071.7	94.737	76	4	0	1224	1299	6852968	6852893	2.90e-25	119
NC_003070.9:16965847-16968238	NC_003071.7	94.030	67	4	0	1224	1290	5870418	5870352	2.92e-20	102
NC_003070.9:16965847-16968238	NC_003071.7	89.474	76	4	3	1555	1626	5870587	5870512	1.76e-17	93.5
NC_003070.9:16965847-16968238	NC_003071.7	100.000	28	0	0	1988	2015	544140	544167	2.98e-05	52.8
NC_003070.9:16965847-16968238	NC_003071.7	100.000	28	0	0	1988	2015	2139360	2139387	2.98e-05	52.8
NC_003070.9:16965847-16968238	NC_003071.7	100.000	28	0	0	1988	2015	4024965	4024992	2.98e-05	52.8
NC_003070.9:16965847-16968238	NC_003071.7	100.000	28	0	0	1988	2015	7961537	7961564	2.98e-05	52.8
NC_003070.9:16965847-16968238	NC_003075.7	89.432	880	26	29	1	814	1280625	1281503	0.0	1048
NC_003070.9:16965847-16968238	NC_003075.7	92.969	640	25	20	1224	1843	1282370	1283009	0.0	915
NC_003070.9:16965847-16968238	NC_003075.7	83.718	866	78	41	3	814	5443569	5442713	0.0	760
NC_003070.9:16965847-16968238	NC_003075.7	83.949	704	49	37	168	818	4696063	4695371	8.42e-175	616
NC_003070.9:16965847-16968238	NC_003075.7	83.429	700	46	37	168	818	4663787	4663109	6.60e-166	586
NC_003070.9:16965847-16968238	NC_003075.7	93.460	367	12	11	854	1211	1281869	1282232	2.43e-150	534
NC_003070.9:16965847-16968238	NC_003075.7	90.286	350	22	12	1285	1623	1282263	1282611	3.25e-124	448
NC_003070.9:16965847-16968238	NC_003075.7	95.102	245	7	5	1224	1463	1282539	1282783	3.34e-104	381
NC_003070.9:16965847-16968238	NC_003075.7	84.262	305	17	22	173	452	4904414	4904712	2.72e-70	268
NC_003070.9:16965847-16968238	NC_003075.7	91.160	181	9	7	1449	1623	1282263	1282442	2.13e-61	239
NC_003070.9:16965847-16968238	NC_003075.7	86.500	200	18	9	444	637	5442541	5442345	4.64e-53	211
NC_003070.9:16965847-16968238	NC_003075.7	90.000	120	8	4	2	118	2088368	2088250	2.85e-35	152
NC_003070.9:16965847-16968238	NC_003075.7	86.957	115	11	4	1	112	4606228	4606341	1.73e-27	126
NC_003070.9:16965847-16968238	NC_003075.7	95.890	73	3	0	1224	1296	1282708	1282780	2.90e-25	119
NC_003070.9:16965847-16968238	NC_003075.7	100.000	28	0	0	1988	2015	370813	370786	2.98e-05	52.8
NC_003076.8:5643928-5646859	NC_003076.8	94.430	1867	10	62	841	2614	5644993	5646858	0.0	2785
NC_003076.8:5643928-5646859	NC_003076.8	96.911	518	2	10	1	505	5643929	5644445	0.0	856
NC_003076.8:5643928-5646859	NC_003070.9	93.807	1873	17	62	840	2614	5100441	5102312	0.0	2724
NC_003076.8:5643928-5646859	NC_003070.9	98.113	477	5	3	1	475	5098370	5098844	0.0	828
NC_003076.8:5643928-5646859	NC_003070.9	87.755	490	8	36	843	1281	5098959	5099447	1.90e-147	525
NC_003076.8:5643928-5646859	NC_003070.9	88.095	294	8	19	848	1119	20312281	20311993	7.44e-87	324
NC_003076.8:5643928-5646859	NC_003070.9	88.755	249	3	3	1	224	20320561	20320313	4.54e-74	281
NC_003076.8:5643928-5646859	NC_003070.9	95.798	119	0	2	2500	2613	20311968	20311850	1.02e-45	187
NC_003076.8:5643928-5646859	NC_003070.9	96.739	92	1	2	134	224	20320108	20320018	3.71e-35	152
NC_003076.8:5643928-5646859	NC_003070.9	86.429	140	2	11	1159	1281	20319818	20319679	1.04e-30	137
NC_003076.8:5643928-5646859	NC_003071.7	97.397	1306	19	12	1323	2614	14860072	14858768	0.0	2209
NC_003076.8:5643928-5646859	NC_003071.7	97.994	349	6	1	1	348	14860846	14860498	2.37e-171	604
NC_003076.8:5643928-5646859	NC_003071.7	92.908	282	19	1	1539	1820	2652331	2652051	2.00e-112	409
NC_003076.8:5643928-5646859	NC_003071.7	91.873	283	21	2	1539	1820	2628268	2627987	5.59e-108	394
NC_003076.8:5643928-5646859	NC_003071.7	87.460	311	32	6	2065	2371	2729140	2729447	3.41e-95	351
NC_003076.8:5643928-5646859	NC_003071.7	90.526	95	8	1	1893	1987	2727906	2727999	8.10e-27	124
NC_003076.8:5643928-5646859	NC_003071.7	96.610	59	1	1	2314	2371	2729440	2729498	1.76e-18	97.1
NC_003076.8:5643928-5646859	NC_003071.7	96.491	57	2	0	2314	2370	2729491	2729547	6.35e-18	95.3
NC_003076.8:5643928-5646859	NC_003074.8	97.250	1309	17	12	1323	2614	12065080	12066386	0.0	2200
NC_003076.8:5643928-5646859	NC_003074.8	98.854	349	3	1	1	348	12056708	12057056	2.36e-176	621
NC_003076.8:5643928-5646859	NC_003074.8	82.216	731	108	22	1323	2041	12632074	12632794	5.10e-173	610
NC_003076.8:5643928-5646859	NC_003074.8	87.075	147	2	11	1152	1281	12057052	12057198	1.34e-34	150
NC_003076.8:5643928-5646859	NC_003075.7	98.294	1172	7	5	1447	2614	14988877	14990039	0.0	2041
NC_003076.8:5643928-5646859	NC_003075.7	97.292	517	1	9	1	505	14987584	14988099	0.0	865
NC_003076.8:5643928-5646859	NC_003075.7	89.868	227	0	16	845	1052	14988654	14988876	9.83e-71	270
NC_003076.8:14612585-14613076	NC_003070.9	90.476	420	6	30	3	392	17108400	17108815	1.45e-147	523
NC_003076.8:14612585-14613076	NC_003070.9	79.688	576	51	51	51	568	13365918	13366485	5.60e-97	355
NC_003076.8:14612585-14613076	NC_003070.9	78.015	655	59	61	1	570	17563199	17563853	2.62e-90	333
NC_003076.8:14612585-14613076	NC_003070.9	83.810	315	14	28	292	569	13565868	13566182	9.71e-70	265
NC_003076.8:14612585-14613076	NC_003070.9	89.266	177	8	9	400	570	17110683	17110854	1.28e-53	211
NC_003076.8:14612585-14613076	NC_003070.9	88.043	92	7	4	1	89	12469067	12469157	6.23e-22	106
NC_003076.8:14612585-14613076	NC_003076.8	91.987	312	10	14	1	298	14612586	14612896	1.51e-117	424
NC_003076.8:14612585-14613076	NC_003076.8	77.829	654	61	60	1	570	14693438	14694091	1.22e-88	327
NC_003076.8:14612585-14613076	NC_003076.8	78.064	661	46	64	1	575	10072238	10072885	4.39e-88	326
NC_003076.8:14612585-14613076	NC_003076.8	89.385	179	11	7	400	571	14612886	14613063	7.66e-56	219
NC_003076.8:14612585-14613076	NC_003071.7	87.912	273	3	27	330	573	5647934	5647663	1.24e-78	294
NC_003076.8:14612585-14613076	NC_003075.7	82.639	288	19	27	299	556	324096	324382	4.58e-58	226
NC_003076.8:14612585-14613076	NC_003075.7	83.333	186	14	10	388	556	5194394	5194579	6.09e-37	156
NC_003076.8:14612585-14613076	NC_003075.7	78.205	156	24	6	1	146	18251648	18251493	1.74e-17	91.6
NC_003076.8:14612585-14613076	NC_003074.8	75.893	336	38	32	3	295	5982940	5982605	1.03e-29	132
NC_003074.8:18087047-18088200	NC_003074.8	94.843	1144	27	27	1	1119	18087046	18088182	0.0	1757
NC_003074.8:18087047-18088200	NC_003074.8	90.400	125	10	2	2	124	16669736	16669860	7.32e-39	163
NC_003074.8:18087047-18088200	NC_003074.8	95.238	42	1	1	1	41	14563489	14563448	2.12e-09	65.8
NC_003074.8:18087047-18088200	NC_003074.8	82.278	79	9	5	2	77	14671112	14671036	7.64e-09	63.9
NC_003074.8:18087047-18088200	NC_003076.8	93.005	1158	42	23	1	1131	9545601	9544456	0.0	1653
NC_003074.8:18087047-18088200	NC_003076.8	87.691	1048	80	34	1	1013	14290586	14289553	0.0	1175
NC_003074.8:18087047-18088200	NC_003070.9	87.719	969	81	29	2	943	20624862	20625819	0.0	1096
NC_003074.8:18087047-18088200	NC_003070.9	92.000	125	6	3	1011	1131	20625957	20626081	1.22e-41	172
NC_003074.8:18087047-18088200	NC_003070.9	80.645	93	13	5	2	91	19722453	19722363	5.91e-10	67.6
NC_003074.8:18087047-18088200	NC_003070.9	92.857	42	2	1	1	41	12517269	12517310	9.89e-08	60.2
NC_003074.8:18087047-18088200	NC_003070.9	92.683	41	2	1	2	41	11032189	11032229	3.56e-07	58.4
NC_003074.8:18087047-18088200	NC_003071.7	81.111	90	14	3	2	89	6519270	6519358	1.64e-10	69.4
NC_003070.9:13601689-13603051	NC_003070.9	88.422	1356	49	83	1	1252	13603040	13601689	0.0	1535
NC_003070.9:13601689-13603051	NC_003070.9	81.135	1357	112	108	20	1249	12634983	12636322	0.0	955
NC_003070.9:13601689-13603051	NC_003070.9	75.579	475	57	46	794	1252	822385	821954	8.07e-44	180
NC_003070.9:13601689-13603051	NC_003070.9	79.762	252	31	17	1	239	16424140	16423896	2.26e-39	165
NC_003070.9:13601689-13603051	NC_003074.8	90.601	766	39	27	519	1252	8614345	8613581	0.0	985
NC_003070.9:13601689-13603051	NC_003074.8	88.821	492	30	17	714	1183	13070817	13071305	1.89e-164	580
NC_003070.9:13601689-13603051	NC_003074.8	79.856	556	75	32	718	1252	11694730	11694191	1.24e-101	372
NC_003070.9:13601689-13603051	NC_003074.8	79.264	598	37	62	20	531	11305390	11305986	4.53e-91	337
NC_003070.9:13601689-13603051	NC_003074.8	91.282	195	12	5	1	190	8614540	8614346	2.80e-68	261
NC_003070.9:13601689-13603051	NC_003071.7	78.956	1245	100	97	4	1133	5584804	5583607	0.0	699
NC_003070.9:13601689-13603051	NC_003071.7	86.807	523	31	30	699	1190	1930172	1930687	5.34e-155	549
NC_003070.9:13601689-13603051	NC_003071.7	87.234	470	46	11	699	1159	4048970	4048506	3.24e-147	523
NC_003070.9:13601689-13603051	NC_003071.7	84.087	553	36	36	716	1252	2653632	2653116	4.25e-136	486
NC_003070.9:13601689-13603051	NC_003071.7	79.944	713	36	67	1	637	1929506	1930187	9.39e-118	425
NC_003070.9:13601689-13603051	NC_003071.7	85.065	154	18	5	2	151	2913284	2913132	1.76e-35	152
NC_003070.9:13601689-13603051	NC_003075.7	84.777	716	22	66	1	629	9688982	9688267	0.0	638
NC_003070.9:13601689-13603051	NC_003075.7	87.631	574	32	26	708	1252	9688274	9687711	1.85e-179	630
NC_003070.9:13601689-13603051	NC_003075.7	85.552	353	27	21	479	807	5670574	5670926	2.09e-94	348
NC_003070.9:13601689-13603051	NC_003075.7	80.813	443	60	20	593	1017	3361778	3362213	3.52e-87	324
NC_003070.9:13601689-13603051	NC_003075.7	81.587	315	44	12	709	1018	684968	684663	2.18e-64	248
NC_003070.9:13601689-13603051	NC_003075.7	87.662	154	15	4	1	151	1480687	1480839	1.04e-42	176
NC_003070.9:13601689-13603051	NC_003075.7	90.625	64	6	0	718	781	17233	17296	1.81e-15	86.1
NC_003070.9:13601689-13603051	NC_003076.8	84.337	581	47	25	696	1249	9178335	9177772	6.96e-149	529
NC_003070.9:13601689-13603051	NC_003076.8	83.370	451	49	20	621	1050	14057951	14058396	2.65e-108	394
NC_003070.9:13601689-13603051	NC_003076.8	82.569	327	35	19	619	928	14439827	14440148	1.67e-70	268
NC_003070.9:13601689-13603051	NC_003076.8	82.569	327	35	19	619	928	14499127	14499448	1.67e-70	268
NC_003070.9:13601689-13603051	NC_003076.8	87.342	158	15	5	1	153	14057352	14057509	1.04e-42	176
NC_003070.9:13601689-13603051	NC_003076.8	84.667	150	17	6	745	889	9839699	9839551	2.94e-33	145
NC_003070.9:13601689-13603051	NC_003076.8	89.231	65	7	0	718	782	13602664	13602600	2.34e-14	82.4
NC_003070.9:19145625-19148625	NC_003070.9	92.379	1181	17	61	1	1115	19148624	19147451	0.0	1615
NC_003070.9:19145625-19148625	NC_003070.9	92.601	419	3	18	2044	2448	19146030	19145626	4.84e-163	577
NC_003070.9:19145625-19148625	NC_003070.9	94.382	356	6	13	1392	1733	19146915	19146560	2.95e-150	534
NC_003070.9:19145625-19148625	NC_003070.9	93.277	357	8	15	1392	1733	19147460	19147105	1.38e-143	512
NC_003070.9:19145625-19148625	NC_003076.8	91.047	1184	33	67	16	1128	17813744	17812563	0.0	1531
NC_003070.9:19145625-19148625	NC_003076.8	81.897	1033	77	73	173	1128	13721375	13720376	0.0	771
NC_003070.9:19145625-19148625	NC_003076.8	93.521	355	7	14	1395	1733	17812578	17812224	3.85e-144	514
NC_003070.9:19145625-19148625	NC_003076.8	92.593	297	9	11	1448	1733	13720360	13720066	4.01e-114	414
NC_003070.9:19145625-19148625	NC_003076.8	87.879	264	9	19	1	241	13500318	13500581	2.54e-76	289
NC_003070.9:19145625-19148625	NC_003075.7	90.524	1203	37	67	1	1128	1863152	1864352	0.0	1519
NC_003070.9:19145625-19148625	NC_003075.7	92.640	1019	15	49	168	1128	4086942	4087958	0.0	1411
NC_003070.9:19145625-19148625	NC_003075.7	91.485	963	33	43	213	1128	5720612	5719652	0.0	1279
NC_003070.9:19145625-19148625	NC_003075.7	89.245	530	13	37	1	486	4993060	4992531	6.13e-177	623
NC_003070.9:19145625-19148625	NC_003075.7	96.000	375	2	12	2087	2448	4088296	4088670	3.71e-169	597
NC_003070.9:19145625-19148625	NC_003075.7	95.238	336	2	12	1392	1713	4087940	4088275	8.27e-146	520
NC_003070.9:19145625-19148625	NC_003075.7	93.575	358	6	15	1392	1733	1864334	1864690	2.97e-145	518
NC_003070.9:19145625-19148625	NC_003075.7	93.201	353	8	14	1395	1731	5719667	5719315	2.32e-141	505
NC_003070.9:19145625-19148625	NC_003075.7	88.346	266	6	22	1	241	4232540	4232275	1.52e-78	296
NC_003070.9:19145625-19148625	NC_003075.7	89.103	156	4	11	1	143	5720737	5720582	4.43e-44	182
NC_003070.9:19145625-19148625	NC_003075.7	89.691	97	4	4	1	91	4086836	4086932	3.52e-25	119
NC_003070.9:19145625-19148625	NC_003075.7	97.297	37	1	0	213	249	4232413	4232377	1.68e-08	63.9
NC_003070.9:19145625-19148625	NC_003075.7	92.683	41	2	1	213	252	1863277	1863317	7.79e-07	58.4
NC_003070.9:19145625-19148625	NC_003075.7	92.683	41	2	1	213	252	4992934	4992894	7.79e-07	58.4
NC_003070.9:19145625-19148625	NC_003074.8	90.433	1202	37	66	1	1128	16519748	16520945	0.0	1511
NC_003070.9:19145625-19148625	NC_003074.8	90.625	1184	20	63	1	1128	11967275	11966127	0.0	1487
NC_003070.9:19145625-19148625	NC_003074.8	89.650	657	40	27	439	1069	11380978	11380324	0.0	811
NC_003070.9:19145625-19148625	NC_003074.8	94.514	401	7	14	2063	2448	11963267	11962867	2.22e-171	604
NC_003070.9:19145625-19148625	NC_003074.8	92.500	400	8	16	2064	2448	16521852	16522244	8.15e-156	553
NC_003070.9:19145625-19148625	NC_003074.8	93.005	386	12	14	2078	2448	13297528	13297143	1.05e-154	549
NC_003070.9:19145625-19148625	NC_003074.8	91.584	404	16	17	2063	2448	13271761	13271358	1.77e-152	542
NC_003070.9:19145625-19148625	NC_003074.8	95.349	344	3	12	1403	1733	11964170	11963827	2.95e-150	534
NC_003070.9:19145625-19148625	NC_003074.8	91.944	360	15	13	2078	2423	12885271	12884912	1.80e-137	492
NC_003070.9:19145625-19148625	NC_003074.8	91.967	361	9	12	1393	1733	16520930	16521290	2.33e-136	488
NC_003070.9:19145625-19148625	NC_003074.8	90.909	341	18	11	1404	1733	11376874	11376536	1.42e-123	446
NC_003070.9:19145625-19148625	NC_003074.8	88.315	368	14	9	2090	2448	15091162	15091509	4.01e-114	414
NC_003070.9:19145625-19148625	NC_003074.8	88.545	323	24	11	2137	2447	10977914	10977593	1.46e-103	379
NC_003070.9:19145625-19148625	NC_003074.8	91.971	274	12	9	2183	2447	12157839	12158111	1.89e-102	375
NC_003070.9:19145625-19148625	NC_003074.8	89.085	284	22	9	2174	2448	13307079	13306796	5.34e-93	344
NC_003070.9:19145625-19148625	NC_003074.8	88.732	284	22	10	2174	2448	12899416	12899134	2.49e-91	339
NC_003070.9:19145625-19148625	NC_003074.8	91.288	264	0	21	1	241	15088727	15088990	2.49e-91	339
NC_003070.9:19145625-19148625	NC_003074.8	87.879	264	9	20	1	241	14051437	14051174	2.54e-76	289
NC_003070.9:19145625-19148625	NC_003074.8	86.415	265	12	19	1	241	12146746	12147010	3.31e-70	268
NC_003070.9:19145625-19148625	NC_003074.8	86.667	240	15	17	847	1069	11379656	11379417	1.20e-64	250
NC_003070.9:19145625-19148625	NC_003074.8	86.250	240	16	17	847	1069	11378297	11378058	5.57e-63	244
NC_003070.9:19145625-19148625	NC_003074.8	85.477	241	17	18	847	1069	11380110	11379870	3.35e-60	235
NC_003070.9:19145625-19148625	NC_003074.8	88.028	142	8	9	168	300	13257954	13258095	2.08e-37	159
NC_003070.9:19145625-19148625	NC_003074.8	84.354	147	9	12	117	249	12896087	12895941	4.53e-29	132
NC_003070.9:19145625-19148625	NC_003074.8	89.362	94	7	2	1	91	13257851	13257944	4.56e-24	115
NC_003070.9:19145625-19148625	NC_003074.8	93.333	45	2	1	2175	2218	15685402	15685446	4.66e-09	65.8
NC_003070.9:19145625-19148625	NC_003074.8	97.297	37	1	0	213	249	16519873	16519909	1.68e-08	63.9
NC_003070.9:19145625-19148625	NC_003074.8	100.000	31	0	0	213	243	15088852	15088882	7.79e-07	58.4
NC_003070.9:19145625-19148625	NC_003071.7	90.347	404	24	14	2059	2447	6059993	6059590	1.07e-144	516
NC_003070.9:19145625-19148625	NC_003071.7	89.815	324	21	10	2137	2448	4048182	4048505	2.42e-111	405
NC_003070.9:19145625-19148625	NC_003071.7	85.340	191	16	9	450	637	4438346	4438527	9.53e-46	187
NC_003070.9:19145625-19148625	NC_003071.7	85.816	141	6	12	117	243	6070629	6070489	9.73e-31	137
NC_003070.9:19145625-19148625	NC_003071.7	85.106	141	7	11	117	243	4027073	4027213	4.53e-29	132
NC_003070.9:19145625-19148625	NC_003071.7	97.059	34	1	0	1	34	4026917	4026950	7.79e-07	58.4
NC_003070.9:13211357-13214178	NC_003070.9	95.744	2843	43	51	1	2786	13214178	13211357	0.0	4508
NC_003070.9:13211357-13214178	NC_003070.9	88.298	376	40	4	1	374	11156606	11156233	4.51e-124	448
NC_003070.9:13211357-13214178	NC_003070.9	92.079	303	24	0	1	303	12231331	12231029	5.88e-118	427
NC_003070.9:13211357-13214178	NC_003070.9	94.619	223	8	4	1076	1294	15675938	15676160	2.19e-92	342
NC_003070.9:13211357-13214178	NC_003070.9	92.825	223	12	4	1076	1294	15664734	15664956	1.03e-85	320
NC_003070.9:13211357-13214178	NC_003070.9	81.081	370	60	6	1	368	13750339	13750700	1.04e-75	287
NC_003070.9:13211357-13214178	NC_003070.9	88.462	234	24	3	1	232	15663427	15663659	1.74e-73	279
NC_003070.9:13211357-13214178	NC_003070.9	88.462	234	24	3	1	232	15674643	15674875	1.74e-73	279
NC_003070.9:13211357-13214178	NC_003070.9	88.426	216	20	5	1	214	13371474	13371686	2.93e-66	255
NC_003070.9:13211357-13214178	NC_003070.9	98.936	94	1	0	2091	2184	15664949	15665042	3.93e-40	169
NC_003070.9:13211357-13214178	NC_003070.9	98.936	94	1	0	2091	2184	15676153	15676246	3.93e-40	169
NC_003070.9:13211357-13214178	NC_003076.8	93.581	2103	34	48	760	2765	10036603	10034505	0.0	3042
NC_003070.9:13211357-13214178	NC_003076.8	93.500	1077	28	12	1	1047	11022152	11021088	0.0	1563
NC_003070.9:13211357-13214178	NC_003076.8	97.092	619	12	5	1	617	10037203	10036589	0.0	1038
NC_003070.9:13211357-13214178	NC_003076.8	91.373	568	31	7	1841	2392	11020570	11020005	0.0	761
NC_003070.9:13211357-13214178	NC_003076.8	94.085	355	14	7	2439	2786	11019696	11019342	1.21e-149	532
NC_003070.9:13211357-13214178	NC_003076.8	93.296	358	19	4	1053	1407	11020925	11020570	7.29e-147	523
NC_003070.9:13211357-13214178	NC_003076.8	85.312	320	28	15	1	310	13252487	13252177	1.72e-83	313
NC_003070.9:13211357-13214178	NC_003071.7	85.770	773	72	26	1642	2392	6373175	6373931	0.0	784
NC_003070.9:13211357-13214178	NC_003071.7	86.590	522	42	20	1053	1554	6371711	6372224	3.34e-155	551
NC_003070.9:13211357-13214178	NC_003071.7	91.733	375	29	2	1	374	2517552	2517925	9.43e-146	520
NC_003070.9:13211357-13214178	NC_003071.7	91.597	357	27	3	1	356	4651691	4652045	7.39e-137	490
NC_003070.9:13211357-13214178	NC_003071.7	83.758	314	43	7	1	310	6148549	6148858	8.04e-77	291
NC_003070.9:13211357-13214178	NC_003071.7	94.444	108	5	1	266	372	2630647	2630540	5.09e-39	165
NC_003070.9:13211357-13214178	NC_003071.7	92.593	108	7	1	266	372	2658964	2658857	1.10e-35	154
NC_003070.9:13211357-13214178	NC_003074.8	92.771	332	24	0	1	332	14905187	14904856	4.45e-134	481
NC_003070.9:13211357-13214178	NC_003075.7	87.461	319	37	3	1	317	3894019	3894336	4.67e-99	364
NC_003070.9:13211357-13214178	NC_003075.7	83.047	407	33	16	1179	1554	17805459	17805058	1.02e-90	337
NC_003070.9:13211357-13214178	NC_003075.7	82.500	320	38	15	1	310	11191548	11191859	4.88e-69	265
NC_003070.9:13211357-13214178	NC_003075.7	90.196	204	16	2	837	1040	5276624	5276823	1.75e-68	263
NC_003070.9:13211357-13214178	NC_003075.7	81.875	320	40	15	1	310	1887151	1886840	1.06e-65	254
NC_003070.9:13211357-13214178	NC_003075.7	89.583	96	6	4	1552	1643	17804575	17804480	4.02e-25	119
NC_003075.7:1100277-1101060	NC_003075.7	96.452	761	0	24	3	736	1100282	1101042	0.0	1230
NC_003075.7:1100277-1101060	NC_003075.7	90.822	730	15	30	3	682	17501316	17502043	0.0	929
NC_003075.7:1100277-1101060	NC_003075.7	87.812	722	42	29	3	682	8899080	8899797	0.0	804
NC_003075.7:1100277-1101060	NC_003075.7	87.517	721	49	27	2	682	12698502	12699221	0.0	795
NC_003075.7:1100277-1101060	NC_003075.7	87.570	716	47	25	6	682	8820684	8819972	0.0	791
NC_003075.7:1100277-1101060	NC_003075.7	87.604	718	35	36	6	682	6169223	6168519	0.0	784
NC_003075.7:1100277-1101060	NC_003075.7	87.204	719	46	27	6	682	1199579	1198865	0.0	776
NC_003075.7:1100277-1101060	NC_003075.7	87.083	720	49	30	6	682	7384276	7383558	0.0	774
NC_003075.7:1100277-1101060	NC_003075.7	86.275	714	55	30	3	683	7230738	7231441	0.0	736
NC_003075.7:1100277-1101060	NC_003075.7	82.328	713	53	42	3	682	6242982	6243654	8.60e-156	551
NC_003075.7:1100277-1101060	NC_003075.7	81.445	706	60	49	3	682	9192546	9193206	4.06e-144	512
NC_003075.7:1100277-1101060	NC_003075.7	86.607	112	7	4	260	363	17139870	17139981	3.72e-25	117
NC_003075.7:1100277-1101060	NC_003075.7	88.710	62	2	4	680	736	17502146	17502207	2.94e-11	71.3
NC_003075.7:1100277-1101060	NC_003076.8	95.084	773	0	25	2	736	9298128	9298900	0.0	1182
NC_003075.7:1100277-1101060	NC_003076.8	87.950	722	42	33	3	682	22020976	22021694	0.0	809
NC_003075.7:1100277-1101060	NC_003076.8	88.022	718	41	28	6	682	15536006	15535293	0.0	808
NC_003075.7:1100277-1101060	NC_003076.8	87.921	712	44	33	6	682	8602688	8601984	0.0	800
NC_003075.7:1100277-1101060	NC_003076.8	88.102	706	42	28	11	675	26892545	26893249	0.0	800
NC_003075.7:1100277-1101060	NC_003076.8	87.552	715	49	25	6	682	5648757	5648045	0.0	791
NC_003075.7:1100277-1101060	NC_003076.8	87.604	718	44	28	6	682	7488971	7488258	0.0	791
NC_003075.7:1100277-1101060	NC_003076.8	87.414	723	47	31	3	683	13733612	13734332	0.0	791
NC_003075.7:1100277-1101060	NC_003076.8	87.604	718	44	30	6	682	15031806	15031093	0.0	791
NC_003075.7:1100277-1101060	NC_003076.8	87.483	719	47	29	6	682	17398743	17398026	0.0	789
NC_003075.7:1100277-1101060	NC_003076.8	87.275	723	48	29	3	682	9866844	9867565	0.0	785
NC_003075.7:1100277-1101060	NC_003076.8	87.119	722	48	31	3	682	16373002	16373720	0.0	776
NC_003075.7:1100277-1101060	NC_003076.8	86.926	719	48	30	3	682	14079426	14080137	0.0	765
NC_003075.7:1100277-1101060	NC_003076.8	87.318	686	48	35	3	657	26891641	26892318	0.0	749
NC_003075.7:1100277-1101060	NC_003076.8	86.231	719	54	27	6	682	20279494	20278779	0.0	737
NC_003075.7:1100277-1101060	NC_003076.8	86.880	686	48	36	3	657	17481154	17481828	0.0	730
NC_003075.7:1100277-1101060	NC_003076.8	85.992	721	45	34	8	689	17956540	17955837	0.0	721
NC_003075.7:1100277-1101060	NC_003076.8	86.111	720	41	36	6	682	23130208	23129505	0.0	721
NC_003075.7:1100277-1101060	NC_003076.8	85.892	723	47	35	2	682	24313643	24314352	0.0	719
NC_003075.7:1100277-1101060	NC_003076.8	85.833	720	40	40	3	682	15162258	15162955	0.0	708
NC_003075.7:1100277-1101060	NC_003076.8	83.611	720	49	38	3	682	19912705	19913395	3.89e-174	612
NC_003075.7:1100277-1101060	NC_003076.8	83.333	708	45	45	6	682	16031381	16030716	2.36e-166	586
NC_003075.7:1100277-1101060	NC_003076.8	90.129	233	13	9	3	225	5592794	5593026	1.60e-78	294
NC_003075.7:1100277-1101060	NC_003076.8	88.701	177	17	3	363	536	19408889	19408713	4.61e-54	213
NC_003075.7:1100277-1101060	NC_003074.8	91.148	723	22	25	3	685	6941481	6940761	0.0	942
NC_003075.7:1100277-1101060	NC_003074.8	88.022	718	43	30	6	682	8596961	8596246	0.0	809
NC_003075.7:1100277-1101060	NC_003074.8	87.778	720	47	25	3	683	10900765	10901482	0.0	804
NC_003075.7:1100277-1101060	NC_003074.8	87.656	721	46	26	3	682	16677619	16678337	0.0	798
NC_003075.7:1100277-1101060	NC_003074.8	87.622	719	43	27	6	682	16535288	16534574	0.0	793
NC_003075.7:1100277-1101060	NC_003074.8	87.675	714	45	32	3	675	4467616	4468327	0.0	791
NC_003075.7:1100277-1101060	NC_003074.8	87.326	718	47	28	6	682	18496026	18495312	0.0	782
NC_003075.7:1100277-1101060	NC_003074.8	87.169	717	43	31	6	682	5591631	5590924	0.0	769
NC_003075.7:1100277-1101060	NC_003074.8	86.806	720	50	30	3	682	16902335	16903049	0.0	761
NC_003075.7:1100277-1101060	NC_003074.8	86.771	703	53	29	19	682	8328649	8329350	0.0	747
NC_003075.7:1100277-1101060	NC_003074.8	86.053	717	37	35	6	682	20770458	20769765	0.0	712
NC_003075.7:1100277-1101060	NC_003074.8	87.840	551	31	23	166	682	18171656	18171108	1.08e-174	614
NC_003075.7:1100277-1101060	NC_003074.8	89.914	347	23	6	190	527	11589283	11588940	2.51e-121	436
NC_003075.7:1100277-1101060	NC_003074.8	85.930	398	34	16	306	682	11456097	11455701	7.09e-112	405
NC_003075.7:1100277-1101060	NC_003074.8	90.206	194	10	8	6	190	11456298	11456105	1.64e-63	244
NC_003075.7:1100277-1101060	NC_003074.8	88.384	198	14	9	2	190	4977270	4977467	4.58e-59	230
NC_003075.7:1100277-1101060	NC_003074.8	87.755	196	14	8	3	190	19529026	19529219	2.76e-56	220
NC_003075.7:1100277-1101060	NC_003074.8	88.710	62	1	3	680	735	6940660	6940599	2.94e-11	71.3
NC_003075.7:1100277-1101060	NC_003070.9	88.072	721	44	29	2	683	9418944	9418227	0.0	817
NC_003075.7:1100277-1101060	NC_003070.9	87.535	722	45	32	3	682	5437785	5437067	0.0	793
NC_003075.7:1100277-1101060	NC_003070.9	87.517	721	46	29	3	681	6514479	6515197	0.0	793
NC_003075.7:1100277-1101060	NC_003070.9	87.448	725	46	33	2	685	20167553	20166833	0.0	793
NC_003075.7:1100277-1101060	NC_003070.9	87.764	711	44	27	12	682	3250618	3251325	0.0	791
NC_003075.7:1100277-1101060	NC_003070.9	87.379	721	47	32	3	682	12618641	12619358	0.0	787
NC_003075.7:1100277-1101060	NC_003070.9	87.190	726	44	34	3	682	20513682	20514404	0.0	780
NC_003075.7:1100277-1101060	NC_003070.9	86.963	721	47	31	3	682	21127992	21128706	0.0	767
NC_003075.7:1100277-1101060	NC_003070.9	86.667	735	39	35	3	682	697371	696641	0.0	760
NC_003075.7:1100277-1101060	NC_003070.9	86.648	719	52	31	6	682	11670239	11669523	0.0	756
NC_003075.7:1100277-1101060	NC_003070.9	86.842	722	38	36	3	682	8538892	8539598	0.0	754
NC_003075.7:1100277-1101060	NC_003070.9	86.890	717	39	34	6	682	9385027	9384326	0.0	752
NC_003075.7:1100277-1101060	NC_003070.9	86.611	717	40	35	6	682	18301136	18300436	0.0	741
NC_003075.7:1100277-1101060	NC_003070.9	85.442	735	45	37	6	682	29775134	29774404	0.0	708
NC_003075.7:1100277-1101060	NC_003070.9	85.216	717	36	35	3	652	10239323	10240036	0.0	673
NC_003075.7:1100277-1101060	NC_003070.9	87.943	564	45	16	3	546	3762161	3762721	0.0	643
NC_003075.7:1100277-1101060	NC_003070.9	84.167	720	41	40	3	682	21616148	21615462	1.07e-179	630
NC_003075.7:1100277-1101060	NC_003070.9	83.844	718	47	36	6	683	14014225	14013537	2.33e-176	619
NC_003075.7:1100277-1101060	NC_003070.9	83.472	720	42	43	3	682	8623605	8622923	3.03e-170	599
NC_003075.7:1100277-1101060	NC_003070.9	85.750	400	33	17	306	682	20172602	20172204	9.17e-111	401
NC_003075.7:1100277-1101060	NC_003070.9	86.084	309	18	16	396	682	20560071	20559766	5.72e-83	309
NC_003075.7:1100277-1101060	NC_003070.9	89.700	233	13	10	3	225	10579427	10579658	2.68e-76	287
NC_003075.7:1100277-1101060	NC_003070.9	84.466	309	23	16	396	682	10579670	10579975	1.25e-74	281
NC_003075.7:1100277-1101060	NC_003070.9	92.040	201	9	7	32	225	20560283	20560083	5.80e-73	276
NC_003075.7:1100277-1101060	NC_003070.9	90.206	194	10	9	6	190	20172803	20172610	1.64e-63	244
NC_003075.7:1100277-1101060	NC_003071.7	88.072	721	41	35	6	682	7177587	7176868	0.0	813
NC_003075.7:1100277-1101060	NC_003071.7	87.828	723	43	31	3	681	9029810	9030531	0.0	806
NC_003075.7:1100277-1101060	NC_003071.7	87.744	718	46	31	6	682	10070958	10070242	0.0	800
NC_003075.7:1100277-1101060	NC_003071.7	87.535	722	47	29	3	682	8172838	8173558	0.0	795
NC_003075.7:1100277-1101060	NC_003071.7	87.483	719	44	31	6	682	1322850	1322136	0.0	787
NC_003075.7:1100277-1101060	NC_003071.7	87.326	718	46	31	6	682	3198496	3197783	0.0	780
NC_003075.7:1100277-1101060	NC_003071.7	87.222	720	45	34	6	682	1348070	1347355	0.0	776
NC_003075.7:1100277-1101060	NC_003071.7	87.607	702	43	29	22	682	9455339	9456037	0.0	774
NC_003075.7:1100277-1101060	NC_003071.7	86.926	719	49	30	7	682	14571901	14572617	0.0	765
NC_003075.7:1100277-1101060	NC_003071.7	86.389	720	40	34	3	682	2320065	2320766	0.0	734
NC_003075.7:1100277-1101060	NC_003071.7	87.111	675	41	29	6	640	11909714	11909046	0.0	723
NC_003075.7:1100277-1101060	NC_003071.7	86.589	686	52	36	3	657	7350657	7351333	0.0	721
NC_003075.7:1100277-1101060	NC_003071.7	85.794	718	33	50	8	682	1038905	1038214	0.0	697
NC_003075.7:1100277-1101060	NC_003071.7	85.455	715	44	48	3	682	1384411	1383722	0.0	689
NC_003075.7:1100277-1101060	NC_003071.7	84.993	713	52	37	3	682	10997040	10996350	0.0	673
NC_003075.7:1100277-1101060	NC_003071.7	85.213	399	36	18	306	682	7094027	7094424	7.14e-107	388
NC_003075.7:1100277-1101060	NC_003071.7	90.355	197	10	9	3	190	9584610	9584806	3.51e-65	250
NC_003075.7:1100277-1101060	NC_003071.7	89.848	197	11	9	3	190	6901194	6901390	1.64e-63	244
NC_003075.7:1100277-1101060	NC_003071.7	89.848	197	11	8	3	190	7093823	7094019	1.64e-63	244
NC_003075.7:1100277-1101060	NC_003071.7	83.408	223	13	17	453	652	9311237	9311458	1.01e-45	185
NC_003074.8:17116703-17117623	NC_003076.8	97.800	909	0	19	1	889	14749026	14749934	0.0	1550
NC_003074.8:17116703-17117623	NC_003076.8	91.279	172	12	3	115	283	8224510	8224681	1.55e-59	231
NC_003074.8:17116703-17117623	NC_003074.8	97.377	915	0	21	1	891	17117623	17116709	0.0	1535
NC_003074.8:17116703-17117623	NC_003074.8	78.450	413	58	22	360	765	16977630	16978018	2.58e-62	241
NC_003074.8:17116703-17117623	NC_003074.8	84.932	219	29	4	550	765	15883870	15883653	1.21e-55	219
NC_003074.8:17116703-17117623	NC_003070.9	92.381	525	31	9	1	517	13357136	13357659	0.0	739
NC_003074.8:17116703-17117623	NC_003071.7	81.287	342	36	11	429	765	2952548	2952866	1.19e-65	252
NC_003074.8:15936562-15936887	NC_003074.8	88.580	324	0	25	1	287	15936562	15936885	2.07e-98	359
NC_003074.8:15936562-15936887	NC_003075.7	85.987	314	0	23	1	270	5981445	5981132	1.64e-79	296
NC_003070.9:13313486-13313922	NC_003071.7	93.091	550	22	14	1	534	13101811	13102360	0.0	791
NC_003070.9:13313486-13313922	NC_003071.7	92.545	550	25	14	1	534	12556655	12557204	0.0	774
NC_003070.9:13313486-13313922	NC_003071.7	92.831	544	19	17	3	529	13885934	13886474	0.0	771
NC_003070.9:13313486-13313922	NC_003071.7	90.603	564	21	21	1	534	5037752	5038313	0.0	719
NC_003070.9:13313486-13313922	NC_003071.7	90.426	564	21	24	1	534	7340382	7340942	0.0	712
NC_003070.9:13313486-13313922	NC_003071.7	88.850	565	32	20	1	534	5010651	5010087	0.0	665
NC_003070.9:13313486-13313922	NC_003071.7	88.713	567	29	22	1	534	2138821	2139385	0.0	660
NC_003070.9:13313486-13313922	NC_003071.7	88.256	562	21	29	1	532	9226024	9225478	7.69e-180	630
NC_003070.9:13313486-13313922	NC_003071.7	87.852	568	23	21	1	534	6207150	6206595	3.58e-178	625
NC_003070.9:13313486-13313922	NC_003071.7	87.434	565	29	28	1	534	4025414	4025967	2.78e-174	612
NC_003070.9:13313486-13313922	NC_003071.7	89.980	489	20	19	3	462	19172665	19172177	4.66e-172	604
NC_003070.9:13313486-13313922	NC_003071.7	86.941	559	37	25	7	534	1596926	1597479	2.80e-169	595
NC_003070.9:13313486-13313922	NC_003071.7	88.178	516	22	25	18	498	17147641	17147130	2.82e-164	579
NC_003070.9:13313486-13313922	NC_003071.7	86.372	565	24	22	1	534	1670333	1669791	6.11e-161	568
NC_003070.9:13313486-13313922	NC_003071.7	85.943	562	31	26	1	534	9229178	9228637	1.32e-157	556
NC_003070.9:13313486-13313922	NC_003071.7	85.512	566	28	22	1	534	19623103	19623646	3.71e-153	542
NC_003070.9:13313486-13313922	NC_003071.7	84.402	577	29	32	1	534	9860513	9859955	1.04e-143	510
NC_003070.9:13313486-13313922	NC_003071.7	84.183	569	33	21	1	534	15134226	15134772	2.26e-140	499
NC_003070.9:13313486-13313922	NC_003071.7	84.418	507	28	24	3	480	19243132	19242648	6.42e-126	451
NC_003070.9:13313486-13313922	NC_003071.7	89.456	294	21	10	250	534	4305998	4306290	3.10e-99	363
NC_003070.9:13313486-13313922	NC_003071.7	91.525	236	15	5	304	534	10996418	10996183	1.89e-86	320
NC_003070.9:13313486-13313922	NC_003071.7	88.321	274	13	9	265	534	9433311	9433569	1.14e-83	311
NC_003070.9:13313486-13313922	NC_003071.7	93.023	215	10	4	1	211	9433092	9433305	4.09e-83	309
NC_003070.9:13313486-13313922	NC_003071.7	90.377	239	14	9	303	534	1322206	1321970	5.29e-82	305
NC_003070.9:13313486-13313922	NC_003071.7	89.958	239	14	10	303	534	3197853	3197618	2.46e-80	300
NC_003070.9:13313486-13313922	NC_003071.7	92.271	207	10	6	332	534	1038253	1038049	5.33e-77	289
NC_003070.9:13313486-13313922	NC_003071.7	91.866	209	9	6	332	534	2320728	2320934	6.89e-76	285
NC_003070.9:13313486-13313922	NC_003071.7	85.780	218	11	9	303	515	9455967	9456169	3.30e-54	213
NC_003070.9:13313486-13313922	NC_003071.7	88.636	176	13	6	366	534	826099	826274	1.54e-52	207
NC_003070.9:13313486-13313922	NC_003071.7	88.439	173	8	8	366	534	8907832	8907996	9.24e-50	198
NC_003070.9:13313486-13313922	NC_003071.7	87.861	173	9	8	366	534	9891410	9891246	4.30e-48	193
NC_003070.9:13313486-13313922	NC_003071.7	83.051	236	13	13	303	534	9585143	9585355	5.56e-47	189
NC_003070.9:13313486-13313922	NC_003071.7	91.429	140	9	3	303	440	10070310	10070172	5.56e-47	189
NC_003070.9:13313486-13313922	NC_003071.7	91.367	139	8	4	303	438	9030463	9030600	2.00e-46	187
NC_003070.9:13313486-13313922	NC_003071.7	82.627	236	14	15	303	534	1347424	1347212	2.59e-45	183
NC_003070.9:13313486-13313922	NC_003071.7	89.231	130	11	3	406	534	11285242	11285115	4.36e-38	159
NC_003070.9:13313486-13313922	NC_003071.7	88.462	130	12	3	406	534	3212452	3212325	2.03e-36	154
NC_003070.9:13313486-13313922	NC_003071.7	94.792	96	3	2	1	94	7439722	7439627	9.44e-35	148
NC_003070.9:13313486-13313922	NC_003071.7	86.822	129	14	3	407	534	6663995	6664121	1.58e-32	141
NC_003070.9:13313486-13313922	NC_003071.7	86.822	129	13	4	407	534	7112803	7112928	1.58e-32	141
NC_003070.9:13313486-13313922	NC_003071.7	90.625	96	7	2	7	100	1552855	1552760	4.42e-28	126
NC_003070.9:13313486-13313922	NC_003071.7	91.398	93	6	2	4	94	7178423	7178515	4.42e-28	126
NC_003070.9:13313486-13313922	NC_003071.7	84.173	139	8	5	303	440	14572548	14572673	5.72e-27	122
NC_003070.9:13313486-13313922	NC_003071.7	84.252	127	15	5	410	534	4024867	4024990	7.40e-26	119
NC_003070.9:13313486-13313922	NC_003071.7	89.362	94	10	0	1	94	8046268	8046175	7.40e-26	119
NC_003070.9:13313486-13313922	NC_003071.7	89.362	94	9	1	1	93	6411150	6411243	2.66e-25	117
NC_003070.9:13313486-13313922	NC_003071.7	85.455	110	14	2	1	108	2262404	2262295	3.44e-24	113
NC_003070.9:13313486-13313922	NC_003071.7	89.535	86	7	2	1	84	1303112	1303027	1.60e-22	108
NC_003070.9:13313486-13313922	NC_003071.7	90.476	63	6	0	1	63	1955471	1955533	2.70e-15	84.2
NC_003070.9:13313486-13313922	NC_003071.7	93.103	58	2	2	476	532	10070158	10070102	2.70e-15	84.2
NC_003070.9:13313486-13313922	NC_003071.7	87.500	64	7	1	1	64	1322855	1322793	5.84e-12	73.1
NC_003070.9:13313486-13313922	NC_003071.7	87.500	64	7	1	1	64	3198501	3198439	5.84e-12	73.1
NC_003070.9:13313486-13313922	NC_003071.7	87.302	63	7	1	1	63	2320063	2320124	2.10e-11	71.3
NC_003070.9:13313486-13313922	NC_003071.7	87.302	63	7	1	1	63	6901192	6901253	2.10e-11	71.3
NC_003070.9:13313486-13313922	NC_003071.7	87.302	63	7	1	1	63	9029808	9029869	2.10e-11	71.3
NC_003070.9:13313486-13313922	NC_003071.7	85.714	63	8	1	1	63	10070963	10070902	9.78e-10	65.8
NC_003070.9:13313486-13313922	NC_003071.7	92.500	40	3	0	1	40	11909719	11909680	1.64e-07	58.4
NC_003070.9:13313486-13313922	NC_003071.7	100.000	29	0	0	506	534	7177618	7177590	2.12e-06	54.7
NC_003070.9:13313486-13313922	NC_003076.8	93.078	549	22	14	1	534	26787653	26787106	0.0	789
NC_003070.9:13313486-13313922	NC_003076.8	91.803	549	28	15	3	534	6420375	6419827	0.0	749
NC_003070.9:13313486-13313922	NC_003076.8	91.150	565	17	20	1	534	17726423	17726985	0.0	736
NC_003070.9:13313486-13313922	NC_003076.8	91.273	550	27	17	1	534	8748926	8749470	0.0	730
NC_003070.9:13313486-13313922	NC_003076.8	90.409	563	21	23	3	534	24448815	24449375	0.0	710
NC_003070.9:13313486-13313922	NC_003076.8	90.676	547	25	15	1	534	15580808	15581341	0.0	704
NC_003070.9:13313486-13313922	NC_003076.8	89.894	564	25	19	1	534	5625059	5625620	0.0	697
NC_003070.9:13313486-13313922	NC_003076.8	90.000	550	34	18	1	534	9854347	9854891	0.0	691
NC_003070.9:13313486-13313922	NC_003076.8	88.927	578	19	27	1	534	7417332	7417908	0.0	671
NC_003070.9:13313486-13313922	NC_003076.8	88.889	567	19	21	1	534	13892685	13892130	0.0	658
NC_003070.9:13313486-13313922	NC_003076.8	88.889	567	19	21	1	534	16870924	16871479	0.0	658
NC_003070.9:13313486-13313922	NC_003076.8	88.732	568	19	21	1	534	9558215	9557659	0.0	652
NC_003070.9:13313486-13313922	NC_003076.8	88.360	567	20	25	1	534	14810272	14810825	0.0	640
NC_003070.9:13313486-13313922	NC_003076.8	88.298	564	22	23	1	534	19101559	19102108	0.0	636
NC_003070.9:13313486-13313922	NC_003076.8	87.279	566	36	24	3	534	3566353	3566916	7.74e-175	614
NC_003070.9:13313486-13313922	NC_003076.8	86.824	592	18	31	1	534	24117961	24118550	1.30e-172	606
NC_003070.9:13313486-13313922	NC_003076.8	87.389	563	20	20	1	534	14104207	14103667	2.17e-170	599
NC_003070.9:13313486-13313922	NC_003076.8	86.749	566	39	26	1	534	22621739	22621178	7.80e-170	597
NC_003070.9:13313486-13313922	NC_003076.8	86.467	569	39	25	1	534	9068734	9068169	1.30e-167	590
NC_003070.9:13313486-13313922	NC_003076.8	86.726	565	22	22	1	534	17043359	17043901	2.82e-164	579
NC_003070.9:13313486-13313922	NC_003076.8	87.739	522	20	22	25	504	26015331	26015850	1.70e-161	569
NC_003070.9:13313486-13313922	NC_003076.8	85.968	563	25	27	1	532	16712852	16713391	1.71e-156	553
NC_003070.9:13313486-13313922	NC_003076.8	85.613	563	32	28	1	534	7701180	7700638	2.86e-154	545
NC_003070.9:13313486-13313922	NC_003076.8	86.811	508	28	22	1	481	22335575	22335080	8.02e-150	531
NC_003070.9:13313486-13313922	NC_003076.8	83.717	565	24	26	1	534	7069990	7070517	4.93e-132	472
NC_003070.9:13313486-13313922	NC_003076.8	88.041	393	16	21	2	363	15882295	15882687	1.80e-121	436
NC_003070.9:13313486-13313922	NC_003076.8	94.052	269	8	8	271	534	6702192	6701927	6.56e-111	401
NC_003070.9:13313486-13313922	NC_003076.8	84.691	405	32	19	1	376	4936962	4937365	1.11e-103	377
NC_003070.9:13313486-13313922	NC_003076.8	85.309	388	29	17	1	360	706996	706609	3.98e-103	375
NC_003070.9:13313486-13313922	NC_003076.8	93.043	230	11	4	1	226	13231670	13231898	8.73e-90	331
NC_003070.9:13313486-13313922	NC_003076.8	84.637	358	11	22	205	534	14395374	14395033	2.44e-85	316
NC_003070.9:13313486-13313922	NC_003076.8	84.637	358	11	22	205	534	14454673	14454332	2.44e-85	316
NC_003070.9:13313486-13313922	NC_003076.8	93.301	209	10	3	2	206	14395843	14395635	5.29e-82	305
NC_003070.9:13313486-13313922	NC_003076.8	93.301	209	10	3	2	206	14455142	14454934	5.29e-82	305
NC_003070.9:13313486-13313922	NC_003076.8	88.346	266	6	9	273	534	24586812	24587056	3.18e-79	296
NC_003070.9:13313486-13313922	NC_003076.8	89.540	239	16	8	303	534	15162886	15163122	1.15e-78	294
NC_003070.9:13313486-13313922	NC_003076.8	91.589	214	13	4	1	210	6702417	6702205	1.48e-77	291
NC_003070.9:13313486-13313922	NC_003076.8	89.076	238	16	10	303	532	7488328	7488093	1.92e-76	287
NC_003070.9:13313486-13313922	NC_003076.8	91.866	209	9	8	303	507	5648113	5647909	6.89e-76	285
NC_003070.9:13313486-13313922	NC_003076.8	93.989	183	5	6	355	534	13231894	13232073	5.37e-72	272
NC_003070.9:13313486-13313922	NC_003076.8	90.338	207	15	5	332	534	16030754	16030549	2.50e-70	267
NC_003070.9:13313486-13313922	NC_003076.8	86.853	251	13	11	303	534	15031163	15030914	3.23e-69	263
NC_003070.9:13313486-13313922	NC_003076.8	87.342	237	21	9	303	532	22021624	22021858	3.23e-69	263
NC_003070.9:13313486-13313922	NC_003076.8	88.889	216	14	10	303	511	15535363	15535151	1.50e-67	257
NC_003070.9:13313486-13313922	NC_003076.8	90.148	203	13	7	336	534	17481847	17482046	1.50e-67	257
NC_003070.9:13313486-13313922	NC_003076.8	92.442	172	11	2	1	171	24586632	24586802	1.17e-63	244
NC_003070.9:13313486-13313922	NC_003076.8	86.555	238	6	16	200	412	13678951	13678715	5.44e-62	239
NC_003070.9:13313486-13313922	NC_003076.8	91.329	173	9	6	365	532	14880640	14880811	9.11e-60	231
NC_003070.9:13313486-13313922	NC_003076.8	85.232	237	11	11	303	533	19408597	19408379	5.48e-57	222
NC_003070.9:13313486-13313922	NC_003076.8	86.567	201	12	10	66	258	17885905	17885712	1.54e-52	207
NC_003070.9:13313486-13313922	NC_003076.8	89.017	173	7	8	366	534	10041976	10041812	1.99e-51	204
NC_003070.9:13313486-13313922	NC_003076.8	92.143	140	9	2	303	440	9867496	9867635	3.32e-49	196
NC_003070.9:13313486-13313922	NC_003076.8	93.284	134	8	1	1	133	20119602	20119735	3.32e-49	196
NC_003070.9:13313486-13313922	NC_003076.8	87.791	172	9	8	367	534	22464039	22464202	1.55e-47	191
NC_003070.9:13313486-13313922	NC_003076.8	91.489	141	8	4	303	440	24314283	24314422	1.55e-47	191
NC_003070.9:13313486-13313922	NC_003076.8	91.429	140	10	2	303	440	26893188	26893327	1.55e-47	191
NC_003070.9:13313486-13313922	NC_003076.8	91.367	139	10	2	303	440	17398095	17397958	5.56e-47	189
NC_003070.9:13313486-13313922	NC_003076.8	90.210	143	10	4	366	504	19480000	19480142	2.59e-45	183
NC_003070.9:13313486-13313922	NC_003076.8	90.625	128	9	3	407	534	21775911	21775787	2.61e-40	167
NC_003070.9:13313486-13313922	NC_003076.8	80.519	231	30	8	304	532	8671466	8671683	3.37e-39	163
NC_003070.9:13313486-13313922	NC_003076.8	88.372	129	11	4	407	534	4314741	4314866	7.30e-36	152
NC_003070.9:13313486-13313922	NC_003076.8	88.372	129	11	4	407	534	5428081	5427956	7.30e-36	152
NC_003070.9:13313486-13313922	NC_003076.8	88.281	128	13	2	407	534	16358419	16358544	7.30e-36	152
NC_003070.9:13313486-13313922	NC_003076.8	88.281	128	13	2	407	534	17796263	17796138	7.30e-36	152
NC_003070.9:13313486-13313922	NC_003076.8	88.281	128	12	3	408	534	7153309	7153184	2.62e-35	150
NC_003070.9:13313486-13313922	NC_003076.8	87.597	129	13	3	407	534	15042260	15042134	3.39e-34	147
NC_003070.9:13313486-13313922	NC_003076.8	87.597	129	13	3	407	534	15604795	15604669	3.39e-34	147
NC_003070.9:13313486-13313922	NC_003076.8	82.447	188	13	11	319	504	17247876	17247707	3.39e-34	147
NC_003070.9:13313486-13313922	NC_003076.8	87.805	123	12	3	413	534	14143814	14143694	1.58e-32	141
NC_003070.9:13313486-13313922	NC_003076.8	86.822	129	14	3	407	534	24475417	24475291	1.58e-32	141
NC_003070.9:13313486-13313922	NC_003076.8	86.822	129	12	5	407	534	8744749	8744625	5.68e-32	139
NC_003070.9:13313486-13313922	NC_003076.8	86.466	133	9	9	409	534	25265207	25265337	2.04e-31	137
NC_003070.9:13313486-13313922	NC_003076.8	92.632	95	6	1	1	94	14880217	14880311	7.35e-31	135
NC_003070.9:13313486-13313922	NC_003076.8	85.271	129	16	3	407	534	10715496	10715622	3.42e-29	130
NC_003070.9:13313486-13313922	NC_003076.8	94.186	86	3	2	450	534	15882682	15882766	3.42e-29	130
NC_003070.9:13313486-13313922	NC_003076.8	89.362	94	8	2	1	93	9979172	9979080	2.66e-25	117
NC_003070.9:13313486-13313922	NC_003076.8	90.909	88	7	1	1	87	15659430	15659343	2.66e-25	117
NC_003070.9:13313486-13313922	NC_003076.8	89.130	92	9	1	1	91	10873662	10873753	3.44e-24	113
NC_003070.9:13313486-13313922	NC_003076.8	91.250	80	6	1	1	80	9763119	9763041	1.60e-22	108
NC_003070.9:13313486-13313922	NC_003076.8	86.170	94	13	0	1	94	20674821	20674728	7.45e-21	102
NC_003070.9:13313486-13313922	NC_003076.8	86.022	93	12	1	3	94	22463661	22463753	9.64e-20	99.0
NC_003070.9:13313486-13313922	NC_003076.8	90.476	63	5	1	1	63	17481152	17481213	9.71e-15	82.4
NC_003070.9:13313486-13313922	NC_003076.8	89.062	64	6	1	1	64	7488976	7488914	1.26e-13	78.7
NC_003070.9:13313486-13313922	NC_003076.8	89.062	64	6	1	1	64	9866842	9866904	1.26e-13	78.7
NC_003070.9:13313486-13313922	NC_003076.8	89.062	64	6	1	1	64	15536011	15535949	1.26e-13	78.7
NC_003070.9:13313486-13313922	NC_003076.8	87.500	64	7	1	1	64	15162256	15162318	5.84e-12	73.1
NC_003070.9:13313486-13313922	NC_003076.8	87.500	64	7	1	1	64	22020974	22021036	5.84e-12	73.1
NC_003070.9:13313486-13313922	NC_003076.8	82.716	81	12	2	1	80	19153745	19153666	2.10e-11	71.3
NC_003070.9:13313486-13313922	NC_003076.8	85.714	63	9	0	1	63	8280719	8280781	2.72e-10	67.6
NC_003070.9:13313486-13313922	NC_003070.9	92.545	550	24	15	1	534	19769025	19769573	0.0	773
NC_003070.9:13313486-13313922	NC_003070.9	92.168	549	27	15	1	534	10021961	10021414	0.0	761
NC_003070.9:13313486-13313922	NC_003070.9	92.015	551	26	16	1	534	11804093	11803544	0.0	758
NC_003070.9:13313486-13313922	NC_003070.9	90.796	565	18	24	1	534	23125692	23125131	0.0	725
NC_003070.9:13313486-13313922	NC_003070.9	90.364	550	37	14	1	534	28891929	28891380	0.0	708
NC_003070.9:13313486-13313922	NC_003070.9	89.894	564	24	22	1	534	12097457	12098017	0.0	695
NC_003070.9:13313486-13313922	NC_003070.9	89.428	577	18	24	1	534	17502231	17502807	0.0	688
NC_003070.9:13313486-13313922	NC_003070.9	89.007	564	17	26	1	534	5899754	5899206	0.0	656
NC_003070.9:13313486-13313922	NC_003070.9	89.292	551	21	21	19	534	25779690	25780237	0.0	656
NC_003070.9:13313486-13313922	NC_003070.9	88.830	564	19	28	1	534	21918435	21918984	0.0	652
NC_003070.9:13313486-13313922	NC_003070.9	88.319	565	33	22	1	534	5862950	5863512	0.0	647
NC_003070.9:13313486-13313922	NC_003070.9	89.029	556	13	29	1	512	6219139	6218588	0.0	645
NC_003070.9:13313486-13313922	NC_003070.9	88.339	566	24	25	1	534	26511225	26510670	0.0	641
NC_003070.9:13313486-13313922	NC_003070.9	88.380	568	20	27	1	534	27240720	27241275	0.0	641
NC_003070.9:13313486-13313922	NC_003070.9	88.360	567	21	23	1	534	26880722	26881276	0.0	640
NC_003070.9:13313486-13313922	NC_003070.9	88.298	564	22	24	1	534	4770664	4770115	0.0	636
NC_003070.9:13313486-13313922	NC_003070.9	88.204	568	19	25	1	534	16401002	16400449	0.0	634
NC_003070.9:13313486-13313922	NC_003070.9	87.348	577	24	30	1	534	13869874	13870444	2.15e-175	616
NC_003070.9:13313486-13313922	NC_003070.9	87.279	566	39	21	1	534	21739640	21739076	2.15e-175	616
NC_003070.9:13313486-13313922	NC_003070.9	87.125	567	27	20	1	534	540986	540433	6.03e-171	601
NC_003070.9:13313486-13313922	NC_003070.9	86.292	569	28	30	1	534	10591981	10591428	1.31e-162	573
NC_003070.9:13313486-13313922	NC_003070.9	86.348	564	32	21	3	534	11732355	11732905	1.31e-162	573
NC_003070.9:13313486-13313922	NC_003070.9	85.841	565	47	24	1	534	13811465	13810903	1.70e-161	569
NC_003070.9:13313486-13313922	NC_003070.9	86.071	560	31	22	3	534	29244145	29244685	3.68e-158	558
NC_003070.9:13313486-13313922	NC_003070.9	88.129	497	12	30	67	532	10930990	10931470	7.96e-155	547
NC_003070.9:13313486-13313922	NC_003070.9	85.587	562	36	22	1	534	22192008	22192552	7.96e-155	547
NC_003070.9:13313486-13313922	NC_003070.9	85.336	566	36	25	1	534	20205904	20205354	3.71e-153	542
NC_003070.9:13313486-13313922	NC_003070.9	85.847	537	41	25	1	506	588026	587494	4.79e-152	538
NC_003070.9:13313486-13313922	NC_003070.9	85.529	539	26	25	3	512	2986889	2986374	2.25e-145	516
NC_003070.9:13313486-13313922	NC_003070.9	84.686	542	49	24	1	511	4582999	4583537	1.04e-143	510
NC_003070.9:13313486-13313922	NC_003070.9	88.584	438	20	20	1	408	2587832	2587395	4.86e-142	505
NC_003070.9:13313486-13313922	NC_003070.9	84.342	562	28	35	1	532	10853199	10852668	2.93e-139	496
NC_003070.9:13313486-13313922	NC_003070.9	83.831	569	33	34	1	534	24645520	24646064	1.76e-136	486
NC_003070.9:13313486-13313922	NC_003070.9	82.692	572	49	34	3	534	24718477	24719038	2.97e-129	462
NC_003070.9:13313486-13313922	NC_003070.9	92.609	230	13	3	1	226	13313922	13313693	1.13e-88	327
NC_003070.9:13313486-13313922	NC_003070.9	91.489	235	15	5	303	532	8622992	8622758	6.80e-86	318
NC_003070.9:13313486-13313922	NC_003070.9	90.650	246	6	8	293	534	2473131	2472899	1.14e-83	311
NC_003070.9:13313486-13313922	NC_003070.9	91.304	230	16	3	1	226	12240506	12240735	1.14e-83	311
NC_003070.9:13313486-13313922	NC_003070.9	90.377	239	14	9	303	534	10579905	10580141	5.29e-82	305
NC_003070.9:13313486-13313922	NC_003070.9	90.336	238	14	9	303	534	21128636	21128870	1.90e-81	303
NC_003070.9:13313486-13313922	NC_003070.9	89.958	239	15	9	303	534	11669593	11669357	2.46e-80	300
NC_003070.9:13313486-13313922	NC_003070.9	89.540	239	16	9	303	534	20559836	20559600	1.15e-78	294
NC_003070.9:13313486-13313922	NC_003070.9	89.121	239	16	9	303	534	9418298	9418063	5.33e-77	289
NC_003070.9:13313486-13313922	NC_003070.9	91.787	207	12	5	332	534	9384365	9384160	2.48e-75	283
NC_003070.9:13313486-13313922	NC_003070.9	88.703	239	16	10	303	534	20166905	20166671	8.92e-75	281
NC_003070.9:13313486-13313922	NC_003070.9	89.686	223	14	9	303	518	3762754	3762974	4.15e-73	276
NC_003070.9:13313486-13313922	NC_003070.9	93.989	183	5	6	355	534	12240731	12240910	5.37e-72	272
NC_003070.9:13313486-13313922	NC_003070.9	93.443	183	7	5	355	534	13313697	13313517	2.50e-70	267
NC_003070.9:13313486-13313922	NC_003070.9	94.186	172	8	2	1	171	2473306	2473136	1.16e-68	261
NC_003070.9:13313486-13313922	NC_003070.9	87.773	229	16	4	303	529	3251256	3251474	1.50e-67	257
NC_003070.9:13313486-13313922	NC_003070.9	90.341	176	12	5	364	534	8190384	8190559	4.24e-58	226
NC_003070.9:13313486-13313922	NC_003070.9	90.116	172	14	3	366	534	9918624	9918453	1.97e-56	220
NC_003070.9:13313486-13313922	NC_003070.9	90.116	172	13	4	367	534	25358251	25358422	1.97e-56	220
NC_003070.9:13313486-13313922	NC_003070.9	89.595	173	13	5	367	534	2588004	2587832	9.17e-55	215
NC_003070.9:13313486-13313922	NC_003070.9	90.260	154	11	4	384	534	21336375	21336527	9.24e-50	198
NC_003070.9:13313486-13313922	NC_003070.9	87.283	173	10	8	366	534	16858796	16858632	2.00e-46	187
NC_003070.9:13313486-13313922	NC_003070.9	82.627	236	14	15	303	534	29774473	29774261	2.59e-45	183
NC_003070.9:13313486-13313922	NC_003070.9	87.059	170	10	8	367	532	26307342	26307503	9.30e-45	182
NC_003070.9:13313486-13313922	NC_003070.9	89.764	127	10	3	409	534	12562353	12562229	4.36e-38	159
NC_003070.9:13313486-13313922	NC_003070.9	88.976	127	11	3	409	534	16327179	16327303	2.03e-36	154
NC_003070.9:13313486-13313922	NC_003070.9	88.976	127	11	3	409	534	16826246	16826370	2.03e-36	154
NC_003070.9:13313486-13313922	NC_003070.9	88.976	127	11	3	409	534	19465214	19465090	2.03e-36	154
NC_003070.9:13313486-13313922	NC_003070.9	88.281	128	13	2	407	534	8489539	8489414	7.30e-36	152
NC_003070.9:13313486-13313922	NC_003070.9	88.281	128	13	2	407	534	23553916	23553791	7.30e-36	152
NC_003070.9:13313486-13313922	NC_003070.9	79.412	238	30	18	303	534	5437136	5436912	2.62e-35	150
NC_003070.9:13313486-13313922	NC_003070.9	88.372	129	10	5	407	534	11701603	11701727	2.62e-35	150
NC_003070.9:13313486-13313922	NC_003070.9	88.281	128	10	5	407	532	9865470	9865346	9.44e-35	148
NC_003070.9:13313486-13313922	NC_003070.9	87.597	129	13	3	407	534	19064466	19064592	3.39e-34	147
NC_003070.9:13313486-13313922	NC_003070.9	87.805	123	13	2	412	534	13015971	13015851	4.39e-33	143
NC_003070.9:13313486-13313922	NC_003070.9	86.923	130	13	4	406	534	14308890	14308764	4.39e-33	143
NC_003070.9:13313486-13313922	NC_003070.9	87.302	126	14	2	409	534	25962588	25962465	4.39e-33	143
NC_003070.9:13313486-13313922	NC_003070.9	86.822	129	14	3	407	534	7037164	7037290	1.58e-32	141
NC_003070.9:13313486-13313922	NC_003070.9	86.822	129	14	3	407	534	18792738	18792864	1.58e-32	141
NC_003070.9:13313486-13313922	NC_003070.9	86.719	128	15	2	407	534	22451880	22452005	1.58e-32	141
NC_003070.9:13313486-13313922	NC_003070.9	86.614	127	13	4	410	534	22992056	22991932	2.04e-31	137
NC_003070.9:13313486-13313922	NC_003070.9	92.632	95	6	1	1	94	9919331	9919237	7.35e-31	135
NC_003070.9:13313486-13313922	NC_003070.9	85.827	127	14	4	410	534	12328051	12327927	9.50e-30	132
NC_003070.9:13313486-13313922	NC_003070.9	85.827	127	14	4	410	534	22620714	22620590	9.50e-30	132
NC_003070.9:13313486-13313922	NC_003070.9	85.827	127	14	4	410	534	30251102	30250978	9.50e-30	132
NC_003070.9:13313486-13313922	NC_003070.9	91.579	95	7	1	1	94	8189962	8190056	3.42e-29	130
NC_003070.9:13313486-13313922	NC_003070.9	90.526	95	8	1	1	94	16859176	16859082	1.59e-27	124
NC_003070.9:13313486-13313922	NC_003070.9	90.526	95	8	1	1	94	26306961	26307055	1.59e-27	124
NC_003070.9:13313486-13313922	NC_003070.9	89.583	96	8	2	1	94	19742137	19742042	2.06e-26	121
NC_003070.9:13313486-13313922	NC_003070.9	89.362	94	9	1	1	93	1160225	1160318	2.66e-25	117
NC_003070.9:13313486-13313922	NC_003070.9	92.593	81	6	0	1	81	10929427	10929507	2.66e-25	117
NC_003070.9:13313486-13313922	NC_003070.9	88.298	94	10	1	1	93	12183990	12183897	1.24e-23	111
NC_003070.9:13313486-13313922	NC_003070.9	88.764	89	9	1	6	93	12525587	12525675	1.60e-22	108
NC_003070.9:13313486-13313922	NC_003070.9	87.368	95	11	1	1	94	12993594	12993500	1.60e-22	108
NC_003070.9:13313486-13313922	NC_003070.9	89.535	86	7	2	1	84	18766617	18766532	1.60e-22	108
NC_003070.9:13313486-13313922	NC_003070.9	87.234	94	11	1	1	93	20509421	20509328	5.76e-22	106
NC_003070.9:13313486-13313922	NC_003070.9	86.170	94	13	0	1	94	17605551	17605644	7.45e-21	102
NC_003070.9:13313486-13313922	NC_003070.9	76.018	221	32	11	316	532	21602156	21601953	1.25e-18	95.3
NC_003070.9:13313486-13313922	NC_003070.9	87.500	64	8	0	1	64	12618639	12618702	1.62e-12	75.0
NC_003070.9:13313486-13313922	NC_003070.9	87.302	63	7	1	1	63	9385032	9384971	2.10e-11	71.3
NC_003070.9:13313486-13313922	NC_003070.9	87.302	63	7	1	1	63	18301141	18301080	2.10e-11	71.3
NC_003070.9:13313486-13313922	NC_003070.9	85.938	64	8	1	1	64	6514477	6514539	2.72e-10	67.6
NC_003070.9:13313486-13313922	NC_003070.9	86.885	61	7	1	1	61	10579425	10579484	2.72e-10	67.6
NC_003070.9:13313486-13313922	NC_003070.9	86.667	60	7	1	1	59	13548433	13548492	9.78e-10	65.8
NC_003070.9:13313486-13313922	NC_003070.9	100.000	28	0	0	507	534	21103382	21103355	7.61e-06	52.8
NC_003070.9:13313486-13313922	NC_003075.7	92.364	550	26	14	1	534	9112129	9111580	0.0	769
NC_003070.9:13313486-13313922	NC_003075.7	90.619	565	19	17	1	534	1521258	1521819	0.0	719
NC_003070.9:13313486-13313922	NC_003075.7	89.912	565	23	18	1	534	6115342	6115903	0.0	697
NC_003070.9:13313486-13313922	NC_003075.7	89.217	575	19	26	1	534	14458283	14457711	0.0	678
NC_003070.9:13313486-13313922	NC_003075.7	88.830	564	31	23	1	534	572758	572197	0.0	664
NC_003070.9:13313486-13313922	NC_003075.7	87.611	565	37	22	1	534	5392282	5391720	3.58e-178	625
NC_003070.9:13313486-13313922	NC_003075.7	86.979	576	27	30	1	534	12607046	12606477	4.66e-172	604
NC_003070.9:13313486-13313922	NC_003075.7	87.290	535	33	19	1	504	824052	823522	2.82e-164	579
NC_003070.9:13313486-13313922	NC_003075.7	85.918	561	33	24	1	534	7034792	7034251	1.32e-157	556
NC_003070.9:13313486-13313922	NC_003075.7	86.018	565	25	23	1	534	12365605	12365064	1.32e-157	556
NC_003070.9:13313486-13313922	NC_003075.7	86.018	565	26	22	1	534	15442193	15441651	1.32e-157	556
NC_003070.9:13313486-13313922	NC_003075.7	87.935	489	29	16	1	460	6660988	6661475	2.21e-155	549
NC_003070.9:13313486-13313922	NC_003075.7	85.638	564	29	27	1	534	8947759	8947218	2.86e-154	545
NC_003070.9:13313486-13313922	NC_003075.7	85.035	568	33	29	1	534	6340021	6339472	8.02e-150	531
NC_003070.9:13313486-13313922	NC_003075.7	91.409	291	13	10	251	532	2553660	2553947	5.11e-107	388
NC_003070.9:13313486-13313922	NC_003075.7	90.456	241	12	11	303	534	8899727	8899965	1.47e-82	307
NC_003070.9:13313486-13313922	NC_003075.7	88.136	236	22	6	303	534	17501973	17502206	4.15e-73	276
NC_003070.9:13313486-13313922	NC_003075.7	87.395	238	21	8	303	534	7231369	7231603	8.98e-70	265
NC_003070.9:13313486-13313922	NC_003075.7	93.064	173	6	5	303	471	8820042	8819872	9.05e-65	248
NC_003070.9:13313486-13313922	NC_003075.7	86.076	237	14	9	303	534	1198935	1198713	1.96e-61	237
NC_003070.9:13313486-13313922	NC_003075.7	90.805	174	12	4	365	534	7906195	7906368	3.28e-59	230
NC_003070.9:13313486-13313922	NC_003075.7	90.698	172	10	6	368	534	6426787	6426617	1.52e-57	224
NC_003070.9:13313486-13313922	NC_003075.7	92.568	148	8	3	389	534	13124015	13123869	4.27e-53	209
NC_003070.9:13313486-13313922	NC_003075.7	87.791	172	9	7	367	534	964026	963863	1.55e-47	191
NC_003070.9:13313486-13313922	NC_003075.7	91.429	140	8	4	303	440	12699153	12699290	5.56e-47	189
NC_003070.9:13313486-13313922	NC_003075.7	89.796	147	13	2	389	534	9146878	9147023	2.00e-46	187
NC_003070.9:13313486-13313922	NC_003075.7	89.147	129	11	3	407	534	370914	370788	1.57e-37	158
NC_003070.9:13313486-13313922	NC_003075.7	89.147	129	11	3	407	534	8065578	8065704	1.57e-37	158
NC_003070.9:13313486-13313922	NC_003075.7	88.372	129	13	2	407	534	4148055	4148182	2.03e-36	154
NC_003070.9:13313486-13313922	NC_003075.7	87.597	129	13	3	407	534	11192401	11192275	3.39e-34	147
NC_003070.9:13313486-13313922	NC_003075.7	86.822	129	13	4	407	534	684233	684358	1.58e-32	141
NC_003070.9:13313486-13313922	NC_003075.7	93.684	95	5	1	1	94	7154780	7154874	1.58e-32	141
NC_003070.9:13313486-13313922	NC_003075.7	86.047	129	15	3	407	534	16863389	16863263	7.35e-31	135
NC_003070.9:13313486-13313922	NC_003075.7	91.579	95	7	1	1	94	6427215	6427121	3.42e-29	130
NC_003070.9:13313486-13313922	NC_003075.7	91.489	94	7	1	1	93	2040108	2040201	1.23e-28	128
NC_003070.9:13313486-13313922	NC_003075.7	90.526	95	8	1	1	94	7830151	7830245	1.59e-27	124
NC_003070.9:13313486-13313922	NC_003075.7	91.304	92	7	1	1	91	13537669	13537578	1.59e-27	124
NC_003070.9:13313486-13313922	NC_003075.7	92.045	88	6	1	1	87	7905772	7905859	5.72e-27	122
NC_003070.9:13313486-13313922	NC_003075.7	88.889	90	8	2	1	89	6638806	6638894	4.45e-23	110
NC_003070.9:13313486-13313922	NC_003075.7	87.234	94	12	0	1	94	7652565	7652658	1.60e-22	108
NC_003070.9:13313486-13313922	NC_003075.7	93.151	73	4	1	1	73	2987148	2987219	5.76e-22	106
NC_003070.9:13313486-13313922	NC_003075.7	93.151	73	2	3	303	373	1100911	1100982	2.07e-21	104
NC_003070.9:13313486-13313922	NC_003075.7	91.781	73	6	0	1	73	3897173	3897245	7.45e-21	102
NC_003070.9:13313486-13313922	NC_003075.7	86.316	95	11	2	1	94	12968437	12968344	7.45e-21	102
NC_003070.9:13313486-13313922	NC_003075.7	86.316	95	10	3	441	534	14390354	14390262	2.68e-20	100
NC_003070.9:13313486-13313922	NC_003075.7	91.429	70	4	2	303	371	7572220	7572288	1.25e-18	95.3
NC_003070.9:13313486-13313922	NC_003075.7	88.889	63	7	0	1	63	5431586	5431524	1.26e-13	78.7
NC_003070.9:13313486-13313922	NC_003075.7	88.889	63	6	1	1	63	9192544	9192605	4.52e-13	76.8
NC_003070.9:13313486-13313922	NC_003075.7	87.500	64	8	0	1	64	8899078	8899141	1.62e-12	75.0
NC_003070.9:13313486-13313922	NC_003075.7	87.302	63	7	1	1	63	6169228	6169167	2.10e-11	71.3
NC_003070.9:13313486-13313922	NC_003075.7	85.938	64	8	1	1	64	7230736	7230798	2.72e-10	67.6
NC_003070.9:13313486-13313922	NC_003075.7	85.714	63	8	1	1	63	7384281	7384220	9.78e-10	65.8
NC_003070.9:13313486-13313922	NC_003075.7	84.375	64	9	1	1	64	1199584	1199522	1.26e-08	62.1
NC_003070.9:13313486-13313922	NC_003075.7	89.796	49	4	1	487	534	3359186	3359234	1.26e-08	62.1
NC_003070.9:13313486-13313922	NC_003074.8	91.636	550	30	14	1	534	7980632	7980083	0.0	747
NC_003070.9:13313486-13313922	NC_003074.8	90.603	564	22	15	1	534	10405397	10405959	0.0	719
NC_003070.9:13313486-13313922	NC_003074.8	89.876	563	24	22	3	534	11091000	11090440	0.0	693
NC_003070.9:13313486-13313922	NC_003074.8	89.735	565	25	21	1	534	14057125	14057687	0.0	691
NC_003070.9:13313486-13313922	NC_003074.8	89.735	565	21	21	1	534	23085532	23086090	0.0	688
NC_003070.9:13313486-13313922	NC_003074.8	89.217	575	18	28	2	534	6729497	6728925	0.0	678
NC_003070.9:13313486-13313922	NC_003074.8	89.312	552	28	17	12	534	18634492	18633943	0.0	664
NC_003070.9:13313486-13313922	NC_003074.8	88.408	578	23	21	1	534	10758579	10758002	0.0	656
NC_003070.9:13313486-13313922	NC_003074.8	88.496	565	34	15	1	534	5865865	5866429	0.0	654
NC_003070.9:13313486-13313922	NC_003074.8	88.496	565	30	23	1	534	16485868	16485308	0.0	651
NC_003070.9:13313486-13313922	NC_003074.8	88.455	563	32	22	3	534	19436874	19437434	0.0	649
NC_003070.9:13313486-13313922	NC_003074.8	88.536	567	20	22	1	534	7766063	7766617	0.0	645
NC_003070.9:13313486-13313922	NC_003074.8	88.536	567	19	25	1	534	10708626	10709179	0.0	645
NC_003070.9:13313486-13313922	NC_003074.8	88.319	565	21	24	1	534	10718344	10717794	0.0	636
NC_003070.9:13313486-13313922	NC_003074.8	88.225	569	19	21	1	534	16405197	16405752	0.0	636
NC_003070.9:13313486-13313922	NC_003074.8	88.121	564	24	25	1	534	17402551	17402001	7.69e-180	630
NC_003070.9:13313486-13313922	NC_003074.8	86.995	569	36	25	1	534	3080590	3080025	1.30e-172	606
NC_003070.9:13313486-13313922	NC_003074.8	86.679	563	37	26	6	534	16723678	16723120	1.30e-167	590
NC_003070.9:13313486-13313922	NC_003074.8	86.372	565	25	26	1	534	11315008	11315551	1.70e-161	569
NC_003070.9:13313486-13313922	NC_003074.8	86.195	565	25	28	1	534	11132203	11132745	2.84e-159	562
NC_003070.9:13313486-13313922	NC_003074.8	85.561	561	34	22	1	534	4584757	4585297	1.03e-153	544
NC_003070.9:13313486-13313922	NC_003074.8	85.062	569	38	30	1	534	21552657	21552101	1.72e-151	536
NC_003070.9:13313486-13313922	NC_003074.8	85.055	542	26	27	1	512	423196	422680	6.29e-141	501
NC_003070.9:13313486-13313922	NC_003074.8	87.696	382	18	20	1	354	4579238	4579618	6.51e-116	418
NC_003070.9:13313486-13313922	NC_003074.8	92.933	283	8	12	261	534	19740061	19740340	6.56e-111	401
NC_003070.9:13313486-13313922	NC_003074.8	86.684	383	20	15	182	534	15814110	15814491	3.05e-109	396
NC_003070.9:13313486-13313922	NC_003074.8	92.481	266	11	8	1	258	19739758	19740022	5.14e-102	372
NC_003070.9:13313486-13313922	NC_003074.8	84.974	386	11	20	181	534	16235030	16234660	8.67e-95	348
NC_003070.9:13313486-13313922	NC_003074.8	90.377	239	14	9	303	534	11588873	11588637	5.29e-82	305
NC_003070.9:13313486-13313922	NC_003074.8	90.295	237	15	7	303	534	6940832	6940599	1.90e-81	303
NC_003070.9:13313486-13313922	NC_003074.8	93.237	207	9	5	332	534	20769804	20769599	2.46e-80	300
NC_003070.9:13313486-13313922	NC_003074.8	89.540	239	15	9	303	534	10901411	10901646	1.15e-78	294
NC_003070.9:13313486-13313922	NC_003074.8	89.540	239	16	9	303	534	16678267	16678503	1.15e-78	294
NC_003070.9:13313486-13313922	NC_003074.8	89.451	237	15	10	303	532	18495382	18495149	1.48e-77	291
NC_003070.9:13313486-13313922	NC_003074.8	90.667	225	9	4	303	525	8329280	8329494	5.33e-77	289
NC_003070.9:13313486-13313922	NC_003074.8	87.938	257	15	6	281	534	18885867	18885624	5.33e-77	289
NC_003070.9:13313486-13313922	NC_003074.8	90.826	218	15	5	303	516	18171177	18170961	1.92e-76	287
NC_003070.9:13313486-13313922	NC_003074.8	89.189	222	12	12	303	515	16534644	16534426	2.50e-70	267
NC_003070.9:13313486-13313922	NC_003074.8	90.957	188	14	3	3	188	15812965	15813151	2.51e-65	250
NC_003070.9:13313486-13313922	NC_003074.8	90.503	179	12	5	361	534	8645161	8645339	9.11e-60	231
NC_003070.9:13313486-13313922	NC_003074.8	85.106	235	13	8	303	533	17209789	17209573	1.97e-56	220
NC_003070.9:13313486-13313922	NC_003074.8	84.681	235	17	11	303	532	16902979	16903199	2.55e-55	217
NC_003070.9:13313486-13313922	NC_003074.8	89.535	172	7	7	366	534	10681555	10681392	1.54e-52	207
NC_003070.9:13313486-13313922	NC_003074.8	91.429	140	10	2	303	440	4468266	4468405	1.55e-47	191
NC_003070.9:13313486-13313922	NC_003074.8	86.705	173	11	8	366	534	18172438	18172274	9.30e-45	182
NC_003070.9:13313486-13313922	NC_003074.8	89.147	129	11	3	407	534	13328456	13328582	1.57e-37	158
NC_003070.9:13313486-13313922	NC_003074.8	89.147	129	11	3	407	534	17142573	17142447	1.57e-37	158
NC_003070.9:13313486-13313922	NC_003074.8	92.593	108	8	0	1	108	7274661	7274768	5.64e-37	156
NC_003070.9:13313486-13313922	NC_003074.8	89.062	128	11	3	408	534	18019802	18019927	5.64e-37	156
NC_003070.9:13313486-13313922	NC_003074.8	88.976	127	11	3	409	534	17061510	17061386	2.03e-36	154
NC_003070.9:13313486-13313922	NC_003074.8	87.500	128	14	2	407	534	17275868	17275743	3.39e-34	147
NC_003070.9:13313486-13313922	NC_003074.8	86.822	129	14	3	407	534	16563461	16563587	1.58e-32	141
NC_003070.9:13313486-13313922	NC_003074.8	91.262	103	7	2	432	532	4579602	4579704	5.68e-32	139
NC_003070.9:13313486-13313922	NC_003074.8	86.154	130	15	3	406	534	3966020	3966147	2.04e-31	137
NC_003070.9:13313486-13313922	NC_003074.8	86.614	127	13	4	410	534	17299274	17299150	2.04e-31	137
NC_003070.9:13313486-13313922	NC_003074.8	86.508	126	14	3	410	534	1572003	1572126	7.35e-31	135
NC_003070.9:13313486-13313922	NC_003074.8	90.385	104	8	2	1	102	8772148	8772251	7.35e-31	135
NC_003070.9:13313486-13313922	NC_003074.8	86.047	129	15	3	407	534	10574477	10574351	7.35e-31	135
NC_003070.9:13313486-13313922	NC_003074.8	91.667	96	6	2	1	94	15918690	15918595	9.50e-30	132
NC_003070.9:13313486-13313922	NC_003074.8	85.833	120	12	5	417	534	10321325	10321441	5.72e-27	122
NC_003070.9:13313486-13313922	NC_003074.8	89.362	94	9	1	1	93	7659520	7659427	2.66e-25	117
NC_003070.9:13313486-13313922	NC_003074.8	93.333	75	5	0	1	75	10082827	10082753	1.24e-23	111
NC_003070.9:13313486-13313922	NC_003074.8	96.923	65	2	0	1	65	16235708	16235644	4.45e-23	110
NC_003070.9:13313486-13313922	NC_003074.8	91.892	74	6	0	1	74	7318503	7318576	2.07e-21	104
NC_003070.9:13313486-13313922	NC_003074.8	87.500	72	6	3	325	394	7981814	7981884	3.49e-14	80.5
NC_003070.9:13313486-13313922	NC_003074.8	89.062	64	6	1	1	64	16535293	16535231	1.26e-13	78.7
NC_003070.9:13313486-13313922	NC_003074.8	89.062	64	6	1	1	64	16677617	16677679	1.26e-13	78.7
NC_003070.9:13313486-13313922	NC_003074.8	88.889	63	6	1	1	63	20770463	20770402	4.52e-13	76.8
NC_003070.9:13313486-13313922	NC_003074.8	88.889	63	5	2	42	102	21694229	21694291	4.52e-13	76.8
NC_003070.9:13313486-13313922	NC_003074.8	88.525	61	6	1	1	61	16902333	16902392	5.84e-12	73.1
NC_003070.9:13313486-13313922	NC_003074.8	87.302	63	7	1	1	63	8596966	8596905	2.10e-11	71.3
NC_003070.9:13313486-13313922	NC_003074.8	82.716	81	12	2	1	80	19537815	19537736	2.10e-11	71.3
NC_003070.9:13313486-13313922	NC_003074.8	85.714	63	8	1	1	63	19529024	19529085	9.78e-10	65.8
NC_003070.9:13313486-13313922	NC_003074.8	91.304	46	3	1	490	534	4274975	4274930	1.26e-08	62.1
NC_003070.9:13313486-13313922	NC_003074.8	100.000	32	0	0	1	32	9540460	9540491	4.55e-08	60.2
NC_003070.9:13313486-13313922	NC_003074.8	82.812	64	10	1	1	64	10900763	10900825	5.88e-07	56.5
NC_003070.9:13313486-13313922	NC_003074.8	100.000	28	0	0	1	28	18172791	18172764	7.61e-06	52.8
NC_003070.9:13371474-13386482	NC_003071.7	95.599	6794	1	258	5342	11838	6155245	6162037	0.0	10615
NC_003070.9:13371474-13386482	NC_003071.7	92.703	5715	0	352	1	5298	6148549	6154263	0.0	7858
NC_003070.9:13371474-13386482	NC_003071.7	81.659	687	96	28	8951	9612	4683937	4684618	2.58e-152	544
NC_003070.9:13371474-13386482	NC_003071.7	80.309	518	63	35	949	1430	4669760	4670274	1.30e-95	355
NC_003070.9:13371474-13386482	NC_003071.7	91.440	257	0	18	12435	12669	6163224	6163480	6.07e-89	333
NC_003070.9:13371474-13386482	NC_003071.7	83.735	166	22	5	7250	7410	4675511	4675676	1.83e-34	152
NC_003070.9:13371474-13386482	NC_003070.9	95.989	6083	0	218	5993	11831	13378036	13384118	0.0	9657
NC_003070.9:13371474-13386482	NC_003070.9	92.049	6515	0	408	1	5997	13371474	13377988	0.0	8684
NC_003070.9:13371474-13386482	NC_003070.9	86.750	1834	165	73	8995	10757	13803949	13805775	0.0	1969
NC_003070.9:13371474-13386482	NC_003070.9	89.216	1428	102	47	7608	8995	13757356	13758771	0.0	1736
NC_003070.9:13371474-13386482	NC_003070.9	77.507	2872	406	196	733	3404	13751094	13753925	0.0	1504
NC_003070.9:13371474-13386482	NC_003070.9	83.877	1073	99	58	10806	11821	13805772	13806827	0.0	955
NC_003070.9:13371474-13386482	NC_003070.9	90.179	336	0	27	12436	12738	13386146	13386481	3.53e-111	407
NC_003070.9:13371474-13386482	NC_003070.9	85.911	291	6	26	1	256	15663427	15663717	2.89e-72	278
NC_003070.9:13371474-13386482	NC_003070.9	85.911	291	6	26	1	256	15674643	15674933	2.89e-72	278
NC_003070.9:13371474-13386482	NC_003074.8	94.381	3755	74	125	8211	11829	12803912	12800159	0.0	5638
NC_003070.9:13371474-13386482	NC_003074.8	75.398	4833	919	235	7040	11657	4281535	4276758	0.0	2089
NC_003070.9:13371474-13386482	NC_003074.8	95.045	1332	25	39	6930	8220	12806207	12804876	0.0	2056
NC_003070.9:13371474-13386482	NC_003076.8	91.182	3958	46	249	1	3672	13252487	13248547	0.0	5096
NC_003070.9:13371474-13386482	NC_003076.8	94.506	1893	25	70	10023	11838	13248242	13246352	0.0	2846
NC_003070.9:13371474-13386482	NC_003076.8	93.548	310	0	15	4445	4734	13248547	13248238	2.69e-122	444
NC_003070.9:13371474-13386482	NC_003076.8	76.293	793	140	39	10271	11021	10194515	10193729	7.69e-103	379
NC_003070.9:13371474-13386482	NC_003076.8	89.474	76	2	4	12435	12504	13244049	13243974	4.04e-16	91.6
NC_003070.9:13371474-13386482	NC_003075.7	90.239	922	7	70	1	839	1887151	1886230	0.0	1127
NC_003070.9:13371474-13386482	NC_003075.7	87.461	319	4	27	1	283	11191548	11191866	1.69e-89	335
NC_003071.7:4592137-4592494	NC_003071.7	89.106	358	0	28	1	319	4592494	4592137	2.35e-113	409
NC_003071.7:4592137-4592494	NC_003070.9	87.637	364	0	33	1	319	16758564	16758927	5.11e-105	381
NC_003074.8:15946053-15947980	NC_003076.8	90.235	1403	36	53	1	1337	14213722	14215089	0.0	1738
NC_003074.8:15946053-15947980	NC_003076.8	89.205	1408	56	62	1	1355	9666385	9665021	0.0	1670
NC_003074.8:15946053-15947980	NC_003076.8	90.566	1060	26	46	2	1014	10715622	10716654	0.0	1336
NC_003074.8:15946053-15947980	NC_003076.8	91.268	962	30	45	873	1782	13499509	13498550	0.0	1262
NC_003074.8:15946053-15947980	NC_003076.8	88.203	924	37	40	481	1355	10289259	10288359	0.0	1037
NC_003074.8:15946053-15947980	NC_003076.8	90.648	802	35	31	14	785	13500319	13499528	0.0	1029
NC_003074.8:15946053-15947980	NC_003076.8	88.584	473	14	23	1	435	10289727	10289257	1.67e-151	538
NC_003074.8:15946053-15947980	NC_003076.8	92.308	91	3	4	1372	1458	14215214	14215124	1.54e-27	126
NC_003074.8:15946053-15947980	NC_003076.8	92.222	90	3	4	1373	1458	10288251	10288340	5.53e-27	124
NC_003074.8:15946053-15947980	NC_003071.7	90.093	1393	55	56	1	1336	6417297	6415931	0.0	1731
NC_003074.8:15946053-15947980	NC_003071.7	87.630	1156	36	52	1	1110	2175670	2174576	0.0	1243
NC_003074.8:15946053-15947980	NC_003071.7	84.177	158	8	8	1180	1336	2174555	2174414	7.10e-31	137
NC_003074.8:15946053-15947980	NC_003071.7	91.209	91	4	4	1372	1458	6415805	6415895	7.15e-26	121
NC_003074.8:15946053-15947980	NC_003074.8	89.764	1397	57	54	1	1336	10836302	10837673	0.0	1709
NC_003074.8:15946053-15947980	NC_003074.8	92.936	906	18	36	1	873	15947964	15947072	0.0	1277
NC_003074.8:15946053-15947980	NC_003074.8	91.869	947	25	44	881	1778	15947022	15946079	0.0	1275
NC_003074.8:15946053-15947980	NC_003074.8	93.859	863	14	37	960	1785	15504628	15505488	0.0	1264
NC_003074.8:15946053-15947980	NC_003074.8	88.241	978	19	42	1	911	15503688	15504636	0.0	1081
NC_003074.8:15946053-15947980	NC_003074.8	92.105	114	8	1	1224	1336	17986350	17986463	1.51e-37	159
NC_003074.8:15946053-15947980	NC_003074.8	94.872	39	1	1	1421	1458	17986537	17986499	1.58e-07	60.2
NC_003074.8:15946053-15947980	NC_003070.9	87.731	1296	45	59	1	1246	17108829	17110060	0.0	1408
NC_003074.8:15946053-15947980	NC_003070.9	89.735	906	48	37	1	865	11990875	11991776	0.0	1116
NC_003074.8:15946053-15947980	NC_003070.9	87.074	851	40	52	870	1659	11991741	11992582	0.0	898
NC_003074.8:15946053-15947980	NC_003070.9	89.595	346	15	21	1449	1778	19763271	19763611	6.29e-116	420
NC_003074.8:15946053-15947980	NC_003070.9	91.964	224	6	11	867	1079	19763059	19763281	6.61e-81	303
NC_003074.8:15946053-15947980	NC_003070.9	90.086	232	8	11	75	292	19762798	19763028	6.66e-76	287
NC_003074.8:15946053-15947980	NC_003070.9	95.652	115	4	1	1224	1337	17110105	17110219	8.99e-45	183
NC_003074.8:15946053-15947980	NC_003070.9	92.308	91	3	4	1372	1458	17110344	17110254	1.54e-27	126
NC_003074.8:15946053-15947980	NC_003075.7	90.541	888	35	40	1	843	5227956	5228839	0.0	1129
NC_003074.8:15946053-15947980	NC_003075.7	89.431	492	17	26	884	1355	5228828	5229304	1.63e-166	588
NC_003074.8:11243483-11246588	NC_003076.8	91.567	2431	49	116	1	2329	10716664	10719040	0.0	3210
NC_003074.8:11243483-11246588	NC_003076.8	91.781	146	10	2	2181	2324	13617441	13617296	3.24e-50	202
NC_003074.8:11243483-11246588	NC_003076.8	90.728	151	12	2	2182	2330	13513051	13512901	1.16e-49	200
NC_003074.8:11243483-11246588	NC_003076.8	91.608	143	11	1	2182	2323	13728503	13728361	1.51e-48	196
NC_003074.8:11243483-11246588	NC_003076.8	91.608	143	10	2	2182	2323	14095039	14094898	1.51e-48	196
NC_003074.8:11243483-11246588	NC_003076.8	88.966	145	15	1	2181	2324	9372115	9371971	5.46e-43	178
NC_003074.8:11243483-11246588	NC_003076.8	91.228	114	9	1	1	113	6447977	6447864	9.20e-36	154
NC_003074.8:11243483-11246588	NC_003076.8	91.667	108	8	1	1	107	9374091	9373984	4.28e-34	148
NC_003074.8:11243483-11246588	NC_003076.8	91.304	69	3	2	1	67	8314479	8314412	7.31e-17	91.6
NC_003074.8:11243483-11246588	NC_003070.9	91.929	1809	44	85	619	2330	16827025	16828828	0.0	2438
NC_003074.8:11243483-11246588	NC_003070.9	87.715	1221	55	70	887	2024	13667699	13668907	0.0	1336
NC_003074.8:11243483-11246588	NC_003070.9	94.410	644	13	18	2	633	16826373	16827005	0.0	968
NC_003074.8:11243483-11246588	NC_003070.9	93.924	395	10	13	1	383	13658881	13659273	2.75e-165	584
NC_003074.8:11243483-11246588	NC_003070.9	92.361	144	10	1	2182	2324	16701815	16701958	9.00e-51	204
NC_003074.8:11243483-11246588	NC_003070.9	94.737	76	2	2	2254	2328	11982012	11982086	1.21e-24	117
NC_003074.8:11243483-11246588	NC_003074.8	89.775	1291	32	66	1	1203	11246586	11245308	0.0	1561
NC_003074.8:11243483-11246588	NC_003074.8	93.324	689	20	16	1652	2323	11244172	11243493	0.0	994
NC_003074.8:11243483-11246588	NC_003074.8	90.559	572	32	11	1771	2328	11538912	11539475	0.0	737
NC_003074.8:11243483-11246588	NC_003074.8	93.353	346	8	14	1212	1542	11244513	11244168	3.69e-139	497
NC_003074.8:11243483-11246588	NC_003074.8	94.393	107	6	0	1	107	11202770	11202664	4.25e-39	165
NC_003074.8:11243483-11246588	NC_003074.8	94.949	99	5	0	1	99	15846100	15846002	2.56e-36	156
NC_003074.8:11243483-11246588	NC_003074.8	90.566	106	10	0	2	107	16085435	16085540	7.16e-32	141
NC_003074.8:11243483-11246588	NC_003074.8	89.524	105	9	2	2224	2327	16852339	16852236	4.31e-29	132
NC_003074.8:11243483-11246588	NC_003071.7	90.967	786	28	29	1285	2038	6086899	6086125	0.0	1018
NC_003074.8:11243483-11246588	NC_003071.7	94.934	533	14	12	373	894	6087426	6086896	0.0	822
NC_003074.8:11243483-11246588	NC_003071.7	87.688	398	31	10	1671	2051	2020279	2020675	3.77e-124	448
NC_003074.8:11243483-11246588	NC_003071.7	91.667	300	9	7	1	300	6087732	6087449	2.97e-110	401
NC_003074.8:11243483-11246588	NC_003071.7	88.141	312	21	8	1640	1937	2922571	2922880	6.53e-97	357
NC_003074.8:11243483-11246588	NC_003071.7	83.095	420	32	24	1939	2330	2923622	2924030	1.41e-93	346
NC_003074.8:11243483-11246588	NC_003071.7	94.762	210	8	3	2115	2323	6086095	6085888	6.62e-87	324
NC_003074.8:11243483-11246588	NC_003071.7	89.855	138	10	2	2187	2323	6469658	6469792	7.06e-42	174
NC_003074.8:11243483-11246588	NC_003071.7	93.578	109	7	0	1	109	1865021	1864913	1.53e-38	163
NC_003074.8:11243483-11246588	NC_003071.7	94.643	56	2	1	2276	2330	5011212	5011157	3.40e-15	86.1
NC_003074.8:11243483-11246588	NC_003075.7	94.966	437	12	6	1895	2327	563935	563505	0.0	676
NC_003074.8:11243483-11246588	NC_003075.7	95.356	323	11	3	1	320	564258	563937	4.74e-143	510
NC_003074.8:11243483-11246588	NC_003075.7	94.539	293	15	1	1	292	5678778	5679070	2.91e-125	451
NC_003074.8:11243483-11246588	NC_003075.7	86.269	386	8	35	897	1238	5680855	5681239	5.01e-103	377
NC_003074.8:11243483-11246588	NC_003075.7	90.435	230	13	8	1923	2148	5681267	5681491	5.19e-78	294
NC_003074.8:11243483-11246588	NC_003075.7	90.260	154	13	2	2178	2330	6809750	6809902	1.16e-49	200
NC_003074.8:11243483-11246588	NC_003075.7	89.796	147	14	1	2178	2323	7034958	7035104	9.07e-46	187
NC_003074.8:11243483-11246588	NC_003075.7	93.860	114	6	1	1	113	5548709	5548596	9.13e-41	171
NC_003074.8:11243483-11246588	NC_003075.7	92.661	109	8	0	1	109	3784083	3784191	7.11e-37	158
NC_003074.8:11243483-11246588	NC_003075.7	93.269	104	7	0	1	104	6808240	6808343	9.20e-36	154
NC_003074.8:11243483-11246588	NC_003075.7	92.523	107	7	1	1	106	7028418	7028524	3.31e-35	152
NC_003074.8:11243483-11246588	NC_003075.7	86.207	87	9	3	2246	2330	5212955	5212870	7.31e-17	91.6
NC_003074.8:11243483-11246588	NC_003075.7	95.833	48	1	1	2282	2328	5229667	5229714	2.05e-12	76.8
NC_003070.9:8740475-8741925	NC_003070.9	88.922	1020	0	84	319	1226	8738942	8737924	0.0	1153
NC_003070.9:8740475-8741925	NC_003070.9	91.851	859	0	58	436	1224	8741337	8740479	0.0	1134
NC_003070.9:8740475-8741925	NC_003070.9	90.722	388	0	29	1	352	8741921	8741534	1.49e-135	484
NC_003070.9:8740475-8741925	NC_003070.9	77.292	709	84	60	575	1222	2987616	2986924	7.36e-94	346
NC_003070.9:8740475-8741925	NC_003070.9	86.527	334	5	19	1	294	8739851	8739518	2.06e-89	331
NC_003076.8:9544454-9545601	NC_003076.8	90.584	1147	0	85	1	1039	9545601	9544455	0.0	1421
NC_003076.8:9544454-9545601	NC_003076.8	84.838	831	63	56	1	775	14290586	14289763	0.0	778
NC_003076.8:9544454-9545601	NC_003074.8	90.553	1122	0	81	1	1016	18087046	18088167	0.0	1387
NC_003076.8:9544454-9545601	NC_003070.9	83.612	836	69	59	2	775	20624862	20625691	0.0	723
