NC_003075.7:6808219-6809898	NC_003075.7	100.000	1680	0	0	1	1680	6808219	6809898	0.0	3103
NC_003075.7:6808219-6809898	NC_003075.7	93.091	1071	65	8	611	1678	9762957	9761893	0.0	1559
NC_003075.7:6808219-6809898	NC_003075.7	92.086	1074	67	15	611	1678	9841751	9840690	0.0	1496
NC_003075.7:6808219-6809898	NC_003075.7	89.860	572	54	3	19	589	5546455	5545887	0.0	732
NC_003075.7:6808219-6809898	NC_003075.7	87.384	539	47	11	19	556	5227439	5227957	7.05e-170	599
NC_003075.7:6808219-6809898	NC_003075.7	89.384	471	43	4	1212	1680	5541883	5541418	5.49e-166	586
NC_003075.7:6808219-6809898	NC_003075.7	87.364	459	36	15	134	589	7032555	7032994	4.40e-142	507
NC_003075.7:6808219-6809898	NC_003075.7	89.394	396	40	2	969	1363	7033857	7034251	2.65e-139	497
NC_003075.7:6808219-6809898	NC_003075.7	90.881	329	24	5	1354	1680	7034783	7035107	5.85e-121	436
NC_003075.7:6808219-6809898	NC_003075.7	89.591	269	28	0	945	1213	5545802	5545534	1.31e-92	342
NC_003075.7:6808219-6809898	NC_003075.7	92.481	133	8	2	11	142	7028408	7028539	1.81e-46	189
NC_003075.7:6808219-6809898	NC_003075.7	88.356	146	17	0	1535	1680	563651	563506	1.41e-42	176
NC_003075.7:6808219-6809898	NC_003075.7	91.057	123	11	0	18	140	5548713	5548591	8.48e-40	167
NC_003075.7:6808219-6809898	NC_003075.7	90.179	112	11	0	17	128	564263	564152	1.10e-33	147
NC_003075.7:6808219-6809898	NC_003075.7	84.483	116	16	2	421	535	5548302	5548188	1.12e-23	113
NC_003075.7:6808219-6809898	NC_003075.7	85.915	71	10	0	1230	1300	2905838	2905908	1.47e-12	76.8
NC_003075.7:6808219-6809898	NC_003075.7	95.000	40	2	0	1239	1278	2549516	2549555	1.14e-08	63.9
NC_003075.7:6808219-6809898	NC_003074.8	93.152	1066	66	6	616	1677	16106490	16107552	0.0	1557
NC_003075.7:6808219-6809898	NC_003074.8	90.111	718	64	6	964	1678	11346937	11347650	0.0	926
NC_003075.7:6808219-6809898	NC_003074.8	89.823	678	53	11	1015	1680	11824478	11823805	0.0	856
NC_003075.7:6808219-6809898	NC_003074.8	87.950	722	75	10	964	1680	6054205	6054919	0.0	841
NC_003075.7:6808219-6809898	NC_003074.8	87.921	712	64	14	971	1678	16852931	16852238	0.0	819
NC_003075.7:6808219-6809898	NC_003074.8	90.909	572	46	4	19	589	6052695	6053261	0.0	763
NC_003075.7:6808219-6809898	NC_003074.8	90.034	592	45	11	1	589	11826044	11825464	0.0	754
NC_003075.7:6808219-6809898	NC_003074.8	90.035	572	39	6	19	589	10585975	10585421	0.0	725
NC_003075.7:6808219-6809898	NC_003074.8	91.071	504	40	5	19	521	11202773	11202274	0.0	676
NC_003075.7:6808219-6809898	NC_003074.8	90.164	488	43	3	964	1450	11201658	11201175	2.50e-179	630
NC_003075.7:6808219-6809898	NC_003074.8	92.574	404	28	2	18	421	16085430	16085831	9.19e-164	579
NC_003075.7:6808219-6809898	NC_003074.8	92.632	190	11	2	611	797	11824961	11824772	6.28e-71	270
NC_003075.7:6808219-6809898	NC_003074.8	92.553	188	12	2	611	797	16853381	16853195	2.26e-70	268
NC_003075.7:6808219-6809898	NC_003074.8	89.894	188	18	1	611	797	10584904	10584717	4.93e-62	241
NC_003075.7:6808219-6809898	NC_003074.8	86.567	201	20	2	604	797	11202117	11201917	2.99e-54	215
NC_003075.7:6808219-6809898	NC_003074.8	87.356	174	15	5	19	189	11345762	11345931	1.40e-47	193
NC_003075.7:6808219-6809898	NC_003074.8	90.411	146	11	2	1535	1678	11243636	11243492	1.81e-46	189
NC_003075.7:6808219-6809898	NC_003074.8	86.905	168	21	1	418	584	16854058	16853891	6.51e-46	187
NC_003075.7:6808219-6809898	NC_003074.8	83.217	143	13	7	447	589	11345932	11346063	6.69e-26	121
NC_003075.7:6808219-6809898	NC_003074.8	82.243	107	8	5	20	125	11537890	11537986	3.16e-14	82.4
NC_003075.7:6808219-6809898	NC_003074.8	84.146	82	8	4	1218	1295	22539172	22539252	5.29e-12	75.0
NC_003075.7:6808219-6809898	NC_003076.8	93.900	1000	52	6	681	1677	9372965	9371972	0.0	1500
NC_003075.7:6808219-6809898	NC_003076.8	92.747	1034	64	10	602	1632	9030734	9031759	0.0	1483
NC_003075.7:6808219-6809898	NC_003076.8	91.226	718	58	4	964	1679	13729073	13728359	0.0	972
NC_003075.7:6808219-6809898	NC_003076.8	89.261	717	67	9	964	1678	14095605	14094897	0.0	889
NC_003075.7:6808219-6809898	NC_003076.8	93.902	574	31	4	19	589	9374094	9373522	0.0	863
NC_003075.7:6808219-6809898	NC_003076.8	88.703	717	61	8	964	1677	13617996	13617297	0.0	857
NC_003075.7:6808219-6809898	NC_003076.8	93.695	571	35	1	19	589	9029704	9030273	0.0	854
NC_003075.7:6808219-6809898	NC_003076.8	90.941	574	46	3	18	589	13515103	13514534	0.0	767
NC_003075.7:6808219-6809898	NC_003076.8	90.526	570	48	4	18	584	14097107	14096541	0.0	749
NC_003075.7:6808219-6809898	NC_003076.8	89.679	591	51	8	1094	1680	21100672	21100088	0.0	745
NC_003075.7:6808219-6809898	NC_003076.8	88.834	609	61	6	1037	1641	7507798	7507193	0.0	741
NC_003075.7:6808219-6809898	NC_003076.8	90.087	575	48	9	19	589	14155653	14155084	0.0	737
NC_003075.7:6808219-6809898	NC_003076.8	87.543	578	45	15	17	589	13619433	13618878	0.0	643
NC_003075.7:6808219-6809898	NC_003076.8	90.909	429	33	4	1248	1675	13513334	13512911	1.54e-161	571
NC_003075.7:6808219-6809898	NC_003076.8	86.512	430	36	14	964	1391	14152952	14152543	5.81e-126	453
NC_003075.7:6808219-6809898	NC_003076.8	90.942	276	17	5	639	907	7508213	7507939	2.80e-99	364
NC_003075.7:6808219-6809898	NC_003076.8	90.182	275	23	2	27	301	13730462	13730192	1.69e-96	355
NC_003075.7:6808219-6809898	NC_003076.8	89.113	248	23	4	964	1208	13513581	13513335	1.72e-81	305
NC_003075.7:6808219-6809898	NC_003076.8	93.158	190	10	2	611	797	14154580	14154391	1.35e-72	276
NC_003075.7:6808219-6809898	NC_003076.8	92.553	188	12	2	611	797	14096052	14095866	2.26e-70	268
NC_003075.7:6808219-6809898	NC_003076.8	91.579	190	11	4	611	797	13729520	13729333	4.89e-67	257
NC_003075.7:6808219-6809898	NC_003076.8	87.736	212	23	3	380	589	7508907	7508697	3.81e-63	244
NC_003075.7:6808219-6809898	NC_003076.8	90.052	191	15	3	611	797	13514034	13513844	3.81e-63	244
NC_003075.7:6808219-6809898	NC_003076.8	84.064	251	22	10	342	589	13730192	13729957	1.38e-57	226
NC_003075.7:6808219-6809898	NC_003076.8	87.402	127	15	1	14	140	6447985	6447860	3.97e-33	145
NC_003075.7:6808219-6809898	NC_003076.8	95.745	47	2	0	964	1010	7507845	7507799	1.47e-12	76.8
NC_003075.7:6808219-6809898	NC_003076.8	94.444	36	2	0	800	835	14267520	14267555	1.91e-06	56.5
NC_003075.7:6808219-6809898	NC_003071.7	90.464	776	58	11	914	1680	5841887	5841119	0.0	1009
NC_003075.7:6808219-6809898	NC_003071.7	92.459	663	39	7	1020	1678	12877328	12876673	0.0	937
NC_003075.7:6808219-6809898	NC_003071.7	89.836	610	55	6	1067	1673	3193355	3193960	0.0	776
NC_003075.7:6808219-6809898	NC_003071.7	87.391	571	47	16	19	584	3192432	3192982	6.95e-180	632
NC_003075.7:6808219-6809898	NC_003071.7	89.307	505	41	7	19	521	4474422	4474915	1.51e-176	621
NC_003075.7:6808219-6809898	NC_003071.7	90.149	335	25	5	19	347	6469095	6469427	9.79e-119	429
NC_003075.7:6808219-6809898	NC_003071.7	91.724	290	22	2	1390	1678	3195713	3196001	2.13e-110	401
NC_003075.7:6808219-6809898	NC_003071.7	94.681	188	9	1	611	797	5842445	5842258	4.82e-77	291
NC_003075.7:6808219-6809898	NC_003071.7	93.750	112	4	2	800	911	5842202	5842094	3.05e-39	165
NC_003075.7:6808219-6809898	NC_003071.7	89.147	129	13	1	18	146	1865025	1864898	1.42e-37	159
NC_003075.7:6808219-6809898	NC_003071.7	85.841	113	16	0	19	131	7149805	7149693	6.69e-26	121
NC_003075.7:6808219-6809898	NC_003071.7	82.443	131	23	0	1164	1294	2628736	2628866	3.11e-24	115
NC_003075.7:6808219-6809898	NC_003071.7	81.600	125	22	1	1171	1294	2628284	2628408	2.42e-20	102
NC_003075.7:6808219-6809898	NC_003071.7	80.800	125	23	1	1171	1294	2652347	2652471	1.13e-18	97.1
NC_003075.7:6808219-6809898	NC_003071.7	86.667	90	8	3	1229	1318	6206595	6206510	1.13e-18	97.1
NC_003075.7:6808219-6809898	NC_003071.7	100.000	48	0	0	1631	1678	5011211	5011164	1.89e-16	89.8
NC_003075.7:6808219-6809898	NC_003070.9	89.556	766	71	6	914	1678	19393560	19394317	0.0	963
NC_003075.7:6808219-6809898	NC_003070.9	89.861	720	63	8	964	1680	11721727	11722439	0.0	917
NC_003075.7:6808219-6809898	NC_003070.9	88.579	718	60	9	964	1678	11981385	11982083	0.0	852
NC_003075.7:6808219-6809898	NC_003070.9	88.227	722	60	9	964	1679	16160102	16159400	0.0	839
NC_003075.7:6808219-6809898	NC_003070.9	91.791	536	41	2	1143	1677	16701424	16701957	0.0	743
NC_003075.7:6808219-6809898	NC_003070.9	90.210	572	45	8	18	584	19392185	19392750	0.0	736
NC_003075.7:6808219-6809898	NC_003070.9	86.792	583	51	14	12	589	16699406	16699967	3.24e-178	627
NC_003075.7:6808219-6809898	NC_003070.9	84.138	580	50	25	14	589	11980306	11980847	4.37e-147	523
NC_003075.7:6808219-6809898	NC_003070.9	92.063	189	13	2	611	797	16700400	16700588	2.92e-69	265
NC_003075.7:6808219-6809898	NC_003070.9	93.714	175	8	3	625	797	16160538	16160365	1.36e-67	259
NC_003075.7:6808219-6809898	NC_003070.9	92.614	176	9	3	625	797	11980951	11981125	8.18e-65	250
NC_003075.7:6808219-6809898	NC_003070.9	89.595	173	13	3	19	189	11720535	11720704	2.99e-54	215
NC_003075.7:6808219-6809898	NC_003070.9	93.458	107	5	2	800	904	19393241	19393347	5.10e-37	158
NC_003075.7:6808219-6809898	NC_003070.9	83.099	142	20	4	1172	1312	13655175	13655037	1.44e-27	126
NC_003075.7:6808219-6809898	NC_003070.9	83.051	118	18	2	1163	1279	22851208	22851324	1.87e-21	106
NC_003075.7:6808219-6809898	NC_003070.9	81.897	116	20	1	421	535	13161655	13161540	1.13e-18	97.1
NC_003075.7:6808219-6809898	NC_003070.9	75.610	205	43	4	1110	1314	16989120	16989317	4.06e-18	95.3
NC_003075.7:6808219-6809898	NC_003070.9	79.048	105	21	1	1163	1267	13479534	13479431	6.84e-11	71.3
NC_003075.7:6808219-6809898	NC_003070.9	97.143	35	1	0	1634	1668	11992622	11992656	1.48e-07	60.2
NC_003075.7:6849415-6851019	NC_003075.7	100.000	1605	0	0	1	1605	6849415	6851019	0.0	2964
NC_003075.7:6849415-6851019	NC_003075.7	86.555	1071	76	21	1	1021	980810	981862	0.0	1118
NC_003075.7:6849415-6851019	NC_003075.7	83.417	597	63	24	1019	1605	981893	982463	1.50e-146	521
NC_003075.7:6849415-6851019	NC_003076.8	89.166	1043	43	21	1	1016	26110185	26111184	0.0	1236
NC_003075.7:6849415-6851019	NC_003076.8	89.711	311	25	5	1019	1325	26111220	26111527	4.41e-107	390
NC_003075.7:6849415-6851019	NC_003076.8	84.768	151	12	8	1309	1458	26111545	26111685	4.91e-32	141
NC_003075.7:6894948-6895543	NC_003075.7	100.000	596	0	0	1	596	6895543	6894948	0.0	1101
NC_003075.7:6894948-6895543	NC_003075.7	91.625	597	38	3	1	596	13124454	13123869	0.0	815
NC_003075.7:6894948-6895543	NC_003075.7	89.765	596	46	5	1	596	9146443	9147023	0.0	749
NC_003075.7:6894948-6895543	NC_003075.7	87.708	602	66	7	1	596	6427216	6426617	0.0	695
NC_003075.7:6894948-6895543	NC_003075.7	86.644	599	55	15	1	596	8725655	8725079	0.0	640
NC_003075.7:6894948-6895543	NC_003075.7	91.990	412	24	2	187	596	964267	963863	1.91e-161	569
NC_003075.7:6894948-6895543	NC_003075.7	93.085	376	16	3	187	559	12968298	12967930	4.16e-153	542
NC_003075.7:6894948-6895543	NC_003075.7	86.364	506	49	8	1	499	9188717	9189209	6.96e-151	534
NC_003075.7:6894948-6895543	NC_003075.7	92.045	88	6	1	298	385	8725492	8725406	6.42e-27	122
NC_003075.7:6894948-6895543	NC_003075.7	89.583	96	8	2	1	95	572759	572665	2.31e-26	121
NC_003075.7:6894948-6895543	NC_003075.7	91.011	89	8	0	1	89	6379410	6379322	2.31e-26	121
NC_003075.7:6894948-6895543	NC_003075.7	91.011	89	7	1	297	385	6895381	6895294	8.30e-26	119
NC_003075.7:6894948-6895543	NC_003075.7	89.888	89	8	1	297	385	9146605	9146692	3.86e-24	113
NC_003075.7:6894948-6895543	NC_003075.7	82.443	131	16	7	468	596	963799	963674	1.80e-22	108
NC_003075.7:6894948-6895543	NC_003075.7	88.764	89	8	2	297	385	6414476	6414390	1.80e-22	108
NC_003075.7:6894948-6895543	NC_003075.7	88.764	89	9	1	297	385	9188883	9188970	1.80e-22	108
NC_003075.7:6894948-6895543	NC_003075.7	88.636	88	9	1	297	384	13124291	13124205	6.46e-22	106
NC_003075.7:6894948-6895543	NC_003075.7	87.640	89	10	1	297	385	3897336	3897423	8.36e-21	102
NC_003075.7:6894948-6895543	NC_003075.7	86.022	93	11	2	1	92	5433225	5433316	1.08e-19	99.0
NC_003075.7:6894948-6895543	NC_003070.9	95.507	601	20	5	1	596	11174210	11174808	0.0	953
NC_003075.7:6894948-6895543	NC_003070.9	91.319	599	47	5	2	596	14013409	14012812	0.0	813
NC_003075.7:6894948-6895543	NC_003070.9	89.950	597	46	5	1	596	21335944	21336527	0.0	758
NC_003075.7:6894948-6895543	NC_003070.9	88.519	601	62	7	1	596	19742138	19741540	0.0	721
NC_003075.7:6894948-6895543	NC_003070.9	88.186	601	64	6	1	596	8189961	8190559	0.0	710
NC_003075.7:6894948-6895543	NC_003070.9	87.209	602	68	9	1	596	29078415	29079013	0.0	676
NC_003075.7:6894948-6895543	NC_003070.9	87.022	601	71	5	1	596	25357824	25358422	0.0	671
NC_003075.7:6894948-6895543	NC_003070.9	92.961	412	20	2	187	596	16859036	16858632	4.07e-168	592
NC_003075.7:6894948-6895543	NC_003070.9	86.545	550	51	7	55	596	12457720	12458254	6.81e-166	584
NC_003075.7:6894948-6895543	NC_003070.9	85.487	565	63	12	7	566	18805107	18804557	5.30e-162	571
NC_003075.7:6894948-6895543	NC_003070.9	87.866	478	54	3	122	596	3498228	3497752	4.13e-158	558
NC_003075.7:6894948-6895543	NC_003070.9	90.998	411	27	3	187	594	26307100	26307503	3.21e-154	545
NC_003075.7:6894948-6895543	NC_003070.9	92.135	89	6	1	297	385	12457833	12457920	1.78e-27	124
NC_003075.7:6894948-6895543	NC_003070.9	89.583	96	10	0	1	96	28891930	28891835	6.42e-27	122
NC_003075.7:6894948-6895543	NC_003070.9	89.583	96	8	2	1	95	4770665	4770571	2.31e-26	121
NC_003075.7:6894948-6895543	NC_003070.9	86.916	107	12	1	1	107	10591982	10591878	8.30e-26	119
NC_003075.7:6894948-6895543	NC_003070.9	89.888	89	8	1	297	385	12183827	12183740	3.86e-24	113
NC_003075.7:6894948-6895543	NC_003070.9	89.888	89	8	1	297	385	17605714	17605801	3.86e-24	113
NC_003075.7:6894948-6895543	NC_003070.9	89.888	89	8	1	297	385	17632584	17632671	3.86e-24	113
NC_003075.7:6894948-6895543	NC_003070.9	89.888	89	8	1	297	385	20509258	20509171	3.86e-24	113
NC_003075.7:6894948-6895543	NC_003070.9	89.888	89	8	1	297	385	24027347	24027434	3.86e-24	113
NC_003075.7:6894948-6895543	NC_003070.9	88.764	89	8	2	1	87	19665948	19666036	1.80e-22	108
NC_003075.7:6894948-6895543	NC_003070.9	87.912	91	8	2	295	385	19718069	19718156	2.32e-21	104
NC_003075.7:6894948-6895543	NC_003070.9	93.443	61	4	0	1	61	26511226	26511166	1.81e-17	91.6
NC_003075.7:6894948-6895543	NC_003070.9	82.474	97	13	4	1	95	12240505	12240599	1.09e-14	82.4
NC_003075.7:6894948-6895543	NC_003070.9	86.154	65	8	1	1	65	10239320	10239383	8.48e-11	69.4
NC_003075.7:6894948-6895543	NC_003070.9	93.023	43	3	0	1	43	8623608	8623566	3.95e-09	63.9
NC_003075.7:6894948-6895543	NC_003076.8	89.262	596	62	2	1	594	14880216	14880811	0.0	745
NC_003075.7:6894948-6895543	NC_003076.8	88.333	600	58	11	1	594	9545738	9546331	0.0	710
NC_003075.7:6894948-6895543	NC_003076.8	88.127	598	69	2	1	596	14873456	14874053	0.0	710
NC_003075.7:6894948-6895543	NC_003076.8	88.732	568	59	4	1	565	19479577	19480142	0.0	689
NC_003075.7:6894948-6895543	NC_003076.8	88.000	600	31	16	1	596	10042374	10041812	0.0	671
NC_003075.7:6894948-6895543	NC_003076.8	87.158	584	39	17	18	596	19115133	19114581	8.62e-180	630
NC_003075.7:6894948-6895543	NC_003076.8	85.142	599	64	13	1	596	23662580	23662004	1.46e-167	590
NC_003075.7:6894948-6895543	NC_003076.8	90.777	412	28	3	187	596	22463799	22464202	4.16e-153	542
NC_003075.7:6894948-6895543	NC_003076.8	88.304	171	17	3	428	596	23129510	23129341	8.01e-51	202
NC_003075.7:6894948-6895543	NC_003076.8	86.154	130	14	4	468	596	25905489	25905615	2.29e-31	137
NC_003075.7:6894948-6895543	NC_003076.8	92.135	89	6	1	297	385	9979010	9978923	1.78e-27	124
NC_003075.7:6894948-6895543	NC_003076.8	92.135	89	6	1	297	385	14873619	14873706	1.78e-27	124
NC_003075.7:6894948-6895543	NC_003076.8	91.011	89	6	1	297	385	19479738	19479824	8.30e-26	119
NC_003075.7:6894948-6895543	NC_003076.8	89.888	89	7	2	297	385	9545899	9545985	3.86e-24	113
NC_003075.7:6894948-6895543	NC_003076.8	88.636	88	9	1	298	385	23662417	23662331	6.46e-22	106
NC_003075.7:6894948-6895543	NC_003076.8	87.640	89	11	0	297	385	20674658	20674570	2.32e-21	104
NC_003075.7:6894948-6895543	NC_003076.8	87.640	89	10	1	297	385	25178941	25179028	8.36e-21	102
NC_003075.7:6894948-6895543	NC_003071.7	89.149	599	59	6	1	596	4758696	4758101	0.0	741
NC_003075.7:6894948-6895543	NC_003071.7	88.889	603	56	11	1	596	2299067	2299665	0.0	732
NC_003075.7:6894948-6895543	NC_003071.7	88.047	594	64	6	7	596	7178425	7179015	0.0	697
NC_003075.7:6894948-6895543	NC_003071.7	92.701	411	22	2	187	596	17992947	17992544	1.89e-166	586
NC_003075.7:6894948-6895543	NC_003071.7	92.233	412	23	2	187	596	8907592	8907996	4.10e-163	575
NC_003075.7:6894948-6895543	NC_003071.7	91.505	412	26	3	187	596	9891650	9891246	4.13e-158	558
NC_003075.7:6894948-6895543	NC_003071.7	88.136	295	24	8	311	596	825982	826274	1.63e-92	340
NC_003075.7:6894948-6895543	NC_003071.7	91.011	89	7	1	297	385	8046105	8046018	8.30e-26	119
NC_003075.7:6894948-6895543	NC_003071.7	89.655	87	8	1	297	383	2299230	2299315	5.00e-23	110
NC_003075.7:6894948-6895543	NC_003071.7	88.764	89	9	1	297	385	11597457	11597544	1.80e-22	108
NC_003075.7:6894948-6895543	NC_003074.8	89.018	601	58	7	1	596	8644742	8645339	0.0	737
NC_003075.7:6894948-6895543	NC_003074.8	88.686	601	61	6	1	596	15918691	15918093	0.0	726
NC_003075.7:6894948-6895543	NC_003074.8	86.811	599	38	17	1	596	10681952	10681392	8.62e-180	630
NC_003075.7:6894948-6895543	NC_003074.8	85.548	602	67	9	1	596	7937571	7936984	3.12e-174	612
NC_003075.7:6894948-6895543	NC_003074.8	91.768	413	23	4	187	596	18172678	18172274	8.87e-160	564
NC_003075.7:6894948-6895543	NC_003074.8	88.652	141	12	4	428	565	16534578	16534439	8.13e-41	169
NC_003075.7:6894948-6895543	NC_003074.8	92.135	89	6	1	297	385	8644906	8644993	1.78e-27	124
NC_003075.7:6894948-6895543	NC_003074.8	89.888	89	8	1	297	385	7659357	7659270	3.86e-24	113
NC_003075.7:6894948-6895543	NC_003074.8	89.888	89	8	1	297	385	19520805	19520892	3.86e-24	113
NC_003075.7:6894948-6895543	NC_003074.8	88.764	89	9	1	297	385	18146944	18146857	1.80e-22	108
NC_003075.7:6894948-6895543	NC_003074.8	83.146	89	14	1	1	89	11176139	11176052	3.92e-14	80.5
NC_003075.7:6811150-6811566	NC_003075.7	100.000	417	0	0	1	417	6811150	6811566	0.0	771
NC_003075.7:6811150-6811566	NC_003076.8	77.778	423	76	16	1	417	19923380	19922970	9.03e-64	244
NC_003075.7:6874495-6874738	NC_003075.7	100.000	244	0	0	1	244	6874738	6874495	2.77e-126	451
NC_003075.7:6874495-6874738	NC_003071.7	88.755	249	23	5	1	244	10194709	10194957	1.06e-80	300
NC_003075.7:6874495-6874738	NC_003074.8	89.076	238	21	5	1	233	16052519	16052282	6.39e-78	291
NC_003075.7:6874495-6874738	NC_003074.8	88.789	223	20	4	12	229	495945	495723	2.99e-71	268
NC_003075.7:6874495-6874738	NC_003070.9	88.095	210	22	3	38	244	634455	634246	1.40e-64	246
NC_003075.7:6874495-6874738	NC_003070.9	83.529	170	20	7	38	203	23197884	23197719	3.15e-36	152
NC_003076.8:25904732-25905624	NC_003076.8	100.000	893	0	0	1	893	25904732	25905624	0.0	1650
NC_003076.8:25904732-25905624	NC_003076.8	94.426	610	30	4	286	893	15042732	15042125	0.0	935
NC_003076.8:25904732-25905624	NC_003076.8	94.186	602	31	4	295	892	7153775	7153174	0.0	915
NC_003076.8:25904732-25905624	NC_003076.8	93.617	611	35	4	286	893	24475891	24475282	0.0	909
NC_003076.8:25904732-25905624	NC_003076.8	93.729	606	33	5	286	889	8745222	8744620	0.0	904
NC_003076.8:25904732-25905624	NC_003076.8	93.532	603	33	4	286	886	11027300	11027898	0.0	893
NC_003076.8:25904732-25905624	NC_003076.8	93.511	601	36	3	286	884	16357945	16358544	0.0	891
NC_003076.8:25904732-25905624	NC_003076.8	93.115	610	37	5	286	893	24186422	24185816	0.0	889
NC_003076.8:25904732-25905624	NC_003076.8	93.377	604	33	7	286	885	9963546	9962946	0.0	887
NC_003076.8:25904732-25905624	NC_003076.8	92.951	610	40	3	286	893	20680914	20680306	0.0	885
NC_003076.8:25904732-25905624	NC_003076.8	93.178	601	39	2	286	885	17366525	17367124	0.0	881
NC_003076.8:25904732-25905624	NC_003076.8	93.178	601	38	3	286	884	1897175	1896576	0.0	880
NC_003076.8:25904732-25905624	NC_003076.8	93.167	600	39	2	286	884	4314268	4314866	0.0	880
NC_003076.8:25904732-25905624	NC_003076.8	92.586	607	43	2	286	890	19741115	19740509	0.0	870
NC_003076.8:25904732-25905624	NC_003076.8	92.715	604	40	4	286	886	17777202	17777804	0.0	869
NC_003076.8:25904732-25905624	NC_003076.8	92.434	608	41	5	286	891	15605267	15604663	0.0	863
NC_003076.8:25904732-25905624	NC_003076.8	92.550	604	38	7	286	884	4780811	4780210	0.0	859
NC_003076.8:25904732-25905624	NC_003076.8	92.550	604	38	7	286	884	14081364	14080763	0.0	859
NC_003076.8:25904732-25905624	NC_003076.8	92.118	609	46	2	286	893	5428554	5427947	0.0	857
NC_003076.8:25904732-25905624	NC_003076.8	93.662	568	34	2	286	851	18855318	18855885	0.0	848
NC_003076.8:25904732-25905624	NC_003076.8	91.721	616	36	5	286	886	22231565	22230950	0.0	841
NC_003076.8:25904732-25905624	NC_003076.8	93.122	567	35	3	286	849	5977351	5976786	0.0	828
NC_003076.8:25904732-25905624	NC_003076.8	91.667	600	47	3	286	884	8767206	8767803	0.0	828
NC_003076.8:25904732-25905624	NC_003076.8	90.212	613	45	7	286	884	8353812	8353201	0.0	785
NC_003076.8:25904732-25905624	NC_003076.8	98.100	421	8	0	465	885	21584595	21584175	0.0	734
NC_003076.8:25904732-25905624	NC_003076.8	93.686	491	26	4	395	884	21776273	21775787	0.0	730
NC_003076.8:25904732-25905624	NC_003076.8	93.061	490	32	2	395	884	15576667	15576180	0.0	715
NC_003076.8:25904732-25905624	NC_003076.8	92.276	492	35	3	286	775	14149804	14149314	0.0	695
NC_003076.8:25904732-25905624	NC_003076.8	87.438	605	40	7	286	890	21531346	21531914	0.0	664
NC_003076.8:25904732-25905624	NC_003076.8	91.170	453	29	7	443	892	9134290	9134734	7.95e-172	604
NC_003076.8:25904732-25905624	NC_003076.8	92.944	411	25	4	484	893	17796537	17796130	4.79e-169	595
NC_003076.8:25904732-25905624	NC_003076.8	92.179	358	24	4	286	642	10715098	10715452	2.98e-141	503
NC_003076.8:25904732-25905624	NC_003076.8	90.374	374	26	8	521	886	25264968	25265339	3.89e-135	483
NC_003076.8:25904732-25905624	NC_003076.8	92.593	270	20	0	7	276	8354504	8354235	8.72e-107	388
NC_003076.8:25904732-25905624	NC_003076.8	91.459	281	24	0	1	281	15577425	15577145	3.14e-106	387
NC_003076.8:25904732-25905624	NC_003076.8	92.000	275	22	0	7	281	20280641	20280367	3.14e-106	387
NC_003076.8:25904732-25905624	NC_003076.8	91.636	275	23	0	7	281	9591753	9592027	1.46e-104	381
NC_003076.8:25904732-25905624	NC_003076.8	91.636	275	23	0	7	281	15043422	15043148	1.46e-104	381
NC_003076.8:25904732-25905624	NC_003076.8	91.636	275	23	0	7	281	24476585	24476311	1.46e-104	381
NC_003076.8:25904732-25905624	NC_003076.8	91.852	270	22	0	7	276	5978047	5977778	1.89e-103	377
NC_003076.8:25904732-25905624	NC_003076.8	91.209	273	24	0	9	281	22232256	22231984	8.78e-102	372
NC_003076.8:25904732-25905624	NC_003076.8	90.545	275	26	0	7	281	21777026	21776752	1.47e-99	364
NC_003076.8:25904732-25905624	NC_003076.8	90.146	274	27	0	8	281	9133960	9134233	2.46e-97	357
NC_003076.8:25904732-25905624	NC_003076.8	89.324	281	28	2	1	281	10714424	10714702	1.14e-95	351
NC_003076.8:25904732-25905624	NC_003076.8	93.496	123	8	0	159	281	5429094	5428972	4.42e-45	183
NC_003076.8:25904732-25905624	NC_003076.8	92.308	130	8	2	764	892	14143814	14143686	4.42e-45	183
NC_003076.8:25904732-25905624	NC_003076.8	94.783	115	6	0	159	273	9558551	9558437	5.71e-44	180
NC_003076.8:25904732-25905624	NC_003076.8	93.443	122	6	2	154	273	16357408	16357529	5.71e-44	180
NC_003076.8:25904732-25905624	NC_003076.8	92.683	123	9	0	159	281	14150343	14150221	2.05e-43	178
NC_003076.8:25904732-25905624	NC_003076.8	92.683	123	9	0	159	281	17365983	17366105	2.05e-43	178
NC_003076.8:25904732-25905624	NC_003076.8	92.683	123	8	1	159	281	4313474	4313595	7.39e-43	176
NC_003076.8:25904732-25905624	NC_003076.8	92.562	121	9	0	147	267	17776658	17776778	2.66e-42	174
NC_003076.8:25904732-25905624	NC_003076.8	91.870	123	10	0	159	281	19741654	19741532	9.56e-42	172
NC_003076.8:25904732-25905624	NC_003076.8	91.870	123	10	0	159	281	20681453	20681331	9.56e-42	172
NC_003076.8:25904732-25905624	NC_003076.8	91.870	123	9	1	159	281	8745759	8745638	3.44e-41	171
NC_003076.8:25904732-25905624	NC_003076.8	93.043	115	8	0	159	273	9964077	9963963	1.24e-40	169
NC_003076.8:25904732-25905624	NC_003076.8	93.043	115	8	0	159	273	15605660	15605546	1.24e-40	169
NC_003076.8:25904732-25905624	NC_003076.8	91.057	123	11	0	159	281	11026281	11026403	4.45e-40	167
NC_003076.8:25904732-25905624	NC_003076.8	91.057	123	11	0	159	281	17617744	17617622	4.45e-40	167
NC_003076.8:25904732-25905624	NC_003076.8	91.057	123	11	0	159	281	20281045	20280923	4.45e-40	167
NC_003076.8:25904732-25905624	NC_003076.8	90.244	123	12	0	159	281	9591350	9591472	2.07e-38	161
NC_003076.8:25904732-25905624	NC_003076.8	90.244	123	12	0	159	281	24186959	24186837	2.07e-38	161
NC_003076.8:25904732-25905624	NC_003076.8	87.770	139	13	4	758	893	6702055	6701918	7.44e-38	159
NC_003076.8:25904732-25905624	NC_003076.8	91.304	115	10	0	159	273	1897707	1897593	2.68e-37	158
NC_003076.8:25904732-25905624	NC_003076.8	87.786	131	13	3	758	885	23129470	23129340	4.48e-35	150
NC_003076.8:25904732-25905624	NC_003076.8	91.837	98	6	2	286	382	20280101	20280005	1.25e-30	135
NC_003076.8:25904732-25905624	NC_003076.8	81.884	138	22	3	759	893	17407542	17407405	5.88e-24	113
NC_003076.8:25904732-25905624	NC_003076.8	85.417	96	9	4	7	99	1898639	1898546	2.13e-18	95.3
NC_003076.8:25904732-25905624	NC_003076.8	93.103	58	3	1	7	64	20682400	20682344	4.61e-15	84.2
NC_003076.8:25904732-25905624	NC_003071.7	94.573	737	36	4	7	741	3564388	3565122	0.0	1136
NC_003076.8:25904732-25905624	NC_003071.7	94.509	601	31	2	286	884	501460	502060	0.0	926
NC_003076.8:25904732-25905624	NC_003071.7	94.196	603	31	4	286	886	7112330	7112930	0.0	917
NC_003076.8:25904732-25905624	NC_003071.7	93.833	600	35	2	286	884	12802496	12803094	0.0	902
NC_003076.8:25904732-25905624	NC_003071.7	93.432	609	37	3	286	892	6100831	6100224	0.0	900
NC_003076.8:25904732-25905624	NC_003071.7	93.688	602	34	4	286	886	6663525	6664123	0.0	898
NC_003076.8:25904732-25905624	NC_003071.7	93.301	612	35	5	286	893	13336422	13335813	0.0	898
NC_003076.8:25904732-25905624	NC_003071.7	93.115	610	40	2	286	893	6923891	6923282	0.0	893
NC_003076.8:25904732-25905624	NC_003071.7	92.545	617	34	6	286	893	7960958	7961571	0.0	874
NC_003076.8:25904732-25905624	NC_003071.7	92.308	611	42	5	286	893	395183	394575	0.0	863
NC_003076.8:25904732-25905624	NC_003071.7	92.691	602	36	7	286	884	3212921	3212325	0.0	861
NC_003076.8:25904732-25905624	NC_003071.7	93.186	587	35	5	286	871	6803799	6804381	0.0	857
NC_003076.8:25904732-25905624	NC_003071.7	92.487	599	42	3	286	882	13907266	13906669	0.0	854
NC_003076.8:25904732-25905624	NC_003071.7	92.219	604	44	3	286	887	7168828	7168226	0.0	852
NC_003076.8:25904732-25905624	NC_003071.7	91.941	608	45	4	289	893	7813999	7813393	0.0	848
NC_003076.8:25904732-25905624	NC_003071.7	92.167	600	41	5	286	882	709475	710071	0.0	843
NC_003076.8:25904732-25905624	NC_003071.7	93.474	567	33	4	286	850	12092966	12092402	0.0	839
NC_003076.8:25904732-25905624	NC_003071.7	91.860	602	42	6	285	884	13268409	13269005	0.0	833
NC_003076.8:25904732-25905624	NC_003071.7	91.326	611	50	3	286	893	17253758	17253148	0.0	832
NC_003076.8:25904732-25905624	NC_003071.7	91.191	613	35	6	286	893	543578	544176	0.0	815
NC_003076.8:25904732-25905624	NC_003071.7	91.182	567	36	2	286	851	14335054	14335607	0.0	758
NC_003076.8:25904732-25905624	NC_003071.7	94.074	405	21	3	286	688	11285665	11285262	4.75e-174	612
NC_003076.8:25904732-25905624	NC_003071.7	96.032	252	10	0	600	851	3565124	3565375	1.86e-113	411
NC_003076.8:25904732-25905624	NC_003071.7	93.407	273	16	2	7	277	3213348	3213076	3.11e-111	403
NC_003076.8:25904732-25905624	NC_003071.7	93.284	268	17	1	7	274	7814685	7814419	1.87e-108	394
NC_003076.8:25904732-25905624	NC_003071.7	91.459	281	24	0	1	281	4024201	4024481	3.14e-106	387
NC_003076.8:25904732-25905624	NC_003071.7	90.690	290	25	2	605	892	2962573	2962284	1.13e-105	385
NC_003076.8:25904732-25905624	NC_003071.7	92.222	270	20	1	1	270	7111784	7112052	1.46e-104	381
NC_003076.8:25904732-25905624	NC_003071.7	91.273	275	24	0	7	281	980611	980337	6.79e-103	375
NC_003076.8:25904732-25905624	NC_003071.7	91.698	265	22	0	17	281	7959807	7960071	1.14e-100	368
NC_003076.8:25904732-25905624	NC_003071.7	90.741	270	24	1	7	276	7169518	7169250	6.84e-98	359
NC_003076.8:25904732-25905624	NC_003071.7	93.450	229	15	0	7	235	2962799	2962571	2.48e-92	340
NC_003076.8:25904732-25905624	NC_003071.7	93.496	123	8	0	159	281	6924418	6924296	4.42e-45	183
NC_003076.8:25904732-25905624	NC_003071.7	94.783	115	6	0	159	273	395714	395600	5.71e-44	180
NC_003076.8:25904732-25905624	NC_003071.7	91.603	131	10	1	143	273	13337152	13337023	5.71e-44	180
NC_003076.8:25904732-25905624	NC_003071.7	92.683	123	9	0	159	281	13267871	13267993	2.05e-43	178
NC_003076.8:25904732-25905624	NC_003071.7	93.913	115	7	0	159	273	13907797	13907683	2.66e-42	174
NC_003076.8:25904732-25905624	NC_003071.7	93.913	115	7	0	159	273	17254287	17254173	2.66e-42	174
NC_003076.8:25904732-25905624	NC_003071.7	93.043	115	8	0	159	273	11286196	11286082	1.24e-40	169
NC_003076.8:25904732-25905624	NC_003071.7	91.057	123	11	0	159	281	12801954	12802076	4.45e-40	167
NC_003076.8:25904732-25905624	NC_003071.7	91.597	119	9	1	156	273	500923	501041	5.75e-39	163
NC_003076.8:25904732-25905624	NC_003071.7	78.014	282	47	9	7	281	6101370	6101097	5.75e-39	163
NC_003076.8:25904732-25905624	NC_003071.7	95.918	98	2	2	286	382	4024748	4024844	2.68e-37	158
NC_003076.8:25904732-25905624	NC_003071.7	89.474	114	9	3	286	397	980071	979959	2.70e-32	141
NC_003076.8:25904732-25905624	NC_003071.7	91.209	91	8	0	159	249	7153795	7153705	2.71e-27	124
NC_003076.8:25904732-25905624	NC_003071.7	81.752	137	17	6	758	892	17992665	17992535	2.73e-22	108
NC_003076.8:25904732-25905624	NC_003071.7	92.982	57	4	0	225	281	12093439	12093383	4.61e-15	84.2
NC_003076.8:25904732-25905624	NC_003071.7	92.593	54	4	0	154	207	6101267	6101214	2.14e-13	78.7
NC_003076.8:25904732-25905624	NC_003075.7	94.842	601	27	4	287	885	1351059	1351657	0.0	935
NC_003076.8:25904732-25905624	NC_003075.7	94.684	602	28	4	286	885	11192873	11192274	0.0	931
NC_003076.8:25904732-25905624	NC_003075.7	94.518	602	29	4	286	885	683760	684359	0.0	926
NC_003076.8:25904732-25905624	NC_003075.7	94.352	602	30	3	286	884	5539917	5539317	0.0	920
NC_003076.8:25904732-25905624	NC_003075.7	93.443	610	37	3	286	892	16863863	16863254	0.0	902
NC_003076.8:25904732-25905624	NC_003075.7	93.532	603	37	2	286	886	8065104	8065706	0.0	896
NC_003076.8:25904732-25905624	NC_003075.7	93.522	602	36	3	286	885	371387	370787	0.0	893
NC_003076.8:25904732-25905624	NC_003075.7	92.962	611	39	3	286	893	11362345	11362954	0.0	887
NC_003076.8:25904732-25905624	NC_003075.7	93.212	604	34	7	286	884	10395950	10395349	0.0	881
NC_003076.8:25904732-25905624	NC_003075.7	92.599	608	40	5	286	889	4147581	4148187	0.0	869
NC_003076.8:25904732-25905624	NC_003075.7	92.270	608	45	2	286	892	6165765	6165159	0.0	861
NC_003076.8:25904732-25905624	NC_003075.7	92.219	604	43	4	286	888	8728997	8728397	0.0	852
NC_003076.8:25904732-25905624	NC_003075.7	91.254	606	43	9	286	888	1000513	999915	0.0	817
NC_003076.8:25904732-25905624	NC_003075.7	91.165	532	36	8	358	886	14390783	14390260	0.0	712
NC_003076.8:25904732-25905624	NC_003075.7	93.659	410	23	3	286	694	964813	964406	1.71e-173	610
NC_003076.8:25904732-25905624	NC_003075.7	90.515	369	23	4	484	851	7853284	7852927	1.81e-133	477
NC_003076.8:25904732-25905624	NC_003075.7	89.211	380	32	3	1	377	8802132	8802505	3.91e-130	466
NC_003076.8:25904732-25905624	NC_003075.7	91.636	275	23	0	7	281	11193564	11193290	1.46e-104	381
NC_003076.8:25904732-25905624	NC_003075.7	90.747	281	26	0	1	281	683213	683493	6.79e-103	375
NC_003076.8:25904732-25905624	NC_003075.7	90.391	281	27	0	1	281	6166464	6166184	3.16e-101	370
NC_003076.8:25904732-25905624	NC_003075.7	90.141	284	27	1	7	289	372080	371797	1.14e-100	368
NC_003076.8:25904732-25905624	NC_003075.7	89.818	275	27	1	7	281	965793	965520	1.14e-95	351
NC_003076.8:25904732-25905624	NC_003075.7	91.266	229	17	3	659	885	8802511	8802738	6.98e-83	309
NC_003076.8:25904732-25905624	NC_003075.7	92.500	200	14	1	1	200	14390988	14390790	1.18e-75	285
NC_003076.8:25904732-25905624	NC_003075.7	76.134	595	92	32	302	886	7593705	7593151	4.26e-70	267
NC_003076.8:25904732-25905624	NC_003075.7	76.132	574	94	25	285	851	7572298	7572835	1.98e-68	261
NC_003076.8:25904732-25905624	NC_003075.7	90.576	191	17	1	694	884	963863	963674	1.19e-65	252
NC_003076.8:25904732-25905624	NC_003075.7	76.170	470	81	21	393	855	2262877	2262432	1.21e-55	219
NC_003076.8:25904732-25905624	NC_003075.7	79.322	295	49	12	600	889	12335548	12335835	5.67e-49	196
NC_003076.8:25904732-25905624	NC_003075.7	95.652	115	5	0	159	273	5540448	5540334	1.23e-45	185
NC_003076.8:25904732-25905624	NC_003075.7	93.496	123	8	0	159	281	10396429	10396307	4.42e-45	183
NC_003076.8:25904732-25905624	NC_003075.7	91.870	123	10	0	159	281	8064563	8064685	9.56e-42	172
NC_003076.8:25904732-25905624	NC_003075.7	90.551	127	12	0	147	273	11361800	11361926	1.24e-40	169
NC_003076.8:25904732-25905624	NC_003075.7	92.174	115	9	0	159	273	8729528	8729414	5.75e-39	163
NC_003076.8:25904732-25905624	NC_003075.7	91.304	115	10	0	159	273	1350526	1350640	2.68e-37	158
NC_003076.8:25904732-25905624	NC_003075.7	89.565	115	6	1	159	273	4147065	4147173	2.70e-32	141
NC_003076.8:25904732-25905624	NC_003075.7	86.154	130	14	4	758	884	6895076	6894948	3.49e-31	137
NC_003076.8:25904732-25905624	NC_003075.7	89.062	64	7	0	1	64	5353748	5353811	5.96e-14	80.5
NC_003076.8:25904732-25905624	NC_003074.8	94.371	604	31	3	286	888	10556729	10556128	0.0	924
NC_003076.8:25904732-25905624	NC_003074.8	94.186	602	30	4	287	884	13327982	13328582	0.0	913
NC_003076.8:25904732-25905624	NC_003074.8	94.010	601	34	2	286	884	18412699	18413299	0.0	909
NC_003076.8:25904732-25905624	NC_003074.8	93.854	602	34	3	286	884	18019326	18019927	0.0	904
NC_003076.8:25904732-25905624	NC_003074.8	93.532	603	37	2	286	887	17276341	17275740	0.0	896
NC_003076.8:25904732-25905624	NC_003074.8	93.656	599	33	4	286	884	9766950	9766357	0.0	891
NC_003076.8:25904732-25905624	NC_003074.8	93.344	601	36	4	286	884	20787849	20788447	0.0	885
NC_003076.8:25904732-25905624	NC_003074.8	92.939	609	39	4	286	893	17143043	17142438	0.0	883
NC_003076.8:25904732-25905624	NC_003074.8	93.058	605	38	4	286	888	15452053	15451451	0.0	881
NC_003076.8:25904732-25905624	NC_003074.8	93.311	598	39	1	286	882	17730633	17731230	0.0	881
NC_003076.8:25904732-25905624	NC_003074.8	92.599	608	39	6	286	891	5744438	5743835	0.0	869
NC_003076.8:25904732-25905624	NC_003074.8	92.857	602	36	6	286	885	9384361	9383765	0.0	867
NC_003076.8:25904732-25905624	NC_003074.8	92.715	604	34	3	286	888	10574941	10574347	0.0	863
NC_003076.8:25904732-25905624	NC_003074.8	92.371	603	42	4	286	885	3965547	3966148	0.0	856
NC_003076.8:25904732-25905624	NC_003074.8	92.371	603	39	4	286	886	17777470	17778067	0.0	852
NC_003076.8:25904732-25905624	NC_003074.8	91.790	609	31	3	286	893	15485110	15484520	0.0	830
NC_003076.8:25904732-25905624	NC_003074.8	92.945	567	37	3	286	851	11537303	11537867	0.0	822
NC_003076.8:25904732-25905624	NC_003074.8	91.542	603	42	5	286	886	22120064	22120659	0.0	822
NC_003076.8:25904732-25905624	NC_003074.8	91.681	601	35	4	286	884	16451993	16452580	0.0	819
NC_003076.8:25904732-25905624	NC_003074.8	92.110	583	38	7	286	861	10819946	10819365	0.0	815
NC_003076.8:25904732-25905624	NC_003074.8	91.514	601	36	6	286	884	17061973	17061386	0.0	813
NC_003076.8:25904732-25905624	NC_003074.8	90.438	617	48	7	286	893	15938766	15939380	0.0	802
NC_003076.8:25904732-25905624	NC_003074.8	90.323	620	36	9	286	882	16419834	16420452	0.0	791
NC_003076.8:25904732-25905624	NC_003074.8	90.610	607	29	15	286	889	16563010	16563591	0.0	780
NC_003076.8:25904732-25905624	NC_003074.8	89.203	602	37	6	286	884	7995405	7994829	0.0	726
NC_003076.8:25904732-25905624	NC_003074.8	92.010	388	29	2	269	654	11503094	11502707	1.76e-153	544
NC_003076.8:25904732-25905624	NC_003074.8	92.361	288	22	0	598	885	11968331	11968618	1.86e-113	411
NC_003076.8:25904732-25905624	NC_003074.8	92.727	275	20	0	7	281	10557340	10557066	1.45e-109	398
NC_003076.8:25904732-25905624	NC_003074.8	92.647	272	20	0	8	279	11503754	11503483	6.74e-108	392
NC_003076.8:25904732-25905624	NC_003074.8	92.391	276	20	1	7	281	15485744	15485469	6.74e-108	392
NC_003076.8:25904732-25905624	NC_003074.8	92.000	275	22	0	7	281	17299934	17299660	3.14e-106	387
NC_003076.8:25904732-25905624	NC_003074.8	91.459	281	24	0	1	281	17729940	17730220	3.14e-106	387
NC_003076.8:25904732-25905624	NC_003074.8	92.593	270	16	2	7	276	9767623	9767358	1.13e-105	385
NC_003076.8:25904732-25905624	NC_003074.8	91.852	270	22	0	1	270	13327434	13327703	1.89e-103	377
NC_003076.8:25904732-25905624	NC_003074.8	91.606	274	22	1	8	281	16419151	16419423	1.89e-103	377
NC_003076.8:25904732-25905624	NC_003074.8	91.882	271	21	1	1	270	17776769	17777039	1.89e-103	377
NC_003076.8:25904732-25905624	NC_003074.8	91.111	270	24	0	1	270	11967653	11967922	4.08e-100	366
NC_003076.8:25904732-25905624	NC_003074.8	90.840	262	24	0	20	281	3965020	3965281	1.14e-95	351
NC_003076.8:25904732-25905624	NC_003074.8	94.323	229	13	0	620	848	11200952	11201180	1.14e-95	351
NC_003076.8:25904732-25905624	NC_003074.8	94.495	218	11	1	286	502	10321086	10321303	1.15e-90	335
NC_003076.8:25904732-25905624	NC_003074.8	90.873	252	13	1	643	884	8757570	8757821	5.36e-89	329
NC_003076.8:25904732-25905624	NC_003074.8	92.174	230	17	1	52	281	10575506	10575278	2.49e-87	324
NC_003076.8:25904732-25905624	NC_003074.8	90.233	215	19	2	56	270	1571422	1571634	5.47e-74	279
NC_003076.8:25904732-25905624	NC_003074.8	88.776	196	19	2	1	196	10320412	10320604	3.34e-61	237
NC_003076.8:25904732-25905624	NC_003074.8	93.701	127	8	0	147	273	9384863	9384737	2.64e-47	191
NC_003076.8:25904732-25905624	NC_003074.8	93.496	123	8	0	159	281	15938226	15938348	4.42e-45	183
NC_003076.8:25904732-25905624	NC_003074.8	94.783	115	6	0	159	273	16562477	16562591	5.71e-44	180
NC_003076.8:25904732-25905624	NC_003074.8	92.683	123	9	0	159	281	10820486	10820364	2.05e-43	178
NC_003076.8:25904732-25905624	NC_003074.8	93.913	115	7	0	159	273	17276873	17276759	2.66e-42	174
NC_003076.8:25904732-25905624	NC_003074.8	93.043	115	8	0	159	273	11536758	11536872	1.24e-40	169
NC_003076.8:25904732-25905624	NC_003074.8	91.803	122	8	2	154	273	22119525	22119646	1.24e-40	169
NC_003076.8:25904732-25905624	NC_003074.8	90.551	127	11	1	156	281	17300342	17300216	4.45e-40	167
NC_003076.8:25904732-25905624	NC_003074.8	90.265	113	9	2	286	397	17299393	17299282	5.79e-34	147
NC_003076.8:25904732-25905624	NC_003074.8	86.957	115	7	2	159	273	17143580	17143474	9.76e-27	122
NC_003076.8:25904732-25905624	NC_003074.8	87.755	98	6	5	1	95	16450786	16450880	7.60e-23	110
NC_003076.8:25904732-25905624	NC_003074.8	88.764	89	6	4	1	86	11200624	11200711	9.83e-22	106
NC_003076.8:25904732-25905624	NC_003074.8	87.805	82	8	2	7	86	5622037	5622118	2.13e-18	95.3
NC_003076.8:25904732-25905624	NC_003074.8	87.805	82	8	2	7	86	20485134	20485053	2.13e-18	95.3
NC_003076.8:25904732-25905624	NC_003074.8	85.393	89	9	3	7	93	9559677	9559591	9.90e-17	89.8
NC_003076.8:25904732-25905624	NC_003070.9	94.343	601	30	4	286	885	23876672	23877269	0.0	918
NC_003076.8:25904732-25905624	NC_003070.9	93.914	608	33	4	286	889	19768590	19767983	0.0	915
NC_003076.8:25904732-25905624	NC_003070.9	94.020	602	32	3	286	886	17901346	17901944	0.0	909
NC_003076.8:25904732-25905624	NC_003070.9	93.432	609	38	2	286	892	4786655	4787263	0.0	902
NC_003076.8:25904732-25905624	NC_003070.9	93.688	602	35	2	286	886	9865941	9865342	0.0	898
NC_003076.8:25904732-25905624	NC_003070.9	93.301	612	36	5	286	893	15940579	15941189	0.0	898
NC_003076.8:25904732-25905624	NC_003070.9	93.677	601	36	2	286	885	22451407	22452006	0.0	898
NC_003076.8:25904732-25905624	NC_003070.9	93.399	606	34	4	286	886	7036688	7037292	0.0	893
NC_003076.8:25904732-25905624	NC_003070.9	93.522	602	35	4	286	885	9817676	9818275	0.0	893
NC_003076.8:25904732-25905624	NC_003070.9	93.511	601	34	5	286	884	11701130	11701727	0.0	889
NC_003076.8:25904732-25905624	NC_003070.9	93.344	601	37	3	286	884	19063993	19064592	0.0	885
NC_003076.8:25904732-25905624	NC_003070.9	93.344	601	34	6	286	884	13060300	13060896	0.0	883
NC_003076.8:25904732-25905624	NC_003070.9	93.212	604	34	7	286	885	18792265	18792865	0.0	881
NC_003076.8:25904732-25905624	NC_003070.9	94.107	577	30	4	286	859	8116242	8116817	0.0	874
NC_003076.8:25904732-25905624	NC_003070.9	92.787	610	33	8	286	892	28161731	28162332	0.0	872
NC_003076.8:25904732-25905624	NC_003070.9	92.647	612	33	10	286	893	3414248	3414851	0.0	870
NC_003076.8:25904732-25905624	NC_003070.9	92.691	602	39	5	286	884	26169994	26169395	0.0	863
NC_003076.8:25904732-25905624	NC_003070.9	92.821	599	33	5	289	886	499960	499371	0.0	859
NC_003076.8:25904732-25905624	NC_003070.9	92.512	601	43	2	286	884	16905264	16905864	0.0	859
NC_003076.8:25904732-25905624	NC_003070.9	92.157	612	40	7	286	893	19994278	19993671	0.0	857
NC_003076.8:25904732-25905624	NC_003070.9	92.512	601	38	7	286	884	19327832	19327237	0.0	854
NC_003076.8:25904732-25905624	NC_003070.9	91.790	609	39	4	286	885	14309369	14308763	0.0	837
NC_003076.8:25904732-25905624	NC_003070.9	92.013	601	30	7	286	884	13016435	13015851	0.0	828
NC_003076.8:25904732-25905624	NC_003070.9	91.542	603	35	3	286	885	19465678	19465089	0.0	817
NC_003076.8:25904732-25905624	NC_003070.9	91.254	606	36	4	286	888	23214932	23215523	0.0	809
NC_003076.8:25904732-25905624	NC_003070.9	91.240	605	36	8	286	888	12562814	12562225	0.0	808
NC_003076.8:25904732-25905624	NC_003070.9	90.894	604	39	4	286	886	12365404	12365994	0.0	797
NC_003076.8:25904732-25905624	NC_003070.9	90.894	604	37	4	286	884	16326713	16327303	0.0	795
NC_003076.8:25904732-25905624	NC_003070.9	90.833	600	41	2	286	884	16825784	16826370	0.0	791
NC_003076.8:25904732-25905624	NC_003070.9	92.364	550	35	7	348	892	8489951	8489404	0.0	776
NC_003076.8:25904732-25905624	NC_003070.9	91.392	546	41	6	348	888	25963004	25962460	0.0	743
NC_003076.8:25904732-25905624	NC_003070.9	90.994	533	34	5	362	893	18790338	18790857	0.0	706
NC_003076.8:25904732-25905624	NC_003070.9	92.701	411	27	3	484	892	23554190	23553781	2.23e-167	590
NC_003076.8:25904732-25905624	NC_003070.9	93.701	381	21	3	286	664	30254030	30253651	1.04e-160	568
NC_003076.8:25904732-25905624	NC_003070.9	92.793	333	20	4	286	617	11735920	11735591	5.03e-134	479
NC_003076.8:25904732-25905624	NC_003070.9	92.000	275	22	0	7	281	22621375	22621101	3.14e-106	387
NC_003076.8:25904732-25905624	NC_003070.9	92.000	275	22	0	7	281	30251762	30251488	3.14e-106	387
NC_003076.8:25904732-25905624	NC_003070.9	91.636	275	23	0	7	281	22992716	22992442	1.46e-104	381
NC_003076.8:25904732-25905624	NC_003070.9	91.273	275	23	1	7	281	12328709	12328436	2.44e-102	374
NC_003076.8:25904732-25905624	NC_003070.9	91.273	275	22	1	7	281	12876922	12876650	2.44e-102	374
NC_003076.8:25904732-25905624	NC_003070.9	89.324	281	30	0	1	281	3413553	3413833	3.18e-96	353
NC_003076.8:25904732-25905624	NC_003070.9	95.434	219	8	2	286	502	16997847	16997629	1.48e-94	348
NC_003076.8:25904732-25905624	NC_003070.9	93.722	223	14	0	662	884	30253364	30253142	1.15e-90	335
NC_003076.8:25904732-25905624	NC_003070.9	89.535	258	24	2	7	264	19769827	19769573	2.49e-87	324
NC_003076.8:25904732-25905624	NC_003070.9	91.342	231	16	4	1	231	18790103	18790329	5.40e-84	313
NC_003076.8:25904732-25905624	NC_003070.9	94.309	123	7	0	159	281	9817151	9817273	9.49e-47	189
NC_003076.8:25904732-25905624	NC_003070.9	92.969	128	9	0	154	281	16998390	16998263	3.41e-46	187
NC_003076.8:25904732-25905624	NC_003070.9	95.652	115	5	0	159	273	16904733	16904847	1.23e-45	185
NC_003076.8:25904732-25905624	NC_003070.9	93.496	123	8	0	159	281	26170521	26170399	4.42e-45	183
NC_003076.8:25904732-25905624	NC_003070.9	93.496	123	8	0	159	281	30254567	30254445	4.42e-45	183
NC_003076.8:25904732-25905624	NC_003070.9	92.683	123	9	0	159	281	17900819	17900941	2.05e-43	178
NC_003076.8:25904732-25905624	NC_003070.9	93.277	119	8	0	155	273	11700592	11700710	7.39e-43	176
NC_003076.8:25904732-25905624	NC_003070.9	93.913	115	7	0	159	273	13016967	13016853	2.66e-42	174
NC_003076.8:25904732-25905624	NC_003070.9	91.339	127	11	0	147	273	15940039	15940165	2.66e-42	174
NC_003076.8:25904732-25905624	NC_003070.9	91.339	127	11	0	147	273	22450867	22450993	2.66e-42	174
NC_003076.8:25904732-25905624	NC_003070.9	91.870	123	10	0	159	281	9866468	9866346	9.56e-42	172
NC_003076.8:25904732-25905624	NC_003070.9	90.152	132	12	1	159	289	7036148	7036279	3.44e-41	171
NC_003076.8:25904732-25905624	NC_003070.9	91.870	123	9	1	159	281	13059763	13059884	3.44e-41	171
NC_003076.8:25904732-25905624	NC_003070.9	93.043	115	8	0	159	273	8115710	8115824	1.24e-40	169
NC_003076.8:25904732-25905624	NC_003070.9	92.373	118	9	0	159	276	19328311	19328194	1.24e-40	169
NC_003076.8:25904732-25905624	NC_003070.9	91.057	123	11	0	159	281	22621779	22621657	4.45e-40	167
NC_003076.8:25904732-25905624	NC_003070.9	91.057	123	11	0	159	281	30252166	30252044	4.45e-40	167
NC_003076.8:25904732-25905624	NC_003070.9	92.174	115	9	0	159	273	11736466	11736352	5.75e-39	163
NC_003076.8:25904732-25905624	NC_003070.9	92.174	115	9	0	159	273	19994809	19994695	5.75e-39	163
NC_003076.8:25904732-25905624	NC_003070.9	90.244	123	12	0	159	281	22993120	22992998	2.07e-38	161
NC_003076.8:25904732-25905624	NC_003070.9	89.431	123	13	0	159	281	12329113	12328991	9.63e-37	156
NC_003076.8:25904732-25905624	NC_003070.9	95.699	93	4	0	181	273	18791754	18791846	4.48e-35	150
NC_003076.8:25904732-25905624	NC_003070.9	90.351	114	8	3	286	397	22992176	22992064	5.79e-34	147
NC_003076.8:25904732-25905624	NC_003070.9	92.079	101	6	2	286	385	22620834	22620735	2.70e-32	141
NC_003076.8:25904732-25905624	NC_003070.9	91.837	98	6	2	286	382	12328170	12328074	1.25e-30	135
NC_003076.8:25904732-25905624	NC_003070.9	85.294	102	10	4	1	99	13058823	13058922	4.57e-20	100
NC_003076.8:25904732-25905624	NC_003070.9	94.444	54	3	0	7	60	13017618	13017565	4.61e-15	84.2
NC_003076.8:25264511-25265339	NC_003076.8	100.000	829	0	0	1	829	25264511	25265339	0.0	1531
NC_003076.8:25264511-25265339	NC_003076.8	91.945	509	32	7	1	507	5129834	5129333	0.0	704
NC_003076.8:25264511-25265339	NC_003076.8	93.096	478	27	6	1	476	14761183	14760710	0.0	695
NC_003076.8:25264511-25265339	NC_003076.8	91.356	509	37	5	1	507	19931558	19931055	0.0	689
NC_003076.8:25264511-25265339	NC_003076.8	90.448	513	34	11	1	508	15342696	15342194	0.0	662
NC_003076.8:25264511-25265339	NC_003076.8	91.453	468	33	7	1	463	7711131	7711596	0.0	636
NC_003076.8:25264511-25265339	NC_003076.8	89.038	520	39	12	1	515	13918790	13918284	4.37e-179	628
NC_003076.8:25264511-25265339	NC_003076.8	89.914	466	22	8	1	463	354140	354583	1.61e-163	577
NC_003076.8:25264511-25265339	NC_003076.8	95.082	366	15	3	1	364	3020196	3019832	2.08e-162	573
NC_003076.8:25264511-25265339	NC_003076.8	91.176	374	22	9	458	829	15042496	15042132	1.29e-139	497
NC_003076.8:25264511-25265339	NC_003076.8	91.129	372	22	11	458	827	4314504	4314866	1.66e-138	494
NC_003076.8:25264511-25265339	NC_003076.8	91.129	372	21	11	458	827	8744986	8744625	1.66e-138	494
NC_003076.8:25264511-25265339	NC_003076.8	90.909	374	23	11	456	827	21531544	21531908	5.98e-138	492
NC_003076.8:25264511-25265339	NC_003076.8	90.617	373	25	7	458	828	9963310	9962946	2.78e-136	486
NC_003076.8:25264511-25265339	NC_003076.8	90.642	374	22	11	458	827	7153548	7153184	1.00e-135	484
NC_003076.8:25264511-25265339	NC_003076.8	90.617	373	23	11	458	827	16358181	16358544	1.00e-135	484
NC_003076.8:25264511-25265339	NC_003076.8	90.642	374	22	11	458	828	17796500	17796137	1.00e-135	484
NC_003076.8:25264511-25265339	NC_003076.8	90.374	374	26	8	458	829	25905252	25905617	3.60e-135	483
NC_003076.8:25264511-25265339	NC_003076.8	90.133	375	26	9	456	828	20680680	20680315	1.68e-133	477
NC_003076.8:25264511-25265339	NC_003076.8	90.107	374	27	8	458	829	24186188	24185823	1.68e-133	477
NC_003076.8:25264511-25265339	NC_003076.8	90.080	373	27	8	458	827	4780575	4780210	6.02e-133	475
NC_003076.8:25264511-25265339	NC_003076.8	90.133	375	22	11	458	829	11027536	11027898	2.17e-132	473
NC_003076.8:25264511-25265339	NC_003076.8	90.080	373	25	10	458	827	15605032	15604669	2.17e-132	473
NC_003076.8:25264511-25265339	NC_003076.8	91.789	341	23	5	139	476	18854200	18854538	2.80e-131	470
NC_003076.8:25264511-25265339	NC_003076.8	89.840	374	26	10	458	828	24475654	24475290	2.80e-131	470
NC_003076.8:25264511-25265339	NC_003076.8	89.812	373	26	12	458	827	8353564	8353201	1.01e-130	468
NC_003076.8:25264511-25265339	NC_003076.8	89.785	372	29	7	458	827	19740879	19740515	1.01e-130	468
NC_003076.8:25264511-25265339	NC_003076.8	91.496	341	23	6	139	476	8765944	8766281	1.30e-129	464
NC_003076.8:25264511-25265339	NC_003076.8	91.092	348	23	8	139	481	16356709	16357053	1.30e-129	464
NC_003076.8:25264511-25265339	NC_003076.8	91.496	341	24	5	139	476	17618450	17618112	1.30e-129	464
NC_003076.8:25264511-25265339	NC_003076.8	89.544	373	29	10	458	828	21584539	21584175	1.30e-129	464
NC_003076.8:25264511-25265339	NC_003076.8	89.516	372	28	7	458	827	5428318	5427956	1.69e-128	460
NC_003076.8:25264511-25265339	NC_003076.8	91.279	344	21	6	139	476	11025557	11025897	1.69e-128	460
NC_003076.8:25264511-25265339	NC_003076.8	89.276	373	30	9	458	827	14081128	14080763	6.07e-128	459
NC_003076.8:25264511-25265339	NC_003076.8	91.202	341	25	5	139	476	20281750	20281412	6.07e-128	459
NC_003076.8:25264511-25265339	NC_003076.8	89.516	372	26	9	458	827	21776147	21775787	6.07e-128	459
NC_003076.8:25264511-25265339	NC_003076.8	89.276	373	28	10	458	827	1896939	1896576	2.18e-127	457
NC_003076.8:25264511-25265339	NC_003076.8	90.988	344	24	7	137	476	17365257	17365597	2.18e-127	457
NC_003076.8:25264511-25265339	NC_003076.8	91.176	340	23	7	139	476	4781999	4781665	7.85e-127	455
NC_003076.8:25264511-25265339	NC_003076.8	89.431	369	28	8	461	827	15576539	15576180	7.85e-127	455
NC_003076.8:25264511-25265339	NC_003076.8	90.909	341	26	4	139	476	4312768	4313106	2.82e-126	453
NC_003076.8:25264511-25265339	NC_003076.8	90.909	341	25	6	139	476	9590645	9590982	2.82e-126	453
NC_003076.8:25264511-25265339	NC_003076.8	90.909	341	25	6	139	476	9964782	9964445	2.82e-126	453
NC_003076.8:25264511-25265339	NC_003076.8	90.643	342	26	6	139	476	15606367	15606028	3.65e-125	449
NC_003076.8:25264511-25265339	NC_003076.8	88.830	376	29	11	458	829	17777438	17777804	3.65e-125	449
NC_003076.8:25264511-25265339	NC_003076.8	88.342	386	24	16	458	829	22231328	22230950	1.70e-123	444
NC_003076.8:25264511-25265339	NC_003076.8	90.379	343	24	9	458	798	18855554	18855889	6.11e-123	442
NC_003076.8:25264511-25265339	NC_003076.8	90.058	342	28	6	139	476	17775963	17776302	7.90e-122	438
NC_003076.8:25264511-25265339	NC_003076.8	90.029	341	28	6	139	476	7154204	7153867	2.84e-121	436
NC_003076.8:25264511-25265339	NC_003076.8	88.441	372	26	11	458	827	9134368	9134724	3.68e-120	433
NC_003076.8:25264511-25265339	NC_003076.8	94.585	277	11	4	1	276	17955555	17955828	6.15e-118	425
NC_003076.8:25264511-25265339	NC_003076.8	89.412	340	31	5	139	476	1898411	1898075	2.21e-117	424
NC_003076.8:25264511-25265339	NC_003076.8	91.346	312	23	4	139	447	14151059	14150749	2.21e-117	424
NC_003076.8:25264511-25265339	NC_003076.8	88.757	338	28	10	458	792	5977116	5976786	8.02e-112	405
NC_003076.8:25264511-25265339	NC_003076.8	88.304	342	29	8	139	476	24187678	24187344	3.73e-110	399
NC_003076.8:25264511-25265339	NC_003076.8	87.500	352	27	12	139	476	9612816	9613164	2.24e-107	390
NC_003076.8:25264511-25265339	NC_003076.8	91.538	260	18	4	1	259	9965017	9964761	8.19e-97	355
NC_003076.8:25264511-25265339	NC_003076.8	90.769	260	20	4	1	259	9590410	9590666	1.77e-93	344
NC_003076.8:25264511-25265339	NC_003076.8	90.769	260	20	4	1	259	21530089	21530345	1.77e-93	344
NC_003076.8:25264511-25265339	NC_003076.8	90.385	260	21	4	1	259	14151294	14151038	8.25e-92	339
NC_003076.8:25264511-25265339	NC_003076.8	90.347	259	21	4	2	259	5430061	5429806	2.97e-91	337
NC_003076.8:25264511-25265339	NC_003076.8	90.385	260	20	5	1	259	15606601	15606346	2.97e-91	337
NC_003076.8:25264511-25265339	NC_003076.8	90.000	260	22	4	1	259	7154439	7154183	3.84e-90	333
NC_003076.8:25264511-25265339	NC_003076.8	90.038	261	21	5	1	259	8746701	8746444	3.84e-90	333
NC_003076.8:25264511-25265339	NC_003076.8	91.165	249	17	5	1	248	17796785	17796541	3.84e-90	333
NC_003076.8:25264511-25265339	NC_003076.8	90.000	260	21	5	1	259	14082835	14082580	1.38e-89	331
NC_003076.8:25264511-25265339	NC_003076.8	89.615	260	23	4	1	259	4312436	4312692	1.79e-88	327
NC_003076.8:25264511-25265339	NC_003076.8	89.615	260	23	4	1	259	19742617	19742361	1.79e-88	327
NC_003076.8:25264511-25265339	NC_003076.8	89.615	260	22	5	1	259	20281984	20281729	6.42e-88	326
NC_003076.8:25264511-25265339	NC_003076.8	89.231	260	24	4	1	259	17365025	17365281	8.31e-87	322
NC_003076.8:25264511-25265339	NC_003076.8	89.712	243	20	5	18	259	17775746	17775984	8.36e-82	305
NC_003076.8:25264511-25265339	NC_003076.8	95.580	181	5	2	2	181	19670802	19670980	3.03e-76	287
NC_003076.8:25264511-25265339	NC_003076.8	86.496	274	18	13	1	259	18853952	18854221	3.92e-75	283
NC_003076.8:25264511-25265339	NC_003076.8	86.347	271	21	7	1	259	9559507	9559241	1.41e-74	281
NC_003076.8:25264511-25265339	NC_003076.8	89.640	222	21	2	16	235	24187899	24187678	1.41e-74	281
NC_003076.8:25264511-25265339	NC_003076.8	84.615	260	22	6	1	259	11025336	11025578	6.65e-63	243
NC_003076.8:25264511-25265339	NC_003076.8	83.969	262	24	15	1	259	9612591	9612837	1.11e-60	235
NC_003076.8:25264511-25265339	NC_003076.8	90.110	182	10	7	648	827	10715447	10715622	5.18e-59	230
NC_003076.8:25264511-25265339	NC_003076.8	96.970	99	3	0	1	99	20398218	20398316	4.12e-40	167
NC_003076.8:25264511-25265339	NC_003076.8	90.323	124	9	3	458	580	10715331	10715452	6.89e-38	159
NC_003076.8:25264511-25265339	NC_003076.8	87.970	133	10	6	697	829	14143818	14143692	1.15e-35	152
NC_003076.8:25264511-25265339	NC_003076.8	85.606	132	14	5	697	827	17043774	17043901	4.18e-30	134
NC_003076.8:25264511-25265339	NC_003076.8	85.606	132	10	9	700	828	9557783	9557658	5.40e-29	130
NC_003076.8:25264511-25265339	NC_003076.8	85.496	131	12	7	700	827	22621304	22621178	5.40e-29	130
NC_003076.8:25264511-25265339	NC_003076.8	83.824	136	13	9	697	829	14810698	14810827	3.25e-26	121
NC_003076.8:25264511-25265339	NC_003076.8	84.091	132	11	10	700	828	26787229	26787105	1.17e-25	119
NC_003076.8:25264511-25265339	NC_003076.8	91.358	81	7	0	1	81	5978053	5977973	1.96e-23	111
NC_003076.8:25264511-25265339	NC_003076.8	89.011	91	7	3	1	91	15043428	15043341	7.04e-23	110
NC_003076.8:25264511-25265339	NC_003076.8	91.250	80	7	0	2	81	20280646	20280567	7.04e-23	110
NC_003076.8:25264511-25265339	NC_003076.8	90.244	82	6	2	1	81	9133953	9134033	9.11e-22	106
NC_003076.8:25264511-25265339	NC_003076.8	90.000	80	8	0	2	81	9591748	9591827	3.28e-21	104
NC_003076.8:25264511-25265339	NC_003076.8	82.946	129	9	12	700	827	10041928	10041812	3.28e-21	104
NC_003076.8:25264511-25265339	NC_003076.8	89.024	82	9	0	747	828	15882686	15882767	1.18e-20	102
NC_003076.8:25264511-25265339	NC_003076.8	86.047	86	9	3	1	85	13982135	13982218	9.17e-17	89.8
NC_003076.8:25264511-25265339	NC_003070.9	93.701	508	26	5	1	507	17552998	17552496	0.0	756
NC_003076.8:25264511-25265339	NC_003070.9	92.731	509	30	5	1	507	2235167	2234664	0.0	728
NC_003076.8:25264511-25265339	NC_003070.9	92.292	506	32	6	4	507	18747045	18746545	0.0	712
NC_003076.8:25264511-25265339	NC_003070.9	91.977	511	29	11	1	507	14299842	14299340	0.0	706
NC_003076.8:25264511-25265339	NC_003070.9	90.430	512	39	9	1	508	6735864	6736369	0.0	665
NC_003076.8:25264511-25265339	NC_003070.9	91.376	487	35	6	24	508	29320708	29320227	0.0	660
NC_003076.8:25264511-25265339	NC_003070.9	90.215	511	41	8	1	507	1977166	1976661	0.0	658
NC_003076.8:25264511-25265339	NC_003070.9	92.258	465	17	8	1	463	19173802	19173355	0.0	641
NC_003076.8:25264511-25265339	NC_003070.9	90.722	485	36	8	28	508	17255	17734	0.0	638
NC_003076.8:25264511-25265339	NC_003070.9	91.613	465	22	4	1	463	19085099	19085548	1.57e-178	627
NC_003076.8:25264511-25265339	NC_003070.9	89.918	486	39	8	28	508	3074698	3074218	9.46e-176	617
NC_003076.8:25264511-25265339	NC_003070.9	89.353	479	24	12	1	476	12855993	12855539	1.61e-163	577
NC_003076.8:25264511-25265339	NC_003070.9	87.598	508	43	11	1	507	8291571	8291083	7.47e-162	571
NC_003076.8:25264511-25265339	NC_003070.9	91.467	375	20	9	456	828	14309127	14308763	7.68e-142	505
NC_003076.8:25264511-25265339	NC_003070.9	91.247	377	21	10	456	828	19465457	19465089	2.76e-141	503
NC_003076.8:25264511-25265339	NC_003070.9	91.176	374	23	8	458	829	7036927	7037292	3.58e-140	499
NC_003076.8:25264511-25265339	NC_003070.9	91.758	364	20	7	465	827	28161968	28162322	1.29e-139	497
NC_003076.8:25264511-25265339	NC_003070.9	91.129	372	24	9	458	827	15940814	15941178	4.62e-139	496
NC_003076.8:25264511-25265339	NC_003070.9	91.153	373	22	9	458	827	19768354	19767990	4.62e-139	496
NC_003076.8:25264511-25265339	NC_003070.9	90.933	375	22	10	458	829	499736	499371	1.66e-138	494
NC_003076.8:25264511-25265339	NC_003070.9	90.716	377	25	8	456	829	12365625	12365994	1.66e-138	494
NC_003076.8:25264511-25265339	NC_003070.9	90.909	374	24	10	456	827	16826005	16826370	1.66e-138	494
NC_003076.8:25264511-25265339	NC_003070.9	91.129	372	19	12	458	827	13060537	13060896	5.98e-138	492
NC_003076.8:25264511-25265339	NC_003070.9	90.909	374	23	9	458	828	18792500	18792865	5.98e-138	492
NC_003076.8:25264511-25265339	NC_003070.9	90.426	376	27	7	456	829	12562595	12562227	2.78e-136	486
NC_003076.8:25264511-25265339	NC_003070.9	90.617	373	24	9	458	828	22451643	22452006	1.00e-135	484
NC_003076.8:25264511-25265339	NC_003070.9	90.591	372	24	9	458	827	23554153	23553791	3.60e-135	483
NC_003076.8:25264511-25265339	NC_003070.9	90.349	373	25	8	458	828	23876906	23877269	4.66e-134	479
NC_003076.8:25264511-25265339	NC_003070.9	92.082	341	22	5	139	476	11699931	11700269	6.02e-133	475
NC_003076.8:25264511-25265339	NC_003070.9	89.974	379	22	12	456	827	16326934	16327303	6.02e-133	475
NC_003076.8:25264511-25265339	NC_003070.9	89.920	377	27	9	456	829	23215153	23215521	6.02e-133	475
NC_003076.8:25264511-25265339	NC_003070.9	90.054	372	25	9	458	827	11701366	11701727	7.79e-132	472
NC_003076.8:25264511-25265339	NC_003070.9	89.812	373	27	11	458	827	16905500	16905864	1.01e-130	468
NC_003076.8:25264511-25265339	NC_003070.9	89.812	373	26	9	458	827	19064229	19064592	1.01e-130	468
NC_003076.8:25264511-25265339	NC_003070.9	91.765	340	22	6	139	476	19329031	19328696	1.01e-130	468
NC_003076.8:25264511-25265339	NC_003070.9	89.628	376	25	11	458	829	8489777	8489412	3.63e-130	466
NC_003076.8:25264511-25265339	NC_003070.9	91.471	340	25	4	139	476	4785682	4786019	1.30e-129	464
NC_003076.8:25264511-25265339	NC_003070.9	89.785	372	24	14	458	827	19327596	19327237	1.30e-129	464
NC_003076.8:25264511-25265339	NC_003070.9	91.496	341	24	5	139	476	22993826	22993488	1.30e-129	464
NC_003076.8:25264511-25265339	NC_003070.9	89.785	372	22	12	458	827	3414483	3414840	4.69e-129	462
NC_003076.8:25264511-25265339	NC_003070.9	89.544	373	28	8	458	828	9817912	9818275	4.69e-129	462
NC_003076.8:25264511-25265339	NC_003070.9	90.110	364	25	8	465	827	18790495	18790848	4.69e-129	462
NC_003076.8:25264511-25265339	NC_003070.9	89.305	374	31	9	458	829	4786891	4787257	1.69e-128	460
NC_003076.8:25264511-25265339	NC_003070.9	91.228	342	24	6	139	476	19062199	19062538	1.69e-128	460
NC_003076.8:25264511-25265339	NC_003070.9	91.202	341	25	5	139	476	12329819	12329481	6.07e-128	459
NC_003076.8:25264511-25265339	NC_003070.9	91.202	341	25	5	139	476	30252872	30252534	6.07e-128	459
NC_003076.8:25264511-25265339	NC_003070.9	90.625	352	21	10	458	805	8116478	8116821	2.18e-127	457
NC_003076.8:25264511-25265339	NC_003070.9	89.305	374	27	9	458	829	17901582	17901944	2.18e-127	457
NC_003076.8:25264511-25265339	NC_003070.9	91.566	332	23	5	139	467	9816445	9816774	2.82e-126	453
NC_003076.8:25264511-25265339	NC_003070.9	89.037	374	29	8	458	829	9865705	9865342	2.82e-126	453
NC_003076.8:25264511-25265339	NC_003070.9	89.037	374	30	9	458	829	19994043	19993679	2.82e-126	453
NC_003076.8:25264511-25265339	NC_003070.9	90.643	342	26	6	139	476	11737157	11736818	3.65e-125	449
NC_003076.8:25264511-25265339	NC_003070.9	90.643	342	27	5	139	476	22450165	22450505	3.65e-125	449
NC_003076.8:25264511-25265339	NC_003070.9	91.437	327	25	3	139	463	13059058	13059383	4.72e-124	446
NC_003076.8:25264511-25265339	NC_003070.9	88.770	374	29	10	458	827	26169759	26169395	4.72e-124	446
NC_003076.8:25264511-25265339	NC_003070.9	90.323	341	26	6	139	476	8115005	8115341	2.20e-122	440
NC_003076.8:25264511-25265339	NC_003070.9	90.116	344	26	7	137	476	17900095	17900434	2.20e-122	440
NC_003076.8:25264511-25265339	NC_003070.9	89.014	355	30	8	128	476	7035413	7035764	1.32e-119	431
NC_003076.8:25264511-25265339	NC_003070.9	88.032	376	30	13	458	828	25962829	25962464	1.32e-119	431
NC_003076.8:25264511-25265339	NC_003070.9	89.565	345	27	7	137	476	9867193	9866853	4.76e-119	429
NC_003076.8:25264511-25265339	NC_003070.9	90.735	313	24	5	167	476	19062922	19063232	4.79e-114	412
NC_003076.8:25264511-25265339	NC_003070.9	87.366	372	22	13	458	827	13016199	13015851	2.88e-111	403
NC_003076.8:25264511-25265339	NC_003070.9	88.462	338	25	9	139	463	16807222	16807558	4.83e-109	396
NC_003076.8:25264511-25265339	NC_003070.9	87.906	339	26	10	139	463	16806377	16806714	1.04e-105	385
NC_003076.8:25264511-25265339	NC_003070.9	87.683	341	27	6	139	476	501140	500812	3.76e-105	383
NC_003076.8:25264511-25265339	NC_003070.9	94.024	251	13	2	1	250	17009	17258	4.86e-104	379
NC_003076.8:25264511-25265339	NC_003070.9	93.625	251	14	2	1	250	3074944	3074695	2.26e-102	374
NC_003076.8:25264511-25265339	NC_003070.9	91.538	260	18	4	1	259	19995734	19995478	8.19e-97	355
NC_003076.8:25264511-25265339	NC_003070.9	91.538	260	18	4	1	259	23213666	23213922	8.19e-97	355
NC_003076.8:25264511-25265339	NC_003070.9	86.567	335	25	15	144	463	13261968	13261639	1.06e-95	351
NC_003076.8:25264511-25265339	NC_003070.9	90.769	260	20	4	1	259	8114770	8115026	1.77e-93	344
NC_003076.8:25264511-25265339	NC_003070.9	90.769	260	20	4	1	259	16824518	16824774	1.77e-93	344
NC_003076.8:25264511-25265339	NC_003070.9	90.769	260	20	4	1	259	30253107	30252851	1.77e-93	344
NC_003076.8:25264511-25265339	NC_003070.9	92.797	236	15	2	1	235	3910601	3910367	2.29e-92	340
NC_003076.8:25264511-25265339	NC_003070.9	90.421	261	19	6	1	259	9816210	9816466	8.25e-92	339
NC_003076.8:25264511-25265339	NC_003070.9	90.385	260	21	4	1	259	12364135	12364391	8.25e-92	339
NC_003076.8:25264511-25265339	NC_003070.9	90.385	260	21	4	1	259	19466949	19466693	8.25e-92	339
NC_003076.8:25264511-25265339	NC_003070.9	90.385	260	19	5	1	259	11699698	11699952	2.97e-91	337
NC_003076.8:25264511-25265339	NC_003070.9	90.385	260	20	5	1	259	18790927	18791182	2.97e-91	337
NC_003076.8:25264511-25265339	NC_003070.9	90.385	260	20	5	1	259	19061965	19062220	2.97e-91	337
NC_003076.8:25264511-25265339	NC_003070.9	92.766	235	14	3	139	371	22622071	22621838	2.97e-91	337
NC_003076.8:25264511-25265339	NC_003070.9	90.000	260	22	4	1	259	7035191	7035447	3.84e-90	333
NC_003076.8:25264511-25265339	NC_003070.9	90.000	260	22	4	1	259	15939323	15939579	3.84e-90	333
NC_003076.8:25264511-25265339	NC_003070.9	90.000	260	21	5	1	259	12330053	12329798	1.38e-89	331
NC_003076.8:25264511-25265339	NC_003070.9	89.655	261	22	5	1	259	11737393	11737136	1.79e-88	327
NC_003076.8:25264511-25265339	NC_003070.9	89.615	260	23	4	1	259	17899863	17900119	1.79e-88	327
NC_003076.8:25264511-25265339	NC_003070.9	89.615	260	23	4	1	259	26171480	26171224	1.79e-88	327
NC_003076.8:25264511-25265339	NC_003070.9	90.361	249	20	4	1	248	23554439	23554194	2.31e-87	324
NC_003076.8:25264511-25265339	NC_003070.9	89.231	260	24	4	1	259	13058823	13059079	8.31e-87	322
NC_003076.8:25264511-25265339	NC_003070.9	89.231	260	24	4	1	259	16325444	16325700	8.31e-87	322
NC_003076.8:25264511-25265339	NC_003070.9	89.231	260	21	6	1	259	501372	501119	1.07e-85	318
NC_003076.8:25264511-25265339	NC_003070.9	89.189	259	23	5	1	258	25963257	25963003	1.07e-85	318
NC_003076.8:25264511-25265339	NC_003070.9	88.846	260	24	5	1	259	22622305	22622050	1.39e-84	315
NC_003076.8:25264511-25265339	NC_003070.9	88.550	262	21	7	1	259	12564081	12563826	6.47e-83	309
NC_003076.8:25264511-25265339	NC_003070.9	89.958	239	19	5	241	476	13017571	13017335	3.01e-81	303
NC_003076.8:25264511-25265339	NC_003070.9	88.123	261	24	7	1	259	22994060	22993805	3.01e-81	303
NC_003076.8:25264511-25265339	NC_003070.9	88.417	259	17	4	1	259	9867414	9867169	3.89e-80	300
NC_003076.8:25264511-25265339	NC_003070.9	88.492	252	19	8	1	248	13262203	13261958	5.03e-79	296
NC_003076.8:25264511-25265339	NC_003070.9	89.956	229	16	5	600	827	30253364	30253142	8.42e-77	289
NC_003076.8:25264511-25265339	NC_003070.9	93.684	190	10	2	1	188	23173954	23174143	3.92e-75	283
NC_003076.8:25264511-25265339	NC_003070.9	86.719	256	24	5	5	259	19329256	19329010	6.56e-73	276
NC_003076.8:25264511-25265339	NC_003070.9	86.047	258	23	4	1	258	8490194	8489950	1.42e-69	265
NC_003076.8:25264511-25265339	NC_003070.9	85.551	263	26	10	1	259	16806989	16807243	1.42e-69	265
NC_003076.8:25264511-25265339	NC_003070.9	84.615	260	22	8	1	259	4785461	4785703	6.65e-63	243
NC_003076.8:25264511-25265339	NC_003070.9	81.272	283	48	5	458	737	21172921	21172641	2.41e-57	224
NC_003076.8:25264511-25265339	NC_003070.9	83.077	260	19	11	1	259	16903800	16904035	5.22e-54	213
NC_003076.8:25264511-25265339	NC_003070.9	92.466	146	7	4	458	602	30253793	30253651	8.73e-52	206
NC_003076.8:25264511-25265339	NC_003070.9	90.698	129	7	5	700	828	22992054	22991931	4.12e-40	167
NC_003076.8:25264511-25265339	NC_003070.9	90.000	130	8	5	700	829	30251100	30250976	5.33e-39	163
NC_003076.8:25264511-25265339	NC_003070.9	89.922	129	8	5	700	828	12328049	12327926	1.92e-38	161
NC_003076.8:25264511-25265339	NC_003070.9	89.922	129	8	5	700	828	22620712	22620589	1.92e-38	161
NC_003076.8:25264511-25265339	NC_003070.9	84.615	130	12	8	700	827	4770238	4770115	9.04e-27	122
NC_003076.8:25264511-25265339	NC_003070.9	83.846	130	15	6	700	827	21739201	21739076	1.17e-25	119
NC_003076.8:25264511-25265339	NC_003070.9	83.206	131	12	10	700	827	10021537	10021414	1.96e-23	111
NC_003076.8:25264511-25265339	NC_003070.9	91.250	80	7	0	2	81	30251767	30251688	7.04e-23	110
NC_003076.8:25264511-25265339	NC_003070.9	90.244	82	6	2	1	81	12876928	12876848	9.11e-22	106
NC_003076.8:25264511-25265339	NC_003070.9	90.123	81	8	0	1	81	18790103	18790183	9.11e-22	106
NC_003076.8:25264511-25265339	NC_003070.9	90.000	80	7	1	2	81	12328714	12328636	1.18e-20	102
NC_003076.8:25264511-25265339	NC_003070.9	89.024	82	7	2	1	81	3413553	3413633	4.24e-20	100
NC_003076.8:25264511-25265339	NC_003070.9	81.250	128	20	4	700	827	9918576	9918453	4.24e-20	100
NC_003076.8:25264511-25265339	NC_003070.9	88.889	81	9	0	1	81	16998955	16998875	4.24e-20	100
NC_003076.8:25264511-25265339	NC_003070.9	81.203	133	16	9	698	827	20166797	20166671	1.52e-19	99.0
NC_003076.8:25264511-25265339	NC_003070.9	87.500	88	8	3	4	91	22621378	22621294	1.52e-19	99.0
NC_003076.8:25264511-25265339	NC_003070.9	81.395	129	11	12	700	827	16858748	16858632	7.09e-18	93.5
NC_003076.8:25264511-25265339	NC_003070.9	80.769	130	12	12	697	825	26307386	26307503	9.17e-17	89.8
NC_003076.8:25264511-25265339	NC_003070.9	85.366	82	10	2	1	81	19724755	19724835	4.27e-15	84.2
NC_003076.8:25264511-25265339	NC_003070.9	100.000	29	0	0	800	828	21103382	21103354	3.35e-06	54.7
NC_003076.8:25264511-25265339	NC_003071.7	92.913	508	27	8	1	507	6099530	6100029	0.0	730
NC_003076.8:25264511-25265339	NC_003071.7	92.338	509	32	5	1	507	19196757	19196254	0.0	717
NC_003076.8:25264511-25265339	NC_003071.7	92.141	509	30	8	1	507	12556203	12555703	0.0	710
NC_003076.8:25264511-25265339	NC_003071.7	93.991	466	23	5	1	463	11399377	11398914	0.0	701
NC_003076.8:25264511-25265339	NC_003071.7	91.569	510	34	7	1	507	1460925	1460422	0.0	695
NC_003076.8:25264511-25265339	NC_003071.7	90.157	508	29	14	1	507	5467004	5466517	0.0	641
NC_003076.8:25264511-25265339	NC_003071.7	89.744	507	34	9	5	507	10469076	10468584	3.38e-180	632
NC_003076.8:25264511-25265339	NC_003071.7	93.617	376	17	6	13	385	5843961	5843590	7.52e-157	555
NC_003076.8:25264511-25265339	NC_003071.7	93.169	366	17	4	1	364	6384054	6383695	1.27e-149	531
NC_003076.8:25264511-25265339	NC_003071.7	91.979	374	19	10	458	829	6663759	6664123	1.28e-144	514
NC_003076.8:25264511-25265339	NC_003071.7	90.885	373	23	9	458	827	501696	502060	2.15e-137	490
NC_003076.8:25264511-25265339	NC_003071.7	90.716	377	22	11	456	828	543799	544166	2.15e-137	490
NC_003076.8:25264511-25265339	NC_003071.7	90.885	373	21	10	458	828	7961202	7961563	7.74e-137	488
NC_003076.8:25264511-25265339	NC_003071.7	90.642	374	24	9	458	829	7112566	7112930	2.78e-136	486
NC_003076.8:25264511-25265339	NC_003071.7	90.323	372	27	7	458	827	6100596	6100232	4.66e-134	479
NC_003076.8:25264511-25265339	NC_003071.7	90.323	372	25	8	458	827	12802732	12803094	1.68e-133	477
NC_003076.8:25264511-25265339	NC_003071.7	90.054	372	25	10	458	827	3212686	3212325	7.79e-132	472
NC_003076.8:25264511-25265339	NC_003071.7	89.600	375	28	9	456	827	6923657	6923291	3.63e-130	466
NC_003076.8:25264511-25265339	NC_003071.7	89.572	374	26	10	458	827	7813766	7813402	4.69e-129	462
NC_003076.8:25264511-25265339	NC_003071.7	89.544	373	26	10	458	827	13336186	13335824	1.69e-128	460
NC_003076.8:25264511-25265339	NC_003071.7	91.202	341	25	5	139	476	13908486	13908148	6.07e-128	459
NC_003076.8:25264511-25265339	NC_003071.7	91.176	340	25	5	139	476	13267150	13267486	2.18e-127	457
NC_003076.8:25264511-25265339	NC_003071.7	90.805	348	22	8	456	801	14335275	14335614	2.18e-127	457
NC_003076.8:25264511-25265339	NC_003071.7	91.592	333	22	6	139	467	12094189	12093859	7.85e-127	455
NC_003076.8:25264511-25265339	NC_003071.7	90.962	343	24	6	139	476	17254998	17254658	7.85e-127	455
NC_003076.8:25264511-25265339	NC_003071.7	88.978	372	32	7	458	827	7168594	7168230	1.02e-125	451
NC_003076.8:25264511-25265339	NC_003071.7	90.698	344	24	8	137	476	12801226	12801565	1.02e-125	451
NC_003076.8:25264511-25265339	NC_003071.7	88.800	375	30	10	458	829	394948	394583	3.65e-125	449
NC_003076.8:25264511-25265339	NC_003071.7	90.407	344	27	6	137	476	13337846	13337505	1.31e-124	448
NC_003076.8:25264511-25265339	NC_003071.7	88.978	372	28	11	458	825	13907031	13906669	1.31e-124	448
NC_003076.8:25264511-25265339	NC_003071.7	90.643	342	21	9	474	814	6804050	6804381	1.70e-123	444
NC_003076.8:25264511-25265339	NC_003071.7	94.444	288	14	2	1	287	6084090	6084376	6.11e-123	442
NC_003076.8:25264511-25265339	NC_003071.7	90.029	341	28	6	139	476	500220	500557	2.84e-121	436
NC_003076.8:25264511-25265339	NC_003071.7	87.903	372	36	9	458	827	17253522	17253158	4.76e-119	429
NC_003076.8:25264511-25265339	NC_003071.7	89.504	343	29	7	139	478	396420	396082	1.71e-118	427
NC_003076.8:25264511-25265339	NC_003071.7	87.805	369	32	10	461	825	709712	710071	2.86e-116	420
NC_003076.8:25264511-25265339	NC_003071.7	87.870	338	30	8	458	793	12092730	12092402	2.90e-106	387
NC_003076.8:25264511-25265339	NC_003071.7	91.154	260	19	4	1	259	13908721	13908465	3.81e-95	350
NC_003076.8:25264511-25265339	NC_003071.7	91.188	261	16	5	538	797	3565124	3565378	1.37e-94	348
NC_003076.8:25264511-25265339	NC_003071.7	90.385	260	21	4	1	259	499985	500241	8.25e-92	339
NC_003076.8:25264511-25265339	NC_003071.7	90.385	260	21	4	1	259	7154736	7154480	8.25e-92	339
NC_003076.8:25264511-25265339	NC_003071.7	91.566	249	16	5	1	247	17255233	17254988	8.25e-92	339
NC_003076.8:25264511-25265339	NC_003071.7	90.000	260	22	3	1	259	542308	542564	3.84e-90	333
NC_003076.8:25264511-25265339	NC_003071.7	90.038	261	21	5	1	259	12094425	12094168	3.84e-90	333
NC_003076.8:25264511-25265339	NC_003071.7	89.615	260	23	4	1	259	6925377	6925121	1.79e-88	327
NC_003076.8:25264511-25265339	NC_003071.7	93.274	223	12	3	458	679	3564902	3565122	6.42e-88	326
NC_003076.8:25264511-25265339	NC_003071.7	89.615	260	21	6	1	259	13338077	13337823	6.42e-88	326
NC_003076.8:25264511-25265339	NC_003071.7	89.231	260	24	4	1	259	14333785	14334041	8.31e-87	322
NC_003076.8:25264511-25265339	NC_003071.7	89.558	249	23	3	1	248	13266915	13267161	5.00e-84	313
NC_003076.8:25264511-25265339	NC_003071.7	95.062	162	7	1	1	161	11287161	11287000	3.07e-66	254
NC_003076.8:25264511-25265339	NC_003071.7	92.941	170	9	3	458	626	11285429	11285262	1.85e-63	244
NC_003076.8:25264511-25265339	NC_003071.7	89.697	165	10	7	664	827	11285273	11285115	3.14e-51	204
NC_003076.8:25264511-25265339	NC_003071.7	94.958	119	5	1	2	120	6101375	6101258	1.14e-45	185
NC_003076.8:25264511-25265339	NC_003071.7	88.372	129	9	6	700	828	4024869	4024991	4.15e-35	150
NC_003076.8:25264511-25265339	NC_003071.7	86.154	130	10	8	700	827	1038172	1038049	4.18e-30	134
NC_003076.8:25264511-25265339	NC_003071.7	85.606	132	13	6	697	827	13102234	13102360	4.18e-30	134
NC_003076.8:25264511-25265339	NC_003071.7	84.848	132	15	5	697	827	19623519	19623646	1.94e-28	128
NC_003076.8:25264511-25265339	NC_003071.7	83.969	131	15	6	700	828	2139260	2139386	3.25e-26	121
NC_003076.8:25264511-25265339	NC_003071.7	91.358	81	7	0	1	81	980617	980537	1.96e-23	111
NC_003076.8:25264511-25265339	NC_003071.7	91.358	81	7	0	1	81	3213354	3213274	1.96e-23	111
NC_003076.8:25264511-25265339	NC_003071.7	83.206	131	13	9	700	827	6206719	6206595	1.96e-23	111
NC_003076.8:25264511-25265339	NC_003071.7	82.482	137	15	9	697	828	15134641	15134773	1.96e-23	111
NC_003076.8:25264511-25265339	NC_003071.7	89.130	92	5	5	1	91	2962805	2962718	7.04e-23	110
NC_003076.8:25264511-25265339	NC_003071.7	91.358	81	6	1	1	81	7111784	7111863	7.04e-23	110
NC_003076.8:25264511-25265339	NC_003071.7	82.576	132	16	6	697	827	7340817	7340942	7.04e-23	110
NC_003076.8:25264511-25265339	NC_003071.7	95.588	68	2	1	26	92	12555280	12555213	2.53e-22	108
NC_003076.8:25264511-25265339	NC_003071.7	89.412	85	7	2	1	85	3564382	3564464	9.11e-22	106
NC_003076.8:25264511-25265339	NC_003071.7	90.123	81	8	0	1	81	4024201	4024281	9.11e-22	106
NC_003076.8:25264511-25265339	NC_003071.7	88.636	88	8	2	1	88	7814691	7814606	9.11e-22	106
NC_003076.8:25264511-25265339	NC_003071.7	91.026	78	5	2	1	77	7169524	7169448	3.28e-21	104
NC_003076.8:25264511-25265339	NC_003071.7	82.090	134	11	12	697	829	8907877	8907998	1.18e-20	102
NC_003076.8:25264511-25265339	NC_003071.7	87.059	85	10	1	746	829	9585273	9585357	1.97e-18	95.3
NC_003076.8:25264511-25265339	NC_003071.7	89.362	47	5	0	781	827	7177636	7177590	7.19e-08	60.2
NC_003076.8:25264511-25265339	NC_003074.8	92.717	508	28	7	1	507	20485140	20484641	0.0	725
NC_003076.8:25264511-25265339	NC_003074.8	95.011	461	19	4	3	463	5622033	5622489	0.0	721
NC_003076.8:25264511-25265339	NC_003074.8	91.339	508	36	7	4	508	9559680	9559178	0.0	688
NC_003076.8:25264511-25265339	NC_003074.8	94.860	428	19	3	1	426	10862401	10862827	0.0	665
NC_003076.8:25264511-25265339	NC_003074.8	90.329	486	37	9	28	508	1371151	1370671	4.37e-179	628
NC_003076.8:25264511-25265339	NC_003074.8	90.289	484	39	7	28	508	2630001	2629523	1.57e-178	627
NC_003076.8:25264511-25265339	NC_003074.8	93.842	406	21	4	61	463	16879865	16880269	5.69e-173	608
NC_003076.8:25264511-25265339	NC_003074.8	89.518	477	35	11	1	463	3716342	3716817	2.06e-167	590
NC_003076.8:25264511-25265339	NC_003074.8	91.375	429	21	5	1	427	20487142	20486728	2.08e-162	573
NC_003076.8:25264511-25265339	NC_003074.8	91.935	372	21	7	458	827	18019563	18019927	4.59e-144	512
NC_003076.8:25264511-25265339	NC_003074.8	91.444	374	23	7	456	827	17061752	17061386	7.68e-142	505
NC_003076.8:25264511-25265339	NC_003074.8	91.421	373	18	10	458	827	9766718	9766357	3.58e-140	499
NC_003076.8:25264511-25265339	NC_003074.8	91.153	373	22	8	458	828	10556494	10556131	4.62e-139	496
NC_003076.8:25264511-25265339	NC_003074.8	90.909	374	23	11	458	828	10574715	10574350	5.98e-138	492
NC_003076.8:25264511-25265339	NC_003074.8	90.860	372	24	8	458	827	18412936	18413299	2.15e-137	490
NC_003076.8:25264511-25265339	NC_003074.8	90.642	374	24	8	458	828	16563223	16563588	2.78e-136	486
NC_003076.8:25264511-25265339	NC_003074.8	90.400	375	25	11	458	829	17777701	17778067	3.60e-135	483
NC_003076.8:25264511-25265339	NC_003074.8	90.566	371	23	9	458	825	17730869	17731230	1.29e-134	481
NC_003076.8:25264511-25265339	NC_003074.8	90.160	376	23	12	458	829	15451818	15451453	1.68e-133	477
NC_003076.8:25264511-25265339	NC_003074.8	90.107	374	26	9	458	829	17276105	17275741	6.02e-133	475
NC_003076.8:25264511-25265339	NC_003074.8	90.080	373	23	12	458	827	17142808	17142447	7.79e-132	472
NC_003076.8:25264511-25265339	NC_003074.8	89.812	373	26	10	458	827	20788084	20788447	1.01e-130	468
NC_003076.8:25264511-25265339	NC_003074.8	89.572	374	27	10	458	829	5744204	5743841	1.30e-129	464
NC_003076.8:25264511-25265339	NC_003074.8	89.333	375	26	11	458	827	13328217	13328582	6.07e-128	459
NC_003076.8:25264511-25265339	NC_003074.8	88.889	387	23	13	456	825	16420069	16420452	6.07e-128	459
NC_003076.8:25264511-25265339	NC_003074.8	89.037	374	30	9	458	828	3965783	3966148	2.82e-126	453
NC_003076.8:25264511-25265339	NC_003074.8	90.909	341	26	5	139	476	17301044	17300706	2.82e-126	453
NC_003076.8:25264511-25265339	NC_003074.8	91.793	329	20	7	139	463	18746423	18746748	1.02e-125	451
NC_003076.8:25264511-25265339	NC_003074.8	90.643	342	26	6	139	476	10821211	10820872	3.65e-125	449
NC_003076.8:25264511-25265339	NC_003074.8	88.800	375	30	11	458	829	22120294	22120659	3.65e-125	449
NC_003076.8:25264511-25265339	NC_003074.8	90.616	341	27	5	139	476	5745687	5745349	1.31e-124	448
NC_003076.8:25264511-25265339	NC_003074.8	90.588	340	28	4	139	476	16451021	16451358	1.31e-124	448
NC_003076.8:25264511-25265339	NC_003074.8	90.173	346	30	4	139	481	17277580	17277236	1.31e-124	448
NC_003076.8:25264511-25265339	NC_003074.8	90.616	341	27	5	139	476	20786634	20786972	1.31e-124	448
NC_003076.8:25264511-25265339	NC_003074.8	90.173	346	29	5	139	481	15937521	15937864	4.72e-124	446
NC_003076.8:25264511-25265339	NC_003074.8	90.351	342	25	6	487	827	7995163	7994829	6.11e-123	442
NC_003076.8:25264511-25265339	NC_003074.8	93.814	291	15	3	1	290	17397300	17397012	1.02e-120	435
NC_003076.8:25264511-25265339	NC_003074.8	89.766	342	29	6	139	476	9386113	9385774	3.68e-120	433
NC_003076.8:25264511-25265339	NC_003074.8	88.441	372	21	12	458	827	16452229	16452580	4.76e-119	429
NC_003076.8:25264511-25265339	NC_003074.8	88.204	373	17	9	458	828	15484875	15484528	2.86e-116	420
NC_003076.8:25264511-25265339	NC_003074.8	88.825	349	28	10	458	804	11537538	11537877	1.03e-115	418
NC_003076.8:25264511-25265339	NC_003074.8	87.465	359	27	15	456	805	10819712	10819363	1.34e-109	398
NC_003076.8:25264511-25265339	NC_003074.8	86.053	380	38	12	458	829	15939001	15939373	1.74e-108	394
NC_003076.8:25264511-25265339	NC_003074.8	85.829	374	29	12	139	507	16173058	16172704	6.29e-103	375
NC_003076.8:25264511-25265339	NC_003074.8	89.761	293	23	5	537	828	11968332	11968618	1.05e-100	368
NC_003076.8:25264511-25265339	NC_003074.8	86.471	340	29	9	139	475	22118838	22119163	2.28e-97	357
NC_003076.8:25264511-25265339	NC_003074.8	90.769	260	20	4	1	259	7996636	7996380	1.77e-93	344
NC_003076.8:25264511-25265339	NC_003074.8	90.769	260	20	4	1	259	15937286	15937542	1.77e-93	344
NC_003076.8:25264511-25265339	NC_003074.8	90.385	260	20	5	1	259	17277814	17277559	2.97e-91	337
NC_003076.8:25264511-25265339	NC_003074.8	90.385	260	20	4	1	259	17301278	17301023	2.97e-91	337
NC_003076.8:25264511-25265339	NC_003074.8	91.165	249	17	5	1	247	11200624	11200869	3.84e-90	333
NC_003076.8:25264511-25265339	NC_003074.8	89.615	260	22	5	1	259	16561654	16561909	6.42e-88	326
NC_003076.8:25264511-25265339	NC_003074.8	88.889	261	23	6	1	259	10821446	10821190	3.86e-85	316
NC_003076.8:25264511-25265339	NC_003074.8	87.692	260	18	5	1	259	11535844	11536090	2.34e-77	291
NC_003076.8:25264511-25265339	NC_003074.8	89.030	237	19	7	556	791	11200950	11201180	3.03e-76	287
NC_003076.8:25264511-25265339	NC_003074.8	86.957	253	26	7	581	827	8757570	8757821	1.82e-73	278
NC_003076.8:25264511-25265339	NC_003074.8	86.538	260	21	9	1	259	22118613	22118859	2.36e-72	274
NC_003076.8:25264511-25265339	NC_003074.8	85.769	260	19	8	1	259	17063229	17062987	6.61e-68	259
NC_003076.8:25264511-25265339	NC_003074.8	85.385	260	20	5	1	259	17144490	17144248	3.07e-66	254
NC_003076.8:25264511-25265339	NC_003074.8	94.118	136	5	3	458	592	11502840	11502707	3.14e-51	204
NC_003076.8:25264511-25265339	NC_003074.8	98.131	107	2	0	1	107	16879751	16879857	3.16e-46	187
NC_003076.8:25264511-25265339	NC_003074.8	90.000	130	8	5	700	829	17299272	17299148	5.33e-39	163
NC_003076.8:25264511-25265339	NC_003074.8	89.231	130	8	4	700	829	1572005	1572128	2.48e-37	158
NC_003076.8:25264511-25265339	NC_003074.8	89.600	125	7	6	705	829	10321325	10321443	3.21e-36	154
NC_003076.8:25264511-25265339	NC_003074.8	86.567	134	13	5	697	829	11132618	11132747	6.94e-33	143
NC_003076.8:25264511-25265339	NC_003074.8	89.815	108	7	4	1	105	9890049	9890155	1.16e-30	135
NC_003076.8:25264511-25265339	NC_003074.8	84.962	133	15	5	700	829	16234788	16234658	5.40e-29	130
NC_003076.8:25264511-25265339	NC_003074.8	84.328	134	15	6	696	827	8645210	8645339	6.99e-28	126
NC_003076.8:25264511-25265339	NC_003074.8	83.721	129	16	5	700	827	6729049	6728925	4.21e-25	117
NC_003076.8:25264511-25265339	NC_003074.8	92.683	82	4	2	1	81	18018781	18018861	4.21e-25	117
NC_003076.8:25264511-25265339	NC_003074.8	92.593	81	4	2	2	81	17299939	17299860	1.51e-24	115
NC_003076.8:25264511-25265339	NC_003074.8	89.130	92	7	2	1	92	13327434	13327522	1.96e-23	111
NC_003076.8:25264511-25265339	NC_003074.8	91.358	81	7	0	1	81	18412154	18412234	1.96e-23	111
NC_003076.8:25264511-25265339	NC_003074.8	82.946	129	10	11	700	828	10681507	10681391	9.11e-22	106
NC_003076.8:25264511-25265339	NC_003074.8	89.412	85	8	1	1	85	16419144	16419227	9.11e-22	106
NC_003076.8:25264511-25265339	NC_003074.8	95.312	64	3	0	1	64	10557346	10557283	1.18e-20	102
NC_003076.8:25264511-25265339	NC_003074.8	89.130	46	4	1	783	827	4274975	4274930	9.30e-07	56.5
NC_003076.8:25264511-25265339	NC_003075.7	91.945	509	33	7	1	507	6178448	6178950	0.0	706
NC_003076.8:25264511-25265339	NC_003075.7	90.820	512	33	12	1	507	7060698	7060196	0.0	673
NC_003076.8:25264511-25265339	NC_003075.7	90.558	466	25	10	1	463	9438785	9439234	3.43e-170	599
NC_003076.8:25264511-25265339	NC_003075.7	89.770	479	27	9	1	476	314269	313810	1.59e-168	593
NC_003076.8:25264511-25265339	NC_003075.7	88.386	508	30	10	1	507	6279022	6279501	9.59e-166	584
NC_003076.8:25264511-25265339	NC_003075.7	91.689	373	21	10	458	827	5539682	5539317	5.94e-143	508
NC_003076.8:25264511-25265339	NC_003075.7	91.398	372	23	9	458	827	4147818	4148182	9.94e-141	501
NC_003076.8:25264511-25265339	NC_003075.7	90.909	374	25	7	458	829	8065340	8065706	1.66e-138	494
NC_003076.8:25264511-25265339	NC_003075.7	90.885	373	23	9	458	828	683996	684359	2.15e-137	490
NC_003076.8:25264511-25265339	NC_003075.7	90.885	373	23	9	458	828	11192637	11192274	2.15e-137	490
NC_003076.8:25264511-25265339	NC_003075.7	90.642	374	22	11	458	828	1351294	1351657	1.00e-135	484
NC_003076.8:25264511-25265339	NC_003075.7	90.400	375	23	10	458	828	11362581	11362946	1.29e-134	481
NC_003076.8:25264511-25265339	NC_003075.7	90.323	372	27	7	458	827	10395713	10395349	4.66e-134	479
NC_003076.8:25264511-25265339	NC_003075.7	89.867	375	27	11	458	829	16863627	16863261	7.79e-132	472
NC_003076.8:25264511-25265339	NC_003075.7	91.789	341	22	6	139	476	9842373	9842036	2.80e-131	470
NC_003076.8:25264511-25265339	NC_003075.7	89.840	374	25	11	458	828	371150	370787	1.01e-130	468
NC_003076.8:25264511-25265339	NC_003075.7	91.471	340	25	4	139	476	16864836	16864499	1.30e-129	464
NC_003076.8:25264511-25265339	NC_003075.7	90.988	344	24	7	137	476	9763582	9763242	2.18e-127	457
NC_003076.8:25264511-25265339	NC_003075.7	90.725	345	26	6	139	481	10397150	10396810	7.85e-127	455
NC_003076.8:25264511-25265339	NC_003075.7	90.909	341	25	6	139	476	8730218	8729881	2.82e-126	453
NC_003076.8:25264511-25265339	NC_003075.7	89.305	374	23	14	458	829	14390618	14390260	2.82e-126	453
NC_003076.8:25264511-25265339	NC_003075.7	90.462	346	28	5	139	481	1001772	1001429	1.02e-125	451
NC_003076.8:25264511-25265339	NC_003075.7	90.882	340	25	6	139	476	8063845	8064180	1.02e-125	451
NC_003076.8:25264511-25265339	NC_003075.7	88.740	373	30	10	458	827	6165529	6165166	4.72e-124	446
NC_003076.8:25264511-25265339	NC_003075.7	88.710	372	30	10	458	827	8728762	8728401	1.70e-123	444
NC_003076.8:25264511-25265339	NC_003075.7	90.379	343	26	7	139	476	11361104	11361444	1.70e-123	444
NC_003076.8:25264511-25265339	NC_003075.7	90.323	341	27	6	139	476	1349820	1350157	6.11e-123	442
NC_003076.8:25264511-25265339	NC_003075.7	93.080	289	15	5	1	287	5354114	5354399	1.03e-115	418
NC_003076.8:25264511-25265339	NC_003075.7	87.568	370	30	11	458	825	1000277	999922	1.33e-114	414
NC_003076.8:25264511-25265339	NC_003075.7	87.097	372	38	6	139	507	2621774	2621410	4.79e-114	412
NC_003076.8:25264511-25265339	NC_003075.7	86.919	344	25	12	458	799	7853247	7852922	1.05e-100	368
NC_003076.8:25264511-25265339	NC_003075.7	91.154	260	19	4	1	259	1002007	1001751	3.81e-95	350
NC_003076.8:25264511-25265339	NC_003075.7	90.769	260	20	4	1	259	8730453	8730197	1.77e-93	344
NC_003076.8:25264511-25265339	NC_003075.7	90.769	260	20	4	1	259	9763814	9763558	1.77e-93	344
NC_003076.8:25264511-25265339	NC_003075.7	90.385	260	20	5	1	259	11360870	11361125	2.97e-91	337
NC_003076.8:25264511-25265339	NC_003075.7	90.421	261	18	7	1	259	16865070	16864815	2.97e-91	337
NC_003076.8:25264511-25265339	NC_003075.7	91.165	249	18	4	1	248	7853533	7853288	1.07e-90	335
NC_003076.8:25264511-25265339	NC_003075.7	89.773	264	15	11	1	259	4146126	4146382	1.79e-88	327
NC_003076.8:25264511-25265339	NC_003075.7	89.615	260	23	4	1	259	5541389	5541133	1.79e-88	327
NC_003076.8:25264511-25265339	NC_003075.7	89.615	260	23	4	1	259	9842608	9842352	1.79e-88	327
NC_003076.8:25264511-25265339	NC_003075.7	88.123	261	22	9	1	259	2622006	2621753	1.08e-80	302
NC_003076.8:25264511-25265339	NC_003075.7	89.815	216	16	6	614	828	8802528	8802738	8.48e-72	272
NC_003076.8:25264511-25265339	NC_003075.7	93.220	177	6	6	458	632	964578	964406	8.54e-67	255
NC_003076.8:25264511-25265339	NC_003075.7	93.706	143	5	3	1	142	8063577	8063716	1.88e-53	211
NC_003076.8:25264511-25265339	NC_003075.7	86.598	194	18	8	635	827	963860	963674	2.43e-52	207
NC_003076.8:25264511-25265339	NC_003075.7	83.721	129	16	5	700	827	15441775	15441651	4.21e-25	117
NC_003076.8:25264511-25265339	NC_003075.7	91.463	82	5	2	1	81	2520884	2520964	1.96e-23	111
NC_003076.8:25264511-25265339	NC_003075.7	88.889	81	9	0	1	81	372086	372006	4.24e-20	100
NC_003076.8:25264511-25265339	NC_003075.7	87.654	81	10	0	1	81	14390988	14390908	1.97e-18	95.3
NC_003076.8:25264511-25265339	NC_003075.7	80.620	129	12	12	700	827	963979	963863	3.30e-16	87.9
NC_003076.8:25264511-25265339	NC_003075.7	74.800	250	35	21	157	389	9566265	9566027	3.30e-16	87.9
NC_003076.8:25264511-25265339	NC_003075.7	85.185	81	12	0	1	81	6166464	6166384	4.27e-15	84.2
NC_003076.8:25264511-25265339	NC_003075.7	91.837	49	3	1	780	827	3359186	3359234	4.30e-10	67.6
NC_003076.8:15137634-15138532	NC_003076.8	100.000	899	0	0	1	899	15138532	15137634	0.0	1661
NC_003076.8:15137634-15138532	NC_003076.8	88.767	908	87	7	1	899	10536452	10537353	0.0	1098
NC_003076.8:15137634-15138532	NC_003076.8	87.652	907	94	7	1	898	13977209	13978106	0.0	1038
NC_003076.8:15137634-15138532	NC_003076.8	87.048	857	85	11	13	869	13436952	13436122	0.0	944
NC_003076.8:15137634-15138532	NC_003076.8	86.907	611	61	11	1	601	13603200	13602599	0.0	667
NC_003076.8:15137634-15138532	NC_003076.8	87.018	570	56	4	336	896	9354184	9354744	1.71e-178	627
NC_003076.8:15137634-15138532	NC_003076.8	87.277	448	53	3	454	898	13734509	13734955	6.46e-143	508
NC_003076.8:15137634-15138532	NC_003076.8	85.590	229	30	3	673	899	15021697	15021470	3.36e-61	237
NC_003076.8:15137634-15138532	NC_003076.8	89.474	190	15	3	680	867	13602606	13602420	1.21e-60	235
NC_003076.8:15137634-15138532	NC_003070.9	89.305	907	76	12	1	898	11522791	11521897	0.0	1118
NC_003076.8:15137634-15138532	NC_003070.9	81.175	919	117	34	1	899	1705558	1706440	0.0	688
NC_003076.8:15137634-15138532	NC_003070.9	87.857	560	42	12	1	547	14012656	14012110	1.02e-180	634
NC_003076.8:15137634-15138532	NC_003070.9	89.486	428	39	5	448	875	24027518	24027939	2.96e-151	536
NC_003076.8:15137634-15138532	NC_003070.9	84.052	464	47	10	438	899	14012108	14011670	8.65e-117	422
NC_003076.8:15137634-15138532	NC_003070.9	92.086	139	10	1	719	856	12810039	12810177	2.05e-48	195
NC_003076.8:15137634-15138532	NC_003075.7	87.679	909	85	14	1	899	10999957	11000848	0.0	1033
NC_003076.8:15137634-15138532	NC_003075.7	87.417	755	78	10	1	746	2120336	2121082	0.0	852
NC_003076.8:15137634-15138532	NC_003075.7	84.222	919	93	28	3	898	3358345	3359234	0.0	846
NC_003076.8:15137634-15138532	NC_003075.7	81.818	792	96	24	26	800	5431399	5430639	7.95e-177	621
NC_003076.8:15137634-15138532	NC_003075.7	80.836	574	84	15	2	559	6505096	6504533	1.86e-118	427
NC_003076.8:15137634-15138532	NC_003075.7	81.836	512	61	12	404	899	11381339	11381834	1.13e-110	401
NC_003076.8:15137634-15138532	NC_003075.7	83.223	453	57	12	404	847	6504605	6504163	1.46e-109	398
NC_003076.8:15137634-15138532	NC_003074.8	88.063	888	77	18	1	869	16279568	16280445	0.0	1026
NC_003076.8:15137634-15138532	NC_003074.8	85.421	926	87	21	1	899	15020983	15021887	0.0	918
NC_003076.8:15137634-15138532	NC_003074.8	87.962	731	65	11	147	868	19622608	19623324	0.0	841
NC_003076.8:15137634-15138532	NC_003074.8	83.165	790	101	22	4	780	14319894	14320664	0.0	693
NC_003076.8:15137634-15138532	NC_003074.8	86.971	591	58	11	1	578	12814570	12813986	0.0	647
NC_003076.8:15137634-15138532	NC_003074.8	83.212	548	69	14	322	856	12354393	12353856	1.41e-134	481
NC_003076.8:15137634-15138532	NC_003074.8	91.613	155	12	1	716	869	15026911	15026757	5.67e-54	213
NC_003076.8:15137634-15138532	NC_003074.8	81.183	186	24	4	404	578	12814079	12813894	9.76e-32	139
NC_003076.8:15137634-15138532	NC_003071.7	83.700	681	88	12	227	893	9311167	9310496	7.95e-177	621
NC_003076.8:15137634-15138532	NC_003071.7	79.090	923	123	41	3	898	17905249	17904370	8.12e-162	571
NC_003076.8:15137634-15138532	NC_003071.7	83.333	564	76	9	346	899	11503679	11503124	8.35e-142	505
NC_003076.8:15137634-15138532	NC_003071.7	80.109	734	97	26	177	898	7178286	7177590	1.08e-140	501
NC_003076.8:15137634-15138532	NC_003071.7	90.037	271	25	2	623	893	1862730	1862462	4.14e-95	350
NC_003076.8:17365020-17367123	NC_003076.8	100.000	2104	0	0	1	2104	17365020	17367123	0.0	3886
NC_003076.8:17365020-17367123	NC_003076.8	94.529	2102	105	10	6	2104	8765709	8767803	0.0	3236
NC_003076.8:17365020-17367123	NC_003076.8	94.479	2101	104	10	6	2104	20682406	20680316	0.0	3227
NC_003076.8:17365020-17367123	NC_003076.8	94.034	2112	106	10	7	2104	5430061	5427956	0.0	3184
NC_003076.8:17365020-17367123	NC_003076.8	93.925	2107	116	8	6	2104	19742617	19740515	0.0	3171
NC_003076.8:17365020-17367123	NC_003076.8	93.960	2086	109	13	21	2102	24187899	24185827	0.0	3138
NC_003076.8:17365020-17367123	NC_003076.8	93.771	2103	95	12	6	2104	9965017	9962947	0.0	3125
NC_003076.8:17365020-17367123	NC_003076.8	93.501	2108	105	14	2	2104	8746705	8744625	0.0	3105
NC_003076.8:17365020-17367123	NC_003076.8	92.963	2089	108	17	23	2104	17775746	17777802	0.0	3007
NC_003076.8:17365020-17367123	NC_003076.8	93.932	1994	106	9	5	1995	14151295	14149314	0.0	2998
NC_003076.8:17365020-17367123	NC_003076.8	92.607	2110	114	17	2	2104	16356470	16358544	0.0	2994
NC_003076.8:17365020-17367123	NC_003076.8	92.421	2111	121	16	1	2104	14082841	14080763	0.0	2976
NC_003076.8:17365020-17367123	NC_003076.8	92.297	2103	127	20	5	2104	1898646	1896576	0.0	2953
NC_003076.8:17365020-17367123	NC_003076.8	93.777	1366	54	10	6	1368	20281984	20280647	0.0	2023
NC_003076.8:17365020-17367123	NC_003076.8	93.553	1365	59	8	6	1368	9590410	9591747	0.0	2006
NC_003076.8:17365020-17367123	NC_003076.8	94.275	1275	48	11	2	1274	4782233	4780982	0.0	1927
NC_003076.8:17365020-17367123	NC_003076.8	91.304	1357	65	21	6	1343	9559507	9558185	0.0	1803
NC_003076.8:17365020-17367123	NC_003076.8	93.355	1204	53	10	145	1345	4312671	4313850	0.0	1755
NC_003076.8:17365020-17367123	NC_003076.8	93.608	1189	52	8	6	1188	11025336	11026506	0.0	1753
NC_003076.8:17365020-17367123	NC_003076.8	94.221	1142	60	5	964	2104	15043270	15042134	0.0	1738
NC_003076.8:17365020-17367123	NC_003076.8	94.703	1095	38	3	57	1150	17618634	17617559	0.0	1683
NC_003076.8:17365020-17367123	NC_003076.8	92.919	1158	62	10	964	2104	22232106	22230952	0.0	1666
NC_003076.8:17365020-17367123	NC_003076.8	92.845	1146	74	8	964	2104	24476433	24475291	0.0	1655
NC_003076.8:17365020-17367123	NC_003076.8	93.298	1134	46	8	6	1137	15606601	15605496	0.0	1646
NC_003076.8:17365020-17367123	NC_003076.8	93.165	1112	68	6	964	2069	5977895	5976786	0.0	1626
NC_003076.8:17365020-17367123	NC_003076.8	91.522	1156	79	12	964	2104	8354352	8353201	0.0	1574
NC_003076.8:17365020-17367123	NC_003076.8	94.171	995	52	5	1083	2075	18854899	18855889	0.0	1511
NC_003076.8:17365020-17367123	NC_003076.8	92.485	998	69	5	1108	2104	4313874	4314866	0.0	1423
NC_003076.8:17365020-17367123	NC_003076.8	93.635	927	54	4	1179	2104	11026974	11027896	0.0	1380
NC_003076.8:17365020-17367123	NC_003076.8	96.200	842	29	3	6	846	21530089	21530928	0.0	1375
NC_003076.8:17365020-17367123	NC_003076.8	92.710	974	34	9	2	957	18853948	18854902	0.0	1371
NC_003076.8:17365020-17367123	NC_003076.8	90.000	1020	61	10	1086	2104	21530929	21531908	0.0	1280
NC_003076.8:17365020-17367123	NC_003076.8	91.574	902	44	16	964	1862	10714580	10715452	0.0	1216
NC_003076.8:17365020-17367123	NC_003076.8	89.540	956	68	23	6	945	9612591	9613530	0.0	1182
NC_003076.8:17365020-17367123	NC_003076.8	93.000	800	53	3	1306	2104	15605466	15604669	0.0	1164
NC_003076.8:17365020-17367123	NC_003076.8	93.005	772	51	3	1336	2104	4780981	4780210	0.0	1123
NC_003076.8:17365020-17367123	NC_003076.8	93.759	721	36	8	238	956	8683116	8683829	0.0	1074
NC_003076.8:17365020-17367123	NC_003076.8	93.204	721	41	7	238	956	7711268	7711982	0.0	1053
NC_003076.8:17365020-17367123	NC_003076.8	93.315	718	41	7	238	954	14761047	14760336	0.0	1053
NC_003076.8:17365020-17367123	NC_003076.8	91.911	717	48	9	246	959	15342555	15341846	0.0	994
NC_003076.8:17365020-17367123	NC_003076.8	94.099	644	35	3	6	647	7154439	7153797	0.0	976
NC_003076.8:17365020-17367123	NC_003076.8	91.185	726	53	10	238	959	13918660	13917942	0.0	976
NC_003076.8:17365020-17367123	NC_003076.8	90.858	711	45	11	252	956	354275	354971	0.0	935
NC_003076.8:17365020-17367123	NC_003076.8	92.736	647	41	6	238	883	5129699	5129058	0.0	929
NC_003076.8:17365020-17367123	NC_003076.8	92.736	647	42	5	238	883	19931422	19930780	0.0	929
NC_003076.8:17365020-17367123	NC_003076.8	93.919	592	34	2	1515	2104	7153775	7153184	0.0	893
NC_003076.8:17365020-17367123	NC_003076.8	92.259	633	37	11	328	956	19670974	19671598	0.0	887
NC_003076.8:17365020-17367123	NC_003076.8	93.167	600	39	2	1506	2104	25905017	25905615	0.0	880
NC_003076.8:17365020-17367123	NC_003076.8	94.203	552	29	3	966	1517	15577265	15576717	0.0	839
NC_003076.8:17365020-17367123	NC_003076.8	93.659	552	33	2	966	1517	21776872	21776323	0.0	824
NC_003076.8:17365020-17367123	NC_003076.8	91.820	489	39	1	1616	2104	15576667	15576180	0.0	680
NC_003076.8:17365020-17367123	NC_003076.8	91.837	490	36	4	1616	2104	21776273	21775787	0.0	680
NC_003076.8:17365020-17367123	NC_003076.8	93.548	403	20	6	1705	2104	17796537	17796138	1.15e-168	595
NC_003076.8:17365020-17367123	NC_003076.8	90.950	442	32	4	1664	2104	9134290	9134724	1.92e-166	588
NC_003076.8:17365020-17367123	NC_003076.8	91.190	420	36	1	1686	2104	21584595	21584176	6.95e-161	569
NC_003076.8:17365020-17367123	NC_003076.8	91.899	358	25	4	6	362	4312436	4312790	3.33e-139	497
NC_003076.8:17365020-17367123	NC_003076.8	94.098	305	15	3	1315	1618	9592102	9592404	4.36e-128	460
NC_003076.8:17365020-17367123	NC_003076.8	93.506	308	18	2	638	945	3019829	3019524	5.64e-127	457
NC_003076.8:17365020-17367123	NC_003076.8	90.988	344	24	7	238	578	25264647	25264986	5.64e-127	457
NC_003076.8:17365020-17367123	NC_003076.8	93.092	304	19	2	1315	1618	17617546	17617245	4.39e-123	444
NC_003076.8:17365020-17367123	NC_003076.8	92.810	306	17	4	1315	1618	20280291	20279989	2.04e-121	438
NC_003076.8:17365020-17367123	NC_003076.8	93.863	277	16	1	680	956	20398316	20398591	9.58e-115	416
NC_003076.8:17365020-17367123	NC_003076.8	93.701	254	14	2	6	259	17796785	17796534	1.26e-103	379
NC_003076.8:17365020-17367123	NC_003076.8	90.385	260	20	5	6	262	17955555	17955812	7.67e-91	337
NC_003076.8:17365020-17367123	NC_003076.8	90.385	260	20	5	6	262	19931558	19931301	7.67e-91	337
NC_003076.8:17365020-17367123	NC_003076.8	93.043	230	13	3	238	466	3020059	3019832	9.92e-90	333
NC_003076.8:17365020-17367123	NC_003076.8	89.615	260	23	4	6	262	3020196	3019938	4.62e-88	327
NC_003076.8:17365020-17367123	NC_003076.8	89.272	261	24	4	5	262	25264510	25264769	5.97e-87	324
NC_003076.8:17365020-17367123	NC_003076.8	89.272	261	23	5	5	262	14761184	14760926	2.15e-86	322
NC_003076.8:17365020-17367123	NC_003076.8	87.739	261	23	6	6	262	15342696	15342441	1.30e-78	296
NC_003076.8:17365020-17367123	NC_003076.8	95.109	184	8	1	964	1147	20280489	20280307	2.18e-76	289
NC_003076.8:17365020-17367123	NC_003076.8	93.684	190	10	2	964	1153	9134111	9134298	1.01e-74	283
NC_003076.8:17365020-17367123	NC_003076.8	94.536	183	9	1	964	1146	9591905	9592086	3.65e-74	281
NC_003076.8:17365020-17367123	NC_003076.8	86.923	260	23	5	6	262	13918790	13918539	3.65e-74	281
NC_003076.8:17365020-17367123	NC_003076.8	91.005	189	12	5	1	187	19670795	19670980	1.03e-64	250
NC_003076.8:17365020-17367123	NC_003076.8	85.542	249	17	7	6	252	354140	354371	1.72e-62	243
NC_003076.8:17365020-17367123	NC_003076.8	93.182	132	6	2	238	369	17955692	17955820	6.32e-47	191
NC_003076.8:17365020-17367123	NC_003076.8	92.683	123	9	0	964	1086	25904890	25905012	4.92e-43	178
NC_003076.8:17365020-17367123	NC_003076.8	93.000	100	6	1	6	105	20398218	20398316	4.99e-33	145
NC_003076.8:17365020-17367123	NC_003076.8	93.827	81	5	0	6	86	15043428	15043348	2.34e-26	122
NC_003076.8:17365020-17367123	NC_003076.8	92.857	84	5	1	4	86	5978055	5977972	8.41e-26	121
NC_003076.8:17365020-17367123	NC_003076.8	92.593	81	5	1	7	86	20280646	20280566	3.91e-24	115
NC_003076.8:17365020-17367123	NC_003076.8	91.566	83	4	3	6	86	9133953	9134034	5.06e-23	111
NC_003076.8:17365020-17367123	NC_003076.8	91.358	81	6	1	7	86	9591748	9591828	1.82e-22	110
NC_003076.8:17365020-17367123	NC_003076.8	90.244	82	7	1	6	86	13982135	13982216	2.36e-21	106
NC_003076.8:17365020-17367123	NC_003076.8	90.244	82	7	1	6	86	24476591	24476510	2.36e-21	106
NC_003076.8:17365020-17367123	NC_003076.8	95.312	64	3	0	6	69	10714424	10714487	3.05e-20	102
NC_003076.8:17365020-17367123	NC_003076.8	100.000	54	0	0	1545	1598	15576716	15576663	1.10e-19	100
NC_003076.8:17365020-17367123	NC_003076.8	96.296	54	2	0	1545	1598	21776322	21776269	2.37e-16	89.8
NC_003076.8:17365020-17367123	NC_003071.7	97.098	2102	57	4	6	2104	12800994	12803094	0.0	3541
NC_003076.8:17365020-17367123	NC_003071.7	94.053	2102	111	11	6	2104	13266915	13269005	0.0	3177
NC_003076.8:17365020-17367123	NC_003071.7	93.866	2103	109	9	6	2104	6925377	6923291	0.0	3151
NC_003076.8:17365020-17367123	NC_003071.7	93.394	2104	108	16	5	2104	499984	502060	0.0	3086
NC_003076.8:17365020-17367123	NC_003071.7	92.708	2112	114	13	2	2104	17255238	17253158	0.0	3011
NC_003076.8:17365020-17367123	NC_003071.7	92.721	2102	101	14	5	2102	13908722	13906669	0.0	2987
NC_003076.8:17365020-17367123	NC_003071.7	92.278	2072	111	14	3	2070	12094428	12092402	0.0	2894
NC_003076.8:17365020-17367123	NC_003071.7	92.904	2001	103	15	109	2104	396551	394585	0.0	2872
NC_003076.8:17365020-17367123	NC_003071.7	92.547	1932	83	17	6	1908	11287161	11285262	0.0	2713
NC_003076.8:17365020-17367123	NC_003071.7	92.893	1407	65	13	5	1408	13338078	13336704	0.0	2012
NC_003076.8:17365020-17367123	NC_003071.7	91.464	1441	75	17	6	1440	707442	708840	0.0	1936
NC_003076.8:17365020-17367123	NC_003071.7	92.038	1143	79	7	964	2104	7814534	7813402	0.0	1596
NC_003076.8:17365020-17367123	NC_003071.7	91.689	1143	88	7	964	2104	7169367	7168230	0.0	1578
NC_003076.8:17365020-17367123	NC_003071.7	93.619	1050	48	2	6	1054	7154736	7153705	0.0	1550
NC_003076.8:17365020-17367123	NC_003071.7	93.314	1047	62	7	1061	2104	6663080	6664121	0.0	1539
NC_003076.8:17365020-17367123	NC_003071.7	92.346	1006	56	8	1105	2104	543175	544165	0.0	1411
NC_003076.8:17365020-17367123	NC_003071.7	93.132	961	62	4	1131	2091	6803425	6804381	0.0	1406
NC_003076.8:17365020-17367123	NC_003071.7	92.497	973	57	11	1107	2078	14334657	14335614	0.0	1378
NC_003076.8:17365020-17367123	NC_003071.7	94.331	882	42	8	6	882	14333785	14334663	0.0	1345
NC_003076.8:17365020-17367123	NC_003071.7	93.552	884	52	5	1223	2104	13336704	13335824	0.0	1312
NC_003076.8:17365020-17367123	NC_003071.7	94.346	849	39	8	2	846	542304	543147	0.0	1293
NC_003076.8:17365020-17367123	NC_003071.7	91.954	870	56	7	1243	2104	7960699	7961562	0.0	1206
NC_003076.8:17365020-17367123	NC_003071.7	93.434	792	47	4	1315	2104	7112140	7112928	0.0	1170
NC_003076.8:17365020-17367123	NC_003071.7	93.056	792	50	4	1315	2104	6101020	6100232	0.0	1153
NC_003076.8:17365020-17367123	NC_003071.7	93.914	723	38	6	238	959	12556070	12555353	0.0	1086
NC_003076.8:17365020-17367123	NC_003071.7	93.185	719	41	8	238	954	1460789	1460077	0.0	1050
NC_003076.8:17365020-17367123	NC_003071.7	93.089	709	43	6	252	959	5466870	5466167	0.0	1033
NC_003076.8:17365020-17367123	NC_003071.7	93.768	690	36	7	247	934	10468943	10468259	0.0	1029
NC_003076.8:17365020-17367123	NC_003071.7	91.598	726	55	5	1381	2104	3213046	3212325	0.0	998
NC_003076.8:17365020-17367123	NC_003071.7	93.192	661	39	5	1431	2088	709400	710057	0.0	966
NC_003076.8:17365020-17367123	NC_003071.7	93.045	647	40	5	238	883	19196621	19195979	0.0	941
NC_003076.8:17365020-17367123	NC_003071.7	93.403	576	30	7	238	812	6099664	6100232	0.0	846
NC_003076.8:17365020-17367123	NC_003071.7	89.193	657	33	15	237	891	11399241	11398621	0.0	785
NC_003076.8:17365020-17367123	NC_003071.7	93.668	458	26	3	1506	1961	3564666	3565122	0.0	682
NC_003076.8:17365020-17367123	NC_003071.7	94.408	304	15	2	1315	1618	4024558	4024859	9.38e-130	466
NC_003076.8:17365020-17367123	NC_003071.7	93.770	305	16	3	1315	1618	980261	979959	2.03e-126	455
NC_003076.8:17365020-17367123	NC_003071.7	91.925	322	24	2	638	959	6383692	6383373	9.45e-125	449
NC_003076.8:17365020-17367123	NC_003071.7	92.549	255	19	0	1820	2074	3565124	3565378	9.79e-100	366
NC_003076.8:17365020-17367123	NC_003071.7	89.643	280	29	0	1825	2104	2962573	2962294	5.89e-97	357
NC_003076.8:17365020-17367123	NC_003071.7	92.460	252	14	4	238	487	5843838	5843590	2.12e-96	355
NC_003076.8:17365020-17367123	NC_003071.7	93.033	244	15	2	964	1207	7959949	7960190	2.12e-96	355
NC_003076.8:17365020-17367123	NC_003071.7	90.421	261	18	6	5	262	6099529	6099785	7.67e-91	337
NC_003076.8:17365020-17367123	NC_003071.7	90.347	259	22	3	6	262	11399377	11399120	7.67e-91	337
NC_003076.8:17365020-17367123	NC_003071.7	90.385	260	20	5	6	262	19196757	19196500	7.67e-91	337
NC_003076.8:17365020-17367123	NC_003071.7	89.695	262	23	4	4	262	6084088	6084348	3.57e-89	331
NC_003076.8:17365020-17367123	NC_003071.7	89.615	260	22	5	5	261	1460926	1460669	1.66e-87	326
NC_003076.8:17365020-17367123	NC_003071.7	92.857	224	14	2	244	466	6383917	6383695	5.97e-87	324
NC_003076.8:17365020-17367123	NC_003071.7	89.919	248	18	6	18	262	5843961	5843718	1.29e-83	313
NC_003076.8:17365020-17367123	NC_003071.7	87.645	259	23	5	6	261	6384054	6383802	1.68e-77	292
NC_003076.8:17365020-17367123	NC_003071.7	95.135	185	8	1	964	1148	7111941	7112124	6.06e-77	291
NC_003076.8:17365020-17367123	NC_003071.7	94.180	189	9	2	964	1152	4024359	4024545	7.84e-76	287
NC_003076.8:17365020-17367123	NC_003071.7	93.478	184	11	1	964	1147	980459	980277	2.19e-71	272
NC_003076.8:17365020-17367123	NC_003071.7	92.973	185	11	2	969	1153	6101214	6101032	2.84e-70	268
NC_003076.8:17365020-17367123	NC_003071.7	84.231	260	21	12	6	262	5467004	5466762	2.88e-60	235
NC_003076.8:17365020-17367123	NC_003071.7	94.079	152	7	2	238	389	6084227	6084376	1.34e-58	230
NC_003076.8:17365020-17367123	NC_003071.7	92.500	160	9	3	799	956	6101360	6101518	1.73e-57	226
NC_003076.8:17365020-17367123	NC_003071.7	91.964	112	9	0	964	1075	3564539	3564650	6.41e-37	158
NC_003076.8:17365020-17367123	NC_003071.7	92.035	113	8	1	7	119	6101375	6101264	6.41e-37	158
NC_003076.8:17365020-17367123	NC_003071.7	93.333	105	7	0	964	1068	3213196	3213092	2.31e-36	156
NC_003076.8:17365020-17367123	NC_003071.7	91.743	109	9	0	964	1072	6661119	6661227	2.98e-35	152
NC_003076.8:17365020-17367123	NC_003071.7	93.902	82	3	2	6	86	2962805	2962725	2.34e-26	122
NC_003076.8:17365020-17367123	NC_003071.7	88.235	102	11	1	6	107	7814691	7814591	8.41e-26	121
NC_003076.8:17365020-17367123	NC_003071.7	92.771	83	5	1	5	86	3213355	3213273	3.03e-25	119
NC_003076.8:17365020-17367123	NC_003071.7	92.771	83	4	2	5	86	7111783	7111864	3.03e-25	119
NC_003076.8:17365020-17367123	NC_003071.7	93.750	80	3	2	4	82	7169526	7169448	3.03e-25	119
NC_003076.8:17365020-17367123	NC_003071.7	94.521	73	4	0	964	1036	2962647	2962575	1.41e-23	113
NC_003076.8:17365020-17367123	NC_003071.7	90.000	90	6	3	2	90	3564377	3564464	1.41e-23	113
NC_003076.8:17365020-17367123	NC_003071.7	98.438	64	1	0	6	69	4024201	4024264	1.41e-23	113
NC_003076.8:17365020-17367123	NC_003071.7	90.361	83	7	1	5	86	980618	980536	6.55e-22	108
NC_003076.8:17365020-17367123	NC_003071.7	94.118	68	4	0	31	98	12555280	12555213	8.47e-21	104
NC_003076.8:17365020-17367123	NC_003070.9	95.952	2100	64	7	6	2104	17899863	17901942	0.0	3387
NC_003076.8:17365020-17367123	NC_003070.9	95.522	2099	62	9	6	2102	9867414	9865346	0.0	3326
NC_003076.8:17365020-17367123	NC_003070.9	94.447	2107	104	11	5	2104	7035190	7037290	0.0	3230
NC_003076.8:17365020-17367123	NC_003070.9	93.869	2104	106	16	6	2104	26171480	26169395	0.0	3149
NC_003076.8:17365020-17367123	NC_003070.9	93.622	2101	105	12	6	2104	13058823	13060896	0.0	3110
NC_003076.8:17365020-17367123	NC_003070.9	93.756	2082	95	13	6	2082	8114770	8116821	0.0	3092
NC_003076.8:17365020-17367123	NC_003070.9	93.143	2100	108	5	6	2104	9816210	9818274	0.0	3048
NC_003076.8:17365020-17367123	NC_003070.9	92.898	2112	102	17	5	2104	22449930	22452005	0.0	3025
NC_003076.8:17365020-17367123	NC_003070.9	92.209	2105	118	19	6	2104	16903800	16905864	0.0	2937
NC_003076.8:17365020-17367123	NC_003070.9	92.253	2104	108	16	6	2104	19995734	19993681	0.0	2931
NC_003076.8:17365020-17367123	NC_003070.9	94.379	1868	91	13	19	1882	30255510	30253653	0.0	2856
NC_003076.8:17365020-17367123	NC_003070.9	92.752	1766	79	17	343	2104	13017571	13015851	0.0	2507
NC_003076.8:17365020-17367123	NC_003070.9	91.349	1861	92	24	6	1846	11737393	11735582	0.0	2481
NC_003076.8:17365020-17367123	NC_003070.9	94.126	1413	66	8	694	2104	15939781	15941178	0.0	2134
NC_003076.8:17365020-17367123	NC_003070.9	91.263	1591	84	15	519	2104	18791324	18792864	0.0	2117
NC_003076.8:17365020-17367123	NC_003070.9	94.234	1370	52	6	1	1368	30253112	30251768	0.0	2067
NC_003076.8:17365020-17367123	NC_003070.9	93.800	1371	54	10	2	1368	12330058	12328715	0.0	2032
NC_003076.8:17365020-17367123	NC_003070.9	92.276	1450	69	15	6	1453	501372	499964	0.0	2017
NC_003076.8:17365020-17367123	NC_003070.9	93.270	1367	60	11	6	1368	22994060	22992722	0.0	1986
NC_003076.8:17365020-17367123	NC_003070.9	94.243	1268	61	7	10	1276	19329256	19328000	0.0	1927
NC_003076.8:17365020-17367123	NC_003070.9	93.229	1152	61	8	957	2104	11700589	11701727	0.0	1679
NC_003076.8:17365020-17367123	NC_003070.9	92.801	1139	71	7	966	2104	3413713	3414840	0.0	1639
NC_003076.8:17365020-17367123	NC_003070.9	91.681	1142	81	8	964	2104	28161194	28162322	0.0	1570
NC_003076.8:17365020-17367123	NC_003070.9	93.162	1053	65	7	1056	2104	19769039	19767990	0.0	1539
NC_003076.8:17365020-17367123	NC_003070.9	92.921	1003	66	4	1104	2104	4786256	4787255	0.0	1454
NC_003076.8:17365020-17367123	NC_003070.9	93.769	979	40	4	5	981	19061964	19062923	0.0	1450
NC_003076.8:17365020-17367123	NC_003070.9	94.720	928	28	7	4	930	11699696	11700603	0.0	1423
NC_003076.8:17365020-17367123	NC_003070.9	92.477	997	59	4	1110	2104	16825388	16826370	0.0	1411
NC_003076.8:17365020-17367123	NC_003070.9	92.262	1008	55	8	1105	2104	16326311	16327303	0.0	1408
NC_003076.8:17365020-17367123	NC_003070.9	92.470	996	57	5	1113	2104	19466071	19465090	0.0	1408
NC_003076.8:17365020-17367123	NC_003070.9	92.377	997	56	8	1110	2104	12563207	12562229	0.0	1402
NC_003076.8:17365020-17367123	NC_003070.9	92.184	998	61	5	1110	2104	12365009	12365992	0.0	1395
NC_003076.8:17365020-17367123	NC_003070.9	91.940	1005	59	7	1105	2104	23214532	23215519	0.0	1387
NC_003076.8:17365020-17367123	NC_003070.9	95.962	842	26	5	6	846	16824518	16825352	0.0	1360
NC_003076.8:17365020-17367123	NC_003070.9	95.740	845	32	4	3	846	12364132	12364973	0.0	1358
NC_003076.8:17365020-17367123	NC_003070.9	95.385	845	29	9	6	846	23213666	23214504	0.0	1336
NC_003076.8:17365020-17367123	NC_003070.9	95.272	846	30	9	6	846	19466949	19466109	0.0	1332
NC_003076.8:17365020-17367123	NC_003070.9	94.556	845	37	8	6	846	16325444	16326283	0.0	1297
NC_003076.8:17365020-17367123	NC_003070.9	94.418	842	43	4	6	846	12564081	12563243	0.0	1291
NC_003076.8:17365020-17367123	NC_003070.9	90.389	978	72	15	1	963	16806984	16807954	0.0	1266
NC_003076.8:17365020-17367123	NC_003070.9	92.644	870	35	12	270	1137	19062922	19063764	0.0	1225
NC_003076.8:17365020-17367123	NC_003070.9	93.932	791	43	5	1315	2104	23876482	23877268	0.0	1190
NC_003076.8:17365020-17367123	NC_003070.9	93.500	800	50	2	1306	2104	19063794	19064592	0.0	1188
NC_003076.8:17365020-17367123	NC_003070.9	94.875	761	34	4	964	1723	16998385	16997629	0.0	1184
NC_003076.8:17365020-17367123	NC_003070.9	94.357	762	38	4	964	1723	12876772	12876014	0.0	1164
NC_003076.8:17365020-17367123	NC_003070.9	92.029	828	31	5	6	832	4785461	4786254	0.0	1131
NC_003076.8:17365020-17367123	NC_003070.9	93.247	770	44	8	1337	2104	19328000	19327237	0.0	1127
NC_003076.8:17365020-17367123	NC_003070.9	87.346	972	75	25	6	963	13262203	13261266	0.0	1070
NC_003076.8:17365020-17367123	NC_003070.9	93.094	724	43	7	238	959	1977029	1976311	0.0	1053
NC_003076.8:17365020-17367123	NC_003070.9	93.983	698	35	7	238	934	17552862	17552171	0.0	1050
NC_003076.8:17365020-17367123	NC_003070.9	92.680	724	43	10	238	959	14299707	14298992	0.0	1035
NC_003076.8:17365020-17367123	NC_003070.9	89.164	849	67	18	2	836	16806146	16806983	0.0	1035
NC_003076.8:17365020-17367123	NC_003070.9	92.680	724	43	10	238	959	29320594	29319879	0.0	1035
NC_003076.8:17365020-17367123	NC_003070.9	93.372	694	40	6	252	944	19085234	19085922	0.0	1022
NC_003076.8:17365020-17367123	NC_003070.9	92.233	721	47	9	238	956	6736001	6736714	0.0	1013
NC_003076.8:17365020-17367123	NC_003070.9	93.084	694	40	7	252	944	19173667	19172981	0.0	1009
NC_003076.8:17365020-17367123	NC_003070.9	92.116	723	43	14	238	956	17366	18078	0.0	1007
NC_003076.8:17365020-17367123	NC_003070.9	91.586	725	50	11	238	959	3074587	3073871	0.0	990
NC_003076.8:17365020-17367123	NC_003070.9	91.773	705	50	8	252	954	8291436	8290738	0.0	974
NC_003076.8:17365020-17367123	NC_003070.9	91.690	710	43	11	252	959	12855858	12855163	0.0	970
NC_003076.8:17365020-17367123	NC_003070.9	93.199	647	39	5	238	883	2235031	2234389	0.0	946
NC_003076.8:17365020-17367123	NC_003070.9	89.052	749	44	20	238	954	18746912	18746170	0.0	894
NC_003076.8:17365020-17367123	NC_003070.9	91.446	643	46	2	1470	2104	14309405	14308764	0.0	874
NC_003076.8:17365020-17367123	NC_003070.9	92.809	598	31	7	1509	2104	499960	499373	0.0	856
NC_003076.8:17365020-17367123	NC_003070.9	93.506	539	32	3	1568	2104	8489951	8489414	0.0	798
NC_003076.8:17365020-17367123	NC_003070.9	91.682	541	40	5	1568	2104	25963004	25962465	0.0	745
NC_003076.8:17365020-17367123	NC_003070.9	94.589	462	24	1	5	465	15939322	15939783	0.0	713
NC_003076.8:17365020-17367123	NC_003070.9	93.432	472	29	2	3	473	22622308	22621838	0.0	699
NC_003076.8:17365020-17367123	NC_003070.9	91.031	524	33	4	1582	2104	18790338	18790848	0.0	695
NC_003076.8:17365020-17367123	NC_003070.9	92.553	470	25	6	901	1368	22621842	22621381	0.0	665
NC_003076.8:17365020-17367123	NC_003070.9	94.828	406	20	1	6	411	18790927	18791331	8.74e-180	632
NC_003076.8:17365020-17367123	NC_003070.9	92.823	418	26	4	539	956	23174140	23174553	6.85e-171	603
NC_003076.8:17365020-17367123	NC_003070.9	93.284	402	23	4	1705	2104	23554190	23553791	5.33e-167	590
NC_003076.8:17365020-17367123	NC_003070.9	94.426	305	14	3	1315	1618	22992366	22992064	9.38e-130	466
NC_003076.8:17365020-17367123	NC_003070.9	93.137	306	17	4	1315	1618	22621025	22620722	1.22e-123	446
NC_003076.8:17365020-17367123	NC_003070.9	92.787	305	19	3	1315	1618	30251412	30251110	2.04e-121	438
NC_003076.8:17365020-17367123	NC_003070.9	92.484	306	17	5	1315	1618	12328360	12328059	9.51e-120	433
NC_003076.8:17365020-17367123	NC_003070.9	94.531	256	13	1	4	259	23554441	23554187	4.49e-108	394
NC_003076.8:17365020-17367123	NC_003070.9	94.141	256	14	1	6	261	25963257	25963003	2.09e-106	388
NC_003076.8:17365020-17367123	NC_003070.9	94.215	242	12	2	6	247	3910601	3910362	2.72e-100	368
NC_003076.8:17365020-17367123	NC_003070.9	90.943	265	19	5	1	262	17553003	17552741	2.74e-95	351
NC_003076.8:17365020-17367123	NC_003070.9	90.494	263	18	7	2	262	14299846	14299589	5.93e-92	340
NC_003076.8:17365020-17367123	NC_003070.9	90.421	261	20	5	5	262	2235168	2234910	2.13e-91	339
NC_003076.8:17365020-17367123	NC_003070.9	90.625	256	13	4	6	261	8490194	8489950	1.28e-88	329
NC_003076.8:17365020-17367123	NC_003070.9	89.883	257	21	5	9	262	18747045	18746791	1.66e-87	326
NC_003076.8:17365020-17367123	NC_003070.9	92.760	221	16	0	1884	2104	30253362	30253142	7.73e-86	320
NC_003076.8:17365020-17367123	NC_003070.9	89.600	250	23	3	5	252	17008	17256	3.59e-84	315
NC_003076.8:17365020-17367123	NC_003070.9	88.353	249	26	3	6	252	3074944	3074697	1.30e-78	296
NC_003076.8:17365020-17367123	NC_003070.9	95.109	184	8	1	964	1147	22992564	22992382	2.18e-76	289
NC_003076.8:17365020-17367123	NC_003070.9	94.652	187	9	1	964	1150	30251610	30251425	2.18e-76	289
NC_003076.8:17365020-17367123	NC_003070.9	94.565	184	9	1	964	1147	12328558	12328376	1.01e-74	283
NC_003076.8:17365020-17367123	NC_003070.9	88.462	234	22	5	33	262	17255	17487	4.72e-73	278
NC_003076.8:17365020-17367123	NC_003070.9	94.022	184	10	1	964	1147	22621223	22621041	4.72e-73	278
NC_003076.8:17365020-17367123	NC_003070.9	85.769	260	18	8	6	262	19085099	19085342	6.14e-67	257
NC_003076.8:17365020-17367123	NC_003070.9	85.328	259	18	8	6	262	12855993	12855753	1.03e-64	250
NC_003076.8:17365020-17367123	NC_003070.9	84.528	265	19	9	2	262	19173807	19173561	1.72e-62	243
NC_003076.8:17365020-17367123	NC_003070.9	83.650	263	24	8	3	262	8291574	8291328	1.34e-58	230
NC_003076.8:17365020-17367123	NC_003070.9	94.783	115	4	2	238	352	17146	17258	4.92e-43	178
NC_003076.8:17365020-17367123	NC_003070.9	93.913	115	5	2	238	352	3074807	3074695	2.29e-41	172
NC_003076.8:17365020-17367123	NC_003070.9	88.136	118	11	3	245	362	16806285	16806399	8.35e-31	137
NC_003076.8:17365020-17367123	NC_003070.9	91.860	86	4	3	3	86	12876931	12876847	1.09e-24	117
NC_003076.8:17365020-17367123	NC_003070.9	92.593	81	5	1	7	86	30251767	30251687	3.91e-24	115
NC_003076.8:17365020-17367123	NC_003070.9	91.463	82	6	1	6	86	18790103	18790184	5.06e-23	111
NC_003076.8:17365020-17367123	NC_003070.9	92.308	78	6	0	9	86	22621378	22621301	5.06e-23	111
NC_003076.8:17365020-17367123	NC_003070.9	91.358	81	5	2	7	86	12328714	12328635	1.82e-22	110
NC_003076.8:17365020-17367123	NC_003070.9	91.358	81	6	1	7	86	22992721	22992641	1.82e-22	110
NC_003076.8:17365020-17367123	NC_003070.9	88.889	90	5	5	1	86	3413546	3413634	2.36e-21	106
NC_003076.8:17365020-17367123	NC_003070.9	90.244	82	7	1	6	86	16998955	16998874	2.36e-21	106
NC_003076.8:17365020-17367123	NC_003070.9	86.364	88	7	4	6	89	19724755	19724841	6.60e-17	91.6
NC_003076.8:17365020-17367123	NC_003074.8	94.830	2089	91	17	6	2082	10821446	10819363	0.0	3243
NC_003076.8:17365020-17367123	NC_003074.8	93.311	2108	107	10	1	2104	17277820	17275743	0.0	3081
NC_003076.8:17365020-17367123	NC_003074.8	93.295	2088	109	13	4	2088	15937284	15939343	0.0	3051
NC_003076.8:17365020-17367123	NC_003074.8	91.912	2102	114	18	6	2104	20786399	20788447	0.0	2889
NC_003076.8:17365020-17367123	NC_003074.8	91.500	2106	113	21	5	2104	22118612	22120657	0.0	2837
NC_003076.8:17365020-17367123	NC_003074.8	91.309	2094	106	18	5	2081	11535843	11537877	0.0	2789
NC_003076.8:17365020-17367123	NC_003074.8	90.733	2115	109	32	6	2104	17144490	17142447	0.0	2739
NC_003076.8:17365020-17367123	NC_003074.8	90.955	1592	86	17	518	2104	16562049	16563587	0.0	2089
NC_003076.8:17365020-17367123	NC_003074.8	93.924	1366	53	10	6	1368	17301278	17299940	0.0	2036
NC_003076.8:17365020-17367123	NC_003074.8	91.846	1484	72	14	6	1487	5745923	5744487	0.0	2025
NC_003076.8:17365020-17367123	NC_003074.8	90.688	1396	73	23	711	2104	15452795	15451455	0.0	1805
NC_003076.8:17365020-17367123	NC_003074.8	92.813	1141	72	6	964	2102	17730098	17731230	0.0	1644
NC_003076.8:17365020-17367123	NC_003074.8	92.402	1145	76	7	964	2104	17776928	17778065	0.0	1622
NC_003076.8:17365020-17367123	NC_003074.8	91.849	1141	71	6	964	2104	9767475	9766357	0.0	1572
NC_003076.8:17365020-17367123	NC_003074.8	91.394	1162	66	19	964	2102	16419302	16420452	0.0	1561
NC_003076.8:17365020-17367123	NC_003074.8	92.582	1011	54	8	1098	2104	16451587	16452580	0.0	1432
NC_003076.8:17365020-17367123	NC_003074.8	92.277	997	61	4	1110	2104	17062368	17061386	0.0	1400
NC_003076.8:17365020-17367123	NC_003074.8	91.483	998	56	7	1110	2104	7995800	7994829	0.0	1345
NC_003076.8:17365020-17367123	NC_003074.8	92.324	938	49	10	964	1896	11503603	11502684	0.0	1312
NC_003076.8:17365020-17367123	NC_003074.8	94.062	842	33	6	6	846	17063229	17062404	0.0	1262
NC_003076.8:17365020-17367123	NC_003074.8	93.004	829	37	4	5	832	16450785	16451593	0.0	1190
NC_003076.8:17365020-17367123	NC_003074.8	93.074	823	35	5	9	829	9386343	9385541	0.0	1184
NC_003076.8:17365020-17367123	NC_003074.8	93.687	792	47	3	1315	2104	18412509	18413299	0.0	1182
NC_003076.8:17365020-17367123	NC_003074.8	93.569	793	47	3	1315	2104	18019136	18019927	0.0	1179
NC_003076.8:17365020-17367123	NC_003074.8	92.947	794	50	6	1315	2104	13327791	13328582	0.0	1151
NC_003076.8:17365020-17367123	NC_003074.8	92.560	793	53	5	1315	2104	3965358	3966147	0.0	1133
NC_003076.8:17365020-17367123	NC_003074.8	91.576	831	55	11	146	963	9890146	9890974	0.0	1133
NC_003076.8:17365020-17367123	NC_003074.8	92.193	807	50	12	166	967	18746347	18747145	0.0	1129
NC_003076.8:17365020-17367123	NC_003074.8	93.897	721	37	7	238	956	16879941	16880656	0.0	1081
NC_003076.8:17365020-17367123	NC_003074.8	92.982	741	51	1	1364	2104	10556871	10556132	0.0	1079
NC_003076.8:17365020-17367123	NC_003074.8	94.209	708	37	4	1017	1723	10320599	10321303	0.0	1077
NC_003076.8:17365020-17367123	NC_003074.8	92.995	728	42	9	234	959	9559550	9558830	0.0	1053
NC_003076.8:17365020-17367123	NC_003074.8	92.966	725	38	13	238	959	20485004	20484290	0.0	1044
NC_003076.8:17365020-17367123	NC_003074.8	93.065	721	36	13	238	956	5622167	5622875	0.0	1042
NC_003076.8:17365020-17367123	NC_003074.8	92.194	743	46	4	1364	2104	10575083	10574351	0.0	1040
NC_003076.8:17365020-17367123	NC_003074.8	91.287	769	48	7	1337	2104	15485279	15484529	0.0	1031
NC_003076.8:17365020-17367123	NC_003074.8	91.436	724	52	10	238	959	2629890	2629175	0.0	985
NC_003076.8:17365020-17367123	NC_003074.8	91.045	737	51	11	238	963	3716479	3717211	0.0	981
NC_003076.8:17365020-17367123	NC_003074.8	90.676	740	45	14	236	967	16173063	16172340	0.0	963
NC_003076.8:17365020-17367123	NC_003074.8	93.374	649	36	7	1458	2104	5744486	5743843	0.0	953
NC_003076.8:17365020-17367123	NC_003074.8	94.006	634	27	4	810	1442	9385005	9384382	0.0	950
NC_003076.8:17365020-17367123	NC_003074.8	89.793	725	49	15	238	959	1371040	1370338	0.0	905
NC_003076.8:17365020-17367123	NC_003074.8	92.857	616	39	4	1490	2104	9384377	9383766	0.0	889
NC_003076.8:17365020-17367123	NC_003074.8	94.358	514	26	3	6	517	7996636	7996124	0.0	785
NC_003076.8:17365020-17367123	NC_003074.8	93.346	526	31	3	964	1489	11967811	11968332	0.0	774
NC_003076.8:17365020-17367123	NC_003074.8	94.103	407	22	2	5	411	16561653	16562057	2.45e-175	617
NC_003076.8:17365020-17367123	NC_003074.8	90.714	420	34	5	545	963	10404825	10405240	1.95e-156	555
NC_003076.8:17365020-17367123	NC_003074.8	97.980	297	5	1	550	846	7996131	7995836	3.30e-144	514
NC_003076.8:17365020-17367123	NC_003074.8	95.527	313	11	2	964	1274	15485591	15485280	3.33e-139	497
NC_003076.8:17365020-17367123	NC_003074.8	94.737	304	14	2	1315	1618	17299583	17299282	2.02e-131	472
NC_003076.8:17365020-17367123	NC_003074.8	94.137	307	16	2	964	1269	10557188	10556883	9.38e-130	466
NC_003076.8:17365020-17367123	NC_003074.8	92.073	328	20	3	5	326	11200623	11200950	5.64e-127	457
NC_003076.8:17365020-17367123	NC_003074.8	92.744	317	20	3	964	1279	10575400	10575086	2.03e-126	455
NC_003076.8:17365020-17367123	NC_003074.8	93.493	292	15	4	239	529	10862539	10862827	3.42e-119	431
NC_003076.8:17365020-17367123	NC_003074.8	91.638	287	24	0	1818	2104	11968331	11968617	3.47e-109	398
NC_003076.8:17365020-17367123	NC_003074.8	90.210	286	19	8	247	530	20487006	20486728	3.52e-99	364
NC_003076.8:17365020-17367123	NC_003074.8	91.603	262	17	5	5	262	3716341	3716601	5.89e-97	357
NC_003076.8:17365020-17367123	NC_003074.8	90.421	261	22	3	4	262	17397302	17397043	5.93e-92	340
NC_003076.8:17365020-17367123	NC_003074.8	90.076	262	17	8	4	262	20485142	20484887	3.57e-89	331
NC_003076.8:17365020-17367123	NC_003074.8	92.140	229	18	0	1840	2068	11200952	11201180	5.97e-87	324
NC_003076.8:17365020-17367123	NC_003074.8	89.105	257	24	4	9	262	9559680	9559425	1.00e-84	316
NC_003076.8:17365020-17367123	NC_003074.8	88.846	260	25	4	6	262	10862401	10862659	1.00e-84	316
NC_003076.8:17365020-17367123	NC_003074.8	94.709	189	8	2	964	1152	17299782	17299596	1.68e-77	292
NC_003076.8:17365020-17367123	NC_003074.8	94.180	189	10	1	964	1152	1571523	1571710	7.84e-76	287
NC_003076.8:17365020-17367123	NC_003074.8	94.595	185	8	2	964	1147	3965159	3965342	2.82e-75	285
NC_003076.8:17365020-17367123	NC_003074.8	87.302	252	22	2	1863	2104	8757570	8757821	1.31e-73	279
NC_003076.8:17365020-17367123	NC_003074.8	84.868	304	15	6	1315	1618	1571723	1571995	4.72e-73	278
NC_003076.8:17365020-17367123	NC_003074.8	93.989	183	9	2	712	893	9385008	9385189	1.70e-72	276
NC_003076.8:17365020-17367123	NC_003074.8	93.122	189	11	2	964	1152	13327592	13327778	1.70e-72	276
NC_003076.8:17365020-17367123	NC_003074.8	87.446	231	23	5	33	260	2630001	2629774	4.75e-68	261
NC_003076.8:17365020-17367123	NC_003074.8	83.908	261	26	7	5	262	20487143	20486896	2.88e-60	235
NC_003076.8:17365020-17367123	NC_003074.8	94.737	152	5	3	238	389	17397163	17397015	1.04e-59	233
NC_003076.8:17365020-17367123	NC_003074.8	93.277	119	6	2	234	352	1371264	1371148	6.37e-42	174
NC_003076.8:17365020-17367123	NC_003074.8	93.913	115	5	2	238	352	2630110	2629998	2.29e-41	172
NC_003076.8:17365020-17367123	NC_003074.8	94.340	106	5	1	6	111	16879751	16879855	4.96e-38	161
NC_003076.8:17365020-17367123	NC_003074.8	91.589	107	7	2	244	350	9890148	9890252	1.39e-33	147
NC_003076.8:17365020-17367123	NC_003074.8	87.273	110	11	3	6	113	9890049	9890157	2.34e-26	122
NC_003076.8:17365020-17367123	NC_003074.8	93.976	83	2	3	6	86	18018781	18018862	2.34e-26	122
NC_003076.8:17365020-17367123	NC_003074.8	93.902	82	2	3	7	86	17299939	17299859	8.41e-26	121
NC_003076.8:17365020-17367123	NC_003074.8	92.771	83	5	1	5	86	13327433	13327515	3.03e-25	119
NC_003076.8:17365020-17367123	NC_003074.8	92.593	81	6	0	6	86	9767629	9767549	1.09e-24	117
NC_003076.8:17365020-17367123	NC_003074.8	92.683	82	5	1	6	86	18412154	18412235	1.09e-24	117
NC_003076.8:17365020-17367123	NC_003074.8	98.438	64	1	0	6	69	10557346	10557283	1.41e-23	113
NC_003076.8:17365020-17367123	NC_003074.8	90.588	85	7	1	3	86	11503764	11503680	5.06e-23	111
NC_003076.8:17365020-17367123	NC_003074.8	90.588	85	7	1	6	90	16419144	16419227	5.06e-23	111
NC_003076.8:17365020-17367123	NC_003074.8	96.923	65	2	0	5	69	17729939	17730003	1.82e-22	110
NC_003076.8:17365020-17367123	NC_003074.8	93.939	66	3	1	6	70	17776769	17776834	3.94e-19	99.0
NC_003076.8:17365020-17367123	NC_003074.8	77.215	158	12	16	1572	1725	15667806	15667669	8.59e-11	71.3
NC_003076.8:17365020-17367123	NC_003074.8	100.000	34	0	0	847	880	9385190	9385223	1.44e-08	63.9
NC_003076.8:17365020-17367123	NC_003075.7	93.911	2102	111	11	4	2102	1002009	999922	0.0	3157
NC_003076.8:17365020-17367123	NC_003075.7	93.741	2109	92	15	3	2104	5541392	5539317	0.0	3127
NC_003076.8:17365020-17367123	NC_003075.7	93.542	2106	99	12	6	2104	11360870	11362945	0.0	3101
NC_003076.8:17365020-17367123	NC_003075.7	94.411	2022	98	14	89	2104	8063692	8065704	0.0	3094
NC_003076.8:17365020-17367123	NC_003075.7	93.200	2103	110	9	5	2104	1349584	1351656	0.0	3061
NC_003076.8:17365020-17367123	NC_003075.7	92.589	2105	102	18	6	2104	4146126	4148182	0.0	2974
NC_003076.8:17365020-17367123	NC_003075.7	92.549	2107	106	19	1	2104	8730459	8728401	0.0	2974
NC_003076.8:17365020-17367123	NC_003075.7	95.137	1275	57	5	1	1274	10397390	10396120	0.0	2006
NC_003076.8:17365020-17367123	NC_003075.7	94.046	1142	63	5	964	2104	11193412	11192275	0.0	1727
NC_003076.8:17365020-17367123	NC_003075.7	92.651	1143	80	4	964	2104	371928	370788	0.0	1642
NC_003076.8:17365020-17367123	NC_003075.7	92.402	1145	79	8	964	2104	6166306	6165166	0.0	1626
NC_003076.8:17365020-17367123	NC_003075.7	93.619	1003	59	4	1104	2104	16864262	16863263	0.0	1493
NC_003076.8:17365020-17367123	NC_003075.7	90.052	965	81	15	5	967	2622007	2621056	0.0	1236
NC_003076.8:17365020-17367123	NC_003075.7	95.051	788	33	4	6	792	9763814	9763032	0.0	1234
NC_003076.8:17365020-17367123	NC_003075.7	94.817	791	33	6	4	792	9842610	9841826	0.0	1227
NC_003076.8:17365020-17367123	NC_003075.7	93.478	828	32	5	6	832	16865070	16864264	0.0	1210
NC_003076.8:17365020-17367123	NC_003075.7	93.434	792	47	4	1315	2104	683570	684358	0.0	1170
NC_003076.8:17365020-17367123	NC_003075.7	93.385	771	48	3	1337	2104	10396119	10395349	0.0	1138
NC_003076.8:17365020-17367123	NC_003075.7	92.956	724	41	9	238	959	314146	313431	0.0	1046
NC_003076.8:17365020-17367123	NC_003075.7	92.297	727	40	14	238	959	7060561	7059846	0.0	1018
NC_003076.8:17365020-17367123	NC_003075.7	93.247	696	39	8	252	944	9438920	9439610	0.0	1018
NC_003076.8:17365020-17367123	NC_003075.7	93.009	658	43	3	1258	1914	965061	964406	0.0	957
NC_003076.8:17365020-17367123	NC_003075.7	92.784	485	28	7	234	715	6279129	6279609	0.0	695
NC_003076.8:17365020-17367123	NC_003075.7	93.237	414	25	3	241	653	6178585	6178996	5.30e-172	606
NC_003076.8:17365020-17367123	NC_003075.7	90.933	375	19	9	1705	2076	7853284	7852922	5.57e-137	490
NC_003076.8:17365020-17367123	NC_003075.7	94.249	313	15	3	961	1273	965643	965334	1.56e-132	475
NC_003076.8:17365020-17367123	NC_003075.7	89.390	377	32	7	6	378	3898130	3897758	2.61e-130	468
NC_003076.8:17365020-17367123	NC_003075.7	95.294	255	11	1	5	259	7853534	7853281	7.46e-111	403
NC_003076.8:17365020-17367123	NC_003075.7	90.370	270	25	1	650	919	3894012	3893744	7.62e-96	353
NC_003076.8:17365020-17367123	NC_003075.7	90.000	260	20	6	6	262	6178448	6178704	3.57e-89	331
NC_003076.8:17365020-17367123	NC_003075.7	89.764	254	21	4	1	252	5354109	5354359	7.73e-86	320
NC_003076.8:17365020-17367123	NC_003075.7	89.231	260	19	8	6	262	7060698	7060445	1.00e-84	316
NC_003076.8:17365020-17367123	NC_003075.7	94.709	189	8	2	964	1152	683371	683557	1.68e-77	292
NC_003076.8:17365020-17367123	NC_003075.7	85.328	259	21	5	6	262	314269	314026	2.86e-65	252
NC_003076.8:17365020-17367123	NC_003075.7	78.624	407	60	22	1522	1915	7593705	7593313	4.78e-63	244
NC_003076.8:17365020-17367123	NC_003075.7	93.506	154	7	2	238	389	5353885	5354037	1.73e-57	226
NC_003076.8:17365020-17367123	NC_003075.7	93.960	149	8	1	241	389	5354616	5354763	6.23e-57	224
NC_003076.8:17365020-17367123	NC_003075.7	92.157	153	9	3	238	389	5354249	5354399	1.35e-53	213
NC_003076.8:17365020-17367123	NC_003075.7	82.625	259	19	11	6	262	6279022	6279256	2.26e-51	206
NC_003076.8:17365020-17367123	NC_003075.7	87.791	172	20	1	793	963	5773070	5773241	1.05e-49	200
NC_003076.8:17365020-17367123	NC_003075.7	95.833	120	5	0	3	122	8063574	8063693	4.89e-48	195
NC_003076.8:17365020-17367123	NC_003075.7	89.600	125	7	6	238	362	3897992	3897874	8.29e-36	154
NC_003076.8:17365020-17367123	NC_003075.7	93.617	94	6	0	714	807	6280372	6280465	6.46e-32	141
NC_003076.8:17365020-17367123	NC_003075.7	92.632	95	5	1	1506	1598	8802411	8802505	3.00e-30	135
NC_003076.8:17365020-17367123	NC_003075.7	92.771	83	3	3	6	86	2520884	2520965	1.09e-24	117
NC_003076.8:17365020-17367123	NC_003075.7	97.059	68	2	0	2	69	372090	372023	3.91e-24	115
NC_003076.8:17365020-17367123	NC_003075.7	91.463	82	6	1	6	86	683213	683294	5.06e-23	111
NC_003076.8:17365020-17367123	NC_003075.7	91.139	79	6	1	9	86	11193567	11193489	2.36e-21	106
NC_003076.8:17365020-17367123	NC_003075.7	89.286	84	6	3	5	86	14390989	14390907	3.05e-20	102
NC_003076.8:17365020-17367123	NC_003075.7	73.716	331	51	30	259	565	9566265	9565947	1.42e-18	97.1
NC_003076.8:17365020-17367123	NC_003075.7	94.915	59	3	0	6	64	6166464	6166406	1.83e-17	93.5
NC_003076.8:17359320-17360102	NC_003076.8	100.000	783	0	0	1	783	17360102	17359320	0.0	1447
NC_003076.8:17359320-17360102	NC_003076.8	88.476	807	63	18	1	781	13786537	13787339	0.0	948
NC_003076.8:17359320-17360102	NC_003076.8	88.163	811	62	11	5	782	5802087	5801278	0.0	935
NC_003076.8:17359320-17360102	NC_003076.8	92.321	573	42	2	209	780	16211598	16212169	0.0	813
NC_003076.8:17359320-17360102	NC_003076.8	90.815	577	43	7	209	783	10187719	10188287	0.0	763
NC_003076.8:17359320-17360102	NC_003076.8	89.931	576	38	6	209	782	21174663	21175220	0.0	725
NC_003076.8:17359320-17360102	NC_003076.8	92.818	362	24	2	236	596	19019275	19018915	2.00e-147	523
NC_003076.8:17359320-17360102	NC_003076.8	92.991	214	14	1	1	213	21174424	21174637	1.69e-83	311
NC_003076.8:17359320-17360102	NC_003076.8	92.523	214	15	1	1	213	10187480	10187693	7.89e-82	305
NC_003076.8:17359320-17360102	NC_003076.8	93.333	195	12	1	587	780	19018814	19018620	2.86e-76	287
NC_003076.8:17359320-17360102	NC_003076.8	90.610	213	20	0	1	213	16211360	16211572	3.69e-75	283
NC_003076.8:17359320-17360102	NC_003076.8	88.235	119	12	2	1	118	10924353	10924236	2.35e-32	141
NC_003076.8:17359320-17360102	NC_003076.8	90.909	55	3	2	1	54	13829286	13829233	8.71e-12	73.1
NC_003076.8:17359320-17360102	NC_003076.8	89.091	55	6	0	1	55	3903105	3903159	1.13e-10	69.4
NC_003076.8:17359320-17360102	NC_003076.8	89.286	56	4	2	1	55	9616973	9616919	1.13e-10	69.4
NC_003076.8:17359320-17360102	NC_003076.8	89.286	56	4	2	1	55	10271034	10270980	1.13e-10	69.4
NC_003076.8:17359320-17360102	NC_003076.8	89.286	56	4	2	1	55	10369950	10370004	1.13e-10	69.4
NC_003076.8:17359320-17360102	NC_003076.8	88.889	54	4	2	1	53	11641110	11641058	1.46e-09	65.8
NC_003076.8:17359320-17360102	NC_003076.8	87.500	56	5	2	1	55	18554907	18554961	5.24e-09	63.9
NC_003076.8:17359320-17360102	NC_003076.8	88.235	51	4	2	1	50	22620858	22620907	6.78e-08	60.2
NC_003076.8:17359320-17360102	NC_003076.8	96.970	33	0	1	749	780	10372136	10372168	3.15e-06	54.7
NC_003076.8:17359320-17360102	NC_003074.8	95.780	782	29	3	1	781	15874737	15873959	0.0	1258
NC_003076.8:17359320-17360102	NC_003074.8	95.262	781	34	3	1	780	14559080	14559858	0.0	1234
NC_003076.8:17359320-17360102	NC_003074.8	95.134	781	36	2	1	780	8874896	8875675	0.0	1230
NC_003076.8:17359320-17360102	NC_003074.8	92.434	793	45	12	1	781	8883277	8884066	0.0	1118
NC_003076.8:17359320-17360102	NC_003074.8	89.122	809	57	14	1	781	12359526	12358721	0.0	977
NC_003076.8:17359320-17360102	NC_003074.8	87.614	767	57	9	24	752	18927969	18928735	0.0	856
NC_003076.8:17359320-17360102	NC_003074.8	93.031	574	37	2	209	781	16185942	16185371	0.0	835
NC_003076.8:17359320-17360102	NC_003074.8	93.158	570	28	8	212	780	7766080	7765521	0.0	826
NC_003076.8:17359320-17360102	NC_003074.8	92.509	574	40	2	209	781	10417102	10417673	0.0	819
NC_003076.8:17359320-17360102	NC_003074.8	89.474	551	41	4	232	781	7714084	7713550	0.0	680
NC_003076.8:17359320-17360102	NC_003074.8	96.930	228	7	0	1	228	7766844	7766617	3.54e-105	383
NC_003076.8:17359320-17360102	NC_003074.8	91.102	236	17	4	494	727	12384106	12384339	3.64e-85	316
NC_003076.8:17359320-17360102	NC_003074.8	92.991	214	12	2	1	213	10416865	10417076	6.10e-83	309
NC_003076.8:17359320-17360102	NC_003074.8	92.417	211	16	0	1	211	16186180	16185970	1.02e-80	302
NC_003076.8:17359320-17360102	NC_003074.8	88.263	213	12	1	1	213	7714349	7714150	6.27e-63	243
NC_003076.8:17359320-17360102	NC_003074.8	85.246	122	10	5	1	118	11222237	11222120	1.10e-25	119
NC_003076.8:17359320-17360102	NC_003074.8	90.909	55	3	2	1	54	8492130	8492077	8.71e-12	73.1
NC_003076.8:17359320-17360102	NC_003074.8	90.909	55	3	2	1	54	13823340	13823393	8.71e-12	73.1
NC_003076.8:17359320-17360102	NC_003074.8	90.909	55	3	2	1	54	14127409	14127462	8.71e-12	73.1
NC_003076.8:17359320-17360102	NC_003074.8	90.909	55	3	2	1	54	14142998	14143051	8.71e-12	73.1
NC_003076.8:17359320-17360102	NC_003074.8	89.091	55	4	2	1	54	17150761	17150708	4.05e-10	67.6
NC_003076.8:17359320-17360102	NC_003074.8	89.091	55	4	2	1	54	22215960	22215907	4.05e-10	67.6
NC_003076.8:17359320-17360102	NC_003074.8	90.196	51	3	2	1	50	12061957	12062006	1.46e-09	65.8
NC_003076.8:17359320-17360102	NC_003074.8	97.297	37	1	0	744	780	11550999	11550963	5.24e-09	63.9
NC_003076.8:17359320-17360102	NC_003074.8	100.000	31	0	0	1	31	10201567	10201537	2.44e-07	58.4
NC_003076.8:17359320-17360102	NC_003074.8	85.714	56	6	2	1	55	11864305	11864251	2.44e-07	58.4
NC_003076.8:17359320-17360102	NC_003074.8	86.275	51	6	1	5	54	10049547	10049497	3.15e-06	54.7
NC_003076.8:17359320-17360102	NC_003070.9	89.290	803	64	6	1	783	18320603	18321403	0.0	987
NC_003076.8:17359320-17360102	NC_003070.9	88.490	808	62	15	1	778	18632947	18632141	0.0	948
NC_003076.8:17359320-17360102	NC_003070.9	88.500	800	52	16	1	778	5799521	5798740	0.0	931
NC_003076.8:17359320-17360102	NC_003070.9	93.414	577	36	2	209	783	3024056	3023480	0.0	854
NC_003076.8:17359320-17360102	NC_003070.9	92.123	584	34	5	209	783	19780877	19780297	0.0	813
NC_003076.8:17359320-17360102	NC_003070.9	91.812	574	43	4	209	780	1194882	1194311	0.0	797
NC_003076.8:17359320-17360102	NC_003070.9	91.408	547	33	11	212	755	26880739	26880204	0.0	737
NC_003076.8:17359320-17360102	NC_003070.9	91.011	356	30	2	429	783	20704224	20704578	4.39e-134	479
NC_003076.8:17359320-17360102	NC_003070.9	96.053	228	9	0	1	228	26881503	26881276	7.67e-102	372
NC_003076.8:17359320-17360102	NC_003070.9	92.488	213	16	0	1	213	3024294	3024082	7.89e-82	305
NC_003076.8:17359320-17360102	NC_003070.9	83.981	206	18	5	1	205	9138319	9138128	3.86e-45	183
NC_003076.8:17359320-17360102	NC_003070.9	90.909	55	3	2	1	54	9862694	9862747	8.71e-12	73.1
NC_003076.8:17359320-17360102	NC_003070.9	90.909	55	3	2	1	54	26551573	26551626	8.71e-12	73.1
NC_003076.8:17359320-17360102	NC_003070.9	100.000	32	0	0	1	32	19054421	19054452	6.78e-08	60.2
NC_003076.8:17359320-17360102	NC_003070.9	86.275	51	7	0	5	55	11298501	11298551	8.77e-07	56.5
NC_003076.8:17359320-17360102	NC_003075.7	88.547	812	57	18	1	780	8421906	8421099	0.0	952
NC_003076.8:17359320-17360102	NC_003075.7	86.774	809	63	20	1	778	5837168	5836373	0.0	861
NC_003076.8:17359320-17360102	NC_003075.7	86.700	812	63	20	1	781	6944557	6943760	0.0	859
NC_003076.8:17359320-17360102	NC_003075.7	92.998	557	36	3	209	764	18232885	18232331	0.0	809
NC_003076.8:17359320-17360102	NC_003075.7	91.826	575	43	4	212	783	4948825	4948252	0.0	798
NC_003076.8:17359320-17360102	NC_003075.7	89.739	575	31	3	209	782	5478888	5478341	0.0	710
NC_003076.8:17359320-17360102	NC_003075.7	92.523	214	15	1	1	213	1598444	1598657	7.89e-82	305
NC_003076.8:17359320-17360102	NC_003075.7	91.589	214	17	1	1	213	4949067	4948854	1.71e-78	294
NC_003076.8:17359320-17360102	NC_003075.7	95.266	169	8	0	209	377	1598683	1598851	1.03e-70	268
NC_003076.8:17359320-17360102	NC_003075.7	91.071	56	3	2	1	55	11224159	11224213	2.42e-12	75.0
NC_003076.8:17359320-17360102	NC_003075.7	90.909	55	3	2	1	54	9368715	9368768	8.71e-12	73.1
NC_003076.8:17359320-17360102	NC_003075.7	89.286	56	4	2	1	55	5280339	5280285	1.13e-10	69.4
NC_003076.8:17359320-17360102	NC_003075.7	89.091	55	4	2	1	54	6140445	6140498	4.05e-10	67.6
NC_003076.8:17359320-17360102	NC_003075.7	89.091	55	4	2	1	54	6339152	6339205	4.05e-10	67.6
NC_003076.8:17359320-17360102	NC_003075.7	86.885	61	6	2	1	60	18426669	18426610	4.05e-10	67.6
NC_003076.8:17359320-17360102	NC_003075.7	87.500	56	5	2	1	55	6157519	6157573	5.24e-09	63.9
NC_003076.8:17359320-17360102	NC_003075.7	100.000	33	0	0	1	33	5604459	5604491	1.88e-08	62.1
NC_003076.8:17359320-17360102	NC_003075.7	87.273	55	5	2	1	54	9079468	9079415	1.88e-08	62.1
NC_003076.8:17359320-17360102	NC_003075.7	85.185	54	8	0	1	54	15816687	15816634	8.77e-07	56.5
NC_003076.8:17359320-17360102	NC_003071.7	93.588	577	34	3	209	783	8102927	8103502	0.0	857
NC_003076.8:17359320-17360102	NC_003071.7	93.194	573	36	2	209	780	6262634	6263204	0.0	839
NC_003076.8:17359320-17360102	NC_003071.7	92.348	575	41	3	209	781	4759635	4759062	0.0	815
NC_003076.8:17359320-17360102	NC_003071.7	92.321	573	39	1	209	781	6992377	6992944	0.0	809
NC_003076.8:17359320-17360102	NC_003071.7	93.431	137	7	2	209	344	2952225	2952360	1.06e-50	202
NC_003076.8:17359320-17360102	NC_003071.7	90.909	55	3	2	1	54	1076408	1076355	8.71e-12	73.1
NC_003076.8:17359320-17360102	NC_003071.7	90.909	55	3	2	1	54	2297111	2297164	8.71e-12	73.1
NC_003076.8:17359320-17360102	NC_003071.7	90.909	55	3	2	1	54	6629874	6629821	8.71e-12	73.1
NC_003076.8:17359320-17360102	NC_003071.7	89.091	55	4	2	1	54	6288838	6288785	4.05e-10	67.6
NC_003076.8:17359320-17360102	NC_003071.7	87.500	56	5	2	1	55	1988687	1988741	5.24e-09	63.9
NC_003076.8:17359320-17360102	NC_003071.7	87.500	56	5	2	1	55	2139932	2139878	5.24e-09	63.9
NC_003076.8:17359320-17360102	NC_003071.7	100.000	34	0	0	749	782	6683082	6683115	5.24e-09	63.9
NC_003076.8:17359320-17360102	NC_003071.7	87.273	55	7	0	1	55	8236261	8236315	5.24e-09	63.9
