NC_003070.9:12875876-12876928	NC_003070.9	100.000	1053	0	0	1	1053	12876928	12875876	0.0	1945
NC_003070.9:12875876-12876928	NC_003070.9	96.145	908	33	2	146	1053	16998396	16997491	0.0	1482
NC_003070.9:12875876-12876928	NC_003070.9	93.675	917	51	5	1	915	3413553	3414464	0.0	1365
NC_003070.9:12875876-12876928	NC_003070.9	92.074	921	54	11	1	915	28161034	28161941	0.0	1279
NC_003070.9:12875876-12876928	NC_003070.9	95.652	759	30	3	157	915	30254567	30253812	0.0	1216
NC_003070.9:12875876-12876928	NC_003070.9	94.087	761	43	2	157	915	7036148	7036908	0.0	1155
NC_003070.9:12875876-12876928	NC_003070.9	94.211	760	39	5	157	915	13059763	13060518	0.0	1155
NC_003070.9:12875876-12876928	NC_003070.9	94.211	760	33	3	157	915	13016967	13016218	0.0	1149
NC_003070.9:12875876-12876928	NC_003070.9	93.995	766	33	3	153	915	11700592	11701347	0.0	1147
NC_003070.9:12875876-12876928	NC_003070.9	94.211	760	31	5	157	915	19994809	19994062	0.0	1147
NC_003070.9:12875876-12876928	NC_003070.9	94.079	760	34	3	157	915	8115710	8116459	0.0	1144
NC_003070.9:12875876-12876928	NC_003070.9	93.645	771	35	5	145	915	15940039	15940795	0.0	1140
NC_003070.9:12875876-12876928	NC_003070.9	93.693	761	34	4	157	915	16904733	16905481	0.0	1127
NC_003070.9:12875876-12876928	NC_003070.9	93.264	772	37	5	145	915	22450867	22451624	0.0	1123
NC_003070.9:12875876-12876928	NC_003070.9	93.684	760	31	5	157	915	26170521	26169778	0.0	1122
NC_003070.9:12875876-12876928	NC_003070.9	93.026	760	35	11	157	915	9817151	9817893	0.0	1094
NC_003070.9:12875876-12876928	NC_003070.9	92.982	741	35	8	179	915	18791754	18792481	0.0	1064
NC_003070.9:12875876-12876928	NC_003070.9	92.126	762	40	12	157	915	17900819	17901563	0.0	1057
NC_003070.9:12875876-12876928	NC_003070.9	91.731	774	38	6	157	915	11736466	11735704	0.0	1051
NC_003070.9:12875876-12876928	NC_003070.9	91.864	762	42	12	157	915	9866468	9865724	0.0	1046
NC_003070.9:12875876-12876928	NC_003070.9	94.030	670	34	4	249	915	19769039	19768373	0.0	1011
NC_003070.9:12875876-12876928	NC_003070.9	94.498	618	29	3	299	915	4786259	4786872	0.0	948
NC_003070.9:12875876-12876928	NC_003070.9	94.572	608	27	4	297	901	23214532	23215136	0.0	935
NC_003070.9:12875876-12876928	NC_003070.9	94.816	598	25	5	305	901	12563204	12562612	0.0	928
NC_003070.9:12875876-12876928	NC_003070.9	94.089	609	30	4	297	901	16326311	16326917	0.0	920
NC_003070.9:12875876-12876928	NC_003070.9	94.196	603	30	4	302	901	16825388	16825988	0.0	915
NC_003070.9:12875876-12876928	NC_003070.9	94.196	603	30	4	302	901	19466074	19465474	0.0	915
NC_003070.9:12875876-12876928	NC_003070.9	94.020	602	32	3	302	901	12365009	12365608	0.0	909
NC_003070.9:12875876-12876928	NC_003070.9	93.661	489	21	2	157	643	500444	499964	0.0	723
NC_003070.9:12875876-12876928	NC_003070.9	94.272	419	22	1	497	915	19063794	19064210	0.0	640
NC_003070.9:12875876-12876928	NC_003070.9	95.062	405	11	5	157	558	30252166	30251768	5.58e-179	628
NC_003070.9:12875876-12876928	NC_003070.9	93.659	410	22	2	506	915	23876482	23876887	2.02e-173	610
NC_003070.9:12875876-12876928	NC_003070.9	94.710	397	12	4	165	558	12329105	12328715	7.27e-173	608
NC_003070.9:12875876-12876928	NC_003070.9	93.827	405	16	4	157	558	22621779	22621381	1.22e-170	601
NC_003070.9:12875876-12876928	NC_003070.9	93.827	405	16	4	157	558	22993120	22992722	1.22e-170	601
NC_003070.9:12875876-12876928	NC_003070.9	93.077	390	24	2	526	915	19328001	19327615	1.23e-160	568
NC_003070.9:12875876-12876928	NC_003070.9	94.186	344	17	2	2	343	22992721	22992379	9.75e-147	521
NC_003070.9:12875876-12876928	NC_003070.9	94.412	340	17	1	2	339	30251767	30251428	9.75e-147	521
NC_003070.9:12875876-12876928	NC_003070.9	93.895	344	17	3	2	343	12328714	12328373	4.54e-145	516
NC_003070.9:12875876-12876928	NC_003070.9	93.275	342	20	2	4	343	22621378	22621038	1.27e-140	501
NC_003070.9:12875876-12876928	NC_003070.9	94.551	312	16	1	157	467	19328311	19328000	1.65e-134	481
NC_003070.9:12875876-12876928	NC_003070.9	94.898	294	11	2	506	798	22621025	22620735	2.79e-127	457
NC_003070.9:12875876-12876928	NC_003070.9	93.137	306	17	2	506	810	22992366	22992064	6.04e-124	446
NC_003070.9:12875876-12876928	NC_003070.9	94.158	291	12	3	506	795	12328360	12328074	1.01e-121	438
NC_003070.9:12875876-12876928	NC_003070.9	91.503	306	22	2	506	810	30251412	30251110	1.32e-115	418
NC_003070.9:12875876-12876928	NC_003070.9	91.275	298	23	2	48	343	23876173	23876469	3.68e-111	403
NC_003070.9:12875876-12876928	NC_003070.9	92.208	231	12	5	1	229	18790103	18790329	1.06e-86	322
NC_003070.9:12875876-12876928	NC_003070.9	94.545	165	8	1	1	165	16998955	16998792	3.93e-66	254
NC_003070.9:12875876-12876928	NC_003070.9	92.683	82	4	2	1	81	4785461	4785541	5.37e-25	117
NC_003070.9:12875876-12876928	NC_003070.9	92.683	82	4	2	1	81	8114770	8114850	5.37e-25	117
NC_003070.9:12875876-12876928	NC_003070.9	91.011	89	4	4	1	86	8490194	8490107	5.37e-25	117
NC_003070.9:12875876-12876928	NC_003070.9	92.683	82	4	2	1	81	9867414	9867334	5.37e-25	117
NC_003070.9:12875876-12876928	NC_003070.9	92.683	82	4	2	1	81	16903800	16903880	5.37e-25	117
NC_003070.9:12875876-12876928	NC_003070.9	92.683	82	4	2	1	81	18790927	18791007	5.37e-25	117
NC_003070.9:12875876-12876928	NC_003070.9	92.683	82	4	2	1	81	19061965	19062045	5.37e-25	117
NC_003070.9:12875876-12876928	NC_003070.9	92.683	82	4	2	1	81	19995734	19995654	5.37e-25	117
NC_003070.9:12875876-12876928	NC_003070.9	91.860	86	4	3	1	84	23554439	23554355	5.37e-25	117
NC_003070.9:12875876-12876928	NC_003070.9	92.683	82	4	2	1	81	30253107	30253027	5.37e-25	117
NC_003070.9:12875876-12876928	NC_003070.9	84.298	121	15	4	937	1053	5863392	5863512	1.93e-24	115
NC_003070.9:12875876-12876928	NC_003070.9	91.463	82	5	2	1	81	3910601	3910521	2.50e-23	111
NC_003070.9:12875876-12876928	NC_003070.9	91.463	82	5	2	1	81	12330053	12329973	2.50e-23	111
NC_003070.9:12875876-12876928	NC_003070.9	91.463	82	5	2	1	81	12855993	12855913	2.50e-23	111
NC_003070.9:12875876-12876928	NC_003070.9	91.463	82	5	2	1	81	13058823	13058903	2.50e-23	111
NC_003070.9:12875876-12876928	NC_003070.9	91.463	82	5	2	1	81	15939323	15939403	2.50e-23	111
NC_003070.9:12875876-12876928	NC_003070.9	91.463	82	5	2	1	81	17552998	17552918	2.50e-23	111
NC_003070.9:12875876-12876928	NC_003070.9	91.463	82	5	2	1	81	19085099	19085179	2.50e-23	111
NC_003070.9:12875876-12876928	NC_003070.9	91.463	82	5	2	1	81	19173802	19173722	2.50e-23	111
NC_003070.9:12875876-12876928	NC_003070.9	91.463	82	5	2	1	81	23213666	23213746	2.50e-23	111
NC_003070.9:12875876-12876928	NC_003070.9	91.463	82	4	3	1	81	14299842	14299763	8.99e-23	110
NC_003070.9:12875876-12876928	NC_003070.9	90.244	82	6	2	1	81	2235167	2235087	1.16e-21	106
NC_003070.9:12875876-12876928	NC_003070.9	90.244	82	6	2	1	81	9816210	9816290	1.16e-21	106
NC_003070.9:12875876-12876928	NC_003070.9	90.244	82	6	2	1	81	11699698	11699778	1.16e-21	106
NC_003070.9:12875876-12876928	NC_003070.9	90.244	82	6	2	1	81	11737393	11737313	1.16e-21	106
NC_003070.9:12875876-12876928	NC_003070.9	90.361	83	5	3	1	82	12364135	12364215	1.16e-21	106
NC_003070.9:12875876-12876928	NC_003070.9	90.123	81	8	0	1	81	16325444	16325524	1.16e-21	106
NC_003070.9:12875876-12876928	NC_003070.9	90.361	83	5	3	1	82	16824518	16824598	1.16e-21	106
NC_003070.9:12875876-12876928	NC_003070.9	90.244	82	6	2	1	81	19466949	19466869	1.16e-21	106
NC_003070.9:12875876-12876928	NC_003070.9	90.244	82	6	2	1	81	25963257	25963177	1.16e-21	106
NC_003070.9:12875876-12876928	NC_003070.9	90.244	82	6	2	1	81	26171480	26171400	1.16e-21	106
NC_003070.9:12875876-12876928	NC_003070.9	88.889	90	3	7	1	86	22994060	22993974	4.18e-21	104
NC_003070.9:12875876-12876928	NC_003070.9	90.000	80	6	2	1	79	22622305	22622227	1.51e-20	102
NC_003070.9:12875876-12876928	NC_003070.9	89.024	82	7	2	1	81	12564081	12564001	5.41e-20	100
NC_003070.9:12875876-12876928	NC_003070.9	89.873	79	6	2	4	81	18747045	18746968	5.41e-20	100
NC_003070.9:12875876-12876928	NC_003070.9	88.372	86	6	4	1	84	19724755	19724838	5.41e-20	100
NC_003070.9:12875876-12876928	NC_003070.9	89.024	82	7	2	1	81	22449931	22450011	5.41e-20	100
NC_003070.9:12875876-12876928	NC_003070.9	87.342	79	7	3	5	82	19329256	19329180	4.21e-16	87.9
NC_003070.9:12875876-12876928	NC_003070.9	80.000	120	20	4	937	1053	11803662	11803544	1.52e-15	86.1
NC_003070.9:12875876-12876928	NC_003070.9	85.366	82	10	2	1	81	3074944	3074864	5.45e-15	84.2
NC_003070.9:12875876-12876928	NC_003076.8	95.420	917	37	3	1	915	15043428	15042515	0.0	1456
NC_003070.9:12875876-12876928	NC_003076.8	94.897	921	38	6	1	915	22232264	22231347	0.0	1432
NC_003070.9:12875876-12876928	NC_003076.8	94.143	922	44	5	1	915	5978053	5977135	0.0	1395
NC_003070.9:12875876-12876928	NC_003076.8	93.913	920	49	4	1	915	24476591	24475674	0.0	1382
NC_003070.9:12875876-12876928	NC_003076.8	93.036	919	56	6	1	913	8354510	8353594	0.0	1336
NC_003070.9:12875876-12876928	NC_003076.8	91.295	919	46	18	1	915	10714424	10715312	0.0	1223
NC_003070.9:12875876-12876928	NC_003076.8	95.395	760	31	3	157	915	20681453	20680697	0.0	1206
NC_003070.9:12875876-12876928	NC_003076.8	95.138	761	32	3	157	915	8766666	8767423	0.0	1195
NC_003070.9:12875876-12876928	NC_003076.8	94.612	761	36	3	157	915	5429094	5428337	0.0	1173
NC_003070.9:12875876-12876928	NC_003076.8	94.598	759	39	1	157	915	19741654	19740898	0.0	1173
NC_003070.9:12875876-12876928	NC_003076.8	94.605	760	36	3	157	915	14150343	14149588	0.0	1171
NC_003070.9:12875876-12876928	NC_003076.8	94.163	771	37	5	146	915	24186970	24186207	0.0	1168
NC_003070.9:12875876-12876928	NC_003076.8	94.474	760	36	5	157	915	8745759	8745005	0.0	1166
NC_003070.9:12875876-12876928	NC_003076.8	94.357	762	38	4	157	915	17365983	17366742	0.0	1164
NC_003070.9:12875876-12876928	NC_003076.8	94.335	759	33	3	157	915	9964077	9963329	0.0	1155
NC_003070.9:12875876-12876928	NC_003076.8	93.734	766	35	5	152	915	16357408	16358162	0.0	1136
NC_003070.9:12875876-12876928	NC_003076.8	93.430	761	37	5	157	915	1897707	1896958	0.0	1116
NC_003070.9:12875876-12876928	NC_003076.8	93.316	763	35	7	157	915	14081897	14081147	0.0	1112
NC_003070.9:12875876-12876928	NC_003076.8	92.885	773	42	6	145	915	17776658	17777419	0.0	1110
NC_003070.9:12875876-12876928	NC_003076.8	94.085	710	38	3	1	707	15577425	15576717	0.0	1075
NC_003070.9:12875876-12876928	NC_003076.8	93.662	710	42	2	1	707	21777032	21776323	0.0	1059
NC_003070.9:12875876-12876928	NC_003076.8	94.384	641	31	3	276	915	18854899	18855535	0.0	979
NC_003070.9:12875876-12876928	NC_003076.8	92.545	617	40	4	300	915	4313874	4314485	0.0	880
NC_003070.9:12875876-12876928	NC_003076.8	94.505	546	28	1	370	915	11026974	11027517	0.0	841
NC_003070.9:12875876-12876928	NC_003076.8	91.680	625	24	7	279	901	21530929	21531527	0.0	841
NC_003070.9:12875876-12876928	NC_003076.8	94.321	405	14	4	157	558	20281045	20280647	5.62e-174	612
NC_003070.9:12875876-12876928	NC_003076.8	93.079	419	26	2	497	915	15605466	15605051	2.02e-173	610
NC_003070.9:12875876-12876928	NC_003076.8	94.059	404	16	4	157	558	9591350	9591747	2.62e-172	606
NC_003070.9:12875876-12876928	NC_003076.8	93.316	389	24	1	527	915	4780980	4780594	2.65e-162	573
NC_003070.9:12875876-12876928	NC_003076.8	93.158	380	22	4	157	535	4313474	4313850	9.61e-157	555
NC_003070.9:12875876-12876928	NC_003076.8	92.895	380	11	7	157	533	9558551	9558185	9.68e-152	538
NC_003070.9:12875876-12876928	NC_003076.8	94.477	344	16	2	2	343	20280646	20280304	2.10e-148	527
NC_003070.9:12875876-12876928	NC_003076.8	94.100	339	18	1	2	338	9591748	9592086	1.63e-144	514
NC_003070.9:12875876-12876928	NC_003076.8	93.372	347	19	3	1	344	9133953	9134298	2.11e-143	510
NC_003070.9:12875876-12876928	NC_003076.8	95.469	309	14	0	157	465	4781290	4780982	2.13e-138	494
NC_003070.9:12875876-12876928	NC_003076.8	92.810	306	18	2	506	810	9592102	9592404	2.81e-122	440
NC_003070.9:12875876-12876928	NC_003076.8	93.448	290	16	1	506	795	20280291	20280005	2.19e-118	427
NC_003070.9:12875876-12876928	NC_003076.8	91.803	305	22	1	506	810	17617546	17617245	1.02e-116	422
NC_003070.9:12875876-12876928	NC_003076.8	90.747	281	24	1	1	279	25904732	25905012	2.89e-102	374
NC_003070.9:12875876-12876928	NC_003076.8	92.478	226	14	2	157	379	11026281	11026506	3.82e-86	320
NC_003070.9:12875876-12876928	NC_003076.8	96.175	183	7	0	157	339	17617744	17617562	4.97e-80	300
NC_003070.9:12875876-12876928	NC_003076.8	93.220	118	7	1	937	1053	9592419	9592536	1.13e-41	172
NC_003070.9:12875876-12876928	NC_003076.8	92.373	118	8	1	937	1053	4780327	4780210	5.26e-40	167
NC_003070.9:12875876-12876928	NC_003076.8	81.675	191	27	6	1	187	13982135	13982321	1.47e-35	152
NC_003070.9:12875876-12876928	NC_003076.8	93.902	82	3	2	1	81	11025336	11025416	1.16e-26	122
NC_003070.9:12875876-12876928	NC_003076.8	92.683	82	4	2	1	81	7154439	7154359	5.37e-25	117
NC_003070.9:12875876-12876928	NC_003076.8	92.683	82	4	2	1	81	8746701	8746621	5.37e-25	117
NC_003070.9:12875876-12876928	NC_003076.8	92.683	82	4	2	1	81	9559507	9559427	5.37e-25	117
NC_003070.9:12875876-12876928	NC_003076.8	92.683	82	4	2	1	81	9590410	9590490	5.37e-25	117
NC_003070.9:12875876-12876928	NC_003076.8	92.683	82	4	2	1	81	9965017	9964937	5.37e-25	117
NC_003070.9:12875876-12876928	NC_003076.8	92.683	82	4	2	1	81	14082835	14082755	5.37e-25	117
NC_003070.9:12875876-12876928	NC_003076.8	92.683	82	4	2	1	81	15606601	15606521	5.37e-25	117
NC_003070.9:12875876-12876928	NC_003076.8	92.683	82	4	2	1	81	17796785	17796705	5.37e-25	117
NC_003070.9:12875876-12876928	NC_003076.8	92.683	82	4	2	1	81	18853952	18854032	5.37e-25	117
NC_003070.9:12875876-12876928	NC_003076.8	91.463	82	5	2	1	81	354140	354220	2.50e-23	111
NC_003070.9:12875876-12876928	NC_003076.8	91.358	81	7	0	1	81	14151294	14151214	2.50e-23	111
NC_003070.9:12875876-12876928	NC_003076.8	91.566	83	4	3	1	82	17365025	17365105	2.50e-23	111
NC_003070.9:12875876-12876928	NC_003076.8	91.463	82	5	2	1	81	19931558	19931478	2.50e-23	111
NC_003070.9:12875876-12876928	NC_003076.8	91.463	82	5	2	1	81	21530089	21530169	2.50e-23	111
NC_003070.9:12875876-12876928	NC_003076.8	83.471	121	16	4	937	1053	23662124	23662004	8.99e-23	110
NC_003070.9:12875876-12876928	NC_003076.8	90.244	82	6	2	1	81	3020196	3020116	1.16e-21	106
NC_003070.9:12875876-12876928	NC_003076.8	90.244	82	6	2	1	81	13918790	13918710	1.16e-21	106
NC_003070.9:12875876-12876928	NC_003076.8	90.244	82	6	2	1	81	25264511	25264591	1.16e-21	106
NC_003070.9:12875876-12876928	NC_003076.8	82.500	120	18	3	937	1053	13892249	13892130	1.51e-20	102
NC_003070.9:12875876-12876928	NC_003076.8	89.024	82	7	2	1	81	19742617	19742537	5.41e-20	100
NC_003070.9:12875876-12876928	NC_003076.8	89.024	82	7	2	1	81	20281984	20281904	5.41e-20	100
NC_003070.9:12875876-12876928	NC_003076.8	89.024	82	7	2	1	81	20398218	20398298	5.41e-20	100
NC_003070.9:12875876-12876928	NC_003076.8	87.952	83	7	3	1	81	15342696	15342615	2.52e-18	95.3
NC_003070.9:12875876-12876928	NC_003076.8	87.654	81	8	2	2	81	19670802	19670881	9.06e-18	93.5
NC_003070.9:12875876-12876928	NC_003076.8	90.769	65	4	2	18	81	17775746	17775809	1.52e-15	86.1
NC_003070.9:12875876-12876928	NC_003074.8	91.871	1058	53	10	1	1053	10320412	10321441	0.0	1447
NC_003070.9:12875876-12876928	NC_003074.8	93.689	919	46	5	1	915	17729940	17730850	0.0	1365
NC_003070.9:12875876-12876928	NC_003074.8	93.254	919	53	4	1	913	17776769	17777684	0.0	1345
NC_003070.9:12875876-12876928	NC_003074.8	93.254	919	48	10	1	915	16419144	16420052	0.0	1341
NC_003070.9:12875876-12876928	NC_003074.8	93.036	919	44	6	1	915	11503761	11502859	0.0	1325
NC_003070.9:12875876-12876928	NC_003074.8	91.603	917	51	11	1	915	9767629	9766737	0.0	1243
NC_003070.9:12875876-12876928	NC_003074.8	94.875	761	34	3	157	915	10820486	10819729	0.0	1184
NC_003070.9:12875876-12876928	NC_003074.8	94.474	760	39	2	157	915	15938226	15938983	0.0	1168
NC_003070.9:12875876-12876928	NC_003074.8	93.947	760	35	3	157	915	17276873	17276124	0.0	1138
NC_003070.9:12875876-12876928	NC_003074.8	92.622	759	40	4	157	915	20787323	20788065	0.0	1077
NC_003070.9:12875876-12876928	NC_003074.8	92.057	768	40	10	152	915	22119525	22120275	0.0	1061
NC_003070.9:12875876-12876928	NC_003074.8	94.853	680	32	2	1	678	11967653	11968331	0.0	1059
NC_003070.9:12875876-12876928	NC_003074.8	91.860	774	36	7	157	915	11536758	11537519	0.0	1055
NC_003070.9:12875876-12876928	NC_003074.8	91.214	774	33	14	157	915	17143580	17142827	0.0	1020
NC_003070.9:12875876-12876928	NC_003074.8	91.207	762	30	14	157	915	16562477	16563204	0.0	1002
NC_003070.9:12875876-12876928	NC_003074.8	94.904	628	26	3	290	915	16451587	16452210	0.0	977
NC_003070.9:12875876-12876928	NC_003074.8	89.354	789	41	17	157	915	5744998	5744223	0.0	952
NC_003070.9:12875876-12876928	NC_003074.8	89.987	759	38	14	157	915	15452557	15451837	0.0	946
NC_003070.9:12875876-12876928	NC_003074.8	95.167	600	24	5	305	901	7995797	7995200	0.0	942
NC_003070.9:12875876-12876928	NC_003074.8	94.324	599	30	3	305	901	17062365	17061769	0.0	915
NC_003070.9:12875876-12876928	NC_003074.8	94.082	490	19	2	145	632	9384863	9384382	0.0	736
NC_003070.9:12875876-12876928	NC_003074.8	94.480	471	20	3	1	465	15485750	15485280	0.0	721
NC_003070.9:12875876-12876928	NC_003074.8	93.319	464	27	2	1	460	10557346	10556883	0.0	682
NC_003070.9:12875876-12876928	NC_003074.8	95.122	410	19	1	506	915	18412509	18412917	0.0	645
NC_003070.9:12875876-12876928	NC_003074.8	94.634	410	21	1	506	915	18019136	18019544	1.20e-180	634
NC_003070.9:12875876-12876928	NC_003074.8	93.888	409	15	5	154	558	17300342	17299940	7.27e-173	608
NC_003070.9:12875876-12876928	NC_003074.8	93.415	410	25	1	506	915	13327791	13328198	2.62e-172	606
NC_003070.9:12875876-12876928	NC_003074.8	93.415	410	24	2	506	915	3965358	3965764	9.41e-172	604
NC_003070.9:12875876-12876928	NC_003074.8	92.453	424	26	4	51	470	10575507	10575086	1.22e-170	601
NC_003070.9:12875876-12876928	NC_003074.8	93.830	389	21	2	527	915	15485279	15484894	4.41e-165	582
NC_003070.9:12875876-12876928	NC_003074.8	95.058	344	15	1	2	343	17299939	17299596	2.69e-152	540
NC_003070.9:12875876-12876928	NC_003074.8	93.646	362	20	2	554	915	10556871	10556513	9.68e-152	538
NC_003070.9:12875876-12876928	NC_003074.8	92.818	362	14	7	554	915	10575083	10574734	1.63e-144	514
NC_003070.9:12875876-12876928	NC_003074.8	93.043	345	22	2	1	343	13327434	13327778	3.53e-141	503
NC_003070.9:12875876-12876928	NC_003074.8	93.548	341	17	4	1	339	18018781	18019118	3.53e-141	503
NC_003070.9:12875876-12876928	NC_003074.8	92.962	341	19	4	1	339	18412154	18412491	7.64e-138	492
NC_003070.9:12875876-12876928	NC_003074.8	91.411	326	24	3	21	343	3965021	3965345	2.17e-123	444
NC_003070.9:12875876-12876928	NC_003074.8	92.787	305	19	1	506	810	17299583	17299282	1.01e-121	438
NC_003070.9:12875876-12876928	NC_003074.8	89.150	341	20	3	1	339	1571380	1571705	7.92e-113	409
NC_003070.9:12875876-12876928	NC_003074.8	92.469	239	16	1	677	915	9384380	9384144	2.93e-92	340
NC_003070.9:12875876-12876928	NC_003074.8	83.607	305	18	7	506	810	1571723	1571995	3.04e-67	257
NC_003070.9:12875876-12876928	NC_003074.8	92.683	82	4	2	1	81	11200624	11200704	5.37e-25	117
NC_003070.9:12875876-12876928	NC_003074.8	92.683	82	4	2	1	81	11535844	11535924	5.37e-25	117
NC_003070.9:12875876-12876928	NC_003074.8	92.683	82	4	2	1	81	16450786	16450866	5.37e-25	117
NC_003070.9:12875876-12876928	NC_003074.8	92.683	82	4	2	1	81	16561654	16561734	5.37e-25	117
NC_003070.9:12875876-12876928	NC_003074.8	92.683	82	4	2	1	81	17144490	17144410	5.37e-25	117
NC_003070.9:12875876-12876928	NC_003074.8	98.438	64	1	0	1	64	3716342	3716405	6.95e-24	113
NC_003070.9:12875876-12876928	NC_003074.8	91.463	82	5	2	1	81	7996636	7996556	2.50e-23	111
NC_003070.9:12875876-12876928	NC_003074.8	91.463	82	5	2	1	81	17277814	17277734	2.50e-23	111
NC_003070.9:12875876-12876928	NC_003074.8	91.463	82	5	2	1	81	17301278	17301198	2.50e-23	111
NC_003070.9:12875876-12876928	NC_003074.8	90.244	82	6	2	1	81	10821446	10821366	1.16e-21	106
NC_003070.9:12875876-12876928	NC_003074.8	90.123	81	8	0	1	81	10862401	10862481	1.16e-21	106
NC_003070.9:12875876-12876928	NC_003074.8	88.889	90	5	5	1	86	15937286	15937374	1.16e-21	106
NC_003070.9:12875876-12876928	NC_003074.8	90.244	82	6	2	1	81	16879751	16879831	1.16e-21	106
NC_003070.9:12875876-12876928	NC_003074.8	90.123	81	8	0	1	81	17063229	17063149	1.16e-21	106
NC_003070.9:12875876-12876928	NC_003074.8	90.123	81	6	2	1	80	20487142	20487063	4.18e-21	104
NC_003070.9:12875876-12876928	NC_003074.8	89.024	82	6	3	1	81	17397300	17397221	1.95e-19	99.0
NC_003070.9:12875876-12876928	NC_003074.8	91.803	61	5	0	1	61	22118613	22118673	1.52e-15	86.1
NC_003070.9:12875876-12876928	NC_003074.8	93.023	43	2	1	1012	1053	16061557	16061515	2.55e-08	62.1
NC_003070.9:12875876-12876928	NC_003074.8	89.796	49	4	1	1006	1053	16099552	16099504	2.55e-08	62.1
NC_003070.9:12875876-12876928	NC_003074.8	89.796	49	4	1	1006	1053	16213797	16213845	2.55e-08	62.1
NC_003070.9:12875876-12876928	NC_003075.7	95.077	914	41	2	4	915	11193567	11192656	0.0	1435
NC_003070.9:12875876-12876928	NC_003075.7	93.028	918	56	5	1	913	6166464	6165550	0.0	1334
NC_003070.9:12875876-12876928	NC_003075.7	92.942	921	56	6	1	915	372086	371169	0.0	1332
NC_003070.9:12875876-12876928	NC_003075.7	95.125	759	34	2	157	915	1001051	1000296	0.0	1194
NC_003070.9:12875876-12876928	NC_003075.7	94.751	762	34	5	157	915	8064563	8065321	0.0	1181
NC_003070.9:12875876-12876928	NC_003075.7	94.203	759	33	3	157	915	8729528	8728781	0.0	1147
NC_003070.9:12875876-12876928	NC_003075.7	93.430	761	35	5	157	915	5540448	5539701	0.0	1114
NC_003070.9:12875876-12876928	NC_003075.7	92.885	773	43	4	145	915	11361800	11362562	0.0	1112
NC_003070.9:12875876-12876928	NC_003075.7	92.895	760	43	3	157	915	1350526	1351275	0.0	1094
NC_003070.9:12875876-12876928	NC_003075.7	91.470	762	35	10	157	915	4147065	4147799	0.0	1020
NC_003070.9:12875876-12876928	NC_003075.7	94.677	620	28	3	297	915	16864261	16863646	0.0	957
NC_003070.9:12875876-12876928	NC_003075.7	94.231	468	23	3	449	915	965061	964597	0.0	712
NC_003070.9:12875876-12876928	NC_003075.7	93.148	467	28	3	1	464	965799	965334	0.0	682
NC_003070.9:12875876-12876928	NC_003075.7	94.878	410	19	1	506	915	683570	683977	0.0	640
NC_003070.9:12875876-12876928	NC_003075.7	94.859	389	19	1	527	915	10396119	10395732	2.62e-172	606
NC_003070.9:12875876-12876928	NC_003075.7	96.452	310	10	1	157	465	10396429	10396120	2.11e-143	510
NC_003070.9:12875876-12876928	NC_003075.7	92.754	345	23	1	1	343	683213	683557	1.64e-139	497
NC_003070.9:12875876-12876928	NC_003075.7	92.164	268	17	1	1	268	8802132	8802395	8.03e-103	375
NC_003070.9:12875876-12876928	NC_003075.7	92.500	200	12	2	1	198	14390988	14390790	5.01e-75	283
NC_003070.9:12875876-12876928	NC_003075.7	94.118	136	5	2	1	134	2520884	2521018	4.01e-51	204
NC_003070.9:12875876-12876928	NC_003075.7	94.872	117	6	0	937	1053	5539433	5539317	5.23e-45	183
NC_003070.9:12875876-12876928	NC_003075.7	93.902	82	3	2	1	81	4146126	4146206	1.16e-26	122
NC_003070.9:12875876-12876928	NC_003075.7	92.771	83	6	0	1	83	5541389	5541307	4.16e-26	121
NC_003070.9:12875876-12876928	NC_003075.7	92.683	82	4	2	1	81	1002007	1001927	5.37e-25	117
NC_003070.9:12875876-12876928	NC_003075.7	92.683	82	4	2	1	81	7853533	7853453	5.37e-25	117
NC_003070.9:12875876-12876928	NC_003075.7	92.683	82	4	2	1	81	11360870	11360950	5.37e-25	117
NC_003070.9:12875876-12876928	NC_003075.7	92.683	82	4	2	1	81	16865070	16864990	5.37e-25	117
NC_003070.9:12875876-12876928	NC_003075.7	91.463	82	5	2	1	81	8063577	8063657	2.50e-23	111
NC_003070.9:12875876-12876928	NC_003075.7	91.463	82	5	2	1	81	8730453	8730373	2.50e-23	111
NC_003070.9:12875876-12876928	NC_003075.7	86.408	103	8	6	1	101	6178448	6178546	3.23e-22	108
NC_003070.9:12875876-12876928	NC_003075.7	90.244	82	6	2	1	81	5354114	5354194	1.16e-21	106
NC_003070.9:12875876-12876928	NC_003075.7	90.244	82	7	1	1	81	7060698	7060617	1.16e-21	106
NC_003070.9:12875876-12876928	NC_003075.7	90.244	82	6	2	1	81	9763814	9763734	1.16e-21	106
NC_003070.9:12875876-12876928	NC_003075.7	89.024	82	7	2	1	81	9842608	9842528	5.41e-20	100
NC_003070.9:12875876-12876928	NC_003075.7	87.805	82	8	2	1	81	314269	314189	2.52e-18	95.3
NC_003070.9:12875876-12876928	NC_003075.7	97.674	43	1	0	1	43	6279022	6279064	3.28e-12	75.0
NC_003070.9:12875876-12876928	NC_003071.7	93.239	917	55	5	1	915	7169524	7168613	0.0	1343
NC_003070.9:12875876-12876928	NC_003071.7	92.702	918	53	8	1	915	7814691	7813785	0.0	1312
NC_003070.9:12875876-12876928	NC_003071.7	94.357	762	38	4	157	915	12801954	12802713	0.0	1164
NC_003070.9:12875876-12876928	NC_003071.7	94.598	759	30	3	157	915	13907797	13907050	0.0	1164
NC_003070.9:12875876-12876928	NC_003071.7	94.211	760	38	4	157	915	13267871	13268625	0.0	1155
NC_003070.9:12875876-12876928	NC_003071.7	94.211	760	31	5	157	915	395714	394967	0.0	1147
NC_003070.9:12875876-12876928	NC_003071.7	93.430	761	36	5	157	915	11286196	11285448	0.0	1116
NC_003070.9:12875876-12876928	NC_003071.7	93.281	759	39	3	157	915	17254287	17253541	0.0	1109
NC_003070.9:12875876-12876928	NC_003071.7	93.289	760	35	8	157	915	6924418	6923674	0.0	1107
NC_003070.9:12875876-12876928	NC_003071.7	92.810	765	42	4	154	915	500923	501677	0.0	1096
NC_003070.9:12875876-12876928	NC_003071.7	94.444	702	36	2	214	915	12093447	12092749	0.0	1077
NC_003070.9:12875876-12876928	NC_003071.7	94.135	665	32	5	254	915	6663080	6663740	0.0	1005
NC_003070.9:12875876-12876928	NC_003071.7	94.975	597	24	5	321	915	6803422	6804014	0.0	931
NC_003070.9:12875876-12876928	NC_003071.7	94.536	604	30	2	299	901	14334657	14335258	0.0	929
NC_003070.9:12875876-12876928	NC_003071.7	93.934	610	30	5	297	901	543175	543782	0.0	915
NC_003070.9:12875876-12876928	NC_003071.7	94.622	502	25	1	414	915	13336704	13336205	0.0	776
NC_003070.9:12875876-12876928	NC_003071.7	93.252	489	22	3	145	630	708360	708840	0.0	710
NC_003070.9:12875876-12876928	NC_003071.7	93.238	488	21	6	436	915	7960700	7961183	0.0	708
NC_003070.9:12875876-12876928	NC_003071.7	93.043	460	19	6	141	598	13337152	13336704	0.0	660
NC_003070.9:12875876-12876928	NC_003071.7	94.634	410	20	1	506	915	7112140	7112547	1.20e-180	634
NC_003070.9:12875876-12876928	NC_003071.7	93.415	410	23	2	506	915	6101020	6100615	9.41e-172	604
NC_003070.9:12875876-12876928	NC_003071.7	94.531	384	19	1	17	398	7959807	7960190	7.33e-168	592
NC_003070.9:12875876-12876928	NC_003071.7	95.072	345	15	1	1	343	4024201	4024545	7.48e-153	542
NC_003070.9:12875876-12876928	NC_003071.7	93.255	341	20	2	1	339	7111784	7112123	4.57e-140	499
NC_003070.9:12875876-12876928	NC_003071.7	92.464	345	23	2	1	343	980617	980274	2.75e-137	490
NC_003070.9:12875876-12876928	NC_003071.7	93.115	305	18	1	506	810	4024558	4024859	2.17e-123	444
NC_003070.9:12875876-12876928	NC_003071.7	92.484	306	19	2	506	810	980261	979959	1.31e-120	435
NC_003070.9:12875876-12876928	NC_003071.7	94.677	263	12	1	1	261	3213354	3213092	2.85e-112	407
NC_003070.9:12875876-12876928	NC_003071.7	93.704	270	14	2	1	268	3564382	3564650	1.33e-110	401
NC_003070.9:12875876-12876928	NC_003071.7	91.860	258	19	1	7	262	6660967	6661224	8.09e-98	359
NC_003070.9:12875876-12876928	NC_003071.7	93.191	235	14	1	1	233	2962805	2962571	2.26e-93	344
NC_003070.9:12875876-12876928	NC_003071.7	81.556	347	57	6	2	344	6101375	6101032	6.48e-74	279
NC_003070.9:12875876-12876928	NC_003071.7	94.505	91	5	0	157	247	7153795	7153705	3.19e-32	141
NC_003070.9:12875876-12876928	NC_003071.7	92.683	82	4	2	1	81	11287161	11287081	5.37e-25	117
NC_003070.9:12875876-12876928	NC_003071.7	92.683	82	4	2	1	81	13908721	13908641	5.37e-25	117
NC_003070.9:12875876-12876928	NC_003071.7	91.463	82	5	2	1	81	7154736	7154656	2.50e-23	111
NC_003070.9:12875876-12876928	NC_003071.7	91.463	82	5	2	1	81	13338077	13337997	2.50e-23	111
NC_003070.9:12875876-12876928	NC_003071.7	90.244	82	6	2	1	81	499985	500065	1.16e-21	106
NC_003070.9:12875876-12876928	NC_003071.7	90.244	82	6	2	1	81	542308	542388	1.16e-21	106
NC_003070.9:12875876-12876928	NC_003071.7	90.244	82	6	2	1	81	1460925	1460845	1.16e-21	106
NC_003070.9:12875876-12876928	NC_003071.7	90.244	82	6	2	1	81	6099530	6099610	1.16e-21	106
NC_003070.9:12875876-12876928	NC_003071.7	90.244	82	6	2	1	81	6925377	6925297	1.16e-21	106
NC_003070.9:12875876-12876928	NC_003071.7	90.244	82	6	2	1	81	11399377	11399297	1.16e-21	106
NC_003070.9:12875876-12876928	NC_003071.7	90.244	82	7	1	1	81	12094425	12094344	1.16e-21	106
NC_003070.9:12875876-12876928	NC_003071.7	90.244	82	6	2	1	81	12800994	12801074	1.16e-21	106
NC_003070.9:12875876-12876928	NC_003071.7	90.244	82	6	2	1	81	19196757	19196677	1.16e-21	106
NC_003070.9:12875876-12876928	NC_003071.7	89.024	82	7	2	1	81	6384054	6383974	5.41e-20	100
NC_003070.9:12875876-12876928	NC_003071.7	87.805	82	8	2	1	81	14333785	14333865	2.52e-18	95.3
NC_003070.9:12875876-12876928	NC_003071.7	85.542	83	8	4	1	81	13266915	13266995	5.45e-15	84.2
NC_003070.9:12875876-12876928	NC_003071.7	90.625	64	3	2	83	144	6803366	6803428	1.96e-14	82.4
NC_003070.9:12517267-12518588	NC_003070.9	100.000	1322	0	0	1	1322	12517267	12518588	0.0	2442
NC_003070.9:12517267-12518588	NC_003070.9	97.436	1326	27	6	1	1322	11032185	11033507	0.0	2254
NC_003070.9:12517267-12518588	NC_003070.9	94.118	51	2	1	800	850	17929723	17929772	1.15e-12	76.8
NC_003070.9:12517267-12518588	NC_003070.9	76.433	157	28	8	1	154	19722457	19722307	1.15e-12	76.8
NC_003070.9:12517267-12518588	NC_003071.7	94.737	76	4	0	4	79	6519270	6519345	1.89e-25	119
NC_003070.9:12517267-12518588	NC_003071.7	93.333	45	1	2	800	844	6805103	6805145	2.49e-09	65.8
NC_003070.9:12517267-12518588	NC_003071.7	91.667	48	2	2	808	854	11964593	11964547	2.49e-09	65.8
NC_003070.9:12517267-12518588	NC_003074.8	83.696	92	13	2	3	93	14563489	14563399	1.91e-15	86.1
NC_003070.9:12517267-12518588	NC_003074.8	79.439	107	18	4	4	108	14671112	14671008	1.49e-11	73.1
NC_003070.9:12517267-12518588	NC_003074.8	82.667	75	12	1	4	77	16669736	16669810	2.49e-09	65.8
NC_003070.9:12517267-12518588	NC_003074.8	81.013	79	12	3	1	77	18087044	18087121	1.16e-07	60.2
NC_003070.9:12517267-12518588	NC_003075.7	90.476	63	5	1	792	854	6238896	6238835	2.47e-14	82.4
NC_003070.9:12517267-12518588	NC_003075.7	92.727	55	1	3	801	854	8458368	8458420	1.15e-12	76.8
NC_003070.9:12517267-12518588	NC_003076.8	93.750	48	1	2	808	854	14432489	14432535	5.36e-11	71.3
NC_003070.9:12517267-12518588	NC_003076.8	93.750	48	1	2	808	854	14491789	14491835	5.36e-11	71.3
NC_003070.9:12517267-12518588	NC_003076.8	92.000	50	3	1	801	850	13467307	13467355	1.93e-10	69.4
NC_003070.9:14296432-14299408	NC_003070.9	100.000	2977	0	0	1	2977	14299408	14296432	0.0	5498
NC_003070.9:14296432-14299408	NC_003070.9	93.717	1146	63	8	530	1673	1976285	1975147	0.0	1709
NC_003070.9:14296432-14299408	NC_003070.9	93.188	1145	68	9	530	1673	12855137	12854002	0.0	1674
NC_003070.9:14296432-14299408	NC_003070.9	92.677	1147	64	10	530	1673	8290707	8289578	0.0	1635
NC_003070.9:14296432-14299408	NC_003070.9	92.227	1145	80	7	530	1673	18746139	18745003	0.0	1613
NC_003070.9:14296432-14299408	NC_003070.9	93.100	913	56	5	766	1673	17552172	17551262	0.0	1330
NC_003070.9:14296432-14299408	NC_003070.9	94.249	852	46	3	823	1673	19085920	19086769	0.0	1299
NC_003070.9:14296432-14299408	NC_003070.9	94.249	852	46	3	823	1673	19172983	19172134	0.0	1299
NC_003070.9:14296432-14299408	NC_003070.9	92.929	792	31	7	1663	2452	17107531	17108299	0.0	1129
NC_003070.9:14296432-14299408	NC_003070.9	95.536	672	25	4	1661	2331	17102269	17102936	0.0	1070
NC_003070.9:14296432-14299408	NC_003070.9	94.535	677	29	6	2217	2891	17110895	17111565	0.0	1044
NC_003070.9:14296432-14299408	NC_003070.9	95.693	534	20	3	1	532	29320296	29319764	0.0	856
NC_003070.9:14296432-14299408	NC_003070.9	94.944	534	24	3	1	532	23174139	23174671	0.0	833
NC_003070.9:14296432-14299408	NC_003070.9	94.896	529	23	4	6	532	3074282	3073756	0.0	824
NC_003070.9:14296432-14299408	NC_003070.9	94.569	534	26	3	1	532	6736300	6736832	0.0	822
NC_003070.9:14296432-14299408	NC_003070.9	94.707	529	24	4	6	532	17670	18196	0.0	819
NC_003070.9:14296432-14299408	NC_003070.9	94.007	534	30	2	1	532	8291151	8290618	0.0	808
NC_003070.9:14296432-14299408	NC_003070.9	93.738	543	25	5	530	1071	29319853	29319319	0.0	806
NC_003070.9:14296432-14299408	NC_003070.9	93.554	543	27	4	530	1071	23174582	23175117	0.0	802
NC_003070.9:14296432-14299408	NC_003070.9	93.002	543	30	5	530	1071	18107	18642	0.0	785
NC_003070.9:14296432-14299408	NC_003070.9	93.246	533	34	2	2	532	1976728	1976196	0.0	784
NC_003070.9:14296432-14299408	NC_003070.9	93.246	533	31	4	2	532	12855577	12855048	0.0	780
NC_003070.9:14296432-14299408	NC_003070.9	93.861	505	28	3	1170	1673	2234396	2233894	0.0	758
NC_003070.9:14296432-14299408	NC_003070.9	91.882	542	37	4	530	1071	6736743	6737277	0.0	750
NC_003070.9:14296432-14299408	NC_003070.9	90.775	542	42	5	530	1071	3073845	3073312	0.0	717
NC_003070.9:14296432-14299408	NC_003070.9	94.508	437	22	2	98	532	18746486	18746050	0.0	673
NC_003070.9:14296432-14299408	NC_003070.9	95.939	394	14	2	1	392	17552564	17552171	0.0	638
NC_003070.9:14296432-14299408	NC_003070.9	91.796	451	31	6	2445	2891	5658392	5657944	7.47e-177	623
NC_003070.9:14296432-14299408	NC_003070.9	94.059	404	21	3	1	402	19173383	19172981	5.81e-173	610
NC_003070.9:14296432-14299408	NC_003070.9	93.812	404	22	3	1	402	19085520	19085922	2.70e-171	604
NC_003070.9:14296432-14299408	NC_003070.9	92.381	420	28	4	2	417	26170945	26170526	1.63e-168	595
NC_003070.9:14296432-14299408	NC_003070.9	91.136	440	27	8	2303	2735	16317442	16317876	9.80e-166	586
NC_003070.9:14296432-14299408	NC_003070.9	91.847	417	30	4	2	414	17900395	17900811	1.64e-163	579
NC_003070.9:14296432-14299408	NC_003070.9	91.429	420	32	4	2	417	9866892	9866473	7.63e-162	573
NC_003070.9:14296432-14299408	NC_003070.9	91.429	420	32	4	2	417	19328735	19328316	7.63e-162	573
NC_003070.9:14296432-14299408	NC_003070.9	91.367	417	31	5	2	414	7035725	7036140	1.28e-159	566
NC_003070.9:14296432-14299408	NC_003070.9	90.887	417	34	4	2	414	16807531	16807947	7.68e-157	556
NC_003070.9:14296432-14299408	NC_003070.9	90.476	420	36	4	2	417	30254991	30254572	3.57e-155	551
NC_003070.9:14296432-14299408	NC_003070.9	88.667	450	47	4	2445	2891	13408869	13409317	1.66e-153	545
NC_003070.9:14296432-14299408	NC_003070.9	94.706	340	17	1	6	344	2234727	2234388	6.02e-148	527
NC_003070.9:14296432-14299408	NC_003070.9	89.286	420	24	5	2	417	30252573	30252171	7.85e-142	507
NC_003070.9:14296432-14299408	NC_003070.9	88.305	419	38	8	2	414	16904312	16904725	2.20e-137	492
NC_003070.9:14296432-14299408	NC_003070.9	88.571	420	27	5	2	417	12329520	12329118	7.90e-137	490
NC_003070.9:14296432-14299408	NC_003070.9	88.756	418	24	7	2	414	13059356	13059755	7.90e-137	490
NC_003070.9:14296432-14299408	NC_003070.9	88.489	417	27	5	2	414	18791344	18791743	3.68e-135	484
NC_003070.9:14296432-14299408	NC_003070.9	88.305	419	26	9	1	414	8115302	8115702	4.76e-134	481
NC_003070.9:14296432-14299408	NC_003070.9	88.067	419	28	6	1	414	500853	500452	6.15e-133	477
NC_003070.9:14296432-14299408	NC_003070.9	88.010	417	29	10	2	414	19063193	19063592	7.96e-132	473
NC_003070.9:14296432-14299408	NC_003070.9	87.857	420	30	5	2	417	22993527	22993125	7.96e-132	473
NC_003070.9:14296432-14299408	NC_003070.9	87.770	417	30	5	2	414	19062499	19062898	3.70e-130	468
NC_003070.9:14296432-14299408	NC_003070.9	87.560	418	30	6	2	414	13017375	13016975	4.79e-129	464
NC_003070.9:14296432-14299408	NC_003070.9	88.384	396	22	13	2	391	11700230	11700607	2.88e-126	455
NC_003070.9:14296432-14299408	NC_003070.9	93.160	307	20	1	2	307	16825046	16825352	1.34e-124	449
NC_003070.9:14296432-14299408	NC_003070.9	92.834	307	20	2	2	307	19466414	19466109	6.24e-123	444
NC_003070.9:14296432-14299408	NC_003070.9	86.874	419	25	10	2	408	22450465	22450865	2.24e-122	442
NC_003070.9:14296432-14299408	NC_003070.9	92.484	306	21	2	2	307	23214201	23214504	1.04e-120	436
NC_003070.9:14296432-14299408	NC_003070.9	92.182	307	22	2	2	307	16325978	16326283	1.35e-119	433
NC_003070.9:14296432-14299408	NC_003070.9	86.124	418	36	11	2	417	13261667	13261270	4.86e-119	431
NC_003070.9:14296432-14299408	NC_003070.9	91.586	309	23	3	1	307	12563550	12563243	8.13e-117	424
NC_003070.9:14296432-14299408	NC_003070.9	91.531	307	24	2	2	307	12364668	12364973	2.92e-116	422
NC_003070.9:14296432-14299408	NC_003070.9	86.735	392	26	9	1	386	19995201	19994830	1.76e-113	412
NC_003070.9:14296432-14299408	NC_003070.9	80.961	541	80	13	1858	2382	13570684	13571217	8.19e-112	407
NC_003070.9:14296432-14299408	NC_003070.9	85.934	391	29	9	2	386	11736857	11736487	6.37e-108	394
NC_003070.9:14296432-14299408	NC_003070.9	92.607	257	16	3	155	408	15939781	15940037	1.39e-99	366
NC_003070.9:14296432-14299408	NC_003070.9	89.209	278	24	5	1664	1940	17405753	17405481	2.34e-92	342
NC_003070.9:14296432-14299408	NC_003070.9	91.286	241	14	6	2218	2452	5659094	5658855	3.05e-86	322
NC_003070.9:14296432-14299408	NC_003070.9	89.451	237	23	2	1660	1896	21260146	21260380	5.14e-79	298
NC_003070.9:14296432-14299408	NC_003070.9	90.498	221	13	3	2106	2319	17405476	17405257	4.00e-75	285
NC_003070.9:14296432-14299408	NC_003070.9	86.864	236	15	10	2218	2452	21260377	21260597	1.46e-64	250
NC_003070.9:14296432-14299408	NC_003070.9	86.555	238	12	13	2218	2452	11352173	11351953	6.79e-63	244
NC_003070.9:14296432-14299408	NC_003070.9	86.792	212	23	4	1686	1896	13407453	13407660	5.29e-59	231
NC_003070.9:14296432-14299408	NC_003070.9	90.683	161	8	2	2106	2259	17405914	17405754	8.91e-52	207
NC_003070.9:14296432-14299408	NC_003070.9	85.859	198	13	12	2218	2412	13407657	13407842	1.93e-48	196
NC_003070.9:14296432-14299408	NC_003070.9	93.860	114	7	0	1	114	18746613	18746500	3.25e-41	172
NC_003070.9:14296432-14299408	NC_003070.9	95.327	107	5	0	1659	1765	19403475	19403369	1.17e-40	171
NC_003070.9:14296432-14299408	NC_003070.9	100.000	90	0	0	443	532	14298879	14298790	1.51e-39	167
NC_003070.9:14296432-14299408	NC_003070.9	100.000	90	0	0	530	619	14298966	14298877	1.51e-39	167
NC_003070.9:14296432-14299408	NC_003070.9	95.745	94	2	2	2884	2976	2233912	2233820	1.52e-34	150
NC_003070.9:14296432-14299408	NC_003070.9	96.552	87	3	0	2891	2977	8289589	8289503	7.09e-33	145
NC_003070.9:14296432-14299408	NC_003070.9	96.341	82	3	0	1659	1740	17102188	17102269	4.27e-30	135
NC_003070.9:14296432-14299408	NC_003070.9	97.183	71	2	0	2907	2977	23175136	23175206	1.19e-25	121
NC_003070.9:14296432-14299408	NC_003070.9	80.392	153	21	9	1759	1906	16342824	16342676	9.30e-22	108
NC_003070.9:14296432-14299408	NC_003070.9	80.132	151	23	7	1759	1906	16341124	16340978	3.34e-21	106
NC_003070.9:14296432-14299408	NC_003070.9	87.952	83	10	0	2894	2976	19736502	19736584	5.60e-19	99.0
NC_003070.9:14296432-14299408	NC_003070.9	89.333	75	6	2	2884	2957	1975165	1975092	2.60e-17	93.5
NC_003070.9:14296432-14299408	NC_003070.9	85.106	94	3	3	2884	2976	12854020	12853937	4.36e-15	86.1
NC_003070.9:14296432-14299408	NC_003070.9	90.566	53	2	3	1847	1896	5659143	5659091	1.58e-09	67.6
NC_003070.9:14296432-14299408	NC_003071.7	92.289	1686	94	26	1	1673	12555771	12554109	0.0	2361
NC_003070.9:14296432-14299408	NC_003071.7	94.834	1142	49	8	530	1667	5466141	5465006	0.0	1773
NC_003070.9:14296432-14299408	NC_003071.7	92.066	1147	67	9	530	1673	1460046	1458921	0.0	1592
NC_003070.9:14296432-14299408	NC_003071.7	90.925	1146	63	10	530	1673	6101547	6102653	0.0	1502
NC_003070.9:14296432-14299408	NC_003071.7	93.375	951	56	7	638	1586	5843583	5842638	0.0	1400
NC_003070.9:14296432-14299408	NC_003071.7	93.647	913	50	6	766	1673	10468260	10467351	0.0	1358
NC_003070.9:14296432-14299408	NC_003071.7	94.911	845	27	11	1646	2482	10682740	10683576	0.0	1308
NC_003070.9:14296432-14299408	NC_003071.7	92.325	912	65	5	537	1445	11398603	11397694	0.0	1291
NC_003070.9:14296432-14299408	NC_003071.7	94.569	534	27	2	1	532	1460490	1459957	0.0	824
NC_003070.9:14296432-14299408	NC_003071.7	94.382	534	28	2	1	532	5466585	5466052	0.0	819
NC_003070.9:14296432-14299408	NC_003071.7	94.257	505	26	3	1170	1673	19195986	19195484	0.0	769
NC_003070.9:14296432-14299408	NC_003071.7	91.882	542	25	5	530	1071	6383347	6382825	0.0	739
NC_003070.9:14296432-14299408	NC_003071.7	91.098	528	39	5	1932	2452	4086485	4085959	0.0	708
NC_003070.9:14296432-14299408	NC_003071.7	94.253	435	22	3	100	532	6383692	6383259	0.0	662
NC_003070.9:14296432-14299408	NC_003071.7	95.939	394	14	2	1	392	10468652	10468259	0.0	638
NC_003070.9:14296432-14299408	NC_003071.7	93.765	417	22	4	2	414	13267447	13267863	7.47e-177	623
NC_003070.9:14296432-14299408	NC_003071.7	90.949	453	33	8	2445	2892	5608144	5608593	9.73e-171	603
NC_003070.9:14296432-14299408	NC_003071.7	92.619	420	27	4	2	417	6924842	6924423	3.50e-170	601
NC_003070.9:14296432-14299408	NC_003071.7	89.978	449	37	3	2445	2891	4085516	4085074	7.63e-162	573
NC_003070.9:14296432-14299408	NC_003071.7	91.449	421	28	8	2	414	12801526	12801946	2.74e-161	571
NC_003070.9:14296432-14299408	NC_003071.7	94.706	340	17	1	6	344	19196317	19195978	6.02e-148	527
NC_003070.9:14296432-14299408	NC_003071.7	90.617	373	17	7	765	1136	6084371	6084726	1.71e-133	479
NC_003070.9:14296432-14299408	NC_003071.7	87.886	421	32	12	2	418	500518	500923	6.15e-133	477
NC_003070.9:14296432-14299408	NC_003071.7	88.038	418	28	6	2	414	13337545	13337145	2.21e-132	475
NC_003070.9:14296432-14299408	NC_003071.7	87.857	420	30	5	2	417	7154202	7153800	7.96e-132	473
NC_003070.9:14296432-14299408	NC_003071.7	87.234	423	30	6	2	417	17254697	17254292	6.20e-128	460
NC_003070.9:14296432-14299408	NC_003071.7	87.321	418	31	6	2	414	396122	395722	2.23e-127	459
NC_003070.9:14296432-14299408	NC_003071.7	90.517	348	24	9	2	342	14334318	14334663	3.73e-125	451
NC_003070.9:14296432-14299408	NC_003071.7	86.557	424	31	8	2	417	11286606	11286201	6.24e-123	444
NC_003070.9:14296432-14299408	NC_003071.7	93.333	300	17	3	1375	1673	6084955	6085252	8.07e-122	440
NC_003070.9:14296432-14299408	NC_003071.7	92.182	307	22	2	2	307	542842	543147	1.35e-119	433
NC_003070.9:14296432-14299408	NC_003071.7	94.853	272	11	3	2	273	6099964	6100232	2.92e-116	422
NC_003070.9:14296432-14299408	NC_003071.7	95.402	261	10	2	273	531	6101375	6101635	4.89e-114	414
NC_003070.9:14296432-14299408	NC_003071.7	85.401	411	28	8	2	408	707976	708358	4.93e-109	398
NC_003070.9:14296432-14299408	NC_003071.7	91.228	285	16	5	1168	1451	6084697	6084973	1.78e-103	379
NC_003070.9:14296432-14299408	NC_003071.7	89.958	239	19	4	1659	1896	11556303	11556069	1.10e-80	303
NC_003070.9:14296432-14299408	NC_003071.7	90.041	241	11	5	2218	2452	5607675	5607908	1.43e-79	300
NC_003070.9:14296432-14299408	NC_003071.7	87.550	249	26	4	1649	1896	8854363	8854607	1.44e-74	283
NC_003070.9:14296432-14299408	NC_003071.7	87.917	240	24	4	1658	1896	240844	241079	6.70e-73	278
NC_003070.9:14296432-14299408	NC_003071.7	88.608	237	11	13	2218	2452	8854604	8854826	8.66e-72	274
NC_003070.9:14296432-14299408	NC_003071.7	88.608	237	12	11	2218	2452	10351800	10352023	8.66e-72	274
NC_003070.9:14296432-14299408	NC_003071.7	87.029	239	13	14	2218	2452	11556072	11555848	1.13e-65	254
NC_003070.9:14296432-14299408	NC_003071.7	86.250	240	15	11	2218	2452	241271	241497	6.79e-63	244
NC_003070.9:14296432-14299408	NC_003071.7	96.575	146	5	0	2707	2852	10682598	10682743	2.44e-62	243
NC_003070.9:14296432-14299408	NC_003071.7	91.489	141	11	1	1533	1673	11397698	11397559	2.50e-47	193
NC_003070.9:14296432-14299408	NC_003071.7	85.526	152	20	2	1657	1808	6297991	6297842	9.10e-37	158
NC_003070.9:14296432-14299408	NC_003071.7	85.535	159	11	7	2218	2375	19528159	19528306	3.27e-36	156
NC_003070.9:14296432-14299408	NC_003071.7	95.745	94	2	2	2884	2976	19195502	19195410	1.52e-34	150
NC_003070.9:14296432-14299408	NC_003071.7	94.737	95	3	2	2884	2977	1458939	1458846	1.97e-33	147
NC_003070.9:14296432-14299408	NC_003071.7	96.471	85	3	0	2892	2976	5465007	5464923	9.17e-32	141
NC_003070.9:14296432-14299408	NC_003071.7	92.553	94	5	2	2884	2976	6102635	6102727	1.53e-29	134
NC_003070.9:14296432-14299408	NC_003071.7	91.579	95	6	2	2884	2977	11397577	11397484	1.98e-28	130
NC_003070.9:14296432-14299408	NC_003071.7	82.051	156	23	5	1660	1814	17300435	17300284	7.14e-28	128
NC_003070.9:14296432-14299408	NC_003071.7	92.771	83	6	0	450	532	11398603	11398521	1.19e-25	121
NC_003070.9:14296432-14299408	NC_003071.7	87.143	70	2	5	2907	2976	6382806	6382744	3.39e-11	73.1
NC_003070.9:14296432-14299408	NC_003074.8	94.547	1137	56	5	530	1661	5622904	5624039	0.0	1751
NC_003070.9:14296432-14299408	NC_003074.8	94.246	1147	53	6	530	1673	16880685	16881821	0.0	1740
NC_003070.9:14296432-14299408	NC_003074.8	93.915	1134	65	4	531	1661	20484263	20483131	0.0	1709
NC_003070.9:14296432-14299408	NC_003074.8	90.715	1077	71	9	598	1673	20486738	20485690	0.0	1408
NC_003070.9:14296432-14299408	NC_003074.8	92.723	852	53	5	598	1448	10862818	10863661	0.0	1221
NC_003070.9:14296432-14299408	NC_003074.8	92.785	693	39	7	765	1451	17397020	17396333	0.0	992
NC_003070.9:14296432-14299408	NC_003074.8	90.143	771	61	10	1690	2452	10841717	10842480	0.0	989
NC_003070.9:14296432-14299408	NC_003074.8	96.255	534	17	3	1	532	5622461	5622993	0.0	872
NC_003070.9:14296432-14299408	NC_003074.8	96.067	534	19	2	1	532	16880241	16880774	0.0	869
NC_003070.9:14296432-14299408	NC_003074.8	95.888	535	19	3	1	532	20484709	20484175	0.0	863
NC_003070.9:14296432-14299408	NC_003074.8	95.149	536	23	3	1	534	9559247	9558713	0.0	843
NC_003070.9:14296432-14299408	NC_003074.8	87.534	746	71	13	2153	2894	10643012	10642285	0.0	843
NC_003070.9:14296432-14299408	NC_003074.8	91.026	624	41	12	1841	2452	14285452	14286072	0.0	828
NC_003070.9:14296432-14299408	NC_003074.8	94.329	529	26	4	6	532	2629587	2629061	0.0	808
NC_003070.9:14296432-14299408	NC_003074.8	91.161	577	45	4	1687	2259	7921762	7921188	0.0	778
NC_003070.9:14296432-14299408	NC_003074.8	91.978	536	35	3	530	1064	9558804	9558276	0.0	745
NC_003070.9:14296432-14299408	NC_003074.8	92.424	528	24	3	6	532	1370735	1370223	0.0	739
NC_003070.9:14296432-14299408	NC_003074.8	92.704	466	27	3	606	1071	2629029	2628571	0.0	665
NC_003070.9:14296432-14299408	NC_003074.8	89.483	542	33	6	530	1071	1370312	1369795	0.0	664
NC_003070.9:14296432-14299408	NC_003074.8	92.435	423	27	5	2	421	18746721	18747141	1.26e-169	599
NC_003070.9:14296432-14299408	NC_003074.8	92.399	421	27	5	2	417	10820911	10820491	1.63e-168	595
NC_003070.9:14296432-14299408	NC_003074.8	91.059	425	29	4	2	417	16172771	16172347	1.28e-159	566
NC_003070.9:14296432-14299408	NC_003074.8	91.304	414	30	5	7	414	9890554	9890967	5.94e-158	560
NC_003070.9:14296432-14299408	NC_003074.8	90.408	417	34	5	2	414	3716790	3717204	5.98e-153	544
NC_003070.9:14296432-14299408	NC_003074.8	88.692	451	43	3	2445	2893	10842916	10843360	5.98e-153	544
NC_003070.9:14296432-14299408	NC_003074.8	90.291	412	32	8	8	414	10404825	10405233	1.29e-149	532
NC_003070.9:14296432-14299408	NC_003074.8	88.836	421	26	6	2	418	17300745	17300342	4.72e-139	497
NC_003070.9:14296432-14299408	NC_003074.8	94.099	322	17	2	534	854	9385219	9385539	2.84e-136	488
NC_003070.9:14296432-14299408	NC_003074.8	88.249	417	28	5	2	414	16562070	16562469	1.71e-133	479
NC_003070.9:14296432-14299408	NC_003074.8	87.621	412	29	6	2	408	22119124	22119518	2.23e-127	459
NC_003070.9:14296432-14299408	NC_003074.8	86.842	418	33	6	2	414	17277281	17276881	4.82e-124	448
NC_003070.9:14296432-14299408	NC_003074.8	93.814	291	17	1	18	307	7996126	7995836	1.04e-120	436
NC_003070.9:14296432-14299408	NC_003074.8	92.182	307	23	1	2	307	17062710	17062404	1.35e-119	433
NC_003070.9:14296432-14299408	NC_003074.8	86.923	390	28	7	1	386	11536367	11536737	1.36e-114	416
NC_003070.9:14296432-14299408	NC_003074.8	86.889	389	28	11	2	386	17143970	17143601	4.89e-114	414
NC_003070.9:14296432-14299408	NC_003074.8	91.667	300	23	2	1375	1673	17396351	17396053	4.89e-114	414
NC_003070.9:14296432-14299408	NC_003074.8	86.889	389	28	7	2	386	20786933	20787302	4.89e-114	414
NC_003070.9:14296432-14299408	NC_003074.8	91.118	304	22	4	1654	1957	14272653	14272951	8.19e-112	407
NC_003070.9:14296432-14299408	NC_003074.8	86.375	389	30	7	2	386	5745388	5745019	1.06e-110	403
NC_003070.9:14296432-14299408	NC_003074.8	92.562	242	9	8	2218	2452	17033541	17033780	3.03e-91	339
NC_003070.9:14296432-14299408	NC_003074.8	91.393	244	19	2	1430	1673	8188933	8189174	1.41e-89	333
NC_003070.9:14296432-14299408	NC_003074.8	87.285	291	18	3	2	290	9385814	9385541	5.10e-84	315
NC_003070.9:14296432-14299408	NC_003074.8	82.086	374	49	14	1704	2070	15450246	15450608	1.10e-80	303
NC_003070.9:14296432-14299408	NC_003074.8	89.540	239	21	4	1659	1896	15978135	15977900	1.43e-79	300
NC_003070.9:14296432-14299408	NC_003074.8	90.826	218	17	3	172	386	15452795	15452578	3.09e-76	289
NC_003070.9:14296432-14299408	NC_003074.8	96.045	177	5	2	173	348	9385008	9385183	1.11e-75	287
NC_003070.9:14296432-14299408	NC_003074.8	86.611	239	28	4	1659	1896	5792496	5792731	6.74e-68	261
NC_003070.9:14296432-14299408	NC_003074.8	88.073	218	21	5	1680	1896	17033331	17033544	1.13e-65	254
NC_003070.9:14296432-14299408	NC_003074.8	86.920	237	14	12	2218	2450	5380009	5379786	1.46e-64	250
NC_003070.9:14296432-14299408	NC_003074.8	86.555	238	16	11	2218	2452	5792728	5792952	5.25e-64	248
NC_003070.9:14296432-14299408	NC_003074.8	93.413	167	9	2	1660	1825	7922197	7922032	1.89e-63	246
NC_003070.9:14296432-14299408	NC_003074.8	85.892	241	15	14	2218	2452	20875827	20876054	3.16e-61	239
NC_003070.9:14296432-14299408	NC_003074.8	94.558	147	8	0	1446	1592	10865705	10865851	6.84e-58	228
NC_003070.9:14296432-14299408	NC_003074.8	86.364	198	14	10	2217	2412	15977904	15977718	1.15e-50	204
NC_003070.9:14296432-14299408	NC_003074.8	91.837	147	9	3	271	414	9385005	9384859	4.15e-50	202
NC_003070.9:14296432-14299408	NC_003074.8	94.872	117	5	1	530	646	2629149	2629034	5.40e-44	182
NC_003070.9:14296432-14299408	NC_003074.8	94.792	96	4	1	1578	1673	10865881	10865975	5.48e-34	148
NC_003070.9:14296432-14299408	NC_003074.8	94.792	96	3	2	2883	2977	17396072	17395978	5.48e-34	148
NC_003070.9:14296432-14299408	NC_003074.8	96.512	86	3	0	447	532	9385219	9385304	2.55e-32	143
NC_003070.9:14296432-14299408	NC_003074.8	86.260	131	16	1	1660	1790	7291968	7291840	9.17e-32	141
NC_003070.9:14296432-14299408	NC_003074.8	93.684	95	4	2	2884	2977	20483138	20483045	9.17e-32	141
NC_003070.9:14296432-14299408	NC_003074.8	93.617	94	4	2	2884	2976	10865957	10866049	3.30e-31	139
NC_003070.9:14296432-14299408	NC_003074.8	90.426	94	7	2	2884	2976	5624032	5624124	3.32e-26	122
NC_003070.9:14296432-14299408	NC_003074.8	90.426	94	7	2	2884	2977	8189158	8189249	3.32e-26	122
NC_003070.9:14296432-14299408	NC_003074.8	98.529	68	1	0	2910	2977	9558269	9558202	1.19e-25	121
NC_003070.9:14296432-14299408	NC_003074.8	90.805	87	4	1	2891	2977	20485701	20485619	2.00e-23	113
NC_003070.9:14296432-14299408	NC_003074.8	90.361	83	8	0	2894	2976	15293481	15293563	2.59e-22	110
NC_003070.9:14296432-14299408	NC_003074.8	94.000	50	2	1	2907	2956	1369776	1369728	9.43e-12	75.0
NC_003070.9:14296432-14299408	NC_003076.8	94.449	1135	57	5	530	1661	20398620	20399751	0.0	1742
NC_003070.9:14296432-14299408	NC_003076.8	94.014	1136	64	4	530	1661	19671627	19672762	0.0	1718
NC_003070.9:14296432-14299408	NC_003076.8	93.461	1147	65	7	530	1673	7712011	7713150	0.0	1694
NC_003070.9:14296432-14299408	NC_003076.8	93.275	1145	71	6	530	1673	355000	356139	0.0	1683
NC_003070.9:14296432-14299408	NC_003076.8	91.817	1161	77	9	530	1673	8683858	8685017	0.0	1602
NC_003070.9:14296432-14299408	NC_003076.8	94.675	845	29	11	1646	2482	10270546	10269710	0.0	1297
NC_003070.9:14296432-14299408	NC_003076.8	87.570	1078	83	31	1840	2908	9754190	9755225	0.0	1201
NC_003070.9:14296432-14299408	NC_003076.8	95.522	536	19	4	1	532	19671182	19671716	0.0	852
NC_003070.9:14296432-14299408	NC_003076.8	94.485	544	30	0	1118	1661	17956547	17957090	0.0	839
NC_003070.9:14296432-14299408	NC_003076.8	94.944	534	24	3	2	532	8683415	8683948	0.0	833
NC_003070.9:14296432-14299408	NC_003076.8	94.915	531	22	4	6	532	15342258	15341729	0.0	826
NC_003070.9:14296432-14299408	NC_003076.8	94.549	532	25	4	2	531	13918357	13917828	0.0	819
NC_003070.9:14296432-14299408	NC_003076.8	94.184	533	28	3	2	532	7711569	7712100	0.0	809
NC_003070.9:14296432-14299408	NC_003076.8	93.843	536	31	2	1	534	14760749	14760214	0.0	806
NC_003070.9:14296432-14299408	NC_003076.8	93.186	543	29	4	530	1071	13917916	13917381	0.0	791
NC_003070.9:14296432-14299408	NC_003076.8	90.516	601	47	6	530	1129	13982684	13983275	0.0	785
NC_003070.9:14296432-14299408	NC_003076.8	93.110	537	28	5	2	532	354556	355089	0.0	778
NC_003070.9:14296432-14299408	NC_003076.8	91.800	561	39	7	1116	1673	13983693	13984249	0.0	774
NC_003070.9:14296432-14299408	NC_003076.8	94.257	505	26	3	1170	1673	19930787	19930285	0.0	769
NC_003070.9:14296432-14299408	NC_003076.8	93.465	505	27	4	1170	1673	5129065	5128566	0.0	745
NC_003070.9:14296432-14299408	NC_003076.8	90.676	547	26	7	534	1078	15341814	15341291	0.0	704
NC_003070.9:14296432-14299408	NC_003076.8	89.706	544	45	7	1659	2200	9753624	9754158	0.0	684
NC_003070.9:14296432-14299408	NC_003076.8	96.447	394	12	2	141	532	20398316	20398709	0.0	649
NC_003070.9:14296432-14299408	NC_003076.8	91.353	451	33	6	2445	2891	12090738	12090290	1.62e-173	612
NC_003070.9:14296432-14299408	NC_003076.8	93.062	418	24	5	2	414	17365558	17365975	7.52e-172	606
NC_003070.9:14296432-14299408	NC_003076.8	92.857	420	26	4	2	417	20681877	20681458	7.52e-172	606
NC_003070.9:14296432-14299408	NC_003076.8	92.566	417	27	4	2	414	8766242	8766658	1.63e-168	595
NC_003070.9:14296432-14299408	NC_003076.8	92.289	415	28	4	2	412	24187383	24186969	9.80e-166	586
NC_003070.9:14296432-14299408	NC_003076.8	91.905	420	29	5	2	417	5429517	5429099	1.27e-164	582
NC_003070.9:14296432-14299408	NC_003076.8	92.067	416	29	4	2	413	19742078	19741663	1.27e-164	582
NC_003070.9:14296432-14299408	NC_003076.8	91.811	403	29	4	19	417	14150750	14150348	2.14e-157	558
NC_003070.9:14296432-14299408	NC_003076.8	90.887	417	33	5	2	414	11025858	11026273	2.76e-156	555
NC_003070.9:14296432-14299408	NC_003076.8	90.376	426	33	7	2	422	9613126	9613548	9.94e-156	553
NC_003070.9:14296432-14299408	NC_003076.8	90.476	420	26	7	2	417	4781704	4781295	2.15e-152	542
NC_003070.9:14296432-14299408	NC_003076.8	94.706	340	17	1	6	344	19931118	19930779	6.02e-148	527
NC_003070.9:14296432-14299408	NC_003076.8	93.824	340	19	2	6	344	5129395	5129057	6.07e-143	510
NC_003070.9:14296432-14299408	NC_003076.8	89.286	420	24	5	2	417	17618151	17617749	7.85e-142	507
NC_003070.9:14296432-14299408	NC_003076.8	89.048	420	25	5	2	417	4313067	4313469	3.65e-140	501
NC_003070.9:14296432-14299408	NC_003076.8	88.810	420	25	6	2	417	20281451	20281050	1.70e-138	496
NC_003070.9:14296432-14299408	NC_003076.8	88.571	420	27	5	2	417	8746166	8745764	7.90e-137	490
NC_003070.9:14296432-14299408	NC_003076.8	88.333	420	28	5	2	417	9964484	9964082	3.68e-135	484
NC_003070.9:14296432-14299408	NC_003076.8	88.517	418	25	7	2	414	15606067	15605668	3.68e-135	484
NC_003070.9:14296432-14299408	NC_003076.8	95.098	306	13	2	100	403	3019829	3019524	4.76e-134	481
NC_003070.9:14296432-14299408	NC_003076.8	88.249	417	25	6	2	411	18854499	18854898	6.15e-133	477
NC_003070.9:14296432-14299408	NC_003076.8	88.378	413	24	8	2	408	17776262	17776656	2.21e-132	475
NC_003070.9:14296432-14299408	NC_003076.8	87.500	424	31	6	2	421	9590943	9591348	1.03e-130	470
NC_003070.9:14296432-14299408	NC_003076.8	87.589	419	33	12	2	417	1898114	1897712	3.70e-130	468
NC_003070.9:14296432-14299408	NC_003076.8	86.905	420	32	8	2	417	14082302	14081902	1.34e-124	449
NC_003070.9:14296432-14299408	NC_003076.8	92.834	307	21	1	2	307	21530622	21530928	6.24e-123	444
NC_003070.9:14296432-14299408	NC_003076.8	86.893	412	32	6	2	408	16357008	16357402	2.24e-122	442
NC_003070.9:14296432-14299408	NC_003076.8	91.803	244	19	1	530	772	14760305	14760062	3.03e-91	339
NC_003070.9:14296432-14299408	NC_003076.8	91.736	242	10	5	2218	2452	7075567	7075805	6.56e-88	327
NC_003070.9:14296432-14299408	NC_003076.8	90.456	241	16	6	2218	2452	12091439	12091200	6.60e-83	311
NC_003070.9:14296432-14299408	NC_003076.8	88.845	251	21	6	1647	1896	6073202	6073446	3.97e-80	302
NC_003070.9:14296432-14299408	NC_003076.8	88.755	249	20	7	1649	1896	7833866	7834107	5.14e-79	298
NC_003070.9:14296432-14299408	NC_003076.8	89.787	235	19	4	1663	1896	5063612	5063382	1.85e-78	296
NC_003070.9:14296432-14299408	NC_003076.8	89.496	238	20	5	1660	1896	18554307	18554540	1.85e-78	296
NC_003070.9:14296432-14299408	NC_003076.8	88.525	244	22	5	1655	1896	17276005	17275766	8.60e-77	291
NC_003070.9:14296432-14299408	NC_003076.8	89.076	238	21	4	1660	1896	19080548	19080781	8.60e-77	291
NC_003070.9:14296432-14299408	NC_003076.8	86.853	251	29	3	1647	1896	7075323	7075570	6.70e-73	278
NC_003070.9:14296432-14299408	NC_003076.8	88.186	237	14	9	2218	2452	7834104	7834328	1.12e-70	270
NC_003070.9:14296432-14299408	NC_003076.8	88.186	237	14	10	2218	2452	24436379	24436155	1.12e-70	270
NC_003070.9:14296432-14299408	NC_003076.8	80.106	377	57	14	1660	2026	13676439	13676807	5.21e-69	265
NC_003070.9:14296432-14299408	NC_003076.8	88.018	217	22	4	1680	1896	12091648	12091436	1.13e-65	254
NC_003070.9:14296432-14299408	NC_003076.8	86.920	237	17	10	2218	2452	18554537	18554761	1.13e-65	254
NC_003070.9:14296432-14299408	NC_003076.8	92.614	176	10	2	1660	1834	14732803	14732630	1.46e-64	250
NC_003070.9:14296432-14299408	NC_003076.8	86.498	237	15	13	2218	2452	5063385	5063164	6.79e-63	244
NC_003070.9:14296432-14299408	NC_003076.8	95.302	149	7	0	2707	2855	10270688	10270540	1.14e-60	237
NC_003070.9:14296432-14299408	NC_003076.8	85.294	238	19	14	2218	2452	5063030	5062806	5.29e-59	231
NC_003070.9:14296432-14299408	NC_003076.8	84.937	239	18	13	2218	2452	19080778	19081002	2.46e-57	226
NC_003070.9:14296432-14299408	NC_003076.8	85.043	234	20	11	2221	2452	18555809	18556029	8.85e-57	224
NC_003070.9:14296432-14299408	NC_003076.8	86.364	198	12	10	2218	2412	17275769	17275584	4.15e-50	202
NC_003070.9:14296432-14299408	NC_003076.8	95.789	95	2	2	2884	2977	5128584	5128491	4.24e-35	152
NC_003070.9:14296432-14299408	NC_003076.8	90.000	110	9	2	2	109	7153906	7153797	9.17e-32	141
NC_003070.9:14296432-14299408	NC_003076.8	93.617	94	4	2	2884	2976	19930303	19930211	3.30e-31	139
NC_003070.9:14296432-14299408	NC_003076.8	83.333	150	21	4	1660	1808	348367	348221	4.27e-30	135
NC_003070.9:14296432-14299408	NC_003076.8	95.714	70	3	0	2907	2976	15341283	15341214	2.00e-23	113
NC_003070.9:14296432-14299408	NC_003076.8	92.105	76	4	2	2378	2452	6073050	6072976	3.34e-21	106
NC_003070.9:14296432-14299408	NC_003076.8	84.043	94	4	3	2884	2976	356121	356204	2.03e-13	80.5
NC_003070.9:14296432-14299408	NC_003076.8	87.931	58	1	5	1637	1691	17478642	17478696	2.04e-08	63.9
NC_003070.9:14296432-14299408	NC_003076.8	85.965	57	4	4	1637	1691	17482897	17482951	9.50e-07	58.4
NC_003070.9:14296432-14299408	NC_003075.7	94.092	1134	64	3	530	1661	7059820	7058688	0.0	1720
NC_003070.9:14296432-14299408	NC_003075.7	92.066	1147	71	12	530	1673	313405	312276	0.0	1596
NC_003070.9:14296432-14299408	NC_003075.7	93.093	999	60	6	679	1673	6280480	6281473	0.0	1454
NC_003070.9:14296432-14299408	NC_003075.7	93.031	861	48	12	823	1673	9439608	9440466	0.0	1247
NC_003070.9:14296432-14299408	NC_003075.7	91.298	655	43	9	1808	2452	18251226	18250576	0.0	881
NC_003070.9:14296432-14299408	NC_003075.7	95.506	534	22	2	1	532	7060264	7059731	0.0	852
NC_003070.9:14296432-14299408	NC_003075.7	96.063	508	19	1	1166	1673	6178995	6179501	0.0	826
NC_003070.9:14296432-14299408	NC_003075.7	94.559	533	27	2	2	532	313848	313316	0.0	822
NC_003070.9:14296432-14299408	NC_003075.7	91.372	452	32	7	2445	2891	6065058	6065507	1.62e-173	612
NC_003070.9:14296432-14299408	NC_003075.7	93.812	404	22	3	2	402	9439207	9439610	2.70e-171	604
NC_003070.9:14296432-14299408	NC_003075.7	92.124	419	29	4	2	417	1001473	1001056	2.72e-166	588
NC_003070.9:14296432-14299408	NC_003075.7	92.308	416	28	4	3	414	8064142	8064557	2.72e-166	588
NC_003070.9:14296432-14299408	NC_003075.7	91.924	421	29	5	2	417	10396854	10396434	3.52e-165	584
NC_003070.9:14296432-14299408	NC_003075.7	94.370	373	16	5	765	1136	5354758	5355126	3.55e-160	568
NC_003070.9:14296432-14299408	NC_003075.7	89.145	433	39	3	2445	2875	6757269	6757695	1.29e-149	532
NC_003070.9:14296432-14299408	NC_003075.7	89.448	417	23	5	2	414	4146658	4147057	7.85e-142	507
NC_003070.9:14296432-14299408	NC_003075.7	88.571	420	27	5	2	417	5540855	5540453	7.90e-137	490
NC_003070.9:14296432-14299408	NC_003075.7	87.765	425	29	7	2	421	1350118	1350524	2.21e-132	475
NC_003070.9:14296432-14299408	NC_003075.7	88.107	412	27	6	2	408	11361404	11361798	1.03e-130	470
NC_003070.9:14296432-14299408	NC_003075.7	86.701	391	27	16	2	386	8729920	8729549	6.33e-113	411
NC_003070.9:14296432-14299408	NC_003075.7	96.476	227	8	0	1071	1297	6280052	6280278	2.31e-102	375
NC_003070.9:14296432-14299408	NC_003075.7	89.667	300	20	3	1375	1673	5355360	5355649	2.99e-101	372
NC_003070.9:14296432-14299408	NC_003075.7	90.175	285	24	4	1168	1451	5355097	5355378	3.86e-100	368
NC_003070.9:14296432-14299408	NC_003075.7	90.253	277	25	2	103	377	3894020	3893744	6.46e-98	361
NC_003070.9:14296432-14299408	NC_003075.7	90.909	253	19	3	2	253	9763281	9763032	1.09e-90	337
NC_003070.9:14296432-14299408	NC_003075.7	90.551	254	19	4	2	253	9842076	9841826	5.07e-89	331
NC_003070.9:14296432-14299408	NC_003075.7	90.795	239	17	4	1659	1896	16055476	16055242	5.10e-84	315
NC_003070.9:14296432-14299408	NC_003075.7	87.031	293	19	3	2	293	16864538	16864264	1.84e-83	313
NC_003070.9:14296432-14299408	NC_003075.7	89.916	238	21	3	1659	1896	7235160	7235394	1.10e-80	303
NC_003070.9:14296432-14299408	NC_003075.7	87.649	251	20	3	1690	1940	18251482	18251243	5.18e-74	281
NC_003070.9:14296432-14299408	NC_003075.7	94.944	178	8	1	1	177	6279433	6279610	6.70e-73	278
NC_003070.9:14296432-14299408	NC_003075.7	87.660	235	24	4	1663	1896	11979600	11979370	4.03e-70	268
NC_003070.9:14296432-14299408	NC_003075.7	87.866	239	12	13	2218	2452	6912182	6911957	5.21e-69	265
NC_003070.9:14296432-14299408	NC_003075.7	93.064	173	9	2	1659	1830	16055644	16055474	1.46e-64	250
NC_003070.9:14296432-14299408	NC_003075.7	86.611	239	15	12	2218	2452	16055245	16055020	5.25e-64	248
NC_003070.9:14296432-14299408	NC_003075.7	86.611	239	10	12	2218	2452	1777507	1777727	6.79e-63	244
NC_003070.9:14296432-14299408	NC_003075.7	85.232	237	19	11	2218	2451	1302626	1302403	1.90e-58	230
NC_003070.9:14296432-14299408	NC_003075.7	84.100	239	17	14	2218	2452	11979373	11979152	6.89e-53	211
NC_003070.9:14296432-14299408	NC_003075.7	96.552	116	4	0	1	116	6178882	6178997	2.50e-47	193
NC_003070.9:14296432-14299408	NC_003075.7	95.789	95	3	1	765	858	5354032	5354126	4.24e-35	152
NC_003070.9:14296432-14299408	NC_003075.7	95.789	95	3	1	765	858	5354394	5354488	4.24e-35	152
NC_003070.9:14296432-14299408	NC_003075.7	95.745	94	4	0	175	268	6280372	6280465	4.24e-35	152
NC_003070.9:14296432-14299408	NC_003075.7	84.906	159	12	7	2218	2375	10871014	10871161	1.52e-34	150
NC_003070.9:14296432-14299408	NC_003075.7	93.684	95	4	2	2884	2977	7058695	7058602	9.17e-32	141
NC_003070.9:14296432-14299408	NC_003075.7	93.617	94	4	2	2884	2976	312294	312202	3.30e-31	139
NC_003070.9:14296432-14299408	NC_003075.7	93.617	94	4	2	2884	2976	6179483	6179575	3.30e-31	139
NC_003070.9:14296432-14299408	NC_003075.7	95.455	88	3	1	2891	2977	6281462	6281549	3.30e-31	139
NC_003070.9:14296432-14299408	NC_003075.7	94.253	87	5	0	2891	2977	5355638	5355724	1.53e-29	134
NC_003070.9:14296432-14299408	NC_003075.7	98.413	63	0	1	2390	2452	6064535	6064596	2.59e-22	110
NC_003070.9:14296432-14299408	NC_003075.7	97.143	35	1	0	1862	1896	1302657	1302623	2.64e-07	60.2
NC_003070.9:14296432-14299408	NC_003075.7	88.000	50	6	0	1847	1896	7235418	7235467	2.64e-07	60.2
NC_003076.8:18147553-18147918	NC_003076.8	100.000	366	0	0	1	366	18147553	18147918	0.0	676
NC_003076.8:18147553-18147918	NC_003076.8	89.779	362	30	4	1	355	18113642	18114003	9.27e-128	457
NC_003076.8:18147553-18147918	NC_003076.8	94.792	192	10	0	1	192	8178107	8177916	1.65e-80	300
NC_003076.8:18147553-18147918	NC_003076.8	94.271	192	11	0	1	192	17438315	17438506	7.69e-79	294
NC_003076.8:18147553-18147918	NC_003076.8	93.583	187	11	1	6	192	13608301	13608486	7.74e-74	278
NC_003076.8:18147553-18147918	NC_003076.8	92.188	192	15	0	1	192	15213323	15213132	3.60e-72	272
NC_003076.8:18147553-18147918	NC_003076.8	92.188	192	15	0	1	192	26233532	26233341	3.60e-72	272
NC_003076.8:18147553-18147918	NC_003076.8	92.973	185	12	1	9	192	14985224	14985040	4.66e-71	268
NC_003076.8:18147553-18147918	NC_003076.8	91.146	192	17	0	1	192	8808995	8809186	7.80e-69	261
NC_003076.8:18147553-18147918	NC_003076.8	90.110	182	17	1	1	181	16387691	16387872	4.73e-61	235
NC_003076.8:18147553-18147918	NC_003076.8	90.385	156	13	2	212	366	26233258	26233104	1.33e-51	204
NC_003076.8:18147553-18147918	NC_003076.8	89.116	147	11	5	212	355	13608568	13608712	8.08e-44	178
NC_003076.8:18147553-18147918	NC_003076.8	90.769	130	12	0	213	342	16481053	16481182	1.05e-42	174
NC_003076.8:18147553-18147918	NC_003076.8	94.118	102	6	0	254	355	15213000	15212899	3.79e-37	156
NC_003076.8:18147553-18147918	NC_003076.8	93.684	95	5	1	254	347	8177771	8177677	1.06e-32	141
NC_003076.8:18147553-18147918	NC_003076.8	96.250	80	3	0	254	333	17438651	17438730	6.38e-30	132
NC_003076.8:18147553-18147918	NC_003076.8	86.869	99	13	0	261	359	14984890	14984792	8.31e-24	111
NC_003076.8:18147553-18147918	NC_003074.8	91.892	370	22	4	1	364	14785551	14785184	7.01e-144	510
NC_003076.8:18147553-18147918	NC_003074.8	94.792	192	10	0	1	192	16851842	16851651	1.65e-80	300
NC_003076.8:18147553-18147918	NC_003074.8	93.750	192	12	0	1	192	15642913	15643104	3.58e-77	289
NC_003076.8:18147553-18147918	NC_003074.8	92.708	192	14	0	1	192	18976720	18976911	7.74e-74	278
NC_003076.8:18147553-18147918	NC_003074.8	91.667	192	16	0	1	192	9767683	9767874	1.68e-70	267
NC_003076.8:18147553-18147918	NC_003074.8	91.146	192	17	0	1	192	10908474	10908283	7.80e-69	261
NC_003076.8:18147553-18147918	NC_003074.8	91.146	192	17	0	1	192	19648580	19648389	7.80e-69	261
NC_003076.8:18147553-18147918	NC_003074.8	90.625	192	18	0	1	192	10791549	10791358	3.63e-67	255
NC_003076.8:18147553-18147918	NC_003074.8	90.104	192	18	1	1	192	538781	538971	6.07e-65	248
NC_003076.8:18147553-18147918	NC_003074.8	92.086	139	11	0	214	352	539055	539193	2.23e-49	196
NC_003076.8:18147553-18147918	NC_003074.8	88.435	147	15	2	214	359	9767961	9768106	2.91e-43	176
NC_003076.8:18147553-18147918	NC_003074.8	92.523	107	8	0	254	360	16851506	16851400	1.36e-36	154
NC_003076.8:18147553-18147918	NC_003074.8	92.308	104	8	0	252	355	15783489	15783592	6.33e-35	148
NC_003076.8:18147553-18147918	NC_003074.8	91.176	102	9	0	254	355	10908105	10908004	3.81e-32	139
NC_003076.8:18147553-18147918	NC_003074.8	87.826	115	13	1	252	366	10791215	10791102	1.77e-30	134
NC_003076.8:18147553-18147918	NC_003074.8	90.196	102	10	0	254	355	19648244	19648143	1.77e-30	134
NC_003076.8:18147553-18147918	NC_003074.8	95.000	80	4	0	254	333	15643249	15643328	2.97e-28	126
NC_003076.8:18147553-18147918	NC_003074.8	88.462	104	12	0	252	355	18977053	18977156	2.97e-28	126
NC_003076.8:18147553-18147918	NC_003075.7	92.547	322	21	2	1	321	4876061	4875742	2.58e-128	459
NC_003076.8:18147553-18147918	NC_003075.7	94.271	192	11	0	1	192	4650110	4650301	7.69e-79	294
NC_003076.8:18147553-18147918	NC_003075.7	92.708	192	14	0	1	192	4685638	4685829	7.74e-74	278
NC_003076.8:18147553-18147918	NC_003075.7	90.625	192	17	1	1	192	2316524	2316334	1.31e-66	254
NC_003076.8:18147553-18147918	NC_003075.7	90.110	182	15	3	7	187	15592385	15592206	1.70e-60	233
NC_003076.8:18147553-18147918	NC_003075.7	94.118	102	6	0	254	355	2316190	2316089	3.79e-37	156
NC_003076.8:18147553-18147918	NC_003075.7	94.118	102	6	0	254	355	4650446	4650547	3.79e-37	156
NC_003076.8:18147553-18147918	NC_003075.7	93.137	102	7	0	254	355	4685974	4686075	1.76e-35	150
NC_003076.8:18147553-18147918	NC_003075.7	90.566	106	10	0	254	359	12713800	12713695	1.06e-32	141
NC_003076.8:18147553-18147918	NC_003075.7	88.235	102	12	0	254	355	16705761	16705862	3.84e-27	122
NC_003076.8:18147553-18147918	NC_003071.7	85.637	369	31	13	1	360	510988	511343	4.47e-101	368
NC_003076.8:18147553-18147918	NC_003071.7	94.271	192	11	0	1	192	11129218	11129027	7.69e-79	294
NC_003076.8:18147553-18147918	NC_003071.7	93.750	192	12	0	1	192	2820420	2820611	3.58e-77	289
NC_003076.8:18147553-18147918	NC_003071.7	92.188	192	15	0	1	192	6946155	6946346	3.60e-72	272
NC_003076.8:18147553-18147918	NC_003071.7	91.667	192	16	0	1	192	10406501	10406692	1.68e-70	267
NC_003076.8:18147553-18147918	NC_003071.7	90.860	186	17	0	7	192	2735209	2735024	1.69e-65	250
NC_003076.8:18147553-18147918	NC_003071.7	87.500	192	12	1	1	192	4307703	4307524	7.97e-54	211
NC_003076.8:18147553-18147918	NC_003071.7	91.489	141	12	0	215	355	10406954	10407094	8.02e-49	195
NC_003076.8:18147553-18147918	NC_003071.7	88.961	154	15	2	212	364	19268741	19268589	3.73e-47	189
NC_003076.8:18147553-18147918	NC_003071.7	89.286	140	15	0	216	355	11128951	11128812	2.91e-43	176
NC_003076.8:18147553-18147918	NC_003071.7	90.741	108	9	1	252	359	2734881	2734775	2.95e-33	143
NC_003076.8:18147553-18147918	NC_003071.7	90.090	111	9	2	254	363	2820755	2820864	2.95e-33	143
NC_003076.8:18147553-18147918	NC_003071.7	91.489	94	8	0	254	347	6946491	6946584	2.29e-29	130
NC_003076.8:18147553-18147918	NC_003070.9	93.229	192	13	0	1	192	28750315	28750124	1.66e-75	283
NC_003076.8:18147553-18147918	NC_003070.9	92.708	192	14	0	1	192	8723513	8723322	7.74e-74	278
NC_003076.8:18147553-18147918	NC_003070.9	92.708	192	14	0	1	192	16998811	16998620	7.74e-74	278
NC_003076.8:18147553-18147918	NC_003070.9	92.188	192	15	0	1	192	8375151	8374960	3.60e-72	272
NC_003076.8:18147553-18147918	NC_003070.9	91.667	192	16	0	1	192	16822273	16822464	1.68e-70	267
NC_003076.8:18147553-18147918	NC_003070.9	91.146	192	16	1	1	192	9062084	9062274	2.80e-68	259
NC_003076.8:18147553-18147918	NC_003070.9	91.489	188	13	3	5	192	18126612	18126796	3.63e-67	255
NC_003076.8:18147553-18147918	NC_003070.9	89.583	192	20	0	1	192	10652930	10652739	7.85e-64	244
NC_003076.8:18147553-18147918	NC_003070.9	93.750	144	9	0	212	355	16998539	16998396	1.71e-55	217
NC_003076.8:18147553-18147918	NC_003070.9	92.000	150	11	1	212	360	16822745	16822894	2.87e-53	209
NC_003076.8:18147553-18147918	NC_003070.9	92.414	145	10	1	212	355	28750044	28749900	3.71e-52	206
NC_003076.8:18147553-18147918	NC_003070.9	91.781	146	12	0	215	360	8374692	8374547	1.33e-51	204
NC_003076.8:18147553-18147918	NC_003070.9	85.492	193	14	4	1	192	18287193	18287372	3.73e-47	189
NC_003076.8:18147553-18147918	NC_003070.9	94.286	105	6	0	254	358	13808507	13808611	8.14e-39	161
NC_003076.8:18147553-18147918	NC_003070.9	94.118	102	6	0	254	355	9062419	9062520	3.79e-37	156
NC_003076.8:18147553-18147918	NC_003070.9	87.719	114	12	2	254	366	10652594	10652482	6.38e-30	132
NC_003076.8:18147553-18147918	NC_003070.9	89.216	102	11	0	254	355	18287517	18287618	8.25e-29	128
NC_003076.8:18147553-18147918	NC_003070.9	93.056	72	5	0	284	355	11805858	11805787	3.87e-22	106
NC_003076.8:18147553-18147918	NC_003070.9	93.651	63	4	0	254	316	8723179	8723117	8.37e-19	95.3
NC_003076.8:18113641-18114003	NC_003076.8	100.000	363	0	0	1	363	18113641	18114003	0.0	671
NC_003076.8:18113641-18114003	NC_003076.8	89.807	363	30	4	1	363	18147552	18147907	2.55e-128	459
NC_003076.8:18113641-18114003	NC_003076.8	95.671	231	7	2	1	229	13608295	13608524	4.43e-101	368
NC_003076.8:18113641-18114003	NC_003076.8	95.735	211	9	0	1	211	8178108	8177898	9.65e-93	340
NC_003076.8:18113641-18114003	NC_003076.8	95.694	209	8	1	4	212	17438318	17438525	4.49e-91	335
NC_003076.8:18113641-18114003	NC_003076.8	93.043	230	14	1	2	229	26233532	26233303	4.49e-91	335
NC_003076.8:18113641-18114003	NC_003076.8	92.727	220	15	1	1	219	8808994	8809213	1.63e-85	316
NC_003076.8:18113641-18114003	NC_003076.8	94.089	203	10	2	10	211	14985224	14985023	9.79e-83	307
NC_003076.8:18113641-18114003	NC_003076.8	92.925	212	14	1	4	215	15213320	15213110	9.79e-83	307
NC_003076.8:18113641-18114003	NC_003076.8	89.520	229	21	2	3	229	16480782	16481009	1.28e-76	287
NC_003076.8:18113641-18114003	NC_003074.8	88.525	366	29	9	2	363	14785551	14785195	5.57e-120	431
NC_003076.8:18113641-18114003	NC_003074.8	95.392	217	9	1	1	217	16851843	16851628	7.46e-94	344
NC_003076.8:18113641-18114003	NC_003074.8	95.327	214	8	2	4	217	15642916	15643127	3.47e-92	339
NC_003076.8:18113641-18114003	NC_003074.8	93.043	230	13	2	2	229	538781	539009	1.62e-90	333
NC_003076.8:18113641-18114003	NC_003074.8	93.213	221	15	0	2	222	9767683	9767903	2.70e-88	326
NC_003076.8:18113641-18114003	NC_003074.8	94.737	209	10	1	4	212	18976723	18976930	9.72e-88	324
NC_003076.8:18113641-18114003	NC_003074.8	93.396	212	14	0	1	212	15783154	15783365	5.85e-85	315
NC_003076.8:18113641-18114003	NC_003074.8	92.308	208	15	1	4	211	19648577	19648371	7.62e-79	294
NC_003076.8:18113641-18114003	NC_003074.8	91.509	212	17	1	4	215	10791546	10791336	9.86e-78	291
NC_003076.8:18113641-18114003	NC_003074.8	91.346	208	17	1	4	211	10908471	10908265	1.65e-75	283
NC_003076.8:18113641-18114003	NC_003074.8	94.681	94	3	1	1	92	12981846	12981753	8.12e-34	145
NC_003076.8:18113641-18114003	NC_003074.8	95.349	86	4	0	2	87	2362774	2362689	1.36e-31	137
NC_003076.8:18113641-18114003	NC_003074.8	95.349	86	4	0	2	87	22570733	22570648	1.36e-31	137
NC_003076.8:18113641-18114003	NC_003074.8	95.522	67	2	1	151	217	10908292	10908227	3.83e-22	106
NC_003076.8:18113641-18114003	NC_003071.7	87.017	362	32	7	4	363	510991	511339	7.30e-109	394
NC_003076.8:18113641-18114003	NC_003071.7	97.807	228	5	0	2	229	11129218	11128991	7.30e-109	394
NC_003076.8:18113641-18114003	NC_003071.7	94.521	219	11	1	2	219	10406501	10406719	1.25e-91	337
NC_003076.8:18113641-18114003	NC_003071.7	94.340	212	12	0	1	212	2820419	2820630	2.70e-88	326
NC_003076.8:18113641-18114003	NC_003071.7	92.273	220	15	2	2	219	19269200	19268981	7.57e-84	311
NC_003076.8:18113641-18114003	NC_003071.7	92.453	212	15	1	5	215	2735213	2735002	4.55e-81	302
NC_003076.8:18113641-18114003	NC_003071.7	92.823	209	14	1	5	212	6946157	6946365	4.55e-81	302
NC_003076.8:18113641-18114003	NC_003071.7	88.837	215	12	3	1	215	4307704	4307502	1.29e-66	254
NC_003076.8:18113641-18114003	NC_003071.7	92.810	153	9	1	213	363	10406942	10407094	1.31e-56	220
NC_003076.8:18113641-18114003	NC_003071.7	94.286	105	6	0	259	363	2820752	2820856	8.07e-39	161
NC_003076.8:18113641-18114003	NC_003071.7	91.919	99	8	0	262	360	4307379	4307281	3.78e-32	139
NC_003076.8:18113641-18114003	NC_003070.9	94.783	230	11	1	2	230	16998811	16998582	9.58e-98	357
NC_003076.8:18113641-18114003	NC_003070.9	94.372	231	11	1	1	229	28750316	28750086	1.24e-96	353
NC_003076.8:18113641-18114003	NC_003070.9	94.064	219	12	1	2	219	8375151	8374933	5.81e-90	331
NC_003076.8:18113641-18114003	NC_003070.9	93.088	217	14	1	2	217	16822273	16822489	1.63e-85	316
NC_003076.8:18113641-18114003	NC_003070.9	92.444	225	12	4	7	229	18126613	18126834	1.63e-85	316
NC_003076.8:18113641-18114003	NC_003070.9	92.925	212	14	1	4	215	8723510	8723300	9.79e-83	307
NC_003076.8:18113641-18114003	NC_003070.9	92.453	212	15	1	1	212	9062083	9062293	4.55e-81	302
NC_003076.8:18113641-18114003	NC_003070.9	90.566	212	19	1	4	215	10652927	10652717	2.13e-74	279
NC_003076.8:18113641-18114003	NC_003070.9	92.571	175	12	1	4	178	13808207	13808380	1.67e-65	250
NC_003076.8:18113641-18114003	NC_003070.9	87.619	210	11	5	4	212	18287196	18287391	2.18e-59	230
NC_003076.8:18113641-18114003	NC_003070.9	93.464	153	8	1	213	363	8374704	8374552	2.82e-58	226
NC_003076.8:18113641-18114003	NC_003070.9	94.444	144	8	0	220	363	16998539	16998396	3.65e-57	222
NC_003076.8:18113641-18114003	NC_003070.9	92.617	149	11	0	215	363	16822740	16822888	6.10e-55	215
NC_003076.8:18113641-18114003	NC_003070.9	95.238	105	5	0	259	363	9062416	9062520	1.73e-40	167
NC_003076.8:18113641-18114003	NC_003070.9	82.895	152	6	10	213	363	11805919	11805787	4.92e-26	119
NC_003076.8:18113641-18114003	NC_003075.7	95.694	209	8	1	4	212	4650113	4650320	4.49e-91	335
NC_003076.8:18113641-18114003	NC_003075.7	93.488	215	14	0	1	215	12714137	12713923	1.26e-86	320
NC_003076.8:18113641-18114003	NC_003075.7	93.839	211	13	0	1	211	4909349	4909139	4.52e-86	318
NC_003076.8:18113641-18114003	NC_003075.7	93.780	209	12	1	4	212	4685641	4685848	2.10e-84	313
NC_003076.8:18113641-18114003	NC_003075.7	92.093	215	16	1	1	215	2316525	2316312	4.55e-81	302
NC_003076.8:18113641-18114003	NC_003075.7	92.417	211	15	1	1	211	4906331	4906122	1.64e-80	300
NC_003076.8:18113641-18114003	NC_003075.7	91.005	189	14	3	1	188	15592392	15592206	4.65e-66	252
NC_003076.8:18113641-18114003	NC_003075.7	96.078	102	4	0	262	363	2316190	2316089	1.73e-40	167
NC_003076.8:17955540-17957188	NC_003076.8	100.000	1649	0	0	1	1649	17955540	17957188	0.0	3046
NC_003076.8:17955540-17957188	NC_003076.8	94.085	710	29	6	301	1010	19913397	19912701	0.0	1066
NC_003076.8:17955540-17957188	NC_003076.8	94.075	692	35	6	323	1011	26892324	26891636	0.0	1046
NC_003076.8:17955540-17957188	NC_003076.8	93.614	689	37	6	323	1009	17481834	17481151	0.0	1022
NC_003076.8:17955540-17957188	NC_003076.8	92.308	728	39	11	301	1012	13734332	13733606	0.0	1018
NC_003076.8:17955540-17957188	NC_003076.8	91.884	727	37	11	301	1012	14080139	14079420	0.0	996
NC_003076.8:17955540-17957188	NC_003076.8	91.747	727	43	9	301	1012	5648043	5648767	0.0	994
NC_003076.8:17955540-17957188	NC_003076.8	91.460	726	45	10	301	1010	20278777	20279501	0.0	981
NC_003076.8:17955540-17957188	NC_003076.8	93.175	630	36	7	1008	1636	7712600	7713223	0.0	918
NC_003076.8:17955540-17957188	NC_003076.8	92.733	633	40	6	1008	1637	13983695	13984324	0.0	909
NC_003076.8:17955540-17957188	NC_003076.8	92.563	632	44	2	1008	1636	20399207	20399838	0.0	904
NC_003076.8:17955540-17957188	NC_003076.8	91.938	645	39	6	1008	1648	355584	356219	0.0	891
NC_003076.8:17955540-17957188	NC_003076.8	92.063	630	49	1	1008	1636	8684462	8685091	0.0	885
NC_003076.8:17955540-17957188	NC_003076.8	88.844	735	63	12	301	1019	15535291	15536022	0.0	885
NC_003076.8:17955540-17957188	NC_003076.8	89.103	725	60	12	301	1009	7488256	7488977	0.0	883
NC_003076.8:17955540-17957188	NC_003076.8	89.103	725	60	12	301	1009	15031091	15031812	0.0	883
NC_003076.8:17955540-17957188	NC_003076.8	94.118	578	32	2	1060	1636	19930787	19930211	0.0	878
NC_003076.8:17955540-17957188	NC_003076.8	91.905	630	45	4	1008	1636	19672218	19672842	0.0	876
NC_003076.8:17955540-17957188	NC_003076.8	88.705	726	63	7	301	1009	22021696	22020973	0.0	869
NC_003076.8:17955540-17957188	NC_003076.8	93.772	578	31	4	1060	1636	5129065	5128492	0.0	863
NC_003076.8:17955540-17957188	NC_003076.8	87.828	723	58	16	298	1001	9298845	9298134	0.0	821
NC_003076.8:17955540-17957188	NC_003076.8	87.784	704	68	10	312	998	26893247	26892545	0.0	808
NC_003076.8:17955540-17957188	NC_003076.8	87.328	726	57	22	302	1013	15162956	15162252	0.0	798
NC_003076.8:17955540-17957188	NC_003076.8	86.777	726	77	11	302	1009	17398025	17398749	0.0	791
NC_003076.8:17955540-17957188	NC_003076.8	86.575	730	76	15	302	1011	9867566	9866839	0.0	785
NC_003076.8:17955540-17957188	NC_003076.8	86.602	724	80	11	302	1009	16373721	16372999	0.0	784
NC_003076.8:17955540-17957188	NC_003076.8	87.683	682	62	11	346	1010	23129539	23130215	0.0	774
NC_003076.8:17955540-17957188	NC_003076.8	86.520	727	66	15	302	1010	8601983	8602695	0.0	771
NC_003076.8:17955540-17957188	NC_003076.8	85.205	730	77	16	302	1013	24314353	24313637	0.0	721
NC_003076.8:17955540-17957188	NC_003076.8	81.471	680	70	31	346	1009	16030748	16031387	4.32e-142	507
NC_003076.8:17955540-17957188	NC_003076.8	95.088	285	12	2	3	286	3020208	3019925	2.65e-124	448
NC_003076.8:17955540-17957188	NC_003076.8	94.585	277	11	4	16	289	25264511	25264786	1.24e-117	425
NC_003076.8:17955540-17957188	NC_003076.8	94.505	273	12	3	15	286	5129835	5129565	2.08e-115	418
NC_003076.8:17955540-17957188	NC_003076.8	94.424	269	13	2	19	286	14761180	14760913	9.68e-114	412
NC_003076.8:17955540-17957188	NC_003076.8	94.161	274	10	3	15	286	15342697	15342428	9.68e-114	412
NC_003076.8:17955540-17957188	NC_003076.8	93.704	270	14	2	20	286	7711135	7711404	2.09e-110	401
NC_003076.8:17955540-17957188	NC_003076.8	93.407	273	10	2	15	286	13918791	13918526	2.71e-109	398
NC_003076.8:17955540-17957188	NC_003076.8	92.692	260	14	5	16	273	9590410	9590666	5.91e-101	370
NC_003076.8:17955540-17957188	NC_003076.8	91.954	261	16	5	15	273	9965018	9964761	3.56e-98	361
NC_003076.8:17955540-17957188	NC_003076.8	92.369	249	15	4	15	261	8765708	8765954	2.14e-95	351
NC_003076.8:17955540-17957188	NC_003076.8	90.511	274	10	5	14	286	354138	354396	2.77e-94	348
NC_003076.8:17955540-17957188	NC_003076.8	91.440	257	16	6	19	273	14082832	14082580	2.77e-94	348
NC_003076.8:17955540-17957188	NC_003076.8	91.968	249	16	4	15	262	17796786	17796541	9.96e-94	346
NC_003076.8:17955540-17957188	NC_003076.8	91.085	258	17	5	19	273	8746698	8746444	3.58e-93	344
NC_003076.8:17955540-17957188	NC_003076.8	91.051	257	18	5	19	273	14151291	14151038	1.29e-92	342
NC_003076.8:17955540-17957188	NC_003076.8	90.421	261	20	5	15	273	7154440	7154183	1.67e-91	339
NC_003076.8:17955540-17957188	NC_003076.8	90.421	261	19	6	15	273	15606602	15606346	1.67e-91	339
NC_003076.8:17955540-17957188	NC_003076.8	90.385	260	20	5	16	273	17365025	17365281	5.99e-91	337
NC_003076.8:17955540-17957188	NC_003076.8	90.385	260	20	5	16	273	21530089	21530345	5.99e-91	337
NC_003076.8:17955540-17957188	NC_003076.8	90.038	261	21	5	15	273	4312435	4312692	7.75e-90	333
NC_003076.8:17955540-17957188	NC_003076.8	90.588	255	19	5	21	273	19742612	19742361	7.75e-90	333
NC_003076.8:17955540-17957188	NC_003076.8	90.272	257	20	5	19	273	5430059	5429806	2.79e-89	331
NC_003076.8:17955540-17957188	NC_003076.8	83.469	369	29	10	301	640	19408524	19408889	2.81e-84	315
NC_003076.8:17955540-17957188	NC_003076.8	90.123	243	18	6	33	273	17775746	17775984	3.63e-83	311
NC_003076.8:17955540-17957188	NC_003076.8	88.627	255	17	7	19	269	4782225	4781979	7.86e-80	300
NC_003076.8:17955540-17957188	NC_003076.8	89.121	239	25	1	773	1010	5593028	5592790	1.02e-78	296
NC_003076.8:17955540-17957188	NC_003076.8	86.765	272	21	11	14	273	9559509	9559241	1.70e-76	289
NC_003076.8:17955540-17957188	NC_003076.8	91.866	209	12	5	67	273	17618634	17618429	6.12e-76	287
NC_003076.8:17955540-17957188	NC_003076.8	90.090	222	19	3	31	249	24187899	24187678	2.20e-75	285
NC_003076.8:17955540-17957188	NC_003076.8	95.531	179	5	3	19	196	19670804	19670980	7.92e-75	283
NC_003076.8:17955540-17957188	NC_003076.8	86.131	274	18	8	16	273	18853952	18854221	3.68e-73	278
NC_003076.8:17955540-17957188	NC_003076.8	84.674	261	25	12	15	273	9612590	9612837	1.04e-63	246
NC_003076.8:17955540-17957188	NC_003076.8	95.000	100	4	1	16	115	20398218	20398316	1.80e-36	156
NC_003076.8:17955540-17957188	NC_003076.8	95.775	71	3	0	1567	1637	15341283	15341213	3.06e-24	115
NC_003076.8:17955540-17957188	NC_003076.8	95.775	71	2	1	302	371	24586913	24586843	1.10e-23	113
NC_003076.8:17955540-17957188	NC_003076.8	94.444	72	2	2	302	371	9557812	9557883	1.42e-22	110
NC_003076.8:17955540-17957188	NC_003076.8	90.361	83	8	0	14	96	21777034	21776952	1.42e-22	110
NC_003076.8:17955540-17957188	NC_003076.8	94.444	72	3	1	301	371	22335187	22335258	1.42e-22	110
NC_003076.8:17955540-17957188	NC_003076.8	94.366	71	3	1	302	371	16871326	16871256	5.11e-22	108
NC_003076.8:17955540-17957188	NC_003076.8	93.151	73	3	2	301	371	9068335	9068407	1.84e-21	106
NC_003076.8:17955540-17957188	NC_003076.8	93.056	72	3	2	302	371	7417732	7417661	6.62e-21	104
NC_003076.8:17955540-17957188	NC_003076.8	93.056	72	3	2	302	371	26015705	26015634	6.62e-21	104
NC_003076.8:17955540-17957188	NC_003076.8	92.958	71	4	1	302	371	3566749	3566679	2.38e-20	102
NC_003076.8:17955540-17957188	NC_003076.8	91.781	73	6	0	937	1009	19153674	19153746	2.38e-20	102
NC_003076.8:17955540-17957188	NC_003076.8	92.958	71	3	2	303	371	22621343	22621413	2.38e-20	102
NC_003076.8:17955540-17957188	NC_003076.8	91.667	72	4	2	302	371	24118361	24118290	3.08e-19	99.0
NC_003076.8:17955540-17957188	NC_003076.8	100.000	40	0	0	332	371	7070350	7070311	5.19e-12	75.0
NC_003076.8:17955540-17957188	NC_003076.8	100.000	40	0	0	332	371	16713212	16713173	5.19e-12	75.0
NC_003076.8:17955540-17957188	NC_003070.9	94.225	710	27	5	301	1010	14013537	14014232	0.0	1072
NC_003076.8:17955540-17957188	NC_003070.9	93.968	630	37	1	1008	1636	19172689	19172060	0.0	952
NC_003076.8:17955540-17957188	NC_003070.9	93.651	630	39	1	1008	1636	19086214	19086843	0.0	941
NC_003076.8:17955540-17957188	NC_003070.9	93.365	633	38	2	1008	1636	17551820	17551188	0.0	933
NC_003076.8:17955540-17957188	NC_003070.9	93.333	630	39	3	1008	1636	8290131	8289504	0.0	928
NC_003076.8:17955540-17957188	NC_003070.9	94.305	597	32	2	1008	1603	1975701	1975106	0.0	913
NC_003076.8:17955540-17957188	NC_003070.9	89.444	720	56	12	303	1006	9418228	9418943	0.0	891
NC_003076.8:17955540-17957188	NC_003070.9	94.037	587	32	3	1060	1645	2234396	2233812	0.0	887
NC_003076.8:17955540-17957188	NC_003070.9	91.913	643	39	6	1008	1648	12854555	12853924	0.0	887
NC_003076.8:17955540-17957188	NC_003070.9	92.965	597	40	2	1008	1603	18745557	18744962	0.0	869
NC_003076.8:17955540-17957188	NC_003070.9	88.705	726	59	11	301	1009	21128708	21127989	0.0	865
NC_003076.8:17955540-17957188	NC_003070.9	88.115	732	68	14	301	1015	12619361	12618632	0.0	852
NC_003076.8:17955540-17957188	NC_003070.9	88.382	723	64	13	301	1006	20166833	20167552	0.0	852
NC_003076.8:17955540-17957188	NC_003070.9	94.485	544	30	0	1008	1551	14298291	14297748	0.0	839
NC_003076.8:17955540-17957188	NC_003070.9	87.917	720	64	15	302	1004	3251326	3250613	0.0	826
NC_003076.8:17955540-17957188	NC_003070.9	88.171	727	41	19	301	1013	21615460	21616155	0.0	824
NC_003076.8:17955540-17957188	NC_003070.9	87.330	734	70	12	302	1014	20514405	20513674	0.0	819
NC_003076.8:17955540-17957188	NC_003070.9	88.201	695	60	12	346	1023	8539565	8538876	0.0	809
NC_003076.8:17955540-17957188	NC_003070.9	88.529	680	57	10	346	1009	9384359	9385033	0.0	804
NC_003076.8:17955540-17957188	NC_003070.9	86.731	731	76	13	302	1014	5437066	5437793	0.0	793
NC_003076.8:17955540-17957188	NC_003070.9	88.235	680	58	11	346	1009	18300469	18301142	0.0	793
NC_003076.8:17955540-17957188	NC_003070.9	86.483	725	78	13	304	1010	6515197	6514475	0.0	778
NC_003076.8:17955540-17957188	NC_003070.9	86.043	738	70	15	302	1009	696640	697374	0.0	761
NC_003076.8:17955540-17957188	NC_003070.9	85.020	741	77	16	302	1010	29774403	29775141	0.0	723
NC_003076.8:17955540-17957188	NC_003070.9	88.007	592	54	6	440	1017	3762738	3762150	0.0	684
NC_003076.8:17955540-17957188	NC_003070.9	84.861	720	64	21	334	1010	10240036	10239319	0.0	684
NC_003076.8:17955540-17957188	NC_003070.9	82.442	729	69	28	302	1011	8622922	8623610	6.97e-165	582
NC_003076.8:17955540-17957188	NC_003070.9	96.337	273	7	3	19	289	17552995	17552724	9.54e-124	446
NC_003076.8:17955540-17957188	NC_003070.9	95.539	269	10	2	19	286	2235164	2234897	9.61e-119	429
NC_003076.8:17955540-17957188	NC_003070.9	95.221	272	11	2	16	286	18747048	18746778	9.61e-119	429
NC_003076.8:17955540-17957188	NC_003070.9	95.185	270	9	4	19	286	14299839	14299572	4.47e-117	424
NC_003076.8:17955540-17957188	NC_003070.9	96.000	250	9	1	16	264	17009	17258	1.62e-111	405
NC_003076.8:17955540-17957188	NC_003070.9	96.341	246	7	2	43	286	17255	17500	5.82e-111	403
NC_003076.8:17955540-17957188	NC_003070.9	95.122	246	10	2	43	286	3074698	3074453	5.87e-106	387
NC_003076.8:17955540-17957188	NC_003070.9	92.222	270	19	2	19	286	1977163	1976894	2.73e-104	381
NC_003076.8:17955540-17957188	NC_003070.9	94.715	246	12	1	42	286	29320705	29320460	2.73e-104	381
NC_003076.8:17955540-17957188	NC_003070.9	94.332	247	13	1	19	264	3074941	3074695	3.53e-103	377
NC_003076.8:17955540-17957188	NC_003070.9	92.565	269	6	5	13	281	19085096	19085350	4.57e-102	374
NC_003076.8:17955540-17957188	NC_003070.9	89.456	294	28	3	301	592	10579977	10579685	2.12e-100	368
NC_003076.8:17955540-17957188	NC_003070.9	92.308	260	15	5	16	273	7035191	7035447	2.75e-99	364
NC_003076.8:17955540-17957188	NC_003070.9	92.607	257	14	5	19	273	19995731	19995478	2.75e-99	364
NC_003076.8:17955540-17957188	NC_003070.9	92.607	257	14	5	19	273	30253104	30252851	2.75e-99	364
NC_003076.8:17955540-17957188	NC_003070.9	91.241	274	9	3	14	286	12855995	12855736	1.28e-97	359
NC_003076.8:17955540-17957188	NC_003070.9	91.603	262	17	5	14	273	8114768	8115026	4.60e-97	357
NC_003076.8:17955540-17957188	NC_003070.9	91.571	261	18	4	14	273	12330055	12329798	4.60e-97	357
NC_003076.8:17955540-17957188	NC_003070.9	91.765	255	16	5	21	273	17899868	17900119	7.70e-95	350
NC_003076.8:17955540-17957188	NC_003070.9	91.188	261	17	6	15	273	18790926	18791182	7.70e-95	350
NC_003076.8:17955540-17957188	NC_003070.9	90.805	261	19	5	15	273	9816209	9816466	3.58e-93	344
NC_003076.8:17955540-17957188	NC_003070.9	91.255	263	7	4	19	281	19173799	19173553	3.58e-93	344
NC_003076.8:17955540-17957188	NC_003070.9	90.805	261	19	5	15	273	23213665	23213922	3.58e-93	344
NC_003076.8:17955540-17957188	NC_003070.9	90.769	260	19	5	16	273	13058823	13059079	1.29e-92	342
NC_003076.8:17955540-17957188	NC_003070.9	91.051	257	15	7	19	273	501369	501119	4.63e-92	340
NC_003076.8:17955540-17957188	NC_003070.9	90.458	262	20	5	14	273	12364133	12364391	4.63e-92	340
NC_003076.8:17955540-17957188	NC_003070.9	90.458	262	20	5	14	273	26171482	26171224	4.63e-92	340
NC_003076.8:17955540-17957188	NC_003070.9	93.103	232	15	1	19	249	3910598	3910367	1.67e-91	339
NC_003076.8:17955540-17957188	NC_003070.9	90.698	258	18	6	19	273	11737390	11737136	1.67e-91	339
NC_003076.8:17955540-17957188	NC_003070.9	92.405	237	16	2	774	1009	10579659	10579424	5.99e-91	337
NC_003076.8:17955540-17957188	NC_003070.9	90.385	260	19	6	16	273	19061965	19062220	5.99e-91	337
NC_003076.8:17955540-17957188	NC_003070.9	90.661	257	19	5	19	273	19466946	19466693	5.99e-91	337
NC_003076.8:17955540-17957188	NC_003070.9	90.769	260	10	2	19	278	8291568	8291323	2.15e-90	335
NC_003076.8:17955540-17957188	NC_003070.9	90.076	262	20	6	13	272	25963260	25963003	2.15e-90	335
NC_003076.8:17955540-17957188	NC_003070.9	91.463	246	16	5	19	262	23554436	23554194	7.75e-90	333
NC_003076.8:17955540-17957188	NC_003070.9	90.234	256	21	4	19	273	22622302	22622050	2.79e-89	331
NC_003076.8:17955540-17957188	NC_003070.9	89.615	260	21	6	16	273	22449931	22450186	1.30e-87	326
NC_003076.8:17955540-17957188	NC_003070.9	89.272	261	23	5	15	273	16325443	16325700	1.68e-86	322
NC_003076.8:17955540-17957188	NC_003070.9	89.057	265	21	8	12	273	22994064	22993805	1.68e-86	322
NC_003076.8:17955540-17957188	NC_003070.9	89.328	253	23	4	22	273	12564075	12563826	2.81e-84	315
NC_003076.8:17955540-17957188	NC_003070.9	90.083	242	15	6	25	262	13262194	13261958	1.69e-81	305
NC_003076.8:17955540-17957188	NC_003070.9	88.327	257	14	7	19	273	9867411	9867169	3.66e-78	294
NC_003076.8:17955540-17957188	NC_003070.9	90.991	222	15	4	757	974	20560063	20560283	3.66e-78	294
NC_003076.8:17955540-17957188	NC_003070.9	87.645	259	18	6	15	272	8490195	8489950	1.70e-76	289
NC_003076.8:17955540-17957188	NC_003070.9	87.170	265	21	10	14	273	16806987	16807243	1.70e-76	289
NC_003076.8:17955540-17957188	NC_003070.9	91.542	201	16	1	810	1009	20172609	20172809	1.32e-72	276
NC_003076.8:17955540-17957188	NC_003070.9	86.873	259	17	5	16	273	4785461	4785703	4.76e-72	274
NC_003076.8:17955540-17957188	NC_003070.9	97.143	70	2	0	1567	1636	23175136	23175205	2.36e-25	119
NC_003076.8:17955540-17957188	NC_003070.9	95.775	71	2	1	302	371	2473051	2473121	1.10e-23	113
NC_003076.8:17955540-17957188	NC_003070.9	95.775	71	2	1	302	371	26881123	26881053	1.10e-23	113
NC_003076.8:17955540-17957188	NC_003070.9	94.521	73	2	2	301	371	540582	540654	3.95e-23	111
NC_003076.8:17955540-17957188	NC_003070.9	94.521	73	2	2	301	371	4583396	4583324	3.95e-23	111
NC_003076.8:17955540-17957188	NC_003070.9	94.444	72	3	1	301	371	5899354	5899425	1.42e-22	110
NC_003076.8:17955540-17957188	NC_003070.9	94.286	70	4	0	1567	1636	18661	18730	5.11e-22	108
NC_003076.8:17955540-17957188	NC_003070.9	94.366	71	3	1	302	371	5863347	5863277	5.11e-22	108
NC_003076.8:17955540-17957188	NC_003070.9	93.151	73	3	2	301	371	13495587	13495659	1.84e-21	106
NC_003076.8:17955540-17957188	NC_003070.9	93.056	72	3	2	302	371	6218742	6218813	6.62e-21	104
NC_003076.8:17955540-17957188	NC_003070.9	93.151	73	2	3	302	371	27241124	27241052	6.62e-21	104
NC_003076.8:17955540-17957188	NC_003070.9	91.892	74	3	3	301	371	17502633	17502560	8.56e-20	100
NC_003076.8:17955540-17957188	NC_003070.9	91.429	70	6	0	1567	1636	6737296	6737365	1.11e-18	97.1
NC_003076.8:17955540-17957188	NC_003070.9	90.541	74	4	3	301	371	2587429	2587502	3.98e-18	95.3
NC_003076.8:17955540-17957188	NC_003070.9	100.000	40	0	0	332	371	24718857	24718818	5.19e-12	75.0
NC_003076.8:17955540-17957188	NC_003070.9	97.368	38	1	0	1567	1604	29319300	29319263	3.12e-09	65.8
NC_003076.8:17955540-17957188	NC_003070.9	77.391	115	18	8	888	1001	11522833	11522940	4.04e-08	62.1
NC_003076.8:17955540-17957188	NC_003071.7	94.194	689	35	5	323	1009	7351339	7350654	0.0	1046
NC_003076.8:17955540-17957188	NC_003071.7	93.228	635	38	3	1008	1638	10467908	10467275	0.0	929
NC_003076.8:17955540-17957188	NC_003071.7	92.846	643	42	4	1008	1647	12554663	12554022	0.0	929
NC_003076.8:17955540-17957188	NC_003071.7	92.969	640	34	5	1008	1641	5465553	5464919	0.0	922
NC_003076.8:17955540-17957188	NC_003071.7	92.381	630	45	3	1008	1636	1459474	1458847	0.0	894
NC_003076.8:17955540-17957188	NC_003071.7	94.128	579	32	2	1060	1637	19195986	19195409	0.0	880
NC_003076.8:17955540-17957188	NC_003071.7	88.721	727	59	13	301	1009	3197781	3198502	0.0	867
NC_003076.8:17955540-17957188	NC_003071.7	89.205	704	55	14	301	986	9456039	9455339	0.0	859
NC_003076.8:17955540-17957188	NC_003071.7	88.017	726	67	13	301	1009	1322134	1322856	0.0	841
NC_003076.8:17955540-17957188	NC_003071.7	87.225	728	74	12	302	1011	8173559	8172833	0.0	811
NC_003076.8:17955540-17957188	NC_003071.7	86.863	746	73	15	304	1028	9030531	9029790	0.0	811
NC_003076.8:17955540-17957188	NC_003071.7	90.317	630	38	7	1008	1636	6102120	6102727	0.0	804
NC_003076.8:17955540-17957188	NC_003071.7	87.204	719	73	11	302	1001	7176867	7177585	0.0	800
NC_003076.8:17955540-17957188	NC_003071.7	86.849	730	76	12	302	1012	10070240	10070968	0.0	798
NC_003076.8:17955540-17957188	NC_003071.7	87.959	681	59	11	346	1009	11909046	11909720	0.0	782
NC_003076.8:17955540-17957188	NC_003071.7	86.119	742	82	14	302	1026	1347354	1348091	0.0	780
NC_003076.8:17955540-17957188	NC_003071.7	96.596	470	15	1	1008	1476	5843107	5842638	0.0	778
NC_003076.8:17955540-17957188	NC_003071.7	87.977	682	49	16	346	1009	1038247	1038913	0.0	774
NC_003076.8:17955540-17957188	NC_003071.7	86.245	727	79	14	302	1009	14572618	14571894	0.0	769
NC_003076.8:17955540-17957188	NC_003071.7	87.353	680	61	11	346	1008	2320734	2320063	0.0	756
NC_003076.8:17955540-17957188	NC_003071.7	85.124	726	61	24	302	1010	1383720	1384415	0.0	699
NC_003076.8:17955540-17957188	NC_003071.7	83.699	730	70	19	302	1013	10996349	10997047	0.0	643
NC_003076.8:17955540-17957188	NC_003071.7	92.632	380	26	2	1266	1644	6084956	6085334	9.15e-154	545
NC_003076.8:17955540-17957188	NC_003071.7	94.225	329	18	1	1008	1335	11398022	11397694	2.01e-140	501
NC_003076.8:17955540-17957188	NC_003071.7	96.911	259	6	1	28	286	5843961	5843705	7.43e-120	433
NC_003076.8:17955540-17957188	NC_003071.7	95.588	272	8	3	16	286	6099530	6099798	7.43e-120	433
NC_003076.8:17955540-17957188	NC_003071.7	95.880	267	9	2	19	284	11399374	11399109	2.67e-119	431
NC_003076.8:17955540-17957188	NC_003071.7	95.221	272	12	1	16	286	6084090	6084361	9.61e-119	429
NC_003076.8:17955540-17957188	NC_003071.7	95.539	269	9	3	19	286	1460922	1460656	3.46e-118	427
NC_003076.8:17955540-17957188	NC_003071.7	93.728	287	13	3	1	286	12556218	12555936	1.24e-117	425
NC_003076.8:17955540-17957188	NC_003071.7	95.113	266	11	2	22	286	19196751	19196487	2.08e-115	418
NC_003076.8:17955540-17957188	NC_003071.7	93.796	274	11	2	14	286	6384056	6383788	4.50e-112	407
NC_003076.8:17955540-17957188	NC_003071.7	90.877	285	17	5	1058	1341	6084697	6084973	4.57e-102	374
NC_003076.8:17955540-17957188	NC_003071.7	92.218	257	15	5	19	273	13908718	13908465	1.28e-97	359
NC_003076.8:17955540-17957188	NC_003071.7	92.400	250	15	4	14	261	17255235	17254988	5.95e-96	353
NC_003076.8:17955540-17957188	NC_003071.7	91.154	260	18	5	16	273	499985	500241	2.77e-94	348
NC_003076.8:17955540-17957188	NC_003071.7	90.769	260	19	5	16	273	12800994	12801250	1.29e-92	342
NC_003076.8:17955540-17957188	NC_003071.7	90.458	262	20	5	14	273	6925379	6925121	4.63e-92	340
NC_003076.8:17955540-17957188	NC_003071.7	90.189	265	21	5	11	273	7154741	7154480	4.63e-92	340
NC_003076.8:17955540-17957188	NC_003071.7	90.074	272	12	7	15	286	5467005	5466749	1.67e-91	339
NC_003076.8:17955540-17957188	NC_003071.7	90.661	257	17	7	19	273	13338074	13337823	2.15e-90	335
NC_003076.8:17955540-17957188	NC_003071.7	90.000	260	21	4	16	273	542308	542564	2.79e-89	331
NC_003076.8:17955540-17957188	NC_003071.7	88.506	261	25	5	15	273	14333784	14334041	3.63e-83	311
NC_003076.8:17955540-17957188	NC_003071.7	91.589	214	18	0	1423	1636	11397698	11397485	1.02e-78	296
NC_003076.8:17955540-17957188	NC_003071.7	92.040	201	15	1	810	1009	9584807	9584607	2.85e-74	281
NC_003076.8:17955540-17957188	NC_003071.7	88.085	235	24	4	810	1041	6901391	6901158	1.32e-72	276
NC_003076.8:17955540-17957188	NC_003071.7	96.296	162	6	0	14	175	11287163	11287002	7.97e-70	267
NC_003076.8:17955540-17957188	NC_003071.7	88.584	219	19	5	334	547	9311458	9311241	3.71e-68	261
NC_003076.8:17955540-17957188	NC_003071.7	94.915	118	4	2	13	129	6101380	6101264	8.26e-45	183
NC_003076.8:17955540-17957188	NC_003071.7	97.015	67	2	0	42	108	12555279	12555213	1.10e-23	113
NC_003076.8:17955540-17957188	NC_003071.7	94.521	73	2	2	301	371	4025813	4025741	3.95e-23	111
NC_003076.8:17955540-17957188	NC_003071.7	94.444	72	3	1	302	372	2139220	2139149	1.42e-22	110
NC_003076.8:17955540-17957188	NC_003071.7	94.444	72	2	2	302	371	6206747	6206818	1.42e-22	110
NC_003076.8:17955540-17957188	NC_003071.7	93.056	72	4	1	302	372	1597315	1597244	6.62e-21	104
NC_003076.8:17955540-17957188	NC_003071.7	93.056	72	3	2	302	371	19172267	19172338	6.62e-21	104
NC_003076.8:17955540-17957188	NC_003071.7	91.667	72	4	2	302	371	5010251	5010322	3.08e-19	99.0
NC_003076.8:17955540-17957188	NC_003071.7	89.189	74	7	1	937	1009	1618180	1618253	5.15e-17	91.6
NC_003076.8:17955540-17957188	NC_003071.7	100.000	43	0	0	329	371	15134590	15134548	1.11e-13	80.5
NC_003076.8:17955540-17957188	NC_003071.7	88.571	70	1	4	1567	1636	6382806	6382744	4.01e-13	78.7
NC_003076.8:17955540-17957188	NC_003071.7	97.674	43	1	0	329	371	1669969	1670011	5.19e-12	75.0
NC_003076.8:17955540-17957188	NC_003071.7	97.674	43	1	0	329	371	19242770	19242812	5.19e-12	75.0
NC_003076.8:17955540-17957188	NC_003071.7	100.000	40	0	0	332	371	19623465	19623426	5.19e-12	75.0
NC_003076.8:17955540-17957188	NC_003075.7	91.537	709	29	9	301	1009	6243656	6242979	0.0	948
NC_003076.8:17955540-17957188	NC_003075.7	93.651	630	39	1	1008	1636	7059232	7058603	0.0	941
NC_003076.8:17955540-17957188	NC_003075.7	92.868	631	43	2	1008	1636	6280918	6281548	0.0	915
NC_003076.8:17955540-17957188	NC_003075.7	92.332	639	42	6	1008	1644	312827	312194	0.0	902
NC_003076.8:17955540-17957188	NC_003075.7	89.359	733	57	16	301	1016	8899799	8899071	0.0	902
NC_003076.8:17955540-17957188	NC_003075.7	88.978	744	61	13	301	1026	1198863	1199603	0.0	900
NC_003076.8:17955540-17957188	NC_003075.7	94.492	581	32	0	1056	1636	6178995	6179575	0.0	896
NC_003076.8:17955540-17957188	NC_003075.7	92.893	605	35	8	1008	1604	9439904	9440508	0.0	872
NC_003076.8:17955540-17957188	NC_003075.7	88.430	726	64	12	301	1010	8819970	8820691	0.0	857
NC_003076.8:17955540-17957188	NC_003075.7	89.326	712	31	19	301	1011	9193208	9192541	0.0	852
NC_003076.8:17955540-17957188	NC_003075.7	89.019	683	53	10	346	1010	6168552	6169230	0.0	826
NC_003076.8:17955540-17957188	NC_003075.7	87.432	740	63	18	301	1013	17502045	17501309	0.0	824
NC_003076.8:17955540-17957188	NC_003075.7	87.724	725	55	13	301	1009	7231441	7230735	0.0	815
NC_003076.8:17955540-17957188	NC_003075.7	86.915	726	77	10	302	1010	12699223	12698499	0.0	798
NC_003076.8:17955540-17957188	NC_003075.7	86.639	726	79	10	302	1009	7383557	7384282	0.0	787
NC_003076.8:17955540-17957188	NC_003075.7	86.457	731	58	19	298	1009	1100987	1100279	0.0	763
NC_003076.8:17955540-17957188	NC_003075.7	90.576	382	26	2	1266	1646	5355361	5355733	2.60e-139	497
NC_003076.8:17955540-17957188	NC_003075.7	94.286	280	13	3	10	286	5354469	5354748	1.24e-117	425
NC_003076.8:17955540-17957188	NC_003075.7	93.571	280	13	4	10	286	5354107	5354384	9.68e-114	412
NC_003076.8:17955540-17957188	NC_003075.7	94.118	272	13	3	16	286	6178448	6178717	3.48e-113	411
NC_003076.8:17955540-17957188	NC_003075.7	90.526	285	23	4	1058	1341	5355097	5355378	4.57e-102	374
NC_003076.8:17955540-17957188	NC_003075.7	91.797	256	17	4	19	273	16865067	16864815	5.95e-96	353
NC_003076.8:17955540-17957188	NC_003075.7	91.221	262	17	6	14	273	11360868	11361125	2.14e-95	351
NC_003076.8:17955540-17957188	NC_003075.7	92.276	246	14	5	19	262	7853530	7853288	3.58e-93	344
NC_003076.8:17955540-17957188	NC_003075.7	90.805	261	19	5	15	273	9763815	9763558	3.58e-93	344
NC_003076.8:17955540-17957188	NC_003075.7	90.769	260	19	4	16	273	1349585	1349841	1.29e-92	342
NC_003076.8:17955540-17957188	NC_003075.7	90.110	273	11	3	15	286	314270	314013	4.63e-92	340
NC_003076.8:17955540-17957188	NC_003075.7	90.840	262	8	7	21	281	9438790	9439036	5.99e-91	337
NC_003076.8:17955540-17957188	NC_003075.7	88.550	262	25	5	14	273	10397387	10397129	1.01e-83	313
NC_003076.8:17955540-17957188	NC_003075.7	88.889	252	20	6	25	273	3898121	3897875	6.08e-81	303
NC_003076.8:17955540-17957188	NC_003075.7	88.800	250	22	6	25	273	2621997	2621753	2.19e-80	302
NC_003076.8:17955540-17957188	NC_003075.7	96.111	180	7	0	1008	1187	6280099	6280278	3.66e-78	294
NC_003076.8:17955540-17957188	NC_003075.7	91.946	149	9	2	10	158	8063571	8063716	1.76e-51	206
NC_003076.8:17955540-17957188	NC_003075.7	81.545	233	36	5	787	1014	4622045	4621815	2.30e-45	185
NC_003076.8:17955540-17957188	NC_003075.7	94.521	73	2	2	301	371	6339623	6339695	3.95e-23	111
NC_003076.8:17955540-17957188	NC_003075.7	94.444	72	3	1	301	371	1521658	1521587	1.42e-22	110
NC_003076.8:17955540-17957188	NC_003075.7	94.444	72	3	1	301	371	6115742	6115671	1.42e-22	110
NC_003076.8:17955540-17957188	NC_003075.7	92.958	71	4	1	302	371	5391883	5391953	2.38e-20	102
NC_003076.8:17955540-17957188	NC_003075.7	87.654	81	10	0	16	96	8802132	8802212	3.98e-18	95.3
NC_003076.8:17955540-17957188	NC_003075.7	89.041	73	6	2	301	371	823652	823724	1.85e-16	89.8
NC_003076.8:17955540-17957188	NC_003075.7	97.674	43	1	0	329	371	15441829	15441871	5.19e-12	75.0
NC_003076.8:17955540-17957188	NC_003074.8	92.857	630	44	1	1008	1636	5623495	5624124	0.0	913
NC_003076.8:17955540-17957188	NC_003074.8	93.770	610	34	3	1008	1616	16881267	16881873	0.0	913
NC_003076.8:17955540-17957188	NC_003074.8	92.224	643	48	2	1008	1649	20483675	20483034	0.0	909
NC_003076.8:17955540-17957188	NC_003074.8	89.256	726	59	12	303	1012	10901481	10900759	0.0	891
NC_003076.8:17955540-17957188	NC_003074.8	89.271	727	56	15	301	1009	16534572	16535294	0.0	891
NC_003076.8:17955540-17957188	NC_003074.8	88.981	726	61	12	301	1009	16678339	16677616	0.0	880
NC_003076.8:17955540-17957188	NC_003074.8	88.690	725	57	14	301	1009	5590922	5591637	0.0	861
NC_003076.8:17955540-17957188	NC_003074.8	88.382	723	66	11	301	1007	18495310	18496030	0.0	854
NC_003076.8:17955540-17957188	NC_003074.8	88.138	725	65	12	301	1009	16903051	16902332	0.0	843
NC_003076.8:17955540-17957188	NC_003074.8	87.879	726	69	10	301	1009	6940761	6941484	0.0	835
NC_003076.8:17955540-17957188	NC_003074.8	87.172	725	74	12	302	1009	8596245	8596967	0.0	806
NC_003076.8:17955540-17957188	NC_003074.8	91.695	590	34	6	1047	1636	20486194	20485620	0.0	804
NC_003076.8:17955540-17957188	NC_003074.8	87.129	707	70	14	302	990	8329351	8328648	0.0	782
NC_003076.8:17955540-17957188	NC_003074.8	86.713	715	76	11	312	1009	4468325	4467613	0.0	776
NC_003076.8:17955540-17957188	NC_003074.8	87.794	680	54	15	346	1009	20769798	20770464	0.0	769
NC_003076.8:17955540-17957188	NC_003074.8	86.257	553	58	11	302	837	18171107	18171658	1.94e-165	584
NC_003076.8:17955540-17957188	NC_003074.8	94.086	372	21	1	1266	1636	17396350	17395979	2.52e-159	564
NC_003076.8:17955540-17957188	NC_003074.8	95.087	346	14	3	1008	1352	10863330	10863673	1.18e-152	542
NC_003076.8:17955540-17957188	NC_003074.8	91.343	335	24	4	1008	1341	17396663	17396333	5.70e-126	453
NC_003076.8:17955540-17957188	NC_003074.8	92.429	317	23	1	1320	1636	8188933	8189248	2.05e-125	451
NC_003076.8:17955540-17957188	NC_003074.8	94.138	290	10	6	1	286	20485156	20484870	2.07e-120	435
NC_003076.8:17955540-17957188	NC_003074.8	94.853	272	13	1	16	286	9559683	9559412	4.47e-117	424
NC_003076.8:17955540-17957188	NC_003074.8	95.131	267	11	2	19	284	17397297	17397032	5.78e-116	420
NC_003076.8:17955540-17957188	NC_003074.8	95.935	246	8	2	43	286	1371151	1370906	2.71e-109	398
NC_003076.8:17955540-17957188	NC_003074.8	94.841	252	11	2	15	264	1371399	1371148	1.26e-107	392
NC_003076.8:17955540-17957188	NC_003074.8	87.079	356	28	11	476	817	11588940	11589291	5.87e-106	387
NC_003076.8:17955540-17957188	NC_003074.8	94.309	246	12	2	43	286	2630001	2629756	1.27e-102	375
NC_003076.8:17955540-17957188	NC_003074.8	91.418	268	12	2	19	286	20487139	20486883	4.60e-97	357
NC_003076.8:17955540-17957188	NC_003074.8	91.221	262	18	5	14	273	7996638	7996380	2.14e-95	351
NC_003076.8:17955540-17957188	NC_003074.8	91.221	262	17	6	14	273	17277816	17277559	2.14e-95	351
NC_003076.8:17955540-17957188	NC_003074.8	91.154	260	18	5	16	273	15937286	15937542	2.77e-94	348
NC_003076.8:17955540-17957188	NC_003074.8	90.458	262	18	7	15	273	10821447	10821190	1.67e-91	339
NC_003076.8:17955540-17957188	NC_003074.8	84.831	356	33	14	301	640	17209720	17210070	1.67e-91	339
NC_003076.8:17955540-17957188	NC_003074.8	90.152	264	19	7	13	273	16561650	16561909	5.99e-91	337
NC_003076.8:17955540-17957188	NC_003074.8	91.129	248	18	4	16	261	11200624	11200869	7.75e-90	333
NC_003076.8:17955540-17957188	NC_003074.8	88.889	261	23	6	14	272	18584736	18584992	7.81e-85	316
NC_003076.8:17955540-17957188	NC_003074.8	94.231	208	9	3	76	281	16879865	16880071	2.81e-84	315
NC_003076.8:17955540-17957188	NC_003074.8	88.462	260	15	6	16	273	11535844	11536090	7.86e-80	300
NC_003076.8:17955540-17957188	NC_003074.8	87.500	256	15	8	19	273	17144487	17144248	1.02e-73	279
NC_003076.8:17955540-17957188	NC_003074.8	91.542	201	16	1	810	1009	11456104	11456304	1.32e-72	276
NC_003076.8:17955540-17957188	NC_003074.8	90.500	200	17	2	810	1009	19529220	19529023	1.03e-68	263
NC_003076.8:17955540-17957188	NC_003074.8	89.163	203	21	1	810	1011	4977468	4977266	2.23e-65	252
NC_003076.8:17955540-17957188	NC_003074.8	93.491	169	11	0	1468	1636	10865881	10866049	2.23e-65	252
NC_003076.8:17955540-17957188	NC_003074.8	95.918	147	6	0	1336	1482	10865705	10865851	1.74e-61	239
NC_003076.8:17955540-17957188	NC_003074.8	88.591	149	15	2	301	447	11588801	11588949	1.07e-43	180
NC_003076.8:17955540-17957188	NC_003074.8	96.330	109	3	1	15	123	16879750	16879857	3.84e-43	178
NC_003076.8:17955540-17957188	NC_003074.8	89.815	108	8	3	16	121	9890049	9890155	2.35e-30	135
NC_003076.8:17955540-17957188	NC_003074.8	96.296	81	2	1	52	132	10392129	10392208	3.03e-29	132
NC_003076.8:17955540-17957188	NC_003074.8	97.059	68	2	0	1567	1634	2628552	2628485	3.06e-24	115
NC_003076.8:17955540-17957188	NC_003074.8	95.775	71	2	1	302	371	7766464	7766394	1.10e-23	113
NC_003076.8:17955540-17957188	NC_003074.8	95.775	71	2	1	302	371	16405599	16405529	1.10e-23	113
NC_003076.8:17955540-17957188	NC_003074.8	94.521	73	2	2	301	371	6729087	6729159	3.95e-23	111
NC_003076.8:17955540-17957188	NC_003074.8	94.521	73	2	2	301	371	10709030	10708958	3.95e-23	111
NC_003076.8:17955540-17957188	NC_003074.8	94.444	72	3	1	301	371	10717943	10718014	1.42e-22	110
NC_003076.8:17955540-17957188	NC_003074.8	94.444	72	3	1	301	371	17402163	17402234	1.42e-22	110
NC_003076.8:17955540-17957188	NC_003074.8	95.522	67	3	0	1570	1636	9558269	9558203	5.11e-22	108
NC_003076.8:17955540-17957188	NC_003074.8	93.056	72	4	1	301	371	18634104	18634175	6.62e-21	104
NC_003076.8:17955540-17957188	NC_003074.8	91.892	74	4	2	301	372	3080188	3080261	2.38e-20	102
NC_003076.8:17955540-17957188	NC_003074.8	88.608	79	7	2	937	1014	16224307	16224230	3.98e-18	95.3
NC_003076.8:17955540-17957188	NC_003074.8	87.342	79	8	2	937	1014	16042210	16042287	1.85e-16	89.8
NC_003076.8:17955540-17957188	NC_003074.8	87.342	79	8	2	937	1014	16062814	16062891	1.85e-16	89.8
NC_003076.8:17955540-17957188	NC_003074.8	89.041	73	6	2	301	371	16723282	16723354	1.85e-16	89.8
NC_003076.8:17955540-17957188	NC_003074.8	100.000	40	0	0	332	371	11132564	11132525	5.19e-12	75.0
NC_003076.8:17955540-17957188	NC_003074.8	97.674	43	0	1	329	371	422834	422875	1.87e-11	73.1
NC_003076.8:17955540-17957188	NC_003074.8	100.000	37	0	0	1567	1603	1369776	1369740	2.41e-10	69.4
NC_003076.8:17955540-17957188	NC_003074.8	97.500	40	1	0	332	371	11315370	11315331	2.41e-10	69.4
NC_003075.7:6339460-6343159	NC_003075.7	100.000	3700	0	0	1	3700	6343159	6339460	0.0	6833
NC_003075.7:6339460-6343159	NC_003075.7	89.892	554	42	10	3138	3688	7034793	7034251	0.0	701
NC_003075.7:6339460-6343159	NC_003075.7	88.508	583	42	14	3132	3695	5392289	5391713	0.0	682
NC_003075.7:6339460-6343159	NC_003075.7	89.225	529	41	6	3138	3650	824053	823525	0.0	647
NC_003075.7:6339460-6343159	NC_003075.7	85.911	582	60	11	3131	3695	572767	572191	4.36e-170	601
NC_003075.7:6339460-6343159	NC_003075.7	88.980	490	37	7	3137	3609	6660986	6661475	9.43e-167	590
NC_003075.7:6339460-6343159	NC_003075.7	85.814	571	59	10	3137	3690	1521256	1521821	1.22e-165	586
NC_003075.7:6339460-6343159	NC_003075.7	85.249	583	61	13	3138	3700	6115341	6115918	7.34e-163	577
NC_003075.7:6339460-6343159	NC_003075.7	85.613	563	60	14	3138	3694	12365606	12365059	3.42e-161	571
NC_003075.7:6339460-6343159	NC_003075.7	85.035	568	68	13	3137	3698	15442195	15441639	2.06e-158	562
NC_003075.7:6339460-6343159	NC_003075.7	84.563	583	55	17	3139	3692	14458283	14457707	2.07e-153	545
NC_003075.7:6339460-6343159	NC_003075.7	84.375	576	53	21	3135	3692	9112133	9111577	5.80e-149	531
NC_003075.7:6339460-6343159	NC_003075.7	84.135	561	71	15	3138	3693	8947760	8947213	7.50e-148	527
NC_003075.7:6339460-6343159	NC_003075.7	82.414	580	64	18	3138	3688	12607047	12606477	3.56e-131	472
NC_003075.7:6339460-6343159	NC_003075.7	89.735	302	24	3	2851	3151	9369343	9369048	2.22e-103	379
NC_003075.7:6339460-6343159	NC_003075.7	85.404	322	27	8	3380	3686	2553631	2553947	1.77e-84	316
NC_003075.7:6339460-6343159	NC_003075.7	84.274	248	14	12	3465	3696	9193138	9193376	5.13e-55	219
NC_003075.7:6339460-6343159	NC_003075.7	84.167	240	18	8	3465	3689	17501973	17502207	6.63e-54	215
NC_003075.7:6339460-6343159	NC_003075.7	84.100	239	18	10	3465	3688	6243586	6243819	2.39e-53	213
NC_003075.7:6339460-6343159	NC_003075.7	83.600	250	18	14	3465	3696	8899727	8899971	2.39e-53	213
NC_003075.7:6339460-6343159	NC_003075.7	83.264	239	21	7	3465	3688	7231369	7231603	5.16e-50	202
NC_003075.7:6339460-6343159	NC_003075.7	90.728	151	12	2	3544	3694	7155234	7155382	1.86e-49	200
NC_003075.7:6339460-6343159	NC_003075.7	88.623	167	13	4	3533	3697	6168507	6168345	6.68e-49	198
NC_003075.7:6339460-6343159	NC_003075.7	87.805	164	14	5	3538	3698	6426765	6426605	1.45e-45	187
NC_003075.7:6339460-6343159	NC_003075.7	89.655	145	12	2	3544	3688	7906227	7906368	6.73e-44	182
NC_003075.7:6339460-6343159	NC_003075.7	86.286	175	15	7	3528	3700	9146867	9147034	6.73e-44	182
NC_003075.7:6339460-6343159	NC_003075.7	88.312	154	11	7	3538	3689	6895095	6894947	8.70e-43	178
NC_003075.7:6339460-6343159	NC_003075.7	82.178	202	19	7	3465	3650	8820042	8819842	1.13e-36	158
NC_003075.7:6339460-6343159	NC_003075.7	85.517	145	15	6	1	139	6339460	6339604	2.45e-33	147
NC_003075.7:6339460-6343159	NC_003075.7	85.517	145	15	6	3556	3700	6343021	6343159	2.45e-33	147
NC_003075.7:6339460-6343159	NC_003075.7	87.037	108	13	1	40	147	5391750	5391856	1.49e-25	121
NC_003075.7:6339460-6343159	NC_003075.7	93.243	74	3	2	3465	3537	1100911	1100983	1.16e-21	108
NC_003075.7:6339460-6343159	NC_003075.7	86.667	105	3	5	3554	3658	12968017	12967924	4.16e-21	106
NC_003075.7:6339460-6343159	NC_003075.7	88.608	79	9	0	59	137	7034294	7034372	2.51e-18	97.1
NC_003075.7:6339460-6343159	NC_003075.7	85.714	84	10	2	3131	3213	1956605	1956687	1.51e-15	87.9
NC_003075.7:6339460-6343159	NC_003076.8	94.566	865	26	10	2851	3700	22622024	22621166	0.0	1317
NC_003075.7:6339460-6343159	NC_003076.8	93.838	568	17	7	3138	3688	9068735	9068169	0.0	839
NC_003075.7:6339460-6343159	NC_003076.8	89.464	560	46	9	3133	3689	7701186	7700637	0.0	695
NC_003075.7:6339460-6343159	NC_003076.8	89.142	571	40	11	3137	3688	3566349	3566916	0.0	691
NC_003075.7:6339460-6343159	NC_003076.8	87.900	562	56	10	3135	3688	14810268	14810825	0.0	651
NC_003075.7:6339460-6343159	NC_003076.8	87.676	568	57	10	3138	3696	13892686	13892123	0.0	649
NC_003075.7:6339460-6343159	NC_003076.8	87.434	565	59	10	3133	3688	16870918	16871479	0.0	640
NC_003075.7:6339460-6343159	NC_003076.8	87.024	578	58	14	3132	3696	9558222	9557649	1.19e-180	636
NC_003075.7:6339460-6343159	NC_003076.8	86.301	584	57	12	3131	3695	17726414	17726993	5.60e-174	614
NC_003075.7:6339460-6343159	NC_003076.8	86.435	575	57	9	3138	3695	24448812	24449382	7.24e-173	610
NC_003075.7:6339460-6343159	NC_003076.8	85.935	583	58	11	3137	3700	5625057	5625634	4.36e-170	601
NC_003075.7:6339460-6343159	NC_003076.8	86.691	556	46	17	3137	3689	7069988	7070518	2.62e-167	592
NC_003075.7:6339460-6343159	NC_003076.8	86.583	559	46	10	3136	3689	4936959	4937493	9.43e-167	590
NC_003075.7:6339460-6343159	NC_003076.8	85.891	567	62	10	3137	3698	14104209	14103656	3.39e-166	588
NC_003075.7:6339460-6343159	NC_003076.8	85.946	555	63	11	3138	3688	17043358	17043901	2.04e-163	579
NC_003075.7:6339460-6343159	NC_003076.8	85.442	577	47	18	3133	3692	26787659	26787103	1.59e-159	566
NC_003075.7:6339460-6343159	NC_003076.8	85.663	558	54	16	3138	3690	15580807	15581343	5.72e-159	564
NC_003075.7:6339460-6343159	NC_003076.8	85.179	560	63	16	3133	3686	16712846	16713391	9.56e-157	556
NC_003075.7:6339460-6343159	NC_003076.8	84.896	576	52	18	3131	3688	19101550	19102108	1.60e-154	549
NC_003075.7:6339460-6343159	NC_003076.8	84.497	587	54	21	3138	3692	7417331	7417912	2.07e-153	545
NC_003075.7:6339460-6343159	NC_003076.8	84.480	567	55	19	3138	3690	8748925	8749472	2.09e-148	529
NC_003075.7:6339460-6343159	NC_003076.8	90.404	396	35	3	3131	3523	707004	706609	4.51e-145	518
NC_003075.7:6339460-6343159	NC_003076.8	83.621	580	59	19	3127	3688	6420388	6419827	2.10e-143	512
NC_003075.7:6339460-6343159	NC_003076.8	87.471	431	48	6	3132	3557	24117954	24118383	2.74e-137	492
NC_003075.7:6339460-6343159	NC_003076.8	85.225	467	48	11	3164	3611	26015331	26015795	7.71e-128	460
NC_003075.7:6339460-6343159	NC_003076.8	82.069	580	62	21	3135	3695	9854343	9854899	9.98e-127	457
NC_003075.7:6339460-6343159	NC_003076.8	87.282	401	44	6	3133	3527	15882289	15882688	4.64e-125	451
NC_003075.7:6339460-6343159	NC_003076.8	83.366	511	53	14	3138	3630	22335576	22335080	7.77e-123	444
NC_003075.7:6339460-6343159	NC_003076.8	87.713	293	17	7	3417	3695	6702207	6701920	1.06e-86	324
NC_003075.7:6339460-6343159	NC_003076.8	88.806	268	19	6	3428	3694	24586805	24587062	4.91e-85	318
NC_003075.7:6339460-6343159	NC_003076.8	87.391	230	17	8	3465	3690	19408597	19408376	1.41e-65	254
NC_003075.7:6339460-6343159	NC_003076.8	85.776	232	30	3	3137	3366	13231668	13231898	3.04e-62	243
NC_003075.7:6339460-6343159	NC_003076.8	84.921	252	15	12	3465	3699	13734262	13734507	1.83e-59	233
NC_003075.7:6339460-6343159	NC_003076.8	85.356	239	15	10	3465	3688	20278847	20278614	2.37e-58	230
NC_003075.7:6339460-6343159	NC_003076.8	85.000	240	17	8	3465	3689	8602053	8601818	3.06e-57	226
NC_003075.7:6339460-6343159	NC_003076.8	92.547	161	7	3	3533	3692	23129494	23129338	3.06e-57	226
NC_003075.7:6339460-6343159	NC_003076.8	84.234	222	29	6	3133	3350	6702424	6702205	8.58e-53	211
NC_003075.7:6339460-6343159	NC_003076.8	83.471	242	21	9	3465	3690	15162886	15163124	1.11e-51	207
NC_003075.7:6339460-6343159	NC_003076.8	82.927	246	21	8	3465	3692	7488328	7488086	5.16e-50	202
NC_003075.7:6339460-6343159	NC_003076.8	82.927	246	20	11	3460	3688	14080062	14080302	5.16e-50	202
NC_003075.7:6339460-6343159	NC_003076.8	82.773	238	22	9	3465	3686	22021624	22021858	8.64e-48	195
NC_003075.7:6339460-6343159	NC_003076.8	90.066	151	10	4	3539	3688	13231927	13232073	1.12e-46	191
NC_003075.7:6339460-6343159	NC_003076.8	84.186	215	14	8	3465	3663	15535363	15535153	1.12e-46	191
NC_003075.7:6339460-6343159	NC_003076.8	89.796	147	12	3	3544	3690	14880672	14880815	5.20e-45	185
NC_003075.7:6339460-6343159	NC_003076.8	88.816	152	13	4	3538	3688	15031062	15030914	1.87e-44	183
NC_003075.7:6339460-6343159	NC_003076.8	86.550	171	16	5	3533	3700	16030702	16030536	6.73e-44	182
NC_003075.7:6339460-6343159	NC_003076.8	85.326	184	17	5	3479	3660	17247879	17247704	6.73e-44	182
NC_003075.7:6339460-6343159	NC_003076.8	83.981	206	12	10	3465	3655	5648113	5647914	8.70e-43	178
NC_003075.7:6339460-6343159	NC_003076.8	86.792	159	8	7	3541	3697	10041949	10041802	6.77e-39	165
NC_003075.7:6339460-6343159	NC_003076.8	89.764	127	9	4	3533	3658	19480020	19480143	3.15e-37	159
NC_003075.7:6339460-6343159	NC_003076.8	87.313	134	13	3	3558	3691	11383260	11383131	1.90e-34	150
NC_003075.7:6339460-6343159	NC_003076.8	85.235	149	10	6	3541	3688	19114718	19114581	3.17e-32	143
NC_003075.7:6339460-6343159	NC_003076.8	84.211	152	12	4	3538	3688	22464062	22464202	1.48e-30	137
NC_003075.7:6339460-6343159	NC_003076.8	91.579	95	5	3	3465	3557	15031163	15031070	8.89e-28	128
NC_003075.7:6339460-6343159	NC_003076.8	83.333	144	19	5	1	139	22621166	22621309	8.89e-28	128
NC_003075.7:6339460-6343159	NC_003076.8	91.566	83	7	0	57	139	3566866	3566784	6.92e-24	115
NC_003075.7:6339460-6343159	NC_003076.8	89.011	91	8	2	49	139	9068214	9068302	8.95e-23	111
NC_003075.7:6339460-6343159	NC_003076.8	82.857	140	9	6	3465	3589	9867496	9867635	8.95e-23	111
NC_003075.7:6339460-6343159	NC_003076.8	94.521	73	2	2	3465	3537	17955910	17955840	8.95e-23	111
NC_003075.7:6339460-6343159	NC_003076.8	86.000	100	13	1	39	137	17247705	17247804	4.16e-21	106
NC_003075.7:6339460-6343159	NC_003076.8	88.608	79	9	0	59	137	7700681	7700759	2.51e-18	97.1
NC_003075.7:6339460-6343159	NC_003076.8	86.905	84	9	2	3130	3212	9368937	9369019	3.24e-17	93.5
NC_003075.7:6339460-6343159	NC_003076.8	79.688	128	17	6	13	139	22464200	22464081	1.95e-14	84.2
NC_003075.7:6339460-6343159	NC_003076.8	95.918	49	2	0	3465	3513	17481786	17481834	2.52e-13	80.5
NC_003075.7:6339460-6343159	NC_003076.8	95.918	49	2	0	3465	3513	26892276	26892324	2.52e-13	80.5
NC_003075.7:6339460-6343159	NC_003070.9	92.072	555	39	5	3138	3689	20205905	20205353	0.0	776
NC_003075.7:6339460-6343159	NC_003070.9	92.135	534	24	8	3137	3655	4582997	4583527	0.0	737
NC_003075.7:6339460-6343159	NC_003070.9	90.409	563	40	10	3137	3695	29244141	29244693	0.0	728
NC_003075.7:6339460-6343159	NC_003070.9	89.878	573	43	13	3131	3698	22192001	22192563	0.0	723
NC_003075.7:6339460-6343159	NC_003070.9	89.583	576	42	8	3135	3695	5862946	5863518	0.0	715
NC_003075.7:6339460-6343159	NC_003070.9	88.376	585	46	12	3130	3695	13495998	13495417	0.0	684
NC_003075.7:6339460-6343159	NC_003070.9	88.908	568	44	9	3138	3688	21739641	21739076	0.0	682
NC_003075.7:6339460-6343159	NC_003070.9	87.831	567	57	10	3138	3695	27240719	27241282	0.0	654
NC_003075.7:6339460-6343159	NC_003070.9	87.478	559	59	9	3138	3691	5899755	5899203	4.30e-180	634
NC_003075.7:6339460-6343159	NC_003070.9	87.344	561	61	9	3136	3689	16401005	16400448	4.30e-180	634
NC_003075.7:6339460-6343159	NC_003070.9	86.911	573	58	15	3134	3695	10591987	10591421	7.19e-178	627
NC_003075.7:6339460-6343159	NC_003070.9	86.941	559	63	9	3137	3688	540988	540433	1.20e-175	619
NC_003075.7:6339460-6343159	NC_003070.9	86.819	569	51	13	3138	3688	23125693	23125131	5.60e-174	614
NC_003075.7:6339460-6343159	NC_003070.9	86.679	563	60	13	3138	3690	26880721	26881278	7.24e-173	610
NC_003075.7:6339460-6343159	NC_003070.9	86.980	553	46	9	3157	3688	25779690	25780237	1.57e-169	599
NC_003075.7:6339460-6343159	NC_003070.9	86.292	569	53	14	3138	3688	12097456	12098017	2.03e-168	595
NC_003075.7:6339460-6343159	NC_003070.9	86.189	572	49	15	3137	3690	26511227	26510668	2.62e-167	592
NC_003075.7:6339460-6343159	NC_003070.9	88.819	474	44	8	3217	3686	10931002	10931470	9.50e-162	573
NC_003075.7:6339460-6343159	NC_003070.9	84.696	575	54	16	3138	3695	4770665	4770108	7.45e-153	544
NC_003075.7:6339460-6343159	NC_003070.9	84.561	570	53	16	3136	3688	19769022	19769573	1.61e-149	532
NC_003075.7:6339460-6343159	NC_003070.9	84.534	569	54	17	3137	3688	21918433	21918984	1.61e-149	532
NC_003075.7:6339460-6343159	NC_003070.9	84.138	580	59	13	3139	3688	17502231	17502807	5.80e-149	531
NC_003075.7:6339460-6343159	NC_003070.9	84.534	569	50	19	3138	3688	10021962	10021414	2.09e-148	529
NC_003075.7:6339460-6343159	NC_003070.9	83.480	569	78	14	3136	3694	11732350	11732912	1.62e-144	516
NC_003075.7:6339460-6343159	NC_003070.9	86.207	493	47	11	3137	3611	6219141	6218652	5.84e-144	514
NC_003075.7:6339460-6343159	NC_003070.9	83.531	589	58	19	3133	3700	11804099	11803529	5.84e-144	514
NC_003075.7:6339460-6343159	NC_003070.9	82.788	581	75	11	3137	3698	13811467	13810893	2.11e-138	496
NC_003075.7:6339460-6343159	NC_003070.9	83.133	581	59	16	3138	3688	13869873	13870444	7.61e-138	494
NC_003075.7:6339460-6343159	NC_003070.9	82.034	590	68	20	3128	3691	24718465	24719042	4.61e-130	468
NC_003075.7:6339460-6343159	NC_003070.9	82.931	539	71	11	3135	3656	588031	587497	1.66e-129	466
NC_003075.7:6339460-6343159	NC_003070.9	86.557	424	52	5	3139	3557	2587832	2587409	2.14e-128	462
NC_003075.7:6339460-6343159	NC_003070.9	81.942	587	67	22	3133	3700	28891935	28891369	7.71e-128	460
NC_003075.7:6339460-6343159	NC_003070.9	81.557	591	56	25	3135	3700	24645516	24646078	3.61e-121	438
NC_003075.7:6339460-6343159	NC_003070.9	90.033	301	22	4	2850	3148	3342444	3342738	1.72e-104	383
NC_003075.7:6339460-6343159	NC_003070.9	90.000	300	22	4	2851	3148	18633188	18633481	6.18e-104	381
NC_003075.7:6339460-6343159	NC_003070.9	89.667	300	23	6	2850	3148	10867139	10867431	2.87e-102	375
NC_003075.7:6339460-6343159	NC_003070.9	90.456	241	17	4	3455	3693	2473131	2472895	2.29e-83	313
NC_003075.7:6339460-6343159	NC_003070.9	87.013	231	19	7	3465	3690	3251256	3251480	1.82e-64	250
NC_003075.7:6339460-6343159	NC_003070.9	85.892	241	14	11	3465	3690	21615530	21615295	3.93e-61	239
NC_003075.7:6339460-6343159	NC_003070.9	84.874	238	17	9	3465	3686	8622992	8622758	3.96e-56	222
NC_003075.7:6339460-6343159	NC_003070.9	84.188	234	31	5	3137	3366	12240504	12240735	3.96e-56	222
NC_003075.7:6339460-6343159	NC_003070.9	84.167	240	19	10	3465	3688	10579905	10580141	6.63e-54	215
NC_003075.7:6339460-6343159	NC_003070.9	83.817	241	20	9	3465	3689	11669593	11669356	8.58e-53	211
NC_003075.7:6339460-6343159	NC_003070.9	83.750	240	19	8	3465	3688	9418298	9418063	3.09e-52	209
NC_003075.7:6339460-6343159	NC_003070.9	83.673	245	15	15	3465	3689	20514335	20514574	1.11e-51	207
NC_003075.7:6339460-6343159	NC_003070.9	83.750	240	18	11	3465	3688	21128636	21128870	1.11e-51	207
NC_003075.7:6339460-6343159	NC_003070.9	89.873	158	12	2	3533	3689	8539610	8539764	1.86e-49	200
NC_003075.7:6339460-6343159	NC_003070.9	84.000	225	17	10	3465	3673	3762754	3762975	6.68e-49	198
NC_003075.7:6339460-6343159	NC_003070.9	82.845	239	21	8	3465	3688	696707	696474	2.40e-48	196
NC_003075.7:6339460-6343159	NC_003070.9	89.308	159	12	4	3538	3695	14012959	14012805	8.64e-48	195
NC_003075.7:6339460-6343159	NC_003070.9	82.072	251	22	13	3465	3696	20559836	20559590	3.11e-47	193
NC_003075.7:6339460-6343159	NC_003070.9	90.066	151	10	4	3539	3688	12240764	12240910	1.12e-46	191
NC_003075.7:6339460-6343159	NC_003070.9	89.474	152	12	3	3538	3688	25358274	25358422	4.02e-46	189
NC_003075.7:6339460-6343159	NC_003070.9	84.211	209	15	4	3495	3688	9384365	9384160	1.45e-45	187
NC_003075.7:6339460-6343159	NC_003070.9	90.909	143	8	4	3555	3695	12458124	12458263	1.45e-45	187
NC_003075.7:6339460-6343159	NC_003070.9	88.199	161	14	3	3533	3692	18300423	18300267	1.45e-45	187
NC_003075.7:6339460-6343159	NC_003070.9	88.272	162	12	5	3538	3695	19741690	19741532	1.45e-45	187
NC_003075.7:6339460-6343159	NC_003070.9	90.210	143	12	2	3553	3695	2587965	2587825	5.20e-45	185
NC_003075.7:6339460-6343159	NC_003070.9	86.628	172	15	7	3530	3697	21336371	21336538	1.87e-44	183
NC_003075.7:6339460-6343159	NC_003070.9	91.176	136	9	2	3553	3688	29078881	29079013	6.73e-44	182
NC_003075.7:6339460-6343159	NC_003070.9	88.312	154	12	5	3539	3690	13313664	13313515	2.42e-43	180
NC_003075.7:6339460-6343159	NC_003070.9	84.694	196	12	8	3465	3645	14013607	14013415	2.42e-43	180
NC_003075.7:6339460-6343159	NC_003070.9	86.145	166	16	5	3538	3699	8190410	8190572	4.05e-41	172
NC_003075.7:6339460-6343159	NC_003070.9	85.897	156	10	9	3538	3688	11174660	11174808	4.08e-36	156
NC_003075.7:6339460-6343159	NC_003070.9	92.000	100	6	2	3555	3654	17632889	17632986	4.11e-31	139
NC_003075.7:6339460-6343159	NC_003070.9	85.938	128	16	2	13	139	23125133	23125259	5.31e-30	135
NC_003075.7:6339460-6343159	NC_003070.9	85.821	134	8	5	3553	3686	26307381	26307503	6.87e-29	132
NC_003075.7:6339460-6343159	NC_003070.9	84.496	129	17	3	13	139	26510672	26510799	1.15e-26	124
NC_003075.7:6339460-6343159	NC_003070.9	81.548	168	14	7	3540	3694	2587371	2587208	4.13e-26	122
NC_003075.7:6339460-6343159	NC_003070.9	82.576	132	19	4	10	139	19769575	19769446	2.49e-23	113
NC_003075.7:6339460-6343159	NC_003070.9	88.889	81	9	0	59	139	29244642	29244562	1.94e-19	100
NC_003075.7:6339460-6343159	NC_003070.9	81.707	82	12	3	13	92	11732903	11732823	7.07e-09	65.8
NC_003075.7:6339460-6343159	NC_003071.7	90.179	560	41	9	3134	3690	9229183	9228635	0.0	717
NC_003075.7:6339460-6343159	NC_003071.7	89.789	568	39	8	3138	3688	2138820	2139385	0.0	710
NC_003075.7:6339460-6343159	NC_003071.7	90.239	543	33	10	3138	3663	4025413	4025952	0.0	691
NC_003075.7:6339460-6343159	NC_003071.7	87.500	576	50	10	3133	3688	1409582	1410155	0.0	645
NC_003075.7:6339460-6343159	NC_003071.7	86.865	571	63	10	3137	3698	6207152	6206585	2.00e-178	628
NC_003075.7:6339460-6343159	NC_003071.7	87.148	568	51	12	3138	3688	5037751	5038313	2.59e-177	625
NC_003075.7:6339460-6343159	NC_003071.7	85.442	577	51	18	3138	3692	7340381	7340946	1.23e-160	569
NC_003075.7:6339460-6343159	NC_003071.7	85.510	559	63	14	3137	3689	19623101	19623647	4.42e-160	568
NC_003075.7:6339460-6343159	NC_003071.7	85.305	558	67	12	3137	3688	15134224	15134772	2.06e-158	562
NC_003075.7:6339460-6343159	NC_003071.7	85.027	561	68	12	3132	3688	1670339	1669791	9.56e-157	556
NC_003075.7:6339460-6343159	NC_003071.7	85.053	562	63	17	3135	3686	9226028	9225478	1.24e-155	553
NC_003075.7:6339460-6343159	NC_003071.7	84.801	579	53	19	3137	3697	13101809	13102370	1.60e-154	549
NC_003075.7:6339460-6343159	NC_003071.7	84.293	573	63	17	3138	3689	5010652	5010086	4.48e-150	534
NC_003075.7:6339460-6343159	NC_003071.7	84.348	575	55	16	3138	3695	12556654	12557210	5.80e-149	531
NC_003075.7:6339460-6343159	NC_003071.7	84.547	563	51	19	3138	3683	13885931	13886474	2.70e-147	525
NC_003075.7:6339460-6343159	NC_003071.7	83.713	571	69	11	3137	3690	1596918	1597481	4.51e-145	518
NC_003075.7:6339460-6343159	NC_003071.7	85.078	516	53	12	3156	3650	17147641	17147129	3.51e-141	505
NC_003075.7:6339460-6343159	NC_003071.7	84.909	497	63	10	3137	3629	19243136	19242648	2.74e-137	492
NC_003075.7:6339460-6343159	NC_003071.7	84.413	494	59	8	3136	3611	19172670	19172177	1.28e-130	470
NC_003075.7:6339460-6343159	NC_003071.7	88.129	278	27	5	3417	3693	9433302	9433574	2.94e-87	326
NC_003075.7:6339460-6343159	NC_003071.7	86.622	299	27	7	2851	3148	6629271	6629557	4.91e-85	318
NC_003075.7:6339460-6343159	NC_003071.7	83.908	348	31	14	3359	3688	4305950	4306290	2.96e-82	309
NC_003075.7:6339460-6343159	NC_003071.7	92.611	203	12	3	1872	2072	3294050	3294251	3.85e-76	289
NC_003075.7:6339460-6343159	NC_003071.7	93.583	187	12	0	1605	1791	3259447	3259261	2.32e-73	279
NC_003075.7:6339460-6343159	NC_003071.7	89.055	201	16	6	3465	3663	9455967	9456163	8.46e-63	244
NC_003075.7:6339460-6343159	NC_003071.7	86.425	221	26	4	3138	3356	9433091	9433309	3.93e-61	239
NC_003075.7:6339460-6343159	NC_003071.7	83.465	254	20	10	3466	3700	1383789	1383539	1.84e-54	217
NC_003075.7:6339460-6343159	NC_003071.7	84.167	240	19	6	3465	3688	1322206	1321970	6.63e-54	215
NC_003075.7:6339460-6343159	NC_003071.7	83.740	246	20	6	3466	3695	10996418	10996177	6.63e-54	215
NC_003075.7:6339460-6343159	NC_003071.7	83.333	246	20	10	3465	3694	3197853	3197613	1.11e-51	207
NC_003075.7:6339460-6343159	NC_003071.7	89.375	160	14	3	3532	3689	826117	826275	6.68e-49	198
NC_003075.7:6339460-6343159	NC_003071.7	88.679	159	12	3	3533	3688	2320779	2320934	4.02e-46	189
NC_003075.7:6339460-6343159	NC_003071.7	89.032	155	13	3	3538	3691	7178867	7179018	4.02e-46	189
NC_003075.7:6339460-6343159	NC_003071.7	86.782	174	17	5	3521	3692	9311453	9311622	4.02e-46	189
NC_003075.7:6339460-6343159	NC_003071.7	92.366	131	8	1	3558	3688	4758229	4758101	5.20e-45	185
NC_003075.7:6339460-6343159	NC_003071.7	81.435	237	34	8	3458	3692	13113534	13113306	5.20e-45	185
NC_003075.7:6339460-6343159	NC_003071.7	89.313	131	10	3	3562	3692	7351424	7351550	8.76e-38	161
NC_003075.7:6339460-6343159	NC_003071.7	84.277	159	12	6	3538	3695	8907856	8908002	3.17e-32	143
NC_003075.7:6339460-6343159	NC_003071.7	86.029	136	8	5	3553	3688	17992668	17992544	5.31e-30	135
NC_003075.7:6339460-6343159	NC_003071.7	84.000	150	12	6	3541	3689	9891383	9891245	1.91e-29	134
NC_003075.7:6339460-6343159	NC_003071.7	91.398	93	7	1	3137	3228	825443	825535	3.20e-27	126
NC_003075.7:6339460-6343159	NC_003071.7	86.869	99	13	0	41	139	4306259	4306161	8.95e-23	111
NC_003075.7:6339460-6343159	NC_003071.7	86.000	100	13	1	41	139	1410124	1410025	4.16e-21	106
NC_003075.7:6339460-6343159	NC_003071.7	85.714	98	14	0	3135	3232	8046272	8046175	1.50e-20	104
NC_003075.7:6339460-6343159	NC_003071.7	82.540	126	15	5	13	137	9228639	9228758	1.50e-20	104
NC_003075.7:6339460-6343159	NC_003071.7	85.714	98	13	1	41	137	4025945	4025848	5.39e-20	102
NC_003075.7:6339460-6343159	NC_003071.7	86.420	81	11	0	57	137	13113355	13113435	4.19e-16	89.8
NC_003075.7:6339460-6343159	NC_003071.7	87.013	77	9	1	3137	3212	9091137	9091213	5.42e-15	86.1
NC_003075.7:6339460-6343159	NC_003071.7	97.368	38	1	0	1534	1571	3449142	3449105	7.07e-09	65.8
NC_003075.7:6339460-6343159	NC_003074.8	90.433	554	38	13	3138	3688	4584756	4585297	0.0	715
NC_003075.7:6339460-6343159	NC_003074.8	89.127	561	51	9	3138	3691	10708625	10709182	0.0	689
NC_003075.7:6339460-6343159	NC_003074.8	88.735	577	44	6	3134	3691	3080596	3080022	0.0	686
NC_003075.7:6339460-6343159	NC_003074.8	88.482	573	45	10	3144	3699	16723678	16723110	0.0	673
NC_003075.7:6339460-6343159	NC_003074.8	87.500	560	59	10	3137	3690	10718346	10717792	1.19e-180	636
NC_003075.7:6339460-6343159	NC_003074.8	86.833	562	61	11	3138	3690	7766062	7766619	1.56e-174	616
NC_003075.7:6339460-6343159	NC_003074.8	86.254	582	57	11	3137	3699	10405395	10405972	7.24e-173	610
NC_003075.7:6339460-6343159	NC_003074.8	86.865	571	44	9	3138	3689	21552658	21552100	7.24e-173	610
NC_003075.7:6339460-6343159	NC_003074.8	86.429	560	64	10	3138	3688	16405196	16405752	1.21e-170	603
NC_003075.7:6339460-6343159	NC_003074.8	85.520	587	59	13	3131	3699	23085523	23086101	9.43e-167	590
NC_003075.7:6339460-6343159	NC_003074.8	85.839	572	60	9	3135	3689	14057121	14057688	3.39e-166	588
NC_003075.7:6339460-6343159	NC_003074.8	85.940	569	57	9	3138	3688	19436871	19437434	1.22e-165	586
NC_003075.7:6339460-6343159	NC_003074.8	85.274	584	54	15	3140	3695	6729497	6728918	9.50e-162	573
NC_003075.7:6339460-6343159	NC_003074.8	85.638	564	58	12	3144	3689	11090997	11090439	3.42e-161	571
NC_003075.7:6339460-6343159	NC_003074.8	85.409	562	65	13	3132	3688	11132196	11132745	4.42e-160	568
NC_003075.7:6339460-6343159	NC_003074.8	85.413	569	57	14	3150	3699	18634492	18633931	4.42e-160	568
NC_003075.7:6339460-6343159	NC_003074.8	85.213	541	59	16	3131	3666	423204	422680	1.25e-150	536
NC_003075.7:6339460-6343159	NC_003074.8	84.266	572	65	12	3135	3688	16485872	16485308	4.48e-150	534
NC_003075.7:6339460-6343159	NC_003074.8	83.592	579	70	12	3137	3695	5865863	5866436	1.25e-145	520
NC_003075.7:6339460-6343159	NC_003074.8	84.155	568	56	18	3138	3688	7980633	7980083	1.25e-145	520
NC_003075.7:6339460-6343159	NC_003074.8	83.979	568	58	16	3138	3688	17402552	17402001	5.84e-144	514
NC_003075.7:6339460-6343159	NC_003074.8	83.333	600	53	24	3137	3695	19739756	19740349	7.55e-143	510
NC_003075.7:6339460-6343159	NC_003074.8	83.362	583	61	15	3138	3688	10758580	10758002	9.77e-142	507
NC_003075.7:6339460-6343159	NC_003074.8	83.184	559	78	12	3135	3688	11315004	11315551	5.88e-139	497
NC_003075.7:6339460-6343159	NC_003074.8	94.178	292	16	1	2855	3146	17150159	17150449	7.77e-123	444
NC_003075.7:6339460-6343159	NC_003074.8	86.514	393	48	5	3128	3516	4579226	4579617	7.82e-118	427
NC_003075.7:6339460-6343159	NC_003074.8	90.032	311	22	5	2840	3148	13823959	13823656	7.94e-108	394
NC_003075.7:6339460-6343159	NC_003074.8	89.632	299	24	3	2851	3148	11166801	11167093	1.03e-101	374
NC_003075.7:6339460-6343159	NC_003074.8	84.461	399	39	8	3321	3700	15814110	15814504	3.72e-101	372
NC_003075.7:6339460-6343159	NC_003074.8	83.990	381	45	10	3320	3691	16235030	16234657	4.84e-95	351
NC_003075.7:6339460-6343159	NC_003074.8	88.306	248	25	3	3449	3695	18885861	18885617	8.28e-78	294
NC_003075.7:6339460-6343159	NC_003074.8	89.498	219	15	6	3465	3679	8329280	8329494	1.40e-70	270
NC_003075.7:6339460-6343159	NC_003074.8	88.261	230	22	4	3465	3692	16902979	16903205	1.40e-70	270
NC_003075.7:6339460-6343159	NC_003074.8	87.826	230	14	10	3465	3690	17209789	17209570	1.09e-66	257
NC_003075.7:6339460-6343159	NC_003074.8	85.774	239	14	8	3465	3688	6940832	6940599	5.09e-60	235
NC_003075.7:6339460-6343159	NC_003074.8	83.730	252	21	7	3465	3699	11588873	11588625	1.43e-55	220
NC_003075.7:6339460-6343159	NC_003074.8	83.806	247	20	10	3465	3695	10901411	10901653	1.84e-54	217
NC_003075.7:6339460-6343159	NC_003074.8	83.534	249	19	10	3465	3696	18495382	18495139	2.39e-53	213
NC_003075.7:6339460-6343159	NC_003074.8	86.124	209	11	4	3495	3688	20769804	20769599	3.09e-52	209
NC_003075.7:6339460-6343159	NC_003074.8	84.091	220	18	7	3465	3670	18171177	18170961	2.40e-48	196
NC_003075.7:6339460-6343159	NC_003074.8	91.156	147	8	4	3554	3699	8645208	8645350	8.64e-48	195
NC_003075.7:6339460-6343159	NC_003074.8	82.186	247	25	6	3465	3695	16678267	16678510	8.64e-48	195
NC_003075.7:6339460-6343159	NC_003074.8	83.408	223	15	13	3465	3669	16534644	16534426	1.45e-45	187
NC_003075.7:6339460-6343159	NC_003074.8	85.057	174	24	2	3280	3451	18887432	18887259	3.13e-42	176
NC_003075.7:6339460-6343159	NC_003074.8	85.976	164	16	5	3538	3698	7659082	7658923	5.24e-40	169
NC_003075.7:6339460-6343159	NC_003074.8	85.906	149	8	8	3541	3688	10681528	10681392	2.45e-33	147
NC_003075.7:6339460-6343159	NC_003074.8	85.938	128	16	2	13	139	17209574	17209700	5.31e-30	135
NC_003075.7:6339460-6343159	NC_003074.8	90.000	100	10	0	40	139	15814461	15814362	2.47e-28	130
NC_003075.7:6339460-6343159	NC_003074.8	88.288	111	8	4	3581	3690	4579602	4579708	8.89e-28	128
NC_003075.7:6339460-6343159	NC_003074.8	90.625	96	8	1	3557	3651	16281714	16281809	3.20e-27	126
NC_003075.7:6339460-6343159	NC_003074.8	88.235	102	11	1	39	139	16723148	16723249	1.49e-25	121
NC_003075.7:6339460-6343159	NC_003074.8	80.380	158	26	5	8	163	16281843	16281689	6.92e-24	115
NC_003075.7:6339460-6343159	NC_003074.8	95.349	43	2	0	3138	3180	11539903	11539861	5.46e-10	69.4
NC_003075.7:6339460-6343159	NC_037304.1	92.611	203	12	3	1872	2072	312117	312318	3.85e-76	289
NC_003075.7:6339460-6343159	NC_037304.1	100.000	37	0	0	1792	1828	17796	17760	5.46e-10	69.4
NC_003075.7:6339460-6343159	NC_037304.1	97.368	38	1	0	1534	1571	184579	184616	7.07e-09	65.8
NC_003075.7:6339151-6340310	NC_003075.7	100.000	1160	0	0	1	1160	6339151	6340310	0.0	2143
NC_003075.7:6339151-6340310	NC_003075.7	89.892	554	42	10	322	872	7034251	7034793	0.0	701
NC_003075.7:6339151-6340310	NC_003075.7	88.508	583	42	14	315	878	5391713	5392289	0.0	682
NC_003075.7:6339151-6340310	NC_003075.7	89.225	529	41	6	360	872	823525	824053	0.0	647
NC_003075.7:6339151-6340310	NC_003075.7	85.911	582	60	11	315	879	572191	572767	1.34e-170	601
NC_003075.7:6339151-6340310	NC_003075.7	88.980	490	37	7	401	873	6661475	6660986	2.91e-167	590
NC_003075.7:6339151-6340310	NC_003075.7	85.814	571	59	10	320	873	1521821	1521256	3.76e-166	586
NC_003075.7:6339151-6340310	NC_003075.7	85.274	584	61	13	309	872	6115919	6115341	6.30e-164	579
NC_003075.7:6339151-6340310	NC_003075.7	85.613	563	60	14	316	872	12365059	12365606	1.05e-161	571
NC_003075.7:6339151-6340310	NC_003075.7	85.035	568	68	13	312	873	15441639	15442195	6.34e-159	562
NC_003075.7:6339151-6340310	NC_003075.7	84.563	583	55	17	318	871	14457707	14458283	6.39e-154	545
NC_003075.7:6339151-6340310	NC_003075.7	84.375	576	53	21	318	875	9111577	9112133	1.79e-149	531
NC_003075.7:6339151-6340310	NC_003075.7	84.135	561	71	15	317	872	8947213	8947760	2.31e-148	527
NC_003075.7:6339151-6340310	NC_003075.7	94.410	322	17	1	2	322	9368715	9369036	2.35e-138	494
NC_003075.7:6339151-6340310	NC_003075.7	82.414	580	64	18	322	872	12606477	12607047	1.10e-131	472
NC_003075.7:6339151-6340310	NC_003075.7	90.741	324	17	8	2	325	7838347	7838657	4.04e-116	420
NC_003075.7:6339151-6340310	NC_003075.7	89.735	302	24	3	859	1159	9369048	9369343	6.86e-104	379
NC_003075.7:6339151-6340310	NC_003075.7	87.781	311	29	5	2	304	6506269	6505960	1.16e-96	355
NC_003075.7:6339151-6340310	NC_003075.7	86.230	305	40	2	2	304	15816687	15816383	7.00e-89	329
NC_003075.7:6339151-6340310	NC_003075.7	85.404	322	27	8	324	630	2553947	2553631	5.45e-85	316
NC_003075.7:6339151-6340310	NC_003075.7	85.531	311	36	5	2	304	8837147	8836838	5.45e-85	316
NC_003075.7:6339151-6340310	NC_003075.7	82.623	305	32	13	20	304	6173478	6173175	5.61e-65	250
NC_003075.7:6339151-6340310	NC_003075.7	84.274	248	14	12	314	545	9193376	9193138	1.58e-55	219
NC_003075.7:6339151-6340310	NC_003075.7	84.167	240	18	8	321	545	17502207	17501973	2.05e-54	215
NC_003075.7:6339151-6340310	NC_003075.7	84.100	239	18	10	322	545	6243819	6243586	7.36e-54	213
NC_003075.7:6339151-6340310	NC_003075.7	83.600	250	18	14	314	545	8899971	8899727	7.36e-54	213
NC_003075.7:6339151-6340310	NC_003075.7	83.264	239	21	7	322	545	7231603	7231369	1.59e-50	202
NC_003075.7:6339151-6340310	NC_003075.7	90.728	151	12	2	316	466	7155382	7155234	5.73e-50	200
NC_003075.7:6339151-6340310	NC_003075.7	93.939	132	8	0	1	132	9079469	9079338	5.73e-50	200
NC_003075.7:6339151-6340310	NC_003075.7	88.623	167	13	4	313	477	6168345	6168507	2.06e-49	198
NC_003075.7:6339151-6340310	NC_003075.7	80.769	260	32	10	62	305	2521893	2521636	4.46e-46	187
NC_003075.7:6339151-6340310	NC_003075.7	86.857	175	14	8	301	472	6426597	6426765	4.46e-46	187
NC_003075.7:6339151-6340310	NC_003075.7	86.441	177	15	7	308	482	9147036	9146867	1.60e-45	185
NC_003075.7:6339151-6340310	NC_003075.7	89.655	145	12	2	322	466	7906368	7906227	2.08e-44	182
NC_003075.7:6339151-6340310	NC_003075.7	88.312	154	11	7	321	472	6894947	6895095	2.68e-43	178
NC_003075.7:6339151-6340310	NC_003075.7	92.000	125	10	0	2	126	6140445	6140569	9.66e-43	176
NC_003075.7:6339151-6340310	NC_003075.7	82.178	202	19	7	360	545	8819842	8820042	3.50e-37	158
NC_003075.7:6339151-6340310	NC_003075.7	85.517	145	15	6	310	454	6343159	6343021	7.57e-34	147
NC_003075.7:6339151-6340310	NC_003075.7	93.243	74	3	2	473	545	1100983	1100911	3.57e-22	108
NC_003075.7:6339151-6340310	NC_003075.7	86.667	105	3	5	352	456	12967924	12968017	1.28e-21	106
NC_003075.7:6339151-6340310	NC_003075.7	96.364	55	2	0	1	55	5280340	5280286	3.60e-17	91.6
NC_003075.7:6339151-6340310	NC_003075.7	96.364	55	2	0	1	55	6157518	6157572	3.60e-17	91.6
NC_003075.7:6339151-6340310	NC_003075.7	85.714	84	10	2	797	879	1956687	1956605	4.65e-16	87.9
NC_003075.7:6339151-6340310	NC_003075.7	94.545	55	3	0	1	55	18426670	18426616	1.67e-15	86.1
NC_003075.7:6339151-6340310	NC_003075.7	83.333	90	13	2	2	89	11224159	11224248	2.17e-14	82.4
NC_003075.7:6339151-6340310	NC_003075.7	92.593	54	4	0	2	55	5604459	5604512	2.80e-13	78.7
NC_003075.7:6339151-6340310	NC_003076.8	95.652	1173	30	10	2	1159	22620858	22622024	0.0	1864
NC_003075.7:6339151-6340310	NC_003076.8	93.838	568	17	7	322	872	9068169	9068735	0.0	839
NC_003075.7:6339151-6340310	NC_003076.8	89.464	560	46	9	321	877	7700637	7701186	0.0	695
NC_003075.7:6339151-6340310	NC_003076.8	89.142	571	40	11	322	873	3566916	3566349	0.0	691
NC_003075.7:6339151-6340310	NC_003076.8	87.900	562	56	10	322	875	14810825	14810268	0.0	651
NC_003075.7:6339151-6340310	NC_003076.8	87.676	568	57	10	314	872	13892123	13892686	0.0	649
NC_003075.7:6339151-6340310	NC_003076.8	87.434	565	59	10	322	877	16871479	16870918	0.0	640
NC_003075.7:6339151-6340310	NC_003076.8	87.024	578	58	14	314	878	9557649	9558222	0.0	636
NC_003075.7:6339151-6340310	NC_003076.8	86.301	584	57	12	315	879	17726993	17726414	1.73e-174	614
NC_003075.7:6339151-6340310	NC_003076.8	86.435	575	57	9	315	872	24449382	24448812	2.23e-173	610
NC_003075.7:6339151-6340310	NC_003076.8	85.935	583	58	11	310	873	5625634	5625057	1.34e-170	601
NC_003075.7:6339151-6340310	NC_003076.8	86.691	556	46	17	321	873	7070518	7069988	8.09e-168	592
NC_003075.7:6339151-6340310	NC_003076.8	86.583	559	46	10	321	874	4937493	4936959	2.91e-167	590
NC_003075.7:6339151-6340310	NC_003076.8	85.891	567	62	10	312	873	14103656	14104209	1.05e-166	588
NC_003075.7:6339151-6340310	NC_003076.8	85.946	555	63	11	322	872	17043901	17043358	6.30e-164	579
NC_003075.7:6339151-6340310	NC_003076.8	85.442	577	47	18	318	877	26787103	26787659	4.90e-160	566
NC_003075.7:6339151-6340310	NC_003076.8	85.663	558	54	16	320	872	15581343	15580807	1.76e-159	564
NC_003075.7:6339151-6340310	NC_003076.8	85.179	560	63	16	324	877	16713391	16712846	2.95e-157	556
NC_003075.7:6339151-6340310	NC_003076.8	84.896	576	52	18	322	879	19102108	19101550	4.94e-155	549
NC_003075.7:6339151-6340310	NC_003076.8	84.497	587	54	21	318	872	7417912	7417331	6.39e-154	545
NC_003075.7:6339151-6340310	NC_003076.8	84.480	567	55	19	320	872	8749472	8748925	6.43e-149	529
NC_003075.7:6339151-6340310	NC_003076.8	90.404	396	35	3	487	879	706609	707004	1.39e-145	518
NC_003075.7:6339151-6340310	NC_003076.8	83.621	580	59	19	322	883	6419827	6420388	6.48e-144	512
NC_003075.7:6339151-6340310	NC_003076.8	87.471	431	48	6	453	878	24118383	24117954	8.44e-138	492
NC_003075.7:6339151-6340310	NC_003076.8	85.225	467	48	11	399	846	26015795	26015331	2.38e-128	460
NC_003075.7:6339151-6340310	NC_003076.8	82.069	580	62	21	315	875	9854899	9854343	3.08e-127	457
NC_003075.7:6339151-6340310	NC_003076.8	87.282	401	44	6	483	877	15882688	15882289	1.43e-125	451
NC_003075.7:6339151-6340310	NC_003076.8	83.366	511	53	14	380	872	22335080	22335576	2.40e-123	444
NC_003075.7:6339151-6340310	NC_003076.8	87.869	305	34	3	2	304	18919592	18919895	1.16e-96	355
NC_003075.7:6339151-6340310	NC_003076.8	87.713	293	17	7	315	593	6701920	6702207	3.26e-87	324
NC_003075.7:6339151-6340310	NC_003076.8	88.806	268	19	6	316	582	24587062	24586805	1.52e-85	318
NC_003075.7:6339151-6340310	NC_003076.8	83.851	322	33	4	2	304	13829286	13828965	1.19e-76	289
NC_003075.7:6339151-6340310	NC_003076.8	83.442	308	32	3	2	291	12547098	12547404	1.55e-70	268
NC_003075.7:6339151-6340310	NC_003076.8	87.391	230	17	8	320	545	19408376	19408597	4.34e-66	254
NC_003075.7:6339151-6340310	NC_003076.8	85.776	232	30	3	644	873	13231898	13231668	9.39e-63	243
NC_003075.7:6339151-6340310	NC_003076.8	84.921	252	15	12	311	545	13734507	13734262	5.65e-60	233
NC_003075.7:6339151-6340310	NC_003076.8	85.356	239	15	10	322	545	20278614	20278847	7.31e-59	230
NC_003075.7:6339151-6340310	NC_003076.8	88.770	187	19	2	1	186	13905551	13905736	2.63e-58	228
NC_003075.7:6339151-6340310	NC_003076.8	85.000	240	17	8	321	545	8601818	8602053	9.45e-58	226
NC_003075.7:6339151-6340310	NC_003076.8	92.547	161	7	3	318	477	23129338	23129494	9.45e-58	226
NC_003075.7:6339151-6340310	NC_003076.8	84.234	222	29	6	660	877	6702205	6702424	2.65e-53	211
NC_003075.7:6339151-6340310	NC_003076.8	83.471	242	21	9	320	545	15163124	15162886	3.42e-52	207
NC_003075.7:6339151-6340310	NC_003076.8	82.927	246	21	8	318	545	7488086	7488328	1.59e-50	202
NC_003075.7:6339151-6340310	NC_003076.8	82.927	246	20	11	322	550	14080302	14080062	1.59e-50	202
NC_003075.7:6339151-6340310	NC_003076.8	82.773	238	22	9	324	545	22021858	22021624	2.67e-48	195
NC_003075.7:6339151-6340310	NC_003076.8	90.066	151	10	4	322	471	13232073	13231927	3.45e-47	191
NC_003075.7:6339151-6340310	NC_003076.8	84.186	215	14	8	347	545	15535153	15535363	3.45e-47	191
NC_003075.7:6339151-6340310	NC_003076.8	89.796	147	12	3	320	466	14880815	14880672	1.60e-45	185
NC_003075.7:6339151-6340310	NC_003076.8	88.816	152	13	4	322	472	15030914	15031062	5.77e-45	183
NC_003075.7:6339151-6340310	NC_003076.8	86.550	171	16	5	310	477	16030536	16030702	2.08e-44	182
NC_003075.7:6339151-6340310	NC_003076.8	85.326	184	17	5	350	531	17247704	17247879	2.08e-44	182
NC_003075.7:6339151-6340310	NC_003076.8	83.981	206	12	10	355	545	5647914	5648113	2.68e-43	178
NC_003075.7:6339151-6340310	NC_003076.8	86.792	159	8	7	313	469	10041802	10041949	2.09e-39	165
NC_003075.7:6339151-6340310	NC_003076.8	89.764	127	9	4	352	477	19480143	19480020	9.72e-38	159
NC_003075.7:6339151-6340310	NC_003076.8	87.313	134	13	3	319	452	11383131	11383260	5.85e-35	150
NC_003075.7:6339151-6340310	NC_003076.8	76.347	334	42	21	1	302	14994460	14994788	2.72e-33	145
NC_003075.7:6339151-6340310	NC_003076.8	85.235	149	10	6	322	469	19114581	19114718	9.79e-33	143
NC_003075.7:6339151-6340310	NC_003076.8	84.211	152	12	4	322	472	22464202	22464062	4.56e-31	137
NC_003075.7:6339151-6340310	NC_003076.8	91.579	95	5	3	453	545	15031070	15031163	2.74e-28	128
NC_003075.7:6339151-6340310	NC_003076.8	82.857	140	9	6	421	545	9867635	9867496	2.76e-23	111
NC_003075.7:6339151-6340310	NC_003076.8	94.521	73	2	2	473	545	17955840	17955910	2.76e-23	111
NC_003075.7:6339151-6340310	NC_003076.8	86.905	84	9	2	798	880	9369019	9368937	1.00e-17	93.5
NC_003075.7:6339151-6340310	NC_003076.8	96.364	55	2	0	1	55	10271035	10270981	3.60e-17	91.6
NC_003075.7:6339151-6340310	NC_003076.8	96.296	54	2	0	2	55	9616973	9616920	1.29e-16	89.8
NC_003075.7:6339151-6340310	NC_003076.8	84.444	90	12	2	2	89	10369950	10370039	4.65e-16	87.9
NC_003075.7:6339151-6340310	NC_003076.8	96.226	53	2	0	2	54	11641110	11641058	4.65e-16	87.9
NC_003075.7:6339151-6340310	NC_003076.8	94.444	54	3	0	2	55	18554907	18554960	6.02e-15	84.2
NC_003075.7:6339151-6340310	NC_003076.8	92.727	55	4	0	1	55	3903104	3903158	7.79e-14	80.5
NC_003075.7:6339151-6340310	NC_003076.8	95.918	49	2	0	497	545	17481834	17481786	7.79e-14	80.5
NC_003075.7:6339151-6340310	NC_003076.8	95.918	49	2	0	497	545	26892324	26892276	7.79e-14	80.5
NC_003075.7:6339151-6340310	NC_003076.8	89.091	55	4	2	2	55	17360102	17360049	6.06e-10	67.6
NC_003075.7:6339151-6340310	NC_003070.9	92.072	555	39	5	321	872	20205353	20205905	0.0	776
NC_003075.7:6339151-6340310	NC_003070.9	92.135	534	24	8	355	873	4583527	4582997	0.0	737
NC_003075.7:6339151-6340310	NC_003070.9	90.409	563	40	10	315	873	29244693	29244141	0.0	728
NC_003075.7:6339151-6340310	NC_003070.9	89.878	573	43	13	312	879	22192563	22192001	0.0	723
NC_003075.7:6339151-6340310	NC_003070.9	89.583	576	42	8	315	875	5863518	5862946	0.0	715
NC_003075.7:6339151-6340310	NC_003070.9	88.376	585	46	12	315	880	13495417	13495998	0.0	684
NC_003075.7:6339151-6340310	NC_003070.9	88.908	568	44	9	322	872	21739076	21739641	0.0	682
NC_003075.7:6339151-6340310	NC_003070.9	87.831	567	57	10	315	872	27241282	27240719	0.0	654
NC_003075.7:6339151-6340310	NC_003070.9	87.478	559	59	9	319	872	5899203	5899755	1.33e-180	634
NC_003075.7:6339151-6340310	NC_003070.9	87.344	561	61	9	321	874	16400448	16401005	1.33e-180	634
NC_003075.7:6339151-6340310	NC_003070.9	86.911	573	58	15	315	876	10591421	10591987	2.22e-178	627
NC_003075.7:6339151-6340310	NC_003070.9	86.941	559	63	9	322	873	540433	540988	3.71e-176	619
NC_003075.7:6339151-6340310	NC_003070.9	86.819	569	51	13	322	872	23125131	23125693	1.73e-174	614
NC_003075.7:6339151-6340310	NC_003070.9	86.679	563	60	13	320	872	26881278	26880721	2.23e-173	610
NC_003075.7:6339151-6340310	NC_003070.9	86.980	553	46	9	322	853	25780237	25779690	4.83e-170	599
NC_003075.7:6339151-6340310	NC_003070.9	86.292	569	53	14	322	872	12098017	12097456	6.25e-169	595
NC_003075.7:6339151-6340310	NC_003070.9	86.189	572	49	15	320	873	26510668	26511227	8.09e-168	592
NC_003075.7:6339151-6340310	NC_003070.9	88.819	474	44	8	324	793	10931470	10931002	2.93e-162	573
NC_003075.7:6339151-6340310	NC_003070.9	84.696	575	54	16	315	872	4770108	4770665	2.30e-153	544
NC_003075.7:6339151-6340310	NC_003070.9	84.561	570	53	16	322	874	19769573	19769022	4.97e-150	532
NC_003075.7:6339151-6340310	NC_003070.9	84.534	569	54	17	322	873	21918984	21918433	4.97e-150	532
NC_003075.7:6339151-6340310	NC_003070.9	84.138	580	59	13	322	871	17502807	17502231	1.79e-149	531
NC_003075.7:6339151-6340310	NC_003070.9	84.534	569	50	19	322	872	10021414	10021962	6.43e-149	529
NC_003075.7:6339151-6340310	NC_003070.9	83.480	569	78	14	316	874	11732912	11732350	5.01e-145	516
NC_003075.7:6339151-6340310	NC_003070.9	86.207	493	47	11	399	873	6218652	6219141	1.80e-144	514
NC_003075.7:6339151-6340310	NC_003070.9	83.531	589	58	19	310	877	11803529	11804099	1.80e-144	514
NC_003075.7:6339151-6340310	NC_003070.9	82.788	581	75	11	312	873	13810893	13811467	6.53e-139	496
NC_003075.7:6339151-6340310	NC_003070.9	83.133	581	59	16	322	872	13870444	13869873	2.35e-138	494
NC_003075.7:6339151-6340310	NC_003070.9	93.865	326	17	3	1	325	9862693	9863016	1.09e-136	488
NC_003075.7:6339151-6340310	NC_003070.9	93.313	329	20	2	1	328	3343055	3342728	1.41e-135	484
NC_003075.7:6339151-6340310	NC_003070.9	92.988	328	21	2	2	328	18633797	18633471	2.36e-133	477
NC_003075.7:6339151-6340310	NC_003070.9	82.034	590	68	20	319	882	24719042	24718465	1.42e-130	468
NC_003075.7:6339151-6340310	NC_003070.9	82.931	539	71	11	354	875	587497	588031	5.12e-130	466
NC_003075.7:6339151-6340310	NC_003070.9	86.557	424	52	5	453	871	2587409	2587832	6.62e-129	462
NC_003075.7:6339151-6340310	NC_003070.9	81.788	593	69	22	304	877	28891363	28891935	2.38e-128	460
NC_003075.7:6339151-6340310	NC_003070.9	81.588	592	56	25	309	875	24646079	24645516	3.10e-122	440
NC_003075.7:6339151-6340310	NC_003070.9	90.033	301	22	4	862	1160	3342738	3342444	5.30e-105	383
NC_003075.7:6339151-6340310	NC_003070.9	90.000	300	22	4	862	1159	18633481	18633188	1.91e-104	381
NC_003075.7:6339151-6340310	NC_003070.9	89.667	300	23	6	862	1160	10867431	10867139	8.87e-103	375
NC_003075.7:6339151-6340310	NC_003070.9	86.928	306	37	3	2	304	11987777	11988082	3.24e-92	340
NC_003075.7:6339151-6340310	NC_003070.9	85.852	311	32	7	1	304	26551572	26551877	4.21e-86	320
NC_003075.7:6339151-6340310	NC_003070.9	90.456	241	17	4	317	555	2472895	2473131	7.05e-84	313
NC_003075.7:6339151-6340310	NC_003070.9	84.365	307	44	4	2	304	21428756	21428450	1.97e-79	298
NC_003075.7:6339151-6340310	NC_003070.9	84.091	308	30	4	9	298	16477700	16478006	7.15e-74	279
NC_003075.7:6339151-6340310	NC_003070.9	81.988	322	39	7	2	304	10597666	10597987	1.21e-66	255
NC_003075.7:6339151-6340310	NC_003070.9	82.680	306	35	5	3	304	13624552	13624261	1.21e-66	255
NC_003075.7:6339151-6340310	NC_003070.9	87.013	231	19	7	320	545	3251480	3251256	5.61e-65	250
NC_003075.7:6339151-6340310	NC_003070.9	81.515	330	35	12	1	304	22828615	22828944	2.02e-64	248
NC_003075.7:6339151-6340310	NC_003070.9	85.892	241	14	11	320	545	21615295	21615530	1.21e-61	239
NC_003075.7:6339151-6340310	NC_003070.9	84.874	238	17	9	324	545	8622758	8622992	1.22e-56	222
NC_003075.7:6339151-6340310	NC_003070.9	84.188	234	31	5	644	873	12240735	12240504	1.22e-56	222
NC_003075.7:6339151-6340310	NC_003070.9	84.167	240	19	10	322	545	10580141	10579905	2.05e-54	215
NC_003075.7:6339151-6340310	NC_003070.9	83.817	241	20	9	321	545	11669356	11669593	2.65e-53	211
NC_003075.7:6339151-6340310	NC_003070.9	83.750	240	19	8	322	545	9418063	9418298	9.52e-53	209
NC_003075.7:6339151-6340310	NC_003070.9	83.673	245	15	15	321	545	20514574	20514335	3.42e-52	207
NC_003075.7:6339151-6340310	NC_003070.9	83.750	240	18	11	322	545	21128870	21128636	3.42e-52	207
NC_003075.7:6339151-6340310	NC_003070.9	89.873	158	12	2	321	477	8539764	8539610	5.73e-50	200
NC_003075.7:6339151-6340310	NC_003070.9	84.000	225	17	10	337	545	3762975	3762754	2.06e-49	198
NC_003075.7:6339151-6340310	NC_003070.9	82.845	239	21	8	322	545	696474	696707	7.41e-49	196
NC_003075.7:6339151-6340310	NC_003070.9	89.308	159	12	4	315	472	14012805	14012959	2.67e-48	195
NC_003075.7:6339151-6340310	NC_003070.9	82.072	251	22	13	314	545	20559590	20559836	9.59e-48	193
NC_003075.7:6339151-6340310	NC_003070.9	90.066	151	10	4	322	471	12240910	12240764	3.45e-47	191
NC_003075.7:6339151-6340310	NC_003070.9	89.474	152	12	3	322	472	25358422	25358274	1.24e-46	189
NC_003075.7:6339151-6340310	NC_003070.9	84.211	209	15	4	322	515	9384160	9384365	4.46e-46	187
NC_003075.7:6339151-6340310	NC_003070.9	90.909	143	8	4	315	455	12458263	12458124	4.46e-46	187
NC_003075.7:6339151-6340310	NC_003070.9	88.199	161	14	3	318	477	18300267	18300423	4.46e-46	187
NC_003075.7:6339151-6340310	NC_003070.9	88.272	162	12	5	315	472	19741532	19741690	4.46e-46	187
NC_003075.7:6339151-6340310	NC_003070.9	90.210	143	12	2	315	457	2587825	2587965	1.60e-45	185
NC_003075.7:6339151-6340310	NC_003070.9	86.628	172	15	7	313	480	21336538	21336371	5.77e-45	183
NC_003075.7:6339151-6340310	NC_003070.9	91.176	136	9	2	322	457	29079013	29078881	2.08e-44	182
NC_003075.7:6339151-6340310	NC_003070.9	88.312	154	12	5	320	471	13313515	13313664	7.46e-44	180
NC_003075.7:6339151-6340310	NC_003070.9	84.694	196	12	8	365	545	14013415	14013607	7.46e-44	180
NC_003075.7:6339151-6340310	NC_003070.9	86.145	166	16	5	311	472	8190572	8190410	1.25e-41	172
NC_003075.7:6339151-6340310	NC_003070.9	85.897	156	10	9	322	472	11174808	11174660	1.26e-36	156
NC_003075.7:6339151-6340310	NC_003070.9	92.000	100	6	2	356	455	17632986	17632889	1.27e-31	139
NC_003075.7:6339151-6340310	NC_003070.9	85.821	134	8	5	324	457	26307503	26307381	2.12e-29	132
NC_003075.7:6339151-6340310	NC_003070.9	81.548	168	14	7	316	470	2587208	2587371	1.28e-26	122
NC_003075.7:6339151-6340310	NC_003070.9	92.593	54	4	0	2	55	19054421	19054474	2.80e-13	78.7
NC_003075.7:6339151-6340310	NC_003070.9	84.286	70	9	2	1	69	9138320	9138252	6.06e-10	67.6
NC_003075.7:6339151-6340310	NC_003071.7	90.179	560	41	9	320	876	9228635	9229183	0.0	717
NC_003075.7:6339151-6340310	NC_003071.7	89.789	568	39	8	322	872	2139385	2138820	0.0	710
NC_003075.7:6339151-6340310	NC_003071.7	90.239	543	33	10	347	872	4025952	4025413	0.0	691
NC_003075.7:6339151-6340310	NC_003071.7	87.500	576	50	10	322	877	1410155	1409582	0.0	645
NC_003075.7:6339151-6340310	NC_003071.7	86.783	575	63	11	308	873	6206582	6207152	6.17e-179	628
NC_003075.7:6339151-6340310	NC_003071.7	87.148	568	51	12	322	872	5038313	5037751	7.98e-178	625
NC_003075.7:6339151-6340310	NC_003071.7	85.442	577	51	18	318	872	7340946	7340381	3.79e-161	569
NC_003075.7:6339151-6340310	NC_003071.7	85.510	559	63	14	321	873	19623647	19623101	1.36e-160	568
NC_003075.7:6339151-6340310	NC_003071.7	85.305	558	67	12	322	873	15134772	15134224	6.34e-159	562
NC_003075.7:6339151-6340310	NC_003071.7	85.027	561	68	12	322	878	1669791	1670339	2.95e-157	556
NC_003075.7:6339151-6340310	NC_003071.7	85.053	562	63	17	324	875	9225478	9226028	3.82e-156	553
NC_003075.7:6339151-6340310	NC_003071.7	84.801	579	53	19	313	873	13102370	13101809	4.94e-155	549
NC_003075.7:6339151-6340310	NC_003071.7	84.293	573	63	17	321	872	5010086	5010652	1.38e-150	534
NC_003075.7:6339151-6340310	NC_003071.7	84.348	575	55	16	315	872	12557210	12556654	1.79e-149	531
NC_003075.7:6339151-6340310	NC_003071.7	84.547	563	51	19	327	872	13886474	13885931	8.32e-148	525
NC_003075.7:6339151-6340310	NC_003071.7	83.713	571	69	11	320	873	1597481	1596918	1.39e-145	518
NC_003075.7:6339151-6340310	NC_003071.7	85.078	516	53	12	360	854	17147129	17147641	1.08e-141	505
NC_003075.7:6339151-6340310	NC_003071.7	84.909	497	63	10	381	873	19242648	19243136	8.44e-138	492
NC_003075.7:6339151-6340310	NC_003071.7	93.030	330	20	2	1	328	6629875	6629547	6.57e-134	479
NC_003075.7:6339151-6340310	NC_003071.7	84.413	494	59	8	399	874	19172177	19172670	3.95e-131	470
NC_003075.7:6339151-6340310	NC_003071.7	87.338	308	33	6	1	304	3191790	3191485	1.93e-94	348
NC_003075.7:6339151-6340310	NC_003071.7	87.055	309	34	4	1	304	10256049	10255742	2.50e-93	344
NC_003075.7:6339151-6340310	NC_003071.7	86.799	303	34	6	6	304	8078202	8077902	5.41e-90	333
NC_003075.7:6339151-6340310	NC_003071.7	87.543	289	28	6	308	593	9433585	9433302	2.52e-88	327
NC_003075.7:6339151-6340310	NC_003071.7	86.622	299	27	7	862	1159	6629557	6629271	1.52e-85	318
NC_003075.7:6339151-6340310	NC_003071.7	83.908	348	31	14	322	651	4306290	4305950	9.12e-83	309
NC_003075.7:6339151-6340310	NC_003071.7	83.901	323	31	5	2	304	2297111	2297432	1.19e-76	289
NC_003075.7:6339151-6340310	NC_003071.7	83.489	321	32	4	1	301	6288839	6288520	7.15e-74	279
NC_003075.7:6339151-6340310	NC_003071.7	82.663	323	36	7	2	304	2241232	2240910	1.55e-70	268
NC_003075.7:6339151-6340310	NC_003071.7	81.988	322	39	9	1	304	8302944	8302624	1.21e-66	255
NC_003075.7:6339151-6340310	NC_003071.7	81.846	325	38	5	1	304	2961260	2961584	4.34e-66	254
NC_003075.7:6339151-6340310	NC_003071.7	81.677	322	38	8	3	304	4471815	4472135	2.02e-64	248
NC_003075.7:6339151-6340310	NC_003071.7	89.055	201	16	6	347	545	9456163	9455967	2.61e-63	244
NC_003075.7:6339151-6340310	NC_003071.7	81.877	309	35	6	1	291	3598085	3598390	3.38e-62	241
NC_003075.7:6339151-6340310	NC_003071.7	86.425	221	26	4	654	872	9433309	9433091	1.21e-61	239
NC_003075.7:6339151-6340310	NC_003071.7	94.079	152	9	0	1	152	1076409	1076258	2.03e-59	231
NC_003075.7:6339151-6340310	NC_003071.7	83.465	254	20	10	310	544	1383539	1383789	5.69e-55	217
NC_003075.7:6339151-6340310	NC_003071.7	84.167	240	19	6	322	545	1321970	1322206	2.05e-54	215
NC_003075.7:6339151-6340310	NC_003071.7	83.740	246	20	6	315	544	10996177	10996418	2.05e-54	215
NC_003075.7:6339151-6340310	NC_003071.7	83.333	246	20	10	316	545	3197613	3197853	3.42e-52	207
NC_003075.7:6339151-6340310	NC_003071.7	89.375	160	14	3	321	478	826275	826117	2.06e-49	198
NC_003075.7:6339151-6340310	NC_003071.7	88.679	159	12	3	322	477	2320934	2320779	1.24e-46	189
NC_003075.7:6339151-6340310	NC_003071.7	89.032	155	13	3	319	472	7179018	7178867	1.24e-46	189
NC_003075.7:6339151-6340310	NC_003071.7	86.782	174	17	5	318	489	9311622	9311453	1.24e-46	189
NC_003075.7:6339151-6340310	NC_003071.7	92.366	131	8	1	322	452	4758101	4758229	1.60e-45	185
NC_003075.7:6339151-6340310	NC_003071.7	81.435	237	34	8	318	552	13113306	13113534	1.60e-45	185
NC_003075.7:6339151-6340310	NC_003071.7	89.313	131	10	3	318	448	7351550	7351424	2.70e-38	161
NC_003075.7:6339151-6340310	NC_003071.7	84.277	159	12	6	315	472	8908002	8907856	9.79e-33	143
NC_003075.7:6339151-6340310	NC_003071.7	82.635	167	17	6	304	469	9891228	9891383	4.56e-31	137
NC_003075.7:6339151-6340310	NC_003071.7	86.029	136	8	5	322	457	17992544	17992668	1.64e-30	135
NC_003075.7:6339151-6340310	NC_003071.7	91.398	93	7	1	782	873	825535	825443	9.86e-28	126
NC_003075.7:6339151-6340310	NC_003071.7	85.714	98	14	0	778	875	8046175	8046272	4.62e-21	104
NC_003075.7:6339151-6340310	NC_003071.7	98.148	54	1	0	2	55	2139932	2139879	2.78e-18	95.3
NC_003075.7:6339151-6340310	NC_003071.7	94.545	55	3	0	1	55	8236260	8236314	1.67e-15	86.1
NC_003075.7:6339151-6340310	NC_003071.7	87.013	77	9	1	798	873	9091213	9091137	1.67e-15	86.1
NC_003075.7:6339151-6340310	NC_003071.7	94.444	54	3	0	2	55	1988687	1988740	6.02e-15	84.2
NC_003075.7:6339151-6340310	NC_003071.7	92.727	55	4	0	1	55	4355713	4355659	7.79e-14	80.5
NC_003075.7:6339151-6340310	NC_003074.8	90.433	554	38	13	322	872	4585297	4584756	0.0	715
NC_003075.7:6339151-6340310	NC_003074.8	89.127	561	51	9	319	872	10709182	10708625	0.0	689
NC_003075.7:6339151-6340310	NC_003074.8	88.735	577	44	6	319	876	3080022	3080596	0.0	686
NC_003075.7:6339151-6340310	NC_003074.8	88.482	573	45	10	311	866	16723110	16723678	0.0	673
NC_003075.7:6339151-6340310	NC_003074.8	87.500	560	59	10	320	873	10717792	10718346	0.0	636
NC_003075.7:6339151-6340310	NC_003074.8	86.833	562	61	11	320	872	7766619	7766062	4.80e-175	616
NC_003075.7:6339151-6340310	NC_003074.8	86.254	582	57	11	311	873	10405972	10405395	2.23e-173	610
NC_003075.7:6339151-6340310	NC_003074.8	86.865	571	44	9	321	872	21552100	21552658	2.23e-173	610
NC_003075.7:6339151-6340310	NC_003074.8	86.429	560	64	10	322	872	16405752	16405196	3.74e-171	603
NC_003075.7:6339151-6340310	NC_003074.8	85.520	587	59	13	311	879	23086101	23085523	2.91e-167	590
NC_003075.7:6339151-6340310	NC_003074.8	85.839	572	60	9	321	875	14057688	14057121	1.05e-166	588
NC_003075.7:6339151-6340310	NC_003074.8	85.940	569	57	9	322	872	19437434	19436871	3.76e-166	586
NC_003075.7:6339151-6340310	NC_003074.8	85.274	584	54	15	315	870	6728918	6729497	2.93e-162	573
NC_003075.7:6339151-6340310	NC_003074.8	85.638	564	58	12	321	866	11090439	11090997	1.05e-161	571
NC_003075.7:6339151-6340310	NC_003074.8	85.198	581	59	15	299	860	18633920	18634492	1.05e-161	571
NC_003075.7:6339151-6340310	NC_003074.8	85.409	562	65	13	322	878	11132745	11132196	1.36e-160	568
NC_003075.7:6339151-6340310	NC_003074.8	97.508	321	7	1	2	322	17150761	17150442	1.78e-154	547
NC_003075.7:6339151-6340310	NC_003074.8	85.213	541	59	16	344	879	422680	423204	3.84e-151	536
NC_003075.7:6339151-6340310	NC_003074.8	84.266	572	65	12	322	875	16485308	16485872	1.38e-150	534
NC_003075.7:6339151-6340310	NC_003074.8	83.592	579	70	12	315	873	5866436	5865863	3.87e-146	520
NC_003075.7:6339151-6340310	NC_003074.8	84.155	568	56	18	322	872	7980083	7980633	3.87e-146	520
NC_003075.7:6339151-6340310	NC_003074.8	83.979	568	58	16	322	872	17402001	17402552	1.80e-144	514
NC_003075.7:6339151-6340310	NC_003074.8	83.333	600	53	24	315	873	19740349	19739756	2.33e-143	510
NC_003075.7:6339151-6340310	NC_003074.8	83.362	583	61	15	322	872	10758002	10758580	3.01e-142	507
NC_003075.7:6339151-6340310	NC_003074.8	83.184	559	78	12	322	875	11315551	11315004	1.81e-139	497
NC_003075.7:6339151-6340310	NC_003074.8	94.172	326	17	2	1	325	13823339	13823663	6.53e-139	496
NC_003075.7:6339151-6340310	NC_003074.8	94.178	292	16	1	864	1155	17150449	17150159	2.40e-123	444
NC_003075.7:6339151-6340310	NC_003074.8	86.514	393	48	5	494	882	4579617	4579226	2.41e-118	427
NC_003075.7:6339151-6340310	NC_003074.8	90.698	301	20	4	862	1160	13823656	13823950	2.45e-108	394
NC_003075.7:6339151-6340310	NC_003074.8	89.632	299	24	3	862	1159	11167093	11166801	3.19e-102	374
NC_003075.7:6339151-6340310	NC_003074.8	84.461	399	39	8	310	689	15814504	15814110	1.15e-101	372
NC_003075.7:6339151-6340310	NC_003074.8	87.419	310	33	5	1	304	14127408	14127717	1.49e-95	351
NC_003075.7:6339151-6340310	NC_003074.8	87.419	310	33	5	1	304	14142997	14143306	1.49e-95	351
NC_003075.7:6339151-6340310	NC_003074.8	83.990	381	45	10	319	690	16234657	16235030	1.49e-95	351
NC_003075.7:6339151-6340310	NC_003074.8	86.774	310	34	3	2	304	22215960	22215651	1.16e-91	339
NC_003075.7:6339151-6340310	NC_003074.8	92.920	226	16	0	1	226	8492131	8491906	7.00e-89	329
NC_003075.7:6339151-6340310	NC_003074.8	88.306	248	25	3	315	561	18885617	18885861	2.55e-78	294
NC_003075.7:6339151-6340310	NC_003074.8	89.498	219	15	6	331	545	8329494	8329280	4.31e-71	270
NC_003075.7:6339151-6340310	NC_003074.8	88.261	230	22	4	318	545	16903205	16902979	4.31e-71	270
NC_003075.7:6339151-6340310	NC_003074.8	87.826	230	14	10	320	545	17209570	17209789	3.35e-67	257
NC_003075.7:6339151-6340310	NC_003074.8	85.774	239	14	8	322	545	6940599	6940832	1.57e-60	235
NC_003075.7:6339151-6340310	NC_003074.8	83.730	252	21	7	311	545	11588625	11588873	4.40e-56	220
NC_003075.7:6339151-6340310	NC_003074.8	83.806	247	20	10	315	545	10901653	10901411	5.69e-55	217
NC_003075.7:6339151-6340310	NC_003074.8	83.534	249	19	10	314	545	18495139	18495382	7.36e-54	213
NC_003075.7:6339151-6340310	NC_003074.8	86.124	209	11	4	322	515	20769599	20769804	9.52e-53	209
NC_003075.7:6339151-6340310	NC_003074.8	92.361	144	11	0	9	152	15188376	15188519	1.23e-51	206
NC_003075.7:6339151-6340310	NC_003074.8	84.091	220	18	7	340	545	18170961	18171177	7.41e-49	196
NC_003075.7:6339151-6340310	NC_003074.8	91.156	147	8	4	311	456	8645350	8645208	2.67e-48	195
NC_003075.7:6339151-6340310	NC_003074.8	82.186	247	25	6	315	545	16678510	16678267	2.67e-48	195
NC_003075.7:6339151-6340310	NC_003074.8	83.408	223	15	13	341	545	16534426	16534644	4.46e-46	187
NC_003075.7:6339151-6340310	NC_003074.8	85.057	174	24	2	559	730	18887259	18887432	9.66e-43	176
NC_003075.7:6339151-6340310	NC_003074.8	85.976	164	16	5	312	472	7658923	7659082	1.62e-40	169
NC_003075.7:6339151-6340310	NC_003074.8	85.906	149	8	8	322	469	10681392	10681528	7.57e-34	147
NC_003075.7:6339151-6340310	NC_003074.8	80.198	202	22	13	2	195	10201567	10201376	1.64e-30	135
NC_003075.7:6339151-6340310	NC_003074.8	88.288	111	8	4	320	429	4579708	4579602	2.74e-28	128
NC_003075.7:6339151-6340310	NC_003074.8	90.625	96	8	1	359	453	16281809	16281714	9.86e-28	126
NC_003075.7:6339151-6340310	NC_003074.8	83.516	91	13	2	1	89	12061956	12062046	6.02e-15	84.2
NC_003075.7:6339151-6340310	NC_003074.8	92.593	54	3	1	59	111	15188374	15188321	1.01e-12	76.8
NC_003075.7:6339151-6340310	NC_003074.8	95.349	43	2	0	830	872	11539861	11539903	1.69e-10	69.4
NC_003075.7:6339151-6340310	NC_003074.8	80.851	94	13	5	1	90	14559079	14559171	1.69e-10	69.4
NC_003075.7:6339151-6340310	NC_003074.8	87.273	55	5	2	1	54	15874738	15874685	2.82e-08	62.1
NC_003075.7:6414054-6414643	NC_003075.7	100.000	590	0	0	1	590	6414643	6414054	0.0	1090
NC_003075.7:6414054-6414643	NC_003075.7	90.986	588	51	2	4	590	3897172	3897758	0.0	791
NC_003075.7:6414054-6414643	NC_003075.7	93.976	498	26	3	3	496	9188716	9189213	0.0	750
NC_003075.7:6414054-6414643	NC_003075.7	88.576	604	52	5	1	590	7905768	7906368	0.0	717
NC_003075.7:6414054-6414643	NC_003075.7	88.538	602	50	5	4	590	7154779	7155376	0.0	712
NC_003075.7:6414054-6414643	NC_003075.7	89.097	587	41	6	3	588	7652563	7653127	0.0	708
NC_003075.7:6414054-6414643	NC_003075.7	87.583	604	54	10	4	590	6427216	6426617	0.0	680
NC_003075.7:6414054-6414643	NC_003075.7	86.711	602	61	7	3	590	6895544	6894948	0.0	651
NC_003075.7:6414054-6414643	NC_003075.7	84.864	588	86	3	4	590	13124454	13123869	1.45e-167	590
NC_003075.7:6414054-6414643	NC_003075.7	84.884	602	53	12	3	590	8725656	8725079	1.46e-162	573
NC_003075.7:6414054-6414643	NC_003075.7	84.007	594	82	11	1	590	9146439	9147023	4.08e-158	558
NC_003075.7:6414054-6414643	NC_003075.7	84.635	384	35	7	198	567	12968292	12967919	1.24e-98	361
NC_003075.7:6414054-6414643	NC_003075.7	88.889	171	17	2	420	590	1521651	1521819	4.74e-53	209
NC_003075.7:6414054-6414643	NC_003075.7	88.304	171	18	2	420	590	6115735	6115903	2.20e-51	204
NC_003075.7:6414054-6414643	NC_003075.7	86.471	170	22	1	419	588	2553779	2553947	7.99e-46	185
NC_003075.7:6414054-6414643	NC_003075.7	85.714	175	23	2	417	590	12365237	12365064	2.87e-45	183
NC_003075.7:6414054-6414643	NC_003075.7	85.714	175	22	3	417	590	9111752	9111580	1.03e-44	182
NC_003075.7:6414054-6414643	NC_003075.7	84.971	173	25	1	418	590	572368	572197	1.73e-42	174
NC_003075.7:6414054-6414643	NC_003075.7	88.571	140	14	2	420	559	823659	823522	8.04e-41	169
NC_003075.7:6414054-6414643	NC_003075.7	84.211	171	25	2	420	590	5391888	5391720	1.04e-39	165
NC_003075.7:6414054-6414643	NC_003075.7	83.333	174	26	2	420	590	8899792	8899965	1.74e-37	158
NC_003075.7:6414054-6414643	NC_003075.7	92.135	89	6	1	301	389	9146605	9146692	1.77e-27	124
NC_003075.7:6414054-6414643	NC_003075.7	87.500	104	13	0	420	523	8819977	8819874	2.28e-26	121
NC_003075.7:6414054-6414643	NC_003075.7	91.954	87	6	1	504	590	9190201	9190286	2.28e-26	121
NC_003075.7:6414054-6414643	NC_003075.7	89.888	89	7	2	168	254	13124157	13124069	3.82e-24	113
NC_003075.7:6414054-6414643	NC_003075.7	88.764	89	8	2	168	254	6895247	6895159	1.78e-22	108
NC_003075.7:6414054-6414643	NC_003075.7	88.636	88	8	2	169	254	12968187	12968100	6.40e-22	106
NC_003075.7:6414054-6414643	NC_003075.7	82.105	95	14	2	459	550	6311140	6311046	1.39e-13	78.7
NC_003075.7:6414054-6414643	NC_003070.9	95.578	588	24	2	4	590	12183991	12183405	0.0	941
NC_003075.7:6414054-6414643	NC_003070.9	94.907	589	27	3	3	590	20509423	20508837	0.0	918
NC_003075.7:6414054-6414643	NC_003070.9	94.885	567	27	2	2	567	18805115	18804550	0.0	885
NC_003075.7:6414054-6414643	NC_003070.9	92.530	589	41	3	3	590	17605549	17606135	0.0	841
NC_003075.7:6414054-6414643	NC_003070.9	92.580	566	38	4	28	590	19717930	19718494	0.0	809
NC_003075.7:6414054-6414643	NC_003070.9	88.020	601	56	6	3	590	5531295	5531892	0.0	697
NC_003075.7:6414054-6414643	NC_003070.9	87.874	602	58	5	3	590	12993596	12992996	0.0	693
NC_003075.7:6414054-6414643	NC_003070.9	87.728	603	54	6	4	590	8189961	8190559	0.0	686
NC_003075.7:6414054-6414643	NC_003070.9	89.796	539	49	4	56	590	12457718	12458254	0.0	686
NC_003075.7:6414054-6414643	NC_003070.9	87.728	603	54	11	4	590	19742138	19741540	0.0	686
NC_003075.7:6414054-6414643	NC_003070.9	87.294	606	57	9	1	590	2588433	2587832	0.0	675
NC_003075.7:6414054-6414643	NC_003070.9	87.107	605	61	8	1	590	25357820	25358422	0.0	669
NC_003075.7:6414054-6414643	NC_003070.9	86.877	602	56	13	3	588	17632421	17633015	0.0	652
NC_003075.7:6414054-6414643	NC_003070.9	85.667	607	63	10	2	590	11174208	11174808	6.64e-176	617
NC_003075.7:6414054-6414643	NC_003070.9	85.479	606	66	7	2	590	13879655	13879055	3.09e-174	612
NC_003075.7:6414054-6414643	NC_003070.9	84.433	591	81	8	4	590	21335944	21336527	5.25e-162	571
NC_003075.7:6414054-6414643	NC_003070.9	93.529	340	21	1	2	340	24027181	24027520	5.40e-142	505
NC_003075.7:6414054-6414643	NC_003070.9	85.595	479	52	10	127	590	3498228	3497752	1.95e-136	486
NC_003075.7:6414054-6414643	NC_003070.9	88.127	379	30	5	225	590	9918829	9918453	2.00e-121	436
NC_003075.7:6414054-6414643	NC_003070.9	84.521	407	41	6	198	590	16859030	16858632	2.64e-105	383
NC_003075.7:6414054-6414643	NC_003070.9	83.010	412	47	10	192	588	26307100	26307503	7.44e-96	351
NC_003075.7:6414054-6414643	NC_003070.9	90.155	193	18	1	4	196	9919332	9919141	2.79e-65	250
NC_003075.7:6414054-6414643	NC_003070.9	88.889	171	18	1	420	590	21918815	21918984	4.74e-53	209
NC_003075.7:6414054-6414643	NC_003070.9	88.304	171	18	2	420	590	4770283	4770115	2.20e-51	204
NC_003075.7:6414054-6414643	NC_003070.9	88.000	175	17	4	417	590	19769402	19769573	2.20e-51	204
NC_003075.7:6414054-6414643	NC_003070.9	87.931	174	19	2	417	590	26510841	26510670	2.20e-51	204
NC_003075.7:6414054-6414643	NC_003070.9	87.791	172	20	1	419	590	12097847	12098017	2.85e-50	200
NC_003075.7:6414054-6414643	NC_003070.9	87.719	171	19	2	420	590	23125299	23125131	1.03e-49	198
NC_003075.7:6414054-6414643	NC_003070.9	87.209	172	20	2	419	590	12240741	12240910	1.33e-48	195
NC_003075.7:6414054-6414643	NC_003070.9	87.209	172	21	1	419	590	13313687	13313517	1.33e-48	195
NC_003075.7:6414054-6414643	NC_003070.9	86.628	172	21	2	419	590	24645895	24646064	6.17e-47	189
NC_003075.7:6414054-6414643	NC_003070.9	86.047	172	22	2	420	590	5863342	5863512	2.87e-45	183
NC_003075.7:6414054-6414643	NC_003070.9	85.799	169	24	0	420	588	8622926	8622758	3.72e-44	180
NC_003075.7:6414054-6414643	NC_003070.9	84.971	173	25	1	419	590	10579969	10580141	1.73e-42	174
NC_003075.7:6414054-6414643	NC_003070.9	84.884	172	24	2	420	590	13811073	13810903	6.22e-42	172
NC_003075.7:6414054-6414643	NC_003070.9	84.393	173	25	2	419	590	9418234	9418063	8.04e-41	169
NC_003075.7:6414054-6414643	NC_003070.9	84.000	175	24	3	419	590	13495595	13495422	1.04e-39	165
NC_003075.7:6414054-6414643	NC_003070.9	86.207	145	19	1	446	590	5899349	5899206	6.26e-37	156
NC_003075.7:6414054-6414643	NC_003070.9	83.237	173	26	3	419	590	21128700	21128870	6.26e-37	156
NC_003075.7:6414054-6414643	NC_003070.9	82.955	176	25	5	417	590	28891552	28891380	2.25e-36	154
NC_003075.7:6414054-6414643	NC_003070.9	84.516	155	23	1	419	572	3762818	3762972	8.10e-36	152
NC_003075.7:6414054-6414643	NC_003070.9	82.184	174	30	1	418	590	11669530	11669357	1.05e-34	148
NC_003075.7:6414054-6414643	NC_003070.9	81.034	174	32	1	418	590	20559773	20559600	2.27e-31	137
NC_003075.7:6414054-6414643	NC_003070.9	82.550	149	25	1	437	585	3251327	3251474	3.80e-29	130
NC_003075.7:6414054-6414643	NC_003070.9	90.909	88	7	1	168	254	3498052	3497965	2.95e-25	117
NC_003075.7:6414054-6414643	NC_003070.9	89.888	89	7	2	168	254	14013113	14013025	3.82e-24	113
NC_003075.7:6414054-6414643	NC_003070.9	89.888	89	8	1	301	389	29078577	29078664	3.82e-24	113
NC_003075.7:6414054-6414643	NC_003070.9	89.773	88	7	2	169	254	16858925	16858838	1.37e-23	111
NC_003075.7:6414054-6414643	NC_003070.9	89.888	89	6	2	169	254	26307211	26307299	1.37e-23	111
NC_003075.7:6414054-6414643	NC_003070.9	88.764	89	8	2	168	254	11174507	11174595	1.78e-22	108
NC_003075.7:6414054-6414643	NC_003070.9	88.764	89	8	2	168	254	21336240	21336328	1.78e-22	108
NC_003075.7:6414054-6414643	NC_003070.9	79.070	172	20	8	420	590	11732749	11732905	2.30e-21	104
NC_003075.7:6414054-6414643	NC_003074.8	95.076	589	27	2	3	590	7659522	7658935	0.0	926
NC_003075.7:6414054-6414643	NC_003074.8	93.039	589	38	3	4	590	7937571	7936984	0.0	857
NC_003075.7:6414054-6414643	NC_003074.8	92.530	589	42	2	3	590	19520640	19521227	0.0	843
NC_003075.7:6414054-6414643	NC_003074.8	90.741	594	48	6	1	590	18147112	18146522	0.0	785
NC_003075.7:6414054-6414643	NC_003074.8	87.748	604	57	5	1	590	8644739	8645339	0.0	689
NC_003075.7:6414054-6414643	NC_003074.8	81.364	601	58	19	4	590	10681952	10681392	1.54e-122	440
NC_003075.7:6414054-6414643	NC_003074.8	88.953	172	17	2	419	590	23085921	23086090	1.32e-53	211
NC_003075.7:6414054-6414643	NC_003074.8	87.931	174	19	2	417	590	5866258	5866429	2.20e-51	204
NC_003075.7:6414054-6414643	NC_003074.8	87.931	174	20	1	417	590	15814319	15814491	2.20e-51	204
NC_003075.7:6414054-6414643	NC_003074.8	87.719	171	20	1	420	590	11132576	11132745	1.03e-49	198
NC_003075.7:6414054-6414643	NC_003074.8	87.283	173	19	3	419	590	14057517	14057687	1.33e-48	195
NC_003075.7:6414054-6414643	NC_003074.8	86.705	173	22	1	418	590	11090611	11090440	1.72e-47	191
NC_003075.7:6414054-6414643	NC_003074.8	86.207	174	21	3	419	590	21552273	21552101	7.99e-46	185
NC_003075.7:6414054-6414643	NC_003074.8	86.047	172	23	1	419	590	6729095	6728925	2.87e-45	183
NC_003075.7:6414054-6414643	NC_003074.8	85.965	171	24	0	420	590	20769769	20769599	2.87e-45	183
NC_003075.7:6414054-6414643	NC_003074.8	86.047	172	21	3	420	590	16723289	16723120	1.03e-44	182
NC_003075.7:6414054-6414643	NC_003074.8	86.047	172	20	4	420	590	18634111	18633943	1.03e-44	182
NC_003075.7:6414054-6414643	NC_003074.8	88.276	145	17	0	446	590	10717938	10717794	1.73e-42	174
NC_003075.7:6414054-6414643	NC_003074.8	84.659	176	22	5	417	590	7980255	7980083	2.24e-41	171
NC_003075.7:6414054-6414643	NC_003074.8	84.393	173	24	3	419	590	19437264	19437434	2.89e-40	167
NC_003075.7:6414054-6414643	NC_003074.8	83.908	174	27	1	418	590	11588810	11588637	1.04e-39	165
NC_003075.7:6414054-6414643	NC_003074.8	86.897	145	19	0	446	590	18885768	18885624	3.74e-39	163
NC_003075.7:6414054-6414643	NC_003074.8	86.713	143	19	0	430	572	18171103	18170961	4.84e-38	159
NC_003075.7:6414054-6414643	NC_003074.8	83.237	173	28	1	419	590	16678331	16678503	1.74e-37	158
NC_003075.7:6414054-6414643	NC_003074.8	82.659	173	28	2	419	590	10901475	10901646	8.10e-36	152
NC_003075.7:6414054-6414643	NC_003074.8	82.857	175	25	3	420	590	16234833	16234660	8.10e-36	152
NC_003075.7:6414054-6414643	NC_003074.8	85.517	145	20	1	437	581	8329351	8329494	2.91e-35	150
NC_003075.7:6414054-6414643	NC_003074.8	83.553	152	21	4	419	567	16534580	16534430	6.31e-32	139
NC_003075.7:6414054-6414643	NC_003074.8	88.596	114	12	1	446	559	17209715	17209603	2.27e-31	137
NC_003075.7:6414054-6414643	NC_003074.8	89.655	87	8	1	169	254	10681682	10681596	4.94e-23	110
NC_003075.7:6414054-6414643	NC_003074.8	89.655	87	7	2	169	253	18172566	18172480	4.94e-23	110
NC_003075.7:6414054-6414643	NC_003076.8	93.015	587	38	3	4	588	9979173	9978588	0.0	854
NC_003075.7:6414054-6414643	NC_003076.8	92.749	593	40	2	1	590	20674826	20674234	0.0	854
NC_003075.7:6414054-6414643	NC_003076.8	89.621	607	46	4	1	590	25178774	25179380	0.0	756
NC_003075.7:6414054-6414643	NC_003076.8	89.000	600	47	5	4	588	14880216	14880811	0.0	725
NC_003075.7:6414054-6414643	NC_003076.8	88.723	603	49	8	3	590	15659432	15658834	0.0	719
NC_003075.7:6414054-6414643	NC_003076.8	88.557	603	52	6	4	590	349810	350411	0.0	715
NC_003075.7:6414054-6414643	NC_003076.8	88.576	569	49	4	4	559	19479577	19480142	0.0	676
NC_003075.7:6414054-6414643	NC_003076.8	86.899	603	58	12	1	588	9545735	9546331	0.0	656
NC_003075.7:6414054-6414643	NC_003076.8	83.056	602	62	10	4	590	23662580	23662004	1.16e-143	510
NC_003075.7:6414054-6414643	NC_003076.8	81.561	602	57	19	4	590	10042374	10041812	9.22e-125	448
NC_003075.7:6414054-6414643	NC_003076.8	83.796	432	41	13	176	590	22463783	22464202	2.64e-105	383
NC_003075.7:6414054-6414643	NC_003076.8	90.173	173	15	2	418	590	19101938	19102108	1.69e-57	224
NC_003075.7:6414054-6414643	NC_003076.8	89.535	172	17	1	419	590	24449205	24449375	2.83e-55	217
NC_003075.7:6414054-6414643	NC_003076.8	88.439	173	19	1	418	590	17726814	17726985	1.70e-52	207
NC_003075.7:6414054-6414643	NC_003076.8	88.000	175	19	2	417	590	17043728	17043901	6.13e-52	206
NC_003075.7:6414054-6414643	NC_003076.8	87.931	174	17	4	419	590	22621349	22621178	7.93e-51	202
NC_003075.7:6414054-6414643	NC_003076.8	87.209	172	20	2	419	590	13231904	13232073	1.33e-48	195
NC_003075.7:6414054-6414643	NC_003076.8	87.578	161	20	0	430	590	8601979	8601819	2.22e-46	187
NC_003075.7:6414054-6414643	NC_003076.8	85.465	172	23	2	419	590	5625451	5625620	1.34e-43	178
NC_003075.7:6414054-6414643	NC_003076.8	85.380	171	25	0	420	590	16030719	16030549	1.34e-43	178
NC_003075.7:6414054-6414643	NC_003076.8	85.227	176	21	4	419	590	9068343	9068169	4.81e-43	176
NC_003075.7:6414054-6414643	NC_003076.8	85.976	164	21	2	428	590	15031076	15030914	1.73e-42	174
NC_003075.7:6414054-6414643	NC_003076.8	87.013	154	19	1	418	571	5648052	5647900	6.22e-42	172
NC_003075.7:6414054-6414643	NC_003076.8	84.884	172	25	1	420	590	15162951	15163122	6.22e-42	172
NC_003075.7:6414054-6414643	NC_003076.8	86.897	145	18	1	446	590	15581198	15581341	1.35e-38	161
NC_003075.7:6414054-6414643	NC_003076.8	83.333	174	25	4	420	590	3566744	3566916	1.74e-37	158
NC_003075.7:6414054-6414643	NC_003076.8	86.014	143	18	2	448	590	8749330	8749470	8.10e-36	152
NC_003075.7:6414054-6414643	NC_003076.8	81.503	173	30	2	418	588	7488265	7488093	1.75e-32	141
NC_003075.7:6414054-6414643	NC_003076.8	83.333	150	23	2	419	567	15535299	15535151	2.27e-31	137
NC_003075.7:6414054-6414643	NC_003076.8	85.496	131	16	2	463	590	4937362	4937492	2.93e-30	134
NC_003075.7:6414054-6414643	NC_003076.8	90.099	101	9	1	463	562	17247804	17247704	3.80e-29	130
NC_003075.7:6414054-6414643	NC_003076.8	89.773	88	7	2	169	254	10042104	10042017	1.37e-23	111
NC_003075.7:6414054-6414643	NC_003076.8	81.560	141	21	4	450	589	19408515	19408379	1.37e-23	111
NC_003075.7:6414054-6414643	NC_003076.8	88.889	63	7	0	430	492	9867571	9867633	1.39e-13	78.7
NC_003075.7:6414054-6414643	NC_003071.7	92.360	589	42	3	4	590	11597292	11597879	0.0	835
NC_003075.7:6414054-6414643	NC_003071.7	92.504	587	33	2	3	588	8046270	8045694	0.0	830
NC_003075.7:6414054-6414643	NC_003071.7	88.391	603	50	8	4	590	2299067	2299665	0.0	708
NC_003075.7:6414054-6414643	NC_003071.7	87.934	605	53	10	1	590	7178416	7179015	0.0	695
NC_003075.7:6414054-6414643	NC_003071.7	87.209	602	60	7	2	590	4758698	4758101	0.0	669
NC_003075.7:6414054-6414643	NC_003071.7	88.571	560	48	6	4	549	10239495	10238938	0.0	665
NC_003075.7:6414054-6414643	NC_003071.7	83.295	431	46	10	176	590	8907576	8907996	1.59e-102	374
NC_003075.7:6414054-6414643	NC_003071.7	84.069	408	41	12	198	590	9891644	9891246	5.71e-102	372
NC_003075.7:6414054-6414643	NC_003071.7	84.029	407	42	7	198	590	17992941	17992544	2.05e-101	370
NC_003075.7:6414054-6414643	NC_003071.7	82.292	288	35	3	319	590	825987	826274	7.82e-61	235
NC_003075.7:6414054-6414643	NC_003071.7	86.628	172	21	2	420	590	2139215	2139385	6.17e-47	189
NC_003075.7:6414054-6414643	NC_003071.7	86.628	172	22	1	419	590	5038143	5038313	6.17e-47	189
NC_003075.7:6414054-6414643	NC_003071.7	86.286	175	21	3	417	590	12557032	12557204	2.22e-46	187
NC_003075.7:6414054-6414643	NC_003071.7	85.714	175	23	2	417	590	19623473	19623646	2.87e-45	183
NC_003075.7:6414054-6414643	NC_003071.7	88.742	151	14	3	419	567	4025805	4025954	1.03e-44	182
NC_003075.7:6414054-6414643	NC_003071.7	85.143	175	24	2	417	590	4306117	4306290	1.34e-43	178
NC_003075.7:6414054-6414643	NC_003071.7	84.571	175	24	3	417	590	13102188	13102360	2.24e-41	171
NC_003075.7:6414054-6414643	NC_003071.7	83.908	174	27	1	418	590	1322143	1321970	1.04e-39	165
NC_003075.7:6414054-6414643	NC_003071.7	84.211	171	26	1	420	590	5010256	5010087	1.04e-39	165
NC_003075.7:6414054-6414643	NC_003071.7	84.706	170	21	5	417	585	13886309	13886474	1.04e-39	165
NC_003075.7:6414054-6414643	NC_003071.7	83.237	173	27	2	419	590	3197789	3197618	1.74e-37	158
NC_003075.7:6414054-6414643	NC_003071.7	87.597	129	15	1	462	590	1242847	1242974	1.05e-34	148
NC_003075.7:6414054-6414643	NC_003071.7	86.667	135	14	4	418	551	17147263	17147132	3.77e-34	147
NC_003075.7:6414054-6414643	NC_003071.7	83.465	127	19	2	442	567	9456040	9456165	2.95e-25	117
NC_003075.7:6414054-6414643	NC_003071.7	88.764	89	8	1	168	254	7178715	7178803	1.78e-22	108
NC_003075.7:6414054-6414643	NC_003071.7	88.636	88	8	2	169	254	17992836	17992749	6.40e-22	106
NC_003075.7:6414054-6414643	NC_003071.7	87.640	89	8	2	169	254	9891539	9891451	2.98e-20	100
NC_003075.7:6414054-6414643	NC_003071.7	94.872	39	2	0	462	500	6626756	6626718	1.40e-08	62.1
NC_003075.7:6505629-6506269	NC_003075.7	100.000	641	0	0	1	641	6506269	6505629	0.0	1184
NC_003075.7:6505629-6506269	NC_003075.7	95.925	638	20	5	1	635	8837147	8836513	0.0	1029
NC_003075.7:6505629-6506269	NC_003075.7	90.469	640	49	8	1	635	15816687	15816055	0.0	833
NC_003075.7:6505629-6506269	NC_003075.7	89.264	652	51	8	1	635	9283767	9284416	0.0	798
NC_003075.7:6505629-6506269	NC_003075.7	88.748	631	36	19	24	640	6173473	6172864	0.0	739
NC_003075.7:6505629-6506269	NC_003075.7	88.442	398	26	3	240	636	6140569	6140947	3.59e-129	462
NC_003075.7:6505629-6506269	NC_003075.7	87.657	397	27	5	241	635	9079344	9078968	4.68e-123	442
NC_003075.7:6505629-6506269	NC_003075.7	80.063	637	84	26	1	635	7838347	7838942	2.82e-120	433
NC_003075.7:6505629-6506269	NC_003075.7	87.781	311	29	5	1	310	6339152	6339454	6.27e-97	355
NC_003075.7:6505629-6506269	NC_003075.7	88.421	285	19	4	61	334	2521893	2521612	1.06e-89	331
NC_003075.7:6505629-6506269	NC_003075.7	93.893	131	8	0	1	131	9079468	9079338	1.12e-49	198
NC_003075.7:6505629-6506269	NC_003075.7	93.600	125	8	0	1	125	6140445	6140569	2.42e-46	187
NC_003075.7:6505629-6506269	NC_003075.7	94.444	54	3	0	1	54	7896289	7896342	3.27e-15	84.2
NC_003075.7:6505629-6506269	NC_003075.7	94.340	53	3	0	1	53	7905245	7905297	1.18e-14	82.4
NC_003075.7:6505629-6506269	NC_003074.8	94.505	637	31	4	1	635	22215960	22215326	0.0	979
NC_003075.7:6505629-6506269	NC_003074.8	90.016	641	47	9	5	635	10049547	10048914	0.0	813
NC_003075.7:6505629-6506269	NC_003074.8	91.585	511	31	6	1	504	14127409	14127914	0.0	695
NC_003075.7:6505629-6506269	NC_003074.8	91.585	511	31	6	1	504	14142998	14143503	0.0	695
NC_003075.7:6505629-6506269	NC_003074.8	87.252	604	52	12	1	599	16267222	16266639	0.0	665
NC_003075.7:6505629-6506269	NC_003074.8	84.080	647	65	15	1	635	10825142	10825762	1.58e-167	590
NC_003075.7:6505629-6506269	NC_003074.8	84.137	643	48	26	8	634	15188376	15188980	1.59e-162	573
NC_003075.7:6505629-6506269	NC_003074.8	82.067	658	68	30	1	633	17101758	17101126	2.72e-145	516
NC_003075.7:6505629-6506269	NC_003074.8	82.006	628	69	20	1	620	17150761	17150170	1.27e-138	494
NC_003075.7:6505629-6506269	NC_003074.8	76.543	243	33	19	1	232	9257585	9257814	1.50e-23	111
NC_003075.7:6505629-6506269	NC_003074.8	96.296	54	1	1	58	110	15188374	15188321	2.53e-16	87.9
NC_003075.7:6505629-6506269	NC_003074.8	94.444	54	3	0	1	54	15740319	15740372	3.27e-15	84.2
NC_003075.7:6505629-6506269	NC_003074.8	89.091	55	4	2	1	54	7766844	7766791	3.29e-10	67.6
NC_003075.7:6505629-6506269	NC_003074.8	89.091	55	4	2	1	54	9361785	9361838	3.29e-10	67.6
NC_003075.7:6505629-6506269	NC_003074.8	93.023	43	3	0	1	43	9256519	9256561	4.26e-09	63.9
NC_003075.7:6505629-6506269	NC_003070.9	94.788	614	24	5	1	612	26551573	26552180	0.0	950
NC_003075.7:6505629-6506269	NC_003070.9	90.263	647	49	10	1	641	11987777	11988415	0.0	833
NC_003075.7:6505629-6506269	NC_003070.9	89.514	658	51	6	1	641	10597666	10598322	0.0	817
NC_003075.7:6505629-6506269	NC_003070.9	89.362	658	47	10	1	635	22828616	22829273	0.0	806
NC_003075.7:6505629-6506269	NC_003070.9	89.375	640	43	13	2	635	13624552	13623932	0.0	782
NC_003075.7:6505629-6506269	NC_003070.9	85.537	643	49	23	1	640	21428756	21428155	2.59e-180	632
NC_003075.7:6505629-6506269	NC_003070.9	82.059	641	52	24	5	606	5657937	5657321	5.93e-137	488
NC_003075.7:6505629-6506269	NC_003070.9	90.476	315	15	3	8	309	16477700	16478012	7.94e-111	401
NC_003075.7:6505629-6506269	NC_003070.9	92.135	178	12	2	459	635	13346868	13346692	3.04e-65	250
NC_003075.7:6505629-6506269	NC_003070.9	96.296	54	2	0	1	54	21777290	21777237	7.02e-17	89.8
NC_003075.7:6505629-6506269	NC_003070.9	96.296	54	2	0	1	54	21788860	21788807	7.02e-17	89.8
NC_003075.7:6505629-6506269	NC_003070.9	96.296	54	2	0	1	54	21813548	21813495	7.02e-17	89.8
NC_003075.7:6505629-6506269	NC_003070.9	96.296	54	2	0	1	54	21825118	21825065	7.02e-17	89.8
NC_003075.7:6505629-6506269	NC_003070.9	87.179	78	9	1	1	78	13882599	13882523	2.53e-16	87.9
NC_003075.7:6505629-6506269	NC_003070.9	89.091	55	4	2	1	54	26881503	26881450	3.29e-10	67.6
NC_003075.7:6505629-6506269	NC_003071.7	90.798	652	42	12	1	635	2297111	2297761	0.0	856
NC_003075.7:6505629-6506269	NC_003071.7	89.787	656	45	13	1	636	2241232	2240579	0.0	821
NC_003075.7:6505629-6506269	NC_003071.7	87.746	661	55	17	2	641	4471815	4472470	0.0	749
NC_003075.7:6505629-6506269	NC_003071.7	87.749	653	54	12	1	635	3598086	3598730	0.0	739
NC_003075.7:6505629-6506269	NC_003071.7	87.017	647	51	13	1	641	3191789	3191170	0.0	699
NC_003075.7:6505629-6506269	NC_003071.7	89.165	563	42	8	1	546	2961261	2961821	0.0	684
NC_003075.7:6505629-6506269	NC_003071.7	86.822	645	44	16	1	605	6288838	6288195	0.0	682
NC_003075.7:6505629-6506269	NC_003071.7	85.909	660	61	20	1	633	1281523	1280869	0.0	675
NC_003075.7:6505629-6506269	NC_003071.7	88.869	548	30	14	1	544	10256048	10255528	0.0	645
NC_003075.7:6505629-6506269	NC_003071.7	85.484	620	54	21	1	607	8302943	8302347	9.37e-175	614
NC_003075.7:6505629-6506269	NC_003071.7	87.476	527	32	15	5	504	8078202	8077683	1.23e-163	577
NC_003075.7:6505629-6506269	NC_003071.7	87.209	86	10	1	1	86	2059189	2059105	4.20e-19	97.1
NC_003075.7:6505629-6506269	NC_003071.7	88.462	78	8	1	1	78	1987733	1987809	5.43e-18	93.5
NC_003075.7:6505629-6506269	NC_003071.7	96.296	54	2	0	1	54	1049409	1049356	7.02e-17	89.8
NC_003075.7:6505629-6506269	NC_003071.7	94.444	54	3	0	1	54	6250341	6250288	3.27e-15	84.2
NC_003075.7:6505629-6506269	NC_003071.7	96.970	33	1	0	1	33	10682276	10682308	7.12e-07	56.5
NC_003075.7:6505629-6506269	NC_003076.8	90.640	641	45	11	1	635	18919592	18920223	0.0	837
NC_003075.7:6505629-6506269	NC_003076.8	90.244	656	41	10	1	635	13829286	13828633	0.0	835
NC_003075.7:6505629-6506269	NC_003076.8	92.947	397	23	3	243	635	14956468	14956073	1.59e-162	573
NC_003075.7:6505629-6506269	NC_003076.8	85.442	577	42	17	1	559	12547098	12547650	3.44e-159	562
NC_003075.7:6505629-6506269	NC_003076.8	81.026	643	57	32	1	607	7643925	7644538	7.78e-126	451
NC_003075.7:6505629-6506269	NC_003076.8	90.190	316	17	11	1	313	14956768	14956464	2.86e-110	399
NC_003075.7:6505629-6506269	NC_003076.8	87.460	311	30	5	1	310	22620858	22621160	2.92e-95	350
NC_003075.7:6505629-6506269	NC_003076.8	96.154	78	3	0	435	512	13905734	13905811	1.49e-28	128
NC_003075.7:6505629-6506269	NC_003076.8	83.333	78	12	1	1	78	9747577	9747653	2.54e-11	71.3
NC_003075.7:6505629-6506269	NC_003076.8	80.645	93	11	5	1	93	3018686	3018771	1.18e-09	65.8
NC_003075.7:6505629-6506269	NC_003076.8	90.000	50	1	1	1	50	7176143	7176098	1.53e-08	62.1
