NC_003075.7:8377075-8378077	NC_003075.7	100.000	1003	0	0	1	1003	8377075	8378077	0.0	1853
NC_003075.7:8377075-8378077	NC_003070.9	77.175	1069	144	66	1	1003	10148424	10149458	1.54e-149	531
NC_003075.7:8957982-8958747	NC_003075.7	100.000	766	0	0	1	766	8957982	8958747	0.0	1415
NC_003075.7:8957982-8958747	NC_003075.7	95.288	764	35	1	4	766	8564945	8564182	0.0	1210
NC_003075.7:8957982-8958747	NC_003075.7	94.654	767	39	2	1	766	2987147	2987912	0.0	1188
NC_003075.7:8957982-8958747	NC_003075.7	82.135	431	57	14	184	603	6504956	6504535	9.76e-96	351
NC_003075.7:8957982-8958747	NC_003075.7	91.765	85	6	1	1	85	7154779	7154862	3.88e-25	117
NC_003075.7:8957982-8958747	NC_003075.7	90.789	76	7	0	1	76	7830150	7830225	1.09e-20	102
NC_003075.7:8957982-8958747	NC_003075.7	88.158	76	9	0	1	76	6115341	6115416	2.35e-17	91.6
NC_003075.7:8957982-8958747	NC_003074.8	98.957	767	7	1	1	766	4551549	4552315	0.0	1371
NC_003075.7:8957982-8958747	NC_003074.8	98.047	768	13	2	1	766	10082828	10082061	0.0	1334
NC_003075.7:8957982-8958747	NC_003074.8	94.565	736	37	3	34	766	9540512	9541247	0.0	1134
NC_003075.7:8957982-8958747	NC_003074.8	93.229	768	50	2	1	766	7318502	7319269	0.0	1129
NC_003075.7:8957982-8958747	NC_003074.8	90.588	85	7	1	1	85	4579237	4579320	1.80e-23	111
NC_003075.7:8957982-8958747	NC_003074.8	89.412	85	8	1	1	85	7937571	7937488	8.39e-22	106
NC_003075.7:8957982-8958747	NC_003074.8	88.095	84	9	1	1	84	19520641	19520723	1.40e-19	99.0
NC_003075.7:8957982-8958747	NC_003076.8	97.656	768	14	4	1	766	4970259	4971024	0.0	1315
NC_003075.7:8957982-8958747	NC_003076.8	93.108	769	49	4	1	766	9763120	9762353	0.0	1123
NC_003075.7:8957982-8958747	NC_003076.8	92.416	778	47	4	1	766	15779044	15779821	0.0	1099
NC_003075.7:8957982-8958747	NC_003076.8	92.661	763	50	6	7	765	25845358	25844598	0.0	1094
NC_003075.7:8957982-8958747	NC_003076.8	93.362	693	45	1	1	692	14212167	14211475	0.0	1024
NC_003075.7:8957982-8958747	NC_003076.8	92.962	682	37	8	31	711	16721246	16721917	0.0	983
NC_003075.7:8957982-8958747	NC_003076.8	94.421	233	13	0	505	737	6995165	6994933	5.83e-98	359
NC_003075.7:8957982-8958747	NC_003076.8	82.105	190	29	5	470	655	8281257	8281445	2.28e-37	158
NC_003075.7:8957982-8958747	NC_003076.8	81.053	190	29	7	470	656	4737360	4737175	1.78e-33	145
NC_003075.7:8957982-8958747	NC_003076.8	92.941	85	5	1	1	85	14880216	14880299	8.33e-27	122
NC_003075.7:8957982-8958747	NC_003076.8	90.588	85	7	1	1	85	15659431	15659348	1.80e-23	111
NC_003075.7:8957982-8958747	NC_003076.8	89.412	85	7	2	1	85	19479577	19479659	8.39e-22	106
NC_003075.7:8957982-8958747	NC_003076.8	89.474	76	8	0	1	76	24448812	24448887	5.05e-19	97.1
NC_003075.7:8957982-8958747	NC_003070.9	93.912	772	34	4	1	766	17333206	17332442	0.0	1153
NC_003075.7:8957982-8958747	NC_003070.9	92.978	769	47	7	1	766	18766618	18765854	0.0	1114
NC_003075.7:8957982-8958747	NC_003070.9	92.465	637	37	5	1	635	19665948	19666575	0.0	900
NC_003075.7:8957982-8958747	NC_003070.9	83.190	464	54	18	176	625	1705679	1706132	2.66e-111	403
NC_003075.7:8957982-8958747	NC_003070.9	92.941	85	5	1	1	85	9919332	9919249	8.33e-27	122
NC_003075.7:8957982-8958747	NC_003070.9	90.588	85	7	1	1	85	25357824	25357907	1.80e-23	111
NC_003075.7:8957982-8958747	NC_003070.9	88.235	85	9	1	1	85	12993595	12993512	3.90e-20	100
NC_003075.7:8957982-8958747	NC_003071.7	92.699	767	44	6	1	766	1303113	1302358	0.0	1096
NC_003075.7:8957982-8958747	NC_003071.7	86.280	328	38	7	389	712	11503679	11503355	3.51e-95	350
NC_003075.7:9761894-9763802	NC_003075.7	100.000	1909	0	0	1	1909	9763802	9761894	0.0	3526
NC_003075.7:9761894-9763802	NC_003075.7	97.491	1913	37	8	1	1909	9842596	9840691	0.0	3256
NC_003075.7:9761894-9763802	NC_003075.7	92.864	1079	68	8	837	1909	6808820	6809895	0.0	1557
NC_003075.7:9761894-9763802	NC_003075.7	95.742	775	27	4	1	771	10397373	10396601	0.0	1243
NC_003075.7:9761894-9763802	NC_003075.7	94.323	775	40	3	1	771	1001995	1001221	0.0	1184
NC_003075.7:9761894-9763802	NC_003075.7	93.041	776	32	10	1	771	11360882	11361640	0.0	1114
NC_003075.7:9761894-9763802	NC_003075.7	93.032	775	33	9	1	771	1349597	1350354	0.0	1112
NC_003075.7:9761894-9763802	NC_003075.7	93.005	772	37	13	1	771	8730441	8729686	0.0	1110
NC_003075.7:9761894-9763802	NC_003075.7	92.636	774	36	9	1	771	4146138	4146893	0.0	1094
NC_003075.7:9761894-9763802	NC_003075.7	92.636	774	35	10	1	771	16865058	16864304	0.0	1094
NC_003075.7:9761894-9763802	NC_003075.7	92.387	775	38	9	1	771	5541377	5540620	0.0	1085
NC_003075.7:9761894-9763802	NC_003075.7	94.437	701	30	8	77	771	8063697	8064394	0.0	1070
NC_003075.7:9761894-9763802	NC_003075.7	90.556	773	60	10	4	771	2621992	2621228	0.0	1011
NC_003075.7:9761894-9763802	NC_003075.7	92.613	555	32	8	221	771	314146	313597	0.0	789
NC_003075.7:9761894-9763802	NC_003075.7	91.882	542	36	7	235	771	9438920	9439458	0.0	750
NC_003075.7:9761894-9763802	NC_003075.7	90.975	554	33	14	221	766	7060561	7060017	0.0	730
NC_003075.7:9761894-9763802	NC_003075.7	91.494	482	30	9	220	694	6279132	6279609	0.0	652
NC_003075.7:9761894-9763802	NC_003075.7	93.220	413	24	4	224	634	6178585	6178995	1.73e-171	604
NC_003075.7:9761894-9763802	NC_003075.7	87.500	464	54	3	1447	1909	5541881	5541421	8.26e-150	532
NC_003075.7:9761894-9763802	NC_003075.7	88.916	415	40	5	1194	1603	7033845	7034258	5.01e-142	507
NC_003075.7:9761894-9763802	NC_003075.7	90.385	364	29	6	1	361	3898118	3897758	5.08e-132	473
NC_003075.7:9761894-9763802	NC_003075.7	95.041	242	11	1	1	242	7853521	7853281	1.14e-103	379
NC_003075.7:9761894-9763802	NC_003075.7	91.729	266	21	1	1181	1445	5545802	5545537	2.47e-100	368
NC_003075.7:9761894-9763802	NC_003075.7	91.561	237	15	4	1	235	5354126	5354359	1.95e-86	322
NC_003075.7:9761894-9763802	NC_003075.7	89.272	261	18	5	773	1031	7033326	7033578	2.52e-85	318
NC_003075.7:9761894-9763802	NC_003075.7	89.960	249	20	5	1	245	5354488	5354735	9.06e-85	316
NC_003075.7:9761894-9763802	NC_003075.7	85.830	247	18	5	1	245	314257	314026	1.21e-63	246
NC_003075.7:9761894-9763802	NC_003075.7	83.803	284	21	10	361	633	3897173	3896904	1.21e-63	246
NC_003075.7:9761894-9763802	NC_003075.7	85.141	249	16	8	1	245	9438797	9439028	2.61e-60	235
NC_003075.7:9761894-9763802	NC_003075.7	92.366	131	7	2	1	131	8063589	8063716	9.58e-45	183
NC_003075.7:9761894-9763802	NC_003075.7	83.333	120	8	5	1032	1140	7033633	7033751	9.93e-20	100
NC_003075.7:9761894-9763802	NC_003074.8	92.341	1149	82	5	766	1909	16106405	16107552	0.0	1629
NC_003075.7:9761894-9763802	NC_003074.8	94.216	778	37	6	1	771	10821434	10820658	0.0	1181
NC_003075.7:9761894-9763802	NC_003074.8	93.523	772	34	10	1	771	17301266	17300510	0.0	1134
NC_003075.7:9761894-9763802	NC_003074.8	93.419	775	32	7	1	771	17063217	17062458	0.0	1131
NC_003075.7:9761894-9763802	NC_003074.8	93.023	774	34	8	1	771	15937298	15938054	0.0	1112
NC_003075.7:9761894-9763802	NC_003074.8	92.506	774	37	9	1	771	20786411	20787166	0.0	1088
NC_003075.7:9761894-9763802	NC_003074.8	92.258	775	38	10	1	771	9386334	9385578	0.0	1079
NC_003075.7:9761894-9763802	NC_003074.8	92.119	774	40	9	1	771	16450798	16451553	0.0	1072
NC_003075.7:9761894-9763802	NC_003074.8	92.277	764	37	10	12	771	5745900	5745155	0.0	1064
NC_003075.7:9761894-9763802	NC_003074.8	91.871	775	42	9	1	771	17277802	17277045	0.0	1062
NC_003075.7:9761894-9763802	NC_003074.8	91.860	774	32	12	1	771	11535856	11536601	0.0	1051
NC_003075.7:9761894-9763802	NC_003074.8	90.155	772	45	13	1	771	17144478	17143737	0.0	976
NC_003075.7:9761894-9763802	NC_003074.8	89.677	775	37	14	1	771	22118625	22119360	0.0	948
NC_003075.7:9761894-9763802	NC_003074.8	88.760	774	45	26	1	771	7996624	7995890	0.0	909
NC_003075.7:9761894-9763802	NC_003074.8	88.797	723	71	9	1194	1909	11346930	11347649	0.0	878
NC_003075.7:9761894-9763802	NC_003074.8	91.047	659	41	8	129	771	9890146	9890802	0.0	874
NC_003075.7:9761894-9763802	NC_003074.8	92.110	621	38	10	157	771	18746356	18746971	0.0	865
NC_003075.7:9761894-9763802	NC_003074.8	92.806	556	30	9	221	771	9559546	9558996	0.0	797
NC_003075.7:9761894-9763802	NC_003074.8	87.240	721	63	11	1200	1909	11824510	11823808	0.0	795
NC_003075.7:9761894-9763802	NC_003074.8	92.362	563	33	9	214	771	16879936	16880493	0.0	793
NC_003075.7:9761894-9763802	NC_003074.8	86.471	717	73	13	1200	1909	16852938	16852239	0.0	765
NC_003075.7:9761894-9763802	NC_003074.8	91.577	558	31	14	221	771	20485004	20484456	0.0	756
NC_003075.7:9761894-9763802	NC_003074.8	91.382	557	37	10	221	771	1371040	1370489	0.0	752
NC_003075.7:9761894-9763802	NC_003074.8	91.297	563	32	15	214	771	5622162	5622712	0.0	752
NC_003075.7:9761894-9763802	NC_003074.8	90.631	555	43	8	221	771	2629890	2629341	0.0	728
NC_003075.7:9761894-9763802	NC_003074.8	89.703	573	38	14	214	771	3716474	3717040	0.0	712
NC_003075.7:9761894-9763802	NC_003074.8	89.085	568	37	11	215	771	16173067	16172514	0.0	682
NC_003075.7:9761894-9763802	NC_003074.8	90.760	487	38	5	1200	1682	11201658	11201175	0.0	643
NC_003075.7:9761894-9763802	NC_003074.8	93.703	397	23	2	1	397	16561666	16562060	3.74e-168	593
NC_003075.7:9761894-9763802	NC_003074.8	93.836	292	14	4	222	512	10862539	10862827	6.66e-121	436
NC_003075.7:9761894-9763802	NC_003074.8	86.241	407	37	11	1200	1602	10584455	10584064	5.19e-117	424
NC_003075.7:9761894-9763802	NC_003074.8	90.559	286	18	8	230	513	20487006	20486728	6.85e-101	370
NC_003075.7:9761894-9763802	NC_003074.8	91.729	266	15	2	769	1033	11346424	11346683	1.15e-98	363
NC_003075.7:9761894-9763802	NC_003074.8	91.353	266	15	3	769	1033	16853453	16853195	5.34e-97	357
NC_003075.7:9761894-9763802	NC_003074.8	90.406	271	17	3	769	1036	11825033	11824769	3.21e-94	348
NC_003075.7:9761894-9763802	NC_003074.8	89.655	261	21	3	773	1033	6053696	6053950	4.18e-88	327
NC_003075.7:9761894-9763802	NC_003074.8	91.020	245	16	2	789	1033	10584955	10584717	1.50e-87	326
NC_003075.7:9761894-9763802	NC_003074.8	88.603	272	18	3	769	1033	11202182	11201917	2.52e-85	318
NC_003075.7:9761894-9763802	NC_003074.8	89.919	248	21	4	1	245	9559671	9559425	9.06e-85	316
NC_003075.7:9761894-9763802	NC_003074.8	90.283	247	17	6	1	245	20485128	20484887	9.06e-85	316
NC_003075.7:9761894-9763802	NC_003074.8	89.177	231	19	5	16	243	2630001	2629774	9.19e-75	283
NC_003075.7:9761894-9763802	NC_003074.8	88.889	189	17	4	49	235	16879865	16880051	1.21e-58	230
NC_003075.7:9761894-9763802	NC_003074.8	94.737	95	4	1	1039	1133	11824713	11824620	1.26e-33	147
NC_003075.7:9761894-9763802	NC_003074.8	98.780	82	1	0	690	771	15452795	15452714	1.26e-33	147
NC_003075.7:9761894-9763802	NC_003074.8	93.617	94	5	1	1	94	16879763	16879855	2.10e-31	139
NC_003075.7:9761894-9763802	NC_003074.8	88.660	97	10	1	1	96	9890061	9890157	9.86e-25	117
NC_003075.7:9761894-9763802	NC_003074.8	88.636	88	9	1	25	112	10392129	10392215	2.13e-21	106
NC_003075.7:9761894-9763802	NC_003076.8	92.643	1101	69	10	769	1864	9030666	9031759	0.0	1574
NC_003075.7:9761894-9763802	NC_003076.8	91.878	1145	62	9	769	1909	9373089	9371972	0.0	1570
NC_003075.7:9761894-9763802	NC_003076.8	95.850	771	16	4	1	771	4782216	4781462	0.0	1232
NC_003075.7:9761894-9763802	NC_003076.8	94.974	776	33	4	1	771	17365037	17365811	0.0	1212
NC_003075.7:9761894-9763802	NC_003076.8	94.974	776	32	6	1	771	21530101	21530874	0.0	1210
NC_003075.7:9761894-9763802	NC_003076.8	94.581	775	37	4	1	771	8765721	8766494	0.0	1194
NC_003075.7:9761894-9763802	NC_003076.8	93.974	780	38	4	1	771	19742605	19741826	0.0	1171
NC_003075.7:9761894-9763802	NC_003076.8	93.758	785	35	4	1	771	5430050	5429266	0.0	1166
NC_003075.7:9761894-9763802	NC_003076.8	93.904	771	38	6	1	767	20682394	20681629	0.0	1155
NC_003075.7:9761894-9763802	NC_003076.8	93.920	773	29	6	1	771	9590422	9591178	0.0	1151
NC_003075.7:9761894-9763802	NC_003076.8	93.677	775	38	4	1	771	14151282	14150515	0.0	1149
NC_003075.7:9761894-9763802	NC_003076.8	93.798	774	28	8	1	771	9965005	9964249	0.0	1146
NC_003075.7:9761894-9763802	NC_003076.8	93.798	774	28	8	1	771	20281972	20281216	0.0	1146
NC_003075.7:9761894-9763802	NC_003076.8	93.152	774	42	7	4	771	24187899	24187131	0.0	1125
NC_003075.7:9761894-9763802	NC_003076.8	94.558	735	21	7	40	771	17618634	17617916	0.0	1118
NC_003075.7:9761894-9763802	NC_003076.8	93.005	772	32	11	1	769	14082823	14082071	0.0	1107
NC_003075.7:9761894-9763802	NC_003076.8	92.903	775	34	9	1	771	15606589	15605832	0.0	1107
NC_003075.7:9761894-9763802	NC_003076.8	92.664	777	33	12	1	771	8746689	8745931	0.0	1098
NC_003075.7:9761894-9763802	NC_003076.8	92.727	770	35	9	6	771	17775746	17776498	0.0	1092
NC_003075.7:9761894-9763802	NC_003076.8	92.159	778	38	7	1	771	11025348	11026109	0.0	1077
NC_003075.7:9761894-9763802	NC_003076.8	92.005	788	29	10	1	771	18853964	18854734	0.0	1075
NC_003075.7:9761894-9763802	NC_003076.8	91.881	776	40	11	1	771	16356487	16357244	0.0	1062
NC_003075.7:9761894-9763802	NC_003076.8	91.355	775	44	11	1	771	1898633	1897878	0.0	1038
NC_003075.7:9761894-9763802	NC_003076.8	90.724	787	41	15	1	771	9559495	9558725	0.0	1020
NC_003075.7:9761894-9763802	NC_003076.8	94.620	632	31	3	1	630	7154427	7153797	0.0	976
NC_003075.7:9761894-9763802	NC_003076.8	89.199	787	57	17	1	771	9612603	9613377	0.0	957
NC_003075.7:9761894-9763802	NC_003076.8	90.014	721	66	5	1194	1909	13729080	13728361	0.0	928
NC_003075.7:9761894-9763802	NC_003076.8	92.296	649	28	10	128	771	4312671	4313302	0.0	902
NC_003075.7:9761894-9763802	NC_003076.8	88.655	714	71	8	1200	1909	14095605	14094898	0.0	861
NC_003075.7:9761894-9763802	NC_003076.8	87.414	723	68	11	1194	1909	13618003	13617297	0.0	809
NC_003075.7:9761894-9763802	NC_003076.8	92.895	563	28	10	214	771	8683111	8683666	0.0	808
NC_003075.7:9761894-9763802	NC_003076.8	92.252	555	35	7	221	771	5129699	5129149	0.0	780
NC_003075.7:9761894-9763802	NC_003076.8	92.072	555	37	6	221	771	19931422	19930871	0.0	774
NC_003075.7:9761894-9763802	NC_003076.8	91.892	555	38	6	221	771	7711268	7711819	0.0	769
NC_003075.7:9761894-9763802	NC_003076.8	91.906	556	35	9	221	771	14761047	14760497	0.0	769
NC_003075.7:9761894-9763802	NC_003076.8	91.039	558	38	11	221	771	13918660	13918108	0.0	743
NC_003075.7:9761894-9763802	NC_003076.8	91.257	549	37	10	229	771	15342555	15342012	0.0	737
NC_003075.7:9761894-9763802	NC_003076.8	85.125	679	70	18	1200	1873	7507845	7507193	0.0	665
NC_003075.7:9761894-9763802	NC_003076.8	88.991	545	41	9	235	771	354275	354808	0.0	656
NC_003075.7:9761894-9763802	NC_003076.8	89.919	496	35	13	285	771	19670946	19671435	1.32e-177	625
NC_003075.7:9761894-9763802	NC_003076.8	87.413	429	30	12	1200	1623	14152952	14152543	1.83e-131	472
NC_003075.7:9761894-9763802	NC_003076.8	90.598	351	24	9	214	561	25264642	25264986	5.11e-127	457
NC_003075.7:9761894-9763802	NC_003076.8	91.760	267	14	3	769	1033	13618516	13618256	3.19e-99	364
NC_003075.7:9761894-9763802	NC_003076.8	91.450	269	13	4	769	1033	14154653	14154391	4.13e-98	361
NC_003075.7:9761894-9763802	NC_003076.8	91.353	266	15	3	769	1033	14096124	14095866	5.34e-97	357
NC_003075.7:9761894-9763802	NC_003076.8	93.388	242	14	2	1	242	17796773	17796534	5.34e-97	357
NC_003075.7:9761894-9763802	NC_003076.8	93.913	230	12	2	221	450	3020059	3019832	1.16e-93	346
NC_003075.7:9761894-9763802	NC_003076.8	89.668	271	21	5	874	1138	7508213	7507944	1.93e-91	339
NC_003075.7:9761894-9763802	NC_003076.8	89.963	269	17	4	769	1033	13514106	13513844	1.93e-91	339
NC_003075.7:9761894-9763802	NC_003076.8	91.532	248	16	5	1200	1443	13513581	13513335	6.95e-91	337
NC_003075.7:9761894-9763802	NC_003076.8	89.552	268	17	5	769	1033	13729592	13729333	1.16e-88	329
NC_003075.7:9761894-9763802	NC_003076.8	90.726	248	18	5	1	245	17955567	17955812	1.50e-87	326
NC_003075.7:9761894-9763802	NC_003076.8	90.323	248	20	4	1	245	3020184	3019938	1.95e-86	322
NC_003075.7:9761894-9763802	NC_003076.8	90.323	248	20	4	1	245	25264523	25264769	1.95e-86	322
NC_003075.7:9761894-9763802	NC_003076.8	89.919	248	19	6	1	245	5129822	5129578	3.26e-84	315
NC_003075.7:9761894-9763802	NC_003076.8	90.204	245	19	5	4	245	14761168	14760926	3.26e-84	315
NC_003075.7:9761894-9763802	NC_003076.8	88.353	249	20	6	1	245	15342684	15342441	5.49e-77	291
NC_003075.7:9761894-9763802	NC_003076.8	92.727	165	9	2	1	165	19670813	19670974	2.61e-60	235
NC_003075.7:9761894-9763802	NC_003076.8	90.850	153	11	2	622	771	3019828	3019676	2.65e-50	202
NC_003075.7:9761894-9763802	NC_003076.8	95.098	102	5	0	664	765	20398321	20398422	4.49e-38	161
NC_003075.7:9761894-9763802	NC_003076.8	93.269	104	6	1	1037	1140	13618199	13618097	2.70e-35	152
NC_003075.7:9761894-9763802	NC_003076.8	93.269	104	6	1	1037	1140	13729276	13729174	2.70e-35	152
NC_003075.7:9761894-9763802	NC_003076.8	92.045	88	6	1	1	88	20398230	20398316	2.12e-26	122
NC_003075.7:9761894-9763802	NC_003076.8	90.909	66	5	1	769	833	7508268	7508203	7.73e-16	87.9
NC_003075.7:9761894-9763802	NC_003070.9	94.968	775	33	5	1	771	12364147	12364919	0.0	1210
NC_003075.7:9761894-9763802	NC_003070.9	94.961	774	28	5	1	771	19329248	19328483	0.0	1203
NC_003075.7:9761894-9763802	NC_003070.9	94.839	775	30	6	1	771	16824530	16825298	0.0	1201
NC_003075.7:9761894-9763802	NC_003070.9	94.473	778	31	9	1	771	23213678	23214450	0.0	1188
NC_003075.7:9761894-9763802	NC_003070.9	94.352	779	32	10	1	771	19466937	19466163	0.0	1184
NC_003075.7:9761894-9763802	NC_003070.9	94.201	776	40	4	1	771	26171468	26170693	0.0	1179
NC_003075.7:9761894-9763802	NC_003070.9	94.201	776	38	6	1	771	7035203	7035976	0.0	1177
NC_003075.7:9761894-9763802	NC_003070.9	94.194	775	39	4	1	771	17899875	17900647	0.0	1177
NC_003075.7:9761894-9763802	NC_003070.9	94.186	774	26	7	1	771	30253095	30252338	0.0	1162
NC_003075.7:9761894-9763802	NC_003070.9	93.806	775	42	5	1	771	12564069	12563297	0.0	1160
NC_003075.7:9761894-9763802	NC_003070.9	93.830	778	37	9	1	771	16325456	16326229	0.0	1160
NC_003075.7:9761894-9763802	NC_003070.9	94.057	774	26	8	1	771	12330041	12329285	0.0	1157
NC_003075.7:9761894-9763802	NC_003070.9	93.282	774	46	5	2	771	30255510	30254739	0.0	1136
NC_003075.7:9761894-9763802	NC_003070.9	93.523	772	33	10	1	771	11699710	11700465	0.0	1133
NC_003075.7:9761894-9763802	NC_003070.9	93.170	776	35	9	1	771	9867402	9866640	0.0	1123
NC_003075.7:9761894-9763802	NC_003070.9	93.290	775	31	9	1	771	22994049	22993292	0.0	1123
NC_003075.7:9761894-9763802	NC_003070.9	93.161	775	31	10	1	771	8114782	8115538	0.0	1118
NC_003075.7:9761894-9763802	NC_003070.9	93.161	775	32	9	1	771	19061977	19062734	0.0	1118
NC_003075.7:9761894-9763802	NC_003070.9	92.894	774	36	7	1	771	9816222	9816979	0.0	1107
NC_003075.7:9761894-9763802	NC_003070.9	92.765	774	36	8	1	771	13058835	13059591	0.0	1101
NC_003075.7:9761894-9763802	NC_003070.9	92.765	774	35	13	1	771	19995722	19994967	0.0	1099
NC_003075.7:9761894-9763802	NC_003070.9	92.397	776	36	15	1	771	11737381	11736624	0.0	1085
NC_003075.7:9761894-9763802	NC_003070.9	91.990	774	40	10	1	769	22449943	22450699	0.0	1066
NC_003075.7:9761894-9763802	NC_003070.9	90.968	775	36	11	1	771	501360	500616	0.0	1013
NC_003075.7:9761894-9763802	NC_003070.9	90.827	774	36	10	1	771	4785473	4786214	0.0	1003
NC_003075.7:9761894-9763802	NC_003070.9	90.335	776	44	15	1	771	16903812	16904561	0.0	989
NC_003075.7:9761894-9763802	NC_003070.9	89.734	789	57	13	1	771	16807001	16807783	0.0	987
NC_003075.7:9761894-9763802	NC_003070.9	88.847	789	59	17	1	771	16806162	16806939	0.0	942
NC_003075.7:9761894-9763802	NC_003070.9	88.452	788	61	21	1	771	13262191	13261417	0.0	924
NC_003075.7:9761894-9763802	NC_003070.9	88.296	769	79	9	1145	1909	19393555	19394316	0.0	911
NC_003075.7:9761894-9763802	NC_003070.9	89.320	721	68	8	1194	1909	11721720	11722436	0.0	896
NC_003075.7:9761894-9763802	NC_003070.9	87.552	715	67	7	1200	1909	11981385	11982082	0.0	808
NC_003075.7:9761894-9763802	NC_003070.9	92.973	555	31	7	221	771	17552862	17552312	0.0	802
NC_003075.7:9761894-9763802	NC_003070.9	92.613	555	34	6	221	771	2235031	2234480	0.0	791
NC_003075.7:9761894-9763802	NC_003070.9	92.086	556	36	7	221	771	1977029	1976477	0.0	776
NC_003075.7:9761894-9763802	NC_003070.9	92.086	556	35	8	221	771	14299707	14299156	0.0	774
NC_003075.7:9761894-9763802	NC_003070.9	92.606	541	34	5	235	771	19085234	19085772	0.0	773
NC_003075.7:9761894-9763802	NC_003070.9	92.086	556	33	10	221	771	29320594	29320045	0.0	773
NC_003075.7:9761894-9763802	NC_003070.9	86.630	718	71	7	1200	1909	16160102	16159402	0.0	771
NC_003075.7:9761894-9763802	NC_003070.9	91.474	563	36	11	214	771	6735996	6736551	0.0	763
NC_003075.7:9761894-9763802	NC_003070.9	91.382	557	37	10	221	771	3074587	3074036	0.0	752
NC_003075.7:9761894-9763802	NC_003070.9	91.897	543	33	10	235	771	8291436	8290899	0.0	749
NC_003075.7:9761894-9763802	NC_003070.9	91.867	541	36	6	235	771	19173667	19173131	0.0	749
NC_003075.7:9761894-9763802	NC_003070.9	90.941	563	38	12	214	771	17361	17915	0.0	745
NC_003075.7:9761894-9763802	NC_003070.9	92.734	523	18	8	253	771	19062922	19063428	0.0	737
NC_003075.7:9761894-9763802	NC_003070.9	94.878	449	23	0	1	449	15939335	15939783	0.0	702
NC_003075.7:9761894-9763802	NC_003070.9	94.311	457	25	1	1	457	22622293	22621838	0.0	699
NC_003075.7:9761894-9763802	NC_003070.9	90.221	542	36	10	235	771	12855858	12855329	0.0	691
NC_003075.7:9761894-9763802	NC_003070.9	94.458	397	21	1	1	397	18790939	18791334	3.71e-173	610
NC_003075.7:9761894-9763802	NC_003070.9	92.671	423	23	7	221	641	18746912	18746496	6.21e-171	603
NC_003075.7:9761894-9763802	NC_003070.9	91.556	450	17	9	326	771	13017571	13017139	2.23e-170	601
NC_003075.7:9761894-9763802	NC_003070.9	94.672	244	12	1	1	244	25963245	25963003	4.10e-103	377
NC_003075.7:9761894-9763802	NC_003070.9	94.628	242	12	1	1	242	23554427	23554187	5.30e-102	374
NC_003075.7:9761894-9763802	NC_003070.9	90.637	267	17	4	769	1033	16700328	16700588	3.21e-94	348
NC_003075.7:9761894-9763802	NC_003070.9	93.913	230	12	2	1	230	3910589	3910362	1.16e-93	346
NC_003075.7:9761894-9763802	NC_003070.9	91.532	248	16	5	1	245	17552986	17552741	6.95e-91	337
NC_003075.7:9761894-9763802	NC_003070.9	90.909	253	18	4	522	771	23174140	23174390	2.50e-90	335
NC_003075.7:9761894-9763802	NC_003070.9	90.726	248	18	5	1	245	18747036	18746791	1.50e-87	326
NC_003075.7:9761894-9763802	NC_003070.9	91.393	244	10	2	1	244	8490182	8489950	5.41e-87	324
NC_003075.7:9761894-9763802	NC_003070.9	90.688	247	16	7	1	245	14299830	14299589	1.95e-86	322
NC_003075.7:9761894-9763802	NC_003070.9	89.179	268	9	9	503	767	18791325	18791575	9.06e-85	316
NC_003075.7:9761894-9763802	NC_003070.9	90.717	237	19	3	1	235	17021	17256	1.17e-83	313
NC_003075.7:9761894-9763802	NC_003070.9	90.295	237	19	4	12	245	29320708	29320473	5.45e-82	307
NC_003075.7:9761894-9763802	NC_003070.9	89.873	237	21	3	1	235	3074932	3074697	2.54e-80	302
NC_003075.7:9761894-9763802	NC_003070.9	89.744	234	19	5	16	245	17255	17487	4.24e-78	294
NC_003075.7:9761894-9763802	NC_003070.9	94.857	175	7	2	860	1033	16160538	16160365	1.99e-71	272
NC_003075.7:9761894-9763802	NC_003070.9	86.694	248	14	6	1	245	19085111	19085342	5.57e-67	257
NC_003075.7:9761894-9763802	NC_003070.9	92.045	176	11	2	860	1033	11980951	11981125	4.33e-63	244
NC_003075.7:9761894-9763802	NC_003070.9	84.274	248	20	9	1	245	8291559	8291328	5.65e-57	224
NC_003075.7:9761894-9763802	NC_003070.9	97.980	99	2	0	673	771	15939781	15939879	2.07e-41	172
NC_003075.7:9761894-9763802	NC_003070.9	93.269	104	6	1	1037	1140	16700645	16700747	2.70e-35	152
NC_003075.7:9761894-9763802	NC_003070.9	91.919	99	6	2	1037	1133	19393242	19393340	7.57e-31	137
NC_003075.7:9761894-9763802	NC_003070.9	90.385	104	9	1	1037	1140	11721524	11721626	2.72e-30	135
NC_003075.7:9761894-9763802	NC_003071.7	94.581	775	37	4	1	771	14333797	14334570	0.0	1194
NC_003075.7:9761894-9763802	NC_003071.7	94.459	776	36	5	1	771	12801006	12801779	0.0	1188
NC_003075.7:9761894-9763802	NC_003071.7	94.323	775	38	4	1	771	13266927	13267699	0.0	1182
NC_003075.7:9761894-9763802	NC_003071.7	93.943	776	42	4	1	771	6925365	6924590	0.0	1168
NC_003075.7:9761894-9763802	NC_003071.7	93.702	778	38	9	1	771	542320	543093	0.0	1155
NC_003075.7:9761894-9763802	NC_003071.7	93.152	774	34	7	1	771	7154724	7153967	0.0	1118
NC_003075.7:9761894-9763802	NC_003071.7	93.041	776	32	10	1	771	499997	500755	0.0	1114
NC_003075.7:9761894-9763802	NC_003071.7	92.894	774	34	9	1	771	13908709	13907954	0.0	1105
NC_003075.7:9761894-9763802	NC_003071.7	92.784	776	35	9	1	771	17255221	17254462	0.0	1103
NC_003075.7:9761894-9763802	NC_003071.7	92.526	776	37	9	1	771	12094413	12093654	0.0	1092
NC_003075.7:9761894-9763802	NC_003071.7	92.258	775	38	10	1	771	13338065	13337309	0.0	1079
NC_003075.7:9761894-9763802	NC_003071.7	91.808	769	39	11	9	771	707462	708212	0.0	1050
NC_003075.7:9761894-9763802	NC_003071.7	90.201	796	36	9	1	771	11287149	11286371	0.0	1000
NC_003075.7:9761894-9763802	NC_003071.7	88.975	771	72	10	1148	1909	5841889	5841123	0.0	941
NC_003075.7:9761894-9763802	NC_003071.7	91.387	685	35	11	92	771	396551	395886	0.0	917
NC_003075.7:9761894-9763802	NC_003071.7	90.991	666	47	10	1251	1909	12877333	12876674	0.0	885
NC_003075.7:9761894-9763802	NC_003071.7	88.408	716	71	11	1200	1909	4475572	4476281	0.0	852
NC_003075.7:9761894-9763802	NC_003071.7	93.153	555	31	6	221	771	12556070	12555519	0.0	808
NC_003075.7:9761894-9763802	NC_003071.7	92.513	561	32	9	214	771	6099659	6100212	0.0	795
NC_003075.7:9761894-9763802	NC_003071.7	92.432	555	35	6	221	771	19196621	19196070	0.0	785
NC_003075.7:9761894-9763802	NC_003071.7	92.505	547	33	7	230	771	10468943	10468400	0.0	776
NC_003075.7:9761894-9763802	NC_003071.7	91.906	556	36	8	221	771	1460789	1460238	0.0	769
NC_003075.7:9761894-9763802	NC_003071.7	92.421	541	34	6	235	771	5466870	5466333	0.0	765
NC_003075.7:9761894-9763802	NC_003071.7	88.510	557	25	15	220	771	11399241	11398719	0.0	638
NC_003075.7:9761894-9763802	NC_003071.7	93.651	252	12	3	221	471	5843838	5843590	5.30e-102	374
NC_003075.7:9761894-9763802	NC_003071.7	87.586	290	32	4	1622	1909	3195713	3196000	8.99e-90	333
NC_003075.7:9761894-9763802	NC_003071.7	91.129	248	17	5	1	245	19196745	19196500	3.23e-89	331
NC_003075.7:9761894-9763802	NC_003071.7	90.688	247	18	5	1	244	1460913	1460669	5.41e-87	324
NC_003075.7:9761894-9763802	NC_003071.7	90.726	248	16	6	1	245	5843961	5843718	5.41e-87	324
NC_003075.7:9761894-9763802	NC_003071.7	90.726	248	16	6	1	245	6099542	6099785	5.41e-87	324
NC_003075.7:9761894-9763802	NC_003071.7	90.323	248	20	4	1	245	6084102	6084348	1.95e-86	322
NC_003075.7:9761894-9763802	NC_003071.7	94.301	193	11	0	841	1033	5842450	5842258	1.18e-78	296
NC_003075.7:9761894-9763802	NC_003071.7	84.328	268	31	9	769	1033	4475051	4475310	2.59e-65	252
NC_003075.7:9761894-9763802	NC_003071.7	83.468	248	21	7	1	245	5466992	5466762	1.22e-53	213
NC_003075.7:9761894-9763802	NC_003071.7	90.196	153	12	2	622	771	6383691	6383539	1.23e-48	196
NC_003075.7:9761894-9763802	NC_003071.7	92.308	104	8	0	1037	1140	5842201	5842098	3.50e-34	148
NC_003075.7:9761894-9763802	NC_003071.7	93.878	98	4	2	1037	1133	4475367	4475463	1.26e-33	147
NC_003075.7:9761894-9763802	NC_003071.7	92.553	94	6	1	1	94	6101364	6101272	9.79e-30	134
NC_003075.7:9761894-9763802	NC_003071.7	92.647	68	5	0	14	81	12555280	12555213	3.57e-19	99.0
NC_003075.7:9840669-9841828	NC_003075.7	100.000	1160	0	0	1	1160	9841828	9840669	0.0	2143
NC_003075.7:9840669-9841828	NC_003075.7	97.467	1145	20	6	1	1139	9763034	9761893	0.0	1945
NC_003075.7:9840669-9841828	NC_003075.7	91.874	1083	70	15	69	1139	6808820	6809896	0.0	1496
NC_003075.7:9840669-9841828	NC_003075.7	88.778	401	41	3	431	828	7033852	7034251	1.09e-136	488
NC_003075.7:9840669-9841828	NC_003075.7	89.850	266	26	1	412	676	5545802	5545537	3.24e-92	340
NC_003075.7:9840669-9841828	NC_003074.8	91.297	1149	85	11	1	1138	16106408	16107552	0.0	1554
NC_003075.7:9840669-9841828	NC_003074.8	88.350	721	67	15	431	1140	11346937	11347651	0.0	850
NC_003075.7:9840669-9841828	NC_003074.8	86.464	724	61	18	431	1138	11824510	11823808	0.0	760
NC_003075.7:9840669-9841828	NC_003074.8	85.873	722	70	18	431	1140	16852938	16852237	0.0	739
NC_003075.7:9840669-9841828	NC_003074.8	90.574	488	38	6	431	914	11201658	11201175	0.0	640
NC_003075.7:9840669-9841828	NC_003074.8	85.504	407	40	11	431	833	10584455	10584064	3.15e-112	407
NC_003075.7:9840669-9841828	NC_003074.8	90.602	266	18	2	1	265	11346424	11346683	6.95e-94	346
NC_003075.7:9840669-9841828	NC_003074.8	90.226	266	18	3	1	265	16853453	16853195	3.24e-92	340
NC_003075.7:9840669-9841828	NC_003074.8	89.299	271	20	3	1	268	11825033	11824769	1.95e-89	331
NC_003075.7:9840669-9841828	NC_003074.8	89.796	245	19	2	21	265	10584955	10584717	9.12e-83	309
NC_003075.7:9840669-9841828	NC_003074.8	87.868	272	20	3	1	265	11202182	11201917	3.28e-82	307
NC_003075.7:9840669-9841828	NC_003074.8	93.684	95	4	2	271	364	11824713	11824620	3.52e-32	141
NC_003075.7:9840669-9841828	NC_003076.8	90.676	1169	69	24	1	1160	9373089	9371952	0.0	1519
NC_003075.7:9840669-9841828	NC_003076.8	91.304	1104	76	15	1	1094	9030666	9031759	0.0	1489
NC_003075.7:9840669-9841828	NC_003076.8	89.972	718	59	10	431	1139	13729073	13728360	0.0	915
NC_003075.7:9840669-9841828	NC_003076.8	86.999	723	63	18	431	1142	13617996	13617294	0.0	785
NC_003075.7:9840669-9841828	NC_003076.8	87.192	609	64	11	504	1102	7507798	7507194	0.0	680
NC_003075.7:9840669-9841828	NC_003076.8	87.288	590	58	14	560	1139	21100672	21100090	0.0	658
NC_003075.7:9840669-9841828	NC_003076.8	86.916	428	34	14	431	854	14152952	14152543	2.38e-128	460
NC_003075.7:9840669-9841828	NC_003076.8	90.637	267	17	3	1	265	13618516	13618256	1.93e-94	348
NC_003075.7:9840669-9841828	NC_003076.8	90.335	269	16	4	1	265	14154653	14154391	2.50e-93	344
NC_003075.7:9840669-9841828	NC_003076.8	90.226	266	18	3	1	265	14096124	14095866	3.24e-92	340
NC_003075.7:9840669-9841828	NC_003076.8	91.129	248	17	5	431	674	13513581	13513335	1.95e-89	331
NC_003075.7:9840669-9841828	NC_003076.8	88.848	269	20	4	1	265	13514106	13513844	1.17e-86	322
NC_003075.7:9840669-9841828	NC_003076.8	88.192	271	24	6	106	369	7508213	7507944	5.45e-85	316
NC_003075.7:9840669-9841828	NC_003076.8	88.433	268	20	5	1	265	13729592	13729333	7.05e-84	313
NC_003075.7:9840669-9841828	NC_003076.8	89.848	197	13	6	856	1048	14151486	14151293	7.26e-64	246
NC_003075.7:9840669-9841828	NC_003076.8	100.000	47	0	0	431	477	7507845	7507799	4.65e-16	87.9
NC_003075.7:9840669-9841828	NC_003076.8	90.909	66	5	1	1	65	7508268	7508203	4.65e-16	87.9
NC_003075.7:9840669-9841828	NC_003071.7	88.228	773	70	14	380	1138	5841888	5841123	0.0	904
NC_003075.7:9840669-9841828	NC_003071.7	90.963	675	46	13	482	1147	12877333	12876665	0.0	894
NC_003075.7:9840669-9841828	NC_003071.7	87.622	719	69	17	431	1138	4475572	4476281	0.0	817
NC_003075.7:9840669-9841828	NC_003071.7	86.646	322	32	8	823	1139	6469478	6469793	6.95e-94	346
NC_003075.7:9840669-9841828	NC_003071.7	86.195	297	31	9	853	1143	3195713	3196005	7.05e-84	313
NC_003075.7:9840669-9841828	NC_003071.7	92.746	193	14	0	73	265	5842450	5842258	7.15e-74	279
NC_003075.7:9840669-9841828	NC_003071.7	84.015	269	30	12	1	265	4475051	4475310	7.26e-64	246
NC_003075.7:9840669-9841828	NC_003070.9	88.858	718	64	14	431	1139	11721727	11722437	0.0	869
NC_003075.7:9840669-9841828	NC_003070.9	87.403	770	80	14	380	1141	19393559	19394319	0.0	869
NC_003075.7:9840669-9841828	NC_003070.9	87.431	724	61	14	431	1144	11981385	11982088	0.0	806
NC_003075.7:9840669-9841828	NC_003070.9	85.734	722	70	14	431	1139	16160102	16159401	0.0	732
NC_003075.7:9840669-9841828	NC_003070.9	90.262	267	18	4	1	265	16700328	16700588	9.00e-93	342
NC_003075.7:9840669-9841828	NC_003070.9	89.888	267	19	3	1	265	11721207	11721467	4.19e-91	337
NC_003075.7:9840669-9841828	NC_003070.9	93.143	175	10	2	92	265	16160538	16160365	1.21e-66	255
NC_003075.7:9840669-9841828	NC_003070.9	90.341	176	14	2	92	265	11980951	11981125	2.63e-58	228
NC_003075.7:8836500-8837147	NC_003075.7	100.000	648	0	0	1	648	8837147	8836500	0.0	1197
NC_003075.7:8836500-8837147	NC_003075.7	95.545	651	21	7	1	647	6506269	6505623	0.0	1035
NC_003075.7:8836500-8837147	NC_003075.7	90.000	640	52	8	1	635	15816687	15816055	0.0	817
NC_003075.7:8836500-8837147	NC_003075.7	88.804	652	54	6	1	635	9283767	9284416	0.0	782
NC_003075.7:8836500-8837147	NC_003075.7	87.700	626	41	19	25	635	6173473	6172869	0.0	697
NC_003075.7:8836500-8837147	NC_003075.7	83.127	646	81	23	1	635	9368715	9369343	9.68e-160	564
NC_003075.7:8836500-8837147	NC_003075.7	87.469	399	30	3	238	635	6140567	6140946	4.73e-123	442
NC_003075.7:8836500-8837147	NC_003075.7	86.453	406	33	5	241	644	9079344	9078959	4.77e-118	425
NC_003075.7:8836500-8837147	NC_003075.7	89.046	283	20	2	62	334	2521893	2521612	1.78e-92	340
NC_003075.7:8836500-8837147	NC_003075.7	85.531	311	36	5	1	310	6339152	6339454	2.99e-85	316
NC_003075.7:8836500-8837147	NC_003075.7	93.182	132	8	1	1	132	9079468	9079338	5.26e-48	193
NC_003075.7:8836500-8837147	NC_003075.7	92.857	126	8	1	1	126	6140445	6140569	1.14e-44	182
NC_003075.7:8836500-8837147	NC_003074.8	94.654	636	32	2	1	635	22215960	22215326	0.0	985
NC_003075.7:8836500-8837147	NC_003074.8	89.548	641	50	9	5	635	10049547	10048914	0.0	797
NC_003075.7:8836500-8837147	NC_003074.8	91.406	512	30	8	1	504	14127409	14127914	0.0	689
NC_003075.7:8836500-8837147	NC_003074.8	91.406	512	30	8	1	504	14142998	14143503	0.0	689
NC_003075.7:8836500-8837147	NC_003074.8	86.281	605	56	13	1	599	16267222	16266639	2.62e-180	632
NC_003075.7:8836500-8837147	NC_003074.8	84.219	640	53	25	8	634	15188376	15188980	3.46e-164	579
NC_003075.7:8836500-8837147	NC_003074.8	82.059	641	78	26	1	635	13823340	13823949	3.56e-144	512
NC_003075.7:8836500-8837147	NC_003074.8	80.312	640	80	28	1	631	17150761	17150159	4.73e-123	442
NC_003075.7:8836500-8837147	NC_003074.8	85.345	232	27	3	1	232	8492130	8491906	3.10e-60	233
NC_003075.7:8836500-8837147	NC_003074.8	94.444	54	2	1	59	111	15188374	15188321	1.19e-14	82.4
NC_003075.7:8836500-8837147	NC_003070.9	94.035	637	25	9	1	635	26551573	26552198	0.0	953
NC_003075.7:8836500-8837147	NC_003070.9	89.862	651	54	8	1	645	11987777	11988421	0.0	826
NC_003075.7:8836500-8837147	NC_003070.9	88.650	652	55	6	1	635	10597666	10598315	0.0	776
NC_003075.7:8836500-8837147	NC_003070.9	88.164	659	53	11	1	635	22828616	22829273	0.0	761
NC_003075.7:8836500-8837147	NC_003070.9	88.308	650	49	14	2	644	13624552	13623923	0.0	754
NC_003075.7:8836500-8837147	NC_003070.9	84.977	639	51	22	1	635	21428756	21428159	1.59e-172	606
NC_003075.7:8836500-8837147	NC_003070.9	81.804	654	81	27	1	648	3343054	3342433	9.89e-145	514
NC_003075.7:8836500-8837147	NC_003070.9	81.317	653	82	29	1	645	18633797	18633177	1.29e-138	494
NC_003075.7:8836500-8837147	NC_003070.9	81.406	640	83	25	1	635	9862694	9863302	1.67e-137	490
NC_003075.7:8836500-8837147	NC_003070.9	90.446	314	17	2	8	309	16477700	16478012	8.03e-111	401
NC_003075.7:8836500-8837147	NC_003070.9	84.758	269	24	13	83	334	13356254	13356522	2.38e-66	254
NC_003075.7:8836500-8837147	NC_003070.9	92.135	178	12	2	459	635	13346868	13346692	3.08e-65	250
NC_003075.7:8836500-8837147	NC_003070.9	81.447	318	38	11	1	307	6403876	6404183	1.85e-62	241
NC_003075.7:8836500-8837147	NC_003076.8	90.169	651	48	13	1	645	18919592	18920232	0.0	833
NC_003075.7:8836500-8837147	NC_003076.8	89.210	658	44	13	1	635	13829286	13828633	0.0	797
NC_003075.7:8836500-8837147	NC_003076.8	91.750	400	28	3	243	638	14956468	14956070	7.54e-156	551
NC_003075.7:8836500-8837147	NC_003076.8	84.896	576	46	22	1	558	12547098	12547650	1.26e-153	544
NC_003075.7:8836500-8837147	NC_003076.8	89.274	317	18	11	1	313	14956768	14956464	2.91e-105	383
NC_003075.7:8836500-8837147	NC_003076.8	94.872	78	4	0	435	512	13905734	13905811	7.00e-27	122
NC_003075.7:8836500-8837147	NC_003071.7	89.571	652	50	11	1	635	2297111	2297761	0.0	811
NC_003075.7:8836500-8837147	NC_003071.7	88.805	661	47	17	1	639	2241232	2240577	0.0	785
NC_003075.7:8836500-8837147	NC_003071.7	87.730	652	56	13	1	635	3598086	3598730	0.0	739
NC_003075.7:8836500-8837147	NC_003071.7	86.826	668	58	16	2	647	4471815	4472474	0.0	719
NC_003075.7:8836500-8837147	NC_003071.7	86.462	650	53	14	1	644	3191789	3191169	0.0	680
NC_003075.7:8836500-8837147	NC_003071.7	88.121	564	45	9	1	545	2961261	2961821	0.0	651
NC_003075.7:8836500-8837147	NC_003071.7	85.891	645	50	12	1	605	6288838	6288195	0.0	649
NC_003075.7:8836500-8837147	NC_003071.7	84.977	659	69	19	1	633	1281523	1280869	0.0	641
NC_003075.7:8836500-8837147	NC_003071.7	87.774	548	35	16	1	543	10256048	10255528	3.41e-174	612
NC_003075.7:8836500-8837147	NC_003071.7	84.653	619	61	25	1	607	8302943	8302347	2.07e-166	586
NC_003075.7:8836500-8837147	NC_003071.7	86.932	528	33	15	5	504	8078202	8077683	1.25e-158	560
NC_003075.7:8836500-8837147	NC_003071.7	81.435	641	78	27	1	636	6629874	6629270	2.16e-136	486
NC_003075.7:8836500-8837147	NC_003071.7	94.521	146	7	1	1	146	1076408	1076264	1.87e-57	224
NC_003075.7:8802132-8802738	NC_003075.7	100.000	607	0	0	1	607	8802132	8802738	0.0	1122
NC_003075.7:8802132-8802738	NC_003075.7	90.000	270	21	1	1	264	6166464	6166195	1.28e-93	344
NC_003075.7:8802132-8802738	NC_003075.7	90.299	268	18	3	4	264	11193567	11193301	1.28e-93	344
NC_003075.7:8802132-8802738	NC_003075.7	89.630	270	22	1	1	264	372086	371817	5.97e-92	339
NC_003075.7:8802132-8802738	NC_003075.7	89.630	270	21	4	1	264	965799	965531	2.15e-91	337
NC_003075.7:8802132-8802738	NC_003075.7	93.119	218	13	2	389	606	4147967	4148182	7.77e-86	318
NC_003075.7:8802132-8802738	NC_003075.7	91.266	229	17	3	380	607	8065479	8065705	4.68e-83	309
NC_003075.7:8802132-8802738	NC_003075.7	91.228	228	17	3	380	606	6165391	6165166	1.68e-82	307
NC_003075.7:8802132-8802738	NC_003075.7	90.435	230	17	5	380	607	371013	370787	1.01e-79	298
NC_003075.7:8802132-8802738	NC_003075.7	90.000	230	19	4	380	607	1351430	1351657	1.31e-78	294
NC_003075.7:8802132-8802738	NC_003075.7	89.520	229	20	4	380	607	11192499	11192274	2.19e-76	287
NC_003075.7:8802132-8802738	NC_003075.7	92.000	200	9	2	1	194	14390988	14390790	1.71e-72	274
NC_003075.7:8802132-8802738	NC_003075.7	86.283	226	21	6	380	604	1000138	999922	2.24e-61	237
NC_003075.7:8802132-8802738	NC_003075.7	88.360	189	20	2	418	606	963860	963674	4.85e-58	226
NC_003075.7:8802132-8802738	NC_003075.7	95.652	115	5	0	153	267	8729528	8729414	8.23e-46	185
NC_003075.7:8802132-8802738	NC_003075.7	94.783	115	6	0	153	267	5540448	5540334	3.83e-44	180
NC_003075.7:8802132-8802738	NC_003075.7	93.388	121	6	2	1	120	2520884	2521003	1.38e-43	178
NC_003075.7:8802132-8802738	NC_003075.7	94.643	112	6	0	153	264	10396429	10396318	1.78e-42	174
NC_003075.7:8802132-8802738	NC_003075.7	93.750	112	7	0	153	264	8064563	8064674	8.28e-41	169
NC_003075.7:8802132-8802738	NC_003075.7	92.857	112	7	1	153	264	1001051	1000941	1.39e-38	161
NC_003075.7:8802132-8802738	NC_003075.7	87.121	132	14	3	478	607	9111709	9111579	3.88e-34	147
NC_003075.7:8802132-8802738	NC_003075.7	93.684	95	4	1	280	374	8728997	8728905	1.81e-32	141
NC_003075.7:8802132-8802738	NC_003075.7	93.617	94	4	1	281	374	1351059	1351150	6.50e-32	139
NC_003075.7:8802132-8802738	NC_003075.7	92.632	95	4	1	280	374	5539917	5539826	3.02e-30	134
NC_003075.7:8802132-8802738	NC_003075.7	91.579	95	6	1	280	374	964813	964721	3.91e-29	130
NC_003075.7:8802132-8802738	NC_003075.7	90.526	95	7	1	280	374	11362345	11362437	1.82e-27	124
NC_003075.7:8802132-8802738	NC_003075.7	90.123	81	8	0	1	81	1349585	1349665	6.59e-22	106
NC_003075.7:8802132-8802738	NC_003071.7	91.053	380	25	3	1	374	3564382	3564758	5.56e-142	505
NC_003075.7:8802132-8802738	NC_003071.7	91.481	270	17	1	1	264	4024201	4024470	2.74e-100	366
NC_003075.7:8802132-8802738	NC_003071.7	92.015	263	15	1	1	257	3213354	3213092	9.85e-100	364
NC_003075.7:8802132-8802738	NC_003071.7	90.741	270	19	1	1	264	980617	980348	5.93e-97	355
NC_003075.7:8802132-8802738	NC_003071.7	90.511	274	19	2	1	268	7814691	7814419	5.93e-97	355
NC_003075.7:8802132-8802738	NC_003071.7	90.310	258	19	1	7	258	6660967	6661224	2.78e-90	333
NC_003075.7:8802132-8802738	NC_003071.7	90.551	254	18	1	17	264	7959807	7960060	9.99e-90	331
NC_003075.7:8802132-8802738	NC_003071.7	91.667	228	15	4	380	606	3212549	3212325	3.62e-84	313
NC_003075.7:8802132-8802738	NC_003071.7	92.130	216	15	2	391	606	12802881	12803094	2.18e-81	303
NC_003075.7:8802132-8802738	NC_003071.7	90.393	229	18	4	380	607	6663897	6664122	1.01e-79	298
NC_003075.7:8802132-8802738	NC_003071.7	89.956	229	19	4	380	606	501834	502060	4.71e-78	292
NC_003075.7:8802132-8802738	NC_003071.7	89.565	230	20	4	379	606	6923518	6923291	6.10e-77	289
NC_003075.7:8802132-8802738	NC_003071.7	93.333	195	10	3	380	573	3565183	3565375	7.88e-76	285
NC_003075.7:8802132-8802738	NC_003071.7	89.083	229	20	5	380	606	7168455	7168230	3.67e-74	279
NC_003075.7:8802132-8802738	NC_003071.7	91.713	181	14	1	398	578	14335433	14335612	2.88e-65	250
NC_003075.7:8802132-8802738	NC_003071.7	92.126	127	10	0	141	267	708360	708486	3.83e-44	180
NC_003075.7:8802132-8802738	NC_003071.7	94.643	112	6	0	153	264	6924418	6924307	1.78e-42	174
NC_003075.7:8802132-8802738	NC_003071.7	93.913	115	7	0	153	267	13907797	13907683	1.78e-42	174
NC_003075.7:8802132-8802738	NC_003071.7	93.750	112	7	0	153	264	13267871	13267982	8.28e-41	169
NC_003075.7:8802132-8802738	NC_003071.7	93.750	96	4	1	279	374	13268409	13268502	5.02e-33	143
NC_003075.7:8802132-8802738	NC_003071.7	93.684	95	4	1	280	374	501460	501552	1.81e-32	141
NC_003075.7:8802132-8802738	NC_003071.7	93.684	95	4	1	280	374	543578	543670	1.81e-32	141
NC_003075.7:8802132-8802738	NC_003071.7	93.684	95	4	1	280	374	6923891	6923799	1.81e-32	141
NC_003075.7:8802132-8802738	NC_003071.7	93.684	95	4	1	280	374	13907266	13907174	1.81e-32	141
NC_003075.7:8802132-8802738	NC_003071.7	93.684	95	4	1	280	374	14335054	14335146	1.81e-32	141
NC_003075.7:8802132-8802738	NC_003071.7	92.632	95	5	1	280	374	709475	709567	8.40e-31	135
NC_003075.7:8802132-8802738	NC_003071.7	92.632	95	4	1	280	374	6100831	6100740	3.02e-30	134
NC_003075.7:8802132-8802738	NC_003071.7	91.579	95	6	1	280	374	11285665	11285573	3.91e-29	130
NC_003075.7:8802132-8802738	NC_003071.7	94.048	84	3	1	285	368	7813997	7813916	5.06e-28	126
NC_003075.7:8802132-8802738	NC_003071.7	90.123	81	8	0	1	81	17255233	17255153	6.59e-22	106
NC_003075.7:8802132-8802738	NC_003071.7	88.889	81	9	0	1	81	5467004	5466924	3.07e-20	100
NC_003075.7:8802132-8802738	NC_003076.8	89.211	380	32	3	1	374	25904732	25905108	2.62e-130	466
NC_003075.7:8802132-8802738	NC_003076.8	91.450	269	17	1	2	264	20280646	20280378	9.85e-100	364
NC_003075.7:8802132-8802738	NC_003076.8	91.111	270	18	1	1	264	8354510	8354241	1.27e-98	361
NC_003075.7:8802132-8802738	NC_003076.8	91.078	269	18	1	2	264	9591748	9592016	4.58e-98	359
NC_003075.7:8802132-8802738	NC_003076.8	90.741	270	19	1	1	264	5978053	5977784	5.93e-97	355
NC_003075.7:8802132-8802738	NC_003076.8	90.741	270	19	1	1	264	22232264	22231995	5.93e-97	355
NC_003075.7:8802132-8802738	NC_003076.8	90.370	270	20	1	1	264	9133953	9134222	2.76e-95	350
NC_003075.7:8802132-8802738	NC_003076.8	90.000	270	21	1	1	264	24476591	24476322	1.28e-93	344
NC_003075.7:8802132-8802738	NC_003076.8	93.333	210	12	2	398	606	4780418	4780210	4.68e-83	309
NC_003075.7:8802132-8802738	NC_003076.8	91.266	229	17	3	380	607	25905390	25905616	4.68e-83	309
NC_003075.7:8802132-8802738	NC_003076.8	91.228	228	17	3	380	606	15576405	15576180	1.68e-82	307
NC_003075.7:8802132-8802738	NC_003076.8	90.830	229	18	3	380	607	9963172	9962946	2.18e-81	303
NC_003075.7:8802132-8802738	NC_003076.8	91.743	218	16	2	389	606	19740730	19740515	7.83e-81	302
NC_003075.7:8802132-8802738	NC_003076.8	90.789	228	16	4	380	606	21776010	21775787	2.82e-80	300
NC_003075.7:8802132-8802738	NC_003076.8	90.435	230	16	6	380	606	7153410	7153184	1.01e-79	298
NC_003075.7:8802132-8802738	NC_003076.8	90.393	229	18	4	380	607	15042358	15042133	1.01e-79	298
NC_003075.7:8802132-8802738	NC_003076.8	90.393	229	19	3	380	607	21584401	21584175	1.01e-79	298
NC_003075.7:8802132-8802738	NC_003076.8	91.284	218	16	2	389	606	4314652	4314866	1.31e-78	294
NC_003075.7:8802132-8802738	NC_003076.8	89.956	229	20	3	380	607	24186050	24185824	4.71e-78	292
NC_003075.7:8802132-8802738	NC_003076.8	89.474	228	21	3	380	606	21531683	21531908	7.88e-76	285
NC_003075.7:8802132-8802738	NC_003076.8	90.367	218	17	3	389	606	8744838	8744625	2.84e-75	283
NC_003075.7:8802132-8802738	NC_003076.8	91.080	213	14	3	396	607	11027689	11027897	2.84e-75	283
NC_003075.7:8802132-8802738	NC_003076.8	89.815	216	16	6	397	607	25265124	25265338	6.14e-72	272
NC_003075.7:8802132-8802738	NC_003076.8	88.210	229	23	4	380	606	1896802	1896576	2.21e-71	270
NC_003075.7:8802132-8802738	NC_003076.8	86.250	240	19	12	380	607	22231188	22230951	1.03e-64	248
NC_003075.7:8802132-8802738	NC_003076.8	96.429	112	4	0	153	264	11026281	11026392	8.23e-46	185
NC_003075.7:8802132-8802738	NC_003076.8	94.783	115	6	0	153	267	15605660	15605546	3.83e-44	180
NC_003075.7:8802132-8802738	NC_003076.8	94.643	112	6	0	153	264	5429094	5428983	1.78e-42	174
NC_003075.7:8802132-8802738	NC_003076.8	94.643	112	6	0	153	264	8745759	8745648	1.78e-42	174
NC_003075.7:8802132-8802738	NC_003076.8	94.643	112	6	0	153	264	19741654	19741543	1.78e-42	174
NC_003075.7:8802132-8802738	NC_003076.8	93.750	112	7	0	153	264	4313474	4313585	8.28e-41	169
NC_003075.7:8802132-8802738	NC_003076.8	92.857	112	8	0	153	264	4781290	4781179	3.85e-39	163
NC_003075.7:8802132-8802738	NC_003076.8	92.857	112	8	0	153	264	8766666	8766777	3.85e-39	163
NC_003075.7:8802132-8802738	NC_003076.8	94.737	95	3	1	280	374	8745222	8745130	3.88e-34	147
NC_003075.7:8802132-8802738	NC_003076.8	94.737	95	3	1	280	374	19741115	19741023	3.88e-34	147
NC_003075.7:8802132-8802738	NC_003076.8	93.684	95	4	1	280	374	8767206	8767298	1.81e-32	141
NC_003075.7:8802132-8802738	NC_003076.8	93.684	95	4	1	280	374	24475891	24475799	1.81e-32	141
NC_003075.7:8802132-8802738	NC_003076.8	93.684	95	3	1	280	374	14149804	14149713	6.50e-32	139
NC_003075.7:8802132-8802738	NC_003076.8	86.029	136	11	6	280	412	21531346	21531476	6.50e-32	139
NC_003075.7:8802132-8802738	NC_003076.8	92.632	95	5	1	280	374	4314268	4314360	8.40e-31	135
NC_003075.7:8802132-8802738	NC_003076.8	92.632	95	5	1	280	374	5428554	5428462	8.40e-31	135
NC_003075.7:8802132-8802738	NC_003076.8	92.632	95	5	1	280	374	17366525	17366617	8.40e-31	135
NC_003075.7:8802132-8802738	NC_003076.8	92.632	95	5	1	280	374	20680914	20680822	8.40e-31	135
NC_003075.7:8802132-8802738	NC_003076.8	92.632	95	3	2	280	374	24186422	24186332	3.02e-30	134
NC_003075.7:8802132-8802738	NC_003076.8	91.579	95	6	1	280	374	5977351	5977259	3.91e-29	130
NC_003075.7:8802132-8802738	NC_003076.8	91.579	95	6	1	280	374	11027300	11027392	3.91e-29	130
NC_003075.7:8802132-8802738	NC_003076.8	90.526	95	7	1	280	374	17777202	17777294	1.82e-27	124
NC_003075.7:8802132-8802738	NC_003076.8	90.526	95	6	1	280	374	9592292	9592383	6.54e-27	122
NC_003075.7:8802132-8802738	NC_003076.8	84.127	126	16	3	484	607	13677934	13677811	8.46e-26	119
NC_003075.7:8802132-8802738	NC_003076.8	83.088	136	18	3	280	414	20280101	20279970	8.46e-26	119
NC_003075.7:8802132-8802738	NC_003076.8	88.298	94	7	4	321	412	15576716	15576625	5.09e-23	110
NC_003075.7:8802132-8802738	NC_003076.8	93.846	65	2	2	1	64	7711131	7711194	3.97e-19	97.1
NC_003075.7:8802132-8802738	NC_003076.8	87.654	81	10	0	1	81	17955555	17955635	1.43e-18	95.3
NC_003075.7:8802132-8802738	NC_003070.9	92.164	268	17	1	1	264	12876928	12876661	4.55e-103	375
NC_003075.7:8802132-8802738	NC_003070.9	91.822	269	16	1	2	264	22992721	22992453	2.12e-101	370
NC_003075.7:8802132-8802738	NC_003070.9	91.450	269	17	1	2	264	30251767	30251499	9.85e-100	364
NC_003075.7:8802132-8802738	NC_003070.9	90.706	269	18	2	2	264	12328714	12328447	7.66e-96	351
NC_003075.7:8802132-8802738	NC_003070.9	89.706	272	19	4	1	264	28161034	28161304	5.97e-92	339
NC_003075.7:8802132-8802738	NC_003070.9	92.544	228	15	2	380	606	19768216	19767990	4.65e-88	326
NC_003075.7:8802132-8802738	NC_003070.9	92.544	228	14	3	380	606	28162097	28162322	1.67e-87	324
NC_003075.7:8802132-8802738	NC_003070.9	91.266	229	17	3	380	607	7037065	7037291	4.68e-83	309
NC_003075.7:8802132-8802738	NC_003070.9	88.123	261	22	3	4	258	19769830	19769573	7.83e-81	302
NC_003075.7:8802132-8802738	NC_003070.9	92.344	209	13	2	398	606	11701522	11701727	1.31e-78	294
NC_003075.7:8802132-8802738	NC_003070.9	91.284	218	16	2	389	606	13060682	13060896	1.31e-78	294
NC_003075.7:8802132-8802738	NC_003070.9	91.943	211	16	1	396	606	30253351	30253142	1.31e-78	294
NC_003075.7:8802132-8802738	NC_003070.9	89.956	229	18	5	380	606	16327078	16327303	1.69e-77	291
NC_003075.7:8802132-8802738	NC_003070.9	90.043	231	13	5	1	225	18790103	18790329	1.69e-77	291
NC_003075.7:8802132-8802738	NC_003070.9	89.565	230	19	5	380	607	19465315	19465089	2.19e-76	287
NC_003075.7:8802132-8802738	NC_003070.9	89.474	228	21	3	380	606	15940953	15941178	7.88e-76	285
NC_003075.7:8802132-8802738	NC_003070.9	88.646	229	23	3	380	607	12365767	12365993	4.75e-73	276
NC_003075.7:8802132-8802738	NC_003070.9	90.094	212	20	1	396	607	9865553	9865343	1.71e-72	274
NC_003075.7:8802132-8802738	NC_003070.9	88.312	231	22	5	379	606	26169623	26169395	6.14e-72	272
NC_003075.7:8802132-8802738	NC_003070.9	89.140	221	18	1	50	264	23876175	23876395	2.21e-71	270
NC_003075.7:8802132-8802738	NC_003070.9	89.952	209	16	5	398	606	19327440	19327237	1.03e-69	265
NC_003075.7:8802132-8802738	NC_003070.9	87.773	229	24	4	380	607	23215295	23215520	1.03e-69	265
NC_003075.7:8802132-8802738	NC_003070.9	87.719	228	23	4	380	606	18790625	18790848	1.33e-68	261
NC_003075.7:8802132-8802738	NC_003070.9	90.306	196	15	4	380	573	8116616	8116809	2.22e-66	254
NC_003075.7:8802132-8802738	NC_003070.9	87.615	218	20	4	389	606	3414630	3414840	3.72e-64	246
NC_003075.7:8802132-8802738	NC_003070.9	91.781	146	8	1	1	142	16998955	16998810	2.94e-50	200
NC_003075.7:8802132-8802738	NC_003070.9	92.424	132	9	1	153	283	7036148	7036279	2.29e-46	187
NC_003075.7:8802132-8802738	NC_003070.9	95.652	115	5	0	153	267	11736466	11736352	8.23e-46	185
NC_003075.7:8802132-8802738	NC_003070.9	95.652	115	5	0	153	267	19994809	19994695	8.23e-46	185
NC_003075.7:8802132-8802738	NC_003070.9	95.536	112	5	0	153	264	9817151	9817262	3.83e-44	180
NC_003075.7:8802132-8802738	NC_003070.9	92.126	127	10	0	141	267	15940039	15940165	3.83e-44	180
NC_003075.7:8802132-8802738	NC_003070.9	94.783	115	6	0	153	267	16904733	16904847	3.83e-44	180
NC_003075.7:8802132-8802738	NC_003070.9	92.126	127	10	0	141	267	22450867	22450993	3.83e-44	180
NC_003075.7:8802132-8802738	NC_003070.9	92.623	122	7	2	148	267	19063593	19063714	1.78e-42	174
NC_003075.7:8802132-8802738	NC_003070.9	94.643	112	6	0	153	264	26170521	26170410	1.78e-42	174
NC_003075.7:8802132-8802738	NC_003070.9	94.643	112	6	0	153	264	30254567	30254456	1.78e-42	174
NC_003075.7:8802132-8802738	NC_003070.9	95.789	95	3	1	280	374	13060300	13060393	8.34e-36	152
NC_003075.7:8802132-8802738	NC_003070.9	95.789	95	3	1	280	374	30254030	30253937	8.34e-36	152
NC_003075.7:8802132-8802738	NC_003070.9	93.750	96	5	1	280	374	7036688	7036783	5.02e-33	143
NC_003075.7:8802132-8802738	NC_003070.9	93.684	95	4	1	280	374	8116242	8116334	1.81e-32	141
NC_003075.7:8802132-8802738	NC_003070.9	93.684	95	4	1	280	374	11735920	11735828	1.81e-32	141
NC_003075.7:8802132-8802738	NC_003070.9	93.684	95	4	1	280	374	19465678	19465586	1.81e-32	141
NC_003075.7:8802132-8802738	NC_003070.9	93.684	95	4	1	280	374	19768590	19768498	1.81e-32	141
NC_003075.7:8802132-8802738	NC_003070.9	93.684	95	4	1	280	374	23214932	23215024	1.81e-32	141
NC_003075.7:8802132-8802738	NC_003070.9	93.684	95	3	2	280	374	12562814	12562723	6.50e-32	139
NC_003075.7:8802132-8802738	NC_003070.9	93.684	95	3	1	280	374	26169994	26169903	6.50e-32	139
NC_003075.7:8802132-8802738	NC_003070.9	92.632	95	5	1	280	374	9865941	9865849	8.40e-31	135
NC_003075.7:8802132-8802738	NC_003070.9	92.632	95	5	1	280	374	12365404	12365496	8.40e-31	135
NC_003075.7:8802132-8802738	NC_003070.9	92.632	95	5	1	280	374	13016435	13016343	8.40e-31	135
NC_003075.7:8802132-8802738	NC_003070.9	92.632	95	5	1	280	374	16326713	16326805	8.40e-31	135
NC_003075.7:8802132-8802738	NC_003070.9	92.632	95	5	1	280	374	17901346	17901438	8.40e-31	135
NC_003075.7:8802132-8802738	NC_003070.9	91.579	95	6	1	280	374	3414248	3414340	3.91e-29	130
NC_003075.7:8802132-8802738	NC_003070.9	93.023	86	4	1	285	370	499958	499875	1.82e-27	124
NC_003075.7:8802132-8802738	NC_003070.9	90.526	95	6	2	280	374	15940579	15940670	6.54e-27	122
NC_003075.7:8802132-8802738	NC_003070.9	90.323	93	7	1	280	372	22451407	22451497	2.35e-26	121
NC_003075.7:8802132-8802738	NC_003070.9	90.123	81	8	0	1	81	7035191	7035271	6.59e-22	106
NC_003075.7:8802132-8802738	NC_003070.9	90.123	81	8	0	1	81	17899863	17899943	6.59e-22	106
NC_003075.7:8802132-8802738	NC_003070.9	87.654	81	8	1	1	81	501372	501294	5.13e-18	93.5
NC_003075.7:8802132-8802738	NC_003074.8	91.852	270	16	1	1	264	10557346	10557077	5.88e-102	372
NC_003075.7:8802132-8802738	NC_003074.8	91.852	270	16	1	1	264	11503761	11503492	5.88e-102	372
NC_003075.7:8802132-8802738	NC_003074.8	91.450	269	17	1	2	264	17299939	17299671	9.85e-100	364
NC_003075.7:8802132-8802738	NC_003074.8	90.741	270	19	1	1	264	17729940	17730209	5.93e-97	355
NC_003075.7:8802132-8802738	NC_003074.8	90.406	271	19	2	1	264	15485750	15485480	2.76e-95	350
NC_003075.7:8802132-8802738	NC_003074.8	90.000	270	18	4	1	264	18412154	18412420	1.66e-92	340
NC_003075.7:8802132-8802738	NC_003074.8	89.668	271	21	2	1	264	17776769	17777039	5.97e-92	339
NC_003075.7:8802132-8802738	NC_003074.8	89.630	270	19	4	1	264	18018781	18019047	7.72e-91	335
NC_003075.7:8802132-8802738	NC_003074.8	92.105	228	15	3	380	606	18019702	18019927	7.77e-86	318
NC_003075.7:8802132-8802738	NC_003074.8	91.703	229	16	3	380	607	15484754	15484528	1.01e-84	315
NC_003075.7:8802132-8802738	NC_003074.8	90.830	229	18	3	380	607	10556357	10556131	2.18e-81	303
NC_003075.7:8802132-8802738	NC_003074.8	90.789	228	18	3	380	606	9766582	9766357	7.83e-81	302
NC_003075.7:8802132-8802738	NC_003074.8	90.351	228	19	3	380	606	17061611	17061386	3.64e-79	296
NC_003075.7:8802132-8802738	NC_003074.8	90.826	218	18	2	389	606	18413084	18413299	1.69e-77	291
NC_003075.7:8802132-8802738	NC_003074.8	89.381	226	21	3	380	604	17731007	17731230	1.02e-74	281
NC_003075.7:8802132-8802738	NC_003074.8	88.646	229	23	3	380	607	17777840	17778066	4.75e-73	276
NC_003075.7:8802132-8802738	NC_003074.8	88.085	235	16	3	36	264	1571406	1571634	7.94e-71	268
NC_003075.7:8802132-8802738	NC_003074.8	85.714	238	21	4	380	606	8757586	8757821	6.23e-62	239
NC_003075.7:8802132-8802738	NC_003074.8	92.913	127	9	0	141	267	9384863	9384737	8.23e-46	185
NC_003075.7:8802132-8802738	NC_003074.8	95.652	115	5	0	153	267	16562477	16562591	8.23e-46	185
NC_003075.7:8802132-8802738	NC_003074.8	94.783	115	6	0	153	267	11536758	11536872	3.83e-44	180
NC_003075.7:8802132-8802738	NC_003074.8	94.643	112	6	0	153	264	15938226	15938337	1.78e-42	174
NC_003075.7:8802132-8802738	NC_003074.8	93.043	115	8	0	153	267	5744998	5744884	8.28e-41	169
NC_003075.7:8802132-8802738	NC_003074.8	93.043	115	8	0	153	267	15452557	15452443	8.28e-41	169
NC_003075.7:8802132-8802738	NC_003074.8	93.043	115	8	0	153	267	20787323	20787437	8.28e-41	169
NC_003075.7:8802132-8802738	NC_003074.8	93.684	95	4	1	280	374	5744438	5744346	1.81e-32	141
NC_003075.7:8802132-8802738	NC_003074.8	93.684	95	4	1	280	374	15452053	15451961	1.81e-32	141
NC_003075.7:8802132-8802738	NC_003074.8	93.684	95	4	1	280	374	15938766	15938858	1.81e-32	141
NC_003075.7:8802132-8802738	NC_003074.8	93.684	95	4	1	280	374	17061973	17061881	1.81e-32	141
NC_003075.7:8802132-8802738	NC_003074.8	89.565	115	4	2	153	267	17143580	17143474	6.50e-32	139
NC_003075.7:8802132-8802738	NC_003074.8	92.632	95	6	1	280	374	7995405	7995312	8.40e-31	135
NC_003075.7:8802132-8802738	NC_003074.8	92.632	95	5	1	280	374	15485110	15485018	8.40e-31	135
NC_003075.7:8802132-8802738	NC_003074.8	92.632	95	5	1	280	374	17730633	17730725	8.40e-31	135
NC_003075.7:8802132-8802738	NC_003074.8	94.186	86	3	1	289	374	10819937	10819854	3.91e-29	130
NC_003075.7:8802132-8802738	NC_003074.8	91.579	95	6	1	280	374	20787849	20787941	3.91e-29	130
NC_003075.7:8802132-8802738	NC_003074.8	94.186	86	2	1	289	374	17299384	17299302	1.41e-28	128
NC_003075.7:8802132-8802738	NC_003074.8	90.625	96	5	3	280	375	10574941	10574850	1.82e-27	124
NC_003075.7:8802132-8802738	NC_003074.8	90.526	95	7	1	280	374	17276341	17276249	1.82e-27	124
NC_003075.7:8802132-8802738	NC_003074.8	88.421	95	8	1	280	374	17777470	17777561	1.42e-23	111
NC_003071.7:12800987-12803094	NC_003071.7	100.000	2108	0	0	1	2108	12800987	12803094	0.0	3893
NC_003071.7:12800987-12803094	NC_003071.7	93.967	2105	109	15	8	2108	13266915	13269005	0.0	3168
NC_003071.7:12800987-12803094	NC_003071.7	93.791	2110	106	18	4	2108	6925380	6923291	0.0	3147
NC_003071.7:12800987-12803094	NC_003071.7	93.495	2106	102	20	8	2108	499985	502060	0.0	3097
NC_003071.7:12800987-12803094	NC_003071.7	92.370	2110	118	16	8	2108	17255233	17253158	0.0	2964
NC_003071.7:12800987-12803094	NC_003071.7	92.490	2104	102	18	8	2106	13908721	13906669	0.0	2959
NC_003071.7:12800987-12803094	NC_003071.7	92.037	2072	112	15	8	2074	12094425	12092402	0.0	2863
NC_003071.7:12800987-12803094	NC_003071.7	92.565	2004	106	19	111	2108	396551	394585	0.0	2835
NC_003071.7:12800987-12803094	NC_003071.7	91.903	1939	91	17	4	1912	11287164	11285262	0.0	2651
NC_003071.7:12800987-12803094	NC_003071.7	92.335	1409	69	20	8	1412	13338077	13336704	0.0	1967
NC_003071.7:12800987-12803094	NC_003071.7	91.003	1445	76	26	8	1444	707442	708840	0.0	1899
NC_003071.7:12800987-12803094	NC_003071.7	92.738	1143	71	7	968	2108	7814534	7813402	0.0	1640
NC_003071.7:12800987-12803094	NC_003071.7	92.126	1143	83	6	968	2108	7169367	7168230	0.0	1605
NC_003071.7:12800987-12803094	NC_003071.7	93.505	1047	60	7	1065	2108	6663080	6664121	0.0	1550
NC_003071.7:12800987-12803094	NC_003071.7	92.972	1053	51	9	8	1058	7154736	7153705	0.0	1513
NC_003071.7:12800987-12803094	NC_003071.7	92.644	1006	53	6	1109	2108	543175	544165	0.0	1428
NC_003071.7:12800987-12803094	NC_003071.7	93.215	958	61	4	1135	2092	6803425	6804378	0.0	1406
NC_003071.7:12800987-12803094	NC_003071.7	92.497	973	57	11	1111	2082	14334657	14335614	0.0	1378
NC_003071.7:12800987-12803094	NC_003071.7	94.005	884	48	5	1227	2108	13336704	13335824	0.0	1334
NC_003071.7:12800987-12803094	NC_003071.7	93.991	882	44	9	8	883	14333785	14334663	0.0	1327
NC_003071.7:12800987-12803094	NC_003071.7	94.076	844	42	7	8	847	542308	543147	0.0	1275
NC_003071.7:12800987-12803094	NC_003071.7	92.060	869	54	8	1249	2108	7960700	7961562	0.0	1208
NC_003071.7:12800987-12803094	NC_003071.7	94.066	792	42	4	1319	2108	7112140	7112928	0.0	1197
NC_003071.7:12800987-12803094	NC_003071.7	93.308	792	48	3	1319	2108	6101020	6100232	0.0	1164
NC_003071.7:12800987-12803094	NC_003071.7	92.975	726	41	10	240	963	12556070	12555353	0.0	1050
NC_003071.7:12800987-12803094	NC_003071.7	92.149	726	51	5	1385	2108	3213046	3212325	0.0	1020
NC_003071.7:12800987-12803094	NC_003071.7	92.105	722	45	12	240	958	1460789	1460077	0.0	1007
NC_003071.7:12800987-12803094	NC_003071.7	91.994	712	47	10	254	963	5466870	5466167	0.0	990
NC_003071.7:12800987-12803094	NC_003071.7	92.641	693	40	11	249	938	10468943	10468259	0.0	987
NC_003071.7:12800987-12803094	NC_003071.7	93.037	675	41	5	1435	2106	709400	710071	0.0	981
NC_003071.7:12800987-12803094	NC_003071.7	92.272	647	44	6	240	884	19196621	19195979	0.0	913
NC_003071.7:12800987-12803094	NC_003071.7	92.708	576	33	8	240	813	6099664	6100232	0.0	822
NC_003071.7:12800987-12803094	NC_003071.7	88.805	661	35	16	235	892	11399245	11398621	0.0	774
NC_003071.7:12800987-12803094	NC_003071.7	93.900	459	23	5	1510	1965	3564666	3565122	0.0	688
NC_003071.7:12800987-12803094	NC_003071.7	91.975	324	21	5	1319	1639	4024558	4024879	9.46e-125	449
NC_003071.7:12800987-12803094	NC_003071.7	92.163	319	18	6	1319	1637	980261	979950	4.40e-123	444
NC_003071.7:12800987-12803094	NC_003071.7	93.033	244	15	2	968	1211	7959949	7960190	2.12e-96	355
NC_003071.7:12800987-12803094	NC_003071.7	91.571	261	15	6	8	264	19196757	19196500	7.63e-96	353
NC_003071.7:12800987-12803094	NC_003071.7	92.063	252	14	5	240	488	5843838	5843590	9.87e-95	350
NC_003071.7:12800987-12803094	NC_003071.7	91.154	260	16	6	8	264	6099530	6099785	1.28e-93	346
NC_003071.7:12800987-12803094	NC_003071.7	90.734	259	19	5	8	263	1460925	1460669	5.94e-92	340
NC_003071.7:12800987-12803094	NC_003071.7	89.615	260	23	4	8	264	6084090	6084348	4.63e-88	327
NC_003071.7:12800987-12803094	NC_003071.7	90.726	248	16	6	20	264	5843961	5843718	5.98e-87	324
NC_003071.7:12800987-12803094	NC_003071.7	95.135	185	8	1	968	1152	4024359	4024542	6.07e-77	291
NC_003071.7:12800987-12803094	NC_003071.7	95.135	185	8	1	968	1152	7111941	7112124	6.07e-77	291
NC_003071.7:12800987-12803094	NC_003071.7	94.022	184	10	1	968	1151	980459	980277	4.73e-73	278
NC_003071.7:12800987-12803094	NC_003071.7	93.889	180	10	1	973	1152	6101214	6101036	7.91e-71	270
NC_003071.7:12800987-12803094	NC_003071.7	84.615	260	20	7	8	264	5467004	5466762	6.20e-62	241
NC_003071.7:12800987-12803094	NC_003071.7	91.411	163	8	6	800	960	6101360	6101518	2.91e-55	219
NC_003071.7:12800987-12803094	NC_003071.7	96.000	125	4	1	1985	2108	979951	979827	2.93e-50	202
NC_003071.7:12800987-12803094	NC_003071.7	92.920	113	7	1	9	121	6101375	6101264	1.38e-38	163
NC_003071.7:12800987-12803094	NC_003071.7	92.381	105	8	0	968	1072	3213196	3213092	1.07e-34	150
NC_003071.7:12800987-12803094	NC_003071.7	92.941	85	5	1	4	88	7111780	7111863	2.34e-26	122
NC_003071.7:12800987-12803094	NC_003071.7	89.773	88	9	0	1	88	3213361	3213274	1.41e-23	113
NC_003071.7:12800987-12803094	NC_003071.7	95.588	68	3	0	33	100	12555280	12555213	1.82e-22	110
NC_003071.7:12800987-12803094	NC_003071.7	89.412	85	9	0	4	88	4024197	4024281	6.56e-22	108
NC_003071.7:12800987-12803094	NC_003071.7	88.172	93	5	5	8	99	2962805	2962718	2.36e-21	106
NC_003071.7:12800987-12803094	NC_003071.7	91.026	78	5	2	8	84	7169524	7169448	8.49e-21	104
NC_003071.7:12800987-12803094	NC_003071.7	88.000	75	9	0	14	88	6660967	6661041	2.38e-16	89.8
NC_003071.7:12800987-12803094	NC_003076.8	97.098	2102	57	4	8	2108	17365025	17367123	0.0	3541
NC_003071.7:12800987-12803094	NC_003076.8	94.394	2105	104	14	8	2108	8765709	8767803	0.0	3221
NC_003071.7:12800987-12803094	NC_003076.8	94.297	2104	104	14	8	2108	20682406	20680316	0.0	3206
NC_003071.7:12800987-12803094	NC_003076.8	93.998	2116	101	14	9	2108	5430061	5427956	0.0	3181
NC_003071.7:12800987-12803094	NC_003076.8	93.756	2114	116	11	4	2108	19742621	19740515	0.0	3158
NC_003071.7:12800987-12803094	NC_003076.8	93.640	2107	98	18	8	2108	8746701	8744625	0.0	3116
NC_003071.7:12800987-12803094	NC_003076.8	93.558	2111	96	15	3	2108	9965022	9962947	0.0	3109
NC_003071.7:12800987-12803094	NC_003076.8	93.681	2089	111	17	23	2106	24187899	24185827	0.0	3107
NC_003071.7:12800987-12803094	NC_003076.8	92.552	2108	112	20	8	2108	16356475	16358544	0.0	2981
NC_003071.7:12800987-12803094	NC_003076.8	92.727	2090	109	21	27	2108	17775748	17777802	0.0	2977
NC_003071.7:12800987-12803094	NC_003076.8	93.610	2003	109	12	1	1999	14151301	14149314	0.0	2972
NC_003071.7:12800987-12803094	NC_003076.8	92.410	2108	118	19	8	2108	14082835	14080763	0.0	2968
NC_003071.7:12800987-12803094	NC_003076.8	92.399	2105	121	24	8	2108	1898645	1896576	0.0	2964
NC_003071.7:12800987-12803094	NC_003076.8	93.207	1369	58	14	8	1372	20281984	20280647	0.0	1980
NC_003071.7:12800987-12803094	NC_003076.8	92.722	1374	67	12	2	1372	9590404	9591747	0.0	1953
NC_003071.7:12800987-12803094	NC_003076.8	93.951	1273	49	14	8	1278	4782228	4780982	0.0	1899
NC_003071.7:12800987-12803094	NC_003076.8	90.896	1362	66	29	4	1344	9559510	9558186	0.0	1775
NC_003071.7:12800987-12803094	NC_003076.8	94.308	1142	59	5	968	2108	15043270	15042134	0.0	1744
NC_003071.7:12800987-12803094	NC_003076.8	93.037	1192	55	11	8	1192	11025336	11026506	0.0	1716
NC_003071.7:12800987-12803094	NC_003076.8	92.295	1207	62	14	147	1349	4312671	4313850	0.0	1685
NC_003071.7:12800987-12803094	NC_003076.8	93.281	1146	69	8	968	2108	24476433	24475291	0.0	1683
NC_003071.7:12800987-12803094	NC_003076.8	93.092	1158	60	9	968	2108	22232106	22230952	0.0	1677
NC_003071.7:12800987-12803094	NC_003076.8	94.353	1098	38	10	59	1154	17618634	17617559	0.0	1663
NC_003071.7:12800987-12803094	NC_003076.8	93.435	1112	65	5	968	2073	5977895	5976786	0.0	1642
NC_003071.7:12800987-12803094	NC_003076.8	92.657	1144	50	15	1	1141	15606608	15605496	0.0	1616
NC_003071.7:12800987-12803094	NC_003076.8	92.042	1156	73	12	968	2108	8354352	8353201	0.0	1607
NC_003071.7:12800987-12803094	NC_003076.8	94.171	995	52	4	1087	2079	18854899	18855889	0.0	1511
NC_003071.7:12800987-12803094	NC_003076.8	93.287	998	61	5	1112	2108	4313874	4314866	0.0	1467
NC_003071.7:12800987-12803094	NC_003076.8	93.959	927	51	4	1183	2108	11026974	11027896	0.0	1397
NC_003071.7:12800987-12803094	NC_003076.8	95.838	841	33	2	8	847	21530089	21530928	0.0	1358
NC_003071.7:12800987-12803094	NC_003076.8	91.778	973	39	13	8	961	18853952	18854902	0.0	1315
NC_003071.7:12800987-12803094	NC_003076.8	90.206	1021	57	16	1090	2108	21530929	21531908	0.0	1291
NC_003071.7:12800987-12803094	NC_003076.8	91.463	902	45	17	968	1866	10714580	10715452	0.0	1210
NC_003071.7:12800987-12803094	NC_003076.8	93.250	800	51	3	1310	2108	15605466	15604669	0.0	1175
NC_003071.7:12800987-12803094	NC_003076.8	93.782	772	45	2	1340	2108	4780981	4780210	0.0	1157
NC_003071.7:12800987-12803094	NC_003076.8	89.218	946	70	23	1	930	9612584	9613513	0.0	1153
NC_003071.7:12800987-12803094	NC_003076.8	92.680	724	40	12	240	960	8683116	8683829	0.0	1031
NC_003071.7:12800987-12803094	NC_003076.8	92.127	724	45	11	240	960	7711268	7711982	0.0	1011
NC_003071.7:12800987-12803094	NC_003076.8	92.233	721	45	11	240	958	14761047	14760336	0.0	1011
NC_003071.7:12800987-12803094	NC_003076.8	93.981	648	34	5	5	648	7154443	7153797	0.0	976
NC_003071.7:12800987-12803094	NC_003076.8	90.833	720	52	13	248	963	15342555	15341846	0.0	952
NC_003071.7:12800987-12803094	NC_003076.8	90.123	729	57	14	240	963	13918660	13917942	0.0	933
NC_003071.7:12800987-12803094	NC_003076.8	94.426	592	31	2	1519	2108	7153775	7153184	0.0	909
NC_003071.7:12800987-12803094	NC_003076.8	92.117	647	44	7	240	884	5129699	5129058	0.0	905
NC_003071.7:12800987-12803094	NC_003076.8	91.963	647	46	6	240	884	19931422	19930780	0.0	902
NC_003071.7:12800987-12803094	NC_003076.8	93.833	600	35	2	1510	2108	25905017	25905615	0.0	902
NC_003071.7:12800987-12803094	NC_003076.8	89.636	714	50	15	254	960	354275	354971	0.0	887
NC_003071.7:12800987-12803094	NC_003076.8	93.841	552	31	3	970	1521	15577265	15576717	0.0	828
NC_003071.7:12800987-12803094	NC_003076.8	93.309	553	33	4	970	1521	21776872	21776323	0.0	813
NC_003071.7:12800987-12803094	NC_003076.8	93.047	489	33	1	1620	2108	15576667	15576180	0.0	713
NC_003071.7:12800987-12803094	NC_003076.8	92.857	490	31	4	1620	2108	21776273	21775787	0.0	708
NC_003071.7:12800987-12803094	NC_003076.8	92.081	442	27	4	1668	2108	9134290	9134724	8.82e-175	616
NC_003071.7:12800987-12803094	NC_003076.8	90.698	344	24	8	240	579	25264647	25264986	2.63e-125	451
NC_003071.7:12800987-12803094	NC_003076.8	92.163	319	18	6	1319	1637	9592102	9592413	4.40e-123	444
NC_003071.7:12800987-12803094	NC_003076.8	94.118	289	15	2	1319	1607	20280291	20280005	2.05e-121	438
NC_003071.7:12800987-12803094	NC_003076.8	91.223	319	20	7	1319	1637	17617546	17617236	4.43e-118	427
NC_003071.7:12800987-12803094	NC_003076.8	91.640	311	21	5	639	949	3019829	3019524	1.59e-117	425
NC_003071.7:12800987-12803094	NC_003076.8	94.882	254	11	2	8	261	17796785	17796534	1.25e-108	396
NC_003071.7:12800987-12803094	NC_003076.8	92.143	280	18	4	681	960	20398316	20398591	1.62e-107	392
NC_003071.7:12800987-12803094	NC_003076.8	90.805	261	16	7	8	264	5129834	5129578	1.65e-92	342
NC_003071.7:12800987-12803094	NC_003076.8	90.769	260	19	5	8	264	17955555	17955812	1.65e-92	342
NC_003071.7:12800987-12803094	NC_003076.8	90.385	260	21	4	8	264	3020196	3019938	2.14e-91	339
NC_003071.7:12800987-12803094	NC_003076.8	89.850	266	23	4	2	264	25264505	25264769	2.14e-91	339
NC_003071.7:12800987-12803094	NC_003076.8	90.000	260	21	5	8	264	14761183	14760926	3.58e-89	331
NC_003071.7:12800987-12803094	NC_003076.8	88.679	265	21	6	4	264	15342700	15342441	3.60e-84	315
NC_003071.7:12800987-12803094	NC_003076.8	95.652	184	7	1	968	1151	20280489	20280307	4.69e-78	294
NC_003071.7:12800987-12803094	NC_003076.8	95.082	183	8	1	968	1150	9591905	9592086	7.85e-76	287
NC_003071.7:12800987-12803094	NC_003076.8	94.595	185	9	1	968	1152	9134111	9134294	2.82e-75	285
NC_003071.7:12800987-12803094	NC_003076.8	94.382	178	9	1	1932	2108	10715445	10715622	2.20e-71	272
NC_003071.7:12800987-12803094	NC_003076.8	92.308	182	10	3	9	189	19670802	19670980	2.21e-66	255
NC_003071.7:12800987-12803094	NC_003076.8	85.433	254	17	8	3	254	354136	354371	1.33e-63	246
NC_003071.7:12800987-12803094	NC_003076.8	91.057	123	11	0	968	1090	25904890	25905012	1.07e-39	167
NC_003071.7:12800987-12803094	NC_003076.8	96.000	100	3	1	8	107	20398218	20398316	4.97e-38	161
NC_003071.7:12800987-12803094	NC_003076.8	91.463	82	7	0	7	88	24476592	24476511	1.41e-23	113
NC_003071.7:12800987-12803094	NC_003076.8	91.358	81	7	0	8	88	5978053	5977973	5.07e-23	111
NC_003071.7:12800987-12803094	NC_003076.8	91.250	80	7	0	9	88	20280646	20280567	1.82e-22	110
NC_003071.7:12800987-12803094	NC_003076.8	90.244	82	6	2	8	88	9133953	9134033	2.36e-21	106
NC_003071.7:12800987-12803094	NC_003076.8	86.869	99	8	4	1	99	15043434	15043341	2.36e-21	106
NC_003071.7:12800987-12803094	NC_003076.8	90.000	80	8	0	9	88	9591748	9591827	8.49e-21	104
NC_003071.7:12800987-12803094	NC_003076.8	92.188	64	5	0	8	71	10714424	10714487	6.61e-17	91.6
NC_003071.7:12800987-12803094	NC_003070.9	95.673	2103	66	11	8	2108	17899863	17901942	0.0	3356
NC_003071.7:12800987-12803094	NC_003070.9	95.243	2102	64	13	8	2106	9867414	9865346	0.0	3295
NC_003071.7:12800987-12803094	NC_003070.9	94.263	2109	104	14	8	2108	7035191	7037290	0.0	3208
NC_003071.7:12800987-12803094	NC_003070.9	93.925	2107	101	21	8	2108	26171480	26169395	0.0	3157
NC_003071.7:12800987-12803094	NC_003070.9	93.584	2104	102	16	8	2108	13058823	13060896	0.0	3107
NC_003071.7:12800987-12803094	NC_003070.9	93.541	2090	95	18	3	2086	8114766	8116821	0.0	3075
NC_003071.7:12800987-12803094	NC_003070.9	93.010	2103	107	9	8	2108	9816210	9818274	0.0	3033
NC_003071.7:12800987-12803094	NC_003070.9	92.668	2114	103	22	8	2108	22449931	22452005	0.0	2998
NC_003071.7:12800987-12803094	NC_003070.9	92.191	2113	115	23	3	2108	16903795	16905864	0.0	2942
NC_003071.7:12800987-12803094	NC_003070.9	92.125	2108	107	19	7	2108	19995735	19993681	0.0	2918
NC_003071.7:12800987-12803094	NC_003070.9	94.055	1867	93	17	27	1888	30255504	30253651	0.0	2817
NC_003071.7:12800987-12803094	NC_003070.9	92.373	1770	80	22	345	2108	13017571	13015851	0.0	2470
NC_003071.7:12800987-12803094	NC_003070.9	91.090	1863	92	31	1	1841	11737401	11735591	0.0	2453
NC_003071.7:12800987-12803094	NC_003070.9	93.997	1416	65	10	695	2108	15939781	15941178	0.0	2126
NC_003071.7:12800987-12803094	NC_003070.9	91.029	1594	85	18	520	2108	18791324	18792864	0.0	2098
NC_003071.7:12800987-12803094	NC_003070.9	93.713	1368	55	10	8	1372	30253107	30251768	0.0	2021
NC_003071.7:12800987-12803094	NC_003070.9	91.884	1454	71	21	7	1457	501373	499964	0.0	1988
NC_003071.7:12800987-12803094	NC_003070.9	93.280	1369	58	13	8	1372	12330053	12328715	0.0	1988
NC_003071.7:12800987-12803094	NC_003070.9	92.701	1370	64	15	8	1372	22994060	22992722	0.0	1943
NC_003071.7:12800987-12803094	NC_003070.9	93.627	1271	65	11	12	1280	19329256	19328000	0.0	1884
NC_003071.7:12800987-12803094	NC_003070.9	93.663	1152	56	7	961	2108	11700589	11701727	0.0	1707
NC_003071.7:12800987-12803094	NC_003070.9	93.415	1139	64	8	970	2108	3413713	3414840	0.0	1677
NC_003071.7:12800987-12803094	NC_003070.9	91.944	1142	78	8	968	2108	28161194	28162322	0.0	1587
NC_003071.7:12800987-12803094	NC_003070.9	93.732	1053	59	7	1060	2108	19769039	19767990	0.0	1572
NC_003071.7:12800987-12803094	NC_003070.9	93.234	1005	59	6	1108	2108	4786256	4787255	0.0	1471
NC_003071.7:12800987-12803094	NC_003070.9	92.879	997	51	7	1114	2108	12563207	12562229	0.0	1430
NC_003071.7:12800987-12803094	NC_003070.9	92.778	997	56	4	1114	2108	16825388	16826370	0.0	1428
NC_003071.7:12800987-12803094	NC_003070.9	92.771	996	54	4	1117	2108	19466071	19465090	0.0	1424
NC_003071.7:12800987-12803094	NC_003070.9	92.460	1008	53	9	1109	2108	16326311	16327303	0.0	1419
NC_003071.7:12800987-12803094	NC_003070.9	92.585	998	57	4	1114	2108	12365009	12365992	0.0	1417
NC_003071.7:12800987-12803094	NC_003070.9	93.068	981	43	11	8	985	19061965	19062923	0.0	1411
NC_003071.7:12800987-12803094	NC_003070.9	92.239	1005	56	6	1109	2108	23214532	23215519	0.0	1404
NC_003071.7:12800987-12803094	NC_003070.9	94.270	925	31	4	8	930	11699698	11700602	0.0	1395
NC_003071.7:12800987-12803094	NC_003070.9	95.368	842	30	8	8	847	16824518	16825352	0.0	1330
NC_003071.7:12800987-12803094	NC_003070.9	95.249	842	35	5	8	847	12364135	12364973	0.0	1328
NC_003071.7:12800987-12803094	NC_003070.9	95.030	845	33	8	8	847	19466949	19466109	0.0	1319
NC_003071.7:12800987-12803094	NC_003070.9	95.030	845	31	10	8	847	23213666	23214504	0.0	1317
NC_003071.7:12800987-12803094	NC_003070.9	94.313	844	40	7	8	847	16325444	16326283	0.0	1286
NC_003071.7:12800987-12803094	NC_003070.9	94.181	842	44	5	8	847	12564081	12563243	0.0	1279
NC_003071.7:12800987-12803094	NC_003070.9	89.652	976	75	19	8	967	16806989	16807954	0.0	1219
NC_003071.7:12800987-12803094	NC_003070.9	94.185	791	41	5	1319	2108	23876482	23877268	0.0	1201
NC_003071.7:12800987-12803094	NC_003070.9	93.750	800	48	2	1310	2108	19063794	19064592	0.0	1199
NC_003071.7:12800987-12803094	NC_003070.9	91.753	873	39	16	272	1141	19062922	19063764	0.0	1182
NC_003071.7:12800987-12803094	NC_003070.9	94.744	761	35	4	968	1727	16998385	16997629	0.0	1179
NC_003071.7:12800987-12803094	NC_003070.9	94.357	762	38	4	968	1727	12876772	12876014	0.0	1164
NC_003071.7:12800987-12803094	NC_003070.9	93.117	770	45	7	1341	2108	19328000	19327237	0.0	1122
NC_003071.7:12800987-12803094	NC_003070.9	91.257	835	36	10	1	833	4785455	4786254	0.0	1103
NC_003071.7:12800987-12803094	NC_003070.9	86.462	975	80	27	8	967	13262203	13261266	0.0	1022
NC_003071.7:12800987-12803094	NC_003070.9	89.007	846	65	19	8	837	16806150	16806983	0.0	1022
NC_003071.7:12800987-12803094	NC_003070.9	92.022	727	47	11	240	963	1977029	1976311	0.0	1011
NC_003071.7:12800987-12803094	NC_003070.9	92.867	701	39	11	240	938	17552862	17552171	0.0	1007
NC_003071.7:12800987-12803094	NC_003070.9	91.598	726	49	12	240	963	14299707	14298992	0.0	992
NC_003071.7:12800987-12803094	NC_003070.9	91.609	727	47	14	240	963	29320594	29319879	0.0	992
NC_003071.7:12800987-12803094	NC_003070.9	92.253	697	44	10	254	948	19085234	19085922	0.0	979
NC_003071.7:12800987-12803094	NC_003070.9	91.160	724	51	13	240	960	6736001	6736714	0.0	970
NC_003071.7:12800987-12803094	NC_003070.9	91.966	697	44	11	254	948	19173667	19172981	0.0	966
NC_003071.7:12800987-12803094	NC_003070.9	91.022	724	51	14	240	960	17366	18078	0.0	965
NC_003071.7:12800987-12803094	NC_003070.9	90.522	728	54	15	240	963	3074587	3073871	0.0	948
NC_003071.7:12800987-12803094	NC_003070.9	90.463	713	48	14	254	963	12855858	12855163	0.0	922
NC_003071.7:12800987-12803094	NC_003070.9	92.427	647	43	6	240	884	2235031	2234389	0.0	918
NC_003071.7:12800987-12803094	NC_003070.9	92.224	643	41	2	1474	2108	14309405	14308764	0.0	902
NC_003071.7:12800987-12803094	NC_003070.9	93.311	598	28	8	1513	2108	499960	499373	0.0	872
NC_003071.7:12800987-12803094	NC_003070.9	88.165	752	47	24	240	958	18746912	18746170	0.0	857
NC_003071.7:12800987-12803094	NC_003070.9	93.519	540	30	5	1572	2108	8489951	8489414	0.0	798
NC_003071.7:12800987-12803094	NC_003070.9	94.794	461	22	2	8	466	15939323	15939783	0.0	717
NC_003071.7:12800987-12803094	NC_003070.9	93.603	469	27	3	8	474	22622305	22621838	0.0	697
NC_003071.7:12800987-12803094	NC_003070.9	91.755	473	26	9	902	1372	22621842	22621381	0.0	645
NC_003071.7:12800987-12803094	NC_003070.9	95.110	409	18	2	5	412	18790924	18791331	0.0	643
NC_003071.7:12800987-12803094	NC_003070.9	91.449	421	29	7	540	960	23174140	23174553	1.94e-161	571
NC_003071.7:12800987-12803094	NC_003070.9	92.476	319	17	6	1319	1637	22992366	22992055	9.46e-125	449
NC_003071.7:12800987-12803094	NC_003070.9	94.198	293	14	3	1319	1610	22621025	22620735	4.40e-123	444
NC_003071.7:12800987-12803094	NC_003070.9	93.772	289	16	2	1319	1607	12328360	12328074	9.53e-120	433
NC_003071.7:12800987-12803094	NC_003070.9	90.909	319	22	6	1319	1637	30251412	30251101	2.06e-116	422
NC_003071.7:12800987-12803094	NC_003070.9	95.276	254	11	1	8	261	23554439	23554187	2.69e-110	401
NC_003071.7:12800987-12803094	NC_003070.9	94.922	256	12	1	8	263	25963257	25963003	9.67e-110	399
NC_003071.7:12800987-12803094	NC_003070.9	95.102	245	10	2	5	249	3910604	3910362	2.71e-105	385
NC_003071.7:12800987-12803094	NC_003070.9	91.923	260	16	5	8	264	17552998	17552741	1.64e-97	359
NC_003071.7:12800987-12803094	NC_003070.9	91.120	259	16	7	8	264	14299842	14299589	4.59e-93	344
NC_003071.7:12800987-12803094	NC_003070.9	91.406	256	11	2	8	263	8490194	8489950	5.94e-92	340
NC_003071.7:12800987-12803094	NC_003070.9	90.661	257	19	5	11	264	18747045	18746791	7.69e-91	337
NC_003071.7:12800987-12803094	NC_003070.9	90.361	249	21	3	8	254	17009	17256	5.98e-87	324
NC_003071.7:12800987-12803094	NC_003070.9	89.744	234	19	5	35	264	17255	17487	4.69e-78	294
NC_003071.7:12800987-12803094	NC_003070.9	95.652	184	7	1	968	1151	22992564	22992382	4.69e-78	294
NC_003071.7:12800987-12803094	NC_003070.9	95.109	184	8	1	968	1151	12328558	12328376	2.18e-76	289
NC_003071.7:12800987-12803094	NC_003070.9	95.109	184	8	1	968	1151	23876284	23876466	2.18e-76	289
NC_003071.7:12800987-12803094	NC_003070.9	94.652	187	9	1	968	1154	30251610	30251425	2.18e-76	289
NC_003071.7:12800987-12803094	NC_003070.9	88.655	238	21	5	31	264	29320708	29320473	2.82e-75	285
NC_003071.7:12800987-12803094	NC_003070.9	94.565	184	9	1	968	1151	22621223	22621041	1.02e-74	283
NC_003071.7:12800987-12803094	NC_003070.9	86.142	267	16	8	2	264	19085093	19085342	2.84e-70	268
NC_003071.7:12800987-12803094	NC_003070.9	85.328	259	18	9	8	264	12855993	12855753	1.03e-64	250
NC_003071.7:12800987-12803094	NC_003070.9	83.525	261	22	10	8	264	8291571	8291328	6.24e-57	224
NC_003071.7:12800987-12803094	NC_003070.9	87.179	117	12	3	247	363	16806285	16806398	1.40e-28	130
NC_003071.7:12800987-12803094	NC_003070.9	91.250	80	7	0	9	88	30251767	30251688	1.82e-22	110
NC_003071.7:12800987-12803094	NC_003070.9	90.244	82	6	2	8	88	12876928	12876848	2.36e-21	106
NC_003071.7:12800987-12803094	NC_003070.9	90.000	80	8	0	9	88	22992721	22992642	8.49e-21	104
NC_003071.7:12800987-12803094	NC_003070.9	90.000	80	7	1	9	88	12328714	12328636	3.05e-20	102
NC_003071.7:12800987-12803094	NC_003070.9	89.024	82	8	1	11	92	19769830	19769750	1.10e-19	100
NC_003071.7:12800987-12803094	NC_003074.8	94.598	2092	92	21	8	2086	10821446	10819363	0.0	3217
NC_003071.7:12800987-12803094	NC_003074.8	93.112	2105	108	13	8	2108	17277814	17275743	0.0	3049
NC_003071.7:12800987-12803094	NC_003074.8	93.126	2095	108	17	8	2097	15937286	15939349	0.0	3038
NC_003071.7:12800987-12803094	NC_003074.8	91.639	2105	116	23	8	2108	20786399	20788447	0.0	2857
NC_003071.7:12800987-12803094	NC_003074.8	91.172	2107	118	28	8	2108	22118613	22120657	0.0	2798
NC_003071.7:12800987-12803094	NC_003074.8	91.126	2096	106	23	8	2085	11535844	11537877	0.0	2767
NC_003071.7:12800987-12803094	NC_003074.8	90.562	2119	107	32	8	2108	17144490	17142447	0.0	2719
NC_003071.7:12800987-12803094	NC_003074.8	91.034	1595	82	20	519	2108	16562049	16563587	0.0	2097
NC_003071.7:12800987-12803094	NC_003074.8	93.499	1369	55	14	8	1372	17301278	17299940	0.0	2004
NC_003071.7:12800987-12803094	NC_003074.8	91.258	1487	77	21	8	1491	5745923	5744487	0.0	1977
NC_003071.7:12800987-12803094	NC_003074.8	90.636	1399	71	27	712	2108	15452795	15451455	0.0	1803
NC_003071.7:12800987-12803094	NC_003074.8	93.427	1141	65	6	968	2106	17730098	17731230	0.0	1683
NC_003071.7:12800987-12803094	NC_003074.8	92.576	1145	74	7	968	2108	17776928	17778065	0.0	1633
NC_003071.7:12800987-12803094	NC_003074.8	92.200	1141	67	9	968	2108	9767475	9766357	0.0	1594
NC_003071.7:12800987-12803094	NC_003074.8	91.480	1162	65	16	968	2106	16419302	16420452	0.0	1567
NC_003071.7:12800987-12803094	NC_003074.8	92.977	1011	50	7	1102	2108	16451587	16452580	0.0	1454
NC_003071.7:12800987-12803094	NC_003074.8	92.778	997	56	3	1114	2108	17062368	17061386	0.0	1428
NC_003071.7:12800987-12803094	NC_003074.8	91.583	998	55	6	1114	2108	7995800	7994829	0.0	1351
NC_003071.7:12800987-12803094	NC_003074.8	92.990	913	46	7	968	1878	11503603	11502707	0.0	1315
NC_003071.7:12800987-12803094	NC_003074.8	93.522	849	36	8	2	847	17063236	17062404	0.0	1245
NC_003071.7:12800987-12803094	NC_003074.8	94.697	792	39	3	1319	2108	18412509	18413299	0.0	1227
NC_003071.7:12800987-12803094	NC_003074.8	93.947	793	44	3	1319	2108	18019136	18019927	0.0	1195
NC_003071.7:12800987-12803094	NC_003074.8	93.325	794	47	6	1319	2108	13327791	13328582	0.0	1168
NC_003071.7:12800987-12803094	NC_003074.8	92.428	832	40	9	2	830	9386352	9385541	0.0	1166
NC_003071.7:12800987-12803094	NC_003074.8	92.512	828	40	8	8	833	16450786	16451593	0.0	1166
NC_003071.7:12800987-12803094	NC_003074.8	92.812	793	51	5	1319	2108	3965358	3966147	0.0	1144
NC_003071.7:12800987-12803094	NC_003074.8	93.792	741	45	1	1368	2108	10556871	10556132	0.0	1112
NC_003071.7:12800987-12803094	NC_003074.8	90.887	834	57	15	148	967	9890146	9890974	0.0	1101
NC_003071.7:12800987-12803094	NC_003074.8	94.492	708	35	4	1021	1727	10320599	10321303	0.0	1088
NC_003071.7:12800987-12803094	NC_003074.8	91.125	800	57	13	176	971	18746356	18747145	0.0	1072
NC_003071.7:12800987-12803094	NC_003074.8	91.938	769	43	11	1341	2108	15485279	15484529	0.0	1059
NC_003071.7:12800987-12803094	NC_003074.8	92.598	743	43	4	1368	2108	10575083	10574351	0.0	1057
NC_003071.7:12800987-12803094	NC_003074.8	92.818	724	41	11	240	960	16879941	16880656	0.0	1038
NC_003071.7:12800987-12803094	NC_003074.8	92.160	727	42	15	240	963	20485004	20484290	0.0	1013
NC_003071.7:12800987-12803094	NC_003074.8	91.803	732	47	13	235	963	9559551	9558830	0.0	1007
NC_003071.7:12800987-12803094	NC_003074.8	91.978	723	42	15	240	960	5622167	5622875	0.0	1000
NC_003071.7:12800987-12803094	NC_003074.8	93.683	649	34	7	1462	2108	5744486	5743843	0.0	965
NC_003071.7:12800987-12803094	NC_003074.8	90.371	727	56	14	240	963	2629890	2629175	0.0	942
NC_003071.7:12800987-12803094	NC_003074.8	90.000	740	55	14	240	967	3716479	3717211	0.0	939
NC_003071.7:12800987-12803094	NC_003074.8	93.407	637	28	7	811	1446	9385005	9384382	0.0	931
NC_003071.7:12800987-12803094	NC_003074.8	89.424	747	51	11	234	971	16173067	16172340	0.0	917
NC_003071.7:12800987-12803094	NC_003074.8	93.506	616	35	4	1494	2108	9384377	9383766	0.0	911
NC_003071.7:12800987-12803094	NC_003074.8	89.011	728	51	19	240	963	1371040	1370338	0.0	874
NC_003071.7:12800987-12803094	NC_003074.8	94.242	521	25	5	1	518	7996642	7996124	0.0	791
NC_003071.7:12800987-12803094	NC_003074.8	93.346	526	31	3	968	1493	11967811	11968332	0.0	774
NC_003071.7:12800987-12803094	NC_003074.8	94.377	409	20	3	5	412	16561651	16562057	1.47e-177	625
NC_003071.7:12800987-12803094	NC_003074.8	88.889	423	39	8	546	967	10404825	10405240	3.31e-144	514
NC_003071.7:12800987-12803094	NC_003074.8	95.847	313	10	2	968	1278	15485591	15485280	7.16e-141	503
NC_003071.7:12800987-12803094	NC_003074.8	96.633	297	9	1	551	847	7996131	7995836	1.55e-137	492
NC_003071.7:12800987-12803094	NC_003074.8	93.811	307	17	2	968	1273	10557188	10556883	4.37e-128	460
NC_003071.7:12800987-12803094	NC_003074.8	93.060	317	19	3	968	1283	10575400	10575086	4.37e-128	460
NC_003071.7:12800987-12803094	NC_003074.8	92.163	319	17	7	1319	1637	17299583	17299273	4.40e-123	444
NC_003071.7:12800987-12803094	NC_003074.8	93.151	292	15	5	241	530	10862539	10862827	5.74e-117	424
NC_003071.7:12800987-12803094	NC_003074.8	91.418	268	17	6	1	264	3716336	3716601	1.27e-98	363
NC_003071.7:12800987-12803094	NC_003074.8	91.154	260	14	8	8	264	20485140	20484887	4.59e-93	344
NC_003071.7:12800987-12803094	NC_003074.8	89.883	257	22	4	11	264	9559680	9559425	4.63e-88	327
NC_003071.7:12800987-12803094	NC_003074.8	96.216	185	6	1	968	1152	1571523	1571706	2.80e-80	302
NC_003071.7:12800987-12803094	NC_003074.8	95.676	185	7	1	968	1152	17299782	17299599	1.30e-78	296
NC_003071.7:12800987-12803094	NC_003074.8	94.054	185	9	2	968	1151	3965159	3965342	1.31e-73	279
NC_003071.7:12800987-12803094	NC_003074.8	94.054	185	10	1	968	1152	13327592	13327775	1.31e-73	279
NC_003071.7:12800987-12803094	NC_003074.8	88.745	231	20	5	35	262	2630001	2629774	4.73e-73	278
NC_003071.7:12800987-12803094	NC_003074.8	93.514	185	9	3	968	1152	18412311	18412492	2.20e-71	272
NC_003071.7:12800987-12803094	NC_003074.8	93.443	183	10	2	713	894	9385008	9385189	7.91e-71	270
NC_003071.7:12800987-12803094	NC_003074.8	92.973	185	10	3	968	1152	18018938	18019119	1.02e-69	267
NC_003071.7:12800987-12803094	NC_003074.8	84.429	289	14	8	1319	1607	1571723	1571980	2.21e-66	255
NC_003071.7:12800987-12803094	NC_003074.8	95.283	106	4	1	8	113	16879751	16879855	1.07e-39	167
NC_003071.7:12800987-12803094	NC_003074.8	90.654	107	8	2	246	352	9890148	9890252	6.47e-32	141
NC_003071.7:12800987-12803094	NC_003074.8	88.182	110	10	3	8	115	9890049	9890157	5.04e-28	128
NC_003071.7:12800987-12803094	NC_003074.8	92.045	88	6	1	44	131	10392129	10392215	2.34e-26	122
NC_003071.7:12800987-12803094	NC_003074.8	91.011	89	5	3	2	88	18018774	18018861	1.09e-24	117
NC_003071.7:12800987-12803094	NC_003074.8	92.593	81	4	2	9	88	17299939	17299860	3.92e-24	115
NC_003071.7:12800987-12803094	NC_003074.8	89.888	89	8	1	1	88	18412146	18412234	1.41e-23	113
NC_003071.7:12800987-12803094	NC_003074.8	91.358	81	7	0	8	88	13327434	13327514	5.07e-23	111
NC_003071.7:12800987-12803094	NC_003074.8	88.764	89	8	2	4	92	16419141	16419227	6.56e-22	108
NC_003071.7:12800987-12803094	NC_003074.8	90.244	82	7	1	8	88	17776769	17776850	2.36e-21	106
NC_003071.7:12800987-12803094	NC_003074.8	95.312	64	3	0	8	71	10557346	10557283	3.05e-20	102
NC_003071.7:12800987-12803094	NC_003074.8	88.889	81	9	0	8	88	11503761	11503681	1.10e-19	100
NC_003071.7:12800987-12803094	NC_003074.8	100.000	34	0	0	848	881	9385190	9385223	1.44e-08	63.9
NC_003071.7:12800987-12803094	NC_003075.7	93.771	2103	110	14	8	2106	1002007	999922	0.0	3138
NC_003071.7:12800987-12803094	NC_003075.7	94.277	2027	96	18	89	2108	8063691	8065704	0.0	3083
NC_003071.7:12800987-12803094	NC_003075.7	93.359	2108	98	15	8	2108	5541389	5539317	0.0	3079
NC_003071.7:12800987-12803094	NC_003075.7	93.314	2109	100	16	8	2108	11360870	11362945	0.0	3075
NC_003071.7:12800987-12803094	NC_003075.7	93.207	2105	106	13	8	2108	1349585	1351656	0.0	3061
NC_003071.7:12800987-12803094	NC_003075.7	92.705	2111	96	21	5	2108	4146123	4148182	0.0	2992
NC_003071.7:12800987-12803094	NC_003075.7	92.490	2104	104	21	8	2108	8730453	8728401	0.0	2961
NC_003071.7:12800987-12803094	NC_003075.7	94.894	1273	56	9	8	1278	10397385	10396120	0.0	1982
NC_003071.7:12800987-12803094	NC_003075.7	94.308	1142	60	5	968	2108	11193412	11192275	0.0	1744
NC_003071.7:12800987-12803094	NC_003075.7	93.176	1143	74	4	968	2108	371928	370788	0.0	1676
NC_003071.7:12800987-12803094	NC_003075.7	92.664	1145	76	8	968	2108	6166306	6165166	0.0	1642
NC_003071.7:12800987-12803094	NC_003075.7	93.719	1003	58	3	1108	2108	16864262	16863263	0.0	1498
NC_003071.7:12800987-12803094	NC_003075.7	94.543	788	36	5	8	793	9763814	9763032	0.0	1210
NC_003071.7:12800987-12803094	NC_003075.7	94.550	789	34	7	8	793	9842608	9841826	0.0	1210
NC_003071.7:12800987-12803094	NC_003075.7	94.192	792	41	4	1319	2108	683570	684358	0.0	1203
NC_003071.7:12800987-12803094	NC_003075.7	89.245	967	85	19	8	971	2622006	2621056	0.0	1192
NC_003071.7:12800987-12803094	NC_003075.7	92.909	832	36	9	4	833	16865074	16864264	0.0	1188
NC_003071.7:12800987-12803094	NC_003075.7	93.774	771	45	2	1341	2108	10396119	10395349	0.0	1155
NC_003071.7:12800987-12803094	NC_003075.7	92.287	726	44	12	240	963	314146	313431	0.0	1020
NC_003071.7:12800987-12803094	NC_003075.7	92.275	699	42	12	254	948	9438920	9439610	0.0	981
NC_003071.7:12800987-12803094	NC_003075.7	91.233	730	44	18	240	963	7060561	7059846	0.0	976
NC_003071.7:12800987-12803094	NC_003075.7	92.705	658	45	3	1262	1918	965061	964406	0.0	946
NC_003071.7:12800987-12803094	NC_003075.7	91.959	485	31	8	236	716	6279129	6279609	0.0	673
NC_003071.7:12800987-12803094	NC_003075.7	92.754	414	26	4	243	654	6178585	6178996	1.15e-168	595
NC_003071.7:12800987-12803094	NC_003075.7	89.920	377	30	6	8	380	3898130	3897758	1.21e-133	479
NC_003071.7:12800987-12803094	NC_003075.7	94.249	313	15	3	965	1277	965643	965334	1.56e-132	475
NC_003071.7:12800987-12803094	NC_003075.7	95.736	258	9	2	5	261	7853537	7853281	3.45e-114	414
NC_003071.7:12800987-12803094	NC_003075.7	89.416	274	27	2	651	924	3894012	3893741	4.59e-93	344
NC_003071.7:12800987-12803094	NC_003075.7	89.773	264	22	5	5	264	5354473	5354735	9.94e-90	333
NC_003071.7:12800987-12803094	NC_003075.7	90.476	252	19	4	5	254	5354111	5354359	4.63e-88	327
NC_003071.7:12800987-12803094	NC_003075.7	94.595	185	9	1	968	1152	683371	683554	2.82e-75	285
NC_003071.7:12800987-12803094	NC_003075.7	85.328	259	21	5	8	264	314269	314026	2.86e-65	252
NC_003071.7:12800987-12803094	NC_003075.7	85.057	261	18	7	8	264	9438785	9439028	1.33e-63	246
NC_003071.7:12800987-12803094	NC_003075.7	94.406	143	5	2	8	150	8063577	8063716	1.04e-54	217
NC_003071.7:12800987-12803094	NC_003075.7	86.286	175	20	3	794	967	5773070	5773241	8.19e-46	187
NC_003071.7:12800987-12803094	NC_003075.7	88.710	124	8	6	240	363	3897992	3897875	1.39e-33	147
NC_003071.7:12800987-12803094	NC_003075.7	92.632	95	5	1	1510	1602	8802411	8802505	3.01e-30	135
NC_003071.7:12800987-12803094	NC_003075.7	88.889	81	9	0	8	88	372086	372006	1.10e-19	100
NC_003071.7:12800987-12803094	NC_003075.7	89.744	78	8	0	11	88	11193567	11193490	1.10e-19	100
NC_003071.7:12800987-12803094	NC_003075.7	88.608	79	9	0	8	86	965799	965721	1.42e-18	97.1
NC_003071.7:12800987-12803094	NC_003075.7	76.068	234	29	22	355	566	9566175	9565947	1.42e-18	97.1
NC_003071.7:12800987-12803094	NC_003075.7	85.185	81	12	0	8	88	6166464	6166384	1.11e-14	84.2
NC_003071.7:12881590-12882805	NC_003071.7	100.000	1216	0	0	1	1216	12882805	12881590	0.0	2246
NC_003071.7:12881590-12882805	NC_003071.7	90.452	199	16	2	1019	1216	12975823	12976019	9.78e-68	259
NC_003071.7:12881590-12882805	NC_003071.7	97.531	81	2	0	2	82	12881661	12881581	1.33e-31	139
NC_003071.7:12881590-12882805	NC_003071.7	100.000	74	0	0	1	74	12975947	12976020	4.78e-31	137
NC_003071.7:12881590-12882805	NC_003071.7	98.684	76	0	1	1142	1216	12882808	12882733	6.19e-30	134
NC_003071.7:12881590-12882805	NC_003071.7	98.630	73	1	0	2	74	17660848	17660776	8.00e-29	130
NC_003071.7:12881590-12882805	NC_003071.7	98.611	72	1	0	1145	1216	17660848	17660777	2.88e-28	128
NC_003071.7:12881590-12882805	NC_003070.9	88.506	174	13	6	1046	1216	2107300	2107469	4.65e-51	204
NC_003071.7:12881590-12882805	NC_003070.9	87.500	168	16	5	1049	1216	2111057	2111219	1.30e-46	189
NC_003071.7:12881590-12882805	NC_003070.9	84.302	172	25	2	1046	1216	22394538	22394708	6.10e-40	167
NC_003071.7:12881590-12882805	NC_003070.9	83.237	173	23	4	1047	1216	22397494	22397663	4.75e-36	154
NC_003071.7:12881590-12882805	NC_003070.9	82.759	174	26	4	1046	1216	22428338	22428166	1.71e-35	152
NC_003071.7:12881590-12882805	NC_003070.9	89.655	116	12	0	1101	1216	22313370	22313485	2.21e-34	148
NC_003071.7:12881590-12882805	NC_003070.9	98.734	79	0	1	1	78	2111147	2111225	1.33e-31	139
NC_003071.7:12881590-12882805	NC_003070.9	100.000	74	0	0	1	74	2107397	2107470	4.78e-31	137
NC_003071.7:12881590-12882805	NC_003070.9	100.000	73	0	0	1	73	22313413	22313485	1.72e-30	135
NC_003071.7:12881590-12882805	NC_003070.9	100.000	73	0	0	1	73	22394636	22394708	1.72e-30	135
NC_003071.7:12881590-12882805	NC_003070.9	96.250	80	3	0	2	81	22397592	22397671	2.22e-29	132
NC_003071.7:12881590-12882805	NC_003070.9	98.630	73	1	0	1	73	22428238	22428166	8.00e-29	130
NC_003071.7:12881590-12882805	NC_003070.9	100.000	69	0	0	1145	1213	1159093	1159025	2.88e-28	128
NC_003071.7:12881590-12882805	NC_003070.9	100.000	69	0	0	2	70	1159093	1159025	2.88e-28	128
NC_003071.7:12881590-12882805	NC_003070.9	93.421	76	5	0	2	77	26973459	26973384	8.06e-24	113
NC_003071.7:12881590-12882805	NC_003070.9	94.444	72	4	0	1145	1216	26973459	26973388	2.90e-23	111
NC_003071.7:12881590-12882805	NC_003070.9	83.761	117	17	2	1046	1161	2156211	2156326	1.04e-22	110
NC_003071.7:12881590-12882805	NC_003070.9	97.368	38	1	0	44	81	2156331	2156368	2.29e-09	65.8
NC_003071.7:12881590-12882805	NC_003074.8	100.000	77	0	0	2	78	21542352	21542276	1.03e-32	143
NC_003071.7:12881590-12882805	NC_003074.8	92.157	102	4	4	1	100	22842593	22842494	3.70e-32	141
NC_003071.7:12881590-12882805	NC_003074.8	95.349	86	4	0	2	87	1843324	1843409	4.78e-31	137
NC_003071.7:12881590-12882805	NC_003074.8	97.500	80	1	1	2	80	19985011	19984932	1.72e-30	135
NC_003071.7:12881590-12882805	NC_003074.8	100.000	72	0	0	1145	1216	19985011	19984940	6.19e-30	134
NC_003071.7:12881590-12882805	NC_003074.8	100.000	72	0	0	1145	1216	21542352	21542281	6.19e-30	134
NC_003071.7:12881590-12882805	NC_003074.8	100.000	72	0	0	1145	1216	22842592	22842521	6.19e-30	134
NC_003071.7:12881590-12882805	NC_003074.8	98.611	72	1	0	1145	1216	1843324	1843395	2.88e-28	128
NC_003071.7:12881590-12882805	NC_003076.8	98.750	80	0	1	1	79	2212677	2212756	3.70e-32	141
NC_003071.7:12881590-12882805	NC_003076.8	98.718	78	1	0	1	78	26682707	26682784	1.33e-31	139
NC_003071.7:12881590-12882805	NC_003076.8	100.000	74	0	0	1	74	6401310	6401237	4.78e-31	137
NC_003071.7:12881590-12882805	NC_003076.8	100.000	72	0	0	1145	1216	2212678	2212749	6.19e-30	134
NC_003071.7:12881590-12882805	NC_003076.8	100.000	72	0	0	1145	1216	6401309	6401238	6.19e-30	134
NC_003071.7:12881590-12882805	NC_003076.8	100.000	72	0	0	1145	1216	26682708	26682779	6.19e-30	134
NC_003071.7:12881590-12882805	NC_003076.8	94.595	74	4	0	1143	1216	17495539	17495612	2.24e-24	115
NC_003071.7:12881590-12882805	NC_003076.8	93.506	77	5	0	2	78	17495541	17495617	2.24e-24	115
NC_003071.7:12881590-12882805	NC_003075.7	98.718	78	1	0	2	79	15671463	15671386	1.33e-31	139
NC_003071.7:12881590-12882805	NC_003075.7	100.000	72	0	0	1145	1216	15671463	15671392	6.19e-30	134
NC_003071.7:12876673-12877524	NC_003071.7	100.000	852	0	0	1	852	12877524	12876673	0.0	1574
NC_003071.7:12876673-12877524	NC_003071.7	89.270	671	55	15	192	851	5841787	5841123	0.0	824
NC_003071.7:12876673-12877524	NC_003071.7	87.156	654	68	12	206	851	4475636	4476281	0.0	728
NC_003071.7:12876673-12877524	NC_003071.7	89.041	292	24	6	566	852	3195713	3196001	8.42e-97	355
NC_003071.7:12876673-12877524	NC_003071.7	86.441	177	19	4	1	175	3192432	3192605	9.04e-47	189
NC_003071.7:12876673-12877524	NC_003071.7	85.263	190	21	5	1	185	6469095	6469282	9.04e-47	189
NC_003071.7:12876673-12877524	NC_003071.7	89.381	113	12	0	1	113	1865024	1864912	7.14e-33	143
NC_003071.7:12876673-12877524	NC_003076.8	92.900	662	41	5	192	851	9372629	9371972	0.0	957
NC_003071.7:12876673-12877524	NC_003076.8	91.599	619	41	9	192	804	9031146	9031759	0.0	845
NC_003071.7:12876673-12877524	NC_003076.8	88.922	668	62	7	192	852	13729022	13728360	0.0	813
NC_003071.7:12876673-12877524	NC_003076.8	88.606	667	62	10	192	852	14095555	14094897	0.0	798
NC_003071.7:12876673-12877524	NC_003076.8	87.275	668	58	13	192	851	13617945	13617297	0.0	737
NC_003071.7:12876673-12877524	NC_003076.8	86.316	380	31	16	192	567	14152905	14152543	1.79e-108	394
NC_003071.7:12876673-12877524	NC_003076.8	90.659	182	17	0	1	182	9029704	9029885	6.84e-63	243
NC_003071.7:12876673-12877524	NC_003076.8	90.323	186	17	1	1	185	9374094	9373909	6.84e-63	243
NC_003071.7:12876673-12877524	NC_003076.8	87.245	196	20	5	192	384	13513530	13513337	1.15e-55	219
NC_003071.7:12876673-12877524	NC_003076.8	87.634	186	19	3	1	185	13515102	13514920	5.37e-54	213
NC_003071.7:12876673-12877524	NC_003076.8	87.166	187	20	3	1	185	14097106	14096922	6.94e-53	209
NC_003071.7:12876673-12877524	NC_003076.8	87.006	177	19	2	9	185	13730462	13730290	5.40e-49	196
NC_003071.7:12876673-12877524	NC_003076.8	85.792	183	19	6	4	185	13619428	13619252	3.25e-46	187
NC_003071.7:12876673-12877524	NC_003076.8	87.013	154	16	3	1	153	21100836	21100686	3.27e-41	171
NC_003071.7:12876673-12877524	NC_003076.8	87.500	56	7	0	4	59	10869020	10868965	1.59e-09	65.8
NC_003071.7:12876673-12877524	NC_003074.8	92.354	667	39	11	192	851	16106891	16107552	0.0	939
NC_003071.7:12876673-12877524	NC_003074.8	88.473	668	66	9	192	852	11346987	11347650	0.0	797
NC_003071.7:12876673-12877524	NC_003074.8	88.456	667	58	14	199	851	11824469	11823808	0.0	787
NC_003071.7:12876673-12877524	NC_003074.8	88.991	436	44	4	192	626	11201607	11201175	2.80e-151	536
NC_003071.7:12876673-12877524	NC_003074.8	84.594	357	37	13	192	546	10584404	10584064	8.48e-92	339
NC_003071.7:12876673-12877524	NC_003074.8	89.189	185	17	2	1	185	6052695	6052876	1.92e-58	228
NC_003071.7:12876673-12877524	NC_003074.8	86.022	186	22	3	1	185	11202773	11202591	5.40e-49	196
NC_003071.7:12876673-12877524	NC_003074.8	90.299	134	12	1	1	133	11345762	11345895	2.53e-42	174
NC_003071.7:12876673-12877524	NC_003075.7	91.004	667	47	10	192	852	9762552	9761893	0.0	887
NC_003071.7:12876673-12877524	NC_003075.7	88.817	465	47	4	390	851	5541883	5541421	3.57e-160	566
NC_003071.7:12876673-12877524	NC_003075.7	90.270	185	18	0	1	185	6808237	6808421	6.84e-63	243
NC_003071.7:12876673-12877524	NC_003075.7	88.776	196	19	3	197	391	5545727	5545534	3.18e-61	237
NC_003071.7:12876673-12877524	NC_003075.7	90.400	125	11	1	1	124	7028415	7028539	5.48e-39	163
NC_003071.7:12876673-12877524	NC_003075.7	79.012	162	32	2	288	447	9688140	9687979	7.24e-23	110
NC_003071.7:12876673-12877524	NC_003070.9	88.756	667	62	8	192	852	11721778	11722437	0.0	804
NC_003071.7:12876673-12877524	NC_003070.9	88.473	668	60	11	192	852	19393660	19394317	0.0	791
NC_003071.7:12876673-12877524	NC_003070.9	85.484	186	22	3	1	185	16699412	16699593	9.04e-47	189
NC_003071.7:12876673-12877524	NC_003070.9	86.705	173	18	4	1	171	11720535	11720704	3.25e-46	187
NC_003071.7:13101810-13102362	NC_003071.7	100.000	553	0	0	1	553	13101810	13102362	0.0	1022
NC_003071.7:13101810-13102362	NC_003071.7	95.644	551	24	0	1	551	12556654	12557204	0.0	885
NC_003071.7:13101810-13102362	NC_003071.7	95.238	546	24	2	1	546	13885931	13886474	0.0	863
NC_003071.7:13101810-13102362	NC_003071.7	89.399	566	42	8	1	551	5037751	5038313	0.0	697
NC_003071.7:13101810-13102362	NC_003071.7	89.279	569	40	12	1	551	2138820	2139385	0.0	693
NC_003071.7:13101810-13102362	NC_003071.7	88.787	544	43	12	1	528	4025413	4025954	0.0	651
NC_003071.7:13101810-13102362	NC_003071.7	87.895	570	46	11	1	553	7340381	7340944	0.0	649
NC_003071.7:13101810-13102362	NC_003071.7	87.943	564	37	10	1	549	9226025	9225478	0.0	636
NC_003071.7:13101810-13102362	NC_003071.7	86.972	568	57	7	1	552	5010652	5010086	1.33e-177	623
NC_003071.7:13101810-13102362	NC_003071.7	87.193	570	43	10	1	552	6207151	6206594	4.80e-177	621
NC_003071.7:13101810-13102362	NC_003071.7	87.279	566	35	4	1	551	1670334	1669791	2.89e-174	612
NC_003071.7:13101810-13102362	NC_003071.7	89.144	479	38	8	4	468	19172665	19172187	6.30e-166	584
NC_003071.7:13101810-13102362	NC_003071.7	86.219	566	44	13	1	553	9229179	9228635	2.26e-165	582
NC_003071.7:13101810-13102362	NC_003071.7	86.268	568	40	12	1	552	19623102	19623647	2.26e-165	582
NC_003071.7:13101810-13102362	NC_003071.7	85.918	561	59	8	8	553	1596926	1597481	8.15e-165	580
NC_003071.7:13101810-13102362	NC_003071.7	87.209	516	42	13	19	514	17147641	17147130	2.28e-160	566
NC_003071.7:13101810-13102362	NC_003071.7	85.263	570	43	7	1	551	15134225	15134772	2.30e-155	549
NC_003071.7:13101810-13102362	NC_003071.7	83.649	581	48	23	1	553	9860514	9859953	1.81e-141	503
NC_003071.7:13101810-13102362	NC_003071.7	85.207	507	39	13	4	496	19243132	19242648	5.08e-137	488
NC_003071.7:13101810-13102362	NC_003071.7	82.676	583	53	19	2	551	1409588	1410155	1.42e-132	473
NC_003071.7:13101810-13102362	NC_003071.7	88.435	294	32	2	259	551	4305998	4306290	1.93e-96	353
NC_003071.7:13101810-13102362	NC_003071.7	87.456	287	19	5	267	552	9433300	9433570	9.12e-85	315
NC_003071.7:13101810-13102362	NC_003071.7	90.756	238	18	4	318	552	10996418	10996182	9.12e-85	315
NC_003071.7:13101810-13102362	NC_003071.7	89.076	238	21	5	318	551	1383789	1383553	1.54e-77	291
NC_003071.7:13101810-13102362	NC_003071.7	91.388	209	14	4	347	553	1038253	1038047	2.57e-75	283
NC_003071.7:13101810-13102362	NC_003071.7	87.866	239	23	6	317	551	1322206	1321970	4.30e-73	276
NC_003071.7:13101810-13102362	NC_003071.7	90.909	209	13	4	347	551	2320728	2320934	4.30e-73	276
NC_003071.7:13101810-13102362	NC_003071.7	89.815	216	21	1	1	216	9433091	9433305	4.30e-73	276
NC_003071.7:13101810-13102362	NC_003071.7	87.029	239	24	7	317	551	3197853	3197618	3.35e-69	263
NC_003071.7:13101810-13102362	NC_003071.7	88.571	175	12	6	317	487	8173489	8173659	5.73e-52	206
NC_003071.7:13101810-13102362	NC_003071.7	88.372	172	12	5	381	551	8907832	8907996	2.66e-50	200
NC_003071.7:13101810-13102362	NC_003071.7	83.544	237	13	12	317	551	1347424	1347212	9.58e-50	198
NC_003071.7:13101810-13102362	NC_003071.7	83.544	237	13	9	317	551	9585143	9585355	9.58e-50	198
NC_003071.7:13101810-13102362	NC_003071.7	92.199	141	8	3	317	456	10070310	10070172	3.45e-49	196
NC_003071.7:13101810-13102362	NC_003071.7	92.086	139	9	2	317	454	9030463	9030600	1.24e-48	195
NC_003071.7:13101810-13102362	NC_003071.7	86.441	177	19	4	381	552	826099	826275	5.77e-47	189
NC_003071.7:13101810-13102362	NC_003071.7	89.865	148	13	2	407	553	9311474	9311620	5.77e-47	189
NC_003071.7:13101810-13102362	NC_003071.7	82.648	219	19	8	317	532	9455967	9456169	4.49e-43	176
NC_003071.7:13101810-13102362	NC_003071.7	87.786	131	12	3	422	551	11285242	11285115	2.72e-35	150
NC_003071.7:13101810-13102362	NC_003071.7	87.121	132	13	3	422	552	3212452	3212324	3.52e-34	147
NC_003071.7:13101810-13102362	NC_003071.7	87.023	131	13	3	423	552	13906793	13906666	1.27e-33	145
NC_003071.7:13101810-13102362	NC_003071.7	86.364	132	14	3	423	553	6100358	6100230	1.64e-32	141
NC_003071.7:13101810-13102362	NC_003071.7	86.466	133	13	5	423	553	6923418	6923289	1.64e-32	141
NC_003071.7:13101810-13102362	NC_003071.7	85.385	130	15	3	423	551	6663995	6664121	9.86e-30	132
NC_003071.7:13101810-13102362	NC_003071.7	85.385	130	14	4	423	551	7112803	7112928	3.55e-29	130
NC_003071.7:13101810-13102362	NC_003071.7	83.333	144	14	8	347	487	11909052	11908916	1.65e-27	124
NC_003071.7:13101810-13102362	NC_003071.7	84.286	140	8	3	317	456	14572548	14572673	1.65e-27	124
NC_003071.7:13101810-13102362	NC_003071.7	82.812	128	16	5	426	551	4024867	4024990	4.62e-23	110
NC_003071.7:13101810-13102362	NC_003071.7	100.000	31	0	0	522	552	7177619	7177589	1.70e-07	58.4
NC_003071.7:13101810-13102362	NC_003075.7	98.911	551	6	0	1	551	9112130	9111580	0.0	985
NC_003071.7:13101810-13102362	NC_003075.7	89.261	568	43	11	1	553	1521257	1521821	0.0	695
NC_003071.7:13101810-13102362	NC_003075.7	88.693	566	46	11	1	551	6115341	6115903	0.0	675
NC_003071.7:13101810-13102362	NC_003075.7	88.339	566	49	12	1	551	5392283	5391720	0.0	664
NC_003071.7:13101810-13102362	NC_003075.7	87.805	574	47	13	2	552	14458283	14457710	0.0	651
NC_003071.7:13101810-13102362	NC_003075.7	87.633	566	54	12	1	552	572759	572196	0.0	643
NC_003071.7:13101810-13102362	NC_003075.7	87.850	535	47	7	1	520	824053	823522	2.89e-174	612
NC_003071.7:13101810-13102362	NC_003075.7	86.949	567	37	11	1	552	15442194	15441650	1.74e-171	603
NC_003071.7:13101810-13102362	NC_003075.7	86.856	563	42	12	1	551	7034793	7034251	6.25e-171	601
NC_003071.7:13101810-13102362	NC_003075.7	89.212	482	37	6	1	468	6660987	6661467	4.87e-167	588
NC_003071.7:13101810-13102362	NC_003075.7	85.813	578	48	19	1	551	12607047	12606477	2.26e-165	582
NC_003071.7:13101810-13102362	NC_003075.7	85.387	568	45	15	1	553	8947760	8947216	4.94e-157	555
NC_003071.7:13101810-13102362	NC_003075.7	84.912	570	52	18	1	553	6340022	6339470	2.97e-154	545
NC_003071.7:13101810-13102362	NC_003075.7	84.331	568	51	14	1	553	12365606	12365062	5.01e-147	521
NC_003071.7:13101810-13102362	NC_003075.7	90.378	291	24	3	260	549	2553660	2553947	3.19e-104	379
NC_003071.7:13101810-13102362	NC_003075.7	87.967	241	21	8	317	551	8899727	8899965	1.20e-73	278
NC_003071.7:13101810-13102362	NC_003075.7	90.431	209	15	5	347	553	6168558	6168353	2.00e-71	270
NC_003071.7:13101810-13102362	NC_003075.7	86.498	237	29	3	317	552	17501973	17502207	1.56e-67	257
NC_003071.7:13101810-13102362	NC_003075.7	86.192	239	25	6	317	551	7231369	7231603	7.25e-66	252
NC_003071.7:13101810-13102362	NC_003075.7	90.751	173	12	3	317	487	8820042	8819872	1.22e-58	228
NC_003071.7:13101810-13102362	NC_003075.7	88.953	172	17	2	383	552	8725249	8725078	1.23e-53	211
NC_003071.7:13101810-13102362	NC_003075.7	92.199	141	7	4	317	456	12699153	12699290	3.45e-49	196
NC_003071.7:13101810-13102362	NC_003075.7	86.550	171	15	4	382	551	964026	963863	9.65e-45	182
NC_003071.7:13101810-13102362	NC_003075.7	87.919	149	17	1	405	553	9146878	9147025	1.62e-42	174
NC_003071.7:13101810-13102362	NC_003075.7	87.692	130	12	3	423	551	8065578	8065704	9.79e-35	148
NC_003071.7:13101810-13102362	NC_003075.7	86.923	130	14	3	423	551	4148055	4148182	4.55e-33	143
NC_003071.7:13101810-13102362	NC_003075.7	86.154	130	14	3	423	551	370914	370788	2.12e-31	137
NC_003071.7:13101810-13102362	NC_003075.7	86.154	130	14	3	423	551	11192401	11192275	2.12e-31	137
NC_003071.7:13101810-13102362	NC_003075.7	85.385	130	15	3	423	551	16863389	16863263	9.86e-30	132
NC_003071.7:13101810-13102362	NC_003075.7	85.385	130	14	4	423	551	684233	684358	3.55e-29	130
NC_003071.7:13101810-13102362	NC_003075.7	93.151	73	3	2	317	388	1100911	1100982	5.98e-22	106
NC_003071.7:13101810-13102362	NC_003075.7	86.458	96	9	3	457	551	14390354	14390262	7.73e-21	102
NC_003071.7:13101810-13102362	NC_003075.7	91.429	70	5	1	317	386	7572220	7572288	1.29e-18	95.3
NC_003071.7:13101810-13102362	NC_003075.7	80.952	84	14	2	1	83	16377874	16377956	1.01e-09	65.8
NC_003071.7:13101810-13102362	NC_003075.7	89.796	49	3	2	504	551	3359187	3359234	1.31e-08	62.1
NC_003071.7:13101810-13102362	NC_003074.8	96.733	551	18	0	1	551	7980633	7980083	0.0	918
NC_003071.7:13101810-13102362	NC_003074.8	89.613	568	42	5	1	552	5865864	5866430	0.0	706
NC_003071.7:13101810-13102362	NC_003074.8	89.437	568	43	7	1	553	10405396	10405961	0.0	701
NC_003071.7:13101810-13102362	NC_003074.8	89.242	567	44	7	1	552	14057124	14057688	0.0	693
NC_003071.7:13101810-13102362	NC_003074.8	88.830	564	46	12	4	552	11091000	11090439	0.0	676
NC_003071.7:13101810-13102362	NC_003074.8	88.388	577	39	12	3	553	6729497	6728923	0.0	669
NC_003071.7:13101810-13102362	NC_003074.8	88.225	569	47	10	1	551	3080591	3080025	0.0	662
NC_003071.7:13101810-13102362	NC_003074.8	88.204	568	46	14	1	553	23085531	23086092	0.0	658
NC_003071.7:13101810-13102362	NC_003074.8	87.435	581	41	12	1	551	10758580	10758002	0.0	640
NC_003071.7:13101810-13102362	NC_003074.8	87.741	571	38	8	1	553	10708625	10709181	0.0	638
NC_003071.7:13101810-13102362	NC_003074.8	87.456	566	54	7	1	551	19436871	19437434	0.0	636
NC_003071.7:13101810-13102362	NC_003074.8	87.456	566	52	9	1	551	16485869	16485308	0.0	634
NC_003071.7:13101810-13102362	NC_003074.8	87.884	553	50	12	13	551	18634492	18633943	0.0	634
NC_003071.7:13101810-13102362	NC_003074.8	87.566	571	40	13	1	553	7766062	7766619	2.22e-180	632
NC_003071.7:13101810-13102362	NC_003074.8	87.040	571	40	10	1	551	16405196	16405752	8.03e-175	614
NC_003071.7:13101810-13102362	NC_003074.8	86.856	563	54	11	7	552	16723678	16723119	2.89e-174	612
NC_003071.7:13101810-13102362	NC_003074.8	86.690	571	45	15	1	552	21552658	21552100	4.83e-172	604
NC_003071.7:13101810-13102362	NC_003074.8	86.749	566	46	14	1	551	17402552	17402001	1.74e-171	603
NC_003071.7:13101810-13102362	NC_003074.8	86.643	569	45	7	1	553	10718345	10717792	6.25e-171	601
NC_003071.7:13101810-13102362	NC_003074.8	86.879	564	39	14	1	551	4584756	4585297	2.25e-170	599
NC_003071.7:13101810-13102362	NC_003074.8	86.224	588	40	19	1	551	19739757	19740340	2.25e-170	599
NC_003071.7:13101810-13102362	NC_003074.8	86.749	566	38	9	1	551	11132202	11132745	2.91e-169	595
NC_003071.7:13101810-13102362	NC_003074.8	85.512	566	46	9	1	551	11315007	11315551	3.82e-158	558
NC_003071.7:13101810-13102362	NC_003074.8	85.478	544	38	9	1	529	423197	422680	2.99e-149	529
NC_003071.7:13101810-13102362	NC_003074.8	87.467	383	33	5	1	369	4579237	4579618	1.12e-118	427
NC_003071.7:13101810-13102362	NC_003074.8	86.719	384	32	13	185	551	15814110	15814491	4.07e-113	409
NC_003071.7:13101810-13102362	NC_003074.8	84.496	387	25	17	184	551	16235030	16234660	2.50e-95	350
NC_003071.7:13101810-13102362	NC_003074.8	91.324	219	15	4	317	533	18171177	18170961	3.30e-79	296
NC_003071.7:13101810-13102362	NC_003074.8	92.271	207	13	3	347	551	20769804	20769599	1.54e-77	291
NC_003071.7:13101810-13102362	NC_003074.8	87.597	258	17	3	295	551	18885867	18885624	7.15e-76	285
NC_003071.7:13101810-13102362	NC_003074.8	88.186	237	23	4	317	551	6940832	6940599	1.20e-73	278
NC_003071.7:13101810-13102362	NC_003074.8	87.866	239	23	6	317	551	11588873	11588637	4.30e-73	276
NC_003071.7:13101810-13102362	NC_003074.8	89.427	227	11	4	317	542	8329280	8329494	1.55e-72	274
NC_003071.7:13101810-13102362	NC_003074.8	87.448	239	24	6	317	551	16678267	16678503	2.00e-71	270
NC_003071.7:13101810-13102362	NC_003074.8	87.029	239	24	7	317	551	10901411	10901646	3.35e-69	263
NC_003071.7:13101810-13102362	NC_003074.8	86.307	241	26	7	317	553	18495382	18495145	5.61e-67	255
NC_003071.7:13101810-13102362	NC_003074.8	87.387	222	19	9	317	532	16534644	16534426	3.37e-64	246
NC_003071.7:13101810-13102362	NC_003074.8	88.542	192	20	2	1	191	15812961	15813151	9.45e-60	231
NC_003071.7:13101810-13102362	NC_003074.8	88.398	181	18	3	376	553	8645161	8645341	9.52e-55	215
NC_003071.7:13101810-13102362	NC_003074.8	90.116	172	8	6	381	551	10681555	10681392	9.52e-55	215
NC_003071.7:13101810-13102362	NC_003074.8	83.333	240	22	5	317	553	16902979	16903203	5.73e-52	206
NC_003071.7:13101810-13102362	NC_003074.8	87.209	172	14	5	381	551	18172438	18172274	5.77e-47	189
NC_003071.7:13101810-13102362	NC_003074.8	90.780	141	11	2	317	456	4468266	4468405	2.07e-46	187
NC_003071.7:13101810-13102362	NC_003074.8	90.840	131	12	0	141	271	18887435	18887305	4.49e-43	176
NC_003071.7:13101810-13102362	NC_003074.8	87.879	132	12	3	423	553	17142573	17142445	7.57e-36	152
NC_003071.7:13101810-13102362	NC_003074.8	88.281	128	11	3	425	551	17061510	17061386	2.72e-35	150
NC_003071.7:13101810-13102362	NC_003074.8	87.692	130	12	3	423	551	13328456	13328582	9.79e-35	148
NC_003071.7:13101810-13102362	NC_003074.8	94.737	95	4	1	1	95	14285453	14285360	3.52e-34	147
NC_003071.7:13101810-13102362	NC_003074.8	87.597	129	12	3	424	551	18019802	18019927	3.52e-34	147
NC_003071.7:13101810-13102362	NC_003074.8	86.822	129	14	3	423	551	17275868	17275743	1.64e-32	141
NC_003071.7:13101810-13102362	NC_003074.8	85.385	130	15	3	423	551	16563461	16563587	9.86e-30	132
NC_003071.7:13101810-13102362	NC_003074.8	84.733	131	16	3	422	551	3966020	3966147	1.28e-28	128
NC_003071.7:13101810-13102362	NC_003074.8	85.039	127	15	3	426	551	1572003	1572126	4.59e-28	126
NC_003071.7:13101810-13102362	NC_003074.8	85.156	128	14	4	426	551	17299274	17299150	4.59e-28	126
NC_003071.7:13101810-13102362	NC_003074.8	83.846	130	17	3	423	551	10574477	10574351	2.13e-26	121
NC_003071.7:13101810-13102362	NC_003074.8	85.000	120	14	4	433	551	10321325	10321441	7.68e-26	119
NC_003071.7:13101810-13102362	NC_003074.8	87.671	73	5	3	340	410	7981814	7981884	1.01e-14	82.4
NC_003071.7:13101810-13102362	NC_003074.8	89.583	48	3	2	506	552	4274975	4274929	4.72e-08	60.2
NC_003071.7:13101810-13102362	NC_003076.8	96.022	553	17	3	1	553	8748925	8749472	0.0	894
NC_003071.7:13101810-13102362	NC_003076.8	96.007	551	20	2	1	551	26787654	26787106	0.0	894
NC_003071.7:13101810-13102362	NC_003076.8	94.918	551	23	4	4	551	6420375	6419827	0.0	857
NC_003071.7:13101810-13102362	NC_003076.8	93.285	551	32	1	1	551	9854346	9854891	0.0	808
NC_003071.7:13101810-13102362	NC_003076.8	92.780	554	22	4	1	553	15580807	15581343	0.0	785
NC_003071.7:13101810-13102362	NC_003076.8	90.283	566	38	12	1	551	17726422	17726985	0.0	725
NC_003071.7:13101810-13102362	NC_003076.8	89.789	568	41	12	1	553	24448812	24449377	0.0	712
NC_003071.7:13101810-13102362	NC_003076.8	88.225	569	47	13	1	551	3566350	3566916	0.0	662
NC_003071.7:13101810-13102362	NC_003076.8	88.204	568	49	8	1	553	5625058	5625622	0.0	662
NC_003071.7:13101810-13102362	NC_003076.8	87.543	578	45	14	1	551	7417331	7417908	0.0	643
NC_003071.7:13101810-13102362	NC_003076.8	87.895	570	38	11	1	551	9558216	9557659	0.0	641
NC_003071.7:13101810-13102362	NC_003076.8	87.522	569	41	10	1	551	13892686	13892130	7.97e-180	630
NC_003071.7:13101810-13102362	NC_003076.8	87.170	569	53	11	1	551	9068735	9068169	2.87e-179	628
NC_003071.7:13101810-13102362	NC_003076.8	87.170	569	53	12	1	553	22621740	22621176	2.87e-179	628
NC_003071.7:13101810-13102362	NC_003076.8	87.346	569	42	10	1	551	16870923	16871479	3.71e-178	625
NC_003071.7:13101810-13102362	NC_003076.8	87.102	566	43	10	1	551	19101558	19102108	8.03e-175	614
NC_003071.7:13101810-13102362	NC_003076.8	86.819	569	43	8	1	551	14810271	14810825	1.34e-172	606
NC_003071.7:13101810-13102362	NC_003076.8	87.102	566	36	12	1	551	17043358	17043901	1.34e-172	606
NC_003071.7:13101810-13102362	NC_003076.8	86.796	568	36	14	1	553	14104208	14103665	8.09e-170	597
NC_003071.7:13101810-13102362	NC_003076.8	85.497	593	44	18	1	552	24117960	24118551	8.15e-165	580
NC_003071.7:13101810-13102362	NC_003076.8	86.018	565	46	15	1	552	7701181	7700637	3.79e-163	575
NC_003071.7:13101810-13102362	NC_003076.8	85.993	564	41	13	1	549	16712851	16713391	1.76e-161	569
NC_003071.7:13101810-13102362	NC_003076.8	87.140	521	38	17	27	520	26015332	26015850	8.20e-160	564
NC_003071.7:13101810-13102362	NC_003076.8	86.133	512	41	16	1	497	22335576	22335080	3.87e-148	525
NC_003071.7:13101810-13102362	NC_003076.8	84.359	569	33	12	1	552	7069989	7070518	1.40e-142	507
NC_003071.7:13101810-13102362	NC_003076.8	88.175	389	32	8	1	375	706997	706609	6.66e-126	451
NC_003071.7:13101810-13102362	NC_003076.8	88.041	393	30	6	3	378	15882295	15882687	2.40e-125	449
NC_003071.7:13101810-13102362	NC_003076.8	86.914	405	37	9	1	390	4936961	4937364	1.44e-122	440
NC_003071.7:13101810-13102362	NC_003076.8	92.657	286	17	4	267	551	6702209	6701927	4.07e-113	409
NC_003071.7:13101810-13102362	NC_003076.8	83.889	360	22	10	210	551	14395374	14395033	1.18e-83	311
NC_003071.7:13101810-13102362	NC_003076.8	83.889	360	22	10	210	551	14454673	14454332	1.18e-83	311
NC_003071.7:13101810-13102362	NC_003076.8	89.344	244	19	7	312	551	14080062	14080302	2.55e-80	300
NC_003071.7:13101810-13102362	NC_003076.8	90.043	231	22	1	1	231	13231669	13231898	9.19e-80	298
NC_003071.7:13101810-13102362	NC_003076.8	88.797	241	21	5	317	553	15162886	15163124	1.54e-77	291
NC_003071.7:13101810-13102362	NC_003076.8	91.388	209	18	0	3	211	14395843	14395635	1.99e-76	287
NC_003071.7:13101810-13102362	NC_003076.8	91.388	209	18	0	3	211	14455142	14454934	1.99e-76	287
NC_003071.7:13101810-13102362	NC_003076.8	88.655	238	12	9	205	428	13678951	13678715	4.30e-73	276
NC_003071.7:13101810-13102362	NC_003076.8	90.521	211	14	6	317	525	5648113	5647907	1.55e-72	274
NC_003071.7:13101810-13102362	NC_003076.8	86.194	268	14	7	287	553	24586813	24587058	7.20e-71	268
NC_003071.7:13101810-13102362	NC_003076.8	89.855	207	18	3	347	551	16030754	16030549	3.35e-69	263
NC_003071.7:13101810-13102362	NC_003076.8	86.722	241	25	7	317	552	7488328	7488090	1.21e-68	261
NC_003071.7:13101810-13102362	NC_003076.8	89.552	201	14	4	67	267	17885905	17885712	9.38e-65	248
NC_003071.7:13101810-13102362	NC_003076.8	87.442	215	26	1	1	215	6702418	6702205	3.37e-64	246
NC_003071.7:13101810-13102362	NC_003076.8	98.519	135	2	0	1	135	20119601	20119735	5.65e-62	239
NC_003071.7:13101810-13102362	NC_003076.8	85.232	237	29	5	317	549	22021624	22021858	5.65e-62	239
NC_003071.7:13101810-13102362	NC_003076.8	84.462	251	22	8	317	551	15031163	15030914	9.45e-60	231
NC_003071.7:13101810-13102362	NC_003076.8	86.574	216	22	7	317	528	15535363	15535151	9.45e-60	231
NC_003071.7:13101810-13102362	NC_003076.8	83.884	242	14	11	317	553	19408597	19408376	1.59e-52	207
NC_003071.7:13101810-13102362	NC_003076.8	88.571	175	12	6	317	487	9867496	9867666	5.73e-52	206
NC_003071.7:13101810-13102362	NC_003076.8	88.506	174	12	5	381	553	10041976	10041810	2.06e-51	204
NC_003071.7:13101810-13102362	NC_003076.8	92.908	141	8	2	317	456	24314283	24314422	2.06e-51	204
NC_003071.7:13101810-13102362	NC_003076.8	87.861	173	17	4	317	487	26893188	26893358	2.66e-50	200
NC_003071.7:13101810-13102362	NC_003076.8	92.143	140	9	2	317	456	17398095	17397958	3.45e-49	196
NC_003071.7:13101810-13102362	NC_003076.8	89.313	131	8	6	423	552	21775911	21775786	4.52e-38	159
NC_003071.7:13101810-13102362	NC_003076.8	88.550	131	10	4	423	552	5428081	5427955	2.10e-36	154
NC_003071.7:13101810-13102362	NC_003076.8	79.399	233	32	7	318	549	8671466	8671683	2.72e-35	150
NC_003071.7:13101810-13102362	NC_003076.8	87.023	131	13	3	424	553	7153309	7153182	1.27e-33	145
NC_003071.7:13101810-13102362	NC_003076.8	86.923	130	12	4	423	551	4314741	4314866	1.64e-32	141
NC_003071.7:13101810-13102362	NC_003076.8	86.822	129	14	3	423	551	17796263	17796138	1.64e-32	141
NC_003071.7:13101810-13102362	NC_003076.8	86.719	128	13	3	423	549	24185951	24185827	5.89e-32	139
NC_003071.7:13101810-13102362	NC_003076.8	86.154	130	14	3	423	551	15042260	15042134	2.12e-31	137
NC_003071.7:13101810-13102362	NC_003076.8	86.154	130	14	3	423	551	15604795	15604669	2.12e-31	137
NC_003071.7:13101810-13102362	NC_003076.8	86.154	130	14	3	423	551	24475417	24475291	2.12e-31	137
NC_003071.7:13101810-13102362	NC_003076.8	85.606	132	13	5	423	553	8744749	8744623	2.74e-30	134
NC_003071.7:13101810-13102362	NC_003076.8	85.606	132	13	6	425	551	25265207	25265337	2.74e-30	134
NC_003071.7:13101810-13102362	NC_003076.8	86.290	124	13	3	429	551	14143814	14143694	9.86e-30	132
NC_003071.7:13101810-13102362	NC_003076.8	85.271	129	16	3	423	551	16358419	16358544	3.55e-29	130
NC_003071.7:13101810-13102362	NC_003076.8	90.426	94	8	1	1	93	11416084	11416177	5.93e-27	122
NC_003071.7:13101810-13102362	NC_003076.8	83.846	130	17	3	423	551	10715496	10715622	2.13e-26	121
NC_003071.7:13101810-13102362	NC_003076.8	79.894	189	17	10	334	520	17247876	17247707	7.68e-26	119
NC_003071.7:13101810-13102362	NC_003076.8	89.655	87	6	3	466	551	15882682	15882766	1.66e-22	108
NC_003071.7:13101810-13102362	NC_003070.9	95.463	551	23	1	1	551	10021962	10021414	0.0	878
NC_003071.7:13101810-13102362	NC_003070.9	94.555	551	29	1	1	551	19769024	19769573	0.0	850
NC_003071.7:13101810-13102362	NC_003070.9	93.829	551	34	0	1	551	11804094	11803544	0.0	830
NC_003071.7:13101810-13102362	NC_003070.9	92.015	551	44	0	1	551	28891930	28891380	0.0	774
NC_003071.7:13101810-13102362	NC_003070.9	90.364	550	33	12	20	551	25779690	25780237	0.0	704
NC_003071.7:13101810-13102362	NC_003070.9	89.399	566	42	13	1	551	23125693	23125131	0.0	697
NC_003071.7:13101810-13102362	NC_003070.9	88.928	569	44	12	1	553	5862949	5863514	0.0	684
NC_003071.7:13101810-13102362	NC_003070.9	89.046	566	43	9	1	551	12097456	12098017	0.0	684
NC_003071.7:13101810-13102362	NC_003070.9	88.401	569	47	11	1	551	13495989	13495422	0.0	667
NC_003071.7:13101810-13102362	NC_003070.9	88.183	567	50	9	1	551	21739641	21739076	0.0	660
NC_003071.7:13101810-13102362	NC_003070.9	88.042	577	42	12	2	551	17502231	17502807	0.0	658
NC_003071.7:13101810-13102362	NC_003070.9	88.669	556	33	17	1	529	6219140	6218588	0.0	651
NC_003071.7:13101810-13102362	NC_003070.9	87.916	571	38	13	1	553	26880721	26881278	0.0	643
NC_003071.7:13101810-13102362	NC_003070.9	87.986	566	37	11	1	551	5899755	5899206	0.0	640
NC_003071.7:13101810-13102362	NC_003070.9	87.698	569	44	15	1	553	26511226	26510668	0.0	640
NC_003071.7:13101810-13102362	NC_003070.9	87.809	566	39	13	1	551	21918434	21918984	0.0	636
NC_003071.7:13101810-13102362	NC_003070.9	87.676	568	40	11	1	553	4770665	4770113	0.0	634
NC_003071.7:13101810-13102362	NC_003070.9	87.544	570	39	11	1	551	27240719	27241275	7.97e-180	630
NC_003071.7:13101810-13102362	NC_003070.9	87.788	565	36	11	1	552	29244142	29244686	7.97e-180	630
NC_003071.7:13101810-13102362	NC_003070.9	86.851	578	43	18	1	551	13869873	13870444	2.23e-175	616
NC_003071.7:13101810-13102362	NC_003070.9	87.234	564	41	10	1	551	22192007	22192552	8.03e-175	614
NC_003071.7:13101810-13102362	NC_003070.9	86.842	570	43	15	1	552	16401003	16400448	3.74e-173	608
NC_003071.7:13101810-13102362	NC_003070.9	86.620	568	45	9	1	552	20205905	20205353	2.25e-170	599
NC_003071.7:13101810-13102362	NC_003070.9	86.467	569	45	8	1	551	540987	540433	2.91e-169	595
NC_003071.7:13101810-13102362	NC_003070.9	86.316	570	47	12	1	553	11732352	11732907	3.76e-168	592
NC_003071.7:13101810-13102362	NC_003070.9	85.689	573	46	15	1	553	10591982	10591426	4.90e-162	571
NC_003071.7:13101810-13102362	NC_003070.9	85.211	568	63	13	1	551	13811466	13810903	8.20e-160	564
NC_003071.7:13101810-13102362	NC_003070.9	87.302	504	32	12	62	549	10930983	10931470	8.26e-155	547
NC_003071.7:13101810-13102362	NC_003070.9	85.607	535	57	9	1	519	588027	587497	1.07e-153	544
NC_003071.7:13101810-13102362	NC_003070.9	85.294	544	60	13	1	528	4582998	4583537	1.07e-153	544
NC_003071.7:13101810-13102362	NC_003070.9	85.741	540	39	15	4	529	2986889	2986374	1.79e-151	536
NC_003071.7:13101810-13102362	NC_003070.9	84.929	564	39	17	1	549	10853200	10852668	2.99e-149	529
NC_003071.7:13101810-13102362	NC_003070.9	83.888	571	47	11	1	551	24645519	24646064	1.81e-141	503
NC_003071.7:13101810-13102362	NC_003070.9	86.986	438	42	8	2	424	2587832	2587395	3.06e-134	479
NC_003071.7:13101810-13102362	NC_003070.9	82.699	578	60	26	1	551	24718474	24719038	1.10e-133	477
NC_003071.7:13101810-13102362	NC_003070.9	91.632	239	15	5	317	553	21615530	21615295	4.21e-88	326
NC_003071.7:13101810-13102362	NC_003070.9	89.362	235	23	2	317	549	8622992	8622758	1.19e-78	294
NC_003071.7:13101810-13102362	NC_003070.9	88.703	239	18	7	317	551	696707	696474	2.57e-75	283
NC_003071.7:13101810-13102362	NC_003070.9	88.285	239	22	6	317	551	10579905	10580141	9.25e-75	281
NC_003071.7:13101810-13102362	NC_003070.9	88.285	239	20	8	317	551	21128636	21128870	3.33e-74	279
NC_003071.7:13101810-13102362	NC_003070.9	87.917	240	23	6	317	552	11669593	11669356	1.20e-73	278
NC_003071.7:13101810-13102362	NC_003070.9	88.362	232	25	2	1	231	12240505	12240735	1.20e-73	278
NC_003071.7:13101810-13102362	NC_003070.9	90.821	207	16	3	347	551	9384365	9384160	1.55e-72	274
NC_003071.7:13101810-13102362	NC_003070.9	90.821	207	16	3	347	551	18300475	18300270	1.55e-72	274
NC_003071.7:13101810-13102362	NC_003070.9	87.879	231	28	0	1	231	13313923	13313693	5.57e-72	272
NC_003071.7:13101810-13102362	NC_003070.9	87.449	247	15	6	307	551	2473131	2472899	2.00e-71	270
NC_003071.7:13101810-13102362	NC_003070.9	90.385	208	16	4	347	552	8539559	8539764	2.00e-71	270
NC_003071.7:13101810-13102362	NC_003070.9	87.190	242	21	9	317	553	20166905	20166669	2.59e-70	267
NC_003071.7:13101810-13102362	NC_003070.9	87.029	239	24	6	317	551	9418298	9418063	3.35e-69	263
NC_003071.7:13101810-13102362	NC_003070.9	87.444	223	22	6	317	535	3762754	3762974	7.25e-66	252
NC_003071.7:13101810-13102362	NC_003070.9	86.134	238	19	5	317	553	3251256	3251480	1.21e-63	244
NC_003071.7:13101810-13102362	NC_003070.9	89.535	172	16	2	381	551	14012982	14012812	2.65e-55	217
NC_003071.7:13101810-13102362	NC_003070.9	88.439	173	19	1	1	173	2473307	2473136	1.59e-52	207
NC_003071.7:13101810-13102362	NC_003070.9	90.909	154	13	1	400	552	21336375	21336528	5.73e-52	206
NC_003071.7:13101810-13102362	NC_003070.9	88.439	173	12	4	381	552	16858796	16858631	7.41e-51	202
NC_003071.7:13101810-13102362	NC_003070.9	83.544	237	13	12	317	551	29774473	29774261	9.58e-50	198
NC_003071.7:13101810-13102362	NC_003070.9	87.283	173	19	3	381	551	9918624	9918453	1.24e-48	195
NC_003071.7:13101810-13102362	NC_003070.9	86.982	169	14	5	382	549	26307342	26307503	2.68e-45	183
NC_003071.7:13101810-13102362	NC_003070.9	80.753	239	30	13	317	552	5437136	5436911	5.81e-42	172
NC_003071.7:13101810-13102362	NC_003070.9	84.091	176	14	7	392	553	2587386	2587211	1.63e-37	158
NC_003071.7:13101810-13102362	NC_003070.9	89.062	128	10	3	425	551	12562353	12562229	5.85e-37	156
NC_003071.7:13101810-13102362	NC_003070.9	87.500	128	12	3	425	551	16327179	16327303	1.27e-33	145
NC_003071.7:13101810-13102362	NC_003070.9	87.500	128	12	3	425	551	16826246	16826370	1.27e-33	145
NC_003071.7:13101810-13102362	NC_003070.9	87.500	128	12	3	425	551	19465214	19465090	1.27e-33	145
NC_003071.7:13101810-13102362	NC_003070.9	87.023	131	14	3	423	553	23553916	23553789	1.27e-33	145
NC_003071.7:13101810-13102362	NC_003070.9	86.822	129	14	3	423	551	8489539	8489414	1.64e-32	141
NC_003071.7:13101810-13102362	NC_003070.9	86.822	129	14	3	423	551	22451880	22452005	1.64e-32	141
NC_003071.7:13101810-13102362	NC_003070.9	86.154	130	14	3	423	551	19064466	19064592	2.12e-31	137
NC_003071.7:13101810-13102362	NC_003070.9	86.508	126	14	2	428	553	13015971	13015849	7.62e-31	135
NC_003071.7:13101810-13102362	NC_003070.9	85.606	132	15	3	423	553	19768116	19767988	7.62e-31	135
NC_003071.7:13101810-13102362	NC_003070.9	85.385	130	15	3	423	551	7037164	7037290	9.86e-30	132
NC_003071.7:13101810-13102362	NC_003070.9	85.496	131	13	5	423	552	11701603	11701728	9.86e-30	132
NC_003071.7:13101810-13102362	NC_003070.9	85.496	131	14	4	422	551	14308890	14308764	9.86e-30	132
NC_003071.7:13101810-13102362	NC_003070.9	85.385	130	15	3	423	551	18792738	18792864	9.86e-30	132
NC_003071.7:13101810-13102362	NC_003070.9	85.938	128	13	4	426	551	22620714	22620590	9.86e-30	132
NC_003071.7:13101810-13102362	NC_003070.9	85.938	128	13	4	426	551	30251102	30250978	9.86e-30	132
NC_003071.7:13101810-13102362	NC_003070.9	85.156	128	14	4	426	551	12328051	12327927	4.59e-28	126
NC_003071.7:13101810-13102362	NC_003070.9	85.156	128	14	4	426	551	22992056	22991932	4.59e-28	126
NC_003071.7:13101810-13102362	NC_003070.9	85.039	127	16	3	425	551	25962588	25962465	4.59e-28	126
NC_003071.7:13101810-13102362	NC_003070.9	77.027	222	31	9	330	549	21602156	21601953	4.62e-23	110
NC_003071.7:13101810-13102362	NC_003070.9	100.000	28	0	0	524	551	21103382	21103355	7.90e-06	52.8
