NC_003071.7:13335824-13338077	NC_003071.7	100.000	2254	0	0	1	2254	13338077	13335824	0.0	4163
NC_003071.7:13335824-13338077	NC_003071.7	95.004	1381	59	9	1	1374	499985	501362	0.0	2159
NC_003071.7:13335824-13338077	NC_003071.7	95.000	1380	50	9	1	1374	707442	708808	0.0	2148
NC_003071.7:13335824-13338077	NC_003071.7	97.015	1273	34	4	104	1374	396551	395281	0.0	2137
NC_003071.7:13335824-13338077	NC_003071.7	94.649	1383	60	10	1	1374	17255233	17253856	0.0	2132
NC_003071.7:13335824-13338077	NC_003071.7	94.344	1379	52	16	1	1374	13908721	13907364	0.0	2091
NC_003071.7:13335824-13338077	NC_003071.7	93.376	1404	58	12	1	1374	11287161	11285763	0.0	2045
NC_003071.7:13335824-13338077	NC_003071.7	92.862	1401	67	9	1	1372	13266915	13268311	0.0	2002
NC_003071.7:13335824-13338077	NC_003071.7	92.335	1409	69	20	1	1374	12800994	12802398	0.0	1967
NC_003071.7:13335824-13338077	NC_003071.7	93.030	1363	63	10	1	1333	6925377	6924017	0.0	1962
NC_003071.7:13335824-13338077	NC_003071.7	92.441	1389	63	12	1	1374	12094425	12093064	0.0	1945
NC_003071.7:13335824-13338077	NC_003071.7	94.869	1033	50	3	1	1031	7154736	7153705	0.0	1611
NC_003071.7:13335824-13338077	NC_003071.7	96.372	882	30	2	1374	2254	395465	394585	0.0	1450
NC_003071.7:13335824-13338077	NC_003071.7	95.588	884	35	4	1374	2254	501178	502060	0.0	1413
NC_003071.7:13335824-13338077	NC_003071.7	95.125	882	38	5	1374	2252	13907548	13906669	0.0	1386
NC_003071.7:13335824-13338077	NC_003071.7	94.325	881	41	8	1378	2254	6663246	6664121	0.0	1341
NC_003071.7:13335824-13338077	NC_003071.7	94.005	884	49	4	1374	2254	17254040	17253158	0.0	1336
NC_003071.7:13335824-13338077	NC_003071.7	94.005	884	48	5	1374	2254	12802213	12803094	0.0	1334
NC_003071.7:13335824-13338077	NC_003071.7	93.213	884	54	6	1374	2254	7814282	7813402	0.0	1295
NC_003071.7:13335824-13338077	NC_003071.7	93.664	868	50	5	1375	2241	6803518	6804381	0.0	1293
NC_003071.7:13335824-13338077	NC_003071.7	92.986	884	52	8	1374	2254	13268129	13269005	0.0	1280
NC_003071.7:13335824-13338077	NC_003071.7	94.041	839	48	2	1379	2216	12093244	12092407	0.0	1271
NC_003071.7:13335824-13338077	NC_003071.7	92.881	885	44	5	1374	2254	543296	544165	0.0	1267
NC_003071.7:13335824-13338077	NC_003071.7	92.849	881	45	11	1378	2254	6924157	6923291	0.0	1262
NC_003071.7:13335824-13338077	NC_003071.7	92.195	884	63	5	1374	2254	7169110	7168230	0.0	1245
NC_003071.7:13335824-13338077	NC_003071.7	92.512	868	51	9	1396	2254	7960700	7961562	0.0	1230
NC_003071.7:13335824-13338077	NC_003071.7	92.177	882	43	11	1	859	14333785	14334663	0.0	1223
NC_003071.7:13335824-13338077	NC_003071.7	92.415	857	49	11	1374	2228	14334772	14335614	0.0	1208
NC_003071.7:13335824-13338077	NC_003071.7	94.177	790	40	5	1468	2254	6101018	6100232	0.0	1199
NC_003071.7:13335824-13338077	NC_003071.7	93.924	790	42	5	1468	2254	7112142	7112928	0.0	1188
NC_003071.7:13335824-13338077	NC_003071.7	92.544	845	36	9	1	823	542308	543147	0.0	1186
NC_003071.7:13335824-13338077	NC_003071.7	96.439	674	18	6	1582	2252	709401	710071	0.0	1107
NC_003071.7:13335824-13338077	NC_003071.7	95.342	687	29	2	1374	2058	11285947	11285262	0.0	1088
NC_003071.7:13335824-13338077	NC_003071.7	92.160	727	49	7	1531	2254	3213046	3212325	0.0	1020
NC_003071.7:13335824-13338077	NC_003071.7	91.238	719	42	5	232	933	12556070	12555356	0.0	959
NC_003071.7:13335824-13338077	NC_003071.7	90.251	718	47	7	232	931	1460789	1460077	0.0	917
NC_003071.7:13335824-13338077	NC_003071.7	90.368	706	46	6	245	933	5466870	5466170	0.0	907
NC_003071.7:13335824-13338077	NC_003071.7	90.435	690	43	7	240	911	10468943	10468259	0.0	887
NC_003071.7:13335824-13338077	NC_003071.7	89.474	646	48	4	232	860	19196621	19195979	0.0	798
NC_003071.7:13335824-13338077	NC_003071.7	88.180	643	49	19	231	868	11399241	11398621	0.0	741
NC_003071.7:13335824-13338077	NC_003071.7	90.189	581	34	8	225	789	6099659	6100232	0.0	736
NC_003071.7:13335824-13338077	NC_003071.7	93.246	459	27	3	1656	2112	3564666	3565122	0.0	673
NC_003071.7:13335824-13338077	NC_003071.7	92.952	454	24	8	926	1374	7814550	7814100	0.0	654
NC_003071.7:13335824-13338077	NC_003071.7	89.009	464	38	7	926	1378	7169383	7168922	1.25e-158	562
NC_003071.7:13335824-13338077	NC_003071.7	93.252	326	19	3	1052	1374	6663102	6663427	4.65e-133	477
NC_003071.7:13335824-13338077	NC_003071.7	96.503	286	9	1	1468	1753	4024560	4024844	2.16e-131	472
NC_003071.7:13335824-13338077	NC_003071.7	94.314	299	13	4	1075	1371	14334657	14334953	2.18e-126	455
NC_003071.7:13335824-13338077	NC_003071.7	92.834	307	16	4	1070	1371	543172	543477	6.10e-122	440
NC_003071.7:13335824-13338077	NC_003071.7	93.046	302	19	2	1468	1768	980259	979959	6.10e-122	440
NC_003071.7:13335824-13338077	NC_003071.7	93.885	278	15	2	1098	1374	6803425	6803701	2.86e-115	418
NC_003071.7:13335824-13338077	NC_003071.7	91.844	282	20	3	1974	2254	2962573	2962294	6.23e-107	390
NC_003071.7:13335824-13338077	NC_003071.7	93.774	257	14	2	1969	2224	3565123	3565378	2.90e-105	385
NC_003071.7:13335824-13338077	NC_003071.7	97.235	217	6	0	1374	1590	708624	708840	2.92e-100	368
NC_003071.7:13335824-13338077	NC_003071.7	91.892	259	16	5	1	255	11399377	11399120	6.31e-97	357
NC_003071.7:13335824-13338077	NC_003071.7	91.506	259	15	7	1	254	1460925	1460669	1.06e-94	350
NC_003071.7:13335824-13338077	NC_003071.7	92.032	251	17	2	232	481	5843838	5843590	1.06e-94	350
NC_003071.7:13335824-13338077	NC_003071.7	91.538	260	13	8	1	255	6099530	6099785	1.06e-94	350
NC_003071.7:13335824-13338077	NC_003071.7	90.769	260	17	7	1	255	19196757	19196500	6.36e-92	340
NC_003071.7:13335824-13338077	NC_003071.7	90.385	260	19	6	1	255	6084090	6084348	8.23e-91	337
NC_003071.7:13335824-13338077	NC_003071.7	90.726	248	14	8	13	255	5843961	5843718	2.30e-86	322
NC_003071.7:13335824-13338077	NC_003071.7	92.444	225	16	1	236	460	6383918	6383695	8.28e-86	320
NC_003071.7:13335824-13338077	NC_003071.7	97.838	185	4	0	1190	1374	13336704	13336520	8.28e-86	320
NC_003071.7:13335824-13338077	NC_003071.7	97.838	185	4	0	1374	1558	13336888	13336704	8.28e-86	320
NC_003071.7:13335824-13338077	NC_003071.7	89.535	258	18	7	1	254	6384054	6383802	2.98e-85	318
NC_003071.7:13335824-13338077	NC_003071.7	91.880	234	7	5	951	1174	7959959	7960190	1.07e-84	316
NC_003071.7:13335824-13338077	NC_003071.7	90.909	198	8	3	926	1113	4024343	4024540	6.59e-67	257
NC_003071.7:13335824-13338077	NC_003071.7	90.909	198	8	4	926	1113	7111925	7112122	6.59e-67	257
NC_003071.7:13335824-13338077	NC_003071.7	85.328	259	18	8	1	255	5467004	5466762	1.10e-64	250
NC_003071.7:13335824-13338077	NC_003071.7	89.899	198	10	3	926	1113	980475	980278	1.43e-63	246
NC_003071.7:13335824-13338077	NC_003071.7	91.351	185	5	4	946	1121	6101214	6101032	1.84e-62	243
NC_003071.7:13335824-13338077	NC_003071.7	92.638	163	11	1	1212	1374	7960700	7960861	1.11e-59	233
NC_003071.7:13335824-13338077	NC_003071.7	93.125	160	8	3	776	933	6101360	6101518	3.99e-59	231
NC_003071.7:13335824-13338077	NC_003071.7	90.840	131	11	1	926	1055	3564523	3564653	6.83e-42	174
NC_003071.7:13335824-13338077	NC_003071.7	94.690	113	5	1	2	114	6101375	6101264	6.83e-42	174
NC_003071.7:13335824-13338077	NC_003071.7	87.097	155	15	5	922	1074	3213216	3213065	8.83e-41	171
NC_003071.7:13335824-13338077	NC_003071.7	91.525	118	10	0	929	1046	6661107	6661224	1.48e-38	163
NC_003071.7:13335824-13338077	NC_003071.7	95.699	93	4	0	1282	1374	4024558	4024650	1.15e-34	150
NC_003071.7:13335824-13338077	NC_003071.7	94.624	93	5	0	1282	1374	7112140	7112232	5.35e-33	145
NC_003071.7:13335824-13338077	NC_003071.7	92.473	93	7	0	1282	1374	980261	980169	1.16e-29	134
NC_003071.7:13335824-13338077	NC_003071.7	90.323	93	8	1	926	1017	2962663	2962571	9.02e-26	121
NC_003071.7:13335824-13338077	NC_003071.7	88.350	103	9	3	1	102	7814691	7814591	9.02e-26	121
NC_003071.7:13335824-13338077	NC_003071.7	92.593	81	6	0	1	81	980617	980537	1.17e-24	117
NC_003071.7:13335824-13338077	NC_003071.7	92.593	81	6	0	1	81	3213354	3213274	1.17e-24	117
NC_003071.7:13335824-13338077	NC_003071.7	92.593	81	5	1	1	81	7111784	7111863	4.20e-24	115
NC_003071.7:13335824-13338077	NC_003071.7	88.660	97	6	5	1	95	2962805	2962712	1.51e-23	113
NC_003071.7:13335824-13338077	NC_003071.7	90.588	85	6	2	1	85	3564382	3564464	5.43e-23	111
NC_003071.7:13335824-13338077	NC_003071.7	91.358	81	7	0	1	81	4024201	4024281	5.43e-23	111
NC_003071.7:13335824-13338077	NC_003071.7	92.308	78	4	2	1	77	7169524	7169448	1.95e-22	110
NC_003071.7:13335824-13338077	NC_003071.7	94.203	69	4	0	26	94	12555280	12555212	2.53e-21	106
NC_003071.7:13335824-13338077	NC_003071.7	92.308	65	5	0	17	81	7959807	7959871	1.97e-17	93.5
NC_003071.7:13335824-13338077	NC_003071.7	91.071	56	5	0	934	989	6101269	6101214	1.98e-12	76.8
NC_003071.7:13335824-13338077	NC_003075.7	97.244	1379	32	6	1	1374	11360870	11362247	0.0	2331
NC_003071.7:13335824-13338077	NC_003075.7	95.018	1385	56	11	1	1378	5541389	5540011	0.0	2163
NC_003071.7:13335824-13338077	NC_003075.7	94.855	1380	61	9	1	1374	1349585	1350960	0.0	2146
NC_003071.7:13335824-13338077	NC_003075.7	94.340	1378	54	9	1	1374	4146126	4147483	0.0	2091
NC_003071.7:13335824-13338077	NC_003075.7	94.207	1381	51	19	1	1374	8730453	8729095	0.0	2080
NC_003071.7:13335824-13338077	NC_003075.7	93.076	1401	62	10	1	1372	1002007	1000613	0.0	2017
NC_003071.7:13335824-13338077	NC_003075.7	92.933	1316	53	16	89	1372	8063697	8065004	0.0	1879
NC_003071.7:13335824-13338077	NC_003075.7	92.919	1271	55	11	1	1241	10397385	10396120	0.0	1816
NC_003071.7:13335824-13338077	NC_003075.7	97.282	883	22	2	1374	2254	11362063	11362945	0.0	1496
NC_003071.7:13335824-13338077	NC_003075.7	95.357	883	37	4	1374	2254	1350776	1351656	0.0	1400
NC_003071.7:13335824-13338077	NC_003075.7	95.330	878	34	7	1380	2254	8729274	8728401	0.0	1387
NC_003071.7:13335824-13338077	NC_003075.7	94.881	879	40	5	1379	2254	11193151	11192275	0.0	1369
NC_003071.7:13335824-13338077	NC_003075.7	94.576	885	42	4	1374	2254	5540199	5539317	0.0	1363
NC_003071.7:13335824-13338077	NC_003075.7	94.576	885	43	5	1374	2254	8064821	8065704	0.0	1363
NC_003071.7:13335824-13338077	NC_003075.7	94.457	884	45	3	1374	2254	16864145	16863263	0.0	1358
NC_003071.7:13335824-13338077	NC_003075.7	93.394	878	48	6	1378	2252	1000792	999922	0.0	1291
NC_003071.7:13335824-13338077	NC_003075.7	92.978	883	59	3	1374	2254	371669	370788	0.0	1284
NC_003071.7:13335824-13338077	NC_003075.7	95.068	811	34	6	1	809	16865070	16864264	0.0	1271
NC_003071.7:13335824-13338077	NC_003075.7	92.664	886	47	8	1374	2254	4147310	4148182	0.0	1260
NC_003071.7:13335824-13338077	NC_003075.7	92.090	885	63	7	1374	2254	6166047	6165166	0.0	1240
NC_003071.7:13335824-13338077	NC_003075.7	94.304	790	39	5	1468	2254	683572	684358	0.0	1205
NC_003071.7:13335824-13338077	NC_003075.7	94.301	772	39	4	1487	2254	10396119	10395349	0.0	1177
NC_003071.7:13335824-13338077	NC_003075.7	92.376	787	38	10	1	769	9763814	9763032	0.0	1101
NC_003071.7:13335824-13338077	NC_003075.7	92.005	788	39	11	1	769	9842608	9841826	0.0	1085
NC_003071.7:13335824-13338077	NC_003075.7	87.150	965	89	17	1	944	2622006	2621056	0.0	1062
NC_003071.7:13335824-13338077	NC_003075.7	93.760	657	39	2	1409	2064	965061	964406	0.0	985
NC_003071.7:13335824-13338077	NC_003075.7	90.577	711	44	10	232	925	314146	313442	0.0	920
NC_003071.7:13335824-13338077	NC_003075.7	90.166	722	42	11	232	933	7060561	7059849	0.0	913
NC_003071.7:13335824-13338077	NC_003075.7	89.655	696	48	12	245	921	9438920	9439610	0.0	865
NC_003071.7:13335824-13338077	NC_003075.7	90.772	531	36	10	1728	2254	14390783	14390262	0.0	697
NC_003071.7:13335824-13338077	NC_003075.7	92.609	460	21	6	926	1374	11193428	11192971	0.0	649
NC_003071.7:13335824-13338077	NC_003075.7	91.739	460	26	5	926	1374	6166322	6165864	1.21e-178	628
NC_003071.7:13335824-13338077	NC_003075.7	91.441	444	28	4	941	1374	371928	371485	2.64e-170	601
NC_003071.7:13335824-13338077	NC_003075.7	94.906	373	8	4	1855	2226	7853284	7852922	5.76e-162	573
NC_003071.7:13335824-13338077	NC_003075.7	90.843	415	30	8	231	642	6279132	6279541	9.71e-155	549
NC_003071.7:13335824-13338077	NC_003075.7	95.114	307	10	4	1070	1374	16864264	16863961	1.29e-133	479
NC_003071.7:13335824-13338077	NC_003075.7	98.024	253	4	1	1	252	7853533	7853281	2.19e-121	438
NC_003071.7:13335824-13338077	NC_003075.7	91.615	322	15	6	929	1240	965653	965334	2.84e-120	435
NC_003071.7:13335824-13338077	NC_003075.7	91.051	257	22	1	640	896	3893999	3893744	1.37e-93	346
NC_003071.7:13335824-13338077	NC_003075.7	77.266	673	99	35	1573	2233	7572217	7572847	1.37e-93	346
NC_003071.7:13335824-13338077	NC_003075.7	90.385	260	17	8	1	255	6178448	6178704	2.96e-90	335
NC_003071.7:13335824-13338077	NC_003075.7	91.165	249	15	6	1	245	5354114	5354359	3.83e-89	331
NC_003071.7:13335824-13338077	NC_003075.7	88.846	260	18	10	1	255	7060698	7060445	1.79e-82	309
NC_003071.7:13335824-13338077	NC_003075.7	90.393	229	17	5	2029	2254	8802511	8802737	1.40e-78	296
NC_003071.7:13335824-13338077	NC_003075.7	77.451	510	78	25	1672	2170	7593705	7593222	8.46e-71	270
NC_003071.7:13335824-13338077	NC_003075.7	86.486	259	16	7	1	255	314269	314026	1.09e-69	267
NC_003071.7:13335824-13338077	NC_003075.7	89.899	198	10	3	926	1113	683355	683552	1.43e-63	246
NC_003071.7:13335824-13338077	NC_003075.7	90.761	184	10	6	1	183	8063577	8063754	2.39e-61	239
NC_003071.7:13335824-13338077	NC_003075.7	84.496	258	14	8	1	255	6279022	6279256	3.99e-59	231
NC_003071.7:13335824-13338077	NC_003075.7	91.250	160	10	3	225	382	5353880	5354037	4.02e-54	215
NC_003071.7:13335824-13338077	NC_003075.7	92.053	151	11	1	232	382	5354614	5354763	5.20e-53	211
NC_003071.7:13335824-13338077	NC_003075.7	87.791	172	20	1	770	940	5773070	5773241	1.13e-49	200
NC_003071.7:13335824-13338077	NC_003075.7	75.107	466	84	20	1764	2221	2262877	2262436	2.44e-46	189
NC_003071.7:13335824-13338077	NC_003075.7	76.897	290	58	9	1969	2254	12335546	12335830	2.47e-36	156
NC_003071.7:13335824-13338077	NC_003075.7	94.681	94	5	0	691	784	6280372	6280465	1.49e-33	147
NC_003071.7:13335824-13338077	NC_003075.7	93.617	94	6	0	1282	1375	683570	683663	6.92e-32	141
NC_003071.7:13335824-13338077	NC_003075.7	91.579	95	6	1	1656	1748	8802411	8802505	1.50e-28	130
NC_003071.7:13335824-13338077	NC_003075.7	92.683	82	4	2	1	81	2520884	2520964	1.17e-24	117
NC_003071.7:13335824-13338077	NC_003075.7	91.358	81	7	0	1	81	14390988	14390908	5.43e-23	111
NC_003071.7:13335824-13338077	NC_003075.7	90.123	81	8	0	1	81	372086	372006	2.53e-21	106
NC_003071.7:13335824-13338077	NC_003075.7	96.154	52	2	0	1374	1425	10396171	10396120	3.29e-15	86.1
NC_003071.7:13335824-13338077	NC_003075.7	74.400	250	37	22	252	485	9566265	9566027	4.26e-14	82.4
NC_003071.7:13335824-13338077	NC_003075.7	92.157	51	4	0	1374	1424	965384	965334	2.56e-11	73.1
NC_003071.7:13335824-13338077	NC_003075.7	89.655	58	5	1	926	982	14390847	14390790	2.56e-11	73.1
NC_003071.7:13335824-13338077	NC_003076.8	97.498	1359	32	2	18	1374	17775746	17777104	0.0	2320
NC_003071.7:13335824-13338077	NC_003076.8	96.732	1377	38	6	1	1374	16356475	16357847	0.0	2287
NC_003071.7:13335824-13338077	NC_003076.8	95.646	1378	52	7	1	1374	9965017	9963644	0.0	2206
NC_003071.7:13335824-13338077	NC_003076.8	94.848	1378	63	8	1	1374	14082835	14081462	0.0	2145
NC_003071.7:13335824-13338077	NC_003076.8	94.593	1387	58	11	1	1374	8746701	8745319	0.0	2130
NC_003071.7:13335824-13338077	NC_003076.8	93.909	1379	73	11	1	1374	1898645	1897273	0.0	2071
NC_003071.7:13335824-13338077	NC_003076.8	93.719	1401	57	8	1	1372	8765709	8767107	0.0	2071
NC_003071.7:13335824-13338077	NC_003076.8	94.651	1346	52	9	1	1334	20281984	20280647	0.0	2069
NC_003071.7:13335824-13338077	NC_003076.8	93.145	1415	57	14	1	1384	20682406	20681001	0.0	2039
NC_003071.7:13335824-13338077	NC_003076.8	93.000	1400	63	13	1	1368	17365025	17366421	0.0	2010
NC_003071.7:13335824-13338077	NC_003076.8	92.837	1410	60	10	2	1372	5430061	5428654	0.0	2006
NC_003071.7:13335824-13338077	NC_003076.8	92.883	1405	63	14	1	1371	19742617	19741216	0.0	2006
NC_003071.7:13335824-13338077	NC_003076.8	93.759	1346	64	9	1	1334	9590410	9591747	0.0	2002
NC_003071.7:13335824-13338077	NC_003076.8	92.791	1401	62	10	1	1372	14151294	14149904	0.0	1991
NC_003071.7:13335824-13338077	NC_003076.8	92.363	1388	65	13	16	1372	24187899	24186522	0.0	1938
NC_003071.7:13335824-13338077	NC_003076.8	93.243	1332	58	21	1	1309	9559507	9558185	0.0	1932
NC_003071.7:13335824-13338077	NC_003076.8	96.387	1107	36	4	1	1104	15606601	15605496	0.0	1820
NC_003071.7:13335824-13338077	NC_003076.8	92.631	1262	57	20	1	1241	4782228	4780982	0.0	1783
NC_003071.7:13335824-13338077	NC_003076.8	93.919	1184	56	10	140	1311	4312671	4313850	0.0	1773
NC_003071.7:13335824-13338077	NC_003076.8	95.340	1073	38	5	52	1113	17618634	17617563	0.0	1694
NC_003071.7:13335824-13338077	NC_003076.8	90.993	1188	57	12	1	1155	11025336	11026506	0.0	1555
NC_003071.7:13335824-13338077	NC_003076.8	96.939	882	26	1	1374	2254	16357663	16358544	0.0	1478
NC_003071.7:13335824-13338077	NC_003076.8	96.602	883	28	2	1374	2254	17776920	17777802	0.0	1463
NC_003071.7:13335824-13338077	NC_003076.8	94.403	947	32	7	1	928	18853952	18854896	0.0	1435
NC_003071.7:13335824-13338077	NC_003076.8	95.249	884	37	5	1374	2254	1897457	1896576	0.0	1395
NC_003071.7:13335824-13338077	NC_003076.8	95.017	883	40	4	1374	2254	15043014	15042134	0.0	1384
NC_003071.7:13335824-13338077	NC_003076.8	95.006	881	36	7	1379	2254	9963824	9962947	0.0	1376
NC_003071.7:13335824-13338077	NC_003076.8	94.779	881	41	4	1378	2254	19741394	19740515	0.0	1367
NC_003071.7:13335824-13338077	NC_003076.8	94.665	881	42	5	1374	2252	24186704	24185827	0.0	1362
NC_003071.7:13335824-13338077	NC_003076.8	94.224	883	46	5	1374	2254	20681195	20680316	0.0	1343
NC_003071.7:13335824-13338077	NC_003076.8	94.118	884	48	4	1374	2254	24476173	24475291	0.0	1341
NC_003071.7:13335824-13338077	NC_003076.8	94.111	883	46	6	1374	2254	8745503	8744625	0.0	1338
NC_003071.7:13335824-13338077	NC_003076.8	94.111	883	46	6	1374	2254	11027018	11027896	0.0	1338
NC_003071.7:13335824-13338077	NC_003076.8	93.998	883	48	5	1374	2254	5428835	5427956	0.0	1332
NC_003071.7:13335824-13338077	NC_003076.8	94.620	855	42	4	1374	2225	18855036	18855889	0.0	1321
NC_003071.7:13335824-13338077	NC_003076.8	93.534	897	41	6	1374	2254	22231847	22230952	0.0	1319
NC_003071.7:13335824-13338077	NC_003076.8	93.552	884	52	5	1374	2254	17366242	17367123	0.0	1312
NC_003071.7:13335824-13338077	NC_003076.8	93.545	883	51	6	1374	2254	8766925	8767803	0.0	1310
NC_003071.7:13335824-13338077	NC_003076.8	93.454	886	51	7	1374	2254	14081646	14080763	0.0	1308
NC_003071.7:13335824-13338077	NC_003076.8	93.394	878	52	6	1380	2254	4313992	4314866	0.0	1295
NC_003071.7:13335824-13338077	NC_003076.8	95.865	798	31	2	1458	2254	15605465	15604669	0.0	1290
NC_003071.7:13335824-13338077	NC_003076.8	93.993	849	41	6	1379	2219	5977632	5976786	0.0	1277
NC_003071.7:13335824-13338077	NC_003076.8	93.832	843	29	7	1	823	21530089	21530928	0.0	1247
NC_003071.7:13335824-13338077	NC_003076.8	92.067	895	56	7	1374	2254	8354094	8353201	0.0	1245
NC_003071.7:13335824-13338077	NC_003076.8	94.041	772	41	3	1487	2254	4780980	4780210	0.0	1166
NC_003071.7:13335824-13338077	NC_003076.8	93.782	772	43	4	1378	2146	14150083	14149314	0.0	1155
NC_003071.7:13335824-13338077	NC_003076.8	89.581	883	51	16	1374	2254	21531065	21531908	0.0	1083
NC_003071.7:13335824-13338077	NC_003076.8	87.539	955	71	27	1	922	9612591	9613530	0.0	1061
NC_003071.7:13335824-13338077	NC_003076.8	94.760	668	28	6	1	664	7154439	7153775	0.0	1033
NC_003071.7:13335824-13338077	NC_003076.8	95.616	593	22	4	1665	2254	7153775	7153184	0.0	948
NC_003071.7:13335824-13338077	NC_003076.8	90.509	727	43	9	225	933	8683111	8683829	0.0	937
NC_003071.7:13335824-13338077	NC_003076.8	90.282	710	48	6	232	924	7711268	7711973	0.0	909
NC_003071.7:13335824-13338077	NC_003076.8	89.958	717	50	6	232	931	14761047	14760336	0.0	905
NC_003071.7:13335824-13338077	NC_003076.8	93.677	601	34	4	1656	2254	25905017	25905615	0.0	896
NC_003071.7:13335824-13338077	NC_003076.8	89.121	717	53	9	236	933	15342559	15341849	0.0	869
NC_003071.7:13335824-13338077	NC_003076.8	88.627	721	58	8	232	933	13918660	13917945	0.0	856
NC_003071.7:13335824-13338077	NC_003076.8	90.498	642	33	14	1374	2012	10714836	10715452	0.0	822
NC_003071.7:13335824-13338077	NC_003076.8	88.210	704	49	12	245	927	354275	354965	0.0	809
NC_003071.7:13335824-13338077	NC_003076.8	89.319	646	48	5	232	860	5129699	5129058	0.0	791
NC_003071.7:13335824-13338077	NC_003076.8	89.873	632	38	9	321	933	19670974	19671598	0.0	789
NC_003071.7:13335824-13338077	NC_003076.8	89.164	646	50	4	232	860	19931422	19930780	0.0	787
NC_003071.7:13335824-13338077	NC_003076.8	92.857	490	32	3	1766	2254	15576667	15576180	0.0	708
NC_003071.7:13335824-13338077	NC_003076.8	92.653	490	32	4	1766	2254	21776273	21775787	0.0	702
NC_003071.7:13335824-13338077	NC_003076.8	97.756	401	7	2	1855	2254	17796537	17796138	0.0	689
NC_003071.7:13335824-13338077	NC_003076.8	92.826	460	19	6	926	1374	15043286	15042830	0.0	654
NC_003071.7:13335824-13338077	NC_003076.8	92.609	460	22	9	926	1374	8354368	8353910	0.0	651
NC_003071.7:13335824-13338077	NC_003076.8	92.408	461	22	5	926	1374	22232122	22231663	0.0	645
NC_003071.7:13335824-13338077	NC_003076.8	92.009	463	23	6	926	1374	5977911	5977449	0.0	638
NC_003071.7:13335824-13338077	NC_003076.8	91.685	457	27	4	929	1374	24476445	24475989	5.64e-177	623
NC_003071.7:13335824-13338077	NC_003076.8	92.099	443	25	6	1814	2254	9134290	9134724	9.44e-175	616
NC_003071.7:13335824-13338077	NC_003076.8	90.948	464	29	6	922	1374	15577287	15576826	1.22e-173	612
NC_003071.7:13335824-13338077	NC_003076.8	92.081	442	18	10	926	1355	10714565	10715001	5.68e-172	606
NC_003071.7:13335824-13338077	NC_003076.8	90.302	464	33	5	922	1374	21776894	21776432	3.42e-169	597
NC_003071.7:13335824-13338077	NC_003076.8	92.162	421	30	3	1836	2254	21584595	21584176	1.59e-167	592
NC_003071.7:13335824-13338077	NC_003076.8	95.137	329	11	4	1048	1374	18854895	18855220	3.54e-144	514
NC_003071.7:13335824-13338077	NC_003076.8	94.044	319	15	4	1055	1371	21530929	21531245	3.59e-134	481
NC_003071.7:13335824-13338077	NC_003076.8	91.036	357	26	6	1	354	4312436	4312789	4.65e-133	477
NC_003071.7:13335824-13338077	NC_003076.8	89.544	373	26	10	1892	2254	25264968	25265337	4.68e-128	460
NC_003071.7:13335824-13338077	NC_003076.8	94.040	302	16	2	1468	1768	9592104	9592404	6.05e-127	457
NC_003071.7:13335824-13338077	NC_003076.8	93.688	301	18	1	1468	1768	17617544	17617245	1.01e-124	449
NC_003071.7:13335824-13338077	NC_003076.8	90.643	342	24	8	225	564	25264642	25264977	3.64e-124	448
NC_003071.7:13335824-13338077	NC_003076.8	93.878	294	18	0	1374	1667	15577010	15576717	4.71e-123	444
NC_003071.7:13335824-13338077	NC_003076.8	94.406	286	15	1	1468	1753	20280289	20280005	2.19e-121	438
NC_003071.7:13335824-13338077	NC_003076.8	94.346	283	15	1	640	922	3019805	3019524	1.02e-119	433
NC_003071.7:13335824-13338077	NC_003076.8	94.946	277	13	1	657	933	20398316	20398591	1.02e-119	433
NC_003071.7:13335824-13338077	NC_003076.8	93.197	294	20	0	1374	1667	21776616	21776323	1.02e-119	433
NC_003071.7:13335824-13338077	NC_003076.8	92.333	300	20	3	1076	1374	4313874	4314171	6.14e-117	424
NC_003071.7:13335824-13338077	NC_003076.8	96.443	253	7	2	1	252	17796785	17796534	1.03e-114	416
NC_003071.7:13335824-13338077	NC_003076.8	94.323	229	13	0	1146	1374	11026974	11027202	2.94e-95	351
NC_003071.7:13335824-13338077	NC_003076.8	91.154	260	17	6	1	255	3020196	3019938	3.80e-94	348
NC_003071.7:13335824-13338077	NC_003076.8	91.154	260	16	7	1	255	14761183	14760926	1.37e-93	346
NC_003071.7:13335824-13338077	NC_003076.8	93.886	229	13	1	232	460	3020059	3019832	4.92e-93	344
NC_003071.7:13335824-13338077	NC_003076.8	90.385	260	18	7	1	255	17955555	17955812	2.96e-90	335
NC_003071.7:13335824-13338077	NC_003076.8	90.000	260	19	7	1	255	19931558	19931301	1.38e-88	329
NC_003071.7:13335824-13338077	NC_003076.8	90.000	260	17	7	1	255	15342696	15342441	4.95e-88	327
NC_003071.7:13335824-13338077	NC_003076.8	89.615	260	21	6	1	255	25264511	25264769	1.78e-87	326
NC_003071.7:13335824-13338077	NC_003076.8	88.462	260	17	10	1	255	13918790	13918539	3.00e-80	302
NC_003071.7:13335824-13338077	NC_003076.8	90.909	198	8	3	926	1113	20280505	20280308	6.59e-67	257
NC_003071.7:13335824-13338077	NC_003076.8	92.308	182	9	4	2	181	19670802	19670980	8.52e-66	254
NC_003071.7:13335824-13338077	NC_003076.8	86.290	248	15	12	1	245	354140	354371	3.07e-65	252
NC_003071.7:13335824-13338077	NC_003076.8	90.404	198	9	3	926	1113	9591889	9592086	3.07e-65	252
NC_003071.7:13335824-13338077	NC_003076.8	89.604	202	10	4	929	1121	9134099	9134298	1.43e-63	246
NC_003071.7:13335824-13338077	NC_003076.8	93.151	146	9	1	1374	1518	20280792	20280647	1.45e-53	213
NC_003071.7:13335824-13338077	NC_003076.8	92.466	146	10	1	1374	1518	9591602	9591747	6.73e-52	207
NC_003071.7:13335824-13338077	NC_003076.8	92.029	138	7	3	225	362	17955687	17955820	6.78e-47	191
NC_003071.7:13335824-13338077	NC_003076.8	91.603	131	10	1	926	1055	25904874	25905004	1.47e-43	180
NC_003071.7:13335824-13338077	NC_003076.8	91.057	123	6	4	1374	1493	9558305	9558185	5.31e-38	161
NC_003071.7:13335824-13338077	NC_003076.8	94.118	102	6	0	1273	1374	15605466	15605365	2.47e-36	156
NC_003071.7:13335824-13338077	NC_003076.8	95.699	93	4	0	1282	1374	20280291	20280199	1.15e-34	150
NC_003071.7:13335824-13338077	NC_003076.8	94.000	100	5	1	1	100	20398218	20398316	1.15e-34	150
NC_003071.7:13335824-13338077	NC_003076.8	94.624	93	5	0	1282	1374	17617546	17617454	5.35e-33	145
NC_003071.7:13335824-13338077	NC_003076.8	94.444	90	5	0	1282	1371	9592102	9592191	2.49e-31	139
NC_003071.7:13335824-13338077	NC_003076.8	92.593	81	6	0	1	81	5978053	5977973	1.17e-24	117
NC_003071.7:13335824-13338077	NC_003076.8	92.500	80	6	0	2	81	20280646	20280567	4.20e-24	115
NC_003071.7:13335824-13338077	NC_003076.8	91.463	82	5	2	1	81	9133953	9134033	5.43e-23	111
NC_003071.7:13335824-13338077	NC_003076.8	89.888	89	6	3	1	89	15043428	15043343	5.43e-23	111
NC_003071.7:13335824-13338077	NC_003076.8	91.250	80	7	0	2	81	9591748	9591827	1.95e-22	110
NC_003071.7:13335824-13338077	NC_003076.8	88.372	86	7	3	1	85	13982135	13982218	1.17e-19	100
NC_003071.7:13335824-13338077	NC_003076.8	97.872	47	0	1	1380	1425	4781028	4780982	1.53e-13	80.5
NC_003071.7:13335824-13338077	NC_003076.8	100.000	30	0	0	2225	2254	14004992	14005021	2.58e-06	56.5
NC_003071.7:13335824-13338077	NC_003074.8	96.950	1377	38	4	1	1374	17277814	17276439	0.0	2307
NC_003071.7:13335824-13338077	NC_003074.8	94.985	1376	45	7	1	1374	22118613	22119966	0.0	2137
NC_003071.7:13335824-13338077	NC_003074.8	93.867	1386	66	11	1	1372	15937286	15938666	0.0	2071
NC_003071.7:13335824-13338077	NC_003074.8	93.836	1379	59	16	1	1374	20786399	20787756	0.0	2052
NC_003071.7:13335824-13338077	NC_003074.8	94.205	1346	59	8	1	1334	17301278	17299940	0.0	2036
NC_003071.7:13335824-13338077	NC_003074.8	93.172	1406	61	11	1	1374	10821446	10820044	0.0	2032
NC_003071.7:13335824-13338077	NC_003074.8	93.691	1379	50	19	1	1374	11535844	11537190	0.0	2030
NC_003071.7:13335824-13338077	NC_003074.8	93.188	1380	66	17	1	1374	5745923	5744566	0.0	2002
NC_003071.7:13335824-13338077	NC_003074.8	92.665	1377	56	17	1	1374	17144490	17143156	0.0	1941
NC_003071.7:13335824-13338077	NC_003074.8	97.146	876	23	2	1380	2254	17276617	17275743	0.0	1478
NC_003071.7:13335824-13338077	NC_003074.8	96.259	882	26	3	1374	2254	22119782	22120657	0.0	1439
NC_003071.7:13335824-13338077	NC_003074.8	95.150	866	37	5	512	1374	16562049	16562912	0.0	1362
NC_003071.7:13335824-13338077	NC_003074.8	96.517	804	26	2	4	806	9386343	9385541	0.0	1328
NC_003071.7:13335824-13338077	NC_003074.8	93.778	884	44	7	1374	2254	20787572	20788447	0.0	1317
NC_003071.7:13335824-13338077	NC_003074.8	93.757	881	47	4	1374	2252	17730356	17731230	0.0	1315
NC_003071.7:13335824-13338077	NC_003074.8	93.430	898	37	13	1374	2254	17143339	17142447	0.0	1312
NC_003071.7:13335824-13338077	NC_003074.8	93.665	884	39	6	1374	2254	16451711	16452580	0.0	1306
NC_003071.7:13335824-13338077	NC_003074.8	93.166	878	43	4	1380	2254	17062249	17061386	0.0	1273
NC_003071.7:13335824-13338077	NC_003074.8	95.068	811	35	5	1	809	16450786	16451593	0.0	1271
NC_003071.7:13335824-13338077	NC_003074.8	93.846	845	45	4	1411	2254	9767195	9766357	0.0	1266
NC_003071.7:13335824-13338077	NC_003074.8	93.088	868	48	12	1374	2232	10820227	10819363	0.0	1260
NC_003071.7:13335824-13338077	NC_003074.8	94.111	832	43	5	1426	2254	15452283	15451455	0.0	1260
NC_003071.7:13335824-13338077	NC_003074.8	92.719	879	54	7	1380	2254	17777193	17778065	0.0	1260
NC_003071.7:13335824-13338077	NC_003074.8	92.914	875	42	8	1374	2231	11537006	11537877	0.0	1254
NC_003071.7:13335824-13338077	NC_003074.8	92.824	864	52	5	1378	2238	15938487	15939343	0.0	1243
NC_003071.7:13335824-13338077	NC_003074.8	94.810	790	37	4	1468	2254	18412511	18413299	0.0	1229
NC_003071.7:13335824-13338077	NC_003074.8	91.435	899	48	15	1378	2252	16419559	16420452	0.0	1206
NC_003071.7:13335824-13338077	NC_003074.8	94.192	792	39	7	1468	2254	13327793	13328582	0.0	1201
NC_003071.7:13335824-13338077	NC_003074.8	94.185	791	41	4	1468	2254	18019138	18019927	0.0	1201
NC_003071.7:13335824-13338077	NC_003074.8	91.705	880	43	13	1380	2254	16562733	16563587	0.0	1194
NC_003071.7:13335824-13338077	NC_003074.8	92.628	841	29	8	1	823	17063229	17062404	0.0	1179
NC_003071.7:13335824-13338077	NC_003074.8	91.073	885	49	9	1374	2254	7995687	7994829	0.0	1170
NC_003071.7:13335824-13338077	NC_003074.8	92.794	791	50	6	1468	2254	3965360	3966147	0.0	1138
NC_003071.7:13335824-13338077	NC_003074.8	94.340	742	39	3	1514	2254	10556871	10556132	0.0	1134
NC_003071.7:13335824-13338077	NC_003074.8	93.271	743	38	4	1514	2254	10575083	10574351	0.0	1085
NC_003071.7:13335824-13338077	NC_003074.8	91.948	770	41	5	1487	2254	15485279	15484529	0.0	1059
NC_003071.7:13335824-13338077	NC_003074.8	89.734	828	53	21	1	823	7996636	7995836	0.0	1029
NC_003071.7:13335824-13338077	NC_003074.8	96.602	618	18	2	1637	2254	9384380	9383766	0.0	1022
NC_003071.7:13335824-13338077	NC_003074.8	97.797	590	11	2	787	1374	9385005	9384416	0.0	1016
NC_003071.7:13335824-13338077	NC_003074.8	94.607	649	28	7	1608	2254	5744486	5743843	0.0	998
NC_003071.7:13335824-13338077	NC_003074.8	89.724	798	53	13	168	944	18746356	18747145	0.0	992
NC_003071.7:13335824-13338077	NC_003074.8	88.341	832	62	16	141	940	9890146	9890974	0.0	966
NC_003071.7:13335824-13338077	NC_003074.8	90.509	727	45	8	225	933	16879936	16880656	0.0	939
NC_003071.7:13335824-13338077	NC_003074.8	90.634	726	39	12	225	933	5622162	5622875	0.0	937
NC_003071.7:13335824-13338077	NC_003074.8	90.430	721	41	11	232	933	20485004	20484293	0.0	924
NC_003071.7:13335824-13338077	NC_003074.8	90.264	719	48	6	232	933	9559546	9558833	0.0	920
NC_003071.7:13335824-13338077	NC_003074.8	92.450	649	33	5	1378	2024	11503341	11502707	0.0	913
NC_003071.7:13335824-13338077	NC_003074.8	89.430	719	53	7	232	933	2629890	2629178	0.0	885
NC_003071.7:13335824-13338077	NC_003074.8	87.634	744	58	12	225	940	3716474	3717211	0.0	833
NC_003071.7:13335824-13338077	NC_003074.8	89.550	689	26	18	688	1374	15452795	15452151	0.0	832
NC_003071.7:13335824-13338077	NC_003074.8	87.769	744	50	15	226	944	16173067	16172340	0.0	832
NC_003071.7:13335824-13338077	NC_003074.8	87.500	720	52	15	232	933	1371040	1370341	0.0	797
NC_003071.7:13335824-13338077	NC_003074.8	95.400	500	22	1	1374	1873	10320805	10321303	0.0	795
NC_003071.7:13335824-13338077	NC_003074.8	93.478	460	19	7	926	1374	11503619	11503160	0.0	673
NC_003071.7:13335824-13338077	NC_003074.8	92.609	460	22	5	926	1374	17730082	17730540	0.0	651
NC_003071.7:13335824-13338077	NC_003074.8	94.621	409	18	4	1	407	16561654	16562060	3.37e-179	630
NC_003071.7:13335824-13338077	NC_003074.8	91.739	460	24	8	926	1374	11967795	11968251	4.36e-178	627
NC_003071.7:13335824-13338077	NC_003074.8	90.968	465	30	6	922	1374	17776908	17777372	9.44e-175	616
NC_003071.7:13335824-13338077	NC_003074.8	90.435	460	24	12	926	1374	16419286	16419736	2.06e-166	588
NC_003071.7:13335824-13338077	NC_003074.8	92.839	391	17	5	994	1374	10320599	10320988	5.80e-157	556
NC_003071.7:13335824-13338077	NC_003074.8	88.696	460	25	13	926	1374	9767491	9767048	7.56e-151	536
NC_003071.7:13335824-13338077	NC_003074.8	94.231	312	12	5	1065	1374	16451588	16451895	2.16e-131	472
NC_003071.7:13335824-13338077	NC_003074.8	92.705	329	16	5	1	321	11200624	11200952	2.80e-130	468
NC_003071.7:13335824-13338077	NC_003074.8	93.910	312	8	4	941	1241	15485591	15485280	4.68e-128	460
NC_003071.7:13335824-13338077	NC_003074.8	94.595	296	13	3	1078	1371	7995800	7995506	2.18e-126	455
NC_003071.7:13335824-13338077	NC_003074.8	94.295	298	16	1	1471	1768	17299578	17299282	2.18e-126	455
NC_003071.7:13335824-13338077	NC_003074.8	94.257	296	14	3	1078	1371	17062368	17062074	1.01e-124	449
NC_003071.7:13335824-13338077	NC_003074.8	94.406	286	14	2	1970	2254	11968333	11968617	2.19e-121	438
NC_003071.7:13335824-13338077	NC_003074.8	93.471	291	17	2	233	523	10862539	10862827	3.67e-119	431
NC_003071.7:13335824-13338077	NC_003074.8	85.714	420	38	7	539	940	10404825	10405240	6.14e-117	424
NC_003071.7:13335824-13338077	NC_003074.8	90.683	322	19	4	926	1236	10557204	10556883	2.86e-115	418
NC_003071.7:13335824-13338077	NC_003074.8	89.759	332	22	5	926	1246	10575416	10575086	3.69e-114	414
NC_003071.7:13335824-13338077	NC_003074.8	94.697	264	14	0	1374	1637	5744750	5744487	4.78e-113	411
NC_003071.7:13335824-13338077	NC_003074.8	93.962	265	16	0	1374	1638	11968067	11968331	2.88e-110	401
NC_003071.7:13335824-13338077	NC_003074.8	90.559	286	19	8	240	524	20487006	20486728	2.26e-101	372
NC_003071.7:13335824-13338077	NC_003074.8	96.347	219	8	0	1374	1592	9384600	9384382	4.88e-98	361
NC_003071.7:13335824-13338077	NC_003074.8	91.571	261	15	7	1	255	3716342	3716601	8.17e-96	353
NC_003071.7:13335824-13338077	NC_003074.8	93.506	231	13	2	1989	2218	11200951	11201180	1.77e-92	342
NC_003071.7:13335824-13338077	NC_003074.8	90.734	259	19	5	1	255	17397300	17397043	6.36e-92	340
NC_003071.7:13335824-13338077	NC_003074.8	90.661	257	18	6	4	255	9559680	9559425	8.23e-91	337
NC_003071.7:13335824-13338077	NC_003074.8	90.769	260	13	10	1	255	20485140	20484887	8.23e-91	337
NC_003071.7:13335824-13338077	NC_003074.8	90.000	260	20	6	1	255	10862401	10862659	3.83e-89	331
NC_003071.7:13335824-13338077	NC_003074.8	88.933	253	16	3	2013	2254	8757570	8757821	3.00e-80	302
NC_003071.7:13335824-13338077	NC_003074.8	95.082	183	7	2	689	870	9385008	9385189	8.40e-76	287
NC_003071.7:13335824-13338077	NC_003074.8	86.364	286	9	9	1468	1753	1571725	1571980	3.02e-75	285
NC_003071.7:13335824-13338077	NC_003074.8	89.177	231	17	7	28	253	2630001	2629774	3.91e-74	281
NC_003071.7:13335824-13338077	NC_003074.8	86.100	259	20	6	1	255	20487142	20486896	3.94e-69	265
NC_003071.7:13335824-13338077	NC_003074.8	90.244	205	9	6	926	1120	1571507	1571710	6.59e-67	257
NC_003071.7:13335824-13338077	NC_003074.8	90.955	199	7	4	926	1113	13327576	13327774	6.59e-67	257
NC_003071.7:13335824-13338077	NC_003074.8	89.756	205	9	5	926	1120	17299798	17299596	3.07e-65	252
NC_003071.7:13335824-13338077	NC_003074.8	89.447	199	10	4	926	1113	3965143	3965341	6.64e-62	241
NC_003071.7:13335824-13338077	NC_003074.8	87.805	205	12	6	926	1120	18412295	18412496	5.17e-58	228
NC_003071.7:13335824-13338077	NC_003074.8	87.379	206	13	6	926	1121	18018922	18019124	6.68e-57	224
NC_003071.7:13335824-13338077	NC_003074.8	93.377	151	8	2	232	382	17397163	17397015	2.40e-56	222
NC_003071.7:13335824-13338077	NC_003074.8	95.283	106	4	1	1	106	16879751	16879855	1.14e-39	167
NC_003071.7:13335824-13338077	NC_003074.8	95.699	93	4	0	1282	1374	13327791	13327883	1.15e-34	150
NC_003071.7:13335824-13338077	NC_003074.8	90.909	110	7	3	1	108	9890049	9890157	5.35e-33	145
NC_003071.7:13335824-13338077	NC_003074.8	94.624	93	5	0	1282	1374	17299583	17299491	5.35e-33	145
NC_003071.7:13335824-13338077	NC_003074.8	94.624	93	5	0	1282	1374	18019136	18019228	5.35e-33	145
NC_003071.7:13335824-13338077	NC_003074.8	95.556	90	4	0	1282	1371	18412509	18412598	5.35e-33	145
NC_003071.7:13335824-13338077	NC_003074.8	92.473	93	7	0	1282	1374	3965358	3965450	1.16e-29	134
NC_003071.7:13335824-13338077	NC_003074.8	93.902	82	3	2	1	81	18018781	18018861	2.51e-26	122
NC_003071.7:13335824-13338077	NC_003074.8	93.827	81	3	2	2	81	17299939	17299860	9.02e-26	121
NC_003071.7:13335824-13338077	NC_003074.8	92.593	81	6	0	1	81	13327434	13327514	1.17e-24	117
NC_003071.7:13335824-13338077	NC_003074.8	92.593	81	6	0	1	81	18412154	18412234	1.17e-24	117
NC_003071.7:13335824-13338077	NC_003074.8	90.588	85	7	1	1	85	16419144	16419227	5.43e-23	111
NC_003071.7:13335824-13338077	NC_003074.8	96.875	64	2	0	1	64	10557346	10557283	7.02e-22	108
NC_003071.7:13335824-13338077	NC_003074.8	96.154	52	2	0	1374	1425	15485331	15485280	3.29e-15	86.1
NC_003071.7:13335824-13338077	NC_003074.8	94.444	54	3	0	1282	1335	1571723	1571776	1.18e-14	84.2
NC_003071.7:13335824-13338077	NC_003074.8	89.474	57	5	1	1374	1430	10575141	10575086	9.21e-11	71.3
NC_003071.7:13335824-13338077	NC_003074.8	100.000	34	0	0	824	857	9385190	9385223	1.54e-08	63.9
NC_003071.7:13335824-13338077	NC_003070.9	96.676	1384	31	7	1	1374	22449931	22451309	0.0	2287
NC_003071.7:13335824-13338077	NC_003070.9	96.078	1377	38	5	1	1374	501372	500009	0.0	2230
NC_003071.7:13335824-13338077	NC_003070.9	95.362	1380	53	10	1	1374	8114770	8116144	0.0	2183
NC_003071.7:13335824-13338077	NC_003070.9	94.877	1386	57	7	1	1374	9816210	9817593	0.0	2154
NC_003071.7:13335824-13338077	NC_003070.9	94.581	1384	62	7	1	1374	13058823	13060203	0.0	2128
NC_003071.7:13335824-13338077	NC_003070.9	94.130	1380	54	17	1	1374	19995734	19994376	0.0	2074
NC_003071.7:13335824-13338077	NC_003070.9	94.581	1347	53	9	1	1334	30253107	30251768	0.0	2065
NC_003071.7:13335824-13338077	NC_003070.9	94.577	1346	54	8	1	1334	12330053	12328715	0.0	2063
NC_003071.7:13335824-13338077	NC_003070.9	93.777	1382	57	19	1	1374	11737393	11736033	0.0	2049
NC_003071.7:13335824-13338077	NC_003070.9	93.987	1347	60	10	1	1334	22994060	22992722	0.0	2019
NC_003071.7:13335824-13338077	NC_003070.9	93.314	1391	52	13	1	1374	16903800	16905166	0.0	2015
NC_003071.7:13335824-13338077	NC_003070.9	92.664	1404	69	11	1	1374	7035191	7036590	0.0	1991
NC_003071.7:13335824-13338077	NC_003070.9	93.392	1362	57	13	1	1332	26171480	26170122	0.0	1986
NC_003071.7:13335824-13338077	NC_003070.9	92.646	1387	68	9	14	1372	30255510	30254130	0.0	1965
NC_003071.7:13335824-13338077	NC_003070.9	92.176	1406	73	13	1	1374	17899863	17901263	0.0	1953
NC_003071.7:13335824-13338077	NC_003070.9	91.471	1407	71	17	1	1374	9867414	9866024	0.0	1888
NC_003071.7:13335824-13338077	NC_003070.9	97.406	1041	23	4	336	1374	13017571	13016533	0.0	1770
NC_003071.7:13335824-13338077	NC_003070.9	92.192	1268	59	18	5	1243	19329256	19328000	0.0	1757
NC_003071.7:13335824-13338077	NC_003070.9	96.562	960	30	3	1	958	19061965	19062923	0.0	1587
NC_003071.7:13335824-13338077	NC_003070.9	96.040	909	31	4	1	907	11699698	11700603	0.0	1474
NC_003071.7:13335824-13338077	NC_003070.9	96.599	882	25	3	1374	2254	22451128	22452005	0.0	1458
NC_003071.7:13335824-13338077	NC_003070.9	95.351	882	25	5	1374	2254	13016717	13015851	0.0	1387
NC_003071.7:13335824-13338077	NC_003070.9	95.597	863	33	5	1374	2232	8115960	8116821	0.0	1378
NC_003071.7:13335824-13338077	NC_003070.9	94.910	884	40	5	1374	2254	15940297	15941178	0.0	1378
NC_003071.7:13335824-13338077	NC_003070.9	94.796	884	39	6	1374	2254	11700848	11701727	0.0	1371
NC_003071.7:13335824-13338077	NC_003070.9	95.972	844	31	3	263	1104	19062922	19063764	0.0	1367
NC_003071.7:13335824-13338077	NC_003070.9	94.564	883	46	2	1374	2254	16904982	16905864	0.0	1363
NC_003071.7:13335824-13338077	NC_003070.9	94.463	885	40	7	1374	2254	19994560	19993681	0.0	1354
NC_003071.7:13335824-13338077	NC_003070.9	94.344	884	46	3	1374	2254	4786373	4787255	0.0	1352
NC_003071.7:13335824-13338077	NC_003070.9	94.138	887	44	5	1374	2254	7036406	7037290	0.0	1343
NC_003071.7:13335824-13338077	NC_003070.9	94.111	883	45	6	1374	2254	13060019	13060896	0.0	1336
NC_003071.7:13335824-13338077	NC_003070.9	94.005	884	48	5	1374	2254	19768871	19767990	0.0	1334
NC_003071.7:13335824-13338077	NC_003070.9	94.091	880	44	8	1380	2254	18791988	18792864	0.0	1330
NC_003071.7:13335824-13338077	NC_003070.9	96.617	798	26	1	1458	2254	19063795	19064592	0.0	1323
NC_003071.7:13335824-13338077	NC_003070.9	93.417	881	51	4	1374	2254	3413967	3414840	0.0	1299
NC_003071.7:13335824-13338077	NC_003070.9	92.897	887	43	5	1374	2254	16326431	16327303	0.0	1271
NC_003071.7:13335824-13338077	NC_003070.9	92.963	881	43	6	1379	2254	12365126	12365992	0.0	1266
NC_003071.7:13335824-13338077	NC_003070.9	92.777	886	44	13	1374	2254	26170265	26169395	0.0	1264
NC_003071.7:13335824-13338077	NC_003070.9	93.410	865	33	9	513	1374	18791324	18792167	0.0	1260
NC_003071.7:13335824-13338077	NC_003070.9	92.542	885	48	4	1374	2254	19465960	19465090	0.0	1253
NC_003071.7:13335824-13338077	NC_003070.9	92.525	883	50	4	1374	2254	16825502	16826370	0.0	1251
NC_003071.7:13335824-13338077	NC_003070.9	92.542	885	47	5	1374	2254	23214650	23215519	0.0	1251
NC_003071.7:13335824-13338077	NC_003070.9	92.517	882	49	3	1374	2254	9817409	9818274	0.0	1247
NC_003071.7:13335824-13338077	NC_003070.9	92.483	878	53	8	1379	2254	28161456	28162322	0.0	1243
NC_003071.7:13335824-13338077	NC_003070.9	93.705	842	27	8	1	823	16824518	16825352	0.0	1238
NC_003071.7:13335824-13338077	NC_003070.9	93.587	842	32	7	1	823	12364135	12364973	0.0	1236
NC_003071.7:13335824-13338077	NC_003070.9	92.081	884	50	7	1374	2254	12563095	12562229	0.0	1227
NC_003071.7:13335824-13338077	NC_003070.9	93.373	845	28	9	1	823	23213666	23214504	0.0	1225
NC_003071.7:13335824-13338077	NC_003070.9	94.797	788	37	4	1468	2254	23876484	23877268	0.0	1225
NC_003071.7:13335824-13338077	NC_003070.9	93.026	846	31	9	1	823	19466949	19466109	0.0	1210
NC_003071.7:13335824-13338077	NC_003070.9	93.827	810	33	5	1	809	4785461	4786254	0.0	1203
NC_003071.7:13335824-13338077	NC_003070.9	91.525	885	52	8	1374	2254	17901077	17901942	0.0	1197
NC_003071.7:13335824-13338077	NC_003070.9	92.663	845	35	8	1	823	16325444	16326283	0.0	1192
NC_003071.7:13335824-13338077	NC_003070.9	91.393	883	54	7	1374	2252	9866210	9865346	0.0	1190
NC_003071.7:13335824-13338077	NC_003070.9	92.152	841	46	10	1	823	12564081	12563243	0.0	1170
NC_003071.7:13335824-13338077	NC_003070.9	96.317	706	19	4	671	1374	15939781	15940481	0.0	1153
NC_003071.7:13335824-13338077	NC_003070.9	93.645	771	41	7	1486	2254	19328001	19327237	0.0	1146
NC_003071.7:13335824-13338077	NC_003070.9	87.474	974	80	17	1	940	16806989	16807954	0.0	1085
NC_003071.7:13335824-13338077	NC_003070.9	95.324	663	28	3	1374	2034	30254312	30253651	0.0	1050
NC_003071.7:13335824-13338077	NC_003070.9	95.980	597	14	5	1659	2254	499960	499373	0.0	961
NC_003071.7:13335824-13338077	NC_003070.9	85.082	972	79	33	1	940	13262203	13261266	0.0	931
NC_003071.7:13335824-13338077	NC_003070.9	90.278	720	48	6	232	933	1977029	1976314	0.0	922
NC_003071.7:13335824-13338077	NC_003070.9	90.818	697	42	6	232	911	17552862	17552171	0.0	913
NC_003071.7:13335824-13338077	NC_003070.9	90.125	719	48	7	232	933	29320594	29319882	0.0	913
NC_003071.7:13335824-13338077	NC_003070.9	90.000	720	47	9	232	933	14299707	14298995	0.0	907
NC_003071.7:13335824-13338077	NC_003070.9	89.532	726	52	8	225	933	6735996	6736714	0.0	898
NC_003071.7:13335824-13338077	NC_003070.9	92.081	644	40	4	1620	2254	14309405	14308764	0.0	896
NC_003071.7:13335824-13338077	NC_003070.9	96.654	538	17	1	1718	2254	8489951	8489414	0.0	893
NC_003071.7:13335824-13338077	NC_003070.9	89.118	726	54	9	225	933	17361	18078	0.0	880
NC_003071.7:13335824-13338077	NC_003070.9	89.914	694	48	12	245	921	19085234	19085922	0.0	874
NC_003071.7:13335824-13338077	NC_003070.9	92.089	632	30	11	1380	1994	11736212	11735584	0.0	872
NC_003071.7:13335824-13338077	NC_003070.9	89.028	720	55	8	232	933	3074587	3073874	0.0	870
NC_003071.7:13335824-13338077	NC_003070.9	95.556	540	21	3	1718	2254	25963004	25962465	0.0	861
NC_003071.7:13335824-13338077	NC_003070.9	89.481	694	49	11	245	921	19173667	19172981	0.0	856
NC_003071.7:13335824-13338077	NC_003070.9	88.952	706	48	13	245	933	12855858	12855166	0.0	845
NC_003071.7:13335824-13338077	NC_003070.9	88.636	704	58	6	245	931	8291436	8290738	0.0	837
NC_003071.7:13335824-13338077	NC_003070.9	89.628	646	47	4	232	860	2235031	2234389	0.0	804
NC_003071.7:13335824-13338077	NC_003070.9	95.758	495	20	1	1380	1873	16998123	16997629	0.0	797
NC_003071.7:13335824-13338077	NC_003070.9	94.622	502	25	1	1374	1873	12876515	12876014	0.0	776
NC_003071.7:13335824-13338077	NC_003070.9	95.879	461	17	2	1	459	15939323	15939783	0.0	745
NC_003071.7:13335824-13338077	NC_003070.9	94.670	469	22	3	1	467	22622305	22621838	0.0	725
NC_003071.7:13335824-13338077	NC_003070.9	91.985	524	28	5	1732	2254	18790338	18790848	0.0	723
NC_003071.7:13335824-13338077	NC_003070.9	95.465	441	17	3	937	1374	11700592	11701032	0.0	701
NC_003071.7:13335824-13338077	NC_003070.9	97.257	401	9	2	1855	2254	23554190	23553791	0.0	678
NC_003071.7:13335824-13338077	NC_003070.9	93.043	460	19	6	926	1374	12876788	12876331	0.0	660
NC_003071.7:13335824-13338077	NC_003070.9	93.363	452	17	5	933	1374	16998393	16997945	0.0	656
NC_003071.7:13335824-13338077	NC_003070.9	92.077	467	22	4	878	1334	22621842	22621381	0.0	643
NC_003071.7:13335824-13338077	NC_003070.9	95.110	409	17	3	1	407	18790927	18791334	0.0	641
NC_003071.7:13335824-13338077	NC_003070.9	91.629	442	23	6	943	1374	3413713	3414150	9.50e-170	599
NC_003071.7:13335824-13338077	NC_003070.9	90.435	460	31	6	926	1374	28161178	28161635	4.42e-168	593
NC_003071.7:13335824-13338077	NC_003070.9	91.484	411	32	3	232	642	18746912	18746505	1.25e-158	562
NC_003071.7:13335824-13338077	NC_003070.9	88.278	418	28	5	533	933	23174140	23174553	3.59e-134	481
NC_003071.7:13335824-13338077	NC_003070.9	92.615	325	21	3	1052	1374	19769011	19768688	3.62e-129	464
NC_003071.7:13335824-13338077	NC_003070.9	94.949	297	11	4	1078	1371	16825388	16825683	1.30e-128	462
NC_003071.7:13335824-13338077	NC_003070.9	94.371	302	15	2	1468	1768	22992364	22992064	1.30e-128	462
NC_003071.7:13335824-13338077	NC_003070.9	94.118	306	11	5	1070	1371	23214529	23214831	1.68e-127	459
NC_003071.7:13335824-13338077	NC_003070.9	93.811	307	14	4	1070	1374	4786254	4786557	6.05e-127	457
NC_003071.7:13335824-13338077	NC_003070.9	94.040	302	16	2	1468	1768	30251410	30251110	6.05e-127	457
NC_003071.7:13335824-13338077	NC_003070.9	94.595	296	12	4	1078	1371	12563207	12562914	2.18e-126	455
NC_003071.7:13335824-13338077	NC_003070.9	94.483	290	14	2	1468	1756	22621023	22620735	1.31e-123	446
NC_003071.7:13335824-13338077	NC_003070.9	93.919	296	15	3	1078	1371	12365009	12365303	4.71e-123	444
NC_003071.7:13335824-13338077	NC_003070.9	92.834	307	15	5	1070	1371	16326308	16326612	2.19e-121	438
NC_003071.7:13335824-13338077	NC_003070.9	93.836	292	17	1	640	931	18746460	18746170	2.19e-121	438
NC_003071.7:13335824-13338077	NC_003070.9	98.024	253	4	1	1	252	23554439	23554187	2.19e-121	438
NC_003071.7:13335824-13338077	NC_003070.9	94.056	286	16	1	1468	1753	12328358	12328074	1.02e-119	433
NC_003071.7:13335824-13338077	NC_003070.9	97.255	255	6	1	1	254	25963257	25963003	3.67e-119	431
NC_003071.7:13335824-13338077	NC_003070.9	92.517	294	18	3	1081	1371	19466071	19465779	2.86e-115	418
NC_003071.7:13335824-13338077	NC_003070.9	96.680	241	6	2	1	240	3910601	3910362	1.03e-109	399
NC_003071.7:13335824-13338077	NC_003070.9	96.087	230	9	0	1374	1603	500193	499964	1.74e-102	375
NC_003071.7:13335824-13338077	NC_003070.9	93.333	255	6	3	1	254	8490194	8489950	1.05e-99	366
NC_003071.7:13335824-13338077	NC_003070.9	91.538	260	15	7	1	255	17552998	17552741	2.94e-95	351
NC_003071.7:13335824-13338077	NC_003070.9	91.829	257	14	7	4	255	18747045	18746791	2.94e-95	351
NC_003071.7:13335824-13338077	NC_003070.9	90.769	260	17	7	1	255	2235167	2234910	6.36e-92	340
NC_003071.7:13335824-13338077	NC_003070.9	90.734	259	15	9	1	255	14299842	14299589	8.23e-91	337
NC_003071.7:13335824-13338077	NC_003070.9	91.165	249	17	5	1	245	17009	17256	1.06e-89	333
NC_003071.7:13335824-13338077	NC_003070.9	89.960	249	20	5	1	245	3074944	3074697	1.07e-84	316
NC_003071.7:13335824-13338077	NC_003070.9	89.316	234	18	7	28	255	17255	17487	8.40e-76	287
NC_003071.7:13335824-13338077	NC_003070.9	87.259	259	14	7	1	255	19085099	19085342	5.06e-73	278
NC_003071.7:13335824-13338077	NC_003070.9	91.919	198	6	3	926	1113	22992580	22992383	3.04e-70	268
NC_003071.7:13335824-13338077	NC_003070.9	86.047	258	16	12	1	255	12855993	12855753	1.83e-67	259
NC_003071.7:13335824-13338077	NC_003070.9	85.714	259	16	9	1	255	19173802	19173561	8.52e-66	254
NC_003071.7:13335824-13338077	NC_003070.9	90.404	198	9	3	926	1113	12328574	12328377	3.07e-65	252
NC_003071.7:13335824-13338077	NC_003070.9	90.404	198	9	3	926	1113	30251626	30251429	3.07e-65	252
NC_003071.7:13335824-13338077	NC_003070.9	85.328	259	19	12	1	255	8291571	8291328	1.10e-64	250
NC_003071.7:13335824-13338077	NC_003070.9	89.899	198	10	3	926	1113	22621239	22621042	1.43e-63	246
NC_003071.7:13335824-13338077	NC_003070.9	93.836	146	8	1	1374	1518	12328860	12328715	3.11e-55	219
NC_003071.7:13335824-13338077	NC_003070.9	93.151	146	9	1	1374	1518	22621526	22621381	1.45e-53	213
NC_003071.7:13335824-13338077	NC_003070.9	92.466	146	10	1	1374	1518	22992867	22992722	6.73e-52	207
NC_003071.7:13335824-13338077	NC_003070.9	92.623	122	8	1	926	1046	19769694	19769573	6.83e-42	174
NC_003071.7:13335824-13338077	NC_003070.9	96.078	102	4	0	1273	1374	19063794	19063895	1.14e-39	167
NC_003071.7:13335824-13338077	NC_003070.9	97.802	91	2	0	1282	1372	23876482	23876572	6.87e-37	158
NC_003071.7:13335824-13338077	NC_003070.9	95.699	93	4	0	1282	1374	22992366	22992274	1.15e-34	150
NC_003071.7:13335824-13338077	NC_003070.9	94.624	93	5	0	1282	1374	12328360	12328268	5.35e-33	145
NC_003071.7:13335824-13338077	NC_003070.9	94.681	94	4	1	1282	1374	22621025	22620932	5.35e-33	145
NC_003071.7:13335824-13338077	NC_003070.9	93.548	93	6	0	1282	1374	30251412	30251320	2.49e-31	139
NC_003071.7:13335824-13338077	NC_003070.9	92.500	80	6	0	2	81	30251767	30251688	4.20e-24	115
NC_003071.7:13335824-13338077	NC_003070.9	91.463	82	5	2	1	81	12876928	12876848	5.43e-23	111
NC_003071.7:13335824-13338077	NC_003070.9	91.358	81	7	0	1	81	16998955	16998875	5.43e-23	111
NC_003071.7:13335824-13338077	NC_003070.9	91.358	81	7	0	1	81	18790103	18790183	5.43e-23	111
NC_003071.7:13335824-13338077	NC_003070.9	91.250	80	6	1	2	81	12328714	12328636	7.02e-22	108
NC_003071.7:13335824-13338077	NC_003070.9	90.244	82	6	2	1	81	3413553	3413633	2.53e-21	106
NC_003071.7:13335824-13338077	NC_003070.9	90.244	82	7	1	4	85	19769830	19769750	2.53e-21	106
NC_003071.7:13335824-13338077	NC_003070.9	89.024	82	7	2	1	81	19724755	19724835	1.17e-19	100
NC_003071.7:13335824-13338077	NC_003070.9	88.372	86	7	3	4	89	22621378	22621296	1.17e-19	100
NC_003071.7:13064505-13068399	NC_003071.7	100.000	3895	0	0	1	3895	13064505	13068399	0.0	7193
NC_003071.7:13064505-13068399	NC_003071.7	93.385	1164	47	11	782	1920	10037346	10038504	0.0	1696
NC_003071.7:13064505-13068399	NC_003071.7	94.112	1121	44	9	2782	3894	10038922	10040028	0.0	1685
NC_003071.7:13064505-13068399	NC_003071.7	92.755	773	44	7	4	772	10036535	10037299	0.0	1107
NC_003071.7:13064505-13068399	NC_003071.7	93.147	394	21	5	2603	2990	10038642	10039035	1.00e-161	573
NC_003071.7:13064505-13068399	NC_003071.7	89.367	395	34	5	2782	3171	1323554	1323945	1.04e-136	490
NC_003071.7:13064505-13068399	NC_003071.7	89.209	278	25	5	337	610	1322856	1323132	3.07e-92	342
NC_003071.7:13064505-13068399	NC_003071.7	96.078	102	2	1	2103	2202	10038544	10038645	7.13e-39	165
NC_003071.7:13064505-13068399	NC_003071.7	88.235	136	8	6	2287	2414	13066433	13066568	4.29e-36	156
NC_003071.7:13064505-13068399	NC_003071.7	88.235	136	8	6	1929	2064	13066791	13066918	4.29e-36	156
NC_003071.7:13064505-13068399	NC_003071.7	86.765	136	10	4	2623	2751	1323341	1323475	9.29e-33	145
NC_003071.7:13064505-13068399	NC_003071.7	88.393	112	12	1	2782	2893	10039021	10039131	2.01e-29	134
NC_003071.7:13064505-13068399	NC_003071.7	84.167	120	16	2	2782	2901	1323653	1323769	2.62e-23	113
NC_003071.7:13064505-13068399	NC_003071.7	96.296	54	2	0	2022	2075	10038502	10038555	4.42e-16	89.8
NC_003071.7:13064505-13068399	NC_003076.8	94.774	1129	37	13	2782	3894	10161394	10162516	0.0	1738
NC_003071.7:13064505-13068399	NC_003076.8	92.902	1113	61	12	1	1106	15198080	15196979	0.0	1602
NC_003071.7:13064505-13068399	NC_003076.8	90.714	1023	28	20	974	1963	10152043	10153031	0.0	1301
NC_003071.7:13064505-13068399	NC_003076.8	89.304	776	60	14	143	908	10151281	10152043	0.0	952
NC_003071.7:13064505-13068399	NC_003076.8	92.929	396	20	7	2603	2990	10161114	10161509	1.29e-160	569
NC_003071.7:13064505-13068399	NC_003076.8	93.147	394	15	7	2882	3269	15194884	15194497	4.65e-160	568
NC_003071.7:13064505-13068399	NC_003076.8	85.661	537	62	10	24	555	20266957	20266431	4.69e-155	551
NC_003071.7:13064505-13068399	NC_003076.8	86.410	493	30	15	2425	2914	15195217	15194759	3.70e-141	505
NC_003071.7:13064505-13068399	NC_003076.8	91.716	338	15	8	1443	1779	15196726	15196401	1.05e-126	457
NC_003071.7:13064505-13068399	NC_003076.8	93.952	248	6	4	1156	1394	15196969	15196722	1.82e-99	366
NC_003071.7:13064505-13068399	NC_003076.8	95.516	223	8	1	2199	2419	15196023	15195801	3.94e-96	355
NC_003071.7:13064505-13068399	NC_003076.8	96.172	209	7	1	1789	1996	15196276	15196068	1.10e-91	340
NC_003071.7:13064505-13068399	NC_003076.8	95.312	128	6	0	1948	2075	10160901	10161028	1.51e-50	204
NC_003071.7:13064505-13068399	NC_003076.8	98.020	101	1	1	2103	2202	10161017	10161117	1.19e-41	174
NC_003071.7:13064505-13068399	NC_003076.8	91.589	107	7	2	2310	2414	10160911	10161017	2.58e-33	147
NC_003071.7:13064505-13068399	NC_003076.8	88.393	112	12	1	2782	2893	10161495	10161605	2.01e-29	134
NC_003071.7:13064505-13068399	NC_003076.8	89.024	82	7	1	1188	1267	15196720	15196639	2.04e-19	100
NC_003071.7:13064505-13068399	NC_003074.8	91.094	1033	57	16	100	1106	16994740	16993717	0.0	1365
NC_003071.7:13064505-13068399	NC_003074.8	95.610	615	23	4	1171	1783	16993688	16993076	0.0	983
NC_003071.7:13064505-13068399	NC_003074.8	92.966	526	26	9	3366	3887	16993081	16992563	0.0	756
NC_003071.7:13064505-13068399	NC_003074.8	90.529	454	26	6	3	454	16995868	16995430	4.62e-165	584
NC_003071.7:13064505-13068399	NC_003074.8	90.305	361	23	9	100	454	16995435	16995081	2.26e-128	462
NC_003071.7:13064505-13068399	NC_003074.8	89.474	361	23	12	100	454	16995086	16994735	2.94e-122	442
NC_003071.7:13064505-13068399	NC_003074.8	89.552	268	27	1	3	269	18727104	18726837	3.97e-91	339
NC_003071.7:13064505-13068399	NC_003074.8	84.239	368	33	15	3538	3894	18724049	18723696	5.14e-90	335
NC_003071.7:13064505-13068399	NC_003070.9	85.973	884	59	25	783	1623	17512375	17513236	0.0	885
NC_003071.7:13064505-13068399	NC_003070.9	88.872	656	40	14	966	1599	19237028	19236384	0.0	776
NC_003071.7:13064505-13068399	NC_003070.9	89.860	572	41	13	3317	3885	19944834	19945391	0.0	719
NC_003071.7:13064505-13068399	NC_003070.9	88.517	627	27	27	1800	2419	19235763	19235175	0.0	717
NC_003071.7:13064505-13068399	NC_003070.9	88.149	616	50	8	1	610	10524715	10525313	0.0	712
NC_003071.7:13064505-13068399	NC_003070.9	89.175	582	46	14	3317	3895	10529111	10529678	0.0	710
NC_003071.7:13064505-13068399	NC_003070.9	88.111	614	50	8	3	610	19941384	19941980	0.0	708
NC_003071.7:13064505-13068399	NC_003070.9	89.273	578	40	20	3317	3886	9547703	9547140	0.0	704
NC_003071.7:13064505-13068399	NC_003070.9	89.100	578	33	17	1848	2418	17513556	17514110	0.0	691
NC_003071.7:13064505-13068399	NC_003070.9	87.500	544	33	7	2784	3323	12335176	12335688	2.13e-168	595
NC_003071.7:13064505-13068399	NC_003070.9	87.363	546	32	8	2784	3323	19942405	19942919	2.76e-167	592
NC_003071.7:13064505-13068399	NC_003070.9	87.179	546	33	8	2784	3323	9549543	9549029	1.28e-165	586
NC_003071.7:13064505-13068399	NC_003070.9	87.821	468	40	14	3317	3780	12338028	12338482	1.70e-149	532
NC_003071.7:13064505-13068399	NC_003070.9	90.281	391	30	4	3	391	19237401	19237017	3.70e-141	505
NC_003071.7:13064505-13068399	NC_003070.9	96.610	295	8	2	1478	1771	19236384	19236091	3.73e-136	488
NC_003071.7:13064505-13068399	NC_003070.9	86.383	470	25	9	2784	3246	10525738	10526175	8.07e-133	477
NC_003071.7:13064505-13068399	NC_003070.9	89.851	335	27	3	283	610	12334418	12334752	1.07e-116	424
NC_003071.7:13064505-13068399	NC_003070.9	86.111	360	34	12	1929	2280	17513975	17514326	1.09e-101	374
NC_003071.7:13064505-13068399	NC_003070.9	87.311	331	29	6	283	610	9550286	9549966	1.82e-99	366
NC_003071.7:13064505-13068399	NC_003070.9	90.299	268	25	1	3	269	12333648	12333915	1.83e-94	350
NC_003071.7:13064505-13068399	NC_003070.9	89.925	268	26	1	3	269	9551057	9550790	8.54e-93	344
NC_003071.7:13064505-13068399	NC_003070.9	81.948	421	59	13	3407	3812	12306575	12306993	1.10e-91	340
NC_003071.7:13064505-13068399	NC_003070.9	92.486	173	12	1	2613	2784	12334955	12335127	2.48e-63	246
NC_003071.7:13064505-13068399	NC_003070.9	88.462	208	19	4	49	255	12620781	12620984	2.48e-63	246
NC_003071.7:13064505-13068399	NC_003070.9	92.486	173	12	1	2613	2784	19942184	19942356	2.48e-63	246
NC_003071.7:13064505-13068399	NC_003070.9	91.429	175	14	1	2613	2786	10525517	10525691	4.14e-61	239
NC_003071.7:13064505-13068399	NC_003070.9	91.329	173	14	1	2613	2784	9549764	9549592	5.36e-60	235
NC_003071.7:13064505-13068399	NC_003070.9	96.241	133	4	1	641	772	17512195	17512327	1.94e-54	217
NC_003071.7:13064505-13068399	NC_003070.9	90.260	154	15	0	18	171	12618481	12618634	5.44e-50	202
NC_003071.7:13064505-13068399	NC_003070.9	89.308	159	16	1	1105	1262	19236616	19236458	7.03e-49	198
NC_003071.7:13064505-13068399	NC_003070.9	85.535	159	15	6	1105	1262	17512987	17513138	3.32e-37	159
NC_003071.7:13064505-13068399	NC_003070.9	86.607	112	14	1	2782	2893	19942502	19942612	4.35e-26	122
NC_003071.7:13064505-13068399	NC_003070.9	95.833	72	3	0	1708	1779	17513235	17513306	2.03e-24	117
NC_003071.7:13064505-13068399	NC_003070.9	83.929	112	17	1	2782	2893	10525835	10525945	4.39e-21	106
NC_003071.7:13064505-13068399	NC_003070.9	97.917	48	1	0	1789	1836	17513423	17513470	2.05e-14	84.2
NC_003071.7:13064505-13068399	NC_003075.7	86.270	437	45	10	1828	2253	9493835	9494267	8.12e-128	460
NC_003071.7:13064505-13068399	NC_003075.7	87.879	264	25	7	1526	1785	9493347	9493607	1.45e-80	303
NC_003071.7:13064505-13068399	NC_003075.7	84.466	309	31	9	2782	3076	7716949	7717254	4.06e-76	289
NC_003071.7:13064505-13068399	NC_003075.7	88.000	200	20	4	1066	1264	9493091	9493287	1.93e-59	233
NC_003075.7:10529162-10529503	NC_003075.7	100.000	342	0	0	1	342	10529503	10529162	1.33e-180	632
NC_003075.7:10529162-10529503	NC_003075.7	88.427	337	33	1	3	339	725649	725979	4.09e-111	401
NC_003075.7:10529162-10529503	NC_003075.7	86.631	187	24	1	153	339	1823414	1823599	3.45e-52	206
NC_003075.7:10529162-10529503	NC_003070.9	95.614	342	15	0	1	342	21132099	21131758	1.38e-155	549
NC_003075.7:10529162-10529503	NC_003070.9	90.936	342	30	1	1	342	7202126	7202466	2.40e-128	459
NC_003075.7:10529162-10529503	NC_003074.8	94.586	314	17	0	3	316	9346479	9346792	1.10e-136	486
NC_003075.7:10529162-10529503	NC_003074.8	85.938	256	29	5	88	342	8574728	8574479	1.56e-70	267
NC_003075.7:10529162-10529503	NC_003074.8	87.166	187	24	0	153	339	17576039	17575853	2.06e-54	213
NC_003075.7:10529162-10529503	NC_003071.7	85.758	330	35	7	23	342	18398877	18398550	3.26e-92	339
NC_003075.7:10529162-10529503	NC_003071.7	86.364	308	30	7	34	341	8079500	8079795	2.53e-88	326
NC_003075.7:11224159-11225871	NC_003075.7	100.000	1713	0	0	1	1713	11224159	11225871	0.0	3164
NC_003075.7:11224159-11225871	NC_003075.7	98.541	1714	21	3	1	1712	7348637	7346926	0.0	3024
NC_003075.7:11224159-11225871	NC_003075.7	92.218	1722	114	15	1	1713	5604459	5606169	0.0	2420
NC_003075.7:11224159-11225871	NC_003075.7	83.951	486	55	10	362	838	2340916	2341387	3.57e-123	444
NC_003075.7:11224159-11225871	NC_003075.7	81.955	532	71	17	316	838	12740587	12740072	3.59e-118	427
NC_003075.7:11224159-11225871	NC_003075.7	77.393	491	77	26	1	470	18426669	18426192	3.86e-68	261
NC_003075.7:11224159-11225871	NC_003075.7	91.892	111	9	0	1	111	6157519	6157629	1.87e-36	156
NC_003075.7:11224159-11225871	NC_003075.7	95.312	64	3	0	1	64	5280339	5280276	2.47e-20	102
NC_003075.7:11224159-11225871	NC_003075.7	94.444	54	3	0	1	54	9368715	9368768	8.96e-15	84.2
NC_003075.7:11224159-11225871	NC_003075.7	83.333	90	13	2	1	90	6339152	6339239	3.22e-14	82.4
NC_003075.7:11224159-11225871	NC_003075.7	91.071	56	1	3	1	54	6140445	6140498	1.94e-11	73.1
NC_003075.7:11224159-11225871	NC_003075.7	81.111	90	15	2	1	90	15816687	15816600	6.97e-11	71.3
NC_003075.7:11224159-11225871	NC_003075.7	81.053	95	11	6	1	90	9079468	9079376	2.51e-10	69.4
NC_003075.7:11224159-11225871	NC_003074.8	96.335	1719	55	4	1	1713	12061957	12063673	0.0	2819
NC_003075.7:11224159-11225871	NC_003074.8	91.126	1465	103	17	1	1452	10202621	10201171	0.0	1960
NC_003075.7:11224159-11225871	NC_003074.8	89.641	1477	105	24	1	1449	9256519	9257975	0.0	1836
NC_003075.7:11224159-11225871	NC_003074.8	90.581	775	60	11	4	770	15189169	15189938	0.0	1014
NC_003075.7:11224159-11225871	NC_003074.8	91.538	260	20	2	1455	1713	10200901	10200643	4.78e-97	357
NC_003075.7:11224159-11225871	NC_003074.8	90.157	254	23	2	1455	1708	9258249	9258500	1.04e-88	329
NC_003075.7:11224159-11225871	NC_003074.8	77.959	490	73	27	1	468	11960295	11959819	4.95e-72	274
NC_003075.7:11224159-11225871	NC_003074.8	73.958	384	81	15	1	375	11864305	11863932	6.78e-31	137
NC_003075.7:11224159-11225871	NC_003074.8	84.444	90	12	2	1	90	8492130	8492043	6.93e-16	87.9
NC_003075.7:11224159-11225871	NC_003074.8	83.871	93	12	3	1	90	22215960	22215868	2.49e-15	86.1
NC_003075.7:11224159-11225871	NC_003074.8	94.444	54	3	0	1	54	13823340	13823393	8.96e-15	84.2
NC_003075.7:11224159-11225871	NC_003074.8	94.444	54	3	0	1	54	14127409	14127462	8.96e-15	84.2
NC_003075.7:11224159-11225871	NC_003074.8	94.444	54	3	0	1	54	14142998	14143051	8.96e-15	84.2
NC_003075.7:11224159-11225871	NC_003074.8	92.593	54	4	0	1	54	10201567	10201514	4.17e-13	78.7
NC_003075.7:11224159-11225871	NC_003074.8	90.164	61	4	2	1	60	14559080	14559139	4.17e-13	78.7
NC_003075.7:11224159-11225871	NC_003074.8	92.593	54	4	0	1	54	17150761	17150708	4.17e-13	78.7
NC_003075.7:11224159-11225871	NC_003074.8	90.741	54	3	2	1	53	15874737	15874685	6.97e-11	71.3
NC_003075.7:11224159-11225871	NC_003074.8	79.570	93	13	5	5	94	10049547	10049458	4.20e-08	62.1
NC_003075.7:11224159-11225871	NC_003074.8	96.970	33	1	0	1681	1713	11550994	11550962	1.95e-06	56.5
NC_003075.7:11224159-11225871	NC_003074.8	96.970	33	0	1	1680	1712	8884034	8884065	7.02e-06	54.7
NC_003075.7:11224159-11225871	NC_003074.8	96.970	33	0	1	1680	1712	12358753	12358722	7.02e-06	54.7
NC_003075.7:11224159-11225871	NC_003070.9	95.685	1715	66	6	1	1713	28312631	28310923	0.0	2750
NC_003075.7:11224159-11225871	NC_003070.9	84.016	976	105	26	1	954	13882599	13881653	0.0	891
NC_003075.7:11224159-11225871	NC_003070.9	85.915	852	96	17	5	838	11298501	11299346	0.0	887
NC_003075.7:11224159-11225871	NC_003070.9	83.642	972	121	25	5	954	7834140	7833185	0.0	880
NC_003075.7:11224159-11225871	NC_003070.9	86.750	800	84	17	48	829	16712157	16712952	0.0	870
NC_003075.7:11224159-11225871	NC_003070.9	83.099	639	74	20	330	954	7132972	7132354	2.04e-155	551
NC_003075.7:11224159-11225871	NC_003070.9	94.985	339	13	3	1117	1452	13347431	13347094	9.57e-149	529
NC_003075.7:11224159-11225871	NC_003070.9	86.620	426	52	5	1	421	1276614	1276189	7.61e-130	466
NC_003075.7:11224159-11225871	NC_003070.9	86.620	426	50	6	1	421	8578067	8577644	2.74e-129	464
NC_003075.7:11224159-11225871	NC_003070.9	81.238	517	55	27	460	963	8577646	8577159	1.02e-103	379
NC_003075.7:11224159-11225871	NC_003070.9	85.985	264	31	5	2	260	16709990	16710252	3.83e-73	278
NC_003075.7:11224159-11225871	NC_003070.9	90.196	102	10	0	1	102	19054421	19054522	8.77e-30	134
NC_003075.7:11224159-11225871	NC_003070.9	87.179	78	9	1	1	77	26551573	26551650	6.93e-16	87.9
NC_003075.7:11224159-11225871	NC_003070.9	94.444	54	3	0	1	54	9862694	9862747	8.96e-15	84.2
NC_003075.7:11224159-11225871	NC_003070.9	90.741	54	3	2	1	53	9138319	9138267	6.97e-11	71.3
NC_003075.7:11224159-11225871	NC_003070.9	100.000	29	0	0	1685	1713	19780327	19780299	7.02e-06	54.7
NC_003075.7:11224159-11225871	NC_003076.8	96.499	1171	38	2	544	1712	10370999	10372168	0.0	1932
NC_003075.7:11224159-11225871	NC_003076.8	97.288	848	19	1	1	848	3018686	3019529	0.0	1435
NC_003075.7:11224159-11225871	NC_003076.8	84.845	970	97	28	1	954	13520835	13519900	0.0	931
NC_003075.7:11224159-11225871	NC_003076.8	97.441	547	11	3	1	546	10369950	10370494	0.0	929
NC_003075.7:11224159-11225871	NC_003076.8	85.748	842	96	14	1	828	11276306	11275475	0.0	869
NC_003075.7:11224159-11225871	NC_003076.8	82.410	830	98	30	6	813	13651962	13651159	0.0	680
NC_003075.7:11224159-11225871	NC_003076.8	83.750	720	79	24	132	838	12547694	12548388	0.0	647
NC_003075.7:11224159-11225871	NC_003076.8	91.143	350	23	3	1051	1400	11313459	11313118	2.12e-130	468
NC_003075.7:11224159-11225871	NC_003076.8	90.310	258	24	1	1455	1712	11312829	11312573	6.23e-91	337
NC_003075.7:11224159-11225871	NC_003076.8	77.688	493	73	26	1	470	18554907	18555385	8.29e-70	267
NC_003075.7:11224159-11225871	NC_003076.8	78.704	324	47	17	1	306	9222037	9222356	1.10e-48	196
NC_003075.7:11224159-11225871	NC_003076.8	81.466	232	35	8	1	229	9616973	9616747	8.59e-45	183
NC_003075.7:11224159-11225871	NC_003076.8	92.857	112	7	1	1	111	3903105	3903216	4.02e-38	161
NC_003075.7:11224159-11225871	NC_003076.8	90.991	111	10	0	1	111	10271034	10270924	8.71e-35	150
NC_003075.7:11224159-11225871	NC_003076.8	90.090	111	11	0	1	111	17578477	17578587	4.05e-33	145
NC_003075.7:11224159-11225871	NC_003076.8	73.791	393	73	25	1	379	11641110	11640734	4.08e-28	128
NC_003075.7:11224159-11225871	NC_003076.8	94.444	54	3	0	1	54	13829286	13829233	8.96e-15	84.2
NC_003075.7:11224159-11225871	NC_003076.8	91.071	56	3	2	1	55	17360102	17360048	5.39e-12	75.0
NC_003075.7:11224159-11225871	NC_003076.8	90.566	53	5	0	1	53	22620858	22620910	6.97e-11	71.3
NC_003075.7:11224159-11225871	NC_003076.8	100.000	29	0	0	1685	1713	16212142	16212170	7.02e-06	54.7
NC_003075.7:11224159-11225871	NC_003071.7	91.299	862	64	10	1	856	6682172	6683028	0.0	1166
NC_003075.7:11224159-11225871	NC_003071.7	82.377	993	132	26	1	954	1691163	1692151	0.0	824
NC_003075.7:11224159-11225871	NC_003071.7	88.084	428	43	8	1	422	1948493	1948068	2.09e-140	501
NC_003075.7:11224159-11225871	NC_003071.7	87.381	420	47	6	1	415	5836746	5837164	3.52e-133	477
NC_003075.7:11224159-11225871	NC_003071.7	86.047	430	50	9	1	421	1963673	1963245	5.93e-126	453
NC_003075.7:11224159-11225871	NC_003071.7	82.480	508	53	15	460	957	1963247	1962766	1.01e-113	412
NC_003075.7:11224159-11225871	NC_003071.7	80.483	538	61	22	454	981	1948075	1947572	1.71e-101	372
NC_003075.7:11224159-11225871	NC_003071.7	81.844	358	32	12	605	954	5837232	5837564	6.41e-71	270
NC_003075.7:11224159-11225871	NC_003071.7	76.429	560	94	30	1	533	4355712	4355164	2.30e-70	268
NC_003075.7:11224159-11225871	NC_003071.7	76.721	494	74	30	1	470	721903	722379	6.50e-61	237
NC_003075.7:11224159-11225871	NC_003071.7	85.083	181	17	5	1	179	4450809	4450981	1.44e-42	176
NC_003075.7:11224159-11225871	NC_003071.7	91.150	113	7	3	1	111	2139932	2139821	8.71e-35	150
NC_003075.7:11224159-11225871	NC_003071.7	90.179	112	10	1	1	111	8236261	8236372	4.05e-33	145
NC_003075.7:11224159-11225871	NC_003071.7	75.862	261	45	14	1	249	1988687	1988941	8.83e-25	117
NC_003075.7:11224159-11225871	NC_003071.7	83.871	93	13	2	1	91	1076408	1076316	6.93e-16	87.9
NC_003075.7:11224159-11225871	NC_003071.7	83.871	93	12	3	1	90	2297111	2297203	2.49e-15	86.1
NC_003075.7:11224159-11225871	NC_003071.7	94.444	54	3	0	1	54	6629874	6629821	8.96e-15	84.2
NC_003075.7:11224159-11225871	NC_003071.7	92.593	54	4	0	1	54	6288838	6288785	4.17e-13	78.7
NC_003075.7:11224159-11225871	NC_003071.7	90.000	50	5	0	1663	1712	6683064	6683113	3.24e-09	65.8
NC_003075.7:11224159-11225871	NC_003071.7	100.000	29	0	0	1685	1713	6263177	6263205	7.02e-06	54.7
NC_003075.7:10283830-10286990	NC_003075.7	100.000	3161	0	0	1	3161	10283830	10286990	0.0	5838
NC_003075.7:10283830-10286990	NC_003071.7	98.417	3033	40	7	129	3161	3583654	3580630	0.0	5328
NC_003075.7:10283830-10286990	NC_003071.7	80.671	507	74	14	1636	2125	5159542	5159043	3.17e-101	372
NC_003075.7:10283830-10286990	NC_003071.7	77.852	596	78	35	2573	3146	1790541	1789978	1.17e-85	320
NC_003075.7:10283830-10286990	NC_003071.7	96.154	130	5	0	1	130	3584074	3583945	2.03e-53	213
NC_003075.7:10283830-10286990	NC_003070.9	97.684	3022	41	7	129	3142	20826633	20823633	0.0	5166
NC_003075.7:10283830-10286990	NC_003070.9	95.385	130	5	1	1	130	20827227	20827099	3.41e-51	206
NC_003075.7:10283830-10286990	NC_003070.9	94.828	116	5	1	15	130	20827039	20826925	2.06e-43	180
NC_003075.7:10283830-10286990	NC_003074.8	97.901	2859	35	5	297	3134	19776811	19779665	0.0	4924
NC_003075.7:10283830-10286990	NC_003074.8	92.285	1037	62	8	2123	3148	11850301	11851330	0.0	1456
NC_003075.7:10283830-10286990	NC_003074.8	92.021	752	42	6	874	1608	11848616	11849366	0.0	1040
NC_003075.7:10283830-10286990	NC_003074.8	94.043	470	21	3	168	630	11848126	11848595	0.0	706
NC_003075.7:10283830-10286990	NC_003074.8	91.000	500	34	8	1570	2062	11849363	11849858	0.0	664
NC_003075.7:10283830-10286990	NC_003074.8	98.326	239	3	1	631	868	19884381	19884619	4.02e-115	418
NC_003075.7:10283830-10286990	NC_003074.8	83.740	369	30	21	2430	2795	16347548	16347889	3.24e-86	322
NC_003075.7:10283830-10286990	NC_003074.8	84.387	269	23	11	1653	1904	11432439	11432173	2.01e-63	246
NC_003075.7:10283830-10286990	NC_003074.8	96.774	93	3	0	168	260	11847725	11847817	3.48e-36	156
NC_003075.7:10283830-10286990	NC_003074.8	97.561	41	0	1	129	169	11847658	11847697	4.66e-10	69.4
NC_003075.7:10283830-10286990	NC_003074.8	97.561	41	0	1	129	169	11848059	11848098	4.66e-10	69.4
NC_003075.7:10283830-10286990	NC_003076.8	82.044	685	83	22	2430	3086	15087297	15086625	4.91e-154	547
NC_003075.7:11751722-11752252	NC_003075.7	100.000	531	0	0	1	531	11751722	11752252	0.0	981
NC_003075.7:11751722-11752252	NC_003071.7	98.117	531	8	1	1	531	9837019	9836491	0.0	924
NC_003075.7:11751722-11752252	NC_003071.7	91.667	252	14	6	282	531	723372	723126	4.01e-93	342
NC_003075.7:11751722-11752252	NC_003070.9	97.175	531	10	3	1	531	11783037	11782512	0.0	893
NC_003075.7:11751722-11752252	NC_003070.9	87.562	201	20	3	333	531	12136829	12136632	1.17e-58	228
NC_003075.7:11751722-11752252	NC_003076.8	90.018	541	39	9	1	531	6171681	6171146	0.0	686
NC_003075.7:11751722-11752252	NC_003074.8	81.319	546	60	24	7	531	1342236	1341712	5.04e-112	405
NC_003075.7:11751722-11752252	NC_003074.8	85.200	250	27	7	1	243	2920514	2920268	8.99e-65	248
NC_003075.7:16705423-16705864	NC_003075.7	100.000	442	0	0	1	442	16705423	16705864	0.0	817
NC_003075.7:16705423-16705864	NC_003075.7	94.558	441	22	2	2	441	12714137	12713698	0.0	680
NC_003075.7:16705423-16705864	NC_003075.7	92.517	441	29	4	1	440	2316526	2316089	2.27e-179	628
NC_003075.7:16705423-16705864	NC_003075.7	92.255	439	34	0	3	441	4650110	4650548	1.06e-177	623
NC_003075.7:16705423-16705864	NC_003075.7	92.255	439	34	0	3	441	4685638	4686076	1.06e-177	623
NC_003075.7:16705423-16705864	NC_003075.7	90.029	341	33	1	1	341	4906332	4905993	1.14e-122	440
NC_003075.7:16705423-16705864	NC_003075.7	90.667	75	7	0	342	416	15592000	15591926	2.20e-20	100
NC_003075.7:16705423-16705864	NC_003074.8	91.837	441	36	0	1	441	16851844	16851404	1.77e-175	616
NC_003075.7:16705423-16705864	NC_003074.8	91.610	441	37	0	1	441	15783153	15783593	8.22e-174	610
NC_003075.7:16705423-16705864	NC_003074.8	91.781	438	35	1	3	440	18976720	18977156	2.96e-173	608
NC_003075.7:16705423-16705864	NC_003074.8	91.587	416	35	0	3	418	15642913	15643328	3.00e-163	575
NC_003075.7:16705423-16705864	NC_003074.8	90.000	440	44	0	3	442	19648580	19648141	1.40e-161	569
NC_003075.7:16705423-16705864	NC_003074.8	89.954	438	43	1	3	440	10791549	10791113	6.49e-160	564
NC_003075.7:16705423-16705864	NC_003074.8	88.621	290	33	0	152	441	10908292	10908003	1.53e-96	353
NC_003075.7:16705423-16705864	NC_003076.8	91.403	442	36	2	2	441	8178108	8177667	3.82e-172	604
NC_003075.7:16705423-16705864	NC_003076.8	91.847	417	32	2	3	418	17438315	17438730	6.45e-165	580
NC_003075.7:16705423-16705864	NC_003076.8	88.356	438	38	4	3	440	15213323	15212899	6.63e-145	514
NC_003075.7:16705423-16705864	NC_003076.8	88.235	102	12	0	339	440	18147806	18147907	4.70e-27	122
NC_003075.7:16705423-16705864	NC_003070.9	91.403	442	37	1	1	442	9062082	9062522	3.82e-172	604
NC_003075.7:16705423-16705864	NC_003070.9	89.545	440	46	0	3	442	10652930	10652491	3.02e-158	558
NC_003075.7:16705423-16705864	NC_003070.9	89.522	439	32	4	3	440	18287193	18287618	8.46e-154	544
NC_003075.7:16705423-16705864	NC_003070.9	90.148	406	38	1	3	408	8723513	8723110	8.52e-149	527
NC_003075.7:16705423-16705864	NC_003070.9	91.406	256	22	0	185	440	13808353	13808608	5.50e-96	351
NC_003075.7:16705423-16705864	NC_003070.9	81.364	440	53	17	6	441	16998809	16998395	7.17e-90	331
NC_003075.7:16705423-16705864	NC_003070.9	90.385	104	9	1	339	441	8374654	8374551	6.03e-31	135
NC_003075.7:16705423-16705864	NC_003071.7	90.227	440	42	1	2	441	2820419	2820857	1.08e-162	573
NC_003075.7:16705423-16705864	NC_003071.7	90.000	440	44	0	3	442	2735215	2734776	1.40e-161	569
NC_003075.7:16705423-16705864	NC_003071.7	90.618	437	29	3	1	437	4307705	4307281	1.40e-161	569
NC_003075.7:16705423-16705864	NC_003071.7	89.559	431	45	0	3	433	6946155	6946585	6.54e-155	547
NC_003075.7:16705423-16705864	NC_003071.7	91.892	148	12	0	295	442	511194	511341	1.26e-52	207
NC_003075.7:15220556-15220869	NC_003075.7	100.000	314	0	0	1	314	15220869	15220556	4.47e-165	580
NC_003075.7:15220556-15220869	NC_003075.7	80.189	318	43	15	1	312	15220100	15219797	1.12e-56	220
NC_003075.7:15220556-15220869	NC_003075.7	89.908	109	9	2	206	314	15218204	15218098	3.23e-32	139
NC_003075.7:15220556-15220869	NC_003075.7	89.908	109	9	2	206	314	15219178	15219072	3.23e-32	139
NC_003075.7:15220556-15220869	NC_003075.7	89.908	109	9	2	206	314	15241612	15241718	3.23e-32	139
NC_003075.7:15220556-15220869	NC_003075.7	88.991	109	10	2	206	314	15217193	15217087	1.50e-30	134
NC_003075.7:15220556-15220869	NC_003075.7	88.393	112	11	2	203	314	15242129	15242238	1.50e-30	134
NC_003075.7:15220556-15220869	NC_003075.7	88.991	109	8	4	206	313	15219665	15219560	5.41e-30	132
NC_003075.7:15220556-15220869	NC_003075.7	88.073	109	11	2	206	314	15217717	15217611	6.99e-29	128
NC_003075.7:15220556-15220869	NC_003075.7	88.073	109	11	2	206	314	15218691	15218585	6.99e-29	128
NC_003075.7:15220556-15220869	NC_003075.7	88.073	109	11	2	206	314	15219421	15219315	6.99e-29	128
NC_003075.7:15220556-15220869	NC_003075.7	88.073	109	11	2	206	314	15241125	15241231	6.99e-29	128
NC_003075.7:15220556-15220869	NC_003075.7	89.362	94	8	2	221	314	15240897	15240988	1.51e-25	117
NC_003075.7:15220556-15220869	NC_003075.7	88.372	86	9	1	206	291	15217476	15217392	4.24e-21	102
NC_003075.7:15220556-15220869	NC_003075.7	87.640	89	10	1	203	291	15241846	15241933	4.24e-21	102
NC_003075.7:15220556-15220869	NC_003076.8	87.857	140	14	3	8	145	25770700	25770838	6.90e-39	161
NC_003075.7:16863233-16865071	NC_003075.7	100.000	1839	0	0	1	1839	16865071	16863233	0.0	3397
NC_003075.7:16863233-16865071	NC_003075.7	96.304	1001	34	3	811	1809	5540316	5539317	0.0	1640
NC_003075.7:16863233-16865071	NC_003075.7	94.920	1004	45	4	810	1810	1350657	1351657	0.0	1567
NC_003075.7:16863233-16865071	NC_003075.7	94.821	1004	49	2	811	1811	8064703	8065706	0.0	1563
NC_003075.7:16863233-16865071	NC_003075.7	94.616	1003	49	4	810	1810	11193273	11192274	0.0	1548
NC_003075.7:16863233-16865071	NC_003075.7	94.345	1008	50	5	808	1810	11361941	11362946	0.0	1539
NC_003075.7:16863233-16865071	NC_003075.7	94.311	1002	50	6	810	1809	8729397	8728401	0.0	1528
NC_003075.7:16863233-16865071	NC_003075.7	93.831	1005	45	6	810	1809	4147190	4148182	0.0	1496
NC_003075.7:16863233-16865071	NC_003075.7	92.942	1006	61	6	811	1814	1000912	999915	0.0	1456
NC_003075.7:16863233-16865071	NC_003075.7	92.836	1005	66	4	810	1810	371789	370787	0.0	1452
NC_003075.7:16863233-16865071	NC_003075.7	92.217	1015	69	9	810	1819	6166167	6165158	0.0	1428
NC_003075.7:16863233-16865071	NC_003075.7	96.054	811	27	5	2	808	5541389	5540580	0.0	1315
NC_003075.7:16863233-16865071	NC_003075.7	95.926	810	28	5	2	808	8730453	8729646	0.0	1308
NC_003075.7:16863233-16865071	NC_003075.7	95.690	812	29	6	2	808	11360870	11361680	0.0	1301
NC_003075.7:16863233-16865071	NC_003075.7	95.561	811	31	5	1	808	4146125	4146933	0.0	1293
NC_003075.7:16863233-16865071	NC_003075.7	95.438	811	32	5	2	808	1349585	1350394	0.0	1288
NC_003075.7:16863233-16865071	NC_003075.7	93.470	827	34	4	2	808	1002007	1001181	0.0	1210
NC_003075.7:16863233-16865071	NC_003075.7	94.066	792	45	2	1019	1810	683570	684359	0.0	1201
NC_003075.7:16863233-16865071	NC_003075.7	94.163	771	44	1	1040	1809	10396119	10395349	0.0	1173
NC_003075.7:16863233-16865071	NC_003075.7	92.150	828	41	7	2	808	10397385	10396561	0.0	1147
NC_003075.7:16863233-16865071	NC_003075.7	92.748	786	35	10	2	768	9763814	9763032	0.0	1116
NC_003075.7:16863233-16865071	NC_003075.7	92.611	785	38	14	2	768	9842608	9841826	0.0	1110
NC_003075.7:16863233-16865071	NC_003075.7	92.578	741	30	8	90	808	8063697	8064434	0.0	1040
NC_003075.7:16863233-16865071	NC_003075.7	94.841	659	30	3	962	1619	965061	964406	0.0	1026
NC_003075.7:16863233-16865071	NC_003075.7	87.831	830	66	17	2	808	2622006	2621189	0.0	941
NC_003075.7:16863233-16865071	NC_003075.7	90.017	591	38	8	236	808	314144	313557	0.0	745
NC_003075.7:16863233-16865071	NC_003075.7	89.519	582	37	12	247	809	9438920	9439496	0.0	715
NC_003075.7:16863233-16865071	NC_003075.7	91.028	535	35	9	1281	1812	14390783	14390259	0.0	710
NC_003075.7:16863233-16865071	NC_003075.7	88.721	594	40	9	236	808	7060559	7059972	0.0	701
NC_003075.7:16863233-16865071	NC_003075.7	93.350	406	26	1	236	641	6178585	6178989	7.73e-170	599
NC_003075.7:16863233-16865071	NC_003075.7	92.271	414	26	6	232	642	6279131	6279541	7.79e-165	582
NC_003075.7:16863233-16865071	NC_003075.7	90.642	374	22	6	1408	1780	7853284	7852923	2.26e-135	484
NC_003075.7:16863233-16865071	NC_003075.7	97.244	254	5	2	2	254	7853533	7853281	1.07e-118	429
NC_003075.7:16863233-16865071	NC_003075.7	90.805	261	16	8	1	258	7060699	7060444	1.44e-92	342
NC_003075.7:16863233-16865071	NC_003075.7	90.769	260	17	7	2	257	6178448	6178704	5.17e-92	340
NC_003075.7:16863233-16865071	NC_003075.7	90.763	249	17	5	2	247	5354114	5354359	4.03e-88	327
NC_003075.7:16863233-16865071	NC_003075.7	89.655	261	21	6	2	257	5354476	5354735	4.03e-88	327
NC_003075.7:16863233-16865071	NC_003075.7	75.857	671	114	28	1126	1788	7572217	7572847	3.16e-79	298
NC_003075.7:16863233-16865071	NC_003075.7	80.198	404	61	17	1225	1620	7593705	7593313	2.46e-75	285
NC_003075.7:16863233-16865071	NC_003075.7	96.491	171	4	1	810	978	10396290	10396120	3.18e-74	281
NC_003075.7:16863233-16865071	NC_003075.7	95.266	169	6	1	811	977	965502	965334	8.91e-70	267
NC_003075.7:16863233-16865071	NC_003075.7	85.714	259	19	9	2	257	314269	314026	5.36e-67	257
NC_003075.7:16863233-16865071	NC_003075.7	85.657	251	18	6	2	252	9438785	9439017	3.23e-64	248
NC_003075.7:16863233-16865071	NC_003075.7	83.630	281	22	10	372	642	3897173	3896907	1.50e-62	243
NC_003075.7:16863233-16865071	NC_003075.7	84.496	258	15	8	2	257	6279022	6279256	3.25e-59	231
NC_003075.7:16863233-16865071	NC_003075.7	95.804	143	3	2	2	144	8063577	8063716	4.20e-58	228
NC_003075.7:16863233-16865071	NC_003075.7	75.699	465	85	20	1317	1776	2262877	2262436	5.48e-52	207
NC_003075.7:16863233-16865071	NC_003075.7	89.157	166	17	1	640	804	3893999	3893834	1.97e-51	206
NC_003075.7:16863233-16865071	NC_003075.7	76.307	287	59	9	1527	1809	12335549	12335830	4.35e-33	145
NC_003075.7:16863233-16865071	NC_003075.7	91.579	95	6	1	1209	1301	8802411	8802505	1.22e-28	130
NC_003075.7:16863233-16865071	NC_003075.7	84.615	130	17	2	1683	1809	15441780	15441651	1.58e-27	126
NC_003075.7:16863233-16865071	NC_003075.7	93.902	82	3	2	2	82	2520884	2520964	2.04e-26	122
NC_003075.7:16863233-16865071	NC_003075.7	92.593	81	6	0	2	82	683213	683293	9.49e-25	117
NC_003075.7:16863233-16865071	NC_003075.7	91.358	81	7	0	2	82	372086	372006	4.42e-23	111
NC_003075.7:16863233-16865071	NC_003075.7	92.308	78	6	0	5	82	11193567	11193490	4.42e-23	111
NC_003075.7:16863233-16865071	NC_003075.7	90.123	81	8	0	2	82	14390988	14390908	2.05e-21	106
NC_003075.7:16863233-16865071	NC_003075.7	81.250	128	17	4	1683	1809	963984	963863	1.24e-18	97.1
NC_003075.7:16863233-16865071	NC_003075.7	87.805	82	10	0	1	82	6166465	6166384	1.24e-18	97.1
NC_003075.7:16863233-16865071	NC_003075.7	85.484	62	4	4	1752	1809	3359174	3359234	1.62e-07	60.2
NC_003075.7:16863233-16865071	NC_003074.8	97.291	1809	34	4	2	1809	16450786	16452580	0.0	3055
NC_003075.7:16863233-16865071	NC_003074.8	95.427	1006	42	3	808	1811	17276744	17275741	0.0	1600
NC_003075.7:16863233-16865071	NC_003074.8	94.002	1017	38	10	810	1809	17143457	17142447	0.0	1519
NC_003075.7:16863233-16865071	NC_003074.8	93.906	1001	51	5	810	1807	17730237	17731230	0.0	1502
NC_003075.7:16863233-16865071	NC_003074.8	93.574	996	49	2	816	1809	17062368	17061386	0.0	1471
NC_003075.7:16863233-16865071	NC_003074.8	93.320	1003	55	7	810	1809	20787454	20788447	0.0	1471
NC_003075.7:16863233-16865071	NC_003074.8	93.155	1008	56	8	808	1811	22119661	22120659	0.0	1467
NC_003075.7:16863233-16865071	NC_003074.8	93.258	979	54	12	810	1779	10820347	10819372	0.0	1432
NC_003075.7:16863233-16865071	NC_003074.8	92.545	1006	64	6	811	1811	17777068	17778067	0.0	1432
NC_003075.7:16863233-16865071	NC_003074.8	93.198	985	45	8	810	1777	11536889	11537868	0.0	1428
NC_003075.7:16863233-16865071	NC_003074.8	92.369	1009	68	6	811	1811	15938366	15939373	0.0	1428
NC_003075.7:16863233-16865071	NC_003074.8	92.377	997	48	4	816	1809	7995800	7994829	0.0	1395
NC_003075.7:16863233-16865071	NC_003074.8	91.940	1005	57	9	810	1812	9767336	9766354	0.0	1386
NC_003075.7:16863233-16865071	NC_003074.8	91.602	1024	53	14	808	1807	16419438	16420452	0.0	1384
NC_003075.7:16863233-16865071	NC_003074.8	91.650	1006	54	15	810	1810	16562608	16563588	0.0	1365
NC_003075.7:16863233-16865071	NC_003074.8	91.642	1005	50	7	810	1811	15452426	15451453	0.0	1360
NC_003075.7:16863233-16865071	NC_003074.8	95.797	809	32	2	2	808	17301278	17300470	0.0	1304
NC_003075.7:16863233-16865071	NC_003074.8	95.303	809	35	3	2	808	20786399	20787206	0.0	1280
NC_003075.7:16863233-16865071	NC_003074.8	95.191	811	34	5	2	808	17277814	17277005	0.0	1277
NC_003075.7:16863233-16865071	NC_003074.8	94.900	804	35	6	5	804	9386343	9385542	0.0	1253
NC_003075.7:16863233-16865071	NC_003074.8	94.808	809	29	4	2	808	11535844	11536641	0.0	1249
NC_003075.7:16863233-16865071	NC_003074.8	94.451	811	39	5	2	808	15937286	15938094	0.0	1243
NC_003075.7:16863233-16865071	NC_003074.8	94.328	811	42	4	1	808	5745924	5745115	0.0	1240
NC_003075.7:16863233-16865071	NC_003074.8	93.494	830	30	7	2	808	10821446	10820618	0.0	1212
NC_003075.7:16863233-16865071	NC_003074.8	93.696	809	36	3	1	808	17144491	17143697	0.0	1197
NC_003075.7:16863233-16865071	NC_003074.8	93.939	792	46	2	1019	1809	18412509	18413299	0.0	1195
NC_003075.7:16863233-16865071	NC_003074.8	93.813	792	48	1	1019	1809	18019136	18019927	0.0	1190
NC_003075.7:16863233-16865071	NC_003074.8	92.919	805	50	6	1019	1819	13327791	13328592	0.0	1164
NC_003075.7:16863233-16865071	NC_003074.8	93.190	793	51	3	1019	1810	3965358	3966148	0.0	1162
NC_003075.7:16863233-16865071	NC_003074.8	92.261	827	31	14	1	808	17063230	17062418	0.0	1142
NC_003075.7:16863233-16865071	NC_003074.8	92.432	806	34	12	2	803	22118613	22119395	0.0	1125
NC_003075.7:16863233-16865071	NC_003074.8	93.273	773	34	4	810	1579	11503464	11502707	0.0	1123
NC_003075.7:16863233-16865071	NC_003074.8	93.691	745	44	2	1066	1810	10556872	10556131	0.0	1112
NC_003075.7:16863233-16865071	NC_003074.8	92.359	746	45	6	1066	1810	10575084	10574350	0.0	1051
NC_003075.7:16863233-16865071	NC_003074.8	91.440	771	47	3	1040	1810	15485279	15484528	0.0	1040
NC_003075.7:16863233-16865071	NC_003074.8	89.312	814	53	23	2	808	7996636	7995850	0.0	990
NC_003075.7:16863233-16865071	NC_003074.8	93.465	658	36	7	1161	1818	5744486	5743836	0.0	970
NC_003075.7:16863233-16865071	NC_003074.8	95.000	620	27	3	810	1426	10320685	10321303	0.0	970
NC_003075.7:16863233-16865071	NC_003074.8	92.765	622	38	4	1190	1810	9384380	9383765	0.0	893
NC_003075.7:16863233-16865071	NC_003074.8	89.577	662	41	12	169	808	18746356	18747011	0.0	815
NC_003075.7:16863233-16865071	NC_003074.8	90.203	592	38	4	236	808	16879943	16880533	0.0	754
NC_003075.7:16863233-16865071	NC_003074.8	90.186	591	38	4	236	808	9559544	9558956	0.0	752
NC_003075.7:16863233-16865071	NC_003074.8	89.679	591	36	9	236	808	5622169	5622752	0.0	730
NC_003075.7:16863233-16865071	NC_003074.8	89.039	593	39	9	236	808	20485002	20484416	0.0	712
NC_003075.7:16863233-16865071	NC_003074.8	88.851	592	45	8	236	808	1371038	1370449	0.0	708
NC_003075.7:16863233-16865071	NC_003074.8	87.980	599	39	12	236	804	3716481	3717076	0.0	676
NC_003075.7:16863233-16865071	NC_003074.8	87.171	608	38	12	227	808	16173067	16172474	0.0	654
NC_003075.7:16863233-16865071	NC_003074.8	95.355	409	15	4	2	408	16561654	16562060	0.0	647
NC_003075.7:16863233-16865071	NC_003074.8	94.832	387	15	3	810	1194	5744867	5744484	7.73e-170	599
NC_003075.7:16863233-16865071	NC_003074.8	94.778	383	16	2	811	1191	11967951	11968331	3.60e-168	593
NC_003075.7:16863233-16865071	NC_003074.8	95.601	341	12	2	808	1145	9384722	9384382	3.67e-153	544
NC_003075.7:16863233-16865071	NC_003074.8	94.801	327	9	5	2	320	11200624	11200950	6.24e-141	503
NC_003075.7:16863233-16865071	NC_003074.8	94.966	298	12	3	513	808	16562049	16562345	2.94e-129	464
NC_003075.7:16863233-16865071	NC_003074.8	93.069	303	20	1	1019	1321	17299583	17299282	1.38e-122	442
NC_003075.7:16863233-16865071	NC_003074.8	93.772	289	17	1	236	524	10862540	10862827	8.30e-120	433
NC_003075.7:16863233-16865071	NC_003074.8	92.708	288	21	0	1523	1810	11968331	11968618	8.36e-115	416
NC_003075.7:16863233-16865071	NC_003074.8	91.228	285	18	6	242	525	20487006	20486728	3.05e-104	381
NC_003075.7:16863233-16865071	NC_003074.8	92.857	266	9	5	810	1071	17300199	17299940	3.94e-103	377
NC_003075.7:16863233-16865071	NC_003074.8	91.954	261	15	5	2	257	3716342	3716601	3.97e-98	361
NC_003075.7:16863233-16865071	NC_003074.8	94.805	231	12	0	1543	1773	11200950	11201180	3.97e-98	361
NC_003075.7:16863233-16865071	NC_003074.8	91.188	261	18	5	1	257	9559684	9559425	8.60e-95	350
NC_003075.7:16863233-16865071	NC_003074.8	91.188	261	13	9	2	258	20485140	20484886	1.11e-93	346
NC_003075.7:16863233-16865071	NC_003074.8	90.734	259	20	4	2	257	17397300	17397043	1.44e-92	342
NC_003075.7:16863233-16865071	NC_003074.8	89.655	261	22	5	1	257	10862400	10862659	4.03e-88	327
NC_003075.7:16863233-16865071	NC_003074.8	90.043	231	16	6	29	255	2630001	2629774	1.47e-77	292
NC_003075.7:16863233-16865071	NC_003074.8	87.938	257	20	3	1568	1813	8757570	8757826	1.47e-77	292
NC_003075.7:16863233-16865071	NC_003074.8	96.532	173	2	2	810	978	15485452	15485280	8.84e-75	283
NC_003075.7:16863233-16865071	NC_003074.8	85.069	288	13	3	1019	1306	1571723	1571980	8.91e-70	267
NC_003075.7:16863233-16865071	NC_003074.8	93.678	174	8	2	803	973	10557056	10556883	5.36e-67	257
NC_003075.7:16863233-16865071	NC_003074.8	93.220	177	8	3	810	983	10575261	10575086	5.36e-67	257
NC_003075.7:16863233-16865071	NC_003074.8	85.328	259	23	5	2	257	20487142	20486896	6.93e-66	254
NC_003075.7:16863233-16865071	NC_003074.8	97.458	118	3	0	687	804	15452795	15452678	2.55e-50	202
NC_003075.7:16863233-16865071	NC_003074.8	94.488	127	6	1	1686	1811	17299274	17299148	4.26e-48	195
NC_003075.7:16863233-16865071	NC_003074.8	81.545	233	38	3	1579	1811	1571901	1572128	7.13e-46	187
NC_003075.7:16863233-16865071	NC_003074.8	92.188	128	7	3	1693	1819	10321325	10321450	4.29e-43	178
NC_003075.7:16863233-16865071	NC_003074.8	97.170	106	2	1	2	107	16879751	16879855	4.29e-43	178
NC_003075.7:16863233-16865071	NC_003074.8	87.970	133	13	3	1683	1812	11132616	11132748	7.24e-36	154
NC_003075.7:16863233-16865071	NC_003074.8	90.991	111	7	3	1	109	9890048	9890157	1.21e-33	147
NC_003075.7:16863233-16865071	NC_003074.8	86.719	128	14	3	1685	1809	8645212	8645339	2.03e-31	139
NC_003075.7:16863233-16865071	NC_003074.8	95.181	83	2	2	1	82	18018780	18018861	1.22e-28	130
NC_003075.7:16863233-16865071	NC_003074.8	95.062	81	2	2	3	82	17299939	17299860	1.58e-27	126
NC_003075.7:16863233-16865071	NC_003074.8	92.045	88	6	1	38	125	10392129	10392215	2.04e-26	122
NC_003075.7:16863233-16865071	NC_003074.8	93.827	81	5	0	2	82	13327434	13327514	2.04e-26	122
NC_003075.7:16863233-16865071	NC_003074.8	83.824	136	15	7	1683	1811	16234793	16234658	2.04e-26	122
NC_003075.7:16863233-16865071	NC_003074.8	93.827	81	5	0	2	82	18412154	18412234	2.04e-26	122
NC_003075.7:16863233-16865071	NC_003074.8	82.143	140	21	4	1683	1818	6729054	6728915	9.49e-25	117
NC_003075.7:16863233-16865071	NC_003074.8	91.765	85	6	1	2	86	16419144	16419227	9.49e-25	117
NC_003075.7:16863233-16865071	NC_003074.8	98.438	64	1	0	2	65	10557346	10557283	1.23e-23	113
NC_003075.7:16863233-16865071	NC_003074.8	89.888	89	6	3	2	90	9767629	9767544	4.42e-23	111
NC_003075.7:16863233-16865071	NC_003074.8	91.358	81	7	0	2	82	11503761	11503681	4.42e-23	111
NC_003075.7:16863233-16865071	NC_003074.8	91.358	81	7	0	2	82	17729940	17730020	4.42e-23	111
NC_003075.7:16863233-16865071	NC_003074.8	82.031	128	17	3	1683	1810	10681512	10681391	7.39e-21	104
NC_003075.7:16863233-16865071	NC_003074.8	89.024	82	8	1	2	82	17776769	17776850	9.56e-20	100
NC_003075.7:16863233-16865071	NC_003074.8	97.959	49	1	0	810	858	1571662	1571710	2.68e-15	86.1
NC_003075.7:16863233-16865071	NC_003074.8	95.918	49	2	0	811	859	18019076	18019124	1.25e-13	80.5
NC_003075.7:16863233-16865071	NC_003074.8	95.833	48	1	1	811	858	17299642	17299596	1.61e-12	76.8
NC_003075.7:16863233-16865071	NC_003074.8	93.878	49	3	0	810	858	18412448	18412496	5.79e-12	75.0
NC_003075.7:16863233-16865071	NC_003074.8	93.878	49	2	1	810	858	13327731	13327778	2.08e-11	73.1
NC_003075.7:16863233-16865071	NC_003070.9	97.083	1817	39	2	2	1818	4785461	4787263	0.0	3049
NC_003075.7:16863233-16865071	NC_003070.9	96.100	1000	36	2	810	1809	15940182	15941178	0.0	1628
NC_003075.7:16863233-16865071	NC_003070.9	95.509	1002	42	3	810	1809	16904864	16905864	0.0	1598
NC_003075.7:16863233-16865071	NC_003070.9	95.115	1003	42	4	811	1809	11700728	11701727	0.0	1574
NC_003075.7:16863233-16865071	NC_003070.9	94.450	1009	50	3	808	1811	7036285	7037292	0.0	1548
NC_003075.7:16863233-16865071	NC_003070.9	94.439	1007	48	7	811	1814	19994677	19993676	0.0	1543
NC_003075.7:16863233-16865071	NC_003070.9	95.005	981	44	4	811	1787	8115842	8116821	0.0	1535
NC_003075.7:16863233-16865071	NC_003070.9	94.141	1007	53	6	810	1812	19768991	19767987	0.0	1528
NC_003075.7:16863233-16865071	NC_003070.9	94.129	1005	51	5	808	1810	22451008	22452006	0.0	1522
NC_003075.7:16863233-16865071	NC_003070.9	94.018	1003	50	7	810	1809	13059901	13060896	0.0	1511
NC_003075.7:16863233-16865071	NC_003070.9	93.539	1006	57	7	810	1810	18791863	18792865	0.0	1491
NC_003075.7:16863233-16865071	NC_003070.9	93.657	1009	43	11	808	1812	13016838	13015847	0.0	1489
NC_003075.7:16863233-16865071	NC_003070.9	93.426	1004	44	11	811	1809	26170381	26169395	0.0	1469
NC_003075.7:16863233-16865071	NC_003070.9	93.241	1006	50	5	819	1819	19466071	19465079	0.0	1465
NC_003075.7:16863233-16865071	NC_003070.9	93.220	1003	48	7	816	1816	12563207	12562223	0.0	1458
NC_003075.7:16863233-16865071	NC_003070.9	93.193	999	52	3	816	1811	12365009	12365994	0.0	1454
NC_003075.7:16863233-16865071	NC_003070.9	92.899	1014	49	8	808	1812	16326308	16327307	0.0	1452
NC_003075.7:16863233-16865071	NC_003070.9	93.180	997	51	4	816	1809	16825388	16826370	0.0	1448
NC_003075.7:16863233-16865071	NC_003070.9	92.843	1006	59	8	810	1813	3413850	3414844	0.0	1447
NC_003075.7:16863233-16865071	NC_003070.9	92.765	1009	52	6	808	1811	23214529	23215521	0.0	1439
NC_003075.7:16863233-16865071	NC_003070.9	92.475	1010	56	5	810	1817	9817290	9818281	0.0	1426
NC_003075.7:16863233-16865071	NC_003070.9	92.315	1015	60	11	810	1819	28161332	28162333	0.0	1426
NC_003075.7:16863233-16865071	NC_003070.9	91.451	1006	62	6	810	1811	17900959	17901944	0.0	1360
NC_003075.7:16863233-16865071	NC_003070.9	91.352	1006	64	7	810	1811	9866328	9865342	0.0	1354
NC_003075.7:16863233-16865071	NC_003070.9	96.296	810	27	3	2	808	30253107	30252298	0.0	1327
NC_003075.7:16863233-16865071	NC_003070.9	96.168	809	28	3	2	808	11699698	11700505	0.0	1319
NC_003075.7:16863233-16865071	NC_003070.9	96.044	809	30	2	2	808	12330053	12329245	0.0	1315
NC_003075.7:16863233-16865071	NC_003070.9	95.684	811	29	6	2	808	8114770	8115578	0.0	1299
NC_003075.7:16863233-16865071	NC_003070.9	95.679	810	32	3	2	808	9816210	9817019	0.0	1299
NC_003075.7:16863233-16865071	NC_003070.9	95.561	811	32	4	1	808	13058822	13059631	0.0	1295
NC_003075.7:16863233-16865071	NC_003070.9	95.550	809	33	3	2	808	19995734	19994927	0.0	1291
NC_003075.7:16863233-16865071	NC_003070.9	95.438	811	32	5	2	808	19061965	19062774	0.0	1288
NC_003075.7:16863233-16865071	NC_003070.9	95.314	811	32	6	2	808	22994060	22993252	0.0	1282
NC_003075.7:16863233-16865071	NC_003070.9	94.945	811	36	5	2	808	11737393	11736584	0.0	1266
NC_003075.7:16863233-16865071	NC_003070.9	94.881	801	38	2	1010	1809	19063794	19064592	0.0	1249
NC_003075.7:16863233-16865071	NC_003070.9	95.396	782	28	6	811	1589	30254427	30253651	0.0	1238
NC_003075.7:16863233-16865071	NC_003070.9	94.139	819	35	7	2	808	22449931	22450748	0.0	1234
NC_003075.7:16863233-16865071	NC_003070.9	94.328	811	28	7	2	808	501372	500576	0.0	1227
NC_003075.7:16863233-16865071	NC_003070.9	93.833	827	29	7	2	808	12364135	12364959	0.0	1225
NC_003075.7:16863233-16865071	NC_003070.9	93.841	828	25	8	1	808	16824517	16825338	0.0	1223
NC_003075.7:16863233-16865071	NC_003070.9	93.269	832	28	11	1	808	19466950	19466123	0.0	1201
NC_003075.7:16863233-16865071	NC_003070.9	93.237	828	35	8	2	808	26171480	26170653	0.0	1199
NC_003075.7:16863233-16865071	NC_003070.9	93.229	827	35	5	2	808	7035191	7036016	0.0	1197
NC_003075.7:16863233-16865071	NC_003070.9	93.253	830	28	11	2	808	23213666	23214490	0.0	1197
NC_003075.7:16863233-16865071	NC_003070.9	93.939	792	44	4	1019	1810	23876482	23877269	0.0	1194
NC_003075.7:16863233-16865071	NC_003070.9	92.987	827	38	9	1	808	12564082	12563257	0.0	1188
NC_003075.7:16863233-16865071	NC_003070.9	92.771	830	33	10	2	808	16325444	16326269	0.0	1175
NC_003075.7:16863233-16865071	NC_003070.9	92.512	828	40	6	1	808	17899862	17900687	0.0	1166
NC_003075.7:16863233-16865071	NC_003070.9	92.778	817	22	13	2	802	16903800	16904595	0.0	1147
NC_003075.7:16863233-16865071	NC_003070.9	92.345	823	34	13	6	808	19329256	19328443	0.0	1144
NC_003075.7:16863233-16865071	NC_003070.9	93.126	771	47	6	1039	1809	19328001	19327237	0.0	1125
NC_003075.7:16863233-16865071	NC_003070.9	91.797	829	34	8	1	808	9867415	9866600	0.0	1123
NC_003075.7:16863233-16865071	NC_003070.9	92.015	814	43	6	15	808	30255510	30254699	0.0	1123
NC_003075.7:16863233-16865071	NC_003070.9	92.470	757	35	12	810	1549	11736335	11735584	0.0	1062
NC_003075.7:16863233-16865071	NC_003070.9	95.161	620	25	3	810	1426	16998246	16997629	0.0	974
NC_003075.7:16863233-16865071	NC_003070.9	88.138	843	58	18	2	809	16806989	16807824	0.0	965
NC_003075.7:16863233-16865071	NC_003070.9	94.677	620	28	3	811	1426	12876632	12876014	0.0	957
NC_003075.7:16863233-16865071	NC_003070.9	86.860	860	62	30	1	822	13262204	13261358	0.0	915
NC_003075.7:16863233-16865071	NC_003070.9	87.024	840	66	22	2	808	16806150	16806979	0.0	907
NC_003075.7:16863233-16865071	NC_003070.9	93.844	601	25	7	1212	1811	499960	499371	0.0	894
NC_003075.7:16863233-16865071	NC_003070.9	91.331	646	45	7	1173	1810	14309405	14308763	0.0	872
NC_003075.7:16863233-16865071	NC_003070.9	95.064	547	25	2	264	808	19062922	19063468	0.0	859
NC_003075.7:16863233-16865071	NC_003070.9	93.040	546	33	4	1271	1814	8489951	8489409	0.0	793
NC_003075.7:16863233-16865071	NC_003070.9	92.687	547	35	5	1271	1814	25963004	25962460	0.0	784
NC_003075.7:16863233-16865071	NC_003070.9	96.746	461	13	2	2	460	15939323	15939783	0.0	767
NC_003075.7:16863233-16865071	NC_003070.9	90.508	590	36	4	236	807	17552860	17552273	0.0	761
NC_003075.7:16863233-16865071	NC_003070.9	90.203	592	37	5	236	808	14299705	14299116	0.0	752
NC_003075.7:16863233-16865071	NC_003070.9	90.017	591	40	3	236	808	2235029	2234440	0.0	747
NC_003075.7:16863233-16865071	NC_003070.9	94.937	474	21	3	337	808	13017571	13017099	0.0	739
NC_003075.7:16863233-16865071	NC_003070.9	92.381	525	26	5	1285	1809	18790338	18790848	0.0	736
NC_003075.7:16863233-16865071	NC_003070.9	89.527	592	42	4	236	808	1977027	1976437	0.0	732
NC_003075.7:16863233-16865071	NC_003070.9	89.509	591	41	5	236	808	29320592	29320005	0.0	728
NC_003075.7:16863233-16865071	NC_003070.9	89.171	591	44	4	236	808	6736003	6736591	0.0	719
NC_003075.7:16863233-16865071	NC_003070.9	94.444	468	25	1	2	468	22622305	22621838	0.0	719
NC_003075.7:16863233-16865071	NC_003070.9	89.637	579	38	10	247	806	19173667	19173092	0.0	717
NC_003075.7:16863233-16865071	NC_003070.9	88.851	592	45	5	236	808	3074585	3073996	0.0	708
NC_003075.7:16863233-16865071	NC_003070.9	88.702	593	42	9	236	808	17368	17955	0.0	701
NC_003075.7:16863233-16865071	NC_003070.9	88.448	580	47	4	247	808	8291436	8290859	0.0	682
NC_003075.7:16863233-16865071	NC_003070.9	87.931	580	42	9	247	808	12855858	12855289	0.0	658
NC_003075.7:16863233-16865071	NC_003070.9	95.844	409	14	3	2	408	18790927	18791334	0.0	658
NC_003075.7:16863233-16865071	NC_003070.9	94.030	402	22	2	1408	1809	23554190	23553791	1.28e-172	608
NC_003075.7:16863233-16865071	NC_003070.9	93.366	407	26	1	236	642	18746910	18746505	2.15e-170	601
NC_003075.7:16863233-16865071	NC_003070.9	95.170	352	14	2	808	1156	500315	499964	6.11e-156	553
NC_003075.7:16863233-16865071	NC_003070.9	95.286	297	11	3	514	808	18791324	18791619	2.27e-130	468
NC_003075.7:16863233-16865071	NC_003070.9	94.408	304	15	2	1019	1321	22992366	22992064	8.18e-130	466
NC_003075.7:16863233-16865071	NC_003070.9	93.493	292	17	2	1019	1309	22621025	22620735	8.30e-120	433
NC_003075.7:16863233-16865071	NC_003070.9	91.776	304	23	2	1019	1321	30251412	30251110	1.80e-116	422
NC_003075.7:16863233-16865071	NC_003070.9	93.056	288	19	1	1019	1306	12328360	12328074	6.46e-116	420
NC_003075.7:16863233-16865071	NC_003070.9	96.457	254	7	2	2	254	23554439	23554187	2.32e-115	418
NC_003075.7:16863233-16865071	NC_003070.9	96.094	256	8	2	2	256	25963257	25963003	8.36e-115	416
NC_003075.7:16863233-16865071	NC_003070.9	96.680	241	7	1	2	242	3910601	3910362	8.42e-110	399
NC_003075.7:16863233-16865071	NC_003070.9	94.361	266	5	5	810	1071	12328974	12328715	8.42e-110	399
NC_003075.7:16863233-16865071	NC_003070.9	93.284	268	8	5	808	1071	22992983	22992722	6.55e-106	387
NC_003075.7:16863233-16865071	NC_003070.9	93.233	266	8	5	810	1071	22621640	22621381	8.48e-105	383
NC_003075.7:16863233-16865071	NC_003070.9	93.208	265	8	5	811	1071	30252026	30251768	3.05e-104	381
NC_003075.7:16863233-16865071	NC_003070.9	93.333	255	7	2	2	256	8490194	8489950	2.37e-100	368
NC_003075.7:16863233-16865071	NC_003070.9	91.923	260	15	6	2	257	17552998	17552741	1.43e-97	359
NC_003075.7:16863233-16865071	NC_003070.9	91.188	261	15	7	2	257	2235167	2234910	3.09e-94	348
NC_003075.7:16863233-16865071	NC_003070.9	91.154	260	15	8	2	258	14299842	14299588	1.11e-93	346
NC_003075.7:16863233-16865071	NC_003070.9	90.421	261	19	6	1	257	18747049	18746791	1.86e-91	339
NC_003075.7:16863233-16865071	NC_003070.9	91.165	249	18	4	2	247	17009	17256	2.41e-90	335
NC_003075.7:16863233-16865071	NC_003070.9	91.915	235	16	2	1587	1819	30253364	30253131	1.45e-87	326
NC_003075.7:16863233-16865071	NC_003070.9	89.960	249	21	4	2	247	3074944	3074697	2.42e-85	318
NC_003075.7:16863233-16865071	NC_003070.9	90.171	234	17	6	29	257	17255	17487	8.78e-80	300
NC_003075.7:16863233-16865071	NC_003070.9	87.259	259	15	6	2	257	19085099	19085342	1.14e-73	279
NC_003075.7:16863233-16865071	NC_003070.9	94.798	173	7	1	810	980	19328172	19328000	2.48e-70	268
NC_003075.7:16863233-16865071	NC_003070.9	86.100	259	17	9	2	258	12855993	12855752	4.14e-68	261
NC_003075.7:16863233-16865071	NC_003070.9	85.714	259	17	8	2	257	19173802	19173561	1.93e-66	255
NC_003075.7:16863233-16865071	NC_003070.9	85.328	259	20	9	2	257	8291571	8291328	2.49e-65	252
NC_003075.7:16863233-16865071	NC_003070.9	95.683	139	5	1	671	808	15939781	15939919	1.96e-56	222
NC_003075.7:16863233-16865071	NC_003070.9	93.382	136	8	1	1686	1820	22992056	22991921	9.16e-50	200
NC_003075.7:16863233-16865071	NC_003070.9	91.912	136	9	2	1686	1819	22620714	22620579	1.98e-46	189
NC_003075.7:16863233-16865071	NC_003070.9	92.481	133	9	1	1686	1817	30251102	30250970	1.98e-46	189
NC_003075.7:16863233-16865071	NC_003070.9	93.651	126	7	1	1686	1810	12328051	12327926	7.13e-46	187
NC_003075.7:16863233-16865071	NC_003070.9	84.783	138	18	3	1684	1818	4770242	4770105	2.62e-30	135
NC_003075.7:16863233-16865071	NC_003070.9	85.385	130	15	4	1683	1809	10021542	10021414	3.39e-29	132
NC_003075.7:16863233-16865071	NC_003070.9	83.721	129	19	2	1683	1809	9918581	9918453	7.34e-26	121
NC_003075.7:16863233-16865071	NC_003070.9	93.750	80	5	0	3	82	30251767	30251688	7.34e-26	121
NC_003075.7:16863233-16865071	NC_003070.9	92.683	82	4	2	2	82	12876928	12876848	9.49e-25	117
NC_003075.7:16863233-16865071	NC_003070.9	92.593	81	6	0	2	82	18790103	18790183	9.49e-25	117
NC_003075.7:16863233-16865071	NC_003070.9	83.206	131	18	4	1683	1809	21739206	21739076	9.49e-25	117
NC_003075.7:16863233-16865071	NC_003070.9	92.500	80	6	0	3	82	22992721	22992642	3.41e-24	115
NC_003075.7:16863233-16865071	NC_003070.9	92.500	80	5	1	3	82	12328714	12328636	1.23e-23	113
NC_003075.7:16863233-16865071	NC_003070.9	91.463	82	5	2	2	82	3413553	3413633	4.42e-23	111
NC_003075.7:16863233-16865071	NC_003070.9	91.358	81	7	0	2	82	16998955	16998875	4.42e-23	111
NC_003075.7:16863233-16865071	NC_003070.9	89.535	86	6	3	5	90	22621378	22621296	2.05e-21	106
NC_003075.7:16863233-16865071	NC_003070.9	80.916	131	19	6	1683	1809	20166799	20166671	3.44e-19	99.0
NC_003075.7:16863233-16865071	NC_003070.9	87.952	83	8	2	1	82	19724754	19724835	1.24e-18	97.1
NC_003075.7:16863233-16865071	NC_003070.9	80.469	128	18	4	1683	1809	16858753	16858632	5.75e-17	91.6
NC_003075.7:16863233-16865071	NC_003070.9	100.000	44	0	0	810	853	12328419	12328376	3.46e-14	82.4
NC_003075.7:16863233-16865071	NC_003070.9	100.000	44	0	0	810	853	22621084	22621041	3.46e-14	82.4
NC_003075.7:16863233-16865071	NC_003070.9	100.000	44	0	0	810	853	22992425	22992382	3.46e-14	82.4
NC_003075.7:16863233-16865071	NC_003070.9	97.872	47	1	0	810	856	30251471	30251425	3.46e-14	82.4
NC_003075.7:16863233-16865071	NC_003070.9	97.727	44	1	0	810	853	23876423	23876466	1.61e-12	76.8
NC_003075.7:16863233-16865071	NC_003070.9	88.889	54	6	0	1757	1810	21103407	21103354	9.70e-10	67.6
NC_003075.7:16863233-16865071	NC_003070.9	100.000	34	0	0	810	843	19063731	19063764	1.25e-08	63.9
NC_003075.7:16863233-16865071	NC_003076.8	90.386	1893	85	29	1	1839	21530088	21531937	0.0	2398
NC_003075.7:16863233-16865071	NC_003076.8	97.116	971	28	0	810	1780	18854919	18855889	0.0	1639
NC_003075.7:16863233-16865071	NC_003076.8	95.020	1004	44	5	810	1810	9963946	9962946	0.0	1572
NC_003075.7:16863233-16865071	NC_003076.8	94.488	1016	49	6	812	1823	20681312	20680300	0.0	1559
NC_003075.7:16863233-16865071	NC_003076.8	94.461	1011	49	5	810	1818	15043131	15042126	0.0	1550
NC_003075.7:16863233-16865071	NC_003076.8	94.516	1003	50	4	810	1809	1897576	1896576	0.0	1543
NC_003075.7:16863233-16865071	NC_003076.8	94.411	1002	49	6	810	1809	8745621	8744625	0.0	1533
NC_003075.7:16863233-16865071	NC_003076.8	94.311	1002	50	6	811	1809	8766806	8767803	0.0	1528
NC_003075.7:16863233-16865071	NC_003076.8	94.141	1007	51	7	810	1810	24476294	24475290	0.0	1526
NC_003075.7:16863233-16865071	NC_003076.8	94.129	1005	52	6	808	1809	16357544	16358544	0.0	1522
NC_003075.7:16863233-16865071	NC_003076.8	93.817	1019	45	7	810	1811	22231967	22230950	0.0	1517
NC_003075.7:16863233-16865071	NC_003076.8	93.874	1012	53	7	811	1819	24186819	24185814	0.0	1517
NC_003075.7:16863233-16865071	NC_003076.8	93.762	1010	55	7	808	1812	17776799	17777805	0.0	1509
NC_003075.7:16863233-16865071	NC_003076.8	93.906	1001	58	2	811	1809	19741514	19740515	0.0	1507
NC_003075.7:16863233-16865071	NC_003076.8	93.812	1002	56	5	811	1809	5428954	5427956	0.0	1502
NC_003075.7:16863233-16865071	NC_003076.8	93.625	1004	59	4	810	1810	17366123	17367124	0.0	1495
NC_003075.7:16863233-16865071	NC_003076.8	93.532	1005	57	7	811	1809	14081765	14080763	0.0	1489
NC_003075.7:16863233-16865071	NC_003076.8	94.033	972	50	5	810	1774	5977756	5976786	0.0	1467
NC_003075.7:16863233-16865071	NC_003076.8	93.086	998	62	5	814	1809	4313874	4314866	0.0	1454
NC_003075.7:16863233-16865071	NC_003076.8	94.295	929	47	4	885	1811	11026974	11027898	0.0	1417
NC_003075.7:16863233-16865071	NC_003076.8	91.921	1015	65	9	810	1809	8354213	8353201	0.0	1404
NC_003075.7:16863233-16865071	NC_003076.8	96.390	831	14	10	2	816	18853952	18854782	0.0	1354
NC_003075.7:16863233-16865071	NC_003076.8	96.667	810	23	4	2	808	9965017	9964209	0.0	1343
NC_003075.7:16863233-16865071	NC_003076.8	94.025	887	49	3	811	1695	14150203	14149319	0.0	1341
NC_003075.7:16863233-16865071	NC_003076.8	95.926	810	30	3	1	808	20281985	20281177	0.0	1310
NC_003075.7:16863233-16865071	NC_003076.8	95.577	814	28	8	1	808	8746702	8745891	0.0	1297
NC_003075.7:16863233-16865071	NC_003076.8	95.561	811	32	4	1	808	9590409	9591218	0.0	1295
NC_003075.7:16863233-16865071	NC_003076.8	95.561	811	31	5	2	808	15606601	15605792	0.0	1293
NC_003075.7:16863233-16865071	NC_003076.8	95.556	810	30	6	2	808	14082835	14082029	0.0	1291
NC_003075.7:16863233-16865071	NC_003076.8	94.705	831	28	12	2	816	9559507	9558677	0.0	1277
NC_003075.7:16863233-16865071	NC_003076.8	95.340	794	32	5	19	808	17775746	17776538	0.0	1256
NC_003075.7:16863233-16865071	NC_003076.8	96.574	759	23	3	53	808	17618634	17617876	0.0	1254
NC_003075.7:16863233-16865071	NC_003076.8	94.588	813	37	7	1	808	16356474	16357284	0.0	1251
NC_003075.7:16863233-16865071	NC_003076.8	94.074	810	43	5	2	808	1898645	1897838	0.0	1225
NC_003075.7:16863233-16865071	NC_003076.8	93.478	828	32	5	2	808	17365025	17365851	0.0	1210
NC_003075.7:16863233-16865071	NC_003076.8	93.883	801	45	3	1010	1809	15605466	15604669	0.0	1205
NC_003075.7:16863233-16865071	NC_003076.8	93.108	827	36	5	2	808	8765709	8766534	0.0	1192
NC_003075.7:16863233-16865071	NC_003076.8	92.344	836	34	13	3	808	5430061	5429226	0.0	1162
NC_003075.7:16863233-16865071	NC_003076.8	92.494	826	39	6	2	808	20682406	20681585	0.0	1160
NC_003075.7:16863233-16865071	NC_003076.8	92.674	819	36	16	2	808	4782228	4781422	0.0	1158
NC_003075.7:16863233-16865071	NC_003076.8	92.308	832	39	10	2	808	19742617	19741786	0.0	1158
NC_003075.7:16863233-16865071	NC_003076.8	92.261	827	37	5	2	808	14151294	14150475	0.0	1147
NC_003075.7:16863233-16865071	NC_003076.8	92.029	828	31	5	2	808	11025336	11026149	0.0	1131
NC_003075.7:16863233-16865071	NC_003076.8	93.126	771	52	1	1040	1809	4780980	4780210	0.0	1129
NC_003075.7:16863233-16865071	NC_003076.8	91.523	814	42	8	17	808	24187899	24187091	0.0	1096
NC_003075.7:16863233-16865071	NC_003076.8	95.345	666	27	4	2	664	7154439	7153775	0.0	1055
NC_003075.7:16863233-16865071	NC_003076.8	94.799	673	29	5	141	808	4312671	4313342	0.0	1044
NC_003075.7:16863233-16865071	NC_003076.8	91.885	764	30	15	808	1567	10714717	10715452	0.0	1038
NC_003075.7:16863233-16865071	NC_003076.8	87.738	840	58	22	2	808	9612591	9613418	0.0	939
NC_003075.7:16863233-16865071	NC_003076.8	94.371	604	31	3	1218	1819	7153775	7153173	0.0	924
NC_003075.7:16863233-16865071	NC_003076.8	93.464	612	37	3	1209	1819	25905017	25905626	0.0	905
NC_003075.7:16863233-16865071	NC_003076.8	90.541	592	34	6	236	808	8683118	8683706	0.0	763
NC_003075.7:16863233-16865071	NC_003076.8	90.017	591	39	4	236	808	14761045	14760457	0.0	747
NC_003075.7:16863233-16865071	NC_003076.8	89.696	592	40	6	236	808	7711270	7711859	0.0	736
NC_003075.7:16863233-16865071	NC_003076.8	89.340	591	43	4	236	808	5129697	5129109	0.0	725
NC_003075.7:16863233-16865071	NC_003076.8	89.171	591	45	3	236	808	19931420	19930831	0.0	719
NC_003075.7:16863233-16865071	NC_003076.8	89.002	591	42	7	238	808	15342559	15341972	0.0	710
NC_003075.7:16863233-16865071	NC_003076.8	88.533	593	46	6	236	808	13918658	13918068	0.0	699
NC_003075.7:16863233-16865071	NC_003076.8	92.464	491	34	2	1319	1809	15576667	15576180	0.0	699
NC_003075.7:16863233-16865071	NC_003076.8	92.480	492	31	4	1319	1809	21776273	21775787	0.0	699
NC_003075.7:16863233-16865071	NC_003076.8	87.329	584	42	10	247	808	354275	354848	0.0	640
NC_003075.7:16863233-16865071	NC_003076.8	94.673	413	19	2	810	1220	15577128	15576717	0.0	638
NC_003075.7:16863233-16865071	NC_003076.8	92.088	455	27	7	1367	1820	9134290	9134736	7.62e-180	632
NC_003075.7:16863233-16865071	NC_003076.8	93.705	413	24	1	810	1220	21776735	21776323	2.13e-175	617
NC_003075.7:16863233-16865071	NC_003076.8	93.564	404	22	4	1408	1810	17796537	17796137	7.73e-170	599
NC_003075.7:16863233-16865071	NC_003076.8	91.943	422	33	1	1389	1810	21584595	21584175	4.65e-167	590
NC_003075.7:16863233-16865071	NC_003076.8	88.166	507	35	8	322	808	19670974	19671475	2.80e-164	580
NC_003075.7:16863233-16865071	NC_003076.8	92.157	357	22	6	2	355	4312436	4312789	8.07e-140	499
NC_003075.7:16863233-16865071	NC_003076.8	89.894	376	27	11	1445	1812	25264968	25265340	4.89e-132	473
NC_003075.7:16863233-16865071	NC_003076.8	91.471	340	25	4	236	573	25264649	25264986	2.94e-129	464
NC_003075.7:16863233-16865071	NC_003076.8	93.092	304	19	2	1019	1321	9592102	9592404	3.83e-123	444
NC_003075.7:16863233-16865071	NC_003076.8	92.409	303	22	1	1019	1321	17617546	17617245	2.98e-119	431
NC_003075.7:16863233-16865071	NC_003076.8	93.403	288	18	1	1019	1306	20280291	20280005	1.39e-117	425
NC_003075.7:16863233-16865071	NC_003076.8	96.443	253	8	1	2	254	17796785	17796534	8.36e-115	416
NC_003075.7:16863233-16865071	NC_003076.8	93.985	266	6	5	810	1071	20280906	20280647	3.92e-108	394
NC_003075.7:16863233-16865071	NC_003076.8	93.208	265	9	4	810	1071	9591489	9591747	3.05e-104	381
NC_003075.7:16863233-16865071	NC_003076.8	95.417	240	4	5	810	1046	9558420	9558185	1.42e-102	375
NC_003075.7:16863233-16865071	NC_003076.8	91.506	259	18	4	2	257	17955555	17955812	6.65e-96	353
NC_003075.7:16863233-16865071	NC_003076.8	93.004	243	13	3	808	1048	4313610	4313850	2.39e-95	351
NC_003075.7:16863233-16865071	NC_003076.8	91.154	260	18	5	2	257	3020196	3019938	3.09e-94	348
NC_003075.7:16863233-16865071	NC_003076.8	90.385	260	19	6	2	257	19931558	19931301	6.69e-91	337
NC_003075.7:16863233-16865071	NC_003076.8	90.421	261	18	7	2	257	25264511	25264769	6.69e-91	337
NC_003075.7:16863233-16865071	NC_003076.8	90.385	260	18	7	2	257	5129834	5129578	2.41e-90	335
NC_003075.7:16863233-16865071	NC_003076.8	90.000	260	20	6	2	257	14761183	14760926	3.11e-89	331
NC_003075.7:16863233-16865071	NC_003076.8	89.231	260	20	6	2	257	15342696	15342441	2.42e-85	318
NC_003075.7:16863233-16865071	NC_003076.8	88.462	260	18	6	2	257	13918790	13918539	6.79e-81	303
NC_003075.7:16863233-16865071	NC_003076.8	95.906	171	4	2	810	978	4781151	4780982	5.32e-72	274
NC_003075.7:16863233-16865071	NC_003076.8	93.785	177	9	2	3	179	19670802	19670976	3.20e-69	265
NC_003075.7:16863233-16865071	NC_003076.8	85.714	259	17	9	2	258	354140	354380	1.93e-66	255
NC_003075.7:16863233-16865071	NC_003076.8	89.474	190	16	4	1632	1819	10715445	10715632	6.98e-61	237
NC_003075.7:16863233-16865071	NC_003076.8	92.308	130	9	1	1690	1819	14143813	14143685	9.23e-45	183
NC_003075.7:16863233-16865071	NC_003076.8	96.040	101	3	1	1	101	20398217	20398316	1.20e-38	163
NC_003075.7:16863233-16865071	NC_003076.8	86.923	130	14	3	1683	1809	17043772	17043901	1.57e-32	143
NC_003075.7:16863233-16865071	NC_003076.8	94.382	89	3	1	808	894	11026418	11026506	2.62e-30	135
NC_003075.7:16863233-16865071	NC_003076.8	85.075	134	17	3	1683	1813	14810696	14810829	9.43e-30	134
NC_003075.7:16863233-16865071	NC_003076.8	85.606	132	14	4	1683	1809	22621309	22621178	9.43e-30	134
NC_003075.7:16863233-16865071	NC_003076.8	84.397	141	16	6	1683	1819	26787234	26787096	9.43e-30	134
NC_003075.7:16863233-16865071	NC_003076.8	84.615	130	17	3	1684	1810	9557787	9557658	1.58e-27	126
NC_003075.7:16863233-16865071	NC_003076.8	93.827	81	5	0	2	82	5978053	5977973	2.04e-26	122
NC_003075.7:16863233-16865071	NC_003076.8	93.750	80	5	0	3	82	20280646	20280567	7.34e-26	121
NC_003075.7:16863233-16865071	NC_003076.8	92.683	82	4	2	2	82	9133953	9134033	9.49e-25	117
NC_003075.7:16863233-16865071	NC_003076.8	91.011	89	5	3	2	90	15043428	15043343	9.49e-25	117
NC_003075.7:16863233-16865071	NC_003076.8	92.500	80	6	0	3	82	9591748	9591827	3.41e-24	115
NC_003075.7:16863233-16865071	NC_003076.8	91.358	81	7	0	2	82	24476591	24476511	4.42e-23	111
NC_003075.7:16863233-16865071	NC_003076.8	82.812	128	15	4	1683	1809	10041933	10041812	5.71e-22	108
NC_003075.7:16863233-16865071	NC_003076.8	95.312	64	3	0	2	65	10714424	10714487	2.66e-20	102
NC_003075.7:16863233-16865071	NC_003076.8	88.372	86	7	3	2	86	13982135	13982218	9.56e-20	100
NC_003075.7:16863233-16865071	NC_003076.8	98.000	50	0	1	810	859	9134250	9134298	2.68e-15	86.1
NC_003075.7:16863233-16865071	NC_003076.8	100.000	44	0	0	810	853	20280350	20280307	3.46e-14	82.4
NC_003075.7:16863233-16865071	NC_003076.8	83.721	86	13	1	1726	1810	15882682	15882767	1.25e-13	80.5
NC_003075.7:16863233-16865071	NC_003076.8	97.826	46	1	0	811	856	17617604	17617559	1.25e-13	80.5
NC_003075.7:16863233-16865071	NC_003076.8	97.059	34	1	0	810	843	15605529	15605496	5.84e-07	58.4
NC_003075.7:16863233-16865071	NC_003071.7	95.300	1000	46	1	810	1809	17254156	17253158	0.0	1585
NC_003075.7:16863233-16865071	NC_003071.7	95.020	1004	45	4	810	1809	501058	502060	0.0	1572
NC_003075.7:16863233-16865071	NC_003071.7	94.500	1000	49	5	811	1807	13907665	13906669	0.0	1537
NC_003075.7:16863233-16865071	NC_003071.7	93.874	1012	55	6	810	1818	395583	394576	0.0	1519
NC_003075.7:16863233-16865071	NC_003071.7	93.948	1008	53	6	810	1813	6663122	6664125	0.0	1517
NC_003075.7:16863233-16865071	NC_003071.7	93.719	1003	58	3	810	1809	12802094	12803094	0.0	1498
NC_003075.7:16863233-16865071	NC_003071.7	93.613	1002	54	7	811	1809	13268011	13269005	0.0	1487
NC_003075.7:16863233-16865071	NC_003071.7	93.281	1012	50	9	811	1818	6924278	6923281	0.0	1476
NC_003075.7:16863233-16865071	NC_003071.7	93.261	1009	48	6	808	1810	543172	544166	0.0	1469
NC_003075.7:16863233-16865071	NC_003071.7	92.629	1004	66	6	810	1809	7814401	7813402	0.0	1437
NC_003075.7:16863233-16865071	NC_003071.7	93.492	968	58	3	810	1775	12093366	12092402	0.0	1434
NC_003075.7:16863233-16865071	NC_003071.7	93.347	962	57	5	837	1796	6803425	6804381	0.0	1415
NC_003075.7:16863233-16865071	NC_003071.7	93.196	970	49	10	813	1780	14334657	14335611	0.0	1410
NC_003075.7:16863233-16865071	NC_003071.7	91.798	1012	77	5	811	1819	7169227	7168219	0.0	1404
NC_003075.7:16863233-16865071	NC_003071.7	96.951	820	20	5	2	816	17255233	17254414	0.0	1371
NC_003075.7:16863233-16865071	NC_003071.7	97.267	805	20	2	810	1613	11286065	11285262	0.0	1363
NC_003075.7:16863233-16865071	NC_003071.7	94.183	894	47	4	927	1818	13336704	13335814	0.0	1358
NC_003075.7:16863233-16865071	NC_003071.7	95.797	809	31	3	2	808	13908721	13907914	0.0	1303
NC_003075.7:16863233-16865071	NC_003071.7	95.690	812	29	6	2	808	499985	500795	0.0	1301
NC_003075.7:16863233-16865071	NC_003071.7	94.517	839	22	6	2	816	11287161	11286323	0.0	1273
NC_003075.7:16863233-16865071	NC_003071.7	95.068	811	34	6	2	808	13338077	13337269	0.0	1271
NC_003075.7:16863233-16865071	NC_003071.7	94.938	810	38	3	2	808	7154736	7153927	0.0	1266
NC_003075.7:16863233-16865071	NC_003071.7	94.828	812	37	5	2	808	12094425	12093614	0.0	1262
NC_003075.7:16863233-16865071	NC_003071.7	92.652	871	48	10	949	1810	7960700	7961563	0.0	1240
NC_003075.7:16863233-16865071	NC_003071.7	93.980	814	41	7	1	808	707441	708252	0.0	1225
NC_003075.7:16863233-16865071	NC_003071.7	93.712	827	31	6	2	808	14333785	14334610	0.0	1219
NC_003075.7:16863233-16865071	NC_003071.7	94.073	793	45	2	1019	1811	7112140	7112930	0.0	1203
NC_003075.7:16863233-16865071	NC_003071.7	92.995	828	37	6	2	808	6925377	6924550	0.0	1188
NC_003075.7:16863233-16865071	NC_003071.7	93.408	804	48	4	1019	1821	6101020	6100221	0.0	1186
NC_003075.7:16863233-16865071	NC_003071.7	92.995	828	35	9	2	808	12800994	12801819	0.0	1186
NC_003075.7:16863233-16865071	NC_003071.7	92.978	826	38	4	2	808	13266915	13267739	0.0	1186
NC_003075.7:16863233-16865071	NC_003071.7	92.659	831	32	13	2	808	542308	543133	0.0	1170
NC_003075.7:16863233-16865071	NC_003071.7	94.209	708	35	6	105	808	396551	395846	0.0	1075
NC_003075.7:16863233-16865071	NC_003071.7	92.308	728	48	7	1084	1809	3213046	3212325	0.0	1027
NC_003075.7:16863233-16865071	NC_003071.7	93.787	676	36	5	1134	1807	709400	710071	0.0	1011
NC_003075.7:16863233-16865071	NC_003071.7	90.863	591	35	3	236	808	12556068	12555479	0.0	774
NC_003075.7:16863233-16865071	NC_003071.7	90.517	580	35	4	247	808	5466870	5466293	0.0	749
NC_003075.7:16863233-16865071	NC_003071.7	90.702	570	33	5	236	788	6099666	6100232	0.0	741
NC_003075.7:16863233-16865071	NC_003071.7	89.848	591	41	3	236	808	19196619	19196030	0.0	741
NC_003075.7:16863233-16865071	NC_003071.7	89.949	587	36	7	242	808	10468943	10468360	0.0	736
NC_003075.7:16863233-16865071	NC_003071.7	89.189	592	43	5	236	808	1460787	1460198	0.0	719
NC_003075.7:16863233-16865071	NC_003071.7	93.246	459	28	3	1209	1666	3564666	3565122	0.0	673
NC_003075.7:16863233-16865071	NC_003071.7	87.650	583	46	21	232	808	11399241	11398679	0.0	654
NC_003075.7:16863233-16865071	NC_003071.7	94.659	337	14	3	808	1140	708501	708837	6.19e-146	520
NC_003075.7:16863233-16865071	NC_003071.7	95.114	307	10	4	808	1111	13337008	13336704	1.05e-133	479
NC_003075.7:16863233-16865071	NC_003071.7	95.486	288	12	1	1019	1306	4024558	4024844	1.37e-127	459
NC_003075.7:16863233-16865071	NC_003071.7	92.105	304	22	2	1019	1321	980261	979959	3.86e-118	427
NC_003075.7:16863233-16865071	NC_003071.7	92.337	261	20	0	1525	1785	3565124	3565384	1.83e-101	372
NC_003075.7:16863233-16865071	NC_003071.7	91.506	259	18	4	2	257	11399377	11399120	6.65e-96	353
NC_003075.7:16863233-16865071	NC_003071.7	89.324	281	29	1	1529	1809	2962573	2962294	2.39e-95	351
NC_003075.7:16863233-16865071	NC_003071.7	91.221	262	15	7	1	257	19196758	19196500	8.60e-95	350
NC_003075.7:16863233-16865071	NC_003071.7	91.154	260	15	7	2	257	6099530	6099785	1.11e-93	346
NC_003075.7:16863233-16865071	NC_003071.7	90.734	259	18	6	2	256	1460925	1460669	5.17e-92	340
NC_003075.7:16863233-16865071	NC_003071.7	91.903	247	14	5	14	257	5843961	5843718	5.17e-92	340
NC_003075.7:16863233-16865071	NC_003071.7	90.000	260	21	5	2	257	6084090	6084348	3.11e-89	331
NC_003075.7:16863233-16865071	NC_003071.7	89.189	259	18	8	2	256	6384054	6383802	3.14e-84	315
NC_003075.7:16863233-16865071	NC_003071.7	96.226	159	6	0	1651	1809	11285273	11285115	4.14e-68	261
NC_003075.7:16863233-16865071	NC_003071.7	85.328	259	19	7	2	257	5467004	5466762	8.97e-65	250
NC_003075.7:16863233-16865071	NC_003071.7	80.932	236	38	5	1576	1810	4024762	4024991	1.19e-43	180
NC_003075.7:16863233-16865071	NC_003071.7	94.690	113	5	1	3	115	6101375	6101264	5.55e-42	174
NC_003075.7:16863233-16865071	NC_003071.7	94.340	106	5	1	808	913	7960086	7960190	4.32e-38	161
NC_003075.7:16863233-16865071	NC_003071.7	86.923	130	14	3	1683	1809	19623517	19623646	1.57e-32	143
NC_003075.7:16863233-16865071	NC_003071.7	85.385	130	15	3	1683	1809	13102232	13102360	3.39e-29	132
NC_003075.7:16863233-16865071	NC_003071.7	85.185	135	13	5	1683	1810	15134639	15134773	3.39e-29	132
NC_003075.7:16863233-16865071	NC_003071.7	85.271	129	15	4	1686	1810	2139258	2139386	1.22e-28	130
NC_003075.7:16863233-16865071	NC_003071.7	84.615	130	16	4	1683	1809	1038177	1038049	1.58e-27	126
NC_003075.7:16863233-16865071	NC_003071.7	93.827	81	5	0	2	82	3213354	3213274	2.04e-26	122
NC_003075.7:16863233-16865071	NC_003071.7	93.827	81	4	1	2	82	7111784	7111863	7.34e-26	121
NC_003075.7:16863233-16865071	NC_003071.7	91.209	91	3	5	1	90	2962806	2962720	2.64e-25	119
NC_003075.7:16863233-16865071	NC_003071.7	92.683	82	6	0	1	82	4024200	4024281	2.64e-25	119
NC_003075.7:16863233-16865071	NC_003071.7	83.846	130	16	4	1683	1809	7340815	7340942	2.64e-25	119
NC_003075.7:16863233-16865071	NC_003071.7	91.765	85	5	2	2	86	3564382	3564464	9.49e-25	117
NC_003075.7:16863233-16865071	NC_003071.7	83.088	136	15	7	2	132	7814691	7814559	9.49e-25	117
NC_003075.7:16863233-16865071	NC_003071.7	83.077	130	19	3	1683	1809	6206724	6206595	3.41e-24	115
NC_003075.7:16863233-16865071	NC_003071.7	93.590	78	3	2	2	78	7169524	7169448	3.41e-24	115
NC_003075.7:16863233-16865071	NC_003071.7	91.358	81	7	0	2	82	980617	980537	4.42e-23	111
NC_003075.7:16863233-16865071	NC_003071.7	95.588	68	3	0	27	94	12555280	12555213	1.59e-22	110
NC_003075.7:16863233-16865071	NC_003071.7	81.538	130	17	4	1683	1811	8907875	8907998	9.56e-20	100
NC_003075.7:16863233-16865071	NC_003071.7	86.364	88	8	3	1725	1811	9585273	9585357	1.60e-17	93.5
NC_003075.7:16863233-16865071	NC_003071.7	97.917	48	0	1	811	858	4024499	4024545	3.46e-14	82.4
NC_003075.7:16863233-16865071	NC_003071.7	88.679	53	5	1	1758	1809	7177642	7177590	1.25e-08	63.9
NC_003075.7:18425739-18426665	NC_003075.7	100.000	927	0	0	1	927	18426665	18425739	0.0	1712
NC_003075.7:18425739-18426665	NC_003075.7	91.238	913	63	9	3	909	6045096	6045997	0.0	1227
NC_003075.7:18425739-18426665	NC_003075.7	77.011	522	84	24	1	505	5604463	5604965	4.43e-70	267
NC_003075.7:18425739-18426665	NC_003075.7	77.207	487	77	26	1	474	11224163	11224628	3.45e-66	254
NC_003075.7:18425739-18426665	NC_003075.7	91.176	68	5	1	1	67	5280335	5280268	2.86e-17	91.6
NC_003075.7:18425739-18426665	NC_003075.7	96.000	50	2	0	1	50	9368719	9368768	1.72e-14	82.4
NC_003075.7:18425739-18426665	NC_003076.8	96.992	931	23	4	1	927	18554911	18555840	0.0	1559
NC_003075.7:18425739-18426665	NC_003076.8	88.710	930	45	31	1	919	9222041	9222921	0.0	1081
NC_003075.7:18425739-18426665	NC_003076.8	94.035	285	16	1	625	908	11595218	11595502	1.48e-119	431
NC_003075.7:18425739-18426665	NC_003076.8	76.923	520	84	28	1	505	10369954	10370452	5.73e-69	263
NC_003075.7:18425739-18426665	NC_003076.8	80.851	188	31	4	1	185	9616969	9616784	7.79e-33	143
NC_003075.7:18425739-18426665	NC_003076.8	75.912	274	45	19	1	261	11641106	11640841	3.65e-26	121
NC_003075.7:18425739-18426665	NC_003076.8	76.357	258	35	13	1	255	3903109	3903343	1.70e-24	115
NC_003075.7:18425739-18426665	NC_003076.8	83.740	123	17	3	1	122	10271030	10270910	6.11e-24	113
NC_003075.7:18425739-18426665	NC_003076.8	84.270	89	11	3	1	86	13829282	13829194	4.79e-15	84.2
NC_003075.7:18425739-18426665	NC_003076.8	85.965	57	6	2	1	56	17360098	17360043	8.07e-08	60.2
NC_003075.7:18425739-18426665	NC_003071.7	92.662	913	59	8	1	908	4355708	4354799	0.0	1308
NC_003075.7:18425739-18426665	NC_003071.7	92.212	886	51	9	44	919	12143911	12144788	0.0	1238
NC_003075.7:18425739-18426665	NC_003071.7	91.242	491	32	7	2	487	721908	722392	0.0	658
NC_003075.7:18425739-18426665	NC_003071.7	88.298	94	11	0	1	94	8236265	8236358	6.11e-24	113
NC_003075.7:18425739-18426665	NC_003071.7	84.270	89	12	2	1	87	1076404	1076316	1.33e-15	86.1
NC_003075.7:18425739-18426665	NC_003071.7	86.076	79	10	1	1	78	2297115	2297193	4.79e-15	84.2
NC_003075.7:18425739-18426665	NC_003071.7	96.000	50	2	0	1	50	6629870	6629821	1.72e-14	82.4
NC_003075.7:18425739-18426665	NC_003070.9	90.812	936	59	13	1	927	9136653	9135736	0.0	1227
NC_003075.7:18425739-18426665	NC_003070.9	75.763	557	97	26	1	544	11298501	11299032	5.77e-64	246
NC_003075.7:18425739-18426665	NC_003070.9	87.629	97	11	1	1	96	19054425	19054521	2.20e-23	111
NC_003075.7:18425739-18426665	NC_003070.9	96.000	50	2	0	1	50	9862698	9862747	1.72e-14	82.4
NC_003075.7:18425739-18426665	NC_003070.9	85.185	81	11	1	1	80	26551577	26551657	1.72e-14	82.4
NC_003075.7:18425739-18426665	NC_003070.9	84.483	58	7	2	1	57	9138315	9138259	1.04e-06	56.5
NC_003075.7:18425739-18426665	NC_003074.8	90.393	916	51	12	1	906	11960291	11959403	0.0	1170
NC_003075.7:18425739-18426665	NC_003074.8	77.071	519	85	26	1	505	12061961	12062459	1.23e-70	268
NC_003075.7:18425739-18426665	NC_003074.8	78.125	288	48	11	622	906	1602384	1602659	1.28e-40	169
NC_003075.7:18425739-18426665	NC_003074.8	75.646	271	45	19	1	259	11864301	11864040	1.70e-24	115
NC_003075.7:18425739-18426665	NC_003074.8	88.571	70	8	0	1	70	8492126	8492057	1.33e-15	86.1
NC_003075.7:18425739-18426665	NC_003074.8	86.842	76	9	1	4	78	15188376	15188451	4.79e-15	84.2
NC_003075.7:18425739-18426665	NC_003074.8	96.000	50	2	0	1	50	13823344	13823393	1.72e-14	82.4
NC_003075.7:18425739-18426665	NC_003074.8	96.000	50	2	0	1	50	14127413	14127462	1.72e-14	82.4
NC_003075.7:18425739-18426665	NC_003074.8	96.000	50	2	0	1	50	14143002	14143051	1.72e-14	82.4
NC_003075.7:18425739-18426665	NC_003074.8	84.000	75	10	2	1	73	10049547	10049473	3.73e-11	71.3
NC_003075.7:18425739-18426665	NC_003074.8	87.719	57	5	2	1	56	14559084	14559139	1.73e-09	65.8
NC_003075.7:18425739-18426665	NC_003074.8	100.000	29	0	0	1	29	15874733	15874705	3.75e-06	54.7
