NC_003070.9:29774248-29775140	NC_003070.9	100.000	893	0	0	1	893	29775140	29774248	0.0	1650
NC_003070.9:29774248-29775140	NC_003070.9	92.196	897	33	13	1	880	5437788	5436912	0.0	1234
NC_003070.9:29774248-29775140	NC_003070.9	90.515	854	44	19	1	850	6514476	6515296	0.0	1094
NC_003070.9:29774248-29775140	NC_003070.9	88.612	922	42	18	1	880	697374	696474	0.0	1062
NC_003070.9:29774248-29775140	NC_003070.9	86.990	907	58	25	1	880	9385033	9384160	0.0	966
NC_003070.9:29774248-29775140	NC_003070.9	86.424	906	66	14	1	880	8538889	8539763	0.0	939
NC_003070.9:29774248-29775140	NC_003070.9	86.454	908	62	16	1	881	18301142	18300269	0.0	939
NC_003070.9:29774248-29775140	NC_003070.9	87.500	816	73	15	1	807	20513679	20514474	0.0	915
NC_003070.9:29774248-29775140	NC_003070.9	95.332	557	21	4	339	891	20172605	20172050	0.0	880
NC_003070.9:29774248-29775140	NC_003070.9	86.717	798	72	17	13	807	3250618	3251384	0.0	856
NC_003070.9:29774248-29775140	NC_003070.9	84.396	910	91	27	1	881	12618638	12619525	0.0	846
NC_003070.9:29774248-29775140	NC_003070.9	85.539	733	62	20	1	705	10239320	10240036	0.0	726
NC_003070.9:29774248-29775140	NC_003070.9	82.193	921	81	32	1	893	8623608	8622743	0.0	715
NC_003070.9:29774248-29775140	NC_003070.9	85.180	722	78	13	197	893	21616001	21615284	0.0	713
NC_003070.9:29774248-29775140	NC_003070.9	83.045	808	90	23	1	807	14014231	14013470	0.0	689
NC_003070.9:29774248-29775140	NC_003070.9	86.280	379	45	6	432	807	10579670	10580044	8.66e-112	405
NC_003070.9:29774248-29775140	NC_003070.9	83.122	237	13	15	668	880	23125364	23125131	2.64e-47	191
NC_003070.9:29774248-29775140	NC_003070.9	90.780	141	11	2	668	807	6218813	6218674	3.41e-46	187
NC_003070.9:29774248-29775140	NC_003070.9	90.714	140	12	1	668	807	5863277	5863415	1.23e-45	185
NC_003070.9:29774248-29775140	NC_003070.9	82.627	236	14	12	668	893	10852872	10852654	4.42e-45	183
NC_003070.9:29774248-29775140	NC_003070.9	81.633	245	21	13	668	890	4770347	4770105	1.59e-44	182
NC_003070.9:29774248-29775140	NC_003070.9	81.707	246	20	15	668	889	11803778	11803534	1.59e-44	182
NC_003070.9:29774248-29775140	NC_003070.9	90.071	141	12	2	668	807	17502560	17502699	1.59e-44	182
NC_003070.9:29774248-29775140	NC_003070.9	90.000	140	12	2	668	807	25780004	25780141	5.71e-44	180
NC_003070.9:29774248-29775140	NC_003070.9	81.933	238	18	8	668	882	19769340	19769575	2.05e-43	178
NC_003070.9:29774248-29775140	NC_003070.9	90.000	140	11	3	668	807	24645833	24645969	2.05e-43	178
NC_003070.9:29774248-29775140	NC_003070.9	83.590	195	24	7	667	858	2986563	2986374	7.39e-43	176
NC_003070.9:29774248-29775140	NC_003070.9	81.857	237	17	7	668	880	10021648	10021414	7.39e-43	176
NC_003070.9:29774248-29775140	NC_003070.9	91.406	128	9	2	681	807	13870210	13870336	2.66e-42	174
NC_003070.9:29774248-29775140	NC_003070.9	89.286	140	13	2	668	807	21918751	21918888	2.66e-42	174
NC_003070.9:29774248-29775140	NC_003070.9	88.652	141	12	3	668	807	26510903	26510766	1.24e-40	169
NC_003070.9:29774248-29775140	NC_003070.9	80.000	225	33	9	668	881	2473121	2472898	9.63e-37	156
NC_003070.9:29774248-29775140	NC_003070.9	79.736	227	29	12	668	880	26881053	26881276	1.61e-34	148
NC_003070.9:29774248-29775140	NC_003070.9	78.723	235	34	13	668	889	540654	540423	7.49e-33	143
NC_003070.9:29774248-29775140	NC_003070.9	81.871	171	28	3	1	168	9836508	9836678	2.70e-32	141
NC_003070.9:29774248-29775140	NC_003070.9	78.571	224	36	9	668	880	20205576	20205354	3.49e-31	137
NC_003070.9:29774248-29775140	NC_003070.9	78.667	225	35	10	668	880	27241052	27241275	3.49e-31	137
NC_003070.9:29774248-29775140	NC_003070.9	78.667	225	33	11	668	880	16400670	16400449	1.25e-30	135
NC_003070.9:29774248-29775140	NC_003070.9	81.325	166	26	5	3	164	24533331	24533495	5.83e-29	130
NC_003070.9:29774248-29775140	NC_003070.9	91.954	87	7	0	804	890	12993072	12992986	9.76e-27	122
NC_003070.9:29774248-29775140	NC_003070.9	91.111	90	5	3	804	890	19741618	19741529	1.26e-25	119
NC_003070.9:29774248-29775140	NC_003070.9	93.590	78	5	0	804	881	29078937	29079014	4.54e-25	117
NC_003070.9:29774248-29775140	NC_003070.9	89.535	86	8	1	804	889	14012887	14012803	2.73e-22	108
NC_003070.9:29774248-29775140	NC_003070.9	87.356	87	10	1	804	889	2587909	2587823	1.65e-19	99.0
NC_003070.9:29774248-29775140	NC_003070.9	89.610	77	7	1	804	880	3497827	3497752	5.92e-19	97.1
NC_003070.9:29774248-29775140	NC_003070.9	89.474	76	7	1	806	881	12240837	12240911	2.13e-18	95.3
NC_003070.9:29774248-29775140	NC_003071.7	97.204	894	8	3	1	893	1348076	1347199	0.0	1496
NC_003070.9:29774248-29775140	NC_003071.7	94.802	885	27	7	1	881	9029807	9030676	0.0	1362
NC_003070.9:29774248-29775140	NC_003071.7	93.100	884	41	8	1	881	8172835	8173701	0.0	1277
NC_003070.9:29774248-29775140	NC_003071.7	93.409	880	24	9	7	882	7177587	7176738	0.0	1273
NC_003070.9:29774248-29775140	NC_003071.7	91.950	882	48	11	1	878	10070964	10070102	0.0	1214
NC_003070.9:29774248-29775140	NC_003071.7	92.063	882	39	8	1	880	14571894	14572746	0.0	1212
NC_003070.9:29774248-29775140	NC_003071.7	86.169	911	59	20	2	882	2320063	2320936	0.0	922
NC_003070.9:29774248-29775140	NC_003071.7	85.326	920	66	26	1	893	1038913	1038036	0.0	887
NC_003070.9:29774248-29775140	NC_003071.7	95.255	548	21	4	339	882	9584811	9585357	0.0	863
NC_003070.9:29774248-29775140	NC_003071.7	84.615	910	66	40	1	882	1384414	1383551	0.0	837
NC_003070.9:29774248-29775140	NC_003071.7	83.700	908	73	40	1	880	10997043	10996183	0.0	787
NC_003070.9:29774248-29775140	NC_003071.7	93.199	544	19	4	339	880	6901395	6901922	0.0	784
NC_003070.9:29774248-29775140	NC_003071.7	92.661	545	22	4	339	880	7094024	7094553	0.0	769
NC_003070.9:29774248-29775140	NC_003071.7	82.454	929	81	31	1	881	7350654	7351548	0.0	737
NC_003070.9:29774248-29775140	NC_003071.7	89.352	216	8	4	1	216	7093820	7094020	2.56e-67	257
NC_003070.9:29774248-29775140	NC_003071.7	88.128	219	21	5	491	705	9311241	9311458	9.23e-67	255
NC_003070.9:29774248-29775140	NC_003071.7	84.716	229	16	10	668	883	9225696	9225474	2.03e-53	211
NC_003070.9:29774248-29775140	NC_003071.7	83.544	237	13	11	668	880	13102126	13102360	1.58e-49	198
NC_003070.9:29774248-29775140	NC_003071.7	82.845	239	16	13	667	881	2139149	2139386	2.64e-47	191
NC_003070.9:29774248-29775140	NC_003071.7	90.845	142	10	3	667	807	1597244	1597383	3.41e-46	187
NC_003070.9:29774248-29775140	NC_003071.7	90.780	141	11	2	668	807	19172338	19172199	3.41e-46	187
NC_003070.9:29774248-29775140	NC_003071.7	90.071	141	12	2	668	807	13886247	13886386	1.59e-44	182
NC_003070.9:29774248-29775140	NC_003071.7	90.000	140	13	1	668	807	4025741	4025879	5.71e-44	180
NC_003070.9:29774248-29775140	NC_003071.7	82.008	239	18	17	668	883	5038080	5038316	5.71e-44	180
NC_003070.9:29774248-29775140	NC_003071.7	80.000	235	24	12	668	880	7340709	7340942	1.25e-35	152
NC_003070.9:29774248-29775140	NC_003071.7	79.736	227	29	13	668	880	6206818	6206595	1.61e-34	148
NC_003070.9:29774248-29775140	NC_003071.7	96.104	77	3	0	804	880	7178939	7179015	7.55e-28	126
NC_003070.9:29774248-29775140	NC_003071.7	77.578	223	31	17	668	880	9228850	9228637	4.54e-25	117
NC_003070.9:29774248-29775140	NC_003071.7	77.315	216	29	15	1	210	7567625	7567424	7.60e-23	110
NC_003070.9:29774248-29775140	NC_003071.7	81.890	127	11	4	681	807	9860177	9860063	5.92e-19	97.1
NC_003070.9:29774248-29775140	NC_003071.7	85.106	94	8	6	804	892	7566628	7566536	2.75e-17	91.6
NC_003070.9:29774248-29775140	NC_003071.7	94.872	39	1	1	843	881	1367511	1367474	7.76e-08	60.2
NC_003070.9:29774248-29775140	NC_003075.7	94.337	883	32	6	1	880	7384282	7383415	0.0	1338
NC_003070.9:29774248-29775140	NC_003075.7	91.959	883	48	10	1	880	12698500	12699362	0.0	1216
NC_003070.9:29774248-29775140	NC_003075.7	86.354	916	63	21	1	888	6169229	6168348	0.0	942
NC_003070.9:29774248-29775140	NC_003075.7	86.650	809	85	12	1	807	8820690	8819903	0.0	874
NC_003070.9:29774248-29775140	NC_003075.7	86.081	819	83	14	1	807	17501313	17502112	0.0	852
NC_003070.9:29774248-29775140	NC_003075.7	85.984	742	63	18	1	739	1100279	1100982	0.0	756
NC_003070.9:29774248-29775140	NC_003075.7	79.824	907	96	40	1	883	6242979	6243822	1.34e-164	580
NC_003070.9:29774248-29775140	NC_003075.7	82.792	523	44	22	1	520	9192543	9193022	6.64e-118	425
NC_003070.9:29774248-29775140	NC_003075.7	82.591	247	17	12	668	890	9111814	9111570	2.04e-48	195
NC_003070.9:29774248-29775140	NC_003075.7	82.917	240	14	10	668	883	1521587	1521823	2.64e-47	191
NC_003070.9:29774248-29775140	NC_003075.7	89.362	141	13	2	668	807	14457957	14457818	7.39e-43	176
NC_003070.9:29774248-29775140	NC_003075.7	88.571	140	15	1	668	807	6661317	6661455	1.24e-40	169
NC_003070.9:29774248-29775140	NC_003075.7	90.625	128	9	3	681	807	12606710	12606585	4.45e-40	167
NC_003070.9:29774248-29775140	NC_003075.7	87.857	140	16	1	668	807	5391953	5391815	5.75e-39	163
NC_003070.9:29774248-29775140	NC_003075.7	87.143	140	16	2	668	807	572430	572293	2.68e-37	158
NC_003070.9:29774248-29775140	NC_003075.7	82.803	157	17	5	583	736	7572139	7572288	1.62e-29	132
NC_003070.9:29774248-29775140	NC_003075.7	77.232	224	33	16	668	881	7034465	7034250	1.63e-24	115
NC_003070.9:29774248-29775140	NC_003075.7	92.208	77	6	0	804	880	7906292	7906368	7.60e-23	110
NC_003070.9:29774248-29775140	NC_003075.7	88.636	88	8	2	1	87	10999800	10999886	9.83e-22	106
NC_003070.9:29774248-29775140	NC_003075.7	83.871	93	10	5	804	892	1957624	1957715	4.61e-15	84.2
NC_003070.9:29774248-29775140	NC_003074.8	92.188	896	49	9	1	893	8596967	8596090	0.0	1247
NC_003070.9:29774248-29775140	NC_003074.8	91.879	862	50	8	1	859	4467613	4468457	0.0	1186
NC_003070.9:29774248-29775140	NC_003074.8	86.454	908	55	17	1	881	20770464	20769598	0.0	933
NC_003070.9:29774248-29775140	NC_003074.8	93.861	619	35	3	191	807	18171656	18171039	0.0	929
NC_003070.9:29774248-29775140	NC_003074.8	85.201	919	90	25	1	893	6941484	6940586	0.0	902
NC_003070.9:29774248-29775140	NC_003074.8	95.795	547	19	4	339	883	11456100	11455556	0.0	880
NC_003070.9:29774248-29775140	NC_003074.8	95.404	544	20	4	339	880	19529224	19529764	0.0	861
NC_003070.9:29774248-29775140	NC_003074.8	94.150	547	24	6	339	881	4977472	4978014	0.0	826
NC_003070.9:29774248-29775140	NC_003074.8	84.086	421	38	16	399	807	17210070	17209667	5.25e-104	379
NC_003070.9:29774248-29775140	NC_003074.8	94.767	172	9	0	1	172	11456304	11456133	1.18e-70	268
NC_003070.9:29774248-29775140	NC_003074.8	83.193	238	14	10	668	881	7980317	7980082	2.04e-48	195
NC_003070.9:29774248-29775140	NC_003074.8	91.429	140	10	2	668	807	10405726	10405863	2.64e-47	191
NC_003070.9:29774248-29775140	NC_003074.8	90.000	140	13	1	668	807	6729159	6729021	5.71e-44	180
NC_003070.9:29774248-29775140	NC_003074.8	90.000	140	12	2	668	807	11090673	11090536	5.71e-44	180
NC_003070.9:29774248-29775140	NC_003074.8	81.633	245	19	10	668	890	19740108	19740348	5.71e-44	180
NC_003070.9:29774248-29775140	NC_003074.8	89.286	140	13	2	668	807	19437201	19437338	2.66e-42	174
NC_003070.9:29774248-29775140	NC_003074.8	89.286	140	14	1	668	807	21552337	21552199	2.66e-42	174
NC_003070.9:29774248-29775140	NC_003074.8	81.435	237	17	9	668	880	5866196	5866429	1.24e-40	169
NC_003070.9:29774248-29775140	NC_003074.8	81.013	237	20	9	668	881	17402234	17402000	1.60e-39	165
NC_003070.9:29774248-29775140	NC_003074.8	80.080	251	21	15	668	893	16485541	16485295	7.44e-38	159
NC_003070.9:29774248-29775140	NC_003074.8	79.839	248	23	14	667	890	15814256	15814500	9.63e-37	156
NC_003070.9:29774248-29775140	NC_003074.8	79.736	227	33	9	668	882	16405529	16405754	1.25e-35	152
NC_003070.9:29774248-29775140	NC_003074.8	87.143	140	6	3	668	807	7766394	7766521	1.61e-34	148
NC_003070.9:29774248-29775140	NC_003074.8	79.464	224	33	11	668	880	10708958	10709179	5.79e-34	147
NC_003070.9:29774248-29775140	NC_003074.8	94.805	77	4	0	804	880	15918169	15918093	3.51e-26	121
NC_003070.9:29774248-29775140	NC_003074.8	77.333	225	36	12	668	880	18885845	18885624	1.26e-25	119
NC_003070.9:29774248-29775140	NC_003074.8	89.130	92	8	2	1	91	12814727	12814637	5.88e-24	113
NC_003070.9:29774248-29775140	NC_003074.8	85.366	82	11	1	10	90	15749856	15749775	4.61e-15	84.2
NC_003070.9:29774248-29775140	NC_003074.8	89.062	64	6	1	1	63	16405196	16405259	2.14e-13	78.7
NC_003070.9:29774248-29775140	NC_003076.8	92.308	897	35	11	1	893	24313641	24314507	0.0	1243
NC_003070.9:29774248-29775140	NC_003076.8	92.412	883	34	16	1	880	16372999	16373851	0.0	1229
NC_003070.9:29774248-29775140	NC_003076.8	92.317	872	47	8	12	880	26892545	26893399	0.0	1221
NC_003070.9:29774248-29775140	NC_003076.8	91.304	897	56	10	1	893	9866841	9867719	0.0	1205
NC_003070.9:29774248-29775140	NC_003076.8	91.119	867	49	12	1	857	17398749	17397901	0.0	1149
NC_003070.9:29774248-29775140	NC_003076.8	85.888	907	70	14	1	881	23130214	23129340	0.0	913
NC_003070.9:29774248-29775140	NC_003076.8	84.818	909	89	19	1	881	20279500	20278613	0.0	869
NC_003070.9:29774248-29775140	NC_003076.8	86.101	813	85	21	1	807	13733609	13734399	0.0	850
NC_003070.9:29774248-29775140	NC_003076.8	85.802	810	86	16	1	807	14079423	14080206	0.0	832
NC_003070.9:29774248-29775140	NC_003076.8	84.022	920	88	22	1	881	15031812	15030913	0.0	830
NC_003070.9:29774248-29775140	NC_003076.8	87.366	744	59	16	1	738	9298126	9298840	0.0	821
NC_003070.9:29774248-29775140	NC_003076.8	86.630	718	60	21	1	716	17481151	17481834	0.0	761
NC_003070.9:29774248-29775140	NC_003076.8	86.370	719	63	20	1	716	26891638	26892324	0.0	752
NC_003070.9:29774248-29775140	NC_003076.8	82.867	893	95	30	1	881	19912702	19913548	0.0	749
NC_003070.9:29774248-29775140	NC_003076.8	85.647	634	47	21	276	882	16031163	16030547	1.70e-178	627
NC_003070.9:29774248-29775140	NC_003076.8	84.491	432	31	10	399	807	19408889	19408471	1.87e-108	394
NC_003070.9:29774248-29775140	NC_003076.8	87.547	265	14	8	1	264	16031387	16031141	9.10e-77	289
NC_003070.9:29774248-29775140	NC_003076.8	90.845	142	9	4	668	807	7417661	7417800	3.41e-46	187
NC_003070.9:29774248-29775140	NC_003076.8	90.780	141	11	2	668	807	26015634	26015773	3.41e-46	187
NC_003070.9:29774248-29775140	NC_003076.8	81.377	247	21	7	667	890	24449141	24449385	2.05e-43	178
NC_003070.9:29774248-29775140	NC_003076.8	89.362	141	13	2	668	807	6420064	6419925	7.39e-43	176
NC_003070.9:29774248-29775140	NC_003076.8	82.278	237	11	12	668	880	8749241	8749470	7.39e-43	176
NC_003070.9:29774248-29775140	NC_003076.8	81.301	246	20	9	668	890	17726752	17726994	7.39e-43	176
NC_003070.9:29774248-29775140	NC_003076.8	81.224	245	20	8	668	889	19101876	19102117	2.66e-42	174
NC_003070.9:29774248-29775140	NC_003076.8	80.816	245	21	14	668	889	5625388	5625629	1.24e-40	169
NC_003070.9:29774248-29775140	NC_003076.8	80.172	232	32	11	668	887	14810603	14810832	2.07e-38	161
NC_003070.9:29774248-29775140	NC_003076.8	90.756	119	11	0	1	119	13204307	13204189	7.44e-38	159
NC_003070.9:29774248-29775140	NC_003076.8	79.498	239	32	14	668	893	15581120	15581354	3.46e-36	154
NC_003070.9:29774248-29775140	NC_003076.8	79.487	234	30	14	668	887	13892353	13892124	4.48e-35	150
NC_003070.9:29774248-29775140	NC_003076.8	80.252	238	16	13	668	890	14103879	14103658	4.48e-35	150
NC_003070.9:29774248-29775140	NC_003076.8	80.169	237	13	12	668	881	9557883	9557658	5.79e-34	147
NC_003070.9:29774248-29775140	NC_003076.8	78.838	241	33	13	668	893	16871256	16871493	5.79e-34	147
NC_003070.9:29774248-29775140	NC_003076.8	78.636	220	34	10	668	880	24586843	24587056	4.51e-30	134
NC_003070.9:29774248-29775140	NC_003076.8	83.117	154	11	6	668	807	24118290	24118442	7.55e-28	126
NC_003070.9:29774248-29775140	NC_003076.8	95.833	72	3	0	668	739	4937292	4937363	4.54e-25	117
NC_003070.9:29774248-29775140	NC_003076.8	76.824	233	35	17	668	889	7700852	7700628	5.88e-24	113
NC_003070.9:29774248-29775140	NC_003076.8	89.888	89	7	2	1	88	13561517	13561604	5.88e-24	113
NC_003070.9:29774248-29775140	NC_003076.8	90.789	76	7	0	806	881	14080228	14080303	1.27e-20	102
NC_003070.9:29774248-29775140	NC_003076.8	89.744	78	7	1	806	883	13232000	13232076	1.65e-19	99.0
NC_003070.9:29774248-29775140	NC_003076.8	86.486	74	9	1	669	742	8671466	8671538	5.96e-14	80.5
NC_003070.9:29774248-29775140	NC_003076.8	87.500	64	7	1	1	63	19101558	19101621	9.97e-12	73.1
NC_003070.9:29774248-29775140	NC_003076.8	93.478	46	3	0	682	727	17247879	17247834	1.29e-10	69.4
NC_003070.9:29342234-29343092	NC_003070.9	100.000	859	0	0	1	859	29343092	29342234	0.0	1587
NC_003070.9:29342234-29343092	NC_003070.9	95.265	887	14	6	1	859	10840055	10840941	0.0	1380
NC_003070.9:29342234-29343092	NC_003071.7	85.475	179	14	2	1	179	2082702	2082536	7.10e-43	176
NC_003070.9:29342234-29343092	NC_003071.7	84.252	127	18	1	735	859	4416691	4416817	9.38e-27	122
NC_003070.9:29342234-29343092	NC_003075.7	86.179	123	17	0	737	859	1940103	1940225	4.33e-30	134
NC_003070.9:5798738-5799548	NC_003070.9	100.000	811	0	0	1	811	5799548	5798738	0.0	1498
NC_003070.9:5798738-5799548	NC_003070.9	90.086	817	48	10	24	811	18632951	18632139	0.0	1029
NC_003070.9:5798738-5799548	NC_003070.9	89.914	813	52	15	26	809	3024296	3023485	0.0	1020
NC_003070.9:5798738-5799548	NC_003070.9	89.532	812	52	12	28	809	1195121	1194313	0.0	998
NC_003070.9:5798738-5799548	NC_003070.9	88.917	803	61	14	28	809	18320603	18321398	0.0	965
NC_003070.9:5798738-5799548	NC_003070.9	87.145	809	52	25	50	809	19781107	19780302	0.0	870
NC_003070.9:5798738-5799548	NC_003070.9	89.051	548	41	9	246	786	26880739	26880204	0.0	662
NC_003070.9:5798738-5799548	NC_003070.9	90.517	348	26	5	467	809	20704228	20704573	2.76e-126	453
NC_003070.9:5798738-5799548	NC_003070.9	86.854	213	15	4	28	227	26881503	26881291	6.55e-58	226
NC_003070.9:5798738-5799548	NC_003070.9	85.567	194	24	3	27	218	9138320	9138129	3.97e-50	200
NC_003070.9:5798738-5799548	NC_003074.8	91.272	802	45	14	28	809	7714349	7713553	0.0	1070
NC_003070.9:5798738-5799548	NC_003074.8	90.247	810	48	8	28	809	16186180	16185374	0.0	1029
NC_003070.9:5798738-5799548	NC_003074.8	90.000	810	51	9	27	809	10416864	10417670	0.0	1020
NC_003070.9:5798738-5799548	NC_003074.8	89.578	806	57	13	28	809	12359526	12358724	0.0	998
NC_003070.9:5798738-5799548	NC_003074.8	88.639	801	51	12	27	809	8874895	8875673	0.0	939
NC_003070.9:5798738-5799548	NC_003074.8	88.625	800	51	13	27	809	15874738	15873962	0.0	937
NC_003070.9:5798738-5799548	NC_003074.8	88.390	801	52	12	27	809	14559079	14559856	0.0	926
NC_003070.9:5798738-5799548	NC_003074.8	89.150	765	45	10	49	777	18927967	18928729	0.0	918
NC_003070.9:5798738-5799548	NC_003074.8	86.650	809	69	21	23	809	8883272	8884063	0.0	859
NC_003070.9:5798738-5799548	NC_003074.8	89.492	571	40	9	246	809	7766080	7765523	0.0	704
NC_003070.9:5798738-5799548	NC_003074.8	91.064	235	18	3	527	758	12384105	12384339	1.36e-84	315
NC_003070.9:5798738-5799548	NC_003074.8	87.850	214	13	4	27	227	7766845	7766632	8.41e-62	239
NC_003070.9:5798738-5799548	NC_003074.8	87.054	224	14	10	32	241	12383830	12384052	8.41e-62	239
NC_003070.9:5798738-5799548	NC_003075.7	90.160	813	42	13	28	809	8421906	8421101	0.0	1024
NC_003070.9:5798738-5799548	NC_003075.7	89.422	813	53	13	28	809	4949067	4948257	0.0	994
NC_003070.9:5798738-5799548	NC_003075.7	89.592	759	46	16	66	795	18233085	18232331	0.0	933
NC_003070.9:5798738-5799548	NC_003075.7	87.321	836	67	16	1	811	6944582	6943761	0.0	920
NC_003070.9:5798738-5799548	NC_003075.7	87.916	811	58	17	28	811	5837168	5836371	0.0	918
NC_003070.9:5798738-5799548	NC_003075.7	88.608	790	37	21	47	809	5479108	5478345	0.0	911
NC_003070.9:5798738-5799548	NC_003075.7	88.808	411	22	3	28	414	1598444	1598854	3.52e-135	483
NC_003070.9:5798738-5799548	NC_003071.7	89.642	811	54	16	28	809	8102688	8103497	0.0	1005
NC_003070.9:5798738-5799548	NC_003071.7	89.325	815	55	15	25	809	4759877	4759065	0.0	994
NC_003070.9:5798738-5799548	NC_003071.7	90.923	650	45	10	173	809	6262554	6263202	0.0	861
NC_003070.9:5798738-5799548	NC_003071.7	90.118	678	45	10	147	809	6992271	6992941	0.0	861
NC_003070.9:5798738-5799548	NC_003071.7	94.828	58	3	0	89	146	6990932	6990989	2.49e-17	91.6
NC_003070.9:5798738-5799548	NC_003076.8	89.558	814	48	18	25	809	10187477	10188282	0.0	998
NC_003070.9:5798738-5799548	NC_003076.8	89.493	809	51	15	32	809	5802087	5801282	0.0	992
NC_003070.9:5798738-5799548	NC_003076.8	89.409	812	52	11	28	809	16211360	16212167	0.0	992
NC_003070.9:5798738-5799548	NC_003076.8	88.875	809	49	11	27	809	21174423	21175216	0.0	957
NC_003070.9:5798738-5799548	NC_003076.8	88.500	800	52	16	28	809	17360102	17359325	0.0	931
NC_003070.9:5798738-5799548	NC_003076.8	87.423	811	64	19	27	809	13786536	13787336	0.0	898
NC_003070.9:5798738-5799548	NC_003076.8	84.839	653	45	10	28	626	19019567	19018915	5.57e-173	608
NC_003070.9:5798738-5799548	NC_003076.8	92.462	199	13	2	612	809	19018819	19018622	3.83e-75	283
NC_003070.9:5798738-5799548	NC_003076.8	85.000	200	20	6	27	218	15003951	15003754	1.85e-48	195
NC_003070.9:6074883-6075498	NC_003070.9	100.000	616	0	0	1	616	6074883	6075498	0.0	1138
NC_003070.9:6074883-6075498	NC_003070.9	85.962	634	51	12	6	615	13624549	13623930	0.0	643
NC_003070.9:6074883-6075498	NC_003070.9	84.545	660	56	18	1	614	22828615	22829274	3.23e-174	612
NC_003070.9:6074883-6075498	NC_003070.9	83.094	627	82	16	1	616	3343055	3342442	2.57e-155	549
NC_003070.9:6074883-6075498	NC_003070.9	82.665	623	84	16	2	613	18633797	18633188	9.31e-150	531
NC_003070.9:6074883-6075498	NC_003070.9	85.350	314	28	9	9	305	16477700	16478012	4.75e-83	309
NC_003070.9:6074883-6075498	NC_003071.7	87.423	652	43	17	2	614	2297111	2297762	0.0	713
NC_003070.9:6074883-6075498	NC_003071.7	83.969	655	60	13	2	613	2241232	2240580	1.96e-166	586
NC_003070.9:6074883-6075498	NC_003071.7	83.614	653	60	11	1	613	3598085	3598730	1.97e-161	569
NC_003070.9:6074883-6075498	NC_003071.7	82.648	657	66	19	3	616	4471815	4472466	5.57e-152	538
NC_003070.9:6074883-6075498	NC_003071.7	84.014	563	55	12	1	530	2961260	2961820	4.36e-143	508
NC_003070.9:6074883-6075498	NC_003071.7	81.476	664	72	30	1	616	1281524	1280864	9.45e-140	497
NC_003070.9:6074883-6075498	NC_003071.7	91.054	313	24	3	6	316	8078202	8077892	2.10e-116	420
NC_003070.9:6074883-6075498	NC_003071.7	79.133	623	70	25	1	614	1076409	1075838	4.62e-103	375
NC_003070.9:6074883-6075498	NC_003071.7	85.067	375	34	9	251	616	2852003	2852364	3.60e-99	363
NC_003070.9:6074883-6075498	NC_003071.7	88.268	179	20	1	313	490	8077861	8077683	3.83e-54	213
NC_003070.9:6074883-6075498	NC_003076.8	87.204	633	59	9	2	613	18919592	18920223	0.0	701
NC_003070.9:6074883-6075498	NC_003076.8	84.543	634	58	22	7	611	15791110	15791732	4.21e-168	592
NC_003070.9:6074883-6075498	NC_003076.8	85.348	546	44	19	2	524	12547098	12547630	2.59e-150	532
NC_003070.9:6074883-6075498	NC_003076.8	83.864	471	53	12	128	589	7644086	7644542	1.26e-118	427
NC_003070.9:6074883-6075498	NC_003076.8	80.417	623	68	23	1	584	14994460	14995067	4.52e-118	425
NC_003070.9:6074883-6075498	NC_003076.8	86.500	400	29	8	239	615	14956468	14956071	2.72e-115	416
NC_003070.9:6074883-6075498	NC_003075.7	86.909	634	62	2	2	614	15816687	15816054	0.0	691
NC_003070.9:6074883-6075498	NC_003075.7	82.148	633	90	16	2	614	9368715	9369344	5.61e-147	521
NC_003070.9:6074883-6075498	NC_003075.7	83.851	322	26	13	62	368	2521893	2521583	2.88e-75	283
NC_003070.9:6074883-6075498	NC_003075.7	78.621	435	72	14	1	426	11696728	11696306	8.06e-71	268
NC_003070.9:6074883-6075498	NC_003075.7	90.909	132	12	0	1	132	9079469	9079338	1.40e-43	178
NC_003070.9:6074883-6075498	NC_003074.8	88.955	507	39	4	1	490	14127408	14127914	1.16e-173	610
NC_003070.9:6074883-6075498	NC_003074.8	88.955	507	39	4	1	490	14142997	14143503	1.16e-173	610
NC_003070.9:6074883-6075498	NC_003074.8	83.094	627	76	18	1	613	13823339	13823949	1.20e-153	544
NC_003070.9:6074883-6075498	NC_003074.8	83.175	630	55	22	9	612	15188376	15188980	3.35e-149	529
NC_003070.9:6074883-6075498	NC_003074.8	82.188	640	71	22	1	614	10825141	10825763	1.21e-143	510
NC_003070.9:6074883-6075498	NC_003074.8	80.624	609	81	20	2	594	17150761	17150174	2.09e-121	436
NC_003070.9:6074883-6075498	NC_003074.8	79.421	622	90	22	2	613	11167394	11166801	5.89e-112	405
NC_003070.9:6074883-6075498	NC_003074.8	96.000	50	2	0	62	111	15188370	15188321	1.13e-14	82.4
NC_003070.9:26169394-26171482	NC_003070.9	100.000	2089	0	0	1	2089	26171482	26169394	0.0	3858
NC_003070.9:26169394-26171482	NC_003070.9	93.875	2106	103	16	3	2088	7035191	7037290	0.0	3151
NC_003070.9:26169394-26171482	NC_003070.9	93.768	2102	89	17	3	2089	13058823	13060897	0.0	3118
NC_003070.9:26169394-26171482	NC_003070.9	93.618	2084	85	17	1	2066	8114768	8116821	0.0	3068
NC_003070.9:26169394-26171482	NC_003070.9	93.108	2104	103	18	3	2088	17899863	17901942	0.0	3044
NC_003070.9:26169394-26171482	NC_003070.9	93.102	2102	94	15	2	2088	9816209	9818274	0.0	3031
NC_003070.9:26169394-26171482	NC_003070.9	92.534	2103	104	21	3	2086	9867414	9865346	0.0	2964
NC_003070.9:26169394-26171482	NC_003070.9	92.370	2110	102	25	3	2088	22449931	22452005	0.0	2950
NC_003070.9:26169394-26171482	NC_003070.9	92.395	2104	92	25	3	2088	19995734	19993681	0.0	2937
NC_003070.9:26169394-26171482	NC_003070.9	92.118	2106	107	22	3	2089	16903800	16905865	0.0	2915
NC_003070.9:26169394-26171482	NC_003070.9	94.968	1868	69	17	16	1866	30255510	30253651	0.0	2905
NC_003070.9:26169394-26171482	NC_003070.9	91.347	1849	80	33	3	1818	11737393	11735592	0.0	2455
NC_003070.9:26169394-26171482	NC_003070.9	91.964	1767	80	24	340	2089	13017571	13015850	0.0	2420
NC_003070.9:26169394-26171482	NC_003070.9	93.918	1414	55	11	692	2089	15939781	15941179	0.0	2106
NC_003070.9:26169394-26171482	NC_003070.9	91.069	1590	74	26	518	2088	18791324	18792864	0.0	2087
NC_003070.9:26169394-26171482	NC_003070.9	94.632	1360	47	9	3	1360	30253107	30251772	0.0	2084
NC_003070.9:26169394-26171482	NC_003070.9	94.493	1362	48	10	1	1360	12330055	12328719	0.0	2074
NC_003070.9:26169394-26171482	NC_003070.9	93.617	1363	58	12	1	1360	22994062	22992726	0.0	2008
NC_003070.9:26169394-26171482	NC_003070.9	91.649	1449	66	18	3	1436	501372	499964	0.0	1954
NC_003070.9:26169394-26171482	NC_003070.9	94.396	1267	60	6	7	1272	19329256	19328000	0.0	1936
NC_003070.9:26169394-26171482	NC_003070.9	92.975	1153	50	17	955	2089	11700589	11701728	0.0	1652
NC_003070.9:26169394-26171482	NC_003070.9	92.550	1141	58	13	964	2089	3413713	3414841	0.0	1611
NC_003070.9:26169394-26171482	NC_003070.9	92.133	1144	60	14	962	2089	28161194	28162323	0.0	1587
NC_003070.9:26169394-26171482	NC_003070.9	92.410	1054	59	15	1054	2089	19769039	19767989	0.0	1483
NC_003070.9:26169394-26171482	NC_003070.9	93.763	978	41	7	3	979	19061965	19062923	0.0	1450
NC_003070.9:26169394-26171482	NC_003070.9	93.014	1002	48	12	1104	2088	4786259	4787255	0.0	1443
NC_003070.9:26169394-26171482	NC_003070.9	92.793	999	40	13	1107	2088	12365009	12365992	0.0	1417
NC_003070.9:26169394-26171482	NC_003070.9	92.879	997	38	9	1110	2088	19466071	19465090	0.0	1417
NC_003070.9:26169394-26171482	NC_003070.9	94.516	930	30	9	3	931	11699698	11700607	0.0	1415
NC_003070.9:26169394-26171482	NC_003070.9	92.786	998	41	8	1107	2088	16825388	16826370	0.0	1415
NC_003070.9:26169394-26171482	NC_003070.9	92.567	1009	37	12	1102	2088	16326311	16327303	0.0	1413
NC_003070.9:26169394-26171482	NC_003070.9	92.585	998	39	13	1107	2088	12563207	12562229	0.0	1400
NC_003070.9:26169394-26171482	NC_003070.9	96.564	844	26	3	1	844	12364133	12364973	0.0	1395
NC_003070.9:26169394-26171482	NC_003070.9	92.048	1006	43	11	1102	2088	23214532	23215519	0.0	1380
NC_003070.9:26169394-26171482	NC_003070.9	96.081	842	26	4	3	844	16824518	16825352	0.0	1365
NC_003070.9:26169394-26171482	NC_003070.9	95.863	846	26	7	2	844	23213665	23214504	0.0	1360
NC_003070.9:26169394-26171482	NC_003070.9	95.745	846	27	6	3	844	19466949	19466109	0.0	1354
NC_003070.9:26169394-26171482	NC_003070.9	95.487	842	35	3	3	844	12564081	12563243	0.0	1341
NC_003070.9:26169394-26171482	NC_003070.9	95.035	846	34	5	2	844	16325443	16326283	0.0	1323
NC_003070.9:26169394-26171482	NC_003070.9	93.326	869	31	11	267	1134	19062922	19063764	0.0	1258
NC_003070.9:26169394-26171482	NC_003070.9	89.959	976	75	16	1	961	16806987	16807954	0.0	1238
NC_003070.9:26169394-26171482	NC_003070.9	92.643	802	41	7	1302	2088	19063794	19064592	0.0	1138
NC_003070.9:26169394-26171482	NC_003070.9	92.920	791	39	11	1311	2088	23876482	23877268	0.0	1134
NC_003070.9:26169394-26171482	NC_003070.9	93.808	759	30	9	962	1705	16998385	16997629	0.0	1125
NC_003070.9:26169394-26171482	NC_003070.9	93.684	760	31	5	962	1705	12876772	12876014	0.0	1122
NC_003070.9:26169394-26171482	NC_003070.9	91.546	828	36	8	3	830	4785461	4786254	0.0	1110
NC_003070.9:26169394-26171482	NC_003070.9	89.387	848	64	18	1	834	16806148	16806983	0.0	1044
NC_003070.9:26169394-26171482	NC_003070.9	86.845	973	79	26	3	961	13262203	13261266	0.0	1042
NC_003070.9:26169394-26171482	NC_003070.9	93.813	695	38	5	238	932	17552860	17552171	0.0	1040
NC_003070.9:26169394-26171482	NC_003070.9	92.649	721	48	5	238	957	1977027	1976311	0.0	1033
NC_003070.9:26169394-26171482	NC_003070.9	91.214	774	45	11	1331	2089	19328001	19327236	0.0	1031
NC_003070.9:26169394-26171482	NC_003070.9	92.372	721	47	8	238	957	14299705	14298992	0.0	1020
NC_003070.9:26169394-26171482	NC_003070.9	92.083	720	51	5	238	957	29320592	29319879	0.0	1009
NC_003070.9:26169394-26171482	NC_003070.9	93.064	692	43	5	251	942	19085236	19085922	0.0	1007
NC_003070.9:26169394-26171482	NC_003070.9	93.255	682	41	5	261	942	19173657	19172981	0.0	1000
NC_003070.9:26169394-26171482	NC_003070.9	91.632	717	55	5	238	954	6736003	6736714	0.0	987
NC_003070.9:26169394-26171482	NC_003070.9	91.389	720	57	5	238	957	3074585	3073871	0.0	981
NC_003070.9:26169394-26171482	NC_003070.9	91.213	717	57	6	238	954	17368	18078	0.0	970
NC_003070.9:26169394-26171482	NC_003070.9	91.845	699	52	4	254	952	8291431	8290738	0.0	970
NC_003070.9:26169394-26171482	NC_003070.9	91.489	705	45	9	254	957	12855853	12855163	0.0	955
NC_003070.9:26169394-26171482	NC_003070.9	93.012	644	42	3	238	881	2235029	2234389	0.0	937
NC_003070.9:26169394-26171482	NC_003070.9	89.128	745	47	19	238	952	18746910	18746170	0.0	896
NC_003070.9:26169394-26171482	NC_003070.9	91.331	646	42	10	1453	2088	14309405	14308764	0.0	870
NC_003070.9:26169394-26171482	NC_003070.9	92.667	600	29	8	1492	2088	499960	499373	0.0	850
NC_003070.9:26169394-26171482	NC_003070.9	92.804	542	32	5	1550	2088	8489951	8489414	0.0	778
NC_003070.9:26169394-26171482	NC_003070.9	91.897	543	37	5	1550	2088	25963004	25962465	0.0	752
NC_003070.9:26169394-26171482	NC_003070.9	95.011	461	23	0	3	463	15939323	15939783	0.0	725
NC_003070.9:26169394-26171482	NC_003070.9	94.468	470	24	2	3	472	22622305	22621838	0.0	723
NC_003070.9:26169394-26171482	NC_003070.9	91.461	527	29	4	1564	2089	18790338	18790849	0.0	710
NC_003070.9:26169394-26171482	NC_003070.9	93.750	464	21	4	899	1360	22621842	22621385	0.0	689
NC_003070.9:26169394-26171482	NC_003070.9	95.122	410	19	1	2	411	18790926	18791334	0.0	645
NC_003070.9:26169394-26171482	NC_003070.9	92.326	417	29	3	538	954	23174140	23174553	5.30e-167	590
NC_003070.9:26169394-26171482	NC_003070.9	93.069	404	24	2	1687	2089	23554190	23553790	1.90e-166	588
NC_003070.9:26169394-26171482	NC_003070.9	96.281	242	7	2	3	244	3910601	3910362	1.24e-108	396
NC_003070.9:26169394-26171482	NC_003070.9	91.724	290	12	2	1311	1588	22992366	22992077	1.60e-107	392
NC_003070.9:26169394-26171482	NC_003070.9	94.186	258	14	1	1	258	25963259	25963003	1.60e-107	392
NC_003070.9:26169394-26171482	NC_003070.9	91.638	287	12	2	1311	1585	12328360	12328074	7.46e-106	387
NC_003070.9:26169394-26171482	NC_003070.9	92.058	277	18	4	3	277	23554439	23554165	7.46e-106	387
NC_003070.9:26169394-26171482	NC_003070.9	91.379	290	13	2	1311	1588	30251412	30251123	7.46e-106	387
NC_003070.9:26169394-26171482	NC_003070.9	91.065	291	13	3	1311	1588	22621025	22620735	3.47e-104	381
NC_003070.9:26169394-26171482	NC_003070.9	94.690	226	10	1	1864	2089	30253364	30253141	9.78e-95	350
NC_003070.9:26169394-26171482	NC_003070.9	91.154	260	18	5	3	259	2235167	2234910	3.52e-94	348
NC_003070.9:26169394-26171482	NC_003070.9	91.154	260	18	5	3	259	17552998	17552741	3.52e-94	348
NC_003070.9:26169394-26171482	NC_003070.9	90.661	257	19	5	6	259	18747045	18746791	7.62e-91	337
NC_003070.9:26169394-26171482	NC_003070.9	91.165	249	19	3	3	249	17009	17256	2.74e-90	335
NC_003070.9:26169394-26171482	NC_003070.9	91.165	249	17	5	3	249	14299842	14299597	9.85e-90	333
NC_003070.9:26169394-26171482	NC_003070.9	90.661	257	13	2	2	258	8490195	8489950	3.54e-89	331
NC_003070.9:26169394-26171482	NC_003070.9	89.960	249	22	3	3	249	3074944	3074697	2.76e-85	318
NC_003070.9:26169394-26171482	NC_003070.9	97.268	183	5	0	962	1144	22992564	22992382	4.62e-83	311
NC_003070.9:26169394-26171482	NC_003070.9	96.721	183	6	0	962	1144	12328558	12328376	2.15e-81	305
NC_003070.9:26169394-26171482	NC_003070.9	96.237	186	7	0	962	1147	30251610	30251425	2.15e-81	305
NC_003070.9:26169394-26171482	NC_003070.9	96.175	183	7	0	962	1144	22621223	22621041	9.99e-80	300
NC_003070.9:26169394-26171482	NC_003070.9	95.628	183	8	0	962	1144	23876284	23876466	4.65e-78	294
NC_003070.9:26169394-26171482	NC_003070.9	89.030	237	22	4	26	259	29320708	29320473	6.01e-77	291
NC_003070.9:26169394-26171482	NC_003070.9	89.316	234	20	5	30	259	17255	17487	2.16e-76	289
NC_003070.9:26169394-26171482	NC_003070.9	86.260	262	17	6	1	259	19085097	19085342	1.01e-69	267
NC_003070.9:26169394-26171482	NC_003070.9	85.769	260	16	8	3	259	19173802	19173561	2.19e-66	255
NC_003070.9:26169394-26171482	NC_003070.9	85.259	251	19	8	1	249	12855995	12855761	1.71e-62	243
NC_003070.9:26169394-26171482	NC_003070.9	84.231	260	22	9	3	259	8291571	8291328	2.86e-60	235
NC_003070.9:26169394-26171482	NC_003070.9	95.283	106	5	0	962	1067	19769678	19769573	2.94e-40	169
NC_003070.9:26169394-26171482	NC_003070.9	90.361	83	8	0	1	83	18790101	18790183	1.81e-22	110
NC_003070.9:26169394-26171482	NC_003070.9	91.250	80	7	0	4	83	30251767	30251688	1.81e-22	110
NC_003070.9:26169394-26171482	NC_003070.9	90.244	82	8	0	2	83	16998956	16998875	6.50e-22	108
NC_003070.9:26169394-26171482	NC_003070.9	94.366	71	3	1	962	1032	18790258	18790327	6.50e-22	108
NC_003070.9:26169394-26171482	NC_003070.9	90.244	82	6	2	3	83	12876928	12876848	2.34e-21	106
NC_003070.9:26169394-26171482	NC_003070.9	89.286	84	7	2	1	83	3413551	3413633	8.41e-21	104
NC_003070.9:26169394-26171482	NC_003070.9	90.000	80	7	1	4	83	12328714	12328636	3.02e-20	102
NC_003070.9:26169394-26171482	NC_003070.9	88.372	86	9	1	2	87	19769834	19769750	3.02e-20	102
NC_003070.9:26169394-26171482	NC_003070.9	89.024	82	7	2	3	83	19724755	19724835	1.09e-19	100
NC_003070.9:26169394-26171482	NC_003070.9	87.209	86	8	3	6	91	22621378	22621296	5.06e-18	95.3
NC_003070.9:26169394-26171482	NC_003070.9	100.000	37	0	0	1084	1120	16326284	16326320	3.07e-10	69.4
NC_003070.9:26169394-26171482	NC_003070.9	100.000	36	0	0	1084	1119	12364974	12365009	1.10e-09	67.6
NC_003070.9:26169394-26171482	NC_003070.9	100.000	36	0	0	1084	1119	12563242	12563207	1.10e-09	67.6
NC_003070.9:26169394-26171482	NC_003070.9	100.000	36	0	0	1084	1119	16825353	16825388	1.10e-09	67.6
NC_003070.9:26169394-26171482	NC_003070.9	100.000	36	0	0	1084	1119	19466108	19466073	1.10e-09	67.6
NC_003070.9:26169394-26171482	NC_003071.7	98.805	2092	20	5	1	2089	6925379	6923290	0.0	3720
NC_003070.9:26169394-26171482	NC_003071.7	95.102	2103	78	18	2	2089	13266914	13269006	0.0	3290
NC_003070.9:26169394-26171482	NC_003071.7	93.928	2108	101	21	3	2089	12800994	12803095	0.0	3158
NC_003070.9:26169394-26171482	NC_003071.7	93.444	2105	90	22	3	2088	499985	502060	0.0	3079
NC_003070.9:26169394-26171482	NC_003071.7	92.701	2110	102	20	1	2089	17255235	17253157	0.0	2996
NC_003070.9:26169394-26171482	NC_003071.7	92.487	2103	95	21	3	2089	13908721	13906666	0.0	2950
NC_003070.9:26169394-26171482	NC_003071.7	92.050	2063	104	21	3	2048	12094425	12092406	0.0	2846
NC_003070.9:26169394-26171482	NC_003071.7	92.100	2000	108	22	106	2088	396551	394585	0.0	2772
NC_003070.9:26169394-26171482	NC_003071.7	91.977	1932	83	23	1	1890	11287163	11285262	0.0	2643
NC_003070.9:26169394-26171482	NC_003071.7	93.392	1362	57	13	3	1361	13338077	13336746	0.0	1986
NC_003070.9:26169394-26171482	NC_003071.7	90.966	1439	72	23	3	1423	707442	708840	0.0	1884
NC_003070.9:26169394-26171482	NC_003071.7	91.776	1143	68	16	962	2088	7814534	7813402	0.0	1567
NC_003070.9:26169394-26171482	NC_003071.7	93.530	1051	50	5	2	1052	7154737	7153705	0.0	1548
NC_003070.9:26169394-26171482	NC_003071.7	91.164	1143	80	11	962	2088	7169367	7168230	0.0	1531
NC_003070.9:26169394-26171482	NC_003071.7	93.212	1046	51	8	1059	2088	6663080	6664121	0.0	1520
NC_003070.9:26169394-26171482	NC_003071.7	92.651	1007	38	16	1102	2088	543175	544165	0.0	1417
NC_003070.9:26169394-26171482	NC_003071.7	94.677	883	40	7	2	880	14333784	14334663	0.0	1363
NC_003070.9:26169394-26171482	NC_003071.7	92.395	973	43	9	1104	2061	14334657	14335613	0.0	1358
NC_003070.9:26169394-26171482	NC_003071.7	94.911	845	35	5	3	844	542308	543147	0.0	1315
NC_003070.9:26169394-26171482	NC_003071.7	91.485	963	61	11	1128	2075	6803425	6804381	0.0	1304
NC_003070.9:26169394-26171482	NC_003071.7	92.785	887	44	13	1218	2089	13336704	13335823	0.0	1266
NC_003070.9:26169394-26171482	NC_003071.7	91.379	870	46	18	1241	2088	7960700	7961562	0.0	1164
NC_003070.9:26169394-26171482	NC_003071.7	92.938	793	39	6	1311	2089	6101020	6100231	0.0	1138
NC_003070.9:26169394-26171482	NC_003071.7	92.055	793	44	8	1311	2088	7112140	7112928	0.0	1098
NC_003070.9:26169394-26171482	NC_003071.7	93.611	720	42	4	238	957	12556068	12555353	0.0	1072
NC_003070.9:26169394-26171482	NC_003071.7	93.287	715	44	4	238	952	1460787	1460077	0.0	1051
NC_003070.9:26169394-26171482	NC_003071.7	94.049	689	37	4	244	932	10468943	10468259	0.0	1042
NC_003070.9:26169394-26171482	NC_003071.7	93.333	705	40	6	254	957	5466865	5466167	0.0	1035
NC_003070.9:26169394-26171482	NC_003071.7	92.109	735	46	10	1359	2089	3213050	3212324	0.0	1026
NC_003070.9:26169394-26171482	NC_003071.7	92.308	676	43	6	1415	2086	709401	710071	0.0	952
NC_003070.9:26169394-26171482	NC_003071.7	92.857	644	43	3	238	881	19196619	19195979	0.0	931
NC_003070.9:26169394-26171482	NC_003071.7	93.019	573	34	6	238	810	6099666	6100232	0.0	832
NC_003070.9:26169394-26171482	NC_003071.7	89.264	652	36	10	238	889	11399238	11398621	0.0	785
NC_003070.9:26169394-26171482	NC_003071.7	92.795	458	29	4	1489	1943	3564666	3565122	0.0	660
NC_003070.9:26169394-26171482	NC_003071.7	91.589	321	26	1	637	957	6383692	6383373	1.57e-122	442
NC_003070.9:26169394-26171482	NC_003071.7	91.986	287	11	2	1311	1585	4024558	4024844	1.60e-107	392
NC_003070.9:26169394-26171482	NC_003071.7	91.034	290	14	6	1311	1588	980261	979972	3.47e-104	381
NC_003070.9:26169394-26171482	NC_003071.7	94.650	243	12	1	962	1204	7959949	7960190	1.61e-102	375
NC_003070.9:26169394-26171482	NC_003071.7	91.241	274	22	2	1816	2089	2962564	2962293	2.09e-101	372
NC_003070.9:26169394-26171482	NC_003071.7	93.548	248	16	0	1801	2048	3565123	3565370	7.51e-101	370
NC_003070.9:26169394-26171482	NC_003071.7	91.154	260	18	5	3	259	19196757	19196500	3.52e-94	348
NC_003070.9:26169394-26171482	NC_003071.7	91.154	260	16	6	3	259	6099530	6099785	1.27e-93	346
NC_003070.9:26169394-26171482	NC_003071.7	90.769	260	19	5	3	259	11399377	11399120	1.64e-92	342
NC_003070.9:26169394-26171482	NC_003071.7	90.734	259	19	5	3	258	1460925	1460669	5.89e-92	340
NC_003070.9:26169394-26171482	NC_003071.7	90.726	248	16	6	15	259	5843961	5843718	5.93e-87	324
NC_003070.9:26169394-26171482	NC_003071.7	89.231	260	24	4	3	259	6084090	6084348	2.13e-86	322
NC_003070.9:26169394-26171482	NC_003071.7	97.340	188	4	1	962	1149	4024359	4024545	2.76e-85	318
NC_003070.9:26169394-26171482	NC_003071.7	89.272	261	19	5	1	258	6384056	6383802	2.76e-85	318
NC_003070.9:26169394-26171482	NC_003071.7	96.739	184	6	0	962	1145	7111941	7112124	5.97e-82	307
NC_003070.9:26169394-26171482	NC_003071.7	95.628	183	8	0	962	1144	980459	980277	4.65e-78	294
NC_003070.9:26169394-26171482	NC_003071.7	95.109	184	8	1	967	1150	6101214	6101032	2.16e-76	289
NC_003070.9:26169394-26171482	NC_003071.7	85.824	261	17	7	2	259	5467005	5466762	1.70e-67	259
NC_003070.9:26169394-26171482	NC_003071.7	93.125	160	8	3	797	954	6101360	6101518	3.70e-59	231
NC_003070.9:26169394-26171482	NC_003071.7	94.017	117	5	2	1	116	6101379	6101264	1.76e-42	176
NC_003070.9:26169394-26171482	NC_003071.7	94.643	112	6	0	962	1073	3564539	3564650	6.32e-42	174
NC_003070.9:26169394-26171482	NC_003071.7	95.238	105	5	0	962	1066	3213196	3213092	1.06e-39	167
NC_003070.9:26169394-26171482	NC_003071.7	93.396	106	7	0	962	1067	6661119	6661224	6.36e-37	158
NC_003070.9:26169394-26171482	NC_003071.7	94.805	77	4	0	962	1038	2962647	2962571	8.35e-26	121
NC_003070.9:26169394-26171482	NC_003071.7	93.827	81	4	1	3	83	7111784	7111863	8.35e-26	121
NC_003070.9:26169394-26171482	NC_003071.7	90.000	90	7	2	1	90	7814693	7814606	3.89e-24	115
NC_003070.9:26169394-26171482	NC_003071.7	91.358	81	7	0	3	83	980617	980537	5.03e-23	111
NC_003070.9:26169394-26171482	NC_003071.7	91.358	81	7	0	3	83	3213354	3213274	5.03e-23	111
NC_003070.9:26169394-26171482	NC_003071.7	88.889	90	5	5	3	91	2962805	2962720	2.34e-21	106
NC_003070.9:26169394-26171482	NC_003071.7	89.412	85	7	2	3	87	3564382	3564464	2.34e-21	106
NC_003070.9:26169394-26171482	NC_003071.7	90.123	81	8	0	3	83	4024201	4024281	2.34e-21	106
NC_003070.9:26169394-26171482	NC_003071.7	91.026	78	5	2	3	79	7169524	7169448	8.41e-21	104
NC_003070.9:26169394-26171482	NC_003071.7	92.647	68	5	0	28	95	12555280	12555213	3.91e-19	99.0
NC_003070.9:26169394-26171482	NC_003071.7	90.769	65	6	0	19	83	7959807	7959871	8.47e-16	87.9
NC_003070.9:26169394-26171482	NC_003071.7	95.918	49	2	0	962	1010	6101262	6101214	1.42e-13	80.5
NC_003070.9:26169394-26171482	NC_003071.7	100.000	37	0	0	1084	1120	543148	543184	3.07e-10	69.4
NC_003070.9:26169394-26171482	NC_003071.7	100.000	32	0	0	1084	1115	14334625	14334656	1.85e-07	60.2
NC_003070.9:26169394-26171482	NC_003076.8	96.165	2112	50	16	4	2089	5430061	5427955	0.0	3422
NC_003070.9:26169394-26171482	NC_003076.8	95.729	2107	65	14	3	2088	19742617	19740515	0.0	3369
NC_003070.9:26169394-26171482	NC_003076.8	95.195	2102	78	14	1	2088	20682408	20680316	0.0	3301
NC_003070.9:26169394-26171482	NC_003076.8	95.150	2103	81	14	2	2089	8765708	8767804	0.0	3299
NC_003070.9:26169394-26171482	NC_003076.8	96.231	1990	51	12	3	1977	14151294	14149314	0.0	3238
NC_003070.9:26169394-26171482	NC_003076.8	94.724	2085	82	19	18	2086	24187899	24185827	0.0	3216
NC_003070.9:26169394-26171482	NC_003076.8	93.869	2104	106	16	3	2088	17365025	17367123	0.0	3149
NC_003070.9:26169394-26171482	NC_003076.8	93.777	2105	86	22	3	2089	8746701	8744624	0.0	3120
NC_003070.9:26169394-26171482	NC_003076.8	93.536	2104	87	17	2	2088	9965018	9962947	0.0	3086
NC_003070.9:26169394-26171482	NC_003076.8	92.830	2106	100	20	3	2089	14082835	14080762	0.0	3005
NC_003070.9:26169394-26171482	NC_003076.8	92.578	2102	108	28	3	2088	1898645	1896576	0.0	2974
NC_003070.9:26169394-26171482	NC_003076.8	92.538	2104	105	25	3	2088	16356475	16358544	0.0	2968
NC_003070.9:26169394-26171482	NC_003076.8	92.577	2088	105	23	20	2088	17775746	17777802	0.0	2952
NC_003070.9:26169394-26171482	NC_003076.8	94.412	1360	48	11	3	1360	20281984	20280651	0.0	2065
NC_003070.9:26169394-26171482	NC_003076.8	93.893	1359	57	9	3	1360	9590410	9591743	0.0	2026
NC_003070.9:26169394-26171482	NC_003076.8	94.169	1269	51	10	3	1270	4782228	4780982	0.0	1912
NC_003070.9:26169394-26171482	NC_003076.8	91.753	1358	59	24	1	1338	9559509	9558185	0.0	1838
NC_003070.9:26169394-26171482	NC_003076.8	93.511	1202	53	11	142	1340	4312671	4313850	0.0	1764
NC_003070.9:26169394-26171482	NC_003076.8	93.445	1190	56	6	1	1185	11025334	11026506	0.0	1746
NC_003070.9:26169394-26171482	NC_003076.8	95.430	1094	32	5	54	1147	17618634	17617559	0.0	1727
NC_003070.9:26169394-26171482	NC_003076.8	93.783	1142	51	9	962	2088	15043270	15042134	0.0	1698
NC_003070.9:26169394-26171482	NC_003076.8	93.739	1134	43	8	2	1134	15606602	15605496	0.0	1676
NC_003070.9:26169394-26171482	NC_003076.8	93.019	1146	58	12	962	2088	24476433	24475291	0.0	1653
NC_003070.9:26169394-26171482	NC_003076.8	93.502	1108	50	11	962	2048	5977895	5976789	0.0	1628
NC_003070.9:26169394-26171482	NC_003076.8	92.314	1158	55	11	962	2088	22232106	22230952	0.0	1615
NC_003070.9:26169394-26171482	NC_003076.8	91.429	1155	68	22	962	2088	8354352	8353201	0.0	1555
NC_003070.9:26169394-26171482	NC_003076.8	93.568	995	44	10	1081	2059	18854899	18855889	0.0	1465
NC_003070.9:26169394-26171482	NC_003076.8	96.323	843	27	4	3	844	21530089	21530928	0.0	1382
NC_003070.9:26169394-26171482	NC_003076.8	91.792	999	61	11	1105	2088	4313874	4314866	0.0	1371
NC_003070.9:26169394-26171482	NC_003076.8	92.474	970	37	9	3	955	18853952	18854902	0.0	1354
NC_003070.9:26169394-26171482	NC_003076.8	92.465	929	48	10	1176	2088	11026974	11027896	0.0	1308
NC_003070.9:26169394-26171482	NC_003076.8	90.668	1018	44	18	1084	2088	21530929	21531908	0.0	1306
NC_003070.9:26169394-26171482	NC_003076.8	89.864	957	66	23	2	943	9612590	9613530	0.0	1201
NC_003070.9:26169394-26171482	NC_003076.8	91.329	888	57	13	962	1844	10714580	10715452	0.0	1195
NC_003070.9:26169394-26171482	NC_003076.8	92.269	802	43	8	1302	2088	15605466	15604669	0.0	1120
NC_003070.9:26169394-26171482	NC_003076.8	93.836	730	41	4	1363	2089	4780937	4780209	0.0	1096
NC_003070.9:26169394-26171482	NC_003076.8	93.593	718	39	6	238	954	8683118	8683829	0.0	1064
NC_003070.9:26169394-26171482	NC_003076.8	92.758	718	46	6	238	954	7711270	7711982	0.0	1033
NC_003070.9:26169394-26171482	NC_003076.8	92.727	715	47	5	238	952	14761045	14760336	0.0	1027
NC_003070.9:26169394-26171482	NC_003076.8	92.407	698	47	6	261	957	15342538	15341846	0.0	990
NC_003070.9:26169394-26171482	NC_003076.8	94.118	646	35	3	2	646	7154440	7153797	0.0	979
NC_003070.9:26169394-26171482	NC_003076.8	90.859	722	59	7	238	957	13918658	13917942	0.0	961
NC_003070.9:26169394-26171482	NC_003076.8	91.114	709	44	10	251	954	354277	354971	0.0	942
NC_003070.9:26169394-26171482	NC_003076.8	93.012	644	42	3	238	881	19931420	19930780	0.0	937
NC_003070.9:26169394-26171482	NC_003076.8	92.857	644	42	4	238	881	5129697	5129058	0.0	931
NC_003070.9:26169394-26171482	NC_003076.8	94.454	595	28	4	1498	2089	7153775	7153183	0.0	911
NC_003070.9:26169394-26171482	NC_003076.8	92.722	632	37	7	325	954	19670974	19671598	0.0	904
NC_003070.9:26169394-26171482	NC_003076.8	92.691	602	39	5	1489	2088	25905017	25905615	0.0	863
NC_003070.9:26169394-26171482	NC_003076.8	92.727	550	26	9	964	1500	15577265	15576717	0.0	782
NC_003070.9:26169394-26171482	NC_003076.8	92.182	550	30	8	964	1500	21776872	21776323	0.0	765
NC_003070.9:26169394-26171482	NC_003076.8	92.510	494	29	8	1598	2089	21776273	21775786	0.0	701
NC_003070.9:26169394-26171482	NC_003076.8	92.292	493	33	4	1598	2089	15576667	15576179	0.0	695
NC_003070.9:26169394-26171482	NC_003076.8	92.804	403	25	2	1687	2088	17796537	17796138	3.19e-164	580
NC_003070.9:26169394-26171482	NC_003076.8	90.995	422	35	3	1668	2088	21584595	21584176	8.92e-160	566
NC_003070.9:26169394-26171482	NC_003076.8	93.485	307	19	1	637	943	3019829	3019524	2.02e-126	455
NC_003070.9:26169394-26171482	NC_003076.8	88.770	374	29	10	1724	2088	25264968	25265337	1.21e-123	446
NC_003070.9:26169394-26171482	NC_003076.8	93.863	277	16	1	678	954	20398316	20398591	9.51e-115	416
NC_003070.9:26169394-26171482	NC_003076.8	91.724	290	12	5	1311	1588	9592102	9592391	1.60e-107	392
NC_003070.9:26169394-26171482	NC_003076.8	92.446	278	16	5	2	277	17796786	17796512	1.60e-107	392
NC_003070.9:26169394-26171482	NC_003076.8	90.592	287	15	6	1311	1585	17617546	17617260	7.51e-101	370
NC_003070.9:26169394-26171482	NC_003076.8	90.592	287	15	2	1311	1585	20280291	20280005	7.51e-101	370
NC_003070.9:26169394-26171482	NC_003076.8	91.221	262	19	4	1	259	3020198	3019938	7.56e-96	353
NC_003070.9:26169394-26171482	NC_003076.8	90.805	261	18	6	2	259	5129835	5129578	4.55e-93	344
NC_003070.9:26169394-26171482	NC_003076.8	90.458	262	20	5	1	259	17955553	17955812	5.89e-92	340
NC_003070.9:26169394-26171482	NC_003076.8	90.000	260	21	5	3	259	14761183	14760926	3.54e-89	331
NC_003070.9:26169394-26171482	NC_003076.8	89.615	260	23	4	3	259	25264511	25264769	4.58e-88	327
NC_003070.9:26169394-26171482	NC_003076.8	89.695	262	18	6	2	259	15342697	15342441	1.65e-87	326
NC_003070.9:26169394-26171482	NC_003076.8	89.615	260	22	5	3	259	19931558	19931301	1.65e-87	326
NC_003070.9:26169394-26171482	NC_003076.8	97.268	183	5	0	962	1144	20280489	20280307	4.62e-83	311
NC_003070.9:26169394-26171482	NC_003076.8	88.506	261	19	5	2	259	13918791	13918539	2.15e-81	305
NC_003070.9:26169394-26171482	NC_003076.8	96.703	182	6	0	962	1143	9591905	9592086	7.73e-81	303
NC_003070.9:26169394-26171482	NC_003076.8	95.238	189	8	1	962	1150	9134111	9134298	3.59e-79	298
NC_003070.9:26169394-26171482	NC_003076.8	92.593	189	9	4	4	190	19670802	19670987	1.01e-69	267
NC_003070.9:26169394-26171482	NC_003076.8	91.351	185	12	3	1905	2088	10715441	10715622	1.02e-64	250
NC_003070.9:26169394-26171482	NC_003076.8	85.259	251	18	12	1	249	354138	354371	6.14e-62	241
NC_003070.9:26169394-26171482	NC_003076.8	93.496	123	8	0	962	1084	25904890	25905012	1.05e-44	183
NC_003070.9:26169394-26171482	NC_003076.8	96.000	100	3	1	3	102	20398218	20398316	4.92e-38	161
NC_003070.9:26169394-26171482	NC_003076.8	91.358	81	7	0	3	83	5978053	5977973	5.03e-23	111
NC_003070.9:26169394-26171482	NC_003076.8	89.011	91	7	3	1	91	15043430	15043343	1.81e-22	110
NC_003070.9:26169394-26171482	NC_003076.8	91.250	80	7	0	4	83	20280646	20280567	1.81e-22	110
NC_003070.9:26169394-26171482	NC_003076.8	90.361	83	6	2	2	83	9133952	9134033	6.50e-22	108
NC_003070.9:26169394-26171482	NC_003076.8	89.655	87	6	3	2	87	13982134	13982218	6.50e-22	108
NC_003070.9:26169394-26171482	NC_003076.8	90.000	80	8	0	4	83	9591748	9591827	8.41e-21	104
NC_003070.9:26169394-26171482	NC_003076.8	100.000	54	0	0	1527	1580	15576716	15576663	1.09e-19	100
NC_003070.9:26169394-26171482	NC_003076.8	96.296	54	2	0	1527	1580	21776322	21776269	2.35e-16	89.8
NC_003070.9:26169394-26171482	NC_003075.7	95.625	2103	62	16	3	2089	1002007	999919	0.0	3347
NC_003070.9:26169394-26171482	NC_003075.7	95.191	2017	69	19	91	2088	8063697	8065704	0.0	3162
NC_003070.9:26169394-26171482	NC_003075.7	93.298	2104	92	21	3	2088	5541389	5539317	0.0	3059
NC_003070.9:26169394-26171482	NC_003075.7	93.105	2103	97	18	3	2088	1349585	1351656	0.0	3037
NC_003070.9:26169394-26171482	NC_003075.7	93.027	2108	97	22	1	2088	11360868	11362945	0.0	3033
NC_003070.9:26169394-26171482	NC_003075.7	92.987	2096	98	21	3	2088	4146126	4148182	0.0	3011
NC_003070.9:26169394-26171482	NC_003075.7	92.589	2105	91	26	1	2089	8730455	8728400	0.0	2963
NC_003070.9:26169394-26171482	NC_003075.7	95.519	1272	51	6	1	1270	10397387	10396120	0.0	2028
NC_003070.9:26169394-26171482	NC_003075.7	93.783	1142	52	9	962	2088	11193412	11192275	0.0	1698
NC_003070.9:26169394-26171482	NC_003075.7	92.220	1144	69	13	962	2088	371928	370788	0.0	1602
NC_003070.9:26169394-26171482	NC_003075.7	91.354	1145	79	9	962	2089	6166306	6165165	0.0	1548
NC_003070.9:26169394-26171482	NC_003075.7	93.426	1004	44	11	1102	2088	16864261	16863263	0.0	1469
NC_003070.9:26169394-26171482	NC_003075.7	89.741	965	83	14	3	965	2622006	2621056	0.0	1219
NC_003070.9:26169394-26171482	NC_003075.7	94.297	789	40	4	2	790	9763815	9763032	0.0	1203
NC_003070.9:26169394-26171482	NC_003075.7	94.297	789	38	5	3	790	9842608	9841826	0.0	1201
NC_003070.9:26169394-26171482	NC_003075.7	93.237	828	35	8	3	830	16865070	16864264	0.0	1199
NC_003070.9:26169394-26171482	NC_003075.7	92.560	793	40	8	1311	2088	683570	684358	0.0	1120
NC_003070.9:26169394-26171482	NC_003075.7	92.506	774	40	8	1332	2089	10396119	10395348	0.0	1092
NC_003070.9:26169394-26171482	NC_003075.7	92.917	720	45	6	238	957	314144	313431	0.0	1042
NC_003070.9:26169394-26171482	NC_003075.7	92.254	723	44	10	238	957	7060559	7059846	0.0	1014
NC_003070.9:26169394-26171482	NC_003075.7	92.795	694	43	7	251	942	9438922	9439610	0.0	998
NC_003070.9:26169394-26171482	NC_003075.7	92.553	658	32	7	1254	1896	965061	964406	0.0	928
NC_003070.9:26169394-26171482	NC_003075.7	92.888	464	27	5	251	713	6279151	6279609	0.0	669
NC_003070.9:26169394-26171482	NC_003075.7	96.154	312	9	3	959	1269	965643	965334	5.49e-142	507
NC_003070.9:26169394-26171482	NC_003075.7	90.451	377	28	8	3	375	3898130	3897758	5.53e-137	490
NC_003070.9:26169394-26171482	NC_003075.7	89.373	367	26	6	1687	2050	7853284	7852928	9.38e-125	449
NC_003070.9:26169394-26171482	NC_003075.7	92.780	277	16	4	3	277	7853533	7853259	3.44e-109	398
NC_003070.9:26169394-26171482	NC_003075.7	90.647	278	25	1	640	917	3894020	3893744	2.70e-100	368
NC_003070.9:26169394-26171482	NC_003075.7	89.655	261	22	5	3	259	5354476	5354735	4.58e-88	327
NC_003070.9:26169394-26171482	NC_003075.7	89.231	260	22	6	3	259	6178448	6178704	7.67e-86	320
NC_003070.9:26169394-26171482	NC_003075.7	89.960	249	20	4	3	249	5354114	5354359	9.92e-85	316
NC_003070.9:26169394-26171482	NC_003075.7	89.600	250	19	6	3	249	7060698	7060453	4.62e-83	311
NC_003070.9:26169394-26171482	NC_003075.7	95.745	188	7	1	962	1149	683371	683557	2.78e-80	302
NC_003070.9:26169394-26171482	NC_003075.7	78.082	511	71	31	1505	2001	7593705	7593222	2.80e-75	285
NC_003070.9:26169394-26171482	NC_003075.7	88.312	231	22	5	1860	2088	8802510	8802737	2.18e-71	272
NC_003070.9:26169394-26171482	NC_003075.7	85.441	261	19	7	2	259	314270	314026	7.89e-66	254
NC_003070.9:26169394-26171482	NC_003075.7	84.674	261	19	8	3	259	9438785	9439028	6.14e-62	241
NC_003070.9:26169394-26171482	NC_003075.7	89.005	191	18	2	1899	2089	963860	963673	1.03e-59	233
NC_003070.9:26169394-26171482	NC_003075.7	82.807	285	24	11	375	649	3897173	3896904	3.70e-59	231
NC_003070.9:26169394-26171482	NC_003075.7	84.291	261	15	8	1	259	6279020	6279256	3.70e-59	231
NC_003070.9:26169394-26171482	NC_003075.7	95.804	143	3	2	3	145	8063577	8063716	4.78e-58	228
NC_003070.9:26169394-26171482	NC_003075.7	88.953	172	18	1	791	961	5773070	5773241	4.82e-53	211
NC_003070.9:26169394-26171482	NC_003075.7	94.643	112	6	0	962	1073	8802284	8802395	6.32e-42	174
NC_003070.9:26169394-26171482	NC_003075.7	93.617	94	6	0	712	805	6280372	6280465	6.41e-32	141
NC_003070.9:26169394-26171482	NC_003075.7	93.684	95	3	1	1489	1580	8802411	8802505	2.31e-31	139
NC_003070.9:26169394-26171482	NC_003075.7	91.566	83	5	2	2	83	2520883	2520964	1.40e-23	113
NC_003070.9:26169394-26171482	NC_003075.7	90.123	81	8	0	3	83	14390988	14390908	2.34e-21	106
NC_003070.9:26169394-26171482	NC_003075.7	88.889	81	9	0	3	83	372086	372006	1.09e-19	100
NC_003070.9:26169394-26171482	NC_003075.7	100.000	42	0	0	962	1003	14390831	14390790	5.10e-13	78.7
NC_003070.9:26169394-26171482	NC_003074.8	95.437	2060	58	13	3	2046	15937286	15939325	0.0	3251
NC_003070.9:26169394-26171482	NC_003074.8	93.810	2084	100	24	2	2061	10821447	10819369	0.0	3107
NC_003070.9:26169394-26171482	NC_003074.8	93.061	2104	100	19	1	2088	17277816	17275743	0.0	3035
NC_003070.9:26169394-26171482	NC_003074.8	91.920	2104	101	24	2	2089	20786398	20788448	0.0	2880
NC_003070.9:26169394-26171482	NC_003074.8	91.448	2093	90	24	3	2065	11535844	11537877	0.0	2791
NC_003070.9:26169394-26171482	NC_003074.8	91.108	2103	112	29	3	2088	22118613	22120657	0.0	2778
NC_003070.9:26169394-26171482	NC_003074.8	90.974	2116	91	34	3	2089	17144490	17142446	0.0	2758
NC_003070.9:26169394-26171482	NC_003074.8	90.886	1591	74	30	517	2088	16562049	16563587	0.0	2069
NC_003070.9:26169394-26171482	NC_003074.8	94.053	1362	54	8	1	1360	17301280	17299944	0.0	2041
NC_003070.9:26169394-26171482	NC_003074.8	91.296	1482	70	18	3	1470	5745923	5744487	0.0	1967
NC_003070.9:26169394-26171482	NC_003074.8	90.466	1395	64	25	709	2088	15452795	15451455	0.0	1775
NC_003070.9:26169394-26171482	NC_003074.8	92.570	1144	62	13	962	2088	17776928	17778065	0.0	1620
NC_003070.9:26169394-26171482	NC_003074.8	92.287	1141	64	10	962	2086	17730098	17731230	0.0	1598
NC_003070.9:26169394-26171482	NC_003074.8	91.426	1143	60	17	962	2089	9767475	9766356	0.0	1533
NC_003070.9:26169394-26171482	NC_003074.8	92.642	1060	58	15	962	2007	16419302	16420355	0.0	1507
NC_003070.9:26169394-26171482	NC_003074.8	93.287	998	36	11	1107	2088	17062368	17061386	0.0	1443
NC_003070.9:26169394-26171482	NC_003074.8	92.406	1014	39	16	1095	2089	16451587	16452581	0.0	1411
NC_003070.9:26169394-26171482	NC_003074.8	91.784	998	40	10	1107	2088	7995800	7994829	0.0	1351
NC_003070.9:26169394-26171482	NC_003074.8	94.656	842	29	12	3	844	17063229	17062404	0.0	1291
NC_003070.9:26169394-26171482	NC_003074.8	92.426	911	39	13	962	1856	11503603	11502707	0.0	1273
NC_003070.9:26169394-26171482	NC_003074.8	92.745	827	39	8	2	827	9386347	9385541	0.0	1175
NC_003070.9:26169394-26171482	NC_003074.8	92.633	828	41	7	3	830	16450786	16451593	0.0	1173
NC_003070.9:26169394-26171482	NC_003074.8	92.188	832	49	12	143	961	9890146	9890974	0.0	1162
NC_003070.9:26169394-26171482	NC_003074.8	93.443	793	35	5	1311	2088	18412509	18413299	0.0	1160
NC_003070.9:26169394-26171482	NC_003074.8	92.481	798	49	11	171	965	18746356	18747145	0.0	1131
NC_003070.9:26169394-26171482	NC_003074.8	92.695	794	40	6	1311	2088	18019136	18019927	0.0	1129
NC_003070.9:26169394-26171482	NC_003074.8	91.824	795	45	9	1311	2088	13327791	13328582	0.0	1090
NC_003070.9:26169394-26171482	NC_003074.8	93.872	718	39	5	238	954	16879943	16880656	0.0	1077
NC_003070.9:26169394-26171482	NC_003074.8	93.269	728	43	5	1363	2088	10556855	10556132	0.0	1068
NC_003070.9:26169394-26171482	NC_003074.8	91.310	794	49	9	1311	2088	3965358	3966147	0.0	1066
NC_003070.9:26169394-26171482	NC_003074.8	92.778	720	47	5	238	957	9559544	9558830	0.0	1037
NC_003070.9:26169394-26171482	NC_003074.8	93.333	705	33	10	1015	1705	10320599	10321303	0.0	1029
NC_003070.9:26169394-26171482	NC_003074.8	92.608	717	43	8	238	954	5622169	5622875	0.0	1022
NC_003070.9:26169394-26171482	NC_003074.8	92.181	729	42	6	1363	2088	10575067	10574351	0.0	1016
NC_003070.9:26169394-26171482	NC_003074.8	92.244	722	45	10	238	957	20485002	20484290	0.0	1013
NC_003070.9:26169394-26171482	NC_003074.8	91.401	721	54	7	238	957	2629888	2629175	0.0	981
NC_003070.9:26169394-26171482	NC_003074.8	90.476	735	55	11	238	961	3716481	3717211	0.0	955
NC_003070.9:26169394-26171482	NC_003074.8	89.754	771	45	18	1332	2088	15485279	15484529	0.0	955
NC_003070.9:26169394-26171482	NC_003074.8	90.188	744	50	9	229	965	16173067	16172340	0.0	948
NC_003070.9:26169394-26171482	NC_003074.8	92.923	650	38	7	1441	2088	5744486	5743843	0.0	939
NC_003070.9:26169394-26171482	NC_003074.8	92.880	632	23	9	808	1425	9385005	9384382	0.0	898
NC_003070.9:26169394-26171482	NC_003074.8	89.598	721	54	11	238	957	1371038	1370338	0.0	896
NC_003070.9:26169394-26171482	NC_003074.8	92.407	619	37	6	1473	2088	9384377	9383766	0.0	874
NC_003070.9:26169394-26171482	NC_003074.8	95.551	517	20	3	1	516	7996638	7996124	0.0	824
NC_003070.9:26169394-26171482	NC_003074.8	92.748	524	23	4	962	1472	11967811	11968332	0.0	743
NC_003070.9:26169394-26171482	NC_003074.8	94.132	409	22	2	3	411	16561654	16562060	1.88e-176	621
NC_003070.9:26169394-26171482	NC_003074.8	91.169	419	33	4	544	961	10404825	10405240	8.92e-160	566
NC_003070.9:26169394-26171482	NC_003074.8	96.474	312	8	2	962	1270	15485591	15485280	1.18e-143	512
NC_003070.9:26169394-26171482	NC_003074.8	97.635	296	7	0	549	844	7996131	7995836	1.53e-142	508
NC_003070.9:26169394-26171482	NC_003074.8	94.444	306	15	2	962	1265	10557188	10556883	7.20e-131	470
NC_003070.9:26169394-26171482	NC_003074.8	93.038	316	19	3	962	1275	10575400	10575086	1.56e-127	459
NC_003070.9:26169394-26171482	NC_003074.8	91.743	327	21	3	3	323	11200624	11200950	9.38e-125	449
NC_003070.9:26169394-26171482	NC_003074.8	93.814	291	15	3	238	528	10862540	10862827	2.63e-120	435
NC_003070.9:26169394-26171482	NC_003074.8	91.986	287	21	1	1802	2088	11968333	11968617	2.66e-110	401
NC_003070.9:26169394-26171482	NC_003074.8	91.638	287	12	2	1311	1585	17299583	17299297	7.46e-106	387
NC_003070.9:26169394-26171482	NC_003074.8	93.833	227	14	0	1820	2046	11200950	11201176	1.64e-92	342
NC_003070.9:26169394-26171482	NC_003074.8	90.421	261	20	5	3	259	3716342	3716601	2.12e-91	339
NC_003070.9:26169394-26171482	NC_003074.8	90.661	257	20	4	6	259	9559680	9559425	2.12e-91	339
NC_003070.9:26169394-26171482	NC_003074.8	91.165	249	17	5	3	249	20485140	20484895	9.85e-90	333
NC_003070.9:26169394-26171482	NC_003074.8	90.000	260	21	5	3	259	17397300	17397043	3.54e-89	331
NC_003070.9:26169394-26171482	NC_003074.8	89.615	260	23	4	3	259	10862401	10862659	4.58e-88	327
NC_003070.9:26169394-26171482	NC_003074.8	97.872	188	3	1	962	1149	17299782	17299596	5.93e-87	324
NC_003070.9:26169394-26171482	NC_003074.8	88.727	275	14	5	1311	1585	1571723	1571980	7.67e-86	320
NC_003070.9:26169394-26171482	NC_003074.8	96.277	188	7	0	962	1149	1571523	1571710	1.66e-82	309
NC_003070.9:26169394-26171482	NC_003074.8	95.213	188	8	1	962	1149	13327592	13327778	1.29e-78	296
NC_003070.9:26169394-26171482	NC_003074.8	95.652	184	7	1	962	1144	3965159	3965342	4.65e-78	294
NC_003070.9:26169394-26171482	NC_003074.8	94.180	189	9	2	962	1150	18018938	18019124	7.78e-76	287
NC_003070.9:26169394-26171482	NC_003074.8	87.402	254	20	3	1845	2088	8757570	8757821	3.62e-74	281
NC_003070.9:26169394-26171482	NC_003074.8	94.536	183	8	2	710	891	9385008	9385189	3.62e-74	281
NC_003070.9:26169394-26171482	NC_003074.8	93.617	188	10	2	962	1149	18412311	18412496	1.30e-73	279
NC_003070.9:26169394-26171482	NC_003074.8	88.034	234	23	5	30	259	2630001	2629769	2.18e-71	272
NC_003070.9:26169394-26171482	NC_003074.8	85.000	260	23	5	3	259	20487142	20486896	1.02e-64	250
NC_003070.9:26169394-26171482	NC_003074.8	89.595	173	16	2	63	235	16879865	16880035	2.88e-55	219
NC_003070.9:26169394-26171482	NC_003074.8	95.327	107	4	1	2	108	16879750	16879855	2.94e-40	169
NC_003070.9:26169394-26171482	NC_003074.8	90.909	110	7	3	3	110	9890049	9890157	4.96e-33	145
NC_003070.9:26169394-26171482	NC_003074.8	91.860	86	6	1	34	119	10392124	10392208	3.00e-25	119
NC_003070.9:26169394-26171482	NC_003074.8	92.683	82	4	2	3	83	18018781	18018861	1.08e-24	117
NC_003070.9:26169394-26171482	NC_003074.8	92.593	81	4	2	4	83	17299939	17299860	3.89e-24	115
NC_003070.9:26169394-26171482	NC_003074.8	91.463	82	7	0	2	83	18412153	18412234	1.40e-23	113
NC_003070.9:26169394-26171482	NC_003074.8	91.358	81	7	0	3	83	13327434	13327514	5.03e-23	111
NC_003070.9:26169394-26171482	NC_003074.8	89.655	87	8	1	1	87	16419142	16419227	1.81e-22	110
NC_003070.9:26169394-26171482	NC_003074.8	95.385	65	3	0	2	66	10557347	10557283	8.41e-21	104
NC_003070.9:26169394-26171482	NC_003074.8	77.215	158	12	16	1554	1707	15667806	15667669	8.53e-11	71.3
NC_003070.9:26169394-26171482	NC_003074.8	100.000	36	0	0	1084	1119	7995835	7995800	1.10e-09	67.6
NC_003070.9:26169394-26171482	NC_003074.8	100.000	36	0	0	1084	1119	17062403	17062368	1.10e-09	67.6
NC_003070.9:26169394-26171482	NC_003074.8	100.000	34	0	0	845	878	9385190	9385223	1.43e-08	63.9
NC_003071.7:9859951-9860513	NC_003071.7	100.000	563	0	0	1	563	9860513	9859951	0.0	1040
NC_003071.7:9859951-9860513	NC_003071.7	90.613	522	31	4	3	506	19172665	19172144	0.0	676
NC_003071.7:9859951-9860513	NC_003071.7	86.632	576	46	11	1	559	5037752	5038313	3.81e-173	608
NC_003071.7:9859951-9860513	NC_003071.7	86.538	572	50	15	1	560	6207150	6206594	4.93e-172	604
NC_003071.7:9859951-9860513	NC_003071.7	85.147	579	52	13	1	559	2138821	2139385	3.01e-159	562
NC_003071.7:9859951-9860513	NC_003071.7	84.906	583	50	15	1	563	7340382	7340946	5.03e-157	555
NC_003071.7:9859951-9860513	NC_003071.7	84.965	572	53	15	7	561	1596926	1597481	2.34e-155	549
NC_003071.7:9859951-9860513	NC_003071.7	84.220	583	52	16	1	560	5010651	5010086	8.48e-150	531
NC_003071.7:9859951-9860513	NC_003071.7	88.210	458	37	9	1	443	9226024	9225569	8.48e-150	531
NC_003071.7:9859951-9860513	NC_003071.7	84.099	566	60	19	1	559	1670333	1669791	1.84e-146	520
NC_003071.7:9859951-9860513	NC_003071.7	85.742	519	39	15	18	515	17147641	17147137	2.37e-145	516
NC_003071.7:9859951-9860513	NC_003071.7	83.649	581	48	23	1	562	13101811	13102363	1.85e-141	503
NC_003071.7:9859951-9860513	NC_003071.7	83.451	568	63	17	1	560	19623103	19623647	2.39e-140	499
NC_003071.7:9859951-9860513	NC_003071.7	83.871	558	51	18	1	536	4025414	4025954	3.09e-139	496
NC_003071.7:9859951-9860513	NC_003071.7	83.333	570	61	24	1	559	15134226	15134772	3.09e-139	496
NC_003071.7:9859951-9860513	NC_003071.7	83.275	568	64	17	1	561	9229178	9228635	1.11e-138	494
NC_003071.7:9859951-9860513	NC_003071.7	83.045	578	51	15	1	559	12556655	12557204	8.66e-135	481
NC_003071.7:9859951-9860513	NC_003071.7	84.501	471	57	8	3	467	19243132	19242672	6.79e-126	451
NC_003071.7:9859951-9860513	NC_003071.7	82.137	571	53	18	3	554	13885934	13886474	1.14e-123	444
NC_003071.7:9859951-9860513	NC_003071.7	80.342	585	72	23	1	559	1409588	1410155	1.93e-111	403
NC_003071.7:9859951-9860513	NC_003071.7	93.488	215	13	1	1	215	9433092	9433305	7.19e-86	318
NC_003071.7:9859951-9860513	NC_003071.7	79.791	287	36	11	280	560	9433300	9433570	5.88e-47	189
NC_003071.7:9859951-9860513	NC_003071.7	80.932	236	20	12	337	559	1322193	1321970	3.56e-39	163
NC_003071.7:9859951-9860513	NC_003071.7	80.417	240	23	8	337	563	1383777	1383549	1.28e-38	161
NC_003071.7:9859951-9860513	NC_003071.7	81.860	215	18	7	356	559	2320730	2320934	1.28e-38	161
NC_003071.7:9859951-9860513	NC_003071.7	80.498	241	20	11	337	563	3197840	3197613	4.61e-38	159
NC_003071.7:9859951-9860513	NC_003071.7	86.957	138	14	4	337	473	9455980	9456114	7.71e-36	152
NC_003071.7:9859951-9860513	NC_003071.7	81.667	180	17	6	385	560	826108	826275	7.77e-31	135
NC_003071.7:9859951-9860513	NC_003071.7	91.667	96	6	2	7	100	1552855	1552760	1.00e-29	132
NC_003071.7:9859951-9860513	NC_003071.7	92.473	93	5	2	4	94	7178423	7178515	1.00e-29	132
NC_003071.7:9859951-9860513	NC_003071.7	82.609	161	15	5	403	563	9311475	9311622	3.61e-29	130
NC_003071.7:9859951-9860513	NC_003071.7	89.583	96	8	2	1	94	7439722	7439627	2.17e-26	121
NC_003071.7:9859951-9860513	NC_003071.7	89.362	94	10	0	1	94	8046268	8046175	7.82e-26	119
NC_003071.7:9859951-9860513	NC_003071.7	88.298	94	10	1	1	93	6411150	6411243	1.31e-23	111
NC_003071.7:9859951-9860513	NC_003071.7	88.372	86	8	2	1	84	1303112	1303027	7.88e-21	102
NC_003071.7:9859951-9860513	NC_003071.7	86.170	94	12	1	1	93	2262404	2262311	2.83e-20	100
NC_003071.7:9859951-9860513	NC_003071.7	92.063	63	5	0	1	63	1955471	1955533	6.13e-17	89.8
NC_003071.7:9859951-9860513	NC_003071.7	88.889	63	6	1	1	63	6901192	6901253	4.77e-13	76.8
NC_003071.7:9859951-9860513	NC_003071.7	88.889	63	6	1	1	63	9029808	9029869	4.77e-13	76.8
NC_003071.7:9859951-9860513	NC_003071.7	87.302	63	7	1	1	63	10070963	10070902	2.22e-11	71.3
NC_003071.7:9859951-9860513	NC_003071.7	87.302	63	7	1	1	63	11909719	11909658	2.22e-11	71.3
NC_003071.7:9859951-9860513	NC_003071.7	85.938	64	8	1	1	64	1322855	1322793	2.87e-10	67.6
NC_003071.7:9859951-9860513	NC_003071.7	85.938	64	8	1	1	64	3198501	3198439	2.87e-10	67.6
NC_003071.7:9859951-9860513	NC_003071.7	100.000	36	0	0	446	481	19172165	19172130	2.87e-10	67.6
NC_003071.7:9859951-9860513	NC_003071.7	85.714	63	8	1	1	63	2320063	2320124	1.03e-09	65.8
NC_003071.7:9859951-9860513	NC_003071.7	82.857	70	10	2	398	467	11908996	11908929	1.34e-08	62.1
NC_003071.7:9859951-9860513	NC_003070.9	94.921	571	17	1	1	559	13869874	13870444	0.0	883
NC_003071.7:9859951-9860513	NC_003070.9	92.374	577	26	4	1	559	17502231	17502807	0.0	806
NC_003071.7:9859951-9860513	NC_003070.9	91.351	555	27	6	1	537	6219139	6218588	0.0	739
NC_003071.7:9859951-9860513	NC_003070.9	87.716	578	36	14	1	559	23125692	23125131	0.0	641
NC_003071.7:9859951-9860513	NC_003070.9	86.316	570	52	16	1	562	5899754	5899203	8.24e-170	597
NC_003071.7:9859951-9860513	NC_003070.9	86.285	576	47	13	1	559	12097457	12098017	8.24e-170	597
NC_003071.7:9859951-9860513	NC_003070.9	86.087	575	53	15	1	563	27240720	27241279	1.07e-168	593
NC_003071.7:9859951-9860513	NC_003070.9	86.063	574	50	17	1	561	26880722	26881278	1.38e-167	590
NC_003071.7:9859951-9860513	NC_003070.9	85.965	570	55	12	1	560	16401002	16400448	1.78e-166	586
NC_003071.7:9859951-9860513	NC_003070.9	86.010	579	42	19	1	561	26511225	26510668	6.42e-166	584
NC_003071.7:9859951-9860513	NC_003070.9	85.590	576	52	17	1	563	10591981	10591424	3.86e-163	575
NC_003071.7:9859951-9860513	NC_003070.9	92.839	391	21	4	1	384	2587832	2587442	1.08e-158	560
NC_003071.7:9859951-9860513	NC_003070.9	85.269	577	40	16	1	559	21918435	21918984	1.81e-156	553
NC_003071.7:9859951-9860513	NC_003070.9	84.629	579	44	20	1	561	4770664	4770113	6.55e-151	534
NC_003071.7:9859951-9860513	NC_003070.9	84.875	562	50	13	19	559	25779690	25780237	6.55e-151	534
NC_003071.7:9859951-9860513	NC_003070.9	83.505	582	62	14	1	563	13811465	13810899	3.07e-144	512
NC_003071.7:9859951-9860513	NC_003070.9	85.944	498	44	15	68	557	10930991	10931470	3.97e-143	508
NC_003071.7:9859951-9860513	NC_003070.9	83.717	565	62	19	3	560	29244145	29244686	1.43e-142	507
NC_003071.7:9859951-9860513	NC_003070.9	86.538	468	42	7	3	450	11732355	11732821	3.09e-139	496
NC_003071.7:9859951-9860513	NC_003070.9	83.045	578	66	16	1	559	21739640	21739076	3.09e-139	496
NC_003071.7:9859951-9860513	NC_003070.9	86.147	462	54	8	1	456	10853199	10852742	1.44e-137	490
NC_003071.7:9859951-9860513	NC_003070.9	85.417	480	60	8	1	473	22192008	22192484	1.44e-137	490
NC_003071.7:9859951-9860513	NC_003070.9	82.990	582	50	21	1	562	11804093	11803541	8.66e-135	481
NC_003071.7:9859951-9860513	NC_003070.9	82.902	579	48	19	1	559	10021961	10021414	1.45e-132	473
NC_003071.7:9859951-9860513	NC_003070.9	82.699	578	52	17	1	559	19769025	19769573	1.87e-131	470
NC_003071.7:9859951-9860513	NC_003070.9	83.181	547	55	17	1	527	588026	587497	2.42e-130	466
NC_003071.7:9859951-9860513	NC_003070.9	86.270	437	42	5	3	422	2986889	2986454	4.06e-128	459
NC_003071.7:9859951-9860513	NC_003070.9	81.695	590	54	21	3	562	24718477	24719042	4.09e-123	442
NC_003071.7:9859951-9860513	NC_003070.9	83.333	486	56	13	1	467	4582999	4583478	4.12e-118	425
NC_003071.7:9859951-9860513	NC_003070.9	81.443	582	48	24	1	559	24645520	24646064	5.32e-117	422
NC_003071.7:9859951-9860513	NC_003070.9	80.446	583	64	15	1	563	28891929	28891377	2.49e-110	399
NC_003071.7:9859951-9860513	NC_003070.9	90.909	231	19	2	1	230	12240506	12240735	4.32e-83	309
NC_003071.7:9859951-9860513	NC_003070.9	90.909	231	19	2	1	230	13313922	13313693	4.32e-83	309
NC_003071.7:9859951-9860513	NC_003070.9	91.429	175	14	1	388	561	2587385	2587211	5.75e-62	239
NC_003071.7:9859951-9860513	NC_003070.9	90.751	173	13	3	1	172	2473306	2473136	1.25e-58	228
NC_003071.7:9859951-9860513	NC_003070.9	81.356	236	19	10	337	559	10579918	10580141	7.66e-41	169
NC_003071.7:9859951-9860513	NC_003070.9	81.092	238	18	13	337	560	11669580	11669356	9.91e-40	165
NC_003071.7:9859951-9860513	NC_003070.9	84.483	174	14	5	388	560	8539603	8539764	4.61e-38	159
NC_003071.7:9859951-9860513	NC_003070.9	85.030	167	11	12	395	560	21336375	21336528	1.66e-37	158
NC_003071.7:9859951-9860513	NC_003070.9	80.088	226	30	10	337	561	3251269	3251480	2.14e-36	154
NC_003071.7:9859951-9860513	NC_003070.9	79.915	234	22	9	337	557	8622979	8622758	9.98e-35	148
NC_003071.7:9859951-9860513	NC_003070.9	80.556	216	18	7	356	559	9384363	9384160	1.29e-33	145
NC_003071.7:9859951-9860513	NC_003070.9	82.486	177	17	6	388	563	18300430	18300267	4.64e-33	143
NC_003071.7:9859951-9860513	NC_003070.9	93.684	95	5	1	1	94	12137682	12137588	1.67e-32	141
NC_003071.7:9859951-9860513	NC_003070.9	91.579	95	7	1	1	94	9919331	9919237	3.61e-29	130
NC_003071.7:9859951-9860513	NC_003070.9	90.526	95	8	1	1	94	8189962	8190056	1.68e-27	124
NC_003071.7:9859951-9860513	NC_003070.9	90.426	94	8	1	1	93	1160225	1160318	6.05e-27	122
NC_003071.7:9859951-9860513	NC_003070.9	89.583	96	8	2	1	94	19742137	19742042	2.17e-26	121
NC_003071.7:9859951-9860513	NC_003070.9	89.888	89	8	1	6	93	12525587	12525675	3.64e-24	113
NC_003071.7:9859951-9860513	NC_003070.9	88.542	96	8	3	1	94	12993594	12993500	3.64e-24	113
NC_003071.7:9859951-9860513	NC_003070.9	88.298	94	11	0	1	94	17605551	17605644	3.64e-24	113
NC_003071.7:9859951-9860513	NC_003070.9	87.368	95	11	1	1	94	16859176	16859082	1.69e-22	108
NC_003071.7:9859951-9860513	NC_003070.9	89.535	86	7	2	1	84	18766617	18766532	1.69e-22	108
NC_003071.7:9859951-9860513	NC_003070.9	87.368	95	11	1	1	94	26306961	26307055	1.69e-22	108
NC_003071.7:9859951-9860513	NC_003070.9	90.123	81	8	0	1	81	10929427	10929507	6.09e-22	106
NC_003071.7:9859951-9860513	NC_003070.9	87.234	94	11	1	1	93	12183990	12183897	6.09e-22	106
NC_003071.7:9859951-9860513	NC_003070.9	86.170	94	11	2	1	93	9367449	9367541	2.83e-20	100
NC_003071.7:9859951-9860513	NC_003070.9	86.170	94	12	1	1	93	20509421	20509328	2.83e-20	100
NC_003071.7:9859951-9860513	NC_003070.9	90.625	64	5	1	1	64	6514477	6514539	2.85e-15	84.2
NC_003071.7:9859951-9860513	NC_003070.9	89.062	64	7	0	1	64	12618639	12618702	3.69e-14	80.5
NC_003071.7:9859951-9860513	NC_003070.9	88.889	63	6	1	1	63	9385032	9384971	4.77e-13	76.8
NC_003071.7:9859951-9860513	NC_003070.9	88.889	63	6	1	1	63	18301141	18301080	4.77e-13	76.8
NC_003071.7:9859951-9860513	NC_003070.9	86.667	60	7	1	1	59	13548433	13548492	1.03e-09	65.8
NC_003071.7:9859951-9860513	NC_003070.9	85.246	61	8	1	1	61	10579425	10579484	1.34e-08	62.1
NC_003071.7:9859951-9860513	NC_003075.7	94.211	570	22	1	1	559	12607046	12606477	0.0	859
NC_003071.7:9859951-9860513	NC_003075.7	91.222	581	29	6	1	563	14458283	14457707	0.0	771
NC_003071.7:9859951-9860513	NC_003075.7	87.197	578	43	11	1	561	1521258	1521821	2.92e-179	628
NC_003071.7:9859951-9860513	NC_003075.7	86.632	576	46	12	1	559	6115342	6115903	3.81e-173	608
NC_003071.7:9859951-9860513	NC_003075.7	84.854	581	56	15	1	563	572758	572192	1.40e-157	556
NC_003071.7:9859951-9860513	NC_003075.7	85.035	568	54	15	1	561	12365605	12365062	2.34e-155	549
NC_003071.7:9859951-9860513	NC_003075.7	88.261	460	35	7	1	443	8947759	8947302	2.36e-150	532
NC_003071.7:9859951-9860513	NC_003075.7	84.480	567	58	19	1	560	15442193	15441650	2.36e-150	532
NC_003071.7:9859951-9860513	NC_003075.7	83.016	577	66	14	1	559	5392282	5391720	1.11e-138	494
NC_003071.7:9859951-9860513	NC_003075.7	84.783	506	57	8	1	488	6660988	6661491	1.44e-137	490
NC_003071.7:9859951-9860513	NC_003075.7	82.862	566	66	17	1	559	7034792	7034251	3.11e-134	479
NC_003071.7:9859951-9860513	NC_003075.7	82.818	582	52	23	1	563	9112129	9111577	1.12e-133	477
NC_003071.7:9859951-9860513	NC_003075.7	84.756	492	53	10	1	473	824052	823564	1.45e-132	473
NC_003071.7:9859951-9860513	NC_003075.7	80.932	236	22	12	337	559	8899740	8899965	9.91e-40	165
NC_003071.7:9859951-9860513	NC_003075.7	83.051	177	17	6	385	560	8725242	8725078	9.98e-35	148
NC_003071.7:9859951-9860513	NC_003075.7	84.564	149	11	5	337	473	8820029	8819881	2.16e-31	137
NC_003071.7:9859951-9860513	NC_003075.7	92.632	95	6	1	1	94	7154780	7154874	7.77e-31	135
NC_003071.7:9859951-9860513	NC_003075.7	90.526	95	8	1	1	94	6427215	6427121	1.68e-27	124
NC_003071.7:9859951-9860513	NC_003075.7	78.059	237	23	15	337	559	7231382	7231603	6.05e-27	122
NC_003071.7:9859951-9860513	NC_003075.7	92.045	88	6	1	1	87	7905772	7905859	6.05e-27	122
NC_003071.7:9859951-9860513	NC_003075.7	91.111	90	6	2	1	89	6638806	6638894	2.17e-26	121
NC_003071.7:9859951-9860513	NC_003075.7	88.298	94	11	0	1	94	7652565	7652658	3.64e-24	113
NC_003071.7:9859951-9860513	NC_003075.7	88.298	94	10	1	1	93	2040108	2040201	1.31e-23	111
NC_003071.7:9859951-9860513	NC_003075.7	88.043	92	10	1	1	91	13537669	13537578	1.69e-22	108
NC_003071.7:9859951-9860513	NC_003075.7	91.781	73	5	1	1	73	2987148	2987219	2.83e-20	100
NC_003071.7:9859951-9860513	NC_003075.7	95.161	62	3	0	407	468	9146885	9146946	1.02e-19	99.0
NC_003071.7:9859951-9860513	NC_003075.7	90.411	73	7	0	1	73	3897173	3897245	3.66e-19	97.1
NC_003071.7:9859951-9860513	NC_003075.7	85.263	95	12	2	1	94	12968437	12968344	3.66e-19	97.1
NC_003071.7:9859951-9860513	NC_003075.7	88.889	63	7	0	1	63	5431586	5431524	1.33e-13	78.7
NC_003071.7:9859951-9860513	NC_003075.7	87.500	64	7	1	1	64	1199584	1199522	6.18e-12	73.1
NC_003071.7:9859951-9860513	NC_003075.7	87.302	63	7	1	1	63	6169228	6169167	2.22e-11	71.3
NC_003071.7:9859951-9860513	NC_003075.7	87.302	63	7	1	1	63	9192544	9192605	2.22e-11	71.3
NC_003071.7:9859951-9860513	NC_003075.7	85.938	64	8	1	1	64	7230736	7230798	2.87e-10	67.6
NC_003071.7:9859951-9860513	NC_003075.7	85.714	63	8	1	1	63	7384281	7384220	1.03e-09	65.8
NC_003071.7:9859951-9860513	NC_003075.7	84.375	64	10	0	1	64	8899078	8899141	3.72e-09	63.9
NC_003071.7:9859951-9860513	NC_003076.8	93.471	582	18	7	1	563	7417332	7417912	0.0	846
NC_003071.7:9859951-9860513	NC_003076.8	90.525	591	25	10	1	560	24117961	24118551	0.0	752
NC_003071.7:9859951-9860513	NC_003076.8	91.013	523	27	5	25	529	26015331	26015851	0.0	688
NC_003071.7:9859951-9860513	NC_003076.8	87.565	579	40	13	3	563	24448815	24449379	0.0	641
NC_003071.7:9859951-9860513	NC_003076.8	87.153	576	44	12	1	559	17726423	17726985	1.05e-178	627
NC_003071.7:9859951-9860513	NC_003076.8	86.515	571	51	16	1	559	9558215	9557659	4.93e-172	604
NC_003071.7:9859951-9860513	NC_003076.8	86.444	568	54	13	1	559	14810272	14810825	6.37e-171	601
NC_003071.7:9859951-9860513	NC_003076.8	86.165	571	52	14	1	559	13892685	13892130	3.83e-168	592
NC_003071.7:9859951-9860513	NC_003076.8	85.789	570	56	12	1	559	16870924	16871479	8.30e-165	580
NC_003071.7:9859951-9860513	NC_003076.8	85.640	578	52	11	1	561	5625059	5625622	2.99e-164	579
NC_003071.7:9859951-9860513	NC_003076.8	85.387	568	51	16	1	561	14104207	14103665	1.08e-158	560
NC_003071.7:9859951-9860513	NC_003076.8	84.956	565	57	13	1	559	17043359	17043901	8.42e-155	547
NC_003071.7:9859951-9860513	NC_003076.8	84.896	576	44	13	1	559	19101559	19102108	3.92e-153	542
NC_003071.7:9859951-9860513	NC_003076.8	83.505	582	59	16	1	562	22621739	22621175	3.97e-143	508
NC_003071.7:9859951-9860513	NC_003076.8	83.505	582	57	14	1	559	9068734	9068169	1.43e-142	507
NC_003071.7:9859951-9860513	NC_003076.8	83.627	568	61	19	1	560	7701180	7700637	5.14e-142	505
NC_003071.7:9859951-9860513	NC_003076.8	83.511	564	62	14	1	557	16712852	16713391	8.60e-140	497
NC_003071.7:9859951-9860513	NC_003076.8	83.045	578	63	14	3	559	3566353	3566916	4.00e-138	492
NC_003071.7:9859951-9860513	NC_003076.8	83.133	581	50	16	1	563	26787653	26787103	1.86e-136	486
NC_003071.7:9859951-9860513	NC_003076.8	89.313	393	31	7	2	384	15882295	15882686	2.41e-135	483
NC_003071.7:9859951-9860513	NC_003076.8	82.807	570	55	24	1	561	15580808	15581343	1.87e-131	470
NC_003071.7:9859951-9860513	NC_003076.8	84.929	491	42	13	1	473	22335575	22335099	6.74e-131	468
NC_003071.7:9859951-9860513	NC_003076.8	82.465	576	55	16	3	559	6420375	6419827	3.14e-129	462
NC_003071.7:9859951-9860513	NC_003076.8	82.447	564	60	23	1	560	7069990	7070518	1.46e-127	457
NC_003071.7:9859951-9860513	NC_003076.8	82.272	581	49	28	1	561	8748926	8749472	1.89e-126	453
NC_003071.7:9859951-9860513	NC_003076.8	83.096	491	51	7	1	473	9854347	9854823	6.89e-116	418
NC_003071.7:9859951-9860513	NC_003076.8	92.208	231	15	3	1	230	13231670	13231898	1.54e-87	324
NC_003071.7:9859951-9860513	NC_003076.8	82.778	360	35	14	209	559	14395374	14395033	3.37e-79	296
NC_003071.7:9859951-9860513	NC_003076.8	82.778	360	35	14	209	559	14454673	14454332	3.37e-79	296
NC_003071.7:9859951-9860513	NC_003076.8	91.121	214	18	1	1	214	6702417	6702205	5.63e-77	289
NC_003071.7:9859951-9860513	NC_003076.8	88.571	210	15	5	79	287	17885892	17885691	3.44e-64	246
NC_003071.7:9859951-9860513	NC_003076.8	82.667	300	23	12	280	563	6702209	6701923	5.75e-62	239
NC_003071.7:9859951-9860513	NC_003076.8	85.232	237	18	4	204	423	13678951	13678715	1.25e-58	228
NC_003071.7:9859951-9860513	NC_003076.8	89.017	173	16	3	1	172	24586632	24586802	1.25e-53	211
NC_003071.7:9859951-9860513	NC_003076.8	82.328	232	19	7	338	559	14080083	14080302	9.84e-45	182
NC_003071.7:9859951-9860513	NC_003076.8	80.672	238	21	11	337	561	15162899	15163124	1.28e-38	161
NC_003071.7:9859951-9860513	NC_003076.8	84.091	176	15	6	388	562	16030709	16030546	1.66e-37	158
NC_003071.7:9859951-9860513	NC_003076.8	80.165	242	21	13	337	563	7488315	7488086	5.96e-37	156
NC_003071.7:9859951-9860513	NC_003076.8	83.523	176	14	8	386	559	15031076	15030914	2.77e-35	150
NC_003071.7:9859951-9860513	NC_003076.8	85.496	131	18	1	337	467	19408584	19408455	7.77e-31	135
NC_003071.7:9859951-9860513	NC_003076.8	81.356	177	19	6	385	559	23662168	23662004	1.00e-29	132
NC_003071.7:9859951-9860513	NC_003076.8	91.579	95	7	1	1	94	14880217	14880311	3.61e-29	130
NC_003071.7:9859951-9860513	NC_003076.8	82.143	168	10	10	395	562	10041956	10041809	4.67e-28	126
NC_003071.7:9859951-9860513	NC_003076.8	90.426	94	7	2	1	93	9979172	9979080	6.05e-27	122
NC_003071.7:9859951-9860513	NC_003076.8	89.362	94	10	0	1	94	20674821	20674728	7.82e-26	119
NC_003071.7:9859951-9860513	NC_003076.8	90.909	88	7	1	1	87	15659430	15659343	2.81e-25	117
NC_003071.7:9859951-9860513	NC_003076.8	92.500	80	5	1	1	80	9763119	9763041	3.64e-24	113
NC_003071.7:9859951-9860513	NC_003076.8	84.252	127	8	4	337	451	9867509	9867635	3.64e-24	113
NC_003071.7:9859951-9860513	NC_003076.8	86.957	92	11	1	1	91	10873662	10873753	7.88e-21	102
NC_003071.7:9859951-9860513	NC_003076.8	86.022	93	12	1	3	94	22463661	22463753	1.02e-19	99.0
NC_003071.7:9859951-9860513	NC_003076.8	90.625	64	5	1	1	64	9866842	9866904	2.85e-15	84.2
NC_003071.7:9859951-9860513	NC_003076.8	88.889	63	7	0	1	63	8280719	8280781	1.33e-13	78.7
NC_003071.7:9859951-9860513	NC_003076.8	89.062	64	6	1	1	64	15162256	15162318	1.33e-13	78.7
NC_003071.7:9859951-9860513	NC_003076.8	83.951	81	11	2	1	80	19153745	19153666	4.77e-13	76.8
NC_003071.7:9859951-9860513	NC_003076.8	87.500	64	7	1	1	64	7488976	7488914	6.18e-12	73.1
NC_003071.7:9859951-9860513	NC_003076.8	87.500	64	7	1	1	64	15536011	15535949	6.18e-12	73.1
NC_003071.7:9859951-9860513	NC_003076.8	85.714	63	8	1	1	63	17481152	17481213	1.03e-09	65.8
NC_003071.7:9859951-9860513	NC_003076.8	92.500	40	3	0	1	40	22020974	22021013	1.73e-07	58.4
NC_003071.7:9859951-9860513	NC_003074.8	88.142	565	40	13	1	559	11315008	11315551	0.0	647
NC_003071.7:9859951-9860513	NC_003074.8	87.197	578	44	11	1	561	10405397	10405961	8.13e-180	630
NC_003071.7:9859951-9860513	NC_003074.8	86.285	576	47	14	3	560	11091000	11090439	8.24e-170	597
NC_003071.7:9859951-9860513	NC_003074.8	86.308	577	43	16	3	559	19436874	19437434	2.96e-169	595
NC_003071.7:9859951-9860513	NC_003074.8	86.165	571	51	15	1	561	10718344	10717792	3.83e-168	592
NC_003071.7:9859951-9860513	NC_003074.8	85.986	578	49	12	1	560	14057125	14057688	1.38e-167	590
NC_003071.7:9859951-9860513	NC_003074.8	85.787	591	41	15	2	563	6729497	6728921	1.78e-166	586
NC_003071.7:9859951-9860513	NC_003074.8	85.962	577	47	14	1	559	16485868	16485308	1.78e-166	586
NC_003071.7:9859951-9860513	NC_003074.8	85.864	573	53	15	1	561	7766063	7766619	6.42e-166	584
NC_003071.7:9859951-9860513	NC_003074.8	85.420	583	45	21	1	560	5865865	5866430	1.80e-161	569
NC_003071.7:9859951-9860513	NC_003074.8	85.315	572	55	15	1	559	16405197	16405752	8.36e-160	564
NC_003071.7:9859951-9860513	NC_003074.8	85.439	570	48	16	12	563	18634492	18633940	1.08e-158	560
NC_003071.7:9859951-9860513	NC_003074.8	84.941	591	44	14	1	559	10758579	10758002	1.40e-157	556
NC_003071.7:9859951-9860513	NC_003074.8	84.276	566	59	15	1	559	11132203	11132745	3.94e-148	525
NC_003071.7:9859951-9860513	NC_003074.8	83.946	598	42	23	1	559	19739758	19740340	1.42e-147	523
NC_003071.7:9859951-9860513	NC_003074.8	89.817	383	30	6	1	376	4579238	4579618	2.41e-135	483
NC_003071.7:9859951-9860513	NC_003074.8	82.872	578	52	26	1	559	7980632	7980083	4.03e-133	475
NC_003071.7:9859951-9860513	NC_003074.8	82.465	576	64	17	6	560	16723678	16723119	1.87e-131	470
NC_003071.7:9859951-9860513	NC_003074.8	82.444	581	58	18	1	560	21552657	21552100	6.74e-131	468
NC_003071.7:9859951-9860513	NC_003074.8	84.197	386	43	11	183	562	16235030	16234657	4.23e-98	359
NC_003071.7:9859951-9860513	NC_003074.8	83.038	395	35	11	184	559	15814110	15814491	3.32e-89	329
NC_003071.7:9859951-9860513	NC_003074.8	92.593	189	11	3	3	190	15812965	15813151	7.34e-71	268
NC_003071.7:9859951-9860513	NC_003074.8	81.250	240	20	12	337	563	11588860	11588633	2.13e-41	171
NC_003071.7:9859951-9860513	NC_003074.8	81.690	213	25	9	337	548	8329293	8329492	9.91e-40	165
NC_003071.7:9859951-9860513	NC_003074.8	81.944	216	16	9	337	541	18171164	18170961	1.28e-38	161
NC_003071.7:9859951-9860513	NC_003074.8	81.944	216	15	7	356	559	20769802	20769599	1.28e-38	161
NC_003071.7:9859951-9860513	NC_003074.8	92.453	106	8	0	1	106	7274661	7274766	7.71e-36	152
NC_003071.7:9859951-9860513	NC_003074.8	79.149	235	26	11	337	559	16678280	16678503	1.67e-32	141
NC_003071.7:9859951-9860513	NC_003074.8	78.603	229	32	10	337	563	16902992	16903205	7.77e-31	135
NC_003071.7:9859951-9860513	NC_003074.8	91.667	96	6	2	1	94	15918690	15918595	1.00e-29	132
NC_003071.7:9859951-9860513	NC_003074.8	83.893	149	12	3	337	473	16534631	16534483	1.00e-29	132
NC_003071.7:9859951-9860513	NC_003074.8	81.818	176	10	10	385	559	10681546	10681392	1.30e-28	128
NC_003071.7:9859951-9860513	NC_003074.8	89.583	96	7	3	1	94	9186735	9186641	7.82e-26	119
NC_003071.7:9859951-9860513	NC_003074.8	88.298	94	10	1	1	93	7659520	7659427	1.31e-23	111
NC_003071.7:9859951-9860513	NC_003074.8	93.243	74	5	0	1	74	7318503	7318576	4.71e-23	110
NC_003071.7:9859951-9860513	NC_003074.8	96.923	65	2	0	1	65	16235708	16235644	4.71e-23	110
NC_003071.7:9859951-9860513	NC_003074.8	92.000	75	6	0	1	75	10082827	10082753	6.09e-22	106
NC_003071.7:9859951-9860513	NC_003074.8	79.191	173	15	6	388	559	18172426	18172274	2.83e-20	100
NC_003071.7:9859951-9860513	NC_003074.8	88.889	63	6	1	1	63	8596966	8596905	4.77e-13	76.8
NC_003071.7:9859951-9860513	NC_003074.8	83.951	81	11	2	1	80	19537815	19537736	4.77e-13	76.8
NC_003071.7:9859951-9860513	NC_003074.8	87.500	64	7	1	1	64	16535293	16535231	6.18e-12	73.1
NC_003071.7:9859951-9860513	NC_003074.8	87.500	64	7	1	1	64	16677617	16677679	6.18e-12	73.1
NC_003071.7:9859951-9860513	NC_003074.8	88.525	61	6	1	1	61	16902333	16902392	6.18e-12	73.1
NC_003071.7:9859951-9860513	NC_003074.8	87.302	63	7	1	1	63	19529024	19529085	2.22e-11	71.3
NC_003071.7:9859951-9860513	NC_003074.8	87.302	63	7	1	1	63	20770463	20770402	2.22e-11	71.3
NC_003071.7:9859951-9860513	NC_003074.8	85.938	64	8	1	1	64	10900763	10900825	2.87e-10	67.6
NC_003071.7:9859951-9860513	NC_003074.8	100.000	32	0	0	1	32	9540460	9540491	4.81e-08	60.2
NC_003071.7:9859951-9860513	NC_003074.8	100.000	28	0	0	1	28	18172791	18172764	8.05e-06	52.8
NC_003071.7:9836480-9837019	NC_003071.7	100.000	540	0	0	1	540	9837019	9836480	0.0	998
NC_003071.7:9836480-9837019	NC_003075.7	98.117	531	8	1	1	529	11751722	11752252	0.0	924
NC_003071.7:9836480-9837019	NC_003075.7	86.017	236	25	7	1	230	5414505	5414738	3.29e-64	246
NC_003071.7:9836480-9837019	NC_003075.7	87.500	104	9	3	428	529	6169232	6169333	2.69e-25	117
NC_003071.7:9836480-9837019	NC_003070.9	97.037	540	13	2	1	540	11783037	11782501	0.0	905
NC_003071.7:9836480-9837019	NC_003076.8	90.167	539	40	8	1	529	6171681	6171146	0.0	689
NC_003071.7:9836480-9837019	NC_003074.8	81.985	544	58	24	7	529	1342236	1341712	3.94e-118	425
NC_003071.7:9836480-9837019	NC_003074.8	85.600	250	26	7	1	243	2920514	2920268	1.97e-66	254
NC_003071.7:9836480-9837019	NC_003074.8	87.940	199	21	3	333	529	8772689	8772886	9.22e-60	231
NC_003071.7:10996181-10997043	NC_003071.7	100.000	863	0	0	1	863	10997043	10996181	0.0	1594
NC_003071.7:10996181-10997043	NC_003071.7	95.949	864	30	5	1	861	1384414	1383553	0.0	1397
NC_003071.7:10996181-10997043	NC_003071.7	89.444	881	59	16	1	862	1038913	1038048	0.0	1081
NC_003071.7:10996181-10997043	NC_003071.7	89.314	889	49	14	2	861	2320063	2320934	0.0	1074
NC_003071.7:10996181-10997043	NC_003071.7	88.833	797	54	22	1	765	8172835	8173628	0.0	946
NC_003071.7:10996181-10997043	NC_003071.7	88.257	809	50	19	1	781	11909720	11908929	0.0	926
NC_003071.7:10996181-10997043	NC_003071.7	87.955	797	59	21	1	763	9029807	9030600	0.0	905
NC_003071.7:10996181-10997043	NC_003071.7	85.218	893	94	23	1	861	1322856	1321970	0.0	883
NC_003071.7:10996181-10997043	NC_003071.7	84.994	893	74	31	1	861	1348076	1347212	0.0	852
NC_003071.7:10996181-10997043	NC_003071.7	87.550	747	55	20	7	719	7177587	7176845	0.0	830
NC_003071.7:10996181-10997043	NC_003071.7	86.968	752	61	21	1	719	14571894	14572641	0.0	811
NC_003071.7:10996181-10997043	NC_003071.7	83.461	913	80	30	1	861	7350654	7351547	0.0	784
NC_003071.7:10996181-10997043	NC_003071.7	84.298	847	81	26	24	838	9455339	9456165	0.0	780
NC_003071.7:10996181-10997043	NC_003071.7	84.322	472	40	18	326	765	9584813	9585282	1.38e-119	431
NC_003071.7:10996181-10997043	NC_003071.7	83.294	425	36	22	326	719	6901397	6901817	6.60e-98	359
NC_003071.7:10996181-10997043	NC_003071.7	90.678	236	19	2	626	861	5038081	5038313	1.87e-83	311
NC_003071.7:10996181-10997043	NC_003071.7	88.655	238	24	3	626	862	5010321	5010086	3.16e-76	287
NC_003071.7:10996181-10997043	NC_003071.7	88.938	226	17	8	444	662	9311234	9311458	8.84e-72	272
NC_003071.7:10996181-10997043	NC_003071.7	87.861	173	21	0	690	862	7178844	7179016	3.27e-51	204
NC_003071.7:10996181-10997043	NC_003071.7	81.857	237	20	9	626	862	9228849	9228636	1.98e-43	178
NC_003071.7:10996181-10997043	NC_003071.7	77.434	226	34	13	469	685	7158727	7158510	1.22e-25	119
NC_003071.7:10996181-10997043	NC_003071.7	91.549	71	6	0	793	863	6901854	6901924	1.59e-19	99.0
NC_003071.7:10996181-10997043	NC_003071.7	88.406	69	8	0	793	861	9030607	9030675	4.45e-15	84.2
NC_003071.7:10996181-10997043	NC_003071.7	86.957	69	8	1	793	861	8173633	8173700	7.44e-13	76.8
NC_003071.7:10996181-10997043	NC_003071.7	78.761	113	15	7	756	861	7566659	7566549	4.48e-10	67.6
NC_003071.7:10996181-10997043	NC_003071.7	89.796	49	4	1	814	861	1367523	1367475	2.08e-08	62.1
NC_003071.7:10996181-10997043	NC_003070.9	90.111	900	49	19	1	863	20513679	20514575	0.0	1133
NC_003071.7:10996181-10997043	NC_003070.9	89.876	889	47	21	1	861	9385033	9384160	0.0	1103
NC_003071.7:10996181-10997043	NC_003070.9	89.462	892	48	18	1	862	8538889	8539764	0.0	1085
NC_003071.7:10996181-10997043	NC_003070.9	89.302	888	53	20	1	861	18301142	18300270	0.0	1075
NC_003071.7:10996181-10997043	NC_003070.9	89.005	864	77	10	1	859	8623608	8622758	0.0	1053
NC_003071.7:10996181-10997043	NC_003070.9	86.942	873	69	10	13	856	3250618	3251474	0.0	939
NC_003071.7:10996181-10997043	NC_003070.9	85.890	893	83	31	1	861	21127989	21128870	0.0	911
NC_003071.7:10996181-10997043	NC_003070.9	85.123	894	93	26	1	861	12618638	12619524	0.0	878
NC_003071.7:10996181-10997043	NC_003070.9	85.173	897	81	31	1	863	5437788	5436910	0.0	872
NC_003071.7:10996181-10997043	NC_003070.9	84.770	893	68	24	1	862	21616151	21615296	0.0	833
NC_003071.7:10996181-10997043	NC_003070.9	83.700	908	73	40	1	861	29775140	29774261	0.0	787
NC_003071.7:10996181-10997043	NC_003070.9	84.284	719	54	25	1	662	10239320	10240036	0.0	647
NC_003071.7:10996181-10997043	NC_003070.9	88.498	426	37	11	441	861	696892	696474	8.01e-142	505
NC_003071.7:10996181-10997043	NC_003070.9	87.260	416	45	8	450	861	10579730	10580141	1.05e-130	468
NC_003071.7:10996181-10997043	NC_003070.9	84.534	472	39	17	326	765	20172603	20172134	2.96e-121	436
NC_003071.7:10996181-10997043	NC_003070.9	91.525	236	17	3	626	861	19769341	19769573	8.66e-87	322
NC_003071.7:10996181-10997043	NC_003070.9	89.130	184	16	4	678	861	12240731	12240910	6.98e-58	226
NC_003071.7:10996181-10997043	NC_003070.9	88.571	175	17	3	689	861	2588005	2587832	7.03e-53	209
NC_003071.7:10996181-10997043	NC_003070.9	88.506	174	19	1	689	862	3497923	3497751	7.03e-53	209
NC_003071.7:10996181-10997043	NC_003070.9	83.544	237	25	3	626	862	11732684	11732906	7.03e-53	209
NC_003071.7:10996181-10997043	NC_003070.9	88.506	174	17	3	689	861	12993167	12992996	2.53e-52	207
NC_003071.7:10996181-10997043	NC_003070.9	90.062	161	15	1	701	861	14012971	14012812	2.53e-52	207
NC_003071.7:10996181-10997043	NC_003070.9	87.861	173	21	0	689	861	29078841	29079013	3.27e-51	204
NC_003071.7:10996181-10997043	NC_003070.9	78.070	114	15	8	756	862	9837472	9837582	5.79e-09	63.9
NC_003071.7:10996181-10997043	NC_003075.7	89.675	891	48	24	1	862	6169229	6168354	0.0	1096
NC_003071.7:10996181-10997043	NC_003075.7	86.369	895	82	26	1	861	8899077	8899965	0.0	941
NC_003071.7:10996181-10997043	NC_003075.7	86.136	880	92	24	1	861	7230735	7231603	0.0	922
NC_003071.7:10996181-10997043	NC_003075.7	88.191	796	58	21	1	765	12698500	12699290	0.0	917
NC_003071.7:10996181-10997043	NC_003075.7	85.698	902	84	24	1	863	17501313	17502208	0.0	909
NC_003071.7:10996181-10997043	NC_003075.7	87.594	798	63	20	1	765	7384282	7383488	0.0	893
NC_003071.7:10996181-10997043	NC_003075.7	85.647	850	83	23	1	819	8820690	8819849	0.0	857
NC_003071.7:10996181-10997043	NC_003075.7	84.899	894	81	29	1	861	1199585	1198713	0.0	854
NC_003071.7:10996181-10997043	NC_003075.7	85.794	718	65	20	1	695	1100279	1100982	0.0	726
NC_003071.7:10996181-10997043	NC_003075.7	83.360	619	53	21	274	861	6243220	6243819	1.71e-148	527
NC_003071.7:10996181-10997043	NC_003075.7	91.139	237	17	4	626	862	1521588	1521820	1.12e-85	318
NC_003071.7:10996181-10997043	NC_003075.7	89.076	238	22	4	626	863	2553718	2553951	6.79e-78	292
NC_003071.7:10996181-10997043	NC_003075.7	89.655	174	15	3	690	862	6426787	6426616	1.17e-55	219
NC_003071.7:10996181-10997043	NC_003075.7	88.439	173	19	1	689	861	7906197	7906368	2.53e-52	207
NC_003071.7:10996181-10997043	NC_003075.7	83.051	236	18	8	626	861	7034464	7034251	1.97e-48	195
NC_003071.7:10996181-10997043	NC_003075.7	85.714	112	15	1	274	384	17139870	17139981	4.38e-25	117
NC_003071.7:10996181-10997043	NC_003075.7	89.796	49	3	2	814	861	1957656	1957703	2.08e-08	62.1
NC_003071.7:10996181-10997043	NC_003074.8	89.089	889	46	22	1	861	20770464	20769599	0.0	1057
NC_003071.7:10996181-10997043	NC_003074.8	86.771	892	81	21	1	861	6941484	6940599	0.0	959
NC_003071.7:10996181-10997043	NC_003074.8	88.805	795	56	18	1	765	8596967	8596176	0.0	944
NC_003071.7:10996181-10997043	NC_003074.8	85.410	891	84	29	1	859	5591637	5590761	0.0	883
NC_003071.7:10996181-10997043	NC_003074.8	85.698	874	80	28	1	838	16535294	16534430	0.0	880
NC_003071.7:10996181-10997043	NC_003074.8	83.969	892	86	32	1	859	16902332	16903199	0.0	802
NC_003071.7:10996181-10997043	NC_003074.8	86.819	698	59	19	177	843	18171656	18170961	0.0	749
NC_003071.7:10996181-10997043	NC_003074.8	84.958	472	34	20	326	765	11456098	11455632	1.77e-123	444
NC_003071.7:10996181-10997043	NC_003074.8	84.043	470	41	17	326	765	19529226	19529691	8.30e-117	422
NC_003071.7:10996181-10997043	NC_003074.8	83.617	470	42	18	326	765	4977474	4977938	6.46e-113	409
NC_003071.7:10996181-10997043	NC_003074.8	83.796	432	37	16	441	860	17209983	17209573	5.07e-104	379
NC_003071.7:10996181-10997043	NC_003074.8	90.678	236	19	2	626	861	17402233	17402001	1.87e-83	311
NC_003071.7:10996181-10997043	NC_003074.8	90.254	236	19	4	626	861	19740109	19740340	8.72e-82	305
NC_003071.7:10996181-10997043	NC_003074.8	89.831	236	21	3	626	861	16485540	16485308	4.06e-80	300
NC_003071.7:10996181-10997043	NC_003074.8	89.451	237	22	3	626	862	5866197	5866430	5.25e-79	296
NC_003071.7:10996181-10997043	NC_003074.8	87.342	237	14	3	626	862	10718013	10717793	2.48e-67	257
NC_003071.7:10996181-10997043	NC_003074.8	89.080	174	19	0	689	862	15918265	15918092	4.20e-55	217
NC_003071.7:10996181-10997043	NC_003074.8	84.706	85	10	3	1	84	15020826	15020908	1.60e-14	82.4
NC_003071.7:10996181-10997043	NC_003074.8	86.957	69	8	1	793	861	8596171	8596104	7.44e-13	76.8
NC_003071.7:10996181-10997043	NC_003076.8	88.777	891	53	19	1	861	23130214	23129341	0.0	1048
NC_003071.7:10996181-10997043	NC_003076.8	86.771	892	77	24	1	859	13733609	13734492	0.0	955
NC_003071.7:10996181-10997043	NC_003076.8	86.674	893	81	19	1	861	20279500	20278614	0.0	955
NC_003071.7:10996181-10997043	NC_003076.8	88.708	797	53	21	1	765	17398749	17397958	0.0	939
NC_003071.7:10996181-10997043	NC_003076.8	86.374	888	86	26	1	863	8602694	8601817	0.0	937
NC_003071.7:10996181-10997043	NC_003076.8	86.353	894	75	25	1	861	14079423	14080302	0.0	931
NC_003071.7:10996181-10997043	NC_003076.8	86.400	875	81	18	1	845	5648763	5647897	0.0	922
NC_003071.7:10996181-10997043	NC_003076.8	88.550	786	55	16	12	765	26892545	26893327	0.0	920
NC_003071.7:10996181-10997043	NC_003076.8	85.414	905	82	29	1	861	15031812	15030914	0.0	894
NC_003071.7:10996181-10997043	NC_003076.8	85.140	895	93	25	1	862	7488977	7488090	0.0	880
NC_003071.7:10996181-10997043	NC_003076.8	87.186	796	55	25	1	765	16372999	16373778	0.0	861
NC_003071.7:10996181-10997043	NC_003076.8	84.944	890	85	36	1	862	15162255	15163123	0.0	856
NC_003071.7:10996181-10997043	NC_003076.8	86.717	798	57	24	1	765	24313641	24314422	0.0	841
NC_003071.7:10996181-10997043	NC_003076.8	83.838	891	62	46	1	861	16031387	16030549	0.0	773
NC_003071.7:10996181-10997043	NC_003076.8	87.029	717	51	20	1	686	9298126	9298831	0.0	771
NC_003071.7:10996181-10997043	NC_003076.8	83.169	915	81	37	1	861	17481151	17482046	0.0	769
NC_003071.7:10996181-10997043	NC_003076.8	85.369	704	55	21	1	673	26891638	26892324	0.0	686
NC_003071.7:10996181-10997043	NC_003076.8	82.759	435	32	17	450	860	19408794	19408379	1.43e-94	348
NC_003071.7:10996181-10997043	NC_003076.8	92.797	236	14	3	626	861	17726753	17726985	8.60e-92	339
NC_003071.7:10996181-10997043	NC_003076.8	90.833	240	19	3	623	862	24449140	24449376	1.12e-85	318
NC_003071.7:10996181-10997043	NC_003076.8	90.678	236	18	4	626	861	19101877	19102108	1.87e-83	311
NC_003071.7:10996181-10997043	NC_003076.8	89.130	184	16	4	678	861	13231894	13232073	6.98e-58	226
NC_003071.7:10996181-10997043	NC_003076.8	84.388	237	14	6	626	862	24586844	24587057	1.96e-53	211
NC_003071.7:10996181-10997043	NC_003076.8	83.122	237	18	8	626	862	7700851	7700637	5.48e-49	196
NC_003071.7:10996181-10997043	NC_003076.8	82.700	237	17	4	626	862	14103878	14103666	9.16e-47	189
NC_003071.7:10996181-10997043	NC_003076.8	93.243	74	3	1	384	455	19408889	19408816	2.64e-22	108
NC_003071.7:10996181-10997043	NC_003076.8	88.732	71	8	0	793	863	24314427	24314497	3.44e-16	87.9
NC_003071.7:10996181-10997043	NC_003076.8	85.484	62	7	1	801	862	26893341	26893400	5.79e-09	63.9
NC_003071.7:11555402-11556306	NC_003071.7	100.000	905	0	0	1	905	11556306	11555402	0.0	1672
NC_003071.7:11555402-11556306	NC_003071.7	94.568	902	36	8	5	905	10351572	10352461	0.0	1382
NC_003071.7:11555402-11556306	NC_003071.7	94.144	905	37	10	4	905	8854371	8855262	0.0	1363
NC_003071.7:11555402-11556306	NC_003071.7	92.005	838	46	8	70	905	241106	241924	0.0	1157
NC_003071.7:11555402-11556306	NC_003071.7	90.586	563	27	7	5	549	5607444	5607998	0.0	723
NC_003071.7:11555402-11556306	NC_003071.7	85.213	656	50	13	235	868	4086199	4085569	1.33e-179	630
NC_003071.7:11555402-11556306	NC_003071.7	93.140	379	13	7	4	381	19527940	19528306	1.78e-153	544
NC_003071.7:11555402-11556306	NC_003071.7	92.541	362	25	2	545	905	19528489	19528849	1.08e-145	518
NC_003071.7:11555402-11556306	NC_003071.7	86.398	397	27	10	480	873	6249631	6249259	6.78e-113	409
NC_003071.7:11555402-11556306	NC_003071.7	93.585	265	16	1	4	267	240845	241109	1.90e-108	394
NC_003071.7:11555402-11556306	NC_003071.7	86.895	351	37	5	464	812	1679008	1678665	1.14e-105	385
NC_003071.7:11555402-11556306	NC_003071.7	82.767	412	45	13	468	873	8455416	8455807	1.94e-93	344
NC_003071.7:11555402-11556306	NC_003071.7	91.949	236	12	5	10	238	10682759	10682994	2.53e-87	324
NC_003071.7:11555402-11556306	NC_003071.7	94.472	199	9	2	597	794	9643241	9643438	9.16e-82	305
NC_003071.7:11555402-11556306	NC_003071.7	84.874	238	20	11	235	459	10683312	10683546	7.33e-58	226
NC_003071.7:11555402-11556306	NC_003071.7	82.403	233	27	11	5	228	17300155	17299928	2.68e-47	191
NC_003071.7:11555402-11556306	NC_003071.7	97.170	106	2	1	6	111	4086580	4086476	2.08e-43	178
NC_003071.7:11555402-11556306	NC_003071.7	80.405	148	21	5	5	151	5648340	5648200	9.97e-22	106
NC_003071.7:11555402-11556306	NC_003071.7	100.000	33	0	0	873	905	5608560	5608592	2.19e-08	62.1
NC_003071.7:11555402-11556306	NC_003071.7	100.000	30	0	0	876	905	4085103	4085074	1.02e-06	56.5
NC_003071.7:11555402-11556306	NC_003076.8	97.896	903	16	3	4	905	7833874	7834774	0.0	1559
NC_003071.7:11555402-11556306	NC_003076.8	94.352	903	46	5	4	905	24436609	24435711	0.0	1380
NC_003071.7:11555402-11556306	NC_003076.8	91.694	903	52	10	5	905	19080548	19081429	0.0	1230
NC_003071.7:11555402-11556306	NC_003076.8	90.136	882	54	13	4	868	7075336	7076201	0.0	1116
NC_003071.7:11555402-11556306	NC_003076.8	90.476	861	49	8	25	868	12091648	12090804	0.0	1105
NC_003071.7:11555402-11556306	NC_003076.8	91.972	710	41	8	198	905	5063067	5062372	0.0	981
NC_003071.7:11555402-11556306	NC_003076.8	91.779	669	40	7	238	905	18555809	18556463	0.0	917
NC_003071.7:11555402-11556306	NC_003076.8	95.471	552	23	2	5	555	18554307	18554857	0.0	880
NC_003071.7:11555402-11556306	NC_003076.8	94.900	549	23	4	8	555	5063612	5063068	0.0	854
NC_003071.7:11555402-11556306	NC_003076.8	96.403	417	14	1	4	419	17276000	17275584	0.0	686
NC_003071.7:11555402-11556306	NC_003076.8	89.062	512	34	9	395	905	6073040	6072550	3.72e-175	616
NC_003071.7:11555402-11556306	NC_003076.8	96.399	361	11	2	4	362	6073212	6073572	1.75e-168	593
NC_003071.7:11555402-11556306	NC_003076.8	92.105	418	29	4	488	905	17275556	17275143	2.92e-166	586
NC_003071.7:11555402-11556306	NC_003076.8	87.664	381	26	9	479	851	22491525	22491892	2.42e-117	424
NC_003071.7:11555402-11556306	NC_003076.8	91.915	235	13	5	10	238	10270527	10270293	2.53e-87	324
NC_003071.7:11555402-11556306	NC_003076.8	95.263	190	7	2	4	191	6073038	6073227	4.26e-80	300
NC_003071.7:11555402-11556306	NC_003076.8	92.462	199	15	0	5	203	14732803	14732605	1.19e-75	285
NC_003071.7:11555402-11556306	NC_003076.8	84.454	238	21	11	235	459	10269974	10269740	3.41e-56	220
NC_003071.7:11555402-11556306	NC_003076.8	93.525	139	9	0	4	142	6073725	6073587	2.66e-52	207
NC_003071.7:11555402-11556306	NC_003076.8	84.000	175	24	3	4	177	9442639	9442810	1.62e-39	165
NC_003071.7:11555402-11556306	NC_003076.8	85.811	148	20	1	5	152	347804	347658	9.76e-37	156
NC_003071.7:11555402-11556306	NC_003076.8	85.811	148	20	1	5	152	348085	347939	9.76e-37	156
NC_003071.7:11555402-11556306	NC_003076.8	85.135	148	21	1	5	152	24345544	24345398	4.54e-35	150
NC_003071.7:11555402-11556306	NC_003076.8	96.552	87	3	0	5	91	12091725	12091639	2.11e-33	145
NC_003071.7:11555402-11556306	NC_003076.8	85.484	62	9	0	5	66	15181591	15181652	1.69e-09	65.8
NC_003071.7:11555402-11556306	NC_003076.8	100.000	33	0	0	873	905	14694059	14694091	2.19e-08	62.1
NC_003071.7:11555402-11556306	NC_003074.8	97.450	902	15	2	5	905	5380232	5379338	0.0	1531
NC_003071.7:11555402-11556306	NC_003074.8	93.423	897	54	5	4	897	5792496	5793390	0.0	1325
NC_003071.7:11555402-11556306	NC_003074.8	92.308	897	45	11	13	905	20875605	20876481	0.0	1253
NC_003071.7:11555402-11556306	NC_003074.8	90.951	862	44	9	25	868	17033331	17034176	0.0	1129
NC_003071.7:11555402-11556306	NC_003074.8	89.805	873	52	10	4	868	15978135	15977292	0.0	1085
NC_003071.7:11555402-11556306	NC_003074.8	87.195	656	52	11	235	868	14285833	14286478	0.0	717
NC_003071.7:11555402-11556306	NC_003074.8	84.498	658	44	20	235	868	10842240	10842863	1.35e-169	597
NC_003071.7:11555402-11556306	NC_003074.8	96.610	236	6	2	4	238	14272658	14272892	2.46e-107	390
NC_003071.7:11555402-11556306	NC_003074.8	94.619	223	6	4	32	252	7921762	7921544	2.51e-92	340
NC_003071.7:11555402-11556306	NC_003074.8	94.634	205	7	3	35	238	10841717	10841918	1.52e-84	315
NC_003071.7:11555402-11556306	NC_003074.8	96.988	166	4	1	5	169	7922197	7922032	2.00e-73	278
NC_003071.7:11555402-11556306	NC_003074.8	95.808	167	6	1	3	169	10841548	10841713	1.20e-70	268
NC_003071.7:11555402-11556306	NC_003074.8	95.783	166	6	1	5	169	7921928	7921763	4.32e-70	267
NC_003071.7:11555402-11556306	NC_003074.8	86.147	231	21	8	235	457	10642947	10642720	9.42e-62	239
NC_003071.7:11555402-11556306	NC_003074.8	93.525	139	5	3	4	140	7922458	7922322	3.44e-51	204
NC_003071.7:11555402-11556306	NC_003074.8	93.478	138	5	3	5	140	7922327	7922192	1.24e-50	202
NC_003071.7:11555402-11556306	NC_003074.8	92.793	111	4	3	32	140	7922031	7921923	2.71e-37	158
NC_003071.7:11555402-11556306	NC_003074.8	95.455	88	4	0	1	88	17033250	17033337	2.73e-32	141
NC_003071.7:11555402-11556306	NC_003074.8	79.348	184	23	11	5	182	11132804	11132978	1.66e-24	115
NC_003071.7:11555402-11556306	NC_003074.8	89.394	66	7	0	172	237	14285443	14285508	4.67e-15	84.2
NC_003071.7:11555402-11556306	NC_003074.8	96.970	33	1	0	873	905	14286941	14286973	1.02e-06	56.5
NC_003071.7:11555402-11556306	NC_003075.7	96.792	904	22	2	3	905	6912414	6911517	0.0	1502
NC_003071.7:11555402-11556306	NC_003075.7	92.393	907	55	11	4	905	1777275	1778172	0.0	1280
NC_003071.7:11555402-11556306	NC_003075.7	92.675	901	42	14	8	905	11979600	11978721	0.0	1277
NC_003071.7:11555402-11556306	NC_003075.7	92.754	759	33	9	4	760	16055476	16054738	0.0	1077
NC_003071.7:11555402-11556306	NC_003075.7	88.353	747	51	12	181	905	1302680	1301948	0.0	865
NC_003071.7:11555402-11556306	NC_003075.7	88.128	657	47	9	235	868	18250817	18250169	0.0	752
NC_003071.7:11555402-11556306	NC_003075.7	90.188	479	32	6	395	873	6064533	6064996	1.73e-173	610
NC_003071.7:11555402-11556306	NC_003075.7	95.526	380	14	2	5	381	10870782	10871161	8.06e-172	604
NC_003071.7:11555402-11556306	NC_003075.7	84.902	563	55	11	311	868	6756679	6757216	6.41e-153	542
NC_003071.7:11555402-11556306	NC_003075.7	93.175	337	21	2	569	905	10871353	10871687	1.82e-138	494
NC_003071.7:11555402-11556306	NC_003075.7	88.689	389	28	4	359	747	7235535	7235907	1.85e-128	460
NC_003071.7:11555402-11556306	NC_003075.7	94.355	248	12	2	3	249	7235159	7235405	5.32e-104	379
NC_003071.7:11555402-11556306	NC_003075.7	90.083	242	21	3	628	868	7235908	7236147	1.97e-83	311
NC_003071.7:11555402-11556306	NC_003075.7	96.703	182	4	2	4	184	16055644	16055464	1.18e-80	302
NC_003071.7:11555402-11556306	NC_003075.7	96.667	180	5	1	4	182	1302901	1302722	1.53e-79	298
NC_003071.7:11555402-11556306	NC_003075.7	97.701	174	2	2	35	207	18251482	18251310	1.53e-79	298
NC_003071.7:11555402-11556306	NC_003075.7	97.041	169	3	2	3	169	6758032	6757864	4.29e-75	283
NC_003071.7:11555402-11556306	NC_003075.7	92.899	169	9	3	5	172	18251649	18251483	7.28e-63	243
NC_003071.7:11555402-11556306	NC_003075.7	80.603	232	32	11	3	227	4801849	4801624	4.51e-40	167
NC_003071.7:11555402-11556306	NC_003075.7	93.694	111	3	3	32	140	6757863	6757755	5.83e-39	163
NC_003071.7:11555402-11556306	NC_003075.7	95.402	87	4	0	152	238	18251226	18251140	9.83e-32	139
NC_003071.7:11555402-11556306	NC_003075.7	81.818	88	14	1	6	91	1096866	1096779	1.01e-11	73.1
NC_003071.7:11555402-11556306	NC_003075.7	100.000	33	0	0	873	905	6065475	6065507	2.19e-08	62.1
NC_003071.7:11555402-11556306	NC_003070.9	92.527	910	47	13	1	905	11352407	11351514	0.0	1284
NC_003071.7:11555402-11556306	NC_003070.9	91.877	911	47	14	1	905	21260142	21261031	0.0	1247
NC_003071.7:11555402-11556306	NC_003070.9	90.725	841	41	7	31	870	13407453	13408257	0.0	1086
NC_003071.7:11555402-11556306	NC_003070.9	88.986	690	46	5	195	868	5659134	5658459	0.0	826
NC_003071.7:11555402-11556306	NC_003070.9	90.502	558	42	4	314	868	13408253	13408802	0.0	726
NC_003071.7:11555402-11556306	NC_003070.9	86.154	390	33	14	486	873	28522693	28522323	1.14e-110	401
NC_003071.7:11555402-11556306	NC_003070.9	92.208	231	17	1	9	238	17405753	17405523	7.03e-88	326
NC_003071.7:11555402-11556306	NC_003070.9	91.810	232	16	3	8	238	17107531	17107760	3.27e-86	320
NC_003071.7:11555402-11556306	NC_003070.9	92.105	228	17	1	12	238	17406188	17405961	3.27e-86	320
NC_003071.7:11555402-11556306	NC_003070.9	90.833	240	15	6	2	238	17102266	17102501	1.52e-84	315
NC_003071.7:11555402-11556306	NC_003070.9	89.958	239	19	4	4	238	14297750	14297513	3.29e-81	303
NC_003071.7:11555402-11556306	NC_003070.9	87.029	239	13	14	235	459	14297191	14296957	3.36e-66	254
NC_003071.7:11555402-11556306	NC_003070.9	85.398	226	24	7	235	459	17108082	17108299	7.33e-58	226
NC_003071.7:11555402-11556306	NC_003070.9	91.875	160	7	6	305	461	16317439	16317595	1.23e-55	219
NC_003071.7:11555402-11556306	NC_003070.9	83.817	241	21	13	231	459	17110893	17111127	5.71e-54	213
NC_003071.7:11555402-11556306	NC_003070.9	95.327	107	5	0	4	110	19403475	19403369	3.49e-41	171
NC_003071.7:11555402-11556306	NC_003070.9	86.486	148	18	2	5	152	16342970	16342825	2.10e-38	161
NC_003071.7:11555402-11556306	NC_003070.9	85.906	149	20	1	4	152	6234721	6234574	2.71e-37	158
NC_003071.7:11555402-11556306	NC_003070.9	85.135	148	21	1	5	152	6235099	6234953	4.54e-35	150
NC_003071.7:11555402-11556306	NC_003070.9	79.295	227	33	10	3	228	12904182	12903969	5.87e-34	147
NC_003071.7:11555402-11556306	NC_003070.9	95.455	88	4	0	4	91	5659270	5659183	2.73e-32	141
NC_003071.7:11555402-11556306	NC_003070.9	81.250	160	23	5	8	167	17108400	17108552	9.90e-27	122
NC_003071.7:11555402-11556306	NC_003070.9	79.646	113	20	2	5	115	16865002	16864891	2.17e-13	78.7
NC_003071.7:11555402-11556306	NC_003070.9	100.000	33	0	0	873	905	13409285	13409317	2.19e-08	62.1
NC_003071.7:11555402-11556306	NC_003070.9	100.000	30	0	0	876	905	5657973	5657944	1.02e-06	56.5
NC_003071.7:11597289-11597879	NC_003071.7	100.000	591	0	0	1	591	11597289	11597879	0.0	1092
NC_003071.7:11597289-11597879	NC_003071.7	92.845	587	30	3	4	589	8046269	8045694	0.0	841
NC_003071.7:11597289-11597879	NC_003071.7	88.079	604	51	12	4	591	2299067	2299665	0.0	697
NC_003071.7:11597289-11597879	NC_003071.7	87.417	604	55	13	4	591	7178417	7179015	0.0	675
NC_003071.7:11597289-11597879	NC_003071.7	86.733	603	58	16	4	591	4758696	4758101	0.0	651
NC_003071.7:11597289-11597879	NC_003071.7	87.589	564	55	6	4	554	10239495	10238934	0.0	640
NC_003071.7:11597289-11597879	NC_003071.7	81.533	287	36	6	322	591	825988	826274	2.19e-56	220
NC_003071.7:11597289-11597879	NC_003071.7	92.683	82	5	1	3	84	1303114	1303034	2.96e-25	117
NC_003071.7:11597289-11597879	NC_003071.7	90.476	84	7	1	4	87	19623102	19623184	4.95e-23	110
NC_003071.7:11597289-11597879	NC_003074.8	97.279	588	15	1	4	591	19520641	19521227	0.0	996
NC_003071.7:11597289-11597879	NC_003074.8	93.888	589	34	2	4	591	7937571	7936984	0.0	887
NC_003071.7:11597289-11597879	NC_003074.8	91.497	588	49	1	4	591	7659521	7658935	0.0	808
NC_003071.7:11597289-11597879	NC_003074.8	90.878	592	47	6	3	591	18147109	18146522	0.0	787
NC_003071.7:11597289-11597879	NC_003074.8	87.396	603	57	12	4	591	15918691	15918093	0.0	675
NC_003071.7:11597289-11597879	NC_003074.8	86.111	144	14	6	448	591	4585160	4585297	2.92e-35	150
NC_003071.7:11597289-11597879	NC_003074.8	92.941	85	4	2	4	87	4551549	4551632	6.36e-27	122
NC_003071.7:11597289-11597879	NC_003074.8	88.889	99	9	2	1	99	10405393	10405489	2.29e-26	121
NC_003071.7:11597289-11597879	NC_003074.8	89.535	86	8	1	169	253	19520939	19521024	1.78e-22	108
NC_003071.7:11597289-11597879	NC_003074.8	86.316	95	11	2	4	97	11287475	11287382	8.29e-21	102
NC_003071.7:11597289-11597879	NC_003070.9	95.068	588	27	2	4	591	17605550	17606135	0.0	924
NC_003071.7:11597289-11597879	NC_003070.9	92.047	591	46	1	1	591	12183994	12183405	0.0	830
NC_003071.7:11597289-11597879	NC_003070.9	91.156	588	50	2	4	591	20509422	20508837	0.0	797
NC_003071.7:11597289-11597879	NC_003070.9	90.877	570	48	4	25	591	19717926	19718494	0.0	761
NC_003071.7:11597289-11597879	NC_003070.9	90.747	562	51	1	7	568	18805110	18804550	0.0	749
NC_003071.7:11597289-11597879	NC_003070.9	88.060	603	54	9	4	591	12993595	12992996	0.0	699
NC_003071.7:11597289-11597879	NC_003070.9	87.375	602	57	9	4	591	5531296	5531892	0.0	673
NC_003071.7:11597289-11597879	NC_003070.9	87.209	602	59	12	4	591	2588429	2587832	0.0	669
NC_003071.7:11597289-11597879	NC_003070.9	86.899	603	60	10	4	591	8189961	8190559	0.0	658
NC_003071.7:11597289-11597879	NC_003070.9	88.683	539	55	4	57	591	12457718	12458254	0.0	652
NC_003071.7:11597289-11597879	NC_003070.9	86.755	604	59	14	4	591	19742138	19741540	0.0	652
NC_003071.7:11597289-11597879	NC_003070.9	86.567	603	62	9	4	591	29078415	29079013	0.0	647
NC_003071.7:11597289-11597879	NC_003070.9	86.622	598	59	12	7	589	17632424	17633015	0.0	641
NC_003071.7:11597289-11597879	NC_003070.9	95.029	342	16	1	1	342	24027180	24027520	1.92e-151	536
NC_003071.7:11597289-11597879	NC_003070.9	92.347	196	13	2	2	197	9919334	9919141	1.28e-73	278
NC_003071.7:11597289-11597879	NC_003070.9	88.757	169	17	2	424	591	21918817	21918984	6.14e-52	206
NC_003071.7:11597289-11597879	NC_003070.9	88.166	169	17	3	424	591	4770281	4770115	1.03e-49	198
NC_003071.7:11597289-11597879	NC_003070.9	85.465	172	20	3	424	591	13495592	13495422	1.73e-42	174
NC_003071.7:11597289-11597879	NC_003070.9	90.099	101	9	1	4	104	12137683	12137584	3.80e-29	130
NC_003071.7:11597289-11597879	NC_003070.9	95.062	81	3	1	4	84	18766618	18766539	4.92e-28	126
NC_003071.7:11597289-11597879	NC_003070.9	92.593	81	5	1	4	84	19665948	19666027	1.06e-24	115
NC_003071.7:11597289-11597879	NC_003070.9	91.176	68	5	1	3	70	18450397	18450331	1.79e-17	91.6
NC_003071.7:11597289-11597879	NC_003076.8	93.729	590	34	3	4	591	20674822	20674234	0.0	881
NC_003071.7:11597289-11597879	NC_003076.8	91.497	588	46	4	4	589	9979173	9978588	0.0	806
NC_003071.7:11597289-11597879	NC_003076.8	90.248	605	41	3	4	591	25178777	25179380	0.0	774
NC_003071.7:11597289-11597879	NC_003076.8	88.333	600	52	9	4	589	14880216	14880811	0.0	704
NC_003071.7:11597289-11597879	NC_003076.8	87.914	604	55	8	4	591	349810	350411	0.0	695
NC_003071.7:11597289-11597879	NC_003076.8	87.894	603	53	9	4	591	15659431	15658834	0.0	691
NC_003071.7:11597289-11597879	NC_003076.8	87.587	572	52	10	4	561	19479577	19480143	0.0	645
NC_003071.7:11597289-11597879	NC_003076.8	86.333	600	62	11	4	589	9545738	9546331	0.0	636
NC_003071.7:11597289-11597879	NC_003076.8	89.941	169	15	2	424	591	19101941	19102108	2.84e-55	217
NC_003071.7:11597289-11597879	NC_003076.8	87.162	148	17	2	445	591	15581195	15581341	2.90e-40	167
NC_003071.7:11597289-11597879	NC_003076.8	92.857	84	5	1	4	87	14104208	14104126	2.29e-26	121
NC_003071.7:11597289-11597879	NC_003076.8	92.683	82	5	1	3	84	15779043	15779123	2.96e-25	117
NC_003071.7:11597289-11597879	NC_003076.8	87.129	101	10	3	4	103	21016569	21016471	1.38e-23	111
NC_003071.7:11597289-11597879	NC_003076.8	87.500	88	11	0	169	256	9546032	9546119	8.29e-21	102
NC_003071.7:11597289-11597879	NC_003075.7	92.360	589	42	3	4	591	6414640	6414054	0.0	835
NC_003071.7:11597289-11597879	NC_003075.7	91.723	592	46	3	1	591	3897169	3897758	0.0	819
NC_003071.7:11597289-11597879	NC_003075.7	90.614	586	33	3	4	589	7652564	7653127	0.0	758
NC_003071.7:11597289-11597879	NC_003075.7	88.079	604	52	13	3	591	7154778	7155376	0.0	699
NC_003071.7:11597289-11597879	NC_003075.7	91.365	498	39	3	4	498	9188717	9189213	0.0	678
NC_003071.7:11597289-11597879	NC_003075.7	87.375	602	58	9	4	591	7905771	7906368	0.0	675
NC_003071.7:11597289-11597879	NC_003075.7	86.942	605	57	15	4	591	6427216	6426617	0.0	660
NC_003071.7:11597289-11597879	NC_003075.7	84.551	602	54	12	4	591	8725655	8725079	1.14e-158	560
NC_003071.7:11597289-11597879	NC_003075.7	95.062	81	2	2	4	84	2987147	2987225	4.92e-28	126
