NC_003076.8:14956050-14956767	NC_003076.8	100.000	718	0	0	1	718	14956767	14956050	0.0	1327
NC_003076.8:14956050-14956767	NC_003076.8	90.476	420	28	10	300	712	13829032	13828618	1.40e-153	544
NC_003076.8:14956050-14956767	NC_003076.8	91.206	398	31	4	300	695	18919828	18920223	6.53e-152	538
NC_003076.8:14956050-14956767	NC_003076.8	86.683	398	27	5	300	693	15791357	15791732	8.87e-116	418
NC_003076.8:14956050-14956767	NC_003076.8	88.462	286	27	5	388	671	7644261	7644542	1.98e-92	340
NC_003076.8:14956050-14956767	NC_003076.8	89.219	269	24	4	388	654	14994790	14995055	1.19e-89	331
NC_003076.8:14956050-14956767	NC_003076.8	84.520	323	25	15	1	301	12547099	12547418	4.34e-79	296
NC_003076.8:14956050-14956767	NC_003076.8	84.259	324	23	11	1	301	15791106	15791424	2.02e-77	291
NC_003076.8:14956050-14956767	NC_003076.8	88.983	236	19	6	388	618	12547417	12547650	9.39e-76	285
NC_003076.8:14956050-14956767	NC_003076.8	83.062	307	37	11	398	695	22621724	22622024	1.22e-69	265
NC_003076.8:14956050-14956767	NC_003076.8	95.000	80	4	0	492	571	13905732	13905811	6.02e-28	126
NC_003076.8:14956050-14956767	NC_003076.8	91.429	70	1	1	240	304	14956467	14956398	2.20e-17	91.6
NC_003076.8:14956050-14956767	NC_003076.8	91.429	70	1	1	301	370	14956528	14956464	2.20e-17	91.6
NC_003076.8:14956050-14956767	NC_003076.8	92.453	53	4	0	1	53	25936461	25936409	6.15e-13	76.8
NC_003076.8:14956050-14956767	NC_003070.9	91.469	422	33	3	300	718	13624328	13623907	1.38e-163	577
NC_003076.8:14956050-14956767	NC_003070.9	91.709	398	32	1	300	696	22828877	22829274	8.39e-156	551
NC_003076.8:14956050-14956767	NC_003070.9	91.250	400	32	3	300	697	10597919	10598317	5.05e-153	542
NC_003076.8:14956050-14956767	NC_003070.9	90.633	395	35	2	300	693	11988015	11988408	1.83e-147	523
NC_003076.8:14956050-14956767	NC_003070.9	90.201	398	30	4	300	696	26551810	26552199	1.42e-143	510
NC_003076.8:14956050-14956767	NC_003070.9	86.466	399	31	6	300	697	6075121	6075497	3.19e-115	416
NC_003076.8:14956050-14956767	NC_003070.9	86.751	317	15	9	7	300	16477700	16478012	1.54e-88	327
NC_003076.8:14956050-14956767	NC_003070.9	82.872	397	29	16	300	695	21428517	21428159	2.57e-86	320
NC_003076.8:14956050-14956767	NC_003070.9	85.758	330	16	7	1	301	22828617	22828944	2.57e-86	320
NC_003076.8:14956050-14956767	NC_003070.9	85.449	323	23	13	1	301	10597667	10597987	1.20e-84	315
NC_003076.8:14956050-14956767	NC_003070.9	85.852	311	21	12	1	304	13624552	13624258	5.57e-83	309
NC_003076.8:14956050-14956767	NC_003070.9	90.244	205	13	6	518	718	13346868	13346667	1.58e-68	261
NC_003076.8:14956050-14956767	NC_003070.9	94.030	67	4	0	300	366	16477946	16478012	1.02e-20	102
NC_003076.8:14956050-14956767	NC_003075.7	92.947	397	23	3	300	695	6506027	6505635	1.79e-162	573
NC_003076.8:14956050-14956767	NC_003075.7	92.211	398	29	2	300	696	15816450	15816054	3.87e-159	562
NC_003076.8:14956050-14956767	NC_003075.7	91.750	400	28	3	300	698	8836905	8836510	8.39e-156	551
NC_003076.8:14956050-14956767	NC_003075.7	90.452	398	36	2	300	695	9284019	9284416	1.83e-147	523
NC_003076.8:14956050-14956767	NC_003075.7	87.154	397	28	13	300	695	6173243	6172869	4.10e-119	429
NC_003076.8:14956050-14956767	NC_003075.7	86.967	399	29	5	300	697	9079342	9078966	1.47e-118	427
NC_003076.8:14956050-14956767	NC_003075.7	91.586	309	25	1	388	695	6140638	6140946	5.30e-118	425
NC_003076.8:14956050-14956767	NC_003075.7	90.159	315	17	11	1	304	6506268	6505957	1.16e-109	398
NC_003076.8:14956050-14956767	NC_003075.7	89.241	316	18	11	1	304	8837146	8836835	1.16e-104	381
NC_003076.8:14956050-14956767	NC_003075.7	85.802	324	19	15	1	301	9283768	9284087	9.26e-86	318
NC_003076.8:14956050-14956767	NC_003075.7	89.623	106	10	1	388	492	11696418	11696313	3.60e-30	134
NC_003076.8:14956050-14956767	NC_003075.7	89.855	69	6	1	388	455	2521637	2521569	2.84e-16	87.9
NC_003076.8:14956050-14956767	NC_003071.7	92.231	399	29	2	300	696	2297364	2297762	1.08e-159	564
NC_003076.8:14956050-14956767	NC_003071.7	90.754	411	28	10	300	704	2240977	2240571	1.82e-152	540
NC_003076.8:14956050-14956767	NC_003071.7	89.330	403	33	10	300	697	4472068	4472465	1.11e-139	497
NC_003076.8:14956050-14956767	NC_003071.7	87.147	389	27	10	300	665	6288583	6288195	2.47e-116	420
NC_003076.8:14956050-14956767	NC_003071.7	90.415	313	17	7	1	304	10256047	10255739	3.21e-110	399
NC_003076.8:14956050-14956767	NC_003071.7	85.750	400	29	7	300	695	3191552	3191177	1.16e-109	398
NC_003076.8:14956050-14956767	NC_003071.7	89.577	307	29	2	300	605	2961517	2961821	2.50e-106	387
NC_003076.8:14956050-14956767	NC_003071.7	87.307	323	17	14	1	301	2297112	2297432	1.18e-94	348
NC_003076.8:14956050-14956767	NC_003071.7	86.817	311	34	6	388	696	1076143	1075838	1.98e-92	340
NC_003076.8:14956050-14956767	NC_003071.7	83.198	369	37	6	300	667	8302691	8302347	1.20e-84	315
NC_003076.8:14956050-14956767	NC_003071.7	85.668	307	17	7	300	603	10255810	10255528	1.21e-79	298
NC_003076.8:14956050-14956767	NC_003071.7	84.161	322	26	16	1	301	3598087	3598404	7.26e-77	289
NC_003076.8:14956050-14956767	NC_003074.8	90.524	401	32	3	301	696	10049312	10048913	5.08e-148	525
NC_003076.8:14956050-14956767	NC_003074.8	88.917	397	39	3	300	695	22215718	22215326	8.63e-136	484
NC_003076.8:14956050-14956767	NC_003074.8	90.028	361	34	2	300	659	16266998	16266639	3.12e-130	466
NC_003076.8:14956050-14956767	NC_003074.8	89.644	309	27	4	388	694	15188675	15188980	6.96e-107	388
NC_003076.8:14956050-14956767	NC_003074.8	89.524	315	19	11	1	304	22215959	22215648	2.50e-106	387
NC_003076.8:14956050-14956767	NC_003074.8	92.830	265	17	2	300	562	14127649	14127913	3.24e-105	383
NC_003076.8:14956050-14956767	NC_003074.8	92.830	265	17	2	300	562	14143238	14143502	3.24e-105	383
NC_003076.8:14956050-14956767	NC_003074.8	88.710	310	29	5	388	696	10825459	10825763	1.95e-102	374
NC_003076.8:14956050-14956767	NC_003074.8	88.141	312	23	12	4	304	10049547	10049239	5.46e-98	359
NC_003076.8:14956050-14956767	NC_003074.8	84.839	310	25	12	1	304	16267221	16266928	5.61e-78	292
NC_003076.8:15341212-15342701	NC_003076.8	100.000	1490	0	0	1	1490	15342701	15341212	0.0	2752
NC_003076.8:15341212-15342701	NC_003076.8	95.352	1506	43	9	5	1489	13918791	13917292	0.0	2368
NC_003076.8:15341212-15342701	NC_003076.8	91.858	1437	79	16	6	1411	7711131	7712560	0.0	1971
NC_003076.8:15341212-15342701	NC_003076.8	90.314	1435	82	28	5	1411	354139	355544	0.0	1827
NC_003076.8:15341212-15342701	NC_003076.8	92.403	1211	59	13	228	1411	19670974	19672178	0.0	1696
NC_003076.8:15341212-15342701	NC_003076.8	92.857	1148	70	8	5	1145	8682978	8684120	0.0	1655
NC_003076.8:15341212-15342701	NC_003076.8	92.851	1133	67	9	2	1126	14761188	14760062	0.0	1631
NC_003076.8:15341212-15342701	NC_003076.8	92.874	856	35	7	578	1411	20398316	20399167	0.0	1219
NC_003076.8:15341212-15342701	NC_003076.8	94.140	785	35	7	4	782	5129836	5129057	0.0	1184
NC_003076.8:15341212-15342701	NC_003076.8	93.742	783	40	6	6	782	19931558	19930779	0.0	1166
NC_003076.8:15341212-15342701	NC_003076.8	91.690	722	52	8	137	853	8765940	8766658	0.0	994
NC_003076.8:15341212-15342701	NC_003076.8	92.017	714	47	9	147	853	17365265	17365975	0.0	994
NC_003076.8:15341212-15342701	NC_003076.8	91.771	717	51	7	146	856	20682172	20681458	0.0	990
NC_003076.8:15341212-15342701	NC_003076.8	92.407	698	43	8	164	852	19742359	19741663	0.0	987
NC_003076.8:15341212-15342701	NC_003076.8	91.966	697	44	8	164	856	14151036	14150348	0.0	966
NC_003076.8:15341212-15342701	NC_003076.8	90.621	725	56	10	137	853	11025553	11026273	0.0	952
NC_003076.8:15341212-15342701	NC_003076.8	91.243	708	45	8	164	856	5429804	5429099	0.0	948
NC_003076.8:15341212-15342701	NC_003076.8	90.833	720	43	15	143	856	4781997	4781295	0.0	942
NC_003076.8:15341212-15342701	NC_003076.8	90.806	707	52	10	151	851	24187668	24186969	0.0	933
NC_003076.8:15341212-15342701	NC_003076.8	90.556	720	42	10	143	856	17618448	17617749	0.0	929
NC_003076.8:15341212-15342701	NC_003076.8	90.403	719	44	9	143	856	20281748	20281050	0.0	922
NC_003076.8:15341212-15342701	NC_003076.8	89.889	722	46	9	137	850	18854196	18854898	0.0	904
NC_003076.8:15341212-15342701	NC_003076.8	89.669	726	49	10	137	856	4312764	4313469	0.0	902
NC_003076.8:15341212-15342701	NC_003076.8	89.958	717	47	9	143	853	15606365	15605668	0.0	902
NC_003076.8:15341212-15342701	NC_003076.8	89.452	730	49	12	137	860	9590641	9591348	0.0	896
NC_003076.8:15341212-15342701	NC_003076.8	89.708	719	49	9	143	856	9964780	9964082	0.0	894
NC_003076.8:15341212-15342701	NC_003076.8	89.583	720	49	10	143	856	8746463	8745764	0.0	891
NC_003076.8:15341212-15342701	NC_003076.8	89.430	719	50	11	143	856	14082599	14081902	0.0	883
NC_003076.8:15341212-15342701	NC_003076.8	88.487	747	54	25	137	861	9612812	9613548	0.0	874
NC_003076.8:15341212-15342701	NC_003076.8	89.261	717	52	9	137	847	17775959	17776656	0.0	874
NC_003076.8:15341212-15342701	NC_003076.8	88.982	717	54	9	137	847	16356705	16357402	0.0	863
NC_003076.8:15341212-15342701	NC_003076.8	91.503	612	45	6	137	744	21530320	21530928	0.0	835
NC_003076.8:15341212-15342701	NC_003076.8	88.194	720	57	12	143	856	1898409	1897712	0.0	833
NC_003076.8:15341212-15342701	NC_003076.8	88.193	703	54	11	164	856	9559239	9558556	0.0	811
NC_003076.8:15341212-15342701	NC_003076.8	89.005	573	42	6	855	1411	13982657	13983224	0.0	689
NC_003076.8:15341212-15342701	NC_003076.8	90.310	516	35	11	3	508	25264508	25265018	0.0	662
NC_003076.8:15341212-15342701	NC_003076.8	97.283	368	3	4	5	367	3020197	3019832	1.72e-175	617
NC_003076.8:15341212-15342701	NC_003076.8	98.046	307	6	0	537	843	3019829	3019523	1.79e-150	534
NC_003076.8:15341212-15342701	NC_003076.8	90.220	409	32	8	143	546	7154202	7153797	2.99e-148	527
NC_003076.8:15341212-15342701	NC_003076.8	92.171	281	14	4	1138	1411	8684143	8684422	4.09e-107	390
NC_003076.8:15341212-15342701	NC_003076.8	90.189	265	17	6	2	261	9965021	9964761	5.40e-91	337
NC_003076.8:15341212-15342701	NC_003076.8	90.038	261	17	6	6	261	9590410	9590666	9.04e-89	329
NC_003076.8:15341212-15342701	NC_003076.8	89.434	265	19	6	2	261	14151298	14151038	1.17e-87	326
NC_003076.8:15341212-15342701	NC_003076.8	89.354	263	20	6	3	261	15606604	15606346	4.21e-87	324
NC_003076.8:15341212-15342701	NC_003076.8	89.394	264	19	7	3	261	20281988	20281729	4.21e-87	324
NC_003076.8:15341212-15342701	NC_003076.8	89.655	261	18	6	6	261	21530089	21530345	4.21e-87	324
NC_003076.8:15341212-15342701	NC_003076.8	89.098	266	20	6	1	261	19742622	19742361	1.51e-86	322
NC_003076.8:15341212-15342701	NC_003076.8	89.313	262	18	6	6	261	8746701	8746444	5.44e-86	320
NC_003076.8:15341212-15342701	NC_003076.8	90.000	250	19	5	4	250	17796787	17796541	1.96e-85	318
NC_003076.8:15341212-15342701	NC_003076.8	88.931	262	20	6	5	261	7154440	7154183	2.53e-84	315
NC_003076.8:15341212-15342701	NC_003076.8	88.506	261	20	9	6	261	14082835	14082580	4.24e-82	307
NC_003076.8:15341212-15342701	NC_003076.8	87.739	261	23	6	6	261	17365025	17365281	9.17e-79	296
NC_003076.8:15341212-15342701	NC_003076.8	86.822	258	19	7	5	261	11025335	11025578	4.30e-72	274
NC_003076.8:15341212-15342701	NC_003076.8	85.145	276	21	13	1	261	9559511	9559241	2.59e-69	265
NC_003076.8:15341212-15342701	NC_003076.8	84.727	275	18	9	6	261	18853952	18854221	5.60e-66	254
NC_003076.8:15341212-15342701	NC_003076.8	91.758	182	8	5	7	184	19670802	19670980	9.37e-64	246
NC_003076.8:15341212-15342701	NC_003076.8	95.050	101	3	2	6	106	20398218	20398316	4.52e-37	158
NC_003076.8:15341212-15342701	NC_003076.8	97.143	70	2	0	1419	1488	19930280	19930211	2.13e-25	119
NC_003076.8:15341212-15342701	NC_003076.8	95.775	71	3	0	1419	1489	17957106	17957176	2.76e-24	115
NC_003076.8:15341212-15342701	NC_003076.8	95.714	70	3	0	1419	1488	5128561	5128492	9.91e-24	113
NC_003076.8:15341212-15342701	NC_003076.8	89.024	82	8	1	6	87	5978053	5977973	7.72e-20	100
NC_003076.8:15341212-15342701	NC_003076.8	86.813	91	8	4	5	95	15043429	15043343	2.78e-19	99.0
NC_003076.8:15341212-15342701	NC_003076.8	88.889	81	8	1	7	87	20280646	20280567	2.78e-19	99.0
NC_003076.8:15341212-15342701	NC_003076.8	87.356	87	8	3	2	87	9133949	9134033	9.98e-19	97.1
NC_003076.8:15341212-15342701	NC_003076.8	85.870	92	9	4	1	91	13982130	13982218	3.59e-18	95.3
NC_003076.8:15341212-15342701	NC_003076.8	86.207	87	11	1	1	87	9591742	9591827	1.29e-17	93.5
NC_003076.8:15341212-15342701	NC_003076.8	85.915	71	1	1	1419	1489	356144	356205	7.83e-10	67.6
NC_003076.8:15341212-15342701	NC_003070.9	95.412	1482	36	11	33	1488	17255	18730	0.0	2331
NC_003076.8:15341212-15342701	NC_003070.9	96.003	1451	28	14	29	1455	29320708	29319264	0.0	2331
NC_003076.8:15341212-15342701	NC_003070.9	94.691	1507	51	8	6	1488	6735864	6737365	0.0	2313
NC_003076.8:15341212-15342701	NC_003070.9	94.467	1482	46	13	33	1488	3074698	3073227	0.0	2250
NC_003076.8:15341212-15342701	NC_003070.9	91.847	1435	79	19	6	1411	1977166	1975741	0.0	1967
NC_003076.8:15341212-15342701	NC_003070.9	90.782	1432	75	30	5	1411	12855994	12854595	0.0	1860
NC_003076.8:15341212-15342701	NC_003070.9	90.217	1431	85	20	6	1411	8291571	8290171	0.0	1816
NC_003076.8:15341212-15342701	NC_003070.9	89.185	1461	88	30	9	1411	18747045	18745597	0.0	1759
NC_003076.8:15341212-15342701	NC_003070.9	96.432	1065	17	5	443	1488	23174143	23175205	0.0	1736
NC_003076.8:15341212-15342701	NC_003070.9	94.148	974	43	9	6	973	14299842	14298877	0.0	1471
NC_003076.8:15341212-15342701	NC_003070.9	94.712	832	34	7	6	831	17552998	17552171	0.0	1284
NC_003076.8:15341212-15342701	NC_003070.9	92.866	841	42	8	6	844	19173802	19172978	0.0	1205
NC_003076.8:15341212-15342701	NC_003070.9	92.849	839	44	7	5	841	19085098	19085922	0.0	1203
NC_003076.8:15341212-15342701	NC_003070.9	94.289	788	36	6	1	782	2235172	2234388	0.0	1197
NC_003076.8:15341212-15342701	NC_003070.9	91.783	718	51	8	143	856	19329029	19328316	0.0	992
NC_003076.8:15341212-15342701	NC_003070.9	92.407	698	47	6	164	856	26171222	26170526	0.0	990
NC_003076.8:15341212-15342701	NC_003070.9	91.164	713	54	9	147	853	7035431	7036140	0.0	959
NC_003076.8:15341212-15342701	NC_003070.9	90.947	718	58	7	143	856	30255286	30254572	0.0	959
NC_003076.8:15341212-15342701	NC_003070.9	91.117	698	53	7	164	856	9867166	9866473	0.0	937
NC_003076.8:15341212-15342701	NC_003070.9	90.603	713	57	8	147	853	17900103	17900811	0.0	937
NC_003076.8:15341212-15342701	NC_003070.9	90.556	720	42	10	143	856	30252870	30252171	0.0	929
NC_003076.8:15341212-15342701	NC_003070.9	90.264	719	46	8	143	856	12329817	12329118	0.0	918
NC_003076.8:15341212-15342701	NC_003070.9	90.125	719	47	8	143	856	22993824	22993125	0.0	913
NC_003076.8:15341212-15342701	NC_003070.9	90.805	696	40	12	137	827	11699927	11700603	0.0	909
NC_003076.8:15341212-15342701	NC_003070.9	89.655	725	58	16	137	853	16904010	16904725	0.0	907
NC_003076.8:15341212-15342701	NC_003070.9	89.765	723	47	15	137	853	8115001	8115702	0.0	900
NC_003076.8:15341212-15342701	NC_003070.9	89.765	723	47	11	137	853	13059054	13059755	0.0	900
NC_003076.8:15341212-15342701	NC_003070.9	89.621	713	55	15	137	833	16807218	16807927	0.0	889
NC_003076.8:15341212-15342701	NC_003070.9	89.335	722	53	8	137	853	9816441	9817143	0.0	885
NC_003076.8:15341212-15342701	NC_003070.9	89.212	723	53	9	137	853	19062195	19062898	0.0	880
NC_003076.8:15341212-15342701	NC_003070.9	89.985	689	46	12	170	853	19062922	19063592	0.0	869
NC_003076.8:15341212-15342701	NC_003070.9	91.980	611	43	6	137	744	12364366	12364973	0.0	852
NC_003076.8:15341212-15342701	NC_003070.9	88.414	725	50	15	137	847	22450161	22450865	0.0	843
NC_003076.8:15341212-15342701	NC_003070.9	91.326	611	43	7	137	744	16824749	16825352	0.0	826
NC_003076.8:15341212-15342701	NC_003070.9	91.405	605	47	5	143	744	12563845	12563243	0.0	824
NC_003076.8:15341212-15342701	NC_003070.9	91.191	613	44	9	137	744	23213897	23214504	0.0	824
NC_003076.8:15341212-15342701	NC_003070.9	88.824	689	50	11	143	825	19995497	19994830	0.0	821
NC_003076.8:15341212-15342701	NC_003070.9	91.133	609	42	10	143	744	19466712	19466109	0.0	815
NC_003076.8:15341212-15342701	NC_003070.9	88.551	690	51	12	143	825	11737155	11736487	0.0	811
NC_003076.8:15341212-15342701	NC_003070.9	87.727	717	52	12	143	853	501138	500452	0.0	804
NC_003076.8:15341212-15342701	NC_003070.9	90.554	614	47	9	137	744	16325675	16326283	0.0	802
NC_003076.8:15341212-15342701	NC_003070.9	88.431	631	55	14	137	751	16806373	16807001	0.0	745
NC_003076.8:15341212-15342701	NC_003070.9	88.474	616	47	8	243	853	13017571	13016975	0.0	723
NC_003076.8:15341212-15342701	NC_003070.9	88.945	597	43	7	137	730	4785678	4786254	0.0	715
NC_003076.8:15341212-15342701	NC_003070.9	90.676	547	26	7	888	1411	14298875	14298331	0.0	704
NC_003076.8:15341212-15342701	NC_003070.9	85.014	714	62	22	146	842	13261969	13261284	0.0	684
NC_003076.8:15341212-15342701	NC_003070.9	87.215	438	34	6	420	853	18791324	18791743	8.49e-134	479
NC_003076.8:15341212-15342701	NC_003070.9	95.219	251	7	2	6	252	3074944	3074695	1.14e-107	392
NC_003076.8:15341212-15342701	NC_003070.9	93.254	252	16	1	592	842	15939781	15940032	5.33e-101	370
NC_003076.8:15341212-15342701	NC_003070.9	91.440	257	13	4	1162	1411	19172983	19172729	3.23e-93	344
NC_003076.8:15341212-15342701	NC_003070.9	88.968	281	23	3	1138	1411	17552139	17551860	4.18e-92	340
NC_003076.8:15341212-15342701	NC_003070.9	93.162	234	12	4	143	374	22622069	22621838	4.18e-92	340
NC_003076.8:15341212-15342701	NC_003070.9	90.458	262	16	6	5	261	23213665	23213922	5.40e-91	337
NC_003076.8:15341212-15342701	NC_003070.9	90.421	261	16	6	6	261	19995734	19995478	1.94e-90	335
NC_003076.8:15341212-15342701	NC_003070.9	92.405	237	11	4	6	237	3910601	3910367	2.51e-89	331
NC_003076.8:15341212-15342701	NC_003070.9	90.038	261	18	6	5	261	12330054	12329798	2.51e-89	331
NC_003076.8:15341212-15342701	NC_003070.9	90.000	260	18	6	6	261	19061965	19062220	9.04e-89	329
NC_003076.8:15341212-15342701	NC_003070.9	89.474	266	18	7	2	261	11737397	11737136	3.25e-88	327
NC_003076.8:15341212-15342701	NC_003070.9	89.695	262	18	6	5	261	8114769	8115026	1.17e-87	326
NC_003076.8:15341212-15342701	NC_003070.9	89.434	265	19	6	2	261	12364131	12364391	1.17e-87	326
NC_003076.8:15341212-15342701	NC_003070.9	89.434	265	18	7	3	261	16824514	16824774	1.17e-87	326
NC_003076.8:15341212-15342701	NC_003070.9	89.695	262	18	6	5	261	26171481	26171224	1.17e-87	326
NC_003076.8:15341212-15342701	NC_003070.9	89.655	261	18	6	6	261	15939323	15939579	4.21e-87	324
NC_003076.8:15341212-15342701	NC_003070.9	89.615	260	19	6	5	260	25963258	25963003	4.21e-87	324
NC_003076.8:15341212-15342701	NC_003070.9	89.655	261	18	6	6	261	30253107	30252851	4.21e-87	324
NC_003076.8:15341212-15342701	NC_003070.9	89.354	263	19	6	4	261	9816208	9816466	1.51e-86	322
NC_003076.8:15341212-15342701	NC_003070.9	89.015	264	19	7	3	261	18790924	18791182	1.96e-85	318
NC_003076.8:15341212-15342701	NC_003070.9	89.272	261	19	6	6	261	19466949	19466693	1.96e-85	318
NC_003076.8:15341212-15342701	NC_003070.9	89.960	249	18	5	6	250	23554439	23554194	2.53e-84	315
NC_003076.8:15341212-15342701	NC_003070.9	88.462	260	22	6	6	261	22622305	22622050	4.24e-82	307
NC_003076.8:15341212-15342701	NC_003070.9	88.760	258	17	8	4	260	8490196	8489950	1.52e-81	305
NC_003076.8:15341212-15342701	NC_003070.9	88.506	261	19	8	6	261	11699698	11699952	1.52e-81	305
NC_003076.8:15341212-15342701	NC_003070.9	88.213	263	22	6	4	261	16325442	16325700	1.52e-81	305
NC_003076.8:15341212-15342701	NC_003070.9	87.692	260	24	6	6	261	12564081	12563826	9.17e-79	296
NC_003076.8:15341212-15342701	NC_003070.9	87.160	257	21	10	6	261	9867414	9867169	2.57e-74	281
NC_003076.8:15341212-15342701	NC_003070.9	86.770	257	19	8	6	261	4785461	4785703	1.55e-71	272
NC_003076.8:15341212-15342701	NC_003070.9	94.118	170	8	2	145	312	18791164	18791333	4.33e-67	257
NC_003076.8:15341212-15342701	NC_003070.9	85.057	261	17	11	2	261	16903796	16904035	9.37e-64	246
NC_003076.8:15341212-15342701	NC_003070.9	98.611	72	1	0	1419	1490	2233889	2233818	3.54e-28	128
NC_003076.8:15341212-15342701	NC_003070.9	98.571	70	1	0	1419	1488	8289573	8289504	4.58e-27	124
NC_003076.8:15341212-15342701	NC_003070.9	95.714	70	3	0	1419	1488	14296502	14296433	9.91e-24	113
NC_003076.8:15341212-15342701	NC_003070.9	95.714	70	3	0	1419	1488	17551257	17551188	9.91e-24	113
NC_003076.8:15341212-15342701	NC_003070.9	94.286	70	4	0	1419	1488	19172129	19172060	4.61e-22	108
NC_003076.8:15341212-15342701	NC_003070.9	87.356	87	9	2	2	87	18790098	18790183	2.78e-19	99.0
NC_003076.8:15341212-15342701	NC_003070.9	88.889	81	8	1	7	87	30251767	30251688	2.78e-19	99.0
NC_003076.8:15341212-15342701	NC_003070.9	87.952	83	9	1	5	87	16998956	16998875	9.98e-19	97.1
NC_003076.8:15341212-15342701	NC_003070.9	91.429	70	6	0	1419	1488	19736515	19736584	9.98e-19	97.1
NC_003076.8:15341212-15342701	NC_003070.9	87.952	83	7	3	6	87	12876928	12876848	3.59e-18	95.3
NC_003076.8:15341212-15342701	NC_003070.9	86.364	88	8	4	1	87	3413549	3413633	1.29e-17	93.5
NC_003076.8:15341212-15342701	NC_003070.9	87.654	81	8	2	7	87	12328714	12328636	1.29e-17	93.5
NC_003076.8:15341212-15342701	NC_003070.9	86.585	82	10	1	6	87	19724755	19724835	1.67e-16	89.8
NC_003076.8:15341212-15342701	NC_003070.9	88.571	70	8	0	1419	1488	13634482	13634413	2.16e-15	86.1
NC_003076.8:15341212-15342701	NC_003070.9	85.057	87	9	4	9	95	22621378	22621296	2.16e-15	86.1
NC_003076.8:15341212-15342701	NC_003070.9	100.000	39	0	0	1419	1457	18744998	18744960	1.68e-11	73.1
NC_003076.8:15341212-15342701	NC_003070.9	87.143	70	0	1	1419	1488	12853997	12853937	6.05e-11	71.3
NC_003076.8:15341212-15342701	NC_003070.9	91.667	48	4	0	1422	1469	1975139	1975092	7.83e-10	67.6
NC_003076.8:15341212-15342701	NC_003074.8	94.600	1500	39	13	9	1488	9559680	9558203	0.0	2283
NC_003076.8:15341212-15342701	NC_003074.8	94.955	1447	39	11	33	1468	1371151	1369728	0.0	2237
NC_003076.8:15341212-15342701	NC_003074.8	92.902	1437	62	23	5	1411	5622029	5623455	0.0	2052
NC_003076.8:15341212-15342701	NC_003074.8	92.549	1436	67	19	6	1411	20485140	20483715	0.0	2023
NC_003076.8:15341212-15342701	NC_003074.8	92.587	1376	58	14	67	1411	16879865	16881227	0.0	1936
NC_003076.8:15341212-15342701	NC_003074.8	95.996	974	27	8	33	1000	2630001	2629034	0.0	1572
NC_003076.8:15341212-15342701	NC_003074.8	89.148	857	68	17	6	842	3716342	3717193	0.0	1044
NC_003076.8:15341212-15342701	NC_003074.8	91.884	727	52	7	137	860	18746419	18747141	0.0	1009
NC_003076.8:15341212-15342701	NC_003074.8	91.540	721	52	9	143	856	10821209	10820491	0.0	985
NC_003076.8:15341212-15342701	NC_003074.8	90.305	722	52	12	137	842	9890237	9890956	0.0	929
NC_003076.8:15341212-15342701	NC_003074.8	90.503	716	45	11	147	857	17301039	17300342	0.0	924
NC_003076.8:15341212-15342701	NC_003074.8	89.718	710	49	12	143	842	16173056	16172361	0.0	885
NC_003076.8:15341212-15342701	NC_003074.8	89.335	722	52	17	137	853	15937517	15938218	0.0	883
NC_003076.8:15341212-15342701	NC_003074.8	89.121	717	53	9	143	853	17277578	17276881	0.0	869
NC_003076.8:15341212-15342701	NC_003074.8	92.066	605	43	5	143	744	17063006	17062404	0.0	846
NC_003076.8:15341212-15342701	NC_003074.8	88.905	694	51	10	137	825	11536065	11536737	0.0	832
NC_003076.8:15341212-15342701	NC_003074.8	88.761	694	52	10	137	825	20786630	20787302	0.0	826
NC_003076.8:15341212-15342701	NC_003074.8	88.663	688	52	10	143	825	5745685	5745019	0.0	815
NC_003076.8:15341212-15342701	NC_003074.8	93.956	546	13	9	960	1486	2629029	2628485	0.0	808
NC_003076.8:15341212-15342701	NC_003074.8	88.227	688	55	14	143	825	17144267	17143601	0.0	798
NC_003076.8:15341212-15342701	NC_003074.8	86.890	717	56	15	137	847	22118834	22119518	0.0	769
NC_003076.8:15341212-15342701	NC_003074.8	88.275	597	47	7	137	730	16451017	16451593	0.0	693
NC_003076.8:15341212-15342701	NC_003074.8	88.475	590	44	8	143	727	9386111	9385541	0.0	691
NC_003076.8:15341212-15342701	NC_003074.8	87.457	582	33	22	164	744	7996378	7995836	1.71e-180	634
NC_003076.8:15341212-15342701	NC_003074.8	93.488	430	20	6	6	430	10862401	10862827	6.16e-180	632
NC_003076.8:15341212-15342701	NC_003074.8	91.569	427	23	8	6	431	20487142	20486728	2.93e-163	577
NC_003076.8:15341212-15342701	NC_003074.8	88.589	482	24	10	952	1411	10862818	10863290	3.81e-157	556
NC_003076.8:15341212-15342701	NC_003074.8	87.992	483	30	11	952	1411	20486738	20486261	8.25e-154	545
NC_003076.8:15341212-15342701	NC_003074.8	91.260	389	29	5	446	831	10404825	10405211	1.07e-147	525
NC_003076.8:15341212-15342701	NC_003074.8	86.986	438	35	6	420	853	16562050	16562469	3.95e-132	473
NC_003076.8:15341212-15342701	NC_003074.8	94.097	288	11	4	6	289	17397300	17397015	6.70e-120	433
NC_003076.8:15341212-15342701	NC_003074.8	90.062	322	15	6	888	1193	9385219	9385539	1.89e-110	401
NC_003076.8:15341212-15342701	NC_003074.8	92.527	281	13	4	1138	1411	17396986	17396707	8.79e-109	396
NC_003076.8:15341212-15342701	NC_003074.8	89.850	266	18	6	1	261	7996641	7996380	6.99e-90	333
NC_003076.8:15341212-15342701	NC_003074.8	90.038	261	18	6	5	261	17277815	17277559	2.51e-89	331
NC_003076.8:15341212-15342701	NC_003074.8	90.038	261	17	6	6	261	15937286	15937542	9.04e-89	329
NC_003076.8:15341212-15342701	NC_003074.8	90.119	253	17	6	2	249	11200620	11200869	1.51e-86	322
NC_003076.8:15341212-15342701	NC_003074.8	89.272	261	20	5	5	261	17301279	17301023	5.44e-86	320
NC_003076.8:15341212-15342701	NC_003074.8	91.743	218	17	1	609	825	15452795	15452578	1.97e-80	302
NC_003076.8:15341212-15342701	NC_003074.8	87.879	264	22	7	3	261	16561651	16561909	1.97e-80	302
NC_003076.8:15341212-15342701	NC_003074.8	87.879	264	21	9	4	261	10821448	10821190	7.09e-80	300
NC_003076.8:15341212-15342701	NC_003074.8	87.786	262	16	7	2	261	17063234	17062987	1.19e-77	292
NC_003076.8:15341212-15342701	NC_003074.8	87.938	257	16	6	6	261	17144490	17144248	1.53e-76	289
NC_003076.8:15341212-15342701	NC_003074.8	96.045	177	6	1	610	786	9385008	9385183	5.52e-76	287
NC_003076.8:15341212-15342701	NC_003074.8	86.973	261	15	9	6	261	11535844	11536090	1.19e-72	276
NC_003076.8:15341212-15342701	NC_003074.8	85.985	264	19	10	3	261	22118609	22118859	7.19e-70	267
NC_003076.8:15341212-15342701	NC_003074.8	93.197	147	9	1	708	853	9385005	9384859	2.64e-54	215
NC_003076.8:15341212-15342701	NC_003074.8	94.783	115	3	3	4	117	16879749	16879861	1.25e-42	176
NC_003076.8:15341212-15342701	NC_003074.8	98.507	67	1	0	1422	1488	17396045	17395979	2.13e-25	119
NC_003076.8:15341212-15342701	NC_003074.8	97.143	70	2	0	1419	1488	20483115	20483046	2.13e-25	119
NC_003076.8:15341212-15342701	NC_003074.8	94.286	70	4	0	1419	1488	5624055	5624124	4.61e-22	108
NC_003076.8:15341212-15342701	NC_003074.8	94.286	70	4	0	1419	1488	10865980	10866049	4.61e-22	108
NC_003076.8:15341212-15342701	NC_003074.8	90.361	83	5	3	6	87	18018781	18018861	1.66e-21	106
NC_003076.8:15341212-15342701	NC_003074.8	95.385	65	3	0	1424	1488	8189184	8189248	5.97e-21	104
NC_003076.8:15341212-15342701	NC_003074.8	90.244	82	5	3	7	87	17299939	17299860	5.97e-21	104
NC_003076.8:15341212-15342701	NC_003074.8	89.157	83	8	1	5	87	18412153	18412234	2.15e-20	102
NC_003076.8:15341212-15342701	NC_003074.8	89.024	82	8	1	6	87	13327434	13327514	7.72e-20	100
NC_003076.8:15341212-15342701	NC_003074.8	86.813	91	9	3	1	91	16419140	16419227	2.78e-19	99.0
NC_003076.8:15341212-15342701	NC_003074.8	91.429	70	6	0	1419	1488	15293494	15293563	9.98e-19	97.1
NC_003076.8:15341212-15342701	NC_003074.8	92.424	66	4	1	5	70	10557347	10557283	1.29e-17	93.5
NC_003076.8:15341212-15342701	NC_003074.8	90.000	70	3	1	1419	1488	20485685	20485620	6.01e-16	87.9
NC_003076.8:15341212-15342701	NC_003074.8	94.000	50	1	1	1419	1468	16881826	16881873	4.68e-12	75.0
NC_003076.8:15341212-15342701	NC_003074.8	100.000	34	0	0	745	778	9385190	9385223	1.01e-08	63.9
NC_003076.8:15341212-15342701	NC_003071.7	93.108	1422	72	19	6	1411	1460925	1459514	0.0	2060
NC_003076.8:15341212-15342701	NC_003071.7	92.039	1432	70	15	5	1411	5467005	5465593	0.0	1973
NC_003076.8:15341212-15342701	NC_003071.7	93.821	971	19	9	537	1488	6383692	6382744	0.0	1423
NC_003076.8:15341212-15342701	NC_003071.7	93.750	928	42	10	6	926	12556203	12555285	0.0	1378
NC_003076.8:15341212-15342701	NC_003071.7	94.189	826	36	9	10	831	10469076	10468259	0.0	1249
NC_003076.8:15341212-15342701	NC_003071.7	94.381	783	35	6	6	782	19196757	19195978	0.0	1194
NC_003076.8:15341212-15342701	NC_003071.7	94.663	712	22	12	6	710	6099530	6100232	0.0	1090
NC_003076.8:15341212-15342701	NC_003071.7	92.958	710	38	7	710	1411	6101375	6102080	0.0	1024
NC_003076.8:15341212-15342701	NC_003071.7	92.244	722	47	9	137	853	13267146	13267863	0.0	1014
NC_003076.8:15341212-15342701	NC_003071.7	89.987	789	43	23	6	789	11399377	11398620	0.0	987
NC_003076.8:15341212-15342701	NC_003071.7	91.977	698	50	6	164	856	6925119	6924423	0.0	974
NC_003076.8:15341212-15342701	NC_003071.7	90.934	717	51	13	147	853	12801234	12801946	0.0	952
NC_003076.8:15341212-15342701	NC_003071.7	89.430	719	52	8	143	856	7154499	7153800	0.0	885
NC_003076.8:15341212-15342701	NC_003071.7	89.525	716	52	7	143	853	12094187	12093490	0.0	885
NC_003076.8:15341212-15342701	NC_003071.7	89.011	728	53	11	137	857	500216	500923	0.0	876
NC_003076.8:15341212-15342701	NC_003071.7	89.058	722	51	10	143	856	11286902	11286201	0.0	870
NC_003076.8:15341212-15342701	NC_003071.7	89.121	717	53	9	143	853	13337842	13337145	0.0	869
NC_003076.8:15341212-15342701	NC_003071.7	88.950	724	51	11	143	856	17254996	17254292	0.0	867
NC_003076.8:15341212-15342701	NC_003071.7	90.783	651	50	10	137	780	14334016	14334663	0.0	861
NC_003076.8:15341212-15342701	NC_003071.7	88.424	717	57	10	143	853	396418	395722	0.0	841
NC_003076.8:15341212-15342701	NC_003071.7	88.679	689	50	12	143	825	13908484	13907818	0.0	815
NC_003076.8:15341212-15342701	NC_003071.7	90.397	604	48	8	147	744	542548	543147	0.0	785
NC_003076.8:15341212-15342701	NC_003071.7	89.272	522	30	7	915	1411	12555223	12554703	2.21e-179	630
NC_003076.8:15341212-15342701	NC_003071.7	88.235	544	39	9	891	1411	11398603	11398062	2.86e-178	627
NC_003076.8:15341212-15342701	NC_003071.7	97.253	364	6	4	5	367	6384055	6383695	2.23e-174	614
NC_003076.8:15341212-15342701	NC_003071.7	93.634	377	13	6	18	388	5843961	5843590	4.93e-156	553
NC_003076.8:15341212-15342701	NC_003071.7	88.235	442	25	12	992	1411	5843583	5843147	5.04e-141	503
NC_003076.8:15341212-15342701	NC_003071.7	90.036	281	20	3	1138	1411	10468227	10467948	4.15e-97	357
NC_003076.8:15341212-15342701	NC_003071.7	89.513	267	18	7	1	261	6925383	6925121	9.04e-89	329
NC_003076.8:15341212-15342701	NC_003071.7	90.038	261	17	6	6	261	13908721	13908465	9.04e-89	329
NC_003076.8:15341212-15342701	NC_003071.7	90.000	260	17	7	6	261	13338077	13337823	3.25e-88	327
NC_003076.8:15341212-15342701	NC_003071.7	88.256	281	11	5	1138	1411	6084405	6084670	7.04e-85	316
NC_003076.8:15341212-15342701	NC_003071.7	88.931	262	19	7	6	261	12094425	12094168	2.53e-84	315
NC_003076.8:15341212-15342701	NC_003071.7	88.889	261	20	5	6	261	542308	542564	9.11e-84	313
NC_003076.8:15341212-15342701	NC_003071.7	88.593	263	21	6	4	261	7154738	7154480	3.28e-83	311
NC_003076.8:15341212-15342701	NC_003071.7	87.452	263	24	6	4	261	14333783	14334041	3.30e-78	294
NC_003076.8:15341212-15342701	NC_003071.7	86.853	251	25	5	5	250	13266914	13267161	4.30e-72	274
NC_003076.8:15341212-15342701	NC_003071.7	94.079	152	8	1	5	156	11287162	11287012	9.44e-59	230
NC_003076.8:15341212-15342701	NC_003071.7	100.000	72	0	0	1419	1490	5464992	5464921	7.61e-30	134
NC_003076.8:15341212-15342701	NC_003071.7	98.592	71	1	0	1419	1489	19195479	19195409	1.27e-27	126
NC_003076.8:15341212-15342701	NC_003071.7	98.571	70	1	0	1419	1488	1458916	1458847	4.58e-27	124
NC_003076.8:15341212-15342701	NC_003071.7	97.143	70	2	0	1419	1488	6102658	6102727	2.13e-25	119
NC_003076.8:15341212-15342701	NC_003071.7	89.535	86	7	2	2	87	7111780	7111863	4.61e-22	108
NC_003076.8:15341212-15342701	NC_003071.7	95.522	67	3	0	1422	1488	11397551	11397485	4.61e-22	108
NC_003076.8:15341212-15342701	NC_003071.7	92.958	71	5	0	1419	1489	10467346	10467276	5.97e-21	104
NC_003076.8:15341212-15342701	NC_003071.7	92.857	70	5	0	1419	1488	6085257	6085326	2.15e-20	102
NC_003076.8:15341212-15342701	NC_003071.7	87.778	90	8	3	5	94	7814692	7814606	2.15e-20	102
NC_003076.8:15341212-15342701	NC_003071.7	92.857	70	5	0	1419	1488	12554104	12554035	2.15e-20	102
NC_003076.8:15341212-15342701	NC_003071.7	89.024	82	8	1	6	87	980617	980537	7.72e-20	100
NC_003076.8:15341212-15342701	NC_003071.7	89.024	82	8	1	6	87	3213354	3213274	7.72e-20	100
NC_003076.8:15341212-15342701	NC_003071.7	86.813	91	6	6	6	95	2962805	2962720	9.98e-19	97.1
NC_003076.8:15341212-15342701	NC_003071.7	87.209	86	10	1	2	87	4024197	4024281	9.98e-19	97.1
NC_003076.8:15341212-15342701	NC_003071.7	87.209	86	8	3	6	91	3564382	3564464	3.59e-18	95.3
NC_003076.8:15341212-15342701	NC_003071.7	88.608	79	6	3	6	83	7169524	7169448	1.29e-17	93.5
NC_003076.8:15341212-15342701	NC_003071.7	87.879	66	7	1	22	87	7959807	7959871	1.30e-12	76.8
NC_003076.8:15341212-15342701	NC_003075.7	92.136	1437	79	14	3	1411	7060702	7059272	0.0	1997
NC_003076.8:15341212-15342701	NC_003075.7	91.585	1426	81	15	4	1411	314271	312867	0.0	1932
NC_003076.8:15341212-15342701	NC_003075.7	92.619	840	44	9	6	841	9438785	9439610	0.0	1192
NC_003076.8:15341212-15342701	NC_003075.7	92.264	711	46	9	148	853	8063851	8064557	0.0	1000
NC_003076.8:15341212-15342701	NC_003075.7	92.253	697	47	6	164	856	1001749	1001056	0.0	981
NC_003076.8:15341212-15342701	NC_003075.7	91.389	720	51	11	143	856	10397148	10396434	0.0	976
NC_003076.8:15341212-15342701	NC_003075.7	89.889	722	47	10	137	853	4146357	4147057	0.0	905
NC_003076.8:15341212-15342701	NC_003075.7	89.722	720	48	10	147	860	1349825	1350524	0.0	896
NC_003076.8:15341212-15342701	NC_003075.7	89.430	719	52	8	143	856	5541152	5540453	0.0	885
NC_003076.8:15341212-15342701	NC_003075.7	88.904	721	66	11	136	851	2621779	2621068	0.0	876
NC_003076.8:15341212-15342701	NC_003075.7	89.136	718	52	10	137	847	11361100	11361798	0.0	870
NC_003076.8:15341212-15342701	NC_003075.7	89.115	689	48	17	143	825	8730216	8729549	0.0	832
NC_003076.8:15341212-15342701	NC_003075.7	91.028	613	29	10	5	614	6279021	6279610	0.0	804
NC_003076.8:15341212-15342701	NC_003075.7	92.857	560	29	7	1	553	6178443	6178998	0.0	802
NC_003076.8:15341212-15342701	NC_003075.7	91.257	549	37	10	147	690	9763574	9763032	0.0	737
NC_003076.8:15341212-15342701	NC_003075.7	90.794	554	37	13	143	690	9842371	9841826	0.0	728
NC_003076.8:15341212-15342701	NC_003075.7	89.002	591	42	7	143	730	16864834	16864264	0.0	710
NC_003076.8:15341212-15342701	NC_003075.7	86.849	403	25	8	1033	1411	6280480	6280878	1.12e-117	425
NC_003076.8:15341212-15342701	NC_003075.7	93.151	292	12	5	3	289	5354111	5354399	1.45e-116	422
NC_003076.8:15341212-15342701	NC_003075.7	91.103	281	16	5	1138	1411	5354792	5355070	1.48e-101	372
NC_003076.8:15341212-15342701	NC_003075.7	89.209	278	28	2	540	816	3894020	3893744	8.98e-94	346
NC_003076.8:15341212-15342701	NC_003075.7	90.421	261	16	6	6	261	1002007	1001751	1.94e-90	335
NC_003076.8:15341212-15342701	NC_003075.7	90.038	261	18	6	5	261	11360869	11361125	2.51e-89	331
NC_003076.8:15341212-15342701	NC_003075.7	90.763	249	16	5	6	250	7853533	7853288	1.17e-87	326
NC_003076.8:15341212-15342701	NC_003075.7	89.695	262	18	6	5	261	8730454	8730197	1.17e-87	326
NC_003076.8:15341212-15342701	NC_003075.7	89.015	264	21	6	2	261	16865074	16864815	5.44e-86	320
NC_003076.8:15341212-15342701	NC_003075.7	89.015	264	20	6	3	261	9763817	9763558	1.96e-85	318
NC_003076.8:15341212-15342701	NC_003075.7	88.506	261	21	6	6	261	9842608	9842352	4.24e-82	307
NC_003076.8:15341212-15342701	NC_003075.7	88.123	261	22	6	6	261	5541389	5541133	1.97e-80	302
NC_003076.8:15341212-15342701	NC_003075.7	87.218	266	21	10	3	261	4146123	4146382	4.27e-77	291
NC_003076.8:15341212-15342701	NC_003075.7	82.394	284	24	16	278	549	3897173	3896904	4.39e-57	224
NC_003076.8:15341212-15342701	NC_003075.7	93.750	144	5	3	6	149	8063577	8063716	9.50e-54	213
NC_003076.8:15341212-15342701	NC_003075.7	90.260	154	13	2	691	842	5773070	5773223	7.40e-50	200
NC_003076.8:15341212-15342701	NC_003075.7	97.143	70	2	0	1419	1488	6179506	6179575	2.13e-25	119
NC_003076.8:15341212-15342701	NC_003075.7	97.143	70	2	0	1419	1488	7058672	7058603	2.13e-25	119
NC_003076.8:15341212-15342701	NC_003075.7	97.101	69	2	0	1422	1490	312268	312200	7.66e-25	117
NC_003076.8:15341212-15342701	NC_003075.7	90.698	86	5	3	3	87	2520881	2520964	3.57e-23	111
NC_003076.8:15341212-15342701	NC_003075.7	94.286	70	4	0	1419	1488	5355654	5355723	4.61e-22	108
NC_003076.8:15341212-15342701	NC_003075.7	94.366	71	3	1	1419	1488	6281478	6281548	4.61e-22	108
NC_003076.8:15341212-15342701	NC_003075.7	87.805	82	9	1	6	87	14390988	14390908	3.59e-18	95.3
NC_003076.8:15341212-15342701	NC_003075.7	86.585	82	10	1	6	87	372086	372006	1.67e-16	89.8
NC_003076.8:15341212-15342701	NC_003075.7	93.443	61	3	1	1138	1197	5354066	5354126	1.67e-16	89.8
NC_003076.8:15341212-15342701	NC_003075.7	93.443	61	3	1	1138	1197	5354428	5354488	1.67e-16	89.8
NC_003076.8:15341212-15342701	NC_003075.7	97.297	37	1	0	1419	1455	9440471	9440507	1.01e-08	63.9
NC_003076.8:15604669-15606620	NC_003076.8	100.000	1952	0	0	1	1952	15606620	15604669	0.0	3605
NC_003076.8:15604669-15606620	NC_003076.8	93.310	1405	69	12	71	1465	17618634	17617245	0.0	2050
NC_003076.8:15604669-15606620	NC_003076.8	96.577	1110	35	3	17	1125	9965020	9963913	0.0	1836
NC_003076.8:15604669-15606620	NC_003076.8	96.697	1090	33	3	37	1125	17775746	17776833	0.0	1810
NC_003076.8:15604669-15606620	NC_003076.8	95.789	1116	35	6	20	1125	8746701	8745588	0.0	1790
NC_003076.8:15604669-15606620	NC_003076.8	95.353	1119	38	7	17	1125	20281988	20280874	0.0	1766
NC_003076.8:15604669-15606620	NC_003076.8	95.393	1107	46	5	20	1125	14082835	14081733	0.0	1757
NC_003076.8:15604669-15606620	NC_003076.8	95.307	1108	46	5	20	1125	16356475	16357578	0.0	1753
NC_003076.8:15604669-15606620	NC_003076.8	95.072	1116	41	7	20	1125	9590410	9591521	0.0	1744
NC_003076.8:15604669-15606620	NC_003076.8	94.134	1108	58	7	20	1125	1898645	1897543	0.0	1679
NC_003076.8:15604669-15606620	NC_003076.8	93.822	1133	42	4	19	1125	8765708	8766838	0.0	1679
NC_003076.8:15604669-15606620	NC_003076.8	93.706	1128	51	14	16	1125	9559512	9558387	0.0	1672
NC_003076.8:15604669-15606620	NC_003076.8	93.298	1134	46	8	20	1125	17365025	17366156	0.0	1646
NC_003076.8:15604669-15606620	NC_003076.8	93.146	1138	44	5	13	1124	14151301	14150172	0.0	1639
NC_003076.8:15604669-15606620	NC_003076.8	92.920	1144	45	9	18	1125	5430065	5428922	0.0	1631
NC_003076.8:15604669-15606620	NC_003076.8	93.085	1128	47	15	16	1125	4782232	4781118	0.0	1622
NC_003076.8:15604669-15606620	NC_003076.8	92.788	1137	50	10	20	1125	19742617	19741482	0.0	1616
NC_003076.8:15604669-15606620	NC_003076.8	92.851	1133	49	7	19	1125	20682407	20681281	0.0	1615
NC_003076.8:15604669-15606620	NC_003076.8	92.143	1120	51	11	35	1125	24187899	24186788	0.0	1546
NC_003076.8:15604669-15606620	NC_003076.8	91.806	1135	49	7	19	1125	11025335	11026453	0.0	1541
NC_003076.8:15604669-15606620	NC_003076.8	95.087	977	36	6	159	1125	4312671	4313645	0.0	1528
NC_003076.8:15604669-15606620	NC_003076.8	94.753	953	30	6	20	954	18853952	18854902	0.0	1465
NC_003076.8:15604669-15606620	NC_003076.8	95.012	842	22	4	20	843	21530089	21530928	0.0	1304
NC_003076.8:15604669-15606620	NC_003076.8	95.750	800	31	3	1155	1952	16357746	16358544	0.0	1286
NC_003076.8:15604669-15606620	NC_003076.8	95.006	801	36	4	1155	1952	17777003	17777802	0.0	1254
NC_003076.8:15604669-15606620	NC_003076.8	94.257	801	41	4	1155	1952	9963745	9962947	0.0	1219
NC_003076.8:15604669-15606620	NC_003076.8	94.250	800	42	4	1155	1952	15042931	15042134	0.0	1219
NC_003076.8:15604669-15606620	NC_003076.8	94.007	801	43	5	1155	1952	1897374	1896576	0.0	1208
NC_003076.8:15604669-15606620	NC_003076.8	94.000	800	43	5	1155	1952	5428752	5427956	0.0	1206
NC_003076.8:15604669-15606620	NC_003076.8	94.000	800	42	6	1155	1952	8745420	8744625	0.0	1206
NC_003076.8:15604669-15606620	NC_003076.8	93.883	801	45	3	1155	1952	19741314	19740515	0.0	1205
NC_003076.8:15604669-15606620	NC_003076.8	93.432	807	46	7	1149	1952	4314064	4314866	0.0	1190
NC_003076.8:15604669-15606620	NC_003076.8	93.633	801	44	7	1155	1952	20681112	20680316	0.0	1190
NC_003076.8:15604669-15606620	NC_003076.8	93.524	803	47	5	1153	1952	24476091	24475291	0.0	1190
NC_003076.8:15604669-15606620	NC_003076.8	93.492	799	45	7	1155	1950	24186621	24185827	0.0	1181
NC_003076.8:15604669-15606620	NC_003076.8	93.250	800	48	5	1155	1952	11027101	11027896	0.0	1173
NC_003076.8:15604669-15606620	NC_003076.8	94.041	772	42	3	1155	1923	18855119	18855889	0.0	1168
NC_003076.8:15604669-15606620	NC_003076.8	93.000	800	53	3	1155	1952	17366325	17367123	0.0	1164
NC_003076.8:15604669-15606620	NC_003076.8	93.000	800	50	6	1155	1952	8767008	8767803	0.0	1162
NC_003076.8:15604669-15606620	NC_003076.8	92.506	814	44	8	1155	1952	22231764	22230952	0.0	1149
NC_003076.8:15604669-15606620	NC_003076.8	92.519	802	55	5	1155	1952	14081563	14080763	0.0	1144
NC_003076.8:15604669-15606620	NC_003076.8	93.394	772	46	4	1185	1952	4780980	4780210	0.0	1138
NC_003076.8:15604669-15606620	NC_003076.8	93.108	769	46	3	1155	1917	5977553	5976786	0.0	1120
NC_003076.8:15604669-15606620	NC_003076.8	87.942	962	71	24	12	942	9612583	9613530	0.0	1092
NC_003076.8:15604669-15606620	NC_003076.8	90.887	812	59	12	1155	1952	8354011	8353201	0.0	1075
NC_003076.8:15604669-15606620	NC_003076.8	95.231	671	27	5	16	683	7154444	7153776	0.0	1057
NC_003076.8:15604669-15606620	NC_003076.8	92.919	692	44	4	1155	1843	14150003	14149314	0.0	1002
NC_003076.8:15604669-15606620	NC_003076.8	91.632	717	38	5	254	953	8683118	8683829	0.0	972
NC_003076.8:15604669-15606620	NC_003076.8	91.480	716	42	4	254	953	7711270	7711982	0.0	966
NC_003076.8:15604669-15606620	NC_003076.8	89.237	799	47	15	1155	1952	21531148	21531908	0.0	963
NC_003076.8:15604669-15606620	NC_003076.8	90.629	715	45	6	254	951	14761045	14760336	0.0	929
NC_003076.8:15604669-15606620	NC_003076.8	94.755	591	27	4	1365	1952	7153773	7153184	0.0	917
NC_003076.8:15604669-15606620	NC_003076.8	89.958	717	47	9	256	953	15342559	15341849	0.0	902
NC_003076.8:15604669-15606620	NC_003076.8	89.291	719	53	8	254	953	13918658	13917945	0.0	880
NC_003076.8:15604669-15606620	NC_003076.8	92.679	601	40	4	1354	1952	25905017	25905615	0.0	863
NC_003076.8:15604669-15606620	NC_003076.8	89.014	710	44	12	265	953	354275	354971	0.0	848
NC_003076.8:15604669-15606620	NC_003076.8	89.752	644	46	4	254	880	19931420	19930780	0.0	806
NC_003076.8:15604669-15606620	NC_003076.8	89.752	644	45	5	254	880	5129697	5129058	0.0	804
NC_003076.8:15604669-15606620	NC_003076.8	90.190	632	36	9	341	953	19670974	19671598	0.0	800
NC_003076.8:15604669-15606620	NC_003076.8	92.245	490	36	2	1463	1952	15576667	15576180	0.0	693
NC_003076.8:15604669-15606620	NC_003076.8	92.261	491	33	5	1463	1952	21776273	21775787	0.0	691
NC_003076.8:15604669-15606620	NC_003076.8	89.068	558	34	14	1155	1709	10714919	10715452	0.0	667
NC_003076.8:15604669-15606620	NC_003076.8	96.269	402	12	3	1552	1952	17796537	17796138	0.0	656
NC_003076.8:15604669-15606620	NC_003076.8	92.099	443	26	5	1511	1952	9134290	9134724	8.16e-175	616
NC_003076.8:15604669-15606620	NC_003076.8	87.451	510	41	10	950	1451	9591894	9592388	8.33e-160	566
NC_003076.8:15604669-15606620	NC_003076.8	87.426	509	42	9	953	1453	20280497	20280003	8.33e-160	566
NC_003076.8:15604669-15606620	NC_003076.8	93.372	347	19	4	19	363	4312435	4312779	3.96e-143	510
NC_003076.8:15604669-15606620	NC_003076.8	90.080	373	25	10	1589	1952	25264968	25265337	5.19e-132	473
NC_003076.8:15604669-15606620	NC_003076.8	90.643	342	26	6	254	593	25264649	25264986	8.75e-125	449
NC_003076.8:15604669-15606620	NC_003076.8	97.647	255	5	1	18	272	17796787	17796534	6.82e-121	436
NC_003076.8:15604669-15606620	NC_003076.8	93.640	283	17	1	660	942	3019805	3019524	1.91e-116	422
NC_003076.8:15604669-15606620	NC_003076.8	93.863	277	16	1	677	953	20398316	20398591	8.88e-115	416
NC_003076.8:15604669-15606620	NC_003076.8	94.737	228	10	2	254	481	3020057	3019832	7.06e-96	353
NC_003076.8:15604669-15606620	NC_003076.8	90.421	261	20	5	19	275	3020197	3019938	1.98e-91	339
NC_003076.8:15604669-15606620	NC_003076.8	90.421	261	19	6	19	275	17955554	17955812	1.98e-91	339
NC_003076.8:15604669-15606620	NC_003076.8	89.850	266	22	5	14	275	25264505	25264769	7.11e-91	337
NC_003076.8:15604669-15606620	NC_003076.8	90.076	262	19	7	18	275	5129836	5129578	9.20e-90	333
NC_003076.8:15604669-15606620	NC_003076.8	89.259	270	23	6	10	275	19931568	19931301	9.20e-90	333
NC_003076.8:15604669-15606620	NC_003076.8	89.394	264	21	7	17	275	14761187	14760926	1.54e-87	326
NC_003076.8:15604669-15606620	NC_003076.8	89.354	263	20	6	17	275	15342699	15342441	5.54e-87	324
NC_003076.8:15604669-15606620	NC_003076.8	93.301	209	14	0	1155	1363	21776533	21776325	1.55e-82	309
NC_003076.8:15604669-15606620	NC_003076.8	87.739	261	20	9	19	275	13918791	13918539	4.34e-78	294
NC_003076.8:15604669-15606620	NC_003076.8	92.737	179	11	2	1775	1952	10715445	10715622	5.70e-67	257
NC_003076.8:15604669-15606620	NC_003076.8	91.534	189	10	5	21	206	19670802	19670987	2.05e-66	255
NC_003076.8:15604669-15606620	NC_003076.8	85.542	249	18	7	19	265	354139	354371	4.43e-63	244
NC_003076.8:15604669-15606620	NC_003076.8	90.608	181	9	5	953	1125	8354360	8354180	9.60e-60	233
NC_003076.8:15604669-15606620	NC_003076.8	90.608	181	9	1	953	1125	15043278	15043098	9.60e-60	233
NC_003076.8:15604669-15606620	NC_003076.8	90.608	181	9	1	953	1125	24476441	24476261	9.60e-60	233
NC_003076.8:15604669-15606620	NC_003076.8	91.228	171	7	1	963	1125	21776872	21776702	1.61e-57	226
NC_003076.8:15604669-15606620	NC_003076.8	90.751	173	7	2	961	1125	22232106	22231935	2.08e-56	222
NC_003076.8:15604669-15606620	NC_003076.8	88.587	184	13	1	950	1125	9134100	9134283	9.67e-55	217
NC_003076.8:15604669-15606620	NC_003076.8	88.889	180	10	3	954	1125	10714575	10714752	1.25e-53	213
NC_003076.8:15604669-15606620	NC_003076.8	95.041	121	6	0	1832	1952	14143814	14143694	5.86e-47	191
NC_003076.8:15604669-15606620	NC_003076.8	91.803	122	8	2	954	1075	25904885	25905004	2.75e-40	169
NC_003076.8:15604669-15606620	NC_003076.8	95.000	100	4	1	20	119	20398218	20398316	2.14e-36	156
NC_003076.8:15604669-15606620	NC_003076.8	87.121	132	12	5	1826	1952	22621309	22621178	4.63e-33	145
NC_003076.8:15604669-15606620	NC_003076.8	86.923	130	14	3	1826	1952	17043772	17043901	1.66e-32	143
NC_003076.8:15604669-15606620	NC_003076.8	85.271	129	16	3	1827	1952	9557787	9557659	1.30e-28	130
NC_003076.8:15604669-15606620	NC_003076.8	84.615	130	17	3	1826	1952	14810696	14810825	1.68e-27	126
NC_003076.8:15604669-15606620	NC_003076.8	84.615	130	16	4	1826	1952	26787234	26787106	1.68e-27	126
NC_003076.8:15604669-15606620	NC_003076.8	93.827	81	5	0	20	100	5978053	5977973	2.17e-26	122
NC_003076.8:15604669-15606620	NC_003076.8	93.750	80	5	0	21	100	20280646	20280567	7.80e-26	121
NC_003076.8:15604669-15606620	NC_003076.8	92.771	83	4	2	19	100	9133952	9134033	2.80e-25	119
NC_003076.8:15604669-15606620	NC_003076.8	84.375	128	13	6	1826	1952	10041933	10041812	2.80e-25	119
NC_003076.8:15604669-15606620	NC_003076.8	91.111	90	5	3	19	108	15043429	15043343	2.80e-25	119
NC_003076.8:15604669-15606620	NC_003076.8	92.500	80	6	0	21	100	9591748	9591827	3.63e-24	115
NC_003076.8:15604669-15606620	NC_003076.8	91.358	81	7	0	20	100	24476591	24476511	4.69e-23	111
NC_003076.8:15604669-15606620	NC_003076.8	92.308	78	4	2	6	83	10714412	10714487	1.69e-22	110
NC_003076.8:15604669-15606620	NC_003076.8	87.234	94	8	4	13	104	13982127	13982218	7.85e-21	104
NC_003076.8:15604669-15606620	NC_003076.8	85.714	84	11	1	1870	1952	15882683	15882766	7.91e-16	87.9
NC_003076.8:15604669-15606620	NC_003070.9	98.085	1671	31	1	283	1952	19062922	19064592	0.0	2907
NC_003076.8:15604669-15606620	NC_003070.9	95.621	1119	38	4	16	1125	30253111	30251995	0.0	1784
NC_003076.8:15604669-15606620	NC_003070.9	95.672	1109	43	5	19	1125	8114769	8115874	0.0	1777
NC_003076.8:15604669-15606620	NC_003070.9	95.438	1118	39	5	18	1125	9816208	9817323	0.0	1772
NC_003076.8:15604669-15606620	NC_003070.9	95.512	1114	40	4	20	1125	13058823	13059934	0.0	1772
NC_003076.8:15604669-15606620	NC_003070.9	95.516	1115	38	6	20	1125	22449931	22451042	0.0	1772
NC_003076.8:15604669-15606620	NC_003070.9	95.251	1116	41	5	19	1125	12330054	12328942	0.0	1757
NC_003076.8:15604669-15606620	NC_003070.9	95.483	1107	35	4	20	1125	501372	500280	0.0	1753
NC_003076.8:15604669-15606620	NC_003070.9	94.718	1117	45	7	19	1125	22994061	22992949	0.0	1724
NC_003076.8:15604669-15606620	NC_003070.9	94.856	1108	37	6	20	1125	19995734	19994645	0.0	1712
NC_003076.8:15604669-15606620	NC_003070.9	94.296	1122	43	7	8	1125	11737406	11736302	0.0	1698
NC_003076.8:15604669-15606620	NC_003070.9	98.436	959	15	0	20	978	19061965	19062923	0.0	1688
NC_003076.8:15604669-15606620	NC_003070.9	93.739	1134	43	8	19	1125	26171481	26170349	0.0	1676
NC_003076.8:15604669-15606620	NC_003070.9	92.634	1154	52	10	1	1125	7035171	7036320	0.0	1629
NC_003076.8:15604669-15606620	NC_003070.9	93.262	1128	40	14	24	1125	19329256	19328139	0.0	1629
NC_003076.8:15604669-15606620	NC_003070.9	92.763	1133	52	9	20	1125	17899863	17900992	0.0	1611
NC_003076.8:15604669-15606620	NC_003070.9	92.965	1123	43	9	17	1125	16903797	16904897	0.0	1604
NC_003076.8:15604669-15606620	NC_003070.9	92.404	1119	55	7	33	1125	30255510	30254396	0.0	1568
NC_003076.8:15604669-15606620	NC_003070.9	92.159	1135	45	14	20	1125	9867414	9866295	0.0	1563
NC_003076.8:15604669-15606620	NC_003070.9	96.616	916	25	4	13	927	11699693	11700603	0.0	1515
NC_003076.8:15604669-15606620	NC_003070.9	90.406	1011	74	10	950	1952	23876273	23877268	0.0	1308
NC_003076.8:15604669-15606620	NC_003070.9	94.451	847	25	7	15	843	12364131	12364973	0.0	1284
NC_003076.8:15604669-15606620	NC_003070.9	93.779	868	24	10	2	843	19466972	19466109	0.0	1277
NC_003076.8:15604669-15606620	NC_003070.9	94.333	847	22	8	16	843	16824513	16825352	0.0	1275
NC_003076.8:15604669-15606620	NC_003070.9	95.375	800	33	4	1155	1952	22451208	22452005	0.0	1269
NC_003076.8:15604669-15606620	NC_003070.9	94.090	846	23	9	19	843	23213665	23214504	0.0	1260
NC_003076.8:15604669-15606620	NC_003070.9	96.109	771	27	3	356	1125	13017571	13016803	0.0	1254
NC_003076.8:15604669-15606620	NC_003070.9	93.625	847	28	8	18	843	16325442	16326283	0.0	1242
NC_003076.8:15604669-15606620	NC_003070.9	93.254	845	38	8	16	843	12564085	12563243	0.0	1227
NC_003076.8:15604669-15606620	NC_003070.9	94.638	802	24	6	1153	1952	13016635	13015851	0.0	1225
NC_003076.8:15604669-15606620	NC_003070.9	94.074	810	32	4	20	829	4785461	4786254	0.0	1216
NC_003076.8:15604669-15606620	NC_003070.9	94.132	801	42	4	1155	1952	15940380	15941178	0.0	1214
NC_003076.8:15604669-15606620	NC_003070.9	94.007	801	44	3	1155	1952	4786456	4787255	0.0	1210
NC_003076.8:15604669-15606620	NC_003070.9	94.744	780	36	5	1155	1930	8116043	8116821	0.0	1208
NC_003076.8:15604669-15606620	NC_003070.9	93.883	801	42	5	1155	1952	11700931	11701727	0.0	1201
NC_003076.8:15604669-15606620	NC_003070.9	93.641	802	42	7	1155	1952	19994477	19993681	0.0	1190
NC_003076.8:15604669-15606620	NC_003070.9	93.432	807	44	8	1149	1952	13060096	13060896	0.0	1188
NC_003076.8:15604669-15606620	NC_003070.9	93.516	802	47	5	1154	1952	19768789	19767990	0.0	1188
NC_003076.8:15604669-15606620	NC_003070.9	93.609	798	45	4	1155	1952	3414049	3414840	0.0	1186
NC_003076.8:15604669-15606620	NC_003070.9	93.284	804	46	5	1155	1952	7036489	7037290	0.0	1179
NC_003076.8:15604669-15606620	NC_003070.9	93.000	800	54	2	1155	1952	16905065	16905864	0.0	1166
NC_003076.8:15604669-15606620	NC_003070.9	92.884	801	52	5	1155	1952	18792066	18792864	0.0	1158
NC_003076.8:15604669-15606620	NC_003070.9	92.643	802	41	5	1155	1952	12365205	12365992	0.0	1138
NC_003076.8:15604669-15606620	NC_003070.9	92.616	799	42	3	1155	1952	9817492	9818274	0.0	1133
NC_003076.8:15604669-15606620	NC_003070.9	92.365	799	49	7	1155	1952	28161535	28162322	0.0	1127
NC_003076.8:15604669-15606620	NC_003070.9	88.037	978	76	18	16	960	16806985	16807954	0.0	1120
NC_003076.8:15604669-15606620	NC_003070.9	92.250	800	46	4	1155	1952	16825585	16826370	0.0	1120
NC_003076.8:15604669-15606620	NC_003070.9	92.269	802	43	8	1155	1952	26170181	26169395	0.0	1120
NC_003076.8:15604669-15606620	NC_003070.9	92.040	804	44	6	1155	1952	16326514	16327303	0.0	1112
NC_003076.8:15604669-15606620	NC_003070.9	92.020	802	46	4	1155	1952	19465877	19465090	0.0	1110
NC_003076.8:15604669-15606620	NC_003070.9	91.771	802	47	5	1155	1952	23214733	23215519	0.0	1098
NC_003076.8:15604669-15606620	NC_003070.9	91.760	801	47	6	1154	1952	12563012	12562229	0.0	1096
NC_003076.8:15604669-15606620	NC_003070.9	92.487	772	48	9	1184	1952	19328001	19327237	0.0	1096
NC_003076.8:15604669-15606620	NC_003070.9	90.738	799	54	11	1155	1950	9866127	9865346	0.0	1048
NC_003076.8:15604669-15606620	NC_003070.9	90.637	801	54	12	1155	1952	17901160	17901942	0.0	1044
NC_003076.8:15604669-15606620	NC_003070.9	91.074	717	44	4	254	953	1977027	1976314	0.0	952
NC_003076.8:15604669-15606620	NC_003070.9	85.061	984	80	38	9	960	13262214	13261266	0.0	941
NC_003076.8:15604669-15606620	NC_003070.9	90.808	718	41	9	254	953	14299705	14298995	0.0	937
NC_003076.8:15604669-15606620	NC_003070.9	91.523	696	35	8	254	931	17552860	17552171	0.0	937
NC_003076.8:15604669-15606620	NC_003070.9	87.161	849	67	20	16	833	16806146	16806983	0.0	926
NC_003076.8:15604669-15606620	NC_003070.9	90.516	717	45	7	254	953	29320592	29319882	0.0	926
NC_003076.8:15604669-15606620	NC_003070.9	94.807	597	21	6	1357	1952	499960	499373	0.0	922
NC_003076.8:15604669-15606620	NC_003070.9	90.098	717	49	6	254	953	6736003	6736714	0.0	911
NC_003076.8:15604669-15606620	NC_003070.9	89.986	719	45	11	254	953	17368	18078	0.0	904
NC_003076.8:15604669-15606620	NC_003070.9	90.490	694	44	12	265	941	19085234	19085922	0.0	896
NC_003076.8:15604669-15606620	NC_003070.9	91.783	645	40	7	1318	1952	14309405	14308764	0.0	885
NC_003076.8:15604669-15606620	NC_003070.9	94.310	580	29	4	1155	1731	30254229	30253651	0.0	885
NC_003076.8:15604669-15606620	NC_003070.9	90.058	694	45	11	265	941	19173667	19172981	0.0	878
NC_003076.8:15604669-15606620	NC_003070.9	89.136	718	54	8	254	953	3074585	3073874	0.0	872
NC_003076.8:15604669-15606620	NC_003070.9	89.660	706	43	12	265	953	12855858	12855166	0.0	872
NC_003076.8:15604669-15606620	NC_003070.9	89.489	704	52	6	265	951	8291436	8290738	0.0	870
NC_003076.8:15604669-15606620	NC_003070.9	95.556	540	21	3	1415	1952	8489952	8489414	0.0	861
NC_003076.8:15604669-15606620	NC_003070.9	93.423	593	18	10	534	1125	18791324	18791896	0.0	859
NC_003076.8:15604669-15606620	NC_003070.9	90.217	644	43	4	254	880	2235029	2234389	0.0	822
NC_003076.8:15604669-15606620	NC_003070.9	93.911	542	28	4	1415	1952	25963005	25962465	0.0	813
NC_003076.8:15604669-15606620	NC_003070.9	96.320	462	15	2	20	480	15939323	15939783	0.0	758
NC_003076.8:15604669-15606620	NC_003070.9	95.106	470	20	3	20	488	22622305	22621838	0.0	737
NC_003076.8:15604669-15606620	NC_003070.9	96.782	435	14	0	691	1125	15939781	15940215	0.0	726
NC_003076.8:15604669-15606620	NC_003070.9	91.619	525	28	6	1430	1952	18790338	18790848	0.0	712
NC_003076.8:15604669-15606620	NC_003070.9	90.253	554	34	11	1155	1691	11736134	11735584	0.0	706
NC_003076.8:15604669-15606620	NC_003070.9	95.694	418	14	4	13	428	18790919	18791334	0.0	669
NC_003076.8:15604669-15606620	NC_003070.9	95.522	402	15	3	1552	1952	23554190	23553791	0.0	640
NC_003076.8:15604669-15606620	NC_003070.9	93.780	418	24	2	1155	1570	16998046	16997629	3.77e-178	627
NC_003076.8:15604669-15606620	NC_003070.9	93.079	419	26	2	1155	1570	12876432	12876014	3.79e-173	610
NC_003076.8:15604669-15606620	NC_003070.9	88.145	523	38	11	953	1465	22992572	22992064	2.28e-170	601
NC_003076.8:15604669-15606620	NC_003070.9	92.910	409	26	3	254	662	18746910	18746505	1.37e-167	592
NC_003076.8:15604669-15606620	NC_003070.9	87.426	509	42	9	953	1453	12328566	12328072	8.33e-160	566
NC_003076.8:15604669-15606620	NC_003070.9	86.807	523	45	11	953	1465	30251618	30251110	1.08e-158	562
NC_003076.8:15604669-15606620	NC_003070.9	87.008	508	43	10	953	1451	22621231	22620738	2.33e-155	551
NC_003076.8:15604669-15606620	NC_003070.9	88.969	417	26	4	554	953	23174140	23174553	3.08e-139	497
NC_003076.8:15604669-15606620	NC_003070.9	93.836	292	17	1	660	951	18746460	18746170	1.89e-121	438
NC_003076.8:15604669-15606620	NC_003070.9	97.628	253	6	0	20	272	23554439	23554187	2.45e-120	435
NC_003076.8:15604669-15606620	NC_003070.9	97.266	256	7	0	19	274	25963258	25963003	2.45e-120	435
NC_003076.8:15604669-15606620	NC_003070.9	95.935	246	7	3	16	260	3910605	3910362	1.16e-108	396
NC_003076.8:15604669-15606620	NC_003070.9	93.774	257	6	2	18	274	8490196	8489950	4.19e-103	377
NC_003076.8:15604669-15606620	NC_003070.9	91.288	264	17	6	16	275	17553002	17552741	1.96e-96	355
NC_003076.8:15604669-15606620	NC_003070.9	91.011	267	17	7	14	275	2235174	2234910	7.06e-96	353
NC_003076.8:15604669-15606620	NC_003070.9	90.734	259	16	8	20	275	14299842	14299589	1.98e-91	339
NC_003076.8:15604669-15606620	NC_003070.9	90.272	257	19	6	23	275	18747045	18746791	3.31e-89	331
NC_003076.8:15604669-15606620	NC_003070.9	90.361	249	20	4	20	265	17009	17256	5.54e-87	324
NC_003076.8:15604669-15606620	NC_003070.9	91.453	234	12	1	898	1123	22621842	22621609	3.33e-84	315
NC_003076.8:15604669-15606620	NC_003070.9	89.157	249	23	4	20	265	3074944	3074697	5.58e-82	307
NC_003076.8:15604669-15606620	NC_003070.9	89.316	234	19	6	47	275	17255	17487	2.02e-76	289
NC_003076.8:15604669-15606620	NC_003070.9	88.186	237	23	5	43	275	29320708	29320473	4.37e-73	278
NC_003076.8:15604669-15606620	NC_003070.9	86.923	260	16	6	19	275	19085098	19085342	1.57e-72	276
NC_003076.8:15604669-15606620	NC_003070.9	86.100	259	16	8	20	275	19173802	19173561	4.40e-68	261
NC_003076.8:15604669-15606620	NC_003070.9	94.083	169	10	0	957	1125	11700592	11700760	5.70e-67	257
NC_003076.8:15604669-15606620	NC_003070.9	85.328	259	19	9	19	275	12855994	12855753	9.53e-65	250
NC_003076.8:15604669-15606620	NC_003070.9	84.170	259	23	9	20	275	8291571	8291328	2.67e-60	235
NC_003076.8:15604669-15606620	NC_003070.9	89.730	185	11	1	949	1125	16998397	16998213	1.24e-58	230
NC_003076.8:15604669-15606620	NC_003070.9	91.228	171	7	1	963	1125	3413713	3413883	1.61e-57	226
NC_003076.8:15604669-15606620	NC_003070.9	84.255	235	27	6	1721	1952	22992159	22991932	7.47e-56	220
NC_003076.8:15604669-15606620	NC_003070.9	83.682	239	29	8	1717	1952	30251209	30250978	9.67e-55	217
NC_003076.8:15604669-15606620	NC_003070.9	88.333	180	10	4	954	1125	28161189	28161365	2.09e-51	206
NC_003076.8:15604669-15606620	NC_003070.9	82.979	235	29	7	1721	1952	12328153	12327927	2.71e-50	202
NC_003076.8:15604669-15606620	NC_003070.9	82.553	235	31	6	1721	1952	22620817	22620590	3.50e-49	198
NC_003076.8:15604669-15606620	NC_003070.9	85.156	128	17	2	1827	1952	4770242	4770115	1.30e-28	130
NC_003076.8:15604669-15606620	NC_003070.9	84.733	131	16	4	1826	1952	21739206	21739076	4.66e-28	128
NC_003076.8:15604669-15606620	NC_003070.9	84.615	130	16	4	1826	1952	10021542	10021414	1.68e-27	126
NC_003076.8:15604669-15606620	NC_003070.9	93.750	80	5	0	21	100	30251767	30251688	7.80e-26	121
NC_003076.8:15604669-15606620	NC_003070.9	92.683	82	6	0	19	100	18790102	18790183	2.80e-25	119
NC_003076.8:15604669-15606620	NC_003070.9	92.683	82	4	2	20	100	12876928	12876848	1.01e-24	117
NC_003076.8:15604669-15606620	NC_003070.9	82.946	129	20	1	1826	1952	9918581	9918453	3.63e-24	115
NC_003076.8:15604669-15606620	NC_003070.9	89.888	89	9	0	12	100	16998963	16998875	3.63e-24	115
NC_003076.8:15604669-15606620	NC_003070.9	92.500	80	6	0	21	100	22992721	22992642	3.63e-24	115
NC_003076.8:15604669-15606620	NC_003070.9	90.805	87	5	3	16	100	3413548	3413633	1.30e-23	113
NC_003076.8:15604669-15606620	NC_003070.9	92.500	80	5	1	21	100	12328714	12328636	1.30e-23	113
NC_003076.8:15604669-15606620	NC_003070.9	82.812	128	15	6	1826	1952	16858753	16858632	6.07e-22	108
NC_003076.8:15604669-15606620	NC_003070.9	89.535	86	6	3	23	108	22621378	22621296	2.18e-21	106
NC_003076.8:15604669-15606620	NC_003070.9	82.540	126	15	6	1826	1950	26307384	26307503	7.85e-21	104
NC_003076.8:15604669-15606620	NC_003070.9	88.095	84	9	1	950	1033	18790247	18790329	3.65e-19	99.0
NC_003076.8:15604669-15606620	NC_003070.9	87.805	82	8	2	20	100	19724755	19724835	4.73e-18	95.3
NC_003076.8:15604669-15606620	NC_003070.9	80.153	131	20	6	1826	1952	20166799	20166671	1.70e-17	93.5
NC_003076.8:15604669-15606620	NC_003070.9	84.906	53	8	0	1900	1952	21103407	21103355	8.02e-06	54.7
NC_003076.8:15604669-15606620	NC_003075.7	96.754	1109	34	2	19	1125	11360869	11361977	0.0	1847
NC_003076.8:15604669-15606620	NC_003075.7	95.762	1109	42	5	20	1125	5541389	5540283	0.0	1783
NC_003076.8:15604669-15606620	NC_003075.7	95.532	1119	39	6	8	1125	4146115	4147223	0.0	1779
NC_003076.8:15604669-15606620	NC_003075.7	95.397	1108	47	4	20	1125	1349585	1350690	0.0	1760
NC_003076.8:15604669-15606620	NC_003075.7	94.955	1110	34	8	19	1125	8730454	8729364	0.0	1720
NC_003076.8:15604669-15606620	NC_003075.7	93.551	1132	43	6	20	1125	1002007	1000880	0.0	1659
NC_003076.8:15604669-15606620	NC_003075.7	93.298	1134	45	6	19	1125	10397386	10396257	0.0	1644
NC_003076.8:15604669-15606620	NC_003075.7	93.690	1046	31	11	108	1125	8063697	8064735	0.0	1533
NC_003076.8:15604669-15606620	NC_003075.7	90.434	1014	71	13	950	1952	683360	684358	0.0	1312
NC_003076.8:15604669-15606620	NC_003075.7	95.880	801	29	4	1155	1952	11362146	11362945	0.0	1293
NC_003076.8:15604669-15606620	NC_003075.7	95.561	811	31	5	20	829	16865070	16864264	0.0	1293
NC_003076.8:15604669-15606620	NC_003075.7	94.750	800	38	4	1155	1952	1350859	1351656	0.0	1242
NC_003076.8:15604669-15606620	NC_003075.7	94.257	801	42	3	1155	1952	8064905	8065704	0.0	1221
NC_003076.8:15604669-15606620	NC_003075.7	94.250	800	42	4	1155	1952	11193072	11192275	0.0	1219
NC_003076.8:15604669-15606620	NC_003075.7	93.883	801	45	3	1155	1952	16864062	16863263	0.0	1205
NC_003076.8:15604669-15606620	NC_003075.7	93.657	804	44	5	1153	1952	5540117	5539317	0.0	1195
NC_003076.8:15604669-15606620	NC_003075.7	93.625	800	45	6	1155	1952	8729196	8728401	0.0	1190
NC_003076.8:15604669-15606620	NC_003075.7	93.523	772	45	4	1185	1952	10396119	10395349	0.0	1144
NC_003076.8:15604669-15606620	NC_003075.7	92.616	799	48	5	1155	1950	1000712	999922	0.0	1138
NC_003076.8:15604669-15606620	NC_003075.7	93.047	791	34	9	16	789	9763818	9763032	0.0	1136
NC_003076.8:15604669-15606620	NC_003075.7	92.893	788	33	10	20	789	9842608	9841826	0.0	1123
NC_003076.8:15604669-15606620	NC_003075.7	92.010	801	59	5	1155	1952	371586	370788	0.0	1120
NC_003076.8:15604669-15606620	NC_003075.7	92.030	803	46	8	1155	1952	4147393	4148182	0.0	1112
NC_003076.8:15604669-15606620	NC_003075.7	87.979	965	82	17	20	964	2622006	2621056	0.0	1109
NC_003076.8:15604669-15606620	NC_003075.7	91.635	801	63	4	1155	1952	6165965	6165166	0.0	1105
NC_003076.8:15604669-15606620	NC_003075.7	91.074	717	41	9	254	953	314144	313434	0.0	948
NC_003076.8:15604669-15606620	NC_003075.7	90.821	719	39	9	254	953	7060559	7059849	0.0	937
NC_003076.8:15604669-15606620	NC_003075.7	93.770	610	38	0	1152	1761	965015	964406	0.0	917
NC_003076.8:15604669-15606620	NC_003075.7	90.216	695	46	10	265	941	9438920	9439610	0.0	887
NC_003076.8:15604669-15606620	NC_003075.7	91.917	532	31	9	1424	1952	14390784	14390262	0.0	734
NC_003076.8:15604669-15606620	NC_003075.7	91.587	416	27	8	250	662	6279131	6279541	2.32e-160	568
NC_003076.8:15604669-15606620	NC_003075.7	93.316	374	13	5	1552	1924	7853284	7852922	1.40e-152	542
NC_003076.8:15604669-15606620	NC_003075.7	91.247	377	25	8	20	392	3898130	3897758	5.12e-142	507
NC_003076.8:15604669-15606620	NC_003075.7	98.419	253	4	0	20	272	7853533	7853281	1.13e-123	446
NC_003076.8:15604669-15606620	NC_003075.7	89.883	257	25	1	660	916	3893999	3893744	1.19e-88	329
NC_003076.8:15604669-15606620	NC_003075.7	90.234	256	19	5	13	265	5354107	5354359	1.19e-88	329
NC_003076.8:15604669-15606620	NC_003075.7	89.179	268	23	6	13	275	5354469	5354735	1.19e-88	329
NC_003076.8:15604669-15606620	NC_003075.7	89.139	267	21	8	13	275	6178442	6178704	1.54e-87	326
NC_003076.8:15604669-15606620	NC_003075.7	88.679	265	19	10	16	275	7060703	7060445	1.20e-83	313
NC_003076.8:15604669-15606620	NC_003075.7	76.190	672	108	31	1271	1931	7572217	7572847	5.58e-82	307
NC_003076.8:15604669-15606620	NC_003075.7	78.218	505	76	26	1370	1863	7593705	7593224	1.56e-77	292
NC_003076.8:15604669-15606620	NC_003075.7	85.824	261	19	6	18	275	314271	314026	4.40e-68	261
NC_003076.8:15604669-15606620	NC_003075.7	85.259	251	19	6	20	270	9438785	9439017	1.59e-62	243
NC_003076.8:15604669-15606620	NC_003075.7	83.274	281	23	10	392	662	3897173	3896907	7.42e-61	237
NC_003076.8:15604669-15606620	NC_003075.7	91.329	173	7	1	961	1125	6166306	6166134	1.24e-58	230
NC_003076.8:15604669-15606620	NC_003075.7	84.170	259	16	7	19	275	6279021	6279256	4.47e-58	228
NC_003076.8:15604669-15606620	NC_003075.7	95.804	143	3	2	20	162	8063577	8063716	4.47e-58	228
NC_003076.8:15604669-15606620	NC_003075.7	90.055	181	10	1	953	1125	11193420	11193240	4.47e-58	228
NC_003076.8:15604669-15606620	NC_003075.7	89.560	182	8	4	953	1125	965649	965470	7.47e-56	220
NC_003076.8:15604669-15606620	NC_003075.7	89.595	173	10	2	961	1125	371928	371756	1.25e-53	213
NC_003076.8:15604669-15606620	NC_003075.7	93.443	122	6	2	954	1075	8802279	8802398	1.27e-43	180
NC_003076.8:15604669-15606620	NC_003075.7	74.249	466	89	20	1461	1919	2262877	2262436	9.87e-40	167
NC_003076.8:15604669-15606620	NC_003075.7	78.148	270	51	8	1686	1952	12335566	12335830	3.55e-39	165
NC_003076.8:15604669-15606620	NC_003075.7	93.617	94	6	0	711	804	6280372	6280465	5.98e-32	141
NC_003076.8:15604669-15606620	NC_003075.7	94.118	85	3	2	17	100	2520881	2520964	4.66e-28	128
NC_003076.8:15604669-15606620	NC_003075.7	84.615	130	17	2	1826	1952	15441780	15441651	1.68e-27	126
NC_003076.8:15604669-15606620	NC_003075.7	92.683	82	6	0	19	100	683212	683293	2.80e-25	119
NC_003076.8:15604669-15606620	NC_003075.7	88.421	95	9	1	1354	1446	8802411	8802505	1.30e-23	113
NC_003076.8:15604669-15606620	NC_003075.7	91.358	81	7	0	20	100	372086	372006	4.69e-23	111
NC_003076.8:15604669-15606620	NC_003075.7	92.308	78	6	0	23	100	11193567	11193490	4.69e-23	111
NC_003076.8:15604669-15606620	NC_003075.7	90.123	81	8	0	20	100	14390988	14390908	2.18e-21	106
NC_003076.8:15604669-15606620	NC_003075.7	74.593	307	44	27	272	556	9566265	9565971	7.85e-21	104
NC_003076.8:15604669-15606620	NC_003075.7	82.031	128	16	6	1826	1952	963984	963863	2.82e-20	102
NC_003076.8:15604669-15606620	NC_003075.7	87.654	81	10	0	20	100	6166464	6166384	4.73e-18	95.3
NC_003076.8:15604669-15606620	NC_003075.7	97.619	42	1	0	961	1002	14390831	14390790	2.21e-11	73.1
NC_003076.8:15604669-15606620	NC_003075.7	91.667	48	3	1	1906	1952	3359187	3359234	3.70e-09	65.8
NC_003076.8:15604669-15606620	NC_003074.8	96.390	1108	38	2	19	1125	17277815	17276709	0.0	1823
NC_003076.8:15604669-15606620	NC_003074.8	95.341	1116	40	5	19	1125	17301279	17300167	0.0	1762
NC_003076.8:15604669-15606620	NC_003074.8	94.808	1117	43	7	20	1125	15937286	15938398	0.0	1727
NC_003076.8:15604669-15606620	NC_003074.8	94.409	1109	43	6	18	1125	20786397	20787487	0.0	1687
NC_003076.8:15604669-15606620	NC_003074.8	94.219	1107	35	7	20	1125	11535844	11536922	0.0	1663
NC_003076.8:15604669-15606620	NC_003074.8	93.404	1137	44	7	18	1125	10821448	10820314	0.0	1655
NC_003076.8:15604669-15606620	NC_003074.8	93.773	1108	49	7	20	1125	5745923	5744834	0.0	1646
NC_003076.8:15604669-15606620	NC_003074.8	93.435	1112	47	9	16	1125	22118608	22119695	0.0	1626
NC_003076.8:15604669-15606620	NC_003074.8	92.639	1114	42	12	13	1125	17144498	17143424	0.0	1567
NC_003076.8:15604669-15606620	NC_003074.8	90.828	1014	68	13	950	1952	18412300	18413299	0.0	1334
NC_003076.8:15604669-15606620	NC_003074.8	90.748	1016	67	15	950	1952	13327581	13328582	0.0	1330
NC_003076.8:15604669-15606620	NC_003074.8	90.650	1016	67	14	950	1952	18018927	18019927	0.0	1325
NC_003076.8:15604669-15606620	NC_003074.8	95.636	825	33	3	3	826	9386363	9385541	0.0	1321
NC_003076.8:15604669-15606620	NC_003074.8	89.862	1016	74	15	950	1952	3965148	3966147	0.0	1279
NC_003076.8:15604669-15606620	NC_003074.8	95.068	811	36	4	20	829	16450786	16451593	0.0	1273
NC_003076.8:15604669-15606620	NC_003074.8	95.375	800	33	4	1155	1952	17276540	17275743	0.0	1269
NC_003076.8:15604669-15606620	NC_003074.8	94.250	800	37	6	1155	1952	22119865	22120657	0.0	1214
NC_003076.8:15604669-15606620	NC_003074.8	92.899	845	27	8	17	843	17063233	17062404	0.0	1197
NC_003076.8:15604669-15606620	NC_003074.8	93.508	801	46	6	1155	1952	15452252	15451455	0.0	1186
NC_003076.8:15604669-15606620	NC_003074.8	92.857	798	52	4	1155	1952	9767149	9766357	0.0	1153
NC_003076.8:15604669-15606620	NC_003074.8	92.638	815	38	13	1155	1952	17143256	17142447	0.0	1153
NC_003076.8:15604669-15606620	NC_003074.8	92.857	798	49	4	1155	1950	17730439	17731230	0.0	1151
NC_003076.8:15604669-15606620	NC_003074.8	92.759	801	41	5	1155	1952	16451794	16452580	0.0	1142
NC_003076.8:15604669-15606620	NC_003074.8	92.385	801	50	7	1155	1952	20787655	20788447	0.0	1131
NC_003076.8:15604669-15606620	NC_003074.8	92.010	801	47	7	1155	1952	17062172	17061386	0.0	1109
NC_003076.8:15604669-15606620	NC_003074.8	92.229	785	49	12	1155	1930	10820144	10819363	0.0	1101
NC_003076.8:15604669-15606620	NC_003074.8	91.635	801	58	6	1155	1952	17777271	17778065	0.0	1099
NC_003076.8:15604669-15606620	NC_003074.8	91.919	792	44	8	1155	1929	11537089	11537877	0.0	1090
NC_003076.8:15604669-15606620	NC_003074.8	91.100	809	60	9	1153	1952	15938566	15939371	0.0	1085
NC_003076.8:15604669-15606620	NC_003074.8	92.992	742	49	3	1212	1952	10556871	10556132	0.0	1079
NC_003076.8:15604669-15606620	NC_003074.8	90.453	838	46	23	11	843	7996644	7995836	0.0	1074
NC_003076.8:15604669-15606620	NC_003074.8	90.610	820	48	14	1155	1950	16419638	16420452	0.0	1061
NC_003076.8:15604669-15606620	NC_003074.8	92.588	742	45	8	1212	1952	10575083	10574351	0.0	1057
NC_003076.8:15604669-15606620	NC_003074.8	91.011	801	45	11	1155	1952	16562811	16563587	0.0	1055
NC_003076.8:15604669-15606620	NC_003074.8	90.715	797	48	10	187	964	18746356	18747145	0.0	1038
NC_003076.8:15604669-15606620	NC_003074.8	91.417	769	47	3	1185	1952	15485279	15484529	0.0	1037
NC_003076.8:15604669-15606620	NC_003074.8	90.399	802	47	7	1155	1952	7995604	7994829	0.0	1027
NC_003076.8:15604669-15606620	NC_003074.8	89.303	832	55	17	160	960	9890146	9890974	0.0	1013
NC_003076.8:15604669-15606620	NC_003074.8	96.296	594	20	2	533	1125	16562049	16562641	0.0	974
NC_003076.8:15604669-15606620	NC_003074.8	91.492	717	41	4	254	953	16879943	16880656	0.0	968
NC_003076.8:15604669-15606620	NC_003074.8	91.492	717	34	10	254	953	5622169	5622875	0.0	961
NC_003076.8:15604669-15606620	NC_003074.8	94.830	619	27	4	1335	1952	9384380	9383766	0.0	961
NC_003076.8:15604669-15606620	NC_003074.8	93.364	648	38	5	1306	1952	5744486	5743843	0.0	953
NC_003076.8:15604669-15606620	NC_003074.8	91.086	718	38	9	254	953	20485002	20484293	0.0	948
NC_003076.8:15604669-15606620	NC_003074.8	90.934	717	43	6	254	953	9559544	9558833	0.0	944
NC_003076.8:15604669-15606620	NC_003074.8	89.261	717	54	7	254	953	2629888	2629178	0.0	876
NC_003076.8:15604669-15606620	NC_003074.8	88.710	744	44	13	245	964	16173067	16172340	0.0	872
NC_003076.8:15604669-15606620	NC_003074.8	88.027	735	56	11	254	960	3716481	3717211	0.0	841
NC_003076.8:15604669-15606620	NC_003074.8	87.883	718	49	15	254	953	1371038	1370341	0.0	809
NC_003076.8:15604669-15606620	NC_003074.8	91.213	569	34	5	1155	1721	11503261	11502707	0.0	760
NC_003076.8:15604669-15606620	NC_003074.8	95.157	413	16	4	17	428	16561651	16562060	0.0	649
NC_003076.8:15604669-15606620	NC_003074.8	94.245	417	22	2	1155	1570	10320888	10321303	0.0	636
NC_003076.8:15604669-15606620	NC_003074.8	94.019	418	10	2	708	1125	15452795	15452393	6.31e-176	619
NC_003076.8:15604669-15606620	NC_003074.8	87.743	514	41	10	961	1465	17299782	17299282	2.98e-164	580
NC_003076.8:15604669-15606620	NC_003074.8	96.865	319	10	0	807	1125	9385005	9384687	2.35e-150	534
NC_003076.8:15604669-15606620	NC_003074.8	93.373	332	15	4	17	341	11200621	11200952	2.40e-135	484
NC_003076.8:15604669-15606620	NC_003074.8	93.471	291	16	3	254	544	10862540	10862827	1.14e-118	429
NC_003076.8:15604669-15606620	NC_003074.8	93.056	288	19	1	1665	1952	11968331	11968617	6.86e-116	420
NC_003076.8:15604669-15606620	NC_003074.8	82.476	525	42	20	950	1465	1571512	1571995	3.19e-114	414
NC_003076.8:15604669-15606620	NC_003074.8	90.941	287	17	8	260	545	20487006	20486728	4.19e-103	377
NC_003076.8:15604669-15606620	NC_003074.8	90.511	274	19	7	8	275	3716329	3716601	1.96e-96	355
NC_003076.8:15604669-15606620	NC_003074.8	90.734	259	20	4	20	275	17397300	17397043	1.53e-92	342
NC_003076.8:15604669-15606620	NC_003074.8	90.769	260	14	9	20	275	20485140	20484887	1.98e-91	339
NC_003076.8:15604669-15606620	NC_003074.8	93.074	231	15	1	1686	1916	11200951	11201180	7.11e-91	337
NC_003076.8:15604669-15606620	NC_003074.8	90.000	260	21	5	20	275	10862401	10862659	3.31e-89	331
NC_003076.8:15604669-15606620	NC_003074.8	89.883	257	21	5	23	275	9559680	9559425	1.54e-87	326
NC_003076.8:15604669-15606620	NC_003074.8	88.538	253	18	2	1710	1952	8757570	8757821	1.21e-78	296
NC_003076.8:15604669-15606620	NC_003074.8	94.505	182	10	0	1155	1336	11968150	11968331	3.38e-74	281
NC_003076.8:15604669-15606620	NC_003074.8	93.989	183	9	2	709	890	9385008	9385189	1.57e-72	276
NC_003076.8:15604669-15606620	NC_003074.8	88.312	231	20	6	47	273	2630001	2629774	7.32e-71	270
NC_003076.8:15604669-15606620	NC_003074.8	86.100	259	21	5	20	275	20487142	20486896	3.40e-69	265
NC_003076.8:15604669-15606620	NC_003074.8	91.713	181	7	3	953	1125	11503611	11503431	4.43e-63	244
NC_003076.8:15604669-15606620	NC_003074.8	91.908	173	6	1	961	1125	15485591	15485419	2.67e-60	235
NC_003076.8:15604669-15606620	NC_003074.8	91.329	173	7	2	961	1125	9767475	9767303	1.24e-58	230
NC_003076.8:15604669-15606620	NC_003074.8	91.329	173	7	1	961	1125	10557188	10557016	1.24e-58	230
NC_003076.8:15604669-15606620	NC_003074.8	90.556	180	7	4	954	1125	17776923	17777100	1.24e-58	230
NC_003076.8:15604669-15606620	NC_003074.8	84.188	234	27	6	1721	1952	1571901	1572126	2.69e-55	219
NC_003076.8:15604669-15606620	NC_003074.8	88.587	184	13	2	950	1125	11967800	11967983	9.67e-55	217
NC_003076.8:15604669-15606620	NC_003074.8	90.173	173	8	3	961	1125	16419302	16419473	9.67e-55	217
NC_003076.8:15604669-15606620	NC_003074.8	89.595	173	10	1	961	1125	10575400	10575228	1.25e-53	213
NC_003076.8:15604669-15606620	NC_003074.8	88.636	176	17	3	80	254	16879865	16880038	4.50e-53	211
NC_003076.8:15604669-15606620	NC_003074.8	83.404	235	28	7	1721	1952	17299376	17299150	5.82e-52	207
NC_003076.8:15604669-15606620	NC_003074.8	88.202	178	10	4	954	1123	17730093	17730267	2.71e-50	202
NC_003076.8:15604669-15606620	NC_003074.8	95.763	118	3	2	1836	1952	10321325	10321441	2.11e-46	189
NC_003076.8:15604669-15606620	NC_003074.8	96.296	108	3	1	18	125	16879749	16879855	1.64e-42	176
NC_003076.8:15604669-15606620	NC_003074.8	87.692	130	13	3	1826	1952	11132616	11132745	3.58e-34	148
NC_003076.8:15604669-15606620	NC_003074.8	86.719	128	14	3	1828	1952	8645212	8645339	2.15e-31	139
NC_003076.8:15604669-15606620	NC_003074.8	90.000	110	8	3	20	127	9890049	9890157	2.15e-31	139
NC_003076.8:15604669-15606620	NC_003074.8	95.122	82	2	2	20	100	18018781	18018861	4.66e-28	128
NC_003076.8:15604669-15606620	NC_003074.8	95.062	81	2	2	21	100	17299939	17299860	1.68e-27	126
NC_003076.8:15604669-15606620	NC_003074.8	92.135	89	6	1	13	100	18412146	18412234	6.03e-27	124
NC_003076.8:15604669-15606620	NC_003074.8	93.827	81	5	0	20	100	13327434	13327514	2.17e-26	122
NC_003076.8:15604669-15606620	NC_003074.8	83.846	130	18	3	1826	1952	6729054	6728925	7.80e-26	121
NC_003076.8:15604669-15606620	NC_003074.8	84.252	127	14	5	1826	1952	10681512	10681392	2.80e-25	119
NC_003076.8:15604669-15606620	NC_003074.8	91.860	86	6	1	19	104	16419143	16419227	2.80e-25	119
NC_003076.8:15604669-15606620	NC_003074.8	90.909	88	7	1	56	143	10392129	10392215	1.01e-24	117
NC_003076.8:15604669-15606620	NC_003074.8	97.101	69	1	1	16	83	10557351	10557283	3.63e-24	115
NC_003076.8:15604669-15606620	NC_003074.8	87.255	102	10	3	20	120	9767629	9767530	1.30e-23	113
NC_003076.8:15604669-15606620	NC_003074.8	91.358	81	7	0	20	100	11503761	11503681	4.69e-23	111
NC_003076.8:15604669-15606620	NC_003074.8	91.358	81	7	0	20	100	17729940	17730020	4.69e-23	111
NC_003076.8:15604669-15606620	NC_003074.8	89.157	83	8	1	19	100	17776768	17776850	2.82e-20	102
NC_003076.8:15604669-15606620	NC_003074.8	97.222	36	1	0	1415	1450	18584990	18585025	4.79e-08	62.1
NC_003076.8:15604669-15606620	NC_003074.8	89.130	46	4	1	1908	1952	4274975	4274930	2.23e-06	56.5
NC_003076.8:15604669-15606620	NC_003071.7	96.387	1107	36	4	20	1125	13338077	13336974	0.0	1820
NC_003076.8:15604669-15606620	NC_003071.7	95.762	1109	42	5	20	1125	499985	501091	0.0	1783
NC_003076.8:15604669-15606620	NC_003071.7	95.434	1117	46	3	12	1123	17255241	17254125	0.0	1775
NC_003076.8:15604669-15606620	NC_003071.7	94.694	1112	40	5	15	1125	13908726	13907633	0.0	1709
NC_003076.8:15604669-15606620	NC_003071.7	93.739	1134	42	8	19	1125	11287162	11286031	0.0	1674
NC_003076.8:15604669-15606620	NC_003071.7	94.043	1108	51	7	20	1125	707442	708536	0.0	1666
NC_003076.8:15604669-15606620	NC_003071.7	93.269	1144	49	6	9	1125	6925388	6924246	0.0	1661
NC_003076.8:15604669-15606620	NC_003071.7	95.459	1035	45	2	18	1051	7154738	7153705	0.0	1650
NC_003076.8:15604669-15606620	NC_003071.7	93.052	1137	50	5	15	1125	13266910	13268043	0.0	1635
NC_003076.8:15604669-15606620	NC_003071.7	95.817	1004	38	4	123	1125	396551	395551	0.0	1618
NC_003076.8:15604669-15606620	NC_003071.7	92.657	1144	50	15	13	1125	12800987	12802127	0.0	1616
NC_003076.8:15604669-15606620	NC_003071.7	93.107	1117	42	7	20	1125	12094425	12093333	0.0	1604
NC_003076.8:15604669-15606620	NC_003071.7	90.345	1015	70	12	950	1952	7111930	7112928	0.0	1306
NC_003076.8:15604669-15606620	NC_003071.7	90.481	998	69	12	966	1952	6101214	6100232	0.0	1293
NC_003076.8:15604669-15606620	NC_003071.7	95.865	798	31	2	1156	1952	13336620	13335824	0.0	1290
NC_003076.8:15604669-15606620	NC_003071.7	94.431	844	27	5	18	843	14333783	14334624	0.0	1280
NC_003076.8:15604669-15606620	NC_003071.7	94.638	802	38	5	1153	1952	395383	394585	0.0	1238
NC_003076.8:15604669-15606620	NC_003071.7	94.286	805	42	4	1151	1952	501257	502060	0.0	1229
NC_003076.8:15604669-15606620	NC_003071.7	93.373	845	30	9	20	843	542308	543147	0.0	1227
NC_003076.8:15604669-15606620	NC_003071.7	93.992	799	43	5	1155	1950	13907465	13906669	0.0	1205
NC_003076.8:15604669-15606620	NC_003071.7	93.875	800	43	6	1155	1952	6663326	6664121	0.0	1201
NC_003076.8:15604669-15606620	NC_003071.7	93.258	801	50	4	1155	1952	17253957	17253158	0.0	1177
NC_003076.8:15604669-15606620	NC_003071.7	93.250	800	51	3	1155	1952	12802296	12803094	0.0	1175
NC_003076.8:15604669-15606620	NC_003071.7	93.725	765	46	2	1155	1918	12093165	12092402	0.0	1146
NC_003076.8:15604669-15606620	NC_003071.7	92.759	801	41	11	1155	1952	6924077	6923291	0.0	1142
NC_003076.8:15604669-15606620	NC_003071.7	92.269	802	56	6	1154	1952	7814200	7813402	0.0	1133
NC_003076.8:15604669-15606620	NC_003071.7	92.757	787	50	5	1155	1939	6803600	6804381	0.0	1131
NC_003076.8:15604669-15606620	NC_003071.7	92.079	808	48	10	1155	1952	7960761	7961562	0.0	1123
NC_003076.8:15604669-15606620	NC_003071.7	91.885	801	55	8	1155	1952	13268212	13269005	0.0	1110
NC_003076.8:15604669-15606620	NC_003071.7	92.020	802	45	5	1155	1952	543379	544165	0.0	1109
NC_003076.8:15604669-15606620	NC_003071.7	91.375	800	65	4	1155	1952	7169027	7168230	0.0	1092
NC_003076.8:15604669-15606620	NC_003071.7	91.731	774	48	12	1155	1926	14334855	14335614	0.0	1061
NC_003076.8:15604669-15606620	NC_003071.7	94.659	674	30	6	1280	1950	709401	710071	0.0	1040
NC_003076.8:15604669-15606620	NC_003071.7	91.609	727	53	6	1229	1952	3213046	3212325	0.0	998
NC_003076.8:15604669-15606620	NC_003071.7	91.353	717	41	5	254	953	12556068	12555356	0.0	961
NC_003076.8:15604669-15606620	NC_003071.7	91.462	691	34	9	260	931	10468943	10468259	0.0	926
NC_003076.8:15604669-15606620	NC_003071.7	90.503	716	45	7	254	951	1460787	1460077	0.0	924
NC_003076.8:15604669-15606620	NC_003071.7	90.793	706	43	6	265	953	5466870	5466170	0.0	924
NC_003076.8:15604669-15606620	NC_003071.7	93.709	604	34	3	1155	1755	11285864	11285262	0.0	902
NC_003076.8:15604669-15606620	NC_003071.7	90.062	644	44	4	254	880	19196619	19195979	0.0	817
NC_003076.8:15604669-15606620	NC_003071.7	88.665	644	45	21	250	888	11399241	11398621	0.0	760
NC_003076.8:15604669-15606620	NC_003071.7	90.559	572	33	6	254	809	6099666	6100232	0.0	737
NC_003076.8:15604669-15606620	NC_003071.7	92.157	459	31	4	1354	1809	3564666	3565122	0.0	643
NC_003076.8:15604669-15606620	NC_003071.7	87.619	525	43	10	950	1465	4024348	4024859	4.94e-167	590
NC_003076.8:15604669-15606620	NC_003071.7	86.233	523	48	11	953	1465	980467	979959	1.09e-153	545
NC_003076.8:15604669-15606620	NC_003071.7	92.177	294	22	1	660	953	6383668	6383376	3.19e-114	414
NC_003076.8:15604669-15606620	NC_003071.7	94.141	256	14	1	1667	1922	3565124	3565378	1.94e-106	388
NC_003076.8:15604669-15606620	NC_003071.7	91.544	272	22	1	1681	1952	2962564	2962294	5.42e-102	374
NC_003076.8:15604669-15606620	NC_003071.7	93.600	250	12	3	254	502	5843836	5843590	7.01e-101	370
NC_003076.8:15604669-15606620	NC_003071.7	91.538	260	16	6	20	275	19196757	19196500	7.06e-96	353
NC_003076.8:15604669-15606620	NC_003071.7	91.120	259	19	4	20	275	11399377	11399120	3.29e-94	348
NC_003076.8:15604669-15606620	NC_003071.7	90.769	260	16	7	20	275	6099530	6099785	5.50e-92	340
NC_003076.8:15604669-15606620	NC_003071.7	90.347	259	19	6	20	274	1460925	1460669	2.56e-90	335
NC_003076.8:15604669-15606620	NC_003071.7	90.000	260	21	5	20	275	6084090	6084348	3.31e-89	331
NC_003076.8:15604669-15606620	NC_003071.7	90.726	248	15	7	32	275	5843961	5843718	5.54e-87	324
NC_003076.8:15604669-15606620	NC_003071.7	88.593	263	21	7	15	274	6384058	6383802	4.31e-83	311
NC_003076.8:15604669-15606620	NC_003071.7	86.538	260	16	7	19	275	5467005	5466762	2.63e-70	268
NC_003076.8:15604669-15606620	NC_003071.7	93.103	174	10	2	953	1124	7814542	7814369	7.37e-66	254
NC_003076.8:15604669-15606620	NC_003071.7	94.969	159	8	0	1794	1952	11285273	11285115	9.53e-65	250
NC_003076.8:15604669-15606620	NC_003071.7	92.500	160	9	3	796	953	6101360	6101518	1.61e-57	226
NC_003076.8:15604669-15606620	NC_003071.7	88.333	180	11	3	954	1125	7959944	7960121	5.82e-52	207
NC_003076.8:15604669-15606620	NC_003071.7	82.773	238	29	8	1718	1952	4024762	4024990	2.71e-50	202
NC_003076.8:15604669-15606620	NC_003071.7	87.283	173	14	2	961	1125	7169367	7169195	5.86e-47	191
NC_003076.8:15604669-15606620	NC_003071.7	93.805	113	6	1	21	133	6101375	6101264	2.75e-40	169
NC_003076.8:15604669-15606620	NC_003071.7	90.076	131	9	4	961	1089	3213196	3213068	9.87e-40	167
NC_003076.8:15604669-15606620	NC_003071.7	90.984	122	9	2	954	1075	3564534	3564653	1.28e-38	163
NC_003076.8:15604669-15606620	NC_003071.7	91.453	117	10	0	950	1066	6661108	6661224	4.59e-38	161
NC_003076.8:15604669-15606620	NC_003071.7	86.154	130	14	4	1826	1952	1038177	1038049	7.74e-31	137
NC_003076.8:15604669-15606620	NC_003071.7	86.154	130	14	3	1826	1952	13102232	13102360	7.74e-31	137
NC_003076.8:15604669-15606620	NC_003071.7	86.154	130	15	3	1826	1952	19623517	19623646	7.74e-31	137
NC_003076.8:15604669-15606620	NC_003071.7	93.258	89	6	0	12	100	3213362	3213274	3.60e-29	132
NC_003076.8:15604669-15606620	NC_003071.7	85.156	128	15	4	1829	1952	2139258	2139385	4.66e-28	128
NC_003076.8:15604669-15606620	NC_003071.7	84.328	134	14	4	1826	1952	15134639	15134772	6.03e-27	124
NC_003076.8:15604669-15606620	NC_003071.7	83.846	130	18	3	1826	1952	6206724	6206595	7.80e-26	121
NC_003076.8:15604669-15606620	NC_003071.7	92.857	84	5	1	17	100	7111781	7111863	7.80e-26	121
NC_003076.8:15604669-15606620	NC_003071.7	91.011	89	6	2	19	107	7814692	7814606	2.80e-25	119
NC_003076.8:15604669-15606620	NC_003071.7	88.235	102	7	5	20	119	2962805	2962707	1.01e-24	117
NC_003076.8:15604669-15606620	NC_003071.7	91.765	85	5	2	20	104	3564382	3564464	1.01e-24	117
NC_003076.8:15604669-15606620	NC_003071.7	91.667	84	7	0	17	100	4024198	4024281	1.01e-24	117
NC_003076.8:15604669-15606620	NC_003071.7	93.590	78	3	2	20	96	7169524	7169448	3.63e-24	115
NC_003076.8:15604669-15606620	NC_003071.7	83.594	128	14	6	1826	1952	8907875	8907996	1.30e-23	113
NC_003076.8:15604669-15606620	NC_003071.7	91.358	81	7	0	20	100	980617	980537	4.69e-23	111
NC_003076.8:15604669-15606620	NC_003071.7	95.588	68	3	0	45	112	12555280	12555213	1.69e-22	110
NC_003076.8:15604669-15606620	NC_003071.7	82.443	131	16	6	1826	1952	7340815	7340942	6.07e-22	108
NC_003076.8:15604669-15606620	NC_003071.7	87.805	82	7	2	1872	1952	9585276	9585355	1.70e-17	93.5
NC_003076.8:15604669-15606620	NC_003071.7	89.583	48	5	0	1905	1952	7177637	7177590	4.79e-08	62.1
NC_003074.8:12659617-12661999	NC_003074.8	100.000	2383	0	0	1	2383	12661999	12659617	0.0	4401
NC_003074.8:12659617-12661999	NC_003074.8	94.531	1609	56	10	1	1606	10509520	10511099	0.0	2455
NC_003074.8:12659617-12661999	NC_003074.8	88.220	1893	112	44	1	1819	17070822	17068967	0.0	2158
NC_003074.8:12659617-12661999	NC_003074.8	97.446	979	25	0	1	979	16213447	16212469	0.0	1670
NC_003074.8:12659617-12661999	NC_003074.8	95.179	643	28	2	1744	2383	10511112	10511754	0.0	1013
NC_003074.8:12659617-12661999	NC_003074.8	91.607	417	25	6	1974	2383	17069149	17068736	2.84e-160	568
NC_003074.8:12659617-12661999	NC_003074.8	94.334	353	19	1	1637	1988	12660195	12659843	6.18e-152	540
NC_003074.8:12659617-12661999	NC_003074.8	94.334	353	19	1	1805	2157	12660363	12660012	6.18e-152	540
NC_003074.8:12659617-12661999	NC_003074.8	91.714	350	28	1	1637	1985	10511173	10511522	2.94e-135	484
NC_003074.8:12659617-12661999	NC_003074.8	96.735	245	8	0	1913	2157	10511112	10511356	1.82e-112	409
NC_003074.8:12659617-12661999	NC_003074.8	92.935	184	12	1	1637	1819	12660026	12659843	1.16e-69	267
NC_003074.8:12659617-12661999	NC_003074.8	92.935	184	12	1	1974	2157	12660363	12660181	1.16e-69	267
NC_003074.8:12659617-12661999	NC_003074.8	92.935	184	12	1	1805	1988	17069149	17068967	1.16e-69	267
NC_003074.8:12659617-12661999	NC_003074.8	85.714	245	24	9	461	703	10510518	10510753	4.19e-64	248
NC_003074.8:12659617-12661999	NC_003074.8	95.833	120	5	0	1	120	4289110	4288991	5.54e-48	195
NC_003074.8:12659617-12661999	NC_003074.8	95.890	73	3	0	2082	2154	10511112	10511184	3.43e-25	119
NC_003074.8:12659617-12661999	NC_003074.8	78.462	130	24	4	2096	2223	3716941	3717068	4.50e-14	82.4
NC_003074.8:12659617-12661999	NC_003076.8	97.902	2383	46	4	4	2383	26485402	26483021	0.0	4120
NC_003074.8:12659617-12661999	NC_003076.8	97.444	2387	56	5	1	2383	2603153	2605538	0.0	4065
NC_003074.8:12659617-12661999	NC_003076.8	96.815	2386	60	10	1	2383	2189208	2186836	0.0	3971
NC_003074.8:12659617-12661999	NC_003076.8	96.397	2387	74	7	1	2383	13621995	13619617	0.0	3921
NC_003074.8:12659617-12661999	NC_003076.8	96.352	2385	66	5	1	2383	3116667	3114302	0.0	3903
NC_003074.8:12659617-12661999	NC_003076.8	97.239	1992	45	7	1	1985	14846589	14848577	0.0	3365
NC_003074.8:12659617-12661999	NC_003076.8	94.314	1618	57	19	1	1606	14002784	14004378	0.0	2446
NC_003074.8:12659617-12661999	NC_003076.8	94.220	1609	67	15	2	1606	15387839	15386253	0.0	2433
NC_003074.8:12659617-12661999	NC_003076.8	93.979	1611	60	10	1	1606	13547011	13548589	0.0	2403
NC_003074.8:12659617-12661999	NC_003076.8	96.756	1233	28	6	1154	2383	19419668	19420891	0.0	2045
NC_003074.8:12659617-12661999	NC_003076.8	91.246	1051	45	21	1	1029	19418948	19419973	0.0	1387
NC_003074.8:12659617-12661999	NC_003076.8	94.476	887	24	9	1	882	10210112	10210978	0.0	1343
NC_003074.8:12659617-12661999	NC_003076.8	96.094	640	24	1	1744	2382	10211397	10212036	0.0	1042
NC_003074.8:12659617-12661999	NC_003076.8	95.801	643	26	1	1742	2383	15386242	15385600	0.0	1037
NC_003074.8:12659617-12661999	NC_003076.8	94.696	641	33	1	1744	2383	13548602	13549242	0.0	994
NC_003074.8:12659617-12661999	NC_003076.8	93.448	641	31	3	1744	2383	14004391	14005021	0.0	941
NC_003074.8:12659617-12661999	NC_003076.8	94.674	582	26	5	1805	2383	14848227	14848806	0.0	898
NC_003074.8:12659617-12661999	NC_003076.8	95.143	350	16	1	1637	1985	19420313	19420662	2.86e-155	551
NC_003074.8:12659617-12661999	NC_003076.8	82.353	680	71	30	186	855	9827928	9827288	1.33e-153	545
NC_003074.8:12659617-12661999	NC_003076.8	94.382	356	18	2	1253	1606	10211029	10211384	1.33e-153	545
NC_003074.8:12659617-12661999	NC_003076.8	93.889	360	21	1	1637	1995	2604959	2605318	1.72e-152	542
NC_003074.8:12659617-12661999	NC_003076.8	95.072	345	14	2	1805	2149	2187579	2187238	6.18e-152	540
NC_003074.8:12659617-12661999	NC_003076.8	93.484	353	22	1	1637	1988	3114881	3114529	6.22e-147	523
NC_003074.8:12659617-12661999	NC_003076.8	93.484	353	22	1	1637	1988	26483600	26483248	6.22e-147	523
NC_003074.8:12659617-12661999	NC_003076.8	93.239	355	23	1	1803	2157	3115051	3114698	2.24e-146	521
NC_003074.8:12659617-12661999	NC_003076.8	93.429	350	22	1	1805	2154	2604791	2605139	2.90e-145	518
NC_003074.8:12659617-12661999	NC_003076.8	93.201	353	22	2	1637	1988	13620195	13619844	2.90e-145	518
NC_003074.8:12659617-12661999	NC_003076.8	93.201	353	23	1	1805	2157	13620363	13620012	2.90e-145	518
NC_003074.8:12659617-12661999	NC_003076.8	93.143	350	23	1	1637	1985	10211458	10211807	1.35e-143	512
NC_003074.8:12659617-12661999	NC_003076.8	92.635	353	25	1	1805	2157	26483768	26483417	6.27e-142	507
NC_003074.8:12659617-12661999	NC_003076.8	92.351	353	26	1	1637	1988	15386179	15385827	2.92e-140	501
NC_003074.8:12659617-12661999	NC_003076.8	92.857	350	17	2	1805	2154	19420152	19420493	2.92e-140	501
NC_003074.8:12659617-12661999	NC_003076.8	92.151	344	23	3	1647	1988	2187404	2187063	1.06e-134	483
NC_003074.8:12659617-12661999	NC_003076.8	80.000	690	97	31	126	791	14523667	14522995	2.29e-131	472
NC_003074.8:12659617-12661999	NC_003076.8	90.678	354	32	1	1637	1989	14004452	14004805	8.22e-131	470
NC_003074.8:12659617-12661999	NC_003076.8	90.857	350	31	1	1637	1985	13548663	13549012	2.96e-130	468
NC_003074.8:12659617-12661999	NC_003076.8	96.327	245	9	0	1913	2157	10211397	10211641	8.46e-111	403
NC_003074.8:12659617-12661999	NC_003076.8	95.547	247	11	0	1911	2157	15386242	15385996	1.42e-108	396
NC_003074.8:12659617-12661999	NC_003076.8	94.694	245	13	0	1913	2157	13548602	13548846	3.96e-104	381
NC_003074.8:12659617-12661999	NC_003076.8	93.061	245	17	0	1913	2157	14004391	14004635	1.86e-97	359
NC_003074.8:12659617-12661999	NC_003076.8	94.915	177	8	1	1974	2150	2187579	2187404	1.92e-72	276
NC_003074.8:12659617-12661999	NC_003076.8	93.923	181	10	1	1637	1816	10211627	10211807	2.49e-71	272
NC_003074.8:12659617-12661999	NC_003076.8	92.973	185	12	1	1637	1820	14004621	14004805	3.22e-70	268
NC_003074.8:12659617-12661999	NC_003076.8	91.623	191	15	1	1637	1826	2605128	2605318	1.50e-68	263
NC_003074.8:12659617-12661999	NC_003076.8	92.350	183	14	0	1637	1819	13620026	13619844	5.39e-68	261
NC_003074.8:12659617-12661999	NC_003076.8	92.391	184	13	1	1974	2157	13620363	13620181	5.39e-68	261
NC_003074.8:12659617-12661999	NC_003076.8	92.350	183	11	2	1974	2154	14848227	14848408	6.97e-67	257
NC_003074.8:12659617-12661999	NC_003076.8	92.265	181	13	1	1974	2154	2604791	2604970	2.51e-66	255
NC_003074.8:12659617-12661999	NC_003076.8	91.848	184	14	1	1637	1819	3114712	3114529	2.51e-66	255
NC_003074.8:12659617-12661999	NC_003076.8	91.848	184	14	1	1637	1819	15386010	15385827	2.51e-66	255
NC_003074.8:12659617-12661999	NC_003076.8	92.265	181	13	1	1637	1816	19420482	19420662	2.51e-66	255
NC_003074.8:12659617-12661999	NC_003076.8	91.848	184	14	1	1637	1819	26483431	26483248	2.51e-66	255
NC_003074.8:12659617-12661999	NC_003076.8	86.066	244	21	10	465	703	13548005	13548240	1.17e-64	250
NC_003074.8:12659617-12661999	NC_003076.8	91.713	181	14	1	1637	1816	14848397	14848577	1.17e-64	250
NC_003074.8:12659617-12661999	NC_003076.8	91.160	181	15	1	1637	1816	13548832	13549012	5.43e-63	244
NC_003074.8:12659617-12661999	NC_003076.8	86.207	232	22	7	474	703	15386824	15386601	1.95e-62	243
NC_003074.8:12659617-12661999	NC_003076.8	91.228	171	14	1	1650	1819	2187233	2187063	4.22e-59	231
NC_003074.8:12659617-12661999	NC_003076.8	89.503	181	11	2	1974	2154	19420152	19420324	2.54e-56	222
NC_003074.8:12659617-12661999	NC_003076.8	88.889	126	10	4	908	1029	14658553	14658428	3.38e-35	152
NC_003074.8:12659617-12661999	NC_003076.8	96.154	78	3	0	2080	2157	15386242	15386165	5.70e-28	128
NC_003074.8:12659617-12661999	NC_003076.8	94.805	77	3	1	2082	2157	10211397	10211473	3.43e-25	119
NC_003074.8:12659617-12661999	NC_003076.8	94.521	73	4	0	2082	2154	13548602	13548674	1.60e-23	113
NC_003074.8:12659617-12661999	NC_003076.8	94.521	73	4	0	2082	2154	14004391	14004463	1.60e-23	113
NC_003074.8:12659617-12661999	NC_003076.8	89.873	79	4	4	908	982	13607299	13607377	4.47e-19	99.0
NC_003074.8:12659617-12661999	NC_003071.7	97.653	2386	46	6	1	2383	6680829	6678451	0.0	4087
NC_003074.8:12659617-12661999	NC_003071.7	97.066	2386	65	5	1	2383	10018073	10020456	0.0	4013
NC_003074.8:12659617-12661999	NC_003071.7	96.938	2384	59	3	1	2383	6855036	6852666	0.0	3986
NC_003074.8:12659617-12661999	NC_003071.7	96.674	2375	61	4	1	2360	8420556	8422927	0.0	3932
NC_003074.8:12659617-12661999	NC_003071.7	92.773	1536	55	19	77	1606	5872085	5870600	0.0	2170
NC_003074.8:12659617-12661999	NC_003071.7	82.886	1379	155	46	175	1513	3196026	3197363	0.0	1164
NC_003074.8:12659617-12661999	NC_003071.7	88.766	721	67	11	172	888	6205738	6206448	0.0	870
NC_003074.8:12659617-12661999	NC_003071.7	86.749	649	69	12	191	833	5114201	5113564	0.0	706
NC_003074.8:12659617-12661999	NC_003071.7	95.090	387	17	2	1998	2383	5869810	5869425	1.67e-172	608
NC_003074.8:12659617-12661999	NC_003071.7	95.184	353	16	1	1637	1988	6679030	6678678	6.14e-157	556
NC_003074.8:12659617-12661999	NC_003071.7	94.051	353	20	1	1637	1988	6853245	6852893	2.88e-150	534
NC_003074.8:12659617-12661999	NC_003071.7	94.286	350	19	1	1808	2157	6853410	6853062	2.88e-150	534
NC_003074.8:12659617-12661999	NC_003071.7	94.286	350	19	1	1637	1985	8422371	8422720	2.88e-150	534
NC_003074.8:12659617-12661999	NC_003071.7	93.768	353	21	1	1805	2157	6679198	6678847	1.34e-148	529
NC_003074.8:12659617-12661999	NC_003071.7	94.000	350	20	1	1805	2154	8422203	8422551	1.34e-148	529
NC_003074.8:12659617-12661999	NC_003071.7	94.000	350	20	1	1637	1985	10019877	10020226	1.34e-148	529
NC_003074.8:12659617-12661999	NC_003071.7	93.429	350	22	1	1805	2154	10019709	10020057	2.90e-145	518
NC_003074.8:12659617-12661999	NC_003071.7	80.305	721	97	28	1	714	4146747	4147429	8.11e-141	503
NC_003074.8:12659617-12661999	NC_003071.7	95.339	236	11	0	1744	1979	5870587	5870352	1.84e-102	375
NC_003074.8:12659617-12661999	NC_003071.7	94.915	236	12	0	1913	2148	5870587	5870352	8.58e-101	370
NC_003074.8:12659617-12661999	NC_003071.7	88.104	269	25	7	766	1029	3197042	3197308	1.47e-83	313
NC_003074.8:12659617-12661999	NC_003071.7	97.516	161	4	0	507	667	7153706	7153546	1.92e-72	276
NC_003074.8:12659617-12661999	NC_003071.7	93.370	181	11	1	1640	1819	6678858	6678678	1.16e-69	267
NC_003074.8:12659617-12661999	NC_003071.7	93.370	181	11	1	1974	2154	8422203	8422382	1.16e-69	267
NC_003074.8:12659617-12661999	NC_003071.7	93.370	181	11	1	1637	1816	8422540	8422720	1.16e-69	267
NC_003074.8:12659617-12661999	NC_003071.7	92.818	181	12	1	1637	1816	10020046	10020226	5.39e-68	261
NC_003074.8:12659617-12661999	NC_003071.7	92.265	181	13	1	1640	1819	6853073	6852893	2.51e-66	255
NC_003074.8:12659617-12661999	NC_003071.7	87.069	232	19	9	474	703	5871167	5870945	3.24e-65	252
NC_003074.8:12659617-12661999	NC_003071.7	91.304	184	15	1	1974	2157	6679198	6679016	1.17e-64	250
NC_003074.8:12659617-12661999	NC_003071.7	93.750	160	10	0	1829	1988	5869810	5869651	7.02e-62	241
NC_003074.8:12659617-12661999	NC_003071.7	91.429	175	14	1	1637	1810	5870526	5870352	2.52e-61	239
NC_003074.8:12659617-12661999	NC_003071.7	91.875	160	12	1	1661	1819	5869810	5869651	2.54e-56	222
NC_003074.8:12659617-12661999	NC_003071.7	85.641	195	24	2	1039	1229	6206035	6206229	3.31e-50	202
NC_003074.8:12659617-12661999	NC_003071.7	91.129	124	6	5	910	1029	4099142	4099020	1.56e-38	163
NC_003074.8:12659617-12661999	NC_003071.7	90.476	126	8	4	908	1029	6207325	6207200	1.56e-38	163
NC_003074.8:12659617-12661999	NC_003071.7	78.199	211	27	12	126	319	1642338	1642546	1.23e-24	117
NC_003074.8:12659617-12661999	NC_003070.9	97.318	2386	56	8	2	2383	11706451	11708832	0.0	4045
NC_003074.8:12659617-12661999	NC_003070.9	96.815	2386	70	6	1	2383	16593135	16590753	0.0	3980
NC_003074.8:12659617-12661999	NC_003070.9	96.439	2387	55	6	1	2383	7281722	7284082	0.0	3910
NC_003074.8:12659617-12661999	NC_003070.9	97.220	2158	48	8	1	2157	11410300	11408154	0.0	3642
NC_003074.8:12659617-12661999	NC_003070.9	96.355	2003	51	6	1	1985	20972073	20974071	0.0	3275
NC_003074.8:12659617-12661999	NC_003070.9	90.039	2028	112	29	1	1983	16987734	16989716	0.0	2543
NC_003074.8:12659617-12661999	NC_003070.9	93.420	1611	53	20	1	1606	16968238	16966676	0.0	2338
NC_003074.8:12659617-12661999	NC_003070.9	96.924	1203	26	5	1154	2352	759310	760505	0.0	2006
NC_003074.8:12659617-12661999	NC_003070.9	96.614	886	24	5	1	882	26781147	26780264	0.0	1465
NC_003074.8:12659617-12661999	NC_003070.9	91.056	1051	48	20	1	1029	758590	759616	0.0	1378
NC_003074.8:12659617-12661999	NC_003070.9	96.128	749	26	3	1637	2383	11408506	11407759	0.0	1219
NC_003074.8:12659617-12661999	NC_003070.9	87.387	999	55	34	525	1462	16261098	16262086	0.0	1081
NC_003074.8:12659617-12661999	NC_003070.9	95.156	640	30	1	1744	2382	16966663	16966024	0.0	1009
NC_003074.8:12659617-12661999	NC_003070.9	96.367	578	17	3	1805	2381	20973725	20974299	0.0	948
NC_003074.8:12659617-12661999	NC_003070.9	93.448	580	37	1	1805	2383	16989369	16989948	0.0	859
NC_003074.8:12659617-12661999	NC_003070.9	85.810	747	77	20	1253	1988	26780214	26779486	0.0	765
NC_003074.8:12659617-12661999	NC_003070.9	93.246	459	30	1	1924	2381	26779719	26779261	0.0	675
NC_003074.8:12659617-12661999	NC_003070.9	87.079	534	41	11	1	533	16259818	16260324	1.31e-163	579
NC_003074.8:12659617-12661999	NC_003070.9	91.971	411	31	2	1974	2383	16262144	16262553	1.69e-162	575
NC_003074.8:12659617-12661999	NC_003070.9	95.184	353	16	1	1805	2157	11408674	11408323	6.14e-157	556
NC_003074.8:12659617-12661999	NC_003070.9	94.857	350	17	1	1637	1985	7283503	7283852	1.33e-153	545
NC_003074.8:12659617-12661999	NC_003070.9	94.571	350	18	1	1637	1985	759956	760305	6.18e-152	540
NC_003074.8:12659617-12661999	NC_003070.9	94.571	350	18	1	1805	2154	7283335	7283683	6.18e-152	540
NC_003074.8:12659617-12661999	NC_003070.9	94.334	353	19	1	1637	1988	11408337	11407985	6.18e-152	540
NC_003074.8:12659617-12661999	NC_003070.9	94.571	350	18	1	1637	1985	11708253	11708602	6.18e-152	540
NC_003074.8:12659617-12661999	NC_003070.9	93.484	353	22	1	1637	1988	16591332	16590980	6.22e-147	523
NC_003074.8:12659617-12661999	NC_003070.9	93.714	350	14	2	1805	2154	759795	760136	2.90e-145	518
NC_003074.8:12659617-12661999	NC_003070.9	93.143	350	23	1	1808	2157	16591497	16591149	1.35e-143	512
NC_003074.8:12659617-12661999	NC_003070.9	92.857	350	24	1	1805	2154	11708085	11708433	6.27e-142	507
NC_003074.8:12659617-12661999	NC_003070.9	91.501	353	29	1	1637	1988	16966602	16966250	2.94e-135	484
NC_003074.8:12659617-12661999	NC_003070.9	92.923	325	20	3	1	325	16699390	16699069	8.22e-131	470
NC_003074.8:12659617-12661999	NC_003070.9	95.918	245	10	0	1913	2157	16966663	16966419	3.94e-109	398
NC_003074.8:12659617-12661999	NC_003070.9	87.854	247	20	5	1579	1816	16262079	16262324	4.14e-74	281
NC_003074.8:12659617-12661999	NC_003070.9	94.022	184	10	1	1974	2157	11408674	11408492	5.35e-73	278
NC_003074.8:12659617-12661999	NC_003070.9	94.915	177	8	1	1974	2150	20973725	20973900	1.92e-72	276
NC_003074.8:12659617-12661999	NC_003070.9	93.478	184	12	0	1974	2157	16989369	16989552	6.92e-72	274
NC_003074.8:12659617-12661999	NC_003070.9	93.923	181	10	1	1637	1816	11708422	11708602	2.49e-71	272
NC_003074.8:12659617-12661999	NC_003070.9	92.818	181	12	1	1974	2154	7283335	7283514	5.39e-68	261
NC_003074.8:12659617-12661999	NC_003070.9	92.391	184	13	1	1637	1819	16591163	16590980	5.39e-68	261
NC_003074.8:12659617-12661999	NC_003070.9	92.391	184	13	1	1637	1819	16966433	16966250	5.39e-68	261
NC_003074.8:12659617-12661999	NC_003070.9	92.265	181	13	1	1637	1816	7283672	7283852	2.51e-66	255
NC_003074.8:12659617-12661999	NC_003070.9	91.713	181	15	0	1805	1985	16262144	16262324	3.24e-65	252
NC_003074.8:12659617-12661999	NC_003070.9	91.713	181	14	1	1637	1816	760125	760305	1.17e-64	250
NC_003074.8:12659617-12661999	NC_003070.9	90.217	184	17	1	1637	1819	26779669	26779486	2.52e-61	239
NC_003074.8:12659617-12661999	NC_003070.9	85.776	232	23	8	474	703	16967249	16967026	9.08e-61	237
NC_003074.8:12659617-12661999	NC_003070.9	90.503	179	16	1	1637	1814	16989538	16989716	3.27e-60	235
NC_003074.8:12659617-12661999	NC_003070.9	90.608	181	9	2	1974	2154	759795	759967	1.17e-59	233
NC_003074.8:12659617-12661999	NC_003070.9	86.283	226	16	12	474	695	16988743	16988957	4.22e-59	231
NC_003074.8:12659617-12661999	NC_003070.9	90.698	172	14	2	1647	1816	20973900	20974071	5.46e-58	228
NC_003074.8:12659617-12661999	NC_003070.9	94.326	141	7	1	1916	2055	26779841	26779701	4.25e-54	215
NC_003074.8:12659617-12661999	NC_003070.9	94.891	137	7	0	1747	1883	26779841	26779705	4.25e-54	215
NC_003074.8:12659617-12661999	NC_003070.9	77.987	318	37	15	2085	2383	16803867	16804170	3.36e-40	169
NC_003074.8:12659617-12661999	NC_003070.9	94.737	76	4	0	2082	2157	16966663	16966588	3.43e-25	119
NC_003074.8:12659617-12661999	NC_003075.7	96.732	2387	73	5	1	2383	1280625	1283010	0.0	3971
NC_003074.8:12659617-12661999	NC_003075.7	85.927	1812	156	44	3	1748	5443569	5441791	0.0	1842
NC_003074.8:12659617-12661999	NC_003075.7	87.004	554	50	16	172	719	5936887	5936350	2.16e-171	604
NC_003074.8:12659617-12661999	NC_003075.7	94.000	350	20	1	1805	2154	1282263	1282611	1.34e-148	529
NC_003074.8:12659617-12661999	NC_003075.7	93.714	350	21	1	1637	1985	1282431	1282780	6.22e-147	523
NC_003074.8:12659617-12661999	NC_003075.7	91.713	181	14	1	1637	1816	1282600	1282780	1.17e-64	250
NC_003074.8:12659617-12661999	NC_003075.7	85.837	233	24	9	474	703	5442541	5442315	2.52e-61	239
NC_003074.8:12659617-12661999	NC_003075.7	85.938	192	22	4	1042	1229	5936590	5936400	1.19e-49	200
NC_003074.8:12659617-12661999	NC_003075.7	89.916	119	12	0	2	120	2088368	2088250	9.41e-36	154
NC_003074.8:12659617-12661999	NC_003075.7	88.034	117	12	2	1	116	4606228	4606343	9.47e-31	137
NC_003074.8:12659617-12661999	NC_003075.7	78.832	137	14	8	2257	2383	5773111	5773242	5.82e-13	78.7
NC_003074.8:10751116-10752365	NC_003074.8	100.000	1250	0	0	1	1250	10752365	10751116	0.0	2309
NC_003074.8:10751116-10752365	NC_003074.8	97.490	956	21	3	296	1250	17470174	17471127	0.0	1629
NC_003074.8:10751116-10752365	NC_003074.8	95.493	710	25	3	1	705	18843489	18844196	0.0	1127
NC_003074.8:10751116-10752365	NC_003074.8	97.115	520	15	0	731	1250	18844185	18844704	0.0	878
NC_003074.8:10751116-10752365	NC_003074.8	95.033	302	11	1	1	298	17469786	17470087	1.19e-131	472
NC_003074.8:10751116-10752365	NC_003074.8	97.436	39	1	0	765	803	17470535	17470573	6.54e-10	67.6
NC_003074.8:10751116-10752365	NC_003074.8	94.872	39	2	0	765	803	10751708	10751670	3.04e-08	62.1
NC_003074.8:10751116-10752365	NC_003074.8	94.872	39	2	0	765	803	18844148	18844186	3.04e-08	62.1
NC_003074.8:10751116-10752365	NC_003076.8	97.602	1251	25	2	1	1250	24002083	24003329	0.0	2139
NC_003074.8:10751116-10752365	NC_003076.8	96.178	1256	40	6	1	1250	7057391	7056138	0.0	2047
NC_003074.8:10751116-10752365	NC_003076.8	97.385	956	22	3	296	1250	23431931	23432884	0.0	1624
NC_003074.8:10751116-10752365	NC_003076.8	95.364	302	10	1	1	298	23431543	23431844	2.55e-133	477
NC_003074.8:10751116-10752365	NC_003076.8	80.693	606	64	27	110	704	10510779	10510216	1.21e-116	422
NC_003074.8:10751116-10752365	NC_003076.8	86.068	323	28	7	882	1200	10507301	10506992	2.10e-89	331
NC_003074.8:10751116-10752365	NC_003076.8	97.436	39	1	0	765	803	23432292	23432330	6.54e-10	67.6
NC_003074.8:10751116-10752365	NC_003071.7	96.326	1252	36	7	1	1250	15566812	15568055	0.0	2049
NC_003074.8:10751116-10752365	NC_003071.7	93.392	681	25	3	1	674	8895166	8894499	0.0	990
NC_003074.8:10751116-10752365	NC_003071.7	96.404	445	12	2	810	1250	8893981	8893537	0.0	730
NC_003074.8:10751116-10752365	NC_003071.7	97.436	39	1	0	765	803	15567465	15567503	6.54e-10	67.6
NC_003074.8:10717778-10718345	NC_003074.8	100.000	568	0	0	1	568	10718345	10717778	0.0	1050
NC_003074.8:10717778-10718345	NC_003074.8	92.416	567	29	6	1	554	10405396	10405961	0.0	797
NC_003074.8:10717778-10718345	NC_003074.8	92.115	558	39	5	1	554	10708625	10709181	0.0	782
NC_003074.8:10717778-10718345	NC_003074.8	92.115	558	27	5	15	558	18634490	18633936	0.0	771
NC_003074.8:10717778-10718345	NC_003074.8	91.696	566	31	8	1	554	23085531	23086092	0.0	771
NC_003074.8:10717778-10718345	NC_003074.8	91.607	560	33	4	7	553	11090997	11090439	0.0	761
NC_003074.8:10717778-10718345	NC_003074.8	90.989	566	37	3	1	553	14057124	14057688	0.0	750
NC_003074.8:10717778-10718345	NC_003074.8	90.893	560	43	5	1	554	7766062	7766619	0.0	745
NC_003074.8:10717778-10718345	NC_003074.8	89.863	582	43	4	1	567	19436871	19437451	0.0	734
NC_003074.8:10717778-10718345	NC_003074.8	90.502	558	46	5	1	552	16405196	16405752	0.0	730
NC_003074.8:10717778-10718345	NC_003074.8	90.442	565	38	8	1	552	16485869	16485308	0.0	730
NC_003074.8:10717778-10718345	NC_003074.8	89.828	580	30	5	1	552	10758580	10758002	0.0	717
NC_003074.8:10717778-10718345	NC_003074.8	89.601	577	33	10	3	554	6729497	6728923	0.0	708
NC_003074.8:10717778-10718345	NC_003074.8	89.558	565	33	7	1	552	17402552	17402001	0.0	693
NC_003074.8:10717778-10718345	NC_003074.8	88.927	587	27	18	1	552	19739757	19740340	0.0	689
NC_003074.8:10717778-10718345	NC_003074.8	87.346	569	54	6	1	553	5865864	5866430	0.0	636
NC_003074.8:10717778-10718345	NC_003074.8	86.823	554	62	7	1	552	11315007	11315551	3.84e-173	608
NC_003074.8:10717778-10718345	NC_003074.8	86.042	566	61	9	1	561	11132202	11132754	3.87e-168	592
NC_003074.8:10717778-10718345	NC_003074.8	86.067	567	48	7	1	552	7980633	7980083	8.38e-165	580
NC_003074.8:10717778-10718345	NC_003074.8	85.841	565	57	13	7	553	16723678	16723119	3.01e-164	579
NC_003074.8:10717778-10718345	NC_003074.8	86.116	533	56	10	1	530	423197	422680	3.93e-158	558
NC_003074.8:10717778-10718345	NC_003074.8	84.939	571	56	16	1	553	21552658	21552100	6.57e-156	551
NC_003074.8:10717778-10718345	NC_003074.8	92.448	384	27	2	1	384	4579237	4579618	8.50e-155	547
NC_003074.8:10717778-10718345	NC_003074.8	88.542	384	26	7	185	552	15814110	15814491	2.46e-125	449
NC_003074.8:10717778-10718345	NC_003074.8	86.170	376	40	5	184	552	16235030	16234660	3.26e-109	396
NC_003074.8:10717778-10718345	NC_003074.8	90.574	244	22	1	310	552	18885867	18885624	5.61e-87	322
NC_003074.8:10717778-10718345	NC_003074.8	90.000	210	16	3	332	537	8329280	8329488	2.66e-70	267
NC_003074.8:10717778-10718345	NC_003074.8	87.168	226	20	7	332	554	17209789	17209570	9.65e-65	248
NC_003074.8:10717778-10718345	NC_003074.8	83.594	256	22	9	332	568	18495382	18495128	5.85e-57	222
NC_003074.8:10717778-10718345	NC_003074.8	90.116	172	16	1	147	318	18887429	18887259	5.85e-57	222
NC_003074.8:10717778-10718345	NC_003074.8	84.519	239	20	8	332	555	6940832	6940596	2.10e-56	220
NC_003074.8:10717778-10718345	NC_003074.8	83.806	247	22	8	332	562	11588873	11588629	7.57e-56	219
NC_003074.8:10717778-10718345	NC_003074.8	91.250	160	14	0	405	564	20769746	20769587	7.57e-56	219
NC_003074.8:10717778-10718345	NC_003074.8	85.780	218	15	8	332	534	18171177	18170961	2.72e-55	217
NC_003074.8:10717778-10718345	NC_003074.8	83.966	237	22	6	332	552	16678267	16678503	3.52e-54	213
NC_003074.8:10717778-10718345	NC_003074.8	82.609	253	25	9	332	566	10901411	10901662	5.89e-52	206
NC_003074.8:10717778-10718345	NC_003074.8	89.933	149	13	2	407	554	8645194	8645341	1.65e-47	191
NC_003074.8:10717778-10718345	NC_003074.8	84.541	207	14	6	332	521	16534644	16534439	5.93e-47	189
NC_003074.8:10717778-10718345	NC_003074.8	89.726	146	12	3	408	552	19521084	19521227	2.76e-45	183
NC_003074.8:10717778-10718345	NC_003074.8	87.671	146	9	5	407	552	10681528	10681392	1.29e-38	161
NC_003074.8:10717778-10718345	NC_003074.8	93.458	107	7	0	1	107	7274660	7274766	4.65e-38	159
NC_003074.8:10717778-10718345	NC_003074.8	86.577	149	12	4	407	555	18172411	18172271	1.67e-37	158
NC_003074.8:10717778-10718345	NC_003074.8	88.991	109	8	4	448	554	4579602	4579708	1.01e-29	132
NC_003074.8:10717778-10718345	NC_003074.8	93.846	65	4	0	2	66	16235708	16235644	1.03e-19	99.0
NC_003074.8:10717778-10718345	NC_003074.8	90.476	63	4	2	43	103	21694229	21694291	1.04e-14	82.4
NC_003074.8:10717778-10718345	NC_003070.9	94.756	553	25	4	1	552	5899755	5899206	0.0	857
NC_003074.8:10717778-10718345	NC_003070.9	92.226	566	27	6	1	552	23125693	23125131	0.0	785
NC_003074.8:10717778-10718345	NC_003070.9	91.858	565	30	5	1	552	12097456	12098017	0.0	774
NC_003074.8:10717778-10718345	NC_003070.9	91.562	557	42	4	1	553	16401003	16400448	0.0	763
NC_003074.8:10717778-10718345	NC_003070.9	91.234	559	44	5	1	555	540987	540430	0.0	756
NC_003074.8:10717778-10718345	NC_003070.9	91.250	560	41	6	1	554	26880721	26881278	0.0	756
NC_003074.8:10717778-10718345	NC_003070.9	91.039	558	43	5	1	552	27240719	27241275	0.0	747
NC_003074.8:10717778-10718345	NC_003070.9	94.410	483	25	2	68	550	10930990	10931470	0.0	741
NC_003074.8:10717778-10718345	NC_003070.9	90.141	568	33	6	1	554	26511226	26510668	0.0	717
NC_003074.8:10717778-10718345	NC_003070.9	90.018	561	45	9	1	554	10591982	10591426	0.0	715
NC_003074.8:10717778-10718345	NC_003070.9	89.753	566	29	9	1	552	21918434	21918984	0.0	697
NC_003074.8:10717778-10718345	NC_003070.9	89.455	550	37	8	21	552	25779691	25780237	0.0	675
NC_003074.8:10717778-10718345	NC_003070.9	88.256	579	38	10	2	552	17502231	17502807	0.0	665
NC_003074.8:10717778-10718345	NC_003070.9	89.405	538	38	8	1	523	588027	587494	0.0	660
NC_003074.8:10717778-10718345	NC_003070.9	87.587	572	46	17	1	568	10853200	10852650	0.0	640
NC_003074.8:10717778-10718345	NC_003070.9	86.842	570	55	10	1	554	5862949	5863514	1.78e-176	619
NC_003074.8:10717778-10718345	NC_003070.9	87.040	571	44	9	1	555	11732352	11732908	6.38e-176	617
NC_003074.8:10717778-10718345	NC_003070.9	86.772	567	57	8	1	552	13811466	13810903	2.30e-175	616
NC_003074.8:10717778-10718345	NC_003070.9	88.955	507	43	10	25	530	2986868	2986374	8.26e-175	614
NC_003074.8:10717778-10718345	NC_003070.9	86.806	576	43	12	1	561	19769024	19769581	2.97e-174	612
NC_003074.8:10717778-10718345	NC_003070.9	86.467	569	59	6	1	552	13495989	13495422	3.84e-173	608
NC_003074.8:10717778-10718345	NC_003070.9	86.420	567	61	8	1	552	21739641	21739076	1.38e-172	606
NC_003074.8:10717778-10718345	NC_003070.9	89.452	493	33	7	1	478	6219140	6218652	4.97e-172	604
NC_003074.8:10717778-10718345	NC_003070.9	86.505	578	43	16	1	561	11804094	11803535	1.79e-171	603
NC_003074.8:10717778-10718345	NC_003070.9	86.356	579	45	13	1	552	13869873	13870444	6.43e-171	601
NC_003074.8:10717778-10718345	NC_003070.9	86.165	571	35	13	1	552	24645519	24646064	1.08e-163	577
NC_003074.8:10717778-10718345	NC_003070.9	85.464	571	51	15	1	555	28891930	28891376	2.35e-160	566
NC_003074.8:10717778-10718345	NC_003070.9	85.538	567	49	9	1	552	10021962	10021414	3.03e-159	562
NC_003074.8:10717778-10718345	NC_003070.9	89.906	426	38	4	2	424	2587832	2587409	1.10e-153	544
NC_003074.8:10717778-10718345	NC_003070.9	82.957	575	65	8	1	552	24718474	24719038	5.22e-137	488
NC_003074.8:10717778-10718345	NC_003070.9	92.275	233	16	2	322	552	2473131	2472899	3.35e-89	329
NC_003074.8:10717778-10718345	NC_003070.9	92.241	232	17	1	1	232	12240505	12240735	1.20e-88	327
NC_003074.8:10717778-10718345	NC_003070.9	91.379	232	19	1	1	232	13313923	13313693	2.61e-85	316
NC_003074.8:10717778-10718345	NC_003070.9	89.076	238	11	5	332	555	21615530	21615294	9.51e-75	281
NC_003074.8:10717778-10718345	NC_003070.9	88.158	228	21	4	332	555	3251256	3251481	2.66e-70	267
NC_003074.8:10717778-10718345	NC_003070.9	85.771	253	16	12	332	566	8622992	8622742	2.68e-65	250
NC_003074.8:10717778-10718345	NC_003070.9	86.250	240	15	5	332	553	20514335	20514574	1.25e-63	244
NC_003074.8:10717778-10718345	NC_003070.9	90.751	173	15	1	1	173	2473307	2473136	3.50e-59	230
NC_003074.8:10717778-10718345	NC_003070.9	91.566	166	13	1	404	568	13313665	13313500	1.26e-58	228
NC_003074.8:10717778-10718345	NC_003070.9	84.810	237	20	4	332	552	10579905	10580141	1.63e-57	224
NC_003074.8:10717778-10718345	NC_003070.9	93.960	149	8	1	404	552	12240763	12240910	1.63e-57	224
NC_003074.8:10717778-10718345	NC_003070.9	84.874	238	17	9	332	552	9418298	9418063	5.85e-57	222
NC_003074.8:10717778-10718345	NC_003070.9	84.388	237	19	8	332	552	21128636	21128870	2.72e-55	217
NC_003074.8:10717778-10718345	NC_003070.9	83.071	254	24	7	332	567	20559836	20559584	3.52e-54	213
NC_003074.8:10717778-10718345	NC_003070.9	83.830	235	23	7	332	552	696707	696474	4.55e-53	209
NC_003074.8:10717778-10718345	NC_003070.9	91.026	156	12	2	399	553	8539610	8539764	4.55e-53	209
NC_003074.8:10717778-10718345	NC_003070.9	91.946	149	10	2	405	552	9384307	9384160	1.64e-52	207
NC_003074.8:10717778-10718345	NC_003070.9	84.615	221	18	6	332	536	3762754	3762974	5.89e-52	206
NC_003074.8:10717778-10718345	NC_003070.9	91.892	148	11	1	405	552	14012958	14012812	5.89e-52	206
NC_003074.8:10717778-10718345	NC_003070.9	90.789	152	13	1	405	555	18300417	18300266	7.62e-51	202
NC_003074.8:10717778-10718345	NC_003070.9	82.773	238	25	5	332	553	11669593	11669356	9.86e-50	198
NC_003074.8:10717778-10718345	NC_003070.9	89.375	160	13	3	404	560	29078865	29079023	9.86e-50	198
NC_003074.8:10717778-10718345	NC_003070.9	90.667	150	10	4	405	552	25358275	25358422	3.55e-49	196
NC_003074.8:10717778-10718345	NC_003070.9	90.476	147	12	2	407	552	12458109	12458254	4.59e-48	193
NC_003074.8:10717778-10718345	NC_003070.9	85.567	194	13	4	332	511	14013607	14013415	5.93e-47	189
NC_003074.8:10717778-10718345	NC_003070.9	88.199	161	15	4	396	553	21336369	21336528	5.93e-47	189
NC_003074.8:10717778-10718345	NC_003070.9	89.474	152	11	4	408	555	19741686	19741536	2.13e-46	187
NC_003074.8:10717778-10718345	NC_003070.9	89.796	147	12	3	408	552	2587977	2587832	7.67e-46	185
NC_003074.8:10717778-10718345	NC_003070.9	89.333	150	13	3	405	552	8190411	8190559	7.67e-46	185
NC_003074.8:10717778-10718345	NC_003070.9	88.079	151	12	5	405	552	11174661	11174808	1.66e-42	174
NC_003074.8:10717778-10718345	NC_003070.9	88.356	146	13	4	408	552	17605993	17606135	5.97e-42	172
NC_003074.8:10717778-10718345	NC_003070.9	87.755	147	14	3	407	553	13879196	13879054	7.73e-41	169
NC_003074.8:10717778-10718345	NC_003070.9	85.119	168	19	6	404	567	12183552	12183387	2.78e-40	167
NC_003074.8:10717778-10718345	NC_003070.9	87.500	144	16	1	407	550	17632874	17633015	1.00e-39	165
NC_003074.8:10717778-10718345	NC_003070.9	86.667	150	15	5	408	556	20508979	20508834	1.29e-38	161
NC_003074.8:10717778-10718345	NC_003070.9	84.277	159	15	5	407	565	26307368	26307516	3.62e-34	147
NC_003074.8:10717778-10718345	NC_003070.9	81.977	172	18	4	406	565	2587371	2587201	2.82e-30	134
NC_003074.8:10717778-10718345	NC_003070.9	88.421	95	10	1	1	94	1160224	1160318	3.67e-24	113
NC_003074.8:10717778-10718345	NC_003070.9	88.298	94	11	0	2	95	14013409	14013316	3.67e-24	113
NC_003074.8:10717778-10718345	NC_003070.9	87.500	96	11	1	1	95	11174210	11174305	4.75e-23	110
NC_003074.8:10717778-10718345	NC_003070.9	91.892	74	6	0	2	75	12525582	12525655	2.21e-21	104
NC_003074.8:10717778-10718345	NC_003070.9	81.818	110	19	1	1	109	21388999	21388890	1.72e-17	91.6
NC_003074.8:10717778-10718345	NC_003071.7	92.920	565	25	5	1	552	5037751	5038313	0.0	808
NC_003074.8:10717778-10718345	NC_003071.7	91.234	559	42	5	1	553	6207151	6206594	0.0	754
NC_003074.8:10717778-10718345	NC_003071.7	89.928	556	42	12	1	550	9226025	9225478	0.0	704
NC_003074.8:10717778-10718345	NC_003071.7	89.298	570	39	12	1	554	7340381	7340944	0.0	695
NC_003074.8:10717778-10718345	NC_003071.7	88.732	568	48	5	1	553	5010652	5010086	0.0	680
NC_003074.8:10717778-10718345	NC_003071.7	90.448	513	28	8	21	515	17147639	17147130	0.0	656
NC_003074.8:10717778-10718345	NC_003071.7	87.324	568	53	5	1	554	1596919	1597481	2.28e-180	632
NC_003074.8:10717778-10718345	NC_003071.7	86.995	569	54	10	1	552	2138820	2139385	1.37e-177	623
NC_003074.8:10717778-10718345	NC_003071.7	86.643	569	45	7	1	554	13101810	13102362	6.43e-171	601
NC_003074.8:10717778-10718345	NC_003071.7	86.189	572	51	15	1	554	9860514	9859953	1.08e-168	593
NC_003074.8:10717778-10718345	NC_003071.7	89.979	469	31	5	25	478	19172644	19172177	3.87e-168	592
NC_003074.8:10717778-10718345	NC_003071.7	86.034	580	46	13	1	564	13885931	13886491	1.39e-167	590
NC_003074.8:10717778-10718345	NC_003071.7	86.243	567	47	7	1	552	12556654	12557204	1.80e-166	586
NC_003074.8:10717778-10718345	NC_003071.7	85.971	556	65	7	1	553	19623102	19623647	2.33e-165	582
NC_003074.8:10717778-10718345	NC_003071.7	85.921	554	66	6	1	552	1670334	1669791	8.38e-165	580
NC_003074.8:10717778-10718345	NC_003071.7	85.106	564	69	8	1	559	15134225	15134778	3.03e-159	562
NC_003074.8:10717778-10718345	NC_003071.7	85.089	503	63	7	7	508	19243129	19242638	1.87e-141	503
NC_003074.8:10717778-10718345	NC_003071.7	94.470	217	10	2	1	217	9433091	9433305	2.59e-90	333
NC_003074.8:10717778-10718345	NC_003071.7	84.571	350	36	6	218	552	4305944	4306290	9.32e-90	331
NC_003074.8:10717778-10718345	NC_003071.7	87.342	237	14	3	333	553	10996418	10996182	1.60e-67	257
NC_003074.8:10717778-10718345	NC_003071.7	90.625	192	15	3	332	521	9455967	9456157	7.46e-66	252
NC_003074.8:10717778-10718345	NC_003071.7	84.388	237	21	6	332	552	1322206	1321970	7.57e-56	219
NC_003074.8:10717778-10718345	NC_003071.7	83.071	254	23	8	332	567	3197853	3197602	3.52e-54	213
NC_003074.8:10717778-10718345	NC_003071.7	85.990	207	13	4	362	552	2320728	2320934	1.64e-52	207
NC_003074.8:10717778-10718345	NC_003071.7	88.506	174	16	3	388	558	9311453	9311625	1.64e-52	207
NC_003074.8:10717778-10718345	NC_003071.7	90.728	151	12	2	405	554	7178868	7179017	2.74e-50	200
NC_003074.8:10717778-10718345	NC_003071.7	89.474	152	13	2	405	553	826124	826275	5.93e-47	189
NC_003074.8:10717778-10718345	NC_003071.7	89.796	147	14	1	407	552	4758247	4758101	2.13e-46	187
NC_003074.8:10717778-10718345	NC_003071.7	89.041	146	13	3	408	552	11597736	11597879	1.28e-43	178
NC_003074.8:10717778-10718345	NC_003071.7	86.986	146	11	4	407	552	8907859	8907996	1.67e-37	158
NC_003074.8:10717778-10718345	NC_003071.7	85.621	153	13	5	407	558	9891383	9891239	7.78e-36	152
NC_003074.8:10717778-10718345	NC_003071.7	86.822	129	16	1	424	552	1242847	1242974	4.68e-33	143
NC_003074.8:10717778-10718345	NC_003071.7	84.247	146	15	4	407	552	17992681	17992544	7.84e-31	135
NC_003074.8:10717778-10718345	NC_003071.7	94.667	75	4	0	1	75	6411149	6411223	2.84e-25	117
NC_003074.8:10717778-10718345	NC_003071.7	84.444	90	13	1	7	95	17993082	17992993	2.23e-16	87.9
NC_003074.8:10717778-10718345	NC_003071.7	81.481	81	14	1	423	503	6626757	6626678	1.04e-09	65.8
NC_003074.8:10717778-10718345	NC_003075.7	92.254	568	29	3	1	555	1521257	1521822	0.0	791
NC_003074.8:10717778-10718345	NC_003075.7	91.858	565	31	3	1	552	6115341	6115903	0.0	774
NC_003074.8:10717778-10718345	NC_003075.7	90.636	566	38	4	1	553	572759	572196	0.0	737
NC_003074.8:10717778-10718345	NC_003075.7	87.770	556	55	11	1	554	8947760	8947216	0.0	638
NC_003074.8:10717778-10718345	NC_003075.7	86.971	591	46	13	2	565	14458283	14457697	0.0	636
NC_003074.8:10717778-10718345	NC_003075.7	87.478	559	59	10	1	554	6340022	6339470	0.0	634
NC_003074.8:10717778-10718345	NC_003075.7	86.941	559	62	6	1	558	12365606	12365058	6.38e-176	617
NC_003074.8:10717778-10718345	NC_003075.7	86.643	569	60	6	1	555	5392283	5391717	2.30e-175	616
NC_003074.8:10717778-10718345	NC_003075.7	86.482	577	46	7	1	561	9112130	9111570	4.97e-172	604
NC_003074.8:10717778-10718345	NC_003075.7	86.332	578	46	12	1	552	12607047	12606477	2.31e-170	599
NC_003074.8:10717778-10718345	NC_003075.7	85.946	555	66	6	1	553	15442194	15441650	2.33e-165	582
NC_003074.8:10717778-10718345	NC_003075.7	86.567	536	53	11	1	521	824053	823522	1.40e-162	573
NC_003074.8:10717778-10718345	NC_003075.7	87.755	490	45	6	1	476	6660987	6661475	3.93e-158	558
NC_003074.8:10717778-10718345	NC_003075.7	89.024	328	22	4	246	560	2553631	2553957	1.17e-108	394
NC_003074.8:10717778-10718345	NC_003075.7	86.885	244	13	8	332	560	6243586	6243825	5.77e-67	255
NC_003074.8:10717778-10718345	NC_003075.7	84.937	239	18	7	332	552	8899727	8899965	4.52e-58	226
NC_003074.8:10717778-10718345	NC_003075.7	90.625	160	13	1	396	555	9146869	9147026	1.27e-53	211
NC_003074.8:10717778-10718345	NC_003075.7	92.517	147	9	2	408	553	6426761	6426616	4.55e-53	209
NC_003074.8:10717778-10718345	NC_003075.7	89.024	164	16	2	405	567	6168501	6168339	7.62e-51	202
NC_003074.8:10717778-10718345	NC_003075.7	91.096	146	11	2	408	552	7906224	7906368	3.55e-49	196
NC_003074.8:10717778-10718345	NC_003075.7	90.604	149	11	3	408	554	7155231	7155378	1.28e-48	195
NC_003074.8:10717778-10718345	NC_003075.7	87.135	171	7	3	332	487	8820042	8819872	3.57e-44	180
NC_003074.8:10717778-10718345	NC_003075.7	88.276	145	17	0	408	552	6414198	6414054	1.66e-42	174
NC_003074.8:10717778-10718345	NC_003075.7	87.919	149	17	1	405	553	6895094	6894947	1.66e-42	174
NC_003074.8:10717778-10718345	NC_003075.7	85.185	162	15	3	394	554	7652978	7653131	1.67e-37	158
NC_003074.8:10717778-10718345	NC_003075.7	85.366	123	8	6	407	529	12968031	12967919	7.89e-26	119
NC_003074.8:10717778-10718345	NC_003075.7	88.542	96	10	1	1	95	7830150	7830245	1.02e-24	115
NC_003074.8:10717778-10718345	NC_003075.7	88.421	95	11	0	1	95	9146443	9146537	1.02e-24	115
NC_003074.8:10717778-10718345	NC_003076.8	92.212	565	30	3	1	552	17726422	17726985	0.0	787
NC_003074.8:10717778-10718345	NC_003076.8	91.373	568	36	2	1	556	5625058	5625624	0.0	765
NC_003074.8:10717778-10718345	NC_003076.8	91.444	561	41	4	1	555	13892686	13892127	0.0	763
NC_003074.8:10717778-10718345	NC_003076.8	91.444	561	38	3	1	561	14104208	14103658	0.0	761
NC_003074.8:10717778-10718345	NC_003076.8	91.562	557	40	5	1	552	14810271	14810825	0.0	761
NC_003074.8:10717778-10718345	NC_003076.8	90.909	572	43	7	1	564	16870923	16871493	0.0	760
NC_003074.8:10717778-10718345	NC_003076.8	91.234	559	41	5	1	552	9558216	9557659	0.0	754
NC_003074.8:10717778-10718345	NC_003076.8	91.005	567	37	3	1	554	24448812	24449377	0.0	752
NC_003074.8:10717778-10718345	NC_003076.8	88.621	580	36	9	1	552	7417331	7417908	0.0	678
NC_003074.8:10717778-10718345	NC_003076.8	88.652	564	39	5	1	552	19101558	19102108	0.0	664
NC_003074.8:10717778-10718345	NC_003076.8	87.762	572	44	14	1	567	15580807	15581357	0.0	645
NC_003074.8:10717778-10718345	NC_003076.8	86.620	568	62	9	1	565	17043358	17043914	2.30e-175	616
NC_003074.8:10717778-10718345	NC_003076.8	86.747	581	44	9	1	566	26787654	26787092	2.30e-175	616
NC_003074.8:10717778-10718345	NC_003076.8	86.726	565	47	12	1	554	8748925	8749472	1.79e-171	603
NC_003074.8:10717778-10718345	NC_003076.8	86.292	569	59	10	1	554	22621740	22621176	6.43e-171	601
NC_003074.8:10717778-10718345	NC_003076.8	86.116	569	60	11	1	552	3566350	3566916	2.99e-169	595
NC_003074.8:10717778-10718345	NC_003076.8	85.965	570	59	10	1	552	9068735	9068169	1.39e-167	590
NC_003074.8:10717778-10718345	NC_003076.8	93.401	394	22	3	3	393	15882295	15882687	8.38e-165	580
NC_003074.8:10717778-10718345	NC_003076.8	88.039	510	35	10	1	497	22335576	22335080	8.38e-165	580
NC_003074.8:10717778-10718345	NC_003076.8	89.316	468	32	6	26	478	26015331	26015795	5.04e-162	571
NC_003074.8:10717778-10718345	NC_003076.8	91.346	416	33	2	1	414	24117960	24118374	2.35e-160	566
NC_003074.8:10717778-10718345	NC_003076.8	85.766	555	52	11	1	553	7069989	7070518	3.03e-159	562
NC_003074.8:10717778-10718345	NC_003076.8	85.231	562	64	11	1	558	16712851	16713397	1.09e-158	560
NC_003074.8:10717778-10718345	NC_003076.8	85.435	563	48	9	7	552	6420372	6419827	5.08e-157	555
NC_003074.8:10717778-10718345	NC_003076.8	84.331	568	51	12	1	552	9854346	9854891	5.15e-147	521
NC_003074.8:10717778-10718345	NC_003076.8	84.229	558	58	8	1	553	4936961	4937493	2.40e-145	516
NC_003074.8:10717778-10718345	NC_003076.8	91.594	345	23	4	211	552	14395374	14395033	5.26e-132	472
NC_003074.8:10717778-10718345	NC_003076.8	91.594	345	23	4	211	552	14454673	14454332	5.26e-132	472
NC_003074.8:10717778-10718345	NC_003076.8	88.205	390	45	1	1	390	706997	706609	8.80e-130	464
NC_003074.8:10717778-10718345	NC_003076.8	93.534	232	13	2	1	232	13231669	13231898	1.20e-93	344
NC_003074.8:10717778-10718345	NC_003076.8	88.772	285	16	5	282	552	6702209	6701927	7.20e-91	335
NC_003074.8:10717778-10718345	NC_003076.8	90.157	254	18	4	301	554	24586812	24587058	1.56e-87	324
NC_003074.8:10717778-10718345	NC_003076.8	93.023	215	12	3	205	418	13678951	13678739	1.21e-83	311
NC_003074.8:10717778-10718345	NC_003076.8	91.346	208	18	0	3	210	14395843	14395636	7.36e-76	285
NC_003074.8:10717778-10718345	NC_003076.8	91.346	208	18	0	3	210	14455142	14454935	7.36e-76	285
NC_003074.8:10717778-10718345	NC_003076.8	90.278	216	19	2	1	216	6702418	6702205	9.51e-75	281
NC_003074.8:10717778-10718345	NC_003076.8	87.712	236	15	3	332	554	13734262	13734496	3.45e-69	263
NC_003074.8:10717778-10718345	NC_003076.8	88.341	223	18	2	67	289	17885905	17885691	1.24e-68	261
NC_003074.8:10717778-10718345	NC_003076.8	86.920	237	15	6	332	553	8602053	8601818	7.46e-66	252
NC_003074.8:10717778-10718345	NC_003076.8	87.168	226	22	4	332	554	19408597	19408376	2.68e-65	250
NC_003074.8:10717778-10718345	NC_003076.8	86.441	236	15	7	332	552	20278847	20278614	4.49e-63	243
NC_003074.8:10717778-10718345	NC_003076.8	93.960	149	8	1	404	552	13231926	13232073	1.63e-57	224
NC_003074.8:10717778-10718345	NC_003076.8	84.519	239	21	4	332	554	15162886	15163124	5.85e-57	222
NC_003074.8:10717778-10718345	NC_003076.8	90.361	166	15	1	404	568	14880665	14880830	2.72e-55	217
NC_003074.8:10717778-10718345	NC_003076.8	84.932	219	17	6	332	536	5648113	5647897	1.64e-52	207
NC_003074.8:10717778-10718345	NC_003076.8	83.193	238	29	10	332	562	23129564	23129331	1.64e-52	207
NC_003074.8:10717778-10718345	NC_003076.8	85.437	206	13	7	332	521	15535363	15535159	9.86e-50	198
NC_003074.8:10717778-10718345	NC_003076.8	90.000	150	11	4	405	552	15031061	15030914	1.65e-47	191
NC_003074.8:10717778-10718345	NC_003076.8	89.865	148	15	0	405	552	16030696	16030549	1.65e-47	191
NC_003074.8:10717778-10718345	NC_003076.8	81.250	256	29	9	332	568	7488328	7488073	5.93e-47	189
NC_003074.8:10717778-10718345	NC_003076.8	92.800	125	7	1	428	552	13677934	13677812	3.57e-44	180
NC_003074.8:10717778-10718345	NC_003076.8	85.475	179	18	4	349	525	17247876	17247704	3.57e-44	180
NC_003074.8:10717778-10718345	NC_003076.8	88.591	149	7	6	407	554	10041949	10041810	5.97e-42	172
NC_003074.8:10717778-10718345	NC_003076.8	91.870	123	10	0	399	521	19480020	19480142	5.97e-42	172
NC_003074.8:10717778-10718345	NC_003076.8	86.842	152	18	2	405	555	9546186	9546336	7.73e-41	169
NC_003074.8:10717778-10718345	NC_003076.8	86.538	156	16	5	408	561	20674378	20674226	2.78e-40	167
NC_003074.8:10717778-10718345	NC_003076.8	85.714	147	11	6	407	552	19114718	19114581	3.62e-34	147
NC_003074.8:10717778-10718345	NC_003076.8	85.616	146	13	4	407	552	22464065	22464202	3.62e-34	147
NC_003074.8:10717778-10718345	NC_003076.8	86.822	129	14	3	424	550	9978715	9978588	1.68e-32	141
NC_003074.8:10717778-10718345	NC_003076.8	85.000	140	6	3	332	456	9867496	9867635	1.31e-28	128
NC_003074.8:10717778-10718345	NC_003076.8	91.765	85	6	1	1	85	14216354	14216271	2.84e-25	117
NC_003074.8:10717778-10718345	NC_003076.8	79.213	178	19	10	408	568	25179220	25179396	1.71e-22	108
NC_003074.8:10717778-10718345	NC_003076.8	83.871	93	14	1	4	95	22463661	22463753	2.23e-16	87.9
NC_003074.8:10791095-10791553	NC_003074.8	100.000	459	0	0	1	459	10791553	10791095	0.0	848
NC_003074.8:10791095-10791553	NC_003074.8	93.651	441	27	1	5	444	16851842	16851402	0.0	658
NC_003074.8:10791095-10791553	NC_003074.8	93.607	438	27	1	5	441	15783155	15783592	0.0	652
NC_003074.8:10791095-10791553	NC_003074.8	93.213	442	28	2	2	442	18976717	18977157	0.0	649
NC_003074.8:10791095-10791553	NC_003074.8	94.853	408	20	1	3	409	15642911	15643318	0.0	636
NC_003074.8:10791095-10791553	NC_003074.8	91.324	438	37	1	5	441	19648580	19648143	6.65e-170	597
NC_003074.8:10791095-10791553	NC_003074.8	91.696	289	23	1	154	441	10908292	10908004	2.01e-110	399
NC_003074.8:10791095-10791553	NC_003074.8	80.690	435	56	17	8	438	538783	539193	2.70e-84	313
NC_003074.8:10791095-10791553	NC_003074.8	91.905	210	17	0	5	214	10908474	10908265	9.76e-79	294
NC_003074.8:10791095-10791553	NC_003074.8	92.268	194	14	1	4	197	14785552	14785360	1.27e-72	274
NC_003074.8:10791095-10791553	NC_003074.8	86.555	119	9	4	339	450	14785302	14785184	1.36e-27	124
NC_003074.8:10791095-10791553	NC_003074.8	85.586	111	9	6	339	444	9767999	9768107	3.80e-23	110
NC_003074.8:10791095-10791553	NC_003075.7	93.836	438	26	1	5	441	4650110	4650547	0.0	658
NC_003074.8:10791095-10791553	NC_003075.7	93.454	443	25	4	5	445	2316524	2316084	0.0	654
NC_003074.8:10791095-10791553	NC_003075.7	92.809	445	30	2	1	444	12714139	12713696	0.0	643
NC_003074.8:10791095-10791553	NC_003075.7	92.922	438	30	1	5	441	4685638	4686075	0.0	636
NC_003074.8:10791095-10791553	NC_003075.7	89.865	444	43	2	5	447	16705425	16705867	1.45e-161	569
NC_003074.8:10791095-10791553	NC_003075.7	93.275	342	19	4	5	344	4906330	4905991	5.36e-141	501
NC_003074.8:10791095-10791553	NC_003075.7	93.382	272	18	0	5	276	4909348	4909077	1.55e-111	403
NC_003074.8:10791095-10791553	NC_003075.7	90.206	194	18	1	5	197	4876061	4875868	5.96e-66	252
NC_003074.8:10791095-10791553	NC_003075.7	89.305	187	19	1	5	191	15592391	15592206	2.16e-60	233
NC_003074.8:10791095-10791553	NC_003070.9	93.607	438	26	2	5	441	9062084	9062520	0.0	652
NC_003074.8:10791095-10791553	NC_003070.9	90.043	462	40	5	1	459	10652934	10652476	8.60e-169	593
NC_003074.8:10791095-10791553	NC_003070.9	93.484	399	23	2	5	402	8723513	8723117	1.11e-167	590
NC_003074.8:10791095-10791553	NC_003070.9	90.541	444	29	3	3	445	18287191	18287622	3.11e-163	575
NC_003074.8:10791095-10791553	NC_003070.9	94.231	260	14	1	187	445	13808353	13808612	2.60e-109	396
NC_003074.8:10791095-10791553	NC_003070.9	82.273	440	46	19	8	441	16998809	16998396	5.71e-96	351
NC_003074.8:10791095-10791553	NC_003070.9	81.279	438	54	18	8	441	28750313	28749900	2.68e-89	329
NC_003074.8:10791095-10791553	NC_003070.9	92.093	215	16	1	5	218	8375151	8374937	5.83e-81	302
NC_003074.8:10791095-10791553	NC_003070.9	92.093	215	16	1	5	218	16822273	16822487	5.83e-81	302
NC_003074.8:10791095-10791553	NC_003070.9	91.000	200	17	1	17	215	18126616	18126815	5.92e-71	268
NC_003074.8:10791095-10791553	NC_003070.9	91.257	183	13	3	1	181	13808199	13808380	2.77e-64	246
NC_003074.8:10791095-10791553	NC_003070.9	82.114	123	18	4	1	121	13496479	13496359	6.35e-21	102
NC_003074.8:10791095-10791553	NC_003076.8	93.607	438	25	3	5	439	8178107	8177670	0.0	651
NC_003074.8:10791095-10791553	NC_003076.8	95.074	406	19	1	5	409	17438315	17438720	0.0	638
NC_003074.8:10791095-10791553	NC_003076.8	90.888	439	26	4	5	442	15213323	15212898	8.66e-164	577
NC_003074.8:10791095-10791553	NC_003076.8	90.271	442	39	4	5	444	14985232	14984793	3.11e-163	575
NC_003074.8:10791095-10791553	NC_003076.8	80.444	450	60	21	8	452	26233530	26233104	5.79e-86	318
NC_003074.8:10791095-10791553	NC_003076.8	92.683	205	14	1	11	215	13608302	13608505	9.76e-79	294
NC_003074.8:10791095-10791553	NC_003076.8	91.163	215	18	1	1	215	18113639	18113852	1.26e-77	291
NC_003074.8:10791095-10791553	NC_003076.8	90.741	216	17	3	5	218	8808995	8809209	5.88e-76	285
NC_003074.8:10791095-10791553	NC_003076.8	90.625	192	18	0	5	196	18147553	18147744	4.61e-67	255
NC_003074.8:10791095-10791553	NC_003076.8	87.255	204	25	1	12	215	16480788	16480990	7.76e-60	231
NC_003074.8:10791095-10791553	NC_003076.8	89.256	121	10	3	338	456	18113899	18114018	8.04e-35	148
NC_003074.8:10791095-10791553	NC_003076.8	87.931	116	13	1	339	453	18147804	18147919	6.26e-31	135
NC_003074.8:10791095-10791553	NC_003076.8	88.660	97	9	2	339	433	16481092	16481188	2.27e-25	117
NC_003074.8:10791095-10791553	NC_003071.7	92.694	438	31	1	5	441	2735215	2734778	6.55e-180	630
NC_003074.8:10791095-10791553	NC_003071.7	92.466	438	31	2	5	441	2820420	2820856	3.05e-178	625
NC_003074.8:10791095-10791553	NC_003071.7	91.972	436	33	2	1	434	6946150	6946585	8.54e-174	610
NC_003074.8:10791095-10791553	NC_003071.7	91.034	435	26	6	5	438	4307703	4307281	3.11e-163	575
NC_003074.8:10791095-10791553	NC_003071.7	92.925	212	14	1	8	218	11129216	11129005	1.25e-82	307
NC_003074.8:10791095-10791553	NC_003071.7	91.705	217	14	4	5	218	19269200	19268985	7.55e-80	298
NC_003074.8:10791095-10791553	NC_003071.7	91.943	211	16	1	5	214	510988	511198	9.76e-79	294
NC_003074.8:10791095-10791553	NC_003071.7	91.244	217	18	1	3	218	10406499	10406715	9.76e-79	294
NC_003074.8:10791095-10791553	NC_003071.7	93.836	146	8	1	297	441	511194	511339	6.04e-56	219
NC_003074.8:10791095-10791553	NC_003071.7	89.091	110	9	3	344	451	11128909	11128801	2.25e-30	134
NC_003074.8:10791095-10791553	NC_003071.7	86.842	114	12	3	339	450	19268701	19268589	1.36e-27	124
NC_003074.8:14006979-14013144	NC_003074.8	100.000	6166	0	0	1	6166	14006979	14013144	0.0	11387
NC_003074.8:14006979-14013144	NC_003074.8	94.809	1098	55	2	1	1098	14012867	14013962	0.0	1711
NC_003074.8:14006979-14013144	NC_003074.8	93.769	337	20	1	5831	6166	14006921	14007257	5.87e-141	505
NC_003074.8:14006979-14013144	NC_003074.8	93.750	160	10	0	935	1094	15649897	15650056	1.83e-61	241
NC_003074.8:14006979-14013144	NC_003075.7	92.836	2652	160	17	1	2632	2044286	2041645	0.0	3818
NC_003074.8:14006979-14013144	NC_003075.7	94.279	1206	68	1	2697	3902	2041644	2040440	0.0	1844
NC_003074.8:14006979-14013144	NC_003075.7	93.769	337	20	1	5831	6166	2044344	2044008	5.87e-141	505
NC_003074.8:14006979-14013144	NC_003071.7	95.576	2125	93	1	3876	5999	6095107	6097231	0.0	3402
NC_003074.8:14006979-14013144	NC_003071.7	92.120	1764	126	9	2	1758	6092244	6094001	0.0	2475
NC_003074.8:14006979-14013144	NC_003071.7	94.731	930	48	1	166	1094	6097226	6098155	0.0	1445
NC_003074.8:14006979-14013144	NC_003071.7	81.504	838	131	15	261	1095	10408356	10407540	0.0	667
NC_003074.8:14006979-14013144	NC_003071.7	90.588	340	31	1	5828	6166	6092182	6092521	2.79e-124	449
NC_003074.8:14006979-14013144	NC_003071.7	98.214	112	2	0	6055	6166	6097228	6097339	4.01e-48	196
NC_003074.8:14006979-14013144	NC_003071.7	94.595	111	6	0	1	111	6097121	6097231	6.77e-41	172
NC_003074.8:14006979-14013144	NC_003076.8	89.819	1935	145	20	1	1915	11483034	11484936	0.0	2435
NC_003074.8:14006979-14013144	NC_003076.8	88.099	563	40	4	5607	6166	11484934	11485472	0.0	643
NC_003074.8:14006979-14013144	NC_003076.8	93.907	279	17	0	1	279	11485194	11485472	6.08e-116	422
NC_003074.8:14006979-14013144	NC_003076.8	90.323	279	26	1	5889	6166	11483034	11483312	1.04e-98	364
NC_003074.8:14006979-14013144	NC_003076.8	95.050	202	10	0	891	1092	11485471	11485672	8.21e-85	318
NC_003074.8:14006979-14013144	NC_003076.8	89.286	112	12	0	951	1062	13926955	13926844	1.91e-31	141
NC_003074.8:13067386-13067862	NC_003074.8	100.000	477	0	0	1	477	13067386	13067862	0.0	881
NC_003074.8:13067386-13067862	NC_003076.8	79.089	483	87	8	1	477	9013765	9013291	1.68e-86	320
NC_003074.8:13067386-13067862	NC_003071.7	75.688	218	44	3	90	306	6414522	6414731	2.38e-20	100
NC_003076.8:13498550-13500000	NC_003076.8	100.000	1451	0	0	1	1451	13500000	13498550	0.0	2680
NC_003076.8:13498550-13500000	NC_003076.8	90.631	523	35	9	487	997	10288879	10288359	0.0	682
NC_003076.8:13498550-13500000	NC_003076.8	89.431	492	46	6	488	976	14214601	14215089	6.03e-175	616
NC_003076.8:13498550-13500000	NC_003076.8	88.477	512	32	11	488	997	9665507	9665021	2.83e-168	593
NC_003076.8:13498550-13500000	NC_003076.8	87.730	489	37	14	1	473	10715953	10716434	6.21e-155	549
NC_003076.8:13498550-13500000	NC_003076.8	85.163	492	50	15	1	476	9666053	9665569	6.38e-135	483
NC_003076.8:13498550-13500000	NC_003076.8	84.800	500	38	22	1	477	14214055	14214539	1.79e-130	468
NC_003076.8:13498550-13500000	NC_003076.8	83.385	325	32	14	169	476	10289259	10288940	2.50e-74	281
NC_003076.8:13498550-13500000	NC_003076.8	91.720	157	11	2	488	643	10716499	10716654	7.15e-55	217
NC_003076.8:13498550-13500000	NC_003076.8	93.617	94	6	0	1022	1115	9664912	9665005	4.43e-32	141
NC_003076.8:13498550-13500000	NC_003076.8	93.617	94	6	0	1022	1115	14215214	14215121	4.43e-32	141
NC_003076.8:13498550-13500000	NC_003076.8	92.473	93	7	0	1023	1115	10288251	10288343	7.41e-30	134
NC_003076.8:13498550-13500000	NC_003070.9	86.473	1375	103	50	13	1318	11991215	11992575	0.0	1432
NC_003076.8:13498550-13500000	NC_003070.9	94.603	315	16	1	1134	1447	19763297	19763611	4.94e-136	486
NC_003076.8:13498550-13500000	NC_003070.9	85.481	489	37	19	1	473	17109161	17109631	8.26e-134	479
NC_003076.8:13498550-13500000	NC_003070.9	94.915	236	7	5	479	712	19763052	19763284	2.41e-99	364
NC_003076.8:13498550-13500000	NC_003070.9	82.353	374	33	18	488	858	17109696	17110039	3.21e-78	294
NC_003076.8:13498550-13500000	NC_003070.9	94.017	117	7	0	860	976	17110103	17110219	3.37e-43	178
NC_003076.8:13498550-13500000	NC_003070.9	93.617	94	6	0	1022	1115	17110344	17110251	4.43e-32	141
NC_003076.8:13498550-13500000	NC_003074.8	88.727	958	82	14	502	1447	15947022	15946079	0.0	1147
NC_003076.8:13498550-13500000	NC_003074.8	90.300	866	69	9	588	1448	15504628	15505483	0.0	1120
NC_003076.8:13498550-13500000	NC_003074.8	89.388	490	49	3	488	975	10837185	10837673	2.17e-174	614
NC_003076.8:13498550-13500000	NC_003074.8	86.327	490	44	14	1	473	10836637	10837120	8.14e-144	512
NC_003076.8:13498550-13500000	NC_003074.8	85.625	480	39	22	15	476	15947630	15947163	2.97e-133	477
NC_003076.8:13498550-13500000	NC_003074.8	81.496	508	39	22	1	473	15504011	15504498	6.71e-100	366
NC_003076.8:13498550-13500000	NC_003074.8	88.000	275	30	3	1180	1451	10837794	10838068	1.47e-86	322
NC_003076.8:13498550-13500000	NC_003074.8	92.241	116	9	0	860	975	17986348	17986463	2.63e-39	165
NC_003076.8:13498550-13500000	NC_003074.8	92.135	89	7	0	1022	1110	10837787	10837699	1.24e-27	126
NC_003076.8:13498550-13500000	NC_003074.8	97.619	42	1	0	1074	1115	17986537	17986496	1.64e-11	73.1
NC_003076.8:13498550-13500000	NC_003075.7	85.811	1036	84	37	1	997	5228293	5229304	0.0	1040
NC_003076.8:13498550-13500000	NC_003071.7	89.528	487	47	4	491	975	6416415	6415931	2.17e-174	614
NC_003076.8:13498550-13500000	NC_003071.7	85.801	493	45	15	1	476	6416965	6416481	6.34e-140	499
NC_003076.8:13498550-13500000	NC_003071.7	86.287	474	41	18	11	476	2175345	2174888	2.95e-138	494
NC_003076.8:13498550-13500000	NC_003071.7	87.984	258	19	7	491	742	2174827	2174576	3.21e-78	294
NC_003076.8:13498550-13500000	NC_003071.7	92.553	94	7	0	1022	1115	6415805	6415898	2.06e-30	135
