NC_003076.8:13677812-13679038	NC_003076.8	100.000	1227	0	0	1	1227	13679038	13677812	0.0	2266
NC_003076.8:13677812-13679038	NC_003076.8	91.584	808	45	14	322	1108	3161624	3162429	0.0	1094
NC_003076.8:13677812-13679038	NC_003076.8	91.224	809	42	15	322	1110	24695350	24696149	0.0	1074
NC_003076.8:13677812-13679038	NC_003076.8	92.867	729	29	14	322	1029	4530307	4529581	0.0	1037
NC_003076.8:13677812-13679038	NC_003076.8	84.991	533	40	16	352	847	14232006	14232535	1.15e-141	505
NC_003076.8:13677812-13679038	NC_003076.8	82.692	468	44	14	322	780	15018514	15018075	2.02e-104	381
NC_003076.8:13677812-13679038	NC_003076.8	95.000	240	11	1	867	1106	5098296	5098534	9.39e-103	375
NC_003076.8:13677812-13679038	NC_003076.8	93.307	254	11	6	857	1106	8896899	8896648	4.37e-101	370
NC_003076.8:13677812-13679038	NC_003076.8	94.937	237	11	1	88	324	17726626	17726861	4.37e-101	370
NC_003076.8:13677812-13679038	NC_003076.8	94.093	237	12	1	88	324	19101750	19101984	9.46e-98	359
NC_003076.8:13677812-13679038	NC_003076.8	93.697	238	14	1	88	324	26015508	26015745	1.22e-96	355
NC_003076.8:13677812-13679038	NC_003076.8	93.671	237	14	1	88	324	22335384	22335149	4.40e-96	353
NC_003076.8:13677812-13679038	NC_003076.8	92.827	237	15	2	88	324	5625262	5625496	9.53e-93	342
NC_003076.8:13677812-13679038	NC_003076.8	92.437	238	17	1	88	324	7417535	7417772	1.23e-91	339
NC_003076.8:13677812-13679038	NC_003076.8	93.548	217	13	1	867	1083	20788599	20788814	1.24e-86	322
NC_003076.8:13677812-13679038	NC_003076.8	93.925	214	10	3	88	300	14104004	14103793	4.46e-86	320
NC_003076.8:13677812-13679038	NC_003076.8	91.453	234	18	2	88	320	24118164	24118396	4.46e-86	320
NC_003076.8:13677812-13679038	NC_003076.8	93.458	214	10	2	88	297	14810474	14810687	2.08e-84	315
NC_003076.8:13677812-13679038	NC_003076.8	93.023	215	10	3	88	297	16871127	16871341	9.66e-83	309
NC_003076.8:13677812-13679038	NC_003076.8	92.093	215	12	3	88	297	13892482	13892268	2.09e-79	298
NC_003076.8:13677812-13679038	NC_003076.8	91.071	224	13	5	88	304	9558012	9557789	7.52e-79	296
NC_003076.8:13677812-13679038	NC_003076.8	94.764	191	7	2	88	275	15882497	15882687	2.71e-78	294
NC_003076.8:13677812-13679038	NC_003076.8	91.244	217	14	3	93	305	14395374	14395159	3.50e-77	291
NC_003076.8:13677812-13679038	NC_003076.8	91.244	217	14	3	93	305	14454673	14454458	3.50e-77	291
NC_003076.8:13677812-13679038	NC_003076.8	95.906	171	7	0	88	258	17043555	17043725	2.73e-73	278
NC_003076.8:13677812-13679038	NC_003076.8	95.906	171	6	1	88	258	7070186	7070355	9.80e-73	276
NC_003076.8:13677812-13679038	NC_003076.8	95.833	168	7	0	88	255	16713047	16713214	1.27e-71	272
NC_003076.8:13677812-13679038	NC_003076.8	88.186	237	13	5	88	324	26787450	26787229	1.64e-70	268
NC_003076.8:13677812-13679038	NC_003076.8	87.815	238	14	5	88	324	9854550	9854773	2.12e-69	265
NC_003076.8:13677812-13679038	NC_003076.8	87.815	238	12	3	88	324	6420174	6419953	7.63e-69	263
NC_003076.8:13677812-13679038	NC_003076.8	85.833	240	25	5	867	1106	7328587	7328817	7.68e-64	246
NC_003076.8:13677812-13679038	NC_003076.8	83.491	212	18	3	324	535	20787897	20788091	2.20e-44	182
NC_003076.8:13677812-13679038	NC_003076.8	92.000	125	8	1	1105	1227	17726861	17726985	3.68e-42	174
NC_003076.8:13677812-13679038	NC_003076.8	92.000	125	8	1	1105	1227	19101984	19102108	3.68e-42	174
NC_003076.8:13677812-13679038	NC_003076.8	90.400	125	10	1	1105	1227	5625496	5625620	7.96e-39	163
NC_003076.8:13677812-13679038	NC_003076.8	90.400	125	9	2	1105	1227	13231950	13232073	2.86e-38	161
NC_003076.8:13677812-13679038	NC_003076.8	89.600	125	11	1	1105	1227	24449251	24449375	3.70e-37	158
NC_003076.8:13677812-13679038	NC_003076.8	88.976	127	10	2	1105	1227	22621304	22621178	4.79e-36	154
NC_003076.8:13677812-13679038	NC_003076.8	87.903	124	11	3	1105	1225	14880689	14880811	1.04e-32	143
NC_003076.8:13677812-13679038	NC_003076.8	87.200	125	12	3	1105	1227	8749348	8749470	1.34e-31	139
NC_003076.8:13677812-13679038	NC_003076.8	96.429	84	3	0	88	171	17885774	17885691	1.34e-31	139
NC_003076.8:13677812-13679038	NC_003076.8	87.200	125	10	5	1105	1225	9546209	9546331	4.83e-31	137
NC_003076.8:13677812-13679038	NC_003076.8	86.047	129	12	3	1105	1227	9068297	9068169	6.24e-30	134
NC_003076.8:13677812-13679038	NC_003076.8	85.938	128	13	3	1105	1227	4937365	4937492	2.25e-29	132
NC_003076.8:13677812-13679038	NC_003076.8	85.039	127	13	5	1105	1227	15031038	15030914	3.76e-27	124
NC_003076.8:13677812-13679038	NC_003076.8	85.039	127	13	5	1105	1227	20674358	20674234	3.76e-27	124
NC_003076.8:13677812-13679038	NC_003076.8	84.375	128	15	4	1105	1227	3566789	3566916	4.86e-26	121
NC_003076.8:13677812-13679038	NC_003076.8	82.540	126	19	3	1105	1227	15162997	15163122	3.78e-22	108
NC_003076.8:13677812-13679038	NC_003076.8	84.259	108	16	1	1105	1211	5648004	5647897	4.89e-21	104
NC_003076.8:13677812-13679038	NC_003076.8	85.859	99	10	3	1105	1200	17247801	17247704	1.76e-20	102
NC_003076.8:13677812-13679038	NC_003076.8	82.114	123	19	2	1105	1226	19408499	19408379	1.76e-20	102
NC_003076.8:13677812-13679038	NC_003076.8	86.170	94	11	1	1105	1196	19480049	19480142	6.33e-20	100
NC_003076.8:13677812-13679038	NC_003076.8	79.200	125	22	4	1105	1225	7488217	7488093	6.38e-15	84.2
NC_003076.8:13677812-13679038	NC_003076.8	82.105	95	13	3	1105	1196	15535252	15535159	2.97e-13	78.7
NC_003076.8:13677812-13679038	NC_003076.8	89.091	55	4	1	1105	1157	25179240	25179294	6.42e-10	67.6
NC_003076.8:13677812-13679038	NC_003076.8	96.970	33	0	1	1105	1136	9867607	9867639	5.00e-06	54.7
NC_003076.8:13677812-13679038	NC_003070.9	94.278	769	38	3	322	1084	16870943	16870175	0.0	1171
NC_003076.8:13677812-13679038	NC_003070.9	90.954	807	51	14	322	1111	13242237	13241436	0.0	1066
NC_003076.8:13677812-13679038	NC_003070.9	90.199	806	52	16	322	1108	27972924	27972127	0.0	1026
NC_003076.8:13677812-13679038	NC_003070.9	96.624	237	8	0	88	324	23125490	23125254	2.59e-108	394
NC_003076.8:13677812-13679038	NC_003070.9	96.624	237	7	1	88	324	12097658	12097893	9.33e-108	392
NC_003076.8:13677812-13679038	NC_003070.9	91.844	282	15	8	837	1112	5700807	5701086	4.34e-106	387
NC_003076.8:13677812-13679038	NC_003070.9	83.486	436	37	13	328	754	16815354	16815763	3.38e-102	374
NC_003076.8:13677812-13679038	NC_003070.9	96.789	218	6	1	88	305	10931127	10931343	7.31e-99	363
NC_003076.8:13677812-13679038	NC_003070.9	94.093	237	13	1	88	324	26511029	26510794	9.46e-98	359
NC_003076.8:13677812-13679038	NC_003070.9	93.697	238	14	1	88	324	6218939	6218702	1.22e-96	355
NC_003076.8:13677812-13679038	NC_003070.9	92.857	238	16	1	88	324	17502434	17502671	2.65e-93	344
NC_003076.8:13677812-13679038	NC_003070.9	92.887	239	13	2	88	323	25779875	25780112	2.65e-93	344
NC_003076.8:13677812-13679038	NC_003070.9	92.373	236	17	1	89	324	587823	587589	1.59e-90	335
NC_003076.8:13677812-13679038	NC_003070.9	92.373	236	17	1	88	323	2986688	2986454	1.59e-90	335
NC_003076.8:13677812-13679038	NC_003070.9	91.093	247	20	2	867	1113	24772418	24772174	5.73e-90	333
NC_003076.8:13677812-13679038	NC_003070.9	92.308	234	17	1	88	320	2587628	2587395	2.06e-89	331
NC_003076.8:13677812-13679038	NC_003070.9	90.551	254	18	6	857	1106	5701350	5701099	2.06e-89	331
NC_003076.8:13677812-13679038	NC_003070.9	90.551	254	18	6	857	1106	13640006	13640257	2.06e-89	331
NC_003076.8:13677812-13679038	NC_003070.9	93.578	218	13	1	88	305	5899551	5899335	3.45e-87	324
NC_003076.8:13677812-13679038	NC_003070.9	91.775	231	18	1	88	318	5863152	5863381	4.46e-86	320
NC_003076.8:13677812-13679038	NC_003070.9	93.023	215	10	4	88	297	27240923	27241137	9.66e-83	309
NC_003076.8:13677812-13679038	NC_003070.9	89.583	240	21	3	88	324	11732556	11732794	1.62e-80	302
NC_003076.8:13677812-13679038	NC_003070.9	92.488	213	13	2	88	297	16400799	16400587	1.62e-80	302
NC_003076.8:13677812-13679038	NC_003070.9	91.071	224	14	4	88	305	26880924	26881147	2.09e-79	298
NC_003076.8:13677812-13679038	NC_003070.9	90.909	220	19	1	88	306	10852998	10852779	2.71e-78	294
NC_003076.8:13677812-13679038	NC_003070.9	89.076	238	19	4	88	324	13870077	13870308	1.26e-76	289
NC_003076.8:13677812-13679038	NC_003070.9	90.411	219	20	1	88	305	20205702	20205484	4.53e-76	287
NC_003076.8:13677812-13679038	NC_003070.9	86.022	279	19	9	568	829	5701843	5701568	2.11e-74	281
NC_003076.8:13677812-13679038	NC_003070.9	90.233	215	18	2	324	538	5702053	5701842	2.73e-73	278
NC_003076.8:13677812-13679038	NC_003070.9	87.815	238	14	5	88	324	19769228	19769451	2.12e-69	265
NC_003076.8:13677812-13679038	NC_003070.9	87.448	239	11	8	88	324	10021758	10021537	3.55e-67	257
NC_003076.8:13677812-13679038	NC_003070.9	88.679	212	18	3	324	535	5699984	5700189	4.59e-66	254
NC_003076.8:13677812-13679038	NC_003070.9	90.155	193	17	2	325	515	24773018	24772826	5.94e-65	250
NC_003076.8:13677812-13679038	NC_003070.9	86.555	238	17	5	88	324	11803890	11803667	2.14e-64	248
NC_003076.8:13677812-13679038	NC_003070.9	86.555	238	17	5	88	324	28891726	28891503	2.14e-64	248
NC_003076.8:13677812-13679038	NC_003070.9	86.458	192	5	1	88	258	24718671	24718862	3.65e-47	191
NC_003076.8:13677812-13679038	NC_003070.9	93.548	124	7	1	1105	1227	23125254	23125131	6.11e-45	183
NC_003076.8:13677812-13679038	NC_003070.9	90.400	125	10	1	1105	1227	12097893	12098017	7.96e-39	163
NC_003076.8:13677812-13679038	NC_003070.9	90.400	125	9	2	1105	1227	12240787	12240910	2.86e-38	161
NC_003076.8:13677812-13679038	NC_003070.9	90.323	124	10	2	1105	1227	19769451	19769573	2.86e-38	161
NC_003076.8:13677812-13679038	NC_003070.9	87.591	137	17	0	322	458	16816235	16816371	1.03e-37	159
NC_003076.8:13677812-13679038	NC_003070.9	89.600	125	11	1	1105	1227	5899330	5899206	3.70e-37	158
NC_003076.8:13677812-13679038	NC_003070.9	89.600	125	11	1	1105	1227	21918860	21918984	3.70e-37	158
NC_003076.8:13677812-13679038	NC_003070.9	89.516	124	9	3	1105	1225	8622880	8622758	4.79e-36	154
NC_003076.8:13677812-13679038	NC_003070.9	88.800	125	12	1	1105	1227	13313641	13313517	1.72e-35	152
NC_003076.8:13677812-13679038	NC_003070.9	88.800	125	12	1	1105	1227	26510794	26510670	1.72e-35	152
NC_003076.8:13677812-13679038	NC_003070.9	88.189	127	10	4	1105	1227	5863387	5863512	8.02e-34	147
NC_003076.8:13677812-13679038	NC_003070.9	88.000	125	12	2	1105	1227	24645941	24646064	2.88e-33	145
NC_003076.8:13677812-13679038	NC_003070.9	88.000	125	12	2	1105	1227	28891503	28891380	2.88e-33	145
NC_003076.8:13677812-13679038	NC_003070.9	86.719	128	12	3	1105	1227	13495549	13495422	4.83e-31	137
NC_003076.8:13677812-13679038	NC_003070.9	86.508	126	14	2	1105	1227	13811028	13810903	1.74e-30	135
NC_003076.8:13677812-13679038	NC_003070.9	86.508	126	11	5	1105	1227	17606013	17606135	6.24e-30	134
NC_003076.8:13677812-13679038	NC_003070.9	85.827	127	13	4	1105	1227	2587957	2587832	8.07e-29	130
NC_003076.8:13677812-13679038	NC_003070.9	84.921	126	16	2	1105	1227	10580016	10580141	3.76e-27	124
NC_003076.8:13677812-13679038	NC_003070.9	84.921	126	15	3	1105	1227	12458130	12458254	3.76e-27	124
NC_003076.8:13677812-13679038	NC_003070.9	84.921	126	15	3	1105	1227	25358298	25358422	3.76e-27	124
NC_003076.8:13677812-13679038	NC_003070.9	84.252	127	15	4	1105	1227	8190434	8190559	1.75e-25	119
NC_003076.8:13677812-13679038	NC_003070.9	84.375	128	13	4	1105	1227	11174683	11174808	1.75e-25	119
NC_003076.8:13677812-13679038	NC_003070.9	84.127	126	17	2	1105	1227	20559725	20559600	1.75e-25	119
NC_003076.8:13677812-13679038	NC_003070.9	84.167	120	16	2	1105	1222	3251356	3251474	8.13e-24	113
NC_003076.8:13677812-13679038	NC_003070.9	83.333	126	17	3	1105	1227	21336403	21336527	8.13e-24	113
NC_003076.8:13677812-13679038	NC_003070.9	83.333	126	16	4	1105	1227	21128747	21128870	2.92e-23	111
NC_003076.8:13677812-13679038	NC_003070.9	82.677	127	17	4	1105	1227	9418188	9418063	3.78e-22	108
NC_003076.8:13677812-13679038	NC_003070.9	88.095	84	10	0	10	93	14013409	14013326	6.33e-20	100
NC_003076.8:13677812-13679038	NC_003070.9	82.727	110	16	2	1105	1211	3762865	3762974	2.95e-18	95.3
NC_003076.8:13677812-13679038	NC_003070.9	80.159	126	22	3	1105	1227	11669482	11669357	3.81e-17	91.6
NC_003076.8:13677812-13679038	NC_003070.9	81.301	123	12	1	1105	1227	11732794	11732905	1.37e-16	89.8
NC_003076.8:13677812-13679038	NC_003070.9	86.154	65	8	1	8	72	5437789	5437726	1.79e-10	69.4
NC_003076.8:13677812-13679038	NC_003071.7	90.932	783	46	15	346	1108	6611031	6610254	0.0	1029
NC_003076.8:13677812-13679038	NC_003071.7	90.746	778	42	20	356	1110	10317839	10318609	0.0	1011
NC_003076.8:13677812-13679038	NC_003071.7	88.427	769	47	16	355	1103	1855740	1854994	0.0	889
NC_003076.8:13677812-13679038	NC_003071.7	88.180	533	47	5	324	847	6897894	6897369	1.09e-176	621
NC_003076.8:13677812-13679038	NC_003071.7	94.628	242	13	0	867	1108	9063399	9063158	9.39e-103	375
NC_003076.8:13677812-13679038	NC_003071.7	81.038	501	64	18	332	829	15140448	15140920	4.37e-101	370
NC_003076.8:13677812-13679038	NC_003071.7	94.937	237	10	1	88	324	17147451	17147217	4.37e-101	370
NC_003076.8:13677812-13679038	NC_003071.7	94.215	242	12	1	867	1108	12809908	12809669	1.57e-100	368
NC_003076.8:13677812-13679038	NC_003071.7	94.515	237	12	1	88	324	5037954	5038189	2.03e-99	364
NC_003076.8:13677812-13679038	NC_003071.7	94.515	237	10	3	88	324	9225822	9225589	7.31e-99	363
NC_003076.8:13677812-13679038	NC_003071.7	93.333	240	14	1	867	1106	15141153	15141390	4.40e-96	353
NC_003076.8:13677812-13679038	NC_003071.7	92.917	240	14	1	867	1106	6316550	6316314	7.37e-94	346
NC_003076.8:13677812-13679038	NC_003071.7	92.308	234	17	1	867	1100	6897285	6897053	2.06e-89	331
NC_003076.8:13677812-13679038	NC_003071.7	90.948	232	20	1	88	318	2139023	2139254	2.69e-83	311
NC_003076.8:13677812-13679038	NC_003071.7	91.964	224	12	4	88	305	6206947	6206724	9.66e-83	309
NC_003076.8:13677812-13679038	NC_003071.7	90.295	237	19	1	88	324	1597123	1597355	3.48e-82	307
NC_003076.8:13677812-13679038	NC_003071.7	90.000	240	20	4	88	324	7340582	7340820	3.48e-82	307
NC_003076.8:13677812-13679038	NC_003071.7	97.076	171	5	0	88	258	1670137	1669967	1.26e-76	289
NC_003076.8:13677812-13679038	NC_003071.7	89.451	237	10	5	88	323	12556858	12557080	1.63e-75	285
NC_003076.8:13677812-13679038	NC_003071.7	89.076	238	11	4	88	324	13886135	13886358	2.11e-74	281
NC_003076.8:13677812-13679038	NC_003071.7	95.906	171	7	0	88	258	19242938	19242768	2.73e-73	278
NC_003076.8:13677812-13679038	NC_003071.7	95.906	171	7	0	88	258	19623300	19623470	2.73e-73	278
NC_003076.8:13677812-13679038	NC_003071.7	89.862	217	18	3	324	538	6318064	6317850	9.80e-73	276
NC_003076.8:13677812-13679038	NC_003071.7	88.655	238	12	5	88	324	13102014	13102237	9.80e-73	276
NC_003076.8:13677812-13679038	NC_003071.7	85.662	272	25	11	568	829	6317851	6317584	3.53e-72	274
NC_003076.8:13677812-13679038	NC_003071.7	94.152	171	10	0	88	258	15134422	15134592	2.74e-68	261
NC_003076.8:13677812-13679038	NC_003071.7	88.785	214	20	2	325	538	12810767	12810558	9.87e-68	259
NC_003076.8:13677812-13679038	NC_003071.7	88.372	215	19	1	324	538	9064260	9064052	4.59e-66	254
NC_003076.8:13677812-13679038	NC_003071.7	85.232	237	18	4	88	324	9860310	9860091	2.78e-58	228
NC_003076.8:13677812-13679038	NC_003071.7	92.000	125	8	1	1105	1227	5038189	5038313	3.68e-42	174
NC_003076.8:13677812-13679038	NC_003071.7	88.800	125	12	1	1105	1227	5010211	5010087	1.72e-35	152
NC_003076.8:13677812-13679038	NC_003071.7	87.402	127	11	4	1105	1227	2139260	2139385	3.73e-32	141
NC_003076.8:13677812-13679038	NC_003071.7	86.400	125	15	1	1105	1227	4306166	4306290	1.74e-30	135
NC_003076.8:13677812-13679038	NC_003071.7	86.508	126	13	3	1105	1227	7178891	7179015	1.74e-30	135
NC_003076.8:13677812-13679038	NC_003071.7	86.508	126	12	4	1105	1227	11597756	11597879	6.24e-30	134
NC_003076.8:13677812-13679038	NC_003071.7	85.827	127	13	4	1105	1227	4758226	4758101	8.07e-29	130
NC_003076.8:13677812-13679038	NC_003071.7	85.600	125	15	2	1105	1227	13102237	13102360	2.90e-28	128
NC_003076.8:13677812-13679038	NC_003071.7	86.555	119	13	3	1105	1222	13886358	13886474	2.90e-28	128
NC_003076.8:13677812-13679038	NC_003071.7	90.110	91	9	0	1135	1225	9225568	9225478	1.75e-25	119
NC_003076.8:13677812-13679038	NC_003071.7	90.909	88	6	2	1105	1190	17147217	17147130	6.29e-25	117
NC_003076.8:13677812-13679038	NC_003071.7	83.594	128	16	3	1105	1227	826147	826274	2.26e-24	115
NC_003076.8:13677812-13679038	NC_003071.7	83.333	126	18	2	1105	1227	1322095	1321970	8.13e-24	113
NC_003076.8:13677812-13679038	NC_003071.7	82.400	125	19	3	1105	1227	1242851	1242974	1.36e-21	106
NC_003076.8:13677812-13679038	NC_003071.7	81.890	127	17	5	1105	1227	3197742	3197618	1.76e-20	102
NC_003076.8:13677812-13679038	NC_003071.7	84.211	95	11	3	1105	1196	9456064	9456157	1.37e-16	89.8
NC_003076.8:13677812-13679038	NC_003071.7	86.957	69	9	0	6	74	5761059	5760991	2.97e-13	78.7
NC_003076.8:13677812-13679038	NC_003071.7	79.612	103	18	2	9	108	1368502	1368400	4.96e-11	71.3
NC_003076.8:13677812-13679038	NC_003074.8	91.849	687	25	15	322	980	18927946	18927263	0.0	929
NC_003076.8:13677812-13679038	NC_003074.8	94.515	237	12	1	88	324	11090799	11090564	2.03e-99	364
NC_003076.8:13677812-13679038	NC_003074.8	94.093	237	13	1	88	324	14057328	14057563	9.46e-98	359
NC_003076.8:13677812-13679038	NC_003074.8	94.093	237	13	1	88	324	17402360	17402125	9.46e-98	359
NC_003076.8:13677812-13679038	NC_003074.8	94.421	233	12	1	88	320	10758375	10758144	3.40e-97	357
NC_003076.8:13677812-13679038	NC_003074.8	93.671	237	14	1	88	324	16485667	16485432	4.40e-96	353
NC_003076.8:13677812-13679038	NC_003074.8	93.249	237	14	2	88	324	18634300	18634066	2.05e-94	348
NC_003076.8:13677812-13679038	NC_003074.8	93.249	237	15	1	88	324	19437075	19437310	2.05e-94	348
NC_003076.8:13677812-13679038	NC_003074.8	93.249	237	14	2	88	324	23085733	23085967	2.05e-94	348
NC_003076.8:13677812-13679038	NC_003074.8	92.500	240	15	1	88	324	6729288	6729049	3.43e-92	340
NC_003076.8:13677812-13679038	NC_003074.8	93.074	231	15	1	867	1097	7279931	7280160	4.43e-91	337
NC_003076.8:13677812-13679038	NC_003074.8	90.795	239	20	1	88	324	5866068	5866306	1.61e-85	318
NC_003076.8:13677812-13679038	NC_003074.8	92.793	222	12	3	88	305	16405400	16405621	1.61e-85	318
NC_003076.8:13677812-13679038	NC_003074.8	90.756	238	20	1	88	323	3080388	3080151	5.77e-85	316
NC_003076.8:13677812-13679038	NC_003074.8	90.204	245	17	3	867	1111	22002451	22002214	7.47e-84	313
NC_003076.8:13677812-13679038	NC_003074.8	93.023	215	12	3	88	300	10718141	10717928	2.69e-83	311
NC_003076.8:13677812-13679038	NC_003074.8	96.089	179	7	0	88	266	4579440	4579618	9.73e-78	292
NC_003076.8:13677812-13679038	NC_003074.8	88.417	259	7	11	88	324	19739960	19740217	3.50e-77	291
NC_003076.8:13677812-13679038	NC_003074.8	90.179	224	16	4	88	305	7766265	7766488	4.53e-76	287
NC_003076.8:13677812-13679038	NC_003074.8	96.491	171	6	0	88	258	11132399	11132569	5.86e-75	283
NC_003076.8:13677812-13679038	NC_003074.8	89.076	238	11	5	88	324	7980429	7980206	2.11e-74	281
NC_003076.8:13677812-13679038	NC_003074.8	89.623	212	17	4	324	535	7279069	7279275	2.12e-69	265
NC_003076.8:13677812-13679038	NC_003074.8	87.764	237	15	3	88	324	11315205	11315427	2.12e-69	265
NC_003076.8:13677812-13679038	NC_003074.8	94.152	171	8	2	88	258	423000	422832	9.87e-68	259
NC_003076.8:13677812-13679038	NC_003074.8	90.674	193	16	2	325	515	22003051	22002859	1.28e-66	255
NC_003076.8:13677812-13679038	NC_003074.8	86.920	237	16	5	88	324	16235009	16234788	1.65e-65	252
NC_003076.8:13677812-13679038	NC_003074.8	92.800	125	7	1	1105	1227	10717918	10717794	7.91e-44	180
NC_003076.8:13677812-13679038	NC_003074.8	91.129	124	10	1	1105	1227	18634066	18633943	6.15e-40	167
NC_003076.8:13677812-13679038	NC_003074.8	91.129	124	10	1	1105	1227	23085967	23086090	6.15e-40	167
NC_003076.8:13677812-13679038	NC_003074.8	90.400	125	10	1	1105	1227	11090564	11090440	7.96e-39	163
NC_003076.8:13677812-13679038	NC_003074.8	90.400	125	10	1	1105	1227	20769723	20769599	7.96e-39	163
NC_003076.8:13677812-13679038	NC_003074.8	92.035	113	9	0	88	200	18887371	18887259	1.03e-37	159
NC_003076.8:13677812-13679038	NC_003074.8	89.600	125	11	1	1105	1227	15814367	15814491	3.70e-37	158
NC_003076.8:13677812-13679038	NC_003074.8	89.600	125	11	1	1105	1227	19437310	19437434	3.70e-37	158
NC_003076.8:13677812-13679038	NC_003074.8	88.800	125	12	1	1105	1227	14057563	14057687	1.72e-35	152
NC_003076.8:13677812-13679038	NC_003074.8	88.000	125	13	1	1105	1227	6729049	6728925	8.02e-34	147
NC_003076.8:13677812-13679038	NC_003074.8	88.000	125	12	2	1105	1227	7980206	7980083	2.88e-33	145
NC_003076.8:13677812-13679038	NC_003074.8	87.302	126	12	3	1105	1227	8645215	8645339	3.73e-32	141
NC_003076.8:13677812-13679038	NC_003074.8	87.302	126	11	4	1105	1227	19521104	19521227	1.34e-31	139
NC_003076.8:13677812-13679038	NC_003074.8	86.614	127	13	3	1105	1227	21552227	21552101	4.83e-31	137
NC_003076.8:13677812-13679038	NC_003074.8	86.400	125	15	1	1105	1227	18885748	18885624	1.74e-30	135
NC_003076.8:13677812-13679038	NC_003074.8	86.400	125	14	2	1105	1227	5866306	5866429	6.24e-30	134
NC_003076.8:13677812-13679038	NC_003074.8	86.400	125	8	6	1105	1227	4585180	4585297	2.90e-28	128
NC_003076.8:13677812-13679038	NC_003074.8	92.135	89	7	0	5	93	19739753	19739841	1.04e-27	126
NC_003076.8:13677812-13679038	NC_003074.8	90.426	94	8	1	1	93	18887526	18887433	1.35e-26	122
NC_003076.8:13677812-13679038	NC_003074.8	84.677	124	16	2	1105	1226	17209695	17209573	4.86e-26	121
NC_003076.8:13677812-13679038	NC_003074.8	85.345	116	14	2	1105	1218	8329380	8329494	6.29e-25	117
NC_003076.8:13677812-13679038	NC_003074.8	83.333	126	18	2	1105	1227	11588762	11588637	8.13e-24	113
NC_003076.8:13677812-13679038	NC_003074.8	82.540	126	19	2	1105	1227	10901521	10901646	3.78e-22	108
NC_003076.8:13677812-13679038	NC_003074.8	82.540	126	19	3	1105	1227	16678378	16678503	3.78e-22	108
NC_003076.8:13677812-13679038	NC_003074.8	83.333	108	14	3	1105	1209	18171067	18170961	8.19e-19	97.1
NC_003076.8:13677812-13679038	NC_003074.8	84.091	88	13	1	8	95	10905317	10905403	6.38e-15	84.2
NC_003076.8:13677812-13679038	NC_003074.8	83.333	96	11	5	1105	1196	16534533	16534439	6.38e-15	84.2
NC_003076.8:13677812-13679038	NC_003074.8	80.769	78	10	4	9	83	16100860	16100785	1.39e-06	56.5
NC_003076.8:13677812-13679038	NC_003075.7	93.046	417	28	1	321	737	6279631	6280046	8.51e-173	608
NC_003076.8:13677812-13679038	NC_003075.7	84.361	454	48	11	358	798	6055645	6056088	3.31e-117	424
NC_003076.8:13677812-13679038	NC_003075.7	92.453	265	13	7	858	1117	5643156	5643418	1.22e-101	372
NC_003076.8:13677812-13679038	NC_003075.7	80.709	508	67	18	325	829	994296	993817	5.65e-100	366
NC_003076.8:13677812-13679038	NC_003075.7	93.388	242	14	1	867	1108	993584	993345	3.40e-97	357
NC_003076.8:13677812-13679038	NC_003075.7	93.671	237	14	1	88	324	1521461	1521696	4.40e-96	353
NC_003076.8:13677812-13679038	NC_003075.7	91.935	248	17	3	867	1113	7249098	7248853	2.65e-93	344
NC_003076.8:13677812-13679038	NC_003075.7	92.827	237	15	2	88	324	572555	572321	9.53e-93	342
NC_003076.8:13677812-13679038	NC_003075.7	91.983	237	17	2	88	324	8947556	8947322	2.06e-89	331
NC_003076.8:13677812-13679038	NC_003075.7	90.361	249	19	5	861	1106	6055396	6055642	1.24e-86	322
NC_003076.8:13677812-13679038	NC_003075.7	91.176	238	17	3	88	324	14458080	14457846	4.46e-86	320
NC_003076.8:13677812-13679038	NC_003075.7	89.641	251	24	2	867	1117	15066538	15066786	1.61e-85	318
NC_003076.8:13677812-13679038	NC_003075.7	92.130	216	15	2	324	538	15065901	15066115	4.50e-81	303
NC_003076.8:13677812-13679038	NC_003075.7	89.451	237	19	3	88	324	12606843	12606613	2.71e-78	294
NC_003076.8:13677812-13679038	NC_003075.7	97.076	171	5	0	88	258	15441997	15441827	1.26e-76	289
NC_003076.8:13677812-13679038	NC_003075.7	88.655	238	12	5	88	324	9111926	9111703	9.80e-73	276
NC_003076.8:13677812-13679038	NC_003075.7	88.940	217	22	1	324	538	7249730	7249514	5.90e-70	267
NC_003076.8:13677812-13679038	NC_003075.7	85.116	215	25	2	324	538	12829417	12829624	7.79e-54	213
NC_003076.8:13677812-13679038	NC_003075.7	91.935	124	9	1	1105	1227	1521696	1521819	1.32e-41	172
NC_003076.8:13677812-13679038	NC_003075.7	91.129	124	10	1	1105	1227	6115780	6115903	6.15e-40	167
NC_003076.8:13677812-13679038	NC_003075.7	73.786	515	94	29	322	827	5226910	5226428	2.21e-39	165
NC_003076.8:13677812-13679038	NC_003075.7	89.431	123	11	1	1105	1225	2553825	2553947	4.79e-36	154
NC_003076.8:13677812-13679038	NC_003075.7	94.059	101	6	0	1010	1110	6280276	6280376	4.79e-36	154
NC_003076.8:13677812-13679038	NC_003075.7	88.000	125	12	2	1105	1227	9111703	9111580	2.88e-33	145
NC_003076.8:13677812-13679038	NC_003075.7	87.302	126	12	3	1105	1227	6426741	6426617	3.73e-32	141
NC_003076.8:13677812-13679038	NC_003075.7	87.200	125	14	1	1105	1227	12365188	12365064	3.73e-32	141
NC_003076.8:13677812-13679038	NC_003075.7	86.400	125	15	1	1105	1227	572321	572197	1.74e-30	135
NC_003076.8:13677812-13679038	NC_003075.7	86.508	126	13	3	1105	1227	7906244	7906368	1.74e-30	135
NC_003076.8:13677812-13679038	NC_003075.7	85.600	125	15	2	1105	1227	5391843	5391720	2.90e-28	128
NC_003076.8:13677812-13679038	NC_003075.7	83.803	142	8	4	568	694	7249515	7249374	4.86e-26	121
NC_003076.8:13677812-13679038	NC_003075.7	84.375	128	13	5	1105	1227	7155251	7155376	1.75e-25	119
NC_003076.8:13677812-13679038	NC_003075.7	84.000	125	16	3	1105	1227	9146901	9147023	6.29e-25	117
NC_003076.8:13677812-13679038	NC_003075.7	88.298	94	8	2	1105	1196	823614	823522	1.05e-22	110
NC_003076.8:13677812-13679038	NC_003075.7	82.812	128	17	3	1105	1227	8899838	8899965	1.05e-22	110
NC_003076.8:13677812-13679038	NC_003075.7	91.781	73	3	2	568	637	15066114	15066186	2.28e-19	99.0
NC_003076.8:13677812-13679038	NC_003075.7	82.178	101	15	3	8	105	5199120	5199220	6.38e-15	84.2
NC_003076.8:13677812-13679038	NC_003075.7	90.000	60	4	1	1105	1162	8819931	8819872	1.07e-12	76.8
NC_003076.8:15212899-15213326	NC_003076.8	100.000	428	0	0	1	428	15213326	15212899	0.0	791
NC_003076.8:15212899-15213326	NC_003076.8	92.237	438	19	5	4	426	8178107	8177670	1.03e-172	606
NC_003076.8:15212899-15213326	NC_003076.8	92.566	417	18	3	3	406	17438314	17438730	1.34e-166	586
NC_003076.8:15212899-15213326	NC_003076.8	87.982	441	37	6	2	428	14985234	14984796	1.07e-142	507
NC_003076.8:15212899-15213326	NC_003076.8	81.567	434	56	16	3	428	26233533	26233116	1.49e-91	337
NC_003076.8:15212899-15213326	NC_003076.8	94.634	205	10	1	10	214	13608302	13608505	1.94e-85	316
NC_003076.8:15212899-15213326	NC_003076.8	93.301	209	13	1	7	214	18113644	18113852	1.17e-82	307
NC_003076.8:15212899-15213326	NC_003076.8	90.698	215	19	1	4	217	8808995	8809209	5.47e-76	285
NC_003076.8:15212899-15213326	NC_003076.8	92.188	192	15	0	4	195	18147553	18147744	4.26e-72	272
NC_003076.8:15212899-15213326	NC_003076.8	79.137	417	64	16	11	420	16480788	16481188	1.98e-70	267
NC_003076.8:15212899-15213326	NC_003076.8	93.333	165	11	0	4	168	16387691	16387855	9.28e-64	244
NC_003076.8:15212899-15213326	NC_003076.8	93.333	105	7	0	324	428	18113899	18114003	4.47e-37	156
NC_003076.8:15212899-15213326	NC_003076.8	94.118	102	6	0	327	428	18147806	18147907	4.47e-37	156
NC_003076.8:15212899-15213326	NC_003075.7	92.483	439	20	3	3	428	4650109	4650547	1.71e-175	616
NC_003076.8:15212899-15213326	NC_003075.7	92.237	438	19	5	4	428	2316524	2316089	1.03e-172	606
NC_003076.8:15212899-15213326	NC_003075.7	91.344	439	25	3	3	428	4685637	4686075	3.72e-167	588
NC_003076.8:15212899-15213326	NC_003075.7	91.324	438	25	3	4	428	12714136	12713699	1.34e-166	586
NC_003076.8:15212899-15213326	NC_003075.7	88.356	438	38	4	4	428	16705425	16705862	6.41e-145	514
NC_003076.8:15212899-15213326	NC_003075.7	92.027	301	23	1	4	304	4906330	4906031	4.00e-117	422
NC_003076.8:15212899-15213326	NC_003075.7	93.015	272	19	0	4	275	4909348	4909077	6.73e-110	398
NC_003076.8:15212899-15213326	NC_003075.7	90.816	196	17	1	2	196	4876063	4875868	9.22e-69	261
NC_003076.8:15212899-15213326	NC_003075.7	89.305	187	19	1	4	190	15592391	15592206	2.01e-60	233
NC_003076.8:15212899-15213326	NC_003075.7	97.059	68	2	0	327	394	4875809	4875742	7.59e-25	115
NC_003076.8:15212899-15213326	NC_003075.7	87.500	80	9	1	7	85	1357642	1357563	1.28e-17	91.6
NC_003076.8:15212899-15213326	NC_003074.8	92.466	438	20	3	4	428	16851842	16851405	6.14e-175	614
NC_003076.8:15212899-15213326	NC_003074.8	91.324	438	24	4	4	428	18976720	18977156	1.34e-166	586
NC_003076.8:15212899-15213326	NC_003074.8	92.308	416	19	3	4	406	15642913	15643328	2.24e-164	579
NC_003076.8:15212899-15213326	NC_003074.8	90.868	438	26	4	4	428	10791549	10791113	2.90e-163	575
NC_003076.8:15212899-15213326	NC_003074.8	90.639	438	28	3	4	428	15783155	15783592	1.35e-161	569
NC_003076.8:15212899-15213326	NC_003074.8	89.977	439	31	6	3	428	19648581	19648143	3.78e-157	555
NC_003076.8:15212899-15213326	NC_003074.8	88.581	289	20	6	153	428	10908292	10908004	4.14e-92	339
NC_003076.8:15212899-15213326	NC_003074.8	81.671	431	54	13	3	425	538780	539193	5.35e-91	335
NC_003076.8:15212899-15213326	NC_003074.8	92.958	213	13	2	2	213	10908476	10908265	3.25e-83	309
NC_003076.8:15212899-15213326	NC_003074.8	94.301	193	10	1	4	196	14785551	14785360	9.09e-79	294
NC_003076.8:15212899-15213326	NC_003074.8	91.866	209	16	1	7	214	9767685	9767893	1.18e-77	291
NC_003076.8:15212899-15213326	NC_003074.8	91.346	104	5	1	329	428	14785298	14785195	4.51e-32	139
NC_003076.8:15212899-15213326	NC_003074.8	90.291	103	9	1	327	428	9768001	9768103	2.10e-30	134
NC_003076.8:15212899-15213326	NC_003074.8	91.209	91	5	2	7	94	12981843	12981753	1.63e-26	121
NC_003076.8:15212899-15213326	NC_003070.9	91.553	438	23	6	4	428	9062084	9062520	2.88e-168	592
NC_003076.8:15212899-15213326	NC_003070.9	89.066	439	35	6	3	428	10652931	10652493	1.77e-150	532
NC_003076.8:15212899-15213326	NC_003070.9	90.547	402	23	4	1	389	8723516	8723117	4.95e-146	518
NC_003076.8:15212899-15213326	NC_003070.9	87.215	438	31	5	4	428	18287193	18287618	3.02e-133	475
NC_003076.8:15212899-15213326	NC_003070.9	83.908	435	43	14	3	428	16998812	16998396	1.13e-107	390
NC_003076.8:15212899-15213326	NC_003070.9	91.406	256	9	6	186	428	13808353	13808608	4.14e-92	339
NC_003076.8:15212899-15213326	NC_003070.9	92.694	219	13	3	1	217	8375154	8374937	2.51e-84	313
NC_003076.8:15212899-15213326	NC_003070.9	93.269	208	13	1	7	213	28750313	28750106	4.20e-82	305
NC_003076.8:15212899-15213326	NC_003070.9	92.130	216	14	3	4	217	16822273	16822487	5.43e-81	302
NC_003076.8:15212899-15213326	NC_003070.9	90.094	212	20	1	7	217	11806171	11805960	1.18e-72	274
NC_003076.8:15212899-15213326	NC_003070.9	91.000	200	17	1	16	214	18126616	18126815	5.51e-71	268
NC_003076.8:15212899-15213326	NC_003070.9	91.667	180	13	2	1	179	13808201	13808379	7.18e-65	248
NC_003076.8:15212899-15213326	NC_003070.9	90.780	141	12	1	25	165	6102896	6102757	1.59e-46	187
NC_003076.8:15212899-15213326	NC_003070.9	95.098	102	5	0	327	428	16822787	16822888	9.62e-39	161
NC_003076.8:15212899-15213326	NC_003070.9	94.175	103	5	1	327	428	8374654	8374552	4.47e-37	156
NC_003076.8:15212899-15213326	NC_003070.9	93.137	102	7	0	327	428	28750001	28749900	2.08e-35	150
NC_003076.8:15212899-15213326	NC_003070.9	84.746	118	17	1	4	120	13496476	13496359	2.11e-25	117
NC_003076.8:15212899-15213326	NC_003070.9	94.444	72	4	0	357	428	11805858	11805787	9.82e-24	111
NC_003076.8:15212899-15213326	NC_003071.7	90.639	438	27	9	4	428	2820420	2820856	1.35e-161	569
NC_003076.8:15212899-15213326	NC_003071.7	90.509	432	28	3	3	421	6946154	6946585	2.92e-158	558
NC_003076.8:15212899-15213326	NC_003071.7	89.977	439	31	3	3	428	2735216	2734778	3.78e-157	555
NC_003076.8:15212899-15213326	NC_003071.7	88.736	435	24	3	4	425	4307703	4307281	2.98e-143	508
NC_003076.8:15212899-15213326	NC_003071.7	83.102	432	47	20	1	428	11129221	11128812	1.47e-101	370
NC_003076.8:15212899-15213326	NC_003071.7	92.488	213	15	1	2	213	510986	511198	1.51e-81	303
NC_003076.8:15212899-15213326	NC_003071.7	92.130	216	14	3	4	217	10406501	10406715	5.43e-81	302
NC_003076.8:15212899-15213326	NC_003071.7	90.826	218	16	4	3	217	19269201	19268985	4.23e-77	289
NC_003076.8:15212899-15213326	NC_003071.7	93.431	137	7	2	292	428	511205	511339	5.67e-51	202
NC_003076.8:15212899-15213326	NC_003071.7	92.453	106	7	1	324	428	10406989	10407094	2.08e-35	150
NC_003076.8:15212899-15213326	NC_003071.7	90.196	102	10	0	327	428	19268699	19268598	2.10e-30	134
NC_003076.8:15212899-15213326	NC_003071.7	89.362	94	8	1	3	94	3211636	3211543	2.11e-25	117
NC_003076.8:15212899-15213326	NC_003071.7	81.667	120	20	2	3	121	2868064	2868182	7.65e-20	99.0
NC_003076.8:14612585-14613076	NC_003076.8	100.000	492	0	0	1	492	14612585	14613076	0.0	909
NC_003076.8:14612585-14613076	NC_003076.8	84.729	203	20	6	286	478	10072679	10072880	3.94e-48	193
NC_003076.8:14612585-14613076	NC_003076.8	82.870	216	26	6	286	492	14693891	14694104	2.37e-45	183
NC_003076.8:14612585-14613076	NC_003071.7	89.295	383	32	7	2	380	5648339	5647962	4.52e-132	472
NC_003076.8:14612585-14613076	NC_003071.7	84.286	210	28	5	274	479	5647873	5647665	2.36e-50	200
NC_003076.8:14612585-14613076	NC_003070.9	90.506	316	22	4	1	313	17108397	17108707	1.00e-113	411
NC_003076.8:14612585-14613076	NC_003070.9	84.653	202	20	7	286	477	13565982	13566182	1.42e-47	191
NC_003076.8:14612585-14613076	NC_003070.9	83.663	202	23	5	286	478	17563653	17563853	8.54e-45	182
NC_003076.8:14612585-14613076	NC_003070.9	82.418	182	25	5	286	461	13366290	13366470	6.69e-36	152
NC_003076.8:14612585-14613076	NC_003070.9	79.545	220	37	4	274	492	17110655	17110867	2.41e-35	150
NC_003076.8:14612585-14613076	NC_003070.9	100.000	28	0	0	2	29	6587406	6587379	6.98e-06	52.8
NC_003076.8:14612585-14613076	NC_003074.8	88.546	227	19	4	95	317	10643710	10643487	6.37e-71	268
NC_003076.8:14612585-14613076	NC_003074.8	75.486	514	78	32	2	478	14837427	14836925	1.41e-52	207
NC_003076.8:14612585-14613076	NC_003075.7	82.353	187	28	3	286	468	324203	324388	1.44e-37	158
NC_003076.8:23661987-23662589	NC_003076.8	100.000	603	0	0	1	603	23662589	23661987	0.0	1114
NC_003076.8:23661987-23662589	NC_003076.8	87.793	598	50	5	9	584	14880215	14880811	0.0	678
NC_003076.8:23661987-23662589	NC_003076.8	87.354	601	49	7	10	586	14873456	14874053	0.0	664
NC_003076.8:23661987-23662589	NC_003076.8	85.597	611	58	14	9	592	349809	350416	8.79e-175	614
NC_003076.8:23661987-23662589	NC_003076.8	86.736	573	48	10	8	556	19479575	19480143	3.16e-174	612
NC_003076.8:23661987-23662589	NC_003076.8	85.667	600	61	10	10	586	15659431	15658834	4.09e-173	608
NC_003076.8:23661987-23662589	NC_003076.8	85.524	601	58	14	8	584	9545736	9546331	6.85e-171	601
NC_003076.8:23661987-23662589	NC_003076.8	81.549	607	49	26	4	586	10042379	10041812	4.39e-123	442
NC_003076.8:23661987-23662589	NC_003076.8	79.829	585	61	22	27	586	19115133	19114581	1.62e-102	374
NC_003076.8:23661987-23662589	NC_003076.8	83.212	411	36	16	201	588	22463804	22464204	3.54e-94	346
NC_003076.8:23661987-23662589	NC_003076.8	90.714	140	12	1	452	591	13892263	13892125	8.17e-46	185
NC_003076.8:23661987-23662589	NC_003076.8	86.047	129	15	3	458	586	4780335	4780210	8.35e-31	135
NC_003076.8:23661987-23662589	NC_003076.8	84.615	130	15	5	459	587	9592412	9592537	1.81e-27	124
NC_003076.8:23661987-23662589	NC_003076.8	94.030	67	3	1	306	372	14873641	14873706	3.04e-20	100
NC_003076.8:23661987-23662589	NC_003075.7	96.021	578	21	2	10	586	8725655	8725079	0.0	939
NC_003076.8:23661987-23662589	NC_003075.7	86.799	606	56	6	10	592	7154779	7155383	0.0	654
NC_003076.8:23661987-23662589	NC_003075.7	86.477	599	58	5	10	586	7905771	7906368	0.0	636
NC_003076.8:23661987-23662589	NC_003075.7	86.066	610	57	10	3	586	6427224	6426617	8.73e-180	630
NC_003076.8:23661987-23662589	NC_003075.7	85.142	599	64	13	10	586	6895543	6894948	1.48e-167	590
NC_003076.8:23661987-23662589	NC_003075.7	83.797	611	62	16	4	591	13124460	13123864	3.25e-154	545
NC_003076.8:23661987-23662589	NC_003075.7	83.967	605	55	21	5	586	9146438	9147023	4.21e-153	542
NC_003076.8:23661987-23662589	NC_003075.7	83.902	410	32	16	201	586	964262	963863	1.26e-98	361
NC_003076.8:23661987-23662589	NC_003075.7	82.429	387	32	17	201	563	12968293	12967919	6.01e-82	305
NC_003076.8:23661987-23662589	NC_003075.7	87.313	134	13	4	456	589	5539443	5539314	2.98e-35	150
NC_003076.8:23661987-23662589	NC_003074.8	88.543	611	42	14	1	586	8644732	8645339	0.0	715
NC_003076.8:23661987-23662589	NC_003074.8	85.855	608	61	8	2	586	15918698	15918093	1.46e-177	623
NC_003076.8:23661987-23662589	NC_003074.8	80.428	608	55	28	9	592	10681953	10681386	5.76e-112	405
NC_003076.8:23661987-23662589	NC_003074.8	82.850	414	37	17	201	590	18172673	18172270	1.65e-92	340
NC_003076.8:23661987-23662589	NC_003074.8	100.000	28	0	0	559	586	16061542	16061515	8.65e-06	52.8
NC_003076.8:23661987-23662589	NC_003074.8	100.000	28	0	0	559	586	16099531	16099504	8.65e-06	52.8
NC_003076.8:23661987-23662589	NC_003074.8	100.000	28	0	0	559	586	16213818	16213845	8.65e-06	52.8
NC_003076.8:23661987-23662589	NC_003071.7	87.562	603	48	8	10	589	4758696	4758098	0.0	673
NC_003076.8:23661987-23662589	NC_003071.7	86.281	605	57	10	6	586	2299063	2299665	0.0	634
NC_003076.8:23661987-23662589	NC_003071.7	86.409	596	55	8	14	586	7178423	7179015	3.14e-179	628
NC_003076.8:23661987-23662589	NC_003071.7	85.106	564	55	14	7	544	10239498	10238938	2.51e-155	549
NC_003076.8:23661987-23662589	NC_003071.7	83.902	410	34	15	201	587	8907597	8907997	3.52e-99	363
NC_003076.8:23661987-23662589	NC_003071.7	83.738	412	36	14	201	590	17992942	17992540	1.26e-98	361
NC_003076.8:23661987-23662589	NC_003071.7	83.010	412	38	15	201	589	9891645	9891243	1.27e-93	344
NC_003076.8:23661987-23662589	NC_003071.7	88.421	285	28	5	306	586	825991	826274	5.93e-92	339
NC_003076.8:23661987-23662589	NC_003071.7	92.537	67	2	2	306	372	4758511	4758448	5.09e-18	93.5
NC_003076.8:23661987-23662589	NC_003070.9	86.567	603	55	7	9	587	19742139	19741539	0.0	641
NC_003076.8:23661987-23662589	NC_003070.9	86.326	607	57	7	5	587	29078410	29079014	0.0	638
NC_003076.8:23661987-23662589	NC_003070.9	86.401	603	56	8	9	587	8189960	8190560	0.0	636
NC_003076.8:23661987-23662589	NC_003070.9	85.691	608	61	7	4	587	25357818	25358423	6.80e-176	617
NC_003076.8:23661987-23662589	NC_003070.9	84.897	629	67	10	1	603	2588438	2587812	1.14e-173	610
NC_003076.8:23661987-23662589	NC_003070.9	85.124	605	58	18	10	587	11174210	11174809	1.48e-167	590
NC_003076.8:23661987-23662589	NC_003070.9	84.934	604	62	13	10	587	12993595	12992995	6.89e-166	584
NC_003076.8:23661987-23662589	NC_003070.9	84.925	597	60	9	13	584	17632424	17633015	1.15e-163	577
NC_003076.8:23661987-23662589	NC_003070.9	84.667	600	66	8	11	586	14013409	14012812	4.15e-163	575
NC_003076.8:23661987-23662589	NC_003070.9	84.526	601	65	12	10	586	5531296	5531892	1.93e-161	569
NC_003076.8:23661987-23662589	NC_003070.9	86.076	553	35	7	62	587	12457718	12458255	1.50e-157	556
NC_003076.8:23661987-23662589	NC_003070.9	83.940	604	65	11	10	586	13879653	13879055	2.51e-155	549
NC_003076.8:23661987-23662589	NC_003070.9	82.392	602	67	18	8	586	21335942	21336527	5.56e-137	488
NC_003076.8:23661987-23662589	NC_003070.9	83.537	492	51	10	132	597	3498228	3497741	2.64e-120	433
NC_003076.8:23661987-23662589	NC_003070.9	85.417	384	31	11	230	591	9918829	9918449	4.52e-103	375
NC_003076.8:23661987-23662589	NC_003070.9	84.352	409	32	15	201	586	16859031	16858632	5.84e-102	372
NC_003076.8:23661987-23662589	NC_003070.9	82.885	409	35	17	201	584	26307105	26307503	7.67e-91	335
NC_003076.8:23661987-23662589	NC_003070.9	87.429	175	21	1	412	586	5863339	5863512	2.92e-50	200
NC_003076.8:23661987-23662589	NC_003070.9	87.283	173	19	3	415	587	11803712	11803543	1.36e-48	195
NC_003076.8:23661987-23662589	NC_003070.9	83.471	121	16	4	466	586	12875992	12875876	5.06e-23	110
NC_003076.8:23661987-23662589	NC_003070.9	95.522	67	2	1	306	372	12457855	12457920	6.54e-22	106
NC_003076.8:24117961-24118551	NC_003076.8	100.000	591	0	0	1	591	24117961	24118551	0.0	1092
NC_003076.8:24117961-24118551	NC_003076.8	93.909	591	21	4	1	590	7417332	7417908	0.0	878
NC_003076.8:24117961-24118551	NC_003076.8	93.097	536	22	3	25	560	26015331	26015851	0.0	771
NC_003076.8:24117961-24118551	NC_003076.8	88.475	590	41	8	1	590	17726423	17726985	0.0	688
NC_003076.8:24117961-24118551	NC_003076.8	87.986	591	43	12	1	591	5625059	5625621	0.0	673
NC_003076.8:24117961-24118551	NC_003076.8	87.797	590	43	11	3	591	24448815	24449376	0.0	664
NC_003076.8:24117961-24118551	NC_003076.8	86.700	594	35	12	1	590	14810272	14810825	1.85e-176	619
NC_003076.8:24117961-24118551	NC_003076.8	86.364	594	40	14	1	590	9558215	9557659	1.11e-173	610
NC_003076.8:24117961-24118551	NC_003076.8	86.364	594	39	14	1	590	13892685	13892130	1.11e-173	610
NC_003076.8:24117961-24118551	NC_003076.8	86.102	590	42	19	1	590	19101559	19102108	2.41e-170	599
NC_003076.8:24117961-24118551	NC_003076.8	92.754	414	27	2	1	414	14104207	14103797	3.12e-169	595
NC_003076.8:24117961-24118551	NC_003076.8	85.135	592	56	18	3	590	3566353	3566916	1.13e-163	577
NC_003076.8:24117961-24118551	NC_003076.8	91.142	429	31	6	1	423	16870924	16871351	4.06e-163	575
NC_003076.8:24117961-24118551	NC_003076.8	85.135	592	42	15	1	590	26787653	26787106	8.79e-160	564
NC_003076.8:24117961-24118551	NC_003076.8	84.720	589	49	15	3	590	6420375	6419827	6.85e-156	551
NC_003076.8:24117961-24118551	NC_003076.8	91.688	397	29	3	2	395	15882295	15882690	8.86e-155	547
NC_003076.8:24117961-24118551	NC_003076.8	86.535	505	39	10	1	504	22335575	22335099	3.21e-149	529
NC_003076.8:24117961-24118551	NC_003076.8	83.811	593	47	29	1	591	8748926	8749471	6.94e-146	518
NC_003076.8:24117961-24118551	NC_003076.8	86.139	505	41	9	1	504	9854347	9854823	6.94e-146	518
NC_003076.8:24117961-24118551	NC_003076.8	83.871	589	45	21	1	588	16712852	16713391	2.50e-145	516
NC_003076.8:24117961-24118551	NC_003076.8	83.587	591	48	14	1	590	17043359	17043901	4.18e-143	508
NC_003076.8:24117961-24118551	NC_003076.8	88.942	416	39	7	1	414	7701180	7700770	1.50e-142	507
NC_003076.8:24117961-24118551	NC_003076.8	88.670	406	42	4	1	404	4936962	4937365	4.21e-138	492
NC_003076.8:24117961-24118551	NC_003076.8	87.981	416	29	11	1	414	15580808	15581204	5.48e-132	472
NC_003076.8:24117961-24118551	NC_003076.8	89.333	375	30	4	1	374	7069990	7070355	3.30e-129	462
NC_003076.8:24117961-24118551	NC_003076.8	87.918	389	45	2	1	388	706996	706609	1.54e-127	457
NC_003076.8:24117961-24118551	NC_003076.8	91.453	234	18	2	204	436	13678951	13678719	2.10e-86	320
NC_003076.8:24117961-24118551	NC_003076.8	91.304	230	19	1	1	230	13231670	13231898	3.52e-84	313
NC_003076.8:24117961-24118551	NC_003076.8	91.781	219	12	3	209	423	14395374	14395158	2.74e-80	300
NC_003076.8:24117961-24118551	NC_003076.8	91.781	219	12	3	209	423	14454673	14454457	2.74e-80	300
NC_003076.8:24117961-24118551	NC_003076.8	91.589	214	17	1	1	214	6702417	6702205	1.27e-78	294
NC_003076.8:24117961-24118551	NC_003076.8	84.887	311	19	9	280	590	6702209	6701927	5.93e-77	289
NC_003076.8:24117961-24118551	NC_003076.8	90.476	210	18	2	2	210	14395843	14395635	4.61e-73	276
NC_003076.8:24117961-24118551	NC_003076.8	90.476	210	18	2	2	210	14455142	14454934	4.61e-73	276
NC_003076.8:24117961-24118551	NC_003076.8	88.128	219	17	6	70	287	17885901	17885691	7.78e-66	252
NC_003076.8:24117961-24118551	NC_003076.8	84.291	261	14	14	330	590	20278847	20278614	3.64e-59	230
NC_003076.8:24117961-24118551	NC_003076.8	90.230	174	12	5	1	172	24586632	24586802	6.10e-57	222
NC_003076.8:24117961-24118551	NC_003076.8	83.012	259	16	8	330	588	13734262	13734492	4.75e-53	209
NC_003076.8:24117961-24118551	NC_003076.8	81.298	262	23	8	330	591	8602053	8601818	6.18e-47	189
NC_003076.8:24117961-24118551	NC_003076.8	94.737	114	4	2	293	405	24586805	24586917	4.81e-43	176
NC_003076.8:24117961-24118551	NC_003076.8	81.659	229	17	8	362	590	16030752	16030549	2.90e-40	167
NC_003076.8:24117961-24118551	NC_003076.8	77.656	273	37	11	330	590	17481786	17482046	1.36e-33	145
NC_003076.8:24117961-24118551	NC_003076.8	84.967	153	10	6	330	482	9867496	9867635	4.88e-33	143
NC_003076.8:24117961-24118551	NC_003076.8	84.314	153	11	6	330	482	26893188	26893327	2.27e-31	137
NC_003076.8:24117961-24118551	NC_003076.8	83.660	153	12	5	330	482	24314283	24314422	1.06e-29	132
NC_003076.8:24117961-24118551	NC_003076.8	83.660	153	10	4	330	482	17398095	17397958	3.80e-29	130
NC_003076.8:24117961-24118551	NC_003076.8	82.209	163	9	5	429	591	10041953	10041811	6.36e-27	122
NC_003076.8:24117961-24118551	NC_003076.8	89.474	95	9	1	1	94	14880217	14880311	8.23e-26	119
NC_003076.8:24117961-24118551	NC_003076.8	89.474	95	9	1	330	423	19408597	19408503	8.23e-26	119
NC_003076.8:24117961-24118551	NC_003076.8	88.636	88	9	1	1	87	15659430	15659343	6.41e-22	106
NC_003076.8:24117961-24118551	NC_003076.8	92.857	70	5	0	6	75	25845358	25845289	8.29e-21	102
NC_003076.8:24117961-24118551	NC_003076.8	91.667	72	4	2	330	401	17955910	17955841	1.07e-19	99.0
NC_003076.8:24117961-24118551	NC_003076.8	85.106	94	14	0	1	94	20674821	20674728	3.86e-19	97.1
NC_003076.8:24117961-24118551	NC_003076.8	93.750	64	3	1	1	64	9866842	9866904	1.39e-18	95.3
NC_003076.8:24117961-24118551	NC_003076.8	92.188	64	4	1	1	64	15162256	15162318	6.45e-17	89.8
NC_003076.8:24117961-24118551	NC_003076.8	78.621	145	23	5	330	466	26892276	26892420	6.45e-17	89.8
NC_003076.8:24117961-24118551	NC_003076.8	90.625	64	5	1	1	64	7488976	7488914	3.00e-15	84.2
NC_003076.8:24117961-24118551	NC_003076.8	90.625	64	5	1	1	64	15536011	15535949	3.00e-15	84.2
NC_003076.8:24117961-24118551	NC_003076.8	91.803	61	4	1	1	61	19153745	19153686	3.00e-15	84.2
NC_003076.8:24117961-24118551	NC_003076.8	85.333	75	11	0	1	75	8280719	8280793	1.40e-13	78.7
NC_003076.8:24117961-24118551	NC_003076.8	86.111	72	9	1	331	402	8671466	8671536	5.02e-13	76.8
NC_003076.8:24117961-24118551	NC_003076.8	88.889	63	6	1	1	63	17481152	17481213	5.02e-13	76.8
NC_003076.8:24117961-24118551	NC_003076.8	93.478	46	3	0	344	389	17247879	17247834	8.41e-11	69.4
NC_003076.8:24117961-24118551	NC_003076.8	85.938	64	8	1	1	64	22020974	22021036	3.02e-10	67.6
NC_003076.8:24117961-24118551	NC_003070.9	94.068	590	22	2	1	590	17502231	17502807	0.0	883
NC_003076.8:24117961-24118551	NC_003070.9	94.014	568	18	4	1	568	6219139	6218588	0.0	846
NC_003076.8:24117961-24118551	NC_003070.9	92.542	590	25	8	1	590	13869874	13870444	0.0	828
NC_003076.8:24117961-24118551	NC_003070.9	89.050	621	38	3	1	591	2587832	2587212	0.0	743
NC_003076.8:24117961-24118551	NC_003070.9	88.494	591	38	11	1	590	23125692	23125131	0.0	688
NC_003076.8:24117961-24118551	NC_003070.9	87.331	592	42	17	1	590	12097457	12098017	0.0	647
NC_003076.8:24117961-24118551	NC_003070.9	86.949	590	37	12	1	590	21918435	21918984	1.11e-178	627
NC_003076.8:24117961-24118551	NC_003070.9	86.486	592	44	19	1	591	26511225	26510669	6.66e-176	617
NC_003076.8:24117961-24118551	NC_003070.9	86.828	577	42	14	19	590	25779690	25780237	8.61e-175	614
NC_003076.8:24117961-24118551	NC_003070.9	92.435	423	30	1	1	423	5899754	5899334	1.86e-171	603
NC_003076.8:24117961-24118551	NC_003070.9	86.125	591	42	14	1	591	4770664	4770114	6.70e-171	601
NC_003076.8:24117961-24118551	NC_003070.9	85.835	593	53	13	1	591	5862950	5863513	6.70e-171	601
NC_003076.8:24117961-24118551	NC_003070.9	85.882	595	41	13	1	591	26880722	26881277	1.12e-168	593
NC_003076.8:24117961-24118551	NC_003070.9	85.714	595	41	17	1	590	27240720	27241275	5.22e-167	588
NC_003076.8:24117961-24118551	NC_003070.9	85.354	594	56	13	1	590	13495988	13495422	1.88e-166	586
NC_003076.8:24117961-24118551	NC_003070.9	91.335	427	32	4	1	423	16401002	16400577	3.14e-164	579
NC_003076.8:24117961-24118551	NC_003070.9	88.358	481	40	8	3	481	11732355	11732821	8.79e-160	564
NC_003076.8:24117961-24118551	NC_003070.9	84.823	593	48	16	1	590	540986	540433	4.09e-158	558
NC_003076.8:24117961-24118551	NC_003070.9	84.772	591	47	19	1	590	19769025	19769573	1.90e-156	553
NC_003076.8:24117961-24118551	NC_003070.9	84.291	592	64	17	1	590	21739640	21739076	6.85e-156	551
NC_003076.8:24117961-24118551	NC_003070.9	84.564	596	46	19	1	591	10591981	10591427	2.46e-155	549
NC_003076.8:24117961-24118551	NC_003070.9	84.654	593	43	19	1	590	10021961	10021414	8.86e-155	547
NC_003076.8:24117961-24118551	NC_003070.9	89.450	436	41	5	3	436	2986889	2986457	3.19e-154	545
NC_003076.8:24117961-24118551	NC_003070.9	90.602	415	34	5	1	414	10853199	10852789	3.19e-154	545
NC_003076.8:24117961-24118551	NC_003070.9	84.486	593	46	20	1	590	11804093	11803544	1.15e-153	544
NC_003076.8:24117961-24118551	NC_003070.9	84.752	564	46	24	1	558	588026	587497	3.21e-149	529
NC_003076.8:24117961-24118551	NC_003070.9	88.471	425	45	4	1	423	22192008	22192430	1.16e-143	510
NC_003076.8:24117961-24118551	NC_003070.9	88.652	423	42	6	3	423	29244145	29244563	1.16e-143	510
NC_003076.8:24117961-24118551	NC_003070.9	92.416	356	25	2	68	423	10930991	10931344	1.50e-142	507
NC_003076.8:24117961-24118551	NC_003070.9	83.137	593	57	18	1	591	20205904	20205353	6.99e-141	501
NC_003076.8:24117961-24118551	NC_003070.9	82.264	592	61	15	1	590	28891929	28891380	5.48e-132	472
NC_003076.8:24117961-24118551	NC_003070.9	82.107	598	46	27	1	590	24645520	24646064	5.52e-127	455
NC_003076.8:24117961-24118551	NC_003070.9	81.803	610	41	19	3	590	24718477	24719038	9.24e-125	448
NC_003076.8:24117961-24118551	NC_003070.9	89.565	230	24	0	1	230	12240506	12240735	4.58e-78	292
NC_003076.8:24117961-24118551	NC_003070.9	91.954	174	9	5	1	172	2473306	2473136	6.05e-62	239
NC_003076.8:24117961-24118551	NC_003070.9	81.579	266	19	11	330	591	20514335	20514574	4.78e-48	193
NC_003076.8:24117961-24118551	NC_003070.9	81.369	263	19	13	330	590	21128636	21128870	2.22e-46	187
NC_003076.8:24117961-24118551	NC_003070.9	79.779	272	15	16	320	590	2473131	2472899	1.35e-38	161
NC_003076.8:24117961-24118551	NC_003070.9	83.708	178	21	6	330	502	5437136	5436962	1.35e-38	161
NC_003076.8:24117961-24118551	NC_003070.9	81.223	229	18	7	362	590	9384363	9384160	1.35e-38	161
NC_003076.8:24117961-24118551	NC_003070.9	84.431	167	12	9	426	591	21336375	21336528	8.11e-36	152
NC_003076.8:24117961-24118551	NC_003070.9	82.857	175	15	10	330	504	14013607	14013448	4.88e-33	143
NC_003076.8:24117961-24118551	NC_003070.9	82.659	173	19	6	419	590	19741702	19741540	4.88e-33	143
NC_003076.8:24117961-24118551	NC_003070.9	91.579	95	7	1	1	94	9919331	9919237	3.80e-29	130
NC_003076.8:24117961-24118551	NC_003070.9	83.117	154	11	6	330	482	29774473	29774334	4.92e-28	126
NC_003076.8:24117961-24118551	NC_003070.9	88.350	103	11	1	1	102	6403656	6403554	6.36e-27	122
NC_003076.8:24117961-24118551	NC_003070.9	90.217	92	8	1	3	93	18805110	18805019	8.23e-26	119
NC_003076.8:24117961-24118551	NC_003070.9	89.474	95	9	1	1	94	26306961	26307055	8.23e-26	119
NC_003076.8:24117961-24118551	NC_003070.9	88.421	95	10	1	1	94	8189962	8190056	3.83e-24	113
NC_003076.8:24117961-24118551	NC_003070.9	87.500	96	10	2	1	94	19742137	19742042	4.95e-23	110
NC_003076.8:24117961-24118551	NC_003070.9	87.234	94	11	1	1	93	12183990	12183897	6.41e-22	106
NC_003076.8:24117961-24118551	NC_003070.9	86.458	96	10	3	1	94	12993594	12993500	8.29e-21	102
NC_003076.8:24117961-24118551	NC_003070.9	93.939	66	4	0	1	66	18766617	18766552	2.98e-20	100
NC_003076.8:24117961-24118551	NC_003070.9	85.106	94	14	0	1	94	17605551	17605644	3.86e-19	97.1
NC_003076.8:24117961-24118551	NC_003070.9	92.063	63	4	1	1	63	9385032	9384971	2.32e-16	87.9
NC_003076.8:24117961-24118551	NC_003070.9	92.063	63	4	1	1	63	18301141	18301080	2.32e-16	87.9
NC_003076.8:24117961-24118551	NC_003070.9	90.625	64	5	1	1	64	6514477	6514539	3.00e-15	84.2
NC_003076.8:24117961-24118551	NC_003070.9	89.062	64	7	0	1	64	12618639	12618702	3.88e-14	80.5
NC_003076.8:24117961-24118551	NC_003070.9	82.022	89	14	2	1	88	11526797	11526710	1.81e-12	75.0
NC_003076.8:24117961-24118551	NC_003070.9	89.655	58	6	0	6	63	16890966	16890909	1.81e-12	75.0
NC_003076.8:24117961-24118551	NC_003070.9	88.525	61	6	1	1	61	10579425	10579484	6.50e-12	73.1
NC_003076.8:24117961-24118551	NC_003070.9	89.130	46	4	1	451	496	13015358	13015402	6.54e-07	56.5
NC_003076.8:24117961-24118551	NC_003075.7	93.232	591	23	4	1	591	14458283	14457710	0.0	854
NC_003076.8:24117961-24118551	NC_003075.7	91.356	590	31	6	1	590	12607046	12606477	0.0	789
NC_003076.8:24117961-24118551	NC_003075.7	88.663	591	39	8	1	591	1521258	1521820	0.0	695
NC_003076.8:24117961-24118551	NC_003075.7	87.797	590	44	8	1	590	6115342	6115903	0.0	665
NC_003076.8:24117961-24118551	NC_003075.7	85.980	592	53	15	1	591	572758	572196	1.44e-172	606
NC_003076.8:24117961-24118551	NC_003075.7	91.355	428	32	4	1	427	8947759	8947336	8.73e-165	580
NC_003076.8:24117961-24118551	NC_003075.7	85.110	591	59	13	1	590	5392282	5391720	1.13e-163	577
NC_003076.8:24117961-24118551	NC_003075.7	84.941	591	47	20	1	590	9112129	9111580	1.14e-158	560
NC_003076.8:24117961-24118551	NC_003075.7	84.848	561	53	18	1	559	824052	823522	1.92e-151	536
NC_003076.8:24117961-24118551	NC_003075.7	85.769	520	57	11	1	519	6660988	6661491	6.90e-151	534
NC_003076.8:24117961-24118551	NC_003075.7	84.122	592	44	22	1	591	12365605	12365063	1.15e-148	527
NC_003076.8:24117961-24118551	NC_003075.7	83.953	592	46	13	1	591	15442193	15441650	5.37e-147	521
NC_003076.8:24117961-24118551	NC_003075.7	88.434	415	42	5	1	414	7034792	7034383	3.25e-139	496
NC_003076.8:24117961-24118551	NC_003075.7	87.500	424	47	6	1	423	6340021	6339603	7.04e-136	484
NC_003076.8:24117961-24118551	NC_003075.7	83.478	345	29	10	244	588	2553631	2553947	3.54e-79	296
NC_003076.8:24117961-24118551	NC_003075.7	81.992	261	20	8	330	590	6243586	6243819	3.70e-49	196
NC_003076.8:24117961-24118551	NC_003075.7	82.061	262	17	11	330	591	9193138	9193369	3.70e-49	196
NC_003076.8:24117961-24118551	NC_003075.7	91.579	95	7	1	1	94	964406	964312	3.80e-29	130
NC_003076.8:24117961-24118551	NC_003075.7	90.526	95	8	1	1	94	7154780	7154874	1.77e-27	124
NC_003076.8:24117961-24118551	NC_003075.7	83.007	153	11	3	330	482	12699153	12699290	1.77e-27	124
NC_003076.8:24117961-24118551	NC_003075.7	88.421	95	10	1	1	94	6427215	6427121	3.83e-24	113
NC_003076.8:24117961-24118551	NC_003075.7	88.298	94	10	1	1	93	2040108	2040201	1.38e-23	111
NC_003076.8:24117961-24118551	NC_003075.7	89.773	88	8	1	1	87	7905772	7905859	1.38e-23	111
NC_003076.8:24117961-24118551	NC_003075.7	94.444	72	2	2	330	399	1100911	1100982	4.95e-23	110
NC_003076.8:24117961-24118551	NC_003075.7	87.368	95	10	2	1	94	12968437	12968344	1.78e-22	108
NC_003076.8:24117961-24118551	NC_003075.7	86.170	94	13	0	1	94	7652565	7652658	8.29e-21	102
NC_003076.8:24117961-24118551	NC_003075.7	93.548	62	4	0	330	391	7572220	7572281	4.99e-18	93.5
NC_003076.8:24117961-24118551	NC_003075.7	90.476	63	5	1	1	63	9192544	9192605	1.08e-14	82.4
NC_003076.8:24117961-24118551	NC_003075.7	89.062	64	7	0	1	64	8899078	8899141	3.88e-14	80.5
NC_003076.8:24117961-24118551	NC_003075.7	88.889	63	6	1	1	63	6169228	6169167	5.02e-13	76.8
NC_003076.8:24117961-24118551	NC_003075.7	88.889	63	6	1	1	63	7384281	7384220	5.02e-13	76.8
NC_003076.8:24117961-24118551	NC_003075.7	87.500	64	7	1	1	64	1199584	1199522	6.50e-12	73.1
NC_003076.8:24117961-24118551	NC_003075.7	85.938	64	8	1	1	64	7230736	7230798	3.02e-10	67.6
NC_003076.8:24117961-24118551	NC_003074.8	90.034	592	43	9	1	590	10758579	10758002	0.0	752
NC_003076.8:24117961-24118551	NC_003074.8	88.832	591	39	8	1	591	10405397	10405960	0.0	701
NC_003076.8:24117961-24118551	NC_003074.8	87.627	590	44	13	3	591	11091000	11090439	0.0	658
NC_003076.8:24117961-24118551	NC_003074.8	87.966	590	25	15	1	590	11315008	11315551	0.0	654
NC_003076.8:24117961-24118551	NC_003074.8	87.188	601	39	15	2	591	6729497	6728924	0.0	649
NC_003076.8:24117961-24118551	NC_003074.8	87.310	591	44	10	1	591	23085532	23086091	0.0	647
NC_003076.8:24117961-24118551	NC_003074.8	86.971	591	50	7	1	591	14057125	14057688	0.0	640
NC_003076.8:24117961-24118551	NC_003074.8	86.802	591	47	15	1	590	16485868	16485308	8.55e-180	630
NC_003076.8:24117961-24118551	NC_003074.8	87.069	580	44	11	12	590	18634492	18633943	1.11e-178	627
NC_003076.8:24117961-24118551	NC_003074.8	86.587	589	50	12	3	590	19436874	19437434	1.43e-177	623
NC_003076.8:24117961-24118551	NC_003074.8	86.387	595	37	17	1	591	10708626	10709180	1.11e-173	610
NC_003076.8:24117961-24118551	NC_003074.8	86.050	595	50	12	1	591	5865865	5866430	4.01e-173	608
NC_003076.8:24117961-24118551	NC_003074.8	85.497	593	56	11	1	590	3080590	3080025	4.03e-168	592
NC_003076.8:24117961-24118551	NC_003074.8	85.763	590	45	15	1	590	17402551	17402001	5.22e-167	588
NC_003076.8:24117961-24118551	NC_003074.8	85.546	595	43	17	1	591	7766063	7766618	2.43e-165	582
NC_003076.8:24117961-24118551	NC_003074.8	90.888	428	32	6	1	423	16405197	16405622	6.80e-161	568
NC_003076.8:24117961-24118551	NC_003074.8	91.325	415	33	2	1	414	10718344	10717932	8.79e-160	564
NC_003076.8:24117961-24118551	NC_003074.8	84.477	612	44	20	1	590	19739758	19740340	1.47e-157	556
NC_003076.8:24117961-24118551	NC_003074.8	84.628	592	47	17	1	590	7980632	7980083	2.46e-155	549
NC_003076.8:24117961-24118551	NC_003074.8	92.167	383	27	3	1	382	4579238	4579618	5.33e-152	538
NC_003076.8:24117961-24118551	NC_003074.8	83.697	595	56	18	1	591	21552657	21552100	1.49e-147	523
NC_003076.8:24117961-24118551	NC_003074.8	83.418	591	49	10	1	590	11132203	11132745	1.94e-141	503
NC_003076.8:24117961-24118551	NC_003074.8	88.193	415	43	6	1	414	4584757	4585166	1.51e-137	490
NC_003076.8:24117961-24118551	NC_003074.8	88.800	375	31	5	1	374	423196	422832	2.57e-125	449
NC_003076.8:24117961-24118551	NC_003074.8	84.466	412	35	12	181	590	15814107	15814491	3.42e-104	379
NC_003076.8:24117961-24118551	NC_003074.8	84.804	408	25	15	183	590	16235030	16234660	4.42e-103	375
NC_003076.8:24117961-24118551	NC_003074.8	82.375	261	19	11	330	590	6940832	6940599	7.94e-51	202
NC_003076.8:24117961-24118551	NC_003074.8	81.893	243	18	12	330	572	18171177	18170961	1.03e-44	182
NC_003076.8:24117961-24118551	NC_003074.8	82.533	229	15	7	362	590	20769802	20769599	1.34e-43	178
NC_003076.8:24117961-24118551	NC_003074.8	90.598	117	9	2	308	423	18885867	18885752	2.26e-36	154
NC_003076.8:24117961-24118551	NC_003074.8	79.200	250	15	12	330	579	8329280	8329492	6.32e-32	139
NC_003076.8:24117961-24118551	NC_003074.8	84.314	153	11	7	330	482	4468266	4468405	2.27e-31	137
NC_003076.8:24117961-24118551	NC_003074.8	83.030	165	15	5	426	590	18885775	18885624	2.27e-31	137
NC_003076.8:24117961-24118551	NC_003074.8	88.542	96	9	2	1	94	15918690	15918595	1.06e-24	115
NC_003076.8:24117961-24118551	NC_003074.8	95.385	65	3	0	1	65	16235708	16235644	2.30e-21	104
NC_003076.8:24117961-24118551	NC_003074.8	86.170	94	12	1	1	93	7659520	7659427	2.98e-20	100
NC_003076.8:24117961-24118551	NC_003074.8	89.333	75	8	0	1	75	10082827	10082753	1.39e-18	95.3
NC_003076.8:24117961-24118551	NC_003074.8	92.063	63	4	1	1	63	8596966	8596905	2.32e-16	87.9
NC_003076.8:24117961-24118551	NC_003074.8	90.625	64	5	1	1	64	16535293	16535231	3.00e-15	84.2
NC_003076.8:24117961-24118551	NC_003074.8	90.625	64	5	1	1	64	16677617	16677679	3.00e-15	84.2
NC_003076.8:24117961-24118551	NC_003074.8	91.803	61	4	1	1	61	16902333	16902392	3.00e-15	84.2
NC_003076.8:24117961-24118551	NC_003074.8	91.803	61	4	1	1	61	19537815	19537756	3.00e-15	84.2
NC_003076.8:24117961-24118551	NC_003074.8	90.476	63	5	1	1	63	19529024	19529085	1.08e-14	82.4
NC_003076.8:24117961-24118551	NC_003074.8	90.476	63	5	1	1	63	20770463	20770402	1.08e-14	82.4
NC_003076.8:24117961-24118551	NC_003074.8	85.938	64	8	1	1	64	10900763	10900825	3.02e-10	67.6
NC_003076.8:24117961-24118551	NC_003074.8	96.875	32	1	0	1	32	9540460	9540491	2.35e-06	54.7
NC_003076.8:24117961-24118551	NC_003074.8	100.000	28	0	0	1	28	18172791	18172764	8.47e-06	52.8
NC_003076.8:24117961-24118551	NC_003071.7	90.525	591	25	10	1	591	9860513	9859954	0.0	752
NC_003076.8:24117961-24118551	NC_003071.7	92.336	535	28	2	3	537	19172665	19172144	0.0	749
NC_003076.8:24117961-24118551	NC_003071.7	87.966	590	43	11	1	590	5037752	5038313	0.0	671
NC_003076.8:24117961-24118551	NC_003071.7	86.700	594	44	18	1	591	7340382	7340943	1.11e-178	627
NC_003076.8:24117961-24118551	NC_003071.7	86.364	594	48	15	1	590	2138821	2139385	6.66e-176	617
NC_003076.8:24117961-24118551	NC_003071.7	86.172	593	53	15	1	591	5010651	5010086	8.61e-175	614
NC_003076.8:24117961-24118551	NC_003071.7	86.348	586	48	12	7	591	1596926	1597480	1.11e-173	610
NC_003076.8:24117961-24118551	NC_003071.7	85.546	595	44	13	1	591	6207150	6206594	6.75e-166	584
NC_003076.8:24117961-24118551	NC_003071.7	91.569	427	31	4	1	427	9226024	9225603	6.75e-166	584
NC_003076.8:24117961-24118551	NC_003071.7	85.473	592	44	18	1	591	13101811	13102361	3.14e-164	579
NC_003076.8:24117961-24118551	NC_003071.7	85.315	572	48	17	1	567	4025414	4025954	4.09e-158	558
NC_003076.8:24117961-24118551	NC_003071.7	84.772	591	48	16	1	590	12556655	12557204	5.29e-157	555
NC_003076.8:24117961-24118551	NC_003071.7	86.278	532	40	12	18	545	17147641	17147139	8.86e-155	547
NC_003076.8:24117961-24118551	NC_003071.7	84.247	584	48	20	3	585	13885934	13886474	3.21e-149	529
NC_003076.8:24117961-24118551	NC_003071.7	84.095	591	45	16	1	590	1670333	1669791	4.15e-148	525
NC_003076.8:24117961-24118551	NC_003071.7	88.675	415	41	5	1	414	9229178	9228769	6.99e-141	501
NC_003076.8:24117961-24118551	NC_003071.7	82.799	593	52	18	1	591	19623103	19623647	7.04e-136	484
NC_003076.8:24117961-24118551	NC_003071.7	82.412	597	48	21	1	590	15134226	15134772	7.09e-131	468
NC_003076.8:24117961-24118551	NC_003071.7	89.008	373	32	4	3	374	19243132	19242768	1.99e-126	453
NC_003076.8:24117961-24118551	NC_003071.7	93.023	215	14	1	1	215	9433092	9433305	3.52e-84	313
NC_003076.8:24117961-24118551	NC_003071.7	81.915	376	38	14	216	590	4305944	4306290	1.65e-77	291
NC_003076.8:24117961-24118551	NC_003071.7	82.759	261	21	12	331	591	10996418	10996182	1.32e-53	211
NC_003076.8:24117961-24118551	NC_003071.7	82.692	260	22	8	331	590	1383789	1383553	4.75e-53	209
NC_003076.8:24117961-24118551	NC_003071.7	90.345	145	11	2	280	423	9433300	9433442	2.22e-46	187
NC_003076.8:24117961-24118551	NC_003071.7	82.969	229	15	8	362	590	2320730	2320934	8.00e-46	185
NC_003076.8:24117961-24118551	NC_003071.7	80.297	269	33	9	330	590	7351291	7351547	8.00e-46	185
NC_003076.8:24117961-24118551	NC_003071.7	81.739	230	16	8	362	591	1038251	1038048	8.06e-41	169
NC_003076.8:24117961-24118551	NC_003071.7	83.660	153	11	5	330	482	10070310	10070172	1.06e-29	132
NC_003076.8:24117961-24118551	NC_003071.7	83.117	154	11	6	330	482	1347424	1347285	4.92e-28	126
NC_003076.8:24117961-24118551	NC_003071.7	82.781	151	13	5	330	480	9030463	9030600	6.36e-27	122
NC_003076.8:24117961-24118551	NC_003071.7	88.421	95	9	2	330	423	14572548	14572641	3.83e-24	113
NC_003076.8:24117961-24118551	NC_003071.7	92.063	63	4	1	1	63	6901192	6901253	2.32e-16	87.9
NC_003076.8:24117961-24118551	NC_003071.7	92.063	63	4	1	1	63	9029808	9029869	2.32e-16	87.9
NC_003076.8:24117961-24118551	NC_003071.7	90.476	63	5	1	1	63	10070963	10070902	1.08e-14	82.4
NC_003076.8:24117961-24118551	NC_003071.7	89.062	64	6	1	1	64	1322855	1322793	1.40e-13	78.7
NC_003076.8:24117961-24118551	NC_003071.7	89.062	64	6	1	1	64	3198501	3198439	1.40e-13	78.7
NC_003076.8:24117961-24118551	NC_003071.7	88.889	63	6	1	1	63	2320063	2320124	5.02e-13	76.8
NC_003076.8:24117961-24118551	NC_003071.7	87.302	63	7	1	1	63	11909719	11909658	2.34e-11	71.3
NC_003076.8:24117961-24118551	NC_003071.7	97.368	38	1	0	330	367	9311421	9311458	1.09e-09	65.8
NC_003076.8:21530089-21531925	NC_003076.8	100.000	1837	0	0	1	1837	21530089	21531925	0.0	3393
NC_003076.8:21530089-21531925	NC_003076.8	92.151	1032	42	5	841	1835	20681331	20680302	0.0	1421
NC_003076.8:21530089-21531925	NC_003076.8	92.008	1026	42	7	841	1827	19741532	19740508	0.0	1404
NC_003076.8:21530089-21531925	NC_003076.8	91.748	1030	42	12	841	1832	24186837	24185813	0.0	1391
NC_003076.8:21530089-21531925	NC_003076.8	96.437	842	26	3	1	840	8765709	8766548	0.0	1386
NC_003076.8:21530089-21531925	NC_003076.8	91.757	1019	43	10	841	1820	9963963	9962947	0.0	1378
NC_003076.8:21530089-21531925	NC_003076.8	91.440	1028	49	13	841	1830	5428972	5427946	0.0	1375
NC_003076.8:21530089-21531925	NC_003076.8	96.200	842	29	3	1	840	17365025	17365865	0.0	1375
NC_003076.8:21530089-21531925	NC_003076.8	91.650	1018	45	14	841	1820	8766788	8767803	0.0	1373
NC_003076.8:21530089-21531925	NC_003076.8	95.632	847	29	4	1	840	19742617	19741772	0.0	1352
NC_003076.8:21530089-21531925	NC_003076.8	91.105	1023	49	9	841	1825	8745638	8744620	0.0	1347
NC_003076.8:21530089-21531925	NC_003076.8	91.096	1022	50	17	841	1824	15043148	15042130	0.0	1345
NC_003076.8:21530089-21531925	NC_003076.8	95.606	842	29	6	1	840	20682406	20681571	0.0	1343
NC_003076.8:21530089-21531925	NC_003076.8	95.300	851	27	8	2	840	5430061	5429212	0.0	1338
NC_003076.8:21530089-21531925	NC_003076.8	90.279	1039	58	11	841	1836	14081783	14080745	0.0	1319
NC_003076.8:21530089-21531925	NC_003076.8	95.131	842	31	4	1	840	14151294	14150461	0.0	1319
NC_003076.8:21530089-21531925	NC_003076.8	90.579	1019	56	14	841	1820	1897593	1896576	0.0	1314
NC_003076.8:21530089-21531925	NC_003076.8	91.212	990	46	7	841	1791	18854902	18855889	0.0	1308
NC_003076.8:21530089-21531925	NC_003076.8	95.012	842	22	4	1	840	15606601	15605778	0.0	1304
NC_003076.8:21530089-21531925	NC_003076.8	93.850	878	28	10	1	875	9965017	9964163	0.0	1299
NC_003076.8:21530089-21531925	NC_003076.8	90.313	1022	56	18	841	1820	24476311	24475291	0.0	1299
NC_003076.8:21530089-21531925	NC_003076.8	94.774	842	22	6	1	840	20281984	20281163	0.0	1291
NC_003076.8:21530089-21531925	NC_003076.8	95.042	827	31	7	16	838	24187899	24187079	0.0	1291
NC_003076.8:21530089-21531925	NC_003076.8	89.942	1034	49	21	841	1820	22231984	22230952	0.0	1282
NC_003076.8:21530089-21531925	NC_003076.8	89.749	1034	61	15	841	1832	16357529	16358559	0.0	1280
NC_003076.8:21530089-21531925	NC_003076.8	90.000	1020	61	10	841	1820	17366105	17367123	0.0	1280
NC_003076.8:21530089-21531925	NC_003076.8	94.313	844	25	6	1	840	8746701	8745877	0.0	1271
NC_003076.8:21530089-21531925	NC_003076.8	90.587	988	50	8	841	1785	5977773	5976786	0.0	1269
NC_003076.8:21530089-21531925	NC_003076.8	94.181	842	28	5	1	840	9590410	9591232	0.0	1264
NC_003076.8:21530089-21531925	NC_003076.8	90.180	998	56	8	862	1821	4313874	4314867	0.0	1262
NC_003076.8:21530089-21531925	NC_003076.8	89.618	1021	63	10	841	1820	17776784	17777802	0.0	1258
NC_003076.8:21530089-21531925	NC_003076.8	93.846	845	30	10	1	840	11025336	11026163	0.0	1253
NC_003076.8:21530089-21531925	NC_003076.8	93.943	842	28	8	1	840	14082835	14082015	0.0	1251
NC_003076.8:21530089-21531925	NC_003076.8	93.824	842	29	10	1	840	4782228	4781408	0.0	1245
NC_003076.8:21530089-21531925	NC_003076.8	95.196	791	18	4	52	840	17618634	17617862	0.0	1232
NC_003076.8:21530089-21531925	NC_003076.8	93.124	858	23	10	1	840	18853952	18854791	0.0	1225
NC_003076.8:21530089-21531925	NC_003076.8	93.705	826	30	6	18	840	17775746	17776552	0.0	1218
NC_003076.8:21530089-21531925	NC_003076.8	92.891	844	36	6	1	840	16356475	16357298	0.0	1205
NC_003076.8:21530089-21531925	NC_003076.8	88.566	1032	64	27	841	1820	8354230	8353201	0.0	1203
NC_003076.8:21530089-21531925	NC_003076.8	90.879	910	42	15	841	1711	14150221	14149314	0.0	1182
NC_003076.8:21530089-21531925	NC_003076.8	92.408	843	40	8	1	840	1898645	1897824	0.0	1181
NC_003076.8:21530089-21531925	NC_003076.8	90.173	926	50	19	933	1820	11026974	11027896	0.0	1168
NC_003076.8:21530089-21531925	NC_003076.8	91.375	858	37	15	1	840	9559507	9558669	0.0	1140
NC_003076.8:21530089-21531925	NC_003076.8	90.588	850	52	20	1	835	9612591	9613427	0.0	1101
NC_003076.8:21530089-21531925	NC_003076.8	93.617	705	22	7	140	840	4312671	4313356	0.0	1031
NC_003076.8:21530089-21531925	NC_003076.8	95.349	645	25	5	1	642	7154439	7153797	0.0	1020
NC_003076.8:21530089-21531925	NC_003076.8	89.026	811	49	16	1060	1832	15605466	15604658	0.0	968
NC_003076.8:21530089-21531925	NC_003076.8	89.235	771	43	14	1090	1820	4780980	4780210	0.0	928
NC_003076.8:21530089-21531925	NC_003076.8	93.821	615	31	6	225	838	8683110	8683718	0.0	918
NC_003076.8:21530089-21531925	NC_003076.8	92.019	639	43	8	236	872	7711270	7711902	0.0	891
NC_003076.8:21530089-21531925	NC_003076.8	91.337	658	41	16	225	877	5129705	5129059	0.0	885
NC_003076.8:21530089-21531925	NC_003076.8	92.707	617	38	7	225	840	14761053	14760443	0.0	883
NC_003076.8:21530089-21531925	NC_003076.8	91.033	658	44	15	225	877	19931428	19930781	0.0	874
NC_003076.8:21530089-21531925	NC_003076.8	87.855	774	35	18	841	1578	10714702	10715452	0.0	854
NC_003076.8:21530089-21531925	NC_003076.8	91.749	606	43	6	238	840	15342559	15341958	0.0	835
NC_003076.8:21530089-21531925	NC_003076.8	91.461	609	44	7	236	840	13918658	13918054	0.0	830
NC_003076.8:21530089-21531925	NC_003076.8	90.651	599	40	9	247	840	354275	354862	0.0	782
NC_003076.8:21530089-21531925	NC_003076.8	92.322	521	32	7	323	840	19670974	19671489	0.0	734
NC_003076.8:21530089-21531925	NC_003076.8	91.287	505	28	7	1332	1820	7153688	7153184	0.0	675
NC_003076.8:21530089-21531925	NC_003076.8	87.398	611	41	7	1258	1832	25905017	25905627	0.0	669
NC_003076.8:21530089-21531925	NC_003076.8	94.651	430	21	2	841	1269	15577145	15576717	0.0	665
NC_003076.8:21530089-21531925	NC_003076.8	89.405	538	38	9	1299	1820	15576714	15576180	0.0	660
NC_003076.8:21530089-21531925	NC_003076.8	88.727	550	38	13	1299	1829	21776320	21775776	0.0	651
NC_003076.8:21530089-21531925	NC_003076.8	93.953	430	25	1	841	1269	21776752	21776323	0.0	649
NC_003076.8:21530089-21531925	NC_003076.8	93.418	395	24	2	1427	1820	17796531	17796138	2.16e-165	584
NC_003076.8:21530089-21531925	NC_003076.8	91.358	405	29	2	1427	1831	9134337	9134735	7.89e-155	549
NC_003076.8:21530089-21531925	NC_003076.8	91.139	395	34	1	1427	1820	21584570	21584176	2.21e-150	534
NC_003076.8:21530089-21531925	NC_003076.8	92.775	346	22	3	1	345	4312436	4312779	2.90e-139	497
NC_003076.8:21530089-21531925	NC_003076.8	90.909	374	23	11	1456	1820	25264966	25265337	1.35e-137	492
NC_003076.8:21530089-21531925	NC_003076.8	90.556	360	22	12	218	573	25264635	25264986	8.17e-130	466
NC_003076.8:21530089-21531925	NC_003076.8	95.113	266	11	2	1069	1333	9592102	9592366	2.32e-115	418
NC_003076.8:21530089-21531925	NC_003076.8	93.640	283	10	4	841	1121	20280923	20280647	8.35e-115	416
NC_003076.8:21530089-21531925	NC_003076.8	93.262	282	15	4	1069	1349	17617546	17617268	1.08e-113	412
NC_003076.8:21530089-21531925	NC_003076.8	96.063	254	8	2	1	254	17796785	17796534	1.08e-113	412
NC_003076.8:21530089-21531925	NC_003076.8	94.361	266	13	2	1069	1333	20280291	20280027	5.02e-112	407
NC_003076.8:21530089-21531925	NC_003076.8	92.908	282	13	3	841	1121	9591472	9591747	6.50e-111	403
NC_003076.8:21530089-21531925	NC_003076.8	91.259	286	12	10	814	1096	9558460	9558185	3.94e-103	377
NC_003076.8:21530089-21531925	NC_003076.8	91.860	258	19	1	841	1098	4313595	4313850	1.43e-97	359
NC_003076.8:21530089-21531925	NC_003076.8	91.538	260	18	4	1	257	3020196	3019938	1.85e-96	355
NC_003076.8:21530089-21531925	NC_003076.8	91.154	260	17	6	1	257	5129834	5129578	3.09e-94	348
NC_003076.8:21530089-21531925	NC_003076.8	91.154	260	18	5	1	257	19931558	19931301	3.09e-94	348
NC_003076.8:21530089-21531925	NC_003076.8	90.769	260	20	4	1	257	25264511	25264769	4.00e-93	344
NC_003076.8:21530089-21531925	NC_003076.8	90.769	260	19	5	1	257	14761183	14760926	1.44e-92	342
NC_003076.8:21530089-21531925	NC_003076.8	90.385	260	20	5	1	257	17955555	17955812	6.69e-91	337
NC_003076.8:21530089-21531925	NC_003076.8	89.655	261	18	6	1	257	15342696	15342441	5.21e-87	324
NC_003076.8:21530089-21531925	NC_003076.8	89.231	260	17	5	1	257	13918790	13918539	3.13e-84	315
NC_003076.8:21530089-21531925	NC_003076.8	92.788	208	15	0	633	840	3019829	3019622	2.44e-80	302
NC_003076.8:21530089-21531925	NC_003076.8	95.722	187	7	1	841	1027	4781168	4780983	8.77e-80	300
NC_003076.8:21530089-21531925	NC_003076.8	92.593	189	9	4	2	188	19670802	19670987	8.90e-70	267
NC_003076.8:21530089-21531925	NC_003076.8	85.141	249	18	7	1	247	354140	354371	6.98e-61	237
NC_003076.8:21530089-21531925	NC_003076.8	92.908	141	4	5	225	365	17955686	17955820	9.15e-50	200
NC_003076.8:21530089-21531925	NC_003076.8	95.000	100	4	1	1	100	20398218	20398316	2.01e-36	156
NC_003076.8:21530089-21531925	NC_003076.8	92.308	104	6	1	841	942	11026403	11026506	1.21e-33	147
NC_003076.8:21530089-21531925	NC_003076.8	92.593	81	6	0	1	81	5978053	5977973	9.48e-25	117
NC_003076.8:21530089-21531925	NC_003076.8	92.500	80	6	0	2	81	20280646	20280567	3.41e-24	115
NC_003076.8:21530089-21531925	NC_003076.8	98.438	64	1	0	841	904	17617622	17617559	1.23e-23	113
NC_003076.8:21530089-21531925	NC_003076.8	91.463	82	5	2	1	81	9133953	9134033	4.41e-23	111
NC_003076.8:21530089-21531925	NC_003076.8	89.888	89	6	3	1	89	15043428	15043343	4.41e-23	111
NC_003076.8:21530089-21531925	NC_003076.8	91.250	80	7	0	2	81	9591748	9591827	1.59e-22	110
NC_003076.8:21530089-21531925	NC_003076.8	98.361	61	1	0	841	901	20280367	20280307	5.71e-22	108
NC_003076.8:21530089-21531925	NC_003076.8	95.522	67	2	1	841	907	9134233	9134298	2.05e-21	106
NC_003076.8:21530089-21531925	NC_003076.8	88.372	86	7	3	1	85	13982135	13982218	9.55e-20	100
NC_003076.8:21530089-21531925	NC_003076.8	82.031	128	12	6	1696	1820	22464083	22464202	3.43e-19	99.0
NC_003076.8:21530089-21531925	NC_003076.8	96.078	51	2	0	841	891	15605546	15605496	9.62e-15	84.2
NC_003076.8:21530089-21531925	NC_003076.8	86.207	58	7	1	1773	1830	8281674	8281730	4.51e-08	62.1
NC_003076.8:21530089-21531925	NC_003070.9	95.213	1880	42	14	1	1836	19466949	19465074	0.0	2929
NC_003076.8:21530089-21531925	NC_003070.9	95.035	1873	45	12	1	1831	16824518	16826384	0.0	2900
NC_003076.8:21530089-21531925	NC_003070.9	95.003	1861	49	20	1	1820	12364135	12365992	0.0	2881
NC_003076.8:21530089-21531925	NC_003070.9	94.768	1873	47	17	1	1830	23213666	23215530	0.0	2868
NC_003076.8:21530089-21531925	NC_003070.9	94.796	1864	56	12	1	1827	12564081	12562222	0.0	2867
NC_003076.8:21530089-21531925	NC_003070.9	94.853	1865	46	15	1	1820	16325444	16327303	0.0	2867
NC_003076.8:21530089-21531925	NC_003070.9	89.415	1880	90	24	1	1837	4785461	4787274	0.0	2268
NC_003076.8:21530089-21531925	NC_003070.9	96.323	843	27	4	1	840	26171480	26170639	0.0	1382
NC_003076.8:21530089-21531925	NC_003070.9	95.244	862	33	8	1	860	17899863	17900718	0.0	1358
NC_003076.8:21530089-21531925	NC_003070.9	90.649	1048	50	21	814	1820	11700687	11701727	0.0	1349
NC_003076.8:21530089-21531925	NC_003070.9	95.503	845	32	6	1	842	7035191	7036032	0.0	1345
NC_003076.8:21530089-21531925	NC_003070.9	91.168	1019	45	11	841	1820	13059884	13060896	0.0	1341
NC_003076.8:21530089-21531925	NC_003070.9	90.689	1031	50	18	841	1830	15940165	15941190	0.0	1330
NC_003076.8:21530089-21531925	NC_003070.9	90.963	1018	49	10	841	1820	22450993	22452005	0.0	1330
NC_003076.8:21530089-21531925	NC_003070.9	90.705	1022	52	16	841	1820	7036270	7037290	0.0	1321
NC_003076.8:21530089-21531925	NC_003070.9	90.485	1030	54	18	841	1830	19994695	19993670	0.0	1319
NC_003076.8:21530089-21531925	NC_003070.9	91.046	994	50	18	841	1795	8115824	8116817	0.0	1306
NC_003076.8:21530089-21531925	NC_003070.9	90.668	1018	44	18	841	1820	26170399	26169395	0.0	1306
NC_003076.8:21530089-21531925	NC_003070.9	95.169	828	37	3	14	840	30255510	30254685	0.0	1304
NC_003076.8:21530089-21531925	NC_003070.9	94.893	842	23	4	1	840	30253107	30252284	0.0	1299
NC_003076.8:21530089-21531925	NC_003070.9	94.774	842	29	6	1	840	9867414	9866586	0.0	1297
NC_003076.8:21530089-21531925	NC_003070.9	94.893	842	22	5	1	840	12330053	12329231	0.0	1297
NC_003076.8:21530089-21531925	NC_003070.9	90.294	1020	57	15	841	1820	16904847	16905864	0.0	1297
NC_003076.8:21530089-21531925	NC_003070.9	90.364	1017	52	10	841	1820	3413833	3414840	0.0	1293
NC_003076.8:21530089-21531925	NC_003070.9	94.731	835	34	5	5	838	19329256	19328431	0.0	1290
NC_003076.8:21530089-21531925	NC_003070.9	94.537	842	24	9	1	840	11699698	11700519	0.0	1280
NC_003076.8:21530089-21531925	NC_003070.9	90.000	1020	61	9	841	1820	18791846	18792864	0.0	1280
NC_003076.8:21530089-21531925	NC_003070.9	90.000	1020	61	15	841	1820	19769008	19767990	0.0	1280
NC_003076.8:21530089-21531925	NC_003070.9	90.030	1013	63	15	841	1820	28161315	28162322	0.0	1277
NC_003076.8:21530089-21531925	NC_003070.9	94.299	842	28	4	1	840	19061965	19062788	0.0	1271
NC_003076.8:21530089-21531925	NC_003070.9	94.062	842	30	4	1	840	9816210	9817033	0.0	1260
NC_003076.8:21530089-21531925	NC_003070.9	94.062	842	29	5	1	840	13058823	13059645	0.0	1258
NC_003076.8:21530089-21531925	NC_003070.9	93.950	843	28	10	1	840	8114770	8115592	0.0	1253
NC_003076.8:21530089-21531925	NC_003070.9	93.950	843	28	7	1	840	22994060	22993238	0.0	1253
NC_003076.8:21530089-21531925	NC_003070.9	93.824	842	30	6	1	840	19995734	19994913	0.0	1247
NC_003076.8:21530089-21531925	NC_003070.9	92.808	876	36	11	1	872	11737393	11736541	0.0	1243
NC_003076.8:21530089-21531925	NC_003070.9	89.500	1019	52	15	841	1820	13016853	13015851	0.0	1238
NC_003076.8:21530089-21531925	NC_003070.9	88.889	1035	60	17	841	1836	9817273	9818291	0.0	1223
NC_003076.8:21530089-21531925	NC_003070.9	92.362	851	34	9	1	840	22449931	22450761	0.0	1182
NC_003076.8:21530089-21531925	NC_003070.9	92.052	843	32	12	1	840	501372	500562	0.0	1153
NC_003076.8:21530089-21531925	NC_003070.9	87.831	1019	65	20	841	1818	9866346	9865346	0.0	1140
NC_003076.8:21530089-21531925	NC_003070.9	87.769	1022	63	11	841	1820	17900941	17901942	0.0	1138
NC_003076.8:21530089-21531925	NC_003070.9	91.351	844	41	15	1	840	16903800	16904615	0.0	1125
NC_003076.8:21530089-21531925	NC_003070.9	90.432	857	57	19	1	840	16806989	16807837	0.0	1105
NC_003076.8:21530089-21531925	NC_003070.9	89.953	846	57	21	1	830	16806150	16806983	0.0	1066
NC_003076.8:21530089-21531925	NC_003070.9	89.561	843	61	19	1	829	13262203	13261374	0.0	1044
NC_003076.8:21530089-21531925	NC_003070.9	91.114	799	28	16	841	1600	30254445	30253651	0.0	1042
NC_003076.8:21530089-21531925	NC_003070.9	89.861	789	41	10	1069	1820	23876482	23877268	0.0	977
NC_003076.8:21530089-21531925	NC_003070.9	89.149	811	46	16	1060	1829	19063794	19064603	0.0	972
NC_003076.8:21530089-21531925	NC_003070.9	93.528	618	31	9	225	840	17552868	17552258	0.0	911
NC_003076.8:21530089-21531925	NC_003070.9	93.366	618	34	7	225	840	1977035	1976423	0.0	907
NC_003076.8:21530089-21531925	NC_003070.9	91.489	658	41	15	225	877	2235037	2234390	0.0	891
NC_003076.8:21530089-21531925	NC_003070.9	92.233	618	38	10	225	840	29320600	29319991	0.0	867
NC_003076.8:21530089-21531925	NC_003070.9	87.808	771	49	22	1089	1820	19328001	19327237	0.0	861
NC_003076.8:21530089-21531925	NC_003070.9	91.909	618	41	9	225	840	6735995	6736605	0.0	856
NC_003076.8:21530089-21531925	NC_003070.9	92.617	596	38	6	247	840	19085234	19085825	0.0	852
NC_003076.8:21530089-21531925	NC_003070.9	91.774	620	37	14	225	840	17360	17969	0.0	850
NC_003076.8:21530089-21531925	NC_003070.9	92.450	596	37	7	247	840	19173667	19173078	0.0	845
NC_003076.8:21530089-21531925	NC_003070.9	91.680	625	24	7	841	1439	12876650	12876028	0.0	841
NC_003076.8:21530089-21531925	NC_003070.9	93.426	578	19	7	265	840	19062922	19063482	0.0	839
NC_003076.8:21530089-21531925	NC_003070.9	87.435	772	42	21	841	1560	11736352	11735584	0.0	837
NC_003076.8:21530089-21531925	NC_003070.9	91.749	606	42	8	247	850	8291436	8290837	0.0	835
NC_003076.8:21530089-21531925	NC_003070.9	91.234	616	44	10	225	837	3074593	3073985	0.0	830
NC_003076.8:21530089-21531925	NC_003070.9	91.040	625	26	6	841	1439	16998263	16997643	0.0	817
NC_003076.8:21530089-21531925	NC_003070.9	91.414	594	41	6	247	840	12855858	12855275	0.0	806
NC_003076.8:21530089-21531925	NC_003070.9	95.887	462	16	3	1	460	15939323	15939783	0.0	745
NC_003076.8:21530089-21531925	NC_003070.9	89.604	606	32	10	1261	1836	499960	499356	0.0	741
NC_003076.8:21530089-21531925	NC_003070.9	88.272	648	38	20	225	840	18746918	18746277	0.0	741
NC_003076.8:21530089-21531925	NC_003070.9	94.904	471	19	5	1	469	22622305	22621838	0.0	732
NC_003076.8:21530089-21531925	NC_003070.9	90.959	542	22	11	338	875	13017571	13017053	0.0	704
NC_003076.8:21530089-21531925	NC_003070.9	86.646	644	39	16	1222	1820	14309405	14308764	0.0	669
NC_003076.8:21530089-21531925	NC_003070.9	90.730	507	35	10	1332	1831	18790358	18790859	0.0	665
NC_003076.8:21530089-21531925	NC_003070.9	95.366	410	16	3	1	409	18790927	18791334	0.0	649
NC_003076.8:21530089-21531925	NC_003070.9	90.316	506	30	10	1332	1820	8489917	8489414	0.0	645
NC_003076.8:21530089-21531925	NC_003070.9	89.105	514	37	10	1332	1828	25962969	25962458	1.65e-176	621
NC_003076.8:21530089-21531925	NC_003070.9	93.418	395	24	2	1427	1820	23554184	23553791	2.16e-165	584
NC_003076.8:21530089-21531925	NC_003070.9	94.550	367	18	2	841	1205	500330	499964	7.83e-160	566
NC_003076.8:21530089-21531925	NC_003070.9	93.160	307	19	2	534	840	23174140	23174444	8.23e-125	449
NC_003076.8:21530089-21531925	NC_003070.9	91.159	328	10	3	514	840	18791324	18791633	3.86e-118	427
NC_003076.8:21530089-21531925	NC_003070.9	93.993	283	9	4	841	1121	12328991	12328715	1.79e-116	422
NC_003076.8:21530089-21531925	NC_003070.9	95.113	266	11	2	1069	1333	22992366	22992102	2.32e-115	418
NC_003076.8:21530089-21531925	NC_003070.9	96.094	256	9	1	1	256	25963257	25963003	8.35e-115	416
NC_003076.8:21530089-21531925	NC_003070.9	97.521	242	4	2	1	242	3910601	3910362	1.08e-113	412
NC_003076.8:21530089-21531925	NC_003070.9	94.757	267	11	3	1069	1333	22621025	22620760	1.08e-113	412
NC_003076.8:21530089-21531925	NC_003070.9	96.063	254	9	1	1	254	23554439	23554187	1.08e-113	412
NC_003076.8:21530089-21531925	NC_003070.9	93.286	283	11	4	841	1121	30252044	30251768	3.88e-113	411
NC_003076.8:21530089-21531925	NC_003070.9	92.657	286	13	4	841	1124	22621657	22621378	1.81e-111	405
NC_003076.8:21530089-21531925	NC_003070.9	93.985	266	14	2	1069	1333	12328360	12328096	2.34e-110	401
NC_003076.8:21530089-21531925	NC_003070.9	93.985	266	14	2	1069	1333	30251412	30251148	2.34e-110	401
NC_003076.8:21530089-21531925	NC_003070.9	92.580	283	13	4	841	1121	22992998	22992722	8.41e-110	399
NC_003076.8:21530089-21531925	NC_003070.9	95.299	234	8	2	1598	1831	30253364	30253134	2.37e-100	368
NC_003076.8:21530089-21531925	NC_003070.9	91.923	260	16	5	1	257	2235167	2234910	1.43e-97	359
NC_003076.8:21530089-21531925	NC_003070.9	91.923	260	16	5	1	257	17552998	17552741	1.43e-97	359
NC_003076.8:21530089-21531925	NC_003070.9	91.892	259	14	7	1	257	14299842	14299589	1.85e-96	355
NC_003076.8:21530089-21531925	NC_003070.9	92.188	256	9	2	1	256	8490194	8489950	2.39e-95	351
NC_003076.8:21530089-21531925	NC_003070.9	91.440	257	17	5	4	257	18747045	18746791	3.09e-94	348
NC_003076.8:21530089-21531925	NC_003070.9	91.566	249	18	3	1	247	17009	17256	5.17e-92	340
NC_003076.8:21530089-21531925	NC_003070.9	90.361	249	21	3	1	247	3074944	3074697	5.21e-87	324
NC_003076.8:21530089-21531925	NC_003070.9	89.451	237	21	4	24	257	29320708	29320473	1.13e-78	296
NC_003076.8:21530089-21531925	NC_003070.9	89.744	234	19	5	28	257	17255	17487	4.08e-78	294
NC_003076.8:21530089-21531925	NC_003070.9	94.211	190	11	0	841	1030	19328189	19328000	5.28e-77	291
NC_003076.8:21530089-21531925	NC_003070.9	86.538	260	16	6	1	257	19085099	19085342	2.47e-70	268
NC_003076.8:21530089-21531925	NC_003070.9	96.732	153	5	0	688	840	15939781	15939933	1.93e-66	255
NC_003076.8:21530089-21531925	NC_003070.9	85.769	260	16	8	1	257	19173802	19173561	1.93e-66	255
NC_003076.8:21530089-21531925	NC_003070.9	85.328	259	18	11	1	257	12855993	12855753	8.96e-65	250
NC_003076.8:21530089-21531925	NC_003070.9	84.615	260	21	9	1	257	8291571	8291328	5.39e-62	241
NC_003076.8:21530089-21531925	NC_003070.9	92.683	123	5	4	225	347	17140	17258	5.55e-42	174
NC_003076.8:21530089-21531925	NC_003070.9	91.870	123	6	4	225	347	3074813	3074695	2.58e-40	169
NC_003076.8:21530089-21531925	NC_003070.9	86.567	134	15	3	1696	1826	27241148	27241281	4.35e-33	145
NC_003076.8:21530089-21531925	NC_003070.9	83.582	134	20	2	1696	1827	9918579	9918446	5.67e-27	124
NC_003076.8:21530089-21531925	NC_003070.9	92.500	80	6	0	2	81	30251767	30251688	3.41e-24	115
NC_003076.8:21530089-21531925	NC_003070.9	91.463	82	5	2	1	81	12876928	12876848	4.41e-23	111
NC_003076.8:21530089-21531925	NC_003070.9	91.358	81	7	0	1	81	16998955	16998875	4.41e-23	111
NC_003076.8:21530089-21531925	NC_003070.9	91.358	81	7	0	1	81	18790103	18790183	4.41e-23	111
NC_003076.8:21530089-21531925	NC_003070.9	91.250	80	6	1	2	81	12328714	12328636	5.71e-22	108
NC_003076.8:21530089-21531925	NC_003070.9	98.361	61	1	0	841	901	22621101	22621041	5.71e-22	108
NC_003076.8:21530089-21531925	NC_003070.9	98.361	61	1	0	841	901	22992442	22992382	5.71e-22	108
NC_003076.8:21530089-21531925	NC_003070.9	96.875	64	2	0	841	904	30251488	30251425	5.71e-22	108
NC_003076.8:21530089-21531925	NC_003070.9	90.244	82	6	2	1	81	3413553	3413633	2.05e-21	106
NC_003076.8:21530089-21531925	NC_003070.9	90.244	82	7	1	4	85	19769830	19769750	2.05e-21	106
NC_003076.8:21530089-21531925	NC_003070.9	96.721	61	2	0	841	901	12328436	12328376	2.66e-20	102
NC_003076.8:21530089-21531925	NC_003070.9	96.721	61	2	0	841	901	23876406	23876466	2.66e-20	102
NC_003076.8:21530089-21531925	NC_003070.9	89.024	82	7	2	1	81	19724755	19724835	9.55e-20	100
NC_003076.8:21530089-21531925	NC_003070.9	88.372	86	7	3	4	89	22621378	22621296	9.55e-20	100
NC_003076.8:21530089-21531925	NC_003070.9	98.039	51	1	0	841	891	19063714	19063764	2.07e-16	89.8
NC_003076.8:21530089-21531925	NC_003071.7	94.717	1874	49	16	1	1830	542308	544175	0.0	2867
NC_003076.8:21530089-21531925	NC_003071.7	95.033	1832	51	8	1	1794	14333785	14335614	0.0	2843
NC_003076.8:21530089-21531925	NC_003071.7	96.085	843	29	4	1	840	6925377	6924536	0.0	1371
NC_003076.8:21530089-21531925	NC_003071.7	95.838	841	33	2	1	840	12800994	12801833	0.0	1358
NC_003076.8:21530089-21531925	NC_003071.7	91.339	1016	49	15	841	1820	13267993	13269005	0.0	1352
NC_003076.8:21530089-21531925	NC_003071.7	95.724	842	31	4	1	840	13266915	13267753	0.0	1351
NC_003076.8:21530089-21531925	NC_003071.7	91.148	1028	41	17	841	1830	6924296	6923281	0.0	1349
NC_003076.8:21530089-21531925	NC_003071.7	90.883	1031	54	14	841	1831	501041	502071	0.0	1347
NC_003076.8:21530089-21531925	NC_003071.7	90.748	1016	55	14	841	1818	13907683	13906669	0.0	1319
NC_003076.8:21530089-21531925	NC_003071.7	90.383	1019	57	21	841	1820	6663105	6664121	0.0	1301
NC_003076.8:21530089-21531925	NC_003071.7	89.424	1059	67	12	814	1832	7814443	7813390	0.0	1293
NC_003076.8:21530089-21531925	NC_003071.7	90.206	1021	57	16	841	1820	12802076	12803094	0.0	1291
NC_003076.8:21530089-21531925	NC_003071.7	89.729	1032	63	17	841	1832	395600	394572	0.0	1279
NC_003076.8:21530089-21531925	NC_003071.7	89.699	1029	66	14	841	1831	7169245	7168219	0.0	1277
NC_003076.8:21530089-21531925	NC_003071.7	89.699	1029	63	11	841	1830	17254173	17253149	0.0	1273
NC_003076.8:21530089-21531925	NC_003071.7	94.062	842	30	4	1	840	7154736	7153913	0.0	1260
NC_003076.8:21530089-21531925	NC_003071.7	93.943	842	29	6	1	840	13908721	13907900	0.0	1253
NC_003076.8:21530089-21531925	NC_003071.7	93.853	846	29	5	1	840	17255233	17254405	0.0	1253
NC_003076.8:21530089-21531925	NC_003071.7	93.839	844	29	7	1	840	499985	500809	0.0	1249
NC_003076.8:21530089-21531925	NC_003071.7	93.832	843	29	7	1	840	13338077	13337255	0.0	1247
NC_003076.8:21530089-21531925	NC_003071.7	90.142	984	57	16	841	1786	12093383	12092402	0.0	1243
NC_003076.8:21530089-21531925	NC_003071.7	93.365	844	34	5	1	840	12094425	12093600	0.0	1229
NC_003076.8:21530089-21531925	NC_003071.7	92.874	842	37	7	1	838	707442	708264	0.0	1201
NC_003076.8:21530089-21531925	NC_003071.7	89.605	962	56	12	885	1807	6803425	6804381	0.0	1182
NC_003076.8:21530089-21531925	NC_003071.7	91.003	867	32	22	1	840	11287161	11286314	0.0	1127
NC_003076.8:21530089-21531925	NC_003071.7	89.362	893	54	16	977	1830	13336704	13335814	0.0	1085
NC_003076.8:21530089-21531925	NC_003071.7	92.297	740	34	7	104	840	396551	395832	0.0	1029
NC_003076.8:21530089-21531925	NC_003071.7	90.049	824	39	9	841	1624	11286082	11285262	0.0	1027
NC_003076.8:21530089-21531925	NC_003071.7	88.134	868	52	22	999	1820	7960700	7961562	0.0	985
NC_003076.8:21530089-21531925	NC_003071.7	88.724	807	49	18	1069	1835	6101020	6100216	0.0	948
NC_003076.8:21530089-21531925	NC_003071.7	89.128	791	45	19	1069	1820	7112140	7112928	0.0	946
NC_003076.8:21530089-21531925	NC_003071.7	94.175	618	28	8	225	840	12556076	12555465	0.0	935
NC_003076.8:21530089-21531925	NC_003071.7	93.215	619	32	10	225	840	1460795	1460184	0.0	902
NC_003076.8:21530089-21531925	NC_003071.7	93.522	602	32	7	242	840	10468943	10468346	0.0	889
NC_003076.8:21530089-21531925	NC_003071.7	91.337	658	42	15	225	877	19196627	19195980	0.0	885
NC_003076.8:21530089-21531925	NC_003071.7	93.121	596	35	6	247	840	5466870	5466279	0.0	869
NC_003076.8:21530089-21531925	NC_003071.7	93.151	584	29	11	225	806	6099658	6100232	0.0	846
NC_003076.8:21530089-21531925	NC_003071.7	86.425	744	55	22	1133	1835	3213046	3212308	0.0	773
NC_003076.8:21530089-21531925	NC_003071.7	86.667	690	47	13	1183	1831	709400	710085	0.0	723
NC_003076.8:21530089-21531925	NC_003071.7	88.707	611	33	12	232	840	11399241	11398665	0.0	713
NC_003076.8:21530089-21531925	NC_003071.7	94.085	355	18	3	841	1192	708486	708840	6.14e-151	536
NC_003076.8:21530089-21531925	NC_003071.7	94.044	319	15	4	841	1157	13337023	13336707	2.92e-134	481
NC_003076.8:21530089-21531925	NC_003071.7	89.106	358	23	7	1335	1677	3564766	3565122	2.98e-119	431
NC_003076.8:21530089-21531925	NC_003071.7	95.489	266	10	2	1069	1333	4024558	4024822	4.99e-117	424
NC_003076.8:21530089-21531925	NC_003071.7	94.737	266	12	2	1069	1333	980261	979997	1.08e-113	412
NC_003076.8:21530089-21531925	NC_003071.7	91.882	271	22	0	1550	1820	2962564	2962294	1.10e-103	379
NC_003076.8:21530089-21531925	NC_003071.7	92.885	253	18	0	1538	1790	3565126	3565378	2.37e-100	368
NC_003076.8:21530089-21531925	NC_003071.7	91.923	260	16	5	1	257	19196757	19196500	1.43e-97	359
NC_003076.8:21530089-21531925	NC_003071.7	91.923	260	14	6	1	257	6099530	6099785	5.13e-97	357
NC_003076.8:21530089-21531925	NC_003071.7	91.506	259	17	5	1	256	1460925	1460669	2.39e-95	351
NC_003076.8:21530089-21531925	NC_003071.7	91.571	261	13	7	225	482	5843844	5843590	2.39e-95	351
NC_003076.8:21530089-21531925	NC_003071.7	91.120	259	20	3	1	257	11399377	11399120	3.09e-94	348
NC_003076.8:21530089-21531925	NC_003071.7	93.805	226	10	4	238	461	6383918	6383695	6.69e-91	337
NC_003076.8:21530089-21531925	NC_003071.7	90.000	260	22	4	1	257	6084090	6084348	8.65e-90	333
NC_003076.8:21530089-21531925	NC_003071.7	90.726	248	16	6	13	257	5843961	5843718	5.21e-87	324
NC_003076.8:21530089-21531925	NC_003071.7	89.575	259	18	5	1	256	6384054	6383802	6.73e-86	320
NC_003076.8:21530089-21531925	NC_003071.7	92.308	208	16	0	633	840	6383692	6383485	1.13e-78	296
NC_003076.8:21530089-21531925	NC_003071.7	85.385	260	18	7	1	257	5467004	5466762	2.49e-65	252
NC_003076.8:21530089-21531925	NC_003071.7	93.168	161	6	5	225	385	6084221	6084376	3.25e-59	231
NC_003076.8:21530089-21531925	NC_003071.7	94.215	121	6	1	841	961	7960071	7960190	9.22e-45	183
NC_003076.8:21530089-21531925	NC_003071.7	95.575	113	4	1	2	114	6101375	6101264	1.19e-43	180
NC_003076.8:21530089-21531925	NC_003071.7	92.593	81	6	0	1	81	980617	980537	9.48e-25	117
NC_003076.8:21530089-21531925	NC_003071.7	92.593	81	6	0	1	81	3213354	3213274	9.48e-25	117
NC_003076.8:21530089-21531925	NC_003071.7	90.909	88	6	2	1	88	7814691	7814606	9.48e-25	117
NC_003076.8:21530089-21531925	NC_003071.7	98.485	66	0	1	841	906	4024481	4024545	3.41e-24	115
NC_003076.8:21530089-21531925	NC_003071.7	92.593	81	5	1	1	81	7111784	7111863	3.41e-24	115
NC_003076.8:21530089-21531925	NC_003071.7	90.000	90	4	5	1	89	2962805	2962720	4.41e-23	111
NC_003076.8:21530089-21531925	NC_003071.7	90.588	85	6	2	1	85	3564382	3564464	4.41e-23	111
NC_003076.8:21530089-21531925	NC_003071.7	91.358	81	7	0	1	81	4024201	4024281	4.41e-23	111
NC_003076.8:21530089-21531925	NC_003071.7	92.308	78	4	2	1	77	7169524	7169448	1.59e-22	110
NC_003076.8:21530089-21531925	NC_003071.7	94.118	68	4	0	26	93	12555280	12555213	7.38e-21	104
NC_003076.8:21530089-21531925	NC_003071.7	92.308	65	5	0	17	81	7959807	7959871	1.60e-17	93.5
NC_003076.8:21530089-21531925	NC_003074.8	94.444	1872	46	22	1	1831	17063229	17061375	0.0	2828
NC_003076.8:21530089-21531925	NC_003074.8	89.844	1861	82	31	1	1820	16450786	16452580	0.0	2290
NC_003076.8:21530089-21531925	NC_003074.8	93.278	1324	40	13	545	1830	7996131	7994819	0.0	1906
NC_003076.8:21530089-21531925	NC_003074.8	95.503	845	31	7	1	840	10821446	10820604	0.0	1343
NC_003076.8:21530089-21531925	NC_003074.8	91.153	1006	63	12	841	1825	16562591	16563591	0.0	1341
NC_003076.8:21530089-21531925	NC_003074.8	90.597	1021	57	6	841	1823	17276759	17275740	0.0	1317
NC_003076.8:21530089-21531925	NC_003074.8	90.265	1017	54	9	841	1818	17730220	17731230	0.0	1288
NC_003076.8:21530089-21531925	NC_003074.8	90.148	1015	62	18	841	1820	22119646	22120657	0.0	1286
NC_003076.8:21530089-21531925	NC_003074.8	90.069	1017	63	14	841	1820	17777050	17778065	0.0	1284
NC_003076.8:21530089-21531925	NC_003074.8	94.537	842	25	6	1	840	15937286	15938108	0.0	1280
NC_003076.8:21530089-21531925	NC_003074.8	89.806	1030	59	13	841	1825	15938348	15939376	0.0	1279
NC_003076.8:21530089-21531925	NC_003074.8	89.721	1041	51	22	841	1829	17143474	17142438	0.0	1279
NC_003076.8:21530089-21531925	NC_003074.8	94.299	842	27	9	1	840	17301278	17300456	0.0	1269
NC_003076.8:21530089-21531925	NC_003074.8	90.039	1014	50	16	841	1820	9767353	9766357	0.0	1266
NC_003076.8:21530089-21531925	NC_003074.8	89.686	1018	60	15	841	1820	20787437	20788447	0.0	1256
NC_003076.8:21530089-21531925	NC_003074.8	90.000	1000	53	21	841	1795	10820364	10819367	0.0	1249
NC_003076.8:21530089-21531925	NC_003074.8	93.468	842	33	6	1	840	20786399	20787220	0.0	1230
NC_003076.8:21530089-21531925	NC_003074.8	93.120	843	36	6	1	840	17277814	17276991	0.0	1216
NC_003076.8:21530089-21531925	NC_003074.8	93.112	842	26	7	1	840	11535844	11536655	0.0	1205
NC_003076.8:21530089-21531925	NC_003074.8	92.883	843	37	7	1	840	5745923	5745101	0.0	1203
NC_003076.8:21530089-21531925	NC_003074.8	89.154	1005	54	8	841	1793	11536872	11537873	0.0	1201
NC_003076.8:21530089-21531925	NC_003074.8	88.439	1038	52	28	841	1818	16419423	16420452	0.0	1190
NC_003076.8:21530089-21531925	NC_003074.8	93.196	823	33	7	4	823	9386343	9385541	0.0	1188
NC_003076.8:21530089-21531925	NC_003074.8	92.280	842	29	14	1	840	17144490	17143683	0.0	1162
NC_003076.8:21530089-21531925	NC_003074.8	87.965	1022	56	23	841	1824	15452443	15451451	0.0	1144
NC_003076.8:21530089-21531925	NC_003074.8	90.629	843	35	11	1	840	22118613	22119414	0.0	1079
NC_003076.8:21530089-21531925	NC_003074.8	90.771	791	34	16	1069	1820	18412509	18413299	0.0	1020
NC_003076.8:21530089-21531925	NC_003074.8	93.481	675	36	7	169	840	18746356	18747025	0.0	996
NC_003076.8:21530089-21531925	NC_003074.8	90.025	792	39	17	1069	1820	18019136	18019927	0.0	989
NC_003076.8:21530089-21531925	NC_003074.8	91.469	715	43	10	141	840	9890146	9890857	0.0	966
NC_003076.8:21530089-21531925	NC_003074.8	90.120	749	40	10	1117	1834	10575083	10574338	0.0	942
NC_003076.8:21530089-21531925	NC_003074.8	88.571	805	47	25	1069	1831	13327791	13328592	0.0	935
NC_003076.8:21530089-21531925	NC_003074.8	93.851	618	31	7	225	840	16879935	16880547	0.0	924
NC_003076.8:21530089-21531925	NC_003074.8	88.005	792	53	19	1069	1820	3965358	3966147	0.0	898
NC_003076.8:21530089-21531925	NC_003074.8	88.340	789	39	19	841	1590	11503481	11502707	0.0	898
NC_003076.8:21530089-21531925	NC_003074.8	92.880	618	35	9	225	840	9559552	9558942	0.0	889
NC_003076.8:21530089-21531925	NC_003074.8	92.557	618	35	11	225	840	20485010	20484402	0.0	876
NC_003076.8:21530089-21531925	NC_003074.8	88.375	757	45	20	1117	1834	10556871	10556119	0.0	870
NC_003076.8:21530089-21531925	NC_003074.8	92.382	617	35	11	225	840	5622161	5622766	0.0	869
NC_003076.8:21530089-21531925	NC_003074.8	87.758	776	39	12	1090	1826	15485279	15484521	0.0	856
NC_003076.8:21530089-21531925	NC_003074.8	96.693	514	14	3	1	512	7996636	7996124	0.0	852
NC_003076.8:21530089-21531925	NC_003074.8	91.599	619	42	9	225	840	1371046	1370435	0.0	846
NC_003076.8:21530089-21531925	NC_003074.8	91.115	619	43	12	225	840	2629896	2629287	0.0	828
NC_003076.8:21530089-21531925	NC_003074.8	90.779	629	38	15	225	840	3716473	3717094	0.0	822
NC_003076.8:21530089-21531925	NC_003074.8	91.026	624	29	5	841	1439	10320668	10321289	0.0	817
NC_003076.8:21530089-21531925	NC_003074.8	90.851	623	33	7	227	840	16173067	16172460	0.0	813
NC_003076.8:21530089-21531925	NC_003074.8	88.821	653	35	13	1210	1826	5744486	5743836	0.0	767
NC_003076.8:21530089-21531925	NC_003074.8	87.619	630	32	18	1242	1833	9384377	9383756	0.0	689
NC_003076.8:21530089-21531925	NC_003074.8	94.390	410	19	4	1	409	16561654	16562060	3.54e-178	627
NC_003076.8:21530089-21531925	NC_003074.8	94.776	402	18	2	841	1241	11967933	11968332	4.58e-177	623
NC_003076.8:21530089-21531925	NC_003074.8	94.500	400	19	2	841	1239	5744884	5744487	2.76e-174	614
NC_003076.8:21530089-21531925	NC_003074.8	94.663	356	17	2	841	1194	9384737	9384382	2.19e-155	551
NC_003076.8:21530089-21531925	NC_003074.8	93.272	327	16	3	1	321	11200624	11200950	3.78e-133	477
NC_003076.8:21530089-21531925	NC_003074.8	94.158	291	12	5	236	524	10862540	10862827	1.78e-121	438
NC_003076.8:21530089-21531925	NC_003074.8	90.881	329	11	3	513	840	16562049	16562359	4.99e-117	424
NC_003076.8:21530089-21531925	NC_003074.8	95.113	266	11	2	1069	1333	17299583	17299319	2.32e-115	418
NC_003076.8:21530089-21531925	NC_003074.8	92.150	293	21	2	1542	1833	11968339	11968630	1.08e-113	412
NC_003076.8:21530089-21531925	NC_003074.8	92.580	283	13	4	841	1121	17300216	17299940	8.41e-110	399
NC_003076.8:21530089-21531925	NC_003074.8	91.259	286	16	9	242	525	20487006	20486728	3.05e-104	381
NC_003076.8:21530089-21531925	NC_003074.8	91.571	261	17	5	1	257	3716342	3716601	1.85e-96	355
NC_003076.8:21530089-21531925	NC_003074.8	91.051	257	19	4	4	257	9559680	9559425	4.00e-93	344
NC_003076.8:21530089-21531925	NC_003074.8	91.120	259	16	7	1	257	20485140	20484887	4.00e-93	344
NC_003076.8:21530089-21531925	NC_003074.8	90.734	259	21	3	1	257	17397300	17397043	1.44e-92	342
NC_003076.8:21530089-21531925	NC_003074.8	90.385	260	21	4	1	257	10862401	10862659	1.86e-91	339
NC_003076.8:21530089-21531925	NC_003074.8	90.476	252	14	3	1579	1820	8757570	8757821	5.21e-87	324
NC_003076.8:21530089-21531925	NC_003074.8	91.775	231	19	0	1554	1784	11200950	11201180	1.87e-86	322
NC_003076.8:21530089-21531925	NC_003074.8	96.825	189	4	1	841	1027	15485469	15485281	3.13e-84	315
NC_003076.8:21530089-21531925	NC_003074.8	94.330	194	9	2	841	1033	10575278	10575086	1.13e-78	296
NC_003076.8:21530089-21531925	NC_003074.8	93.750	192	10	2	841	1031	10557066	10556876	6.83e-76	287
NC_003076.8:21530089-21531925	NC_003074.8	88.745	231	20	5	28	255	2630001	2629774	4.11e-73	278
NC_003076.8:21530089-21531925	NC_003074.8	85.000	260	23	5	1	257	20487142	20486896	8.96e-65	250
NC_003076.8:21530089-21531925	NC_003074.8	85.283	265	10	5	1069	1333	1571723	1571958	1.16e-63	246
NC_003076.8:21530089-21531925	NC_003074.8	97.059	136	4	0	705	840	15452795	15452660	1.17e-58	230
NC_003076.8:21530089-21531925	NC_003074.8	94.667	150	5	2	236	385	17397161	17397015	1.17e-58	230
NC_003076.8:21530089-21531925	NC_003074.8	89.773	176	16	2	61	236	16879865	16880038	5.43e-57	224
NC_003076.8:21530089-21531925	NC_003074.8	94.074	135	8	0	706	840	9385008	9385142	1.97e-51	206
NC_003076.8:21530089-21531925	NC_003074.8	96.226	106	3	1	1	106	16879751	16879855	2.00e-41	172
NC_003076.8:21530089-21531925	NC_003074.8	91.870	123	6	4	225	347	1371266	1371148	2.58e-40	169
NC_003076.8:21530089-21531925	NC_003074.8	91.870	123	6	4	225	347	2630116	2629998	2.58e-40	169
NC_003076.8:21530089-21531925	NC_003074.8	91.818	110	6	3	1	108	9890049	9890157	9.35e-35	150
NC_003076.8:21530089-21531925	NC_003074.8	85.385	130	14	5	1696	1820	21552230	21552101	1.22e-28	130
NC_003076.8:21530089-21531925	NC_003074.8	91.398	93	7	1	32	124	10392124	10392215	1.58e-27	126
NC_003076.8:21530089-21531925	NC_003074.8	93.902	82	3	2	1	81	18018781	18018861	2.04e-26	122
NC_003076.8:21530089-21531925	NC_003074.8	93.827	81	3	2	2	81	17299939	17299860	7.33e-26	121
NC_003076.8:21530089-21531925	NC_003074.8	92.593	81	6	0	1	81	13327434	13327514	9.48e-25	117
NC_003076.8:21530089-21531925	NC_003074.8	92.593	81	6	0	1	81	18412154	18412234	9.48e-25	117
NC_003076.8:21530089-21531925	NC_003074.8	97.015	67	2	0	841	907	18019058	18019124	1.23e-23	113
NC_003076.8:21530089-21531925	NC_003074.8	96.970	66	2	0	841	906	1571645	1571710	4.41e-23	111
NC_003076.8:21530089-21531925	NC_003074.8	90.588	85	7	1	1	85	16419144	16419227	4.41e-23	111
NC_003076.8:21530089-21531925	NC_003074.8	96.970	66	1	1	841	906	17299660	17299596	1.59e-22	110
NC_003076.8:21530089-21531925	NC_003074.8	96.875	64	2	0	1	64	10557346	10557283	5.71e-22	108
NC_003076.8:21530089-21531925	NC_003074.8	93.939	66	4	0	841	906	18412431	18412496	9.55e-20	100
NC_003076.8:21530089-21531925	NC_003074.8	93.939	66	3	1	841	906	13327714	13327778	3.43e-19	99.0
NC_003076.8:21530089-21531925	NC_003075.7	90.469	1878	84	27	1	1837	16865070	16863247	0.0	2388
NC_003076.8:21530089-21531925	NC_003075.7	96.437	842	27	3	1	840	1002007	1001167	0.0	1386
NC_003076.8:21530089-21531925	NC_003075.7	91.765	1020	44	14	841	1820	8064685	8065704	0.0	1382
NC_003076.8:21530089-21531925	NC_003075.7	91.061	1018	51	17	841	1820	11193290	11192275	0.0	1339
NC_003076.8:21530089-21531925	NC_003075.7	90.891	1021	49	16	841	1820	5540334	5539317	0.0	1330
NC_003076.8:21530089-21531925	NC_003075.7	90.793	1021	54	19	841	1824	8729414	8728397	0.0	1328
NC_003076.8:21530089-21531925	NC_003075.7	95.136	843	34	6	1	840	10397385	10396547	0.0	1323
NC_003076.8:21530089-21531925	NC_003075.7	90.301	1031	56	10	841	1830	11361926	11362953	0.0	1310
NC_003076.8:21530089-21531925	NC_003075.7	90.481	1019	56	15	841	1820	1350640	1351656	0.0	1306
NC_003076.8:21530089-21531925	NC_003075.7	90.570	1018	47	21	841	1818	1000930	999922	0.0	1303
NC_003076.8:21530089-21531925	NC_003075.7	90.097	1030	50	16	841	1829	4147173	4148191	0.0	1290
NC_003076.8:21530089-21531925	NC_003075.7	94.187	843	28	5	1	840	11360870	11361694	0.0	1266
NC_003076.8:21530089-21531925	NC_003075.7	94.174	841	29	10	1	840	8730453	8729632	0.0	1264
NC_003076.8:21530089-21531925	NC_003075.7	94.069	843	28	6	1	840	1349585	1350408	0.0	1260
NC_003076.8:21530089-21531925	NC_003075.7	89.608	1020	63	14	842	1820	371805	370788	0.0	1256
NC_003076.8:21530089-21531925	NC_003075.7	93.943	842	29	6	1	840	4146126	4146947	0.0	1253
NC_003076.8:21530089-21531925	NC_003075.7	89.116	1029	68	14	841	1827	6166184	6165158	0.0	1240
NC_003076.8:21530089-21531925	NC_003075.7	96.424	755	21	6	89	840	8063697	8064448	0.0	1240
NC_003076.8:21530089-21531925	NC_003075.7	93.587	842	34	4	1	840	5541389	5540566	0.0	1238
NC_003076.8:21530089-21531925	NC_003075.7	95.051	788	32	6	1	786	9763814	9763032	0.0	1232
NC_003076.8:21530089-21531925	NC_003075.7	95.057	789	30	8	1	786	9842608	9841826	0.0	1232
NC_003076.8:21530089-21531925	NC_003075.7	91.222	843	60	13	1	840	2622006	2621175	0.0	1134
NC_003076.8:21530089-21531925	NC_003075.7	89.128	791	45	18	1069	1820	683570	684358	0.0	946
NC_003076.8:21530089-21531925	NC_003075.7	89.364	771	42	20	1090	1820	10396119	10395349	0.0	933
NC_003076.8:21530089-21531925	NC_003075.7	92.869	617	36	7	225	840	314152	313543	0.0	889
NC_003076.8:21530089-21531925	NC_003075.7	92.084	619	37	10	225	840	7060567	7059958	0.0	861
NC_003076.8:21530089-21531925	NC_003075.7	92.797	597	37	6	247	840	9438920	9439513	0.0	859
NC_003076.8:21530089-21531925	NC_003075.7	89.498	657	30	11	1012	1630	965061	964406	0.0	795
NC_003076.8:21530089-21531925	NC_003075.7	93.208	427	21	8	225	649	6178577	6178997	1.65e-176	621
NC_003076.8:21530089-21531925	NC_003075.7	88.423	501	33	10	1337	1820	14390754	14390262	2.80e-164	580
NC_003076.8:21530089-21531925	NC_003075.7	91.777	377	24	7	1	374	3898130	3897758	2.22e-145	518
NC_003076.8:21530089-21531925	NC_003075.7	89.946	368	24	6	1427	1792	7853278	7852922	1.06e-128	462
NC_003076.8:21530089-21531925	NC_003075.7	96.850	254	7	1	1	254	7853533	7853281	4.99e-117	424
NC_003076.8:21530089-21531925	NC_003075.7	90.000	260	20	6	1	257	6178448	6178704	3.11e-89	331
NC_003076.8:21530089-21531925	NC_003075.7	90.361	249	19	5	1	247	5354114	5354359	1.87e-86	322
NC_003076.8:21530089-21531925	NC_003075.7	89.272	261	23	5	1	257	5354476	5354735	1.87e-86	322
NC_003076.8:21530089-21531925	NC_003075.7	89.231	260	19	8	1	257	7060698	7060445	8.71e-85	316
NC_003076.8:21530089-21531925	NC_003075.7	96.791	187	6	0	841	1027	10396307	10396121	1.13e-83	313
NC_003076.8:21530089-21531925	NC_003075.7	96.257	187	7	0	841	1027	965520	965334	5.24e-82	307
NC_003076.8:21530089-21531925	NC_003075.7	89.474	228	21	3	1595	1820	8802511	8802737	2.46e-75	285
NC_003076.8:21530089-21531925	NC_003075.7	87.259	259	16	5	1	257	314269	314026	1.14e-73	279
NC_003076.8:21530089-21531925	NC_003075.7	89.756	205	21	0	636	840	3894020	3893816	1.15e-68	263
NC_003076.8:21530089-21531925	NC_003075.7	85.328	259	12	12	1	257	6279022	6279256	4.17e-63	244
NC_003076.8:21530089-21531925	NC_003075.7	74.531	640	123	25	1175	1791	7572217	7572839	1.50e-62	243
NC_003076.8:21530089-21531925	NC_003075.7	89.894	188	18	1	1633	1820	963860	963674	5.39e-62	241
NC_003076.8:21530089-21531925	NC_003075.7	84.921	252	19	6	1	252	9438785	9439017	6.98e-61	237
NC_003076.8:21530089-21531925	NC_003075.7	92.025	163	7	5	225	385	5353879	5354037	5.43e-57	224
NC_003076.8:21530089-21531925	NC_003075.7	93.333	150	8	2	236	385	5354616	5354763	7.03e-56	220
NC_003076.8:21530089-21531925	NC_003075.7	91.304	161	10	4	225	385	5354243	5354399	9.09e-55	217
NC_003076.8:21530089-21531925	NC_003075.7	100.000	117	0	0	1	117	8063577	8063693	9.09e-55	217
NC_003076.8:21530089-21531925	NC_003075.7	74.675	462	80	27	1343	1787	2262877	2262436	7.18e-41	171
NC_003076.8:21530089-21531925	NC_003075.7	75.434	403	64	23	1344	1728	7593613	7593228	1.20e-38	163
NC_003076.8:21530089-21531925	NC_003075.7	76.730	318	59	14	1515	1825	12335526	12335835	1.20e-38	163
NC_003076.8:21530089-21531925	NC_003075.7	86.029	136	11	6	1258	1388	8802411	8802543	2.02e-31	139
NC_003076.8:21530089-21531925	NC_003075.7	85.185	135	16	4	1696	1827	12365191	12365058	2.62e-30	135
NC_003076.8:21530089-21531925	NC_003075.7	92.683	82	4	2	1	81	2520884	2520964	9.48e-25	117
NC_003076.8:21530089-21531925	NC_003075.7	91.358	81	7	0	1	81	14390988	14390908	4.41e-23	111
NC_003076.8:21530089-21531925	NC_003075.7	90.123	81	8	0	1	81	372086	372006	2.05e-21	106
NC_003076.8:20680304-20682406	NC_003076.8	100.000	2103	0	0	1	2103	20682406	20680304	0.0	3884
NC_003076.8:20680304-20682406	NC_003076.8	96.423	2097	67	6	1	2091	8765709	8767803	0.0	3450
NC_003076.8:20680304-20682406	NC_003076.8	95.073	2111	89	9	1	2097	19742617	19740508	0.0	3308
NC_003076.8:20680304-20682406	NC_003076.8	95.116	2109	81	11	2	2091	5430061	5427956	0.0	3304
NC_003076.8:20680304-20682406	NC_003076.8	95.231	2097	80	14	16	2103	24187899	24185814	0.0	3301
NC_003076.8:20680304-20682406	NC_003076.8	94.481	2102	104	10	1	2092	17365025	17367124	0.0	3229
NC_003076.8:20680304-20682406	NC_003076.8	94.265	2110	81	15	1	2100	9965017	9962938	0.0	3190
NC_003076.8:20680304-20682406	NC_003076.8	93.812	2101	96	16	1	2091	8746701	8744625	0.0	3129
NC_003076.8:20680304-20682406	NC_003076.8	95.214	1985	78	9	1	1977	14151294	14149319	0.0	3123
NC_003076.8:20680304-20682406	NC_003076.8	93.118	2107	103	18	1	2095	14082835	14080759	0.0	3049
NC_003076.8:20680304-20682406	NC_003076.8	93.340	2087	98	18	18	2092	17775746	17777803	0.0	3046
NC_003076.8:20680304-20682406	NC_003076.8	93.003	2101	106	24	1	2091	1898645	1896576	0.0	3027
NC_003076.8:20680304-20682406	NC_003076.8	92.956	2101	107	16	1	2091	16356475	16358544	0.0	3022
NC_003076.8:20680304-20682406	NC_003076.8	93.984	1363	50	10	1	1356	20281984	20280647	0.0	2034
NC_003076.8:20680304-20682406	NC_003076.8	93.172	1362	63	8	1	1356	9590410	9591747	0.0	1973
NC_003076.8:20680304-20682406	NC_003076.8	94.002	1267	52	10	1	1263	4782228	4780982	0.0	1897
NC_003076.8:20680304-20682406	NC_003076.8	95.304	1150	48	5	954	2101	15043270	15042125	0.0	1820
NC_003076.8:20680304-20682406	NC_003076.8	91.292	1355	62	23	1	1331	9559507	9558185	0.0	1797
NC_003076.8:20680304-20682406	NC_003076.8	93.589	1201	50	9	139	1333	4312671	4313850	0.0	1766
NC_003076.8:20680304-20682406	NC_003076.8	94.123	1157	49	8	954	2092	22232106	22230951	0.0	1742
NC_003076.8:20680304-20682406	NC_003076.8	93.886	1145	63	7	954	2092	24476433	24475290	0.0	1720
NC_003076.8:20680304-20682406	NC_003076.8	92.839	1187	59	8	1	1177	11025336	11026506	0.0	1698
NC_003076.8:20680304-20682406	NC_003076.8	94.329	1111	54	6	954	2056	5977895	5976786	0.0	1694
NC_003076.8:20680304-20682406	NC_003076.8	94.790	1094	36	3	50	1139	17618635	17617559	0.0	1685
NC_003076.8:20680304-20682406	NC_003076.8	92.715	1153	68	9	954	2091	8354352	8353201	0.0	1650
NC_003076.8:20680304-20682406	NC_003076.8	92.845	1132	49	7	1	1126	15606601	15605496	0.0	1613
NC_003076.8:20680304-20682406	NC_003076.8	94.965	993	45	4	1073	2062	18854899	18855889	0.0	1552
NC_003076.8:20680304-20682406	NC_003076.8	93.681	997	57	5	1097	2091	4313874	4314866	0.0	1487
NC_003076.8:20680304-20682406	NC_003076.8	94.606	927	45	4	1168	2092	11026974	11027897	0.0	1430
NC_003076.8:20680304-20682406	NC_003076.8	92.210	1027	41	5	1076	2100	21530929	21531918	0.0	1417
NC_003076.8:20680304-20682406	NC_003076.8	95.606	842	29	6	1	836	21530089	21530928	0.0	1343
NC_003076.8:20680304-20682406	NC_003076.8	91.847	969	39	8	1	947	18853952	18854902	0.0	1315
NC_003076.8:20680304-20682406	NC_003076.8	91.769	899	45	15	954	1849	10714580	10715452	0.0	1223
NC_003076.8:20680304-20682406	NC_003076.8	93.633	801	44	7	1295	2091	15605466	15604669	0.0	1190
NC_003076.8:20680304-20682406	NC_003076.8	89.110	955	69	25	1	935	9612591	9613530	0.0	1155
NC_003076.8:20680304-20682406	NC_003076.8	92.976	783	51	4	1325	2103	4780980	4780198	0.0	1138
NC_003076.8:20680304-20682406	NC_003076.8	93.846	715	38	5	235	946	8683118	8683829	0.0	1072
NC_003076.8:20680304-20682406	NC_003076.8	92.748	717	43	7	235	946	7711270	7711982	0.0	1027
NC_003076.8:20680304-20682406	NC_003076.8	92.426	713	48	5	235	944	14761045	14760336	0.0	1013
NC_003076.8:20680304-20682406	NC_003076.8	91.806	720	51	7	235	949	13918658	13917942	0.0	996
NC_003076.8:20680304-20682406	NC_003076.8	91.783	718	49	8	235	949	15342556	15341846	0.0	990
NC_003076.8:20680304-20682406	NC_003076.8	94.099	644	31	5	1	638	7154439	7153797	0.0	972
NC_003076.8:20680304-20682406	NC_003076.8	90.999	711	45	8	241	946	354275	354971	0.0	941
NC_003076.8:20680304-20682406	NC_003076.8	92.991	642	41	3	235	873	19931420	19930780	0.0	933
NC_003076.8:20680304-20682406	NC_003076.8	92.835	642	41	4	235	873	5129697	5129058	0.0	926
NC_003076.8:20680304-20682406	NC_003076.8	94.932	592	28	2	1502	2091	7153775	7153184	0.0	926
NC_003076.8:20680304-20682406	NC_003076.8	93.027	631	36	7	318	946	19670974	19671598	0.0	915
NC_003076.8:20680304-20682406	NC_003076.8	92.974	612	40	3	1493	2103	25905017	25905626	0.0	889
NC_003076.8:20680304-20682406	NC_003076.8	95.091	550	25	2	956	1504	15577265	15576717	0.0	865
NC_003076.8:20680304-20682406	NC_003076.8	94.649	542	28	1	964	1504	21776864	21776323	0.0	839
NC_003076.8:20680304-20682406	NC_003076.8	92.245	490	35	3	1603	2091	15576667	15576180	0.0	691
NC_003076.8:20680304-20682406	NC_003076.8	92.057	491	33	6	1603	2091	21776273	21775787	0.0	686
NC_003076.8:20680304-20682406	NC_003076.8	93.111	450	24	3	1652	2100	9134291	9134734	0.0	652
NC_003076.8:20680304-20682406	NC_003076.8	94.293	403	19	4	1692	2092	17796537	17796137	3.16e-174	614
NC_003076.8:20680304-20682406	NC_003076.8	92.435	423	31	1	1673	2094	21584595	21584173	6.85e-171	603
NC_003076.8:20680304-20682406	NC_003076.8	90.133	375	26	9	1727	2092	25264966	25265338	4.33e-133	477
NC_003076.8:20680304-20682406	NC_003076.8	94.408	304	14	3	1304	1605	9592102	9592404	3.37e-129	464
NC_003076.8:20680304-20682406	NC_003076.8	93.811	307	18	1	629	935	3019829	3019524	4.36e-128	460
NC_003076.8:20680304-20682406	NC_003076.8	95.139	288	12	2	1304	1590	20280291	20280005	7.30e-126	453
NC_003076.8:20680304-20682406	NC_003076.8	93.399	303	18	2	1304	1605	17617546	17617245	3.40e-124	448
NC_003076.8:20680304-20682406	NC_003076.8	94.224	277	15	1	670	946	20398316	20398591	2.06e-116	422
NC_003076.8:20680304-20682406	NC_003076.8	93.363	226	12	2	235	457	3020057	3019832	3.57e-89	331
NC_003076.8:20680304-20682406	NC_003076.8	95.082	183	9	0	954	1136	20280489	20280307	2.18e-76	289
NC_003076.8:20680304-20682406	NC_003076.8	93.651	189	11	1	954	1142	9134111	9134298	3.64e-74	281
NC_003076.8:20680304-20682406	NC_003076.8	94.505	182	10	0	954	1135	9591905	9592086	3.64e-74	281
NC_003076.8:20680304-20682406	NC_003076.8	92.135	178	13	1	1915	2091	10715445	10715622	1.03e-64	250
NC_003076.8:20680304-20682406	NC_003076.8	91.870	123	10	0	954	1076	25904890	25905012	2.29e-41	172
NC_003076.8:20680304-20682406	NC_003076.8	93.750	64	3	1	1	63	24476591	24476528	5.10e-18	95.3
NC_003076.8:20680304-20682406	NC_003076.8	96.296	54	2	0	1532	1585	15576716	15576663	2.37e-16	89.8
NC_003076.8:20680304-20682406	NC_003076.8	92.188	64	4	1	1	63	21777032	21776969	2.37e-16	89.8
NC_003076.8:20680304-20682406	NC_003076.8	90.625	64	5	1	1	63	25904732	25904795	1.10e-14	84.2
NC_003076.8:20680304-20682406	NC_003071.7	96.611	2095	63	7	1	2091	13266915	13269005	0.0	3469
NC_003076.8:20680304-20682406	NC_003071.7	95.026	2111	82	10	1	2101	6925377	6923280	0.0	3295
NC_003076.8:20680304-20682406	NC_003071.7	94.297	2104	104	14	1	2091	12800994	12803094	0.0	3206
NC_003076.8:20680304-20682406	NC_003071.7	93.714	2100	99	17	1	2091	499985	502060	0.0	3116
NC_003076.8:20680304-20682406	NC_003071.7	92.766	2115	110	15	1	2101	17255233	17253148	0.0	3018
NC_003076.8:20680304-20682406	NC_003071.7	92.898	2098	95	15	1	2089	13908721	13906669	0.0	3000
NC_003076.8:20680304-20682406	NC_003071.7	92.743	2067	97	18	1	2057	12094425	12092402	0.0	2937
NC_003076.8:20680304-20682406	NC_003071.7	92.875	2007	105	13	103	2101	396551	394575	0.0	2880
NC_003076.8:20680304-20682406	NC_003071.7	92.272	1928	88	13	1	1895	11287161	11285262	0.0	2678
NC_003076.8:20680304-20682406	NC_003071.7	93.145	1415	57	14	1	1406	13338077	13336694	0.0	2039
NC_003076.8:20680304-20682406	NC_003071.7	91.794	1438	68	16	1	1427	707442	708840	0.0	1956
NC_003076.8:20680304-20682406	NC_003071.7	92.894	1154	68	10	954	2103	7814534	7813391	0.0	1664
NC_003076.8:20680304-20682406	NC_003071.7	92.354	1151	81	7	954	2100	7169367	7168220	0.0	1631
NC_003076.8:20680304-20682406	NC_003071.7	94.455	1046	51	6	1051	2092	6663080	6664122	0.0	1604
NC_003076.8:20680304-20682406	NC_003071.7	94.351	1009	37	7	1099	2101	543182	544176	0.0	1530
NC_003076.8:20680304-20682406	NC_003071.7	93.136	1049	50	4	1	1044	7154736	7153705	0.0	1519
NC_003076.8:20680304-20682406	NC_003071.7	94.274	978	40	11	1090	2065	14334651	14335614	0.0	1482
NC_003076.8:20680304-20682406	NC_003071.7	92.951	993	56	7	1120	2102	6803425	6804413	0.0	1434
NC_003076.8:20680304-20682406	NC_003071.7	93.960	894	48	6	1212	2101	13336704	13335813	0.0	1347
NC_003076.8:20680304-20682406	NC_003071.7	94.325	881	39	9	1	872	14333785	14334663	0.0	1339
NC_003076.8:20680304-20682406	NC_003071.7	94.313	844	36	8	1	836	542308	543147	0.0	1282
NC_003076.8:20680304-20682406	NC_003071.7	92.865	869	47	11	1234	2092	7960700	7961563	0.0	1247
NC_003076.8:20680304-20682406	NC_003071.7	94.147	803	39	6	1304	2103	6101020	6100223	0.0	1216
NC_003076.8:20680304-20682406	NC_003071.7	94.192	792	41	5	1304	2092	7112140	7112929	0.0	1203
NC_003076.8:20680304-20682406	NC_003071.7	94.150	718	37	4	235	949	12556068	12555353	0.0	1088
NC_003076.8:20680304-20682406	NC_003071.7	92.710	727	44	8	1369	2091	3213046	3212325	0.0	1040
NC_003076.8:20680304-20682406	NC_003071.7	93.750	688	36	7	241	924	10468943	10468259	0.0	1026
NC_003076.8:20680304-20682406	NC_003071.7	92.577	714	46	6	235	944	1460787	1460077	0.0	1018
NC_003076.8:20680304-20682406	NC_003071.7	92.666	709	47	4	241	949	5466870	5466167	0.0	1016
NC_003076.8:20680304-20682406	NC_003071.7	93.205	677	36	9	1418	2089	709400	710071	0.0	987
NC_003076.8:20680304-20682406	NC_003071.7	92.991	642	41	3	235	873	19196619	19195979	0.0	933
NC_003076.8:20680304-20682406	NC_003071.7	93.170	571	32	6	235	802	6099666	6100232	0.0	832
NC_003076.8:20680304-20682406	NC_003071.7	88.991	654	36	12	231	881	11399241	11398621	0.0	776
NC_003076.8:20680304-20682406	NC_003071.7	92.576	458	31	3	1493	1948	3564666	3565122	0.0	654
NC_003076.8:20680304-20682406	NC_003071.7	96.181	288	9	2	1304	1590	4024558	4024844	7.25e-131	470
NC_003076.8:20680304-20682406	NC_003071.7	92.212	321	24	1	629	949	6383692	6383373	7.30e-126	453
NC_003076.8:20680304-20682406	NC_003071.7	93.421	304	17	3	1304	1605	980261	979959	3.40e-124	448
NC_003076.8:20680304-20682406	NC_003071.7	95.294	255	12	0	1807	2061	3565124	3565378	2.07e-111	405
NC_003076.8:20680304-20682406	NC_003071.7	96.296	243	8	1	954	1196	7959949	7960190	3.47e-109	398
NC_003076.8:20680304-20682406	NC_003071.7	92.251	271	21	0	1821	2091	2962564	2962294	2.70e-105	385
NC_003076.8:20680304-20682406	NC_003071.7	93.117	247	14	2	235	478	5843836	5843590	1.64e-97	359
NC_003076.8:20680304-20682406	NC_003071.7	95.213	188	8	1	954	1141	4024359	4024545	1.30e-78	296
NC_003076.8:20680304-20682406	NC_003071.7	94.565	184	10	0	954	1137	7111941	7112124	2.82e-75	285
NC_003076.8:20680304-20682406	NC_003071.7	94.972	179	8	1	964	1142	6101209	6101032	1.31e-73	279
NC_003076.8:20680304-20682406	NC_003071.7	93.443	183	12	0	954	1136	980459	980277	2.19e-71	272
NC_003076.8:20680304-20682406	NC_003071.7	95.172	145	6	1	802	946	6101375	6101518	4.82e-58	228
NC_003076.8:20680304-20682406	NC_003071.7	93.750	112	7	0	954	1065	3564539	3564650	2.96e-40	169
NC_003076.8:20680304-20682406	NC_003071.7	93.333	105	7	0	954	1058	3213196	3213092	2.30e-36	156
NC_003076.8:20680304-20682406	NC_003071.7	91.509	106	9	0	954	1059	6661119	6661224	1.39e-33	147
NC_003076.8:20680304-20682406	NC_003071.7	94.805	77	4	0	954	1030	2962647	2962571	8.41e-26	121
NC_003076.8:20680304-20682406	NC_003071.7	91.837	49	4	0	954	1002	6101262	6101214	3.09e-10	69.4
NC_003076.8:20680304-20682406	NC_003070.9	95.190	2100	78	14	1	2091	26171480	26169395	0.0	3297
NC_003076.8:20680304-20682406	NC_003070.9	94.497	2108	100	12	1	2095	7035191	7037295	0.0	3236
NC_003076.8:20680304-20682406	NC_003070.9	94.233	2098	90	13	1	2091	13058823	13060896	0.0	3175
NC_003076.8:20680304-20682406	NC_003070.9	94.084	2079	86	14	1	2069	8114770	8116821	0.0	3123
NC_003076.8:20680304-20682406	NC_003070.9	93.340	2102	109	12	1	2092	17899863	17901943	0.0	3077
NC_003076.8:20680304-20682406	NC_003070.9	93.425	2099	98	8	1	2092	9816210	9818275	0.0	3075
NC_003076.8:20680304-20682406	NC_003070.9	93.012	2118	98	21	1	2100	22449931	22452016	0.0	3046
NC_003076.8:20680304-20682406	NC_003070.9	92.772	2103	110	13	1	2092	9867414	9865343	0.0	3003
NC_003076.8:20680304-20682406	NC_003070.9	92.658	2111	98	18	1	2100	19995734	19993670	0.0	2987
NC_003076.8:20680304-20682406	NC_003070.9	92.578	2102	108	18	1	2091	16903800	16905864	0.0	2974
NC_003076.8:20680304-20682406	NC_003070.9	95.343	1868	69	14	14	1871	30255510	30253651	0.0	2952
NC_003076.8:20680304-20682406	NC_003070.9	92.967	1763	78	12	333	2091	13017571	13015851	0.0	2527
NC_003076.8:20680304-20682406	NC_003070.9	91.509	1849	84	25	1	1823	11737393	11735592	0.0	2477
NC_003076.8:20680304-20682406	NC_003070.9	92.008	1589	74	12	510	2092	18791324	18792865	0.0	2182
NC_003076.8:20680304-20682406	NC_003070.9	94.448	1423	62	8	684	2102	15939781	15941190	0.0	2174
NC_003076.8:20680304-20682406	NC_003070.9	94.204	1363	49	8	1	1356	30253107	30251768	0.0	2052
NC_003076.8:20680304-20682406	NC_003070.9	92.472	1448	62	11	1	1440	501372	499964	0.0	2026
NC_003076.8:20680304-20682406	NC_003070.9	93.617	1363	56	9	1	1356	12330053	12328715	0.0	2006
NC_003076.8:20680304-20682406	NC_003070.9	93.255	1364	59	11	1	1356	22994060	22992722	0.0	1978
NC_003076.8:20680304-20682406	NC_003070.9	94.234	1266	59	7	5	1265	19329256	19328000	0.0	1921
NC_003076.8:20680304-20682406	NC_003070.9	94.261	1150	50	7	947	2091	11700589	11701727	0.0	1744
NC_003076.8:20680304-20682406	NC_003070.9	93.937	1138	57	9	956	2091	3413713	3414840	0.0	1709
NC_003076.8:20680304-20682406	NC_003070.9	93.076	1141	64	10	954	2091	28161194	28162322	0.0	1655
NC_003076.8:20680304-20682406	NC_003070.9	94.006	1051	57	6	1046	2091	19769039	19767990	0.0	1587
NC_003076.8:20680304-20682406	NC_003070.9	94.880	996	35	4	1099	2091	16825388	16826370	0.0	1543
NC_003076.8:20680304-20682406	NC_003070.9	94.638	1007	32	10	1099	2101	12563207	12562219	0.0	1541
NC_003076.8:20680304-20682406	NC_003070.9	94.083	1014	49	9	1096	2103	4786259	4787267	0.0	1530
NC_003076.8:20680304-20682406	NC_003070.9	94.345	1008	38	6	1102	2103	19466071	19465077	0.0	1528
NC_003076.8:20680304-20682406	NC_003070.9	94.252	1009	36	8	1099	2102	23214539	23215530	0.0	1522
NC_003076.8:20680304-20682406	NC_003070.9	94.153	1009	40	6	1099	2101	12365009	12366004	0.0	1519
NC_003076.8:20680304-20682406	NC_003070.9	94.400	1000	35	7	1099	2091	16326318	16327303	0.0	1517
NC_003076.8:20680304-20682406	NC_003070.9	92.938	977	45	6	1	971	19061965	19062923	0.0	1400
NC_003076.8:20680304-20682406	NC_003070.9	93.730	925	34	9	1	920	11699698	11700603	0.0	1365
NC_003076.8:20680304-20682406	NC_003070.9	95.600	841	30	5	1	836	12364135	12364973	0.0	1341
NC_003076.8:20680304-20682406	NC_003070.9	95.482	841	27	6	1	836	16824518	16825352	0.0	1332
NC_003076.8:20680304-20682406	NC_003070.9	95.142	844	28	9	1	836	23213666	23214504	0.0	1319
NC_003076.8:20680304-20682406	NC_003070.9	95.030	845	29	9	1	836	19466949	19466109	0.0	1315
NC_003076.8:20680304-20682406	NC_003070.9	94.668	844	33	8	1	836	16325444	16326283	0.0	1299
NC_003076.8:20680304-20682406	NC_003070.9	94.293	841	41	5	1	836	12564081	12563243	0.0	1280
NC_003076.8:20680304-20682406	NC_003070.9	92.849	867	36	8	261	1126	19062923	19063764	0.0	1234
NC_003076.8:20680304-20682406	NC_003070.9	93.835	811	43	6	1295	2099	19063794	19064603	0.0	1214
NC_003076.8:20680304-20682406	NC_003070.9	95.520	759	30	3	954	1710	16998385	16997629	0.0	1210
NC_003076.8:20680304-20682406	NC_003070.9	95.395	760	31	3	954	1710	12876772	12876014	0.0	1206
NC_003076.8:20680304-20682406	NC_003070.9	89.517	973	75	21	1	953	16806989	16807954	0.0	1206
NC_003076.8:20680304-20682406	NC_003070.9	94.185	791	41	5	1304	2092	23876482	23877269	0.0	1201
NC_003076.8:20680304-20682406	NC_003070.9	92.996	771	45	9	1324	2091	19328001	19327237	0.0	1116
NC_003076.8:20680304-20682406	NC_003070.9	90.920	826	39	6	1	822	4785461	4786254	0.0	1077
NC_003076.8:20680304-20682406	NC_003070.9	93.463	719	41	5	235	949	1977027	1976311	0.0	1062
NC_003076.8:20680304-20682406	NC_003070.9	87.190	968	79	27	1	953	13262203	13261266	0.0	1059
NC_003076.8:20680304-20682406	NC_003070.9	93.795	693	37	5	235	924	17552860	17552171	0.0	1037
NC_003076.8:20680304-20682406	NC_003070.9	89.243	846	59	20	1	826	16806150	16806983	0.0	1029
NC_003076.8:20680304-20682406	NC_003070.9	92.629	719	44	8	235	949	14299705	14298992	0.0	1026
NC_003076.8:20680304-20682406	NC_003070.9	92.479	718	47	6	235	949	29320592	29319879	0.0	1020
NC_003076.8:20680304-20682406	NC_003070.9	92.308	715	49	5	235	946	6736003	6736714	0.0	1011
NC_003076.8:20680304-20682406	NC_003070.9	92.330	704	49	4	241	944	8291436	8290738	0.0	996
NC_003076.8:20680304-20682406	NC_003070.9	92.651	694	46	4	241	934	19085234	19085922	0.0	994
NC_003076.8:20680304-20682406	NC_003070.9	92.764	691	44	5	246	934	19173667	19172981	0.0	994
NC_003076.8:20680304-20682406	NC_003070.9	91.888	715	51	6	235	946	17368	18078	0.0	992
NC_003076.8:20680304-20682406	NC_003070.9	91.516	719	53	7	235	949	3074585	3073871	0.0	983
NC_003076.8:20680304-20682406	NC_003070.9	91.268	710	47	8	241	949	12855858	12855163	0.0	953
NC_003076.8:20680304-20682406	NC_003070.9	93.146	642	40	3	235	873	2235029	2234389	0.0	939
NC_003076.8:20680304-20682406	NC_003070.9	89.098	743	46	19	235	944	18746910	18746170	0.0	891
NC_003076.8:20680304-20682406	NC_003070.9	91.783	645	42	4	1457	2092	14309405	14308763	0.0	887
NC_003076.8:20680304-20682406	NC_003070.9	92.988	599	30	9	1496	2092	499960	499372	0.0	863
NC_003076.8:20680304-20682406	NC_003070.9	93.161	541	32	5	1555	2092	8489951	8489413	0.0	789
NC_003076.8:20680304-20682406	NC_003070.9	91.833	551	40	5	1555	2101	25963004	25962455	0.0	763
NC_003076.8:20680304-20682406	NC_003070.9	92.176	524	27	4	1569	2091	18790338	18790848	0.0	728
NC_003076.8:20680304-20682406	NC_003070.9	94.360	461	21	3	1	456	15939323	15939783	0.0	702
NC_003076.8:20680304-20682406	NC_003070.9	93.803	468	21	4	891	1356	22621842	22621381	0.0	697
NC_003076.8:20680304-20682406	NC_003070.9	93.177	469	26	4	1	464	22622305	22621838	0.0	684
NC_003076.8:20680304-20682406	NC_003070.9	93.643	409	20	4	1	404	18790927	18791334	5.29e-172	606
NC_003076.8:20680304-20682406	NC_003070.9	93.046	417	26	3	530	946	23174140	23174553	5.29e-172	606
NC_003076.8:20680304-20682406	NC_003070.9	94.015	401	22	2	1692	2091	23554190	23553791	5.29e-172	606
NC_003076.8:20680304-20682406	NC_003070.9	94.737	304	13	3	1304	1605	22992366	22992064	7.25e-131	470
NC_003076.8:20680304-20682406	NC_003070.9	95.205	292	11	3	1304	1593	22621025	22620735	1.57e-127	459
NC_003076.8:20680304-20682406	NC_003070.9	94.792	288	13	2	1304	1590	12328360	12328074	3.40e-124	448
NC_003076.8:20680304-20682406	NC_003070.9	93.421	304	17	3	1304	1605	30251412	30251110	3.40e-124	448
NC_003076.8:20680304-20682406	NC_003070.9	96.861	223	7	0	1869	2091	30253364	30253142	5.84e-102	374
NC_003076.8:20680304-20682406	NC_003070.9	95.161	186	9	0	954	1139	30251610	30251425	4.68e-78	294
NC_003076.8:20680304-20682406	NC_003070.9	95.082	183	9	0	954	1136	22992564	22992382	2.18e-76	289
NC_003076.8:20680304-20682406	NC_003070.9	94.536	183	10	0	954	1136	12328558	12328376	1.01e-74	283
NC_003076.8:20680304-20682406	NC_003070.9	93.989	183	11	0	954	1136	22621223	22621041	4.71e-73	278
NC_003076.8:20680304-20682406	NC_003070.9	93.443	183	12	0	954	1136	23876284	23876466	2.19e-71	272
NC_003076.8:20680304-20682406	NC_003070.9	95.283	106	5	0	954	1059	19769678	19769573	2.96e-40	169
NC_003076.8:20680304-20682406	NC_003070.9	82.270	141	20	5	1965	2101	20559730	20559591	1.09e-24	117
NC_003076.8:20680304-20682406	NC_003075.7	95.041	2097	85	11	1	2089	1002007	999922	0.0	3278
NC_003076.8:20680304-20682406	NC_003075.7	95.881	2015	67	13	88	2092	8063697	8065705	0.0	3247
NC_003076.8:20680304-20682406	NC_003075.7	93.729	2105	92	13	1	2094	5541389	5539314	0.0	3120
NC_003076.8:20680304-20682406	NC_003075.7	93.472	2114	98	15	1	2102	11360870	11362955	0.0	3103
NC_003076.8:20680304-20682406	NC_003075.7	93.479	2101	100	12	1	2092	1349585	1351657	0.0	3086
NC_003076.8:20680304-20682406	NC_003075.7	92.959	2102	92	19	1	2091	4146126	4148182	0.0	3011
NC_003076.8:20680304-20682406	NC_003075.7	92.905	2100	93	23	1	2091	8730453	8728401	0.0	3001
NC_003076.8:20680304-20682406	NC_003075.7	95.193	1269	52	7	1	1263	10397385	10396120	0.0	1997
NC_003076.8:20680304-20682406	NC_003075.7	95.122	1148	52	4	954	2099	11193412	11192267	0.0	1807
NC_003076.8:20680304-20682406	NC_003075.7	93.154	1154	72	6	954	2101	371928	370776	0.0	1687
NC_003076.8:20680304-20682406	NC_003075.7	92.732	1142	78	5	954	2091	6166306	6165166	0.0	1644
NC_003076.8:20680304-20682406	NC_003075.7	94.648	1009	49	4	1095	2100	16864260	16863254	0.0	1559
NC_003076.8:20680304-20682406	NC_003075.7	89.730	964	79	17	1	957	2622006	2621056	0.0	1214
NC_003076.8:20680304-20682406	NC_003075.7	94.192	792	41	5	1304	2092	683570	684359	0.0	1203
NC_003076.8:20680304-20682406	NC_003075.7	93.997	783	38	6	1	778	9763814	9763036	0.0	1177
NC_003076.8:20680304-20682406	NC_003075.7	94.005	784	36	8	1	778	9842608	9841830	0.0	1177
NC_003076.8:20680304-20682406	NC_003075.7	94.163	771	41	4	1325	2091	10396119	10395349	0.0	1171
NC_003076.8:20680304-20682406	NC_003075.7	92.494	826	39	6	1	822	16865070	16864264	0.0	1160
NC_003076.8:20680304-20682406	NC_003075.7	93.846	715	37	6	236	949	314139	313431	0.0	1070
NC_003076.8:20680304-20682406	NC_003075.7	92.639	720	42	11	235	949	7060559	7059846	0.0	1026
NC_003076.8:20680304-20682406	NC_003075.7	92.529	696	45	6	241	934	9438920	9439610	0.0	990
NC_003076.8:20680304-20682406	NC_003075.7	93.921	658	35	5	1247	1901	965061	964406	0.0	989
NC_003076.8:20680304-20682406	NC_003075.7	90.239	543	38	8	1564	2101	14390784	14390252	0.0	695
NC_003076.8:20680304-20682406	NC_003075.7	92.918	466	27	5	241	705	6279149	6279609	0.0	673
NC_003076.8:20680304-20682406	NC_003075.7	95.833	312	11	2	951	1262	965643	965334	7.14e-141	503
NC_003076.8:20680304-20682406	NC_003075.7	90.642	374	22	6	1692	2063	7853284	7852922	2.59e-135	484
NC_003076.8:20680304-20682406	NC_003075.7	90.288	278	26	1	632	909	3894020	3893744	1.27e-98	363
NC_003076.8:20680304-20682406	NC_003075.7	76.006	671	111	29	1410	2070	7572217	7572847	2.80e-80	302
NC_003076.8:20680304-20682406	NC_003075.7	88.492	252	22	5	1	246	5353748	5353998	3.62e-79	298
NC_003076.8:20680304-20682406	NC_003075.7	93.617	188	11	1	954	1141	683371	683557	1.31e-73	279
NC_003076.8:20680304-20682406	NC_003075.7	77.603	509	78	29	1509	2006	7593705	7593222	1.70e-72	276
NC_003076.8:20680304-20682406	NC_003075.7	90.576	191	17	1	1901	2091	963863	963674	2.86e-65	252
NC_003076.8:20680304-20682406	NC_003075.7	89.205	176	18	1	779	953	5773066	5773241	2.90e-55	219
NC_003076.8:20680304-20682406	NC_003075.7	74.624	465	88	24	1601	2058	2262877	2262436	4.92e-43	178
NC_003076.8:20680304-20682406	NC_003075.7	78.967	271	50	7	1824	2091	12335564	12335830	4.92e-43	178
NC_003076.8:20680304-20682406	NC_003075.7	92.553	94	7	0	704	797	6280372	6280465	3.00e-30	135
NC_003076.8:20680304-20682406	NC_003075.7	92.632	95	5	1	1493	1585	8802411	8802505	3.00e-30	135
NC_003076.8:20680304-20682406	NC_003075.7	93.443	61	3	1	4	63	11193567	11193507	2.37e-16	89.8
NC_003076.8:20680304-20682406	NC_003075.7	95.238	42	2	0	954	995	14390831	14390790	1.11e-09	67.6
NC_003076.8:20680304-20682406	NC_003074.8	94.586	2087	92	18	1	2069	10821446	10819363	0.0	3208
NC_003076.8:20680304-20682406	NC_003074.8	94.327	2080	85	9	1	2072	15937286	15939340	0.0	3157
NC_003076.8:20680304-20682406	NC_003074.8	93.571	2100	100	10	1	2092	17277814	17275742	0.0	3097
NC_003076.8:20680304-20682406	NC_003074.8	92.286	2100	102	19	1	2091	20786399	20788447	0.0	2926
NC_003076.8:20680304-20682406	NC_003074.8	91.671	2101	111	21	1	2092	22118613	22120658	0.0	2852
NC_003076.8:20680304-20682406	NC_003074.8	91.627	2090	97	18	1	2068	11535844	11537877	0.0	2819
NC_003076.8:20680304-20682406	NC_003074.8	90.960	2124	98	35	1	2101	17144490	17142438	0.0	2772
NC_003076.8:20680304-20682406	NC_003074.8	92.013	1590	71	20	509	2092	16562049	16563588	0.0	2182
NC_003076.8:20680304-20682406	NC_003074.8	91.830	1481	70	12	1	1474	5745923	5744487	0.0	2017
NC_003076.8:20680304-20682406	NC_003074.8	93.617	1363	56	10	1	1356	17301278	17299940	0.0	2006
NC_003076.8:20680304-20682406	NC_003074.8	91.006	1401	67	23	701	2097	15452795	15451450	0.0	1834
NC_003076.8:20680304-20682406	NC_003074.8	93.444	1144	65	6	954	2092	17776928	17778066	0.0	1688
NC_003076.8:20680304-20682406	NC_003074.8	93.503	1139	65	5	954	2089	17730098	17731230	0.0	1685
NC_003076.8:20680304-20682406	NC_003074.8	92.672	1160	52	16	954	2089	16419302	16420452	0.0	1640
NC_003076.8:20680304-20682406	NC_003074.8	92.368	1140	64	9	954	2091	9767475	9766357	0.0	1602
NC_003076.8:20680304-20682406	NC_003074.8	94.679	996	37	4	1099	2091	17062368	17061386	0.0	1531
NC_003076.8:20680304-20682406	NC_003074.8	93.478	1012	41	11	1087	2091	16451587	16452580	0.0	1480
NC_003076.8:20680304-20682406	NC_003074.8	93.675	996	36	5	1099	2091	7995800	7994829	0.0	1465
NC_003076.8:20680304-20682406	NC_003074.8	93.414	911	43	6	954	1861	11503603	11502707	0.0	1334
NC_003076.8:20680304-20682406	NC_003074.8	94.293	841	28	7	1	836	17063229	17062404	0.0	1269
NC_003076.8:20680304-20682406	NC_003074.8	95.196	791	35	3	1304	2091	18412509	18413299	0.0	1247
NC_003076.8:20680304-20682406	NC_003074.8	94.823	792	37	4	1304	2091	18019136	18019927	0.0	1232
NC_003076.8:20680304-20682406	NC_003074.8	93.703	794	42	7	1304	2091	13327791	13328582	0.0	1182
NC_003076.8:20680304-20682406	NC_003074.8	92.786	804	51	7	1304	2103	3965358	3966158	0.0	1157
NC_003076.8:20680304-20682406	NC_003074.8	92.373	826	41	4	1	822	16450786	16451593	0.0	1157
NC_003076.8:20680304-20682406	NC_003074.8	91.971	822	41	7	4	819	9386343	9385541	0.0	1129
NC_003076.8:20680304-20682406	NC_003074.8	91.576	831	51	13	140	953	9890146	9890974	0.0	1129
NC_003076.8:20680304-20682406	NC_003074.8	92.472	797	46	12	168	957	18746356	18747145	0.0	1127
NC_003076.8:20680304-20682406	NC_003074.8	93.809	743	42	4	1352	2092	10556871	10556131	0.0	1114
NC_003076.8:20680304-20682406	NC_003074.8	95.042	706	32	3	1007	1710	10320599	10321303	0.0	1107
NC_003076.8:20680304-20682406	NC_003074.8	93.011	744	39	5	1352	2092	10575083	10574350	0.0	1074
NC_003076.8:20680304-20682406	NC_003074.8	93.715	716	39	6	235	946	16879943	16880656	0.0	1068
NC_003076.8:20680304-20682406	NC_003074.8	91.656	779	44	5	1325	2101	15485279	15484520	0.0	1059
NC_003076.8:20680304-20682406	NC_003074.8	93.036	718	44	5	235	949	9559544	9558830	0.0	1044
NC_003076.8:20680304-20682406	NC_003074.8	93.137	714	40	8	235	946	5622169	5622875	0.0	1038
NC_003076.8:20680304-20682406	NC_003074.8	92.639	720	41	11	235	949	20485002	20484290	0.0	1026
NC_003076.8:20680304-20682406	NC_003074.8	92.072	719	48	8	235	949	2629888	2629175	0.0	1003
NC_003076.8:20680304-20682406	NC_003074.8	95.253	632	20	3	800	1429	9385005	9384382	0.0	992
NC_003076.8:20680304-20682406	NC_003074.8	93.683	649	36	5	1445	2092	5744486	5743842	0.0	966
NC_003076.8:20680304-20682406	NC_003074.8	90.444	743	45	8	226	957	16173067	16172340	0.0	955
NC_003076.8:20680304-20682406	NC_003074.8	90.327	734	53	11	235	953	3716481	3717211	0.0	946
NC_003076.8:20680304-20682406	NC_003074.8	89.986	719	50	11	235	949	1371038	1370338	0.0	909
NC_003076.8:20680304-20682406	NC_003074.8	92.628	624	39	6	1477	2098	9384377	9383759	0.0	891
NC_003076.8:20680304-20682406	NC_003074.8	95.611	524	20	2	954	1476	11967811	11968332	0.0	837
NC_003076.8:20680304-20682406	NC_003074.8	94.942	514	19	6	1	508	7996636	7996124	0.0	798
NC_003076.8:20680304-20682406	NC_003074.8	90.453	419	36	4	536	953	10404825	10405240	9.05e-155	549
NC_003076.8:20680304-20682406	NC_003074.8	96.795	312	8	1	954	1263	15485591	15485280	7.09e-146	520
NC_003076.8:20680304-20682406	NC_003074.8	97.297	296	8	0	541	836	7996131	7995836	7.14e-141	503
NC_003076.8:20680304-20682406	NC_003074.8	94.771	306	15	1	954	1258	10557188	10556883	1.56e-132	475
NC_003076.8:20680304-20682406	NC_003074.8	93.671	316	18	2	954	1268	10575400	10575086	2.01e-131	472
NC_003076.8:20680304-20682406	NC_003074.8	94.389	303	15	2	1304	1605	17299583	17299282	3.37e-129	464
NC_003076.8:20680304-20682406	NC_003074.8	93.603	297	17	2	1805	2100	11968331	11968626	1.58e-122	442
NC_003076.8:20680304-20682406	NC_003074.8	93.939	231	14	0	1825	2055	11200950	11201180	9.85e-95	350
NC_003076.8:20680304-20682406	NC_003074.8	90.873	252	13	2	1850	2091	8757570	8757821	1.28e-88	329
NC_003076.8:20680304-20682406	NC_003074.8	90.763	249	17	6	1	246	20485140	20484895	4.62e-88	327
NC_003076.8:20680304-20682406	NC_003074.8	90.650	246	19	4	4	246	9559680	9559436	5.97e-87	324
NC_003076.8:20680304-20682406	NC_003074.8	90.283	247	18	6	3	246	5622033	5622276	2.78e-85	318
NC_003076.8:20680304-20682406	NC_003074.8	95.745	188	7	1	954	1141	17299782	17299596	2.80e-80	302
NC_003076.8:20680304-20682406	NC_003074.8	94.149	188	11	0	954	1141	1571523	1571710	7.83e-76	287
NC_003076.8:20680304-20682406	NC_003074.8	85.764	288	10	6	1304	1590	1571723	1571980	1.70e-72	276
NC_003076.8:20680304-20682406	NC_003074.8	93.989	183	9	2	702	883	9385008	9385189	1.70e-72	276
NC_003076.8:20680304-20682406	NC_003074.8	93.085	188	12	1	954	1141	13327592	13327778	6.10e-72	274
NC_003076.8:20680304-20682406	NC_003074.8	93.478	184	11	1	954	1136	3965159	3965342	2.19e-71	272
NC_003076.8:20680304-20682406	NC_003074.8	92.593	189	12	2	954	1142	18018938	18019124	7.89e-71	270
NC_003076.8:20680304-20682406	NC_003074.8	92.021	188	13	2	954	1141	18412311	18412496	1.32e-68	263
NC_003076.8:20680304-20682406	NC_003074.8	87.805	82	8	2	1	80	15485750	15485669	5.10e-18	95.3
NC_003076.8:20680304-20682406	NC_003074.8	100.000	34	0	0	837	870	9385190	9385223	1.44e-08	63.9
NC_003076.8:20674234-20674822	NC_003076.8	100.000	589	0	0	1	589	20674822	20674234	0.0	1088
NC_003076.8:20674234-20674822	NC_003076.8	92.177	588	43	3	1	587	9979173	9978588	0.0	828
NC_003076.8:20674234-20674822	NC_003076.8	90.413	605	41	3	1	589	25178777	25179380	0.0	780
NC_003076.8:20674234-20674822	NC_003076.8	88.667	600	51	6	1	587	14880216	14880811	0.0	715
NC_003076.8:20674234-20674822	NC_003076.8	87.769	605	51	12	1	589	15659431	15658834	0.0	686
NC_003076.8:20674234-20674822	NC_003076.8	87.603	605	56	8	1	589	349810	350411	0.0	684
NC_003076.8:20674234-20674822	NC_003076.8	88.482	573	46	9	1	559	19479577	19480143	0.0	675
NC_003076.8:20674234-20674822	NC_003076.8	86.522	601	60	12	1	587	9545738	9546331	0.0	641
NC_003076.8:20674234-20674822	NC_003076.8	83.444	604	58	11	1	589	23662580	23662004	1.49e-147	523
NC_003076.8:20674234-20674822	NC_003076.8	81.457	604	56	21	1	589	10042374	10041812	1.19e-123	444
NC_003076.8:20674234-20674822	NC_003076.8	83.173	416	43	11	189	589	22463799	22464202	5.74e-97	355
NC_003076.8:20674234-20674822	NC_003076.8	87.283	173	17	5	418	589	19101940	19102108	4.76e-48	193
NC_003076.8:20674234-20674822	NC_003076.8	87.943	141	17	0	4	144	22463661	22463801	2.89e-40	167
NC_003076.8:20674234-20674822	NC_003076.8	85.906	149	18	2	442	589	15581195	15581341	6.25e-37	156
NC_003076.8:20674234-20674822	NC_003076.8	91.566	83	7	0	1	83	7417331	7417413	1.06e-24	115
NC_003076.8:20674234-20674822	NC_003076.8	93.421	76	5	0	1	76	9763120	9763045	3.82e-24	113
NC_003076.8:20674234-20674822	NC_003076.8	87.368	95	12	0	1	95	9558216	9558122	4.94e-23	110
NC_003076.8:20674234-20674822	NC_003076.8	87.368	95	12	0	1	95	13892686	13892592	4.94e-23	110
NC_003076.8:20674234-20674822	NC_003076.8	88.636	88	10	0	166	253	10042104	10042017	1.78e-22	108
NC_003076.8:20674234-20674822	NC_003076.8	86.458	96	11	2	1	95	6702418	6702324	2.30e-21	104
NC_003076.8:20674234-20674822	NC_003076.8	89.157	83	9	0	1	83	16870923	16871005	2.30e-21	104
NC_003076.8:20674234-20674822	NC_003076.8	89.157	83	9	0	1	83	24448812	24448894	2.30e-21	104
NC_003076.8:20674234-20674822	NC_003076.8	85.263	95	14	0	1	95	14104208	14104114	1.07e-19	99.0
NC_003076.8:20674234-20674822	NC_003076.8	87.952	83	10	0	1	83	24117960	24118042	1.07e-19	99.0
NC_003076.8:20674234-20674822	NC_003076.8	85.263	95	13	1	1	95	7701181	7701088	3.84e-19	97.1
NC_003076.8:20674234-20674822	NC_003076.8	86.517	89	11	1	1	89	10873661	10873748	3.84e-19	97.1
NC_003076.8:20674234-20674822	NC_003076.8	86.747	83	11	0	1	83	13231669	13231751	4.97e-18	93.5
NC_003076.8:20674234-20674822	NC_003076.8	83.158	95	16	0	1	95	16712851	16712945	2.31e-16	87.9
NC_003076.8:20674234-20674822	NC_003076.8	90.625	64	6	0	1	64	8280718	8280781	8.32e-16	86.1
NC_003076.8:20674234-20674822	NC_003076.8	89.231	65	6	1	1	65	7488977	7488914	3.87e-14	80.5
NC_003076.8:20674234-20674822	NC_003076.8	89.231	65	6	1	1	65	9866841	9866904	3.87e-14	80.5
NC_003076.8:20674234-20674822	NC_003076.8	89.231	65	6	1	1	65	15536012	15535949	3.87e-14	80.5
NC_003076.8:20674234-20674822	NC_003076.8	87.692	65	7	1	1	65	15162255	15162318	1.80e-12	75.0
NC_003076.8:20674234-20674822	NC_003076.8	87.097	62	7	1	1	62	19153746	19153686	8.38e-11	69.4
NC_003076.8:20674234-20674822	NC_003076.8	86.154	65	8	1	1	65	22020973	22021036	8.38e-11	69.4
NC_003076.8:20674234-20674822	NC_003076.8	85.938	64	8	1	1	64	17481151	17481213	3.01e-10	67.6
NC_003076.8:20674234-20674822	NC_003074.8	94.397	589	31	2	1	589	19520641	19521227	0.0	904
NC_003076.8:20674234-20674822	NC_003074.8	94.228	589	33	1	1	589	7937571	7936984	0.0	898
NC_003076.8:20674234-20674822	NC_003074.8	92.020	589	45	2	1	589	7659521	7658935	0.0	826
NC_003076.8:20674234-20674822	NC_003074.8	92.061	592	39	7	1	589	18147108	18146522	0.0	826
NC_003076.8:20674234-20674822	NC_003074.8	87.728	603	56	8	1	589	15918691	15918093	0.0	688
NC_003076.8:20674234-20674822	NC_003074.8	87.562	603	56	8	1	589	8644742	8645339	0.0	680
NC_003076.8:20674234-20674822	NC_003074.8	84.247	146	14	8	445	589	4585160	4585297	2.93e-30	134
NC_003076.8:20674234-20674822	NC_003074.8	92.857	84	5	1	1	83	10082828	10082745	2.28e-26	121
NC_003076.8:20674234-20674822	NC_003074.8	88.119	101	10	2	1	100	8772147	8772246	8.20e-26	119
NC_003076.8:20674234-20674822	NC_003074.8	91.566	83	7	0	1	83	19739757	19739839	1.06e-24	115
NC_003076.8:20674234-20674822	NC_003074.8	91.566	83	6	1	1	83	7766062	7766143	3.82e-24	113
NC_003076.8:20674234-20674822	NC_003074.8	89.130	92	7	3	1	89	15812961	15813052	1.37e-23	111
NC_003076.8:20674234-20674822	NC_003074.8	92.000	75	6	0	1	75	7318502	7318576	6.38e-22	106
NC_003076.8:20674234-20674822	NC_003074.8	88.636	88	9	1	166	253	10681682	10681596	6.38e-22	106
NC_003076.8:20674234-20674822	NC_003074.8	88.506	87	10	0	166	252	18172566	18172480	6.38e-22	106
NC_003076.8:20674234-20674822	NC_003074.8	90.123	81	6	2	3	82	6729497	6729418	2.30e-21	104
NC_003076.8:20674234-20674822	NC_003074.8	95.385	65	3	0	2	66	16235708	16235644	2.30e-21	104
NC_003076.8:20674234-20674822	NC_003074.8	87.952	83	10	0	1	83	7274660	7274742	1.07e-19	99.0
NC_003076.8:20674234-20674822	NC_003074.8	86.747	83	11	0	1	83	14057124	14057206	4.97e-18	93.5
NC_003076.8:20674234-20674822	NC_003074.8	89.231	65	6	1	1	65	16677616	16677679	3.87e-14	80.5
NC_003076.8:20674234-20674822	NC_003074.8	89.062	64	6	1	1	64	20770464	20770402	1.39e-13	78.7
NC_003076.8:20674234-20674822	NC_003074.8	94.000	50	3	0	1	50	11315007	11315056	5.01e-13	76.8
NC_003076.8:20674234-20674822	NC_003074.8	87.692	65	7	1	1	65	10900762	10900825	1.80e-12	75.0
NC_003076.8:20674234-20674822	NC_003074.8	87.692	65	7	1	1	65	16535294	16535231	1.80e-12	75.0
NC_003076.8:20674234-20674822	NC_003074.8	87.500	64	7	1	1	64	8596967	8596905	6.48e-12	73.1
NC_003076.8:20674234-20674822	NC_003074.8	81.928	83	15	0	13	95	18634492	18634410	2.33e-11	71.3
NC_003076.8:20674234-20674822	NC_003074.8	87.097	62	7	1	1	62	19537816	19537756	8.38e-11	69.4
NC_003076.8:20674234-20674822	NC_003074.8	85.938	64	8	1	1	64	19529023	19529085	3.01e-10	67.6
NC_003076.8:20674234-20674822	NC_003074.8	85.484	62	8	1	1	62	16902332	16902392	3.90e-09	63.9
NC_003076.8:20674234-20674822	NC_003074.8	100.000	33	0	0	1	33	9540459	9540491	1.40e-08	62.1
NC_003076.8:20674234-20674822	NC_003074.8	100.000	29	0	0	1	29	18172792	18172764	2.35e-06	54.7
NC_003076.8:20674234-20674822	NC_003070.9	94.237	590	29	5	1	589	17605550	17606135	0.0	896
NC_003076.8:20674234-20674822	NC_003070.9	92.699	589	41	2	1	589	12183991	12183405	0.0	848
NC_003076.8:20674234-20674822	NC_003070.9	92.020	589	44	3	1	589	20509422	20508837	0.0	824
NC_003076.8:20674234-20674822	NC_003070.9	91.944	571	42	4	21	589	19717926	19718494	0.0	797
NC_003076.8:20674234-20674822	NC_003070.9	91.652	563	45	2	4	566	18805110	18804550	0.0	778
NC_003076.8:20674234-20674822	NC_003070.9	87.252	604	57	9	1	589	8189961	8190559	0.0	671
NC_003076.8:20674234-20674822	NC_003070.9	87.252	604	56	10	1	589	2588429	2587832	0.0	669
NC_003076.8:20674234-20674822	NC_003070.9	89.094	541	51	6	53	589	12457718	12458254	0.0	665
NC_003076.8:20674234-20674822	NC_003070.9	87.086	604	59	9	1	589	12993595	12992996	0.0	665
NC_003076.8:20674234-20674822	NC_003070.9	87.167	600	53	14	4	587	17632424	17633015	0.0	660
NC_003076.8:20674234-20674822	NC_003070.9	86.899	603	61	10	1	589	25357824	25358422	0.0	660
NC_003076.8:20674234-20674822	NC_003070.9	86.755	604	60	8	1	589	29078415	29079013	0.0	654
NC_003076.8:20674234-20674822	NC_003070.9	86.446	605	60	13	1	589	19742138	19741540	0.0	643
NC_003076.8:20674234-20674822	NC_003070.9	86.424	604	60	11	1	589	5531296	5531892	0.0	641
NC_003076.8:20674234-20674822	NC_003070.9	85.008	607	65	13	1	589	13879653	13879055	1.12e-168	593
NC_003076.8:20674234-20674822	NC_003070.9	83.866	595	79	14	1	589	21335944	21336527	6.82e-156	551
NC_003076.8:20674234-20674822	NC_003070.9	93.510	339	21	1	1	339	24027183	24027520	1.94e-141	503
NC_003076.8:20674234-20674822	NC_003070.9	85.417	480	53	10	124	589	3498228	3497752	2.52e-135	483
NC_003076.8:20674234-20674822	NC_003070.9	87.071	379	34	5	224	589	9918829	9918453	9.34e-115	414
NC_003076.8:20674234-20674822	NC_003070.9	84.390	410	38	10	195	589	16859030	16858632	3.41e-104	379
NC_003076.8:20674234-20674822	NC_003070.9	83.619	409	40	13	195	587	26307106	26307503	4.44e-98	359
NC_003076.8:20674234-20674822	NC_003070.9	90.104	192	18	1	1	192	9919332	9919142	1.00e-64	248
NC_003076.8:20674234-20674822	NC_003070.9	90.278	144	14	0	1	144	16859177	16859034	6.16e-47	189
NC_003076.8:20674234-20674822	NC_003070.9	90.278	144	13	1	1	144	26306960	26307102	2.22e-46	187
NC_003076.8:20674234-20674822	NC_003070.9	86.207	174	21	3	417	589	21918813	21918984	7.97e-46	185
NC_003076.8:20674234-20674822	NC_003070.9	85.632	174	19	6	418	589	4770284	4770115	1.33e-43	178
NC_003076.8:20674234-20674822	NC_003070.9	82.955	176	23	5	418	589	13495594	13495422	8.09e-36	152
NC_003076.8:20674234-20674822	NC_003070.9	93.750	80	5	0	1	80	18766618	18766539	2.28e-26	121
NC_003076.8:20674234-20674822	NC_003070.9	89.474	95	10	0	1	95	23125693	23125599	2.28e-26	121
NC_003076.8:20674234-20674822	NC_003070.9	91.566	83	7	0	1	83	21918434	21918516	1.06e-24	115
NC_003076.8:20674234-20674822	NC_003070.9	87.500	96	10	2	1	95	1160224	1160318	4.94e-23	110
NC_003076.8:20674234-20674822	NC_003070.9	88.889	90	8	2	7	95	12525587	12525675	4.94e-23	110
NC_003076.8:20674234-20674822	NC_003070.9	88.764	89	10	0	165	253	14013113	14013025	4.94e-23	110
NC_003076.8:20674234-20674822	NC_003070.9	87.368	95	12	0	1	95	16401003	16400909	4.94e-23	110
NC_003076.8:20674234-20674822	NC_003070.9	88.636	88	10	0	166	253	16858925	16858838	1.78e-22	108
NC_003076.8:20674234-20674822	NC_003070.9	90.361	83	7	1	1	83	26880721	26880802	1.78e-22	108
NC_003076.8:20674234-20674822	NC_003070.9	86.316	95	13	0	1	95	5899755	5899661	2.30e-21	104
NC_003076.8:20674234-20674822	NC_003070.9	87.640	89	11	0	165	253	11174507	11174595	2.30e-21	104
NC_003076.8:20674234-20674822	NC_003070.9	87.640	89	11	0	165	253	21336240	21336328	2.30e-21	104
NC_003076.8:20674234-20674822	NC_003070.9	89.157	83	9	0	1	83	27240719	27240801	2.30e-21	104
NC_003076.8:20674234-20674822	NC_003070.9	90.667	75	7	0	1	75	6219140	6219066	2.97e-20	100
NC_003076.8:20674234-20674822	NC_003070.9	85.263	95	14	0	1	95	13313923	13313829	1.07e-19	99.0
NC_003076.8:20674234-20674822	NC_003070.9	86.517	89	11	1	166	253	26307211	26307299	3.84e-19	97.1
NC_003076.8:20674234-20674822	NC_003070.9	87.805	82	9	1	1	82	2473307	2473227	1.38e-18	95.3
NC_003076.8:20674234-20674822	NC_003070.9	85.542	83	11	1	1	82	10929426	10929508	8.32e-16	86.1
NC_003076.8:20674234-20674822	NC_003070.9	89.231	65	6	1	1	65	6514476	6514539	3.87e-14	80.5
NC_003076.8:20674234-20674822	NC_003070.9	87.692	65	8	0	1	65	12618638	12618702	5.01e-13	76.8
NC_003076.8:20674234-20674822	NC_003070.9	87.500	64	7	1	1	64	9385033	9384971	6.48e-12	73.1
NC_003076.8:20674234-20674822	NC_003070.9	87.500	64	7	1	1	64	18301142	18301080	6.48e-12	73.1
NC_003076.8:20674234-20674822	NC_003070.9	87.097	62	7	1	1	62	10579424	10579484	8.38e-11	69.4
NC_003076.8:20674234-20674822	NC_003070.9	91.837	49	4	0	1	49	13548432	13548480	8.38e-11	69.4
NC_003076.8:20674234-20674822	NC_003071.7	93.729	590	34	3	1	589	11597292	11597879	0.0	881
NC_003076.8:20674234-20674822	NC_003071.7	93.186	587	29	2	1	587	8046269	8045694	0.0	852
NC_003076.8:20674234-20674822	NC_003071.7	88.333	600	48	13	5	589	7178423	7179015	0.0	701
NC_003076.8:20674234-20674822	NC_003071.7	87.914	604	53	9	1	589	2299067	2299665	0.0	693
NC_003076.8:20674234-20674822	NC_003071.7	86.733	603	59	10	1	589	4758696	4758101	0.0	651
NC_003076.8:20674234-20674822	NC_003071.7	87.590	556	54	5	1	543	10239495	10238942	8.52e-180	630
NC_003076.8:20674234-20674822	NC_003071.7	84.390	410	38	10	195	589	8907598	8907996	3.41e-104	379
NC_003076.8:20674234-20674822	NC_003071.7	83.455	411	40	15	195	589	9891644	9891246	1.60e-97	357
NC_003076.8:20674234-20674822	NC_003071.7	83.624	287	31	3	319	589	825988	826274	5.99e-67	255
NC_003076.8:20674234-20674822	NC_003071.7	89.583	96	8	2	1	95	6411149	6411243	2.28e-26	121
NC_003076.8:20674234-20674822	NC_003071.7	89.474	95	10	0	1	95	9860514	9860420	2.28e-26	121
NC_003076.8:20674234-20674822	NC_003071.7	88.421	95	11	0	1	95	19623102	19623196	1.06e-24	115
NC_003076.8:20674234-20674822	NC_003071.7	89.773	88	9	0	166	253	17992836	17992749	3.82e-24	113
NC_003076.8:20674234-20674822	NC_003071.7	87.368	95	12	0	1	95	6207151	6207057	4.94e-23	110
NC_003076.8:20674234-20674822	NC_003071.7	87.629	97	9	3	1	95	7439723	7439628	4.94e-23	110
NC_003076.8:20674234-20674822	NC_003071.7	90.361	83	8	0	1	83	9433091	9433173	4.94e-23	110
NC_003076.8:20674234-20674822	NC_003071.7	90.000	80	8	0	1	80	1303113	1303034	2.30e-21	104
NC_003076.8:20674234-20674822	NC_003071.7	86.458	96	11	2	1	95	2262405	2262311	2.30e-21	104
NC_003076.8:20674234-20674822	NC_003071.7	89.286	84	7	2	1	83	5037751	5037833	2.30e-21	104
NC_003076.8:20674234-20674822	NC_003071.7	87.640	89	10	1	166	253	9891539	9891451	8.26e-21	102
NC_003076.8:20674234-20674822	NC_003071.7	90.789	76	6	1	1	76	7340381	7340455	2.97e-20	100
NC_003076.8:20674234-20674822	NC_003071.7	85.417	96	12	2	1	95	1552862	1552768	1.07e-19	99.0
NC_003076.8:20674234-20674822	NC_003071.7	85.263	95	13	1	1	95	9229179	9229086	3.84e-19	97.1
NC_003076.8:20674234-20674822	NC_003071.7	92.188	64	5	0	1	64	1955470	1955533	1.79e-17	91.6
NC_003076.8:20674234-20674822	NC_003071.7	83.158	95	16	0	1	95	5010652	5010558	2.31e-16	87.9
NC_003076.8:20674234-20674822	NC_003071.7	87.692	65	7	1	1	65	3198502	3198439	1.80e-12	75.0
NC_003076.8:20674234-20674822	NC_003071.7	87.500	64	7	1	1	64	6901191	6901253	6.48e-12	73.1
NC_003076.8:20674234-20674822	NC_003071.7	87.500	64	7	1	1	64	10070964	10070902	6.48e-12	73.1
NC_003076.8:20674234-20674822	NC_003071.7	86.154	65	8	1	1	65	1322856	1322793	8.38e-11	69.4
NC_003076.8:20674234-20674822	NC_003071.7	85.938	64	8	1	1	64	9029807	9029869	3.01e-10	67.6
NC_003076.8:20674234-20674822	NC_003071.7	85.938	64	8	1	1	64	11909720	11909658	3.01e-10	67.6
NC_003076.8:20674234-20674822	NC_003071.7	92.857	42	3	0	2	43	2320063	2320104	1.40e-08	62.1
NC_003076.8:20674234-20674822	NC_003075.7	92.869	589	40	1	1	589	6414640	6414054	0.0	854
NC_003076.8:20674234-20674822	NC_003075.7	92.373	590	41	4	1	589	3897172	3897758	0.0	837
NC_003076.8:20674234-20674822	NC_003075.7	90.119	587	35	4	1	587	7652564	7653127	0.0	741
NC_003076.8:20674234-20674822	NC_003075.7	92.369	498	34	3	1	495	9188717	9189213	0.0	706
NC_003076.8:20674234-20674822	NC_003075.7	88.060	603	53	8	1	589	7154779	7155376	0.0	697
NC_003076.8:20674234-20674822	NC_003075.7	87.209	602	60	6	1	589	7905771	7906368	0.0	669
NC_003076.8:20674234-20674822	NC_003075.7	86.942	605	58	12	1	589	6427216	6426617	0.0	660
NC_003076.8:20674234-20674822	NC_003075.7	86.116	605	59	13	1	589	6895543	6894948	3.06e-179	628
NC_003076.8:20674234-20674822	NC_003075.7	85.160	593	72	13	1	589	9146443	9147023	1.12e-168	593
NC_003076.8:20674234-20674822	NC_003075.7	84.899	596	73	11	1	589	13124454	13123869	1.87e-166	586
NC_003076.8:20674234-20674822	NC_003075.7	85.075	603	50	15	1	589	8725655	8725079	3.13e-164	579
NC_003076.8:20674234-20674822	NC_003075.7	83.947	380	35	10	195	559	12968292	12967924	1.61e-92	340
NC_003076.8:20674234-20674822	NC_003075.7	86.806	144	18	1	1	144	12968438	12968296	4.83e-38	159
NC_003076.8:20674234-20674822	NC_003075.7	90.000	100	9	1	1	100	6379410	6379312	1.36e-28	128
NC_003076.8:20674234-20674822	NC_003075.7	88.421	95	11	0	1	95	12607047	12606953	1.06e-24	115
NC_003076.8:20674234-20674822	NC_003075.7	87.500	96	10	2	1	95	2040107	2040201	4.94e-23	110
NC_003076.8:20674234-20674822	NC_003075.7	88.764	89	10	0	165	253	13124157	13124069	4.94e-23	110
NC_003076.8:20674234-20674822	NC_003075.7	86.275	102	11	3	1	100	6638805	6638905	1.78e-22	108
NC_003076.8:20674234-20674822	NC_003075.7	88.764	89	9	1	1	89	13537670	13537583	1.78e-22	108
NC_003076.8:20674234-20674822	NC_003075.7	95.522	67	2	1	1	67	2987147	2987212	6.38e-22	106
NC_003076.8:20674234-20674822	NC_003075.7	87.640	89	11	0	165	253	6895247	6895159	2.30e-21	104
NC_003076.8:20674234-20674822	NC_003075.7	87.500	88	11	0	166	253	12968187	12968100	8.26e-21	102
NC_003076.8:20674234-20674822	NC_003075.7	86.170	94	13	0	2	95	14458283	14458190	8.26e-21	102
NC_003076.8:20674234-20674822	NC_003075.7	85.542	83	12	0	1	83	12365606	12365524	2.31e-16	87.9
NC_003076.8:20674234-20674822	NC_003075.7	88.732	71	6	2	1	71	5431587	5431519	8.32e-16	86.1
NC_003076.8:20674234-20674822	NC_003075.7	90.625	64	5	1	1	64	6169229	6169167	2.99e-15	84.2
NC_003076.8:20674234-20674822	NC_003075.7	89.231	65	7	0	1	65	8899077	8899141	1.08e-14	82.4
NC_003076.8:20674234-20674822	NC_003075.7	89.231	65	6	1	1	65	1199585	1199522	3.87e-14	80.5
NC_003076.8:20674234-20674822	NC_003075.7	89.062	64	6	1	1	64	9192543	9192605	1.39e-13	78.7
NC_003076.8:20674234-20674822	NC_003075.7	87.692	65	7	1	1	65	7230735	7230798	1.80e-12	75.0
NC_003076.8:20674234-20674822	NC_003075.7	85.938	64	8	1	1	64	7384282	7384220	3.01e-10	67.6
NC_003076.8:22463650-22464202	NC_003076.8	100.000	553	0	0	1	553	22463650	22464202	0.0	1022
NC_003076.8:22463650-22464202	NC_003076.8	91.979	561	25	12	12	553	10042371	10041812	0.0	769
NC_003076.8:22463650-22464202	NC_003076.8	87.634	558	34	14	26	553	19115133	19114581	2.23e-175	616
NC_003076.8:22463650-22464202	NC_003076.8	88.321	411	38	6	150	551	14880402	14880811	6.57e-136	484
NC_003076.8:22463650-22464202	NC_003076.8	86.683	413	44	6	150	553	14873643	14874053	8.62e-125	448
NC_003076.8:22463650-22464202	NC_003076.8	87.990	383	36	6	150	523	19479762	19480143	1.12e-123	444
NC_003076.8:22463650-22464202	NC_003076.8	86.165	412	45	9	150	551	9545922	9546331	6.71e-121	435
NC_003076.8:22463650-22464202	NC_003076.8	83.130	409	36	16	155	553	23662389	23662004	4.18e-93	342
NC_003076.8:22463650-22464202	NC_003076.8	90.071	141	11	3	12	151	15659428	15659290	3.47e-44	180
NC_003076.8:22463650-22464202	NC_003076.8	83.784	148	14	7	391	529	15535298	15535152	9.86e-30	132
NC_003076.8:22463650-22464202	NC_003076.8	88.172	93	10	1	12	104	9558213	9558122	4.62e-23	110
NC_003076.8:22463650-22464202	NC_003076.8	86.000	100	10	3	7	105	14216354	14216258	2.15e-21	104
NC_003076.8:22463650-22464202	NC_003076.8	86.813	91	11	1	14	104	14810276	14810365	2.78e-20	100
NC_003076.8:22463650-22464202	NC_003076.8	82.031	128	12	6	434	553	21531784	21531908	1.00e-19	99.0
NC_003076.8:22463650-22464202	NC_003076.8	100.000	31	0	0	523	553	8281691	8281721	1.70e-07	58.4
NC_003076.8:22463650-22464202	NC_003071.7	95.948	543	21	1	12	553	8907454	8907996	0.0	880
NC_003076.8:22463650-22464202	NC_003071.7	94.465	542	28	2	13	553	17993084	17992544	0.0	833
NC_003076.8:22463650-22464202	NC_003071.7	95.519	491	19	3	65	553	9891735	9891246	0.0	782
NC_003076.8:22463650-22464202	NC_003071.7	87.915	422	36	10	142	553	2299249	2299665	2.36e-135	483
NC_003076.8:22463650-22464202	NC_003071.7	87.440	414	37	9	150	553	4758509	4758101	3.08e-129	462
NC_003076.8:22463650-22464202	NC_003071.7	86.925	413	43	7	150	553	7178605	7179015	1.85e-126	453
NC_003076.8:22463650-22464202	NC_003071.7	86.111	288	29	6	277	553	825987	826274	2.55e-80	300
NC_003076.8:22463650-22464202	NC_003071.7	88.000	100	11	1	5	104	6207155	6207057	2.76e-25	117
NC_003076.8:22463650-22464202	NC_003071.7	89.247	93	9	1	12	104	6411152	6411243	9.93e-25	115
NC_003076.8:22463650-22464202	NC_003071.7	88.172	93	10	1	12	104	9229176	9229085	4.62e-23	110
NC_003076.8:22463650-22464202	NC_003071.7	88.172	93	10	1	12	104	9433094	9433185	4.62e-23	110
NC_003076.8:22463650-22464202	NC_003071.7	94.286	70	3	1	12	81	7340384	7340452	5.98e-22	106
NC_003076.8:22463650-22464202	NC_003071.7	87.234	94	9	3	12	104	5037754	5037845	2.15e-21	104
NC_003076.8:22463650-22464202	NC_003071.7	88.372	86	9	1	12	97	1955473	1955557	7.73e-21	102
NC_003076.8:22463650-22464202	NC_003070.9	95.948	543	21	1	12	553	16859174	16858632	0.0	880
NC_003076.8:22463650-22464202	NC_003070.9	95.387	542	22	3	12	551	26306963	26307503	0.0	859
NC_003076.8:22463650-22464202	NC_003070.9	90.120	415	27	8	150	553	11174397	11174808	1.08e-148	527
NC_003076.8:22463650-22464202	NC_003070.9	89.855	414	30	8	150	553	14013223	14012812	5.01e-147	521
NC_003076.8:22463650-22464202	NC_003070.9	87.037	432	42	10	134	553	8190130	8190559	3.95e-133	475
NC_003076.8:22463650-22464202	NC_003070.9	87.864	412	38	5	153	553	19741950	19741540	1.42e-132	473
NC_003076.8:22463650-22464202	NC_003070.9	87.239	431	27	11	134	553	21336114	21336527	2.38e-130	466
NC_003076.8:22463650-22464202	NC_003070.9	86.543	431	46	7	133	553	29078585	29079013	8.56e-130	464
NC_003076.8:22463650-22464202	NC_003070.9	86.441	413	47	5	150	553	25358010	25358422	1.12e-123	444
NC_003076.8:22463650-22464202	NC_003070.9	86.408	412	46	8	151	553	3498162	3497752	4.01e-123	442
NC_003076.8:22463650-22464202	NC_003070.9	87.245	392	36	10	134	514	17632592	17632980	6.71e-121	435
NC_003076.8:22463650-22464202	NC_003070.9	85.151	431	36	12	134	553	12457841	12458254	2.43e-115	416
NC_003076.8:22463650-22464202	NC_003070.9	86.471	170	15	4	391	553	24645896	24646064	3.47e-44	180
NC_003076.8:22463650-22464202	NC_003070.9	87.943	141	16	1	12	152	11174213	11174352	9.72e-40	165
NC_003076.8:22463650-22464202	NC_003070.9	87.671	146	10	5	416	553	27241130	27241275	3.50e-39	163
NC_003076.8:22463650-22464202	NC_003070.9	87.234	141	15	2	12	152	19742135	19741998	1.63e-37	158
NC_003076.8:22463650-22464202	NC_003070.9	84.672	137	20	1	15	151	14013404	14013269	7.62e-31	135
NC_003076.8:22463650-22464202	NC_003070.9	85.484	124	14	4	432	553	3414719	3414840	4.59e-28	126
NC_003076.8:22463650-22464202	NC_003070.9	90.000	90	8	1	15	104	12525587	12525675	9.93e-25	115
NC_003076.8:22463650-22464202	NC_003070.9	88.172	93	10	1	12	104	1160227	1160318	4.62e-23	110
NC_003076.8:22463650-22464202	NC_003070.9	82.677	127	16	3	432	553	499498	499373	1.66e-22	108
NC_003076.8:22463650-22464202	NC_003070.9	87.097	93	11	1	12	104	23125690	23125599	2.15e-21	104
NC_003076.8:22463650-22464202	NC_003070.9	85.556	90	10	2	15	104	10853194	10853108	1.67e-17	91.6
NC_003076.8:22463650-22464202	NC_003070.9	90.000	70	7	0	12	81	10929429	10929498	1.67e-17	91.6
NC_003076.8:22463650-22464202	NC_003075.7	95.802	524	19	3	6	527	12968442	12967920	0.0	843
NC_003076.8:22463650-22464202	NC_003075.7	94.043	554	31	2	1	553	964415	963863	0.0	839
NC_003076.8:22463650-22464202	NC_003075.7	90.777	412	28	3	150	553	6895357	6894948	3.84e-153	542
NC_003076.8:22463650-22464202	NC_003075.7	89.461	408	20	8	155	553	13124262	13123869	1.09e-138	494
NC_003076.8:22463650-22464202	NC_003075.7	86.792	424	42	10	141	553	6427037	6426617	1.11e-128	460
NC_003076.8:22463650-22464202	NC_003075.7	86.683	413	28	12	150	553	9146629	9147023	2.41e-120	433
NC_003076.8:22463650-22464202	NC_003075.7	84.767	407	33	14	155	553	8725464	8725079	8.87e-105	381
NC_003076.8:22463650-22464202	NC_003075.7	90.116	172	8	5	390	553	12365234	12365064	9.52e-55	215
NC_003076.8:22463650-22464202	NC_003075.7	87.755	147	14	3	5	151	9146441	9146583	7.51e-41	169
NC_003076.8:22463650-22464202	NC_003075.7	92.135	89	5	2	259	347	8725492	8725406	1.65e-27	124
NC_003076.8:22463650-22464202	NC_003075.7	82.946	129	12	6	432	553	11362820	11362945	1.66e-22	108
NC_003076.8:22463650-22464202	NC_003075.7	81.609	87	15	1	12	97	16188	16274	2.18e-11	71.3
NC_003076.8:22463650-22464202	NC_003074.8	90.909	561	29	14	12	553	10681949	10681392	0.0	734
NC_003076.8:22463650-22464202	NC_003074.8	91.057	492	23	13	82	553	18172764	18172274	0.0	645
NC_003076.8:22463650-22464202	NC_003074.8	88.235	408	36	8	155	553	8644935	8645339	1.10e-133	477
NC_003076.8:22463650-22464202	NC_003074.8	87.893	413	40	5	150	553	15918504	15918093	1.10e-133	477
NC_003076.8:22463650-22464202	NC_003074.8	88.953	172	10	5	390	553	11315381	11315551	2.06e-51	204
NC_003076.8:22463650-22464202	NC_003074.8	87.861	173	10	6	391	553	21552272	21552101	4.46e-48	193
NC_003076.8:22463650-22464202	NC_003074.8	89.899	99	7	3	6	104	7274659	7274754	1.65e-27	124
NC_003076.8:22463650-22464202	NC_003074.8	92.045	88	6	1	260	347	8644907	8644993	5.93e-27	122
NC_003076.8:22463650-22464202	NC_003074.8	82.946	129	12	6	432	553	22120532	22120657	1.66e-22	108
NC_003076.8:22463650-22464202	NC_003074.8	92.857	70	5	0	12	81	7318505	7318574	7.73e-21	102
NC_003076.8:22463650-22464202	NC_003074.8	80.620	129	14	7	433	553	9766482	9766357	6.02e-17	89.8
NC_003076.8:22463650-22464202	NC_003074.8	84.444	90	13	1	15	104	10718339	10718251	2.16e-16	87.9
NC_003076.8:22463650-22464202	NC_003074.8	94.340	53	3	0	21	73	18634492	18634440	1.01e-14	82.4
NC_003076.8:22463650-22464202	NC_003074.8	90.909	55	4	1	53	106	21694231	21694285	6.06e-12	73.1
NC_003076.8:23431529-23432884	NC_003076.8	100.000	1356	0	0	1	1356	23431529	23432884	0.0	2505
NC_003076.8:23431529-23432884	NC_003076.8	97.699	956	16	3	403	1356	24002378	24003329	0.0	1639
NC_003076.8:23431529-23432884	NC_003076.8	96.537	953	30	3	406	1356	7057089	7056138	0.0	1574
NC_003076.8:23431529-23432884	NC_003076.8	98.675	302	4	0	15	316	7057391	7057090	4.51e-151	536
NC_003076.8:23431529-23432884	NC_003076.8	95.364	302	10	1	15	316	24002083	24002380	2.77e-133	477
NC_003076.8:23431529-23432884	NC_003076.8	86.378	323	27	7	989	1307	10507301	10506992	4.91e-91	337
NC_003076.8:23431529-23432884	NC_003076.8	81.058	359	44	10	456	811	10510553	10510216	2.35e-69	265
NC_003076.8:23431529-23432884	NC_003076.8	85.787	197	17	9	128	316	10510779	10510586	2.42e-49	198
NC_003076.8:23431529-23432884	NC_003076.8	97.436	39	1	0	872	910	23432292	23432330	7.11e-10	67.6
NC_003076.8:23431529-23432884	NC_003074.8	99.851	1342	2	0	15	1356	17469786	17471127	0.0	2468
NC_003076.8:23431529-23432884	NC_003074.8	97.482	953	21	3	406	1356	10752067	10751116	0.0	1624
NC_003076.8:23431529-23432884	NC_003074.8	96.538	520	17	1	838	1356	18844185	18844704	0.0	859
NC_003076.8:23431529-23432884	NC_003074.8	97.567	411	7	2	403	812	18843788	18844196	0.0	701
NC_003076.8:23431529-23432884	NC_003074.8	98.344	302	5	0	15	316	18843489	18843790	2.10e-149	531
NC_003076.8:23431529-23432884	NC_003074.8	95.364	302	10	1	15	316	10752365	10752068	2.77e-133	477
NC_003076.8:23431529-23432884	NC_003074.8	97.436	39	1	0	872	910	17470535	17470573	7.11e-10	67.6
NC_003076.8:23431529-23432884	NC_003074.8	94.872	39	2	0	872	910	10751708	10751670	3.31e-08	62.1
NC_003076.8:23431529-23432884	NC_003074.8	94.872	39	2	0	872	910	18844148	18844186	3.31e-08	62.1
NC_003076.8:23431529-23432884	NC_003071.7	96.130	956	29	4	403	1356	15567106	15568055	0.0	1554
NC_003076.8:23431529-23432884	NC_003071.7	95.056	445	17	2	917	1356	8893981	8893537	0.0	695
NC_003076.8:23431529-23432884	NC_003071.7	93.404	379	8	3	406	780	8894864	8894499	7.49e-154	545
NC_003076.8:23431529-23432884	NC_003071.7	97.452	314	7	1	13	325	8895168	8894855	1.62e-150	534
NC_003076.8:23431529-23432884	NC_003071.7	94.006	317	13	3	1	316	15566797	15567108	9.97e-133	475
NC_003076.8:23431529-23432884	NC_003071.7	100.000	58	0	0	317	374	3438428	3438371	4.19e-22	108
NC_003076.8:23431529-23432884	NC_003071.7	97.436	39	1	0	872	910	15567465	15567503	7.11e-10	67.6
NC_003076.8:23431529-23432884	NC_003071.7	100.000	32	0	0	373	404	3441822	3441791	1.19e-07	60.2
NC_003076.8:23431529-23432884	NC_037304.1	100.000	58	0	0	317	374	1096	1153	4.19e-22	108
NC_003076.8:23431529-23432884	NC_037304.1	100.000	58	0	0	317	374	195293	195350	4.19e-22	108
NC_003076.8:23431529-23432884	NC_037304.1	100.000	32	0	0	373	404	191899	191930	1.19e-07	60.2
