NC_003070.9:2233817-2235168	NC_003070.9	100.000	1352	0	0	1	1352	2235168	2233817	0.0	2497
NC_003070.9:2233817-2235168	NC_003070.9	96.287	781	28	1	1	781	17552999	17552220	0.0	1280
NC_003070.9:2233817-2235168	NC_003070.9	95.396	782	32	4	1	781	14299843	14299065	0.0	1242
NC_003070.9:2233817-2235168	NC_003070.9	95.251	758	33	3	25	781	29320708	29319953	0.0	1197
NC_003070.9:2233817-2235168	NC_003070.9	94.118	782	42	4	2	781	6735864	6736643	0.0	1186
NC_003070.9:2233817-2235168	NC_003070.9	93.614	783	48	2	1	781	1977167	1976385	0.0	1168
NC_003070.9:2233817-2235168	NC_003070.9	93.982	781	30	6	1	781	19173803	19173040	0.0	1166
NC_003070.9:2233817-2235168	NC_003070.9	94.437	755	38	4	29	781	17255	18007	0.0	1158
NC_003070.9:2233817-2235168	NC_003070.9	94.444	756	37	5	29	781	3074698	3073945	0.0	1158
NC_003070.9:2233817-2235168	NC_003070.9	93.590	780	35	2	2	781	19085099	19085863	0.0	1149
NC_003070.9:2233817-2235168	NC_003070.9	93.470	781	36	2	1	781	8291572	8290807	0.0	1146
NC_003070.9:2233817-2235168	NC_003070.9	91.667	780	40	14	2	780	12855993	12855238	0.0	1057
NC_003070.9:2233817-2235168	NC_003070.9	93.012	644	42	3	140	780	26171245	26170602	0.0	937
NC_003070.9:2233817-2235168	NC_003070.9	92.846	643	41	5	140	780	19329031	19328392	0.0	928
NC_003070.9:2233817-2235168	NC_003070.9	92.379	643	45	4	140	780	30255288	30254648	0.0	913
NC_003070.9:2233817-2235168	NC_003070.9	92.068	643	46	4	138	777	17900095	17900735	0.0	900
NC_003070.9:2233817-2235168	NC_003070.9	91.463	656	45	11	140	789	12364370	12365020	0.0	891
NC_003070.9:2233817-2235168	NC_003070.9	91.311	656	47	10	140	789	12563847	12563196	0.0	887
NC_003070.9:2233817-2235168	NC_003070.9	91.732	641	48	5	140	777	7035426	7036064	0.0	885
NC_003070.9:2233817-2235168	NC_003070.9	91.499	647	49	4	138	780	9867193	9866549	0.0	885
NC_003070.9:2233817-2235168	NC_003070.9	91.337	658	41	14	140	789	23213901	23214550	0.0	885
NC_003070.9:2233817-2235168	NC_003070.9	91.324	657	41	13	140	789	16824753	16825400	0.0	883
NC_003070.9:2233817-2235168	NC_003070.9	95.788	546	23	0	5	550	18747045	18746500	0.0	881
NC_003070.9:2233817-2235168	NC_003070.9	94.118	578	33	1	773	1349	19086266	19086843	0.0	878
NC_003070.9:2233817-2235168	NC_003070.9	94.118	578	31	3	773	1349	8290079	8289504	0.0	876
NC_003070.9:2233817-2235168	NC_003070.9	90.895	659	44	15	140	789	19466714	19466063	0.0	870
NC_003070.9:2233817-2235168	NC_003070.9	93.772	578	35	1	773	1349	19172637	19172060	0.0	867
NC_003070.9:2233817-2235168	NC_003070.9	93.632	581	33	2	773	1349	17551768	17551188	0.0	865
NC_003070.9:2233817-2235168	NC_003070.9	90.687	655	47	9	140	781	16807222	16807875	0.0	859
NC_003070.9:2233817-2235168	NC_003070.9	90.578	658	47	13	140	789	16325679	16326329	0.0	857
NC_003070.9:2233817-2235168	NC_003070.9	91.250	640	37	7	140	777	11699931	11700553	0.0	854
NC_003070.9:2233817-2235168	NC_003070.9	90.980	643	39	3	140	780	30252872	30252247	0.0	848
NC_003070.9:2233817-2235168	NC_003070.9	90.839	644	38	5	140	780	22993826	22993201	0.0	843
NC_003070.9:2233817-2235168	NC_003070.9	90.683	644	39	5	140	780	12329819	12329194	0.0	837
NC_003070.9:2233817-2235168	NC_003070.9	90.484	641	39	6	140	777	13059058	13059679	0.0	826
NC_003070.9:2233817-2235168	NC_003070.9	93.967	547	31	2	773	1318	18745505	18744960	0.0	826
NC_003070.9:2233817-2235168	NC_003070.9	90.031	642	54	8	140	777	16904014	16904649	0.0	822
NC_003070.9:2233817-2235168	NC_003070.9	93.202	559	36	2	773	1330	1975649	1975092	0.0	821
NC_003070.9:2233817-2235168	NC_003070.9	90.172	641	43	4	140	777	19062199	19062822	0.0	817
NC_003070.9:2233817-2235168	NC_003070.9	90.172	641	41	9	140	777	8115005	8115626	0.0	815
NC_003070.9:2233817-2235168	NC_003070.9	89.907	644	45	4	140	780	9816445	9817071	0.0	811
NC_003070.9:2233817-2235168	NC_003070.9	89.752	644	44	6	140	780	11737157	11736533	0.0	804
NC_003070.9:2233817-2235168	NC_003070.9	89.736	643	45	5	140	780	19995499	19994876	0.0	802
NC_003070.9:2233817-2235168	NC_003070.9	90.686	612	38	7	168	777	19062922	19063516	0.0	797
NC_003070.9:2233817-2235168	NC_003070.9	89.760	625	50	9	140	750	16806377	16807001	0.0	787
NC_003070.9:2233817-2235168	NC_003070.9	91.522	578	37	3	773	1349	12854503	12853937	0.0	785
NC_003070.9:2233817-2235168	NC_003070.9	88.906	649	43	8	140	777	22450165	22450795	0.0	773
NC_003070.9:2233817-2235168	NC_003070.9	93.861	505	28	3	773	1275	14298239	14297736	0.0	758
NC_003070.9:2233817-2235168	NC_003070.9	88.665	644	42	5	140	780	501140	500525	0.0	756
NC_003070.9:2233817-2235168	NC_003070.9	89.848	591	41	3	140	729	4785682	4786254	0.0	741
NC_003070.9:2233817-2235168	NC_003070.9	89.000	600	49	12	145	732	13261968	13261374	0.0	726
NC_003070.9:2233817-2235168	NC_003070.9	89.668	542	36	4	241	780	13017571	13017048	0.0	673
NC_003070.9:2233817-2235168	NC_003070.9	94.783	345	17	1	437	781	23174139	23174482	4.50e-151	536
NC_003070.9:2233817-2235168	NC_003070.9	97.177	248	7	0	534	781	18746486	18746239	4.72e-116	420
NC_003070.9:2233817-2235168	NC_003070.9	87.569	362	25	4	418	777	18791324	18791667	1.71e-110	401
NC_003070.9:2233817-2235168	NC_003070.9	94.800	250	12	1	2	250	3074944	3074695	1.33e-106	388
NC_003070.9:2233817-2235168	NC_003070.9	92.692	260	14	5	2	259	19995734	19995478	4.83e-101	370
NC_003070.9:2233817-2235168	NC_003070.9	92.692	260	14	5	2	259	23213666	23213922	4.83e-101	370
NC_003070.9:2233817-2235168	NC_003070.9	91.954	261	16	5	1	259	30253108	30252851	2.90e-98	361
NC_003070.9:2233817-2235168	NC_003070.9	91.923	260	16	5	2	259	8114770	8115026	1.04e-97	359
NC_003070.9:2233817-2235168	NC_003070.9	91.923	260	16	5	2	259	16824518	16824774	1.04e-97	359
NC_003070.9:2233817-2235168	NC_003070.9	94.068	236	11	3	2	235	3910601	3910367	1.35e-96	355
NC_003070.9:2233817-2235168	NC_003070.9	91.571	261	16	6	1	259	19061964	19062220	1.35e-96	355
NC_003070.9:2233817-2235168	NC_003070.9	91.538	260	17	5	2	259	12364135	12364391	4.86e-96	353
NC_003070.9:2233817-2235168	NC_003070.9	91.538	260	17	5	2	259	19466949	19466693	4.86e-96	353
NC_003070.9:2233817-2235168	NC_003070.9	91.188	261	18	5	1	259	15939322	15939579	6.29e-95	350
NC_003070.9:2233817-2235168	NC_003070.9	91.188	261	16	6	2	259	9816210	9816466	2.26e-94	348
NC_003070.9:2233817-2235168	NC_003070.9	91.154	260	17	6	2	259	12330053	12329798	2.26e-94	348
NC_003070.9:2233817-2235168	NC_003070.9	93.590	234	14	1	140	372	22622071	22621838	2.26e-94	348
NC_003070.9:2233817-2235168	NC_003070.9	91.154	260	18	5	2	259	26171480	26171224	2.26e-94	348
NC_003070.9:2233817-2235168	NC_003070.9	90.805	261	18	6	2	259	11737393	11737136	2.92e-93	344
NC_003070.9:2233817-2235168	NC_003070.9	90.805	261	18	6	1	259	22449930	22450186	2.92e-93	344
NC_003070.9:2233817-2235168	NC_003070.9	90.805	261	17	6	1	259	11699697	11699952	1.05e-92	342
NC_003070.9:2233817-2235168	NC_003070.9	90.769	260	18	6	2	259	18790927	18791182	1.05e-92	342
NC_003070.9:2233817-2235168	NC_003070.9	91.600	250	16	5	1	248	23554440	23554194	3.78e-92	340
NC_003070.9:2233817-2235168	NC_003070.9	90.385	260	20	5	2	259	16325444	16325700	4.89e-91	337
NC_003070.9:2233817-2235168	NC_003070.9	90.347	259	19	6	2	258	25963257	25963003	1.76e-90	335
NC_003070.9:2233817-2235168	NC_003070.9	89.655	261	21	6	1	259	22622306	22622050	2.95e-88	327
NC_003070.9:2233817-2235168	NC_003070.9	89.615	260	21	6	2	259	12564081	12563826	1.06e-87	326
NC_003070.9:2233817-2235168	NC_003070.9	89.272	261	20	8	2	259	22994060	22993805	4.93e-86	320
NC_003070.9:2233817-2235168	NC_003070.9	89.575	259	13	5	2	259	9867414	9867169	6.38e-85	316
NC_003070.9:2233817-2235168	NC_003070.9	88.672	256	18	6	6	259	19329256	19329010	1.79e-80	302
NC_003070.9:2233817-2235168	NC_003070.9	87.597	258	18	5	2	258	8490194	8489950	5.00e-76	287
NC_003070.9:2233817-2235168	NC_003070.9	86.538	260	16	9	2	259	4785461	4785703	1.81e-70	268
NC_003070.9:2233817-2235168	NC_003070.9	94.253	174	9	1	140	312	18791161	18791334	2.34e-69	265
NC_003070.9:2233817-2235168	NC_003070.9	84.231	260	15	9	2	259	16903800	16904035	8.55e-59	230
NC_003070.9:2233817-2235168	NC_003070.9	76.694	369	57	16	997	1349	13634768	13634413	3.14e-43	178
NC_003070.9:2233817-2235168	NC_003070.9	94.845	97	3	2	1257	1352	14296525	14296430	6.84e-35	150
NC_003070.9:2233817-2235168	NC_003070.9	75.068	369	55	19	1005	1349	19736229	19736584	5.33e-31	137
NC_003070.9:2233817-2235168	NC_003070.9	100.000	70	0	0	1280	1349	23175136	23175205	8.92e-29	130
NC_003070.9:2233817-2235168	NC_003070.9	97.143	70	2	0	1280	1349	18661	18730	1.93e-25	119
NC_003070.9:2233817-2235168	NC_003070.9	91.250	80	7	0	3	82	30251767	30251688	1.16e-22	110
NC_003070.9:2233817-2235168	NC_003070.9	94.286	70	4	0	1280	1349	6737296	6737365	4.18e-22	108
NC_003070.9:2233817-2235168	NC_003070.9	90.361	83	6	2	1	82	12876929	12876848	4.18e-22	108
NC_003070.9:2233817-2235168	NC_003070.9	90.123	81	8	0	2	82	18790103	18790183	1.50e-21	106
NC_003070.9:2233817-2235168	NC_003070.9	90.000	80	8	0	3	82	22992721	22992642	5.40e-21	104
NC_003070.9:2233817-2235168	NC_003070.9	90.000	80	7	1	3	82	12328714	12328636	1.94e-20	102
NC_003070.9:2233817-2235168	NC_003070.9	89.024	82	7	2	2	82	3413553	3413633	6.99e-20	100
NC_003070.9:2233817-2235168	NC_003070.9	88.889	81	9	0	2	82	16998955	16998875	6.99e-20	100
NC_003070.9:2233817-2235168	NC_003070.9	87.500	88	8	3	5	92	22621378	22621294	2.51e-19	99.0
NC_003070.9:2233817-2235168	NC_003070.9	85.366	82	10	2	2	82	19724755	19724835	7.04e-15	84.2
NC_003070.9:2233817-2235168	NC_003070.9	97.297	37	1	0	1280	1316	29319300	29319264	9.17e-09	63.9
NC_003070.9:2233817-2235168	NC_003071.7	99.259	1349	10	0	2	1350	19196757	19195409	0.0	2436
NC_003070.9:2233817-2235168	NC_003071.7	96.031	781	28	1	1	781	12556204	12555427	0.0	1267
NC_003070.9:2233817-2235168	NC_003071.7	95.396	782	34	2	1	781	1460926	1460146	0.0	1243
NC_003070.9:2233817-2235168	NC_003071.7	94.223	779	32	6	6	781	10469076	10468308	0.0	1177
NC_003070.9:2233817-2235168	NC_003071.7	93.974	780	31	3	2	781	5467004	5466241	0.0	1166
NC_003070.9:2233817-2235168	NC_003071.7	96.192	709	22	4	1	709	6099529	6100232	0.0	1155
NC_003070.9:2233817-2235168	NC_003071.7	91.083	785	39	12	2	785	11399377	11398623	0.0	1033
NC_003070.9:2233817-2235168	NC_003071.7	93.897	639	37	2	140	777	13267150	13267787	0.0	963
NC_003070.9:2233817-2235168	NC_003071.7	92.702	644	44	3	140	780	6925142	6924499	0.0	926
NC_003070.9:2233817-2235168	NC_003071.7	92.547	644	42	6	138	777	12801226	12801867	0.0	918
NC_003070.9:2233817-2235168	NC_003071.7	92.073	656	42	10	140	789	14334020	14334671	0.0	915
NC_003070.9:2233817-2235168	NC_003071.7	94.027	586	25	6	773	1352	5465501	5464920	0.0	880
NC_003070.9:2233817-2235168	NC_003071.7	94.118	578	32	2	773	1349	12554611	12554035	0.0	878
NC_003070.9:2233817-2235168	NC_003071.7	93.814	582	31	3	773	1350	10467856	10467276	0.0	870
NC_003070.9:2233817-2235168	NC_003071.7	90.426	658	48	13	140	789	542543	543193	0.0	852
NC_003070.9:2233817-2235168	NC_003071.7	92.943	581	38	3	773	1352	1459422	1458844	0.0	843
NC_003070.9:2233817-2235168	NC_003071.7	90.062	644	43	5	140	780	7154501	7153876	0.0	815
NC_003070.9:2233817-2235168	NC_003071.7	89.875	642	43	6	140	777	500220	500843	0.0	806
NC_003070.9:2233817-2235168	NC_003071.7	89.767	645	45	5	140	780	12094189	12093562	0.0	806
NC_003070.9:2233817-2235168	NC_003071.7	89.628	646	47	4	138	780	13337846	13337218	0.0	804
NC_003070.9:2233817-2235168	NC_003071.7	89.660	648	43	6	140	780	17254998	17254368	0.0	804
NC_003070.9:2233817-2235168	NC_003071.7	89.457	645	47	3	140	780	11286904	11286277	0.0	795
NC_003070.9:2233817-2235168	NC_003071.7	88.975	644	50	5	140	780	396420	395795	0.0	776
NC_003070.9:2233817-2235168	NC_003071.7	91.146	576	28	4	775	1349	6102174	6102727	0.0	760
NC_003070.9:2233817-2235168	NC_003071.7	89.621	607	40	6	140	741	707676	708264	0.0	750
NC_003070.9:2233817-2235168	NC_003071.7	93.317	419	26	2	773	1190	5843055	5842638	1.56e-175	617
NC_003070.9:2233817-2235168	NC_003071.7	94.933	375	14	4	14	386	5843961	5843590	5.69e-165	582
NC_003070.9:2233817-2235168	NC_003071.7	94.766	363	13	2	2	363	6384054	6383697	2.67e-158	560
NC_003070.9:2233817-2235168	NC_003071.7	93.989	366	22	0	984	1349	6084961	6085326	1.24e-156	555
NC_003070.9:2233817-2235168	NC_003071.7	95.122	246	12	0	536	781	6383692	6383447	1.33e-106	388
NC_003070.9:2233817-2235168	NC_003071.7	91.103	281	18	6	775	1055	6084700	6084973	3.73e-102	374
NC_003070.9:2233817-2235168	NC_003071.7	92.337	261	15	5	1	259	499984	500241	6.24e-100	366
NC_003070.9:2233817-2235168	NC_003071.7	92.337	261	15	5	1	259	13908722	13908465	6.24e-100	366
NC_003070.9:2233817-2235168	NC_003071.7	91.538	260	17	5	2	259	7154736	7154480	4.86e-96	353
NC_003070.9:2233817-2235168	NC_003071.7	91.221	262	17	6	1	259	12094426	12094168	1.75e-95	351
NC_003070.9:2233817-2235168	NC_003071.7	91.188	261	18	4	1	259	542307	542564	6.29e-95	350
NC_003070.9:2233817-2235168	NC_003071.7	91.154	260	18	5	2	259	6925377	6925121	2.26e-94	348
NC_003070.9:2233817-2235168	NC_003071.7	90.805	261	17	7	1	259	13338078	13337823	1.05e-92	342
NC_003070.9:2233817-2235168	NC_003071.7	89.615	260	22	5	2	259	14333785	14334041	1.06e-87	326
NC_003070.9:2233817-2235168	NC_003071.7	89.960	249	21	4	2	248	13266915	13267161	1.77e-85	318
NC_003070.9:2233817-2235168	NC_003071.7	92.056	214	16	1	1137	1349	11397698	11397485	6.42e-80	300
NC_003070.9:2233817-2235168	NC_003071.7	95.062	162	7	1	2	162	11287161	11287000	5.07e-66	254
NC_003070.9:2233817-2235168	NC_003071.7	91.463	82	7	0	1	82	3213355	3213274	8.98e-24	113
NC_003070.9:2233817-2235168	NC_003071.7	91.463	82	6	1	1	82	7111783	7111863	3.23e-23	111
NC_003070.9:2233817-2235168	NC_003071.7	89.130	92	5	5	2	92	2962805	2962718	1.16e-22	110
NC_003070.9:2233817-2235168	NC_003071.7	95.588	68	2	1	27	93	12555280	12555213	4.18e-22	108
NC_003070.9:2233817-2235168	NC_003071.7	89.412	85	7	2	2	86	3564382	3564464	1.50e-21	106
NC_003070.9:2233817-2235168	NC_003071.7	90.123	81	8	0	2	82	4024201	4024281	1.50e-21	106
NC_003070.9:2233817-2235168	NC_003071.7	91.139	79	5	2	1	78	7169525	7169448	1.50e-21	106
NC_003070.9:2233817-2235168	NC_003071.7	88.636	88	8	2	2	89	7814691	7814606	1.50e-21	106
NC_003070.9:2233817-2235168	NC_003071.7	89.024	82	9	0	1	82	980618	980537	1.94e-20	102
NC_003070.9:2233817-2235168	NC_003071.7	88.571	70	1	4	1280	1349	6382806	6382744	3.28e-13	78.7
NC_003070.9:2233817-2235168	NC_003076.8	98.591	1348	19	0	2	1349	19931558	19930211	0.0	2385
NC_003070.9:2233817-2235168	NC_003076.8	98.224	1351	19	3	2	1352	5129834	5128489	0.0	2357
NC_003070.9:2233817-2235168	NC_003076.8	95.262	781	36	1	1	781	14761184	14760405	0.0	1236
NC_003070.9:2233817-2235168	NC_003076.8	94.373	782	40	4	2	781	8682979	8683758	0.0	1197
NC_003070.9:2233817-2235168	NC_003076.8	94.381	783	35	6	2	781	15342696	15341920	0.0	1194
NC_003070.9:2233817-2235168	NC_003076.8	93.487	783	46	5	2	781	7711131	7711911	0.0	1158
NC_003070.9:2233817-2235168	NC_003076.8	93.350	782	41	5	2	780	13918790	13918017	0.0	1146
NC_003070.9:2233817-2235168	NC_003076.8	91.293	781	39	17	2	777	354140	354896	0.0	1038
NC_003070.9:2233817-2235168	NC_003076.8	93.594	640	38	3	140	777	8765944	8766582	0.0	952
NC_003070.9:2233817-2235168	NC_003076.8	93.323	644	38	5	138	777	17365257	17365899	0.0	946
NC_003070.9:2233817-2235168	NC_003076.8	93.210	648	37	5	140	780	19742382	19741735	0.0	946
NC_003070.9:2233817-2235168	NC_003076.8	93.146	642	40	3	140	780	20682172	20681534	0.0	939
NC_003070.9:2233817-2235168	NC_003076.8	92.535	643	41	5	140	777	11025557	11026197	0.0	915
NC_003070.9:2233817-2235168	NC_003076.8	92.224	643	41	5	140	780	14151059	14150424	0.0	902
NC_003070.9:2233817-2235168	NC_003076.8	91.743	654	40	5	140	780	5429827	5429175	0.0	896
NC_003070.9:2233817-2235168	NC_003076.8	92.163	638	39	11	132	760	21530313	21530948	0.0	891
NC_003070.9:2233817-2235168	NC_003076.8	91.615	644	46	5	140	780	24187678	24187040	0.0	883
NC_003070.9:2233817-2235168	NC_003076.8	94.128	579	32	2	773	1350	17956599	17957176	0.0	880
NC_003070.9:2233817-2235168	NC_003076.8	91.602	643	38	8	140	780	4781999	4781371	0.0	874
NC_003070.9:2233817-2235168	NC_003076.8	93.793	580	33	2	773	1349	20399259	20399838	0.0	869
NC_003070.9:2233817-2235168	NC_003076.8	91.135	643	37	4	140	780	9964782	9964158	0.0	854
NC_003070.9:2233817-2235168	NC_003076.8	91.135	643	38	3	140	780	17618450	17617825	0.0	854
NC_003070.9:2233817-2235168	NC_003076.8	90.411	657	46	12	140	781	9612816	9613470	0.0	848
NC_003070.9:2233817-2235168	NC_003076.8	94.265	558	26	5	226	781	19670974	19671527	0.0	848
NC_003070.9:2233817-2235168	NC_003076.8	90.839	644	37	6	140	780	20281750	20281126	0.0	843
NC_003070.9:2233817-2235168	NC_003076.8	90.669	643	38	4	140	777	18854200	18854825	0.0	835
NC_003070.9:2233817-2235168	NC_003076.8	90.640	641	39	5	140	777	4312768	4313390	0.0	832
NC_003070.9:2233817-2235168	NC_003076.8	92.734	578	39	3	773	1349	7712648	7713223	0.0	832
NC_003070.9:2233817-2235168	NC_003076.8	90.625	640	40	4	140	777	9590645	9591266	0.0	832
NC_003070.9:2233817-2235168	NC_003076.8	92.612	582	37	5	773	1351	13983747	13984325	0.0	832
NC_003070.9:2233817-2235168	NC_003076.8	90.358	643	41	6	140	780	14082601	14081978	0.0	824
NC_003070.9:2233817-2235168	NC_003076.8	92.561	578	37	2	773	1349	19672270	19672842	0.0	824
NC_003070.9:2233817-2235168	NC_003076.8	90.217	644	43	4	140	780	15606367	15605741	0.0	822
NC_003070.9:2233817-2235168	NC_003076.8	90.328	641	42	4	140	777	17775963	17776586	0.0	822
NC_003070.9:2233817-2235168	NC_003076.8	90.233	645	40	7	140	780	8746465	8745840	0.0	821
NC_003070.9:2233817-2235168	NC_003076.8	90.031	642	42	6	140	777	16356709	16357332	0.0	811
NC_003070.9:2233817-2235168	NC_003076.8	91.869	578	46	1	773	1349	8684514	8685091	0.0	806
NC_003070.9:2233817-2235168	NC_003076.8	91.537	579	39	2	773	1350	355636	356205	0.0	789
NC_003070.9:2233817-2235168	NC_003076.8	88.992	645	46	8	140	780	1898411	1897788	0.0	774
NC_003070.9:2233817-2235168	NC_003076.8	88.598	649	48	8	140	780	9559262	9558632	0.0	765
NC_003070.9:2233817-2235168	NC_003076.8	94.363	479	22	4	1	476	25264510	25264986	0.0	730
NC_003070.9:2233817-2235168	NC_003076.8	96.694	363	11	1	2	363	3020196	3019834	4.37e-171	603
NC_003070.9:2233817-2235168	NC_003076.8	91.707	410	28	6	140	545	7154204	7153797	2.06e-159	564
NC_003070.9:2233817-2235168	NC_003076.8	95.221	272	11	2	2	272	17955555	17955825	7.85e-119	429
NC_003070.9:2233817-2235168	NC_003076.8	95.935	246	10	0	536	781	3019829	3019584	6.15e-110	399
NC_003070.9:2233817-2235168	NC_003076.8	92.692	260	14	5	2	259	9965017	9964761	4.83e-101	370
NC_003070.9:2233817-2235168	NC_003076.8	92.308	260	15	5	2	259	9590410	9590666	2.25e-99	364
NC_003070.9:2233817-2235168	NC_003076.8	91.923	260	16	5	2	259	21530089	21530345	1.04e-97	359
NC_003070.9:2233817-2235168	NC_003076.8	91.571	261	17	5	1	259	14151295	14151038	1.35e-96	355
NC_003070.9:2233817-2235168	NC_003076.8	91.538	260	16	6	2	259	15606601	15606346	4.86e-96	353
NC_003070.9:2233817-2235168	NC_003076.8	91.188	261	17	5	2	259	8746701	8746444	6.29e-95	350
NC_003070.9:2233817-2235168	NC_003076.8	91.154	260	18	5	2	259	7154439	7154183	2.26e-94	348
NC_003070.9:2233817-2235168	NC_003076.8	90.805	261	18	6	1	259	14082836	14082580	2.92e-93	344
NC_003070.9:2233817-2235168	NC_003076.8	90.769	260	19	5	2	259	19742617	19742361	1.05e-92	342
NC_003070.9:2233817-2235168	NC_003076.8	90.769	260	18	6	2	259	20281984	20281729	1.05e-92	342
NC_003070.9:2233817-2235168	NC_003076.8	90.421	261	20	5	1	259	17365024	17365281	1.36e-91	339
NC_003070.9:2233817-2235168	NC_003076.8	91.566	249	15	6	2	248	17796785	17796541	1.36e-91	339
NC_003070.9:2233817-2235168	NC_003076.8	95.610	205	9	0	577	781	20398316	20398520	8.19e-89	329
NC_003070.9:2233817-2235168	NC_003076.8	87.085	271	18	7	2	259	9559507	9559241	3.86e-77	291
NC_003070.9:2233817-2235168	NC_003076.8	86.957	276	14	8	1	259	18853951	18854221	3.86e-77	291
NC_003070.9:2233817-2235168	NC_003076.8	94.149	188	7	3	3	188	19670802	19670987	6.47e-75	283
NC_003070.9:2233817-2235168	NC_003076.8	86.154	260	17	7	2	259	11025336	11025578	8.43e-69	263
NC_003070.9:2233817-2235168	NC_003076.8	96.970	99	3	0	2	100	20398218	20398316	6.80e-40	167
NC_003070.9:2233817-2235168	NC_003076.8	98.611	72	1	0	1280	1351	15341283	15341212	3.21e-28	128
NC_003070.9:2233817-2235168	NC_003076.8	92.500	80	6	0	3	82	9591748	9591827	2.50e-24	115
NC_003070.9:2233817-2235168	NC_003076.8	95.775	71	3	0	1280	1350	13917362	13917292	2.50e-24	115
NC_003070.9:2233817-2235168	NC_003076.8	91.463	82	7	0	1	82	5978054	5977973	8.98e-24	113
NC_003070.9:2233817-2235168	NC_003076.8	91.358	81	7	0	2	82	21777032	21776952	3.23e-23	111
NC_003070.9:2233817-2235168	NC_003076.8	89.011	91	7	3	2	92	15043428	15043341	1.16e-22	110
NC_003070.9:2233817-2235168	NC_003076.8	91.250	80	7	0	3	82	20280646	20280567	1.16e-22	110
NC_003070.9:2233817-2235168	NC_003076.8	90.244	82	6	2	2	82	9133953	9134033	1.50e-21	106
NC_003070.9:2233817-2235168	NC_003076.8	86.047	86	9	3	2	86	13982135	13982218	1.51e-16	89.8
NC_003070.9:2233817-2235168	NC_003074.8	95.495	777	33	2	5	780	9559680	9558905	0.0	1240
NC_003070.9:2233817-2235168	NC_003074.8	95.402	783	29	7	1	781	20485141	20484364	0.0	1240
NC_003070.9:2233817-2235168	NC_003074.8	95.116	778	32	6	4	781	5622033	5622804	0.0	1221
NC_003070.9:2233817-2235168	NC_003074.8	95.967	719	28	1	64	781	16879867	16880585	0.0	1166
NC_003070.9:2233817-2235168	NC_003074.8	94.573	737	36	4	29	762	1371151	1370416	0.0	1136
NC_003070.9:2233817-2235168	NC_003074.8	93.775	755	43	4	29	781	2630001	2629249	0.0	1131
NC_003070.9:2233817-2235168	NC_003074.8	90.176	794	63	10	1	781	3716341	3717132	0.0	1020
NC_003070.9:2233817-2235168	NC_003074.8	93.498	646	33	9	140	781	18746423	18747063	0.0	952
NC_003070.9:2233817-2235168	NC_003074.8	93.023	645	41	4	140	780	10821211	10820567	0.0	939
NC_003070.9:2233817-2235168	NC_003074.8	91.768	656	44	10	140	789	17063008	17062357	0.0	904
NC_003070.9:2233817-2235168	NC_003074.8	91.298	655	44	5	140	781	9890241	9890895	0.0	881
NC_003070.9:2233817-2235168	NC_003074.8	94.118	578	33	1	773	1349	5623547	5624124	0.0	878
NC_003070.9:2233817-2235168	NC_003074.8	93.599	578	36	1	773	1349	20483623	20483046	0.0	861
NC_003070.9:2233817-2235168	NC_003074.8	90.769	650	39	5	140	781	16173058	16172422	0.0	848
NC_003070.9:2233817-2235168	NC_003074.8	90.625	640	40	6	140	777	15937521	15938142	0.0	832
NC_003070.9:2233817-2235168	NC_003074.8	90.528	644	40	9	140	780	17301044	17300419	0.0	832
NC_003070.9:2233817-2235168	NC_003074.8	93.548	558	32	3	773	1329	16881319	16881873	0.0	828
NC_003070.9:2233817-2235168	NC_003074.8	90.469	640	40	5	140	777	11536069	11536689	0.0	824
NC_003070.9:2233817-2235168	NC_003074.8	89.752	644	46	4	140	780	17277580	17276954	0.0	806
NC_003070.9:2233817-2235168	NC_003074.8	89.844	640	44	5	140	777	20786634	20787254	0.0	802
NC_003070.9:2233817-2235168	NC_003074.8	89.580	643	46	5	140	780	5745687	5745064	0.0	797
NC_003070.9:2233817-2235168	NC_003074.8	89.661	590	41	4	140	726	9386113	9385541	0.0	734
NC_003070.9:2233817-2235168	NC_003074.8	89.845	581	42	5	773	1352	20486181	20485617	0.0	730
NC_003070.9:2233817-2235168	NC_003074.8	89.340	591	44	3	140	729	16451021	16451593	0.0	725
NC_003070.9:2233817-2235168	NC_003074.8	87.676	641	46	10	140	777	22118838	22119448	0.0	715
NC_003070.9:2233817-2235168	NC_003074.8	96.262	428	14	2	2	428	10862401	10862827	0.0	701
NC_003070.9:2233817-2235168	NC_003074.8	86.454	657	38	35	140	789	7996401	7995789	0.0	673
NC_003070.9:2233817-2235168	NC_003074.8	91.879	431	18	7	1	429	20487143	20486728	4.40e-166	586
NC_003070.9:2233817-2235168	NC_003074.8	94.278	367	20	1	984	1349	17396345	17395979	2.67e-158	560
NC_003070.9:2233817-2235168	NC_003074.8	91.471	340	25	4	444	781	10404825	10405162	2.15e-129	464
NC_003070.9:2233817-2235168	NC_003074.8	95.486	288	11	2	1	287	17397301	17397015	1.00e-127	459
NC_003070.9:2233817-2235168	NC_003074.8	92.429	317	22	2	1034	1349	8188933	8189248	1.68e-125	451
NC_003070.9:2233817-2235168	NC_003074.8	94.286	280	16	0	773	1052	10863382	10863661	7.85e-119	429
NC_003070.9:2233817-2235168	NC_003074.8	87.293	362	26	4	418	777	16562050	16562393	7.96e-109	396
NC_003070.9:2233817-2235168	NC_003074.8	92.308	260	15	5	2	259	7996636	7996380	2.25e-99	364
NC_003070.9:2233817-2235168	NC_003074.8	92.308	260	14	6	2	259	17277814	17277559	2.25e-99	364
NC_003070.9:2233817-2235168	NC_003074.8	91.954	261	16	5	1	259	15937285	15937542	2.90e-98	361
NC_003070.9:2233817-2235168	NC_003074.8	89.547	287	26	3	775	1061	17396609	17396327	2.90e-98	361
NC_003070.9:2233817-2235168	NC_003074.8	91.538	260	16	5	2	259	17301278	17301023	4.86e-96	353
NC_003070.9:2233817-2235168	NC_003074.8	91.154	260	18	5	2	259	20786399	20786655	2.26e-94	348
NC_003070.9:2233817-2235168	NC_003074.8	92.000	250	14	5	1	247	11200623	11200869	8.13e-94	346
NC_003070.9:2233817-2235168	NC_003074.8	90.038	261	20	6	1	259	16561653	16561909	6.33e-90	333
NC_003070.9:2233817-2235168	NC_003074.8	90.038	261	19	7	2	259	10821446	10821190	2.28e-89	331
NC_003070.9:2233817-2235168	NC_003074.8	88.889	261	14	6	1	259	11535843	11536090	3.84e-82	307
NC_003070.9:2233817-2235168	NC_003074.8	87.356	261	18	10	1	259	22118612	22118859	1.80e-75	285
NC_003070.9:2233817-2235168	NC_003074.8	95.954	173	6	1	609	781	9385008	9385179	8.37e-74	279
NC_003070.9:2233817-2235168	NC_003074.8	86.923	260	15	6	2	259	17063229	17062987	3.89e-72	274
NC_003070.9:2233817-2235168	NC_003074.8	86.923	260	15	6	2	259	17144490	17144248	3.89e-72	274
NC_003070.9:2233817-2235168	NC_003074.8	93.491	169	10	1	1182	1349	10865881	10866049	6.56e-65	250
NC_003070.9:2233817-2235168	NC_003074.8	94.558	147	8	0	1050	1196	10865705	10865851	3.07e-58	228
NC_003070.9:2233817-2235168	NC_003074.8	98.131	107	2	0	2	108	16879751	16879857	5.22e-46	187
NC_003070.9:2233817-2235168	NC_003074.8	76.111	360	57	15	998	1349	15293225	15293563	3.16e-38	161
NC_003070.9:2233817-2235168	NC_003074.8	98.507	67	1	0	1283	1349	9558269	9558203	1.93e-25	119
NC_003070.9:2233817-2235168	NC_003074.8	92.683	82	4	2	2	82	18018781	18018861	6.94e-25	117
NC_003070.9:2233817-2235168	NC_003074.8	92.593	81	4	2	3	82	17299939	17299860	2.50e-24	115
NC_003070.9:2233817-2235168	NC_003074.8	89.247	93	7	2	1	93	13327433	13327522	8.98e-24	113
NC_003070.9:2233817-2235168	NC_003074.8	91.358	81	7	0	2	82	18412154	18412234	3.23e-23	111
NC_003070.9:2233817-2235168	NC_003074.8	89.412	85	8	1	2	86	16419144	16419227	1.50e-21	106
NC_003070.9:2233817-2235168	NC_003074.8	95.312	64	3	0	2	65	10557346	10557283	1.94e-20	102
NC_003070.9:2233817-2235168	NC_003074.8	94.000	50	2	1	1280	1329	1369776	1369728	4.24e-12	75.0
NC_003070.9:2233817-2235168	NC_003075.7	94.777	785	30	10	2	781	7060698	7059920	0.0	1212
NC_003070.9:2233817-2235168	NC_003075.7	93.231	783	36	4	1	781	9438784	9439551	0.0	1136
NC_003070.9:2233817-2235168	NC_003075.7	93.214	781	36	4	2	781	314269	313505	0.0	1133
NC_003070.9:2233817-2235168	NC_003075.7	93.002	643	43	2	140	780	1001772	1001130	0.0	937
NC_003070.9:2233817-2235168	NC_003075.7	92.969	640	39	6	140	776	8063845	8064481	0.0	928
NC_003070.9:2233817-2235168	NC_003075.7	92.391	644	43	6	140	780	10397150	10396510	0.0	913
NC_003070.9:2233817-2235168	NC_003075.7	94.983	578	27	2	773	1349	6178999	6179575	0.0	905
NC_003070.9:2233817-2235168	NC_003075.7	94.983	578	28	1	773	1349	7059180	7058603	0.0	905
NC_003070.9:2233817-2235168	NC_003075.7	91.770	644	44	7	140	781	2621774	2621138	0.0	887
NC_003070.9:2233817-2235168	NC_003075.7	95.281	551	25	1	2	552	6178448	6178997	0.0	872
NC_003070.9:2233817-2235168	NC_003075.7	93.115	581	36	3	773	1351	312778	312200	0.0	848
NC_003070.9:2233817-2235168	NC_003075.7	92.919	579	39	2	773	1349	6280970	6281548	0.0	841
NC_003070.9:2233817-2235168	NC_003075.7	90.781	640	38	5	140	777	4146361	4146981	0.0	835
NC_003070.9:2233817-2235168	NC_003075.7	90.484	641	40	5	140	777	1349820	1350442	0.0	826
NC_003070.9:2233817-2235168	NC_003075.7	91.680	613	26	6	2	613	6279022	6279610	0.0	826
NC_003070.9:2233817-2235168	NC_003075.7	93.841	552	26	8	773	1316	9439956	9440507	0.0	824
NC_003070.9:2233817-2235168	NC_003075.7	90.031	642	43	5	140	777	11361104	11361728	0.0	811
NC_003070.9:2233817-2235168	NC_003075.7	89.891	643	44	11	140	780	8730218	8729595	0.0	808
NC_003070.9:2233817-2235168	NC_003075.7	89.752	644	45	5	140	780	5541154	5540529	0.0	804
NC_003070.9:2233817-2235168	NC_003075.7	92.613	555	34	6	138	689	9763582	9763032	0.0	791
NC_003070.9:2233817-2235168	NC_003075.7	92.586	553	33	7	140	689	9842373	9841826	0.0	787
NC_003070.9:2233817-2235168	NC_003075.7	90.017	591	40	3	140	729	16864836	16864264	0.0	747
NC_003070.9:2233817-2235168	NC_003075.7	92.077	366	21	1	984	1349	5355366	5355723	9.80e-143	508
NC_003070.9:2233817-2235168	NC_003075.7	94.464	289	12	3	1	287	5354113	5354399	1.01e-122	442
NC_003070.9:2233817-2235168	NC_003075.7	90.747	281	24	2	775	1055	5355100	5355378	3.73e-102	374
NC_003070.9:2233817-2235168	NC_003075.7	92.337	261	15	5	1	259	1002008	1001751	6.24e-100	366
NC_003070.9:2233817-2235168	NC_003075.7	91.923	260	16	5	2	259	8730453	8730197	1.04e-97	359
NC_003070.9:2233817-2235168	NC_003075.7	91.538	260	16	6	2	259	11360870	11361125	4.86e-96	353
NC_003070.9:2233817-2235168	NC_003075.7	92.400	250	14	5	1	248	7853534	7853288	1.75e-95	351
NC_003070.9:2233817-2235168	NC_003075.7	91.154	260	18	5	2	259	9763814	9763558	2.26e-94	348
NC_003070.9:2233817-2235168	NC_003075.7	91.188	261	15	7	2	259	16865070	16864815	2.26e-94	348
NC_003070.9:2233817-2235168	NC_003075.7	90.805	261	19	5	1	259	5541390	5541133	2.92e-93	344
NC_003070.9:2233817-2235168	NC_003075.7	90.805	261	19	5	1	259	9842609	9842352	2.92e-93	344
NC_003070.9:2233817-2235168	NC_003075.7	90.494	263	14	11	2	259	4146126	4146382	4.89e-91	337
NC_003070.9:2233817-2235168	NC_003075.7	83.746	283	23	14	276	548	3897173	3896904	8.49e-64	246
NC_003070.9:2233817-2235168	NC_003075.7	93.750	144	5	3	1	143	8063576	8063716	8.61e-54	213
NC_003070.9:2233817-2235168	NC_003075.7	96.809	94	3	0	611	704	6280372	6280465	4.09e-37	158
NC_003070.9:2233817-2235168	NC_003075.7	91.463	82	5	2	2	82	2520884	2520964	3.23e-23	111
NC_003070.9:2233817-2235168	NC_003075.7	89.024	82	9	0	1	82	372087	372006	1.94e-20	102
NC_003070.9:2233817-2235168	NC_003075.7	87.805	82	10	0	1	82	14390989	14390908	9.04e-19	97.1
NC_003070.9:2233817-2235168	NC_003075.7	86.420	81	11	0	2	82	6166464	6166384	1.51e-16	89.8
NC_003070.9:4785461-4787263	NC_003070.9	100.000	1803	0	0	1	1803	4785461	4787263	0.0	3330
NC_003070.9:4785461-4787263	NC_003070.9	95.800	1000	39	2	796	1795	15940182	15941178	0.0	1611
NC_003070.9:4785461-4787263	NC_003070.9	94.810	1002	49	3	796	1795	16904864	16905864	0.0	1559
NC_003070.9:4785461-4787263	NC_003070.9	95.487	975	40	3	799	1770	8115844	8116817	0.0	1554
NC_003070.9:4785461-4787263	NC_003070.9	94.705	1001	46	4	799	1795	11700730	11701727	0.0	1548
NC_003070.9:4785461-4787263	NC_003070.9	94.240	1007	49	8	799	1801	19994675	19993674	0.0	1530
NC_003070.9:4785461-4787263	NC_003070.9	93.756	1009	57	3	794	1797	7036285	7037292	0.0	1509
NC_003070.9:4785461-4787263	NC_003070.9	93.731	1005	55	5	794	1796	22451008	22452006	0.0	1500
NC_003070.9:4785461-4787263	NC_003070.9	93.619	1003	54	7	796	1795	13059901	13060896	0.0	1489
NC_003070.9:4785461-4787263	NC_003070.9	93.254	1008	60	8	799	1800	19768988	19767983	0.0	1478
NC_003070.9:4785461-4787263	NC_003070.9	93.042	1006	62	7	796	1796	18791863	18792865	0.0	1463
NC_003070.9:4785461-4787263	NC_003070.9	93.373	996	49	4	805	1796	19466071	19465089	0.0	1458
NC_003070.9:4785461-4787263	NC_003070.9	93.093	999	53	3	802	1797	12365009	12365994	0.0	1448
NC_003070.9:4785461-4787263	NC_003070.9	92.935	1005	51	8	794	1795	13016838	13015851	0.0	1445
NC_003070.9:4785461-4787263	NC_003070.9	93.014	1002	48	12	799	1795	26170379	26169395	0.0	1443
NC_003070.9:4785461-4787263	NC_003070.9	92.979	997	53	4	802	1795	16825388	16826370	0.0	1437
NC_003070.9:4785461-4787263	NC_003070.9	92.907	1001	52	5	802	1799	23214539	23215523	0.0	1437
NC_003070.9:4785461-4787263	NC_003070.9	92.900	1000	51	6	802	1795	16326318	16327303	0.0	1435
NC_003070.9:4785461-4787263	NC_003070.9	92.505	1014	57	11	796	1803	28161332	28162332	0.0	1434
NC_003070.9:4785461-4787263	NC_003070.9	92.292	1012	63	10	796	1803	3413850	3414850	0.0	1423
NC_003070.9:4785461-4787263	NC_003070.9	92.522	1003	56	4	796	1796	9817290	9818275	0.0	1419
NC_003070.9:4785461-4787263	NC_003070.9	92.600	1000	55	6	802	1799	12563207	12562225	0.0	1419
NC_003070.9:4785461-4787263	NC_003070.9	90.954	1006	67	6	796	1797	17900959	17901944	0.0	1332
NC_003070.9:4785461-4787263	NC_003070.9	90.927	1003	68	5	799	1797	9866325	9865342	0.0	1327
NC_003070.9:4785461-4787263	NC_003070.9	94.938	810	25	3	1	794	30253107	30252298	0.0	1254
NC_003070.9:4785461-4787263	NC_003070.9	94.802	808	28	3	1	794	11699698	11700505	0.0	1247
NC_003070.9:4785461-4787263	NC_003070.9	94.757	801	39	2	996	1795	19063794	19064592	0.0	1243
NC_003070.9:4785461-4787263	NC_003070.9	94.458	812	24	13	1	794	8114770	8115578	0.0	1230
NC_003070.9:4785461-4787263	NC_003070.9	95.256	780	29	6	799	1575	30254425	30253651	0.0	1229
NC_003070.9:4785461-4787263	NC_003070.9	94.314	809	31	3	1	794	12330053	12329245	0.0	1225
NC_003070.9:4785461-4787263	NC_003070.9	94.198	810	30	7	1	794	13058823	13059631	0.0	1219
NC_003070.9:4785461-4787263	NC_003070.9	93.951	810	33	3	1	794	9816210	9817019	0.0	1210
NC_003070.9:4785461-4787263	NC_003070.9	93.951	810	33	4	1	794	19061965	19062774	0.0	1210
NC_003070.9:4785461-4787263	NC_003070.9	94.154	804	23	7	1	788	16903800	16904595	0.0	1203
NC_003070.9:4785461-4787263	NC_003070.9	93.820	809	34	3	1	794	19995734	19994927	0.0	1203
NC_003070.9:4785461-4787263	NC_003070.9	93.588	811	33	5	1	794	22994060	22993252	0.0	1192
NC_003070.9:4785461-4787263	NC_003070.9	93.687	792	46	4	1005	1796	23876482	23877269	0.0	1182
NC_003070.9:4785461-4787263	NC_003070.9	93.218	811	37	4	1	794	11737393	11736584	0.0	1177
NC_003070.9:4785461-4787263	NC_003070.9	93.032	818	33	11	1	794	22449931	22450748	0.0	1173
NC_003070.9:4785461-4787263	NC_003070.9	92.840	810	29	6	1	794	501372	500576	0.0	1147
NC_003070.9:4785461-4787263	NC_003070.9	92.382	827	28	13	1	794	12364135	12364959	0.0	1146
NC_003070.9:4785461-4787263	NC_003070.9	91.898	827	33	5	1	794	7035191	7036016	0.0	1125
NC_003070.9:4785461-4787263	NC_003070.9	92.019	827	27	8	1	794	16824518	16825338	0.0	1125
NC_003070.9:4785461-4787263	NC_003070.9	92.996	771	48	6	1025	1795	19328001	19327237	0.0	1120
NC_003070.9:4785461-4787263	NC_003070.9	91.687	830	28	11	1	794	23213666	23214490	0.0	1112
NC_003070.9:4785461-4787263	NC_003070.9	91.546	828	36	8	1	794	26171480	26170653	0.0	1110
NC_003070.9:4785461-4787263	NC_003070.9	91.565	818	42	9	1	794	9867414	9866600	0.0	1103
NC_003070.9:4785461-4787263	NC_003070.9	91.336	831	31	11	1	794	19466949	19466123	0.0	1098
NC_003070.9:4785461-4787263	NC_003070.9	91.041	826	41	15	1	794	12564081	12563257	0.0	1085
NC_003070.9:4785461-4787263	NC_003070.9	91.052	827	39	6	1	794	17899863	17900687	0.0	1085
NC_003070.9:4785461-4787263	NC_003070.9	91.130	823	31	19	5	794	19329256	19328443	0.0	1077
NC_003070.9:4785461-4787263	NC_003070.9	90.843	830	36	9	1	794	16325444	16326269	0.0	1075
NC_003070.9:4785461-4787263	NC_003070.9	90.909	814	39	6	14	794	30255510	30254699	0.0	1061
NC_003070.9:4785461-4787263	NC_003070.9	92.440	754	35	12	799	1535	11736332	11735584	0.0	1057
NC_003070.9:4785461-4787263	NC_003070.9	94.652	617	28	3	799	1412	16998243	16997629	0.0	952
NC_003070.9:4785461-4787263	NC_003070.9	94.498	618	29	3	799	1412	12876630	12876014	0.0	948
NC_003070.9:4785461-4787263	NC_003070.9	87.515	833	62	19	1	794	16806150	16806979	0.0	924
NC_003070.9:4785461-4787263	NC_003070.9	86.714	843	57	20	1	795	16806989	16807824	0.0	885
NC_003070.9:4785461-4787263	NC_003070.9	93.344	601	28	7	1198	1797	499960	499371	0.0	878
NC_003070.9:4785461-4787263	NC_003070.9	95.421	546	23	2	251	794	19062923	19063468	0.0	869
NC_003070.9:4785461-4787263	NC_003070.9	91.176	646	46	7	1159	1796	14309405	14308763	0.0	867
NC_003070.9:4785461-4787263	NC_003070.9	85.714	840	61	26	1	794	13262203	13261377	0.0	832
NC_003070.9:4785461-4787263	NC_003070.9	92.740	551	33	6	1257	1803	8489951	8489404	0.0	789
NC_003070.9:4785461-4787263	NC_003070.9	92.870	547	33	6	1257	1799	25963004	25962460	0.0	789
NC_003070.9:4785461-4787263	NC_003070.9	90.678	590	35	4	222	793	17552860	17552273	0.0	767
NC_003070.9:4785461-4787263	NC_003070.9	90.034	592	38	5	222	794	14299705	14299116	0.0	747
NC_003070.9:4785461-4787263	NC_003070.9	95.148	474	20	3	323	794	13017571	13017099	0.0	745
NC_003070.9:4785461-4787263	NC_003070.9	89.848	591	41	3	222	794	2235029	2234440	0.0	741
NC_003070.9:4785461-4787263	NC_003070.9	89.696	592	41	4	222	794	1977027	1976437	0.0	737
NC_003070.9:4785461-4787263	NC_003070.9	89.679	591	40	5	222	794	29320592	29320005	0.0	734
NC_003070.9:4785461-4787263	NC_003070.9	89.340	591	43	4	222	794	6736003	6736591	0.0	725
NC_003070.9:4785461-4787263	NC_003070.9	91.370	533	32	4	1271	1803	18790338	18790856	0.0	717
NC_003070.9:4785461-4787263	NC_003070.9	89.020	592	44	5	222	794	3074585	3073996	0.0	713
NC_003070.9:4785461-4787263	NC_003070.9	89.465	579	39	10	233	792	19173667	19173092	0.0	712
NC_003070.9:4785461-4787263	NC_003070.9	88.832	591	45	5	222	794	17368	17955	0.0	706
NC_003070.9:4785461-4787263	NC_003070.9	88.966	580	44	4	233	794	8291436	8290859	0.0	699
NC_003070.9:4785461-4787263	NC_003070.9	94.143	461	12	2	1	446	15939323	15939783	0.0	688
NC_003070.9:4785461-4787263	NC_003070.9	88.448	580	39	10	233	794	12855858	12855289	0.0	675
NC_003070.9:4785461-4787263	NC_003070.9	91.667	468	25	2	1	454	22622305	22621838	0.0	636
NC_003070.9:4785461-4787263	NC_003070.9	93.447	412	23	4	1394	1803	23554190	23553781	1.26e-172	608
NC_003070.9:4785461-4787263	NC_003070.9	93.627	408	12	7	1	394	18790927	18791334	2.73e-169	597
NC_003070.9:4785461-4787263	NC_003070.9	93.120	407	27	1	222	628	18746910	18746505	9.80e-169	595
NC_003070.9:4785461-4787263	NC_003070.9	94.034	352	18	2	794	1142	500315	499964	2.80e-149	531
NC_003070.9:4785461-4787263	NC_003070.9	94.408	304	15	2	1005	1307	22992366	22992064	8.02e-130	466
NC_003070.9:4785461-4787263	NC_003070.9	94.949	297	12	3	500	794	18791324	18791619	1.04e-128	462
NC_003070.9:4785461-4787263	NC_003070.9	93.836	292	16	2	1005	1295	22621025	22620735	1.75e-121	438
NC_003070.9:4785461-4787263	NC_003070.9	94.097	288	16	1	1005	1292	12328360	12328074	6.29e-121	436
NC_003070.9:4785461-4787263	NC_003070.9	92.105	304	22	2	1005	1307	30251412	30251110	3.78e-118	427
NC_003070.9:4785461-4787263	NC_003070.9	93.156	263	8	5	799	1057	12328971	12328715	3.87e-103	377
NC_003070.9:4785461-4787263	NC_003070.9	94.309	246	9	3	1	242	8490194	8489950	1.80e-101	372
NC_003070.9:4785461-4787263	NC_003070.9	91.791	268	12	5	794	1057	22992983	22992722	3.01e-99	364
NC_003070.9:4785461-4787263	NC_003070.9	92.015	263	11	5	799	1057	22621637	22621381	3.89e-98	361
NC_003070.9:4785461-4787263	NC_003070.9	92.015	263	11	5	799	1057	30252024	30251768	3.89e-98	361
NC_003070.9:4785461-4787263	NC_003070.9	89.455	275	14	6	1	260	23554439	23554165	8.49e-90	333
NC_003070.9:4785461-4787263	NC_003070.9	90.980	255	10	4	1	242	25963257	25963003	3.05e-89	331
NC_003070.9:4785461-4787263	NC_003070.9	91.057	246	17	5	1	243	19085099	19085342	3.95e-88	327
NC_003070.9:4785461-4787263	NC_003070.9	90.650	246	17	5	1	244	12855993	12855752	1.84e-86	322
NC_003070.9:4785461-4787263	NC_003070.9	91.928	223	18	0	1573	1795	30253364	30253142	1.11e-83	313
NC_003070.9:4785461-4787263	NC_003070.9	90.871	241	8	5	1	228	3910601	3910362	3.98e-83	311
NC_003070.9:4785461-4787263	NC_003070.9	89.024	246	20	7	1	243	19173802	19173561	3.10e-79	298
NC_003070.9:4785461-4787263	NC_003070.9	86.538	260	16	9	1	243	2235167	2234910	2.43e-70	268
NC_003070.9:4785461-4787263	NC_003070.9	86.538	260	16	9	1	243	17552998	17552741	2.43e-70	268
NC_003070.9:4785461-4787263	NC_003070.9	85.944	249	18	8	1	233	17009	17256	8.79e-65	250
NC_003070.9:4785461-4787263	NC_003070.9	85.944	249	18	8	1	233	3074944	3074697	8.79e-65	250
NC_003070.9:4785461-4787263	NC_003070.9	85.385	260	17	11	1	244	14299842	14299588	8.79e-65	250
NC_003070.9:4785461-4787263	NC_003070.9	93.413	167	9	1	802	966	19328166	19328000	1.14e-63	246
NC_003070.9:4785461-4787263	NC_003070.9	84.825	257	20	9	4	243	18747045	18746791	5.29e-62	241
NC_003070.9:4785461-4787263	NC_003070.9	95.683	139	5	1	657	794	15939781	15939919	1.92e-56	222
NC_003070.9:4785461-4787263	NC_003070.9	84.615	234	17	10	28	243	17255	17487	3.21e-54	215
NC_003070.9:4785461-4787263	NC_003070.9	83.966	237	20	9	24	243	29320708	29320473	4.15e-53	211
NC_003070.9:4785461-4787263	NC_003070.9	83.761	234	19	10	28	243	3074698	3074466	6.94e-51	204
NC_003070.9:4785461-4787263	NC_003070.9	93.827	81	3	2	2	81	30251767	30251688	7.19e-26	121
NC_003070.9:4785461-4787263	NC_003070.9	92.683	82	4	2	1	81	12876928	12876848	9.30e-25	117
NC_003070.9:4785461-4787263	NC_003070.9	92.683	82	4	2	1	81	18790103	18790183	9.30e-25	117
NC_003070.9:4785461-4787263	NC_003070.9	92.593	81	4	2	2	81	22992721	22992642	3.35e-24	115
NC_003070.9:4785461-4787263	NC_003070.9	92.593	81	3	3	2	81	12328714	12328636	1.20e-23	113
NC_003070.9:4785461-4787263	NC_003070.9	91.463	82	5	2	1	81	3413553	3413633	4.33e-23	111
NC_003070.9:4785461-4787263	NC_003070.9	91.463	82	5	2	1	81	16998955	16998875	4.33e-23	111
NC_003070.9:4785461-4787263	NC_003070.9	89.655	87	4	5	4	89	22621378	22621296	2.01e-21	106
NC_003070.9:4785461-4787263	NC_003070.9	86.585	82	9	2	1	81	19724755	19724835	2.03e-16	89.8
NC_003070.9:4785461-4787263	NC_003075.7	97.083	1817	39	2	1	1803	16865070	16863254	0.0	3049
NC_003070.9:4785461-4787263	NC_003075.7	95.996	999	37	3	799	1795	5540314	5539317	0.0	1620
NC_003070.9:4785461-4787263	NC_003075.7	94.622	1004	48	4	796	1796	1350657	1351657	0.0	1550
NC_003070.9:4785461-4787263	NC_003075.7	94.187	1015	52	5	794	1803	11361941	11362953	0.0	1541
NC_003070.9:4785461-4787263	NC_003075.7	94.411	1002	53	2	799	1797	8064705	8065706	0.0	1537
NC_003070.9:4785461-4787263	NC_003075.7	94.500	1000	50	4	799	1796	11193270	11192274	0.0	1537
NC_003070.9:4785461-4787263	NC_003075.7	94.118	1003	52	6	799	1799	8729394	8728397	0.0	1519
NC_003070.9:4785461-4787263	NC_003075.7	93.069	1010	53	6	796	1800	4147190	4148187	0.0	1461
NC_003070.9:4785461-4787263	NC_003075.7	92.423	1003	68	6	799	1796	371786	370787	0.0	1424
NC_003070.9:4785461-4787263	NC_003075.7	93.431	959	59	3	799	1755	1000910	999954	0.0	1419
NC_003070.9:4785461-4787263	NC_003075.7	92.155	1007	70	8	802	1803	6166161	6165159	0.0	1413
NC_003070.9:4785461-4787263	NC_003075.7	94.821	811	24	5	1	794	5541389	5540580	0.0	1249
NC_003070.9:4785461-4787263	NC_003075.7	94.328	811	29	6	1	794	11360870	11361680	0.0	1227
NC_003070.9:4785461-4787263	NC_003075.7	94.089	812	28	12	1	794	1349585	1350394	0.0	1216
NC_003070.9:4785461-4787263	NC_003075.7	94.074	810	30	5	1	794	4146126	4146933	0.0	1214
NC_003070.9:4785461-4787263	NC_003075.7	93.951	810	31	5	1	794	8730453	8729646	0.0	1208
NC_003070.9:4785461-4787263	NC_003075.7	93.687	792	48	2	1005	1796	683570	684359	0.0	1184
NC_003070.9:4785461-4787263	NC_003075.7	94.293	771	43	1	1026	1795	10396119	10395349	0.0	1179
NC_003070.9:4785461-4787263	NC_003075.7	91.536	827	37	4	1	794	1002007	1001181	0.0	1109
NC_003070.9:4785461-4787263	NC_003075.7	90.459	828	42	7	1	794	10397385	10396561	0.0	1057
NC_003070.9:4785461-4787263	NC_003075.7	90.967	786	36	10	1	754	9763814	9763032	0.0	1026
NC_003070.9:4785461-4787263	NC_003075.7	94.833	658	30	3	949	1605	965060	964406	0.0	1024
NC_003070.9:4785461-4787263	NC_003075.7	90.828	785	39	14	1	754	9842608	9841826	0.0	1020
NC_003070.9:4785461-4787263	NC_003075.7	90.958	741	29	8	89	794	8063697	8064434	0.0	963
NC_003070.9:4785461-4787263	NC_003075.7	86.386	830	65	18	1	794	2622006	2621189	0.0	863
NC_003070.9:4785461-4787263	NC_003075.7	90.525	591	35	8	222	794	314144	313557	0.0	761
NC_003070.9:4785461-4787263	NC_003075.7	89.545	593	37	8	222	794	7060559	7059972	0.0	728
NC_003070.9:4785461-4787263	NC_003075.7	89.691	582	36	12	233	795	9438920	9439496	0.0	721
NC_003070.9:4785461-4787263	NC_003075.7	90.449	534	38	9	1267	1797	14390783	14390260	0.0	691
NC_003070.9:4785461-4787263	NC_003075.7	93.596	406	25	1	222	627	6178585	6178989	1.63e-171	604
NC_003070.9:4785461-4787263	NC_003075.7	92.512	414	25	6	218	628	6279131	6279541	1.64e-166	588
NC_003070.9:4785461-4787263	NC_003075.7	91.733	375	18	6	1394	1767	7853284	7852922	1.31e-142	508
NC_003070.9:4785461-4787263	NC_003075.7	87.003	377	26	8	1	358	3898130	3897758	6.38e-111	403
NC_003070.9:4785461-4787263	NC_003075.7	90.182	275	12	6	1	260	7853533	7853259	3.92e-93	344
NC_003070.9:4785461-4787263	NC_003075.7	76.018	663	111	27	1112	1766	7572217	7572839	8.61e-80	300
NC_003070.9:4785461-4787263	NC_003075.7	88.163	245	17	6	1	243	6279022	6279256	3.12e-74	281
NC_003070.9:4785461-4787263	NC_003075.7	79.901	403	64	15	1211	1606	7593705	7593313	1.12e-73	279
NC_003070.9:4785461-4787263	NC_003075.7	94.643	168	7	1	799	964	10396287	10396120	1.46e-67	259
NC_003070.9:4785461-4787263	NC_003075.7	85.714	259	18	8	1	244	7060698	7060444	1.89e-66	255
NC_003070.9:4785461-4787263	NC_003075.7	83.986	281	21	10	358	628	3897173	3896907	3.16e-64	248
NC_003070.9:4785461-4787263	NC_003075.7	93.413	167	9	1	799	963	965500	965334	1.14e-63	246
NC_003070.9:4785461-4787263	NC_003075.7	85.542	249	17	7	1	233	5354114	5354359	1.47e-62	243
NC_003070.9:4785461-4787263	NC_003075.7	84.615	260	20	11	1	243	6178448	6178704	5.29e-62	241
NC_003070.9:4785461-4787263	NC_003075.7	84.274	248	30	8	1	243	314269	314026	8.85e-60	233
NC_003070.9:4785461-4787263	NC_003075.7	95.105	143	4	2	1	143	8063577	8063716	1.92e-56	222
NC_003070.9:4785461-4787263	NC_003075.7	89.157	166	17	1	626	790	3893999	3893834	1.93e-51	206
NC_003070.9:4785461-4787263	NC_003075.7	75.484	465	86	19	1303	1762	2262877	2262436	2.50e-50	202
NC_003070.9:4785461-4787263	NC_003075.7	75.768	293	63	8	1511	1800	12335548	12335835	5.52e-32	141
NC_003070.9:4785461-4787263	NC_003075.7	91.579	95	6	1	1195	1287	8802411	8802505	1.20e-28	130
NC_003070.9:4785461-4787263	NC_003075.7	93.902	82	3	2	1	81	2520884	2520964	2.00e-26	122
NC_003070.9:4785461-4787263	NC_003075.7	92.683	82	4	2	1	81	683213	683293	9.30e-25	117
NC_003070.9:4785461-4787263	NC_003075.7	91.463	82	5	2	1	81	372086	372006	4.33e-23	111
NC_003070.9:4785461-4787263	NC_003075.7	92.405	79	4	2	4	81	11193567	11193490	4.33e-23	111
NC_003070.9:4785461-4787263	NC_003075.7	90.244	82	6	2	1	81	14390988	14390908	2.01e-21	106
NC_003070.9:4785461-4787263	NC_003075.7	89.024	82	7	2	1	81	6166464	6166384	9.37e-20	100
NC_003070.9:4785461-4787263	NC_003074.8	97.125	1809	24	4	1	1795	16450786	16452580	0.0	3027
NC_003070.9:4785461-4787263	NC_003074.8	94.836	1007	48	3	794	1798	17276744	17275740	0.0	1568
NC_003070.9:4785461-4787263	NC_003074.8	93.444	1022	44	13	799	1803	17143454	17142439	0.0	1495
NC_003070.9:4785461-4787263	NC_003074.8	93.307	1001	57	5	796	1793	17730237	17731230	0.0	1469
NC_003070.9:4785461-4787263	NC_003074.8	93.220	1003	56	7	796	1795	20787454	20788447	0.0	1465
NC_003070.9:4785461-4787263	NC_003074.8	92.857	1008	59	8	794	1797	22119661	22120659	0.0	1450
NC_003070.9:4785461-4787263	NC_003074.8	93.381	982	53	12	800	1772	10820343	10819365	0.0	1443
NC_003070.9:4785461-4787263	NC_003074.8	93.131	990	46	8	796	1768	11536889	11537873	0.0	1432
NC_003070.9:4785461-4787263	NC_003074.8	92.871	996	56	2	802	1795	17062368	17061386	0.0	1432
NC_003070.9:4785461-4787263	NC_003074.8	93.639	959	58	2	799	1755	15938368	15939325	0.0	1430
NC_003070.9:4785461-4787263	NC_003074.8	91.932	1004	70	6	799	1797	17777070	17778067	0.0	1395
NC_003070.9:4785461-4787263	NC_003074.8	91.876	997	53	4	802	1795	7995800	7994829	0.0	1367
NC_003070.9:4785461-4787263	NC_003074.8	91.692	999	59	11	799	1795	9767333	9766357	0.0	1363
NC_003070.9:4785461-4787263	NC_003074.8	91.733	1004	49	7	799	1799	15452423	15451451	0.0	1363
NC_003070.9:4785461-4787263	NC_003074.8	91.016	1024	59	14	794	1793	16419438	16420452	0.0	1351
NC_003070.9:4785461-4787263	NC_003074.8	91.089	1010	59	16	796	1800	16562608	16563591	0.0	1338
NC_003070.9:4785461-4787263	NC_003074.8	95.094	795	37	2	1	794	17144490	17143697	0.0	1251
NC_003070.9:4785461-4787263	NC_003074.8	94.074	810	32	4	1	794	17277814	17277005	0.0	1216
NC_003070.9:4785461-4787263	NC_003074.8	94.067	809	33	3	1	794	17301278	17300470	0.0	1214
NC_003070.9:4785461-4787263	NC_003074.8	94.192	792	44	2	1005	1795	18412509	18413299	0.0	1206
NC_003070.9:4785461-4787263	NC_003074.8	93.820	809	34	3	1	794	20786399	20787206	0.0	1203
NC_003070.9:4785461-4787263	NC_003074.8	93.727	813	31	4	1	794	17063229	17062418	0.0	1201
NC_003070.9:4785461-4787263	NC_003074.8	94.066	792	46	1	1005	1795	18019136	18019927	0.0	1201
NC_003070.9:4785461-4787263	NC_003074.8	93.524	803	35	7	4	790	9386343	9385542	0.0	1179
NC_003070.9:4785461-4787263	NC_003074.8	93.210	810	38	5	1	794	5745923	5745115	0.0	1175
NC_003070.9:4785461-4787263	NC_003074.8	93.267	802	42	11	1	794	11535844	11536641	0.0	1171
NC_003070.9:4785461-4787263	NC_003074.8	92.848	811	39	5	1	794	15937286	15938094	0.0	1158
NC_003070.9:4785461-4787263	NC_003074.8	92.830	795	50	6	1005	1795	13327791	13328582	0.0	1146
NC_003070.9:4785461-4787263	NC_003074.8	92.686	793	55	3	1005	1796	3965358	3966148	0.0	1140
NC_003070.9:4785461-4787263	NC_003074.8	92.169	830	28	8	1	794	10821446	10820618	0.0	1138
NC_003070.9:4785461-4787263	NC_003074.8	92.987	770	36	4	799	1565	11503461	11502707	0.0	1107
NC_003070.9:4785461-4787263	NC_003074.8	93.182	748	48	2	1052	1799	10556872	10556128	0.0	1096
NC_003070.9:4785461-4787263	NC_003074.8	91.677	805	29	10	1	789	22118613	22119395	0.0	1081
NC_003070.9:4785461-4787263	NC_003074.8	91.388	778	48	3	1026	1803	15485279	15484521	0.0	1048
NC_003070.9:4785461-4787263	NC_003074.8	91.989	749	48	6	1052	1799	10575084	10574347	0.0	1040
NC_003070.9:4785461-4787263	NC_003074.8	93.607	657	36	6	1147	1802	5744486	5743835	0.0	976
NC_003070.9:4785461-4787263	NC_003074.8	94.677	620	29	3	796	1412	10320685	10321303	0.0	959
NC_003070.9:4785461-4787263	NC_003074.8	87.838	814	52	22	1	794	7996636	7995850	0.0	911
NC_003070.9:4785461-4787263	NC_003074.8	92.926	622	37	4	1176	1796	9384380	9383765	0.0	898
NC_003070.9:4785461-4787263	NC_003074.8	89.568	671	41	13	147	794	18746347	18747011	0.0	824
NC_003070.9:4785461-4787263	NC_003074.8	85.749	814	65	26	1	794	16879751	16880533	0.0	813
NC_003070.9:4785461-4787263	NC_003074.8	85.611	827	54	38	1	794	9890049	9890843	0.0	808
NC_003070.9:4785461-4787263	NC_003074.8	90.355	591	37	4	222	794	9559544	9558956	0.0	758
NC_003070.9:4785461-4787263	NC_003074.8	90.186	591	33	9	222	794	5622169	5622752	0.0	747
NC_003070.9:4785461-4787263	NC_003074.8	89.376	593	37	9	222	794	20485002	20484416	0.0	723
NC_003070.9:4785461-4787263	NC_003074.8	89.020	592	44	8	222	794	1371038	1370449	0.0	713
NC_003070.9:4785461-4787263	NC_003074.8	88.494	591	47	5	222	794	2629888	2629301	0.0	695
NC_003070.9:4785461-4787263	NC_003074.8	88.147	599	38	11	222	790	3716481	3717076	0.0	682
NC_003070.9:4785461-4787263	NC_003074.8	87.664	608	35	12	213	794	16173067	16172474	0.0	671
NC_003070.9:4785461-4787263	NC_003074.8	94.737	380	16	2	799	1176	5744864	5744487	1.64e-166	588
NC_003070.9:4785461-4787263	NC_003074.8	94.488	381	17	2	799	1177	11967953	11968331	2.12e-165	584
NC_003070.9:4785461-4787263	NC_003074.8	93.137	408	13	8	1	394	16561654	16562060	2.12e-165	584
NC_003070.9:4785461-4787263	NC_003074.8	94.135	341	17	2	794	1131	9384722	9384382	7.85e-145	516
NC_003070.9:4785461-4787263	NC_003074.8	94.631	298	13	3	499	794	16562049	16562345	1.34e-127	459
NC_003070.9:4785461-4787263	NC_003074.8	93.399	303	19	1	1005	1307	17299583	17299282	2.90e-124	448
NC_003070.9:4785461-4787263	NC_003074.8	93.772	289	17	1	222	510	10862540	10862827	8.13e-120	433
NC_003070.9:4785461-4787263	NC_003074.8	91.437	327	7	9	1	306	11200624	11200950	1.05e-118	429
NC_003070.9:4785461-4787263	NC_003074.8	92.361	288	22	0	1509	1796	11968331	11968618	3.81e-113	411
NC_003070.9:4785461-4787263	NC_003074.8	90.526	285	20	6	228	511	20487006	20486728	6.47e-101	370
NC_003070.9:4785461-4787263	NC_003074.8	95.238	231	11	0	1529	1759	11200950	11201180	8.37e-100	366
NC_003070.9:4785461-4787263	NC_003074.8	91.635	263	12	5	799	1057	17300196	17299940	1.81e-96	355
NC_003070.9:4785461-4787263	NC_003074.8	89.804	255	13	4	1	242	18584738	18584992	3.07e-84	315
NC_003070.9:4785461-4787263	NC_003074.8	88.583	254	15	5	1554	1795	8757570	8757821	1.11e-78	296
NC_003070.9:4785461-4787263	NC_003074.8	85.417	288	12	5	1005	1292	1571723	1571980	1.88e-71	272
NC_003070.9:4785461-4787263	NC_003074.8	86.590	261	16	8	1	243	3716342	3716601	6.75e-71	270
NC_003070.9:4785461-4787263	NC_003074.8	86.400	250	24	7	1	243	20487142	20486896	3.14e-69	265
NC_003070.9:4785461-4787263	NC_003074.8	94.706	170	5	2	799	964	15485449	15485280	4.06e-68	261
NC_003070.9:4785461-4787263	NC_003074.8	85.603	257	19	9	4	243	9559680	9559425	6.80e-66	254
NC_003070.9:4785461-4787263	NC_003074.8	85.328	259	21	6	1	243	17397300	17397043	2.44e-65	252
NC_003070.9:4785461-4787263	NC_003074.8	84.615	260	22	12	1	243	10862401	10862659	1.47e-62	243
NC_003070.9:4785461-4787263	NC_003074.8	91.954	174	11	2	789	959	10557056	10556883	5.29e-62	241
NC_003070.9:4785461-4787263	NC_003074.8	97.458	118	3	0	673	790	15452795	15452678	2.50e-50	202
NC_003070.9:4785461-4787263	NC_003074.8	95.122	82	2	2	1	81	18018781	18018861	4.30e-28	128
NC_003070.9:4785461-4787263	NC_003074.8	95.062	81	2	2	2	81	17299939	17299860	1.55e-27	126
NC_003070.9:4785461-4787263	NC_003074.8	93.902	82	3	2	1	81	13327434	13327514	2.00e-26	122
NC_003070.9:4785461-4787263	NC_003074.8	93.902	82	3	2	1	81	18412154	18412234	2.00e-26	122
NC_003070.9:4785461-4787263	NC_003074.8	91.860	86	4	3	1	85	16419144	16419227	9.30e-25	117
NC_003070.9:4785461-4787263	NC_003074.8	90.000	90	4	5	1	89	9767629	9767544	4.33e-23	111
NC_003070.9:4785461-4787263	NC_003074.8	91.463	82	5	2	1	81	10557346	10557266	4.33e-23	111
NC_003070.9:4785461-4787263	NC_003074.8	91.463	82	5	2	1	81	11503761	11503681	4.33e-23	111
NC_003070.9:4785461-4787263	NC_003074.8	91.463	82	5	2	1	81	17729940	17730020	4.33e-23	111
NC_003070.9:4785461-4787263	NC_003074.8	89.157	83	6	3	1	81	17776769	17776850	9.37e-20	100
NC_003070.9:4785461-4787263	NC_003076.8	89.502	1867	89	22	1	1801	21530089	21531914	0.0	2263
NC_003070.9:4785461-4787263	NC_003076.8	96.807	971	31	0	796	1766	18854919	18855889	0.0	1622
NC_003070.9:4785461-4787263	NC_003076.8	94.810	1002	43	7	799	1795	1897573	1896576	0.0	1554
NC_003070.9:4785461-4787263	NC_003076.8	94.605	1001	48	5	799	1796	9963943	9962946	0.0	1544
NC_003070.9:4785461-4787263	NC_003076.8	94.439	1007	50	4	799	1803	15043128	15042126	0.0	1544
NC_003070.9:4785461-4787263	NC_003076.8	94.158	1010	49	8	799	1803	20681311	20680307	0.0	1530
NC_003070.9:4785461-4787263	NC_003076.8	94.223	1004	51	6	799	1800	8745618	8744620	0.0	1526
NC_003070.9:4785461-4787263	NC_003076.8	93.900	1000	54	6	799	1795	16357549	16358544	0.0	1502
NC_003070.9:4785461-4787263	NC_003076.8	93.651	1008	54	8	799	1803	24186817	24185817	0.0	1498
NC_003070.9:4785461-4787263	NC_003076.8	93.472	1011	58	7	799	1803	24476291	24475283	0.0	1495
NC_003070.9:4785461-4787263	NC_003076.8	93.532	1005	62	2	799	1801	19741512	19740509	0.0	1493
NC_003070.9:4785461-4787263	NC_003076.8	93.625	1004	54	9	799	1795	14081763	14080763	0.0	1491
NC_003070.9:4785461-4787263	NC_003076.8	93.307	1016	50	6	799	1797	22231964	22230950	0.0	1483
NC_003070.9:4785461-4787263	NC_003076.8	93.513	1002	54	9	799	1795	8766808	8767803	0.0	1480
NC_003070.9:4785461-4787263	NC_003076.8	93.261	1009	60	7	794	1797	17776799	17777804	0.0	1480
NC_003070.9:4785461-4787263	NC_003076.8	93.155	1008	63	5	799	1803	5428952	5427948	0.0	1474
NC_003070.9:4785461-4787263	NC_003076.8	94.221	969	48	5	799	1760	5977753	5976786	0.0	1472
NC_003070.9:4785461-4787263	NC_003076.8	92.928	1004	66	4	796	1796	17366123	17367124	0.0	1456
NC_003070.9:4785461-4787263	NC_003076.8	93.086	998	62	5	800	1795	4313874	4314866	0.0	1454
NC_003070.9:4785461-4787263	NC_003076.8	93.864	929	51	4	871	1797	11026974	11027898	0.0	1395
NC_003070.9:4785461-4787263	NC_003076.8	91.502	1012	69	9	799	1795	8354210	8353201	0.0	1376
NC_003070.9:4785461-4787263	NC_003076.8	93.483	890	54	3	799	1686	14150201	14149314	0.0	1319
NC_003070.9:4785461-4787263	NC_003076.8	94.938	810	24	4	1	794	9965017	9964209	0.0	1253
NC_003070.9:4785461-4787263	NC_003076.8	94.438	809	29	4	1	794	20281984	20281177	0.0	1230
NC_003070.9:4785461-4787263	NC_003076.8	94.321	810	29	4	1	794	9590410	9591218	0.0	1225
NC_003070.9:4785461-4787263	NC_003076.8	93.961	828	17	8	1	797	18853952	18854777	0.0	1221
NC_003070.9:4785461-4787263	NC_003076.8	94.190	809	30	10	1	794	14082835	14082029	0.0	1218
NC_003070.9:4785461-4787263	NC_003076.8	94.096	813	27	10	1	794	8746701	8745891	0.0	1216
NC_003070.9:4785461-4787263	NC_003076.8	94.074	810	32	4	1	794	15606601	15605792	0.0	1216
NC_003070.9:4785461-4787263	NC_003076.8	93.812	808	45	4	996	1802	15605466	15604663	0.0	1210
NC_003070.9:4785461-4787263	NC_003076.8	93.341	826	26	8	1	797	9559507	9558682	0.0	1194
NC_003070.9:4785461-4787263	NC_003076.8	93.821	793	33	4	18	794	17775746	17776538	0.0	1179
NC_003070.9:4785461-4787263	NC_003076.8	93.210	810	37	11	1	794	1898645	1897838	0.0	1175
NC_003070.9:4785461-4787263	NC_003076.8	93.006	815	35	4	1	794	11025336	11026149	0.0	1170
NC_003070.9:4785461-4787263	NC_003076.8	94.730	759	24	3	52	794	17618634	17617876	0.0	1166
NC_003070.9:4785461-4787263	NC_003076.8	92.848	811	40	6	1	794	16356475	16357284	0.0	1160
NC_003070.9:4785461-4787263	NC_003076.8	93.256	771	51	1	1026	1795	4780980	4780210	0.0	1134
NC_003070.9:4785461-4787263	NC_003076.8	92.029	828	31	5	1	794	17365025	17365851	0.0	1131
NC_003070.9:4785461-4787263	NC_003076.8	91.898	827	33	5	1	794	8765709	8766534	0.0	1125
NC_003070.9:4785461-4787263	NC_003076.8	90.986	832	37	10	1	794	19742617	19741786	0.0	1086
NC_003070.9:4785461-4787263	NC_003076.8	90.920	826	39	6	1	794	20682406	20681585	0.0	1077
NC_003070.9:4785461-4787263	NC_003076.8	90.670	836	35	11	2	794	5430061	5429226	0.0	1072
NC_003070.9:4785461-4787263	NC_003076.8	90.689	827	37	7	1	794	14151294	14150475	0.0	1064
NC_003070.9:4785461-4787263	NC_003076.8	90.842	819	38	14	1	794	4782228	4781422	0.0	1062
NC_003070.9:4785461-4787263	NC_003076.8	95.619	662	24	5	137	794	4312682	4313342	0.0	1057
NC_003070.9:4785461-4787263	NC_003076.8	91.754	764	31	16	794	1553	10714717	10715452	0.0	1033
NC_003070.9:4785461-4787263	NC_003076.8	89.803	814	43	9	16	794	24187899	24187091	0.0	1007
NC_003070.9:4785461-4787263	NC_003076.8	93.703	667	23	11	1	650	7154439	7153775	0.0	981
NC_003070.9:4785461-4787263	NC_003076.8	94.693	603	28	4	1204	1803	7153775	7153174	0.0	933
NC_003070.9:4785461-4787263	NC_003076.8	87.755	833	58	23	1	794	9612591	9613418	0.0	933
NC_003070.9:4785461-4787263	NC_003076.8	93.432	609	38	2	1195	1803	25905017	25905623	0.0	902
NC_003070.9:4785461-4787263	NC_003076.8	90.709	592	33	6	222	794	8683118	8683706	0.0	769
NC_003070.9:4785461-4787263	NC_003076.8	89.865	592	39	6	222	794	7711270	7711859	0.0	741
NC_003070.9:4785461-4787263	NC_003076.8	89.848	591	40	4	222	794	14761045	14760457	0.0	741
NC_003070.9:4785461-4787263	NC_003076.8	89.509	591	42	4	222	794	5129697	5129109	0.0	730
NC_003070.9:4785461-4787263	NC_003076.8	89.340	591	44	3	222	794	19931420	19930831	0.0	725
NC_003070.9:4785461-4787263	NC_003076.8	89.171	591	41	7	224	794	15342559	15341972	0.0	715
NC_003070.9:4785461-4787263	NC_003076.8	88.702	593	45	6	222	794	13918658	13918068	0.0	704
NC_003070.9:4785461-4787263	NC_003076.8	92.073	492	34	4	1305	1795	15576667	15576180	0.0	688
NC_003070.9:4785461-4787263	NC_003076.8	91.667	492	35	5	1305	1795	21776273	21775787	0.0	676
NC_003070.9:4785461-4787263	NC_003076.8	87.842	584	39	10	233	794	354275	354848	0.0	656
NC_003070.9:4785461-4787263	NC_003076.8	92.274	453	25	6	1353	1803	9134290	9134734	2.08e-180	634
NC_003070.9:4785461-4787263	NC_003076.8	94.146	410	21	2	799	1206	15577125	15576717	1.62e-176	621
NC_003070.9:4785461-4787263	NC_003076.8	93.382	408	23	4	1394	1800	17796537	17796133	2.11e-170	601
NC_003070.9:4785461-4787263	NC_003076.8	93.171	410	26	1	799	1206	21776732	21776323	2.11e-170	601
NC_003070.9:4785461-4787263	NC_003076.8	88.757	507	32	8	308	794	19670974	19671475	2.73e-169	597
NC_003070.9:4785461-4787263	NC_003076.8	90.995	422	37	1	1375	1796	21584595	21584175	2.14e-160	568
NC_003070.9:4785461-4787263	NC_003076.8	91.471	340	25	4	222	559	25264649	25264986	2.88e-129	464
NC_003070.9:4785461-4787263	NC_003076.8	89.305	374	31	9	1431	1797	25264968	25265339	3.73e-128	460
NC_003070.9:4785461-4787263	NC_003076.8	93.421	304	18	2	1005	1307	9592102	9592404	8.08e-125	449
NC_003070.9:4785461-4787263	NC_003076.8	92.739	303	21	1	1005	1307	17617546	17617245	6.29e-121	436
NC_003070.9:4785461-4787263	NC_003076.8	93.750	288	17	1	1005	1292	20280291	20280005	2.93e-119	431
NC_003070.9:4785461-4787263	NC_003076.8	89.076	357	20	8	1	341	4312436	4312789	1.36e-117	425
NC_003070.9:4785461-4787263	NC_003076.8	92.776	263	9	5	799	1057	20280903	20280647	1.80e-101	372
NC_003070.9:4785461-4787263	NC_003076.8	92.075	265	12	4	796	1057	9591489	9591747	3.01e-99	364
NC_003070.9:4785461-4787263	NC_003076.8	94.093	237	7	5	799	1032	9558417	9558185	6.51e-96	353
NC_003070.9:4785461-4787263	NC_003076.8	89.781	274	14	6	1	260	17796785	17796512	1.82e-91	339
NC_003070.9:4785461-4787263	NC_003076.8	91.770	243	16	2	794	1034	4313610	4313850	2.36e-90	335
NC_003070.9:4785461-4787263	NC_003076.8	89.837	246	18	7	1	244	354140	354380	1.43e-82	309
NC_003070.9:4785461-4787263	NC_003076.8	86.957	253	22	8	1	243	13918790	13918539	5.22e-72	274
NC_003070.9:4785461-4787263	NC_003076.8	86.873	259	17	5	1	243	17955555	17955812	5.22e-72	274
NC_003070.9:4785461-4787263	NC_003076.8	86.770	257	19	8	1	243	15342696	15342441	1.88e-71	272
NC_003070.9:4785461-4787263	NC_003076.8	86.154	260	18	9	1	243	3020196	3019938	3.14e-69	265
NC_003070.9:4785461-4787263	NC_003076.8	94.545	165	6	2	802	964	4781145	4780982	2.44e-65	252
NC_003070.9:4785461-4787263	NC_003076.8	85.385	260	19	8	1	243	19931558	19931301	2.44e-65	252
NC_003070.9:4785461-4787263	NC_003076.8	84.615	260	22	8	1	243	25264511	25264769	1.47e-62	243
NC_003070.9:4785461-4787263	NC_003076.8	93.197	147	9	1	2	148	19670802	19670947	3.21e-54	215
NC_003070.9:4785461-4787263	NC_003076.8	94.000	100	5	1	1	100	20398218	20398316	9.17e-35	150
NC_003070.9:4785461-4787263	NC_003076.8	95.062	81	2	2	2	81	9591748	9591827	1.55e-27	126
NC_003070.9:4785461-4787263	NC_003076.8	93.902	82	3	2	1	81	5978053	5977973	2.00e-26	122
NC_003070.9:4785461-4787263	NC_003076.8	93.827	81	3	2	2	81	20280646	20280567	7.19e-26	121
NC_003070.9:4785461-4787263	NC_003076.8	92.683	82	4	2	1	81	9133953	9134033	9.30e-25	117
NC_003070.9:4785461-4787263	NC_003076.8	91.111	90	3	5	1	89	15043428	15043343	9.30e-25	117
NC_003070.9:4785461-4787263	NC_003076.8	91.463	82	5	2	1	81	24476591	24476511	4.33e-23	111
NC_003070.9:4785461-4787263	NC_003076.8	89.024	82	7	2	1	81	10714424	10714504	9.37e-20	100
NC_003070.9:4785461-4787263	NC_003076.8	88.506	87	5	5	1	85	13982135	13982218	9.37e-20	100
NC_003070.9:4785461-4787263	NC_003076.8	97.674	43	1	0	796	838	9592044	9592086	5.68e-12	75.0
NC_003070.9:4785461-4787263	NC_003071.7	94.821	1004	47	4	796	1795	501058	502060	0.0	1561
NC_003070.9:4785461-4787263	NC_003071.7	94.810	1002	47	4	799	1798	17254153	17253155	0.0	1557
NC_003070.9:4785461-4787263	NC_003071.7	94.489	998	49	5	799	1793	13907663	13906669	0.0	1533
NC_003070.9:4785461-4787263	NC_003071.7	93.657	1009	56	7	799	1803	395580	394576	0.0	1502
NC_003070.9:4785461-4787263	NC_003071.7	93.738	1006	55	6	796	1797	6663122	6664123	0.0	1502
NC_003070.9:4785461-4787263	NC_003071.7	93.234	1005	59	6	796	1795	12802094	12803094	0.0	1471
NC_003070.9:4785461-4787263	NC_003071.7	93.056	1008	50	7	802	1803	543182	544175	0.0	1456
NC_003070.9:4785461-4787263	NC_003071.7	93.100	1000	59	7	799	1795	13268013	13269005	0.0	1456
NC_003070.9:4785461-4787263	NC_003071.7	92.807	1001	64	6	799	1795	7814398	7813402	0.0	1443
NC_003070.9:4785461-4787263	NC_003071.7	92.758	1008	56	7	799	1803	6924276	6923283	0.0	1441
NC_003070.9:4785461-4787263	NC_003071.7	93.679	965	56	3	799	1761	12093363	12092402	0.0	1439
NC_003070.9:4785461-4787263	NC_003071.7	93.619	956	54	5	823	1776	6803425	6804375	0.0	1421
NC_003070.9:4785461-4787263	NC_003071.7	93.114	973	50	10	799	1769	14334657	14335614	0.0	1410
NC_003070.9:4785461-4787263	NC_003071.7	92.024	1003	74	5	799	1798	7169225	7168226	0.0	1404
NC_003070.9:4785461-4787263	NC_003071.7	94.072	894	47	4	913	1803	13336704	13335814	0.0	1352
NC_003070.9:4785461-4787263	NC_003071.7	97.125	800	21	2	801	1599	11286060	11285262	0.0	1349
NC_003070.9:4785461-4787263	NC_003071.7	95.460	815	19	5	1	797	17255233	17254419	0.0	1284
NC_003070.9:4785461-4787263	NC_003071.7	92.360	877	53	8	935	1803	7960700	7961570	0.0	1236
NC_003070.9:4785461-4787263	NC_003071.7	94.438	809	29	3	1	794	13908721	13907914	0.0	1230
NC_003070.9:4785461-4787263	NC_003071.7	94.342	813	25	13	1	794	499985	500795	0.0	1227
NC_003070.9:4785461-4787263	NC_003071.7	93.827	810	33	5	1	794	13338077	13337269	0.0	1203
NC_003070.9:4785461-4787263	NC_003071.7	93.569	793	49	2	1005	1797	7112140	7112930	0.0	1181
NC_003070.9:4785461-4787263	NC_003071.7	93.227	812	37	11	1	794	12094425	12093614	0.0	1179
NC_003070.9:4785461-4787263	NC_003071.7	93.210	810	39	3	1	794	7154736	7153927	0.0	1177
NC_003070.9:4785461-4787263	NC_003071.7	93.242	799	52	2	1005	1803	6101020	6100224	0.0	1175
NC_003070.9:4785461-4787263	NC_003071.7	92.734	812	40	6	1	794	707442	708252	0.0	1155
NC_003070.9:4785461-4787263	NC_003071.7	92.019	827	32	11	1	794	14333785	14334610	0.0	1131
NC_003070.9:4785461-4787263	NC_003071.7	91.525	826	37	10	1	794	13266915	13267739	0.0	1107
NC_003070.9:4785461-4787263	NC_003071.7	96.823	661	19	2	138	797	11286987	11286328	0.0	1103
NC_003070.9:4785461-4787263	NC_003071.7	91.304	828	36	9	1	794	12800994	12801819	0.0	1098
NC_003070.9:4785461-4787263	NC_003071.7	91.184	828	39	6	1	794	6925377	6924550	0.0	1094
NC_003070.9:4785461-4787263	NC_003071.7	90.602	830	38	17	1	794	542308	543133	0.0	1064
NC_003070.9:4785461-4787263	NC_003071.7	94.705	661	31	4	137	794	396505	395846	0.0	1024
NC_003070.9:4785461-4787263	NC_003071.7	94.083	676	34	5	1120	1793	709400	710071	0.0	1022
NC_003070.9:4785461-4787263	NC_003071.7	91.758	728	52	7	1070	1795	3213046	3212325	0.0	1005
NC_003070.9:4785461-4787263	NC_003071.7	91.371	591	32	3	222	794	12556068	12555479	0.0	791
NC_003070.9:4785461-4787263	NC_003071.7	90.877	570	32	5	222	774	6099666	6100232	0.0	747
NC_003070.9:4785461-4787263	NC_003071.7	90.290	587	34	7	228	794	10468943	10468360	0.0	747
NC_003070.9:4785461-4787263	NC_003071.7	89.679	591	42	3	222	794	19196619	19196030	0.0	736
NC_003070.9:4785461-4787263	NC_003071.7	90.000	580	38	4	233	794	5466870	5466293	0.0	732
NC_003070.9:4785461-4787263	NC_003071.7	89.358	592	42	5	222	794	1460787	1460198	0.0	725
NC_003070.9:4785461-4787263	NC_003071.7	93.246	459	28	3	1195	1652	3564666	3565122	0.0	673
NC_003070.9:4785461-4787263	NC_003071.7	87.842	584	43	19	218	794	11399241	11398679	0.0	660
NC_003070.9:4785461-4787263	NC_003071.7	93.976	332	16	3	799	1126	708506	708837	7.91e-140	499
NC_003070.9:4785461-4787263	NC_003071.7	95.833	288	11	1	1005	1292	4024558	4024844	2.88e-129	464
NC_003070.9:4785461-4787263	NC_003071.7	93.811	307	14	4	794	1097	13337008	13336704	4.83e-127	457
NC_003070.9:4785461-4787263	NC_003071.7	92.434	304	21	2	1005	1307	980261	979959	8.13e-120	433
NC_003070.9:4785461-4787263	NC_003071.7	93.725	255	16	0	1511	1765	3565124	3565378	8.31e-105	383
NC_003070.9:4785461-4787263	NC_003071.7	88.811	286	30	2	1520	1803	2962569	2962284	8.43e-95	350
NC_003070.9:4785461-4787263	NC_003071.7	87.402	254	19	9	1	242	6384054	6383802	1.12e-73	279
NC_003070.9:4785461-4787263	NC_003071.7	86.100	259	19	11	1	243	11399377	11399120	1.13e-68	263
NC_003070.9:4785461-4787263	NC_003071.7	86.047	258	19	12	1	243	6099530	6099785	4.06e-68	261
NC_003070.9:4785461-4787263	NC_003071.7	97.973	148	3	0	1	148	11287161	11287014	5.25e-67	257
NC_003070.9:4785461-4787263	NC_003071.7	85.769	260	18	9	1	243	19196757	19196500	5.25e-67	257
NC_003070.9:4785461-4787263	NC_003071.7	86.640	247	14	9	13	243	5843961	5843718	1.89e-66	255
NC_003070.9:4785461-4787263	NC_003071.7	84.942	259	20	9	1	242	1460925	1460669	4.09e-63	244
NC_003070.9:4785461-4787263	NC_003071.7	93.069	101	6	1	799	899	7960091	7960190	1.19e-33	147
NC_003070.9:4785461-4787263	NC_003071.7	93.902	82	3	2	1	81	3213354	3213274	2.00e-26	122
NC_003070.9:4785461-4787263	NC_003071.7	93.827	81	4	1	1	81	7111784	7111863	7.19e-26	121
NC_003070.9:4785461-4787263	NC_003071.7	91.111	90	3	5	1	89	2962805	2962720	9.30e-25	117
NC_003070.9:4785461-4787263	NC_003071.7	91.765	85	5	2	1	85	3564382	3564464	9.30e-25	117
NC_003070.9:4785461-4787263	NC_003071.7	92.683	82	4	2	1	81	4024201	4024281	9.30e-25	117
NC_003070.9:4785461-4787263	NC_003071.7	91.011	89	4	4	1	88	7814691	7814606	9.30e-25	117
NC_003070.9:4785461-4787263	NC_003071.7	93.590	78	3	2	1	77	7169524	7169448	3.35e-24	115
NC_003070.9:4785461-4787263	NC_003071.7	91.463	82	5	2	1	81	980617	980537	4.33e-23	111
NC_003070.9:4770115-4770665	NC_003070.9	100.000	551	0	0	1	551	4770665	4770115	0.0	1018
NC_003070.9:4770115-4770665	NC_003070.9	95.833	552	21	2	1	551	21918434	21918984	0.0	891
NC_003070.9:4770115-4770665	NC_003070.9	92.743	565	25	5	1	551	23125693	23125131	0.0	802
NC_003070.9:4770115-4770665	NC_003070.9	92.212	565	27	6	1	551	12097456	12098017	0.0	784
NC_003070.9:4770115-4770665	NC_003070.9	90.619	565	31	7	1	551	26511226	26510670	0.0	730
NC_003070.9:4770115-4770665	NC_003070.9	89.964	558	37	7	1	551	24645519	24646064	0.0	702
NC_003070.9:4770115-4770665	NC_003070.9	89.894	564	30	5	1	551	5899755	5899206	0.0	701
NC_003070.9:4770115-4770665	NC_003070.9	89.982	549	37	9	20	551	25779690	25780237	0.0	693
NC_003070.9:4770115-4770665	NC_003070.9	88.183	567	48	13	1	551	5862949	5863512	0.0	658
NC_003070.9:4770115-4770665	NC_003070.9	88.380	568	37	9	1	551	26880721	26881276	0.0	656
NC_003070.9:4770115-4770665	NC_003070.9	87.868	577	43	12	2	551	17502231	17502807	0.0	652
NC_003070.9:4770115-4770665	NC_003070.9	88.204	568	37	9	1	551	16401003	16400449	0.0	651
NC_003070.9:4770115-4770665	NC_003070.9	88.070	570	36	9	1	551	27240719	27241275	0.0	647
NC_003070.9:4770115-4770665	NC_003070.9	90.707	495	19	4	68	549	10930990	10931470	0.0	634
NC_003070.9:4770115-4770665	NC_003070.9	87.346	569	53	13	1	551	13495989	13495422	0.0	634
NC_003070.9:4770115-4770665	NC_003070.9	88.577	534	43	6	1	519	588027	587497	2.21e-180	632
NC_003070.9:4770115-4770665	NC_003070.9	87.324	568	42	7	1	551	540987	540433	1.33e-177	623
NC_003070.9:4770115-4770665	NC_003070.9	87.391	571	36	12	1	551	10591982	10591428	1.33e-177	623
NC_003070.9:4770115-4770665	NC_003070.9	88.192	542	34	17	1	515	6219140	6218602	1.72e-176	619
NC_003070.9:4770115-4770665	NC_003070.9	86.749	566	60	5	1	551	21739641	21739076	2.22e-175	616
NC_003070.9:4770115-4770665	NC_003070.9	87.102	566	42	14	1	551	19769024	19769573	2.88e-174	612
NC_003070.9:4770115-4770665	NC_003070.9	86.572	566	49	8	1	551	11732352	11732905	2.24e-170	599
NC_003070.9:4770115-4770665	NC_003070.9	86.332	578	46	15	1	551	13869873	13870444	2.24e-170	599
NC_003070.9:4770115-4770665	NC_003070.9	86.243	567	46	14	1	551	11804094	11803544	1.74e-166	586
NC_003070.9:4770115-4770665	NC_003070.9	86.243	567	44	15	1	551	10021962	10021414	6.27e-166	584
NC_003070.9:4770115-4770665	NC_003070.9	86.396	566	40	16	1	551	29244142	29244685	6.27e-166	584
NC_003070.9:4770115-4770665	NC_003070.9	85.714	567	44	16	1	551	22192007	22192552	8.17e-160	564
NC_003070.9:4770115-4770665	NC_003070.9	85.943	562	37	19	1	549	10853200	10852668	2.94e-159	562
NC_003070.9:4770115-4770665	NC_003070.9	85.362	567	52	10	1	551	20205905	20205354	3.80e-158	558
NC_003070.9:4770115-4770665	NC_003070.9	85.362	567	51	16	1	551	28891930	28891380	3.80e-158	558
NC_003070.9:4770115-4770665	NC_003070.9	85.138	545	59	9	1	528	4582998	4583537	4.95e-152	538
NC_003070.9:4770115-4770665	NC_003070.9	85.741	540	39	22	4	529	2986889	2986374	1.78e-151	536
NC_003070.9:4770115-4770665	NC_003070.9	88.532	436	35	8	2	422	2587832	2587397	8.35e-145	514
NC_003070.9:4770115-4770665	NC_003070.9	83.391	578	56	14	1	551	24718474	24719038	2.34e-140	499
NC_003070.9:4770115-4770665	NC_003070.9	92.340	235	15	3	319	551	21615530	21615297	9.02e-90	331
NC_003070.9:4770115-4770665	NC_003070.9	90.213	235	19	4	319	549	8622992	8622758	1.97e-81	303
NC_003070.9:4770115-4770665	NC_003070.9	89.451	237	21	4	319	551	10579905	10580141	3.29e-79	296
NC_003070.9:4770115-4770665	NC_003070.9	89.451	237	19	6	319	551	20166905	20166671	1.18e-78	294
NC_003070.9:4770115-4770665	NC_003070.9	89.030	237	22	4	319	551	11669593	11669357	1.53e-77	291
NC_003070.9:4770115-4770665	NC_003070.9	89.030	237	20	6	319	551	21128636	21128870	5.51e-77	289
NC_003070.9:4770115-4770665	NC_003070.9	87.805	246	14	5	309	551	2473131	2472899	1.54e-72	274
NC_003070.9:4770115-4770665	NC_003070.9	87.764	237	24	5	319	551	9418298	9418063	5.55e-72	272
NC_003070.9:4770115-4770665	NC_003070.9	88.688	221	21	4	319	535	3762754	3762974	2.58e-70	267
NC_003070.9:4770115-4770665	NC_003070.9	89.320	206	19	3	349	551	9384365	9384160	5.59e-67	255
NC_003070.9:4770115-4770665	NC_003070.9	86.580	231	19	1	1	219	12240505	12240735	1.21e-63	244
NC_003070.9:4770115-4770665	NC_003070.9	86.522	230	18	5	319	546	3251256	3251474	1.56e-62	241
NC_003070.9:4770115-4770665	NC_003070.9	89.595	173	15	3	381	551	9918624	9918453	2.64e-55	217
NC_003070.9:4770115-4770665	NC_003070.9	88.372	172	16	4	382	551	17605966	17606135	2.05e-51	204
NC_003070.9:4770115-4770665	NC_003070.9	88.304	171	16	4	383	551	20509005	20508837	7.38e-51	202
NC_003070.9:4770115-4770665	NC_003070.9	87.209	172	14	3	381	551	16858796	16858632	5.75e-47	189
NC_003070.9:4770115-4770665	NC_003070.9	82.128	235	18	13	319	551	29774473	29774261	3.46e-44	180
NC_003070.9:4770115-4770665	NC_003070.9	79.149	235	37	11	319	551	5437136	5436912	7.54e-36	152
NC_003070.9:4770115-4770665	NC_003070.9	87.402	127	14	2	425	551	12562353	12562229	1.26e-33	145
NC_003070.9:4770115-4770665	NC_003070.9	86.614	127	15	2	425	551	16327179	16327303	5.87e-32	139
NC_003070.9:4770115-4770665	NC_003070.9	86.614	127	15	2	425	551	16826246	16826370	5.87e-32	139
NC_003070.9:4770115-4770665	NC_003070.9	86.614	127	15	2	425	551	19465214	19465090	5.87e-32	139
NC_003070.9:4770115-4770665	NC_003070.9	85.938	128	15	3	424	551	8489538	8489414	2.73e-30	134
NC_003070.9:4770115-4770665	NC_003070.9	85.938	128	14	4	424	551	11701604	11701727	2.73e-30	134
NC_003070.9:4770115-4770665	NC_003070.9	85.938	128	15	3	424	551	23553915	23553791	2.73e-30	134
NC_003070.9:4770115-4770665	NC_003070.9	85.156	128	17	2	424	551	19064467	19064592	3.53e-29	130
NC_003070.9:4770115-4770665	NC_003070.9	85.484	124	15	3	428	551	13015971	13015851	4.57e-28	126
NC_003070.9:4770115-4770665	NC_003070.9	85.039	127	16	3	425	551	25962588	25962465	4.57e-28	126
NC_003070.9:4770115-4770665	NC_003070.9	84.375	128	18	2	424	551	7037165	7037290	1.64e-27	124
NC_003070.9:4770115-4770665	NC_003070.9	84.496	129	16	4	424	551	18792739	18792864	1.64e-27	124
NC_003070.9:4770115-4770665	NC_003070.9	84.375	128	17	3	424	551	14308888	14308764	5.91e-27	122
NC_003070.9:4770115-4770665	NC_003070.9	84.375	128	17	3	424	551	22451881	22452005	5.91e-27	122
NC_003070.9:4770115-4770665	NC_003070.9	84.252	127	17	3	426	551	22992056	22991932	2.13e-26	121
NC_003070.9:4770115-4770665	NC_003070.9	83.465	127	18	3	426	551	12328051	12327927	9.89e-25	115
NC_003070.9:4770115-4770665	NC_003070.9	83.465	127	18	3	426	551	22620714	22620590	9.89e-25	115
NC_003070.9:4770115-4770665	NC_003070.9	83.465	127	18	3	426	551	30251102	30250978	9.89e-25	115
NC_003070.9:4770115-4770665	NC_003070.9	77.169	219	34	7	332	549	21602156	21601953	3.56e-24	113
NC_003070.9:4770115-4770665	NC_003070.9	89.062	64	6	1	1	64	20172809	20172747	1.30e-13	78.7
NC_003070.9:4770115-4770665	NC_003070.9	100.000	28	0	0	524	551	21103382	21103355	7.87e-06	52.8
NC_003070.9:4770115-4770665	NC_003074.8	95.471	552	24	1	1	551	17402552	17402001	0.0	880
NC_003070.9:4770115-4770665	NC_003074.8	91.667	564	34	2	1	551	10405396	10405959	0.0	769
NC_003070.9:4770115-4770665	NC_003074.8	91.312	564	36	4	1	551	14057124	14057687	0.0	758
NC_003070.9:4770115-4770665	NC_003074.8	91.135	564	33	6	1	551	23085531	23086090	0.0	749
NC_003070.9:4770115-4770665	NC_003074.8	91.087	561	37	7	4	551	11091000	11090440	0.0	747
NC_003070.9:4770115-4770665	NC_003074.8	90.764	563	39	3	1	551	16485869	16485308	0.0	739
NC_003070.9:4770115-4770665	NC_003074.8	90.603	564	40	4	1	551	19436871	19437434	0.0	736
NC_003070.9:4770115-4770665	NC_003074.8	89.983	579	30	5	1	551	10758580	10758002	0.0	723
NC_003070.9:4770115-4770665	NC_003074.8	90.761	552	36	4	13	551	18634492	18633943	0.0	723
NC_003070.9:4770115-4770665	NC_003074.8	89.895	574	32	11	3	551	6729497	6728925	0.0	715
NC_003070.9:4770115-4770665	NC_003074.8	89.249	586	26	9	1	551	19739757	19740340	0.0	699
NC_003070.9:4770115-4770665	NC_003074.8	88.850	565	36	5	1	551	10718345	10717794	0.0	669
NC_003070.9:4770115-4770665	NC_003074.8	88.772	570	32	11	1	551	16405196	16405752	0.0	669
NC_003070.9:4770115-4770665	NC_003074.8	88.732	568	34	6	1	551	10708625	10709179	0.0	667
NC_003070.9:4770115-4770665	NC_003074.8	88.360	567	49	11	1	551	5865864	5866429	0.0	665
NC_003070.9:4770115-4770665	NC_003074.8	88.380	568	37	9	1	551	7766062	7766617	0.0	656
NC_003070.9:4770115-4770665	NC_003074.8	87.324	568	54	8	1	551	3080591	3080025	0.0	634
NC_003070.9:4770115-4770665	NC_003074.8	86.833	562	54	10	7	551	16723678	16723120	1.03e-173	610
NC_003070.9:4770115-4770665	NC_003074.8	86.918	558	52	10	1	551	11132202	11132745	1.34e-172	606
NC_003070.9:4770115-4770665	NC_003074.8	86.796	568	41	15	1	551	7980633	7980083	1.73e-171	603
NC_003070.9:4770115-4770665	NC_003074.8	86.702	564	43	17	1	551	11315007	11315551	8.06e-170	597
NC_003070.9:4770115-4770665	NC_003074.8	85.237	569	55	19	1	551	21552658	21552101	3.80e-158	558
NC_003070.9:4770115-4770665	NC_003074.8	84.956	565	48	15	1	551	4584756	4585297	4.95e-152	538
NC_003070.9:4770115-4770665	NC_003074.8	85.261	536	54	13	1	529	423197	422680	2.98e-149	529
NC_003070.9:4770115-4770665	NC_003074.8	90.339	383	24	2	1	371	4579237	4579618	1.41e-137	490
NC_003070.9:4770115-4770665	NC_003074.8	89.295	383	36	4	173	551	15814110	15814491	3.94e-133	475
NC_003070.9:4770115-4770665	NC_003074.8	87.792	385	28	7	172	551	16235030	16234660	2.40e-120	433
NC_003070.9:4770115-4770665	NC_003074.8	89.030	237	22	4	319	551	11588873	11588637	1.53e-77	291
NC_003070.9:4770115-4770665	NC_003074.8	88.936	235	23	3	319	551	6940832	6940599	1.98e-76	287
NC_003070.9:4770115-4770665	NC_003074.8	88.608	237	22	5	319	551	10901411	10901646	2.56e-75	283
NC_003070.9:4770115-4770665	NC_003074.8	90.367	218	17	4	319	533	18171177	18170961	2.56e-75	283
NC_003070.9:4770115-4770665	NC_003074.8	88.511	235	22	5	319	549	18495382	18495149	3.31e-74	279
NC_003070.9:4770115-4770665	NC_003074.8	90.777	206	16	3	349	551	20769804	20769599	5.55e-72	272
NC_003070.9:4770115-4770665	NC_003074.8	85.603	257	22	4	297	551	18885867	18885624	5.59e-67	255
NC_003070.9:4770115-4770665	NC_003074.8	87.665	227	13	5	319	542	8329280	8329494	2.60e-65	250
NC_003070.9:4770115-4770665	NC_003074.8	90.643	171	14	2	383	551	8645169	8645339	4.38e-58	226
NC_003070.9:4770115-4770665	NC_003074.8	88.953	172	16	3	382	551	19521057	19521227	4.41e-53	209
NC_003070.9:4770115-4770665	NC_003074.8	88.953	172	10	4	381	551	10681555	10681392	2.05e-51	204
NC_003070.9:4770115-4770665	NC_003074.8	83.333	234	23	5	319	549	16902979	16903199	7.38e-51	202
NC_003070.9:4770115-4770665	NC_003074.8	89.796	147	14	1	160	305	18887405	18887259	2.07e-46	187
NC_003070.9:4770115-4770665	NC_003074.8	89.362	141	11	3	319	456	4468266	4468405	1.61e-42	174
NC_003070.9:4770115-4770665	NC_003074.8	87.402	127	14	2	425	551	17061510	17061386	1.26e-33	145
NC_003070.9:4770115-4770665	NC_003074.8	86.822	129	15	2	423	551	18019801	18019927	4.54e-33	143
NC_003070.9:4770115-4770665	NC_003074.8	86.719	128	15	2	424	551	13328457	13328582	1.63e-32	141
NC_003070.9:4770115-4770665	NC_003074.8	86.719	128	15	2	424	551	17142572	17142447	1.63e-32	141
NC_003070.9:4770115-4770665	NC_003074.8	85.156	128	16	3	424	551	17275867	17275743	1.27e-28	128
NC_003070.9:4770115-4770665	NC_003074.8	84.375	128	18	2	424	551	10574476	10574351	1.64e-27	124
NC_003070.9:4770115-4770665	NC_003074.8	84.496	129	16	4	424	551	16563462	16563587	1.64e-27	124
NC_003070.9:4770115-4770665	NC_003074.8	84.127	126	18	2	426	551	1572003	1572126	2.13e-26	121
NC_003070.9:4770115-4770665	NC_003074.8	84.252	127	17	3	426	551	17299274	17299150	2.13e-26	121
NC_003070.9:4770115-4770665	NC_003074.8	83.594	128	19	2	424	551	3966022	3966147	7.65e-26	119
NC_003070.9:4770115-4770665	NC_003074.8	88.421	95	11	0	1	95	7937571	7937477	9.89e-25	115
NC_003070.9:4770115-4770665	NC_003074.8	84.167	120	15	4	433	551	10321325	10321441	3.56e-24	113
NC_003070.9:4770115-4770665	NC_003074.8	100.000	28	0	0	524	551	4274957	4274930	7.87e-06	52.8
NC_003070.9:4770115-4770665	NC_003076.8	95.290	552	24	2	1	551	19101558	19102108	0.0	874
NC_003070.9:4770115-4770665	NC_003076.8	92.553	564	29	2	1	551	17726422	17726985	0.0	797
NC_003070.9:4770115-4770665	NC_003076.8	91.858	565	31	4	1	551	24448812	24449375	0.0	774
NC_003070.9:4770115-4770665	NC_003076.8	94.567	497	26	1	1	496	22335576	22335080	0.0	767
NC_003070.9:4770115-4770665	NC_003076.8	90.780	564	38	3	1	551	5625058	5625620	0.0	741
NC_003070.9:4770115-4770665	NC_003076.8	89.455	569	31	9	1	551	9558216	9557659	0.0	691
NC_003070.9:4770115-4770665	NC_003076.8	89.085	568	34	8	1	551	13892686	13892130	0.0	680
NC_003070.9:4770115-4770665	NC_003076.8	88.732	568	36	13	1	551	16870923	16871479	0.0	669
NC_003070.9:4770115-4770665	NC_003076.8	88.256	579	39	13	1	551	7417331	7417908	0.0	665
NC_003070.9:4770115-4770665	NC_003076.8	88.360	567	38	7	1	551	14810271	14810825	0.0	656
NC_003070.9:4770115-4770665	NC_003076.8	88.455	563	32	7	1	551	14104208	14103667	0.0	649
NC_003070.9:4770115-4770665	NC_003076.8	86.796	568	57	8	1	551	3566350	3566916	6.18e-176	617
NC_003070.9:4770115-4770665	NC_003076.8	86.819	569	55	12	1	551	9068735	9068169	6.18e-176	617
NC_003070.9:4770115-4770665	NC_003076.8	87.257	565	42	12	1	551	26787654	26787106	6.18e-176	617
NC_003070.9:4770115-4770665	NC_003076.8	86.396	566	59	11	1	551	22621740	22621178	1.73e-171	603
NC_003070.9:4770115-4770665	NC_003076.8	86.786	560	49	12	1	551	17043358	17043901	6.23e-171	601
NC_003070.9:4770115-4770665	NC_003076.8	86.125	591	42	14	1	551	24117960	24118550	6.23e-171	601
NC_003070.9:4770115-4770665	NC_003076.8	86.726	565	42	12	1	551	8748925	8749470	8.06e-170	597
NC_003070.9:4770115-4770665	NC_003076.8	86.018	565	46	14	4	551	6420375	6419827	3.78e-163	575
NC_003070.9:4770115-4770665	NC_003076.8	87.356	522	37	13	26	520	26015331	26015850	4.88e-162	571
NC_003070.9:4770115-4770665	NC_003076.8	85.664	565	46	15	1	551	7701181	7700638	2.94e-159	562
NC_003070.9:4770115-4770665	NC_003076.8	85.362	567	35	18	1	551	15580807	15581341	1.06e-153	544
NC_003070.9:4770115-4770665	NC_003076.8	84.656	567	50	21	1	551	9854346	9854891	8.29e-150	531
NC_003070.9:4770115-4770665	NC_003076.8	90.840	393	21	3	3	380	15882295	15882687	3.00e-144	512
NC_003070.9:4770115-4770665	NC_003076.8	94.326	282	14	2	271	551	6702207	6701927	8.65e-120	431
NC_003070.9:4770115-4770665	NC_003076.8	86.375	389	41	5	1	377	706997	706609	8.71e-115	414
NC_003070.9:4770115-4770665	NC_003076.8	88.268	358	22	6	198	551	14395374	14395033	1.13e-113	411
NC_003070.9:4770115-4770665	NC_003076.8	88.268	358	22	6	198	551	14454673	14454332	1.13e-113	411
NC_003070.9:4770115-4770665	NC_003076.8	85.185	405	46	4	1	391	4936961	4937365	1.89e-111	403
NC_003070.9:4770115-4770665	NC_003076.8	94.515	237	12	1	193	428	13678951	13678715	8.90e-100	364
NC_003070.9:4770115-4770665	NC_003076.8	92.275	233	14	4	319	549	13734262	13734492	1.17e-88	327
NC_003070.9:4770115-4770665	NC_003076.8	91.220	205	14	4	319	521	5648113	5647911	4.29e-73	276
NC_003070.9:4770115-4770665	NC_003076.8	86.081	273	14	7	282	551	24586805	24587056	5.55e-72	272
NC_003070.9:4770115-4770665	NC_003076.8	87.712	236	24	5	319	549	7488328	7488093	2.00e-71	270
NC_003070.9:4770115-4770665	NC_003076.8	89.320	206	19	3	349	551	16030754	16030549	5.59e-67	255
NC_003070.9:4770115-4770665	NC_003076.8	87.013	231	17	2	1	219	13231669	13231898	9.35e-65	248
NC_003070.9:4770115-4770665	NC_003076.8	88.835	206	18	5	319	520	15535363	15535159	9.35e-65	248
NC_003070.9:4770115-4770665	NC_003076.8	85.957	235	29	4	319	549	22021624	22021858	9.35e-65	248
NC_003070.9:4770115-4770665	NC_003076.8	87.907	215	13	6	1	203	6702418	6702205	1.56e-62	241
NC_003070.9:4770115-4770665	NC_003076.8	85.259	251	18	7	319	551	15031163	15030914	1.56e-62	241
NC_003070.9:4770115-4770665	NC_003076.8	85.646	209	18	2	3	199	14395843	14395635	4.41e-53	209
NC_003070.9:4770115-4770665	NC_003076.8	85.646	209	18	2	3	199	14455142	14454934	4.41e-53	209
NC_003070.9:4770115-4770665	NC_003076.8	88.953	172	11	3	381	551	10041976	10041812	5.71e-52	206
NC_003070.9:4770115-4770665	NC_003076.8	83.404	235	20	8	319	550	19408597	19408379	2.65e-50	200
NC_003070.9:4770115-4770665	NC_003076.8	87.500	168	14	5	319	481	9867496	9867661	2.07e-46	187
NC_003070.9:4770115-4770665	NC_003076.8	90.714	140	11	2	319	456	24314283	24314422	7.43e-46	185
NC_003070.9:4770115-4770665	NC_003076.8	89.928	139	12	2	319	456	17398095	17397958	1.24e-43	178
NC_003070.9:4770115-4770665	NC_003076.8	85.632	174	19	6	382	551	20674405	20674234	1.24e-43	178
NC_003070.9:4770115-4770665	NC_003076.8	89.362	141	11	3	319	456	26893188	26893327	1.61e-42	174
NC_003070.9:4770115-4770665	NC_003076.8	80.952	231	30	5	320	549	8671466	8671683	2.08e-41	171
NC_003070.9:4770115-4770665	NC_003076.8	83.721	172	23	5	382	549	9978758	9978588	1.62e-37	158
NC_003070.9:4770115-4770665	NC_003076.8	89.062	128	10	4	424	551	21775910	21775787	5.83e-37	156
NC_003070.9:4770115-4770665	NC_003076.8	86.719	128	14	3	424	551	5428080	5427956	5.87e-32	139
NC_003070.9:4770115-4770665	NC_003076.8	86.047	129	16	2	423	551	7153310	7153184	2.11e-31	137
NC_003070.9:4770115-4770665	NC_003076.8	87.097	124	12	4	429	551	14143814	14143694	2.11e-31	137
NC_003070.9:4770115-4770665	NC_003076.8	85.938	128	15	3	424	551	4314742	4314866	2.73e-30	134
NC_003070.9:4770115-4770665	NC_003076.8	85.938	128	15	3	424	551	16358420	16358544	2.73e-30	134
NC_003070.9:4770115-4770665	NC_003076.8	81.283	187	16	11	336	520	17247876	17247707	2.73e-30	134
NC_003070.9:4770115-4770665	NC_003076.8	85.938	128	15	3	424	551	17796262	17796138	2.73e-30	134
NC_003070.9:4770115-4770665	NC_003076.8	90.196	102	8	2	382	481	25179193	25179294	9.82e-30	132
NC_003070.9:4770115-4770665	NC_003076.8	85.271	129	15	4	424	551	15042259	15042134	3.53e-29	130
NC_003070.9:4770115-4770665	NC_003076.8	85.156	128	17	2	424	551	15604794	15604669	3.53e-29	130
NC_003070.9:4770115-4770665	NC_003076.8	84.375	128	18	2	424	551	24475416	24475291	1.64e-27	124
NC_003070.9:4770115-4770665	NC_003076.8	84.496	129	14	6	424	551	8744748	8744625	5.91e-27	122
NC_003070.9:4770115-4770665	NC_003076.8	84.211	133	13	8	425	551	25265207	25265337	5.91e-27	122
NC_003070.9:4770115-4770665	NC_003076.8	90.426	94	5	4	461	551	15882674	15882766	2.13e-26	121
NC_003070.9:4770115-4770665	NC_003076.8	83.594	128	19	2	424	551	10715497	10715622	7.65e-26	119
NC_003070.9:4770115-4770665	NC_003071.7	92.553	564	28	5	1	551	5037751	5038313	0.0	797
NC_003070.9:4770115-4770665	NC_003071.7	90.018	561	31	10	1	549	9226025	9225478	0.0	702
NC_003070.9:4770115-4770665	NC_003071.7	89.437	568	37	12	1	551	7340381	7340942	0.0	695
NC_003070.9:4770115-4770665	NC_003071.7	88.693	566	49	4	1	551	5010652	5010087	0.0	676
NC_003070.9:4770115-4770665	NC_003071.7	88.536	567	48	8	1	551	2138820	2139385	0.0	671
NC_003070.9:4770115-4770665	NC_003071.7	88.380	568	38	8	1	551	6207151	6206595	0.0	658
NC_003070.9:4770115-4770665	NC_003071.7	90.078	514	31	9	19	514	17147641	17147130	0.0	649
NC_003070.9:4770115-4770665	NC_003071.7	88.014	559	47	10	8	551	1596926	1597479	0.0	643
NC_003070.9:4770115-4770665	NC_003071.7	87.633	566	40	11	1	551	13101810	13102360	7.94e-180	630
NC_003070.9:4770115-4770665	NC_003071.7	87.456	566	41	11	1	551	12556654	12557204	3.70e-178	625
NC_003070.9:4770115-4770665	NC_003071.7	88.268	537	42	11	1	520	4025413	4025945	1.33e-177	623
NC_003070.9:4770115-4770665	NC_003071.7	87.166	561	40	16	1	546	13885931	13886474	3.72e-173	608
NC_003070.9:4770115-4770665	NC_003071.7	89.733	487	35	8	4	475	19172665	19172179	3.72e-173	608
NC_003070.9:4770115-4770665	NC_003071.7	86.833	562	46	15	1	551	19623102	19623646	1.73e-171	603
NC_003070.9:4770115-4770665	NC_003071.7	86.786	560	49	12	1	551	1670334	1669791	6.23e-171	601
NC_003070.9:4770115-4770665	NC_003071.7	85.487	565	46	11	1	551	9229179	9228637	1.37e-157	556
NC_003070.9:4770115-4770665	NC_003071.7	84.982	566	52	17	1	551	15134225	15134772	1.06e-153	544
NC_003070.9:4770115-4770665	NC_003071.7	84.602	578	44	20	1	551	9860514	9859955	2.30e-150	532
NC_003070.9:4770115-4770665	NC_003071.7	82.021	584	55	20	2	551	1409588	1410155	6.64e-126	451
NC_003070.9:4770115-4770665	NC_003071.7	88.201	339	36	4	216	551	4305953	4306290	6.78e-111	401
NC_003070.9:4770115-4770665	NC_003071.7	87.589	282	20	4	271	551	9433302	9433569	3.27e-84	313
NC_003070.9:4770115-4770665	NC_003071.7	89.831	236	20	4	320	551	10996418	10996183	2.54e-80	300
NC_003070.9:4770115-4770665	NC_003071.7	89.451	237	20	5	319	551	3197853	3197618	1.18e-78	294
NC_003070.9:4770115-4770665	NC_003071.7	89.030	237	22	4	319	551	1322206	1321970	1.53e-77	291
NC_003070.9:4770115-4770665	NC_003071.7	90.338	207	16	3	349	551	2320728	2320934	7.18e-71	268
NC_003070.9:4770115-4770665	NC_003071.7	89.806	206	17	4	349	551	1038253	1038049	1.20e-68	261
NC_003070.9:4770115-4770665	NC_003071.7	88.889	216	11	2	1	204	9433091	9433305	2.01e-66	254
NC_003070.9:4770115-4770665	NC_003071.7	90.173	173	15	2	381	551	7178843	7179015	1.58e-57	224
NC_003070.9:4770115-4770665	NC_003071.7	88.372	172	12	3	381	551	8907832	8907996	2.65e-50	200
NC_003070.9:4770115-4770665	NC_003071.7	88.166	169	17	3	385	551	11597712	11597879	9.55e-50	198
NC_003070.9:4770115-4770665	NC_003071.7	84.878	205	14	6	319	520	9455967	9456157	1.60e-47	191
NC_003070.9:4770115-4770665	NC_003071.7	90.647	139	12	1	319	456	10070310	10070172	2.67e-45	183
NC_003070.9:4770115-4770665	NC_003071.7	82.128	235	18	13	319	551	1347424	1347212	3.46e-44	180
NC_003070.9:4770115-4770665	NC_003071.7	82.128	235	18	9	319	551	9585143	9585355	3.46e-44	180
NC_003070.9:4770115-4770665	NC_003071.7	86.471	170	13	8	319	481	9030463	9030629	1.24e-43	178
NC_003070.9:4770115-4770665	NC_003071.7	86.719	128	15	2	424	551	3212450	3212325	1.63e-32	141
NC_003070.9:4770115-4770665	NC_003071.7	86.719	128	15	2	424	551	11285240	11285115	1.63e-32	141
NC_003070.9:4770115-4770665	NC_003071.7	84.375	128	18	2	424	551	6663996	6664121	1.64e-27	124
NC_003070.9:4770115-4770665	NC_003071.7	84.375	128	17	3	424	551	7112804	7112928	5.91e-27	122
NC_003070.9:4770115-4770665	NC_003071.7	87.850	107	10	3	1	104	7439723	7439617	5.91e-27	122
NC_003070.9:4770115-4770665	NC_003071.7	89.362	94	8	2	319	410	14572548	14572641	2.75e-25	117
NC_003070.9:4770115-4770665	NC_003071.7	81.890	127	19	4	426	551	4024867	4024990	2.14e-21	104
NC_003070.9:4770115-4770665	NC_003071.7	89.062	64	6	1	1	64	9584607	9584669	1.30e-13	78.7
NC_003070.9:4770115-4770665	NC_003071.7	100.000	28	0	0	524	551	7177617	7177590	7.87e-06	52.8
NC_003070.9:4770115-4770665	NC_003075.7	92.199	564	30	3	1	551	1521257	1521819	0.0	785
NC_003070.9:4770115-4770665	NC_003075.7	91.667	564	33	3	1	551	6115341	6115903	0.0	769
NC_003070.9:4770115-4770665	NC_003075.7	90.248	564	41	3	1	551	572759	572197	0.0	725
NC_003070.9:4770115-4770665	NC_003075.7	87.674	576	42	17	2	551	14458283	14457711	0.0	643
NC_003070.9:4770115-4770665	NC_003075.7	87.102	566	43	12	1	551	9112130	9111580	8.00e-175	614
NC_003070.9:4770115-4770665	NC_003075.7	87.097	558	50	10	1	551	12365606	12365064	2.88e-174	612
NC_003070.9:4770115-4770665	NC_003075.7	86.918	558	52	9	1	551	15442194	15441651	1.34e-172	606
NC_003070.9:4770115-4770665	NC_003075.7	86.372	565	62	5	1	551	5392283	5391720	1.73e-171	603
NC_003070.9:4770115-4770665	NC_003075.7	87.477	535	49	8	1	520	824053	823522	6.23e-171	601
NC_003070.9:4770115-4770665	NC_003075.7	86.856	563	42	10	1	551	8947760	8947218	6.23e-171	601
NC_003070.9:4770115-4770665	NC_003075.7	85.962	577	49	17	1	551	12607047	12606477	4.85e-167	588
NC_003070.9:4770115-4770665	NC_003075.7	88.187	491	44	5	1	477	6660987	6661477	1.36e-162	573
NC_003070.9:4770115-4770665	NC_003075.7	85.310	565	47	15	1	551	7034793	7034251	6.36e-156	551
NC_003070.9:4770115-4770665	NC_003075.7	84.683	568	53	16	1	551	6340022	6339472	1.78e-151	536
NC_003070.9:4770115-4770665	NC_003075.7	93.711	318	18	2	233	549	2553631	2553947	3.94e-133	475
NC_003070.9:4770115-4770665	NC_003075.7	88.703	239	21	5	319	551	8899727	8899965	1.98e-76	287
NC_003070.9:4770115-4770665	NC_003075.7	86.498	237	26	5	319	551	7231369	7231603	5.59e-67	255
NC_003070.9:4770115-4770665	NC_003075.7	86.017	236	28	5	319	551	17501973	17502206	9.35e-65	248
NC_003070.9:4770115-4770665	NC_003075.7	88.889	171	11	3	382	551	964026	963863	2.05e-51	204
NC_003070.9:4770115-4770665	NC_003075.7	88.304	171	18	2	383	551	6414224	6414054	2.05e-51	204
NC_003070.9:4770115-4770665	NC_003075.7	87.425	167	14	5	319	481	12699153	12699316	7.43e-46	185
NC_003070.9:4770115-4770665	NC_003075.7	87.075	147	10	6	404	549	7652989	7653127	1.62e-37	158
NC_003070.9:4770115-4770665	NC_003075.7	86.719	128	15	2	424	551	370913	370788	1.63e-32	141
NC_003070.9:4770115-4770665	NC_003075.7	86.719	128	15	2	424	551	8065579	8065704	1.63e-32	141
NC_003070.9:4770115-4770665	NC_003075.7	85.938	128	17	1	424	551	4148056	4148182	7.59e-31	135
NC_003070.9:4770115-4770665	NC_003075.7	85.938	128	16	2	424	551	16863388	16863263	7.59e-31	135
NC_003070.9:4770115-4770665	NC_003075.7	85.938	128	15	3	424	551	684234	684358	2.73e-30	134
NC_003070.9:4770115-4770665	NC_003075.7	85.271	129	15	4	424	551	11192400	11192275	3.53e-29	130
NC_003070.9:4770115-4770665	NC_003075.7	93.902	82	5	0	1	82	2553548	2553629	1.64e-27	124
NC_003070.9:4770115-4770665	NC_003075.7	89.583	96	8	2	1	95	6895543	6895449	2.13e-26	121
NC_003070.9:4770115-4770665	NC_003075.7	89.474	95	10	0	1	95	9146443	9146537	2.13e-26	121
NC_003070.9:4770115-4770665	NC_003075.7	88.542	96	10	1	1	95	964407	964312	9.89e-25	115
NC_003070.9:4770115-4770665	NC_003075.7	87.629	97	10	1	1	95	9188717	9188813	1.28e-23	111
NC_003070.9:4770115-4770665	NC_003075.7	88.043	92	11	0	1	92	5433225	5433316	4.60e-23	110
NC_003070.9:4770115-4770665	NC_003075.7	93.151	73	4	1	319	390	1100911	1100983	5.95e-22	106
NC_003070.9:4770115-4770665	NC_003075.7	92.754	69	4	1	319	386	7572220	7572288	9.96e-20	99.0
NC_003070.9:4770115-4770665	NC_003075.7	87.059	85	11	0	1	85	8725655	8725571	3.58e-19	97.1
NC_003070.9:4770115-4770665	NC_003075.7	92.647	68	4	1	382	448	9189135	9189202	3.58e-19	97.1
NC_003070.9:4770115-4770665	NC_003075.7	83.158	95	14	2	457	551	14390354	14390262	7.76e-16	86.1
NC_003070.9:4770115-4770665	NC_003075.7	81.731	104	16	3	413	513	6311148	6311045	2.79e-15	84.2
NC_003070.9:4770115-4770665	NC_003075.7	87.097	62	8	0	1	62	5114008	5114069	2.17e-11	71.3
NC_003070.9:4770115-4770665	NC_003075.7	85.714	49	7	0	503	551	3359186	3359234	7.87e-06	52.8
NC_003070.9:5436899-5437789	NC_003070.9	100.000	891	0	0	1	891	5437789	5436899	0.0	1646
NC_003070.9:5436899-5437789	NC_003070.9	92.205	898	33	13	1	878	29775141	29774261	0.0	1236
NC_003070.9:5436899-5437789	NC_003070.9	89.945	905	59	18	2	878	697374	696474	0.0	1138
NC_003070.9:5436899-5437789	NC_003070.9	94.118	748	39	4	1	745	6514475	6515220	0.0	1133
NC_003070.9:5436899-5437789	NC_003070.9	88.229	892	72	19	2	878	9385033	9384160	0.0	1035
NC_003070.9:5436899-5437789	NC_003070.9	87.821	895	75	19	1	879	8538888	8539764	0.0	1018
NC_003070.9:5436899-5437789	NC_003070.9	87.767	891	77	18	2	878	18301142	18300270	0.0	1013
NC_003070.9:5436899-5437789	NC_003070.9	87.168	904	86	25	1	880	20513678	20514575	0.0	1000
NC_003070.9:5436899-5437789	NC_003070.9	89.744	741	60	11	14	745	3250618	3251351	0.0	933
NC_003070.9:5436899-5437789	NC_003070.9	87.648	761	77	13	8	760	20167549	20166798	0.0	869
NC_003070.9:5436899-5437789	NC_003070.9	87.076	766	87	10	1	760	12618637	12619396	0.0	856
NC_003070.9:5436899-5437789	NC_003070.9	86.279	809	85	12	2	806	21127989	21128775	0.0	856
NC_003070.9:5436899-5437789	NC_003070.9	93.560	559	18	10	324	878	20172605	20172061	0.0	817
NC_003070.9:5436899-5437789	NC_003070.9	87.761	719	59	14	1	691	10239319	10240036	0.0	813
NC_003070.9:5436899-5437789	NC_003070.9	83.572	907	93	24	1	891	8623609	8622743	0.0	798
NC_003070.9:5436899-5437789	NC_003070.9	82.662	894	101	34	2	879	21616151	21615296	0.0	743
NC_003070.9:5436899-5437789	NC_003070.9	84.535	763	83	13	1	760	14014232	14013502	0.0	723
NC_003070.9:5436899-5437789	NC_003070.9	84.910	391	42	4	417	806	20560071	20559697	5.23e-104	379
NC_003070.9:5436899-5437789	NC_003070.9	80.632	475	76	14	417	878	10579670	10580141	3.17e-96	353
NC_003070.9:5436899-5437789	NC_003070.9	94.527	201	9	1	2	200	20172809	20172609	6.97e-83	309
NC_003070.9:5436899-5437789	NC_003070.9	79.237	236	37	11	654	879	4770347	4770114	3.45e-36	154
NC_003070.9:5436899-5437789	NC_003070.9	79.325	237	34	13	654	878	23125364	23125131	1.24e-35	152
NC_003070.9:5436899-5437789	NC_003070.9	79.167	240	30	17	654	878	10021648	10021414	1.61e-34	148
NC_003070.9:5436899-5437789	NC_003070.9	78.750	240	34	15	654	879	5863277	5863513	2.08e-33	145
NC_003070.9:5436899-5437789	NC_003070.9	79.149	235	30	14	654	879	26881053	26881277	2.08e-33	145
NC_003070.9:5436899-5437789	NC_003070.9	78.279	244	38	14	654	885	25780004	25780244	7.48e-33	143
NC_003070.9:5436899-5437789	NC_003070.9	78.000	250	40	13	654	891	26510903	26510657	7.48e-33	143
NC_003070.9:5436899-5437789	NC_003070.9	79.646	226	22	17	654	876	10852872	10852668	2.69e-32	141
NC_003070.9:5436899-5437789	NC_003070.9	93.548	93	5	1	654	745	2473121	2473029	3.48e-31	137
NC_003070.9:5436899-5437789	NC_003070.9	84.416	154	9	6	654	806	6218813	6218674	3.48e-31	137
NC_003070.9:5436899-5437789	NC_003070.9	78.151	238	36	14	654	878	11803778	11803544	3.48e-31	137
NC_003070.9:5436899-5437789	NC_003070.9	78.541	233	33	14	654	879	16400670	16400448	3.48e-31	137
NC_003070.9:5436899-5437789	NC_003070.9	78.059	237	37	13	654	878	21918751	21918984	1.25e-30	135
NC_003070.9:5436899-5437789	NC_003070.9	92.473	93	6	1	654	745	540654	540562	1.62e-29	132
NC_003070.9:5436899-5437789	NC_003070.9	83.766	154	10	6	654	806	17502560	17502699	1.62e-29	132
NC_003070.9:5436899-5437789	NC_003070.9	78.017	232	36	10	654	878	27241052	27241275	1.62e-29	132
NC_003070.9:5436899-5437789	NC_003070.9	77.489	231	40	10	654	879	20205576	20205353	2.09e-28	128
NC_003070.9:5436899-5437789	NC_003070.9	77.637	237	36	15	654	878	24645833	24646064	2.09e-28	128
NC_003070.9:5436899-5437789	NC_003070.9	84.397	141	7	6	667	806	13870210	13870336	2.71e-27	124
NC_003070.9:5436899-5437789	NC_003070.9	85.321	109	13	3	653	760	2986563	2986457	7.58e-23	110
NC_003070.9:5436899-5437789	NC_003070.9	90.476	63	5	1	3	64	14013409	14013347	1.65e-14	82.4
NC_003070.9:5436899-5437789	NC_003071.7	94.790	883	26	8	2	878	9029807	9030675	0.0	1358
NC_003070.9:5436899-5437789	NC_003071.7	93.878	882	32	10	2	878	1348076	1347212	0.0	1310
NC_003070.9:5436899-5437789	NC_003071.7	93.197	882	41	7	1	878	8172834	8173700	0.0	1279
NC_003070.9:5436899-5437789	NC_003071.7	92.395	881	49	6	2	879	10070964	10070099	0.0	1240
NC_003070.9:5436899-5437789	NC_003071.7	95.957	742	26	3	8	745	7177587	7176846	0.0	1201
NC_003070.9:5436899-5437789	NC_003071.7	94.519	748	36	5	2	745	14571894	14572640	0.0	1149
NC_003070.9:5436899-5437789	NC_003071.7	87.401	881	73	18	2	879	11909720	11908875	0.0	977
NC_003070.9:5436899-5437789	NC_003071.7	86.942	896	73	27	3	878	2320063	2320934	0.0	966
NC_003070.9:5436899-5437789	NC_003071.7	86.130	894	80	23	2	879	1038913	1038048	0.0	924
NC_003070.9:5436899-5437789	NC_003071.7	85.826	896	76	30	1	878	1384415	1383553	0.0	904
NC_003070.9:5436899-5437789	NC_003071.7	85.173	897	81	31	2	880	10997043	10996181	0.0	872
NC_003070.9:5436899-5437789	NC_003071.7	86.313	811	84	13	2	806	1322856	1322067	0.0	857
NC_003070.9:5436899-5437789	NC_003071.7	87.620	727	78	10	25	745	9455339	9456059	0.0	833
NC_003070.9:5436899-5437789	NC_003071.7	92.857	560	20	8	324	878	9584811	9585355	0.0	795
NC_003070.9:5436899-5437789	NC_003071.7	95.991	424	15	2	324	745	7094024	7094447	0.0	688
NC_003070.9:5436899-5437789	NC_003071.7	89.445	559	28	18	324	880	6901395	6901924	0.0	676
NC_003070.9:5436899-5437789	NC_003071.7	95.025	201	8	2	2	200	6901191	6901391	1.50e-84	315
NC_003070.9:5436899-5437789	NC_003071.7	95.025	201	8	1	2	200	9584607	9584807	1.50e-84	315
NC_003070.9:5436899-5437789	NC_003071.7	94.527	201	9	1	2	200	7093820	7094020	6.97e-83	309
NC_003070.9:5436899-5437789	NC_003071.7	88.312	231	20	7	466	691	9311230	9311458	3.29e-71	270
NC_003070.9:5436899-5437789	NC_003071.7	93.130	131	7	2	749	878	7176869	7176740	2.63e-47	191
NC_003070.9:5436899-5437789	NC_003071.7	91.667	132	9	2	749	879	14572617	14572747	1.58e-44	182
NC_003070.9:5436899-5437789	NC_003071.7	80.753	239	30	13	654	879	13102126	13102361	9.54e-42	172
NC_003070.9:5436899-5437789	NC_003071.7	80.870	230	26	15	654	876	9225696	9225478	1.60e-39	165
NC_003070.9:5436899-5437789	NC_003071.7	91.453	117	9	1	763	878	7094437	7094553	7.42e-38	159
NC_003070.9:5436899-5437789	NC_003071.7	79.253	241	32	15	653	879	1597244	1597480	1.24e-35	152
NC_003070.9:5436899-5437789	NC_003071.7	79.167	240	33	15	653	878	2139149	2139385	4.47e-35	150
NC_003070.9:5436899-5437789	NC_003071.7	78.298	235	40	9	654	878	5038080	5038313	2.69e-32	141
NC_003070.9:5436899-5437789	NC_003071.7	78.814	236	31	14	654	880	6206818	6206593	2.69e-32	141
NC_003070.9:5436899-5437789	NC_003071.7	82.486	177	12	8	654	828	19172338	19172179	3.48e-31	137
NC_003070.9:5436899-5437789	NC_003071.7	89.720	107	9	2	654	759	4025741	4025846	1.25e-30	135
NC_003070.9:5436899-5437789	NC_003071.7	83.766	154	10	7	654	806	13886247	13886386	1.62e-29	132
NC_003070.9:5436899-5437789	NC_003071.7	86.486	111	11	4	2	111	1368502	1368395	1.26e-25	119
NC_003070.9:5436899-5437789	NC_003071.7	76.471	238	41	12	654	879	7340709	7340943	1.63e-24	115
NC_003070.9:5436899-5437789	NC_003071.7	97.917	48	1	0	667	714	9860177	9860130	4.60e-15	84.2
NC_003070.9:5436899-5437789	NC_003071.7	80.357	112	18	4	1	111	7178425	7178317	1.65e-14	82.4
NC_003070.9:5436899-5437789	NC_003071.7	82.609	92	15	1	1	91	5761057	5760966	5.95e-14	80.5
NC_003070.9:5436899-5437789	NC_003075.7	94.111	883	33	7	2	879	7384282	7383414	0.0	1325
NC_003070.9:5436899-5437789	NC_003075.7	92.857	882	45	7	1	880	12698499	12699364	0.0	1264
NC_003070.9:5436899-5437789	NC_003075.7	87.919	894	76	20	1	879	6169230	6168354	0.0	1024
NC_003070.9:5436899-5437789	NC_003075.7	85.414	905	99	25	1	880	17501312	17502208	0.0	909
NC_003070.9:5436899-5437789	NC_003075.7	87.284	810	78	14	2	806	8899077	8899866	0.0	902
NC_003070.9:5436899-5437789	NC_003075.7	88.251	749	77	8	2	745	1199585	1198843	0.0	885
NC_003070.9:5436899-5437789	NC_003075.7	86.930	811	79	12	1	806	8820691	8819903	0.0	885
NC_003070.9:5436899-5437789	NC_003075.7	88.462	728	56	16	2	725	1100279	1100982	0.0	854
NC_003070.9:5436899-5437789	NC_003075.7	85.265	509	44	13	1	506	9192542	9193022	4.98e-139	496
NC_003070.9:5436899-5437789	NC_003075.7	81.672	622	76	22	273	878	6243220	6243819	3.88e-135	483
NC_003070.9:5436899-5437789	NC_003075.7	80.252	238	31	13	654	878	9111814	9111580	1.60e-39	165
NC_003070.9:5436899-5437789	NC_003075.7	83.660	153	11	8	654	806	5391953	5391815	1.62e-29	132
NC_003070.9:5436899-5437789	NC_003075.7	87.963	108	11	2	654	760	6661317	6661423	7.53e-28	126
NC_003070.9:5436899-5437789	NC_003075.7	82.166	157	18	4	569	722	7572139	7572288	7.53e-28	126
NC_003070.9:5436899-5437789	NC_003075.7	83.117	154	11	6	654	806	14457957	14457818	7.53e-28	126
NC_003070.9:5436899-5437789	NC_003075.7	76.891	238	42	10	654	880	572430	572195	9.74e-27	122
NC_003070.9:5436899-5437789	NC_003075.7	89.474	95	8	2	667	760	12606710	12606617	1.26e-25	119
NC_003070.9:5436899-5437789	NC_003075.7	86.792	106	10	4	1	105	5199120	5199222	1.63e-24	115
NC_003070.9:5436899-5437789	NC_003076.8	93.192	896	27	12	2	891	24313641	24314508	0.0	1286
NC_003070.9:5436899-5437789	NC_003076.8	93.182	880	32	6	2	879	16372999	16373852	0.0	1267
NC_003070.9:5436899-5437789	NC_003076.8	92.997	871	42	7	13	879	26892545	26893400	0.0	1253
NC_003070.9:5436899-5437789	NC_003076.8	91.733	883	52	9	1	878	9866840	9867706	0.0	1206
NC_003070.9:5436899-5437789	NC_003076.8	92.023	865	42	13	2	855	17398749	17397901	0.0	1190
NC_003070.9:5436899-5437789	NC_003076.8	86.913	894	82	20	1	878	23130215	23129341	0.0	970
NC_003070.9:5436899-5437789	NC_003076.8	88.119	808	88	6	2	806	15031812	15031010	0.0	953
NC_003070.9:5436899-5437789	NC_003076.8	86.303	898	90	20	1	882	8602695	8601815	0.0	946
NC_003070.9:5436899-5437789	NC_003076.8	85.810	895	98	24	1	876	13733608	13734492	0.0	922
NC_003070.9:5436899-5437789	NC_003076.8	86.595	843	87	13	2	839	7488977	7488156	0.0	907
NC_003070.9:5436899-5437789	NC_003076.8	87.407	810	75	15	2	806	5648763	5647976	0.0	905
NC_003070.9:5436899-5437789	NC_003076.8	88.204	763	82	6	1	760	15536013	15535256	0.0	904
NC_003070.9:5436899-5437789	NC_003076.8	85.045	896	108	22	1	878	20279501	20278614	0.0	889
NC_003070.9:5436899-5437789	NC_003076.8	88.996	727	64	9	2	724	9298126	9298840	0.0	885
NC_003070.9:5436899-5437789	NC_003076.8	85.011	894	105	22	1	878	14079422	14080302	0.0	881
NC_003070.9:5436899-5437789	NC_003076.8	87.304	764	87	8	2	760	22020973	22021731	0.0	865
NC_003070.9:5436899-5437789	NC_003076.8	88.119	707	60	14	1	702	26891637	26892324	0.0	819
NC_003070.9:5436899-5437789	NC_003076.8	84.752	846	87	26	2	843	15162255	15163062	0.0	809
NC_003070.9:5436899-5437789	NC_003076.8	87.801	705	61	16	2	702	17481151	17481834	0.0	802
NC_003070.9:5436899-5437789	NC_003076.8	86.795	727	75	13	1	724	17956549	17955841	0.0	791
NC_003070.9:5436899-5437789	NC_003076.8	83.184	892	91	19	1	878	19912701	19913547	0.0	761
NC_003070.9:5436899-5437789	NC_003076.8	81.747	893	93	43	2	878	16031387	16030549	0.0	682
NC_003070.9:5436899-5437789	NC_003076.8	85.233	386	33	6	384	745	19408889	19408504	6.77e-103	375
NC_003070.9:5436899-5437789	NC_003076.8	91.597	119	8	2	2	118	13204307	13204189	5.74e-39	163
NC_003070.9:5436899-5437789	NC_003076.8	85.806	155	18	4	654	806	24118290	24118442	2.06e-38	161
NC_003070.9:5436899-5437789	NC_003076.8	79.498	239	28	15	654	879	8749241	8749471	4.47e-35	150
NC_003070.9:5436899-5437789	NC_003076.8	78.838	241	31	14	654	884	9557883	9557653	2.08e-33	145
NC_003070.9:5436899-5437789	NC_003076.8	79.149	235	28	15	654	878	13892353	13892130	7.48e-33	143
NC_003070.9:5436899-5437789	NC_003076.8	78.879	232	34	12	654	879	15581120	15581342	7.48e-33	143
NC_003070.9:5436899-5437789	NC_003076.8	79.149	235	28	15	654	878	16871256	16871479	7.48e-33	143
NC_003070.9:5436899-5437789	NC_003076.8	84.516	155	7	6	654	806	7417661	7417800	3.48e-31	137
NC_003070.9:5436899-5437789	NC_003076.8	78.355	231	36	10	654	878	14810603	14810825	3.48e-31	137
NC_003070.9:5436899-5437789	NC_003076.8	84.416	154	9	6	654	806	26015634	26015773	3.48e-31	137
NC_003070.9:5436899-5437789	NC_003076.8	77.778	252	34	18	654	887	6420064	6419817	1.25e-30	135
NC_003070.9:5436899-5437789	NC_003076.8	76.891	238	39	15	654	879	5625388	5625621	3.50e-26	121
NC_003070.9:5436899-5437789	NC_003076.8	95.833	72	3	0	654	725	4937292	4937363	4.53e-25	117
NC_003070.9:5436899-5437789	NC_003076.8	95.833	72	3	0	654	725	24586843	24586914	4.53e-25	117
NC_003070.9:5436899-5437789	NC_003076.8	86.486	74	8	2	655	728	8671466	8671537	5.95e-14	80.5
NC_003070.9:5436899-5437789	NC_003076.8	86.154	65	8	1	1	64	13679031	13678967	1.29e-10	69.4
NC_003070.9:5436899-5437789	NC_003076.8	93.478	46	3	0	668	713	17247879	17247834	1.29e-10	69.4
NC_003070.9:5436899-5437789	NC_003074.8	93.295	880	40	6	2	878	8596967	8596104	0.0	1280
NC_003070.9:5436899-5437789	NC_003074.8	92.593	864	45	7	2	861	4467613	4468461	0.0	1223
NC_003070.9:5436899-5437789	NC_003074.8	87.168	904	75	21	2	890	20770464	20769587	0.0	989
NC_003070.9:5436899-5437789	NC_003074.8	86.898	893	94	20	2	878	6941484	6940599	0.0	979
NC_003070.9:5436899-5437789	NC_003074.8	86.380	859	95	18	21	869	8328648	8329494	0.0	918
NC_003070.9:5436899-5437789	NC_003074.8	90.517	696	54	10	175	859	18171656	18170962	0.0	909
NC_003070.9:5436899-5437789	NC_003074.8	86.930	811	79	14	2	806	16535294	16534505	0.0	885
NC_003070.9:5436899-5437789	NC_003074.8	86.774	809	82	12	2	806	10900762	10901549	0.0	878
NC_003070.9:5436899-5437789	NC_003074.8	86.667	810	84	11	2	806	16677616	16678406	0.0	876
NC_003070.9:5436899-5437789	NC_003074.8	87.984	749	76	12	2	745	16902332	16903071	0.0	872
NC_003070.9:5436899-5437789	NC_003074.8	85.395	849	92	15	2	845	5591637	5590816	0.0	852
NC_003070.9:5436899-5437789	NC_003074.8	86.139	808	87	11	4	806	18496030	18495243	0.0	848
NC_003070.9:5436899-5437789	NC_003074.8	93.537	557	19	6	324	878	11456100	11455559	0.0	813
NC_003070.9:5436899-5437789	NC_003074.8	92.819	557	22	6	324	878	19529224	19529764	0.0	791
NC_003070.9:5436899-5437789	NC_003074.8	91.950	559	24	8	324	878	4977472	4978013	0.0	763
NC_003070.9:5436899-5437789	NC_003074.8	84.800	375	40	10	384	745	17210070	17209700	1.90e-98	361
NC_003070.9:5436899-5437789	NC_003074.8	95.025	201	8	1	2	200	11456304	11456104	1.50e-84	315
NC_003070.9:5436899-5437789	NC_003074.8	94.975	199	9	1	2	200	19529023	19529220	1.94e-83	311
NC_003070.9:5436899-5437789	NC_003074.8	79.916	239	30	13	654	878	7980317	7980083	7.42e-38	159
NC_003070.9:5436899-5437789	NC_003074.8	79.167	240	31	16	654	879	10405726	10405960	1.61e-34	148
NC_003070.9:5436899-5437789	NC_003074.8	79.012	243	31	16	654	880	21552337	21552099	1.61e-34	148
NC_003070.9:5436899-5437789	NC_003074.8	78.879	232	34	12	654	879	10708958	10709180	7.48e-33	143
NC_003070.9:5436899-5437789	NC_003074.8	78.879	232	34	11	654	878	16405529	16405752	7.48e-33	143
NC_003070.9:5436899-5437789	NC_003074.8	93.684	95	3	1	654	745	7766394	7766488	9.67e-32	139
NC_003070.9:5436899-5437789	NC_003074.8	77.872	235	40	11	654	878	19740108	19740340	1.25e-30	135
NC_003070.9:5436899-5437789	NC_003074.8	83.660	153	11	7	654	806	6729159	6729021	1.62e-29	132
NC_003070.9:5436899-5437789	NC_003074.8	83.660	153	10	6	654	806	19437201	19437338	5.82e-29	130
NC_003070.9:5436899-5437789	NC_003074.8	77.083	240	37	16	653	878	15814256	15814491	9.74e-27	122
NC_003070.9:5436899-5437789	NC_003074.8	88.172	93	10	1	654	745	18885845	18885753	7.58e-23	110
NC_003070.9:5436899-5437789	NC_003074.8	88.889	90	7	3	1	89	10905317	10905404	2.73e-22	108
NC_003070.9:5436899-5437789	NC_003074.8	91.892	74	5	1	2	74	16100860	16100787	1.27e-20	102
NC_003070.9:5436899-5437789	NC_003074.8	87.500	64	7	1	2	64	18887517	18887454	9.95e-12	73.1
NC_003070.9:5436877-5437136	NC_003070.9	100.000	260	0	0	1	260	5437136	5436877	3.79e-135	481
NC_003070.9:5436877-5437136	NC_003070.9	90.708	226	7	5	1	225	29774473	29774261	2.47e-77	289
NC_003070.9:5436877-5437136	NC_003070.9	89.427	227	8	5	1	225	20172273	20172061	2.48e-72	272
NC_003070.9:5436877-5437136	NC_003070.9	82.700	237	26	10	1	225	696707	696474	1.54e-49	196
NC_003070.9:5436877-5437136	NC_003070.9	79.237	236	37	11	1	226	4770347	4770114	9.38e-37	154
NC_003070.9:5436877-5437136	NC_003070.9	79.325	237	34	13	1	225	23125364	23125131	3.37e-36	152
NC_003070.9:5436877-5437136	NC_003070.9	79.167	240	30	17	1	225	10021648	10021414	4.37e-35	148
NC_003070.9:5436877-5437136	NC_003070.9	78.750	240	34	15	1	226	5863277	5863513	5.65e-34	145
NC_003070.9:5436877-5437136	NC_003070.9	79.149	235	30	14	1	226	26881053	26881277	5.65e-34	145
NC_003070.9:5436877-5437136	NC_003070.9	78.279	244	38	14	1	232	25780004	25780244	2.03e-33	143
NC_003070.9:5436877-5437136	NC_003070.9	78.000	250	40	13	1	238	26510903	26510657	2.03e-33	143
NC_003070.9:5436877-5437136	NC_003070.9	79.646	226	22	17	1	223	10852872	10852668	7.31e-33	141
NC_003070.9:5436877-5437136	NC_003070.9	93.548	93	5	1	1	92	2473121	2473029	9.45e-32	137
NC_003070.9:5436877-5437136	NC_003070.9	84.416	154	9	6	1	153	6218813	6218674	9.45e-32	137
NC_003070.9:5436877-5437136	NC_003070.9	78.151	238	36	14	1	225	11803778	11803544	9.45e-32	137
NC_003070.9:5436877-5437136	NC_003070.9	78.541	233	33	14	1	226	16400670	16400448	9.45e-32	137
NC_003070.9:5436877-5437136	NC_003070.9	78.059	237	37	13	1	225	21918751	21918984	3.40e-31	135
NC_003070.9:5436877-5437136	NC_003070.9	92.473	93	6	1	1	92	540654	540562	4.40e-30	132
NC_003070.9:5436877-5437136	NC_003070.9	83.766	154	10	6	1	153	17502560	17502699	4.40e-30	132
NC_003070.9:5436877-5437136	NC_003070.9	78.017	232	36	10	1	225	27241052	27241275	4.40e-30	132
NC_003070.9:5436877-5437136	NC_003070.9	77.489	231	40	10	1	226	20205576	20205353	5.69e-29	128
NC_003070.9:5436877-5437136	NC_003070.9	77.637	237	36	15	1	225	24645833	24646064	5.69e-29	128
NC_003070.9:5436877-5437136	NC_003070.9	84.397	141	7	6	14	153	13870210	13870336	7.36e-28	124
NC_003070.9:5436877-5437136	NC_003070.9	77.725	211	29	16	30	225	9384367	9384160	1.59e-24	113
NC_003070.9:5436877-5437136	NC_003070.9	85.981	107	14	1	1	107	14013607	14013502	1.59e-24	113
NC_003070.9:5436877-5437136	NC_003070.9	85.185	108	13	3	1	107	2986562	2986457	7.41e-23	108
NC_003070.9:5436877-5437136	NC_003076.8	89.453	256	10	6	1	254	24314283	24314523	6.81e-83	307
NC_003070.9:5436877-5437136	NC_003076.8	88.546	227	11	4	1	226	26893188	26893400	5.37e-69	261
NC_003070.9:5436877-5437136	NC_003076.8	87.556	225	14	6	1	225	9867496	9867706	4.18e-65	248
NC_003070.9:5436877-5437136	NC_003076.8	85.022	227	8	4	1	226	16373651	16373852	7.10e-53	207
NC_003070.9:5436877-5437136	NC_003076.8	85.714	210	7	10	1	202	17398095	17397901	1.19e-50	200
NC_003070.9:5436877-5437136	NC_003076.8	85.806	155	18	4	1	153	24118290	24118442	5.61e-39	161
NC_003070.9:5436877-5437136	NC_003076.8	79.498	239	28	15	1	226	8749241	8749471	1.21e-35	150
NC_003070.9:5436877-5437136	NC_003076.8	77.941	272	37	17	1	260	9557883	9557623	4.37e-35	148
NC_003070.9:5436877-5437136	NC_003076.8	79.149	235	28	15	1	225	13892353	13892130	2.03e-33	143
NC_003070.9:5436877-5437136	NC_003076.8	78.879	232	34	12	1	226	15581120	15581342	2.03e-33	143
NC_003070.9:5436877-5437136	NC_003076.8	79.149	235	28	15	1	225	16871256	16871479	2.03e-33	143
NC_003070.9:5436877-5437136	NC_003076.8	84.516	155	7	6	1	153	7417661	7417800	9.45e-32	137
NC_003070.9:5436877-5437136	NC_003076.8	78.355	231	36	10	1	225	14810603	14810825	9.45e-32	137
NC_003070.9:5436877-5437136	NC_003076.8	84.416	154	9	6	1	153	26015634	26015773	9.45e-32	137
NC_003070.9:5436877-5437136	NC_003076.8	77.778	252	34	18	1	234	6420064	6419817	3.40e-31	135
NC_003070.9:5436877-5437136	NC_003076.8	76.891	238	39	15	1	226	5625388	5625621	9.52e-27	121
NC_003070.9:5436877-5437136	NC_003076.8	95.833	72	3	0	1	72	4937292	4937363	1.23e-25	117
NC_003070.9:5436877-5437136	NC_003076.8	89.362	94	8	1	1	92	19408597	19408504	1.23e-25	117
NC_003070.9:5436877-5437136	NC_003076.8	95.833	72	3	0	1	72	24586843	24586914	1.23e-25	117
NC_003070.9:5436877-5437136	NC_003076.8	77.358	212	28	17	30	225	16030756	16030549	7.41e-23	108
NC_003070.9:5436877-5437136	NC_003076.8	86.486	74	8	2	2	75	8671466	8671537	1.62e-14	80.5
NC_003070.9:5436877-5437136	NC_003076.8	93.478	46	3	0	15	60	17247879	17247834	3.50e-11	69.4
NC_003070.9:5436877-5437136	NC_003071.7	91.189	227	4	5	1	225	9030463	9030675	5.30e-79	294
NC_003070.9:5436877-5437136	NC_003071.7	90.708	226	7	5	1	225	1347424	1347212	2.47e-77	289
NC_003070.9:5436877-5437136	NC_003071.7	90.308	227	6	5	1	225	9585143	9585355	1.15e-75	283
NC_003070.9:5436877-5437136	NC_003071.7	89.823	226	8	5	1	225	8173489	8173700	1.92e-73	276
NC_003070.9:5436877-5437136	NC_003071.7	88.938	226	11	3	1	226	10070310	10070099	1.16e-70	267
NC_003070.9:5436877-5437136	NC_003071.7	95.489	133	4	2	96	227	6901793	6901924	5.49e-54	211
NC_003070.9:5436877-5437136	NC_003071.7	93.130	131	7	2	96	225	7176869	7176740	7.15e-48	191
NC_003070.9:5436877-5437136	NC_003071.7	91.667	132	9	2	96	226	14572617	14572747	4.30e-45	182
NC_003070.9:5436877-5437136	NC_003071.7	80.753	239	30	13	1	226	13102126	13102361	2.59e-42	172
NC_003070.9:5436877-5437136	NC_003071.7	90.076	131	11	2	96	225	7094424	7094553	3.35e-41	169
NC_003070.9:5436877-5437136	NC_003071.7	80.870	230	26	15	1	223	9225696	9225478	4.33e-40	165
NC_003070.9:5436877-5437136	NC_003071.7	97.826	92	2	0	1	92	7176937	7176846	2.02e-38	159
NC_003070.9:5436877-5437136	NC_003071.7	97.849	93	1	1	1	92	14572548	14572640	2.02e-38	159
NC_003070.9:5436877-5437136	NC_003071.7	79.167	240	32	15	1	226	1597245	1597480	1.21e-35	150
NC_003070.9:5436877-5437136	NC_003071.7	79.079	239	33	15	1	225	2139150	2139385	4.37e-35	148
NC_003070.9:5436877-5437136	NC_003071.7	95.699	93	3	1	1	92	7094355	7094447	4.37e-35	148
NC_003070.9:5436877-5437136	NC_003071.7	78.298	235	40	9	1	225	5038080	5038313	7.31e-33	141
NC_003070.9:5436877-5437136	NC_003071.7	78.814	236	31	14	1	227	6206818	6206593	7.31e-33	141
NC_003070.9:5436877-5437136	NC_003071.7	82.486	177	12	8	1	175	19172338	19172179	9.45e-32	137
NC_003070.9:5436877-5437136	NC_003071.7	89.720	107	9	2	1	106	4025741	4025846	3.40e-31	135
NC_003070.9:5436877-5437136	NC_003071.7	83.766	154	10	7	1	153	13886247	13886386	4.40e-30	132
NC_003070.9:5436877-5437136	NC_003071.7	77.593	241	36	14	2	227	10996418	10996181	1.58e-29	130
NC_003070.9:5436877-5437136	NC_003071.7	78.095	210	31	13	30	226	1038255	1038048	3.42e-26	119
NC_003070.9:5436877-5437136	NC_003071.7	76.471	238	41	12	1	226	7340709	7340943	4.43e-25	115
NC_003070.9:5436877-5437136	NC_003071.7	78.037	214	24	20	30	225	2320726	2320934	1.59e-24	113
NC_003070.9:5436877-5437136	NC_003071.7	97.917	48	1	0	14	61	9860177	9860130	1.25e-15	84.2
NC_003070.9:5436877-5437136	NC_003075.7	90.789	228	5	6	1	226	7383627	7383414	6.85e-78	291
NC_003070.9:5436877-5437136	NC_003075.7	90.308	227	7	3	1	227	12699153	12699364	1.15e-75	283
NC_003070.9:5436877-5437136	NC_003075.7	80.252	238	31	13	1	225	9111814	9111580	4.33e-40	165
NC_003070.9:5436877-5437136	NC_003075.7	83.660	153	11	8	1	153	5391953	5391815	4.40e-30	132
NC_003070.9:5436877-5437136	NC_003075.7	87.963	108	11	2	1	107	6661317	6661423	2.05e-28	126
NC_003070.9:5436877-5437136	NC_003075.7	83.117	154	11	6	1	153	14457957	14457818	2.05e-28	126
NC_003070.9:5436877-5437136	NC_003075.7	76.891	238	42	10	1	227	572430	572195	2.65e-27	122
NC_003070.9:5436877-5437136	NC_003075.7	89.474	95	8	2	14	107	12606710	12606617	3.42e-26	119
NC_003070.9:5436877-5437136	NC_003075.7	90.411	73	5	2	1	72	1100911	1100982	5.77e-19	95.3
NC_003070.9:5436877-5437136	NC_003075.7	91.304	69	6	0	1	69	7572220	7572288	5.77e-19	95.3
NC_003070.9:5436877-5437136	NC_003074.8	89.823	226	8	4	1	225	11455770	11455559	1.92e-73	276
NC_003070.9:5436877-5437136	NC_003074.8	89.333	225	11	6	1	225	8596315	8596104	8.93e-72	270
NC_003070.9:5436877-5437136	NC_003074.8	88.938	226	10	3	1	225	19529553	19529764	4.15e-70	265
NC_003070.9:5436877-5437136	NC_003074.8	87.619	210	10	7	1	208	4468266	4468461	1.52e-59	230
NC_003070.9:5436877-5437136	NC_003074.8	84.259	216	24	8	1	206	18171177	18170962	3.30e-51	202
NC_003070.9:5436877-5437136	NC_003074.8	79.916	239	30	13	1	225	7980317	7980083	2.02e-38	159
NC_003070.9:5436877-5437136	NC_003074.8	79.412	238	32	16	1	225	6940832	6940599	3.37e-36	152
NC_003070.9:5436877-5437136	NC_003074.8	79.167	240	31	16	1	226	10405726	10405960	4.37e-35	148
NC_003070.9:5436877-5437136	NC_003074.8	79.012	243	31	16	1	227	21552337	21552099	4.37e-35	148
NC_003070.9:5436877-5437136	NC_003074.8	78.879	232	34	12	1	226	10708958	10709180	2.03e-33	143
NC_003070.9:5436877-5437136	NC_003074.8	78.879	232	34	11	1	225	16405529	16405752	2.03e-33	143
NC_003070.9:5436877-5437136	NC_003074.8	93.684	95	3	1	1	92	7766394	7766488	2.63e-32	139
NC_003070.9:5436877-5437136	NC_003074.8	77.872	235	40	11	1	225	19740108	19740340	3.40e-31	135
NC_003070.9:5436877-5437136	NC_003074.8	83.660	153	11	7	1	153	6729159	6729021	4.40e-30	132
NC_003070.9:5436877-5437136	NC_003074.8	83.660	153	10	6	1	153	19437201	19437338	1.58e-29	130
NC_003070.9:5436877-5437136	NC_003074.8	78.027	223	31	17	30	237	20769806	20769587	7.36e-28	124
NC_003070.9:5436877-5437136	NC_003074.8	76.987	239	37	16	1	225	15814257	15814491	9.52e-27	121
NC_003070.9:5436877-5437136	NC_003074.8	88.172	93	10	1	1	92	18885845	18885753	2.06e-23	110
NC_003070.9:4640888-4641692	NC_003070.9	100.000	805	0	0	1	805	4641692	4640888	0.0	1487
NC_003070.9:4640888-4641692	NC_003074.8	90.278	144	14	0	1	144	9295855	9295998	8.53e-47	189
NC_003070.9:4640888-4641692	NC_003074.8	76.753	271	41	16	545	805	9296331	9296589	1.46e-29	132
NC_003070.9:8189960-8190566	NC_003070.9	100.000	607	0	0	1	607	8189960	8190566	0.0	1122
NC_003070.9:8189960-8190566	NC_003070.9	95.199	604	25	4	1	602	19742139	19741538	0.0	952
NC_003070.9:8189960-8190566	NC_003070.9	94.684	602	30	2	2	602	25357824	25358424	0.0	933
NC_003070.9:8189960-8190566	NC_003070.9	93.934	610	31	6	1	607	2588430	2587824	0.0	917
NC_003070.9:8189960-8190566	NC_003070.9	93.081	607	37	5	1	605	29078414	29079017	0.0	883
NC_003070.9:8189960-8190566	NC_003070.9	89.587	605	56	5	2	602	12993595	12992994	0.0	761
NC_003070.9:8189960-8190566	NC_003070.9	88.870	602	59	7	2	600	5531296	5531892	0.0	734
NC_003070.9:8189960-8190566	NC_003070.9	88.342	609	64	7	3	607	14013409	14012804	0.0	725
NC_003070.9:8189960-8190566	NC_003070.9	87.789	606	62	9	2	601	11174210	11174809	0.0	699
NC_003070.9:8189960-8190566	NC_003070.9	87.894	603	52	12	2	600	17605550	17606135	0.0	689
NC_003070.9:8189960-8190566	NC_003070.9	87.603	605	55	7	2	602	12183991	12183403	0.0	684
NC_003070.9:8189960-8190566	NC_003070.9	87.213	610	65	12	2	605	13879653	13879051	0.0	682
NC_003070.9:8189960-8190566	NC_003070.9	87.209	602	58	9	1	600	21335943	21336527	0.0	667
NC_003070.9:8189960-8190566	NC_003070.9	86.820	607	59	7	2	604	20509422	20508833	0.0	658
NC_003070.9:8189960-8190566	NC_003070.9	87.748	555	46	6	54	602	12457718	12458256	3.16e-179	628
NC_003070.9:8189960-8190566	NC_003070.9	86.496	585	57	7	22	600	19717926	19718494	1.47e-177	623
NC_003070.9:8189960-8190566	NC_003070.9	86.482	577	58	12	5	577	18805110	18804550	2.46e-175	616
NC_003070.9:8189960-8190566	NC_003070.9	88.150	481	50	7	123	600	3498228	3497752	2.51e-160	566
NC_003070.9:8189960-8190566	NC_003070.9	91.270	378	30	3	223	600	9918827	9918453	3.32e-144	512
NC_003070.9:8189960-8190566	NC_003070.9	88.164	414	40	5	187	600	16859036	16858632	7.24e-136	484
NC_003070.9:8189960-8190566	NC_003070.9	86.925	413	44	6	187	598	26307100	26307503	5.68e-127	455
NC_003070.9:8189960-8190566	NC_003070.9	89.645	338	32	3	2	336	24027183	24027520	1.24e-118	427
NC_003070.9:8189960-8190566	NC_003070.9	90.625	192	16	2	2	191	9919332	9919141	2.22e-66	254
NC_003070.9:8189960-8190566	NC_003070.9	91.608	143	10	1	2	142	26306960	26307102	3.80e-49	196
NC_003070.9:8189960-8190566	NC_003070.9	89.241	158	8	6	451	606	22192410	22192560	6.36e-47	189
NC_003070.9:8189960-8190566	NC_003070.9	90.278	144	11	2	2	142	16859177	16859034	8.23e-46	185
NC_003070.9:8189960-8190566	NC_003070.9	92.708	96	6	1	2	97	21918434	21918528	2.34e-31	137
NC_003070.9:8189960-8190566	NC_003070.9	91.667	96	7	1	2	97	16401003	16400909	1.09e-29	132
NC_003070.9:8189960-8190566	NC_003070.9	90.625	96	8	1	2	97	5899755	5899661	5.06e-28	126
NC_003070.9:8189960-8190566	NC_003070.9	85.156	128	14	4	474	601	25896699	25896577	5.06e-28	126
NC_003070.9:8189960-8190566	NC_003070.9	89.691	97	8	2	1	97	26880720	26880814	6.54e-27	122
NC_003070.9:8189960-8190566	NC_003070.9	89.583	96	8	2	2	96	1160224	1160318	2.35e-26	121
NC_003070.9:8189960-8190566	NC_003070.9	91.111	90	6	2	8	96	12525587	12525675	2.35e-26	121
NC_003070.9:8189960-8190566	NC_003070.9	91.954	87	5	2	2	86	18766618	18766532	2.35e-26	121
NC_003070.9:8189960-8190566	NC_003070.9	91.111	90	6	2	1	88	19665947	19666036	2.35e-26	121
NC_003070.9:8189960-8190566	NC_003070.9	90.588	85	7	1	2	86	2473307	2473224	1.42e-23	111
NC_003070.9:8189960-8190566	NC_003070.9	87.500	96	11	1	2	97	23125693	23125599	5.09e-23	110
NC_003070.9:8189960-8190566	NC_003070.9	87.629	97	7	4	2	97	6219140	6219048	1.83e-22	108
NC_003070.9:8189960-8190566	NC_003070.9	89.412	85	9	0	2	86	13313923	13313839	1.83e-22	108
NC_003070.9:8189960-8190566	NC_003070.9	88.764	89	9	1	297	385	29078577	29078664	1.83e-22	108
NC_003070.9:8189960-8190566	NC_003070.9	89.535	86	6	3	523	606	20172137	20172053	6.59e-22	106
NC_003070.9:8189960-8190566	NC_003070.9	86.598	97	12	1	1	97	27240718	27240813	6.59e-22	106
NC_003070.9:8189960-8190566	NC_003070.9	89.157	83	8	1	2	83	10929426	10929508	8.52e-21	102
NC_003070.9:8189960-8190566	NC_003070.9	90.769	65	5	1	1	65	18301143	18301080	8.58e-16	86.1
NC_003070.9:8189960-8190566	NC_003070.9	90.625	64	5	1	2	65	6514476	6514538	3.09e-15	84.2
NC_003070.9:8189960-8190566	NC_003070.9	90.625	64	5	1	2	65	9385033	9384971	3.09e-15	84.2
NC_003070.9:8189960-8190566	NC_003070.9	90.476	63	5	1	1	63	10579423	10579484	1.11e-14	82.4
NC_003070.9:8189960-8190566	NC_003070.9	87.500	64	8	0	2	65	12618638	12618701	1.86e-12	75.0
NC_003070.9:8189960-8190566	NC_003070.9	88.525	61	6	1	2	61	13548432	13548492	6.68e-12	73.1
NC_003070.9:8189960-8190566	NC_003076.8	95.993	599	21	3	1	598	14880215	14880811	0.0	970
NC_003070.9:8189960-8190566	NC_003076.8	95.079	569	22	6	1	567	19479576	19480140	0.0	891
NC_003070.9:8189960-8190566	NC_003076.8	90.879	603	46	8	2	600	15659431	15658834	0.0	800
NC_003070.9:8189960-8190566	NC_003076.8	89.934	606	54	4	1	601	349809	350412	0.0	774
NC_003070.9:8189960-8190566	NC_003076.8	89.298	598	61	3	1	598	9545737	9546331	0.0	747
NC_003070.9:8189960-8190566	NC_003076.8	88.353	601	65	5	2	600	14873456	14874053	0.0	717
NC_003070.9:8189960-8190566	NC_003076.8	87.273	605	57	9	2	601	20674822	20674233	0.0	673
NC_003070.9:8189960-8190566	NC_003076.8	86.786	613	57	10	1	607	9979174	9978580	0.0	662
NC_003070.9:8189960-8190566	NC_003076.8	86.401	603	56	8	1	601	23662581	23662003	0.0	636
NC_003070.9:8189960-8190566	NC_003076.8	85.761	618	55	17	2	600	25178777	25179380	1.47e-177	623
NC_003070.9:8189960-8190566	NC_003076.8	84.411	603	52	13	1	600	10042375	10041812	5.44e-157	555
NC_003070.9:8189960-8190566	NC_003076.8	87.067	433	42	10	171	601	22463783	22464203	1.21e-133	477
NC_003070.9:8189960-8190566	NC_003076.8	87.778	180	18	4	429	607	5625452	5625628	1.76e-52	207
NC_003070.9:8189960-8190566	NC_003076.8	89.362	141	12	2	5	142	22463661	22463801	1.78e-42	174
NC_003070.9:8189960-8190566	NC_003076.8	91.753	97	7	1	1	97	13892687	13892592	3.02e-30	134
NC_003070.9:8189960-8190566	NC_003076.8	90.722	97	8	1	1	97	24448811	24448906	1.41e-28	128
NC_003070.9:8189960-8190566	NC_003076.8	89.691	97	9	1	1	97	7417330	7417425	6.54e-27	122
NC_003070.9:8189960-8190566	NC_003076.8	89.691	97	9	1	1	97	16870922	16871017	6.54e-27	122
NC_003070.9:8189960-8190566	NC_003076.8	89.583	96	9	1	2	97	9558216	9558122	2.35e-26	121
NC_003070.9:8189960-8190566	NC_003076.8	89.583	96	9	1	2	97	14104208	14104114	2.35e-26	121
NC_003070.9:8189960-8190566	NC_003076.8	94.737	76	4	0	2	77	9763120	9763045	8.46e-26	119
NC_003070.9:8189960-8190566	NC_003076.8	88.660	97	8	3	2	97	6702418	6702324	1.09e-24	115
NC_003070.9:8189960-8190566	NC_003076.8	88.660	97	8	3	2	97	13231669	13231763	1.09e-24	115
NC_003070.9:8189960-8190566	NC_003076.8	88.542	96	10	1	2	97	24117960	24118054	1.09e-24	115
NC_003070.9:8189960-8190566	NC_003076.8	88.421	95	9	2	1	94	10873660	10873753	3.94e-24	113
NC_003070.9:8189960-8190566	NC_003076.8	87.500	96	11	1	2	97	7701181	7701087	5.09e-23	110
NC_003070.9:8189960-8190566	NC_003076.8	85.417	96	13	1	2	97	16712851	16712945	1.10e-19	99.0
NC_003070.9:8189960-8190566	NC_003076.8	85.556	90	12	1	2	91	8280718	8280806	5.13e-18	93.5
NC_003070.9:8189960-8190566	NC_003076.8	92.308	65	4	1	1	65	7488978	7488915	1.84e-17	91.6
NC_003070.9:8189960-8190566	NC_003076.8	92.188	64	4	1	2	65	9866841	9866903	6.64e-17	89.8
NC_003070.9:8189960-8190566	NC_003076.8	92.188	64	4	1	2	65	15536012	15535950	6.64e-17	89.8
NC_003070.9:8189960-8190566	NC_003076.8	90.769	65	5	1	1	65	15162254	15162317	8.58e-16	86.1
NC_003070.9:8189960-8190566	NC_003076.8	90.476	63	5	1	1	63	19153747	19153686	1.11e-14	82.4
NC_003070.9:8189960-8190566	NC_003076.8	89.231	65	6	1	1	65	17481150	17481213	3.99e-14	80.5
NC_003070.9:8189960-8190566	NC_003076.8	87.500	64	7	1	2	65	22020973	22021035	6.68e-12	73.1
NC_003070.9:8189960-8190566	NC_003075.7	95.847	602	22	3	1	600	6427217	6426617	0.0	970
NC_003070.9:8189960-8190566	NC_003075.7	95.395	608	22	6	2	607	7154779	7155382	0.0	963
NC_003070.9:8189960-8190566	NC_003075.7	94.167	600	32	3	2	600	7905771	7906368	0.0	911
NC_003070.9:8189960-8190566	NC_003075.7	88.186	601	64	6	2	600	6895543	6894948	0.0	710
NC_003070.9:8189960-8190566	NC_003075.7	87.541	610	56	6	2	607	6414640	6414047	0.0	688
NC_003070.9:8189960-8190566	NC_003075.7	87.833	600	49	7	2	600	8725655	8725079	0.0	682
NC_003070.9:8189960-8190566	NC_003075.7	87.396	603	52	12	1	600	9146442	9147023	0.0	671
NC_003070.9:8189960-8190566	NC_003075.7	86.899	603	62	9	1	601	13124455	13123868	0.0	660
NC_003070.9:8189960-8190566	NC_003075.7	86.567	603	61	8	2	600	3897172	3897758	0.0	647
NC_003070.9:8189960-8190566	NC_003075.7	84.833	600	52	16	2	598	7652564	7653127	6.99e-161	568
NC_003070.9:8189960-8190566	NC_003075.7	87.377	507	43	9	2	501	9188717	9189209	3.25e-159	562
NC_003070.9:8189960-8190566	NC_003075.7	86.445	391	42	7	187	577	12968298	12967919	7.45e-116	418
NC_003070.9:8189960-8190566	NC_003075.7	91.329	173	12	3	429	601	6115735	6115904	2.90e-60	233
NC_003070.9:8189960-8190566	NC_003075.7	88.889	144	12	3	2	142	12968438	12968296	1.78e-42	174
NC_003070.9:8189960-8190566	NC_003075.7	91.753	97	6	2	1	96	2040106	2040201	3.02e-30	134
NC_003070.9:8189960-8190566	NC_003075.7	91.579	95	6	2	1	94	13537671	13537578	3.91e-29	130
NC_003070.9:8189960-8190566	NC_003075.7	89.583	96	9	1	2	97	12607047	12606953	2.35e-26	121
NC_003070.9:8189960-8190566	NC_003075.7	95.946	74	2	1	2	75	2987147	2987219	8.46e-26	119
NC_003070.9:8189960-8190566	NC_003075.7	89.474	95	9	1	3	97	14458283	14458190	8.46e-26	119
NC_003070.9:8189960-8190566	NC_003075.7	90.000	90	8	1	1	90	6638804	6638892	1.09e-24	115
NC_003070.9:8189960-8190566	NC_003075.7	89.888	89	8	1	297	385	9146605	9146692	3.94e-24	113
NC_003070.9:8189960-8190566	NC_003075.7	93.846	65	4	0	1	65	5431588	5431524	1.10e-19	99.0
NC_003070.9:8189960-8190566	NC_003075.7	85.417	96	13	1	1	96	12365607	12365513	1.10e-19	99.0
NC_003070.9:8189960-8190566	NC_003075.7	85.393	89	12	1	297	385	7652728	7652815	1.84e-17	91.6
NC_003070.9:8189960-8190566	NC_003075.7	92.188	64	4	1	2	65	9192543	9192605	6.64e-17	89.8
NC_003070.9:8189960-8190566	NC_003075.7	90.625	64	5	1	2	65	6169229	6169167	3.09e-15	84.2
NC_003070.9:8189960-8190566	NC_003075.7	89.231	65	7	0	1	65	8899076	8899140	1.11e-14	82.4
NC_003070.9:8189960-8190566	NC_003075.7	89.231	65	6	1	1	65	7230734	7230797	3.99e-14	80.5
NC_003070.9:8189960-8190566	NC_003075.7	89.231	65	6	1	1	65	7384283	7384220	3.99e-14	80.5
NC_003070.9:8189960-8190566	NC_003075.7	87.692	65	7	1	1	65	1199586	1199523	1.86e-12	75.0
NC_003070.9:8189960-8190566	NC_003074.8	94.719	606	25	7	2	604	15918691	15918090	0.0	935
NC_003070.9:8189960-8190566	NC_003074.8	89.701	602	55	5	2	600	8644742	8645339	0.0	761
NC_003070.9:8189960-8190566	NC_003074.8	88.391	603	52	9	2	601	19520641	19521228	0.0	710
NC_003070.9:8189960-8190566	NC_003074.8	87.934	605	53	14	2	602	7659521	7658933	0.0	695
NC_003070.9:8189960-8190566	NC_003074.8	87.129	606	59	9	1	602	7937572	7936982	0.0	669
NC_003070.9:8189960-8190566	NC_003074.8	85.644	606	65	11	2	602	18147108	18146520	6.84e-176	617
NC_003070.9:8189960-8190566	NC_003074.8	84.437	604	50	17	1	601	10681953	10681391	5.44e-157	555
NC_003070.9:8189960-8190566	NC_003074.8	94.186	86	4	1	1	85	10082829	10082744	3.91e-29	130
NC_003070.9:8189960-8190566	NC_003074.8	90.722	97	7	2	1	97	7766061	7766155	1.41e-28	128
NC_003070.9:8189960-8190566	NC_003074.8	89.899	99	9	1	1	98	8772146	8772244	5.06e-28	126
NC_003070.9:8189960-8190566	NC_003074.8	90.526	95	6	3	4	97	6729497	6729405	6.54e-27	122
NC_003070.9:8189960-8190566	NC_003074.8	94.667	75	4	0	2	76	7318502	7318576	3.04e-25	117
NC_003070.9:8189960-8190566	NC_003074.8	88.542	96	10	1	2	97	14057124	14057218	1.09e-24	115
NC_003070.9:8189960-8190566	NC_003074.8	88.542	96	10	1	2	97	19739757	19739851	1.09e-24	115
NC_003070.9:8189960-8190566	NC_003074.8	87.629	97	11	1	1	97	7274659	7274754	1.42e-23	111
NC_003070.9:8189960-8190566	NC_003074.8	92.405	79	5	1	523	601	11455635	11455558	1.42e-23	111
NC_003070.9:8189960-8190566	NC_003074.8	86.735	98	8	5	2	97	15812961	15813055	2.37e-21	104
NC_003070.9:8189960-8190566	NC_003074.8	95.238	63	3	0	3	65	16235708	16235646	3.07e-20	100
NC_003070.9:8189960-8190566	NC_003074.8	92.308	65	4	1	1	65	16677615	16677678	1.84e-17	91.6
NC_003070.9:8189960-8190566	NC_003074.8	92.308	65	4	1	1	65	20770465	20770402	1.84e-17	91.6
NC_003070.9:8189960-8190566	NC_003074.8	90.769	65	5	1	1	65	8596968	8596905	8.58e-16	86.1
NC_003070.9:8189960-8190566	NC_003074.8	90.769	65	5	1	1	65	16535295	16535232	8.58e-16	86.1
NC_003070.9:8189960-8190566	NC_003074.8	90.323	62	5	1	2	63	19537816	19537756	3.99e-14	80.5
NC_003070.9:8189960-8190566	NC_003074.8	89.062	64	6	1	2	65	19529023	19529085	1.44e-13	78.7
NC_003070.9:8189960-8190566	NC_003074.8	92.593	54	3	1	1	53	11315006	11315059	5.17e-13	76.8
NC_003070.9:8189960-8190566	NC_003074.8	88.889	63	6	1	1	63	16902331	16902392	5.17e-13	76.8
NC_003070.9:8189960-8190566	NC_003074.8	82.143	84	14	1	14	97	18634492	18634410	2.40e-11	71.3
NC_003070.9:8189960-8190566	NC_003074.8	85.938	64	8	1	2	65	10900762	10900824	3.11e-10	67.6
NC_003070.9:8189960-8190566	NC_003074.8	100.000	33	0	0	2	34	9540459	9540491	1.45e-08	62.1
NC_003070.9:8189960-8190566	NC_003074.8	100.000	30	0	0	1	30	18172793	18172764	6.73e-07	56.5
NC_003070.9:8189960-8190566	NC_003071.7	94.807	597	25	5	6	600	7178423	7179015	0.0	926
NC_003070.9:8189960-8190566	NC_003071.7	90.232	604	51	8	1	600	2299066	2299665	0.0	782
NC_003070.9:8189960-8190566	NC_003071.7	90.216	603	50	8	2	601	4758696	4758100	0.0	778
NC_003070.9:8189960-8190566	NC_003071.7	89.860	572	53	4	1	569	10239496	10238927	0.0	730
NC_003070.9:8189960-8190566	NC_003071.7	86.899	603	60	10	2	600	11597292	11597879	0.0	658
NC_003070.9:8189960-8190566	NC_003071.7	86.446	605	53	9	2	602	8046269	8045690	0.0	636
NC_003070.9:8189960-8190566	NC_003071.7	87.067	433	43	9	171	601	8907576	8907997	1.21e-133	477
NC_003070.9:8189960-8190566	NC_003071.7	87.234	423	42	7	187	607	17992947	17992535	5.64e-132	472
NC_003070.9:8189960-8190566	NC_003071.7	87.229	415	42	7	187	600	9891650	9891246	3.39e-129	462
NC_003070.9:8189960-8190566	NC_003071.7	91.753	97	6	2	1	96	6411148	6411243	3.02e-30	134
NC_003070.9:8189960-8190566	NC_003071.7	91.000	100	6	3	1	98	7439724	7439626	1.09e-29	132
NC_003070.9:8189960-8190566	NC_003071.7	90.625	96	7	2	2	96	2262405	2262311	5.06e-28	126
NC_003070.9:8189960-8190566	NC_003071.7	90.625	96	8	1	2	97	9860514	9860420	5.06e-28	126
NC_003070.9:8189960-8190566	NC_003071.7	90.625	96	8	1	2	97	19623102	19623196	5.06e-28	126
NC_003070.9:8189960-8190566	NC_003071.7	89.691	97	8	2	1	97	7340380	7340474	6.54e-27	122
NC_003070.9:8189960-8190566	NC_003071.7	89.691	97	9	1	1	97	9229180	9229085	6.54e-27	122
NC_003070.9:8189960-8190566	NC_003071.7	91.954	87	5	2	2	86	1303113	1303027	2.35e-26	121
NC_003070.9:8189960-8190566	NC_003071.7	89.583	96	9	1	2	97	6207151	6207057	2.35e-26	121
NC_003070.9:8189960-8190566	NC_003071.7	89.583	96	9	1	2	97	9433091	9433185	2.35e-26	121
NC_003070.9:8189960-8190566	NC_003071.7	88.000	100	9	3	1	99	1552863	1552766	1.09e-24	115
NC_003070.9:8189960-8190566	NC_003071.7	88.660	97	8	3	2	97	5037751	5037845	1.09e-24	115
NC_003070.9:8189960-8190566	NC_003071.7	87.629	97	11	1	1	97	5010653	5010558	1.42e-23	111
NC_003070.9:8189960-8190566	NC_003071.7	92.405	79	5	1	523	601	7176816	7176739	1.42e-23	111
NC_003070.9:8189960-8190566	NC_003071.7	88.889	90	9	1	2	91	1955470	1955558	5.09e-23	110
NC_003070.9:8189960-8190566	NC_003071.7	91.935	62	4	1	2	63	3198502	3198442	8.58e-16	86.1
NC_003070.9:8189960-8190566	NC_003071.7	90.769	65	5	1	1	65	6901190	6901253	8.58e-16	86.1
NC_003070.9:8189960-8190566	NC_003071.7	89.231	65	6	1	1	65	1322857	1322794	3.99e-14	80.5
NC_003070.9:8189960-8190566	NC_003071.7	89.231	65	6	1	1	65	9029806	9029869	3.99e-14	80.5
NC_003070.9:8189960-8190566	NC_003071.7	89.231	65	6	1	1	65	10070965	10070902	3.99e-14	80.5
NC_003070.9:8189960-8190566	NC_003071.7	87.692	65	7	1	1	65	11909721	11909658	1.86e-12	75.0
NC_003070.9:8189960-8190566	NC_003071.7	87.302	63	7	1	3	65	2320063	2320124	2.40e-11	71.3
NC_003070.9:8577160-8578073	NC_003070.9	100.000	914	0	0	1	914	8578073	8577160	0.0	1688
NC_003070.9:8577160-8578073	NC_003070.9	92.818	919	44	16	7	914	8169453	8170360	0.0	1312
NC_003070.9:8577160-8578073	NC_003070.9	94.235	503	20	7	1	494	1276622	1276120	0.0	760
NC_003070.9:8577160-8578073	NC_003070.9	92.373	472	23	6	428	891	16712575	16713041	0.0	660
NC_003070.9:8577160-8578073	NC_003070.9	88.008	492	40	9	432	911	13882132	13881648	1.38e-159	564
NC_003070.9:8577160-8578073	NC_003070.9	92.632	380	20	7	56	430	16712159	16712535	2.33e-152	540
NC_003070.9:8577160-8578073	NC_003070.9	86.318	497	50	11	428	912	7132837	7132347	6.52e-148	525
NC_003070.9:8577160-8578073	NC_003070.9	88.863	431	38	5	6	430	11298494	11298920	8.44e-147	521
NC_003070.9:8577160-8578073	NC_003070.9	90.074	403	25	8	428	825	7833691	7833299	6.57e-143	508
NC_003070.9:8577160-8578073	NC_003070.9	92.464	345	19	3	572	914	1276124	1275785	3.08e-136	486
NC_003070.9:8577160-8578073	NC_003070.9	87.775	409	42	7	6	410	13882600	13882196	8.62e-132	472
NC_003070.9:8577160-8578073	NC_003070.9	86.406	434	41	7	2	430	7834151	7833731	6.71e-128	459
NC_003070.9:8577160-8578073	NC_003070.9	91.339	254	20	2	8	261	16709990	16710241	5.45e-94	346
NC_003070.9:8577160-8578073	NC_003070.9	77.505	529	59	27	428	906	11648396	11648914	5.65e-69	263
NC_003070.9:8577160-8578073	NC_003070.9	86.164	159	16	4	515	671	16702701	16702547	4.55e-40	167
NC_003070.9:8577160-8578073	NC_003071.7	93.982	914	37	11	5	906	1963675	1962768	0.0	1367
NC_003070.9:8577160-8578073	NC_003071.7	92.803	917	50	11	6	914	1948494	1947586	0.0	1314
NC_003070.9:8577160-8578073	NC_003071.7	94.589	499	19	3	5	496	5836744	5837241	0.0	765
NC_003070.9:8577160-8578073	NC_003071.7	90.989	455	23	8	428	870	7348244	7348692	1.36e-169	597
NC_003070.9:8577160-8578073	NC_003071.7	90.261	421	36	5	6	424	6682171	6682588	5.01e-154	545
NC_003070.9:8577160-8578073	NC_003071.7	95.322	342	10	2	569	909	5837232	5837568	8.38e-152	538
NC_003070.9:8577160-8578073	NC_003071.7	89.252	428	40	5	5	431	7347783	7348205	1.40e-149	531
NC_003070.9:8577160-8578073	NC_003071.7	81.818	484	51	15	463	914	1691683	1692161	8.99e-102	372
NC_003070.9:8577160-8578073	NC_003071.7	88.387	310	30	5	6	312	8538104	8537798	1.16e-100	368
NC_003070.9:8577160-8578073	NC_003071.7	84.319	389	44	13	428	812	6682635	6683010	1.50e-99	364
NC_003070.9:8577160-8578073	NC_003071.7	93.567	171	8	3	105	274	9736633	9736465	1.22e-65	252
NC_003070.9:8577160-8578073	NC_003071.7	83.249	197	26	7	582	777	1430978	1431168	2.72e-42	174
NC_003070.9:8577160-8578073	NC_003071.7	84.507	142	16	5	123	263	6675465	6675329	1.28e-30	135
NC_003070.9:8577160-8578073	NC_003071.7	92.857	56	4	0	4	59	6629877	6629822	1.70e-14	82.4
NC_003070.9:8577160-8578073	NC_003074.8	93.621	486	19	7	435	914	10997653	10997174	0.0	715
NC_003070.9:8577160-8578073	NC_003074.8	87.678	422	39	6	7	424	9256519	9256931	5.15e-134	479
NC_003070.9:8577160-8578073	NC_003074.8	86.713	429	50	5	7	430	10202621	10202195	3.10e-131	470
NC_003070.9:8577160-8578073	NC_003076.8	92.197	487	29	7	428	913	13520372	13519894	0.0	680
NC_003070.9:8577160-8578073	NC_003076.8	91.886	493	26	10	429	914	11275850	11275365	0.0	676
NC_003070.9:8577160-8578073	NC_003076.8	89.671	426	39	5	7	430	13520835	13520413	8.38e-152	538
NC_003070.9:8577160-8578073	NC_003076.8	86.698	421	47	9	7	424	10369950	10370364	6.71e-128	459
NC_003070.9:8577160-8578073	NC_003076.8	86.256	422	45	10	6	424	3018685	3019096	5.22e-124	446
NC_003070.9:8577160-8578073	NC_003076.8	85.714	273	26	6	140	412	12547694	12547953	7.25e-73	276
NC_003070.9:8577160-8578073	NC_003076.8	80.926	367	41	18	428	790	13651499	13651158	5.65e-69	263
NC_003070.9:8577160-8578073	NC_003075.7	90.453	419	37	3	7	424	5604459	5604875	3.87e-155	549
NC_003070.9:8577160-8578073	NC_003075.7	87.640	445	36	7	432	871	2341017	2341447	3.95e-140	499
NC_003070.9:8577160-8578073	NC_003075.7	86.806	432	43	12	6	430	2723755	2724179	3.10e-131	470
NC_003070.9:8577160-8578073	NC_003075.7	86.682	428	49	8	5	430	7348639	7348218	1.11e-130	468
NC_003070.9:8577160-8578073	NC_003075.7	86.905	420	48	6	7	424	11224159	11224573	1.44e-129	464
NC_003070.9:8577160-8578073	NC_003075.7	83.908	435	38	11	449	877	12740413	12740005	3.21e-106	387
NC_003070.9:8577160-8578073	NC_003075.7	85.862	290	39	2	7	296	7555797	7556084	2.57e-82	307
NC_003070.9:8538889-8539763	NC_003070.9	100.000	875	0	0	1	875	8538889	8539763	0.0	1616
NC_003070.9:8538889-8539763	NC_003070.9	95.672	878	31	7	1	875	9385033	9384160	0.0	1404
NC_003070.9:8538889-8539763	NC_003070.9	95.216	878	34	7	1	875	18301142	18300270	0.0	1382
NC_003070.9:8538889-8539763	NC_003070.9	90.990	899	53	15	1	875	20513679	20514573	0.0	1186
NC_003070.9:8538889-8539763	NC_003070.9	89.602	904	62	18	1	875	697374	696474	0.0	1120
NC_003070.9:8538889-8539763	NC_003070.9	89.492	885	61	14	1	870	3250607	3251474	0.0	1090
NC_003070.9:8538889-8539763	NC_003070.9	88.864	889	74	15	4	875	9418943	9418063	0.0	1070
NC_003070.9:8538889-8539763	NC_003070.9	88.466	893	79	13	1	875	12618638	12619524	0.0	1057
NC_003070.9:8538889-8539763	NC_003070.9	88.552	891	77	14	1	875	21127989	21128870	0.0	1057
NC_003070.9:8538889-8539763	NC_003070.9	88.301	889	80	13	4	875	20167552	20166671	0.0	1044
NC_003070.9:8538889-8539763	NC_003070.9	88.143	894	82	13	1	875	11670245	11669357	0.0	1042
NC_003070.9:8538889-8539763	NC_003070.9	87.794	893	75	20	1	875	5437788	5436912	0.0	1014
NC_003070.9:8538889-8539763	NC_003070.9	89.199	787	68	13	1	779	6514476	6515253	0.0	966
NC_003070.9:8538889-8539763	NC_003070.9	86.836	904	63	25	1	875	10239320	10240196	0.0	959
NC_003070.9:8538889-8539763	NC_003070.9	86.424	906	66	13	1	875	29775140	29774261	0.0	939
NC_003070.9:8538889-8539763	NC_003070.9	86.614	889	65	17	1	873	8623608	8622758	0.0	933
NC_003070.9:8538889-8539763	NC_003070.9	86.067	890	74	26	1	875	21616151	21615297	0.0	911
NC_003070.9:8538889-8539763	NC_003070.9	86.085	848	73	18	1	834	14014231	14013415	0.0	870
NC_003070.9:8538889-8539763	NC_003070.9	89.744	585	53	5	1	582	3762158	3762738	0.0	741
NC_003070.9:8538889-8539763	NC_003070.9	87.158	475	42	9	417	875	10579670	10580141	8.07e-147	521
NC_003070.9:8538889-8539763	NC_003070.9	95.025	201	10	0	1	201	20172809	20172609	4.09e-85	316
NC_003070.9:8538889-8539763	NC_003070.9	91.304	207	13	5	671	875	23125334	23125131	1.93e-73	278
NC_003070.9:8538889-8539763	NC_003070.9	90.338	207	16	4	671	875	10021618	10021414	1.16e-70	268
NC_003070.9:8538889-8539763	NC_003070.9	90.338	207	15	5	671	875	19769370	19769573	4.17e-70	267
NC_003070.9:8538889-8539763	NC_003070.9	89.855	207	18	3	671	875	13811108	13810903	5.40e-69	263
NC_003070.9:8538889-8539763	NC_003070.9	91.209	182	14	2	694	875	12240731	12240910	5.44e-64	246
NC_003070.9:8538889-8539763	NC_003070.9	87.558	217	12	7	673	875	17502592	17502807	3.27e-61	237
NC_003070.9:8538889-8539763	NC_003070.9	90.751	173	15	1	703	875	14012983	14012812	5.48e-59	230
NC_003070.9:8538889-8539763	NC_003070.9	90.643	171	15	1	705	875	3497921	3497752	7.08e-58	226
NC_003070.9:8538889-8539763	NC_003070.9	90.173	173	15	2	705	875	19741712	19741540	2.55e-57	224
NC_003070.9:8538889-8539763	NC_003070.9	87.317	205	15	2	671	875	26881083	26881276	2.55e-57	224
NC_003070.9:8538889-8539763	NC_003070.9	89.595	173	15	3	705	875	2588003	2587832	4.26e-55	217
NC_003070.9:8538889-8539763	NC_003070.9	89.349	169	18	0	707	875	29078845	29079013	5.51e-54	213
NC_003070.9:8538889-8539763	NC_003070.9	88.889	171	19	0	705	875	12993166	12992996	1.98e-53	211
NC_003070.9:8538889-8539763	NC_003070.9	84.793	217	18	7	673	875	13870229	13870444	3.32e-51	204
NC_003070.9:8538889-8539763	NC_003070.9	88.820	161	16	2	671	830	4583354	4583513	5.55e-49	196
NC_003070.9:8538889-8539763	NC_003070.9	89.744	156	12	4	722	875	21336374	21336527	5.55e-49	196
NC_003070.9:8538889-8539763	NC_003070.9	85.641	195	13	7	673	853	6218781	6218588	2.58e-47	191
NC_003070.9:8538889-8539763	NC_003070.9	89.610	154	10	1	722	875	22192405	22192552	2.58e-47	191
NC_003070.9:8538889-8539763	NC_003070.9	89.610	154	10	1	722	875	29244538	29244685	2.58e-47	191
NC_003070.9:8538889-8539763	NC_003076.8	97.831	876	16	3	1	875	23130214	23129341	0.0	1509
NC_003070.9:8538889-8539763	NC_003076.8	89.113	891	77	11	1	875	20279500	20278614	0.0	1090
NC_003070.9:8538889-8539763	NC_003076.8	88.889	891	74	15	1	873	13733609	13734492	0.0	1074
NC_003070.9:8538889-8539763	NC_003076.8	88.789	892	67	15	1	875	8602694	8601819	0.0	1062
NC_003070.9:8538889-8539763	NC_003076.8	89.554	852	67	11	1	837	5648763	5647919	0.0	1061
NC_003070.9:8538889-8539763	NC_003076.8	88.398	905	69	14	1	875	15031812	15030914	0.0	1057
NC_003070.9:8538889-8539763	NC_003076.8	88.440	891	79	15	1	873	7488977	7488093	0.0	1053
NC_003070.9:8538889-8539763	NC_003076.8	88.825	868	75	13	1	852	15536012	15535151	0.0	1046
NC_003070.9:8538889-8539763	NC_003076.8	88.965	879	53	28	1	875	16031387	16030549	0.0	1046
NC_003070.9:8538889-8539763	NC_003076.8	88.341	892	75	16	1	875	14079423	14080302	0.0	1044
NC_003070.9:8538889-8539763	NC_003076.8	90.704	796	53	10	1	779	17398749	17397958	0.0	1040
NC_003070.9:8538889-8539763	NC_003076.8	87.991	891	84	13	1	873	22020973	22021858	0.0	1031
NC_003070.9:8538889-8539763	NC_003076.8	90.805	783	55	7	13	779	26892546	26893327	0.0	1031
NC_003070.9:8538889-8539763	NC_003076.8	90.075	796	61	8	1	779	9866841	9867635	0.0	1016
NC_003070.9:8538889-8539763	NC_003076.8	87.654	891	71	21	1	875	15162255	15163122	0.0	1000
NC_003070.9:8538889-8539763	NC_003076.8	89.673	794	53	10	1	779	16372999	16373778	0.0	985
NC_003070.9:8538889-8539763	NC_003076.8	89.447	796	53	11	1	779	24313641	24314422	0.0	976
NC_003070.9:8538889-8539763	NC_003076.8	88.935	723	50	14	5	711	9298132	9298840	0.0	865
NC_003070.9:8538889-8539763	NC_003076.8	88.399	681	58	11	1	677	17956548	17955885	0.0	800
NC_003070.9:8538889-8539763	NC_003076.8	88.399	681	55	11	1	677	17481151	17481811	0.0	798
NC_003070.9:8538889-8539763	NC_003076.8	82.115	520	55	17	384	874	19408889	19408379	1.82e-113	411
NC_003070.9:8538889-8539763	NC_003076.8	92.925	212	13	2	665	875	24449165	24449375	2.46e-82	307
NC_003070.9:8538889-8539763	NC_003076.8	91.981	212	15	2	665	875	17726775	17726985	5.32e-79	296
NC_003070.9:8538889-8539763	NC_003076.8	92.683	205	13	2	671	875	19101906	19102108	1.91e-78	294
NC_003070.9:8538889-8539763	NC_003076.8	91.304	207	15	2	671	875	22621383	22621178	5.36e-74	279
NC_003070.9:8538889-8539763	NC_003076.8	91.220	205	16	2	671	875	6702129	6701927	1.93e-73	278
NC_003070.9:8538889-8539763	NC_003076.8	91.262	206	14	4	671	875	26787308	26787106	1.93e-73	278
NC_003070.9:8538889-8539763	NC_003076.8	89.524	210	16	4	671	875	9068377	9068169	1.94e-68	261
NC_003070.9:8538889-8539763	NC_003076.8	88.517	209	19	5	671	875	3566709	3566916	1.51e-64	248
NC_003070.9:8538889-8539763	NC_003076.8	91.209	182	14	2	694	875	13231894	13232073	5.44e-64	246
NC_003070.9:8538889-8539763	NC_003076.8	88.038	209	20	5	671	875	6420034	6419827	7.03e-63	243
NC_003070.9:8538889-8539763	NC_003076.8	87.500	208	15	9	671	875	8749271	8749470	5.48e-59	230
NC_003070.9:8538889-8539763	NC_003076.8	85.321	218	15	10	673	875	7417693	7417908	7.13e-53	209
NC_003070.9:8538889-8539763	NC_003076.8	90.909	154	11	3	722	875	14395183	14395033	3.32e-51	204
NC_003070.9:8538889-8539763	NC_003076.8	90.909	154	11	3	722	875	14454482	14454332	3.32e-51	204
NC_003070.9:8538889-8539763	NC_003076.8	92.537	134	10	0	742	875	24586923	24587056	7.18e-48	193
NC_003070.9:8538889-8539763	NC_003076.8	86.096	187	11	7	673	845	26015666	26015851	3.34e-46	187
NC_003070.9:8538889-8539763	NC_003076.8	86.550	171	15	4	705	875	10041974	10041812	1.56e-44	182
NC_003070.9:8538889-8539763	NC_003076.8	88.312	154	12	5	722	875	7700785	7700638	5.59e-44	180
NC_003070.9:8538889-8539763	NC_003076.8	83.415	205	12	3	671	875	14103849	14103667	3.37e-41	171
NC_003070.9:8538889-8539763	NC_003076.8	90.400	125	10	2	1	124	13204307	13204184	5.63e-39	163
NC_003070.9:8538889-8539763	NC_003076.8	90.667	75	7	0	801	875	24314421	24314495	4.48e-20	100
NC_003070.9:8538889-8539763	NC_003076.8	89.333	75	7	1	801	875	26893326	26893399	7.50e-18	93.5
NC_003070.9:8538889-8539763	NC_003076.8	100.000	29	0	0	671	699	706637	706609	3.54e-06	54.7
NC_003070.9:8538889-8539763	NC_003075.7	95.672	878	32	4	1	875	6169229	6168355	0.0	1406
NC_003070.9:8538889-8539763	NC_003075.7	89.150	894	73	13	1	875	8899077	8899965	0.0	1092
NC_003070.9:8538889-8539763	NC_003075.7	90.680	794	56	8	1	779	12698500	12699290	0.0	1040
NC_003070.9:8538889-8539763	NC_003075.7	88.111	900	76	16	1	875	17501313	17502206	0.0	1040
NC_003070.9:8538889-8539763	NC_003075.7	87.896	884	87	16	1	875	1199585	1198713	0.0	1022
NC_003070.9:8538889-8539763	NC_003075.7	88.130	893	63	12	1	875	7384282	7383415	0.0	1022
NC_003070.9:8538889-8539763	NC_003075.7	88.810	849	72	12	1	833	8820690	8819849	0.0	1020
NC_003070.9:8538889-8539763	NC_003075.7	87.725	888	77	13	1	875	7230735	7231603	0.0	1007
NC_003070.9:8538889-8539763	NC_003075.7	87.620	727	51	17	1	711	1100279	1100982	0.0	808
NC_003070.9:8538889-8539763	NC_003075.7	86.246	618	52	12	273	875	6243220	6243819	0.0	640
NC_003070.9:8538889-8539763	NC_003075.7	86.220	508	41	10	1	506	9192543	9193023	2.24e-147	523
NC_003070.9:8538889-8539763	NC_003075.7	92.195	205	14	2	671	875	1521617	1521819	8.91e-77	289
NC_003070.9:8538889-8539763	NC_003075.7	91.707	205	15	2	671	875	6115701	6115903	4.14e-75	283
NC_003070.9:8538889-8539763	NC_003075.7	90.338	207	16	4	671	875	9111784	9111580	1.16e-70	268
NC_003070.9:8538889-8539763	NC_003075.7	92.216	167	11	2	671	836	823694	823529	1.18e-60	235
NC_003070.9:8538889-8539763	NC_003075.7	90.643	171	16	0	705	875	7906198	7906368	1.97e-58	228
NC_003070.9:8538889-8539763	NC_003075.7	84.259	216	20	6	673	875	12606691	12606477	1.54e-49	198
NC_003070.9:8538889-8539763	NC_003075.7	88.312	154	12	5	722	875	7034398	7034251	5.59e-44	180
NC_003070.9:8538889-8539763	NC_003075.7	77.193	114	15	8	770	875	1957593	1957703	9.83e-07	56.5
NC_003070.9:8538889-8539763	NC_003074.8	95.216	878	27	8	1	875	20770464	20769599	0.0	1375
NC_003070.9:8538889-8539763	NC_003074.8	89.775	890	72	10	1	875	6941484	6940599	0.0	1122
NC_003070.9:8538889-8539763	NC_003074.8	88.690	893	78	13	1	875	16677616	16678503	0.0	1068
NC_003070.9:8538889-8539763	NC_003074.8	88.677	892	77	14	1	875	10900762	10901646	0.0	1066
NC_003070.9:8538889-8539763	NC_003074.8	89.118	873	66	16	1	852	16535294	16534430	0.0	1059
NC_003070.9:8538889-8539763	NC_003074.8	88.514	888	79	13	3	873	18496030	18495149	0.0	1053
NC_003070.9:8538889-8539763	NC_003074.8	88.539	890	72	16	1	873	5591637	5590761	0.0	1051
NC_003070.9:8538889-8539763	NC_003074.8	90.932	794	55	7	1	779	8596967	8596176	0.0	1051
NC_003070.9:8538889-8539763	NC_003074.8	89.277	858	60	13	25	866	8328653	8329494	0.0	1046
NC_003070.9:8538889-8539763	NC_003074.8	90.176	794	62	6	1	779	4467613	4468405	0.0	1020
NC_003070.9:8538889-8539763	NC_003074.8	86.621	882	95	19	1	873	16902332	16903199	0.0	953
NC_003070.9:8538889-8539763	NC_003074.8	89.670	697	56	5	176	857	18171656	18170961	0.0	874
NC_003070.9:8538889-8539763	NC_003074.8	82.808	698	61	39	194	875	11589291	11588637	2.84e-161	569
NC_003070.9:8538889-8539763	NC_003074.8	85.866	566	40	12	325	875	11456099	11455559	3.67e-160	566
NC_003070.9:8538889-8539763	NC_003074.8	84.570	512	44	16	384	874	17210070	17209573	6.37e-133	475
NC_003070.9:8538889-8539763	NC_003074.8	94.030	201	12	0	1	201	11456304	11456104	8.84e-82	305
NC_003070.9:8538889-8539763	NC_003074.8	91.827	208	13	4	671	875	21552307	21552101	3.20e-76	287
NC_003070.9:8538889-8539763	NC_003074.8	91.429	210	14	4	668	875	11090647	11090440	1.15e-75	285
NC_003070.9:8538889-8539763	NC_003074.8	91.707	205	16	1	671	875	14057484	14057687	4.14e-75	283
NC_003070.9:8538889-8539763	NC_003074.8	91.707	205	16	1	671	875	17402204	17402001	4.14e-75	283
NC_003070.9:8538889-8539763	NC_003074.8	91.388	209	12	6	669	875	19437230	19437434	1.49e-74	281
NC_003070.9:8538889-8539763	NC_003074.8	92.040	201	13	2	1	201	19529023	19529220	5.36e-74	279
NC_003070.9:8538889-8539763	NC_003074.8	90.291	206	18	2	671	875	6729129	6728925	1.16e-70	268
NC_003070.9:8538889-8539763	NC_003074.8	90.291	206	17	3	671	875	5866226	5866429	4.17e-70	267
NC_003070.9:8538889-8539763	NC_003074.8	90.291	206	16	4	671	875	18634145	18633943	4.17e-70	267
NC_003070.9:8538889-8539763	NC_003074.8	90.244	205	18	2	671	875	19740138	19740340	4.17e-70	267
NC_003070.9:8538889-8539763	NC_003074.8	89.855	207	17	4	671	875	7980287	7980083	5.40e-69	263
NC_003070.9:8538889-8539763	NC_003074.8	89.855	207	17	4	671	875	16723324	16723120	5.40e-69	263
NC_003070.9:8538889-8539763	NC_003074.8	88.835	206	20	3	671	875	16485511	16485308	4.20e-65	250
NC_003070.9:8538889-8539763	NC_003074.8	87.156	218	15	4	671	875	10758219	10758002	1.18e-60	235
NC_003070.9:8538889-8539763	NC_003074.8	90.116	172	16	1	705	875	15918264	15918093	9.16e-57	222
NC_003070.9:8538889-8539763	NC_003074.8	86.829	205	16	1	671	875	7766424	7766617	1.19e-55	219
NC_003070.9:8538889-8539763	NC_003074.8	85.507	207	15	3	671	875	16405559	16405752	1.19e-50	202
NC_003070.9:8538889-8539763	NC_003074.8	87.719	171	12	5	705	875	10681553	10681392	2.58e-47	191
NC_003070.9:8538889-8539763	NC_003074.8	84.795	171	18	4	705	875	18172436	18172274	1.57e-39	165
NC_003070.9:8538889-8539763	NC_003074.8	90.667	75	6	1	801	875	8596177	8596104	1.61e-19	99.0
NC_003070.9:8538889-8539763	NC_003071.7	94.881	879	33	8	2	875	2320063	2320934	0.0	1363
NC_003070.9:8538889-8539763	NC_003071.7	94.305	878	34	10	1	875	1038913	1038049	0.0	1330
NC_003070.9:8538889-8539763	NC_003071.7	94.605	797	36	7	1	795	11909720	11908929	0.0	1227
NC_003070.9:8538889-8539763	NC_003071.7	89.474	893	45	20	1	875	1384414	1383553	0.0	1083
NC_003070.9:8538889-8539763	NC_003071.7	89.450	891	48	18	1	875	10997043	10996183	0.0	1083
NC_003070.9:8538889-8539763	NC_003071.7	88.664	891	79	12	1	875	3198502	3197618	0.0	1066
NC_003070.9:8538889-8539763	NC_003071.7	88.466	893	79	14	1	875	1322856	1321970	0.0	1057
NC_003070.9:8538889-8539763	NC_003071.7	90.943	795	55	7	1	779	8172835	8173628	0.0	1053
NC_003070.9:8538889-8539763	NC_003071.7	90.829	796	52	15	1	777	9029807	9030600	0.0	1046
NC_003070.9:8538889-8539763	NC_003071.7	90.578	796	55	9	1	779	10070964	10070172	0.0	1037
NC_003070.9:8538889-8539763	NC_003071.7	87.767	891	67	10	1	875	1348076	1347212	0.0	1003
NC_003070.9:8538889-8539763	NC_003071.7	89.241	790	53	10	7	779	7177587	7176813	0.0	959
NC_003070.9:8538889-8539763	NC_003071.7	87.165	857	86	18	6	852	9455323	9456165	0.0	952
NC_003070.9:8538889-8539763	NC_003071.7	88.539	794	62	12	1	779	14571894	14572673	0.0	935
NC_003070.9:8538889-8539763	NC_003071.7	85.362	567	44	21	325	875	9584812	9585355	1.03e-155	551
NC_003070.9:8538889-8539763	NC_003071.7	84.099	566	36	10	325	875	6901396	6901922	1.36e-139	497
NC_003070.9:8538889-8539763	NC_003071.7	83.603	433	32	21	450	875	9311218	9311618	3.09e-101	370
NC_003070.9:8538889-8539763	NC_003071.7	94.030	201	12	0	1	201	9584607	9584807	8.84e-82	305
NC_003070.9:8538889-8539763	NC_003071.7	93.532	201	13	0	1	201	6901191	6901391	4.11e-80	300
NC_003070.9:8538889-8539763	NC_003071.7	93.035	201	14	0	1	201	7093820	7094020	1.91e-78	294
NC_003070.9:8538889-8539763	NC_003071.7	91.220	205	17	1	671	875	5038110	5038313	1.93e-73	278
NC_003070.9:8538889-8539763	NC_003071.7	90.338	207	16	4	671	875	13102156	13102360	1.16e-70	268
NC_003070.9:8538889-8539763	NC_003071.7	89.806	206	19	2	671	875	1597275	1597479	5.40e-69	263
NC_003070.9:8538889-8539763	NC_003071.7	89.552	201	20	1	675	875	7351348	7351547	3.25e-66	254
NC_003070.9:8538889-8539763	NC_003071.7	88.462	208	19	5	671	875	5010292	5010087	5.44e-64	246
NC_003070.9:8538889-8539763	NC_003071.7	89.109	202	16	6	671	870	13886277	13886474	5.44e-64	246
NC_003070.9:8538889-8539763	NC_003071.7	87.317	205	15	2	671	875	6206788	6206595	2.55e-57	224
NC_003070.9:8538889-8539763	NC_003071.7	89.595	173	17	1	704	875	7178843	7179015	1.19e-55	219
NC_003070.9:8538889-8539763	NC_003071.7	88.506	174	17	2	705	875	826101	826274	2.57e-52	207
NC_003070.9:8538889-8539763	NC_003071.7	89.286	168	14	4	671	837	17147295	17147131	2.57e-52	207
NC_003070.9:8538889-8539763	NC_003071.7	82.895	228	30	8	652	875	1409933	1410155	5.55e-49	196
NC_003070.9:8538889-8539763	NC_003071.7	92.366	131	7	3	673	801	19172306	19172177	4.32e-45	183
NC_003070.9:8538889-8539763	NC_003071.7	87.662	154	13	5	722	875	9228784	9228637	2.60e-42	174
NC_003070.9:8538889-8539763	NC_003071.7	84.393	173	14	5	715	875	9860126	9859955	2.62e-37	158
NC_003070.9:8538889-8539763	NC_003071.7	90.667	75	6	1	801	875	8173627	8173700	1.61e-19	99.0
NC_003070.9:8538889-8539763	NC_003071.7	78.947	114	13	8	770	875	7566659	7566549	4.54e-10	67.6
NC_003070.9:8538889-8539763	NC_003071.7	96.970	33	0	1	843	875	1367506	1367475	3.54e-06	54.7
NC_003070.9:8740475-8741925	NC_003070.9	100.000	1451	0	0	1	1451	8741925	8740475	0.0	2680
NC_003070.9:8740475-8741925	NC_003070.9	91.455	866	68	5	589	1451	8738784	8737922	0.0	1184
NC_003070.9:8740475-8741925	NC_003070.9	78.759	725	112	26	746	1451	2987618	2986917	2.33e-124	448
NC_003070.9:8740475-8741925	NC_003070.9	86.462	325	16	9	1	301	8739854	8739534	2.45e-89	331
