NC_003074.8:10862396-10866062	NC_003074.8	100.000	3667	0	0	1	3667	10862396	10866062	0.0	6772
NC_003074.8:10862396-10866062	NC_003074.8	92.185	1382	76	17	1678	3036	12016307	12017679	0.0	1925
NC_003074.8:10862396-10866062	NC_003074.8	92.977	1253	53	18	6	1251	20487142	20485918	0.0	1794
NC_003074.8:10862396-10866062	NC_003074.8	92.461	1101	62	13	1607	2692	11765435	11764341	0.0	1554
NC_003074.8:10862396-10866062	NC_003074.8	94.199	793	43	3	2246	3036	12466788	12465997	0.0	1206
NC_003074.8:10862396-10866062	NC_003074.8	93.423	821	42	6	456	1266	16880779	16881597	0.0	1206
NC_003074.8:10862396-10866062	NC_003074.8	91.419	874	58	11	423	1280	5622972	5623844	0.0	1182
NC_003074.8:10862396-10866062	NC_003074.8	91.521	861	60	9	423	1272	20484196	20483338	0.0	1173
NC_003074.8:10862396-10866062	NC_003074.8	87.725	1002	75	26	2318	3311	11764862	11763901	0.0	1125
NC_003074.8:10862396-10866062	NC_003074.8	86.255	1084	73	32	1639	2693	12467219	12466183	0.0	1107
NC_003074.8:10862396-10866062	NC_003074.8	92.819	752	43	2	2288	3028	10294326	10293575	0.0	1079
NC_003074.8:10862396-10866062	NC_003074.8	92.140	687	45	5	584	1264	17397020	17396337	0.0	961
NC_003074.8:10862396-10866062	NC_003074.8	85.067	971	103	38	1744	2693	11373541	11374490	0.0	952
NC_003074.8:10862396-10866062	NC_003074.8	82.112	1174	123	37	1255	2378	13262167	13261031	0.0	924
NC_003074.8:10862396-10866062	NC_003074.8	88.721	727	53	19	2318	3037	11373967	11374671	0.0	861
NC_003074.8:10862396-10866062	NC_003074.8	79.937	1261	145	61	1572	2771	10294961	10293748	0.0	828
NC_003074.8:10862396-10866062	NC_003074.8	95.059	425	16	5	8	432	5622033	5622452	0.0	664
NC_003074.8:10862396-10866062	NC_003074.8	94.626	428	17	6	6	432	20485140	20484718	0.0	658
NC_003074.8:10862396-10866062	NC_003074.8	94.172	429	24	1	5	432	9559684	9559256	0.0	652
NC_003074.8:10862396-10866062	NC_003074.8	91.828	465	26	5	430	888	2629029	2628571	0.0	638
NC_003074.8:10862396-10866062	NC_003074.8	88.662	538	39	14	2171	2693	12016964	12017494	1.18e-180	636
NC_003074.8:10862396-10866062	NC_003074.8	88.476	538	40	14	2318	2849	12016818	12017339	5.51e-179	630
NC_003074.8:10862396-10866062	NC_003074.8	94.789	403	18	3	33	432	1371151	1370749	2.56e-177	625
NC_003074.8:10862396-10866062	NC_003074.8	91.006	467	28	5	423	881	9558736	9558276	4.29e-175	617
NC_003074.8:10862396-10866062	NC_003074.8	87.570	539	44	15	2318	2849	10864566	10865088	1.20e-170	603
NC_003074.8:10862396-10866062	NC_003074.8	87.570	539	44	15	2171	2693	10864713	10865244	1.20e-170	603
NC_003074.8:10862396-10866062	NC_003074.8	93.532	402	23	3	33	432	2630001	2629601	2.01e-168	595
NC_003074.8:10862396-10866062	NC_003074.8	89.353	479	40	3	2551	3028	13261320	13260852	2.60e-167	592
NC_003074.8:10862396-10866062	NC_003074.8	95.393	369	14	3	66	432	16879865	16880232	4.35e-165	584
NC_003074.8:10862396-10866062	NC_003074.8	83.728	633	76	21	2245	2858	13334811	13334187	9.41e-162	573
NC_003074.8:10862396-10866062	NC_003074.8	86.157	549	44	20	2171	2693	10294296	10293754	5.66e-159	564
NC_003074.8:10862396-10866062	NC_003074.8	89.522	439	34	8	6	432	3716342	3716780	2.05e-153	545
NC_003074.8:10862396-10866062	NC_003074.8	88.161	473	26	12	423	888	1370244	1369795	1.23e-150	536
NC_003074.8:10862396-10866062	NC_003074.8	82.770	621	84	17	2245	2849	16102457	16101844	1.60e-149	532
NC_003074.8:10862396-10866062	NC_003074.8	88.079	453	36	11	1714	2152	11373541	11373989	3.46e-146	521
NC_003074.8:10862396-10866062	NC_003074.8	87.689	463	38	11	2392	2849	12466788	12466340	3.46e-146	521
NC_003074.8:10862396-10866062	NC_003074.8	88.152	422	29	13	2130	2536	12017079	12017494	1.63e-134	483
NC_003074.8:10862396-10866062	NC_003074.8	86.712	444	41	10	2130	2558	12466601	12466161	7.59e-133	477
NC_003074.8:10862396-10866062	NC_003074.8	89.378	386	25	12	2474	2849	10294296	10293917	3.53e-131	472
NC_003074.8:10862396-10866062	NC_003074.8	86.425	442	42	11	2433	2870	11373927	11374354	4.57e-130	468
NC_003074.8:10862396-10866062	NC_003074.8	85.745	463	39	14	2130	2571	10294177	10293721	5.91e-129	464
NC_003074.8:10862396-10866062	NC_003074.8	86.036	444	41	13	2433	2870	10864525	10864953	9.89e-127	457
NC_003074.8:10862396-10866062	NC_003074.8	86.036	444	41	13	2130	2558	10864828	10865265	9.89e-127	457
NC_003074.8:10862396-10866062	NC_003074.8	86.005	443	43	12	2433	2870	11764903	11764475	9.89e-127	457
NC_003074.8:10862396-10866062	NC_003074.8	95.172	290	11	3	145	432	17063008	17062720	3.56e-126	455
NC_003074.8:10862396-10866062	NC_003074.8	92.138	318	22	3	2995	3310	12017673	12017989	2.14e-123	446
NC_003074.8:10862396-10866062	NC_003074.8	81.531	601	58	24	2287	2849	13458925	13458340	2.14e-123	446
NC_003074.8:10862396-10866062	NC_003074.8	81.250	608	62	28	2130	2700	13458925	13458333	7.70e-123	444
NC_003074.8:10862396-10866062	NC_003074.8	94.158	291	16	1	2	292	17397304	17397015	2.77e-122	442
NC_003074.8:10862396-10866062	NC_003074.8	94.138	290	15	2	145	432	17277580	17277291	9.96e-122	440
NC_003074.8:10862396-10866062	NC_003074.8	94.718	284	13	2	151	432	17301038	17300755	9.96e-122	440
NC_003074.8:10862396-10866062	NC_003074.8	83.266	496	61	16	2245	2724	13458883	13458394	1.29e-120	436
NC_003074.8:10862396-10866062	NC_003074.8	91.077	325	22	7	2246	2568	13261320	13261001	1.67e-119	433
NC_003074.8:10862396-10866062	NC_003074.8	93.814	291	13	5	145	432	18746423	18746711	1.67e-119	433
NC_003074.8:10862396-10866062	NC_003074.8	93.103	290	18	2	145	432	9386113	9385824	1.00e-116	424
NC_003074.8:10862396-10866062	NC_003074.8	93.127	291	17	3	145	432	10821211	10820921	1.00e-116	424
NC_003074.8:10862396-10866062	NC_003074.8	93.662	284	14	3	145	425	7996401	7996119	3.61e-116	422
NC_003074.8:10862396-10866062	NC_003074.8	92.759	290	19	2	145	432	15937521	15937810	4.67e-115	418
NC_003074.8:10862396-10866062	NC_003074.8	92.734	289	20	1	145	432	16451021	16451309	1.68e-114	416
NC_003074.8:10862396-10866062	NC_003074.8	87.139	381	30	11	2171	2536	11374114	11374490	6.04e-114	414
NC_003074.8:10862396-10866062	NC_003074.8	85.897	390	40	10	2926	3311	11374633	11375011	4.70e-110	401
NC_003074.8:10862396-10866062	NC_003074.8	81.312	503	74	14	2134	2622	13334607	13334111	1.02e-106	390
NC_003074.8:10862396-10866062	NC_003074.8	85.789	380	34	12	2171	2535	11764715	11764341	4.73e-105	385
NC_003074.8:10862396-10866062	NC_003074.8	83.562	438	43	14	2433	2855	13458925	13458502	1.70e-104	383
NC_003074.8:10862396-10866062	NC_003074.8	90.301	299	18	5	145	432	9890241	9890539	6.12e-104	381
NC_003074.8:10862396-10866062	NC_003074.8	77.202	772	92	36	2130	2853	13334853	13334118	1.02e-101	374
NC_003074.8:10862396-10866062	NC_003074.8	85.984	371	24	10	2957	3309	10293605	10293245	3.68e-101	372
NC_003074.8:10862396-10866062	NC_003074.8	77.778	684	76	35	2130	2765	16102499	16101844	4.80e-95	351
NC_003074.8:10862396-10866062	NC_003074.8	91.440	257	15	3	423	672	9385283	9385539	2.23e-93	346
NC_003074.8:10862396-10866062	NC_003074.8	77.632	684	77	35	2130	2765	12078999	12078344	2.23e-93	346
NC_003074.8:10862396-10866062	NC_003074.8	90.769	260	20	4	6	264	7996636	7996380	8.03e-93	344
NC_003074.8:10862396-10866062	NC_003074.8	88.055	293	32	3	2592	2881	13334853	13334561	8.03e-93	344
NC_003074.8:10862396-10866062	NC_003074.8	87.708	301	25	4	2551	2849	12466788	12466498	1.04e-91	340
NC_003074.8:10862396-10866062	NC_003074.8	90.114	263	22	4	3	264	15937283	15937542	3.74e-91	339
NC_003074.8:10862396-10866062	NC_003074.8	90.909	253	19	4	1	252	11200620	11200869	1.34e-90	337
NC_003074.8:10862396-10866062	NC_003074.8	87.372	293	33	4	2592	2881	16102499	16102208	1.74e-89	333
NC_003074.8:10862396-10866062	NC_003074.8	90.000	260	21	5	6	264	17277814	17277559	6.25e-89	331
NC_003074.8:10862396-10866062	NC_003074.8	90.000	260	21	4	6	264	17301278	17301023	6.25e-89	331
NC_003074.8:10862396-10866062	NC_003074.8	85.139	323	41	7	1270	1588	11373194	11373513	1.05e-86	324
NC_003074.8:10862396-10866062	NC_003074.8	85.623	313	36	7	3002	3311	16418062	16418368	1.35e-85	320
NC_003074.8:10862396-10866062	NC_003074.8	88.889	261	23	6	6	264	10821446	10821190	1.75e-84	316
NC_003074.8:10862396-10866062	NC_003074.8	88.636	264	24	6	2	264	16561651	16561909	1.75e-84	316
NC_003074.8:10862396-10866062	NC_003074.8	86.184	304	26	8	2392	2693	13261320	13261031	6.30e-84	315
NC_003074.8:10862396-10866062	NC_003074.8	88.506	261	17	5	2130	2378	12466442	12466183	1.36e-80	303
NC_003074.8:10862396-10866062	NC_003074.8	78.998	519	51	28	2194	2663	13342864	13342355	4.90e-80	302
NC_003074.8:10862396-10866062	NC_003074.8	76.794	655	74	37	2161	2765	17404182	17403556	2.28e-78	296
NC_003074.8:10862396-10866062	NC_003074.8	87.692	260	18	6	6	264	11535844	11536090	1.06e-76	291
NC_003074.8:10862396-10866062	NC_003074.8	86.268	284	19	12	2130	2398	12017237	12017515	1.06e-76	291
NC_003074.8:10862396-10866062	NC_003074.8	87.356	261	18	7	2592	2849	10864525	10864773	4.94e-75	285
NC_003074.8:10862396-10866062	NC_003074.8	87.356	261	18	7	2130	2378	10864987	10865244	4.94e-75	285
NC_003074.8:10862396-10866062	NC_003074.8	87.072	263	19	7	2130	2378	11374229	11374490	1.78e-74	283
NC_003074.8:10862396-10866062	NC_003074.8	86.973	261	18	9	2592	2849	11373927	11374174	2.30e-73	279
NC_003074.8:10862396-10866062	NC_003074.8	86.792	265	17	9	1	264	17063234	17062987	2.30e-73	279
NC_003074.8:10862396-10866062	NC_003074.8	82.500	360	22	14	2957	3297	12466034	12465697	8.26e-73	278
NC_003074.8:10862396-10866062	NC_003074.8	85.315	286	21	13	2130	2398	11764600	11764319	2.97e-72	276
NC_003074.8:10862396-10866062	NC_003074.8	87.347	245	24	4	2633	2870	10294296	10294052	1.07e-71	274
NC_003074.8:10862396-10866062	NC_003074.8	89.767	215	21	1	3096	3310	11319420	11319207	1.07e-71	274
NC_003074.8:10862396-10866062	NC_003074.8	85.985	264	19	5	2	264	17144494	17144248	1.79e-69	267
NC_003074.8:10862396-10866062	NC_003074.8	85.824	261	21	10	6	264	22118613	22118859	2.31e-68	263
NC_003074.8:10862396-10866062	NC_003074.8	94.083	169	10	0	3486	3654	17396147	17395979	1.08e-66	257
NC_003074.8:10862396-10866062	NC_003074.8	85.019	267	20	8	2130	2378	10294018	10293754	1.39e-65	254
NC_003074.8:10862396-10866062	NC_003074.8	96.599	147	5	0	3310	3456	16881595	16881741	8.38e-63	244
NC_003074.8:10862396-10866062	NC_003074.8	75.433	578	101	38	1714	2270	10294859	10294302	3.01e-62	243
NC_003074.8:10862396-10866062	NC_003074.8	95.918	147	6	0	3310	3456	20485916	20485770	3.90e-61	239
NC_003074.8:10862396-10866062	NC_003074.8	95.890	146	6	0	3310	3455	5623824	5623969	1.40e-60	237
NC_003074.8:10862396-10866062	NC_003074.8	92.308	169	9	2	3486	3654	20485784	20485620	1.40e-60	237
NC_003074.8:10862396-10866062	NC_003074.8	95.862	145	6	0	3310	3454	20483346	20483202	5.04e-60	235
NC_003074.8:10862396-10866062	NC_003074.8	95.238	147	7	0	3310	3456	8188949	8189095	1.81e-59	233
NC_003074.8:10862396-10866062	NC_003074.8	95.833	144	6	0	3313	3456	17396276	17396133	1.81e-59	233
NC_003074.8:10862396-10866062	NC_003074.8	91.124	169	14	1	3486	3654	8189081	8189248	8.44e-58	228
NC_003074.8:10862396-10866062	NC_003074.8	88.506	174	18	2	3096	3268	11320040	11319868	3.06e-52	209
NC_003074.8:10862396-10866062	NC_003074.8	90.604	149	12	1	3486	3634	16881727	16881873	2.38e-48	196
NC_003074.8:10862396-10866062	NC_003074.8	90.345	145	12	2	3103	3246	11054781	11054924	3.98e-46	189
NC_003074.8:10862396-10866062	NC_003074.8	83.249	197	29	4	2518	2712	12081136	12080942	8.62e-43	178
NC_003074.8:10862396-10866062	NC_003074.8	94.068	118	4	3	6	123	16879751	16879865	3.10e-42	176
NC_003074.8:10862396-10866062	NC_003074.8	76.178	382	60	18	2361	2725	12081136	12080769	4.01e-41	172
NC_003074.8:10862396-10866062	NC_003074.8	75.916	382	63	17	2361	2727	11180478	11180111	5.19e-40	169
NC_003074.8:10862396-10866062	NC_003074.8	79.026	267	41	7	2518	2771	11180478	11180214	5.19e-40	169
NC_003074.8:10862396-10866062	NC_003074.8	82.564	195	31	3	2519	2712	16105338	16105146	5.19e-40	169
NC_003074.8:10862396-10866062	NC_003074.8	79.518	249	38	5	2142	2378	13454908	13454661	6.71e-39	165
NC_003074.8:10862396-10866062	NC_003074.8	85.526	152	19	3	3159	3310	10764901	10765049	4.04e-36	156
NC_003074.8:10862396-10866062	NC_003074.8	75.328	381	64	16	2361	2725	16105340	16104974	4.04e-36	156
NC_003074.8:10862396-10866062	NC_003074.8	92.233	103	7	1	2130	2231	11374388	11374490	8.74e-33	145
NC_003074.8:10862396-10866062	NC_003074.8	87.500	128	13	3	2744	2869	16102503	16102377	8.74e-33	145
NC_003074.8:10862396-10866062	NC_003074.8	79.452	219	32	5	2172	2378	13334339	13334122	3.15e-32	143
NC_003074.8:10862396-10866062	NC_003074.8	88.235	119	12	2	2752	2869	13334848	13334731	1.13e-31	141
NC_003074.8:10862396-10866062	NC_003074.8	84.397	141	20	2	2130	2269	12466285	12466146	1.46e-30	137
NC_003074.8:10862396-10866062	NC_003074.8	90.196	102	8	2	2130	2230	11764441	11764341	6.81e-29	132
NC_003074.8:10862396-10866062	NC_003074.8	93.023	86	6	0	1	86	18018776	18018861	3.17e-27	126
NC_003074.8:10862396-10866062	NC_003074.8	89.899	99	7	3	2058	2154	10764546	10764643	1.14e-26	124
NC_003074.8:10862396-10866062	NC_003074.8	92.593	81	6	0	6	86	13327434	13327514	1.91e-24	117
NC_003074.8:10862396-10866062	NC_003074.8	92.593	81	6	0	6	86	18412154	18412234	1.91e-24	117
NC_003074.8:10862396-10866062	NC_003074.8	84.000	125	15	5	2058	2179	16205665	16205543	6.86e-24	115
NC_003074.8:10862396-10866062	NC_003074.8	92.500	80	6	0	7	86	17299939	17299860	6.86e-24	115
NC_003074.8:10862396-10866062	NC_003074.8	89.888	89	8	1	2	90	16419140	16419227	2.47e-23	113
NC_003074.8:10862396-10866062	NC_003074.8	90.123	81	8	0	6	86	10557346	10557266	4.13e-21	106
NC_003074.8:10862396-10866062	NC_003074.8	91.935	62	4	1	2788	2849	10294296	10294236	5.38e-15	86.1
NC_003074.8:10862396-10866062	NC_003074.8	97.619	42	1	0	1927	1968	16143172	16143131	4.19e-11	73.1
NC_003074.8:10862396-10866062	NC_003074.8	97.368	38	0	1	2100	2136	15834145	15834108	2.52e-08	63.9
NC_003074.8:10862396-10866062	NC_003074.8	79.762	84	12	5	2047	2127	6366366	6366447	4.22e-06	56.5
NC_003074.8:10862396-10866062	NC_003070.9	88.284	1801	153	25	1526	3307	4111299	4113060	0.0	2104
NC_003074.8:10862396-10866062	NC_003070.9	90.642	1432	100	17	1619	3036	3827476	3826065	0.0	1871
NC_003074.8:10862396-10866062	NC_003070.9	90.317	1229	68	16	2118	3309	16596978	16598192	0.0	1563
NC_003074.8:10862396-10866062	NC_003070.9	87.887	1098	83	23	2245	3310	13905888	13906967	0.0	1245
NC_003074.8:10862396-10866062	NC_003070.9	93.184	851	45	8	423	1265	1976217	1975372	0.0	1238
NC_003074.8:10862396-10866062	NC_003070.9	92.541	858	55	5	423	1272	14298811	14297955	0.0	1221
NC_003074.8:10862396-10866062	NC_003070.9	93.018	845	44	10	428	1265	12855063	12854227	0.0	1219
NC_003074.8:10862396-10866062	NC_003070.9	90.570	859	59	8	423	1272	8290639	8289794	0.0	1118
NC_003074.8:10862396-10866062	NC_003070.9	90.221	859	68	11	423	1272	18746071	18745220	0.0	1107
NC_003074.8:10862396-10866062	NC_003070.9	91.281	734	46	13	2318	3036	18600329	18599599	0.0	985
NC_003074.8:10862396-10866062	NC_003070.9	92.431	687	45	5	585	1265	17552172	17551487	0.0	974
NC_003074.8:10862396-10866062	NC_003070.9	94.569	626	34	0	641	1266	19085920	19086545	0.0	968
NC_003074.8:10862396-10866062	NC_003070.9	94.313	633	34	2	641	1272	19172983	19172352	0.0	968
NC_003074.8:10862396-10866062	NC_003070.9	83.004	1012	92	45	1808	2771	13905519	13906498	0.0	843
NC_003074.8:10862396-10866062	NC_003070.9	96.074	433	14	3	1	432	2235171	2234741	0.0	702
NC_003074.8:10862396-10866062	NC_003070.9	87.719	627	46	15	1585	2193	16596398	16597011	0.0	702
NC_003074.8:10862396-10866062	NC_003070.9	96.047	430	15	2	4	432	18747050	18746622	0.0	699
NC_003074.8:10862396-10866062	NC_003070.9	95.824	431	16	2	2	432	17553001	17552573	0.0	695
NC_003074.8:10862396-10866062	NC_003070.9	88.542	576	34	17	2145	2693	18600355	18599785	0.0	669
NC_003074.8:10862396-10866062	NC_003070.9	94.872	429	17	5	6	432	14299842	14299417	0.0	665
NC_003074.8:10862396-10866062	NC_003070.9	91.983	474	24	5	423	888	23174650	23175117	0.0	652
NC_003074.8:10862396-10866062	NC_003070.9	91.983	474	23	8	423	888	29319785	29319319	0.0	651
NC_003074.8:10862396-10866062	NC_003070.9	93.735	431	24	3	4	432	6735862	6736291	0.0	643
NC_003074.8:10862396-10866062	NC_003070.9	93.706	429	25	2	6	432	1977166	1976738	0.0	641
NC_003074.8:10862396-10866062	NC_003070.9	91.350	474	27	7	423	888	18175	18642	1.18e-180	636
NC_003074.8:10862396-10866062	NC_003070.9	88.641	537	41	12	2172	2693	13905961	13906492	1.18e-180	636
NC_003074.8:10862396-10866062	NC_003070.9	84.627	657	62	23	2214	2850	16596917	16597554	4.29e-175	617
NC_003074.8:10862396-10866062	NC_003070.9	94.279	402	21	2	33	432	17255	17656	5.55e-174	614
NC_003074.8:10862396-10866062	NC_003070.9	93.224	428	11	5	6	432	19173802	19173392	5.55e-174	614
NC_003074.8:10862396-10866062	NC_003070.9	87.755	539	43	15	2171	2693	16597178	16597709	2.58e-172	608
NC_003074.8:10862396-10866062	NC_003070.9	93.797	403	22	3	33	432	3074698	3074296	1.20e-170	603
NC_003074.8:10862396-10866062	NC_003070.9	93.580	405	24	2	29	432	29320708	29320305	1.20e-170	603
NC_003074.8:10862396-10866062	NC_003070.9	90.063	473	34	6	423	888	6736811	6737277	4.32e-170	601
NC_003074.8:10862396-10866062	NC_003070.9	92.523	428	16	3	6	432	19085099	19085511	1.55e-169	599
NC_003074.8:10862396-10866062	NC_003070.9	87.384	539	45	15	2171	2693	4112098	4112629	5.58e-169	597
NC_003074.8:10862396-10866062	NC_003070.9	89.641	473	35	7	423	888	3073777	3073312	9.35e-167	590
NC_003074.8:10862396-10866062	NC_003070.9	87.013	539	45	17	2318	2849	3826928	3826408	4.35e-165	584
NC_003074.8:10862396-10866062	NC_003070.9	92.086	417	20	5	2446	2849	18600357	18599941	2.62e-162	575
NC_003074.8:10862396-10866062	NC_003070.9	86.271	539	51	15	2171	2693	3826782	3826251	5.66e-159	564
NC_003074.8:10862396-10866062	NC_003070.9	86.111	540	50	16	2318	2849	4111951	4112473	2.64e-157	558
NC_003074.8:10862396-10866062	NC_003070.9	90.888	428	22	4	6	432	8291571	8291160	2.64e-157	558
NC_003074.8:10862396-10866062	NC_003070.9	90.210	429	18	11	6	432	12855993	12855587	3.43e-151	538
NC_003074.8:10862396-10866062	NC_003070.9	87.097	465	40	13	2390	2849	13905887	13906336	2.69e-142	508
NC_003074.8:10862396-10866062	NC_003070.9	87.387	444	35	13	2130	2558	13906077	13906514	9.75e-137	490
NC_003074.8:10862396-10866062	NC_003070.9	86.937	444	38	12	2130	2558	16597293	16597731	5.87e-134	481
NC_003074.8:10862396-10866062	NC_003070.9	86.486	444	40	12	2130	2558	4112213	4112651	1.27e-130	470
NC_003074.8:10862396-10866062	NC_003070.9	95.172	290	12	2	145	432	11699931	11700220	9.89e-127	457
NC_003074.8:10862396-10866062	NC_003070.9	94.828	290	13	2	145	432	22993826	22993537	4.60e-125	451
NC_003074.8:10862396-10866062	NC_003070.9	94.828	290	12	3	145	432	12364370	12364658	1.65e-124	449
NC_003074.8:10862396-10866062	NC_003070.9	94.483	290	14	2	145	432	12329819	12329530	2.14e-123	446
NC_003074.8:10862396-10866062	NC_003070.9	85.520	442	45	11	2434	2870	16596991	16597418	7.70e-123	444
NC_003074.8:10862396-10866062	NC_003070.9	94.464	289	13	3	145	432	19329031	19328745	2.77e-122	442
NC_003074.8:10862396-10866062	NC_003070.9	85.360	444	43	14	2131	2558	3826666	3826229	9.96e-122	440
NC_003074.8:10862396-10866062	NC_003070.9	94.138	290	15	2	145	432	9816445	9816734	9.96e-122	440
NC_003074.8:10862396-10866062	NC_003070.9	94.138	290	15	2	145	432	30252872	30252583	9.96e-122	440
NC_003074.8:10862396-10866062	NC_003070.9	94.138	290	14	3	145	432	12563847	12563559	3.58e-121	438
NC_003074.8:10862396-10866062	NC_003070.9	94.138	290	14	3	145	432	13059058	13059346	3.58e-121	438
NC_003074.8:10862396-10866062	NC_003070.9	93.836	292	12	4	145	432	16325679	16325968	4.63e-120	435
NC_003074.8:10862396-10866062	NC_003070.9	84.989	453	40	13	2130	2558	18600211	18599763	4.63e-120	435
NC_003074.8:10862396-10866062	NC_003070.9	93.814	291	15	3	145	432	19062199	19062489	4.63e-120	435
NC_003074.8:10862396-10866062	NC_003070.9	93.857	293	11	5	145	432	19466714	19466424	4.63e-120	435
NC_003074.8:10862396-10866062	NC_003070.9	93.836	292	13	3	145	432	23213901	23214191	4.63e-120	435
NC_003074.8:10862396-10866062	NC_003070.9	93.814	291	15	3	145	432	26171245	26170955	4.63e-120	435
NC_003074.8:10862396-10866062	NC_003070.9	93.772	289	17	1	145	432	4785682	4785970	1.67e-119	433
NC_003074.8:10862396-10866062	NC_003070.9	93.706	286	18	0	987	1272	2234396	2234111	2.16e-118	429
NC_003074.8:10862396-10866062	NC_003070.9	93.471	291	16	3	145	432	22450165	22450455	2.16e-118	429
NC_003074.8:10862396-10866062	NC_003070.9	93.448	290	15	4	145	432	30255288	30255001	7.75e-118	427
NC_003074.8:10862396-10866062	NC_003070.9	84.424	443	50	13	2433	2870	4111910	4112338	4.67e-115	418
NC_003074.8:10862396-10866062	NC_003070.9	93.080	289	14	3	145	432	16824753	16825036	4.67e-115	418
NC_003074.8:10862396-10866062	NC_003070.9	81.528	563	55	25	2245	2771	18600328	18599779	4.67e-115	418
NC_003074.8:10862396-10866062	NC_003070.9	92.759	290	17	4	145	432	8115005	8115292	1.68e-114	416
NC_003074.8:10862396-10866062	NC_003070.9	92.759	290	18	3	145	432	16904014	16904302	1.68e-114	416
NC_003074.8:10862396-10866062	NC_003070.9	92.491	293	16	4	144	432	9867192	9866902	6.04e-114	414
NC_003074.8:10862396-10866062	NC_003070.9	88.102	353	29	8	2058	2406	13057730	13057387	1.01e-111	407
NC_003074.8:10862396-10866062	NC_003070.9	93.893	262	14	2	173	432	19062922	19063183	7.86e-108	394
NC_003074.8:10862396-10866062	NC_003070.9	90.657	289	16	2	145	432	501140	500862	1.02e-101	374
NC_003074.8:10862396-10866062	NC_003070.9	89.701	301	17	6	145	432	16807222	16807521	3.68e-101	372
NC_003074.8:10862396-10866062	NC_003070.9	89.369	301	19	7	145	432	16806377	16806677	1.71e-99	366
NC_003074.8:10862396-10866062	NC_003070.9	92.800	250	18	0	6	255	3074944	3074695	2.22e-98	363
NC_003074.8:10862396-10866062	NC_003070.9	81.670	491	41	25	2390	2855	18600329	18599863	2.22e-98	363
NC_003074.8:10862396-10866062	NC_003070.9	91.538	260	18	4	6	264	23213666	23213922	3.71e-96	355
NC_003074.8:10862396-10866062	NC_003070.9	92.095	253	16	4	2607	2855	18600355	18600103	1.33e-95	353
NC_003074.8:10862396-10866062	NC_003070.9	91.154	260	19	4	6	264	19995734	19995478	1.73e-94	350
NC_003074.8:10862396-10866062	NC_003070.9	93.617	235	12	3	145	377	22622071	22621838	6.21e-94	348
NC_003074.8:10862396-10866062	NC_003070.9	88.776	294	18	11	151	432	13261967	13261677	2.23e-93	346
NC_003074.8:10862396-10866062	NC_003070.9	90.530	264	21	4	2	264	16824514	16824774	2.23e-93	346
NC_003074.8:10862396-10866062	NC_003070.9	90.769	260	19	5	6	264	19061965	19062220	2.89e-92	342
NC_003074.8:10862396-10866062	NC_003070.9	90.152	264	22	4	2	264	19466953	19466693	1.04e-91	340
NC_003074.8:10862396-10866062	NC_003070.9	90.114	263	22	4	3	264	8114767	8115026	3.74e-91	339
NC_003074.8:10862396-10866062	NC_003070.9	90.152	264	21	5	2	264	30253110	30252851	3.74e-91	339
NC_003074.8:10862396-10866062	NC_003070.9	92.373	236	16	2	6	240	3910601	3910367	4.83e-90	335
NC_003074.8:10862396-10866062	NC_003070.9	78.029	619	75	30	2130	2713	11900083	11900675	1.74e-89	333
NC_003074.8:10862396-10866062	NC_003070.9	90.000	260	22	4	6	264	12364135	12364391	1.74e-89	333
NC_003074.8:10862396-10866062	NC_003070.9	90.763	249	19	4	6	253	23554439	23554194	2.25e-88	329
NC_003074.8:10862396-10866062	NC_003070.9	89.615	260	23	4	6	264	9816210	9816466	8.09e-88	327
NC_003074.8:10862396-10866062	NC_003070.9	88.194	288	16	6	1273	1544	13058148	13057863	8.09e-88	327
NC_003074.8:10862396-10866062	NC_003070.9	89.615	260	23	4	6	264	15939323	15939579	8.09e-88	327
NC_003074.8:10862396-10866062	NC_003070.9	89.615	260	23	4	6	264	16325444	16325700	8.09e-88	327
NC_003074.8:10862396-10866062	NC_003070.9	89.615	260	23	4	6	264	26171480	26171224	8.09e-88	327
NC_003074.8:10862396-10866062	NC_003070.9	89.615	260	22	5	6	264	12330053	12329798	2.91e-87	326
NC_003074.8:10862396-10866062	NC_003070.9	89.615	260	22	5	6	264	18790927	18791182	2.91e-87	326
NC_003074.8:10862396-10866062	NC_003070.9	89.057	265	23	5	1	264	11699693	11699952	1.05e-86	324
NC_003074.8:10862396-10866062	NC_003070.9	81.507	438	42	18	2433	2855	13905846	13906259	1.05e-86	324
NC_003074.8:10862396-10866062	NC_003070.9	89.272	261	23	5	6	264	11737393	11737136	3.76e-86	322
NC_003074.8:10862396-10866062	NC_003070.9	88.889	261	22	7	6	264	22994060	22993805	6.30e-84	315
NC_003074.8:10862396-10866062	NC_003070.9	88.803	259	24	5	6	263	25963257	25963003	2.27e-83	313
NC_003074.8:10862396-10866062	NC_003070.9	84.179	335	36	11	2551	2879	13905888	13906211	2.93e-82	309
NC_003074.8:10862396-10866062	NC_003070.9	77.778	567	81	20	2245	2772	15812664	15813224	1.05e-81	307
NC_003074.8:10862396-10866062	NC_003070.9	88.123	261	26	5	5	264	12564082	12563826	3.79e-81	305
NC_003074.8:10862396-10866062	NC_003070.9	83.429	350	35	10	2130	2457	18600127	18599779	1.36e-80	303
NC_003074.8:10862396-10866062	NC_003070.9	88.506	261	16	7	2130	2378	18600043	18599785	1.36e-80	303
NC_003074.8:10862396-10866062	NC_003070.9	88.077	260	26	5	6	264	22622305	22622050	1.36e-80	303
NC_003074.8:10862396-10866062	NC_003070.9	87.833	263	17	6	3	264	9867417	9867169	8.21e-78	294
NC_003074.8:10862396-10866062	NC_003070.9	86.891	267	21	6	2592	2855	13905846	13906101	1.37e-75	287
NC_003074.8:10862396-10866062	NC_003070.9	94.149	188	9	2	246	432	13017571	13017385	4.94e-75	285
NC_003074.8:10862396-10866062	NC_003070.9	91.388	209	17	1	3102	3310	13057388	13057181	4.94e-75	285
NC_003074.8:10862396-10866062	NC_003070.9	79.098	488	46	23	2172	2616	18600253	18599779	4.94e-75	285
NC_003074.8:10862396-10866062	NC_003070.9	87.308	260	18	7	2131	2378	13906236	13906492	1.78e-74	283
NC_003074.8:10862396-10866062	NC_003070.9	77.800	500	78	32	1671	2154	16362113	16361631	8.26e-73	278
NC_003074.8:10862396-10866062	NC_003070.9	86.719	256	24	5	10	264	19329256	19329010	2.97e-72	276
NC_003074.8:10862396-10866062	NC_003070.9	83.125	320	30	11	2550	2855	18600328	18600019	1.38e-70	270
NC_003074.8:10862396-10866062	NC_003070.9	86.260	262	19	7	2130	2378	3826508	3826251	4.97e-70	268
NC_003074.8:10862396-10866062	NC_003070.9	86.100	259	21	10	6	263	8490194	8489950	6.43e-69	265
NC_003074.8:10862396-10866062	NC_003070.9	85.824	261	22	7	2130	2378	4112372	4112629	2.31e-68	263
NC_003074.8:10862396-10866062	NC_003070.9	84.397	282	25	10	2593	2869	16596991	16597258	2.99e-67	259
NC_003074.8:10862396-10866062	NC_003070.9	85.441	261	23	7	2130	2378	16597452	16597709	1.08e-66	257
NC_003074.8:10862396-10866062	NC_003070.9	94.118	170	9	1	3485	3654	17551356	17551188	1.08e-66	257
NC_003074.8:10862396-10866062	NC_003070.9	91.758	182	13	2	3486	3667	2233987	2233808	5.01e-65	252
NC_003074.8:10862396-10866062	NC_003070.9	77.526	485	66	27	1690	2148	17449467	17449000	5.01e-65	252
NC_003074.8:10862396-10866062	NC_003070.9	84.733	262	24	13	6	264	16806150	16806398	6.48e-64	248
NC_003074.8:10862396-10866062	NC_003070.9	84.615	260	22	12	6	264	4785461	4785703	3.01e-62	243
NC_003074.8:10862396-10866062	NC_003070.9	92.308	169	13	0	3486	3654	8289672	8289504	1.08e-61	241
NC_003074.8:10862396-10866062	NC_003070.9	89.119	193	19	2	1273	1463	3827697	3827505	3.90e-61	239
NC_003074.8:10862396-10866062	NC_003070.9	95.833	144	6	0	3313	3456	1975370	1975227	1.81e-59	233
NC_003074.8:10862396-10866062	NC_003070.9	95.205	146	7	0	3310	3455	19172360	19172215	6.53e-59	231
NC_003074.8:10862396-10866062	NC_003070.9	95.238	147	4	3	3310	3455	18745228	18745084	2.35e-58	230
NC_003074.8:10862396-10866062	NC_003070.9	95.172	145	7	0	3310	3454	19086543	19086687	2.35e-58	230
NC_003074.8:10862396-10866062	NC_003070.9	94.000	150	9	0	3486	3635	1975241	1975092	8.44e-58	228
NC_003074.8:10862396-10866062	NC_003070.9	94.558	147	8	0	3310	3456	2234119	2233973	8.44e-58	228
NC_003074.8:10862396-10866062	NC_003070.9	80.056	356	32	15	2957	3307	3826102	3825781	8.44e-58	228
NC_003074.8:10862396-10866062	NC_003070.9	94.558	147	8	0	3310	3456	14297963	14297817	8.44e-58	228
NC_003074.8:10862396-10866062	NC_003070.9	83.142	261	29	10	2592	2849	4111910	4112158	1.09e-56	224
NC_003074.8:10862396-10866062	NC_003070.9	95.070	142	7	0	3313	3454	17551485	17551344	1.09e-56	224
NC_003074.8:10862396-10866062	NC_003070.9	90.533	169	16	0	3486	3654	19086675	19086843	1.09e-56	224
NC_003074.8:10862396-10866062	NC_003070.9	90.533	169	16	0	3486	3654	19172228	19172060	1.09e-56	224
NC_003074.8:10862396-10866062	NC_003070.9	94.406	143	8	0	3313	3455	12854225	12854083	1.41e-55	220
NC_003074.8:10862396-10866062	NC_003070.9	83.077	260	19	10	6	264	16903800	16904035	2.36e-53	213
NC_003074.8:10862396-10866062	NC_003070.9	92.517	147	9	2	3310	3456	8289802	8289658	3.06e-52	209
NC_003074.8:10862396-10866062	NC_003070.9	84.211	228	20	9	3093	3309	22165266	22165044	1.10e-51	207
NC_003074.8:10862396-10866062	NC_003070.9	80.137	292	37	11	2433	2721	13057660	13057387	6.62e-49	198
NC_003074.8:10862396-10866062	NC_003070.9	81.679	262	27	12	2593	2851	13057658	13057415	6.62e-49	198
NC_003074.8:10862396-10866062	NC_003070.9	87.293	181	12	3	3486	3666	12854096	12853927	2.38e-48	196
NC_003074.8:10862396-10866062	NC_003070.9	82.741	197	30	4	2518	2712	11897286	11897480	4.01e-41	172
NC_003074.8:10862396-10866062	NC_003070.9	85.542	166	20	2	1807	1968	11983079	11983244	1.44e-40	171
NC_003074.8:10862396-10866062	NC_003070.9	80.085	236	39	5	3081	3315	9236148	9235920	5.19e-40	169
NC_003074.8:10862396-10866062	NC_003070.9	80.808	198	32	6	2361	2555	11897286	11897480	1.88e-34	150
NC_003074.8:10862396-10866062	NC_003070.9	94.792	96	4	1	3486	3580	14297831	14297736	6.76e-34	148
NC_003074.8:10862396-10866062	NC_003070.9	93.617	94	4	2	3562	3654	14296525	14296433	4.07e-31	139
NC_003074.8:10862396-10866062	NC_003070.9	86.290	124	15	2	2130	2252	18599886	18599764	1.89e-29	134
NC_003074.8:10862396-10866062	NC_003070.9	89.320	103	9	2	2130	2231	4112528	4112629	8.81e-28	128
NC_003074.8:10862396-10866062	NC_003070.9	91.860	86	7	0	1	86	18790098	18790183	1.47e-25	121
NC_003074.8:10862396-10866062	NC_003070.9	92.500	80	6	0	7	86	30251767	30251688	6.86e-24	115
NC_003074.8:10862396-10866062	NC_003070.9	90.588	85	8	0	2	86	3413549	3413633	2.47e-23	113
NC_003074.8:10862396-10866062	NC_003070.9	95.714	70	3	0	3585	3654	23175136	23175205	2.47e-23	113
NC_003074.8:10862396-10866062	NC_003070.9	89.888	89	5	3	9	97	22621378	22621294	8.87e-23	111
NC_003074.8:10862396-10866062	NC_003070.9	91.250	80	6	1	7	86	12328714	12328636	1.15e-21	108
NC_003074.8:10862396-10866062	NC_003070.9	90.123	81	8	0	6	86	12876928	12876848	4.13e-21	106
NC_003074.8:10862396-10866062	NC_003070.9	90.123	81	8	0	6	86	16998955	16998875	4.13e-21	106
NC_003074.8:10862396-10866062	NC_003070.9	92.857	70	5	0	3585	3654	18661	18730	5.34e-20	102
NC_003074.8:10862396-10866062	NC_003070.9	91.892	74	5	1	3585	3657	6737296	6737369	5.34e-20	102
NC_003074.8:10862396-10866062	NC_003070.9	92.424	66	3	2	2433	2497	16596947	16597011	3.21e-17	93.5
NC_003074.8:10862396-10866062	NC_003070.9	85.882	85	10	2	3	86	19724752	19724835	4.16e-16	89.8
NC_003074.8:10862396-10866062	NC_003070.9	90.909	66	4	2	2592	2656	16596947	16597011	1.49e-15	87.9
NC_003074.8:10862396-10866062	NC_003070.9	80.208	96	13	4	1868	1962	16723299	16723209	1.95e-09	67.6
NC_003074.8:10862396-10866062	NC_003076.8	91.385	1509	90	22	1548	3036	15205735	15207223	0.0	2030
NC_003074.8:10862396-10866062	NC_003076.8	90.307	1465	93	23	1586	3036	14525456	14524027	0.0	1873
NC_003074.8:10862396-10866062	NC_003076.8	93.271	862	51	7	2288	3143	17406253	17407113	0.0	1264
NC_003074.8:10862396-10866062	NC_003076.8	93.254	845	46	7	428	1265	355074	355914	0.0	1234
NC_003074.8:10862396-10866062	NC_003076.8	92.614	853	49	7	423	1266	7712079	7712926	0.0	1214
NC_003074.8:10862396-10866062	NC_003076.8	92.389	854	52	8	423	1266	20398688	20399538	0.0	1205
NC_003074.8:10862396-10866062	NC_003076.8	91.589	856	59	8	423	1266	19671695	19672549	0.0	1170
NC_003074.8:10862396-10866062	NC_003076.8	91.119	867	53	12	423	1265	8683926	8684792	0.0	1153
NC_003074.8:10862396-10866062	NC_003076.8	85.120	1129	98	32	1585	2693	17405739	17406817	0.0	1090
NC_003074.8:10862396-10866062	NC_003076.8	84.384	1063	108	34	1585	2614	15717446	15716409	0.0	990
NC_003074.8:10862396-10866062	NC_003076.8	82.163	1082	134	32	2246	3311	15716934	15715896	0.0	874
NC_003074.8:10862396-10866062	NC_003076.8	81.478	1177	113	45	1268	2378	5969078	5970215	0.0	869
NC_003074.8:10862396-10866062	NC_003076.8	85.052	863	79	28	1567	2398	13814188	13813345	0.0	833
NC_003074.8:10862396-10866062	NC_003076.8	95.327	428	17	3	6	432	5129834	5129409	0.0	676
NC_003074.8:10862396-10866062	NC_003076.8	95.327	428	17	3	6	432	14761183	14760758	0.0	676
NC_003074.8:10862396-10866062	NC_003076.8	83.100	787	85	20	2551	3319	5969927	5970683	0.0	673
NC_003074.8:10862396-10866062	NC_003076.8	78.351	1201	147	59	2172	3310	15206433	15207582	0.0	673
NC_003074.8:10862396-10866062	NC_003076.8	95.093	428	19	2	6	432	19931558	19931132	0.0	673
NC_003074.8:10862396-10866062	NC_003076.8	94.676	432	19	4	2	432	25264508	25264936	0.0	667
NC_003074.8:10862396-10866062	NC_003076.8	89.239	539	35	15	2171	2693	14524744	14524213	0.0	652
NC_003074.8:10862396-10866062	NC_003076.8	91.350	474	27	5	423	888	13917848	13917381	1.18e-180	636
NC_003074.8:10862396-10866062	NC_003076.8	93.488	430	20	6	6	432	15342696	15342272	1.53e-179	632
NC_003074.8:10862396-10866062	NC_003076.8	88.381	525	46	6	429	946	13982759	13983275	4.29e-175	617
NC_003074.8:10862396-10866062	NC_003076.8	92.379	433	29	4	3	432	7711128	7711559	5.55e-174	614
NC_003074.8:10862396-10866062	NC_003076.8	87.941	539	42	15	2171	2693	15206506	15207037	5.55e-174	614
NC_003074.8:10862396-10866062	NC_003076.8	91.314	449	31	8	2592	3036	13813624	13813180	9.28e-172	606
NC_003074.8:10862396-10866062	NC_003076.8	92.326	430	23	4	6	432	13918790	13918368	1.20e-170	603
NC_003074.8:10862396-10866062	NC_003076.8	87.384	539	45	15	2318	2849	15206359	15206881	5.58e-169	597
NC_003074.8:10862396-10866062	NC_003076.8	87.037	540	45	17	2318	2849	14524891	14524369	1.21e-165	586
NC_003074.8:10862396-10866062	NC_003076.8	92.271	414	26	6	2625	3034	11384047	11383636	1.56e-164	582
NC_003074.8:10862396-10866062	NC_003076.8	95.342	365	16	1	6	369	3020196	3019832	2.02e-163	579
NC_003074.8:10862396-10866062	NC_003076.8	88.589	482	24	10	423	895	15341750	15341291	9.48e-157	556
NC_003074.8:10862396-10866062	NC_003076.8	95.087	346	14	3	935	1278	17956547	17956891	2.65e-152	542
NC_003074.8:10862396-10866062	NC_003076.8	82.931	621	83	18	2245	2849	13218322	13218935	3.43e-151	538
NC_003074.8:10862396-10866062	NC_003076.8	89.120	432	23	12	3	432	354137	354546	1.61e-144	516
NC_003074.8:10862396-10866062	NC_003076.8	87.284	464	38	12	2392	2849	15716934	15716486	7.48e-143	510
NC_003074.8:10862396-10866062	NC_003076.8	90.838	382	25	10	2474	2849	17406283	17406660	1.25e-140	503
NC_003074.8:10862396-10866062	NC_003076.8	87.585	443	37	10	2130	2558	14524629	14524191	5.83e-139	497
NC_003074.8:10862396-10866062	NC_003076.8	79.052	802	107	37	1557	2311	11384603	11383816	7.54e-138	494
NC_003074.8:10862396-10866062	NC_003076.8	87.162	444	37	13	2130	2558	15206621	15207059	1.26e-135	486
NC_003074.8:10862396-10866062	NC_003076.8	86.771	446	38	13	2130	2558	17406398	17406839	7.59e-133	477
NC_003074.8:10862396-10866062	NC_003076.8	85.872	453	44	12	2433	2879	15206318	15206756	5.91e-129	464
NC_003074.8:10862396-10866062	NC_003076.8	85.779	443	44	11	2433	2870	14524932	14524504	4.60e-125	451
NC_003074.8:10862396-10866062	NC_003076.8	94.483	290	14	2	145	432	14082601	14082312	2.14e-123	446
NC_003074.8:10862396-10866062	NC_003076.8	94.502	291	12	4	145	432	16356709	16356998	2.14e-123	446
NC_003074.8:10862396-10866062	NC_003076.8	94.483	290	14	2	145	432	17618450	17618161	2.14e-123	446
NC_003074.8:10862396-10866062	NC_003076.8	94.483	290	14	2	145	432	20281750	20281461	2.14e-123	446
NC_003074.8:10862396-10866062	NC_003076.8	94.464	289	12	4	145	432	4781999	4781714	2.77e-122	442
NC_003074.8:10862396-10866062	NC_003076.8	94.406	286	16	0	987	1272	5129065	5128780	9.96e-122	440
NC_003074.8:10862396-10866062	NC_003076.8	94.138	290	15	2	145	432	18854200	18854489	9.96e-122	440
NC_003074.8:10862396-10866062	NC_003076.8	94.138	290	14	3	145	432	8765944	8766232	3.58e-121	438
NC_003074.8:10862396-10866062	NC_003076.8	94.138	290	14	3	145	432	9590645	9590933	3.58e-121	438
NC_003074.8:10862396-10866062	NC_003076.8	94.158	291	12	5	145	432	21530324	21530612	3.58e-121	438
NC_003074.8:10862396-10866062	NC_003076.8	93.793	290	16	2	145	432	17775963	17776252	4.63e-120	435
NC_003074.8:10862396-10866062	NC_003076.8	93.793	290	16	2	145	432	19742382	19742093	4.63e-120	435
NC_003074.8:10862396-10866062	NC_003076.8	94.056	286	17	0	987	1272	19930787	19930502	4.63e-120	435
NC_003074.8:10862396-10866062	NC_003076.8	93.793	290	15	3	145	432	9964782	9964494	1.67e-119	433
NC_003074.8:10862396-10866062	NC_003076.8	93.515	293	13	3	145	432	11025557	11025848	5.99e-119	431
NC_003074.8:10862396-10866062	NC_003076.8	93.493	292	15	4	144	432	17365258	17365548	5.99e-119	431
NC_003074.8:10862396-10866062	NC_003076.8	93.471	291	15	3	145	432	4312768	4313057	2.16e-118	429
NC_003074.8:10862396-10866062	NC_003076.8	93.448	290	17	2	145	432	14151059	14150770	2.16e-118	429
NC_003074.8:10862396-10866062	NC_003076.8	93.471	291	16	3	145	432	15606367	15606077	2.16e-118	429
NC_003074.8:10862396-10866062	NC_003076.8	94.265	279	15	1	2246	2524	5969927	5970204	2.79e-117	425
NC_003074.8:10862396-10866062	NC_003076.8	92.808	292	15	6	145	432	8746465	8746176	4.67e-115	418
NC_003074.8:10862396-10866062	NC_003076.8	92.759	290	18	3	145	432	7154204	7153916	1.68e-114	416
NC_003074.8:10862396-10866062	NC_003076.8	88.235	357	31	8	2957	3311	14524064	14523717	1.68e-114	416
NC_003074.8:10862396-10866062	NC_003076.8	92.734	289	17	3	145	432	20682172	20681887	6.04e-114	414
NC_003074.8:10862396-10866062	NC_003076.8	92.069	290	21	2	145	432	9559262	9558973	1.01e-111	407
NC_003074.8:10862396-10866062	NC_003076.8	90.365	301	16	4	145	432	5429827	5429527	1.70e-104	383
NC_003074.8:10862396-10866062	NC_003076.8	91.398	279	16	5	157	432	24187666	24187393	2.85e-102	375
NC_003074.8:10862396-10866062	NC_003076.8	89.701	301	18	8	145	432	9612816	9613116	3.68e-101	372
NC_003074.8:10862396-10866062	NC_003076.8	78.120	681	73	36	2130	2762	13218280	13218932	2.22e-98	363
NC_003074.8:10862396-10866062	NC_003076.8	90.943	265	19	5	1	264	14151298	14151038	4.80e-95	351
NC_003074.8:10862396-10866062	NC_003076.8	91.154	260	19	4	6	264	9965017	9964761	1.73e-94	350
NC_003074.8:10862396-10866062	NC_003076.8	90.805	261	20	4	5	264	9590409	9590666	2.23e-93	346
NC_003074.8:10862396-10866062	NC_003076.8	90.530	264	21	4	2	264	21530085	21530345	2.23e-93	346
NC_003074.8:10862396-10866062	NC_003076.8	89.007	282	24	7	2435	2713	13813623	13813346	2.89e-92	342
NC_003074.8:10862396-10866062	NC_003076.8	90.385	260	21	4	6	264	7154439	7154183	3.74e-91	339
NC_003074.8:10862396-10866062	NC_003076.8	87.458	295	35	2	2589	2881	13218277	13218571	3.74e-91	339
NC_003074.8:10862396-10866062	NC_003076.8	90.000	260	22	4	6	264	19742617	19742361	1.74e-89	333
NC_003074.8:10862396-10866062	NC_003076.8	90.038	261	21	5	5	264	20281985	20281729	1.74e-89	333
NC_003074.8:10862396-10866062	NC_003076.8	90.000	260	21	5	6	264	15606601	15606346	6.25e-89	331
NC_003074.8:10862396-10866062	NC_003076.8	87.129	303	24	7	2392	2693	5969927	5970215	2.25e-88	329
NC_003074.8:10862396-10866062	NC_003076.8	89.695	262	22	5	4	264	16356473	16356730	2.25e-88	329
NC_003074.8:10862396-10866062	NC_003076.8	79.596	495	71	23	2831	3309	9395508	9395988	8.09e-88	327
NC_003074.8:10862396-10866062	NC_003076.8	89.354	263	23	4	4	264	8746703	8746444	2.91e-87	326
NC_003074.8:10862396-10866062	NC_003076.8	93.519	216	9	5	2318	2531	11384039	11383827	1.75e-84	316
NC_003074.8:10862396-10866062	NC_003076.8	88.846	260	25	4	6	264	17365025	17365281	1.75e-84	316
NC_003074.8:10862396-10866062	NC_003076.8	89.960	249	20	5	6	253	17796785	17796541	1.75e-84	316
NC_003074.8:10862396-10866062	NC_003076.8	91.739	230	13	6	2466	2693	11384047	11383822	6.30e-84	315
NC_003074.8:10862396-10866062	NC_003076.8	88.846	260	24	5	6	264	14082835	14082580	6.30e-84	315
NC_003074.8:10862396-10866062	NC_003076.8	94.581	203	7	4	231	432	19670974	19671173	8.15e-83	311
NC_003074.8:10862396-10866062	NC_003076.8	85.093	322	24	10	2995	3309	13813186	13812882	1.05e-81	307
NC_003074.8:10862396-10866062	NC_003076.8	78.711	512	67	26	1675	2154	11611299	11610798	1.36e-80	303
NC_003074.8:10862396-10866062	NC_003076.8	88.123	261	16	7	2130	2378	14524470	14524213	2.28e-78	296
NC_003074.8:10862396-10866062	NC_003076.8	87.739	261	19	5	2130	2378	17406558	17406817	2.95e-77	292
NC_003074.8:10862396-10866062	NC_003076.8	87.072	263	19	7	2592	2851	15206318	15206568	1.78e-74	283
NC_003074.8:10862396-10866062	NC_003076.8	86.973	261	19	7	2130	2378	15206780	15207037	2.30e-73	279
NC_003074.8:10862396-10866062	NC_003076.8	87.705	244	23	7	2318	2558	13813583	13813344	8.26e-73	278
NC_003074.8:10862396-10866062	NC_003076.8	84.694	294	28	9	2130	2408	15716747	15716456	8.26e-73	278
NC_003074.8:10862396-10866062	NC_003076.8	82.335	334	43	14	2993	3315	11383644	11383316	2.97e-72	276
NC_003074.8:10862396-10866062	NC_003076.8	85.401	274	26	5	2	264	9559511	9559241	3.84e-71	272
NC_003074.8:10862396-10866062	NC_003076.8	85.401	274	21	6	6	264	18853952	18854221	1.79e-69	267
NC_003074.8:10862396-10866062	NC_003076.8	85.824	261	22	7	2592	2849	14524932	14524684	2.31e-68	263
NC_003074.8:10862396-10866062	NC_003076.8	81.595	326	53	7	1270	1591	15717704	15717382	2.31e-68	263
NC_003074.8:10862396-10866062	NC_003076.8	77.485	493	70	34	1670	2148	10533042	10532577	1.08e-66	257
NC_003074.8:10862396-10866062	NC_003076.8	91.146	192	12	4	4	193	19670799	19670987	3.87e-66	255
NC_003074.8:10862396-10866062	NC_003076.8	93.491	169	11	0	3486	3654	17957007	17957175	5.01e-65	252
NC_003074.8:10862396-10866062	NC_003076.8	93.491	169	10	1	3486	3654	7713056	7713223	1.80e-64	250
NC_003074.8:10862396-10866062	NC_003076.8	85.000	260	21	12	6	264	11025336	11025578	6.48e-64	248
NC_003074.8:10862396-10866062	NC_003076.8	87.281	228	15	6	2163	2378	11384047	11383822	6.48e-64	248
NC_003074.8:10862396-10866062	NC_003076.8	92.941	170	11	1	3486	3654	13984154	13984323	2.33e-63	246
NC_003074.8:10862396-10866062	NC_003076.8	96.599	147	5	0	3310	3456	7712924	7713070	8.38e-63	244
NC_003074.8:10862396-10866062	NC_003076.8	95.918	147	6	0	3310	3456	13984022	13984168	3.90e-61	239
NC_003074.8:10862396-10866062	NC_003076.8	95.918	147	6	0	3310	3456	17956875	17957021	3.90e-61	239
NC_003074.8:10862396-10866062	NC_003076.8	95.205	146	7	0	3310	3455	20399536	20399681	6.53e-59	231
NC_003074.8:10862396-10866062	NC_003076.8	91.124	169	11	2	3486	3654	5128656	5128492	3.04e-57	226
NC_003074.8:10862396-10866062	NC_003076.8	90.230	174	16	1	3486	3658	8684923	8685096	3.04e-57	226
NC_003074.8:10862396-10866062	NC_003076.8	80.923	325	28	10	3003	3311	10916300	10915994	3.04e-57	226
NC_003074.8:10862396-10866062	NC_003076.8	94.521	146	8	0	3310	3455	19672547	19672692	3.04e-57	226
NC_003074.8:10862396-10866062	NC_003076.8	94.521	146	8	0	3310	3455	19930510	19930365	3.04e-57	226
NC_003074.8:10862396-10866062	NC_003076.8	93.836	146	9	0	3310	3455	355913	356058	1.41e-55	220
NC_003074.8:10862396-10866062	NC_003076.8	93.836	146	9	0	3310	3455	5128788	5128643	1.41e-55	220
NC_003074.8:10862396-10866062	NC_003076.8	92.517	147	11	0	3310	3456	8684791	8684937	8.50e-53	211
NC_003074.8:10862396-10866062	NC_003076.8	85.572	201	22	6	3112	3308	10122570	10122767	1.42e-50	204
NC_003074.8:10862396-10866062	NC_003076.8	86.264	182	21	4	2130	2309	15716588	15716409	8.56e-48	195
NC_003074.8:10862396-10866062	NC_003076.8	81.200	250	35	5	2245	2483	11384038	11383790	1.11e-46	191
NC_003074.8:10862396-10866062	NC_003076.8	87.574	169	12	1	3486	3654	356045	356204	1.43e-45	187
NC_003074.8:10862396-10866062	NC_003076.8	90.840	131	12	0	3180	3310	17407114	17407244	3.10e-42	176
NC_003074.8:10862396-10866062	NC_003076.8	80.579	242	25	11	3045	3281	9396885	9397109	1.87e-39	167
NC_003074.8:10862396-10866062	NC_003076.8	75.916	382	61	21	2361	2725	13215436	13215803	1.87e-39	167
NC_003074.8:10862396-10866062	NC_003076.8	94.286	105	5	1	1	105	20398213	20398316	3.12e-37	159
NC_003074.8:10862396-10866062	NC_003076.8	81.122	196	34	3	2518	2712	13215436	13215629	1.45e-35	154
NC_003074.8:10862396-10866062	NC_003076.8	94.118	102	5	1	2593	2693	15716472	15716371	1.45e-35	154
NC_003074.8:10862396-10866062	NC_003076.8	88.710	124	12	2	2130	2252	13813467	13813345	1.88e-34	150
NC_003074.8:10862396-10866062	NC_003076.8	90.654	107	9	1	2744	2849	13218276	13218382	1.13e-31	141
NC_003074.8:10862396-10866062	NC_003076.8	87.097	124	14	2	2130	2252	14524314	14524192	4.07e-31	139
NC_003074.8:10862396-10866062	NC_003076.8	91.176	102	8	1	2131	2231	15716472	15716371	1.46e-30	137
NC_003074.8:10862396-10866062	NC_003076.8	90.291	103	8	2	2130	2231	11383923	11383822	1.89e-29	134
NC_003074.8:10862396-10866062	NC_003076.8	93.333	90	3	3	2448	2536	15716458	15716371	2.45e-28	130
NC_003074.8:10862396-10866062	NC_003076.8	89.320	103	9	2	2130	2231	5970114	5970215	8.81e-28	128
NC_003074.8:10862396-10866062	NC_003076.8	92.593	81	6	0	6	86	5978053	5977973	1.91e-24	117
NC_003074.8:10862396-10866062	NC_003076.8	92.500	80	6	0	7	86	20280646	20280567	6.86e-24	115
NC_003074.8:10862396-10866062	NC_003076.8	89.130	92	6	3	6	97	15043428	15043341	8.87e-23	111
NC_003074.8:10862396-10866062	NC_003076.8	91.250	80	7	0	7	86	9591748	9591827	3.19e-22	110
NC_003074.8:10862396-10866062	NC_003076.8	94.286	70	4	0	3585	3654	15341283	15341214	1.15e-21	108
NC_003074.8:10862396-10866062	NC_003076.8	89.412	85	8	1	3	86	9133949	9134033	4.13e-21	106
NC_003074.8:10862396-10866062	NC_003076.8	86.957	92	8	4	1	90	13982129	13982218	1.92e-19	100
NC_003074.8:10862396-10866062	NC_003076.8	86.957	92	8	3	6	97	15577425	15577338	1.92e-19	100
NC_003074.8:10862396-10866062	NC_003076.8	93.333	60	3	1	1877	1935	13813794	13813853	1.49e-15	87.9
NC_003074.8:10862396-10866062	NC_003075.7	90.618	1311	98	16	1744	3036	4096676	4095373	0.0	1716
NC_003074.8:10862396-10866062	NC_003075.7	92.200	859	57	6	423	1272	7059752	7058895	0.0	1206
NC_003074.8:10862396-10866062	NC_003075.7	91.026	858	56	13	423	1272	313337	312493	0.0	1138
NC_003074.8:10862396-10866062	NC_003075.7	92.755	773	49	4	498	1266	6280480	6281249	0.0	1110
NC_003074.8:10862396-10866062	NC_003075.7	93.790	628	37	2	641	1266	9439608	9440235	0.0	942
NC_003074.8:10862396-10866062	NC_003075.7	93.471	628	40	1	2204	2831	4094196	4094822	0.0	931
NC_003074.8:10862396-10866062	NC_003075.7	76.007	2134	306	121	1271	3310	4097033	4095012	0.0	915
NC_003074.8:10862396-10866062	NC_003075.7	82.948	1038	113	38	1526	2536	5613399	5612399	0.0	878
NC_003074.8:10862396-10866062	NC_003075.7	85.350	901	71	26	2433	3309	5612803	5611940	0.0	876
NC_003074.8:10862396-10866062	NC_003075.7	80.593	1247	142	58	1270	2457	5613598	5612393	0.0	870
NC_003074.8:10862396-10866062	NC_003075.7	93.881	572	28	6	2465	3036	5177686	5177122	0.0	856
NC_003074.8:10862396-10866062	NC_003075.7	81.294	989	111	43	1520	2457	5178266	5177301	0.0	734
NC_003074.8:10862396-10866062	NC_003075.7	94.860	428	19	3	6	432	6178448	6178873	0.0	665
NC_003074.8:10862396-10866062	NC_003075.7	83.289	748	87	19	2130	2851	4811386	4810651	0.0	654
NC_003074.8:10862396-10866062	NC_003075.7	93.533	433	17	10	5	432	7060699	7060273	4.26e-180	634
NC_003074.8:10862396-10866062	NC_003075.7	88.148	540	38	18	2171	2693	4096089	4095559	1.19e-175	619
NC_003074.8:10862396-10866062	NC_003075.7	87.409	548	45	15	2318	2858	4096235	4095705	2.58e-172	608
NC_003074.8:10862396-10866062	NC_003075.7	87.739	522	39	17	2171	2676	4094310	4094822	1.21e-165	586
NC_003074.8:10862396-10866062	NC_003075.7	91.589	428	19	4	6	432	314269	313858	2.62e-162	575
NC_003074.8:10862396-10866062	NC_003075.7	93.834	373	16	7	584	953	5354758	5355126	3.41e-156	555
NC_003074.8:10862396-10866062	NC_003075.7	93.681	364	20	3	2673	3036	5177110	5176750	2.65e-152	542
NC_003074.8:10862396-10866062	NC_003075.7	86.759	506	42	16	2352	2849	4094196	4094684	9.55e-152	540
NC_003074.8:10862396-10866062	NC_003075.7	90.187	428	16	13	6	432	6279022	6279424	4.44e-150	534
NC_003074.8:10862396-10866062	NC_003075.7	83.615	592	67	16	2284	2849	1929225	1929812	2.07e-148	529
NC_003074.8:10862396-10866062	NC_003075.7	87.613	444	34	13	2130	2558	4095974	4095537	2.10e-138	496
NC_003074.8:10862396-10866062	NC_003075.7	88.235	408	34	12	2291	2693	5177705	5177307	2.73e-132	475
NC_003074.8:10862396-10866062	NC_003075.7	86.712	444	37	14	2433	2870	4096276	4095849	9.82e-132	473
NC_003074.8:10862396-10866062	NC_003075.7	87.376	404	33	11	2129	2518	4094423	4094822	5.95e-124	448
NC_003074.8:10862396-10866062	NC_003075.7	94.483	290	12	4	145	432	9842373	9842086	7.70e-123	444
NC_003074.8:10862396-10866062	NC_003075.7	94.718	284	14	1	983	1266	6178995	6179277	9.96e-122	440
NC_003074.8:10862396-10866062	NC_003075.7	93.836	292	14	3	2	292	5354111	5354399	1.29e-120	436
NC_003074.8:10862396-10866062	NC_003075.7	94.138	290	12	5	145	432	8063845	8064131	1.29e-120	436
NC_003074.8:10862396-10866062	NC_003075.7	93.836	292	14	4	144	432	9763581	9763291	1.29e-120	436
NC_003074.8:10862396-10866062	NC_003075.7	93.793	290	16	2	145	432	1001772	1001483	4.63e-120	435
NC_003074.8:10862396-10866062	NC_003075.7	93.814	291	15	3	145	432	11361104	11361394	4.63e-120	435
NC_003074.8:10862396-10866062	NC_003075.7	84.821	448	49	11	2430	2861	1929225	1929669	1.67e-119	433
NC_003074.8:10862396-10866062	NC_003075.7	93.772	289	17	1	145	432	16864836	16864548	1.67e-119	433
NC_003074.8:10862396-10866062	NC_003075.7	79.616	677	78	27	2130	2769	4811302	4810649	5.99e-119	431
NC_003074.8:10862396-10866062	NC_003075.7	93.448	290	15	4	145	432	4146361	4146648	7.75e-118	427
NC_003074.8:10862396-10866062	NC_003075.7	92.759	290	18	3	145	432	1349820	1350108	1.68e-114	416
NC_003074.8:10862396-10866062	NC_003075.7	85.888	411	35	14	2162	2558	5177686	5177285	1.68e-114	416
NC_003074.8:10862396-10866062	NC_003075.7	92.440	291	18	3	145	432	5541154	5540865	2.17e-113	412
NC_003074.8:10862396-10866062	NC_003075.7	86.614	381	29	13	2318	2693	5612762	5612399	4.70e-110	401
NC_003074.8:10862396-10866062	NC_003075.7	91.753	291	18	4	145	432	2621774	2621487	1.69e-109	399
NC_003074.8:10862396-10866062	NC_003075.7	85.598	368	33	12	2509	2870	4094196	4094549	4.77e-100	368
NC_003074.8:10862396-10866062	NC_003075.7	90.000	280	26	2	985	1264	5355097	5355374	7.98e-98	361
NC_003074.8:10862396-10866062	NC_003075.7	94.714	227	12	0	888	1114	6280052	6280278	1.33e-95	353
NC_003074.8:10862396-10866062	NC_003075.7	90.769	260	20	4	6	264	1002007	1001751	8.03e-93	344
NC_003074.8:10862396-10866062	NC_003075.7	78.115	626	75	28	2245	2833	1929270	1929870	1.04e-91	340
NC_003074.8:10862396-10866062	NC_003075.7	90.385	260	21	4	6	264	8730453	8730197	3.74e-91	339
NC_003074.8:10862396-10866062	NC_003075.7	90.000	260	22	4	6	264	5541389	5541133	1.74e-89	333
NC_003074.8:10862396-10866062	NC_003075.7	90.000	260	22	4	6	264	9763814	9763558	1.74e-89	333
NC_003074.8:10862396-10866062	NC_003075.7	90.000	260	21	5	6	264	11360870	11361125	6.25e-89	331
NC_003074.8:10862396-10866062	NC_003075.7	90.763	249	19	4	6	253	7853533	7853288	2.25e-88	329
NC_003074.8:10862396-10866062	NC_003075.7	89.434	265	22	6	1	264	16865074	16864815	2.25e-88	329
NC_003074.8:10862396-10866062	NC_003075.7	89.231	260	24	4	6	264	9842608	9842352	3.76e-86	322
NC_003074.8:10862396-10866062	NC_003075.7	79.915	473	66	26	1678	2136	11372400	11371943	1.35e-85	320
NC_003074.8:10862396-10866062	NC_003075.7	89.015	264	19	10	5	264	4146125	4146382	4.87e-85	318
NC_003074.8:10862396-10866062	NC_003075.7	90.909	231	11	8	2624	2849	5177686	5177461	4.90e-80	302
NC_003074.8:10862396-10866062	NC_003075.7	82.271	361	44	12	2958	3311	5176786	5176439	8.21e-78	294
NC_003074.8:10862396-10866062	NC_003075.7	87.984	258	17	7	2131	2378	5177560	5177307	2.95e-77	292
NC_003074.8:10862396-10866062	NC_003075.7	87.649	251	29	2	2130	2378	4810903	4810653	1.06e-76	291
NC_003074.8:10862396-10866062	NC_003075.7	87.308	260	19	7	2130	2378	4095815	4095559	4.94e-75	285
NC_003074.8:10862396-10866062	NC_003075.7	85.824	261	21	8	2592	2849	4096276	4096029	2.31e-68	263
NC_003074.8:10862396-10866062	NC_003075.7	77.369	517	68	20	2390	2881	4811345	4810853	8.32e-68	261
NC_003074.8:10862396-10866062	NC_003075.7	93.333	180	7	5	2515	2693	5177110	5176935	8.32e-68	261
NC_003074.8:10862396-10866062	NC_003075.7	94.083	169	10	0	3486	3654	312370	312202	1.08e-66	257
NC_003074.8:10862396-10866062	NC_003075.7	84.286	280	27	9	2593	2868	5612801	5612535	1.08e-66	257
NC_003074.8:10862396-10866062	NC_003075.7	82.372	312	32	12	3002	3310	1882175	1882466	1.80e-64	250
NC_003074.8:10862396-10866062	NC_003075.7	82.315	311	31	12	3001	3309	7565002	7565290	6.48e-64	248
NC_003074.8:10862396-10866062	NC_003075.7	96.599	147	5	0	3310	3456	5355432	5355578	8.38e-63	244
NC_003074.8:10862396-10866062	NC_003075.7	85.597	243	21	6	2130	2361	4094583	4094822	3.01e-62	243
NC_003074.8:10862396-10866062	NC_003075.7	96.575	146	5	0	3310	3455	7058903	7058758	3.01e-62	243
NC_003074.8:10862396-10866062	NC_003075.7	95.302	149	5	2	3310	3456	9440233	9440381	5.04e-60	235
NC_003074.8:10862396-10866062	NC_003075.7	77.560	459	56	16	2212	2647	4814364	4813930	1.81e-59	233
NC_003074.8:10862396-10866062	NC_003075.7	95.238	147	7	0	3310	3456	6179275	6179421	1.81e-59	233
NC_003074.8:10862396-10866062	NC_003075.7	95.238	147	7	0	3310	3456	6281247	6281393	1.81e-59	233
NC_003074.8:10862396-10866062	NC_003075.7	80.317	315	50	10	3002	3310	2072887	2073195	8.44e-58	228
NC_003074.8:10862396-10866062	NC_003075.7	87.500	200	21	4	1286	1484	17450890	17450694	8.44e-58	228
NC_003074.8:10862396-10866062	NC_003075.7	87.129	202	21	5	2358	2558	5177110	5176913	1.09e-56	224
NC_003074.8:10862396-10866062	NC_003075.7	84.298	242	23	8	1927	2155	11372753	11372514	3.93e-56	222
NC_003074.8:10862396-10866062	NC_003075.7	78.886	341	60	5	2287	2616	4814363	4814024	1.41e-55	220
NC_003074.8:10862396-10866062	NC_003075.7	80.782	307	35	8	2562	2855	4811332	4811037	5.08e-55	219
NC_003074.8:10862396-10866062	NC_003075.7	93.243	148	7	2	3310	3456	312501	312356	6.57e-54	215
NC_003074.8:10862396-10866062	NC_003075.7	80.061	326	32	12	1854	2150	5332809	5333130	8.50e-53	211
NC_003074.8:10862396-10866062	NC_003075.7	79.355	310	49	11	2475	2771	4814331	4814024	1.42e-50	204
NC_003074.8:10862396-10866062	NC_003075.7	81.053	285	17	17	6	253	8063577	8063861	3.08e-47	193
NC_003074.8:10862396-10866062	NC_003075.7	87.574	169	12	1	3486	3654	5355564	5355723	1.43e-45	187
NC_003074.8:10862396-10866062	NC_003075.7	87.209	172	10	4	2217	2378	5177104	5176935	5.15e-45	185
NC_003074.8:10862396-10866062	NC_003075.7	89.928	139	13	1	2172	2309	4810787	4810649	8.62e-43	178
NC_003074.8:10862396-10866062	NC_003075.7	76.316	380	61	17	2361	2725	1926386	1926751	3.10e-42	176
NC_003074.8:10862396-10866062	NC_003075.7	79.004	281	38	10	1263	1540	4109892	4110154	4.01e-41	172
NC_003074.8:10862396-10866062	NC_003075.7	79.026	267	41	7	2518	2771	1926386	1926650	5.19e-40	169
NC_003074.8:10862396-10866062	NC_003075.7	77.636	313	43	11	3005	3311	10631525	10631234	6.71e-39	165
NC_003074.8:10862396-10866062	NC_003075.7	80.870	230	26	6	3082	3311	17449935	17449724	6.71e-39	165
NC_003074.8:10862396-10866062	NC_003075.7	85.276	163	13	8	281	432	3897173	3897011	1.12e-36	158
NC_003074.8:10862396-10866062	NC_003075.7	88.800	125	11	3	2130	2253	5612500	5612378	1.88e-34	150
NC_003074.8:10862396-10866062	NC_003075.7	87.903	124	12	3	2130	2252	5177035	5176914	3.15e-32	143
NC_003074.8:10862396-10866062	NC_003075.7	86.992	123	14	2	2130	2252	5177406	5177286	1.46e-30	137
NC_003074.8:10862396-10866062	NC_003075.7	86.290	124	14	3	2130	2252	4095659	4095538	6.81e-29	132
NC_003074.8:10862396-10866062	NC_003075.7	81.437	167	26	4	2550	2713	4820276	4820112	6.81e-29	132
NC_003074.8:10862396-10866062	NC_003075.7	91.579	95	6	2	584	676	5354032	5354126	2.45e-28	130
NC_003074.8:10862396-10866062	NC_003075.7	91.579	95	6	2	584	676	5354394	5354488	2.45e-28	130
NC_003074.8:10862396-10866062	NC_003075.7	81.548	168	18	6	2171	2327	5612543	5612378	3.17e-27	126
NC_003074.8:10862396-10866062	NC_003075.7	92.683	82	4	2	6	86	2520884	2520964	1.91e-24	117
NC_003074.8:10862396-10866062	NC_003075.7	81.955	133	19	3	2390	2520	4820277	4820148	1.15e-21	108
NC_003074.8:10862396-10866062	NC_003075.7	90.123	81	8	0	6	86	372086	372006	4.13e-21	106
NC_003074.8:10862396-10866062	NC_003075.7	88.889	81	9	0	6	86	14390988	14390908	1.92e-19	100
NC_003074.8:10862396-10866062	NC_003075.7	86.905	84	11	0	3	86	6166467	6166384	8.93e-18	95.3
NC_003074.8:10862396-10866062	NC_003075.7	79.245	106	15	7	2391	2493	4818166	4818065	1.95e-09	67.6
NC_003074.8:10862396-10866062	NC_003071.7	87.746	1371	92	23	1527	2855	6660771	6659435	0.0	1531
NC_003074.8:10862396-10866062	NC_003071.7	87.041	1335	121	28	1266	2583	6584654	6583355	0.0	1459
NC_003074.8:10862396-10866062	NC_003071.7	88.662	1076	105	13	2245	3309	5740333	5741402	0.0	1295
NC_003074.8:10862396-10866062	NC_003071.7	92.782	859	51	7	423	1272	5466073	5465217	0.0	1232
NC_003074.8:10862396-10866062	NC_003071.7	93.521	818	42	7	462	1272	5843583	5842770	0.0	1206
NC_003074.8:10862396-10866062	NC_003071.7	92.226	849	58	6	423	1263	11398542	11397694	0.0	1195
NC_003074.8:10862396-10866062	NC_003071.7	91.879	862	56	10	423	1272	12555186	12554327	0.0	1192
NC_003074.8:10862396-10866062	NC_003071.7	94.355	744	38	3	1952	2693	4354799	4354058	0.0	1138
NC_003074.8:10862396-10866062	NC_003071.7	90.962	852	54	7	423	1266	6101615	6102451	0.0	1125
NC_003074.8:10862396-10866062	NC_003071.7	93.741	719	44	1	2318	3036	3194885	3195602	0.0	1077
NC_003074.8:10862396-10866062	NC_003071.7	89.663	861	59	14	423	1272	1459978	1459137	0.0	1070
NC_003074.8:10862396-10866062	NC_003071.7	86.275	1020	77	32	2318	3311	4354579	4353597	0.0	1050
NC_003074.8:10862396-10866062	NC_003071.7	93.304	687	38	6	585	1265	10468260	10467576	0.0	1007
NC_003074.8:10862396-10866062	NC_003071.7	85.758	983	97	27	1744	2703	6729747	6728785	0.0	1000
NC_003074.8:10862396-10866062	NC_003071.7	81.974	1287	127	44	1552	2771	5739696	5740944	0.0	994
NC_003074.8:10862396-10866062	NC_003071.7	85.626	974	104	30	1744	2693	6661583	6662544	0.0	990
NC_003074.8:10862396-10866062	NC_003071.7	85.460	956	79	27	2172	3101	6660027	6659106	0.0	941
NC_003074.8:10862396-10866062	NC_003071.7	89.365	724	55	12	2318	3035	6662023	6662730	0.0	891
NC_003074.8:10862396-10866062	NC_003071.7	85.111	900	101	24	2437	3314	5761988	5761100	0.0	889
NC_003074.8:10862396-10866062	NC_003071.7	85.088	912	73	33	1678	2557	5762434	5761554	0.0	872
NC_003074.8:10862396-10866062	NC_003071.7	81.533	1083	123	49	1585	2616	6661494	6662550	0.0	821
NC_003074.8:10862396-10866062	NC_003071.7	96.721	427	11	2	6	432	6099530	6099953	0.0	708
NC_003074.8:10862396-10866062	NC_003071.7	95.814	430	16	2	4	432	19196759	19196331	0.0	693
NC_003074.8:10862396-10866062	NC_003071.7	95.571	429	15	4	6	432	1460925	1460499	0.0	684
NC_003074.8:10862396-10866062	NC_003071.7	95.550	427	17	2	6	432	11399377	11398953	0.0	682
NC_003074.8:10862396-10866062	NC_003071.7	83.208	798	72	24	1527	2309	3194158	3194908	0.0	675
NC_003074.8:10862396-10866062	NC_003071.7	87.296	614	49	21	2100	2693	3194812	3195416	0.0	675
NC_003074.8:10862396-10866062	NC_003071.7	95.327	428	15	3	6	432	12556203	12555780	0.0	675
NC_003074.8:10862396-10866062	NC_003071.7	92.657	463	28	3	2575	3037	6579573	6579117	0.0	662
NC_003074.8:10862396-10866062	NC_003071.7	92.541	429	12	13	6	432	5467004	5466594	5.58e-169	597
NC_003074.8:10862396-10866062	NC_003071.7	87.384	539	45	15	2172	2693	5740406	5740938	5.58e-169	597
NC_003074.8:10862396-10866062	NC_003071.7	92.254	426	20	10	10	432	10469076	10468661	2.60e-167	592
NC_003074.8:10862396-10866062	NC_003071.7	77.966	1121	126	59	2245	3309	6662024	6663079	9.35e-167	590
NC_003074.8:10862396-10866062	NC_003071.7	89.641	473	25	5	423	888	6383280	6382825	5.62e-164	580
NC_003074.8:10862396-10866062	NC_003071.7	86.314	548	46	15	2171	2693	6659900	6659357	1.22e-160	569
NC_003074.8:10862396-10866062	NC_003071.7	86.296	540	50	15	2318	2849	6729318	6728795	1.57e-159	566
NC_003074.8:10862396-10866062	NC_003071.7	93.600	375	19	4	18	390	5843961	5843590	3.41e-156	555
NC_003074.8:10862396-10866062	NC_003071.7	93.699	365	17	2	6	369	6384054	6383695	2.65e-152	542
NC_003074.8:10862396-10866062	NC_003071.7	85.343	539	41	17	2318	2850	6660101	6659595	9.61e-147	523
NC_003074.8:10862396-10866062	NC_003071.7	82.448	621	86	17	2245	2849	5961840	5961227	3.46e-146	521
NC_003074.8:10862396-10866062	NC_003071.7	82.287	621	87	17	2245	2849	6593948	6593335	1.61e-144	516
NC_003074.8:10862396-10866062	NC_003071.7	82.287	621	83	20	2245	2849	1755532	1756141	2.08e-143	512
NC_003074.8:10862396-10866062	NC_003071.7	82.126	621	88	17	2245	2849	2544201	2543588	7.48e-143	510
NC_003074.8:10862396-10866062	NC_003071.7	89.563	412	30	13	2445	2849	3194855	3195260	7.48e-143	510
NC_003074.8:10862396-10866062	NC_003071.7	87.838	444	34	12	2130	2558	3195000	3195438	1.25e-140	503
NC_003074.8:10862396-10866062	NC_003071.7	81.804	621	86	20	2245	2849	3021477	3022086	2.10e-138	496
NC_003074.8:10862396-10866062	NC_003071.7	86.907	443	37	12	2433	2870	6661982	6662408	7.59e-133	477
NC_003074.8:10862396-10866062	NC_003071.7	90.349	373	16	8	584	953	6084371	6084726	3.53e-131	472
NC_003074.8:10862396-10866062	NC_003071.7	84.536	485	55	15	2390	2868	5740332	5740802	2.13e-128	462
NC_003074.8:10862396-10866062	NC_003071.7	86.036	444	42	12	2130	2558	5740522	5740960	2.75e-127	459
NC_003074.8:10862396-10866062	NC_003071.7	94.828	290	12	3	145	432	14334020	14334308	1.65e-124	449
NC_003074.8:10862396-10866062	NC_003071.7	85.616	438	45	10	2437	2870	4354616	4354193	7.70e-123	444
NC_003074.8:10862396-10866062	NC_003071.7	94.158	291	14	3	145	432	12094189	12093899	9.96e-122	440
NC_003074.8:10862396-10866062	NC_003071.7	94.118	289	15	2	145	432	13267150	13267437	3.58e-121	438
NC_003074.8:10862396-10866062	NC_003071.7	85.948	427	39	13	2319	2739	6583766	6583355	1.29e-120	436
NC_003074.8:10862396-10866062	NC_003071.7	93.836	292	13	4	145	432	707676	707966	4.63e-120	435
NC_003074.8:10862396-10866062	NC_003071.7	85.102	443	47	11	2433	2870	6583808	6583380	4.63e-120	435
NC_003074.8:10862396-10866062	NC_003071.7	93.471	291	17	2	144	432	13337845	13337555	5.99e-119	431
NC_003074.8:10862396-10866062	NC_003071.7	93.493	292	15	3	145	432	17254998	17254707	5.99e-119	431
NC_003074.8:10862396-10866062	NC_003071.7	81.883	563	52	21	2245	2771	6659899	6659351	2.16e-118	429
NC_003074.8:10862396-10866062	NC_003071.7	93.448	290	17	2	145	432	7154501	7154212	2.16e-118	429
NC_003074.8:10862396-10866062	NC_003071.7	93.706	286	18	0	987	1272	19195986	19195701	2.16e-118	429
NC_003074.8:10862396-10866062	NC_003071.7	86.600	403	34	12	2171	2558	6662169	6662566	7.75e-118	427
NC_003074.8:10862396-10866062	NC_003071.7	93.426	289	18	1	145	432	11286904	11286616	7.75e-118	427
NC_003074.8:10862396-10866062	NC_003071.7	93.151	292	15	5	144	432	12801227	12801516	1.00e-116	424
NC_003074.8:10862396-10866062	NC_003071.7	84.580	441	50	10	2435	2870	6729357	6728930	3.61e-116	422
NC_003074.8:10862396-10866062	NC_003071.7	92.784	291	18	3	145	432	6925142	6924852	4.67e-115	418
NC_003074.8:10862396-10866062	NC_003071.7	92.759	290	18	3	145	432	396420	396132	1.68e-114	416
NC_003074.8:10862396-10866062	NC_003071.7	92.466	292	16	4	145	432	542543	542832	2.17e-113	412
NC_003074.8:10862396-10866062	NC_003071.7	92.958	284	17	3	145	426	500220	500502	7.81e-113	411
NC_003074.8:10862396-10866062	NC_003071.7	93.214	280	11	7	2416	2693	6579573	6579300	3.63e-111	405
NC_003074.8:10862396-10866062	NC_003071.7	85.969	392	34	12	2171	2546	6729171	6728785	1.69e-109	399
NC_003074.8:10862396-10866062	NC_003071.7	86.685	368	32	9	2171	2524	4354433	4354069	2.83e-107	392
NC_003074.8:10862396-10866062	NC_003071.7	84.634	410	36	12	2172	2558	6659740	6659335	1.70e-104	383
NC_003074.8:10862396-10866062	NC_003071.7	81.418	522	47	20	2130	2616	6659857	6659351	6.12e-104	381
NC_003074.8:10862396-10866062	NC_003071.7	91.429	280	17	4	985	1264	6084697	6084969	7.92e-103	377
NC_003074.8:10862396-10866062	NC_003071.7	79.194	620	66	31	2130	2713	2544243	2543651	3.68e-101	372
NC_003074.8:10862396-10866062	NC_003071.7	86.022	372	23	13	2957	3309	6579154	6578793	3.68e-101	372
NC_003074.8:10862396-10866062	NC_003071.7	78.639	632	77	22	2284	2881	3021432	3022039	1.71e-99	366
NC_003074.8:10862396-10866062	NC_003071.7	76.883	770	103	39	2130	2853	3021435	3022175	1.71e-99	366
NC_003074.8:10862396-10866062	NC_003071.7	79.117	589	73	21	2318	2881	1755531	1756094	7.98e-98	361
NC_003074.8:10862396-10866062	NC_003071.7	86.167	347	30	10	2430	2762	3021432	3021774	2.87e-97	359
NC_003074.8:10862396-10866062	NC_003071.7	77.924	684	75	35	2130	2765	6593990	6593335	1.03e-96	357
NC_003074.8:10862396-10866062	NC_003071.7	78.413	630	76	25	2287	2881	2544243	2543639	3.71e-96	355
NC_003074.8:10862396-10866062	NC_003071.7	91.288	264	18	5	2	264	13908724	13908465	3.71e-96	355
NC_003074.8:10862396-10866062	NC_003071.7	90.146	274	24	3	1273	1544	6660967	6660695	1.33e-95	353
NC_003074.8:10862396-10866062	NC_003071.7	88.136	295	33	2	2589	2881	3021432	3021726	1.73e-94	350
NC_003074.8:10862396-10866062	NC_003071.7	85.632	348	30	12	2433	2765	6593990	6593648	6.21e-94	348
NC_003074.8:10862396-10866062	NC_003071.7	88.014	292	33	2	2592	2881	2544243	2543952	8.03e-93	344
NC_003074.8:10862396-10866062	NC_003071.7	78.095	630	78	26	2287	2881	6593990	6593386	8.03e-93	344
NC_003074.8:10862396-10866062	NC_003071.7	88.055	293	31	4	2592	2881	6593990	6593699	8.03e-93	344
NC_003074.8:10862396-10866062	NC_003071.7	85.303	347	33	10	2433	2765	2544243	2543901	2.89e-92	342
NC_003074.8:10862396-10866062	NC_003071.7	78.778	589	62	30	2161	2713	1755521	1756082	1.34e-90	337
NC_003074.8:10862396-10866062	NC_003071.7	90.000	260	22	4	6	264	499985	500241	1.74e-89	333
NC_003074.8:10862396-10866062	NC_003071.7	90.000	260	22	4	6	264	7154736	7154480	1.74e-89	333
NC_003074.8:10862396-10866062	NC_003071.7	89.434	265	24	4	1	264	6925382	6925121	6.25e-89	331
NC_003074.8:10862396-10866062	NC_003071.7	90.000	260	20	6	6	264	13338077	13337823	6.25e-89	331
NC_003074.8:10862396-10866062	NC_003071.7	89.615	260	23	3	6	264	542308	542564	8.09e-88	327
NC_003074.8:10862396-10866062	NC_003071.7	77.642	653	70	35	2161	2765	5961851	5961227	8.09e-88	327
NC_003074.8:10862396-10866062	NC_003071.7	89.655	261	22	5	6	264	12094425	12094168	8.09e-88	327
NC_003074.8:10862396-10866062	NC_003071.7	77.160	683	78	38	2130	2762	580966	581620	2.91e-87	326
NC_003074.8:10862396-10866062	NC_003071.7	88.561	271	23	8	2604	2869	5761980	5761713	3.76e-86	322
NC_003074.8:10862396-10866062	NC_003071.7	89.231	260	24	4	6	264	14333785	14334041	3.76e-86	322
NC_003074.8:10862396-10866062	NC_003071.7	87.778	270	29	4	1273	1539	6661225	6661493	2.27e-83	313
NC_003074.8:10862396-10866062	NC_003071.7	88.462	260	27	3	2593	2849	3194844	3195103	8.15e-83	311
NC_003074.8:10862396-10866062	NC_003071.7	77.147	652	73	35	2162	2765	6567759	6567136	2.93e-82	309
NC_003074.8:10862396-10866062	NC_003071.7	83.473	357	31	12	2430	2762	1755477	1755829	1.05e-81	307
NC_003074.8:10862396-10866062	NC_003071.7	82.045	401	34	21	2474	2849	6659900	6659513	1.05e-81	307
NC_003074.8:10862396-10866062	NC_003071.7	89.157	249	24	3	6	253	13266915	13267161	1.05e-81	307
NC_003074.8:10862396-10866062	NC_003071.7	88.846	260	14	7	2131	2378	6659613	6659357	3.79e-81	305
NC_003074.8:10862396-10866062	NC_003071.7	85.246	305	33	4	2589	2881	1755477	1755781	1.36e-80	303
NC_003074.8:10862396-10866062	NC_003071.7	89.627	241	21	4	1270	1508	5739503	5739741	1.36e-80	303
NC_003074.8:10862396-10866062	NC_003071.7	85.714	301	24	11	2414	2700	4359479	4359184	1.76e-79	300
NC_003074.8:10862396-10866062	NC_003071.7	87.692	260	27	5	1287	1545	2966156	2965901	6.34e-79	298
NC_003074.8:10862396-10866062	NC_003071.7	87.356	261	31	2	2623	2881	5961851	5961591	6.34e-79	298
NC_003074.8:10862396-10866062	NC_003071.7	83.095	349	35	9	2131	2457	6659697	6659351	2.28e-78	296
NC_003074.8:10862396-10866062	NC_003071.7	87.833	263	16	8	2130	2378	6662284	6662544	8.21e-78	294
NC_003074.8:10862396-10866062	NC_003071.7	85.473	296	26	9	2275	2558	6579568	6579278	2.95e-77	292
NC_003074.8:10862396-10866062	NC_003071.7	87.266	267	18	3	1274	1539	3193978	3194229	1.06e-76	291
NC_003074.8:10862396-10866062	NC_003071.7	87.739	261	17	7	2130	2378	3195159	3195416	1.06e-76	291
NC_003074.8:10862396-10866062	NC_003071.7	87.405	262	19	6	2130	2378	4354318	4354058	3.82e-76	289
NC_003074.8:10862396-10866062	NC_003071.7	79.909	438	50	17	2433	2855	5740291	5740705	1.37e-75	287
NC_003074.8:10862396-10866062	NC_003071.7	86.447	273	22	7	2130	2388	6729056	6728785	4.94e-75	285
NC_003074.8:10862396-10866062	NC_003071.7	86.590	261	20	7	2130	2378	5740681	5740938	1.07e-71	274
NC_003074.8:10862396-10866062	NC_003071.7	83.280	311	34	6	3002	3309	4098191	4097896	1.38e-70	270
NC_003074.8:10862396-10866062	NC_003071.7	78.664	464	57	22	2210	2647	4376589	4377036	1.38e-70	270
NC_003074.8:10862396-10866062	NC_003071.7	85.932	263	21	8	2130	2378	5761835	5761575	1.79e-69	267
NC_003074.8:10862396-10866062	NC_003071.7	85.393	267	25	6	2592	2855	5740291	5740546	6.43e-69	265
NC_003074.8:10862396-10866062	NC_003071.7	85.824	261	21	7	2592	2849	6661982	6662229	2.31e-68	263
NC_003074.8:10862396-10866062	NC_003071.7	86.290	248	20	6	2604	2849	4354608	4354373	1.08e-66	257
NC_003074.8:10862396-10866062	NC_003071.7	94.083	169	9	1	3486	3654	19195577	19195410	3.87e-66	255
NC_003074.8:10862396-10866062	NC_003071.7	93.491	169	11	0	3486	3654	12554203	12554035	5.01e-65	252
NC_003074.8:10862396-10866062	NC_003071.7	97.279	147	4	0	3310	3456	6085027	6085173	1.80e-64	250
NC_003074.8:10862396-10866062	NC_003071.7	80.994	342	38	19	1855	2180	3191112	3190782	2.33e-63	246
NC_003074.8:10862396-10866062	NC_003071.7	92.899	169	11	1	3486	3654	1459014	1458847	8.38e-63	244
NC_003074.8:10862396-10866062	NC_003071.7	84.556	259	25	7	2594	2849	6729357	6729111	3.01e-62	243
NC_003074.8:10862396-10866062	NC_003071.7	92.353	170	12	1	3486	3655	6085159	6085327	1.08e-61	241
NC_003074.8:10862396-10866062	NC_003071.7	92.353	170	12	1	3485	3654	10467445	10467277	1.08e-61	241
NC_003074.8:10862396-10866062	NC_003071.7	91.954	174	9	1	3486	3654	5465096	5464923	3.90e-61	239
NC_003074.8:10862396-10866062	NC_003071.7	95.918	147	5	1	3310	3456	1459145	1459000	1.40e-60	237
NC_003074.8:10862396-10866062	NC_003071.7	91.716	169	14	0	3486	3654	11397653	11397485	5.04e-60	235
NC_003074.8:10862396-10866062	NC_003071.7	95.862	145	6	0	3310	3454	12554335	12554191	5.04e-60	235
NC_003074.8:10862396-10866062	NC_003071.7	83.459	266	28	8	2171	2422	6583620	6583357	1.81e-59	233
NC_003074.8:10862396-10866062	NC_003071.7	92.593	162	12	0	6	167	11287161	11287000	1.81e-59	233
NC_003074.8:10862396-10866062	NC_003071.7	95.238	147	7	0	3310	3456	19195709	19195563	1.81e-59	233
NC_003074.8:10862396-10866062	NC_003071.7	95.070	142	7	0	3310	3451	5842778	5842637	1.09e-56	224
NC_003074.8:10862396-10866062	NC_003071.7	94.366	142	8	0	3313	3454	10467574	10467433	5.08e-55	219
NC_003074.8:10862396-10866062	NC_003071.7	93.836	146	6	1	3310	3455	5465225	5465083	1.83e-54	217
NC_003074.8:10862396-10866062	NC_003071.7	80.707	311	33	13	2172	2457	5761877	5761569	1.83e-54	217
NC_003074.8:10862396-10866062	NC_003071.7	90.132	152	11	4	2130	2278	6583505	6583355	8.56e-48	195
NC_003074.8:10862396-10866062	NC_003071.7	82.096	229	33	8	2592	2815	3194728	3194953	3.98e-46	189
NC_003074.8:10862396-10866062	NC_003071.7	80.309	259	41	10	2518	2771	1752682	1752935	1.43e-45	187
NC_003074.8:10862396-10866062	NC_003071.7	83.249	197	29	4	2518	2712	578121	578315	8.62e-43	178
NC_003074.8:10862396-10866062	NC_003071.7	83.249	197	29	4	2518	2712	6570643	6570449	8.62e-43	178
NC_003074.8:10862396-10866062	NC_003071.7	83.249	197	29	4	2518	2712	6596829	6596635	8.62e-43	178
NC_003074.8:10862396-10866062	NC_003071.7	79.195	298	29	12	2194	2459	4359479	4359183	3.10e-42	176
NC_003074.8:10862396-10866062	NC_003071.7	76.178	382	60	18	2361	2725	578121	578488	4.01e-41	172
NC_003074.8:10862396-10866062	NC_003071.7	76.139	373	64	18	2361	2725	1752682	1753037	4.01e-41	172
NC_003074.8:10862396-10866062	NC_003071.7	82.828	198	28	6	2518	2712	2547086	2546892	4.01e-41	172
NC_003074.8:10862396-10866062	NC_003071.7	80.519	231	37	8	2433	2660	3194728	3194953	1.44e-40	171
NC_003074.8:10862396-10866062	NC_003071.7	80.786	229	31	6	2287	2503	1752682	1752909	1.87e-39	167
NC_003074.8:10862396-10866062	NC_003071.7	75.979	383	59	20	2361	2725	2547086	2546719	1.87e-39	167
NC_003074.8:10862396-10866062	NC_003071.7	91.667	120	7	3	2731	2849	6579573	6579456	2.41e-38	163
NC_003074.8:10862396-10866062	NC_003071.7	75.654	382	61	19	2361	2725	6570643	6570277	8.68e-38	161
NC_003074.8:10862396-10866062	NC_003071.7	75.654	382	62	19	2361	2725	6596829	6596462	8.68e-38	161
NC_003074.8:10862396-10866062	NC_003071.7	85.276	163	12	6	2592	2742	4379666	4379828	1.12e-36	158
NC_003074.8:10862396-10866062	NC_003071.7	91.150	113	8	2	2130	2241	6728896	6728785	5.23e-35	152
NC_003074.8:10862396-10866062	NC_003071.7	87.500	128	13	3	2744	2869	6593994	6593868	8.74e-33	145
NC_003074.8:10862396-10866062	NC_003071.7	87.903	124	13	2	2130	2252	6659458	6659336	8.74e-33	145
NC_003074.8:10862396-10866062	NC_003071.7	92.233	103	7	1	2130	2231	6662442	6662544	8.74e-33	145
NC_003074.8:10862396-10866062	NC_003071.7	76.974	304	35	19	2475	2763	1752714	1752997	1.13e-31	141
NC_003074.8:10862396-10866062	NC_003071.7	90.654	107	9	1	2744	2849	2544247	2544141	1.13e-31	141
NC_003074.8:10862396-10866062	NC_003071.7	90.654	107	9	1	2744	2849	3021431	3021537	1.13e-31	141
NC_003074.8:10862396-10866062	NC_003071.7	89.286	112	10	2	2130	2240	4354159	4354049	4.07e-31	139
NC_003074.8:10862396-10866062	NC_003071.7	93.548	93	5	1	3365	3456	6102483	6102575	1.46e-30	137
NC_003074.8:10862396-10866062	NC_003071.7	86.047	129	16	2	2142	2269	6579390	6579263	1.46e-30	137
NC_003074.8:10862396-10866062	NC_003071.7	84.397	141	19	3	2130	2269	3195315	3195453	5.26e-30	135
NC_003074.8:10862396-10866062	NC_003071.7	90.291	103	8	2	2130	2231	5740837	5740938	1.89e-29	134
NC_003074.8:10862396-10866062	NC_003071.7	88.182	110	10	3	2433	2541	4379666	4379773	8.81e-28	128
NC_003074.8:10862396-10866062	NC_003071.7	91.860	86	5	2	1	86	7111780	7111863	5.30e-25	119
NC_003074.8:10862396-10866062	NC_003071.7	91.765	85	6	1	2	86	3213357	3213274	1.91e-24	117
NC_003074.8:10862396-10866062	NC_003071.7	79.444	180	24	8	2210	2378	4427757	4427934	6.86e-24	115
NC_003074.8:10862396-10866062	NC_003071.7	90.698	86	7	1	1	86	4024197	4024281	2.47e-23	113
NC_003074.8:10862396-10866062	NC_003071.7	86.538	104	9	4	6	107	7814691	7814591	3.19e-22	110
NC_003074.8:10862396-10866062	NC_003071.7	87.629	97	7	4	5	100	2962806	2962714	1.15e-21	108
NC_003074.8:10862396-10866062	NC_003071.7	90.123	81	8	0	6	86	980617	980537	4.13e-21	106
NC_003074.8:10862396-10866062	NC_003071.7	84.615	117	7	4	2744	2849	1755476	1755592	4.13e-21	106
NC_003074.8:10862396-10866062	NC_003071.7	89.412	85	7	2	6	90	3564382	3564464	4.13e-21	106
NC_003074.8:10862396-10866062	NC_003071.7	84.615	117	7	4	2744	2849	5961896	5961780	4.13e-21	106
NC_003074.8:10862396-10866062	NC_003071.7	80.000	155	19	6	2705	2858	6660101	6659958	1.48e-20	104
NC_003074.8:10862396-10866062	NC_003071.7	90.909	77	7	0	6	82	7169524	7169448	1.48e-20	104
NC_003074.8:10862396-10866062	NC_003071.7	96.667	60	2	0	3397	3456	11397698	11397639	1.92e-19	100
NC_003074.8:10862396-10866062	NC_003071.7	100.000	44	0	0	3310	3353	6102449	6102492	6.95e-14	82.4
NC_003074.8:10841550-10843367	NC_003074.8	100.000	1818	0	0	1	1818	10841550	10843367	0.0	3358
NC_003074.8:10841550-10843367	NC_003074.8	94.099	1542	62	9	303	1817	14285443	14286982	0.0	2316
NC_003074.8:10841550-10843367	NC_003074.8	88.965	1169	75	22	691	1816	17033541	17034698	0.0	1395
NC_003074.8:10841550-10843367	NC_003074.8	92.588	742	44	7	1	732	7921928	7921188	0.0	1055
NC_003074.8:10841550-10843367	NC_003074.8	82.657	1182	104	47	690	1816	15977904	15976769	0.0	953
NC_003074.8:10841550-10843367	NC_003074.8	86.574	648	43	21	691	1319	20875827	20876449	0.0	675
NC_003074.8:10841550-10843367	NC_003074.8	85.219	663	40	20	691	1319	5792728	5793366	9.75e-179	628
NC_003074.8:10841550-10843367	NC_003074.8	84.650	658	44	20	691	1314	5380009	5379375	5.91e-171	603
NC_003074.8:10841550-10843367	NC_003074.8	84.396	455	58	11	1367	1817	10642724	10642279	2.28e-120	435
NC_003074.8:10841550-10843367	NC_003074.8	94.672	244	11	1	168	409	14272689	14272932	3.90e-103	377
NC_003074.8:10841550-10843367	NC_003074.8	86.842	342	37	8	1006	1344	6771337	6771673	1.40e-102	375
NC_003074.8:10841550-10843367	NC_003074.8	90.244	287	19	8	1	278	7922197	7921911	8.44e-100	366
NC_003074.8:10841550-10843367	NC_003074.8	86.885	305	26	8	1	300	7922327	7922032	1.11e-88	329
NC_003074.8:10841550-10843367	NC_003074.8	93.171	205	11	2	168	369	17033340	17033544	3.12e-79	298
NC_003074.8:10841550-10843367	NC_003074.8	92.195	205	12	3	168	369	20875627	20875830	6.76e-76	287
NC_003074.8:10841550-10843367	NC_003074.8	88.559	236	19	6	1365	1600	2648224	2648451	1.13e-73	279
NC_003074.8:10841550-10843367	NC_003074.8	91.220	205	15	2	168	369	5792527	5792731	1.46e-72	276
NC_003074.8:10841550-10843367	NC_003074.8	85.252	278	27	8	28	300	7922031	7921763	5.26e-72	274
NC_003074.8:10841550-10843367	NC_003074.8	79.793	386	64	12	168	543	16088245	16088626	2.45e-70	268
NC_003074.8:10841550-10843367	NC_003074.8	84.266	286	29	13	1	278	7922457	7922180	3.17e-69	265
NC_003074.8:10841550-10843367	NC_003074.8	95.758	165	6	1	1	164	14272659	14272823	3.17e-69	265
NC_003074.8:10841550-10843367	NC_003074.8	79.434	389	65	13	166	543	16063391	16063775	4.10e-68	261
NC_003074.8:10841550-10843367	NC_003074.8	90.099	202	9	4	171	369	5380199	5380006	2.47e-65	252
NC_003074.8:10841550-10843367	NC_003074.8	79.070	387	66	13	168	543	16042787	16043169	2.47e-65	252
NC_003074.8:10841550-10843367	NC_003074.8	93.491	169	9	2	1	167	15978134	15977966	8.87e-65	250
NC_003074.8:10841550-10843367	NC_003074.8	93.452	168	10	1	1	167	5380232	5380065	3.19e-64	248
NC_003074.8:10841550-10843367	NC_003074.8	78.608	388	67	14	168	543	16223728	16223345	1.48e-62	243
NC_003074.8:10841550-10843367	NC_003074.8	81.879	149	23	3	1	147	4217121	4216975	2.02e-26	122
NC_003074.8:10841550-10843367	NC_003074.8	92.857	84	6	0	1	84	17033254	17033337	2.02e-26	122
NC_003074.8:10841550-10843367	NC_003075.7	94.981	1554	51	6	283	1810	18251226	18249674	0.0	2412
NC_003074.8:10841550-10843367	NC_003075.7	96.106	1053	34	3	748	1793	6756643	6757695	0.0	1711
NC_003074.8:10841550-10843367	NC_003075.7	88.020	985	65	27	868	1809	6064533	6065507	0.0	1116
NC_003074.8:10841550-10843367	NC_003075.7	87.630	768	62	13	1079	1817	7235908	7236671	0.0	861
NC_003074.8:10841550-10843367	NC_003075.7	92.840	419	18	4	1	416	18251649	18251240	2.75e-169	597
NC_003074.8:10841550-10843367	NC_003075.7	84.195	658	41	21	691	1314	6912182	6911554	2.77e-164	580
NC_003074.8:10841550-10843367	NC_003075.7	85.222	609	37	19	691	1272	11979373	11978791	3.58e-163	577
NC_003074.8:10841550-10843367	NC_003075.7	87.054	533	33	16	691	1212	16055245	16054738	5.99e-161	569
NC_003074.8:10841550-10843367	NC_003075.7	82.398	659	51	30	691	1314	1777507	1778135	2.85e-144	514
NC_003074.8:10841550-10843367	NC_003075.7	86.352	403	20	9	1	369	16055643	16055242	4.97e-112	407
NC_003074.8:10841550-10843367	NC_003075.7	89.490	314	24	6	1013	1319	10871344	10871655	1.80e-106	388
NC_003074.8:10841550-10843367	NC_003075.7	91.882	271	15	6	1	264	6758030	6757760	1.81e-101	372
NC_003074.8:10841550-10843367	NC_003075.7	85.302	381	31	15	832	1197	7235535	7235905	6.52e-101	370
NC_003074.8:10841550-10843367	NC_003075.7	95.050	202	6	3	171	369	6912379	6912179	3.10e-84	315
NC_003074.8:10841550-10843367	NC_003075.7	83.565	359	25	13	691	1036	1302626	1302289	1.87e-81	305
NC_003074.8:10841550-10843367	NC_003075.7	85.113	309	24	8	1018	1319	1302273	1301980	1.12e-78	296
NC_003074.8:10841550-10843367	NC_003075.7	92.647	204	13	1	168	369	7235191	7235394	1.45e-77	292
NC_003074.8:10841550-10843367	NC_003075.7	92.683	205	11	3	168	369	10870814	10871017	1.45e-77	292
NC_003074.8:10841550-10843367	NC_003075.7	92.574	202	11	3	171	369	11979570	11979370	6.76e-76	287
NC_003074.8:10841550-10843367	NC_003075.7	91.707	205	14	2	168	369	1777306	1777510	3.14e-74	281
NC_003074.8:10841550-10843367	NC_003075.7	93.491	169	9	2	1	167	1302900	1302732	8.87e-65	250
NC_003074.8:10841550-10843367	NC_003075.7	92.000	175	12	2	1	173	7235161	7235335	4.13e-63	244
NC_003074.8:10841550-10843367	NC_003075.7	92.771	166	10	2	1	164	1777276	1777441	1.92e-61	239
NC_003074.8:10841550-10843367	NC_003075.7	91.946	149	6	5	171	315	16055610	16055464	7.00e-51	204
NC_003074.8:10841550-10843367	NC_003075.7	92.029	138	6	4	167	300	6758000	6757864	1.96e-46	189
NC_003074.8:10841550-10843367	NC_003075.7	79.276	304	30	17	1026	1327	5634583	5634311	3.28e-44	182
NC_003074.8:10841550-10843367	NC_003075.7	87.117	163	5	3	691	853	10871014	10871160	7.10e-41	171
NC_003074.8:10841550-10843367	NC_003075.7	78.824	170	27	7	1	167	4801847	4801684	2.03e-21	106
NC_003074.8:10841550-10843367	NC_003075.7	84.404	109	10	4	1222	1323	4957927	4957819	9.45e-20	100
NC_003074.8:10841550-10843367	NC_003075.7	85.437	103	8	2	1219	1314	16054652	16054550	9.45e-20	100
NC_003074.8:10841550-10843367	NC_003075.7	82.955	88	13	1	2	87	1096866	1096779	4.43e-13	78.7
NC_003074.8:10841550-10843367	NC_003071.7	97.584	1407	27	1	419	1818	4086471	4085065	0.0	2403
NC_003074.8:10841550-10843367	NC_003071.7	89.419	775	59	12	168	931	10682784	10683546	0.0	955
NC_003074.8:10841550-10843367	NC_003071.7	88.254	613	44	11	1233	1818	5607990	5608601	0.0	708
NC_003074.8:10841550-10843367	NC_003071.7	87.481	647	38	22	691	1319	241271	241892	0.0	706
NC_003074.8:10841550-10843367	NC_003071.7	86.718	655	36	18	691	1319	10351800	10352429	0.0	680
NC_003074.8:10841550-10843367	NC_003071.7	86.371	653	39	17	691	1319	8854604	8855230	0.0	667
NC_003074.8:10841550-10843367	NC_003071.7	84.498	658	44	20	691	1314	11556072	11555439	2.75e-169	597
NC_003074.8:10841550-10843367	NC_003071.7	89.067	375	36	5	976	1347	6249602	6249230	3.76e-128	460
NC_003074.8:10841550-10843367	NC_003071.7	89.735	302	23	4	1024	1319	19528518	19528817	1.08e-103	379
NC_003074.8:10841550-10843367	NC_003071.7	84.890	364	31	14	976	1325	1678963	1678610	1.10e-93	346
NC_003074.8:10841550-10843367	NC_003071.7	83.333	378	47	9	981	1344	7977428	7977803	2.38e-90	335
NC_003074.8:10841550-10843367	NC_003071.7	94.634	205	7	3	168	369	11556272	11556069	3.10e-84	315
NC_003074.8:10841550-10843367	NC_003071.7	92.233	206	12	3	168	369	8854402	8854607	1.88e-76	289
NC_003074.8:10841550-10843367	NC_003071.7	91.667	204	13	2	168	369	10351602	10351803	1.13e-73	279
NC_003074.8:10841550-10843367	NC_003071.7	91.220	205	15	2	168	369	5607474	5607678	1.46e-72	276
NC_003074.8:10841550-10843367	NC_003071.7	93.048	187	8	4	187	369	19527977	19528162	2.45e-70	268
NC_003074.8:10841550-10843367	NC_003071.7	95.238	168	7	1	1	167	11556302	11556135	3.17e-69	265
NC_003074.8:10841550-10843367	NC_003071.7	90.500	200	16	3	1048	1246	9643241	9643438	4.10e-68	261
NC_003074.8:10841550-10843367	NC_003071.7	89.756	205	17	3	168	369	240876	241079	1.47e-67	259
NC_003074.8:10841550-10843367	NC_003071.7	95.122	164	7	1	1	164	10351572	10351734	5.30e-67	257
NC_003074.8:10841550-10843367	NC_003071.7	93.529	170	7	3	203	369	241106	241274	8.87e-65	250
NC_003074.8:10841550-10843367	NC_003071.7	75.874	601	84	40	168	735	5049649	5049077	8.87e-65	250
NC_003074.8:10841550-10843367	NC_003071.7	91.477	176	12	3	1	173	5607444	5607619	1.92e-61	239
NC_003074.8:10841550-10843367	NC_003071.7	92.547	161	10	2	6	164	10682759	10682919	1.16e-58	230
NC_003074.8:10841550-10843367	NC_003071.7	90.909	165	14	1	1	164	240846	241010	6.95e-56	220
NC_003074.8:10841550-10843367	NC_003071.7	98.095	105	2	0	2	106	4086580	4086476	9.12e-45	183
NC_003074.8:10841550-10843367	NC_003071.7	87.349	166	6	9	1	164	19527941	19528093	1.53e-42	176
NC_003074.8:10841550-10843367	NC_003071.7	87.117	163	5	2	691	853	19528159	19528305	7.10e-41	171
NC_003074.8:10841550-10843367	NC_003071.7	83.616	177	23	6	1	173	17300155	17299981	4.27e-38	161
NC_003074.8:10841550-10843367	NC_003071.7	84.884	86	13	0	1	86	5648340	5648255	7.36e-16	87.9
NC_003074.8:10841550-10843367	NC_003076.8	89.129	1159	77	22	691	1809	12091439	12090290	0.0	1397
NC_003074.8:10841550-10843367	NC_003076.8	87.287	1172	84	28	691	1818	7075567	7076717	0.0	1279
NC_003074.8:10841550-10843367	NC_003076.8	89.046	776	60	13	168	931	10270502	10269740	0.0	939
NC_003074.8:10841550-10843367	NC_003076.8	86.223	646	46	19	691	1319	19080778	19081397	0.0	660
NC_003074.8:10841550-10843367	NC_003076.8	85.736	645	45	21	697	1319	18555812	18556431	0.0	638
NC_003074.8:10841550-10843367	NC_003076.8	85.498	662	38	22	691	1319	24436379	24435743	0.0	638
NC_003074.8:10841550-10843367	NC_003076.8	85.253	651	50	20	691	1319	5063030	5062404	9.75e-179	628
NC_003074.8:10841550-10843367	NC_003076.8	84.932	657	43	18	691	1314	7834104	7834737	2.73e-174	614
NC_003074.8:10841550-10843367	NC_003076.8	87.329	513	49	13	168	673	9753655	9754158	4.63e-162	573
NC_003074.8:10841550-10843367	NC_003076.8	87.527	465	47	6	1364	1818	9754755	9755218	3.66e-148	527
NC_003074.8:10841550-10843367	NC_003076.8	87.212	477	39	12	858	1319	6073051	6072582	4.73e-147	523
NC_003074.8:10841550-10843367	NC_003076.8	87.104	442	38	11	1381	1817	14732612	14732185	8.03e-135	483
NC_003074.8:10841550-10843367	NC_003076.8	78.134	686	93	41	271	928	13676842	13677498	8.38e-105	383
NC_003074.8:10841550-10843367	NC_003076.8	89.369	301	25	4	1024	1319	17275473	17275175	1.81e-101	372
NC_003074.8:10841550-10843367	NC_003076.8	84.956	339	19	11	691	1019	18554537	18554853	3.10e-84	315
NC_003074.8:10841550-10843367	NC_003076.8	94.059	202	8	3	171	369	5063582	5063382	6.71e-81	303
NC_003074.8:10841550-10843367	NC_003076.8	93.627	204	11	1	168	369	12091639	12091436	6.71e-81	303
NC_003074.8:10841550-10843367	NC_003076.8	93.659	205	8	4	168	369	7833905	7834107	2.41e-80	302
NC_003074.8:10841550-10843367	NC_003076.8	93.171	205	10	3	168	369	18554337	18554540	3.12e-79	298
NC_003074.8:10841550-10843367	NC_003076.8	83.824	340	26	11	691	1023	5063385	5063068	1.12e-78	296
NC_003074.8:10841550-10843367	NC_003076.8	92.754	207	11	3	166	369	17275971	17275766	1.12e-78	296
NC_003074.8:10841550-10843367	NC_003076.8	92.195	205	12	3	168	369	6073243	6073446	6.76e-76	287
NC_003074.8:10841550-10843367	NC_003076.8	91.667	204	15	1	168	369	7075367	7075570	3.14e-74	281
NC_003074.8:10841550-10843367	NC_003076.8	91.707	205	13	3	168	369	19080578	19080781	3.14e-74	281
NC_003074.8:10841550-10843367	NC_003076.8	91.584	202	12	4	171	369	24436575	24436376	5.26e-72	274
NC_003074.8:10841550-10843367	NC_003076.8	95.152	165	7	1	1	164	7833875	7834039	1.47e-67	259
NC_003074.8:10841550-10843367	NC_003076.8	94.545	165	8	1	4	167	5063612	5063448	6.85e-66	254
NC_003074.8:10841550-10843367	NC_003076.8	94.545	165	8	1	1	164	18554307	18554471	6.85e-66	254
NC_003074.8:10841550-10843367	NC_003076.8	93.939	165	9	1	1	164	6073213	6073377	3.19e-64	248
NC_003074.8:10841550-10843367	NC_003076.8	93.452	168	10	1	1	167	17275999	17275832	3.19e-64	248
NC_003074.8:10841550-10843367	NC_003076.8	93.333	165	10	1	1	164	6073039	6073203	1.48e-62	243
NC_003074.8:10841550-10843367	NC_003076.8	92.857	168	10	2	1	167	24436608	24436442	1.48e-62	243
NC_003074.8:10841550-10843367	NC_003076.8	91.429	175	13	2	1	173	7075337	7075511	1.92e-61	239
NC_003074.8:10841550-10843367	NC_003076.8	92.683	164	10	2	6	167	10270527	10270364	2.48e-60	235
NC_003074.8:10841550-10843367	NC_003076.8	88.177	203	8	2	691	893	17275769	17275583	4.15e-58	228
NC_003074.8:10841550-10843367	NC_003076.8	90.361	166	14	2	1	164	9753625	9753790	8.99e-55	217
NC_003074.8:10841550-10843367	NC_003076.8	92.029	138	10	1	1	137	6073724	6073587	1.52e-47	193
NC_003074.8:10841550-10843367	NC_003076.8	84.848	165	22	2	1	164	9442640	9442802	1.19e-38	163
NC_003074.8:10841550-10843367	NC_003076.8	83.784	148	22	2	1	147	348085	347939	2.00e-31	139
NC_003074.8:10841550-10843367	NC_003076.8	83.108	148	23	2	1	147	347804	347658	9.32e-30	134
NC_003074.8:10841550-10843367	NC_003076.8	93.103	87	6	0	1	87	12091725	12091639	4.33e-28	128
NC_003074.8:10841550-10843367	NC_003076.8	82.432	148	24	2	1	147	24345544	24345398	4.33e-28	128
NC_003074.8:10841550-10843367	NC_003076.8	91.228	57	5	0	168	224	12091695	12091639	4.43e-13	78.7
NC_003074.8:10841550-10843367	NC_003076.8	92.683	41	3	0	1	41	15181591	15181631	1.60e-07	60.2
NC_003074.8:10841550-10843367	NC_003076.8	94.737	38	1	1	595	632	9754534	9754570	5.77e-07	58.4
NC_003074.8:10841550-10843367	NC_003070.9	88.794	1169	80	27	691	1817	5659094	5657935	0.0	1386
NC_003074.8:10841550-10843367	NC_003070.9	86.900	1084	80	29	787	1818	13408253	13409326	0.0	1158
NC_003074.8:10841550-10843367	NC_003070.9	90.143	771	61	10	168	931	14297719	14296957	0.0	989
NC_003074.8:10841550-10843367	NC_003070.9	87.662	770	61	19	168	931	17107558	17108299	0.0	865
NC_003074.8:10841550-10843367	NC_003070.9	89.985	649	49	11	168	810	17102298	17102936	0.0	824
NC_003074.8:10841550-10843367	NC_003070.9	84.105	648	49	32	691	1314	21260377	21260994	3.58e-163	577
NC_003074.8:10841550-10843367	NC_003070.9	83.537	656	49	28	691	1317	11352173	11351548	1.30e-157	558
NC_003074.8:10841550-10843367	NC_003070.9	88.692	451	43	3	1367	1811	14296964	14296516	3.63e-153	544
NC_003074.8:10841550-10843367	NC_003070.9	88.210	458	45	4	1367	1818	17111120	17111574	3.63e-153	544
NC_003074.8:10841550-10843367	NC_003070.9	87.327	434	35	12	1382	1809	17405206	17404787	1.04e-133	479
NC_003074.8:10841550-10843367	NC_003070.9	80.249	643	64	26	691	1314	13407657	13408255	1.37e-117	425
NC_003074.8:10841550-10843367	NC_003070.9	91.497	294	20	1	1365	1658	16317587	16317875	8.32e-110	399
NC_003074.8:10841550-10843367	NC_003070.9	84.456	386	31	9	934	1291	13155906	13156290	6.57e-96	353
NC_003074.8:10841550-10843367	NC_003070.9	92.233	206	11	4	168	369	21260176	21260380	6.76e-76	287
NC_003074.8:10841550-10843367	NC_003070.9	91.304	207	14	3	166	369	11352375	11352170	1.13e-73	279
NC_003074.8:10841550-10843367	NC_003070.9	87.665	227	14	5	579	798	17405476	17405257	2.47e-65	252
NC_003074.8:10841550-10843367	NC_003070.9	92.771	166	10	2	1	164	21260146	21260311	1.92e-61	239
NC_003074.8:10841550-10843367	NC_003070.9	91.716	169	12	2	1	167	11352403	11352235	8.93e-60	233
NC_003074.8:10841550-10843367	NC_003070.9	91.411	163	12	2	4	164	17107531	17107693	1.93e-56	222
NC_003074.8:10841550-10843367	NC_003070.9	78.164	403	46	27	561	931	16804798	16804406	2.50e-55	219
NC_003074.8:10841550-10843367	NC_003070.9	90.909	165	12	3	2	164	17102269	17102432	2.50e-55	219
NC_003074.8:10841550-10843367	NC_003070.9	90.062	161	9	3	579	732	17405914	17405754	2.52e-50	202
NC_003074.8:10841550-10843367	NC_003070.9	84.459	148	21	2	1	147	6234720	6234574	4.30e-33	145
NC_003074.8:10841550-10843367	NC_003070.9	84.459	148	21	2	1	147	6235099	6234953	4.30e-33	145
NC_003074.8:10841550-10843367	NC_003070.9	84.459	148	20	3	1	147	16342970	16342825	1.55e-32	143
NC_003074.8:10841550-10843367	NC_003070.9	89.286	112	12	0	1	112	19403474	19403363	5.57e-32	141
NC_003074.8:10841550-10843367	NC_003070.9	80.606	165	25	6	4	167	12904177	12904019	7.25e-26	121
NC_003074.8:10841550-10843367	NC_003070.9	79.375	160	25	6	4	162	17108400	17108552	2.03e-21	106
NC_003074.8:10841550-10843367	NC_003070.9	80.357	112	20	1	1	110	16865002	16864891	9.52e-15	84.2
NC_003074.8:10841550-10843367	NC_003070.9	91.228	57	5	0	168	224	5659239	5659183	4.43e-13	78.7
NC_003074.8:10841550-10843367	NC_003070.9	80.583	103	15	4	294	392	13449391	13449492	5.73e-12	75.0
NC_003074.8:10841550-10843367	NC_003070.9	94.872	39	1	1	595	633	13582603	13582640	1.60e-07	60.2
NC_003074.8:10841550-10843367	NC_003070.9	94.737	38	1	1	595	632	17405381	17405345	5.77e-07	58.4
NC_003074.8:10841550-10843367	NC_003070.9	94.737	38	1	1	595	632	17405819	17405783	5.77e-07	58.4
NC_003074.8:10836302-10838075	NC_003074.8	100.000	1774	0	0	1	1774	10836302	10838075	0.0	3277
NC_003074.8:10836302-10838075	NC_003074.8	89.560	977	66	25	1	967	15947964	15947014	0.0	1206
NC_003074.8:10836302-10838075	NC_003074.8	85.397	945	64	18	1	912	15503688	15504591	0.0	913
NC_003074.8:10836302-10838075	NC_003074.8	87.785	483	47	6	898	1372	15947022	15946544	1.64e-156	555
NC_003074.8:10836302-10838075	NC_003074.8	89.286	392	36	4	983	1372	15504628	15505015	6.06e-136	486
NC_003074.8:10836302-10838075	NC_003074.8	88.636	352	36	3	1413	1762	17986545	17986894	1.34e-117	425
NC_003074.8:10836302-10838075	NC_003074.8	92.857	140	10	0	1259	1398	17986350	17986489	6.83e-51	204
NC_003074.8:10836302-10838075	NC_003074.8	92.000	100	7	1	1	100	17985939	17986037	1.95e-31	139
NC_003074.8:10836302-10838075	NC_003074.8	94.118	85	5	0	1144	1228	17986263	17986347	1.18e-28	130
NC_003074.8:10836302-10838075	NC_003074.8	97.143	35	1	0	1	35	17397540	17397574	1.56e-07	60.2
NC_003074.8:10836302-10838075	NC_003071.7	93.739	1757	90	10	1	1744	6417297	6415548	0.0	2617
NC_003074.8:10836302-10838075	NC_003071.7	91.659	1139	44	22	1	1136	2175670	2174580	0.0	1530
NC_003074.8:10836302-10838075	NC_003071.7	92.143	140	11	0	1623	1762	2174381	2174242	3.18e-49	198
NC_003074.8:10836302-10838075	NC_003071.7	85.326	184	9	2	1213	1396	2174555	2174390	5.35e-42	174
NC_003074.8:10836302-10838075	NC_003076.8	92.665	1786	89	22	1	1762	14213722	14215489	0.0	2534
NC_003074.8:10836302-10838075	NC_003076.8	90.268	1757	118	24	1	1735	9666385	9664660	0.0	2248
NC_003074.8:10836302-10838075	NC_003076.8	95.188	1039	43	5	2	1039	10715622	10716654	0.0	1635
NC_003074.8:10836302-10838075	NC_003076.8	90.941	1137	73	15	503	1611	10289259	10288125	0.0	1502
NC_003074.8:10836302-10838075	NC_003076.8	88.235	816	68	19	14	822	13500319	13499525	0.0	950
NC_003074.8:10836302-10838075	NC_003076.8	89.388	490	49	3	884	1372	13499513	13499026	2.66e-174	614
NC_003074.8:10836302-10838075	NC_003076.8	89.916	476	24	9	1	457	10289727	10289257	1.25e-167	592
NC_003074.8:10836302-10838075	NC_003076.8	92.135	89	7	0	1398	1486	13498891	13498979	1.52e-27	126
NC_003074.8:10836302-10838075	NC_003075.7	88.763	1762	119	23	1	1735	5227956	5229665	0.0	2084
NC_003074.8:10836302-10838075	NC_003070.9	90.742	1253	72	21	1	1253	17108829	17110037	0.0	1631
NC_003074.8:10836302-10838075	NC_003070.9	87.801	1410	122	31	1	1389	11990875	11992255	0.0	1605
NC_003074.8:10836302-10838075	NC_003070.9	89.219	538	32	12	1259	1774	17110105	17110638	0.0	649
NC_003074.8:10836302-10838075	NC_003070.9	90.909	231	17	3	881	1109	19763056	19763284	5.06e-82	307
NC_003074.8:10836302-10838075	NC_003070.9	90.213	235	15	8	76	306	19762798	19763028	8.47e-80	300
NC_003074.8:10836302-10838075	NC_003070.9	92.958	142	10	0	1493	1634	11992437	11992578	5.28e-52	207
NC_003074.8:10836302-10838075	NC_003070.9	90.110	91	8	1	1397	1486	11992370	11992280	9.15e-25	117
NC_003074.8:14420054-14429530	NC_003074.8	100.000	9477	0	0	1	9477	14429530	14420054	0.0	17501
NC_003074.8:14420054-14429530	NC_003074.8	90.250	4359	305	41	5087	9393	14412272	14416562	0.0	5585
NC_003074.8:14420054-14429530	NC_003074.8	89.799	4372	327	35	5087	9393	12248175	12243858	0.0	5493
NC_003074.8:14420054-14429530	NC_003074.8	89.774	4381	318	48	5087	9393	15715804	15711480	0.0	5489
NC_003074.8:14420054-14429530	NC_003074.8	89.419	4045	309	61	5375	9385	13605441	13609400	0.0	4988
NC_003074.8:14420054-14429530	NC_003074.8	89.366	4053	307	53	5375	9393	14823241	14827203	0.0	4983
NC_003074.8:14420054-14429530	NC_003074.8	90.927	3626	268	24	5778	9393	12536151	12539725	0.0	4817
NC_003074.8:14420054-14429530	NC_003074.8	88.420	4076	327	81	5377	9393	12215818	12211829	0.0	4778
NC_003074.8:14420054-14429530	NC_003074.8	91.467	3504	210	38	5920	9393	12990208	12993652	0.0	4732
NC_003074.8:14420054-14429530	NC_003074.8	88.337	3987	300	66	5434	9393	14153645	14157493	0.0	4634
NC_003074.8:14420054-14429530	NC_003074.8	89.753	3689	257	52	5778	9393	12051483	12047843	0.0	4606
NC_003074.8:14420054-14429530	NC_003074.8	87.845	3192	265	69	6241	9393	14581084	14577977	0.0	3631
NC_003074.8:14420054-14429530	NC_003074.8	88.986	2751	230	42	5375	8113	13911598	13914287	0.0	3334
NC_003074.8:14420054-14429530	NC_003074.8	90.567	2470	199	23	5375	7827	12411497	12413949	0.0	3240
NC_003074.8:14420054-14429530	NC_003074.8	90.581	2463	201	25	5375	7827	14553140	14555581	0.0	3234
NC_003074.8:14420054-14429530	NC_003074.8	88.174	2672	235	39	5372	8026	15259791	15262398	0.0	3109
NC_003074.8:14420054-14429530	NC_003074.8	86.294	2758	241	62	5375	8113	13614847	13612208	0.0	2872
NC_003074.8:14420054-14429530	NC_003074.8	83.766	2655	347	54	5199	7804	13650515	13653134	0.0	2438
NC_003074.8:14420054-14429530	NC_003074.8	91.486	1750	118	7	5087	6806	13519918	13518170	0.0	2377
NC_003074.8:14420054-14429530	NC_003074.8	90.229	1791	121	12	7617	9393	12314640	12312890	0.0	2289
NC_003074.8:14420054-14429530	NC_003074.8	89.565	1792	132	14	7618	9393	13380490	13378738	0.0	2222
NC_003074.8:14420054-14429530	NC_003074.8	86.774	1996	214	36	5836	7807	13997236	13995267	0.0	2178
NC_003074.8:14420054-14429530	NC_003074.8	89.019	1794	130	16	7617	9393	11553786	11552043	0.0	2159
NC_003074.8:14420054-14429530	NC_003074.8	89.574	1736	115	16	7618	9333	15137462	15139151	0.0	2143
NC_003074.8:14420054-14429530	NC_003074.8	88.650	1771	142	16	7618	9368	12582801	12581070	0.0	2102
NC_003074.8:14420054-14429530	NC_003074.8	85.221	2084	234	45	5762	7807	13624517	13622470	0.0	2074
NC_003074.8:14420054-14429530	NC_003074.8	87.955	1785	166	21	7618	9393	13659434	13657690	0.0	2060
NC_003074.8:14420054-14429530	NC_003074.8	87.833	1800	155	22	7617	9393	13404934	13403176	0.0	2052
NC_003074.8:14420054-14429530	NC_003074.8	86.795	1825	199	18	5208	7028	12190018	12188232	0.0	1997
NC_003074.8:14420054-14429530	NC_003074.8	87.194	1796	162	36	7617	9393	12255283	12253537	0.0	1980
NC_003074.8:14420054-14429530	NC_003074.8	87.111	1800	164	32	7617	9393	15722694	15720940	0.0	1977
NC_003074.8:14420054-14429530	NC_003074.8	87.100	1814	140	26	7618	9393	14128819	14130576	0.0	1967
NC_003074.8:14420054-14429530	NC_003074.8	87.100	1814	140	26	7618	9393	14144408	14146165	0.0	1967
NC_003074.8:14420054-14429530	NC_003074.8	88.173	1691	132	22	7616	9290	13639959	13638321	0.0	1953
NC_003074.8:14420054-14429530	NC_003074.8	90.098	1525	114	22	7891	9393	15152520	15154029	0.0	1945
NC_003074.8:14420054-14429530	NC_003074.8	90.331	1479	129	13	6346	7818	13972341	13973811	0.0	1927
NC_003074.8:14420054-14429530	NC_003074.8	86.349	1802	157	45	7618	9393	12225829	12224091	0.0	1882
NC_003074.8:14420054-14429530	NC_003074.8	90.409	1418	104	8	7995	9393	14813564	14814968	0.0	1836
NC_003074.8:14420054-14429530	NC_003074.8	85.493	1806	190	36	7617	9393	13966365	13968127	0.0	1818
NC_003074.8:14420054-14429530	NC_003074.8	87.611	1582	144	27	7827	9393	12401406	12402950	0.0	1788
NC_003074.8:14420054-14429530	NC_003074.8	88.777	1488	118	16	5087	6550	13632498	13631036	0.0	1777
NC_003074.8:14420054-14429530	NC_003074.8	89.455	1432	108	14	7987	9393	12982750	12984163	0.0	1768
NC_003074.8:14420054-14429530	NC_003074.8	85.826	1658	197	17	5087	6719	14800906	14802550	0.0	1725
NC_003074.8:14420054-14429530	NC_003074.8	89.337	1388	106	14	7612	8995	13620821	13619472	0.0	1705
NC_003074.8:14420054-14429530	NC_003074.8	88.194	1423	118	20	7987	9393	15262405	15263793	0.0	1652
NC_003074.8:14420054-14429530	NC_003074.8	83.680	1826	206	48	7615	9393	12721974	12723754	0.0	1637
NC_003074.8:14420054-14429530	NC_003074.8	87.983	1373	109	25	949	2276	13410573	13409212	0.0	1570
NC_003074.8:14420054-14429530	NC_003074.8	94.169	1029	53	3	6800	7827	13518146	13517124	0.0	1561
NC_003074.8:14420054-14429530	NC_003074.8	84.524	1512	189	23	949	2425	14796015	14797516	0.0	1454
NC_003074.8:14420054-14429530	NC_003074.8	91.595	1047	80	4	5833	6877	14549073	14550113	0.0	1439
NC_003074.8:14420054-14429530	NC_003074.8	90.564	1081	77	9	7976	9048	14555641	14556704	0.0	1408
NC_003074.8:14420054-14429530	NC_003074.8	87.541	1228	113	7	7934	9142	13902545	13903751	0.0	1384
NC_003074.8:14420054-14429530	NC_003074.8	87.823	1199	99	17	8216	9393	13412098	13410926	0.0	1362
NC_003074.8:14420054-14429530	NC_003074.8	88.099	1168	98	16	8253	9393	13517066	13515913	0.0	1349
NC_003074.8:14420054-14429530	NC_003074.8	91.046	994	76	9	6825	7807	13631039	13630048	0.0	1330
NC_003074.8:14420054-14429530	NC_003074.8	89.603	1058	77	14	8356	9393	13600621	13601665	0.0	1314
NC_003074.8:14420054-14429530	NC_003074.8	82.717	1568	179	51	7848	9391	14794160	14795659	0.0	1310
NC_003074.8:14420054-14429530	NC_003074.8	88.647	1101	86	12	6750	7823	14802550	14803638	0.0	1304
NC_003074.8:14420054-14429530	NC_003074.8	84.083	1357	152	31	8059	9393	14165716	14167030	0.0	1251
NC_003074.8:14420054-14429530	NC_003074.8	85.561	1212	118	19	949	2126	14546640	14547828	0.0	1216
NC_003074.8:14420054-14429530	NC_003074.8	85.129	1197	142	16	949	2111	13951060	13952254	0.0	1192
NC_003074.8:14420054-14429530	NC_003074.8	89.945	915	82	5	7934	8841	13914228	13915139	0.0	1171
NC_003074.8:14420054-14429530	NC_003074.8	92.543	818	57	3	2945	3762	15149431	15150244	0.0	1170
NC_003074.8:14420054-14429530	NC_003074.8	83.871	1271	146	34	7846	9096	14067413	14066182	0.0	1157
NC_003074.8:14420054-14429530	NC_003074.8	86.499	1074	111	14	949	1989	12195107	12194035	0.0	1149
NC_003074.8:14420054-14429530	NC_003074.8	86.233	1075	107	19	8046	9103	14803902	14804952	0.0	1127
NC_003074.8:14420054-14429530	NC_003074.8	87.575	998	89	16	1163	2126	12054530	12053534	0.0	1123
NC_003074.8:14420054-14429530	NC_003074.8	93.817	744	46	0	949	1692	15252001	15252744	0.0	1120
NC_003074.8:14420054-14429530	NC_003074.8	93.817	744	45	1	949	1692	12253185	12252443	0.0	1118
NC_003074.8:14420054-14429530	NC_003074.8	93.557	745	47	1	949	1692	14815322	14816066	0.0	1109
NC_003074.8:14420054-14429530	NC_003074.8	93.548	744	44	1	949	1692	13602019	13602758	0.0	1105
NC_003074.8:14420054-14429530	NC_003074.8	93.414	744	49	0	949	1692	12984517	12985260	0.0	1103
NC_003074.8:14420054-14429530	NC_003074.8	93.234	739	50	0	954	1692	15720581	15719843	0.0	1088
NC_003074.8:14420054-14429530	NC_003074.8	89.432	880	68	16	8526	9393	14545420	14546286	0.0	1086
NC_003074.8:14420054-14429530	NC_003074.8	92.800	750	52	2	4342	5090	13406789	13406041	0.0	1085
NC_003074.8:14420054-14429530	NC_003074.8	93.029	746	45	1	954	1692	12223732	12222987	0.0	1083
NC_003074.8:14420054-14429530	NC_003074.8	85.023	1095	106	18	7618	8704	14484864	14483820	0.0	1061
NC_003074.8:14420054-14429530	NC_003074.8	92.349	745	55	2	949	1692	13637570	13636827	0.0	1059
NC_003074.8:14420054-14429530	NC_003074.8	92.531	723	52	2	4369	5090	12988257	12988978	0.0	1035
NC_003074.8:14420054-14429530	NC_003074.8	86.929	941	95	22	2943	3863	12251026	12250094	0.0	1031
NC_003074.8:14420054-14429530	NC_003074.8	92.127	724	55	2	4369	5090	12249268	12248545	0.0	1020
NC_003074.8:14420054-14429530	NC_003074.8	91.398	744	63	1	4347	5090	15150983	15151725	0.0	1018
NC_003074.8:14420054-14429530	NC_003074.8	91.076	762	42	4	1690	2425	12985288	12986049	0.0	1007
NC_003074.8:14420054-14429530	NC_003074.8	91.129	744	51	1	949	1692	15147286	15148014	0.0	994
NC_003074.8:14420054-14429530	NC_003074.8	90.551	762	46	9	1690	2425	12252415	12251654	0.0	985
NC_003074.8:14420054-14429530	NC_003074.8	90.564	763	44	7	1689	2425	15148041	15148801	0.0	985
NC_003074.8:14420054-14429530	NC_003074.8	90.483	746	67	4	4347	5090	15716917	15716174	0.0	981
NC_003074.8:14420054-14429530	NC_003074.8	84.287	1031	110	30	8256	9269	13949703	13950698	0.0	959
NC_003074.8:14420054-14429530	NC_003074.8	90.026	762	47	10	1690	2425	15719815	15719057	0.0	959
NC_003074.8:14420054-14429530	NC_003074.8	91.595	702	46	12	2945	3645	13635409	13634720	0.0	957
NC_003074.8:14420054-14429530	NC_003074.8	93.344	646	43	0	949	1594	14130931	14131576	0.0	955
NC_003074.8:14420054-14429530	NC_003074.8	93.344	646	43	0	949	1594	14146520	14147165	0.0	955
NC_003074.8:14420054-14429530	NC_003074.8	88.113	816	71	14	2945	3752	14407812	14408609	0.0	946
NC_003074.8:14420054-14429530	NC_003074.8	91.317	691	59	1	2943	3633	13408366	13407677	0.0	942
NC_003074.8:14420054-14429530	NC_003074.8	87.790	819	77	14	2943	3753	15718429	15717626	0.0	937
NC_003074.8:14420054-14429530	NC_003074.8	86.775	862	86	17	8545	9392	12188238	12187391	0.0	935
NC_003074.8:14420054-14429530	NC_003074.8	88.860	763	57	10	1690	2425	13636799	13636038	0.0	913
NC_003074.8:14420054-14429530	NC_003074.8	88.599	728	75	7	4369	5090	14582881	14582156	0.0	878
NC_003074.8:14420054-14429530	NC_003074.8	87.664	762	63	10	1690	2425	13618967	13618211	0.0	857
NC_003074.8:14420054-14429530	NC_003074.8	88.292	726	46	13	8682	9393	15250953	15251653	0.0	833
NC_003074.8:14420054-14429530	NC_003074.8	82.675	987	119	36	8430	9393	13426649	13425692	0.0	828
NC_003074.8:14420054-14429530	NC_003074.8	79.059	1318	190	65	6072	7325	15302153	15300858	0.0	826
NC_003074.8:14420054-14429530	NC_003074.8	91.525	590	35	6	2945	3522	12986679	12987265	0.0	798
NC_003074.8:14420054-14429530	NC_003074.8	87.324	710	64	8	5087	5772	14581786	14581079	0.0	789
NC_003074.8:14420054-14429530	NC_003074.8	89.515	639	44	1	5087	5702	13405671	13405033	0.0	787
NC_003074.8:14420054-14429530	NC_003074.8	89.338	619	60	6	4342	4955	13633899	13633282	0.0	773
NC_003074.8:14420054-14429530	NC_003074.8	86.798	712	67	10	7618	8328	14406015	14406700	0.0	769
NC_003074.8:14420054-14429530	NC_003074.8	94.694	490	26	0	2422	2911	13408849	13408360	0.0	761
NC_003074.8:14420054-14429530	NC_003074.8	93.878	490	29	1	2422	2911	13635893	13635405	0.0	737
NC_003074.8:14420054-14429530	NC_003074.8	93.673	490	31	0	2422	2911	15148946	15149435	0.0	734
NC_003074.8:14420054-14429530	NC_003074.8	89.876	563	57	0	5322	5884	12989639	12990201	0.0	725
NC_003074.8:14420054-14429530	NC_003074.8	89.373	574	59	2	2947	3518	13617579	13617006	0.0	721
NC_003074.8:14420054-14429530	NC_003074.8	92.872	491	35	0	2421	2911	15718913	15718423	0.0	713
NC_003074.8:14420054-14429530	NC_003074.8	92.857	490	35	0	2422	2911	12986194	12986683	0.0	712
NC_003074.8:14420054-14429530	NC_003074.8	94.206	466	26	1	2447	2911	14407351	14407816	0.0	710
NC_003074.8:14420054-14429530	NC_003074.8	91.881	505	41	0	949	1453	13904423	13904927	0.0	706
NC_003074.8:14420054-14429530	NC_003074.8	92.464	491	37	0	2421	2911	12251510	12251020	0.0	702
NC_003074.8:14420054-14429530	NC_003074.8	82.100	838	105	28	8041	8866	12382574	12381770	0.0	675
NC_003074.8:14420054-14429530	NC_003074.8	79.585	965	175	14	1	949	12219520	12218562	0.0	671
NC_003074.8:14420054-14429530	NC_003074.8	88.142	565	65	2	2959	3521	14798133	14798697	0.0	671
NC_003074.8:14420054-14429530	NC_003074.8	92.661	436	32	0	1257	1692	12533288	12533723	5.14e-178	628
NC_003074.8:14420054-14429530	NC_003074.8	92.220	437	34	0	4650	5086	14411463	14411899	3.09e-175	619
NC_003074.8:14420054-14429530	NC_003074.8	86.435	575	64	4	2945	3518	12192990	12192429	1.11e-174	617
NC_003074.8:14420054-14429530	NC_003074.8	89.162	489	52	1	2422	2910	13618066	13617579	6.70e-172	608
NC_003074.8:14420054-14429530	NC_003074.8	84.975	599	84	6	4375	4968	12191175	12190578	3.12e-170	603
NC_003074.8:14420054-14429530	NC_003074.8	93.317	404	26	1	949	1352	12403304	12403706	5.22e-168	595
NC_003074.8:14420054-14429530	NC_003074.8	89.530	468	49	0	1225	1692	13619462	13618995	1.88e-167	593
NC_003074.8:14420054-14429530	NC_003074.8	87.992	508	37	2	8898	9393	14406699	14407194	5.25e-163	579
NC_003074.8:14420054-14429530	NC_003074.8	86.733	505	63	4	3017	3519	13439278	13438776	6.84e-157	558
NC_003074.8:14420054-14429530	NC_003074.8	89.391	443	41	1	1690	2126	12533751	12534193	3.18e-155	553
NC_003074.8:14420054-14429530	NC_003074.8	86.939	490	63	1	2422	2911	12193474	12192986	4.12e-154	549
NC_003074.8:14420054-14429530	NC_003074.8	86.735	490	64	1	2422	2911	14797635	14798123	1.92e-152	544
NC_003074.8:14420054-14429530	NC_003074.8	81.890	635	83	27	7169	7780	13807558	13808183	2.51e-141	507
NC_003074.8:14420054-14429530	NC_003074.8	91.237	388	10	7	5087	5451	15152094	15152480	2.51e-141	507
NC_003074.8:14420054-14429530	NC_003074.8	85.178	506	59	15	7169	7664	13824446	13823947	9.04e-141	505
NC_003074.8:14420054-14429530	NC_003074.8	83.042	572	78	18	7169	7728	13661470	13662034	1.17e-139	501
NC_003074.8:14420054-14429530	NC_003074.8	86.695	466	36	8	8941	9393	12532368	12532820	1.96e-137	494
NC_003074.8:14420054-14429530	NC_003074.8	81.094	640	99	14	5670	6306	13971722	13972342	7.04e-137	492
NC_003074.8:14420054-14429530	NC_003074.8	90.782	358	31	2	1335	1692	12404937	12405292	1.97e-132	477
NC_003074.8:14420054-14429530	NC_003074.8	82.664	548	80	14	7169	7706	13673358	13672816	9.17e-131	472
NC_003074.8:14420054-14429530	NC_003074.8	83.135	504	76	7	3002	3499	13647598	13648098	1.19e-124	451
NC_003074.8:14420054-14429530	NC_003074.8	84.926	471	40	14	8937	9393	14545451	14544998	1.55e-123	448
NC_003074.8:14420054-14429530	NC_003074.8	84.165	461	58	13	7169	7620	13554864	13555318	4.33e-119	433
NC_003074.8:14420054-14429530	NC_003074.8	90.058	342	21	6	9052	9393	13903741	13904069	1.56e-118	431
NC_003074.8:14420054-14429530	NC_003074.8	79.907	642	84	29	6146	6771	13825443	13824831	5.60e-118	429
NC_003074.8:14420054-14429530	NC_003074.8	84.977	426	58	1	1690	2109	15252772	15253197	2.01e-117	427
NC_003074.8:14420054-14429530	NC_003074.8	94.872	273	12	2	948	1219	12533023	12533294	7.24e-117	425
NC_003074.8:14420054-14429530	NC_003074.8	85.680	419	39	9	2027	2425	12194036	12193619	9.37e-116	422
NC_003074.8:14420054-14429530	NC_003074.8	91.531	307	25	1	4348	4654	14409337	14409642	9.37e-116	422
NC_003074.8:14420054-14429530	NC_003074.8	82.731	498	56	14	7618	8113	13902135	13902604	4.36e-114	416
NC_003074.8:14420054-14429530	NC_003074.8	79.439	642	89	28	6146	6771	13660458	13661072	1.57e-113	414
NC_003074.8:14420054-14429530	NC_003074.8	84.038	426	62	1	1690	2109	13905160	13905585	9.43e-111	405
NC_003074.8:14420054-14429530	NC_003074.8	84.038	426	59	3	1690	2109	12222959	12222537	1.22e-109	401
NC_003074.8:14420054-14429530	NC_003074.8	82.927	451	67	5	1690	2133	14816094	14816541	1.58e-108	398
NC_003074.8:14420054-14429530	NC_003074.8	84.211	418	55	6	1690	2099	12405320	12405734	5.68e-108	396
NC_003074.8:14420054-14429530	NC_003074.8	78.638	646	89	31	6143	6771	13806552	13807165	4.42e-104	383
NC_003074.8:14420054-14429530	NC_003074.8	92.771	249	18	0	9142	9390	13915444	13915692	2.07e-97	361
NC_003074.8:14420054-14429530	NC_003074.8	79.365	567	67	30	7620	8185	12073055	12073572	3.47e-95	353
NC_003074.8:14420054-14429530	NC_003074.8	93.897	213	13	0	1480	1692	13904920	13905132	9.77e-86	322
NC_003074.8:14420054-14429530	NC_003074.8	81.707	410	49	9	7618	8026	15250478	15250862	1.26e-84	318
NC_003074.8:14420054-14429530	NC_003074.8	77.734	512	85	21	7169	7666	13817752	13817256	3.56e-75	287
NC_003074.8:14420054-14429530	NC_003074.8	77.844	501	79	27	7169	7654	13122348	13122831	1.66e-73	281
NC_003074.8:14420054-14429530	NC_003074.8	86.154	260	34	2	9135	9393	12195719	12195461	5.97e-73	279
NC_003074.8:14420054-14429530	NC_003074.8	82.102	352	34	24	9050	9393	14411129	14411459	2.78e-71	274
NC_003074.8:14420054-14429530	NC_003074.8	77.369	517	80	27	7169	7667	14075224	14074727	9.98e-71	272
NC_003074.8:14420054-14429530	NC_003074.8	80.688	378	41	13	6146	6515	13584433	13584786	1.67e-68	265
NC_003074.8:14420054-14429530	NC_003074.8	89.706	204	18	3	3317	3519	13583962	13584163	2.80e-66	257
NC_003074.8:14420054-14429530	NC_003074.8	85.827	254	23	1	8902	9142	13915135	13915388	2.80e-66	257
NC_003074.8:14420054-14429530	NC_003074.8	89.216	204	22	0	7620	7823	12383059	12382856	1.01e-65	255
NC_003074.8:14420054-14429530	NC_003074.8	73.005	915	173	55	8509	9393	15122472	15121602	3.62e-65	254
NC_003074.8:14420054-14429530	NC_003074.8	76.699	515	85	25	7169	7666	15159321	15159817	3.62e-65	254
NC_003074.8:14420054-14429530	NC_003074.8	86.017	236	20	5	8880	9103	14808514	14808748	2.81e-61	241
NC_003074.8:14420054-14429530	NC_003074.8	89.175	194	19	2	3326	3518	15257511	15257703	2.81e-61	241
NC_003074.8:14420054-14429530	NC_003074.8	75.273	550	106	25	3002	3532	13805635	13806173	1.31e-59	235
NC_003074.8:14420054-14429530	NC_003074.8	88.060	201	21	3	3320	3519	13826247	13826049	1.31e-59	235
NC_003074.8:14420054-14429530	NC_003074.8	80.229	349	40	24	9053	9393	14098860	14098533	1.31e-59	235
NC_003074.8:14420054-14429530	NC_003074.8	83.462	260	29	12	9141	9393	13644803	13645055	6.09e-58	230
NC_003074.8:14420054-14429530	NC_003074.8	88.144	194	22	1	3326	3518	14550695	14550888	6.09e-58	230
NC_003074.8:14420054-14429530	NC_003074.8	84.739	249	15	4	5087	5312	12989344	12989592	2.19e-57	228
NC_003074.8:14420054-14429530	NC_003074.8	80.294	340	36	23	9053	9383	13993927	13993610	2.19e-57	228
NC_003074.8:14420054-14429530	NC_003074.8	87.629	194	22	2	3326	3518	12218240	12218048	2.83e-56	224
NC_003074.8:14420054-14429530	NC_003074.8	80.000	330	44	13	3326	3633	14820878	14821207	2.83e-56	224
NC_003074.8:14420054-14429530	NC_003074.8	83.740	246	26	12	9142	9381	13663537	13663774	3.67e-55	220
NC_003074.8:14420054-14429530	NC_003074.8	89.266	177	14	5	9213	9388	14000411	14000239	4.74e-54	217
NC_003074.8:14420054-14429530	NC_003074.8	88.462	182	16	5	9213	9393	13621003	13620826	1.71e-53	215
NC_003074.8:14420054-14429530	NC_003074.8	79.205	327	50	13	3135	3449	13192421	13192101	2.21e-52	211
NC_003074.8:14420054-14429530	NC_003074.8	86.224	196	23	4	3326	3518	13603032	13603226	7.94e-52	209
NC_003074.8:14420054-14429530	NC_003074.8	80.597	268	34	16	9135	9393	15119167	15118909	2.88e-46	191
NC_003074.8:14420054-14429530	NC_003074.8	77.812	329	55	13	3133	3449	15155725	15156047	3.72e-45	187
NC_003074.8:14420054-14429530	NC_003074.8	77.848	316	59	11	2122	2432	13646576	13646885	1.34e-44	185
NC_003074.8:14420054-14429530	NC_003074.8	76.218	349	79	4	2527	2873	13827326	13826980	1.73e-43	182
NC_003074.8:14420054-14429530	NC_003074.8	80.709	254	30	16	9140	9385	11901698	11901940	6.22e-43	180
NC_003074.8:14420054-14429530	NC_003074.8	78.521	284	45	11	3177	3449	13821628	13821350	1.04e-40	172
NC_003074.8:14420054-14429530	NC_003074.8	91.057	123	11	0	4968	5090	13632990	13632868	4.85e-39	167
NC_003074.8:14420054-14429530	NC_003074.8	88.722	133	13	2	3317	3449	12206602	12206732	2.25e-37	161
NC_003074.8:14420054-14429530	NC_003074.8	83.060	183	23	4	5917	6099	13429765	13429591	8.11e-37	159
NC_003074.8:14420054-14429530	NC_003074.8	86.486	148	14	6	9248	9393	14006206	14006349	2.92e-36	158
NC_003074.8:14420054-14429530	NC_003074.8	87.218	133	13	4	9264	9393	14556719	14556850	1.76e-33	148
NC_003074.8:14420054-14429530	NC_003074.8	96.591	88	3	0	9390	9477	12532692	12532779	6.31e-33	147
NC_003074.8:14420054-14429530	NC_003074.8	96.591	88	3	0	9390	9477	12581173	12581086	6.31e-33	147
NC_003074.8:14420054-14429530	NC_003074.8	75.057	437	48	34	8223	8654	13440045	13439665	6.31e-33	147
NC_003074.8:14420054-14429530	NC_003074.8	96.591	88	3	0	9390	9477	13601536	13601623	6.31e-33	147
NC_003074.8:14420054-14429530	NC_003074.8	96.591	88	3	0	9390	9477	14407066	14407153	6.31e-33	147
NC_003074.8:14420054-14429530	NC_003074.8	86.667	135	15	3	7671	7804	14409708	14409840	6.31e-33	147
NC_003074.8:14420054-14429530	NC_003074.8	96.591	88	3	0	9390	9477	14545126	14545039	6.31e-33	147
NC_003074.8:14420054-14429530	NC_003074.8	96.591	88	3	0	9390	9477	14814840	14814927	6.31e-33	147
NC_003074.8:14420054-14429530	NC_003074.8	96.591	88	3	0	9390	9477	15711609	15711522	6.31e-33	147
NC_003074.8:14420054-14429530	NC_003074.8	96.591	88	3	0	9390	9477	15721069	15720982	6.31e-33	147
NC_003074.8:14420054-14429530	NC_003074.8	96.471	85	3	0	9393	9477	12243984	12243900	2.94e-31	141
NC_003074.8:14420054-14429530	NC_003074.8	95.455	88	4	0	9390	9477	12313019	12312932	2.94e-31	141
NC_003074.8:14420054-14429530	NC_003074.8	95.455	88	4	0	9390	9477	12402823	12402910	2.94e-31	141
NC_003074.8:14420054-14429530	NC_003074.8	95.455	88	4	0	9390	9477	12993524	12993611	2.94e-31	141
NC_003074.8:14420054-14429530	NC_003074.8	95.455	88	4	0	9390	9477	13903941	13904028	2.94e-31	141
NC_003074.8:14420054-14429530	NC_003074.8	95.455	88	4	0	9390	9477	14416434	14416521	2.94e-31	141
NC_003074.8:14420054-14429530	NC_003074.8	95.455	88	4	0	9265	9352	14420141	14420054	2.94e-31	141
NC_003074.8:14420054-14429530	NC_003074.8	95.455	88	4	0	9390	9477	14420266	14420179	2.94e-31	141
NC_003074.8:14420054-14429530	NC_003074.8	95.455	88	4	0	9390	9477	14827075	14827162	2.94e-31	141
NC_003074.8:14420054-14429530	NC_003074.8	94.318	88	5	0	9390	9477	12047972	12047885	1.37e-29	135
NC_003074.8:14420054-14429530	NC_003074.8	95.294	85	4	0	9393	9477	12253663	12253579	1.37e-29	135
NC_003074.8:14420054-14429530	NC_003074.8	84.783	138	18	3	7671	7807	14001776	14001641	1.37e-29	135
NC_003074.8:14420054-14429530	NC_003074.8	84.783	138	18	3	7671	7807	14100340	14100205	1.37e-29	135
NC_003074.8:14420054-14429530	NC_003074.8	94.318	88	5	0	9390	9477	14546158	14546245	1.37e-29	135
NC_003074.8:14420054-14429530	NC_003074.8	84.892	139	16	5	7671	7807	15123321	15123186	1.37e-29	135
NC_003074.8:14420054-14429530	NC_003074.8	95.294	85	4	0	9393	9477	15263667	15263751	1.37e-29	135
NC_003074.8:14420054-14429530	NC_003074.8	84.444	135	19	1	3317	3449	13929908	13930042	1.77e-28	132
NC_003074.8:14420054-14429530	NC_003074.8	93.182	88	6	0	9390	9477	12211959	12211872	6.36e-28	130
NC_003074.8:14420054-14429530	NC_003074.8	93.182	88	6	0	9390	9477	12224221	12224134	6.36e-28	130
NC_003074.8:14420054-14429530	NC_003074.8	93.182	88	6	0	9390	9477	13609280	13609367	6.36e-28	130
NC_003074.8:14420054-14429530	NC_003074.8	93.182	88	6	0	9390	9477	14578105	14578018	6.36e-28	130
NC_003074.8:14420054-14429530	NC_003074.8	93.182	88	6	0	9390	9477	15153899	15153986	6.36e-28	130
NC_003074.8:14420054-14429530	NC_003074.8	94.118	85	5	0	9393	9477	15251527	15251611	6.36e-28	130
NC_003074.8:14420054-14429530	NC_003074.8	92.045	88	7	0	9390	9477	12539597	12539684	2.96e-26	124
NC_003074.8:14420054-14429530	NC_003074.8	92.045	88	7	0	9390	9477	13516043	13515956	2.96e-26	124
NC_003074.8:14420054-14429530	NC_003074.8	92.045	88	7	0	9390	9477	13657818	13657731	2.96e-26	124
NC_003074.8:14420054-14429530	NC_003074.8	92.045	88	7	0	9390	9477	13915567	13915654	2.96e-26	124
NC_003074.8:14420054-14429530	NC_003074.8	92.045	88	7	0	9390	9477	14157364	14157451	2.96e-26	124
NC_003074.8:14420054-14429530	NC_003074.8	92.857	84	4	2	7617	7699	12982660	12982742	3.83e-25	121
NC_003074.8:14420054-14429530	NC_003074.8	91.765	85	7	0	9390	9474	12984033	12984117	1.38e-24	119
NC_003074.8:14420054-14429530	NC_003074.8	88.235	102	7	4	3320	3418	14017591	14017690	4.95e-24	117
NC_003074.8:14420054-14429530	NC_003074.8	82.069	145	17	8	9236	9378	13926568	13926705	1.78e-23	115
NC_003074.8:14420054-14429530	NC_003074.8	84.426	122	14	5	3320	3441	14077126	14077010	1.78e-23	115
NC_003074.8:14420054-14429530	NC_003074.8	90.698	86	8	0	9392	9477	14556722	14556807	1.78e-23	115
NC_003074.8:14420054-14429530	NC_003074.8	89.773	88	9	0	9390	9477	14130447	14130534	6.40e-23	113
NC_003074.8:14420054-14429530	NC_003074.8	89.773	88	9	0	9390	9477	14146036	14146123	6.40e-23	113
NC_003074.8:14420054-14429530	NC_003074.8	89.888	89	7	2	9390	9477	14795533	14795620	6.40e-23	113
NC_003074.8:14420054-14429530	NC_003074.8	87.129	101	9	4	3328	3425	12711195	12711096	2.30e-22	111
NC_003074.8:14420054-14429530	NC_003074.8	88.636	88	10	0	9390	9477	13967999	13968086	2.98e-21	108
NC_003074.8:14420054-14429530	NC_003074.8	88.636	88	9	1	9390	9477	13403305	13403219	1.07e-20	106
NC_003074.8:14420054-14429530	NC_003074.8	88.636	88	9	1	9390	9477	13411054	13410968	1.07e-20	106
NC_003074.8:14420054-14429530	NC_003074.8	86.000	100	11	3	3328	3425	14394769	14394867	3.85e-20	104
NC_003074.8:14420054-14429530	NC_003074.8	81.890	127	18	5	9268	9391	15161226	15161350	1.39e-19	102
NC_003074.8:14420054-14429530	NC_003074.8	85.000	100	14	1	3320	3418	13624822	13624723	4.98e-19	100
NC_003074.8:14420054-14429530	NC_003074.8	84.762	105	11	5	3328	3429	14982730	14982832	4.98e-19	100
NC_003074.8:14420054-14429530	NC_003074.8	92.754	69	5	0	9390	9458	15139083	15139151	4.98e-19	100
NC_003074.8:14420054-14429530	NC_003074.8	82.203	118	16	5	9270	9385	14115573	14115687	6.45e-18	97.1
NC_003074.8:14420054-14429530	NC_003074.8	86.207	87	12	0	9390	9476	12187518	12187432	2.32e-17	95.3
NC_003074.8:14420054-14429530	NC_003074.8	86.207	87	12	0	9390	9476	12195589	12195503	2.32e-17	95.3
NC_003074.8:14420054-14429530	NC_003074.8	86.207	87	12	0	9390	9476	14166902	14166988	2.32e-17	95.3
NC_003074.8:14420054-14429530	NC_003074.8	81.667	120	14	7	9270	9385	13124195	13124310	8.34e-17	93.5
NC_003074.8:14420054-14429530	NC_003074.8	80.645	124	21	3	9270	9391	15137088	15137210	8.34e-17	93.5
NC_003074.8:14420054-14429530	NC_003074.8	87.500	80	9	1	7988	8067	14406302	14406380	3.00e-16	91.6
NC_003074.8:14420054-14429530	NC_003074.8	80.508	118	19	4	9270	9385	12768164	12768279	3.88e-15	87.9
NC_003074.8:14420054-14429530	NC_003074.8	80.508	118	19	4	9270	9385	13115434	13115549	3.88e-15	87.9
NC_003074.8:14420054-14429530	NC_003074.8	77.193	171	24	9	7893	8063	12538187	12538342	1.40e-14	86.1
NC_003074.8:14420054-14429530	NC_003074.8	84.091	88	14	0	9390	9477	13425822	13425735	1.40e-14	86.1
NC_003074.8:14420054-14429530	NC_003074.8	86.250	80	10	1	7988	8067	14415092	14415170	1.40e-14	86.1
NC_003074.8:14420054-14429530	NC_003074.8	81.818	110	13	5	3326	3435	15124170	15124068	1.40e-14	86.1
NC_003074.8:14420054-14429530	NC_003074.8	84.091	88	8	5	9393	9477	13926595	13926679	6.49e-13	80.5
NC_003074.8:14420054-14429530	NC_003074.8	84.884	86	6	6	9395	9477	14115573	14115654	6.49e-13	80.5
NC_003074.8:14420054-14429530	NC_003074.8	83.721	86	8	5	9395	9477	13115434	13115516	8.40e-12	76.8
NC_003074.8:14420054-14429530	NC_003074.8	82.143	84	13	2	9395	9477	12768164	12768246	3.91e-10	71.3
NC_003074.8:14420054-14429530	NC_003074.8	82.558	86	9	6	9395	9477	13124195	13124277	3.91e-10	71.3
NC_003074.8:14420054-14429530	NC_003074.8	81.176	85	12	3	9395	9477	15137088	15137170	1.82e-08	65.8
NC_003074.8:14420054-14429530	NC_003074.8	80.682	88	11	5	9393	9477	15161226	15161310	6.54e-08	63.9
NC_003074.8:14420054-14429530	NC_003075.7	91.098	4336	310	25	5087	9393	1689289	1685001	0.0	5799
NC_003074.8:14420054-14429530	NC_003075.7	90.498	4357	314	37	5087	9393	4896637	4892331	0.0	5661
NC_003074.8:14420054-14429530	NC_003075.7	88.676	4336	347	50	5088	9393	1808772	1812993	0.0	5155
NC_003074.8:14420054-14429530	NC_003075.7	89.366	4053	310	52	5375	9393	3699891	3703856	0.0	4985
NC_003074.8:14420054-14429530	NC_003075.7	89.780	3953	294	56	5468	9393	2835696	2839565	0.0	4961
NC_003074.8:14420054-14429530	NC_003075.7	88.971	4062	325	73	5377	9393	3740016	3736033	0.0	4905
NC_003074.8:14420054-14429530	NC_003075.7	89.648	3632	288	32	5089	8672	3177534	3173943	0.0	4543
NC_003074.8:14420054-14429530	NC_003075.7	89.553	3465	254	47	5949	9393	4778761	4782137	0.0	4294
NC_003074.8:14420054-14429530	NC_003075.7	90.610	3227	223	29	5087	8285	4042144	4045318	0.0	4207
NC_003074.8:14420054-14429530	NC_003075.7	89.064	3484	254	55	5935	9393	3348218	3344837	0.0	4205
NC_003074.8:14420054-14429530	NC_003075.7	91.083	3084	204	27	5087	8107	3540366	3537291	0.0	4106
NC_003074.8:14420054-14429530	NC_003075.7	89.899	3079	245	32	5375	8438	4179076	4176049	0.0	3903
NC_003074.8:14420054-14429530	NC_003075.7	90.872	2925	203	20	5087	7978	4965238	4968131	0.0	3864
NC_003074.8:14420054-14429530	NC_003075.7	89.510	3060	235	25	5087	8112	3960597	3957590	0.0	3794
NC_003074.8:14420054-14429530	NC_003075.7	89.786	2751	200	31	6682	9393	3089731	3087023	0.0	3448
NC_003074.8:14420054-14429530	NC_003075.7	88.913	2760	226	42	5375	8112	4556482	4559183	0.0	3328
NC_003074.8:14420054-14429530	NC_003075.7	86.626	2632	307	34	5199	7818	3619858	3617260	0.0	2868
NC_003074.8:14420054-14429530	NC_003075.7	84.138	2528	312	57	5347	7807	4020233	4017728	0.0	2364
NC_003074.8:14420054-14429530	NC_003075.7	83.189	2659	361	53	5199	7804	3281653	3284278	0.0	2355
NC_003074.8:14420054-14429530	NC_003075.7	92.191	1652	110	11	5791	7428	4707546	4709192	0.0	2318
NC_003074.8:14420054-14429530	NC_003075.7	87.267	1987	171	48	7455	9393	4709178	4711130	0.0	2193
NC_003074.8:14420054-14429530	NC_003075.7	86.020	2053	236	31	5781	7807	3553629	3555656	0.0	2154
NC_003074.8:14420054-14429530	NC_003075.7	84.194	2246	302	39	5589	7807	4528398	4530617	0.0	2132
NC_003074.8:14420054-14429530	NC_003075.7	88.530	1796	149	22	7618	9393	3547183	3545425	0.0	2122
NC_003074.8:14420054-14429530	NC_003075.7	88.403	1785	142	14	7623	9393	1695913	1694180	0.0	2089
NC_003074.8:14420054-14429530	NC_003075.7	85.087	2072	252	36	5759	7804	3021123	3023163	0.0	2061
NC_003074.8:14420054-14429530	NC_003075.7	88.111	1800	130	38	7618	9393	4186072	4184333	0.0	2061
NC_003074.8:14420054-14429530	NC_003075.7	87.597	1798	160	31	7617	9393	4903537	4901782	0.0	2026
NC_003074.8:14420054-14429530	NC_003075.7	87.375	1798	156	35	7620	9393	3750027	3748277	0.0	1997
NC_003074.8:14420054-14429530	NC_003075.7	88.270	1705	137	28	7629	9312	3675894	3677556	0.0	1982
NC_003074.8:14420054-14429530	NC_003075.7	86.863	1804	155	31	7618	9393	3354744	3352995	0.0	1943
NC_003074.8:14420054-14429530	NC_003075.7	86.737	1802	158	26	7618	9393	3184236	3182490	0.0	1929
NC_003074.8:14420054-14429530	NC_003075.7	86.108	1850	171	40	7614	9393	3097892	3096059	0.0	1914
NC_003074.8:14420054-14429530	NC_003075.7	86.633	1803	152	26	7618	9393	3314830	3313090	0.0	1912
NC_003074.8:14420054-14429530	NC_003075.7	89.498	1533	115	24	7893	9393	4425228	4426746	0.0	1897
NC_003074.8:14420054-14429530	NC_003075.7	89.837	1476	115	16	7937	9390	3097885	3099347	0.0	1862
NC_003074.8:14420054-14429530	NC_003075.7	88.114	1548	149	19	7870	9393	4429923	4431459	0.0	1807
NC_003074.8:14420054-14429530	NC_003075.7	88.532	1526	121	7	954	2425	3312731	3311206	0.0	1799
NC_003074.8:14420054-14429530	NC_003075.7	88.484	1511	127	18	7895	9385	4035340	4036823	0.0	1783
NC_003074.8:14420054-14429530	NC_003075.7	86.189	1687	151	37	7172	8848	3392547	3390933	0.0	1749
NC_003074.8:14420054-14429530	NC_003075.7	87.911	1522	135	27	7617	9095	4705787	4707302	0.0	1746
NC_003074.8:14420054-14429530	NC_003075.7	85.119	1801	147	51	7613	9393	1786512	1788211	0.0	1729
NC_003074.8:14420054-14429530	NC_003075.7	87.582	1530	137	10	949	2425	4759269	4760798	0.0	1724
NC_003074.8:14420054-14429530	NC_003075.7	88.354	1434	125	16	7987	9393	4958575	4959993	0.0	1685
NC_003074.8:14420054-14429530	NC_003075.7	88.301	1436	122	18	7987	9393	4968175	4969593	0.0	1679
NC_003074.8:14420054-14429530	NC_003075.7	88.513	1419	120	23	7987	9393	4559164	4560551	0.0	1677
NC_003074.8:14420054-14429530	NC_003075.7	91.142	1208	91	8	5455	6650	3090931	3089728	0.0	1624
NC_003074.8:14420054-14429530	NC_003075.7	83.489	1817	199	55	7622	9393	2890381	2892141	0.0	1600
NC_003074.8:14420054-14429530	NC_003075.7	89.896	1247	87	18	6823	8067	3126403	3127612	0.0	1568
NC_003074.8:14420054-14429530	NC_003075.7	91.931	1103	75	10	6544	7644	2898477	2899567	0.0	1531
NC_003074.8:14420054-14429530	NC_003075.7	86.926	1415	122	32	6700	8101	4434094	4435458	0.0	1530
NC_003074.8:14420054-14429530	NC_003075.7	85.724	1429	150	24	1050	2425	2892564	2893991	0.0	1459
NC_003074.8:14420054-14429530	NC_003075.7	89.083	1200	84	24	8209	9393	3127913	3129080	0.0	1447
NC_003074.8:14420054-14429530	NC_003075.7	87.859	1252	116	22	6808	8053	3906163	3904942	0.0	1437
NC_003074.8:14420054-14429530	NC_003075.7	88.336	1226	96	22	8183	9393	4757730	4758923	0.0	1428
NC_003074.8:14420054-14429530	NC_003075.7	89.594	1134	95	7	7986	9098	3263994	3265125	0.0	1419
NC_003074.8:14420054-14429530	NC_003075.7	85.421	1365	142	30	8041	9385	4190345	4191672	0.0	1365
NC_003074.8:14420054-14429530	NC_003075.7	85.275	1365	150	26	8046	9393	3904913	3903583	0.0	1360
NC_003074.8:14420054-14429530	NC_003075.7	88.468	1136	96	16	8270	9385	4045619	4046739	0.0	1339
NC_003074.8:14420054-14429530	NC_003075.7	88.859	1104	94	5	5087	6162	4775651	4776753	0.0	1330
NC_003074.8:14420054-14429530	NC_003075.7	90.640	1015	67	13	8391	9393	4769434	4770432	0.0	1323
NC_003074.8:14420054-14429530	NC_003075.7	92.524	923	60	5	2945	3860	4039332	4040252	0.0	1314
NC_003074.8:14420054-14429530	NC_003075.7	86.639	1220	120	22	8191	9393	3269782	3268589	0.0	1310
NC_003074.8:14420054-14429530	NC_003075.7	84.503	1368	163	31	8046	9393	4435451	4436789	0.0	1306
NC_003074.8:14420054-14429530	NC_003075.7	85.092	1308	143	31	8095	9393	1765155	1763891	0.0	1288
NC_003074.8:14420054-14429530	NC_003075.7	87.511	1137	106	14	7615	8742	2829418	2830527	0.0	1280
NC_003074.8:14420054-14429530	NC_003075.7	87.942	1103	85	18	8319	9393	3125323	3126405	0.0	1256
NC_003074.8:14420054-14429530	NC_003075.7	85.453	1203	141	11	949	2117	4441383	4440181	0.0	1221
NC_003074.8:14420054-14429530	NC_003075.7	91.061	895	56	7	8511	9393	4566979	4566097	0.0	1188
NC_003074.8:14420054-14429530	NC_003075.7	83.272	1369	146	48	8046	9393	3616967	3615661	0.0	1182
NC_003074.8:14420054-14429530	NC_003075.7	95.027	744	37	0	949	1692	4183979	4183236	0.0	1170
NC_003074.8:14420054-14429530	NC_003075.7	94.355	744	42	0	949	1692	4427103	4427846	0.0	1142
NC_003074.8:14420054-14429530	NC_003075.7	88.017	968	102	10	5169	6136	2897525	2898478	0.0	1133
NC_003074.8:14420054-14429530	NC_003075.7	88.889	927	89	13	2943	3861	3963291	3962371	0.0	1129
NC_003074.8:14420054-14429530	NC_003075.7	93.683	744	47	0	949	1692	4960347	4961090	0.0	1114
NC_003074.8:14420054-14429530	NC_003075.7	93.548	744	48	0	949	1692	4901428	4900685	0.0	1109
NC_003074.8:14420054-14429530	NC_003075.7	93.640	739	47	0	954	1692	3747918	3747180	0.0	1105
NC_003074.8:14420054-14429530	NC_003075.7	93.414	744	49	0	949	1692	3965450	3964707	0.0	1103
NC_003074.8:14420054-14429530	NC_003075.7	93.280	744	50	0	949	1692	4770786	4771529	0.0	1098
NC_003074.8:14420054-14429530	NC_003075.7	93.280	744	48	2	949	1692	1693826	1693085	0.0	1096
NC_003074.8:14420054-14429530	NC_003075.7	93.020	745	50	2	949	1692	3352664	3351921	0.0	1086
NC_003074.8:14420054-14429530	NC_003075.7	93.011	744	52	0	949	1692	3545074	3544331	0.0	1086
NC_003074.8:14420054-14429530	NC_003075.7	93.011	744	52	0	949	1692	3692017	3692760	0.0	1086
NC_003074.8:14420054-14429530	NC_003075.7	92.742	744	48	2	949	1692	3095706	3094969	0.0	1070
NC_003074.8:14420054-14429530	NC_003075.7	92.473	744	54	2	4347	5090	4774541	4775282	0.0	1062
NC_003074.8:14420054-14429530	NC_003075.7	81.712	1367	163	46	8046	9393	3637411	3636113	0.0	1059
NC_003074.8:14420054-14429530	NC_003075.7	83.810	1155	136	30	8244	9380	1815742	1816863	0.0	1050
NC_003074.8:14420054-14429530	NC_003075.7	91.867	750	57	4	4342	5090	3092409	3091663	0.0	1044
NC_003074.8:14420054-14429530	NC_003075.7	91.935	744	59	1	949	1692	1788561	1789303	0.0	1040
NC_003074.8:14420054-14429530	NC_003075.7	92.659	722	52	1	4370	5090	4041053	4041774	0.0	1038
NC_003074.8:14420054-14429530	NC_003075.7	91.600	750	61	2	4342	5090	3178654	3177906	0.0	1035
NC_003074.8:14420054-14429530	NC_003075.7	91.678	745	60	2	4347	5090	1690400	1689657	0.0	1031
NC_003074.8:14420054-14429530	NC_003075.7	82.692	1196	171	16	949	2111	2878950	2880142	0.0	1029
NC_003074.8:14420054-14429530	NC_003075.7	86.056	961	120	11	5621	6578	4404497	4403548	0.0	1020
NC_003074.8:14420054-14429530	NC_003075.7	91.532	744	47	6	949	1692	4037186	4037913	0.0	1011
NC_003074.8:14420054-14429530	NC_003075.7	91.967	722	57	1	4370	5090	4897728	4897007	0.0	1011
NC_003074.8:14420054-14429530	NC_003075.7	89.912	793	67	13	2943	3729	3180178	3179393	0.0	1009
NC_003074.8:14420054-14429530	NC_003075.7	91.007	745	65	2	4342	5085	4964122	4964865	0.0	1003
NC_003074.8:14420054-14429530	NC_003075.7	90.814	762	44	9	1690	2425	4961118	4961879	0.0	996
NC_003074.8:14420054-14429530	NC_003075.7	90.802	761	44	3	1690	2424	1693057	1692297	0.0	994
NC_003074.8:14420054-14429530	NC_003075.7	91.551	722	60	1	4370	5090	3961688	3960967	0.0	994
NC_003074.8:14420054-14429530	NC_003075.7	90.457	744	71	0	949	1692	3390072	3389329	0.0	981
NC_003074.8:14420054-14429530	NC_003075.7	90.420	762	47	5	1690	2425	4771557	4772318	0.0	979
NC_003074.8:14420054-14429530	NC_003075.7	90.026	762	49	5	1690	2425	3544303	3543543	0.0	961
NC_003074.8:14420054-14429530	NC_003075.7	92.890	661	46	1	2943	3603	4181835	4181176	0.0	959
NC_003074.8:14420054-14429530	NC_003075.7	89.777	763	51	11	1690	2425	4900657	4899895	0.0	952
NC_003074.8:14420054-14429530	NC_003075.7	88.748	791	67	15	2945	3725	3542913	3542135	0.0	948
NC_003074.8:14420054-14429530	NC_003075.7	89.633	762	52	10	1690	2425	3964679	3963919	0.0	944
NC_003074.8:14420054-14429530	NC_003075.7	89.309	767	55	6	1690	2429	3094941	3094175	0.0	937
NC_003074.8:14420054-14429530	NC_003075.7	90.754	703	56	8	2943	3645	4899267	4898574	0.0	929
NC_003074.8:14420054-14429530	NC_003075.7	87.531	818	81	16	2943	3753	4962507	4963310	0.0	926
NC_003074.8:14420054-14429530	NC_003075.7	89.108	762	57	4	1690	2425	4037941	4038702	0.0	924
NC_003074.8:14420054-14429530	NC_003075.7	91.016	679	53	4	2973	3645	1691645	1690969	0.0	909
NC_003074.8:14420054-14429530	NC_003075.7	89.847	719	56	10	4373	5090	3541438	3540736	0.0	907
NC_003074.8:14420054-14429530	NC_003075.7	78.483	1529	227	80	6154	7623	4211074	4209589	0.0	907
NC_003074.8:14420054-14429530	NC_003075.7	89.747	712	68	3	4373	5080	1807681	1808391	0.0	905
NC_003074.8:14420054-14429530	NC_003075.7	88.802	768	45	7	1690	2431	4183208	4182456	0.0	904
NC_003074.8:14420054-14429530	NC_003075.7	82.543	1054	133	36	8354	9393	2889625	2888609	0.0	880
NC_003074.8:14420054-14429530	NC_003075.7	90.118	678	63	3	6030	6705	4416129	4416804	0.0	878
NC_003074.8:14420054-14429530	NC_003075.7	88.073	763	58	8	1690	2425	3351893	3351137	0.0	874
NC_003074.8:14420054-14429530	NC_003075.7	88.905	703	54	5	2945	3645	3350507	3349827	0.0	845
NC_003074.8:14420054-14429530	NC_003075.7	92.535	576	42	1	2945	3519	1805928	1806503	0.0	824
NC_003074.8:14420054-14429530	NC_003075.7	90.723	636	33	9	8770	9393	3173927	3173306	0.0	824
NC_003074.8:14420054-14429530	NC_003075.7	88.075	696	81	2	949	1643	4409973	4410667	0.0	824
NC_003074.8:14420054-14429530	NC_003075.7	91.854	577	45	2	2945	3519	3272695	3273271	0.0	804
NC_003074.8:14420054-14429530	NC_003075.7	89.557	632	42	10	8774	9393	2830981	2831600	0.0	780
NC_003074.8:14420054-14429530	NC_003075.7	91.681	565	42	5	2959	3521	3382237	3381676	0.0	778
NC_003074.8:14420054-14429530	NC_003075.7	86.100	741	77	20	8664	9393	4403538	4402813	0.0	774
NC_003074.8:14420054-14429530	NC_003075.7	94.286	490	27	1	2422	2911	4182317	4181829	0.0	749
NC_003074.8:14420054-14429530	NC_003075.7	94.094	491	29	0	2421	2911	4962023	4962513	0.0	747
NC_003074.8:14420054-14429530	NC_003075.7	93.890	491	28	2	2422	2911	3543398	3542909	0.0	739
NC_003074.8:14420054-14429530	NC_003075.7	93.686	491	31	0	2421	2911	3180662	3180172	0.0	736
NC_003074.8:14420054-14429530	NC_003075.7	93.061	490	34	0	2422	2911	4772463	4772952	0.0	717
NC_003074.8:14420054-14429530	NC_003075.7	92.857	490	35	0	2422	2911	4899750	4899261	0.0	712
NC_003074.8:14420054-14429530	NC_003075.7	85.237	718	73	19	8693	9393	4408925	4409626	0.0	708
NC_003074.8:14420054-14429530	NC_003075.7	92.079	505	31	3	2943	3446	4772946	4773442	0.0	702
NC_003074.8:14420054-14429530	NC_003075.7	92.449	490	37	0	2422	2911	3350992	3350503	0.0	701
NC_003074.8:14420054-14429530	NC_003075.7	88.581	578	61	5	2946	3521	2894620	2895194	0.0	697
NC_003074.8:14420054-14429530	NC_003075.7	92.418	488	37	0	2422	2909	4038847	4039334	0.0	697
NC_003074.8:14420054-14429530	NC_003075.7	92.577	485	35	1	2422	2905	1692151	1691667	0.0	695
NC_003074.8:14420054-14429530	NC_003075.7	92.245	490	38	0	2422	2911	3094034	3093545	0.0	695
NC_003074.8:14420054-14429530	NC_003075.7	91.650	491	41	0	2421	2911	3963775	3963285	0.0	680
NC_003074.8:14420054-14429530	NC_003075.7	86.133	649	65	6	1802	2425	3383503	3382855	0.0	676
NC_003074.8:14420054-14429530	NC_003075.7	85.457	667	78	10	8046	8707	4408247	4408899	0.0	676
NC_003074.8:14420054-14429530	NC_003075.7	93.905	443	26	1	7023	7464	4776767	4777209	0.0	667
NC_003074.8:14420054-14429530	NC_003075.7	87.184	593	63	6	7983	8564	3957612	3957022	0.0	662
NC_003074.8:14420054-14429530	NC_003075.7	79.400	966	175	16	1	949	3631751	3630793	0.0	660
NC_003074.8:14420054-14429530	NC_003075.7	89.595	519	49	1	1174	1692	3271229	3271742	0.0	654
NC_003074.8:14420054-14429530	NC_003075.7	96.923	390	11	1	7278	7667	3263245	3263633	0.0	652
NC_003074.8:14420054-14429530	NC_003075.7	83.019	742	101	13	4349	5087	2896328	2897047	0.0	649
NC_003074.8:14420054-14429530	NC_003075.7	90.389	489	47	0	2423	2911	1805444	1805932	0.0	643
NC_003074.8:14420054-14429530	NC_003075.7	87.963	540	41	7	1907	2425	1804762	1805298	4.00e-174	616
NC_003074.8:14420054-14429530	NC_003075.7	85.417	624	53	21	8783	9393	3270090	3270688	1.44e-173	614
NC_003074.8:14420054-14429530	NC_003075.7	91.514	436	36	1	4349	4783	3348805	3348370	4.03e-169	599
NC_003074.8:14420054-14429530	NC_003075.7	94.459	379	21	0	949	1327	3182136	3181758	1.13e-164	584
NC_003074.8:14420054-14429530	NC_003075.7	78.187	1004	158	40	5778	6771	4188141	4189093	1.13e-164	584
NC_003074.8:14420054-14429530	NC_003075.7	86.481	503	55	6	2422	2911	3272197	3272699	2.48e-151	540
NC_003074.8:14420054-14429530	NC_003075.7	93.611	360	23	0	949	1308	2831953	2832312	8.91e-151	538
NC_003074.8:14420054-14429530	NC_003075.7	81.970	660	95	18	7169	7817	4189463	4190109	8.91e-151	538
NC_003074.8:14420054-14429530	NC_003075.7	85.632	522	49	13	8885	9393	3390933	3390425	6.94e-147	525
NC_003074.8:14420054-14429530	NC_003075.7	95.327	321	15	0	1372	1692	2832308	2832628	1.94e-142	510
NC_003074.8:14420054-14429530	NC_003075.7	92.898	352	19	1	1690	2035	3181414	3181063	2.51e-141	507
NC_003074.8:14420054-14429530	NC_003075.7	84.898	490	50	8	2422	2911	3311061	3310596	2.55e-131	473
NC_003074.8:14420054-14429530	NC_003075.7	87.961	407	38	4	6090	6496	3906558	3906163	3.30e-130	470
NC_003074.8:14420054-14429530	NC_003075.7	92.790	319	23	0	8424	8742	2830660	2830978	5.52e-128	462
NC_003074.8:14420054-14429530	NC_003075.7	92.790	319	23	0	1374	1692	3181760	3181442	5.52e-128	462
NC_003074.8:14420054-14429530	NC_003075.7	85.034	441	60	2	1690	2124	2832656	2833096	2.00e-122	444
NC_003074.8:14420054-14429530	NC_003075.7	83.600	500	55	12	7615	8112	4768679	4769153	2.00e-122	444
NC_003074.8:14420054-14429530	NC_003075.7	85.211	426	57	1	1690	2109	3692788	3693213	4.33e-119	433
NC_003074.8:14420054-14429530	NC_003075.7	84.475	438	60	8	3002	3435	4527670	4528103	7.24e-117	425
NC_003074.8:14420054-14429530	NC_003075.7	82.107	503	81	8	3002	3499	4023129	4022631	9.37e-116	422
NC_003074.8:14420054-14429530	NC_003075.7	84.742	426	59	1	1690	2109	4427874	4428299	9.37e-116	422
NC_003074.8:14420054-14429530	NC_003075.7	95.686	255	11	0	949	1203	4565743	4565489	2.03e-112	411
NC_003074.8:14420054-14429530	NC_003075.7	81.445	512	74	12	3007	3499	3278854	3279363	4.39e-109	399
NC_003074.8:14420054-14429530	NC_003075.7	87.158	366	24	1	5087	5429	3091293	3090928	2.04e-107	394
NC_003074.8:14420054-14429530	NC_003075.7	89.869	306	31	0	7978	8283	4769125	4769430	2.04e-107	394
NC_003074.8:14420054-14429530	NC_003075.7	88.218	331	27	8	9050	9380	3310527	3310209	1.23e-104	385
NC_003074.8:14420054-14429530	NC_003075.7	91.760	267	22	0	1426	1692	3635521	3635255	9.57e-101	372
NC_003074.8:14420054-14429530	NC_003075.7	75.027	913	166	53	8509	9393	3275355	3276233	4.45e-99	366
NC_003074.8:14420054-14429530	NC_003075.7	93.802	242	15	0	9152	9393	3265125	3265366	1.60e-98	364
NC_003074.8:14420054-14429530	NC_003075.7	80.652	460	80	8	5376	5832	3907023	3906570	1.61e-93	348
NC_003074.8:14420054-14429530	NC_003075.7	95.283	212	10	0	7616	7827	4015813	4016024	3.49e-90	337
NC_003074.8:14420054-14429530	NC_003075.7	90.476	252	23	1	3513	3764	2895253	2895503	1.62e-88	331
NC_003074.8:14420054-14429530	NC_003075.7	87.162	296	26	7	960	1243	3635812	3635517	7.55e-87	326
NC_003074.8:14420054-14429530	NC_003075.7	94.313	211	12	0	7617	7827	4425021	4425231	2.72e-86	324
NC_003074.8:14420054-14429530	NC_003075.7	78.278	511	83	22	7169	7666	3989765	3989270	3.54e-80	303
NC_003074.8:14420054-14429530	NC_003075.7	92.308	208	16	0	7620	7827	4757328	4757535	5.92e-78	296
NC_003074.8:14420054-14429530	NC_003075.7	80.142	423	55	11	7693	8112	3263618	3264014	9.91e-76	289
NC_003074.8:14420054-14429530	NC_003075.7	77.344	512	87	22	7169	7666	3840739	3840243	7.72e-72	276
NC_003074.8:14420054-14429530	NC_003075.7	81.818	352	31	25	9053	9393	3024592	3024921	1.67e-68	265
NC_003074.8:14420054-14429530	NC_003075.7	94.675	169	9	0	960	1128	3271044	3271212	6.01e-68	263
NC_003074.8:14420054-14429530	NC_003075.7	91.935	186	13	1	7618	7803	4567161	4566978	7.77e-67	259
NC_003074.8:14420054-14429530	NC_003075.7	89.500	200	21	0	7618	7817	2890131	2890330	3.62e-65	254
NC_003074.8:14420054-14429530	NC_003075.7	76.562	512	91	22	7169	7666	4330320	4330816	3.62e-65	254
NC_003074.8:14420054-14429530	NC_003075.7	93.827	162	10	0	2943	3104	3093551	3093390	2.18e-62	244
NC_003074.8:14420054-14429530	NC_003075.7	94.805	154	8	0	4849	5002	3348373	3348220	2.81e-61	241
NC_003074.8:14420054-14429530	NC_003075.7	87.629	194	23	1	3326	3518	3004860	3004667	2.83e-56	224
NC_003074.8:14420054-14429530	NC_003075.7	86.935	199	23	3	5358	5555	3379571	3379375	3.67e-55	220
NC_003074.8:14420054-14429530	NC_003075.7	87.179	195	21	4	3326	3518	3742435	3742243	1.32e-54	219
NC_003074.8:14420054-14429530	NC_003075.7	80.328	305	44	11	3156	3449	3872927	3872628	4.74e-54	217
NC_003074.8:14420054-14429530	NC_003075.7	85.849	212	20	9	9183	9393	4016279	4016077	4.74e-54	217
NC_003074.8:14420054-14429530	NC_003075.7	96.032	126	5	0	2300	2425	3180931	3180806	1.03e-50	206
NC_003074.8:14420054-14429530	NC_003075.7	88.000	175	20	1	3326	3499	4560942	4560768	1.03e-50	206
NC_003074.8:14420054-14429530	NC_003075.7	86.294	197	16	10	9202	9393	3014822	3015012	3.69e-50	204
NC_003074.8:14420054-14429530	NC_003075.7	78.754	353	39	28	9053	9394	4531909	4532236	3.69e-50	204
NC_003074.8:14420054-14429530	NC_003075.7	90.789	152	13	1	6414	6564	2888454	2888605	1.33e-49	202
NC_003074.8:14420054-14429530	NC_003075.7	78.730	315	57	10	2122	2432	4024133	4023825	1.33e-49	202
NC_003074.8:14420054-14429530	NC_003075.7	78.779	344	38	28	9049	9382	3547255	3547573	1.72e-48	198
NC_003074.8:14420054-14429530	NC_003075.7	85.128	195	25	2	3326	3517	3697546	3697739	6.18e-48	196
NC_003074.8:14420054-14429530	NC_003075.7	80.899	267	34	16	9135	9393	3492777	3493034	2.22e-47	195
NC_003074.8:14420054-14429530	NC_003075.7	77.636	313	64	6	2122	2432	3277844	3278152	1.34e-44	185
NC_003074.8:14420054-14429530	NC_003075.7	77.607	326	57	11	3135	3449	4243557	4243877	4.81e-44	183
NC_003074.8:14420054-14429530	NC_003075.7	88.667	150	17	0	5804	5953	4761321	4761470	4.81e-44	183
NC_003074.8:14420054-14429530	NC_003075.7	91.667	132	9	2	8774	8903	2830530	2830661	1.73e-43	182
NC_003074.8:14420054-14429530	NC_003075.7	79.825	228	42	4	7441	7666	2970186	2969961	6.27e-38	163
NC_003074.8:14420054-14429530	NC_003075.7	79.825	228	29	13	3235	3449	3993822	3993599	4.88e-34	150
NC_003074.8:14420054-14429530	NC_003075.7	96.591	88	3	0	9390	9477	1694309	1694222	6.31e-33	147
NC_003074.8:14420054-14429530	NC_003075.7	96.591	88	3	0	9390	9477	2839437	2839524	6.31e-33	147
NC_003074.8:14420054-14429530	NC_003075.7	96.591	88	3	0	9390	9477	3128952	3129039	6.31e-33	147
NC_003074.8:14420054-14429530	NC_003075.7	96.591	88	3	0	9390	9477	3173434	3173347	6.31e-33	147
NC_003074.8:14420054-14429530	NC_003075.7	96.591	88	3	0	9390	9477	3182618	3182531	6.31e-33	147
NC_003074.8:14420054-14429530	NC_003075.7	96.591	88	3	0	9390	9477	3545553	3545466	6.31e-33	147
NC_003074.8:14420054-14429530	NC_003075.7	96.591	88	3	0	9390	9477	3736162	3736075	6.31e-33	147
NC_003074.8:14420054-14429530	NC_003075.7	96.591	88	3	0	9390	9477	3748406	3748319	6.31e-33	147
NC_003074.8:14420054-14429530	NC_003075.7	96.591	88	3	0	9390	9477	4560423	4560510	6.31e-33	147
NC_003074.8:14420054-14429530	NC_003075.7	96.591	88	3	0	9390	9477	4770304	4770391	6.31e-33	147
NC_003074.8:14420054-14429530	NC_003075.7	96.629	89	1	2	9390	9477	4782009	4782096	6.31e-33	147
NC_003074.8:14420054-14429530	NC_003075.7	86.923	130	15	2	3320	3449	4029144	4029017	2.27e-32	145
NC_003074.8:14420054-14429530	NC_003075.7	95.455	88	4	0	9390	9477	3099221	3099308	2.94e-31	141
NC_003074.8:14420054-14429530	NC_003075.7	95.455	88	4	0	9390	9477	3265238	3265325	2.94e-31	141
NC_003074.8:14420054-14429530	NC_003075.7	95.455	88	4	0	9390	9477	4426618	4426705	2.94e-31	141
NC_003074.8:14420054-14429530	NC_003075.7	95.455	88	4	0	9390	9477	4431331	4431418	2.94e-31	141
NC_003074.8:14420054-14429530	NC_003075.7	95.455	88	4	0	9390	9477	4566225	4566138	2.94e-31	141
NC_003074.8:14420054-14429530	NC_003075.7	95.402	87	4	0	9390	9476	4758795	4758881	1.06e-30	139
NC_003074.8:14420054-14429530	NC_003075.7	94.318	88	5	0	9390	9477	2831472	2831559	1.37e-29	135
NC_003074.8:14420054-14429530	NC_003075.7	94.382	89	4	1	9390	9477	3126276	3126364	1.37e-29	135
NC_003074.8:14420054-14429530	NC_003075.7	95.294	85	4	0	9393	9477	3310321	3310237	1.37e-29	135
NC_003074.8:14420054-14429530	NC_003075.7	84.848	132	18	1	3320	3449	5060280	5060149	1.77e-28	132
NC_003074.8:14420054-14429530	NC_003075.7	93.182	88	6	0	9390	9477	3087153	3087066	6.36e-28	130
NC_003074.8:14420054-14429530	NC_003075.7	93.182	88	6	0	9390	9477	3096189	3096102	6.36e-28	130
NC_003074.8:14420054-14429530	NC_003075.7	84.559	136	16	4	7671	7804	3274499	3274631	6.36e-28	130
NC_003074.8:14420054-14429530	NC_003075.7	93.182	88	6	0	9390	9477	4046619	4046706	6.36e-28	130
NC_003074.8:14420054-14429530	NC_003075.7	93.182	88	6	0	9390	9477	4184461	4184374	6.36e-28	130
NC_003074.8:14420054-14429530	NC_003075.7	94.118	85	5	0	9393	9477	4959866	4959950	6.36e-28	130
NC_003074.8:14420054-14429530	NC_003075.7	93.023	86	6	0	9392	9477	4892457	4892372	8.22e-27	126
NC_003074.8:14420054-14429530	NC_003075.7	92.045	88	7	0	9390	9477	1788082	1788169	2.96e-26	124
NC_003074.8:14420054-14429530	NC_003075.7	92.941	85	6	0	9393	9477	3313217	3313133	2.96e-26	124
NC_003074.8:14420054-14429530	NC_003075.7	92.045	88	7	0	9390	9477	3353125	3353038	2.96e-26	124
NC_003074.8:14420054-14429530	NC_003075.7	92.045	88	7	0	9390	9477	4036703	4036790	2.96e-26	124
NC_003074.8:14420054-14429530	NC_003075.7	92.045	88	7	0	9390	9477	4901910	4901823	2.96e-26	124
NC_003074.8:14420054-14429530	NC_003075.7	92.941	85	6	0	9393	9477	4969466	4969550	2.96e-26	124
NC_003074.8:14420054-14429530	NC_003075.7	90.909	88	8	0	9390	9477	3903711	3903624	1.38e-24	119
NC_003074.8:14420054-14429530	NC_003075.7	90.805	87	6	2	9392	9477	3390551	3390466	1.78e-23	115
NC_003074.8:14420054-14429530	NC_003075.7	89.773	88	9	0	9390	9477	3268717	3268630	6.40e-23	113
NC_003074.8:14420054-14429530	NC_003075.7	89.773	88	9	0	9390	9477	3270560	3270647	6.40e-23	113
NC_003074.8:14420054-14429530	NC_003075.7	78.610	187	25	9	7893	8079	4044882	4045053	8.28e-22	110
NC_003074.8:14420054-14429530	NC_003075.7	86.538	104	8	5	3320	3420	4211489	4211389	8.28e-22	110
NC_003074.8:14420054-14429530	NC_003075.7	85.714	105	10	5	3328	3429	4275536	4275434	1.07e-20	106
NC_003074.8:14420054-14429530	NC_003075.7	79.739	153	23	8	3273	3420	5105295	5105146	3.85e-20	104
NC_003074.8:14420054-14429530	NC_003075.7	87.500	88	11	0	9390	9477	1764021	1763934	1.39e-19	102
NC_003074.8:14420054-14429530	NC_003075.7	80.556	144	18	10	3291	3429	4382493	4382355	1.39e-19	102
NC_003074.8:14420054-14429530	NC_003075.7	84.762	105	11	5	3328	3429	3596721	3596619	4.98e-19	100
NC_003074.8:14420054-14429530	NC_003075.7	77.368	190	28	9	7893	8082	4176637	4176463	1.79e-18	99.0
NC_003074.8:14420054-14429530	NC_003075.7	86.364	88	12	0	9390	9477	4191552	4191639	6.45e-18	97.1
NC_003074.8:14420054-14429530	NC_003075.7	87.059	85	9	2	9390	9473	2888737	2888654	2.32e-17	95.3
NC_003074.8:14420054-14429530	NC_003075.7	83.495	103	16	1	3317	3418	3020822	3020924	2.32e-17	95.3
NC_003074.8:14420054-14429530	NC_003075.7	82.456	114	14	5	3324	3435	3553312	3553421	2.32e-17	95.3
NC_003074.8:14420054-14429530	NC_003075.7	86.364	88	11	1	7995	8082	4893792	4893706	2.32e-17	95.3
NC_003074.8:14420054-14429530	NC_003075.7	77.714	175	24	9	7893	8067	3676087	3676246	8.34e-17	93.5
NC_003074.8:14420054-14429530	NC_003075.7	86.585	82	11	0	9390	9471	3636234	3636153	3.00e-16	91.6
NC_003074.8:14420054-14429530	NC_003075.7	89.041	73	7	1	7995	8067	2829715	2829786	1.08e-15	89.8
NC_003074.8:14420054-14429530	NC_003075.7	78.125	160	20	9	7893	8052	4185862	4185718	3.88e-15	87.9
NC_003074.8:14420054-14429530	NC_003075.7	80.189	106	18	3	3331	3435	3630466	3630363	8.40e-12	76.8
NC_003074.8:14420054-14429530	NC_003070.9	89.995	4408	310	51	5087	9393	14438571	14442948	0.0	5576
NC_003074.8:14420054-14429530	NC_003070.9	89.218	4359	299	60	5087	9393	15064370	15060131	0.0	5288
NC_003074.8:14420054-14429530	NC_003070.9	90.247	3650	250	35	5778	9393	13800080	13796503	0.0	4671
NC_003074.8:14420054-14429530	NC_003070.9	89.989	3686	268	52	5778	9393	15448897	15445243	0.0	4669
NC_003074.8:14420054-14429530	NC_003070.9	90.117	3511	272	37	5375	8866	14495234	14498688	0.0	4492
NC_003074.8:14420054-14429530	NC_003070.9	90.795	3183	223	23	5087	8232	14337079	14340228	0.0	4191
NC_003074.8:14420054-14429530	NC_003070.9	89.856	3322	213	46	6099	9393	15539348	15536124	0.0	4154
NC_003074.8:14420054-14429530	NC_003070.9	89.705	3225	261	41	5375	8582	14244313	14247483	0.0	4050
NC_003074.8:14420054-14429530	NC_003070.9	89.946	3133	241	36	5375	8491	15067587	15064513	0.0	3973
NC_003074.8:14420054-14429530	NC_003070.9	89.936	2981	200	41	5836	8779	13774669	13777586	0.0	3751
NC_003074.8:14420054-14429530	NC_003070.9	90.389	2830	213	31	5375	8192	14181981	14179199	0.0	3664
NC_003074.8:14420054-14429530	NC_003070.9	88.881	2995	221	33	5087	8052	15708176	15705265	0.0	3583
NC_003074.8:14420054-14429530	NC_003070.9	90.648	2470	181	37	5377	7827	15189040	15191478	0.0	3236
NC_003074.8:14420054-14429530	NC_003070.9	90.478	2468	184	29	5377	7827	15825300	15822867	0.0	3208
NC_003074.8:14420054-14429530	NC_003070.9	90.393	2467	187	28	5377	7827	15837503	15835071	0.0	3197
NC_003074.8:14420054-14429530	NC_003070.9	88.875	2337	175	29	7079	9393	14449192	14451465	0.0	2796
NC_003074.8:14420054-14429530	NC_003070.9	90.093	2160	172	17	5087	7219	14253679	14255823	0.0	2765
NC_003074.8:14420054-14429530	NC_003070.9	88.608	2291	194	31	5778	8058	14504622	14506855	0.0	2723
NC_003074.8:14420054-14429530	NC_003070.9	88.688	1821	141	28	7618	9393	14432223	14434023	0.0	2161
NC_003074.8:14420054-14429530	NC_003070.9	85.839	2062	232	38	5767	7804	14813720	14815745	0.0	2135
NC_003074.8:14420054-14429530	NC_003070.9	85.811	2065	233	38	5767	7807	14900676	14898648	0.0	2135
NC_003074.8:14420054-14429530	NC_003070.9	85.666	2072	238	34	5762	7807	13943006	13940968	0.0	2126
NC_003074.8:14420054-14429530	NC_003070.9	88.425	1797	141	22	7618	9393	15618000	15616250	0.0	2104
NC_003074.8:14420054-14429530	NC_003070.9	85.351	2082	239	36	5759	7807	15044878	15042830	0.0	2095
NC_003074.8:14420054-14429530	NC_003070.9	85.815	1995	225	39	5762	7726	15488477	15486511	0.0	2063
NC_003074.8:14420054-14429530	NC_003070.9	85.830	1969	224	33	5862	7804	15481548	15483487	0.0	2039
NC_003074.8:14420054-14429530	NC_003070.9	85.685	1970	227	35	5862	7804	15460728	15462669	0.0	2025
NC_003074.8:14420054-14429530	NC_003070.9	85.635	1970	228	35	5862	7804	15474607	15476548	0.0	2019
NC_003074.8:14420054-14429530	NC_003070.9	85.584	1970	228	36	5862	7804	15467668	15469608	0.0	2013
NC_003074.8:14420054-14429530	NC_003070.9	91.542	1466	95	12	5778	7232	14257265	14255818	0.0	1993
NC_003074.8:14420054-14429530	NC_003070.9	86.478	1834	177	31	7616	9393	15178940	15180758	0.0	1947
NC_003074.8:14420054-14429530	NC_003070.9	86.838	1831	130	43	7617	9393	14923931	14925704	0.0	1943
NC_003074.8:14420054-14429530	NC_003070.9	88.443	1644	127	24	7618	9218	14315125	14316748	0.0	1925
NC_003074.8:14420054-14429530	NC_003070.9	89.752	1532	97	14	949	2425	13769041	13770567	0.0	1905
NC_003074.8:14420054-14429530	NC_003070.9	89.648	1507	118	13	949	2425	14434377	14435875	0.0	1884
NC_003074.8:14420054-14429530	NC_003070.9	83.750	2080	237	52	5759	7804	14090444	14092456	0.0	1875
NC_003074.8:14420054-14429530	NC_003070.9	90.056	1438	108	14	7978	9393	14489794	14488370	0.0	1831
NC_003074.8:14420054-14429530	NC_003070.9	85.730	1766	200	31	5759	7508	13791763	13793492	0.0	1818
NC_003074.8:14420054-14429530	NC_003070.9	88.147	1527	140	18	7893	9393	15847303	15845792	0.0	1779
NC_003074.8:14420054-14429530	NC_003070.9	88.031	1529	138	23	7893	9391	14430583	14429070	0.0	1768
NC_003074.8:14420054-14429530	NC_003070.9	90.875	1326	77	19	8082	9393	15714656	15713361	0.0	1738
NC_003074.8:14420054-14429530	NC_003070.9	90.562	1335	88	21	8082	9393	15705283	15703964	0.0	1733
NC_003074.8:14420054-14429530	NC_003070.9	87.426	1527	138	19	7893	9393	15835074	15833576	0.0	1707
NC_003074.8:14420054-14429530	NC_003070.9	89.504	1372	104	9	7618	8981	15076081	15074742	0.0	1700
NC_003074.8:14420054-14429530	NC_003070.9	90.266	1315	100	8	8094	9393	14499972	14501273	0.0	1694
NC_003074.8:14420054-14429530	NC_003070.9	87.139	1524	147	29	7893	9393	15191475	15192972	0.0	1683
NC_003074.8:14420054-14429530	NC_003070.9	88.087	1427	123	17	7986	9393	15822815	15821417	0.0	1650
NC_003074.8:14420054-14429530	NC_003070.9	89.538	1319	101	17	8097	9393	14227057	14228360	0.0	1637
NC_003074.8:14420054-14429530	NC_003070.9	88.389	1378	100	17	8045	9393	14059244	14060590	0.0	1604
NC_003074.8:14420054-14429530	NC_003070.9	87.650	1417	115	24	7987	9385	15791502	15790128	0.0	1592
NC_003074.8:14420054-14429530	NC_003070.9	86.739	1478	134	26	7934	9393	13653758	13652325	0.0	1587
NC_003074.8:14420054-14429530	NC_003070.9	85.651	1582	139	44	7617	9143	15454303	15452755	0.0	1583
NC_003074.8:14420054-14429530	NC_003070.9	89.652	1237	91	13	8180	9393	15683419	15682197	0.0	1541
NC_003074.8:14420054-14429530	NC_003070.9	88.916	1245	115	11	7893	9117	15503463	15504704	0.0	1513
NC_003074.8:14420054-14429530	NC_003070.9	86.772	1391	116	36	7934	9308	13646157	13644819	0.0	1487
NC_003074.8:14420054-14429530	NC_003070.9	88.486	1242	102	18	7979	9195	15677483	15676258	0.0	1463
NC_003074.8:14420054-14429530	NC_003070.9	89.828	1160	84	15	7213	8368	13922104	13920975	0.0	1458
NC_003074.8:14420054-14429530	NC_003070.9	88.541	1213	104	16	949	2126	13651972	13650760	0.0	1437
NC_003074.8:14420054-14429530	NC_003070.9	88.327	1225	106	14	7618	8833	15433005	15431809	0.0	1435
NC_003074.8:14420054-14429530	NC_003070.9	82.195	1713	251	38	5250	6926	15417127	15418821	0.0	1424
NC_003074.8:14420054-14429530	NC_003070.9	88.679	1166	93	22	8230	9393	14179201	14178073	0.0	1386
NC_003074.8:14420054-14429530	NC_003070.9	86.853	1217	111	25	8192	9393	14483780	14482598	0.0	1315
NC_003074.8:14420054-14429530	NC_003070.9	86.971	1205	111	18	8191	9380	15513275	15512102	0.0	1314
NC_003074.8:14420054-14429530	NC_003070.9	86.617	1218	111	27	8192	9393	14381072	14379891	0.0	1299
NC_003074.8:14420054-14429530	NC_003070.9	86.617	1218	111	27	8192	9393	14426725	14425544	0.0	1299
NC_003074.8:14420054-14429530	NC_003070.9	84.242	1358	173	26	6468	7805	15636764	15638100	0.0	1284
NC_003074.8:14420054-14429530	NC_003070.9	86.218	1190	114	29	8222	9393	15518881	15517724	0.0	1243
NC_003074.8:14420054-14429530	NC_003070.9	93.187	822	52	4	2943	3762	14319123	14319942	0.0	1205
NC_003074.8:14420054-14429530	NC_003070.9	92.857	826	51	6	2943	3762	14436502	14437325	0.0	1192
NC_003074.8:14420054-14429530	NC_003070.9	87.403	1032	89	15	7617	8647	15546209	15545218	0.0	1147
NC_003074.8:14420054-14429530	NC_003070.9	94.489	744	40	1	949	1692	15544173	15543431	0.0	1146
NC_003074.8:14420054-14429530	NC_003070.9	87.343	1035	83	17	7893	8920	15422288	15423281	0.0	1142
NC_003074.8:14420054-14429530	NC_003070.9	93.943	743	44	1	949	1690	14926056	14926798	0.0	1122
NC_003074.8:14420054-14429530	NC_003070.9	90.614	863	52	13	8546	9393	14247484	14248332	0.0	1118
NC_003074.8:14420054-14429530	NC_003070.9	93.683	744	47	0	949	1692	15713007	15712264	0.0	1114
NC_003074.8:14420054-14429530	NC_003070.9	93.758	737	46	0	956	1692	14487527	14488263	0.0	1107
NC_003074.8:14420054-14429530	NC_003070.9	93.640	739	47	0	954	1692	15493897	15494635	0.0	1105
NC_003074.8:14420054-14429530	NC_003070.9	90.684	848	52	13	8560	9393	13711662	13712496	0.0	1103
NC_003074.8:14420054-14429530	NC_003070.9	93.154	745	49	2	949	1692	14260451	14259708	0.0	1092
NC_003074.8:14420054-14429530	NC_003070.9	89.257	875	90	4	5661	6532	15514576	15513703	0.0	1092
NC_003074.8:14420054-14429530	NC_003070.9	93.145	744	50	1	949	1692	15452210	15451468	0.0	1090
NC_003074.8:14420054-14429530	NC_003070.9	93.099	739	51	0	954	1692	15181117	15181855	0.0	1083
NC_003074.8:14420054-14429530	NC_003070.9	92.876	744	53	0	949	1692	14248984	14249727	0.0	1081
NC_003074.8:14420054-14429530	NC_003070.9	92.693	739	54	0	954	1692	15833217	15832479	0.0	1066
NC_003074.8:14420054-14429530	NC_003070.9	92.318	742	56	1	4349	5090	13772868	13773608	0.0	1053
NC_003074.8:14420054-14429530	NC_003070.9	94.101	695	38	1	7133	7827	15502775	15503466	0.0	1053
NC_003074.8:14420054-14429530	NC_003070.9	89.224	863	63	7	3018	3862	14334336	14335186	0.0	1051
NC_003074.8:14420054-14429530	NC_003070.9	92.287	739	57	0	954	1692	15845433	15844695	0.0	1050
NC_003074.8:14420054-14429530	NC_003070.9	94.186	688	38	2	4403	5090	15540828	15540143	0.0	1048
NC_003074.8:14420054-14429530	NC_003070.9	91.946	745	60	0	948	1692	14501476	14502220	0.0	1044
NC_003074.8:14420054-14429530	NC_003070.9	91.589	749	56	7	4347	5090	14437503	14438249	0.0	1027
NC_003074.8:14420054-14429530	NC_003070.9	91.532	744	62	1	949	1692	14127984	14127242	0.0	1024
NC_003074.8:14420054-14429530	NC_003070.9	91.375	742	56	8	4347	5082	14320120	14320859	0.0	1009
NC_003074.8:14420054-14429530	NC_003070.9	85.271	998	115	18	5349	6333	15501797	15502775	0.0	1000
NC_003074.8:14420054-14429530	NC_003070.9	91.007	745	54	5	949	1692	14228714	14229446	0.0	992
NC_003074.8:14420054-14429530	NC_003070.9	91.854	712	45	3	4379	5090	14336011	14336709	0.0	981
NC_003074.8:14420054-14429530	NC_003070.9	92.341	692	48	5	6504	7193	14587028	14586340	0.0	979
NC_003074.8:14420054-14429530	NC_003070.9	92.285	687	52	1	2959	3645	15710865	15710180	0.0	974
NC_003074.8:14420054-14429530	NC_003070.9	91.341	716	53	7	4369	5080	15709266	15708556	0.0	970
NC_003074.8:14420054-14429530	NC_003070.9	89.908	763	48	11	1690	2425	15543403	15542643	0.0	955
NC_003074.8:14420054-14429530	NC_003070.9	90.720	722	54	6	5087	5808	13773978	13774686	0.0	950
NC_003074.8:14420054-14429530	NC_003070.9	89.785	744	70	2	949	1692	15517470	15516733	0.0	948
NC_003074.8:14420054-14429530	NC_003070.9	87.905	802	87	7	2959	3753	14251161	14251959	0.0	935
NC_003074.8:14420054-14429530	NC_003070.9	89.122	763	56	6	1689	2425	14317735	14318496	0.0	924
NC_003074.8:14420054-14429530	NC_003070.9	89.684	727	70	5	4369	5090	14252584	14253310	0.0	922
NC_003074.8:14420054-14429530	NC_003070.9	90.714	700	47	5	2943	3627	13771179	13771875	0.0	917
NC_003074.8:14420054-14429530	NC_003070.9	88.598	763	60	6	1690	2425	14249755	14250517	0.0	902
NC_003074.8:14420054-14429530	NC_003070.9	77.614	1626	254	85	6072	7623	16512980	16511391	0.0	885
NC_003074.8:14420054-14429530	NC_003070.9	85.063	877	89	16	8041	8911	14122768	14121928	0.0	856
NC_003074.8:14420054-14429530	NC_003070.9	89.093	706	47	13	8697	9385	15545228	15544536	0.0	850
NC_003074.8:14420054-14429530	NC_003070.9	89.337	694	46	7	1758	2425	14492097	14492788	0.0	846
NC_003074.8:14420054-14429530	NC_003070.9	89.003	682	42	9	8732	9393	15492870	15493538	0.0	813
NC_003074.8:14420054-14429530	NC_003070.9	85.112	806	96	16	7011	7804	15419192	15419985	0.0	802
NC_003074.8:14420054-14429530	NC_003070.9	93.957	513	31	0	949	1461	15074682	15074170	0.0	776
NC_003074.8:14420054-14429530	NC_003070.9	90.972	576	51	1	2947	3521	15515320	15514745	0.0	774
NC_003074.8:14420054-14429530	NC_003070.9	88.584	657	48	7	1690	2319	15712236	15711580	0.0	773
NC_003074.8:14420054-14429530	NC_003070.9	94.694	490	25	1	2422	2911	14436020	14436508	0.0	760
NC_003074.8:14420054-14429530	NC_003070.9	94.082	490	28	1	2422	2911	14318641	14319129	0.0	743
NC_003074.8:14420054-14429530	NC_003070.9	85.059	763	77	16	1690	2425	15516705	15515953	0.0	743
NC_003074.8:14420054-14429530	NC_003070.9	78.571	1134	187	48	6518	7623	16211534	16212639	0.0	697
NC_003074.8:14420054-14429530	NC_003070.9	88.294	598	42	8	8811	9393	14262179	14261595	0.0	691
NC_003074.8:14420054-14429530	NC_003070.9	80.498	964	135	38	5862	6810	13648465	13647540	0.0	689
NC_003074.8:14420054-14429530	NC_003070.9	79.861	1008	143	39	5778	6771	14125093	14124132	0.0	682
NC_003074.8:14420054-14429530	NC_003070.9	90.504	516	44	4	3351	3861	15542038	15541523	0.0	676
NC_003074.8:14420054-14429530	NC_003070.9	93.946	446	27	0	2422	2867	15542498	15542053	0.0	675
NC_003074.8:14420054-14429530	NC_003070.9	91.429	490	35	3	2422	2911	15711357	15710875	0.0	665
NC_003074.8:14420054-14429530	NC_003070.9	84.460	695	85	10	8046	8735	14506879	14507555	0.0	664
NC_003074.8:14420054-14429530	NC_003070.9	91.020	490	44	0	2422	2911	14250662	14251151	0.0	662
NC_003074.8:14420054-14429530	NC_003070.9	86.050	638	62	9	7618	8254	13711060	13711671	0.0	660
NC_003074.8:14420054-14429530	NC_003070.9	77.815	1181	179	58	6072	7192	16522117	16520960	0.0	652
NC_003074.8:14420054-14429530	NC_003070.9	92.941	425	28	2	6997	7420	15513707	15513284	1.11e-174	617
NC_003074.8:14420054-14429530	NC_003070.9	89.592	490	35	3	2422	2911	13770712	13771185	6.70e-172	608
NC_003074.8:14420054-14429530	NC_003070.9	89.765	469	40	3	8273	8734	14340226	14340693	1.88e-167	593
NC_003074.8:14420054-14429530	NC_003070.9	85.092	597	62	10	7617	8212	15491849	15492419	1.13e-164	584
NC_003074.8:14420054-14429530	NC_003070.9	93.316	374	25	0	1319	1692	14317335	14317708	3.18e-155	553
NC_003074.8:14420054-14429530	NC_003070.9	89.189	444	40	3	1690	2126	14259680	14259238	1.48e-153	547
NC_003074.8:14420054-14429530	NC_003070.9	82.063	669	91	20	7169	7823	13647213	13646560	5.33e-153	545
NC_003074.8:14420054-14429530	NC_003070.9	88.864	449	42	3	8264	8705	15492426	15492873	5.33e-153	545
NC_003074.8:14420054-14429530	NC_003070.9	90.210	429	25	6	5087	5498	15539773	15539345	1.92e-152	544
NC_003074.8:14420054-14429530	NC_003070.9	81.737	668	95	21	7169	7823	14123729	14123076	4.15e-149	532
NC_003074.8:14420054-14429530	NC_003070.9	88.488	443	45	1	1690	2126	14502248	14502690	1.49e-148	531
NC_003074.8:14420054-14429530	NC_003070.9	88.036	443	44	2	1690	2126	15451440	15451001	4.18e-144	516
NC_003074.8:14420054-14429530	NC_003070.9	86.430	479	38	15	8929	9393	14340820	14341285	4.21e-139	499
NC_003074.8:14420054-14429530	NC_003070.9	86.430	479	38	15	8929	9393	14384141	14384606	4.21e-139	499
NC_003074.8:14420054-14429530	NC_003070.9	86.022	465	37	10	8941	9391	14383867	14383417	2.55e-131	473
NC_003074.8:14420054-14429530	NC_003070.9	89.091	385	36	3	6092	6473	14587398	14587017	2.55e-131	473
NC_003074.8:14420054-14429530	NC_003070.9	86.758	438	43	12	8958	9393	15423282	15423706	2.55e-131	473
NC_003074.8:14420054-14429530	NC_003070.9	83.677	533	49	20	8795	9315	14366402	14365896	1.19e-129	468
NC_003074.8:14420054-14429530	NC_003070.9	83.677	533	49	20	8795	9315	14412055	14411549	1.19e-129	468
NC_003074.8:14420054-14429530	NC_003070.9	83.677	533	49	20	8795	9315	14476832	14476326	1.19e-129	468
NC_003074.8:14420054-14429530	NC_003070.9	82.903	503	80	5	3002	3499	15414202	15414703	1.55e-123	448
NC_003074.8:14420054-14429530	NC_003070.9	85.047	428	54	5	1690	2109	15494663	15495088	2.01e-117	427
NC_003074.8:14420054-14429530	NC_003070.9	75.983	916	154	57	8509	9393	15051869	15050989	5.64e-113	412
NC_003074.8:14420054-14429530	NC_003070.9	84.507	426	57	3	1690	2109	15832451	15832029	5.64e-113	412
NC_003074.8:14420054-14429530	NC_003070.9	84.272	426	61	1	1690	2109	15181883	15182308	2.03e-112	411
NC_003074.8:14420054-14429530	NC_003070.9	84.272	426	58	3	1690	2109	15844667	15844245	2.62e-111	407
NC_003074.8:14420054-14429530	NC_003070.9	82.766	470	55	11	7618	8085	14492098	14491653	5.68e-108	396
NC_003074.8:14420054-14429530	NC_003070.9	83.493	418	66	2	3002	3417	13791142	13791558	3.42e-105	387
NC_003074.8:14420054-14429530	NC_003070.9	75.245	917	160	54	8509	9393	13863844	13862963	2.66e-101	374
NC_003074.8:14420054-14429530	NC_003070.9	84.352	409	35	12	9000	9393	14121930	14121536	2.66e-101	374
NC_003074.8:14420054-14429530	NC_003070.9	75.801	843	143	52	8578	9393	15042083	15041275	3.44e-100	370
NC_003074.8:14420054-14429530	NC_003070.9	94.850	233	12	0	9161	9393	13920958	13920726	1.60e-98	364
NC_003074.8:14420054-14429530	NC_003070.9	75.027	917	161	56	8509	9393	14083465	14084345	5.76e-98	363
NC_003074.8:14420054-14429530	NC_003070.9	91.011	267	20	4	9130	9393	14261070	14260805	2.68e-96	357
NC_003074.8:14420054-14429530	NC_003070.9	74.728	918	164	56	8509	9393	14093182	14094064	1.61e-93	348
NC_003074.8:14420054-14429530	NC_003070.9	81.236	437	43	14	7618	8052	15715037	15714638	4.55e-84	316
NC_003074.8:14420054-14429530	NC_003070.9	83.333	366	35	13	7616	7980	14226699	14227039	1.64e-83	315
NC_003074.8:14420054-14429530	NC_003070.9	93.056	216	14	1	7613	7827	15791910	15791695	1.64e-83	315
NC_003074.8:14420054-14429530	NC_003070.9	92.891	211	15	0	7617	7827	15847510	15847300	2.74e-81	307
NC_003074.8:14420054-14429530	NC_003070.9	87.687	268	25	8	9131	9393	15504626	15504890	9.84e-81	305
NC_003074.8:14420054-14429530	NC_003070.9	92.857	210	13	2	7618	7827	15422084	15422291	3.54e-80	303
NC_003074.8:14420054-14429530	NC_003070.9	73.932	913	167	59	8513	9393	15508522	15507649	1.27e-79	302
NC_003074.8:14420054-14429530	NC_003070.9	91.905	210	16	1	7618	7827	15683790	15683582	7.66e-77	292
NC_003074.8:14420054-14429530	NC_003070.9	90.909	209	19	0	7615	7823	13654369	13654161	1.66e-73	281
NC_003074.8:14420054-14429530	NC_003070.9	94.915	177	9	0	8558	8734	14383838	14384014	2.15e-72	278
NC_003074.8:14420054-14429530	NC_003070.9	90.000	220	12	1	7618	7827	14430799	14430580	7.72e-72	276
NC_003074.8:14420054-14429530	NC_003070.9	95.210	167	6	2	9229	9393	15452730	15452564	6.01e-68	263
NC_003074.8:14420054-14429530	NC_003070.9	85.385	260	23	13	9141	9393	14807300	14807551	1.01e-65	255
NC_003074.8:14420054-14429530	NC_003070.9	85.385	260	23	13	9141	9393	14907096	14906845	1.01e-65	255
NC_003074.8:14420054-14429530	NC_003070.9	81.525	341	32	24	9053	9384	15784824	15784506	1.30e-64	252
NC_003074.8:14420054-14429530	NC_003070.9	81.287	342	33	24	9053	9385	15457043	15457362	1.68e-63	248
NC_003074.8:14420054-14429530	NC_003070.9	81.287	342	33	24	9053	9385	15484845	15485164	1.68e-63	248
NC_003074.8:14420054-14429530	NC_003070.9	95.833	144	6	0	949	1092	14317193	14317336	4.71e-59	233
NC_003074.8:14420054-14429530	NC_003070.9	92.308	156	8	4	9241	9393	13644710	13644556	1.32e-54	219
NC_003074.8:14420054-14429530	NC_003070.9	82.759	261	29	15	9141	9393	14491395	14491647	1.32e-54	219
NC_003074.8:14420054-14429530	NC_003070.9	96.875	128	4	0	1690	1817	14926828	14926955	1.71e-53	215
NC_003074.8:14420054-14429530	NC_003070.9	96.154	130	5	0	8768	8897	14340691	14340820	6.14e-53	213
NC_003074.8:14420054-14429530	NC_003070.9	96.154	130	5	0	8768	8897	14384012	14384141	6.14e-53	213
NC_003074.8:14420054-14429530	NC_003070.9	86.224	196	24	3	3326	3519	15070007	15069813	7.94e-52	209
NC_003074.8:14420054-14429530	NC_003070.9	86.294	197	21	6	3326	3518	15186619	15186813	7.94e-52	209
NC_003074.8:14420054-14429530	NC_003070.9	81.923	260	33	13	9141	9393	13788294	13788546	2.86e-51	207
NC_003074.8:14420054-14429530	NC_003070.9	86.154	195	24	3	3288	3479	14492885	14493079	2.86e-51	207
NC_003074.8:14420054-14429530	NC_003070.9	89.697	165	13	4	9232	9393	14498681	14498844	2.86e-51	207
NC_003074.8:14420054-14429530	NC_003070.9	96.774	124	4	0	7618	7741	14499173	14499296	2.86e-51	207
NC_003074.8:14420054-14429530	NC_003070.9	86.154	195	23	4	3326	3518	15839899	15839707	2.86e-51	207
NC_003074.8:14420054-14429530	NC_003070.9	81.538	260	34	13	9141	9393	13794939	13795191	1.33e-49	202
NC_003074.8:14420054-14429530	NC_003070.9	78.287	327	53	13	3135	3449	14852205	14852525	2.22e-47	195
NC_003074.8:14420054-14429530	NC_003070.9	78.287	327	53	13	3135	3449	14870595	14870275	2.22e-47	195
NC_003074.8:14420054-14429530	NC_003070.9	84.694	196	27	1	3326	3518	15499359	15499554	7.99e-47	193
NC_003074.8:14420054-14429530	NC_003070.9	84.456	193	27	3	3328	3518	14242201	14242392	3.72e-45	187
NC_003074.8:14420054-14429530	NC_003070.9	79.565	230	43	4	7439	7666	14855616	14855843	2.25e-37	161
NC_003074.8:14420054-14429530	NC_003070.9	79.565	230	43	4	7439	7666	14867184	14866957	2.25e-37	161
NC_003074.8:14420054-14429530	NC_003070.9	96.591	88	3	0	9390	9477	13920854	13920767	6.31e-33	147
NC_003074.8:14420054-14429530	NC_003070.9	96.591	88	3	0	9390	9477	14433893	14433980	6.31e-33	147
NC_003074.8:14420054-14429530	NC_003070.9	96.591	88	3	0	9390	9477	14442819	14442906	6.31e-33	147
NC_003074.8:14420054-14429530	NC_003070.9	96.591	88	3	0	9390	9477	14488498	14488411	6.31e-33	147
NC_003074.8:14420054-14429530	NC_003070.9	81.026	195	28	6	7618	7804	14805639	14805832	6.31e-33	147
NC_003074.8:14420054-14429530	NC_003070.9	80.808	198	29	6	7618	7807	14908757	14908561	6.31e-33	147
NC_003074.8:14420054-14429530	NC_003070.9	96.591	88	3	0	9390	9477	15180629	15180716	6.31e-33	147
NC_003074.8:14420054-14429530	NC_003070.9	96.591	88	3	0	9390	9477	15192843	15192930	6.31e-33	147
NC_003074.8:14420054-14429530	NC_003070.9	96.591	88	3	0	9390	9477	15445371	15445284	6.31e-33	147
NC_003074.8:14420054-14429530	NC_003070.9	96.591	88	3	0	9390	9477	15821546	15821459	6.31e-33	147
NC_003074.8:14420054-14429530	NC_003070.9	96.591	88	3	0	9390	9477	15833705	15833618	6.31e-33	147
NC_003074.8:14420054-14429530	NC_003070.9	96.591	88	3	0	9390	9477	15845921	15845834	6.31e-33	147
NC_003074.8:14420054-14429530	NC_003070.9	96.471	85	3	0	9393	9477	13644683	13644599	2.94e-31	141
NC_003074.8:14420054-14429530	NC_003070.9	86.029	136	14	5	7671	7804	13786749	13786881	2.94e-31	141
NC_003074.8:14420054-14429530	NC_003070.9	85.507	138	17	3	7671	7807	15052726	15052591	2.94e-31	141
NC_003074.8:14420054-14429530	NC_003070.9	95.455	88	4	0	9390	9477	15452694	15452607	2.94e-31	141
NC_003074.8:14420054-14429530	NC_003070.9	95.455	88	4	0	9390	9477	15504762	15504849	2.94e-31	141
NC_003074.8:14420054-14429530	NC_003070.9	96.471	85	3	0	9393	9477	15790244	15790160	2.94e-31	141
NC_003074.8:14420054-14429530	NC_003070.9	96.429	84	3	0	9393	9476	14383540	14383457	1.06e-30	139
NC_003074.8:14420054-14429530	NC_003070.9	96.429	84	3	0	9393	9476	14429193	14429110	1.06e-30	139
NC_003074.8:14420054-14429530	NC_003070.9	73.394	436	91	19	3002	3419	15460040	15460468	1.06e-30	139
NC_003074.8:14420054-14429530	NC_003070.9	84.783	138	18	3	7671	7807	13864655	13864520	1.37e-29	135
NC_003074.8:14420054-14429530	NC_003070.9	85.185	135	17	3	7671	7804	14082652	14082784	1.37e-29	135
NC_003074.8:14420054-14429530	NC_003070.9	94.318	88	5	0	9390	9477	14501145	14501232	1.37e-29	135
NC_003074.8:14420054-14429530	NC_003070.9	85.606	132	16	3	7671	7801	15455552	15455681	1.37e-29	135
NC_003074.8:14420054-14429530	NC_003070.9	94.318	88	5	0	9390	9477	15493410	15493497	1.37e-29	135
NC_003074.8:14420054-14429530	NC_003070.9	94.318	88	5	0	9390	9477	15544656	15544569	1.37e-29	135
NC_003074.8:14420054-14429530	NC_003070.9	94.318	88	5	0	9390	9477	15704094	15704007	1.37e-29	135
NC_003074.8:14420054-14429530	NC_003070.9	84.783	138	18	3	7671	7807	15786366	15786231	1.37e-29	135
NC_003074.8:14420054-14429530	NC_003070.9	73.165	436	92	19	3002	3419	15466980	15467408	4.91e-29	134
NC_003074.8:14420054-14429530	NC_003070.9	93.182	88	6	0	9390	9477	13796631	13796544	6.36e-28	130
NC_003074.8:14420054-14429530	NC_003070.9	93.182	88	6	0	9390	9477	14060460	14060547	6.36e-28	130
NC_003074.8:14420054-14429530	NC_003070.9	93.182	88	6	0	9390	9477	14260935	14260848	6.36e-28	130
NC_003074.8:14420054-14429530	NC_003070.9	93.182	88	6	0	9390	9477	15536252	15536165	6.36e-28	130
NC_003074.8:14420054-14429530	NC_003070.9	84.733	131	19	1	3320	3449	15560024	15559894	6.36e-28	130
NC_003074.8:14420054-14429530	NC_003070.9	92.222	90	5	2	9306	9393	14316749	14316838	8.22e-27	126
NC_003074.8:14420054-14429530	NC_003070.9	92.045	88	7	0	9390	9477	14248202	14248289	2.96e-26	124
NC_003074.8:14420054-14429530	NC_003070.9	92.045	88	7	0	9390	9477	14341156	14341243	2.96e-26	124
NC_003074.8:14420054-14429530	NC_003070.9	92.045	88	7	0	9390	9477	14384477	14384564	2.96e-26	124
NC_003074.8:14420054-14429530	NC_003070.9	92.045	88	7	0	9390	9477	14498714	14498801	2.96e-26	124
NC_003074.8:14420054-14429530	NC_003070.9	92.045	88	7	0	9390	9477	15060260	15060173	2.96e-26	124
NC_003074.8:14420054-14429530	NC_003070.9	92.045	88	7	0	9390	9477	15616378	15616291	2.96e-26	124
NC_003074.8:14420054-14429530	NC_003070.9	72.769	437	92	19	3002	3419	15480860	15481288	1.06e-25	122
NC_003074.8:14420054-14429530	NC_003070.9	83.333	132	20	1	3320	3449	15554503	15554372	3.83e-25	121
NC_003074.8:14420054-14429530	NC_003070.9	91.011	89	6	2	9390	9477	14451336	14451423	1.38e-24	119
NC_003074.8:14420054-14429530	NC_003070.9	90.909	88	8	0	9390	9477	14925575	14925662	1.38e-24	119
NC_003074.8:14420054-14429530	NC_003070.9	92.593	81	6	0	9313	9393	14364217	14364137	4.95e-24	117
NC_003074.8:14420054-14429530	NC_003070.9	92.593	81	6	0	9313	9393	14409870	14409790	4.95e-24	117
NC_003074.8:14420054-14429530	NC_003070.9	72.540	437	93	19	3002	3419	15473919	15474347	4.95e-24	117
NC_003074.8:14420054-14429530	NC_003070.9	81.944	144	16	10	3291	3429	14344193	14344331	6.40e-23	113
NC_003074.8:14420054-14429530	NC_003070.9	81.944	144	16	10	3291	3429	14389846	14389984	6.40e-23	113
NC_003074.8:14420054-14429530	NC_003070.9	86.667	105	9	5	3328	3429	14220771	14220669	2.30e-22	111
NC_003074.8:14420054-14429530	NC_003070.9	86.667	105	9	5	3328	3429	14843468	14843366	2.30e-22	111
NC_003074.8:14420054-14429530	NC_003070.9	86.667	105	9	5	3328	3429	14847377	14847275	2.30e-22	111
NC_003074.8:14420054-14429530	NC_003070.9	86.667	105	9	5	3328	3429	14857859	14857757	2.30e-22	111
NC_003074.8:14420054-14429530	NC_003070.9	86.667	105	9	5	3328	3429	14864941	14865043	2.30e-22	111
NC_003074.8:14420054-14429530	NC_003070.9	86.667	105	9	5	3328	3429	14875423	14875525	2.30e-22	111
NC_003074.8:14420054-14429530	NC_003070.9	86.667	105	9	5	3328	3429	14879332	14879434	2.30e-22	111
NC_003074.8:14420054-14429530	NC_003070.9	86.239	109	7	6	3322	3429	16525080	16524979	2.30e-22	111
NC_003074.8:14420054-14429530	NC_003070.9	88.636	88	10	0	9390	9477	14380019	14379932	2.98e-21	108
NC_003074.8:14420054-14429530	NC_003070.9	88.636	88	10	0	9390	9477	14425672	14425585	2.98e-21	108
NC_003074.8:14420054-14429530	NC_003070.9	89.011	91	4	6	9390	9477	14482726	14482639	2.98e-21	108
NC_003074.8:14420054-14429530	NC_003070.9	76.549	226	36	10	7888	8113	15546006	15545798	2.98e-21	108
NC_003074.8:14420054-14429530	NC_003070.9	83.333	120	14	6	9268	9384	15550795	15550679	1.07e-20	106
NC_003074.8:14420054-14429530	NC_003070.9	85.321	109	8	6	3322	3429	16515957	16515856	1.07e-20	106
NC_003074.8:14420054-14429530	NC_003070.9	78.857	175	22	9	7893	8067	13711266	13711425	3.85e-20	104
NC_003074.8:14420054-14429530	NC_003070.9	87.500	88	11	0	9390	9477	15512217	15512130	1.39e-19	102
NC_003074.8:14420054-14429530	NC_003070.9	87.500	88	10	1	7995	8082	14179454	14179368	4.98e-19	100
NC_003074.8:14420054-14429530	NC_003070.9	84.615	104	13	2	3317	3418	14813428	14813530	4.98e-19	100
NC_003074.8:14420054-14429530	NC_003070.9	85.149	101	12	2	3320	3418	14900965	14900866	4.98e-19	100
NC_003074.8:14420054-14429530	NC_003070.9	86.364	88	12	0	9390	9477	14121666	14121579	6.45e-18	97.1
NC_003074.8:14420054-14429530	NC_003070.9	77.083	192	29	9	7888	8079	14246749	14246925	6.45e-18	97.1
NC_003074.8:14420054-14429530	NC_003070.9	83.810	105	12	5	3328	3429	14269146	14269044	2.32e-17	95.3
NC_003074.8:14420054-14429530	NC_003070.9	87.059	85	10	1	7995	8079	15492144	15492227	2.32e-17	95.3
NC_003074.8:14420054-14429530	NC_003070.9	87.059	85	10	1	7995	8079	15503506	15503589	2.32e-17	95.3
NC_003074.8:14420054-14429530	NC_003070.9	87.500	80	10	0	8000	8079	14497754	14497833	8.34e-17	93.5
NC_003074.8:14420054-14429530	NC_003070.9	82.692	104	15	3	3317	3418	14090143	14090245	1.08e-15	89.8
NC_003074.8:14420054-14429530	NC_003070.9	83.000	100	16	1	3320	3418	15045176	15045077	1.08e-15	89.8
NC_003074.8:14420054-14429530	NC_003070.9	100.000	47	0	0	9431	9477	14316749	14316795	3.88e-15	87.9
NC_003074.8:14420054-14429530	NC_003070.9	96.078	51	2	0	7777	7827	14499308	14499358	5.02e-14	84.2
NC_003074.8:14420054-14429530	NC_003070.9	83.908	87	10	4	9393	9477	15550795	15550711	6.49e-13	80.5
NC_003074.8:14420054-14429530	NC_003070.9	97.500	40	1	0	9438	9477	14364217	14364178	1.41e-09	69.4
NC_003074.8:14420054-14429530	NC_003070.9	97.500	40	1	0	9438	9477	14409870	14409831	1.41e-09	69.4
NC_003074.8:14420054-14429530	NC_003076.8	90.158	4359	296	54	5087	9393	13321525	13317248	0.0	5550
NC_003074.8:14420054-14429530	NC_003076.8	90.014	4356	282	53	5087	9393	12646568	12650819	0.0	5493
NC_003074.8:14420054-14429530	NC_003076.8	89.574	4364	351	39	5087	9393	12014284	12018600	0.0	5443
NC_003074.8:14420054-14429530	NC_003076.8	89.773	4136	301	30	5087	9143	11801210	11797118	0.0	5182
NC_003074.8:14420054-14429530	NC_003076.8	89.993	4047	293	58	5375	9393	11907659	11903697	0.0	5127
NC_003074.8:14420054-14429530	NC_003076.8	88.908	4057	327	58	5377	9393	12033267	12029294	0.0	4885
NC_003074.8:14420054-14429530	NC_003076.8	90.239	3678	275	42	5778	9393	12432739	12436394	0.0	4726
NC_003074.8:14420054-14429530	NC_003076.8	89.764	3683	273	47	5778	9393	12472568	12468923	0.0	4617
NC_003074.8:14420054-14429530	NC_003076.8	88.542	3622	304	56	5797	9393	12214128	12210593	0.0	4287
NC_003074.8:14420054-14429530	NC_003076.8	89.981	3234	227	34	6191	9393	11779622	11782789	0.0	4087
NC_003074.8:14420054-14429530	NC_003076.8	90.062	3049	220	31	5087	8099	12132845	12129844	0.0	3875
NC_003074.8:14420054-14429530	NC_003076.8	89.632	3067	216	35	5087	8112	12103591	12100586	0.0	3808
NC_003074.8:14420054-14429530	NC_003076.8	91.244	2524	167	18	5778	8294	11083548	11086024	0.0	3387
NC_003074.8:14420054-14429530	NC_003076.8	90.463	2569	195	25	5375	7938	11425960	11428483	0.0	3341
NC_003074.8:14420054-14429530	NC_003076.8	92.660	2248	157	5	5583	7827	11403647	11405889	0.0	3230
NC_003074.8:14420054-14429530	NC_003076.8	88.666	2691	236	39	5375	8050	12128663	12126027	0.0	3216
NC_003074.8:14420054-14429530	NC_003076.8	89.157	2278	177	29	5378	7637	12340902	12338677	0.0	2774
NC_003074.8:14420054-14429530	NC_003076.8	83.440	2663	349	58	5199	7807	11324747	11322123	0.0	2390
NC_003074.8:14420054-14429530	NC_003076.8	83.358	2662	352	57	5199	7807	11814481	11811858	0.0	2377
NC_003074.8:14420054-14429530	NC_003076.8	83.296	2664	350	59	5199	7807	11690238	11687615	0.0	2366
NC_003074.8:14420054-14429530	NC_003076.8	83.239	2661	354	57	5199	7804	11942310	11944933	0.0	2359
NC_003074.8:14420054-14429530	NC_003076.8	83.438	2536	331	56	5324	7807	12143381	12140883	0.0	2274
NC_003074.8:14420054-14429530	NC_003076.8	89.474	1805	126	19	7615	9393	11078223	11079989	0.0	2222
NC_003074.8:14420054-14429530	NC_003076.8	89.101	1780	139	23	7618	9393	11915221	11913493	0.0	2161
NC_003074.8:14420054-14429530	NC_003076.8	85.790	2069	242	39	5762	7804	11924490	11926532	0.0	2145
NC_003074.8:14420054-14429530	NC_003076.8	88.710	1798	141	20	7617	9393	12639601	12641357	0.0	2139
NC_003074.8:14420054-14429530	NC_003076.8	85.474	2079	237	39	5759	7807	11715579	11713536	0.0	2106
NC_003074.8:14420054-14429530	NC_003076.8	88.344	1793	139	24	7618	9393	13328540	13326801	0.0	2089
NC_003074.8:14420054-14429530	NC_003076.8	85.328	2072	244	41	5759	7804	12408195	12410232	0.0	2087
NC_003074.8:14420054-14429530	NC_003076.8	88.124	1802	151	19	7614	9393	11421079	11422839	0.0	2084
NC_003074.8:14420054-14429530	NC_003076.8	85.159	2082	244	43	5759	7807	13264631	13262582	0.0	2073
NC_003074.8:14420054-14429530	NC_003076.8	88.022	1795	158	30	7617	9393	11460337	11462092	0.0	2071
NC_003074.8:14420054-14429530	NC_003076.8	85.975	1975	229	38	5859	7807	10592911	10594863	0.0	2069
NC_003074.8:14420054-14429530	NC_003076.8	87.074	1849	194	28	5983	7807	12294127	12295954	0.0	2049
NC_003074.8:14420054-14429530	NC_003076.8	87.309	1828	165	37	7618	9393	12427466	12429278	0.0	2028
NC_003074.8:14420054-14429530	NC_003076.8	87.619	1793	155	25	7618	9393	12043305	12041563	0.0	2019
NC_003074.8:14420054-14429530	NC_003076.8	84.597	2097	247	43	5759	7804	11987638	11989709	0.0	2013
NC_003074.8:14420054-14429530	NC_003076.8	86.685	1855	191	36	5974	7804	12415224	12417046	0.0	2006
NC_003074.8:14420054-14429530	NC_003076.8	87.423	1797	159	24	7614	9393	11771879	11773625	0.0	2004
NC_003074.8:14420054-14429530	NC_003076.8	87.368	1797	147	33	7618	9385	11213191	11214936	0.0	1988
NC_003074.8:14420054-14429530	NC_003076.8	86.516	1854	195	36	5974	7804	12411817	12413638	0.0	1988
NC_003074.8:14420054-14429530	NC_003076.8	87.188	1764	198	21	5339	7094	13402214	13403957	0.0	1980
NC_003074.8:14420054-14429530	NC_003076.8	90.397	1510	112	13	949	2425	12009316	12010825	0.0	1954
NC_003074.8:14420054-14429530	NC_003076.8	86.947	1762	172	36	6479	8201	12520151	12518409	0.0	1927
NC_003074.8:14420054-14429530	NC_003076.8	86.404	1802	178	27	7615	9393	12007207	12008964	0.0	1908
NC_003074.8:14420054-14429530	NC_003076.8	91.282	1388	92	12	8020	9393	11396557	11397929	0.0	1866
NC_003074.8:14420054-14429530	NC_003076.8	90.196	1377	92	21	8024	9385	11405969	11407317	0.0	1755
NC_003074.8:14420054-14429530	NC_003076.8	90.772	1322	89	20	8089	9393	11437945	11439250	0.0	1735
NC_003074.8:14420054-14429530	NC_003076.8	88.982	1434	115	17	7987	9393	11807844	11806427	0.0	1733
NC_003074.8:14420054-14429530	NC_003076.8	87.053	1537	165	26	6293	7807	11584194	11585718	0.0	1705
NC_003074.8:14420054-14429530	NC_003076.8	88.873	1393	124	15	8015	9393	12126025	12124650	0.0	1685
NC_003074.8:14420054-14429530	NC_003076.8	88.153	1435	113	24	7987	9393	12112336	12110931	0.0	1655
NC_003074.8:14420054-14429530	NC_003076.8	89.103	1349	107	19	7987	9310	12350124	12348791	0.0	1640
NC_003074.8:14420054-14429530	NC_003076.8	86.830	1473	140	32	7618	9042	13135637	13134171	0.0	1596
NC_003074.8:14420054-14429530	NC_003076.8	84.015	1614	205	32	5791	7382	11573361	11574943	0.0	1502
NC_003074.8:14420054-14429530	NC_003076.8	82.232	1801	262	38	5199	6962	11837939	11839718	0.0	1500
NC_003074.8:14420054-14429530	NC_003076.8	82.232	1801	262	38	5199	6962	11847562	11849341	0.0	1500
NC_003074.8:14420054-14429530	NC_003076.8	89.100	1211	99	10	949	2126	12475761	12474551	0.0	1474
NC_003074.8:14420054-14429530	NC_003076.8	89.796	1127	80	10	8289	9393	11099206	11100319	0.0	1411
NC_003074.8:14420054-14429530	NC_003076.8	88.552	1188	99	14	8060	9225	12071003	12069831	0.0	1406
NC_003074.8:14420054-14429530	NC_003076.8	87.706	1212	114	19	949	2126	11080343	11081553	0.0	1380
NC_003074.8:14420054-14429530	NC_003076.8	90.200	1051	93	8	7987	9031	12139117	12138071	0.0	1362
NC_003074.8:14420054-14429530	NC_003076.8	86.341	1230	120	26	8181	9393	13398224	13399422	0.0	1297
NC_003074.8:14420054-14429530	NC_003076.8	85.121	1203	143	6	948	2117	12529190	12527991	0.0	1197
NC_003074.8:14420054-14429530	NC_003076.8	94.355	744	42	0	949	1692	12348751	12348008	0.0	1142
NC_003074.8:14420054-14429530	NC_003076.8	89.066	942	71	7	7617	8555	11422953	11423865	0.0	1140
NC_003074.8:14420054-14429530	NC_003076.8	91.697	819	65	3	2945	3762	12643902	12644718	0.0	1133
NC_003074.8:14420054-14429530	NC_003076.8	89.909	882	84	5	7987	8866	12129849	12128971	0.0	1131
NC_003074.8:14420054-14429530	NC_003076.8	94.086	744	43	1	949	1692	12429632	12430374	0.0	1129
NC_003074.8:14420054-14429530	NC_003076.8	93.817	744	46	0	949	1692	11806073	11805330	0.0	1120
NC_003074.8:14420054-14429530	NC_003076.8	94.142	734	41	2	960	1692	11398286	11399018	0.0	1116
NC_003074.8:14420054-14429530	NC_003076.8	82.948	1296	158	36	8000	9281	11976255	11977501	0.0	1110
NC_003074.8:14420054-14429530	NC_003076.8	85.330	1077	142	13	5375	6446	12521211	12520146	0.0	1099
NC_003074.8:14420054-14429530	NC_003076.8	85.782	1062	119	17	8347	9393	12530583	12529539	0.0	1096
NC_003074.8:14420054-14429530	NC_003076.8	93.234	739	50	0	954	1692	11215303	11216041	0.0	1088
NC_003074.8:14420054-14429530	NC_003076.8	90.965	819	54	6	3063	3861	11400534	11401352	0.0	1085
NC_003074.8:14420054-14429530	NC_003076.8	90.798	815	67	8	2943	3753	11803913	11803103	0.0	1083
NC_003074.8:14420054-14429530	NC_003076.8	92.876	744	53	0	949	1692	13326449	13325706	0.0	1081
NC_003074.8:14420054-14429530	NC_003076.8	88.965	879	86	11	2943	3816	12011453	12012325	0.0	1075
NC_003074.8:14420054-14429530	NC_003076.8	92.742	744	54	0	949	1692	12041211	12040468	0.0	1075
NC_003074.8:14420054-14429530	NC_003076.8	84.283	1158	122	40	8244	9393	12518406	12517301	0.0	1075
NC_003074.8:14420054-14429530	NC_003076.8	87.354	941	91	19	2943	3863	12106404	12105472	0.0	1053
NC_003074.8:14420054-14429530	NC_003076.8	92.152	739	58	0	954	1692	11773982	11774720	0.0	1044
NC_003074.8:14420054-14429530	NC_003076.8	91.823	746	57	4	4347	5090	12104704	12103961	0.0	1037
NC_003074.8:14420054-14429530	NC_003076.8	91.007	745	65	2	4347	5090	12133958	12133215	0.0	1003
NC_003074.8:14420054-14429530	NC_003076.8	92.308	702	54	0	949	1650	12641711	12642412	0.0	998
NC_003074.8:14420054-14429530	NC_003076.8	91.084	729	63	2	4364	5090	11802308	11801580	0.0	985
NC_003074.8:14420054-14429530	NC_003076.8	87.025	894	90	16	7987	8879	12100605	12099737	0.0	985
NC_003074.8:14420054-14429530	NC_003076.8	90.420	762	47	9	1690	2425	12136971	12136210	0.0	979
NC_003074.8:14420054-14429530	NC_003076.8	94.855	622	32	0	949	1570	11913203	11912582	0.0	972
NC_003074.8:14420054-14429530	NC_003076.8	89.961	767	49	7	1690	2429	11805302	11804537	0.0	965
NC_003074.8:14420054-14429530	NC_003076.8	89.895	762	51	9	1690	2425	12107793	12107032	0.0	957
NC_003074.8:14420054-14429530	NC_003076.8	85.328	961	102	16	6862	7807	13010463	13011399	0.0	957
NC_003074.8:14420054-14429530	NC_003076.8	89.895	762	50	8	1690	2425	12642512	12643272	0.0	955
NC_003074.8:14420054-14429530	NC_003076.8	88.696	805	60	16	8606	9393	11423856	11424646	0.0	953
NC_003074.8:14420054-14429530	NC_003076.8	89.646	763	52	10	1690	2425	11774748	11775510	0.0	946
NC_003074.8:14420054-14429530	NC_003076.8	89.633	762	53	9	1690	2425	12430402	12431163	0.0	946
NC_003074.8:14420054-14429530	NC_003076.8	90.220	726	66	5	4369	5090	12645474	12646198	0.0	942
NC_003074.8:14420054-14429530	NC_003076.8	89.515	763	52	11	1690	2425	11216069	11216830	0.0	941
NC_003074.8:14420054-14429530	NC_003076.8	89.651	744	61	5	4347	5090	12013187	12013914	0.0	933
NC_003074.8:14420054-14429530	NC_003076.8	87.793	811	73	9	8596	9393	13404820	13405617	0.0	926
NC_003074.8:14420054-14429530	NC_003076.8	89.875	721	63	6	4373	5090	11402130	11402843	0.0	918
NC_003074.8:14420054-14429530	NC_003076.8	86.353	850	90	14	6967	7804	11849371	11850206	0.0	904
NC_003074.8:14420054-14429530	NC_003076.8	88.568	761	62	6	1690	2425	11399046	11399806	0.0	900
NC_003074.8:14420054-14429530	NC_003076.8	86.235	850	91	14	6967	7804	11839748	11840583	0.0	898
NC_003074.8:14420054-14429530	NC_003076.8	90.043	693	63	2	2959	3645	13324289	13323597	0.0	893
NC_003074.8:14420054-14429530	NC_003076.8	83.707	982	121	24	8433	9393	11572378	11573341	0.0	891
NC_003074.8:14420054-14429530	NC_003076.8	84.530	905	123	15	6355	7246	11470187	11471087	0.0	880
NC_003074.8:14420054-14429530	NC_003076.8	88.189	762	48	13	1690	2425	13325678	13324933	0.0	870
NC_003074.8:14420054-14429530	NC_003076.8	79.012	1296	195	60	6154	7393	11767257	11765983	0.0	815
NC_003074.8:14420054-14429530	NC_003076.8	84.863	839	85	19	7264	8098	13403954	13404754	0.0	808
NC_003074.8:14420054-14429530	NC_003076.8	94.942	514	21	3	7254	7766	11194850	11195359	0.0	800
NC_003074.8:14420054-14429530	NC_003076.8	87.954	689	68	9	6162	6844	13009799	13010478	0.0	798
NC_003074.8:14420054-14429530	NC_003076.8	92.279	531	41	0	949	1479	12137706	12137176	0.0	754
NC_003074.8:14420054-14429530	NC_003076.8	89.637	579	54	6	2943	3518	11776138	11776713	0.0	732
NC_003074.8:14420054-14429530	NC_003076.8	93.265	490	33	0	2422	2911	12643417	12643906	0.0	723
NC_003074.8:14420054-14429530	NC_003076.8	93.075	491	34	0	2421	2911	11775654	11776144	0.0	719
NC_003074.8:14420054-14429530	NC_003076.8	90.741	540	48	2	7284	7823	12022852	12023389	0.0	719
NC_003074.8:14420054-14429530	NC_003076.8	92.323	508	36	3	4349	4853	13322608	13322101	0.0	719
NC_003074.8:14420054-14429530	NC_003076.8	85.920	696	70	20	3189	3863	12135414	12134726	0.0	717
NC_003074.8:14420054-14429530	NC_003076.8	92.727	495	32	4	2421	2911	11216971	11217465	0.0	712
NC_003074.8:14420054-14429530	NC_003076.8	92.872	491	33	2	2422	2911	12136065	12135576	0.0	712
NC_003074.8:14420054-14429530	NC_003076.8	92.975	484	34	0	2422	2905	11399951	11400434	0.0	706
NC_003074.8:14420054-14429530	NC_003076.8	92.464	491	37	0	2421	2911	12010969	12011459	0.0	702
NC_003074.8:14420054-14429530	NC_003076.8	91.968	498	40	0	2422	2919	13324788	13324291	0.0	699
NC_003074.8:14420054-14429530	NC_003076.8	92.041	490	39	0	2422	2911	11804396	11803907	0.0	689
NC_003074.8:14420054-14429530	NC_003076.8	91.886	493	40	0	2422	2914	12106887	12106395	0.0	689
NC_003074.8:14420054-14429530	NC_003076.8	88.592	561	63	1	1132	1692	11977765	11978324	0.0	680
NC_003074.8:14420054-14429530	NC_003076.8	78.571	1078	182	30	5199	6245	11583139	11584198	0.0	665
NC_003074.8:14420054-14429530	NC_003076.8	83.838	693	93	16	8714	9393	12024186	12024872	0.0	641
NC_003074.8:14420054-14429530	NC_003076.8	89.895	475	38	10	2943	3415	11217459	11217925	3.12e-170	603
NC_003074.8:14420054-14429530	NC_003076.8	77.678	999	183	23	5199	6170	13003485	13004470	2.44e-161	573
NC_003074.8:14420054-14429530	NC_003076.8	83.333	636	70	20	8045	8667	12023580	12024192	8.85e-156	555
NC_003074.8:14420054-14429530	NC_003076.8	89.245	437	33	7	5087	5509	11403213	11403649	1.15e-149	534
NC_003074.8:14420054-14429530	NC_003076.8	92.582	364	27	0	1329	1692	12108184	12107821	2.50e-146	523
NC_003074.8:14420054-14429530	NC_003076.8	81.933	631	85	21	5377	6003	11778914	11779519	2.51e-141	507
NC_003074.8:14420054-14429530	NC_003076.8	83.217	572	77	18	7169	7728	12158191	12158755	2.51e-141	507
NC_003074.8:14420054-14429530	NC_003076.8	84.274	496	71	6	3009	3499	11692948	11692455	1.97e-132	477
NC_003074.8:14420054-14429530	NC_003076.8	79.808	728	85	24	7618	8316	12531276	12530582	2.55e-131	473
NC_003074.8:14420054-14429530	NC_003076.8	84.073	496	71	7	3009	3499	11817190	11816698	9.17e-131	472
NC_003074.8:14420054-14429530	NC_003076.8	83.871	496	73	6	3009	3499	11327457	11326964	4.27e-129	466
NC_003074.8:14420054-14429530	NC_003076.8	83.768	499	74	6	3006	3499	11939597	11940093	4.27e-129	466
NC_003074.8:14420054-14429530	NC_003076.8	83.532	504	74	7	3002	3499	12146388	12145888	5.52e-128	462
NC_003074.8:14420054-14429530	NC_003076.8	82.937	504	78	7	3002	3499	11835161	11835662	1.55e-123	448
NC_003074.8:14420054-14429530	NC_003076.8	82.669	502	82	4	3002	3499	13000877	13001377	2.59e-121	440
NC_003074.8:14420054-14429530	NC_003076.8	82.540	504	79	7	3002	3499	11844785	11845285	1.20e-119	435
NC_003074.8:14420054-14429530	NC_003076.8	80.031	641	83	29	6146	6771	11367758	11367148	4.33e-119	433
NC_003074.8:14420054-14429530	NC_003076.8	76.201	916	152	57	8509	9393	11841308	11842188	2.60e-116	424
NC_003074.8:14420054-14429530	NC_003076.8	76.092	916	153	57	8509	9393	11831683	11832563	1.21e-114	418
NC_003074.8:14420054-14429530	NC_003076.8	83.900	441	65	1	1690	2124	12347980	12347540	4.36e-114	416
NC_003074.8:14420054-14429530	NC_003076.8	76.066	915	151	59	8509	9391	11850931	11851809	1.57e-113	414
NC_003074.8:14420054-14429530	NC_003076.8	75.983	916	154	57	8509	9393	11712814	11711934	5.64e-113	412
NC_003074.8:14420054-14429530	NC_003076.8	79.624	638	79	29	8045	8677	11666733	11666142	2.03e-112	411
NC_003074.8:14420054-14429530	NC_003076.8	75.873	916	155	56	8509	9393	11722582	11721702	2.62e-111	407
NC_003074.8:14420054-14429530	NC_003076.8	75.908	909	151	59	8509	9385	11990433	11991305	3.39e-110	403
NC_003074.8:14420054-14429530	NC_003076.8	83.482	448	55	12	7272	7706	11471081	11471522	4.39e-109	399
NC_003074.8:14420054-14429530	NC_003076.8	82.093	497	59	13	7618	8112	12112785	12112317	1.58e-108	398
NC_003074.8:14420054-14429530	NC_003076.8	75.655	916	157	57	8509	9393	13271634	13270754	5.68e-108	396
NC_003074.8:14420054-14429530	NC_003076.8	75.546	916	158	57	8509	9393	13261905	13261025	2.64e-106	390
NC_003074.8:14420054-14429530	NC_003076.8	82.805	442	68	3	1690	2124	12238091	12237651	9.50e-106	388
NC_003074.8:14420054-14429530	NC_003076.8	81.818	495	61	12	7620	8112	12350572	12350105	9.50e-106	388
NC_003074.8:14420054-14429530	NC_003076.8	83.529	425	55	3	1690	2099	12040440	12040016	4.42e-104	383
NC_003074.8:14420054-14429530	NC_003076.8	80.885	497	65	15	7618	8112	11808293	11807825	1.60e-98	364
NC_003074.8:14420054-14429530	NC_003076.8	94.805	231	12	0	949	1179	12110577	12110347	2.07e-97	361
NC_003074.8:14420054-14429530	NC_003076.8	86.012	336	41	6	5375	5707	12225512	12225180	9.64e-96	355
NC_003074.8:14420054-14429530	NC_003076.8	93.450	229	14	1	9166	9393	13134177	13133949	9.70e-91	339
NC_003074.8:14420054-14429530	NC_003076.8	85.251	339	19	13	9055	9393	12476422	12476115	3.51e-85	320
NC_003074.8:14420054-14429530	NC_003076.8	74.264	917	165	61	8509	9393	13012031	13012908	3.51e-85	320
NC_003074.8:14420054-14429530	NC_003076.8	93.810	210	13	0	7618	7827	12151116	12150907	4.55e-84	316
NC_003074.8:14420054-14429530	NC_003076.8	74.317	915	157	55	8509	9393	12611661	12610795	4.55e-84	316
NC_003074.8:14420054-14429530	NC_003076.8	93.365	211	14	0	7617	7827	12476723	12476513	5.88e-83	313
NC_003074.8:14420054-14429530	NC_003076.8	74.236	916	156	58	8509	9393	12410946	12411812	2.12e-82	311
NC_003074.8:14420054-14429530	NC_003076.8	91.905	210	16	1	4882	5090	13322104	13321895	7.66e-77	292
NC_003074.8:14420054-14429530	NC_003076.8	95.109	184	9	0	1509	1692	12137182	12136999	2.76e-76	291
NC_003074.8:14420054-14429530	NC_003076.8	73.610	917	161	58	8509	9393	12414352	12415219	2.15e-72	278
NC_003074.8:14420054-14429530	NC_003076.8	76.796	543	94	25	7169	7696	11743648	11743123	7.72e-72	276
NC_003074.8:14420054-14429530	NC_003076.8	93.956	182	9	2	9205	9385	11195349	11195529	2.78e-71	274
NC_003074.8:14420054-14429530	NC_003076.8	77.148	512	90	20	7169	7667	12168327	12168824	9.98e-71	272
NC_003074.8:14420054-14429530	NC_003076.8	94.798	173	9	0	2943	3115	12135582	12135410	3.59e-70	270
NC_003074.8:14420054-14429530	NC_003076.8	76.876	493	89	11	5836	6323	11469721	11470193	1.01e-65	255
NC_003074.8:14420054-14429530	NC_003076.8	81.197	351	33	24	9053	9393	12149279	12148952	1.30e-64	252
NC_003074.8:14420054-14429530	NC_003076.8	84.615	260	24	14	9141	9393	12048804	12048554	2.18e-62	244
NC_003074.8:14420054-14429530	NC_003076.8	87.330	221	18	9	9177	9393	12417615	12417829	2.18e-62	244
NC_003074.8:14420054-14429530	NC_003076.8	90.270	185	14	4	9212	9393	11797093	11796910	1.01e-60	239
NC_003074.8:14420054-14429530	NC_003076.8	87.805	205	21	4	3317	3519	11368295	11368093	3.64e-60	237
NC_003074.8:14420054-14429530	NC_003076.8	88.660	194	20	2	3326	3518	12035684	12035492	1.31e-59	235
NC_003074.8:14420054-14429530	NC_003076.8	88.060	201	19	1	4156	4356	13322919	13322724	4.71e-59	233
NC_003074.8:14420054-14429530	NC_003076.8	87.817	197	23	1	5771	5967	11228563	11228758	6.09e-58	230
NC_003074.8:14420054-14429530	NC_003076.8	76.683	416	89	8	2461	2872	12155636	12156047	2.83e-56	224
NC_003074.8:14420054-14429530	NC_003076.8	87.113	194	24	1	3326	3518	11909701	11909508	1.32e-54	219
NC_003074.8:14420054-14429530	NC_003076.8	79.379	354	39	28	9050	9393	12297261	12297590	1.32e-54	219
NC_003074.8:14420054-14429530	NC_003076.8	82.625	259	31	12	9141	9393	12397684	12397934	4.74e-54	217
NC_003074.8:14420054-14429530	NC_003076.8	81.853	259	31	14	9142	9393	12747714	12747963	3.69e-50	204
NC_003074.8:14420054-14429530	NC_003076.8	78.594	313	61	6	2122	2432	11843783	11844091	1.33e-49	202
NC_003074.8:14420054-14429530	NC_003076.8	84.332	217	21	12	9183	9393	11577718	11577927	4.78e-49	200
NC_003074.8:14420054-14429530	NC_003076.8	80.812	271	36	15	9130	9393	12998031	12998292	1.72e-48	198
NC_003074.8:14420054-14429530	NC_003076.8	81.154	260	35	13	9141	9393	11490144	11490396	6.18e-48	196
NC_003074.8:14420054-14429530	NC_003076.8	78.275	313	62	6	2122	2432	11834159	11834467	6.18e-48	196
NC_003074.8:14420054-14429530	NC_003076.8	76.776	366	74	9	2466	2826	11356524	11356883	2.22e-47	195
NC_003074.8:14420054-14429530	NC_003076.8	80.769	260	33	15	9142	9393	11587033	11587283	3.72e-45	187
NC_003074.8:14420054-14429530	NC_003076.8	77.557	352	48	26	9053	9393	11808805	11808474	4.81e-44	183
NC_003074.8:14420054-14429530	NC_003076.8	75.319	470	67	38	8940	9393	10589078	10589514	6.22e-43	180
NC_003074.8:14420054-14429530	NC_003076.8	79.923	259	38	12	9142	9393	11524778	11525029	2.24e-42	178
NC_003074.8:14420054-14429530	NC_003076.8	77.301	326	58	12	3135	3449	11749579	11749259	2.24e-42	178
NC_003074.8:14420054-14429530	NC_003076.8	77.636	313	52	12	2122	2432	12147378	12147082	2.90e-41	174
NC_003074.8:14420054-14429530	NC_003076.8	88.722	133	13	2	3317	3449	12363895	12364025	2.25e-37	161
NC_003074.8:14420054-14429530	NC_003076.8	78.136	279	37	18	9054	9326	12064099	12064359	1.05e-35	156
NC_003074.8:14420054-14429530	NC_003076.8	93.269	104	7	0	4062	4165	13323253	13323150	3.77e-35	154
NC_003074.8:14420054-14429530	NC_003076.8	94.059	101	5	1	6060	6159	11779524	11779624	1.36e-34	152
NC_003074.8:14420054-14429530	NC_003076.8	96.629	89	3	0	9389	9477	11461962	11462050	1.76e-33	148
NC_003074.8:14420054-14429530	NC_003076.8	96.591	88	3	0	9390	9477	11100189	11100276	6.31e-33	147
NC_003074.8:14420054-14429530	NC_003076.8	86.232	138	16	3	7671	7807	11331797	11331662	6.31e-33	147
NC_003074.8:14420054-14429530	NC_003076.8	86.232	138	16	3	7671	7807	11697287	11697152	6.31e-33	147
NC_003074.8:14420054-14429530	NC_003076.8	86.232	138	16	3	7671	7807	11821528	11821393	6.31e-33	147
NC_003074.8:14420054-14429530	NC_003076.8	86.667	135	15	3	7671	7804	11830826	11830958	6.31e-33	147
NC_003074.8:14420054-14429530	NC_003076.8	86.667	135	15	3	7671	7804	11935260	11935392	6.31e-33	147
NC_003074.8:14420054-14429530	NC_003076.8	96.591	88	3	0	9390	9477	12429150	12429237	6.31e-33	147
NC_003074.8:14420054-14429530	NC_003076.8	96.591	88	3	0	9390	9477	12650690	12650777	6.31e-33	147
NC_003074.8:14420054-14429530	NC_003076.8	86.232	138	16	3	7671	7807	13066432	13066567	6.31e-33	147
NC_003074.8:14420054-14429530	NC_003076.8	96.591	88	3	0	9390	9477	13134078	13133991	6.31e-33	147
NC_003074.8:14420054-14429530	NC_003076.8	86.232	138	16	3	7671	7807	13272446	13272311	6.31e-33	147
NC_003074.8:14420054-14429530	NC_003076.8	95.455	88	4	0	9390	9477	11079859	11079946	2.94e-31	141
NC_003074.8:14420054-14429530	NC_003076.8	96.471	85	3	0	9393	9477	11195412	11195496	2.94e-31	141
NC_003074.8:14420054-14429530	NC_003076.8	95.455	88	4	0	9390	9477	11397802	11397889	2.94e-31	141
NC_003074.8:14420054-14429530	NC_003076.8	95.455	88	4	0	9390	9477	11422711	11422798	2.94e-31	141
NC_003074.8:14420054-14429530	NC_003076.8	85.507	138	17	3	7671	7807	12050433	12050298	2.94e-31	141
NC_003074.8:14420054-14429530	NC_003076.8	85.612	139	15	5	7671	7807	12150769	12150634	2.94e-31	141
NC_003074.8:14420054-14429530	NC_003076.8	95.455	88	4	0	9390	9477	12436266	12436353	2.94e-31	141
NC_003074.8:14420054-14429530	NC_003076.8	95.455	88	4	0	9390	9477	12469051	12468964	2.94e-31	141
NC_003074.8:14420054-14429530	NC_003076.8	95.455	88	4	0	9390	9477	12476243	12476156	2.94e-31	141
NC_003074.8:14420054-14429530	NC_003076.8	96.429	84	3	0	9393	9476	11773500	11773583	1.06e-30	139
NC_003074.8:14420054-14429530	NC_003076.8	96.429	84	3	0	9393	9476	11782664	11782747	1.06e-30	139
NC_003074.8:14420054-14429530	NC_003076.8	86.029	136	12	6	9262	9393	12139426	12139294	1.06e-30	139
NC_003074.8:14420054-14429530	NC_003076.8	95.294	85	4	0	9393	9477	11214818	11214902	1.37e-29	135
NC_003074.8:14420054-14429530	NC_003076.8	95.238	84	4	0	9393	9476	12008839	12008922	4.91e-29	134
NC_003074.8:14420054-14429530	NC_003076.8	95.238	84	4	0	9393	9476	12018475	12018558	4.91e-29	134
NC_003074.8:14420054-14429530	NC_003076.8	95.238	84	4	0	9393	9476	12029419	12029336	4.91e-29	134
NC_003074.8:14420054-14429530	NC_003076.8	95.238	84	4	0	9393	9476	12041688	12041605	4.91e-29	134
NC_003074.8:14420054-14429530	NC_003076.8	94.318	88	4	1	9390	9477	13317375	13317289	4.91e-29	134
NC_003074.8:14420054-14429530	NC_003076.8	93.182	88	6	0	9390	9477	11424516	11424603	6.36e-28	130
NC_003074.8:14420054-14429530	NC_003076.8	93.182	88	6	0	9390	9477	11806557	11806470	6.36e-28	130
NC_003074.8:14420054-14429530	NC_003076.8	93.182	88	6	0	9390	9477	12124778	12124691	6.36e-28	130
NC_003074.8:14420054-14429530	NC_003076.8	93.182	88	6	0	9390	9477	12641228	12641315	6.36e-28	130
NC_003074.8:14420054-14429530	NC_003076.8	93.103	87	6	0	9390	9476	12111060	12110974	2.29e-27	128
NC_003074.8:14420054-14429530	NC_003076.8	93.182	88	5	1	9390	9477	13326928	13326842	2.29e-27	128
NC_003074.8:14420054-14429530	NC_003076.8	92.045	88	7	0	9390	9477	11797040	11796953	2.96e-26	124
NC_003074.8:14420054-14429530	NC_003076.8	84.496	129	16	3	9268	9393	12326558	12326685	2.96e-26	124
NC_003074.8:14420054-14429530	NC_003076.8	85.124	121	15	3	3317	3435	10592512	10592631	3.83e-25	121
NC_003074.8:14420054-14429530	NC_003076.8	87.619	105	8	4	3328	3429	12284769	12284667	4.95e-24	117
NC_003074.8:14420054-14429530	NC_003076.8	90.588	85	8	0	9393	9477	11903824	11903740	6.40e-23	113
NC_003074.8:14420054-14429530	NC_003076.8	83.465	127	16	5	9268	9391	12352356	12352480	6.40e-23	113
NC_003074.8:14420054-14429530	NC_003076.8	89.773	88	9	0	9390	9477	12529667	12529580	6.40e-23	113
NC_003074.8:14420054-14429530	NC_003076.8	87.129	101	9	4	3328	3425	12714147	12714246	2.30e-22	111
NC_003074.8:14420054-14429530	NC_003076.8	82.677	127	17	5	9268	9391	12929314	12929190	2.98e-21	108
NC_003074.8:14420054-14429530	NC_003076.8	85.185	108	8	6	3323	3429	11770299	11770199	3.85e-20	104
NC_003074.8:14420054-14429530	NC_003076.8	87.640	89	9	2	9390	9477	12517429	12517342	1.39e-19	102
NC_003074.8:14420054-14429530	NC_003076.8	84.906	106	10	5	3328	3429	13026692	13026795	1.39e-19	102
NC_003074.8:14420054-14429530	NC_003076.8	87.500	88	11	0	9390	9477	13399294	13399381	1.39e-19	102
NC_003074.8:14420054-14429530	NC_003076.8	82.203	118	18	3	3320	3435	12407897	12408013	1.79e-18	99.0
NC_003074.8:14420054-14429530	NC_003076.8	86.364	88	12	0	9390	9477	13405489	13405576	6.45e-18	97.1
NC_003074.8:14420054-14429530	NC_003076.8	93.651	63	4	0	3320	3382	11182697	11182635	2.32e-17	95.3
NC_003074.8:14420054-14429530	NC_003076.8	72.123	391	81	20	3002	3374	11571975	11572355	8.34e-17	93.5
NC_003074.8:14420054-14429530	NC_003076.8	96.364	55	2	0	1174	1228	12108235	12108181	3.00e-16	91.6
NC_003074.8:14420054-14429530	NC_003076.8	92.063	63	5	0	3320	3382	11178368	11178306	1.08e-15	89.8
NC_003074.8:14420054-14429530	NC_003076.8	83.000	100	16	1	3320	3418	11715877	11715778	1.08e-15	89.8
NC_003074.8:14420054-14429530	NC_003076.8	82.524	103	17	1	3317	3418	11987337	11987439	1.08e-15	89.8
NC_003074.8:14420054-14429530	NC_003076.8	83.000	100	16	1	3320	3418	13264929	13264830	1.08e-15	89.8
NC_003074.8:14420054-14429530	NC_003076.8	85.057	87	11	2	3313	3398	11469484	11469569	3.88e-15	87.9
NC_003074.8:14420054-14429530	NC_003076.8	78.146	151	24	9	3273	3417	13035225	13035372	3.88e-15	87.9
NC_003074.8:14420054-14429530	NC_003076.8	79.167	120	21	4	9268	9385	11073267	11073384	6.49e-13	80.5
NC_003074.8:14420054-14429530	NC_003076.8	83.721	86	12	2	9393	9477	12326558	12326642	6.49e-13	80.5
NC_003074.8:14420054-14429530	NC_003076.8	84.091	88	8	5	9393	9477	12352356	12352440	6.49e-13	80.5
NC_003074.8:14420054-14429530	NC_003076.8	83.721	86	12	2	9393	9477	12929314	12929230	6.49e-13	80.5
NC_003074.8:14420054-14429530	NC_003076.8	97.674	43	1	0	7580	7622	10468569	10468611	3.02e-11	75.0
NC_003074.8:14420054-14429530	NC_003076.8	79.545	88	12	5	9393	9477	11073267	11073351	3.04e-06	58.4
NC_003074.8:14420054-14429530	NC_003071.7	90.907	3640	253	27	5778	9393	4517287	4513702	0.0	4817
NC_003074.8:14420054-14429530	NC_003071.7	92.399	2776	169	14	5087	7827	2449915	2452683	0.0	3919
NC_003074.8:14420054-14429530	NC_003071.7	92.033	2686	172	9	5087	7736	3968967	3966288	0.0	3736
NC_003074.8:14420054-14429530	NC_003071.7	90.071	2810	198	33	6606	9390	4934507	4937260	0.0	3568
NC_003074.8:14420054-14429530	NC_003071.7	91.227	2371	180	10	5087	7431	3867602	3865234	0.0	3201
NC_003074.8:14420054-14429530	NC_003071.7	90.509	2023	148	23	6390	8408	3875676	3873694	0.0	2632
NC_003074.8:14420054-14429530	NC_003071.7	84.271	2613	328	60	5250	7807	3640538	3637954	0.0	2471
NC_003074.8:14420054-14429530	NC_003071.7	83.791	2511	325	49	5347	7806	5992427	5994906	0.0	2307
NC_003074.8:14420054-14429530	NC_003071.7	89.512	1783	155	16	5378	7147	3764947	3763184	0.0	2228
NC_003074.8:14420054-14429530	NC_003071.7	89.623	1802	112	26	7614	9393	2487778	2489526	0.0	2222
NC_003074.8:14420054-14429530	NC_003071.7	88.951	1792	135	18	7618	9393	4218905	4217161	0.0	2154
NC_003074.8:14420054-14429530	NC_003071.7	88.314	1797	152	12	7618	9393	2447742	2449501	0.0	2102
NC_003074.8:14420054-14429530	NC_003071.7	90.955	1581	96	25	6460	8020	2497744	2499297	0.0	2084
NC_003074.8:14420054-14429530	NC_003071.7	87.779	1792	144	21	7618	9393	4522544	4520812	0.0	2026
NC_003074.8:14420054-14429530	NC_003071.7	87.255	1836	158	40	7617	9393	2622160	2623978	0.0	2025
NC_003074.8:14420054-14429530	NC_003071.7	87.133	1803	161	35	7615	9393	5565093	5566848	0.0	1978
NC_003074.8:14420054-14429530	NC_003071.7	87.235	1794	135	34	7618	9393	3684147	3682430	0.0	1958
NC_003074.8:14420054-14429530	NC_003071.7	86.966	1803	156	23	7618	9393	3973256	3971506	0.0	1954
NC_003074.8:14420054-14429530	NC_003071.7	90.792	1477	104	19	7934	9393	5250420	5251881	0.0	1945
NC_003074.8:14420054-14429530	NC_003071.7	89.857	1538	117	22	7878	9393	2499108	2500628	0.0	1940
NC_003074.8:14420054-14429530	NC_003071.7	86.364	1804	150	43	7618	9393	3888503	3886768	0.0	1881
NC_003074.8:14420054-14429530	NC_003071.7	88.243	1599	134	35	5377	6949	5575088	5576658	0.0	1862
NC_003074.8:14420054-14429530	NC_003071.7	88.155	1604	125	30	6516	8100	3737918	3739475	0.0	1849
NC_003074.8:14420054-14429530	NC_003071.7	88.882	1520	124	12	7893	9393	2452680	2454173	0.0	1829
NC_003074.8:14420054-14429530	NC_003071.7	89.346	1483	109	22	7934	9393	5260977	5262433	0.0	1818
NC_003074.8:14420054-14429530	NC_003071.7	89.278	1483	108	23	7934	9393	5274468	5275922	0.0	1810
NC_003074.8:14420054-14429530	NC_003071.7	89.144	1483	110	23	7934	9393	5267745	5269199	0.0	1799
NC_003074.8:14420054-14429530	NC_003071.7	89.291	1438	117	16	7978	9393	3772955	3771533	0.0	1768
NC_003074.8:14420054-14429530	NC_003071.7	88.997	1436	120	17	7618	9052	4256626	4258024	0.0	1742
NC_003074.8:14420054-14429530	NC_003071.7	88.587	1437	128	14	7978	9393	3751632	3750211	0.0	1712
NC_003074.8:14420054-14429530	NC_003071.7	84.916	1717	161	40	7716	9392	4399988	4398330	0.0	1646
NC_003074.8:14420054-14429530	NC_003071.7	87.832	1430	116	32	8000	9393	5577578	5578985	0.0	1624
NC_003074.8:14420054-14429530	NC_003071.7	83.464	1784	204	40	7643	9385	3731281	3733014	0.0	1576
NC_003074.8:14420054-14429530	NC_003071.7	88.377	1325	104	27	8094	9393	4292498	4291199	0.0	1548
NC_003074.8:14420054-14429530	NC_003071.7	87.877	1328	96	35	8094	9393	4285223	4283933	0.0	1500
NC_003074.8:14420054-14429530	NC_003071.7	82.392	1789	222	53	7617	9393	5188726	5187019	0.0	1472
NC_003074.8:14420054-14429530	NC_003071.7	85.000	1500	141	28	7617	9098	2827403	2828836	0.0	1447
NC_003074.8:14420054-14429530	NC_003071.7	86.817	1282	126	21	8131	9393	5131847	5130590	0.0	1391
NC_003074.8:14420054-14429530	NC_003071.7	84.913	1372	152	27	8041	9393	3830746	3832081	0.0	1336
NC_003074.8:14420054-14429530	NC_003071.7	86.858	1187	135	9	947	2126	5130239	5129067	0.0	1308
NC_003074.8:14420054-14429530	NC_003071.7	90.177	1018	67	13	6993	8008	5576659	5577645	0.0	1295
NC_003074.8:14420054-14429530	NC_003071.7	88.346	1064	107	15	5375	6431	2496697	2497750	0.0	1262
NC_003074.8:14420054-14429530	NC_003071.7	85.380	1197	139	17	949	2111	3733376	3734570	0.0	1208
NC_003074.8:14420054-14429530	NC_003071.7	88.395	1034	78	23	7083	8113	5260102	5261096	0.0	1206
NC_003074.8:14420054-14429530	NC_003071.7	88.104	1034	81	23	7083	8113	5273593	5274587	0.0	1190
NC_003074.8:14420054-14429530	NC_003071.7	88.008	1034	82	23	7083	8113	5266870	5267864	0.0	1184
NC_003074.8:14420054-14429530	NC_003071.7	83.007	1377	161	40	8041	9393	5499178	5500505	0.0	1179
NC_003074.8:14420054-14429530	NC_003071.7	83.577	1297	149	38	8119	9393	3092139	3090885	0.0	1157
NC_003074.8:14420054-14429530	NC_003071.7	80.596	1577	210	66	7848	9393	3554765	3556276	0.0	1129
NC_003074.8:14420054-14429530	NC_003071.7	88.198	949	97	9	8445	9393	3739566	3740499	0.0	1118
NC_003074.8:14420054-14429530	NC_003071.7	93.191	749	46	2	949	1692	5252308	5253056	0.0	1096
NC_003074.8:14420054-14429530	NC_003071.7	93.182	748	46	2	949	1692	2489879	2490625	0.0	1094
NC_003074.8:14420054-14429530	NC_003071.7	87.500	976	79	20	7139	8112	3752538	3751604	0.0	1086
NC_003074.8:14420054-14429530	NC_003071.7	93.099	739	51	0	954	1692	5567207	5567945	0.0	1083
NC_003074.8:14420054-14429530	NC_003071.7	86.292	1014	108	19	8383	9385	5124408	5123415	0.0	1074
NC_003074.8:14420054-14429530	NC_003071.7	92.617	745	54	1	949	1692	4290845	4290101	0.0	1070
NC_003074.8:14420054-14429530	NC_003071.7	89.659	851	51	19	8516	9354	3873676	3872851	0.0	1050
NC_003074.8:14420054-14429530	NC_003071.7	91.935	744	60	0	949	1692	3872471	3871728	0.0	1042
NC_003074.8:14420054-14429530	NC_003071.7	85.121	1035	131	17	5845	6868	4598857	4597835	0.0	1037
NC_003074.8:14420054-14429530	NC_003071.7	91.667	744	58	4	4350	5090	3868738	3867996	0.0	1027
NC_003074.8:14420054-14429530	NC_003071.7	91.667	744	56	4	949	1692	3886414	3885677	0.0	1026
NC_003074.8:14420054-14429530	NC_003071.7	90.331	786	60	14	2945	3725	3971102	3970328	0.0	1016
NC_003074.8:14420054-14429530	NC_003071.7	90.995	744	67	0	949	1692	3682076	3681333	0.0	1003
NC_003074.8:14420054-14429530	NC_003071.7	87.788	868	75	20	8541	9393	2830477	2831328	0.0	987
NC_003074.8:14420054-14429530	NC_003071.7	91.726	701	57	1	2945	3645	3870331	3869632	0.0	972
NC_003074.8:14420054-14429530	NC_003071.7	83.087	1082	117	34	8191	9249	4153938	4154976	0.0	924
NC_003074.8:14420054-14429530	NC_003071.7	85.388	876	93	15	1285	2126	4520168	4519294	0.0	876
NC_003074.8:14420054-14429530	NC_003071.7	80.634	1167	192	20	5199	6351	4181918	4183064	0.0	872
NC_003074.8:14420054-14429530	NC_003071.7	88.073	763	52	10	1690	2425	3871700	3870950	0.0	869
NC_003074.8:14420054-14429530	NC_003071.7	77.575	1534	247	80	6154	7623	4956034	4957534	0.0	837
NC_003074.8:14420054-14429530	NC_003071.7	86.974	760	69	17	8649	9393	2787146	2786402	0.0	828
NC_003074.8:14420054-14429530	NC_003071.7	92.692	561	41	0	4530	5090	3969875	3969315	0.0	809
NC_003074.8:14420054-14429530	NC_003071.7	81.986	977	135	39	6443	7393	3966179	3965218	0.0	791
NC_003074.8:14420054-14429530	NC_003071.7	77.997	1318	203	61	6072	7325	3104061	3105355	0.0	747
NC_003074.8:14420054-14429530	NC_003071.7	81.982	888	100	27	7605	8486	2829095	2829928	0.0	699
NC_003074.8:14420054-14429530	NC_003071.7	85.303	694	79	13	5546	6236	5272929	5273602	0.0	695
NC_003074.8:14420054-14429530	NC_003071.7	85.159	694	80	13	5546	6236	5266206	5266879	0.0	689
NC_003074.8:14420054-14429530	NC_003071.7	85.014	694	81	13	5546	6236	5259438	5260111	0.0	684
NC_003074.8:14420054-14429530	NC_003071.7	88.980	490	49	1	2422	2911	3870811	3870327	1.12e-169	601
NC_003074.8:14420054-14429530	NC_003071.7	86.703	549	45	7	8860	9393	3605138	3605673	1.13e-164	584
NC_003074.8:14420054-14429530	NC_003071.7	78.942	926	128	47	5862	6769	5127116	5126240	1.14e-159	568
NC_003074.8:14420054-14429530	NC_003071.7	77.519	1032	168	45	5793	6810	3077327	3076346	5.29e-158	562
NC_003074.8:14420054-14429530	NC_003071.7	88.426	432	50	0	1261	1692	3090401	3089970	8.98e-146	521
NC_003074.8:14420054-14429530	NC_003071.7	90.000	370	33	3	6972	7341	4595985	4595620	7.09e-132	475
NC_003074.8:14420054-14429530	NC_003071.7	79.910	667	97	27	7169	7823	5125836	5125195	9.23e-126	455
NC_003074.8:14420054-14429530	NC_003071.7	82.470	502	79	7	3002	3497	4179652	4180150	1.56e-118	431
NC_003074.8:14420054-14429530	NC_003071.7	93.993	283	15	1	949	1229	4520458	4520176	2.01e-117	427
NC_003074.8:14420054-14429530	NC_003071.7	76.064	940	151	45	5839	6770	4128038	4127165	9.37e-116	422
NC_003074.8:14420054-14429530	NC_003071.7	84.127	441	64	1	1690	2124	5253084	5253524	9.37e-116	422
NC_003074.8:14420054-14429530	NC_003071.7	84.038	426	62	1	1690	2109	5567973	5568398	9.43e-111	405
NC_003074.8:14420054-14429530	NC_003071.7	77.657	734	113	38	6096	6812	4287292	4286593	4.39e-109	399
NC_003074.8:14420054-14429530	NC_003071.7	96.266	241	9	0	949	1189	3771179	3770939	5.68e-108	396
NC_003074.8:14420054-14429530	NC_003071.7	81.702	470	82	3	17	484	4689403	4689870	9.50e-106	388
NC_003074.8:14420054-14429530	NC_003071.7	84.750	400	45	6	8204	8599	2787532	2787145	3.42e-105	387
NC_003074.8:14420054-14429530	NC_003071.7	91.166	283	25	0	7541	7823	4285935	4285653	1.23e-104	385
NC_003074.8:14420054-14429530	NC_003071.7	83.099	426	66	1	1690	2109	2490653	2491078	4.42e-104	383
NC_003074.8:14420054-14429530	NC_003071.7	81.363	499	51	24	7618	8113	5250080	5250539	1.24e-99	368
NC_003074.8:14420054-14429530	NC_003071.7	83.721	387	49	7	7439	7823	4126614	4126240	3.47e-95	353
NC_003074.8:14420054-14429530	NC_003071.7	91.304	253	20	2	9142	9393	4258067	4258318	2.09e-92	344
NC_003074.8:14420054-14429530	NC_003071.7	82.564	390	55	5	5778	6162	4287674	4287293	1.62e-88	331
NC_003074.8:14420054-14429530	NC_003071.7	74.505	910	158	58	8513	9393	3637238	3636374	2.10e-87	327
NC_003074.8:14420054-14429530	NC_003071.7	85.669	314	35	9	8043	8349	3604829	3605139	9.77e-86	322
NC_003074.8:14420054-14429530	NC_003071.7	78.865	511	81	19	7169	7666	3829827	3830323	3.51e-85	320
NC_003074.8:14420054-14429530	NC_003071.7	78.516	512	81	21	7169	7666	3954351	3954847	7.61e-82	309
NC_003074.8:14420054-14429530	NC_003071.7	85.862	290	36	5	8041	8327	5124714	5124427	3.54e-80	303
NC_003074.8:14420054-14429530	NC_003071.7	80.045	441	51	21	7610	8019	2787982	2787548	7.66e-77	292
NC_003074.8:14420054-14429530	NC_003071.7	80.637	408	50	17	7423	7805	4595623	4595220	9.91e-76	289
NC_003074.8:14420054-14429530	NC_003071.7	77.583	513	84	24	7169	7666	3856760	3856264	1.66e-73	281
NC_003074.8:14420054-14429530	NC_003071.7	88.462	234	23	4	5382	5613	3875921	3875690	5.97e-73	279
NC_003074.8:14420054-14429530	NC_003071.7	77.600	500	83	22	7169	7654	4697485	4697969	7.72e-72	276
NC_003074.8:14420054-14429530	NC_003071.7	90.050	201	20	0	7617	7817	3825613	3825813	2.16e-67	261
NC_003074.8:14420054-14429530	NC_003071.7	87.168	226	26	3	9169	9393	2828846	2829069	3.62e-65	254
NC_003074.8:14420054-14429530	NC_003071.7	77.706	462	66	18	3001	3457	4122178	4121749	1.68e-63	248
NC_003074.8:14420054-14429530	NC_003071.7	72.577	908	190	51	8509	9391	4594526	4593653	7.83e-62	243
NC_003074.8:14420054-14429530	NC_003071.7	88.718	195	19	3	3326	3518	3767381	3767188	1.31e-59	235
NC_003074.8:14420054-14429530	NC_003071.7	86.977	215	18	9	9183	9393	2576612	2576404	4.71e-59	233
NC_003074.8:14420054-14429530	NC_003071.7	87.374	198	25	0	7618	7815	5498835	5499032	2.19e-57	228
NC_003074.8:14420054-14429530	NC_003071.7	87.113	194	24	1	3326	3518	2494297	2494490	1.32e-54	219
NC_003074.8:14420054-14429530	NC_003071.7	87.179	195	21	4	3326	3518	5572668	5572860	1.32e-54	219
NC_003074.8:14420054-14429530	NC_003071.7	88.571	175	19	1	3326	3499	5264575	5264749	2.21e-52	211
NC_003074.8:14420054-14429530	NC_003071.7	86.224	196	24	3	949	1143	4130827	4130634	7.94e-52	209
NC_003074.8:14420054-14429530	NC_003071.7	88.000	175	20	1	3326	3499	5257807	5257981	1.03e-50	206
NC_003074.8:14420054-14429530	NC_003071.7	87.500	176	19	3	3326	3499	5271300	5271474	4.78e-49	200
NC_003074.8:14420054-14429530	NC_003071.7	81.395	258	32	15	9141	9391	4184722	4184970	6.18e-48	196
NC_003074.8:14420054-14429530	NC_003071.7	81.226	261	32	15	9142	9393	5996296	5996548	2.22e-47	195
NC_003074.8:14420054-14429530	NC_003071.7	78.201	289	44	14	3135	3410	3548235	3547953	4.85e-39	167
NC_003074.8:14420054-14429530	NC_003071.7	78.571	280	38	18	9130	9393	5986610	5986883	1.74e-38	165
NC_003074.8:14420054-14429530	NC_003071.7	96.591	88	3	0	9390	9477	2623851	2623938	6.31e-33	147
NC_003074.8:14420054-14429530	NC_003071.7	96.591	88	3	0	9390	9477	5566719	5566806	6.31e-33	147
NC_003074.8:14420054-14429530	NC_003071.7	96.591	88	3	0	9390	9477	5578856	5578943	6.31e-33	147
NC_003074.8:14420054-14429530	NC_003071.7	85.926	135	16	3	7671	7804	2402901	2402769	2.94e-31	141
NC_003074.8:14420054-14429530	NC_003071.7	95.455	88	4	0	9390	9477	2454045	2454132	2.94e-31	141
NC_003074.8:14420054-14429530	NC_003071.7	95.455	88	4	0	9390	9477	3682559	3682472	2.94e-31	141
NC_003074.8:14420054-14429530	NC_003071.7	95.455	88	4	0	9390	9477	3771661	3771574	2.94e-31	141
NC_003074.8:14420054-14429530	NC_003071.7	85.926	135	16	3	7671	7804	4203337	4203469	2.94e-31	141
NC_003074.8:14420054-14429530	NC_003071.7	86.154	130	17	1	3320	3449	4190000	4189872	1.06e-30	139
NC_003074.8:14420054-14429530	NC_003071.7	94.318	88	5	0	9390	9477	2489398	2489485	1.37e-29	135
NC_003074.8:14420054-14429530	NC_003071.7	94.318	88	5	0	9390	9477	3750339	3750252	1.37e-29	135
NC_003074.8:14420054-14429530	NC_003071.7	94.318	88	5	0	9390	9477	3872940	3872853	1.37e-29	135
NC_003074.8:14420054-14429530	NC_003071.7	94.318	88	5	0	9390	9477	4291327	4291240	1.37e-29	135
NC_003074.8:14420054-14429530	NC_003071.7	93.258	89	5	1	9390	9477	2449372	2449460	6.36e-28	130
NC_003074.8:14420054-14429530	NC_003071.7	93.182	88	6	0	9390	9477	4217291	4217204	6.36e-28	130
NC_003074.8:14420054-14429530	NC_003071.7	84.091	132	19	1	3320	3449	3858661	3858530	8.22e-27	126
NC_003074.8:14420054-14429530	NC_003071.7	92.045	88	7	0	9390	9477	2500500	2500587	2.96e-26	124
NC_003074.8:14420054-14429530	NC_003071.7	92.045	88	7	0	9390	9477	3971634	3971547	2.96e-26	124
NC_003074.8:14420054-14429530	NC_003071.7	92.045	88	7	0	9390	9477	4258190	4258277	2.96e-26	124
NC_003074.8:14420054-14429530	NC_003071.7	92.045	88	7	0	9390	9477	4513832	4513745	2.96e-26	124
NC_003074.8:14420054-14429530	NC_003071.7	92.045	88	7	0	9390	9477	5269069	5269156	2.96e-26	124
NC_003074.8:14420054-14429530	NC_003071.7	92.045	88	7	0	9390	9477	5275792	5275879	2.96e-26	124
NC_003074.8:14420054-14429530	NC_003071.7	91.011	89	6	2	9390	9477	3636502	3636415	1.38e-24	119
NC_003074.8:14420054-14429530	NC_003071.7	91.765	85	7	0	9393	9477	3886895	3886811	1.38e-24	119
NC_003074.8:14420054-14429530	NC_003071.7	90.909	88	8	0	9390	9477	4520942	4520855	1.38e-24	119
NC_003074.8:14420054-14429530	NC_003071.7	90.909	88	8	0	9390	9477	5262303	5262390	1.38e-24	119
NC_003074.8:14420054-14429530	NC_003071.7	87.156	109	6	6	3322	3429	3101100	3101201	4.95e-24	117
NC_003074.8:14420054-14429530	NC_003071.7	89.773	88	9	0	9390	9477	4284063	4283976	6.40e-23	113
NC_003074.8:14420054-14429530	NC_003071.7	81.690	142	19	7	3291	3429	5089815	5089952	2.30e-22	111
NC_003074.8:14420054-14429530	NC_003071.7	83.065	124	17	3	9271	9391	2389312	2389190	8.28e-22	110
NC_003074.8:14420054-14429530	NC_003071.7	76.549	226	37	10	7888	8113	4218703	4218494	8.28e-22	110
NC_003074.8:14420054-14429530	NC_003071.7	88.636	88	10	0	9390	9477	2828941	2829028	2.98e-21	108
NC_003074.8:14420054-14429530	NC_003071.7	88.636	88	10	0	9390	9477	3732894	3732981	2.98e-21	108
NC_003074.8:14420054-14429530	NC_003071.7	88.764	89	8	2	9390	9477	3740371	3740458	2.98e-21	108
NC_003074.8:14420054-14429530	NC_003071.7	88.636	88	10	0	9390	9477	5130720	5130633	2.98e-21	108
NC_003074.8:14420054-14429530	NC_003071.7	88.764	89	8	2	9390	9477	5996418	5996505	2.98e-21	108
NC_003074.8:14420054-14429530	NC_003071.7	83.898	118	12	5	3317	3428	3828199	3828315	1.07e-20	106
NC_003074.8:14420054-14429530	NC_003071.7	84.762	105	11	5	3328	3429	2877675	2877573	4.98e-19	100
NC_003074.8:14420054-14429530	NC_003071.7	87.500	88	9	2	9390	9476	5187147	5187061	4.98e-19	100
NC_003074.8:14420054-14429530	NC_003071.7	86.364	88	12	0	9390	9477	3556146	3556233	6.45e-18	97.1
NC_003074.8:14420054-14429530	NC_003071.7	80.620	129	20	5	9268	9393	2693010	2693136	2.32e-17	95.3
NC_003074.8:14420054-14429530	NC_003071.7	80.800	125	20	3	9270	9391	5279768	5279891	2.32e-17	95.3
NC_003074.8:14420054-14429530	NC_003071.7	80.292	137	16	10	9237	9369	4357504	4357375	8.34e-17	93.5
NC_003074.8:14420054-14429530	NC_003071.7	85.393	89	11	2	9389	9476	3091013	3090926	3.00e-16	91.6
NC_003074.8:14420054-14429530	NC_003071.7	86.047	86	10	2	9392	9476	4131297	4131213	3.00e-16	91.6
NC_003074.8:14420054-14429530	NC_003071.7	85.227	88	13	0	9390	9477	5123537	5123450	3.00e-16	91.6
NC_003074.8:14420054-14429530	NC_003071.7	85.227	88	13	0	9390	9477	5500375	5500462	3.00e-16	91.6
NC_003074.8:14420054-14429530	NC_003071.7	82.857	105	12	5	3328	3429	4776504	4776403	1.08e-15	89.8
NC_003074.8:14420054-14429530	NC_003071.7	84.270	89	14	0	9389	9477	2786531	2786443	3.88e-15	87.9
NC_003074.8:14420054-14429530	NC_003071.7	83.146	89	10	4	9393	9477	4357478	4357391	8.40e-12	76.8
NC_003074.8:14420054-14429530	NC_003071.7	89.062	64	4	3	7671	7733	4978401	4978462	8.40e-12	76.8
NC_003074.8:14420054-14429530	NC_003071.7	81.818	88	10	5	9393	9477	2693010	2693094	1.41e-09	69.4
NC_003074.8:14420054-14429530	NC_003071.7	91.837	49	4	0	7779	7827	3604315	3604363	1.41e-09	69.4
NC_003074.8:14420054-14429530	NC_003071.7	91.837	49	4	0	7618	7666	5132359	5132311	1.41e-09	69.4
NC_003074.8:14420054-14429530	NC_003071.7	97.222	36	0	1	7671	7706	4203307	4203341	8.46e-07	60.2
NC_003074.8:14420054-14429530	NC_003071.7	89.130	46	5	0	9432	9477	5279805	5279850	3.04e-06	58.4
NC_003074.8:14474126-14474626	NC_003074.8	100.000	501	0	0	1	501	14474626	14474126	0.0	926
NC_003074.8:14474126-14474626	NC_003074.8	85.686	510	61	8	1	501	12919509	12919003	9.70e-149	527
NC_003074.8:14474126-14474626	NC_003074.8	84.843	508	68	5	1	500	14300516	14301022	1.63e-141	503
NC_003074.8:14474126-14474626	NC_003074.8	84.418	507	72	3	1	500	13140549	13140043	3.54e-138	492
NC_003074.8:14474126-14474626	NC_003074.8	84.221	507	72	4	1	500	14070496	14071001	1.65e-136	486
NC_003074.8:14474126-14474626	NC_003074.8	83.725	510	69	10	1	501	12340477	12340981	1.66e-131	470
NC_003074.8:14474126-14474626	NC_003074.8	85.273	421	49	9	1	411	11490085	11489668	4.71e-117	422
NC_003074.8:14474126-14474626	NC_003074.8	83.059	425	57	11	1	414	15003857	15003437	4.81e-102	372
NC_003074.8:14474126-14474626	NC_003074.8	82.701	422	58	11	1	411	12056574	12056157	1.04e-98	361
NC_003074.8:14474126-14474626	NC_003074.8	84.795	342	44	4	167	501	11859218	11859558	1.75e-91	337
NC_003074.8:14474126-14474626	NC_003074.8	92.208	154	12	0	8	161	11857889	11858042	6.63e-56	219
NC_003074.8:14474126-14474626	NC_003075.7	85.938	512	58	9	3	501	4259856	4260366	5.80e-151	534
NC_003074.8:14474126-14474626	NC_003075.7	83.694	509	63	9	1	500	4443356	4442859	2.77e-129	462
NC_003074.8:14474126-14474626	NC_003075.7	82.318	509	52	22	1	501	5037924	5038402	1.32e-112	407
NC_003074.8:14474126-14474626	NC_003075.7	85.287	401	47	4	1	395	2999364	2999758	1.71e-111	403
NC_003074.8:14474126-14474626	NC_003075.7	84.323	421	53	9	1	411	3612327	3612744	2.21e-110	399
NC_003074.8:14474126-14474626	NC_003075.7	83.258	442	60	8	51	483	5666383	5666819	1.03e-108	394
NC_003074.8:14474126-14474626	NC_003075.7	83.771	419	55	9	1	409	3148571	3148986	6.18e-106	385
NC_003074.8:14474126-14474626	NC_003075.7	83.532	419	55	9	1	406	2863415	2863832	2.87e-104	379
NC_003074.8:14474126-14474626	NC_003075.7	82.536	418	62	6	1	408	4308336	4308752	1.35e-97	357
NC_003074.8:14474126-14474626	NC_003075.7	85.366	328	35	5	1	321	4052085	4052406	1.06e-88	327
NC_003074.8:14474126-14474626	NC_003075.7	83.333	318	44	5	102	411	3156977	3156661	6.45e-76	285
NC_003074.8:14474126-14474626	NC_003070.9	85.039	508	66	6	1	501	15585322	15585826	3.51e-143	508
NC_003074.8:14474126-14474626	NC_003070.9	84.766	512	64	8	1	501	16091981	16091473	5.88e-141	501
NC_003074.8:14474126-14474626	NC_003070.9	83.936	498	71	7	11	500	15753692	15754188	5.96e-131	468
NC_003074.8:14474126-14474626	NC_003070.9	83.649	422	60	5	1	414	13401256	13401676	4.78e-107	388
NC_003074.8:14474126-14474626	NC_003070.9	85.912	362	45	2	27	382	15719721	15720082	7.99e-105	381
NC_003074.8:14474126-14474626	NC_003070.9	81.065	507	64	15	1	500	15696414	15696895	3.72e-103	375
NC_003074.8:14474126-14474626	NC_003070.9	83.756	394	51	9	1	384	14341678	14341288	1.04e-98	361
NC_003074.8:14474126-14474626	NC_003070.9	83.756	394	51	9	1	384	14384999	14384609	1.04e-98	361
NC_003074.8:14474126-14474626	NC_003070.9	83.249	394	53	9	1	384	14451858	14451468	2.25e-95	350
NC_003074.8:14474126-14474626	NC_003070.9	79.256	511	89	12	1	500	15594608	15595112	1.36e-92	340
NC_003074.8:14474126-14474626	NC_003070.9	91.736	242	18	2	2	242	14078358	14078118	6.31e-91	335
NC_003074.8:14474126-14474626	NC_003070.9	79.755	489	65	19	1	462	14212165	14212646	1.37e-87	324
NC_003074.8:14474126-14474626	NC_003070.9	87.500	272	28	2	1	266	13781438	13781167	3.83e-83	309
NC_003074.8:14474126-14474626	NC_003070.9	90.411	219	18	2	1	216	13934584	13934802	6.45e-76	285
NC_003074.8:14474126-14474626	NC_003070.9	89.954	219	19	2	1	216	13928524	13928742	3.00e-74	279
NC_003074.8:14474126-14474626	NC_003070.9	89.706	204	21	0	9	212	13592852	13593055	1.09e-68	261
NC_003074.8:14474126-14474626	NC_003071.7	84.706	510	68	6	1	501	5364403	5364911	5.88e-141	501
NC_003074.8:14474126-14474626	NC_003071.7	84.449	508	69	6	1	500	5283220	5282715	3.54e-138	492
NC_003074.8:14474126-14474626	NC_003071.7	83.037	507	74	8	3	500	3140823	3140320	2.16e-125	449
NC_003074.8:14474126-14474626	NC_003071.7	82.745	510	77	6	1	500	2840161	2840669	1.01e-123	444
NC_003074.8:14474126-14474626	NC_003071.7	81.890	508	75	9	1	500	3151891	3151393	2.83e-114	412
NC_003074.8:14474126-14474626	NC_003071.7	86.133	375	47	5	1	372	3131784	3132156	2.21e-110	399
NC_003074.8:14474126-14474626	NC_003071.7	84.086	421	54	9	1	411	3957908	3958325	1.03e-108	394
NC_003074.8:14474126-14474626	NC_003071.7	84.086	421	54	9	1	411	3976481	3976898	1.03e-108	394
NC_003074.8:14474126-14474626	NC_003071.7	83.924	423	55	8	1	414	3559717	3559299	3.69e-108	392
NC_003074.8:14474126-14474626	NC_003071.7	87.805	328	33	3	1	321	3144604	3144277	1.03e-103	377
NC_003074.8:14474126-14474626	NC_003071.7	83.929	392	52	6	1	383	3146402	3146791	8.05e-100	364
NC_003074.8:14474126-14474626	NC_003071.7	82.152	409	60	9	1	400	4402815	4403219	4.88e-92	339
NC_003074.8:14474126-14474626	NC_003071.7	81.146	419	64	10	1	410	4714511	4714923	4.91e-87	322
NC_003074.8:14474126-14474626	NC_003071.7	89.300	243	25	1	1	242	4249652	4249410	1.78e-81	303
NC_003074.8:14474126-14474626	NC_003071.7	80.597	402	56	4	1	395	2466706	2467092	1.39e-77	291
NC_003074.8:14474126-14474626	NC_003076.8	84.676	509	66	8	1	500	11225131	11224626	7.61e-140	497
NC_003074.8:14474126-14474626	NC_003076.8	85.036	421	50	9	1	411	11355004	11355421	2.19e-115	416
NC_003074.8:14474126-14474626	NC_003076.8	85.071	422	47	10	1	411	13048565	13048981	2.19e-115	416
NC_003074.8:14474126-14474626	NC_003076.8	83.333	420	59	7	1	411	11319943	11320360	1.03e-103	377
NC_003074.8:14474126-14474626	NC_003076.8	83.373	421	56	9	1	411	11604512	11604928	1.03e-103	377
NC_003074.8:14474126-14474626	NC_003076.8	83.294	419	61	5	1	411	12240851	12241268	1.03e-103	377
NC_003074.8:14474126-14474626	NC_003076.8	85.890	326	39	3	1	319	11486009	11486334	1.36e-92	340
NC_003074.8:14474126-14474626	NC_003076.8	82.078	385	56	9	40	414	11075459	11075078	2.29e-85	316
NC_003074.8:14474126-14474626	NC_003076.8	92.800	125	9	0	120	244	12780010	12779886	8.70e-45	182
NC_003074.8:14538427-14544984	NC_003074.8	100.000	6558	0	0	1	6558	14544984	14538427	0.0	12111
NC_003074.8:14538427-14544984	NC_003074.8	89.711	1351	95	15	1139	2483	13142091	13143403	0.0	1685
NC_003074.8:14538427-14544984	NC_003074.8	85.821	1206	115	30	1772	2942	13139049	13140233	0.0	1229
NC_003074.8:14538427-14544984	NC_003074.8	91.199	909	55	7	1028	1912	12941384	12940477	0.0	1212
NC_003074.8:14538427-14544984	NC_003074.8	91.304	713	43	6	1773	2483	11893173	11893868	0.0	955
NC_003074.8:14538427-14544984	NC_003074.8	90.743	713	48	5	1773	2483	12781284	12781980	0.0	935
NC_003074.8:14538427-14544984	NC_003074.8	90.047	633	42	7	1853	2483	12938867	12938254	0.0	800
NC_003074.8:14538427-14544984	NC_003074.8	83.108	740	86	22	1728	2458	14295610	14294901	0.0	638
NC_003074.8:14538427-14544984	NC_003074.8	81.345	788	108	28	1694	2470	12713002	12712243	5.99e-171	604
NC_003074.8:14538427-14544984	NC_003074.8	85.075	603	76	12	26	618	22241836	22241238	2.15e-170	603
NC_003074.8:14538427-14544984	NC_003074.8	90.708	452	41	1	2488	2939	12643896	12644346	7.75e-170	601
NC_003074.8:14538427-14544984	NC_003074.8	86.786	560	48	8	5534	6086	22580439	22579899	7.75e-170	601
NC_003074.8:14538427-14544984	NC_003074.8	83.138	682	85	23	1775	2449	14491514	14492172	3.60e-168	595
NC_003074.8:14538427-14544984	NC_003074.8	81.698	754	94	29	1712	2449	15790136	15789411	6.03e-166	588
NC_003074.8:14538427-14544984	NC_003074.8	90.380	447	39	4	4310	4753	14994862	14994417	7.80e-165	584
NC_003074.8:14538427-14544984	NC_003074.8	82.845	682	82	22	1776	2449	12172284	12171630	3.63e-163	579
NC_003074.8:14538427-14544984	NC_003074.8	82.945	686	74	32	1776	2449	14119427	14118773	3.63e-163	579
NC_003074.8:14538427-14544984	NC_003074.8	82.945	686	74	32	1776	2449	14141529	14140875	3.63e-163	579
NC_003074.8:14538427-14544984	NC_003074.8	81.120	768	103	34	1694	2449	12070101	12070838	1.31e-162	577
NC_003074.8:14538427-14544984	NC_003074.8	82.659	692	81	22	1776	2458	14302007	14301346	1.31e-162	577
NC_003074.8:14538427-14544984	NC_003074.8	88.503	461	52	1	2479	2939	12938228	12937769	1.70e-156	556
NC_003074.8:14538427-14544984	NC_003074.8	88.161	473	47	9	2475	2942	13941663	13942131	6.12e-156	555
NC_003074.8:14538427-14544984	NC_003074.8	81.951	687	91	26	1775	2449	11488558	11489223	7.91e-155	551
NC_003074.8:14538427-14544984	NC_003074.8	81.389	720	95	22	1775	2483	11495696	11496387	7.91e-155	551
NC_003074.8:14538427-14544984	NC_003074.8	81.259	715	104	18	1776	2483	11606974	11607665	7.91e-155	551
NC_003074.8:14538427-14544984	NC_003074.8	81.727	695	94	19	1775	2461	12758955	12759624	2.85e-154	549
NC_003074.8:14538427-14544984	NC_003074.8	86.800	500	47	5	1986	2483	13398656	13398174	1.71e-151	540
NC_003074.8:14538427-14544984	NC_003074.8	81.058	718	99	29	1776	2483	11868683	11869373	6.16e-151	538
NC_003074.8:14538427-14544984	NC_003074.8	82.263	654	82	20	1804	2449	14488985	14489612	7.97e-150	534
NC_003074.8:14538427-14544984	NC_003074.8	85.066	529	70	7	26	547	11403741	11404267	1.03e-148	531
NC_003074.8:14538427-14544984	NC_003074.8	82.083	653	84	24	1806	2449	13426826	13427454	1.33e-147	527
NC_003074.8:14538427-14544984	NC_003074.8	81.000	700	97	27	1775	2464	14446640	14445967	1.72e-146	523
NC_003074.8:14538427-14544984	NC_003074.8	87.665	454	48	7	2491	2941	12436811	12437259	6.20e-146	521
NC_003074.8:14538427-14544984	NC_003074.8	87.225	454	54	4	2491	2942	14071262	14070811	1.04e-143	514
NC_003074.8:14538427-14544984	NC_003074.8	89.487	409	39	4	6045	6450	22239302	22238895	1.04e-143	514
NC_003074.8:14538427-14544984	NC_003074.8	80.567	705	103	18	1788	2485	12322961	12322284	3.73e-143	512
NC_003074.8:14538427-14544984	NC_003074.8	81.050	686	93	27	1775	2449	14015926	14015267	3.73e-143	512
NC_003074.8:14538427-14544984	NC_003074.8	87.225	454	53	5	2491	2942	14301282	14300832	3.73e-143	512
NC_003074.8:14538427-14544984	NC_003074.8	81.734	646	87	19	5238	5870	22239932	22239305	1.34e-142	510
NC_003074.8:14538427-14544984	NC_003074.8	86.652	457	53	7	2491	2942	12432206	12432659	2.91e-139	499
NC_003074.8:14538427-14544984	NC_003074.8	86.147	462	57	6	2479	2939	12782006	12782461	4.86e-137	492
NC_003074.8:14538427-14544984	NC_003074.8	79.805	718	109	24	1776	2483	12262257	12261566	1.75e-136	490
NC_003074.8:14538427-14544984	NC_003074.8	88.753	409	35	5	6045	6450	16716228	16715828	1.75e-136	490
NC_003074.8:14538427-14544984	NC_003074.8	79.749	716	108	28	1776	2483	12297490	12296804	8.14e-135	484
NC_003074.8:14538427-14544984	NC_003074.8	80.381	683	97	22	1778	2449	12674776	12675432	8.14e-135	484
NC_003074.8:14538427-14544984	NC_003074.8	79.694	719	104	28	1776	2483	12427713	12428400	1.05e-133	481
NC_003074.8:14538427-14544984	NC_003074.8	84.948	485	51	14	1986	2449	12403914	12404397	6.34e-131	472
NC_003074.8:14538427-14544984	NC_003074.8	82.343	572	70	18	17	583	16719444	16718899	8.20e-130	468
NC_003074.8:14538427-14544984	NC_003074.8	90.029	341	30	4	6113	6450	22579909	22579570	6.43e-121	438
NC_003074.8:14538427-14544984	NC_003074.8	85.022	454	39	17	2491	2943	13020236	13020661	8.31e-120	435
NC_003074.8:14538427-14544984	NC_003074.8	82.171	516	71	12	3412	3908	11414559	11415072	1.80e-116	424
NC_003074.8:14538427-14544984	NC_003074.8	81.748	515	76	17	1776	2282	15002511	15003015	1.08e-113	414
NC_003074.8:14538427-14544984	NC_003074.8	76.505	864	138	51	1653	2483	13019365	13020196	1.40e-112	411
NC_003074.8:14538427-14544984	NC_003074.8	83.476	466	49	14	2478	2939	12296772	12296331	5.04e-112	409
NC_003074.8:14538427-14544984	NC_003074.8	82.581	465	66	11	2480	2939	12547098	12546644	3.92e-108	396
NC_003074.8:14538427-14544984	NC_003074.8	80.906	508	84	12	1688	2191	12435981	12436479	6.56e-106	388
NC_003074.8:14538427-14544984	NC_003074.8	82.403	466	63	11	2480	2943	15130157	15129709	6.56e-106	388
NC_003074.8:14538427-14544984	NC_003074.8	89.803	304	28	3	6258	6558	11415801	11416104	2.36e-105	387
NC_003074.8:14538427-14544984	NC_003074.8	91.429	280	19	4	2939	3215	12509239	12508962	3.95e-103	379
NC_003074.8:14538427-14544984	NC_003074.8	91.304	276	19	4	2939	3210	12511227	12510953	6.61e-101	372
NC_003074.8:14538427-14544984	NC_003074.8	87.736	318	32	7	2578	2893	13992711	13993023	1.11e-98	364
NC_003074.8:14538427-14544984	NC_003074.8	76.826	712	124	30	1785	2483	15830091	15830774	3.98e-98	363
NC_003074.8:14538427-14544984	NC_003074.8	86.364	330	27	5	2122	2449	12323831	12323518	1.44e-92	344
NC_003074.8:14538427-14544984	NC_003074.8	88.421	285	18	7	2939	3210	17057874	17057592	4.04e-88	329
NC_003074.8:14538427-14544984	NC_003074.8	82.857	385	46	12	2480	2862	14453457	14453091	1.45e-87	327
NC_003074.8:14538427-14544984	NC_003074.8	82.216	388	60	9	2557	2940	11639124	11639506	5.22e-87	326
NC_003074.8:14538427-14544984	NC_003074.8	90.283	247	19	3	2939	3181	17055839	17055594	8.74e-85	318
NC_003074.8:14538427-14544984	NC_003074.8	82.418	364	52	11	2588	2943	11859726	11859367	1.89e-81	307
NC_003074.8:14538427-14544984	NC_003074.8	85.000	320	29	14	2133	2449	15315655	15315352	1.89e-81	307
NC_003074.8:14538427-14544984	NC_003074.8	87.925	265	24	6	26	283	22237492	22237229	6.80e-81	305
NC_003074.8:14538427-14544984	NC_003074.8	88.843	242	26	1	2702	2942	12940483	12940242	4.09e-78	296
NC_003074.8:14538427-14544984	NC_003074.8	83.533	334	36	6	2155	2485	14019857	14019540	1.47e-77	294
NC_003074.8:14538427-14544984	NC_003074.8	86.232	276	31	5	17	286	11424809	11425083	5.30e-77	292
NC_003074.8:14538427-14544984	NC_003074.8	86.447	273	29	6	17	283	16715203	16714933	5.30e-77	292
NC_003074.8:14538427-14544984	NC_003074.8	79.229	467	60	18	2480	2940	12261533	12261098	1.90e-76	291
NC_003074.8:14538427-14544984	NC_003074.8	74.194	806	146	45	1694	2483	14493194	14493953	4.12e-73	279
NC_003074.8:14538427-14544984	NC_003074.8	79.592	441	46	25	2285	2687	14024617	14025051	5.33e-72	276
NC_003074.8:14538427-14544984	NC_003074.8	79.353	402	67	14	1694	2084	11854456	11854060	8.92e-70	268
NC_003074.8:14538427-14544984	NC_003074.8	84.452	283	28	9	2168	2449	12324112	12324379	1.15e-68	265
NC_003074.8:14538427-14544984	NC_003074.8	86.026	229	23	5	2958	3181	11665231	11665007	2.52e-60	237
NC_003074.8:14538427-14544984	NC_003074.8	86.026	229	23	5	2958	3181	11669676	11669452	2.52e-60	237
NC_003074.8:14538427-14544984	NC_003074.8	92.683	164	10	2	2780	2942	13108918	13108756	9.05e-60	235
NC_003074.8:14538427-14544984	NC_003074.8	93.082	159	11	0	871	1029	12509306	12509148	3.26e-59	233
NC_003074.8:14538427-14544984	NC_003074.8	93.464	153	10	0	877	1029	12511288	12511136	1.51e-57	228
NC_003074.8:14538427-14544984	NC_003074.8	78.261	368	58	21	1785	2142	14336564	14336919	3.28e-54	217
NC_003074.8:14538427-14544984	NC_003074.8	90.683	161	13	1	871	1029	17055906	17055746	4.24e-53	213
NC_003074.8:14538427-14544984	NC_003074.8	90.741	162	12	2	870	1029	17057942	17057782	4.24e-53	213
NC_003074.8:14538427-14544984	NC_003074.8	92.913	127	9	0	1028	1154	13141934	13142060	9.24e-45	185
NC_003074.8:14538427-14544984	NC_003074.8	86.905	168	16	6	1776	1940	13940948	13941112	3.32e-44	183
NC_003074.8:14538427-14544984	NC_003074.8	76.369	347	59	17	6045	6387	12679493	12679166	1.20e-38	165
NC_003074.8:14538427-14544984	NC_003074.8	83.436	163	21	5	2302	2461	11853838	11853679	4.36e-33	147
NC_003074.8:14538427-14544984	NC_003074.8	94.565	92	5	0	938	1029	14542046	14541955	5.64e-32	143
NC_003074.8:14538427-14544984	NC_003074.8	94.565	92	5	0	2939	3030	14544047	14543956	5.64e-32	143
NC_003074.8:14538427-14544984	NC_003074.8	85.600	125	15	3	5956	6079	12943703	12943581	1.58e-27	128
NC_003074.8:14538427-14544984	NC_003074.8	85.950	121	15	2	5956	6076	15037058	15037176	1.58e-27	128
NC_003074.8:14538427-14544984	NC_003074.8	83.582	134	20	1	3210	3343	16718797	16718666	2.04e-26	124
NC_003074.8:14538427-14544984	NC_003074.8	86.726	113	11	4	1764	1873	14451349	14451460	7.35e-26	122
NC_003074.8:14538427-14544984	NC_003074.8	84.553	123	16	2	5956	6076	12842907	12843028	9.51e-25	119
NC_003074.8:14538427-14544984	NC_003074.8	90.698	86	7	1	2479	2564	13143429	13143513	4.42e-23	113
NC_003074.8:14538427-14544984	NC_003074.8	88.406	69	8	0	5956	6024	22517272	22517204	3.47e-14	84.2
NC_003074.8:14538427-14544984	NC_003074.8	95.652	46	2	0	5955	6000	12941980	12942025	2.09e-11	75.0
NC_003074.8:14538427-14544984	NC_003074.8	95.556	45	2	0	2194	2238	14474027	14474071	7.51e-11	73.1
NC_003074.8:14538427-14544984	NC_003071.7	90.328	1954	103	23	1041	2939	2747931	2746009	0.0	2483
NC_003074.8:14538427-14544984	NC_003071.7	90.234	1966	91	21	1028	2939	5493186	5491268	0.0	2473
NC_003074.8:14538427-14544984	NC_003071.7	90.441	1203	64	21	1776	2943	5496081	5494895	0.0	1537
NC_003074.8:14538427-14544984	NC_003071.7	87.282	1203	82	23	1778	2940	2469091	2470262	0.0	1308
NC_003074.8:14538427-14544984	NC_003071.7	80.039	1032	165	26	4850	5869	57250	56248	0.0	726
NC_003074.8:14538427-14544984	NC_003071.7	82.510	749	92	29	1712	2449	2375530	2374810	5.95e-176	621
NC_003074.8:14538427-14544984	NC_003071.7	90.733	464	41	2	2480	2941	6527738	6528201	7.69e-175	617
NC_003074.8:14538427-14544984	NC_003071.7	81.540	818	87	32	2137	2942	4071525	4072290	2.77e-174	616
NC_003074.8:14538427-14544984	NC_003071.7	86.063	574	65	9	17	583	4222005	4222570	2.15e-170	603
NC_003074.8:14538427-14544984	NC_003071.7	83.113	681	88	14	1775	2449	3813824	3814483	3.60e-168	595
NC_003074.8:14538427-14544984	NC_003071.7	81.144	769	101	34	1694	2449	4710977	4710240	1.31e-162	577
NC_003074.8:14538427-14544984	NC_003071.7	83.546	626	90	9	1421	2041	5728014	5727397	1.69e-161	573
NC_003074.8:14538427-14544984	NC_003071.7	83.281	640	77	14	2321	2939	4683306	4683936	3.66e-158	562
NC_003074.8:14538427-14544984	NC_003071.7	81.579	722	91	24	1775	2483	5431952	5432644	4.73e-157	558
NC_003074.8:14538427-14544984	NC_003071.7	81.676	704	96	26	1788	2483	6178144	6177466	6.12e-156	555
NC_003074.8:14538427-14544984	NC_003071.7	80.443	767	111	25	1694	2449	4172686	4173424	2.85e-154	549
NC_003074.8:14538427-14544984	NC_003071.7	87.579	475	49	9	2475	2941	5286438	5286910	4.76e-152	542
NC_003074.8:14538427-14544984	NC_003071.7	87.815	476	39	6	1889	2362	3721519	3721977	1.71e-151	540
NC_003074.8:14538427-14544984	NC_003071.7	81.609	696	87	31	1800	2483	4370235	4370901	6.16e-151	538
NC_003074.8:14538427-14544984	NC_003071.7	81.295	695	98	21	1776	2461	5033766	5033095	7.97e-150	534
NC_003074.8:14538427-14544984	NC_003071.7	79.650	801	115	28	1694	2483	5726155	5726918	2.87e-149	532
NC_003074.8:14538427-14544984	NC_003071.7	81.552	683	90	26	1777	2449	4161051	4161707	1.03e-148	531
NC_003074.8:14538427-14544984	NC_003071.7	81.498	681	92	19	1779	2449	2688361	2689017	3.71e-148	529
NC_003074.8:14538427-14544984	NC_003071.7	80.932	708	101	26	1775	2473	4675500	4674818	3.71e-148	529
NC_003074.8:14538427-14544984	NC_003071.7	81.215	708	88	29	1788	2483	5145640	5144966	3.71e-148	529
NC_003074.8:14538427-14544984	NC_003071.7	78.689	854	132	38	1653	2483	2790254	2789428	1.72e-146	523
NC_003074.8:14538427-14544984	NC_003071.7	81.050	686	90	22	1773	2449	3143097	3143751	1.34e-142	510
NC_003074.8:14538427-14544984	NC_003071.7	94.512	328	18	0	1758	2085	3740838	3740511	1.74e-141	507
NC_003074.8:14538427-14544984	NC_003071.7	86.412	471	54	10	2478	2943	5144934	5144469	1.74e-141	507
NC_003074.8:14538427-14544984	NC_003071.7	81.213	676	84	24	1788	2449	4404332	4403686	6.25e-141	505
NC_003074.8:14538427-14544984	NC_003071.7	86.296	467	55	9	2478	2940	5141218	5140757	2.91e-139	499
NC_003074.8:14538427-14544984	NC_003071.7	80.221	723	93	37	1776	2483	4468547	4467860	1.05e-138	497
NC_003074.8:14538427-14544984	NC_003071.7	90.206	388	26	4	1590	1977	4073837	4074212	3.76e-138	496
NC_003074.8:14538427-14544984	NC_003071.7	80.758	686	89	25	1776	2449	5139791	5139137	3.76e-138	496
NC_003074.8:14538427-14544984	NC_003071.7	80.966	683	80	26	1776	2448	5161733	5162375	3.76e-138	496
NC_003074.8:14538427-14544984	NC_003071.7	80.673	683	93	28	1776	2448	3825125	3824472	1.35e-137	494
NC_003074.8:14538427-14544984	NC_003071.7	86.976	453	41	7	1999	2449	3977797	3977361	1.35e-137	494
NC_003074.8:14538427-14544984	NC_003071.7	79.805	718	104	35	1775	2483	5141935	5141250	8.14e-135	484
NC_003074.8:14538427-14544984	NC_003071.7	81.064	639	88	19	5243	5870	4225132	4225748	3.79e-133	479
NC_003074.8:14538427-14544984	NC_003071.7	80.092	653	101	25	1834	2480	3558224	3558853	4.93e-127	459
NC_003074.8:14538427-14544984	NC_003071.7	85.780	436	57	4	2486	2919	3824397	3823965	1.77e-126	457
NC_003074.8:14538427-14544984	NC_003071.7	78.933	731	104	37	1777	2483	2800659	2799955	8.26e-125	451
NC_003074.8:14538427-14544984	NC_003071.7	84.946	465	41	15	2478	2939	2619854	2620292	1.38e-122	444
NC_003074.8:14538427-14544984	NC_003071.7	78.503	735	108	31	1775	2483	6007256	6007966	2.31e-120	436
NC_003074.8:14538427-14544984	NC_003071.7	85.849	424	40	12	2519	2939	6008068	6008474	2.99e-119	433
NC_003074.8:14538427-14544984	NC_003071.7	86.111	396	54	1	2548	2942	5365115	5364720	5.00e-117	425
NC_003074.8:14538427-14544984	NC_003071.7	83.542	480	48	18	2479	2957	3808873	3809322	2.33e-115	420
NC_003074.8:14538427-14544984	NC_003071.7	89.970	329	27	5	6113	6438	4225782	4226107	2.33e-115	420
NC_003074.8:14538427-14544984	NC_003071.7	85.679	405	51	7	2478	2881	5327457	5327059	2.33e-115	420
NC_003074.8:14538427-14544984	NC_003071.7	82.857	490	51	13	2480	2942	3653255	3653738	5.04e-112	409
NC_003074.8:14538427-14544984	NC_003071.7	78.947	684	83	29	1776	2449	4716011	4715379	5.04e-112	409
NC_003074.8:14538427-14544984	NC_003071.7	83.047	466	59	8	2475	2939	4074231	4074677	6.52e-111	405
NC_003074.8:14538427-14544984	NC_003071.7	79.862	581	92	24	1694	2264	2381284	2381849	8.43e-110	401
NC_003074.8:14538427-14544984	NC_003071.7	82.727	440	57	5	2046	2483	4462723	4462301	1.84e-101	374
NC_003074.8:14538427-14544984	NC_003071.7	80.885	497	61	9	1988	2483	3832985	3833448	1.43e-97	361
NC_003074.8:14538427-14544984	NC_003071.7	90.071	282	19	6	2939	3215	12541544	12541821	1.85e-96	357
NC_003074.8:14538427-14544984	NC_003071.7	90.253	277	19	5	2939	3210	12539507	12539780	6.66e-96	355
NC_003074.8:14538427-14544984	NC_003071.7	85.588	340	25	6	2604	2942	5282588	5282904	8.67e-90	335
NC_003074.8:14538427-14544984	NC_003071.7	86.711	301	23	10	2151	2449	3539391	3539676	8.74e-85	318
NC_003074.8:14538427-14544984	NC_003071.7	85.580	319	29	9	2133	2449	3959083	3958780	8.74e-85	318
NC_003074.8:14538427-14544984	NC_003071.7	86.254	291	34	4	2	286	9763029	9762739	1.46e-82	311
NC_003074.8:14538427-14544984	NC_003071.7	87.546	273	26	6	17	283	4227448	4227718	5.26e-82	309
NC_003074.8:14538427-14544984	NC_003071.7	79.614	466	60	17	2482	2942	2840912	2840477	8.80e-80	302
NC_003074.8:14538427-14544984	NC_003071.7	84.472	322	33	3	2139	2460	4848490	4848794	8.80e-80	302
NC_003074.8:14538427-14544984	NC_003071.7	79.449	472	54	23	2482	2950	2839215	2838784	1.47e-77	294
NC_003074.8:14538427-14544984	NC_003071.7	84.286	280	32	2	2660	2939	4751217	4751484	4.15e-68	263
NC_003074.8:14538427-14544984	NC_003071.7	82.971	276	36	10	1782	2052	2137916	2137647	7.00e-61	239
NC_003074.8:14538427-14544984	NC_003071.7	88.060	201	18	6	2284	2481	3808648	3808845	3.26e-59	233
NC_003074.8:14538427-14544984	NC_003071.7	77.751	409	70	18	2085	2483	3816089	3816486	1.17e-58	231
NC_003074.8:14538427-14544984	NC_003071.7	80.707	311	48	11	1775	2080	5714069	5713766	1.17e-58	231
NC_003074.8:14538427-14544984	NC_003071.7	80.175	343	41	12	1043	1358	5728363	5728021	1.17e-58	231
NC_003074.8:14538427-14544984	NC_003071.7	92.547	161	10	1	871	1029	12541477	12541637	4.21e-58	230
NC_003074.8:14538427-14544984	NC_003071.7	92.073	164	10	2	869	1029	12539437	12539600	1.51e-57	228
NC_003074.8:14538427-14544984	NC_003071.7	90.476	168	15	1	2283	2449	3963502	3963335	2.53e-55	220
NC_003074.8:14538427-14544984	NC_003071.7	86.139	202	22	6	2285	2483	5286213	5286411	4.24e-53	213
NC_003074.8:14538427-14544984	NC_003071.7	82.870	216	30	7	2271	2483	3657533	3657744	2.57e-45	187
NC_003074.8:14538427-14544984	NC_003071.7	90.141	142	12	2	2803	2943	3721979	3722119	3.32e-44	183
NC_003074.8:14538427-14544984	NC_003071.7	83.333	204	27	7	2283	2483	3709497	3709696	1.20e-43	182
NC_003074.8:14538427-14544984	NC_003071.7	94.828	116	6	0	1774	1889	3720146	3720261	1.20e-43	182
NC_003074.8:14538427-14544984	NC_003071.7	85.714	168	18	6	1776	1940	2841633	2841469	7.20e-41	172
NC_003074.8:14538427-14544984	NC_003071.7	84.906	159	19	5	2302	2458	4837685	4837840	7.25e-36	156
NC_003074.8:14538427-14544984	NC_003071.7	86.957	138	16	2	3210	3346	57386	57250	2.61e-35	154
NC_003074.8:14538427-14544984	NC_003071.7	83.544	158	23	3	873	1029	10751135	10751290	1.57e-32	145
NC_003074.8:14538427-14544984	NC_003071.7	79.358	218	34	10	2271	2483	6527493	6527704	5.64e-32	143
NC_003074.8:14538427-14544984	NC_003071.7	76.895	277	45	17	1773	2044	9020299	9020561	7.30e-31	139
NC_003074.8:14538427-14544984	NC_003071.7	85.950	121	13	4	5956	6074	5477929	5478047	5.68e-27	126
NC_003074.8:14538427-14544984	NC_003071.7	88.298	94	8	3	2855	2947	1299075	1298984	5.72e-22	110
NC_003074.8:14538427-14544984	NC_003071.7	100.000	42	0	0	6045	6086	4225751	4225792	1.61e-12	78.7
NC_003074.8:14538427-14544984	NC_003071.7	86.154	65	9	0	1793	1857	1965800	1965736	2.70e-10	71.3
NC_003074.8:14538427-14544984	NC_003070.9	88.740	1936	157	16	1035	2939	15752167	15750262	0.0	2311
NC_003074.8:14538427-14544984	NC_003070.9	90.109	1466	114	9	1028	2483	15694859	15693415	0.0	1875
NC_003074.8:14538427-14544984	NC_003070.9	86.989	1199	107	16	1776	2942	15755179	15753998	0.0	1304
NC_003074.8:14538427-14544984	NC_003070.9	87.379	1133	104	19	1028	2132	14079113	14080234	0.0	1264
NC_003074.8:14538427-14544984	NC_003070.9	82.380	1294	165	28	5055	6312	14284209	14282943	0.0	1068
NC_003074.8:14538427-14544984	NC_003070.9	85.965	969	67	27	1776	2693	15718137	15717187	0.0	972
NC_003074.8:14538427-14544984	NC_003070.9	90.999	711	46	5	1775	2483	16396969	16396275	0.0	942
NC_003074.8:14538427-14544984	NC_003070.9	89.804	716	49	6	1776	2483	15697892	15697193	0.0	896
NC_003074.8:14538427-14544984	NC_003070.9	88.045	711	64	8	1775	2483	14076942	14077633	0.0	822
NC_003074.8:14538427-14544984	NC_003070.9	81.984	766	100	29	1694	2449	14361075	14361812	2.77e-174	616
NC_003074.8:14538427-14544984	NC_003070.9	81.984	766	100	29	1694	2449	14406728	14407465	2.77e-174	616
NC_003074.8:14538427-14544984	NC_003070.9	81.125	800	121	25	1	785	14286488	14285704	9.95e-174	614
NC_003074.8:14538427-14544984	NC_003070.9	82.282	745	98	22	1751	2486	15741165	15741884	9.95e-174	614
NC_003074.8:14538427-14544984	NC_003070.9	81.723	766	102	29	1694	2449	14471573	14472310	5.99e-171	604
NC_003074.8:14538427-14544984	NC_003070.9	83.784	666	69	29	1796	2449	16377800	16378438	3.60e-168	595
NC_003074.8:14538427-14544984	NC_003070.9	81.070	766	108	28	1694	2449	13594362	13593624	1.31e-162	577
NC_003074.8:14538427-14544984	NC_003070.9	80.940	766	109	29	1694	2449	14715453	14714715	6.07e-161	571
NC_003074.8:14538427-14544984	NC_003070.9	80.940	766	109	29	1694	2449	14749054	14749792	6.07e-161	571
NC_003074.8:14538427-14544984	NC_003070.9	81.806	720	91	25	1776	2483	15854122	15853431	7.86e-160	568
NC_003074.8:14538427-14544984	NC_003070.9	81.337	718	104	21	1751	2461	16046206	16045512	1.70e-156	556
NC_003074.8:14538427-14544984	NC_003070.9	82.138	683	88	24	1776	2449	13621517	13622174	6.12e-156	555
NC_003074.8:14538427-14544984	NC_003070.9	87.866	478	40	4	1986	2461	16051507	16051046	3.68e-153	545
NC_003074.8:14538427-14544984	NC_003070.9	81.636	697	88	30	1796	2483	14208325	14207660	4.76e-152	542
NC_003074.8:14538427-14544984	NC_003070.9	80.234	769	110	28	1694	2449	13300253	13300992	1.71e-151	540
NC_003074.8:14538427-14544984	NC_003070.9	86.481	503	49	11	1986	2485	13780171	13780657	7.97e-150	534
NC_003074.8:14538427-14544984	NC_003070.9	79.328	803	120	35	1693	2483	17407797	17408565	6.20e-146	521
NC_003074.8:14538427-14544984	NC_003070.9	80.501	718	104	23	1776	2483	16406732	16407423	8.02e-145	518
NC_003074.8:14538427-14544984	NC_003070.9	80.663	724	91	37	1775	2483	13402655	13401966	2.89e-144	516
NC_003074.8:14538427-14544984	NC_003070.9	87.124	466	43	9	1986	2449	13599503	13599053	3.73e-143	512
NC_003074.8:14538427-14544984	NC_003070.9	81.505	638	97	12	3210	3828	14285422	14284787	6.25e-141	505
NC_003074.8:14538427-14544984	NC_003070.9	80.832	673	94	22	1770	2432	15771087	15771734	3.76e-138	496
NC_003074.8:14538427-14544984	NC_003070.9	80.838	668	94	23	1772	2431	15735665	15736306	1.35e-137	494
NC_003074.8:14538427-14544984	NC_003070.9	81.571	624	81	20	1835	2448	16080532	16079933	8.14e-135	484
NC_003074.8:14538427-14544984	NC_003070.9	80.444	675	97	27	1694	2360	14664125	14664772	2.93e-134	483
NC_003074.8:14538427-14544984	NC_003070.9	79.555	719	109	27	1776	2483	13292855	13293546	3.79e-133	479
NC_003074.8:14538427-14544984	NC_003070.9	81.250	608	78	25	1776	2374	13507199	13507779	4.93e-127	459
NC_003074.8:14538427-14544984	NC_003070.9	77.133	844	156	34	1653	2478	12848767	12847943	6.38e-126	455
NC_003074.8:14538427-14544984	NC_003070.9	80.968	599	84	22	1776	2368	14661715	14662289	1.07e-123	448
NC_003074.8:14538427-14544984	NC_003070.9	80.968	599	84	22	1776	2368	14717863	14717289	1.07e-123	448
NC_003074.8:14538427-14544984	NC_003070.9	80.968	599	84	22	1776	2368	14746644	14747218	1.07e-123	448
NC_003074.8:14538427-14544984	NC_003070.9	88.767	365	36	5	2577	2939	16394351	16393990	4.97e-122	442
NC_003074.8:14538427-14544984	NC_003070.9	87.013	385	44	6	2561	2942	15598047	15597666	3.87e-118	429
NC_003074.8:14538427-14544984	NC_003070.9	83.507	479	59	15	2480	2942	15848133	15848607	3.87e-118	429
NC_003074.8:14538427-14544984	NC_003070.9	83.093	485	58	11	1970	2448	16114772	16114306	2.33e-115	420
NC_003074.8:14538427-14544984	NC_003070.9	82.573	482	66	11	2478	2942	15750075	15749595	5.04e-112	409
NC_003074.8:14538427-14544984	NC_003070.9	86.269	386	37	3	1989	2374	13398475	13398106	6.52e-111	405
NC_003074.8:14538427-14544984	NC_003070.9	87.293	362	28	7	2119	2478	14097914	14098259	1.09e-108	398
NC_003074.8:14538427-14544984	NC_003070.9	77.700	713	100	37	1781	2483	15586769	15586106	1.10e-103	381
NC_003074.8:14538427-14544984	NC_003070.9	90.975	277	17	5	2939	3210	17206252	17205979	3.08e-99	366
NC_003074.8:14538427-14544984	NC_003070.9	90.141	284	18	7	2939	3216	17204199	17203920	1.43e-97	361
NC_003074.8:14538427-14544984	NC_003070.9	84.078	358	51	6	2588	2942	15692585	15692231	1.86e-91	340
NC_003074.8:14538427-14544984	NC_003070.9	76.072	723	130	32	1775	2483	16463520	16462827	2.41e-90	337
NC_003074.8:14538427-14544984	NC_003070.9	78.669	511	81	22	1775	2278	15755707	15755218	1.13e-83	315
NC_003074.8:14538427-14544984	NC_003070.9	78.227	519	85	26	1775	2283	15698426	15697926	1.89e-81	307
NC_003074.8:14538427-14544984	NC_003070.9	86.957	276	29	5	17	286	13178855	13178581	2.45e-80	303
NC_003074.8:14538427-14544984	NC_003070.9	85.121	289	31	9	1	283	14282421	14282139	8.86e-75	285
NC_003074.8:14538427-14544984	NC_003070.9	78.505	428	63	15	2061	2483	15719731	15719328	2.50e-65	254
NC_003074.8:14538427-14544984	NC_003070.9	87.500	216	25	2	6344	6558	14282952	14282738	1.16e-63	248
NC_003074.8:14538427-14544984	NC_003070.9	92.216	167	10	2	866	1029	17206325	17206159	3.26e-59	233
NC_003074.8:14538427-14544984	NC_003070.9	86.190	210	29	0	2732	2941	15429343	15429552	1.51e-57	228
NC_003074.8:14538427-14544984	NC_003070.9	91.304	161	12	1	871	1029	17204266	17204106	9.11e-55	219
NC_003074.8:14538427-14544984	NC_003070.9	76.744	430	63	33	1694	2106	13930011	13929602	7.10e-51	206
NC_003074.8:14538427-14544984	NC_003070.9	92.308	143	10	1	4786	4928	14284349	14284208	9.18e-50	202
NC_003074.8:14538427-14544984	NC_003070.9	76.442	416	63	31	1707	2106	13936056	13935660	5.52e-47	193
NC_003074.8:14538427-14544984	NC_003070.9	72.237	778	146	54	1728	2479	14313036	14312303	5.56e-42	176
NC_003074.8:14538427-14544984	NC_003070.9	89.313	131	14	0	2353	2483	14108057	14108187	1.20e-38	165
NC_003074.8:14538427-14544984	NC_003070.9	77.866	253	36	17	1775	2020	17406541	17406780	7.30e-31	139
NC_003074.8:14538427-14544984	NC_003070.9	75.000	336	60	20	1776	2101	15428470	15428791	3.40e-29	134
NC_003074.8:14538427-14544984	NC_003070.9	83.459	133	15	7	5957	6086	11520670	11520542	3.42e-24	117
NC_003074.8:14538427-14544984	NC_003070.9	86.420	81	11	0	2369	2449	13515964	13516044	7.46e-16	89.8
NC_003074.8:14538427-14544984	NC_003075.7	88.788	1436	102	16	1545	2946	1742383	1743793	0.0	1705
NC_003074.8:14538427-14544984	NC_003075.7	84.389	884	93	24	5706	6558	4539235	4538366	0.0	826
NC_003074.8:14538427-14544984	NC_003075.7	80.445	1079	175	24	4787	5858	11115625	11116674	0.0	791
NC_003074.8:14538427-14544984	NC_003075.7	81.549	981	143	27	1511	2483	4257891	4256941	0.0	774
NC_003074.8:14538427-14544984	NC_003075.7	80.204	1076	176	25	4787	5858	11044615	11043573	0.0	773
NC_003074.8:14538427-14544984	NC_003075.7	78.571	1232	171	64	1776	2947	3292566	3291368	0.0	726
NC_003074.8:14538427-14544984	NC_003075.7	81.299	770	100	31	1694	2449	4741210	4741949	7.80e-165	584
NC_003074.8:14538427-14544984	NC_003075.7	82.133	722	92	28	1776	2485	5021350	5020654	7.80e-165	584
NC_003074.8:14538427-14544984	NC_003075.7	80.726	799	113	26	1694	2480	5401743	5402512	7.80e-165	584
NC_003074.8:14538427-14544984	NC_003075.7	80.400	801	121	23	1694	2485	3568532	3567759	1.31e-162	577
NC_003074.8:14538427-14544984	NC_003075.7	80.175	802	117	29	1694	2483	3934559	3935330	3.66e-158	562
NC_003074.8:14538427-14544984	NC_003075.7	81.373	714	104	22	1776	2483	4542939	4543629	6.12e-156	555
NC_003074.8:14538427-14544984	NC_003075.7	88.938	452	46	4	2488	2939	5662623	5662176	6.12e-156	555
NC_003074.8:14538427-14544984	NC_003075.7	81.883	701	82	27	1776	2464	4588452	4587785	2.85e-154	549
NC_003074.8:14538427-14544984	NC_003075.7	82.398	659	83	18	1800	2449	4155586	4156220	1.32e-152	544
NC_003074.8:14538427-14544984	NC_003075.7	81.832	666	92	17	1789	2449	3112309	3112950	2.87e-149	532
NC_003074.8:14538427-14544984	NC_003075.7	80.919	718	98	23	1775	2483	3333167	3333854	1.03e-148	531
NC_003074.8:14538427-14544984	NC_003075.7	88.584	438	44	5	2482	2917	4442590	4443023	1.33e-147	527
NC_003074.8:14538427-14544984	NC_003075.7	79.692	778	118	26	1694	2459	3150183	3149434	4.80e-147	525
NC_003074.8:14538427-14544984	NC_003075.7	87.339	466	42	4	1986	2449	3613637	3613187	8.02e-145	518
NC_003074.8:14538427-14544984	NC_003075.7	78.870	814	137	32	1688	2483	5091340	5090544	8.02e-145	518
NC_003074.8:14538427-14544984	NC_003075.7	79.763	761	114	26	1694	2443	4401076	4401807	2.89e-144	516
NC_003074.8:14538427-14544984	NC_003075.7	87.013	462	54	5	2482	2942	5667105	5666649	2.89e-144	516
NC_003074.8:14538427-14544984	NC_003075.7	80.980	694	92	23	1800	2483	5396729	5397392	1.04e-143	514
NC_003074.8:14538427-14544984	NC_003075.7	86.737	475	44	6	1988	2459	4859512	4859054	1.34e-142	510
NC_003074.8:14538427-14544984	NC_003075.7	86.938	467	44	12	1986	2451	4053410	4052960	4.83e-142	508
NC_003074.8:14538427-14544984	NC_003075.7	86.910	466	43	5	1986	2449	3929444	3929893	1.74e-141	507
NC_003074.8:14538427-14544984	NC_003075.7	86.853	464	44	4	1987	2449	3517815	3517368	2.25e-140	503
NC_003074.8:14538427-14544984	NC_003075.7	80.804	672	102	24	2283	2942	4536783	4536127	8.08e-140	501
NC_003074.8:14538427-14544984	NC_003075.7	75.758	1188	181	64	1775	2939	3673438	3674541	2.91e-139	499
NC_003074.8:14538427-14544984	NC_003075.7	85.774	478	54	8	2478	2942	4260646	4260170	1.35e-137	494
NC_003074.8:14538427-14544984	NC_003075.7	86.304	460	40	17	1993	2449	5033202	5032763	3.79e-133	479
NC_003074.8:14538427-14544984	NC_003075.7	80.000	695	95	33	1694	2376	4126095	4126757	1.76e-131	473
NC_003074.8:14538427-14544984	NC_003075.7	77.846	817	128	38	1695	2483	3031670	3030879	1.77e-126	457
NC_003074.8:14538427-14544984	NC_003075.7	83.466	502	63	16	1971	2469	4442057	4442541	2.97e-124	449
NC_003074.8:14538427-14544984	NC_003075.7	81.195	569	84	22	1694	2253	4160974	4161528	2.31e-120	436
NC_003074.8:14538427-14544984	NC_003075.7	87.047	386	42	7	2557	2937	5031269	5031651	3.87e-118	429
NC_003074.8:14538427-14544984	NC_003075.7	88.102	353	38	3	2588	2939	5090346	5089997	3.01e-114	416
NC_003074.8:14538427-14544984	NC_003075.7	86.375	389	41	10	2561	2941	4256020	4255636	1.08e-113	414
NC_003074.8:14538427-14544984	NC_003075.7	84.259	432	51	11	2478	2907	5038662	5038246	6.52e-111	405
NC_003074.8:14538427-14544984	NC_003075.7	87.679	349	39	4	2596	2942	5010735	5011081	2.34e-110	403
NC_003074.8:14538427-14544984	NC_003075.7	80.847	543	77	5	1028	1547	5035284	5034746	8.43e-110	401
NC_003074.8:14538427-14544984	NC_003075.7	83.117	462	52	5	2480	2939	2053318	2052881	1.09e-108	398
NC_003074.8:14538427-14544984	NC_003075.7	78.363	684	96	33	1776	2448	4870037	4869395	3.92e-108	396
NC_003074.8:14538427-14544984	NC_003075.7	85.561	374	49	4	2569	2940	4597559	4597929	2.36e-105	387
NC_003074.8:14538427-14544984	NC_003075.7	82.553	470	51	13	1031	1476	4258346	4257884	8.49e-105	385
NC_003074.8:14538427-14544984	NC_003075.7	82.289	463	61	13	2480	2939	4493888	4493444	1.10e-103	381
NC_003074.8:14538427-14544984	NC_003075.7	85.263	380	40	7	2560	2937	4255637	4255272	1.42e-102	377
NC_003074.8:14538427-14544984	NC_003075.7	89.145	304	31	2	1583	1885	5034738	5034436	1.42e-102	377
NC_003074.8:14538427-14544984	NC_003075.7	80.583	515	74	25	1689	2191	5663457	5662957	1.84e-101	374
NC_003074.8:14538427-14544984	NC_003075.7	83.099	426	53	5	2060	2483	4295557	4295149	2.38e-100	370
NC_003074.8:14538427-14544984	NC_003075.7	81.314	487	59	20	2479	2939	1818843	1819323	3.08e-99	366
NC_003074.8:14538427-14544984	NC_003075.7	77.649	689	96	27	1772	2449	3404013	3404654	3.08e-99	366
NC_003074.8:14538427-14544984	NC_003075.7	84.615	364	38	11	2124	2485	3572109	3571762	4.01e-93	346
NC_003074.8:14538427-14544984	NC_003075.7	80.430	465	71	12	2480	2942	4525711	4525265	2.41e-90	337
NC_003074.8:14538427-14544984	NC_003075.7	75.939	719	117	36	1776	2483	3000865	3000192	8.74e-85	318
NC_003074.8:14538427-14544984	NC_003075.7	75.546	732	125	42	1778	2483	2054055	2053352	1.46e-82	311
NC_003074.8:14538427-14544984	NC_003075.7	81.586	353	55	7	2588	2939	5346682	5347025	3.19e-74	283
NC_003074.8:14538427-14544984	NC_003075.7	75.436	688	110	47	1774	2432	5667849	5667192	4.12e-73	279
NC_003074.8:14538427-14544984	NC_003075.7	86.090	266	29	6	26	284	5875310	5875046	4.12e-73	279
NC_003074.8:14538427-14544984	NC_003075.7	86.090	266	29	6	26	284	5892613	5892349	4.12e-73	279
NC_003074.8:14538427-14544984	NC_003075.7	86.090	266	29	6	26	284	5901582	5901318	4.12e-73	279
NC_003074.8:14538427-14544984	NC_003075.7	78.468	483	58	22	2478	2937	4545077	4544618	1.92e-71	274
NC_003074.8:14538427-14544984	NC_003075.7	85.714	266	30	6	26	284	5858013	5857749	1.92e-71	274
NC_003074.8:14538427-14544984	NC_003075.7	79.898	393	59	17	1776	2162	4261201	4260823	2.48e-70	270
NC_003074.8:14538427-14544984	NC_003075.7	74.403	754	121	49	1728	2455	2852051	2851344	1.93e-66	257
NC_003074.8:14538427-14544984	NC_003075.7	90.355	197	15	2	2745	2939	3030642	3030448	6.95e-66	255
NC_003074.8:14538427-14544984	NC_003075.7	80.381	367	47	24	1699	2053	5120475	5120828	6.95e-66	255
NC_003074.8:14538427-14544984	NC_003075.7	85.903	227	30	2	3210	3435	11110990	11111215	1.95e-61	241
NC_003074.8:14538427-14544984	NC_003075.7	89.080	174	19	0	6214	6387	3685670	3685497	3.28e-54	217
NC_003074.8:14538427-14544984	NC_003075.7	86.702	188	23	2	2753	2939	5034439	5034253	1.97e-51	207
NC_003074.8:14538427-14544984	NC_003075.7	74.639	485	76	39	1728	2190	4524560	4525019	2.59e-40	171
NC_003074.8:14538427-14544984	NC_003075.7	81.013	237	23	8	2216	2449	4736312	4736529	9.31e-40	169
NC_003074.8:14538427-14544984	NC_003075.7	83.333	186	27	4	1776	1959	5039017	5038834	9.31e-40	169
NC_003074.8:14538427-14544984	NC_003075.7	87.500	144	16	1	2308	2449	4161529	4161672	1.20e-38	165
NC_003074.8:14538427-14544984	NC_003075.7	81.871	171	28	3	2792	2961	3719023	3719191	2.03e-31	141
NC_003074.8:14538427-14544984	NC_003075.7	83.660	153	20	5	1728	1876	4134564	4134413	7.30e-31	139
NC_003074.8:14538427-14544984	NC_003075.7	86.066	122	15	2	5959	6079	3685879	3685759	4.39e-28	130
NC_003074.8:14538427-14544984	NC_003075.7	91.111	90	7	1	2854	2942	5096438	5096349	2.64e-25	121
NC_003074.8:14538427-14544984	NC_003075.7	88.372	86	8	2	1775	1859	2864894	2864810	9.58e-20	102
NC_003074.8:14538427-14544984	NC_003075.7	81.667	120	17	3	2368	2483	4309187	4309069	1.60e-17	95.3
NC_003074.8:14538427-14544984	NC_003075.7	98.148	54	1	0	2430	2483	4536669	4536616	1.60e-17	95.3
NC_003074.8:14538427-14544984	NC_003075.7	85.915	71	10	0	2391	2461	4944249	4944179	5.81e-12	76.8
NC_003074.8:14538427-14544984	NC_003076.8	88.703	1195	87	15	1776	2939	13129776	13130953	0.0	1415
NC_003074.8:14538427-14544984	NC_003076.8	85.762	1208	108	20	1776	2939	11288894	11290081	0.0	1219
NC_003074.8:14538427-14544984	NC_003076.8	88.624	923	71	15	1033	1929	11302661	11301747	0.0	1092
NC_003074.8:14538427-14544984	NC_003076.8	80.313	1468	223	52	1511	2939	10664425	10665865	0.0	1050
NC_003074.8:14538427-14544984	NC_003076.8	82.035	796	116	15	1142	1930	13136138	13136913	0.0	652
NC_003074.8:14538427-14544984	NC_003076.8	81.510	768	101	32	1694	2449	11338318	11337580	1.30e-167	593
NC_003074.8:14538427-14544984	NC_003076.8	80.846	804	108	27	1694	2483	11101418	11102189	1.68e-166	590
NC_003074.8:14538427-14544984	NC_003076.8	81.429	770	99	37	1694	2449	11160795	11160056	1.68e-166	590
NC_003074.8:14538427-14544984	NC_003076.8	82.148	717	94	25	1776	2483	12789595	12790286	7.80e-165	584
NC_003074.8:14538427-14544984	NC_003076.8	81.019	785	104	37	1712	2483	12936631	12935879	2.81e-164	582
NC_003074.8:14538427-14544984	NC_003076.8	80.549	802	112	29	1694	2483	11600595	11599826	1.31e-162	577
NC_003074.8:14538427-14544984	NC_003076.8	81.919	719	92	25	1776	2483	10088749	10088058	1.69e-161	573
NC_003074.8:14538427-14544984	NC_003076.8	80.720	778	111	29	1694	2461	11146698	11147446	2.18e-160	569
NC_003074.8:14538427-14544984	NC_003076.8	82.628	685	79	32	1776	2449	11318632	11317977	2.18e-160	569
NC_003074.8:14538427-14544984	NC_003076.8	82.456	684	84	30	1776	2449	11166120	11165463	2.83e-159	566
NC_003074.8:14538427-14544984	NC_003076.8	84.245	603	60	17	2375	2943	12801712	12802313	6.12e-156	555
NC_003074.8:14538427-14544984	NC_003076.8	84.245	603	60	17	2375	2943	12843681	12844282	6.12e-156	555
NC_003074.8:14538427-14544984	NC_003076.8	81.311	717	99	20	1776	2483	11134241	11134931	2.85e-154	549
NC_003074.8:14538427-14544984	NC_003076.8	80.129	775	119	25	1694	2461	12299277	12300023	3.68e-153	545
NC_003074.8:14538427-14544984	NC_003076.8	80.443	767	107	26	1694	2449	13147653	13148387	3.68e-153	545
NC_003074.8:14538427-14544984	NC_003076.8	82.496	657	80	25	1803	2449	12096703	12096072	1.32e-152	544
NC_003074.8:14538427-14544984	NC_003076.8	87.846	469	48	9	2478	2942	10736279	10735816	4.76e-152	542
NC_003074.8:14538427-14544984	NC_003076.8	81.778	686	86	24	1776	2449	11375647	11376305	6.16e-151	538
NC_003074.8:14538427-14544984	NC_003076.8	81.232	698	95	28	1796	2483	11489612	11488941	1.03e-148	531
NC_003074.8:14538427-14544984	NC_003076.8	81.433	684	90	27	1776	2449	10589047	10588391	4.80e-147	525
NC_003074.8:14538427-14544984	NC_003076.8	86.228	501	49	12	1986	2483	12316291	12316774	4.80e-147	525
NC_003074.8:14538427-14544984	NC_003076.8	80.614	717	106	25	1775	2483	10725636	10726327	1.72e-146	523
NC_003074.8:14538427-14544984	NC_003076.8	88.053	452	36	9	2000	2449	10939362	10938927	2.23e-145	520
NC_003074.8:14538427-14544984	NC_003076.8	80.417	720	106	21	1773	2483	11606044	11605351	2.89e-144	516
NC_003074.8:14538427-14544984	NC_003076.8	80.742	701	101	21	1771	2461	11972869	11973545	2.89e-144	516
NC_003074.8:14538427-14544984	NC_003076.8	85.629	501	52	6	1986	2483	11074191	11074674	4.83e-142	508
NC_003074.8:14538427-14544984	NC_003076.8	85.600	500	53	9	1986	2483	13225861	13225379	1.74e-141	507
NC_003074.8:14538427-14544984	NC_003076.8	79.584	769	97	44	1694	2449	10583726	10583005	3.76e-138	496
NC_003074.8:14538427-14544984	NC_003076.8	80.000	720	105	26	1776	2483	13131967	13132659	3.76e-138	496
NC_003074.8:14538427-14544984	NC_003076.8	85.170	499	54	7	1988	2483	12322074	12322555	1.35e-137	494
NC_003074.8:14538427-14544984	NC_003076.8	85.412	473	54	12	2491	2952	12889962	12889494	1.36e-132	477
NC_003074.8:14538427-14544984	NC_003076.8	85.837	466	41	16	2482	2942	11224370	11224815	6.34e-131	472
NC_003074.8:14538427-14544984	NC_003076.8	79.854	685	105	26	1775	2446	10908589	10909253	2.28e-130	470
NC_003074.8:14538427-14544984	NC_003076.8	85.084	476	54	12	1986	2461	11479690	11479232	2.28e-130	470
NC_003074.8:14538427-14544984	NC_003076.8	85.806	465	40	16	2480	2939	13044802	13045245	2.28e-130	470
NC_003074.8:14538427-14544984	NC_003076.8	85.560	464	42	12	1988	2449	13142442	13142882	3.81e-128	462
NC_003074.8:14538427-14544984	NC_003076.8	85.313	463	47	12	2482	2941	11205844	11205400	4.93e-127	459
NC_003074.8:14538427-14544984	NC_003076.8	85.360	444	46	7	2019	2461	12443642	12443217	4.97e-122	442
NC_003074.8:14538427-14544984	NC_003076.8	79.472	682	92	27	1775	2449	12242363	12241723	1.79e-121	440
NC_003074.8:14538427-14544984	NC_003076.8	84.402	468	47	16	2480	2939	12230203	12229754	2.31e-120	436
NC_003074.8:14538427-14544984	NC_003076.8	83.117	462	61	11	2480	2939	11293692	11293246	6.52e-111	405
NC_003074.8:14538427-14544984	NC_003076.8	88.485	330	33	1	1147	1476	10664108	10664432	1.41e-107	394
NC_003074.8:14538427-14544984	NC_003076.8	83.333	432	64	7	2482	2910	11301177	11300751	5.07e-107	392
NC_003074.8:14538427-14544984	NC_003076.8	77.446	736	114	38	1776	2483	12890713	12890002	5.07e-107	392
NC_003074.8:14538427-14544984	NC_003076.8	85.434	357	49	3	2588	2942	11304867	11304512	8.55e-100	368
NC_003074.8:14538427-14544984	NC_003076.8	90.975	277	17	5	2939	3210	9272206	9272479	3.08e-99	366
NC_003074.8:14538427-14544984	NC_003076.8	90.975	277	17	5	2939	3210	9274259	9274532	3.08e-99	366
NC_003074.8:14538427-14544984	NC_003076.8	81.481	459	52	19	2488	2942	12668903	12668474	4.01e-93	346
NC_003074.8:14538427-14544984	NC_003076.8	82.126	414	59	13	1776	2186	10663702	10664103	1.86e-91	340
NC_003074.8:14538427-14544984	NC_003076.8	81.153	451	59	19	2480	2925	12609307	12608878	6.71e-91	339
NC_003074.8:14538427-14544984	NC_003076.8	85.953	299	25	3	2153	2449	11205073	11205356	2.45e-80	303
NC_003074.8:14538427-14544984	NC_003076.8	84.356	326	33	4	2126	2449	11356184	11355875	2.45e-80	303
NC_003074.8:14538427-14544984	NC_003076.8	84.722	288	38	4	2	283	14688699	14688986	3.19e-74	283
NC_003074.8:14538427-14544984	NC_003076.8	94.022	184	10	1	2760	2942	13040450	13040633	1.48e-72	278
NC_003074.8:14538427-14544984	NC_003076.8	85.145	276	31	8	17	285	15856674	15856946	1.92e-71	274
NC_003074.8:14538427-14544984	NC_003076.8	82.927	287	31	12	2162	2445	11332427	11332156	5.41e-62	243
NC_003074.8:14538427-14544984	NC_003076.8	89.730	185	14	5	2302	2483	10736492	10736310	1.17e-58	231
NC_003074.8:14538427-14544984	NC_003076.8	92.547	161	10	1	871	1029	9274192	9274352	4.21e-58	230
NC_003074.8:14538427-14544984	NC_003076.8	92.500	160	10	1	872	1029	9272140	9272299	1.51e-57	228
NC_003074.8:14538427-14544984	NC_003076.8	76.794	418	71	21	1700	2106	13044006	13044408	1.53e-52	211
NC_003074.8:14538427-14544984	NC_003076.8	83.085	201	30	4	1700	1897	12610103	12609904	4.30e-43	180
NC_003074.8:14538427-14544984	NC_003076.8	87.013	154	17	3	2331	2483	11486986	11486835	2.59e-40	171
NC_003074.8:14538427-14544984	NC_003076.8	85.915	142	14	5	3210	3349	3247446	3247583	4.36e-33	147
NC_003074.8:14538427-14544984	NC_003076.8	85.816	141	16	3	3210	3349	3252115	3251978	4.36e-33	147
NC_003074.8:14538427-14544984	NC_003076.8	84.058	138	14	7	5956	6087	11047111	11046976	5.68e-27	126
NC_003074.8:14538427-14544984	NC_003076.8	85.950	121	14	3	5956	6076	12249358	12249475	5.68e-27	126
NC_003074.8:14538427-14544984	NC_003076.8	85.039	127	16	3	1796	1920	13039667	13039792	5.68e-27	126
NC_003074.8:14538427-14544984	NC_003076.8	94.667	75	4	0	2409	2483	12801714	12801640	3.42e-24	117
NC_003074.8:14538427-14544984	NC_003076.8	94.667	75	4	0	2409	2483	12843683	12843609	3.42e-24	117
NC_003074.8:14538427-14544984	NC_003076.8	83.471	121	14	6	1778	1894	10564020	10564138	2.06e-21	108
NC_003074.8:14538427-14544984	NC_003076.8	79.470	151	21	9	2791	2936	10909639	10909784	1.24e-18	99.0
NC_003074.8:14538427-14544984	NC_003076.8	77.564	156	29	6	1694	1847	12321377	12321528	7.46e-16	89.8
NC_003074.8:14501561-14503152	NC_003074.8	100.000	1592	0	0	1	1592	14501561	14503152	0.0	2940
NC_003074.8:14501561-14503152	NC_003070.9	82.927	1394	158	37	1	1355	13840827	13842179	0.0	1182
NC_003074.8:14501561-14503152	NC_003070.9	86.076	237	32	1	1356	1592	13842382	13842617	5.99e-66	254
NC_003074.8:14501561-14503152	NC_003075.7	85.867	750	76	17	1	725	3505890	3506634	0.0	771
NC_003074.8:14501561-14503152	NC_003075.7	87.712	236	29	0	1356	1591	3507424	3507659	1.28e-72	276
NC_003074.8:14501561-14503152	NC_003071.7	81.829	853	98	23	1	807	3142246	3141405	0.0	664
NC_003074.8:14501561-14503152	NC_003071.7	86.486	222	30	0	1356	1577	3141147	3140926	3.60e-63	244
NC_003074.8:14501561-14503152	NC_003071.7	83.898	236	37	1	1356	1591	3552657	3552891	4.70e-57	224
NC_003074.8:14559079-14559859	NC_003074.8	100.000	781	0	0	1	781	14559079	14559859	0.0	1443
NC_003074.8:14559079-14559859	NC_003074.8	95.519	781	32	3	1	780	15874738	15873960	0.0	1245
NC_003074.8:14559079-14559859	NC_003074.8	95.396	782	35	1	1	781	8874895	8875676	0.0	1243
NC_003074.8:14559079-14559859	NC_003074.8	92.794	791	45	10	1	780	8883276	8884065	0.0	1134
NC_003074.8:14559079-14559859	NC_003074.8	88.985	808	57	16	2	780	12359526	12358722	0.0	970
NC_003074.8:14559079-14559859	NC_003074.8	88.266	767	49	21	25	751	18927969	18928734	0.0	880
NC_003074.8:14559079-14559859	NC_003074.8	93.531	572	35	2	210	780	10417102	10417672	0.0	850
NC_003074.8:14559079-14559859	NC_003074.8	93.182	572	37	2	210	780	16185942	16185372	0.0	839
NC_003074.8:14559079-14559859	NC_003074.8	93.158	570	27	8	213	780	7766080	7765521	0.0	826
NC_003074.8:14559079-14559859	NC_003074.8	89.617	549	41	4	233	780	7714084	7713551	0.0	684
NC_003074.8:14559079-14559859	NC_003074.8	96.087	230	7	2	1	229	7766845	7766617	2.13e-102	374
NC_003074.8:14559079-14559859	NC_003074.8	91.139	237	16	5	494	727	12384105	12384339	3.63e-85	316
NC_003074.8:14559079-14559859	NC_003074.8	92.130	216	12	4	1	214	10416864	10417076	3.66e-80	300
NC_003074.8:14559079-14559859	NC_003074.8	91.981	212	15	2	2	212	16186180	16185970	4.73e-79	296
NC_003074.8:14559079-14559859	NC_003074.8	87.850	214	11	3	2	214	7714349	7714150	2.91e-61	237
NC_003074.8:14559079-14559859	NC_003074.8	83.092	207	19	6	2	206	9361785	9361977	2.31e-42	174
NC_003074.8:14559079-14559859	NC_003074.8	86.111	72	6	4	1	70	13823339	13823408	2.41e-12	75.0
NC_003074.8:14559079-14559859	NC_003074.8	88.333	60	5	2	1	59	8492131	8492073	3.12e-11	71.3
NC_003074.8:14559079-14559859	NC_003074.8	80.851	94	13	4	1	93	14127408	14127497	1.12e-10	69.4
NC_003074.8:14559079-14559859	NC_003074.8	80.851	94	13	4	1	93	14142997	14143086	1.12e-10	69.4
NC_003074.8:14559079-14559859	NC_003074.8	100.000	34	0	0	1	34	12061956	12061989	5.23e-09	63.9
NC_003074.8:14559079-14559859	NC_003074.8	84.058	69	7	4	2	68	17150761	17150695	5.23e-09	63.9
NC_003074.8:14559079-14559859	NC_003074.8	79.570	93	14	4	2	93	22215960	22215872	1.88e-08	62.1
NC_003074.8:14559079-14559859	NC_003074.8	100.000	31	0	0	2	32	10201567	10201537	2.43e-07	58.4
NC_003074.8:14559079-14559859	NC_003074.8	97.059	34	1	0	1	34	11864306	11864273	2.43e-07	58.4
NC_003074.8:14559079-14559859	NC_003074.8	81.818	66	11	1	6	70	10049547	10049482	3.15e-06	54.7
NC_003074.8:14559079-14559859	NC_003076.8	95.262	781	34	3	2	780	17360102	17359323	0.0	1234
NC_003074.8:14559079-14559859	NC_003076.8	88.575	814	49	14	2	780	10187480	10188284	0.0	948
NC_003074.8:14559079-14559859	NC_003076.8	88.337	806	65	19	1	780	13786536	13787338	0.0	941
NC_003074.8:14559079-14559859	NC_003076.8	88.054	812	64	14	2	781	16211360	16212170	0.0	931
NC_003074.8:14559079-14559859	NC_003076.8	88.133	809	61	16	6	780	5802087	5801280	0.0	929
NC_003074.8:14559079-14559859	NC_003076.8	90.925	573	33	10	210	780	21174663	21175218	0.0	752
NC_003074.8:14559079-14559859	NC_003076.8	93.075	361	24	1	237	596	19019275	19018915	1.54e-148	527
NC_003074.8:14559079-14559859	NC_003076.8	94.419	215	11	1	1	214	21174423	21174637	4.67e-89	329
NC_003074.8:14559079-14559859	NC_003076.8	92.308	195	14	1	587	780	19018814	19018620	6.17e-73	276
NC_003074.8:14559079-14559859	NC_003076.8	88.333	120	12	2	1	119	10924354	10924236	6.53e-33	143
NC_003074.8:14559079-14559859	NC_003076.8	88.525	61	7	0	1	61	3903104	3903164	2.41e-12	75.0
NC_003074.8:14559079-14559859	NC_003076.8	88.525	61	5	2	2	61	10369950	10370009	8.68e-12	73.1
NC_003074.8:14559079-14559859	NC_003076.8	87.097	62	6	2	1	61	10271035	10270975	1.12e-10	69.4
NC_003074.8:14559079-14559859	NC_003076.8	86.885	61	6	2	2	61	9616973	9616914	4.04e-10	67.6
NC_003074.8:14559079-14559859	NC_003076.8	80.645	93	13	4	2	93	13829286	13829198	4.04e-10	67.6
NC_003074.8:14559079-14559859	NC_003076.8	86.885	61	6	2	2	61	18554907	18554966	4.04e-10	67.6
NC_003074.8:14559079-14559859	NC_003076.8	100.000	33	0	0	2	34	11641110	11641078	1.88e-08	62.1
NC_003074.8:14559079-14559859	NC_003076.8	96.970	33	1	0	2	34	22620858	22620890	8.75e-07	56.5
NC_003074.8:14559079-14559859	NC_003070.9	89.388	801	60	8	2	780	18320603	18321400	0.0	985
NC_003074.8:14559079-14559859	NC_003070.9	88.916	812	58	15	1	781	18632948	18632138	0.0	972
NC_003074.8:14559079-14559859	NC_003070.9	88.308	804	53	12	1	781	5799522	5798737	0.0	926
NC_003074.8:14559079-14559859	NC_003070.9	93.902	574	32	3	210	780	3024056	3023483	0.0	863
NC_003074.8:14559079-14559859	NC_003070.9	92.427	581	33	5	210	781	19780877	19780299	0.0	819
NC_003074.8:14559079-14559859	NC_003070.9	91.652	575	43	5	210	781	1194882	1194310	0.0	791
NC_003074.8:14559079-14559859	NC_003070.9	92.125	546	30	9	213	755	26880739	26880204	0.0	758
NC_003074.8:14559079-14559859	NC_003070.9	95.197	229	9	2	2	229	26881503	26881276	1.65e-98	361
NC_003074.8:14559079-14559859	NC_003070.9	83.824	204	15	10	25	212	19781106	19780905	1.79e-43	178
NC_003074.8:14559079-14559859	NC_003070.9	82.126	207	22	9	1	206	9138320	9138128	5.01e-39	163
NC_003074.8:14559079-14559859	NC_003070.9	89.286	56	4	2	1	55	9862693	9862747	1.12e-10	69.4
NC_003074.8:14559079-14559859	NC_003070.9	89.286	56	4	2	1	55	26551572	26551626	1.12e-10	69.4
NC_003074.8:14559079-14559859	NC_003070.9	100.000	32	0	0	2	33	19054421	19054452	6.76e-08	60.2
NC_003074.8:14559079-14559859	NC_003070.9	84.483	58	7	1	1	56	11298494	11298551	8.75e-07	56.5
NC_003074.8:14559079-14559859	NC_003075.7	89.039	812	52	19	2	780	8421906	8421099	0.0	972
NC_003074.8:14559079-14559859	NC_003075.7	87.284	810	57	21	1	778	6944558	6943763	0.0	883
NC_003074.8:14559079-14559859	NC_003075.7	87.176	811	61	21	2	781	5837168	5836370	0.0	881
NC_003074.8:14559079-14559859	NC_003075.7	93.357	557	33	4	210	764	18232885	18232331	0.0	821
NC_003074.8:14559079-14559859	NC_003075.7	92.133	572	40	4	213	780	4948825	4948255	0.0	802
NC_003074.8:14559079-14559859	NC_003075.7	89.860	572	31	3	210	780	5478888	5478343	0.0	710
NC_003074.8:14559079-14559859	NC_003075.7	87.835	411	19	4	2	381	1598444	1598854	2.65e-126	453
NC_003074.8:14559079-14559859	NC_003075.7	94.000	200	11	1	16	214	5479113	5478914	1.02e-80	302
NC_003074.8:14559079-14559859	NC_003075.7	90.164	61	4	2	2	61	11224159	11224218	1.87e-13	78.7
NC_003074.8:14559079-14559859	NC_003075.7	88.710	62	5	2	1	61	18426670	18426610	2.41e-12	75.0
NC_003074.8:14559079-14559859	NC_003075.7	85.915	71	6	4	2	70	9368715	9368783	8.68e-12	73.1
NC_003074.8:14559079-14559859	NC_003075.7	80.851	94	13	5	1	93	6339151	6339240	1.12e-10	69.4
NC_003074.8:14559079-14559859	NC_003075.7	80.851	94	13	4	1	93	9079469	9079380	1.12e-10	69.4
NC_003074.8:14559079-14559859	NC_003075.7	89.091	55	4	2	2	55	6140445	6140498	4.04e-10	67.6
NC_003074.8:14559079-14559859	NC_003075.7	86.667	60	6	2	1	59	5280340	5280282	1.45e-09	65.8
NC_003074.8:14559079-14559859	NC_003075.7	85.484	62	7	2	1	61	6157518	6157578	5.23e-09	63.9
NC_003074.8:14559079-14559859	NC_003075.7	100.000	33	0	0	2	34	5604459	5604491	1.88e-08	62.1
NC_003074.8:14559079-14559859	NC_003075.7	82.609	69	12	0	2	70	15816687	15816619	1.88e-08	62.1
NC_003074.8:14559079-14559859	NC_003071.7	93.902	574	31	4	210	780	8102927	8103499	0.0	863
NC_003074.8:14559079-14559859	NC_003071.7	93.019	573	38	2	210	781	6262634	6263205	0.0	835
NC_003074.8:14559079-14559859	NC_003071.7	92.670	573	34	4	210	780	6992377	6992943	0.0	819
NC_003074.8:14559079-14559859	NC_003071.7	91.812	574	43	4	210	780	4759635	4759063	0.0	797
NC_003074.8:14559079-14559859	NC_003071.7	94.161	137	6	2	210	345	2952225	2952360	2.28e-52	207
NC_003074.8:14559079-14559859	NC_003071.7	92.929	99	4	3	119	215	6992255	6992352	2.35e-32	141
NC_003074.8:14559079-14559859	NC_003071.7	98.246	57	1	0	158	214	6262553	6262609	3.98e-20	100
NC_003074.8:14559079-14559859	NC_003071.7	82.105	95	12	4	1	94	1076409	1076319	6.71e-13	76.8
NC_003074.8:14559079-14559859	NC_003071.7	81.720	93	12	4	2	93	2297111	2297199	8.68e-12	73.1
NC_003074.8:14559079-14559859	NC_003071.7	81.053	95	13	4	1	94	6288839	6288749	3.12e-11	71.3
NC_003074.8:14559079-14559859	NC_003071.7	84.722	72	7	4	1	70	6629875	6629806	1.12e-10	69.4
NC_003074.8:14559079-14559859	NC_003071.7	87.500	56	7	0	1	56	8236260	8236315	1.45e-09	65.8
NC_003074.8:14559079-14559859	NC_003071.7	87.500	56	5	2	1	55	3191790	3191736	5.23e-09	63.9
NC_003074.8:14559079-14559859	NC_003071.7	85.484	62	7	2	1	61	4355713	4355653	5.23e-09	63.9
NC_003074.8:14559079-14559859	NC_003071.7	100.000	31	0	0	2	32	1988687	1988717	2.43e-07	58.4
NC_003074.8:14559079-14559859	NC_003071.7	84.746	59	7	2	2	59	2139932	2139875	2.43e-07	58.4
NC_003074.8:14534761-14535257	NC_003074.8	100.000	497	0	0	1	497	14534761	14535257	0.0	918
NC_003074.8:14534761-14535257	NC_003075.7	90.675	504	34	8	1	497	3151949	3151452	0.0	658
NC_003074.8:11762550-11765882	NC_003074.8	100.000	3333	0	0	1	3333	11762550	11765882	0.0	6156
NC_003074.8:11762550-11765882	NC_003074.8	87.607	1396	126	29	1	1362	11110748	11112130	0.0	1576
NC_003074.8:11762550-11765882	NC_003074.8	92.461	1101	62	13	1792	2886	10865087	10864002	0.0	1554
NC_003074.8:11762550-11765882	NC_003074.8	93.346	1037	52	9	1792	2816	12017338	12016307	0.0	1517
NC_003074.8:11762550-11765882	NC_003074.8	88.631	1205	86	31	1612	2780	12465997	12467186	0.0	1419
NC_003074.8:11762550-11765882	NC_003074.8	87.788	999	74	26	1355	2313	10865703	10864713	0.0	1125
NC_003074.8:11762550-11765882	NC_003074.8	93.316	763	33	12	1611	2364	11374671	11373918	0.0	1110
NC_003074.8:11762550-11765882	NC_003074.8	82.516	1367	134	50	1804	3116	10293857	10295172	0.0	1103
NC_003074.8:11762550-11765882	NC_003074.8	89.335	722	48	20	1612	2312	12017679	12016966	0.0	880
NC_003074.8:11762550-11765882	NC_003074.8	85.982	799	63	29	1620	2384	10293575	10294358	0.0	809
NC_003074.8:11762550-11765882	NC_003074.8	87.518	697	65	14	2106	2785	13261031	13261722	0.0	785
NC_003074.8:11762550-11765882	NC_003074.8	94.643	448	23	1	1792	2238	12466341	12466788	0.0	693
NC_003074.8:11762550-11765882	NC_003074.8	94.634	410	16	3	1792	2196	10293918	10294326	5.00e-179	630
NC_003074.8:11762550-11765882	NC_003074.8	90.044	452	39	6	2332	2780	11373989	11373541	5.11e-164	580
NC_003074.8:11762550-11765882	NC_003074.8	87.967	482	36	11	1620	2092	13260852	13261320	1.44e-154	549
NC_003074.8:11762550-11765882	NC_003074.8	77.921	1010	129	55	1355	2312	11375008	11374041	6.70e-153	544
NC_003074.8:11762550-11765882	NC_003074.8	86.712	444	41	11	1926	2354	12466161	12466601	6.89e-133	477
NC_003074.8:11762550-11765882	NC_003074.8	87.648	421	33	12	1948	2354	12017494	12017079	3.21e-131	472
NC_003074.8:11762550-11765882	NC_003074.8	86.005	443	43	12	1926	2354	10865265	10864828	8.98e-127	457
NC_003074.8:11762550-11765882	NC_003074.8	85.185	459	43	13	1916	2354	10293724	10294177	5.41e-124	448
NC_003074.8:11762550-11765882	NC_003074.8	91.049	324	24	5	1916	2238	13261001	13261320	1.51e-119	433
NC_003074.8:11762550-11765882	NC_003074.8	87.368	380	31	10	1948	2313	11374490	11374114	1.18e-115	420
NC_003074.8:11762550-11765882	NC_003074.8	88.701	354	20	10	1348	1683	12017994	12017643	5.48e-114	414
NC_003074.8:11762550-11765882	NC_003074.8	87.071	379	31	11	1792	2166	11374331	11373967	1.97e-113	412
NC_003074.8:11762550-11765882	NC_003074.8	83.405	464	55	14	1792	2239	13334354	13334811	7.09e-113	411
NC_003074.8:11762550-11765882	NC_003074.8	86.807	379	30	12	1792	2166	12017180	12016818	3.30e-111	405
NC_003074.8:11762550-11765882	NC_003074.8	81.673	502	74	11	1862	2350	13334111	13334607	4.27e-110	401
NC_003074.8:11762550-11765882	NC_003074.8	82.937	463	60	11	1792	2239	13458425	13458883	1.54e-109	399
NC_003074.8:11762550-11765882	NC_003074.8	79.867	601	67	29	1792	2354	13458341	13458925	9.24e-107	390
NC_003074.8:11762550-11765882	NC_003074.8	85.789	380	34	12	1792	2166	10864930	10864566	4.30e-105	385
NC_003074.8:11762550-11765882	NC_003074.8	85.752	379	36	11	1949	2313	11764341	11764715	4.30e-105	385
NC_003074.8:11762550-11765882	NC_003074.8	85.752	379	36	11	1792	2166	11764498	11764862	4.30e-105	385
NC_003074.8:11762550-11765882	NC_003074.8	87.283	346	21	10	1874	2197	13334509	13334853	9.31e-102	374
NC_003074.8:11762550-11765882	NC_003074.8	87.246	345	22	9	1874	2197	13458582	13458925	9.31e-102	374
NC_003074.8:11762550-11765882	NC_003074.8	81.857	463	62	14	1792	2239	16102002	16102457	1.20e-100	370
NC_003074.8:11762550-11765882	NC_003074.8	86.471	340	22	8	1366	1683	12465697	12466034	4.36e-95	351
NC_003074.8:11762550-11765882	NC_003074.8	78.401	588	84	34	714	1289	16355102	16354546	2.62e-92	342
NC_003074.8:11762550-11765882	NC_003074.8	85.507	345	27	10	1874	2197	16102157	16102499	3.39e-91	339
NC_003074.8:11762550-11765882	NC_003074.8	85.083	362	19	11	1355	1683	10293246	10293605	1.22e-90	337
NC_003074.8:11762550-11765882	NC_003074.8	87.459	303	23	7	1792	2092	12466499	12466788	4.39e-90	335
NC_003074.8:11762550-11765882	NC_003074.8	85.217	345	28	10	1874	2197	12078657	12078999	1.58e-89	333
NC_003074.8:11762550-11765882	NC_003074.8	77.725	633	78	30	1759	2354	13334247	13334853	2.04e-88	329
NC_003074.8:11762550-11765882	NC_003074.8	86.735	294	36	3	1759	2051	13458634	13458925	9.50e-87	324
NC_003074.8:11762550-11765882	NC_003074.8	77.833	600	71	29	1791	2354	12078426	12078999	5.72e-84	315
NC_003074.8:11762550-11765882	NC_003074.8	86.102	295	37	4	1759	2051	13334561	13334853	5.72e-84	315
NC_003074.8:11762550-11765882	NC_003074.8	77.833	600	71	29	1791	2354	16101926	16102499	5.72e-84	315
NC_003074.8:11762550-11765882	NC_003074.8	86.149	296	34	7	1759	2051	16102208	16102499	2.06e-83	313
NC_003074.8:11762550-11765882	NC_003074.8	85.948	306	28	8	1874	2166	17403869	17404172	2.06e-83	313
NC_003074.8:11762550-11765882	NC_003074.8	85.763	295	37	5	1759	2051	12078708	12078999	9.57e-82	307
NC_003074.8:11762550-11765882	NC_003074.8	90.367	218	18	3	3117	3333	11112111	11112326	1.61e-74	283
NC_003074.8:11762550-11765882	NC_003074.8	78.058	515	65	22	1874	2354	13334196	13334696	5.80e-74	281
NC_003074.8:11762550-11765882	NC_003074.8	79.241	448	58	16	1355	1793	10765047	10764626	2.09e-73	279
NC_003074.8:11762550-11765882	NC_003074.8	85.315	286	21	13	1770	2051	10864793	10864525	2.70e-72	276
NC_003074.8:11762550-11765882	NC_003074.8	77.193	570	66	31	1791	2322	17403638	17404181	9.71e-72	274
NC_003074.8:11762550-11765882	NC_003074.8	84.859	284	25	11	1770	2051	11374194	11373927	1.26e-70	270
NC_003074.8:11762550-11765882	NC_003074.8	86.207	261	23	6	2106	2354	12466183	12466442	1.26e-70	270
NC_003074.8:11762550-11765882	NC_003074.8	84.906	265	34	6	1759	2020	17403921	17404182	2.10e-68	263
NC_003074.8:11762550-11765882	NC_003074.8	85.606	264	21	10	2106	2354	11374490	11374229	7.56e-68	261
NC_003074.8:11762550-11765882	NC_003074.8	81.127	355	40	14	2025	2354	13458332	13458684	2.72e-67	259
NC_003074.8:11762550-11765882	NC_003074.8	83.916	286	25	14	2086	2354	11764319	11764600	1.26e-65	254
NC_003074.8:11762550-11765882	NC_003074.8	83.916	286	25	14	1770	2051	11764635	11764903	1.26e-65	254
NC_003074.8:11762550-11765882	NC_003074.8	87.611	226	17	7	1792	2010	10294075	10294296	4.55e-65	252
NC_003074.8:11762550-11765882	NC_003074.8	82.222	315	32	11	1792	2094	13334510	13334812	1.64e-64	250
NC_003074.8:11762550-11765882	NC_003074.8	82.166	314	33	10	1792	2094	13458583	13458884	5.88e-64	248
NC_003074.8:11762550-11765882	NC_003074.8	81.329	316	35	13	1349	1646	16418371	16418062	4.58e-60	235
NC_003074.8:11762550-11765882	NC_003074.8	83.521	267	24	8	2106	2354	10293754	10294018	5.93e-59	231
NC_003074.8:11762550-11765882	NC_003074.8	81.150	313	37	9	1792	2094	16102158	16102458	5.93e-59	231
NC_003074.8:11762550-11765882	NC_003074.8	94.040	151	9	0	2214	2364	10294302	10294452	2.13e-58	230
NC_003074.8:11762550-11765882	NC_003074.8	78.992	357	57	12	1853	2197	11180128	11180478	7.67e-58	228
NC_003074.8:11762550-11765882	NC_003074.8	80.061	326	50	9	1884	2197	12080814	12081136	7.67e-58	228
NC_003074.8:11762550-11765882	NC_003074.8	91.304	161	11	3	1355	1514	11319209	11319367	1.66e-54	217
NC_003074.8:11762550-11765882	NC_003074.8	79.141	326	53	9	1884	2197	16105018	16105340	7.72e-53	211
NC_003074.8:11762550-11765882	NC_003074.8	79.839	248	41	8	1404	1646	11054937	11054694	3.64e-41	172
NC_003074.8:11762550-11765882	NC_003074.8	79.104	268	42	8	1868	2123	12080871	12081136	3.64e-41	172
NC_003074.8:11762550-11765882	NC_003074.8	78.652	267	44	7	1868	2123	11180214	11180478	6.10e-39	165
NC_003074.8:11762550-11765882	NC_003074.8	78.358	268	44	8	1868	2123	16105075	16105340	7.89e-38	161
NC_003074.8:11762550-11765882	NC_003074.8	79.200	250	37	7	2106	2342	13454661	13454908	2.84e-37	159
NC_003074.8:11762550-11765882	NC_003074.8	76.833	341	41	24	2348	2665	14306901	14306576	1.02e-36	158
NC_003074.8:11762550-11765882	NC_003074.8	87.597	129	14	2	1386	1514	11319861	11319987	6.14e-34	148
NC_003074.8:11762550-11765882	NC_003074.8	78.970	233	33	8	1874	2094	13454735	13454963	7.94e-33	145
NC_003074.8:11762550-11765882	NC_003074.8	79.545	220	30	7	2106	2312	13334122	13334339	2.86e-32	143
NC_003074.8:11762550-11765882	NC_003074.8	81.768	181	21	9	911	1085	11152360	11152186	1.03e-31	141
NC_003074.8:11762550-11765882	NC_003074.8	80.296	203	23	12	2461	2653	11889983	11889788	1.33e-30	137
NC_003074.8:11762550-11765882	NC_003074.8	90.196	102	8	2	1792	1892	10864625	10864525	6.18e-29	132
NC_003074.8:11762550-11765882	NC_003074.8	90.196	102	7	3	1792	1892	11374026	11373927	2.22e-28	130
NC_003074.8:11762550-11765882	NC_003074.8	83.916	143	11	4	1792	1933	13261189	13261320	2.88e-27	126
NC_003074.8:11762550-11765882	NC_003074.8	93.902	82	3	2	2330	2410	10764643	10764563	3.72e-26	122
NC_003074.8:11762550-11765882	NC_003074.8	80.226	177	23	4	1759	1934	13334646	13334811	3.72e-26	122
NC_003074.8:11762550-11765882	NC_003074.8	80.226	177	23	4	1759	1934	13458718	13458883	3.72e-26	122
NC_003074.8:11762550-11765882	NC_003074.8	79.661	177	24	4	1759	1934	16102292	16102457	1.73e-24	117
NC_003074.8:11762550-11765882	NC_003074.8	89.474	95	6	4	2328	2420	16205568	16205660	1.73e-24	117
NC_003074.8:11762550-11765882	NC_003074.8	91.463	82	5	2	1349	1429	16726960	16726880	8.06e-23	111
NC_003074.8:11762550-11765882	NC_003074.8	97.368	38	0	1	2348	2384	15834108	15834145	2.29e-08	63.9
NC_003074.8:11762550-11765882	NC_003076.8	92.809	1335	69	14	1792	3116	15206880	15205563	0.0	1908
NC_003074.8:11762550-11765882	NC_003076.8	85.675	1808	157	57	1355	3116	17407242	17405491	0.0	1810
NC_003074.8:11762550-11765882	NC_003076.8	90.105	1334	67	23	1792	3121	14524370	14525642	0.0	1672
NC_003074.8:11762550-11765882	NC_003076.8	85.422	1077	110	28	1870	2924	15716409	15717460	0.0	1075
NC_003074.8:11762550-11765882	NC_003076.8	85.796	1049	88	26	2086	3116	13813345	13814350	0.0	1055
NC_003074.8:11762550-11765882	NC_003076.8	83.894	981	103	32	1	966	14439216	14440156	0.0	885
NC_003074.8:11762550-11765882	NC_003076.8	83.894	981	103	32	1	966	14498516	14499456	0.0	885
NC_003074.8:11762550-11765882	NC_003076.8	89.379	725	47	20	1612	2313	14524027	14524744	0.0	885
NC_003074.8:11762550-11765882	NC_003076.8	89.583	672	49	14	1657	2313	15207171	15206506	0.0	833
NC_003074.8:11762550-11765882	NC_003076.8	82.454	986	128	30	8	955	15089239	15088261	0.0	821
NC_003074.8:11762550-11765882	NC_003076.8	80.637	1131	157	45	63	1158	15146298	15147401	0.0	819
NC_003074.8:11762550-11765882	NC_003076.8	84.205	880	76	26	2106	2937	5970215	5969351	0.0	797
NC_003074.8:11762550-11765882	NC_003076.8	80.642	997	129	39	2158	3102	11383801	11384785	0.0	713
NC_003074.8:11762550-11765882	NC_003076.8	93.973	448	26	1	1792	2238	15716487	15716934	0.0	676
NC_003074.8:11762550-11765882	NC_003076.8	94.840	407	19	2	1792	2196	17406659	17406253	3.87e-180	634
NC_003074.8:11762550-11765882	NC_003076.8	82.315	769	83	28	1355	2092	5970673	5969927	3.89e-175	617
NC_003074.8:11762550-11765882	NC_003076.8	90.179	448	30	12	1612	2049	13813180	13813623	3.07e-161	571
NC_003074.8:11762550-11765882	NC_003076.8	77.703	1036	124	45	1354	2313	15207582	15206578	4.03e-150	534
NC_003074.8:11762550-11765882	NC_003076.8	89.423	416	29	11	1614	2018	11383636	11384047	6.80e-143	510
NC_003074.8:11762550-11765882	NC_003076.8	87.162	444	37	13	1926	2354	14524191	14524629	1.15e-135	486
NC_003074.8:11762550-11765882	NC_003076.8	86.712	444	39	13	1926	2354	15207059	15206621	2.48e-132	475
NC_003074.8:11762550-11765882	NC_003076.8	86.517	445	41	12	1926	2354	17406839	17406398	3.21e-131	472
NC_003074.8:11762550-11765882	NC_003076.8	94.286	280	15	1	1959	2238	5970205	5969927	7.04e-118	427
NC_003074.8:11762550-11765882	NC_003076.8	86.280	379	34	10	1792	2166	14524527	14524891	1.99e-108	396
NC_003074.8:11762550-11765882	NC_003076.8	86.016	379	35	10	1792	2166	15206723	15206359	9.24e-107	390
NC_003074.8:11762550-11765882	NC_003076.8	87.574	338	30	8	1355	1683	13812883	13813217	5.56e-104	381
NC_003074.8:11762550-11765882	NC_003076.8	86.761	355	28	10	1347	1683	14523711	14524064	7.19e-103	377
NC_003074.8:11762550-11765882	NC_003076.8	82.035	462	63	13	1792	2239	13218777	13218322	2.59e-102	375
NC_003074.8:11762550-11765882	NC_003076.8	81.938	454	61	18	204	644	13392601	13393046	5.60e-99	364
NC_003074.8:11762550-11765882	NC_003076.8	80.198	505	74	23	2330	2824	9395532	9395044	3.37e-96	355
NC_003074.8:11762550-11765882	NC_003076.8	85.920	348	26	10	1874	2200	13218622	13218277	1.57e-94	350
NC_003074.8:11762550-11765882	NC_003076.8	79.688	512	72	19	2330	2819	11610798	11611299	9.44e-92	340
NC_003074.8:11762550-11765882	NC_003076.8	85.088	342	34	8	1353	1683	15715896	15716231	1.58e-89	333
NC_003074.8:11762550-11765882	NC_003076.8	78.333	600	68	29	1791	2354	13218853	13218280	5.68e-89	331
NC_003074.8:11762550-11765882	NC_003076.8	88.809	277	12	8	1613	1880	15716195	15716461	3.42e-86	322
NC_003074.8:11762550-11765882	NC_003076.8	90.909	242	17	5	1927	2166	11383801	11384039	1.23e-85	320
NC_003074.8:11762550-11765882	NC_003076.8	79.079	521	65	32	2330	2823	12537760	12537257	4.42e-85	318
NC_003074.8:11762550-11765882	NC_003076.8	86.195	297	38	3	1759	2054	13218571	13218277	4.42e-85	318
NC_003074.8:11762550-11765882	NC_003076.8	83.657	361	28	11	1349	1683	11383318	11383673	7.40e-83	311
NC_003074.8:11762550-11765882	NC_003076.8	74.155	917	159	49	1792	2668	17406732	17405854	2.66e-82	309
NC_003074.8:11762550-11765882	NC_003076.8	89.300	243	21	5	1926	2166	13813344	13813583	1.60e-79	300
NC_003074.8:11762550-11765882	NC_003076.8	85.197	304	28	9	1792	2092	15716645	15716934	2.07e-78	296
NC_003074.8:11762550-11765882	NC_003076.8	81.250	384	49	13	1355	1734	9395987	9395623	3.47e-76	289
NC_003074.8:11762550-11765882	NC_003076.8	77.820	523	70	38	2336	2838	11610991	11611487	5.80e-74	281
NC_003074.8:11762550-11765882	NC_003076.8	85.664	286	20	13	1770	2051	15206586	15206318	5.80e-74	281
NC_003074.8:11762550-11765882	NC_003076.8	86.590	261	22	5	2106	2354	17406817	17406558	2.70e-72	276
NC_003074.8:11762550-11765882	NC_003076.8	86.590	261	20	8	2106	2354	14524213	14524470	9.71e-72	274
NC_003074.8:11762550-11765882	NC_003076.8	89.091	220	18	6	1794	2010	17406499	17406283	4.52e-70	268
NC_003074.8:11762550-11765882	NC_003076.8	84.266	286	24	13	1770	2051	14524664	14524932	2.72e-67	259
NC_003074.8:11762550-11765882	NC_003076.8	85.441	261	23	8	2106	2354	15207037	15206780	9.78e-67	257
NC_003074.8:11762550-11765882	NC_003076.8	77.907	430	73	21	2336	2752	12537568	12537148	5.88e-64	248
NC_003074.8:11762550-11765882	NC_003076.8	81.115	323	31	17	1345	1644	10915985	10916300	5.93e-59	231
NC_003074.8:11762550-11765882	NC_003076.8	85.965	228	18	7	2106	2321	11383822	11384047	5.93e-59	231
NC_003074.8:11762550-11765882	NC_003076.8	81.210	314	35	9	1792	2094	13218621	13218321	5.93e-59	231
NC_003074.8:11762550-11765882	NC_003076.8	84.348	230	28	6	1382	1605	9397109	9396882	4.61e-55	219
NC_003074.8:11762550-11765882	NC_003076.8	85.096	208	27	3	1356	1560	15584908	15584702	2.78e-52	209
NC_003074.8:11762550-11765882	NC_003076.8	82.072	251	31	5	2001	2239	11383790	11384038	4.65e-50	202
NC_003074.8:11762550-11765882	NC_003076.8	78.354	328	53	11	1884	2197	13215759	13215436	2.16e-48	196
NC_003074.8:11762550-11765882	NC_003076.8	75.391	512	66	32	2331	2824	10532246	10532715	2.80e-47	193
NC_003074.8:11762550-11765882	NC_003076.8	88.199	161	18	1	1355	1515	14581295	14581136	1.01e-46	191
NC_003074.8:11762550-11765882	NC_003076.8	86.585	164	21	1	1353	1515	10122769	10122606	2.18e-43	180
NC_003074.8:11762550-11765882	NC_003076.8	85.632	174	22	2	1355	1528	10867785	10867955	2.18e-43	180
NC_003074.8:11762550-11765882	NC_003076.8	74.950	503	62	37	2330	2823	10531597	10532044	3.64e-41	172
NC_003074.8:11762550-11765882	NC_003076.8	85.987	157	18	3	1072	1225	14440878	14441033	6.10e-39	165
NC_003074.8:11762550-11765882	NC_003076.8	85.987	157	18	3	1072	1225	14500178	14500333	6.10e-39	165
NC_003074.8:11762550-11765882	NC_003076.8	77.407	270	44	12	1868	2123	13215702	13215436	7.94e-33	145
NC_003074.8:11762550-11765882	NC_003076.8	86.290	124	16	1	2232	2354	17406838	17406715	1.72e-29	134
NC_003074.8:11762550-11765882	NC_003076.8	81.928	166	15	7	1770	1933	5970079	5969927	2.88e-27	126
NC_003074.8:11762550-11765882	NC_003076.8	92.222	90	6	1	1948	2037	15716371	15716459	2.88e-27	126
NC_003074.8:11762550-11765882	NC_003076.8	88.235	102	10	2	1792	1892	14524832	14524932	1.34e-25	121
NC_003074.8:11762550-11765882	NC_003076.8	88.235	102	10	2	1792	1892	15206418	15206318	1.34e-25	121
NC_003074.8:11762550-11765882	NC_003076.8	88.119	101	9	3	1792	1890	13813524	13813623	1.73e-24	117
NC_003074.8:11762550-11765882	NC_003076.8	86.792	106	10	3	3125	3228	14441359	14441462	6.23e-24	115
NC_003074.8:11762550-11765882	NC_003076.8	86.792	106	10	3	3125	3228	14500659	14500762	6.23e-24	115
NC_003074.8:11762550-11765882	NC_003076.8	82.069	145	14	4	1791	1934	11383905	11384038	2.24e-23	113
NC_003074.8:11762550-11765882	NC_003076.8	79.096	177	25	4	1759	1934	13218487	13218322	8.06e-23	111
NC_003074.8:11762550-11765882	NC_003076.8	91.071	56	5	0	1298	1353	15087971	15087916	2.94e-12	76.8
NC_003074.8:11762550-11765882	NC_003070.9	91.362	1366	67	15	1792	3110	4112472	4111111	0.0	1821
NC_003074.8:11762550-11765882	NC_003070.9	89.701	1340	82	20	1792	3121	3826409	3827702	0.0	1659
NC_003074.8:11762550-11765882	NC_003070.9	88.004	892	68	17	2249	3116	16597052	16596176	0.0	1018
NC_003074.8:11762550-11765882	NC_003070.9	84.858	984	99	28	1356	2312	4113060	4112100	0.0	946
NC_003074.8:11762550-11765882	NC_003070.9	89.005	764	41	23	1612	2339	18599599	18600355	0.0	905
NC_003074.8:11762550-11765882	NC_003070.9	85.574	915	71	34	1792	2679	13906407	13905527	0.0	902
NC_003074.8:11762550-11765882	NC_003070.9	88.056	787	53	24	1551	2313	16597947	16597178	0.0	894
NC_003074.8:11762550-11765882	NC_003070.9	94.291	578	27	6	1792	2366	16597552	16596978	0.0	880
NC_003074.8:11762550-11765882	NC_003070.9	89.212	723	51	17	1612	2312	13906678	13905961	0.0	878
NC_003074.8:11762550-11765882	NC_003070.9	80.374	1177	128	64	1	1126	15959909	15961033	0.0	798
NC_003074.8:11762550-11765882	NC_003070.9	87.052	726	62	21	1612	2313	3826065	3826782	0.0	791
NC_003074.8:11762550-11765882	NC_003070.9	91.353	451	33	6	1792	2239	13906335	13905888	1.81e-173	612
NC_003074.8:11762550-11765882	NC_003070.9	87.133	443	38	12	1926	2354	13906514	13906077	4.12e-135	484
NC_003074.8:11762550-11765882	NC_003070.9	89.203	389	27	10	1792	2166	18599942	18600329	3.21e-131	472
NC_003074.8:11762550-11765882	NC_003070.9	86.261	444	41	13	1926	2354	4112651	4112213	5.37e-129	464
NC_003074.8:11762550-11765882	NC_003070.9	86.261	444	41	13	1926	2354	16597731	16597293	5.37e-129	464
NC_003074.8:11762550-11765882	NC_003070.9	85.398	452	40	13	1926	2354	18599763	18600211	1.94e-123	446
NC_003074.8:11762550-11765882	NC_003070.9	85.327	443	45	13	1926	2353	3826229	3826666	9.05e-122	440
NC_003074.8:11762550-11765882	NC_003070.9	89.583	336	30	3	1355	1690	13906965	13906635	3.28e-116	422
NC_003074.8:11762550-11765882	NC_003070.9	75.851	911	156	43	1792	2669	16597395	16596516	3.30e-111	405
NC_003074.8:11762550-11765882	NC_003070.9	87.356	348	32	7	2078	2421	13057387	13057726	3.32e-106	388
NC_003074.8:11762550-11765882	NC_003070.9	94.779	249	12	1	1789	2036	18600107	18600355	1.20e-105	387
NC_003074.8:11762550-11765882	NC_003070.9	82.316	475	47	19	1789	2239	18599867	18600328	7.19e-103	377
NC_003074.8:11762550-11765882	NC_003070.9	84.211	380	40	11	1792	2166	4112315	4111951	4.36e-95	351
NC_003074.8:11762550-11765882	NC_003070.9	85.345	348	28	10	1874	2200	11900425	11900080	3.39e-91	339
NC_003074.8:11762550-11765882	NC_003070.9	79.528	508	65	25	2330	2823	16361631	16362113	2.64e-87	326
NC_003074.8:11762550-11765882	NC_003070.9	83.871	341	32	13	1351	1683	3825777	3826102	1.24e-80	303
NC_003074.8:11762550-11765882	NC_003070.9	77.462	599	75	28	1791	2354	11900656	11900083	1.24e-80	303
NC_003074.8:11762550-11765882	NC_003070.9	79.917	483	41	23	1873	2312	18599784	18600253	1.24e-80	303
NC_003074.8:11762550-11765882	NC_003070.9	85.235	298	39	5	1759	2054	11900374	11900080	4.45e-80	302
NC_003074.8:11762550-11765882	NC_003070.9	85.246	305	30	9	1792	2094	13906178	13905887	1.60e-79	300
NC_003074.8:11762550-11765882	NC_003070.9	87.739	261	18	8	2106	2354	18599785	18600043	2.68e-77	292
NC_003074.8:11762550-11765882	NC_003070.9	90.455	220	17	4	2334	2550	21995908	21995690	1.25e-75	287
NC_003074.8:11762550-11765882	NC_003070.9	83.962	318	28	13	1789	2094	18600023	18600329	1.61e-74	283
NC_003074.8:11762550-11765882	NC_003070.9	87.072	263	17	9	1792	2051	13906094	13905846	5.80e-74	281
NC_003074.8:11762550-11765882	NC_003070.9	79.384	422	70	14	650	1058	16421691	16421274	5.80e-74	281
NC_003074.8:11762550-11765882	NC_003070.9	83.642	324	28	14	1345	1647	19944512	19944193	5.80e-74	281
NC_003074.8:11762550-11765882	NC_003070.9	83.025	324	31	17	1345	1647	10528791	10528471	3.49e-71	272
NC_003074.8:11762550-11765882	NC_003070.9	84.459	296	25	8	1355	1646	22165045	22165323	3.49e-71	272
NC_003074.8:11762550-11765882	NC_003070.9	77.457	519	72	28	2336	2823	17449000	17449504	4.52e-70	268
NC_003074.8:11762550-11765882	NC_003070.9	81.006	358	47	13	1770	2122	16597258	16596917	5.84e-69	265
NC_003074.8:11762550-11765882	NC_003070.9	76.367	567	86	27	2347	2886	12969284	12968739	7.56e-68	261
NC_003074.8:11762550-11765882	NC_003070.9	85.496	262	21	9	1792	2051	3826723	3826969	9.78e-67	257
NC_003074.8:11762550-11765882	NC_003070.9	86.920	237	19	7	1355	1588	16598191	16597964	3.52e-66	255
NC_003074.8:11762550-11765882	NC_003070.9	79.284	391	54	25	2350	2726	9146315	9146692	5.88e-64	248
NC_003074.8:11762550-11765882	NC_003070.9	84.674	261	25	8	2106	2354	4112629	4112372	2.12e-63	246
NC_003074.8:11762550-11765882	NC_003070.9	76.923	494	74	15	1782	2239	15813153	15812664	7.61e-63	244
NC_003074.8:11762550-11765882	NC_003070.9	80.170	353	41	18	2330	2665	16722796	16723136	1.27e-60	237
NC_003074.8:11762550-11765882	NC_003070.9	82.168	286	30	16	1770	2051	4112178	4111910	2.76e-57	226
NC_003074.8:11762550-11765882	NC_003070.9	87.500	192	18	4	1355	1544	13057183	13057370	1.66e-54	217
NC_003074.8:11762550-11765882	NC_003070.9	79.439	321	50	10	1889	2197	11897602	11897286	2.15e-53	213
NC_003074.8:11762550-11765882	NC_003070.9	78.731	268	43	8	1868	2123	11897551	11897286	1.70e-39	167
NC_003074.8:11762550-11765882	NC_003070.9	83.636	165	24	3	1352	1515	9235924	9236086	4.75e-35	152
NC_003074.8:11762550-11765882	NC_003070.9	84.615	156	17	3	911	1062	10159425	10159577	6.14e-34	148
NC_003074.8:11762550-11765882	NC_003070.9	86.179	123	16	1	2232	2353	13906513	13906391	6.18e-29	132
NC_003074.8:11762550-11765882	NC_003070.9	80.233	172	30	4	1792	1961	16597089	16596920	2.88e-27	126
NC_003074.8:11762550-11765882	NC_003070.9	92.045	88	5	2	1792	1877	18600268	18600355	3.72e-26	122
NC_003074.8:11762550-11765882	NC_003070.9	87.255	102	11	2	1792	1892	4112010	4111910	6.23e-24	115
NC_003074.8:11762550-11765882	NC_003070.9	76.786	224	40	11	805	1022	16889494	16889277	6.23e-24	115
NC_003074.8:11762550-11765882	NC_003070.9	86.538	104	5	4	964	1061	21388375	21388275	3.75e-21	106
NC_003074.8:11762550-11765882	NC_003070.9	90.909	66	4	2	1987	2051	16597011	16596947	1.36e-15	87.9
NC_003074.8:11762550-11765882	NC_003070.9	89.394	66	4	3	1829	1892	16597011	16596947	2.27e-13	80.5
NC_003074.8:11762550-11765882	NC_003070.9	77.419	124	27	1	911	1033	13474088	13473965	3.80e-11	73.1
NC_003074.8:11762550-11765882	NC_003070.9	87.500	64	4	2	1295	1354	12636431	12636494	1.37e-10	71.3
NC_003074.8:11762550-11765882	NC_003071.7	91.319	1221	65	25	1344	2532	4353588	4354799	0.0	1629
NC_003074.8:11762550-11765882	NC_003071.7	90.518	1139	80	9	1792	2924	6659597	6660713	0.0	1480
NC_003074.8:11762550-11765882	NC_003071.7	94.444	918	48	3	1901	2817	6583355	6584270	0.0	1410
NC_003074.8:11762550-11765882	NC_003071.7	85.396	1390	107	40	1792	3122	5740853	5739501	0.0	1354
NC_003074.8:11762550-11765882	NC_003071.7	86.557	1153	109	30	1613	2743	6662730	6661602	0.0	1229
NC_003074.8:11762550-11765882	NC_003071.7	80.727	1650	196	73	1355	2928	6663078	6661475	0.0	1173
NC_003074.8:11762550-11765882	NC_003071.7	87.500	1000	79	20	1355	2312	5741401	5740406	0.0	1112
NC_003074.8:11762550-11765882	NC_003071.7	86.895	992	73	30	1355	2313	6658933	6659900	0.0	1059
NC_003074.8:11762550-11765882	NC_003071.7	87.344	964	66	23	2175	3115	3194908	3193978	0.0	1053
NC_003074.8:11762550-11765882	NC_003071.7	83.846	1170	120	42	3	1149	5591477	5592600	0.0	1050
NC_003074.8:11762550-11765882	NC_003071.7	86.687	984	73	31	1792	2749	6728796	6729747	0.0	1038
NC_003074.8:11762550-11765882	NC_003071.7	85.934	910	79	22	1927	2816	5761554	5762434	0.0	926
NC_003074.8:11762550-11765882	NC_003071.7	90.976	676	47	10	680	1351	2983901	2984566	0.0	898
NC_003074.8:11762550-11765882	NC_003071.7	87.547	803	58	30	1612	2384	3195602	3194812	0.0	891
NC_003074.8:11762550-11765882	NC_003071.7	79.129	987	152	45	1792	2749	5740781	5739820	1.39e-179	632
NC_003074.8:11762550-11765882	NC_003071.7	96.543	376	11	2	1792	2166	3195259	3194885	3.01e-176	621
NC_003074.8:11762550-11765882	NC_003071.7	89.957	468	26	14	1611	2068	6579117	6579573	3.95e-165	584
NC_003074.8:11762550-11765882	NC_003071.7	85.192	574	43	22	804	1354	2919872	2919318	4.01e-155	551
NC_003074.8:11762550-11765882	NC_003071.7	87.613	444	35	13	1926	2354	3195438	3195000	5.29e-139	497
NC_003074.8:11762550-11765882	NC_003071.7	85.586	444	44	13	1926	2354	5740960	5740522	5.41e-124	448
NC_003074.8:11762550-11765882	NC_003071.7	87.599	379	27	11	1792	2166	6662385	6662023	3.28e-116	422
NC_003074.8:11762550-11765882	NC_003071.7	86.070	402	38	11	1926	2313	6662566	6662169	1.52e-114	416
NC_003074.8:11762550-11765882	NC_003071.7	86.224	392	33	12	1938	2313	6728785	6729171	3.30e-111	405
NC_003074.8:11762550-11765882	NC_003071.7	85.330	409	35	12	1926	2312	6659335	6659740	1.54e-109	399
NC_003074.8:11762550-11765882	NC_003071.7	86.316	380	34	11	1948	2313	4354058	4354433	5.52e-109	398
NC_003074.8:11762550-11765882	NC_003071.7	86.280	379	33	11	1792	2166	4354216	4354579	7.14e-108	394
NC_003074.8:11762550-11765882	NC_003071.7	86.280	379	32	12	1792	2165	6583403	6583766	7.14e-108	394
NC_003074.8:11762550-11765882	NC_003071.7	82.947	475	43	19	1789	2239	6659439	6659899	7.14e-108	394
NC_003074.8:11762550-11765882	NC_003071.7	83.732	418	58	10	1	410	3664935	3665350	1.20e-105	387
NC_003074.8:11762550-11765882	NC_003071.7	82.251	462	62	12	1792	2239	6593493	6593948	5.56e-104	381
NC_003074.8:11762550-11765882	NC_003071.7	81.467	518	44	23	1873	2354	6659356	6659857	7.19e-103	377
NC_003074.8:11762550-11765882	NC_003071.7	82.035	462	63	12	1792	2239	1755987	1755532	2.59e-102	375
NC_003074.8:11762550-11765882	NC_003071.7	82.035	462	63	12	1792	2239	3021932	3021477	2.59e-102	375
NC_003074.8:11762550-11765882	NC_003071.7	81.818	462	64	12	1792	2239	2543746	2544201	1.20e-100	370
NC_003074.8:11762550-11765882	NC_003071.7	81.818	462	64	12	1792	2239	5961385	5961840	1.20e-100	370
NC_003074.8:11762550-11765882	NC_003071.7	86.782	348	23	10	1874	2200	3021777	3021432	1.56e-99	366
NC_003074.8:11762550-11765882	NC_003071.7	84.474	380	40	11	1792	2166	6728953	6729318	9.37e-97	357
NC_003074.8:11762550-11765882	NC_003071.7	82.933	416	47	13	7	416	793896	793499	1.21e-95	353
NC_003074.8:11762550-11765882	NC_003071.7	86.087	345	25	10	1874	2197	2543901	2544243	1.57e-94	350
NC_003074.8:11762550-11765882	NC_003071.7	86.087	345	25	10	1874	2197	6593648	6593990	1.57e-94	350
NC_003074.8:11762550-11765882	NC_003071.7	87.829	304	24	6	1874	2166	1755832	1755531	7.30e-93	344
NC_003074.8:11762550-11765882	NC_003071.7	79.707	547	52	25	1792	2312	6659514	6660027	9.44e-92	340
NC_003074.8:11762550-11765882	NC_003071.7	87.500	304	25	6	1874	2166	5961540	5961841	3.39e-91	339
NC_003074.8:11762550-11765882	NC_003071.7	90.347	259	18	7	1792	2047	5761734	5761988	1.58e-89	333
NC_003074.8:11762550-11765882	NC_003071.7	84.573	363	20	12	1355	1683	6578794	6579154	7.35e-88	327
NC_003074.8:11762550-11765882	NC_003071.7	78.167	600	69	28	1791	2354	2543670	2544243	2.64e-87	326
NC_003074.8:11762550-11765882	NC_003071.7	78.167	600	69	30	1791	2354	3022008	3021435	2.64e-87	326
NC_003074.8:11762550-11765882	NC_003071.7	86.780	295	34	5	1759	2051	2543952	2544243	9.50e-87	324
NC_003074.8:11762550-11765882	NC_003071.7	86.532	297	37	3	1759	2054	3021726	3021432	9.50e-87	324
NC_003074.8:11762550-11765882	NC_003071.7	86.824	296	32	7	1759	2051	6593699	6593990	9.50e-87	324
NC_003074.8:11762550-11765882	NC_003071.7	78.000	600	70	29	1791	2354	6593417	6593990	1.23e-85	320
NC_003074.8:11762550-11765882	NC_003071.7	84.286	350	30	12	1874	2200	581310	580963	4.42e-85	318
NC_003074.8:11762550-11765882	NC_003071.7	86.149	296	36	4	1355	1646	4097897	4098191	5.72e-84	315
NC_003074.8:11762550-11765882	NC_003071.7	86.780	295	24	8	1926	2209	6579278	6579568	5.72e-84	315
NC_003074.8:11762550-11765882	NC_003071.7	78.169	568	62	29	1791	2322	1756063	1755522	3.44e-81	305
NC_003074.8:11762550-11765882	NC_003071.7	78.169	568	62	29	1791	2322	5961309	5961850	3.44e-81	305
NC_003074.8:11762550-11765882	NC_003071.7	77.409	602	72	30	1791	2354	581541	580966	1.60e-79	300
NC_003074.8:11762550-11765882	NC_003071.7	82.322	379	31	19	1792	2166	6659755	6660101	2.07e-78	296
NC_003074.8:11762550-11765882	NC_003071.7	86.891	267	30	5	1791	2054	581227	580963	7.45e-78	294
NC_003074.8:11762550-11765882	NC_003071.7	86.742	264	30	5	1759	2020	5961591	5961851	3.47e-76	289
NC_003074.8:11762550-11765882	NC_003071.7	79.266	463	56	18	1837	2274	4377036	4376589	1.25e-75	287
NC_003074.8:11762550-11765882	NC_003071.7	84.091	308	34	7	1759	2054	1755781	1755477	1.61e-74	283
NC_003074.8:11762550-11765882	NC_003071.7	87.550	249	25	6	1792	2037	3195102	3194857	1.61e-74	283
NC_003074.8:11762550-11765882	NC_003071.7	84.262	305	32	11	1793	2094	5740623	5740332	1.61e-74	283
NC_003074.8:11762550-11765882	NC_003071.7	82.421	347	40	10	1344	1683	5761094	5761426	1.61e-74	283
NC_003074.8:11762550-11765882	NC_003071.7	87.308	260	18	8	2106	2353	6659357	6659613	1.61e-74	283
NC_003074.8:11762550-11765882	NC_003071.7	84.932	292	27	9	1792	2070	4359192	4359479	2.09e-73	279
NC_003074.8:11762550-11765882	NC_003071.7	77.153	569	68	29	1791	2323	6567218	6567760	9.71e-72	274
NC_003074.8:11762550-11765882	NC_003071.7	85.714	273	24	8	2096	2354	6728785	6729056	9.71e-72	274
NC_003074.8:11762550-11765882	NC_003071.7	90.244	205	18	2	3117	3321	2984556	2984758	1.62e-69	267
NC_003074.8:11762550-11765882	NC_003071.7	83.333	306	34	9	1759	2051	6567500	6567801	1.62e-69	267
NC_003074.8:11762550-11765882	NC_003071.7	85.932	263	21	9	2106	2354	6662544	6662284	1.62e-69	267
NC_003074.8:11762550-11765882	NC_003071.7	85.878	262	22	7	1792	2051	5740539	5740291	5.84e-69	265
NC_003074.8:11762550-11765882	NC_003071.7	86.531	245	26	5	1111	1352	2325541	2325781	2.10e-68	263
NC_003074.8:11762550-11765882	NC_003071.7	85.496	262	24	7	2106	2354	4354058	4354318	7.56e-68	261
NC_003074.8:11762550-11765882	NC_003071.7	78.638	426	53	22	2336	2728	7529800	7530220	5.88e-64	248
NC_003074.8:11762550-11765882	NC_003071.7	84.411	263	25	8	2106	2354	5761575	5761835	7.61e-63	244
NC_003074.8:11762550-11765882	NC_003071.7	83.217	286	27	13	1770	2051	6583540	6583808	2.74e-62	243
NC_003074.8:11762550-11765882	NC_003071.7	83.214	280	29	10	1770	2047	4354353	4354616	9.85e-62	241
NC_003074.8:11762550-11765882	NC_003071.7	84.291	261	26	8	2106	2354	5740938	5740681	9.85e-62	241
NC_003074.8:11762550-11765882	NC_003071.7	83.103	290	21	10	1941	2206	4359184	4359469	3.54e-61	239
NC_003074.8:11762550-11765882	NC_003071.7	82.927	287	27	7	1874	2139	4359191	4359476	3.54e-61	239
NC_003074.8:11762550-11765882	NC_003071.7	83.582	268	28	9	2060	2313	6583355	6583620	1.27e-60	237
NC_003074.8:11762550-11765882	NC_003071.7	81.470	313	36	9	1792	2094	6593649	6593949	1.27e-60	237
NC_003074.8:11762550-11765882	NC_003071.7	80.368	326	49	9	1884	2197	578443	578121	1.65e-59	233
NC_003074.8:11762550-11765882	NC_003071.7	81.150	313	37	9	1792	2094	1755831	1755531	5.93e-59	231
NC_003074.8:11762550-11765882	NC_003071.7	81.150	313	37	9	1792	2094	3021776	3021476	5.93e-59	231
NC_003074.8:11762550-11765882	NC_003071.7	81.150	313	37	9	1792	2094	5961541	5961841	5.93e-59	231
NC_003074.8:11762550-11765882	NC_003071.7	78.718	390	47	15	1873	2239	5761574	5761950	7.67e-58	228
NC_003074.8:11762550-11765882	NC_003071.7	82.332	283	31	11	1770	2049	6729091	6729357	7.67e-58	228
NC_003074.8:11762550-11765882	NC_003071.7	80.831	313	38	9	1792	2094	2543902	2544202	2.76e-57	226
NC_003074.8:11762550-11765882	NC_003071.7	79.755	326	50	10	1884	2197	6570322	6570643	3.57e-56	222
NC_003074.8:11762550-11765882	NC_003071.7	78.492	358	58	13	1853	2197	2546735	2547086	1.66e-54	217
NC_003074.8:11762550-11765882	NC_003071.7	80.386	311	34	13	2027	2312	5761569	5761877	7.72e-53	211
NC_003074.8:11762550-11765882	NC_003071.7	78.212	358	59	12	1853	2197	6596478	6596829	7.72e-53	211
NC_003074.8:11762550-11765882	NC_003071.7	86.441	177	23	1	1759	1934	4359243	4359419	2.80e-47	193
NC_003074.8:11762550-11765882	NC_003071.7	79.866	298	27	12	2025	2290	4359183	4359479	1.30e-45	187
NC_003074.8:11762550-11765882	NC_003071.7	85.556	180	23	3	1873	2051	3194905	3194728	4.68e-45	185
NC_003074.8:11762550-11765882	NC_003071.7	81.659	229	29	7	1981	2197	1752909	1752682	7.83e-43	178
NC_003074.8:11762550-11765882	NC_003071.7	92.683	123	8	1	1972	2094	4379828	4379707	2.82e-42	176
NC_003074.8:11762550-11765882	NC_003071.7	79.104	268	42	8	1868	2123	578386	578121	3.64e-41	172
NC_003074.8:11762550-11765882	NC_003071.7	93.277	119	5	3	1792	1909	6579457	6579573	3.64e-41	172
NC_003074.8:11762550-11765882	NC_003071.7	79.457	258	39	8	1878	2123	6570388	6570643	1.31e-40	171
NC_003074.8:11762550-11765882	NC_003071.7	89.209	139	12	3	1355	1492	10932319	10932183	1.31e-40	171
NC_003074.8:11762550-11765882	NC_003071.7	82.234	197	31	4	1929	2123	1752876	1752682	1.70e-39	167
NC_003074.8:11762550-11765882	NC_003071.7	85.119	168	19	4	1187	1352	2326879	2327042	1.70e-39	167
NC_003074.8:11762550-11765882	NC_003071.7	78.810	269	41	10	1868	2123	2546821	2547086	1.70e-39	167
NC_003074.8:11762550-11765882	NC_003071.7	78.731	268	43	8	1868	2123	6596564	6596829	1.70e-39	167
NC_003074.8:11762550-11765882	NC_003071.7	80.952	231	22	10	1874	2094	5761733	5761951	2.19e-38	163
NC_003074.8:11762550-11765882	NC_003071.7	88.148	135	16	0	882	1016	3720901	3721035	7.89e-38	161
NC_003074.8:11762550-11765882	NC_003071.7	79.821	223	25	15	2351	2557	7110538	7110756	7.94e-33	145
NC_003074.8:11762550-11765882	NC_003071.7	82.993	147	25	0	8	154	4422865	4422719	1.72e-29	134
NC_003074.8:11762550-11765882	NC_003071.7	82.317	164	18	6	1898	2051	4379828	4379666	6.18e-29	132
NC_003074.8:11762550-11765882	NC_003071.7	88.776	98	9	2	1792	1888	4354520	4354616	4.81e-25	119
NC_003074.8:11762550-11765882	NC_003071.7	88.776	98	9	2	1792	1888	5761892	5761988	4.81e-25	119
NC_003074.8:11762550-11765882	NC_003071.7	79.661	177	24	4	1759	1934	6593783	6593948	1.73e-24	117
NC_003074.8:11762550-11765882	NC_003071.7	87.255	102	11	2	1792	1892	5740391	5740291	6.23e-24	115
NC_003074.8:11762550-11765882	NC_003071.7	79.096	177	25	4	1759	1934	1755697	1755532	8.06e-23	111
NC_003074.8:11762550-11765882	NC_003071.7	79.096	177	25	4	1759	1934	2544036	2544201	8.06e-23	111
NC_003074.8:11762550-11765882	NC_003071.7	79.096	177	25	4	1759	1934	3021642	3021477	8.06e-23	111
NC_003074.8:11762550-11765882	NC_003071.7	79.096	177	25	4	1759	1934	5961675	5961840	8.06e-23	111
NC_003074.8:11762550-11765882	NC_003071.7	87.000	100	11	2	1792	1890	6729259	6729357	8.06e-23	111
NC_003074.8:11762550-11765882	NC_003071.7	78.977	176	24	8	2106	2270	4427934	4427761	1.04e-21	108
NC_003074.8:11762550-11765882	NC_003071.7	86.441	59	6	2	1	57	4654296	4654238	2.29e-08	63.9
NC_003074.8:11762550-11765882	NC_003075.7	91.042	960	66	15	1792	2745	4095715	4096660	0.0	1279
NC_003074.8:11762550-11765882	NC_003075.7	82.017	1329	159	47	6	1315	2551845	2550578	0.0	1057
NC_003074.8:11762550-11765882	NC_003075.7	82.075	1205	149	42	135	1314	5274452	5275614	0.0	966
NC_003074.8:11762550-11765882	NC_003075.7	82.918	1165	101	41	2027	3116	5177301	5178442	0.0	959
NC_003074.8:11762550-11765882	NC_003075.7	88.154	726	53	23	1612	2313	4095373	4096089	0.0	833
NC_003074.8:11762550-11765882	NC_003075.7	81.407	1038	139	31	1948	2967	5612399	5613400	0.0	798
NC_003074.8:11762550-11765882	NC_003075.7	95.102	490	21	3	1792	2280	4094683	4094196	0.0	769
NC_003074.8:11762550-11765882	NC_003075.7	89.076	595	41	19	1612	2193	5177122	5177705	0.0	717
NC_003074.8:11762550-11765882	NC_003075.7	82.619	863	58	42	1355	2166	5611941	5612762	0.0	678
NC_003074.8:11762550-11765882	NC_003075.7	82.122	839	96	35	2027	2823	5612393	5613219	0.0	669
NC_003074.8:11762550-11765882	NC_003075.7	85.254	590	61	14	1789	2354	4810799	4811386	3.95e-165	584
NC_003074.8:11762550-11765882	NC_003075.7	86.948	521	44	17	1809	2313	4094822	4094310	5.14e-159	564
NC_003074.8:11762550-11765882	NC_003075.7	82.126	649	92	24	7	642	7219123	7218486	4.03e-150	534
NC_003074.8:11762550-11765882	NC_003075.7	77.606	1036	123	51	1355	2313	4095014	4096017	6.75e-148	527
NC_003074.8:11762550-11765882	NC_003075.7	85.429	501	65	8	7	501	9523946	9523448	5.25e-144	514
NC_003074.8:11762550-11765882	NC_003075.7	83.755	554	74	15	1	548	1480681	1481224	6.80e-143	510
NC_003074.8:11762550-11765882	NC_003075.7	83.219	584	70	15	1786	2354	4810648	4811218	6.80e-143	510
NC_003074.8:11762550-11765882	NC_003075.7	91.690	361	15	12	1612	1962	5176750	5177105	1.15e-135	486
NC_003074.8:11762550-11765882	NC_003075.7	82.343	589	73	18	1792	2354	1929811	1929228	1.48e-134	483
NC_003074.8:11762550-11765882	NC_003075.7	86.712	444	38	14	1926	2354	4095537	4095974	8.92e-132	473
NC_003074.8:11762550-11765882	NC_003075.7	86.816	402	35	11	1968	2355	4094820	4094423	1.51e-119	433
NC_003074.8:11762550-11765882	NC_003075.7	85.417	432	39	11	1792	2200	1929655	1929225	7.04e-118	427
NC_003074.8:11762550-11765882	NC_003075.7	85.888	411	35	16	1926	2322	5177285	5177686	1.52e-114	416
NC_003074.8:11762550-11765882	NC_003075.7	84.615	429	41	12	1792	2197	4810960	4811386	1.19e-110	403
NC_003074.8:11762550-11765882	NC_003075.7	88.034	351	21	7	1351	1682	5176438	5176786	1.99e-108	396
NC_003074.8:11762550-11765882	NC_003075.7	86.352	381	29	14	1792	2166	4095872	4096235	7.14e-108	394
NC_003074.8:11762550-11765882	NC_003075.7	94.323	229	8	4	1792	2019	5177462	5177686	2.03e-93	346
NC_003074.8:11762550-11765882	NC_003075.7	85.714	343	27	13	1792	2128	4094526	4094200	2.62e-92	342
NC_003074.8:11762550-11765882	NC_003075.7	83.033	389	41	10	1874	2239	1929656	1929270	2.04e-88	329
NC_003074.8:11762550-11765882	NC_003075.7	86.288	299	35	6	1759	2054	1929520	1929225	1.23e-85	320
NC_003074.8:11762550-11765882	NC_003075.7	86.395	294	34	6	1355	1646	1882464	1882175	1.59e-84	316
NC_003074.8:11762550-11765882	NC_003075.7	78.585	509	73	24	2335	2816	11371733	11372232	1.24e-80	303
NC_003074.8:11762550-11765882	NC_003075.7	82.181	376	39	11	893	1265	9523271	9522921	5.76e-79	298
NC_003074.8:11762550-11765882	NC_003075.7	81.530	379	43	13	1873	2239	5612398	5612761	1.25e-75	287
NC_003074.8:11762550-11765882	NC_003075.7	85.315	286	20	14	1770	2051	4096009	4096276	2.70e-72	276
NC_003074.8:11762550-11765882	NC_003075.7	86.100	259	20	8	2106	2353	5177307	5177560	5.84e-69	265
NC_003074.8:11762550-11765882	NC_003075.7	85.214	257	34	4	2101	2354	4810648	4810903	7.56e-68	261
NC_003074.8:11762550-11765882	NC_003075.7	83.108	296	39	8	1355	1647	7565289	7565002	2.72e-67	259
NC_003074.8:11762550-11765882	NC_003075.7	82.540	315	31	10	1792	2094	1929571	1929269	3.52e-66	255
NC_003074.8:11762550-11765882	NC_003075.7	83.803	284	28	10	1771	2051	5612535	5612803	1.26e-65	254
NC_003074.8:11762550-11765882	NC_003075.7	86.842	228	24	4	1355	1582	2073193	2072972	1.64e-64	250
NC_003074.8:11762550-11765882	NC_003075.7	78.271	451	51	18	1843	2270	4813936	4814362	2.12e-63	246
NC_003074.8:11762550-11765882	NC_003075.7	85.892	241	21	8	2329	2557	11372514	11372753	7.61e-63	244
NC_003074.8:11762550-11765882	NC_003075.7	80.059	341	56	6	1868	2197	4814024	4814363	2.74e-62	243
NC_003074.8:11762550-11765882	NC_003075.7	88.614	202	18	5	1926	2126	5176913	5177110	9.85e-62	241
NC_003074.8:11762550-11765882	NC_003075.7	83.026	271	34	7	1792	2051	4811117	4811386	4.58e-60	235
NC_003074.8:11762550-11765882	NC_003075.7	82.155	297	28	11	1352	1646	17449724	17449997	5.93e-59	231
NC_003074.8:11762550-11765882	NC_003075.7	80.000	325	51	8	1884	2197	1926707	1926386	7.67e-58	228
NC_003074.8:11762550-11765882	NC_003075.7	80.602	299	50	8	1349	1642	10631230	10631525	9.92e-57	224
NC_003074.8:11762550-11765882	NC_003075.7	80.368	326	30	12	2334	2629	5333130	5332809	1.66e-54	217
NC_003074.8:11762550-11765882	NC_003075.7	78.736	348	49	11	1759	2094	4811011	4811345	2.78e-52	209
NC_003074.8:11762550-11765882	NC_003075.7	80.412	291	36	15	1792	2067	4821406	4821690	4.65e-50	202
NC_003074.8:11762550-11765882	NC_003075.7	79.522	293	32	15	1941	2209	4821398	4821686	1.68e-44	183
NC_003074.8:11762550-11765882	NC_003075.7	86.628	172	11	5	2106	2267	5176935	5177104	2.18e-43	180
NC_003074.8:11762550-11765882	NC_003075.7	85.027	187	12	8	1792	1975	4094369	4094196	2.82e-42	176
NC_003074.8:11762550-11765882	NC_003075.7	78.652	267	44	7	1868	2123	1926650	1926386	6.10e-39	165
NC_003074.8:11762550-11765882	NC_003075.7	87.770	139	16	1	2175	2312	4810649	4810787	7.89e-38	161
NC_003074.8:11762550-11765882	NC_003075.7	76.772	254	42	8	1853	2094	4820029	4820277	2.88e-27	126
NC_003074.8:11762550-11765882	NC_003075.7	89.109	101	9	2	1793	1892	4096177	4096276	1.03e-26	124
NC_003074.8:11762550-11765882	NC_003075.7	80.838	167	18	8	2157	2312	5612378	5612541	4.81e-25	119
NC_003074.8:11762550-11765882	NC_003075.7	78.531	177	26	4	1759	1934	1929435	1929270	3.75e-21	106
NC_003074.8:11762550-11765882	NC_003075.7	89.286	84	9	0	1	84	5273986	5274069	3.75e-21	106
NC_003074.8:11762550-11765882	NC_003075.7	80.556	108	10	10	1991	2093	4818065	4818166	3.80e-11	73.1
