NC_003071.7:6946155-6946585	NC_003071.7	100.000	431	0	0	1	431	6946155	6946585	0.0	797
NC_003071.7:6946155-6946585	NC_003071.7	92.575	431	31	1	1	431	2820420	2820849	4.78e-176	617
NC_003071.7:6946155-6946585	NC_003071.7	92.343	431	33	0	1	431	2735215	2734785	6.19e-175	614
NC_003071.7:6946155-6946585	NC_003071.7	90.255	431	30	1	1	431	4307703	4307285	1.37e-156	553
NC_003071.7:6946155-6946585	NC_003071.7	94.313	211	11	1	1	210	510988	511198	4.20e-87	322
NC_003071.7:6946155-6946585	NC_003071.7	92.925	212	14	1	3	214	11129215	11129005	1.18e-82	307
NC_003071.7:6946155-6946585	NC_003071.7	91.628	215	17	1	1	214	10406501	10406715	2.55e-79	296
NC_003071.7:6946155-6946585	NC_003071.7	94.245	139	8	0	293	431	511194	511332	2.64e-54	213
NC_003071.7:6946155-6946585	NC_003071.7	92.929	99	6	1	334	431	10406989	10407087	3.51e-33	143
NC_003071.7:6946155-6946585	NC_003071.7	84.146	82	13	0	1	82	2868065	2868146	2.79e-14	80.5
NC_003071.7:6946155-6946585	NC_003076.8	93.981	432	25	1	1	431	8178107	8177676	0.0	652
NC_003071.7:6946155-6946585	NC_003076.8	94.712	416	22	0	1	416	17438315	17438730	0.0	647
NC_003071.7:6946155-6946585	NC_003076.8	92.629	407	27	3	9	414	14985224	14984820	1.74e-165	582
NC_003071.7:6946155-6946585	NC_003076.8	90.487	431	28	3	1	431	15213323	15212906	1.06e-157	556
NC_003071.7:6946155-6946585	NC_003076.8	92.891	211	14	1	1	211	13608296	13608505	4.23e-82	305
NC_003071.7:6946155-6946585	NC_003076.8	93.269	208	13	1	3	210	26233529	26233323	4.23e-82	305
NC_003071.7:6946155-6946585	NC_003076.8	92.823	209	14	1	3	211	18113645	18113852	5.47e-81	302
NC_003071.7:6946155-6946585	NC_003076.8	90.698	215	19	1	1	214	8808995	8809209	5.51e-76	285
NC_003071.7:6946155-6946585	NC_003076.8	92.188	192	15	0	1	192	18147553	18147744	4.29e-72	272
NC_003071.7:6946155-6946585	NC_003076.8	90.659	182	16	1	1	181	16387691	16387872	1.21e-62	241
NC_003071.7:6946155-6946585	NC_003076.8	91.489	94	8	0	337	430	18147806	18147899	2.73e-29	130
NC_003071.7:6946155-6946585	NC_003075.7	93.735	431	27	0	1	431	4650110	4650540	0.0	647
NC_003071.7:6946155-6946585	NC_003075.7	92.807	431	31	0	1	431	4685638	4686068	2.86e-178	625
NC_003071.7:6946155-6946585	NC_003075.7	92.807	431	29	2	1	431	2316524	2316096	1.03e-177	623
NC_003071.7:6946155-6946585	NC_003075.7	92.575	431	32	0	1	431	12714136	12713706	1.33e-176	619
NC_003071.7:6946155-6946585	NC_003075.7	89.559	431	45	0	1	431	16705425	16705855	6.36e-155	547
NC_003071.7:6946155-6946585	NC_003075.7	92.920	339	23	1	1	339	4906330	4905993	3.02e-138	492
NC_003071.7:6946155-6946585	NC_003075.7	92.647	272	20	0	1	272	4909348	4909077	3.16e-108	392
NC_003071.7:6946155-6946585	NC_003075.7	91.795	195	14	2	1	195	15592391	15592199	1.54e-71	270
NC_003071.7:6946155-6946585	NC_003075.7	92.553	188	13	1	7	193	4876055	4875868	5.55e-71	268
NC_003071.7:6946155-6946585	NC_003075.7	94.118	68	4	0	337	404	4875809	4875742	1.66e-21	104
NC_003071.7:6946155-6946585	NC_003075.7	88.750	80	8	1	3	82	1357641	1357563	2.77e-19	97.1
NC_003071.7:6946155-6946585	NC_003074.8	93.735	431	27	0	1	431	15783155	15783585	0.0	647
NC_003071.7:6946155-6946585	NC_003074.8	93.735	431	27	0	1	431	16851842	16851412	0.0	647
NC_003071.7:6946155-6946585	NC_003074.8	94.231	416	24	0	1	416	15642913	15643328	0.0	636
NC_003071.7:6946155-6946585	NC_003074.8	92.343	431	32	1	1	431	18976720	18977149	2.23e-174	612
NC_003071.7:6946155-6946585	NC_003074.8	92.111	431	33	1	1	431	10791549	10791120	1.04e-172	606
NC_003071.7:6946155-6946585	NC_003074.8	91.415	431	37	0	1	431	19648580	19648150	2.90e-168	592
NC_003071.7:6946155-6946585	NC_003074.8	92.553	282	21	0	150	431	10908292	10908011	4.05e-112	405
NC_003071.7:6946155-6946585	NC_003074.8	81.206	431	54	17	3	431	538784	539189	4.20e-87	322
NC_003071.7:6946155-6946585	NC_003074.8	94.258	209	11	1	3	211	9767686	9767893	5.43e-86	318
NC_003071.7:6946155-6946585	NC_003074.8	92.381	210	16	0	1	210	10908474	10908265	1.97e-80	300
NC_003071.7:6946155-6946585	NC_003074.8	94.652	187	9	1	7	193	14785545	14785360	4.26e-77	289
NC_003071.7:6946155-6946585	NC_003074.8	88.542	96	10	1	337	431	9768001	9768096	7.65e-25	115
NC_003071.7:6946155-6946585	NC_003070.9	92.343	431	32	1	1	431	9062084	9062513	2.23e-174	612
NC_003071.7:6946155-6946585	NC_003070.9	90.719	431	40	0	1	431	10652930	10652500	2.92e-163	575
NC_003071.7:6946155-6946585	NC_003070.9	92.231	399	29	1	1	399	8723513	8723117	6.32e-160	564
NC_003071.7:6946155-6946585	NC_003070.9	89.095	431	35	2	1	431	18287193	18287611	2.98e-148	525
NC_003071.7:6946155-6946585	NC_003070.9	93.173	249	17	0	183	431	13808353	13808601	1.91e-100	366
NC_003071.7:6946155-6946585	NC_003070.9	82.679	433	44	24	3	431	16998808	16998403	4.14e-97	355
NC_003071.7:6946155-6946585	NC_003070.9	81.903	431	51	20	3	431	28750312	28749907	4.17e-92	339
NC_003071.7:6946155-6946585	NC_003070.9	92.558	215	15	1	1	214	16822273	16822487	1.18e-82	307
NC_003071.7:6946155-6946585	NC_003070.9	92.823	209	14	1	7	214	8375145	8374937	5.47e-81	302
NC_003071.7:6946155-6946585	NC_003070.9	91.500	200	16	1	13	211	18126616	18126815	1.19e-72	274
NC_003071.7:6946155-6946585	NC_003070.9	93.220	177	12	0	1	177	13808204	13808380	9.29e-69	261
NC_003071.7:6946155-6946585	NC_003070.9	94.792	96	4	1	337	431	8374654	8374559	7.54e-35	148
NC_003071.7:6946155-6946585	NC_003070.9	82.203	118	20	1	1	117	13496476	13496359	2.14e-20	100
NC_003071.7:7813402-7814694	NC_003071.7	100.000	1293	0	0	1	1293	7814694	7813402	0.0	2388
NC_003071.7:7813402-7814694	NC_003071.7	91.776	1301	90	12	4	1293	7169524	7168230	0.0	1794
NC_003071.7:7813402-7814694	NC_003071.7	93.865	1141	62	8	158	1293	500923	502060	0.0	1712
NC_003071.7:7813402-7814694	NC_003071.7	93.040	1135	69	10	161	1291	13907797	13906669	0.0	1650
NC_003071.7:7813402-7814694	NC_003071.7	92.602	1149	74	11	149	1293	395726	394585	0.0	1640
NC_003071.7:7813402-7814694	NC_003071.7	92.738	1143	71	7	161	1293	12801954	12803094	0.0	1640
NC_003071.7:7813402-7814694	NC_003071.7	92.126	1143	72	12	161	1293	13267871	13269005	0.0	1596
NC_003071.7:7813402-7814694	NC_003071.7	91.996	1137	80	10	161	1293	17254287	17253158	0.0	1585
NC_003071.7:7813402-7814694	NC_003071.7	91.769	1142	71	12	161	1293	6924418	6923291	0.0	1567
NC_003071.7:7813402-7814694	NC_003071.7	92.455	1047	63	10	258	1293	6663080	6664121	0.0	1482
NC_003071.7:7813402-7814694	NC_003071.7	92.418	1042	66	9	227	1259	12093439	12092402	0.0	1474
NC_003071.7:7813402-7814694	NC_003071.7	93.347	962	57	7	321	1280	6803425	6804381	0.0	1415
NC_003071.7:7813402-7814694	NC_003071.7	93.497	938	50	9	161	1092	11286196	11285264	0.0	1384
NC_003071.7:7813402-7814694	NC_003071.7	91.658	1007	60	9	295	1293	543175	544165	0.0	1373
NC_003071.7:7813402-7814694	NC_003071.7	91.992	974	59	14	297	1267	14334657	14335614	0.0	1349
NC_003071.7:7813402-7814694	NC_003071.7	93.213	884	54	6	413	1293	13336704	13335824	0.0	1295
NC_003071.7:7813402-7814694	NC_003071.7	92.635	869	48	10	435	1293	7960700	7961562	0.0	1236
NC_003071.7:7813402-7814694	NC_003071.7	93.173	791	46	7	507	1293	7112142	7112928	0.0	1155
NC_003071.7:7813402-7814694	NC_003071.7	92.658	790	52	6	507	1293	6101018	6100232	0.0	1133
NC_003071.7:7813402-7814694	NC_003071.7	91.209	728	55	8	569	1293	3213046	3212325	0.0	981
NC_003071.7:7813402-7814694	NC_003071.7	91.753	679	44	10	618	1291	709400	710071	0.0	933
NC_003071.7:7813402-7814694	NC_003071.7	92.961	483	28	6	149	627	708360	708840	0.0	699
NC_003071.7:7813402-7814694	NC_003071.7	92.952	454	24	8	145	595	13337152	13336704	0.0	654
NC_003071.7:7813402-7814694	NC_003071.7	91.793	463	30	8	693	1151	3564666	3565124	0.0	638
NC_003071.7:7813402-7814694	NC_003071.7	91.169	385	26	3	20	397	7959807	7960190	5.60e-145	516
NC_003071.7:7813402-7814694	NC_003071.7	91.714	350	20	4	1	342	4024197	4024545	2.64e-133	477
NC_003071.7:7813402-7814694	NC_003071.7	91.618	346	20	4	1	338	7111780	7112124	4.42e-131	470
NC_003071.7:7813402-7814694	NC_003071.7	91.496	341	22	2	4	337	980617	980277	7.39e-129	462
NC_003071.7:7813402-7814694	NC_003071.7	94.040	302	13	5	507	805	4024560	4024859	4.45e-126	453
NC_003071.7:7813402-7814694	NC_003071.7	93.046	302	17	4	507	805	980259	979959	1.25e-121	438
NC_003071.7:7813402-7814694	NC_003071.7	93.431	274	16	2	4	276	3564382	3564654	1.26e-111	405
NC_003071.7:7813402-7814694	NC_003071.7	92.014	288	20	3	4	289	3213354	3213068	1.64e-110	401
NC_003071.7:7813402-7814694	NC_003071.7	92.045	264	19	2	1007	1270	3565124	3565385	4.61e-101	370
NC_003071.7:7813402-7814694	NC_003071.7	89.716	282	27	2	1012	1293	2962573	2962294	9.98e-98	359
NC_003071.7:7813402-7814694	NC_003071.7	91.473	258	21	1	10	266	6660967	6661224	4.64e-96	353
NC_003071.7:7813402-7814694	NC_003071.7	93.617	235	14	1	4	237	2962805	2962571	6.01e-95	350
NC_003071.7:7813402-7814694	NC_003071.7	80.737	353	52	9	2	343	6101379	6101032	2.90e-68	261
NC_003071.7:7813402-7814694	NC_003071.7	91.209	91	6	2	1	89	11287164	11287074	1.43e-26	122
NC_003071.7:7813402-7814694	NC_003071.7	88.350	103	9	3	4	104	13338077	13337976	5.13e-26	121
NC_003071.7:7813402-7814694	NC_003071.7	90.110	91	7	2	1	89	6925380	6925290	6.63e-25	117
NC_003071.7:7813402-7814694	NC_003071.7	86.364	110	11	4	3	109	7154737	7154629	6.63e-25	117
NC_003071.7:7813402-7814694	NC_003071.7	90.909	88	6	2	4	89	13908721	13908634	6.63e-25	117
NC_003071.7:7813402-7814694	NC_003071.7	87.379	103	9	4	4	104	1460925	1460825	2.39e-24	115
NC_003071.7:7813402-7814694	NC_003071.7	82.143	140	17	7	4	140	542308	542442	8.58e-24	113
NC_003071.7:7813402-7814694	NC_003071.7	89.773	88	7	2	4	89	6099530	6099617	3.09e-23	111
NC_003071.7:7813402-7814694	NC_003071.7	89.888	89	6	3	4	89	12094425	12094337	3.09e-23	111
NC_003071.7:7813402-7814694	NC_003071.7	88.889	90	8	2	2	89	6384056	6383967	1.11e-22	110
NC_003071.7:7813402-7814694	NC_003071.7	86.408	103	11	3	4	104	11399377	11399276	1.11e-22	110
NC_003071.7:7813402-7814694	NC_003071.7	88.636	88	8	2	4	89	19196757	19196670	1.44e-21	106
NC_003071.7:7813402-7814694	NC_003071.7	87.640	89	9	2	3	89	14333784	14333872	1.86e-20	102
NC_003071.7:7813402-7814694	NC_003071.7	83.019	106	11	7	3	104	13266914	13267016	1.45e-16	89.8
NC_003071.7:7813402-7814694	NC_003076.8	93.241	1302	73	9	2	1293	15043430	15042134	0.0	1903
NC_003071.7:7813402-7814694	NC_003076.8	92.331	1304	83	13	4	1293	24476591	24475291	0.0	1838
NC_003071.7:7813402-7814694	NC_003076.8	91.875	1317	78	16	3	1293	22232265	22230952	0.0	1812
NC_003071.7:7813402-7814694	NC_003076.8	92.604	1271	75	9	4	1258	5978053	5976786	0.0	1808
NC_003071.7:7813402-7814694	NC_003076.8	91.546	1313	85	15	4	1293	8354510	8353201	0.0	1786
NC_003071.7:7813402-7814694	NC_003076.8	93.234	1138	66	11	161	1293	1897707	1896576	0.0	1664
NC_003071.7:7813402-7814694	NC_003076.8	93.146	1138	66	11	161	1293	9964077	9962947	0.0	1659
NC_003071.7:7813402-7814694	NC_003076.8	92.995	1142	67	9	161	1293	20681453	20680316	0.0	1653
NC_003071.7:7813402-7814694	NC_003076.8	92.576	1145	74	11	153	1293	16357407	16358544	0.0	1633
NC_003071.7:7813402-7814694	NC_003076.8	92.651	1143	71	9	161	1293	19741654	19740515	0.0	1633
NC_003071.7:7813402-7814694	NC_003076.8	92.625	1139	74	10	161	1293	14081897	14080763	0.0	1629
NC_003071.7:7813402-7814694	NC_003076.8	92.476	1143	71	11	161	1293	8766666	8767803	0.0	1620
NC_003071.7:7813402-7814694	NC_003076.8	92.469	1142	70	13	161	1293	8745759	8744625	0.0	1618
NC_003071.7:7813402-7814694	NC_003076.8	92.388	1143	73	10	161	1293	5429094	5427956	0.0	1616
NC_003071.7:7813402-7814694	NC_003076.8	92.094	1151	79	12	149	1293	17776658	17777802	0.0	1611
NC_003071.7:7813402-7814694	NC_003076.8	92.375	1141	69	13	161	1291	24186959	24185827	0.0	1609
NC_003071.7:7813402-7814694	NC_003076.8	92.038	1143	79	7	161	1293	17365983	17367123	0.0	1596
NC_003071.7:7813402-7814694	NC_003076.8	92.553	1034	63	10	161	1184	14150343	14149314	0.0	1471
NC_003071.7:7813402-7814694	NC_003076.8	93.214	1002	56	10	268	1264	18854895	18855889	0.0	1463
NC_003071.7:7813402-7814694	NC_003076.8	91.892	999	72	8	298	1293	4313874	4314866	0.0	1387
NC_003071.7:7813402-7814694	NC_003076.8	90.918	1057	59	15	3	1049	10714423	10715452	0.0	1386
NC_003071.7:7813402-7814694	NC_003076.8	93.111	929	54	8	369	1293	11026974	11027896	0.0	1352
NC_003071.7:7813402-7814694	NC_003076.8	89.685	1047	63	12	252	1293	21530902	21531908	0.0	1293
NC_003071.7:7813402-7814694	NC_003076.8	92.269	802	56	6	495	1293	15605467	15604669	0.0	1133
NC_003071.7:7813402-7814694	NC_003076.8	91.839	772	57	6	526	1293	4780979	4780210	0.0	1072
NC_003071.7:7813402-7814694	NC_003076.8	92.416	712	44	6	2	704	15577427	15576717	0.0	1007
NC_003071.7:7813402-7814694	NC_003076.8	92.006	713	48	5	1	704	21777035	21776323	0.0	992
NC_003071.7:7813402-7814694	NC_003076.8	93.603	594	34	4	702	1293	7153775	7153184	0.0	883
NC_003071.7:7813402-7814694	NC_003076.8	92.193	602	43	4	693	1293	25905017	25905615	0.0	848
NC_003071.7:7813402-7814694	NC_003076.8	92.464	491	34	3	803	1293	15576667	15576180	0.0	699
NC_003071.7:7813402-7814694	NC_003076.8	92.276	492	32	5	803	1293	21776273	21775787	0.0	693
NC_003071.7:7813402-7814694	NC_003076.8	91.667	444	27	6	851	1293	9134290	9134724	3.23e-172	606
NC_003071.7:7813402-7814694	NC_003076.8	92.079	404	26	6	892	1293	17796537	17796138	1.97e-159	564
NC_003071.7:7813402-7814694	NC_003076.8	94.490	363	11	6	161	521	9558551	9558196	1.53e-155	551
NC_003071.7:7813402-7814694	NC_003076.8	90.842	404	23	6	161	556	9591350	9591747	7.19e-149	529
NC_003071.7:7813402-7814694	NC_003076.8	90.864	405	22	7	161	556	20281045	20280647	7.19e-149	529
NC_003071.7:7813402-7814694	NC_003076.8	91.979	374	23	3	161	529	4313474	4313845	1.56e-145	518
NC_003071.7:7813402-7814694	NC_003076.8	93.235	340	16	2	5	337	20280646	20280307	2.62e-138	494
NC_003071.7:7813402-7814694	NC_003076.8	92.035	339	20	2	5	336	9591748	9592086	4.42e-131	470
NC_003071.7:7813402-7814694	NC_003076.8	91.092	348	23	3	3	343	9133952	9134298	2.06e-129	464
NC_003071.7:7813402-7814694	NC_003076.8	89.572	374	26	10	929	1293	25264968	25265337	7.39e-129	462
NC_003071.7:7813402-7814694	NC_003076.8	93.226	310	14	3	161	464	4781290	4780982	5.76e-125	449
NC_003071.7:7813402-7814694	NC_003076.8	93.377	302	16	4	507	805	9592104	9592404	2.68e-123	444
NC_003071.7:7813402-7814694	NC_003076.8	92.715	302	17	5	507	805	17617544	17617245	2.09e-119	431
NC_003071.7:7813402-7814694	NC_003076.8	93.772	289	14	4	507	793	20280289	20280003	2.09e-119	431
NC_003071.7:7813402-7814694	NC_003076.8	92.701	274	19	1	4	276	25904732	25905005	2.74e-108	394
NC_003071.7:7813402-7814694	NC_003076.8	90.789	228	13	2	161	380	11026281	11026508	2.21e-79	298
NC_003071.7:7813402-7814694	NC_003076.8	93.103	174	10	2	153	326	15605668	15605497	4.84e-66	254
NC_003071.7:7813402-7814694	NC_003076.8	90.323	186	12	1	161	340	17617744	17617559	1.36e-61	239
NC_003071.7:7813402-7814694	NC_003076.8	89.333	150	11	4	3	150	13982134	13982280	6.45e-45	183
NC_003071.7:7813402-7814694	NC_003076.8	88.462	104	9	3	3	104	7154440	7154338	1.43e-26	122
NC_003071.7:7813402-7814694	NC_003076.8	91.209	91	6	2	1	89	9559510	9559420	1.43e-26	122
NC_003071.7:7813402-7814694	NC_003076.8	91.304	92	5	3	1	89	14151298	14151207	1.43e-26	122
NC_003071.7:7813402-7814694	NC_003076.8	87.736	106	9	3	1	104	354137	354240	5.13e-26	121
NC_003071.7:7813402-7814694	NC_003076.8	88.235	102	11	1	4	104	17365025	17365126	5.13e-26	121
NC_003071.7:7813402-7814694	NC_003076.8	91.011	89	6	2	3	89	15606602	15606514	1.84e-25	119
NC_003071.7:7813402-7814694	NC_003076.8	91.011	89	6	2	3	89	17796786	17796698	1.84e-25	119
NC_003071.7:7813402-7814694	NC_003076.8	90.909	88	6	2	4	89	8746701	8746614	6.63e-25	117
NC_003071.7:7813402-7814694	NC_003076.8	90.909	88	6	2	4	89	9590410	9590497	6.63e-25	117
NC_003071.7:7813402-7814694	NC_003076.8	90.909	88	6	2	4	89	14082835	14082748	6.63e-25	117
NC_003071.7:7813402-7814694	NC_003076.8	90.909	88	6	2	4	89	18853952	18854039	6.63e-25	117
NC_003071.7:7813402-7814694	NC_003076.8	90.110	91	7	2	1	89	21530086	21530176	6.63e-25	117
NC_003071.7:7813402-7814694	NC_003076.8	90.000	90	7	2	2	89	3020198	3020109	2.39e-24	115
NC_003071.7:7813402-7814694	NC_003076.8	90.805	87	6	2	3	87	9965018	9964932	2.39e-24	115
NC_003071.7:7813402-7814694	NC_003076.8	89.888	89	7	2	3	89	13918791	13918703	8.58e-24	113
NC_003071.7:7813402-7814694	NC_003076.8	96.970	66	2	0	2	67	11025334	11025399	3.09e-23	111
NC_003071.7:7813402-7814694	NC_003076.8	89.773	88	7	2	4	89	19931558	19931471	3.09e-23	111
NC_003071.7:7813402-7814694	NC_003076.8	88.043	92	8	3	1	89	19742621	19742530	1.44e-21	106
NC_003071.7:7813402-7814694	NC_003076.8	88.636	88	8	2	4	89	20281984	20281897	1.44e-21	106
NC_003071.7:7813402-7814694	NC_003076.8	88.636	88	8	2	4	89	25264511	25264598	1.44e-21	106
NC_003071.7:7813402-7814694	NC_003076.8	87.778	90	8	3	3	89	15342697	15342608	1.86e-20	102
NC_003071.7:7813402-7814694	NC_003076.8	86.813	91	10	2	1	89	20398215	20398305	6.68e-20	100
NC_003071.7:7813402-7814694	NC_003076.8	87.356	87	9	2	5	89	19670802	19670888	2.40e-19	99.0
NC_003071.7:7813402-7814694	NC_003076.8	100.000	48	0	0	732	779	15576716	15576669	1.45e-16	89.8
NC_003071.7:7813402-7814694	NC_003075.7	93.061	1297	76	10	7	1293	11193567	11192275	0.0	1884
NC_003071.7:7813402-7814694	NC_003075.7	92.396	1302	84	11	4	1293	372086	370788	0.0	1842
NC_003071.7:7813402-7814694	NC_003075.7	91.244	1302	99	11	4	1293	6166464	6165166	0.0	1759
NC_003071.7:7813402-7814694	NC_003075.7	93.240	1139	64	10	161	1293	5540448	5539317	0.0	1664
NC_003071.7:7813402-7814694	NC_003075.7	92.876	1151	71	10	149	1293	11361800	11362945	0.0	1661
NC_003071.7:7813402-7814694	NC_003075.7	93.128	1135	72	6	161	1293	1350526	1351656	0.0	1659
NC_003071.7:7813402-7814694	NC_003075.7	93.007	1144	67	8	161	1293	8064563	8065704	0.0	1657
NC_003071.7:7813402-7814694	NC_003075.7	93.134	1136	67	11	161	1293	8729528	8728401	0.0	1655
NC_003071.7:7813402-7814694	NC_003075.7	91.754	1140	65	16	161	1293	4147065	4148182	0.0	1557
NC_003071.7:7813402-7814694	NC_003075.7	91.586	1141	75	12	161	1291	1001051	999922	0.0	1555
NC_003071.7:7813402-7814694	NC_003075.7	92.629	1004	66	6	294	1293	16864262	16863263	0.0	1437
NC_003071.7:7813402-7814694	NC_003075.7	93.308	792	43	9	507	1293	683572	684358	0.0	1160
NC_003071.7:7813402-7814694	NC_003075.7	92.358	772	53	5	526	1293	10396118	10395349	0.0	1094
NC_003071.7:7813402-7814694	NC_003075.7	93.009	658	41	5	448	1102	965061	964406	0.0	955
NC_003071.7:7813402-7814694	NC_003075.7	89.474	532	43	10	765	1293	14390783	14390262	0.0	660
NC_003071.7:7813402-7814694	NC_003075.7	91.221	467	33	4	4	463	965799	965334	6.89e-179	628
NC_003071.7:7813402-7814694	NC_003075.7	94.516	310	11	2	161	464	10396429	10396120	3.42e-132	473
NC_003071.7:7813402-7814694	NC_003075.7	91.379	348	22	3	2	342	683211	683557	4.42e-131	470
NC_003071.7:7813402-7814694	NC_003075.7	88.830	376	27	8	892	1265	7853284	7852922	2.07e-124	448
NC_003071.7:7813402-7814694	NC_003075.7	90.511	274	19	2	4	276	8802132	8802399	1.29e-96	355
NC_003071.7:7813402-7814694	NC_003075.7	94.472	199	11	0	4	202	14390988	14390790	3.67e-82	307
NC_003071.7:7813402-7814694	NC_003075.7	92.424	132	9	1	3	133	2520883	2521014	4.98e-46	187
NC_003071.7:7813402-7814694	NC_003075.7	89.320	103	8	2	4	104	5541389	5541288	1.10e-27	126
NC_003071.7:7813402-7814694	NC_003075.7	94.048	84	3	1	698	779	8802416	8802499	1.10e-27	126
NC_003071.7:7813402-7814694	NC_003075.7	87.850	107	7	5	1	104	6178444	6178547	5.13e-26	121
NC_003071.7:7813402-7814694	NC_003075.7	91.111	90	6	2	2	89	11360868	11360957	5.13e-26	121
NC_003071.7:7813402-7814694	NC_003075.7	91.954	87	3	4	4	87	4146126	4146211	1.84e-25	119
NC_003071.7:7813402-7814694	NC_003075.7	90.909	88	6	2	4	89	7853533	7853446	6.63e-25	117
NC_003071.7:7813402-7814694	NC_003075.7	90.909	88	6	2	4	89	8063577	8063664	6.63e-25	117
NC_003071.7:7813402-7814694	NC_003075.7	82.857	140	15	8	1	136	16865074	16864940	6.63e-25	117
NC_003071.7:7813402-7814694	NC_003075.7	90.000	90	7	2	2	89	8730455	8730366	2.39e-24	115
NC_003071.7:7813402-7814694	NC_003075.7	89.773	88	7	2	4	89	1002007	1001920	3.09e-23	111
NC_003071.7:7813402-7814694	NC_003075.7	88.764	89	8	2	3	89	9763815	9763727	3.99e-22	108
NC_003071.7:7813402-7814694	NC_003075.7	88.636	88	8	2	4	89	5354114	5354201	1.44e-21	106
NC_003071.7:7813402-7814694	NC_003075.7	87.640	89	9	2	3	89	314270	314182	1.86e-20	102
NC_003071.7:7813402-7814694	NC_003075.7	87.640	89	8	3	4	89	7060698	7060610	6.68e-20	100
NC_003071.7:7813402-7814694	NC_003075.7	87.500	88	9	2	4	89	9842608	9842521	6.68e-20	100
NC_003071.7:7813402-7814694	NC_003075.7	85.556	90	5	3	2	89	6279020	6279103	5.20e-16	87.9
NC_003071.7:7813402-7814694	NC_003074.8	92.615	1300	75	12	4	1291	17729940	17731230	0.0	1849
NC_003071.7:7813402-7814694	NC_003074.8	92.142	1298	69	14	4	1293	9767629	9766357	0.0	1801
NC_003071.7:7813402-7814694	NC_003074.8	91.571	1305	89	13	3	1293	17776768	17778065	0.0	1781
NC_003071.7:7813402-7814694	NC_003074.8	90.923	1322	79	21	1	1291	16419141	16420452	0.0	1738
NC_003071.7:7813402-7814694	NC_003074.8	92.944	1148	73	8	149	1293	17276885	17275743	0.0	1664
NC_003071.7:7813402-7814694	NC_003074.8	92.172	1137	73	12	161	1293	20787323	20788447	0.0	1592
NC_003071.7:7813402-7814694	NC_003074.8	92.431	1123	67	12	161	1268	10820486	10819367	0.0	1587
NC_003071.7:7813402-7814694	NC_003074.8	91.565	1150	80	14	149	1293	22119520	22120657	0.0	1570
NC_003071.7:7813402-7814694	NC_003074.8	91.312	1151	65	21	161	1293	17143580	17142447	0.0	1539
NC_003071.7:7813402-7814694	NC_003074.8	91.931	1103	76	8	161	1253	15938226	15939325	0.0	1531
NC_003071.7:7813402-7814694	NC_003074.8	91.370	1124	71	12	161	1266	11536758	11537873	0.0	1515
NC_003071.7:7813402-7814694	NC_003074.8	91.045	1139	68	20	161	1293	16562477	16563587	0.0	1507
NC_003071.7:7813402-7814694	NC_003074.8	92.423	1069	56	10	4	1061	11503761	11502707	0.0	1502
NC_003071.7:7813402-7814694	NC_003074.8	90.501	1137	70	12	161	1293	15452557	15451455	0.0	1467
NC_003071.7:7813402-7814694	NC_003074.8	92.201	1013	53	12	288	1293	16451587	16452580	0.0	1410
NC_003071.7:7813402-7814694	NC_003074.8	91.784	998	63	6	300	1293	17062368	17061386	0.0	1371
NC_003071.7:7813402-7814694	NC_003074.8	90.791	999	60	10	300	1293	7995800	7994829	0.0	1306
NC_003071.7:7813402-7814694	NC_003074.8	91.376	916	48	8	3	910	10320411	10321303	0.0	1225
NC_003071.7:7813402-7814694	NC_003074.8	93.813	792	42	6	507	1293	18019138	18019927	0.0	1184
NC_003071.7:7813402-7814694	NC_003074.8	93.679	791	44	6	507	1293	18412511	18413299	0.0	1179
NC_003071.7:7813402-7814694	NC_003074.8	92.172	792	55	6	507	1293	13327793	13328582	0.0	1112
NC_003071.7:7813402-7814694	NC_003074.8	93.674	743	43	4	552	1293	10556871	10556132	0.0	1109
NC_003071.7:7813402-7814694	NC_003074.8	92.045	792	54	8	507	1293	3965360	3966147	0.0	1105
NC_003071.7:7813402-7814694	NC_003074.8	92.752	745	39	9	552	1293	10575083	10574351	0.0	1062
NC_003071.7:7813402-7814694	NC_003074.8	91.818	770	41	12	526	1293	15485278	15484529	0.0	1053
NC_003071.7:7813402-7814694	NC_003074.8	93.255	682	35	6	4	676	11967653	11968332	0.0	994
NC_003071.7:7813402-7814694	NC_003074.8	92.272	647	43	7	648	1293	5744483	5743843	0.0	911
NC_003071.7:7813402-7814694	NC_003074.8	91.748	618	44	6	677	1293	9384377	9383766	0.0	852
NC_003071.7:7813402-7814694	NC_003074.8	93.411	516	28	5	161	674	5744998	5744487	0.0	760
NC_003071.7:7813402-7814694	NC_003074.8	94.215	484	23	5	149	629	9384863	9384382	0.0	734
NC_003071.7:7813402-7814694	NC_003074.8	93.460	474	21	5	1	464	15485753	15485280	0.0	695
NC_003071.7:7813402-7814694	NC_003074.8	93.333	465	23	4	3	459	10557347	10556883	0.0	680
NC_003071.7:7813402-7814694	NC_003074.8	91.489	423	28	3	54	469	10575507	10575086	9.10e-163	575
NC_003071.7:7813402-7814694	NC_003074.8	90.465	409	23	8	158	556	17300342	17299940	9.30e-148	525
NC_003071.7:7813402-7814694	NC_003074.8	91.884	345	20	3	5	342	17299939	17299596	9.50e-133	475
NC_003071.7:7813402-7814694	NC_003074.8	91.618	346	21	4	4	342	13327434	13327778	1.23e-131	472
NC_003071.7:7813402-7814694	NC_003074.8	91.354	347	20	5	3	342	18412153	18412496	5.72e-130	466
NC_003071.7:7813402-7814694	NC_003074.8	90.286	350	24	5	1	343	18018778	18019124	5.76e-125	449
NC_003071.7:7813402-7814694	NC_003074.8	93.980	299	13	5	510	805	17299578	17299282	2.07e-124	448
NC_003071.7:7813402-7814694	NC_003074.8	90.373	322	23	3	24	337	3965021	3965342	5.84e-115	416
NC_003071.7:7813402-7814694	NC_003074.8	91.349	289	23	2	1005	1293	11968331	11968617	2.74e-108	394
NC_003071.7:7813402-7814694	NC_003074.8	87.356	348	22	4	2	342	1571378	1571710	7.66e-104	379
NC_003071.7:7813402-7814694	NC_003074.8	90.987	233	19	2	1025	1257	11200950	11201180	7.88e-84	313
NC_003071.7:7813402-7814694	NC_003074.8	88.350	103	9	3	4	104	3716342	3716443	5.13e-26	121
NC_003071.7:7813402-7814694	NC_003074.8	91.111	90	6	2	2	89	7996638	7996549	5.13e-26	121
NC_003071.7:7813402-7814694	NC_003074.8	90.323	93	4	5	1	89	11200620	11200711	6.63e-25	117
NC_003071.7:7813402-7814694	NC_003074.8	90.909	88	6	2	4	89	11535844	11535931	6.63e-25	117
NC_003071.7:7813402-7814694	NC_003074.8	90.909	88	6	2	4	89	16561654	16561741	6.63e-25	117
NC_003071.7:7813402-7814694	NC_003074.8	90.909	88	6	2	4	89	17063229	17063142	6.63e-25	117
NC_003071.7:7813402-7814694	NC_003074.8	90.909	88	6	2	4	89	17144490	17144403	6.63e-25	117
NC_003071.7:7813402-7814694	NC_003074.8	90.000	90	7	2	2	89	17277816	17277727	2.39e-24	115
NC_003071.7:7813402-7814694	NC_003074.8	89.011	91	8	2	1	89	15937283	15937373	3.09e-23	111
NC_003071.7:7813402-7814694	NC_003074.8	89.773	88	7	2	2	87	17301280	17301193	3.09e-23	111
NC_003071.7:7813402-7814694	NC_003074.8	85.981	107	10	4	1	104	10862398	10862502	1.11e-22	110
NC_003071.7:7813402-7814694	NC_003074.8	88.764	89	8	2	3	89	10821447	10821359	3.99e-22	108
NC_003071.7:7813402-7814694	NC_003074.8	88.764	89	8	2	3	89	16879750	16879838	3.99e-22	108
NC_003071.7:7813402-7814694	NC_003074.8	88.636	88	8	1	4	89	17397300	17397213	1.44e-21	106
NC_003071.7:7813402-7814694	NC_003074.8	88.750	80	9	0	4	83	20487142	20487063	2.40e-19	99.0
NC_003071.7:7813402-7814694	NC_003074.8	93.443	61	4	0	4	64	22118613	22118673	4.02e-17	91.6
NC_003071.7:7813402-7814694	NC_003070.9	91.859	1302	86	13	1	1293	3413550	3414840	0.0	1799
NC_003071.7:7813402-7814694	NC_003070.9	91.776	1301	84	14	4	1293	28161034	28162322	0.0	1788
NC_003071.7:7813402-7814694	NC_003070.9	93.299	1149	64	10	149	1293	15940039	15941178	0.0	1683
NC_003071.7:7813402-7814694	NC_003070.9	93.409	1138	64	10	161	1293	16904733	16905864	0.0	1676
NC_003071.7:7813402-7814694	NC_003070.9	93.118	1148	67	10	149	1293	22450867	22452005	0.0	1672
NC_003071.7:7813402-7814694	NC_003070.9	93.879	1111	62	6	161	1268	8115710	8116817	0.0	1670
NC_003071.7:7813402-7814694	NC_003070.9	93.182	1144	63	12	157	1293	11700592	11701727	0.0	1666
NC_003071.7:7813402-7814694	NC_003070.9	92.882	1138	67	12	161	1293	19994809	19993681	0.0	1640
NC_003071.7:7813402-7814694	NC_003070.9	95.593	1021	41	4	276	1293	19769009	19767990	0.0	1633
NC_003071.7:7813402-7814694	NC_003070.9	92.496	1146	70	9	161	1293	7036148	7037290	0.0	1626
NC_003071.7:7813402-7814694	NC_003070.9	92.557	1142	68	14	161	1293	13059763	13060896	0.0	1622
NC_003071.7:7813402-7814694	NC_003070.9	92.563	1116	73	10	183	1293	18791754	18792864	0.0	1592
NC_003071.7:7813402-7814694	NC_003070.9	91.906	1149	69	13	149	1293	13016979	13015851	0.0	1585
NC_003071.7:7813402-7814694	NC_003070.9	91.856	1142	66	9	161	1293	9817151	9818274	0.0	1568
NC_003071.7:7813402-7814694	NC_003070.9	91.776	1143	68	16	161	1293	26170521	26169395	0.0	1567
NC_003071.7:7813402-7814694	NC_003070.9	90.559	1144	77	10	161	1293	17900819	17901942	0.0	1485
NC_003071.7:7813402-7814694	NC_003070.9	90.543	1142	78	10	161	1291	9866468	9865346	0.0	1483
NC_003071.7:7813402-7814694	NC_003070.9	92.729	1004	65	6	294	1293	4786256	4787255	0.0	1443
NC_003071.7:7813402-7814694	NC_003070.9	92.084	998	60	7	300	1293	16825388	16826370	0.0	1387
NC_003071.7:7813402-7814694	NC_003070.9	91.976	997	59	7	303	1293	19466071	19465090	0.0	1378
NC_003071.7:7813402-7814694	NC_003070.9	91.750	1006	58	9	295	1293	23214532	23215519	0.0	1375
NC_003071.7:7813402-7814694	NC_003070.9	91.792	999	62	8	300	1293	12365009	12365992	0.0	1373
NC_003071.7:7813402-7814694	NC_003070.9	91.784	998	59	11	300	1293	12563207	12562229	0.0	1367
NC_003071.7:7813402-7814694	NC_003070.9	91.477	1009	60	11	295	1293	16326311	16327303	0.0	1363
NC_003071.7:7813402-7814694	NC_003070.9	93.594	921	45	9	161	1071	30254567	30253651	0.0	1362
NC_003071.7:7813402-7814694	NC_003070.9	92.702	918	53	8	4	910	12876928	12876014	0.0	1312
NC_003071.7:7813402-7814694	NC_003070.9	91.676	889	50	15	161	1031	11736466	11735584	0.0	1210
NC_003071.7:7813402-7814694	NC_003070.9	94.524	767	31	6	153	910	16998393	16997629	0.0	1173
NC_003071.7:7813402-7814694	NC_003070.9	92.680	806	52	7	492	1293	19063790	19064592	0.0	1155
NC_003071.7:7813402-7814694	NC_003070.9	93.029	789	49	6	507	1293	23876484	23877268	0.0	1147
NC_003071.7:7813402-7814694	NC_003070.9	91.440	771	55	10	526	1293	19327999	19327237	0.0	1048
NC_003071.7:7813402-7814694	NC_003070.9	90.543	645	50	4	657	1293	14309405	14308764	0.0	843
NC_003071.7:7813402-7814694	NC_003070.9	92.167	600	33	6	696	1293	499960	499373	0.0	835
NC_003071.7:7813402-7814694	NC_003070.9	91.682	541	40	5	755	1293	8489951	8489414	0.0	745
NC_003071.7:7813402-7814694	NC_003070.9	93.131	495	29	5	149	640	500456	499964	0.0	721
NC_003071.7:7813402-7814694	NC_003070.9	90.792	543	43	7	755	1293	25963004	25962465	0.0	719
NC_003071.7:7813402-7814694	NC_003070.9	90.494	526	34	6	769	1293	18790338	18790848	0.0	680
NC_003071.7:7813402-7814694	NC_003070.9	91.811	403	29	4	892	1293	23554190	23553791	9.17e-158	558
NC_003071.7:7813402-7814694	NC_003070.9	91.111	405	21	7	161	556	30252166	30251768	1.55e-150	534
NC_003071.7:7813402-7814694	NC_003070.9	90.864	405	22	7	161	556	22993120	22992722	7.19e-149	529
NC_003071.7:7813402-7814694	NC_003070.9	90.617	405	23	7	161	556	12329113	12328715	3.34e-147	523
NC_003071.7:7813402-7814694	NC_003070.9	90.370	405	24	7	161	556	22621779	22621381	1.56e-145	518
NC_003071.7:7813402-7814694	NC_003070.9	92.604	338	18	2	7	337	22621378	22621041	7.34e-134	479
NC_003071.7:7813402-7814694	NC_003070.9	92.353	340	18	3	5	337	12328714	12328376	2.64e-133	477
NC_003071.7:7813402-7814694	NC_003070.9	92.353	340	19	2	5	337	22992721	22992382	2.64e-133	477
NC_003071.7:7813402-7814694	NC_003070.9	92.128	343	20	2	5	340	30251767	30251425	2.64e-133	477
NC_003071.7:7813402-7814694	NC_003070.9	92.949	312	16	3	161	466	19328311	19328000	5.76e-125	449
NC_003071.7:7813402-7814694	NC_003070.9	93.709	302	15	4	507	805	22992364	22992064	5.76e-125	449
NC_003071.7:7813402-7814694	NC_003070.9	94.138	290	13	3	507	793	22621023	22620735	1.25e-121	438
NC_003071.7:7813402-7814694	NC_003070.9	92.715	302	18	4	507	805	30251410	30251110	5.80e-120	433
NC_003071.7:7813402-7814694	NC_003070.9	93.772	289	14	4	507	793	12328358	12328072	2.09e-119	431
NC_003071.7:7813402-7814694	NC_003070.9	93.182	264	16	1	3	266	19769834	19769573	4.58e-106	387
NC_003071.7:7813402-7814694	NC_003070.9	90.136	294	22	2	51	337	23876173	23876466	9.91e-103	375
NC_003071.7:7813402-7814694	NC_003070.9	93.133	233	13	3	1	233	18790100	18790329	1.30e-91	339
NC_003071.7:7813402-7814694	NC_003070.9	92.655	177	11	2	150	326	19063589	19063763	4.84e-66	254
NC_003071.7:7813402-7814694	NC_003070.9	91.946	149	9	2	3	150	16998956	16998810	1.38e-51	206
NC_003071.7:7813402-7814694	NC_003070.9	91.209	91	6	2	1	89	8114767	8114857	1.43e-26	122
NC_003071.7:7813402-7814694	NC_003070.9	91.111	90	6	2	2	89	12330055	12329966	5.13e-26	121
NC_003071.7:7813402-7814694	NC_003070.9	91.954	87	6	1	2	87	12364133	12364219	5.13e-26	121
NC_003071.7:7813402-7814694	NC_003070.9	88.350	103	9	3	4	104	19061965	19062066	5.13e-26	121
NC_003071.7:7813402-7814694	NC_003070.9	91.111	90	6	2	2	89	25963259	25963170	5.13e-26	121
NC_003071.7:7813402-7814694	NC_003070.9	87.619	105	9	3	2	104	12855995	12855893	1.84e-25	119
NC_003071.7:7813402-7814694	NC_003070.9	91.011	89	6	2	3	89	16325443	16325531	1.84e-25	119
NC_003071.7:7813402-7814694	NC_003070.9	91.011	89	6	2	3	89	18790926	18791014	1.84e-25	119
NC_003071.7:7813402-7814694	NC_003070.9	91.011	89	6	2	3	89	23213665	23213753	1.84e-25	119
NC_003071.7:7813402-7814694	NC_003070.9	90.909	88	6	2	4	89	3910601	3910514	6.63e-25	117
NC_003071.7:7813402-7814694	NC_003070.9	91.011	89	4	4	4	89	4785461	4785548	6.63e-25	117
NC_003071.7:7813402-7814694	NC_003070.9	90.909	88	7	1	3	89	8490195	8490108	6.63e-25	117
NC_003071.7:7813402-7814694	NC_003070.9	90.909	88	6	2	4	89	9867414	9867327	6.63e-25	117
NC_003071.7:7813402-7814694	NC_003070.9	91.765	85	6	1	4	87	16824518	16824602	6.63e-25	117
NC_003071.7:7813402-7814694	NC_003070.9	90.323	93	4	5	1	89	16903796	16903887	6.63e-25	117
NC_003071.7:7813402-7814694	NC_003070.9	90.909	88	6	2	4	89	19995734	19995647	6.63e-25	117
NC_003071.7:7813402-7814694	NC_003070.9	90.909	88	6	2	4	89	30253107	30253020	6.63e-25	117
NC_003071.7:7813402-7814694	NC_003070.9	90.000	90	7	2	2	89	19085097	19085186	2.39e-24	115
NC_003071.7:7813402-7814694	NC_003070.9	87.379	103	10	3	4	104	23554439	23554338	2.39e-24	115
NC_003071.7:7813402-7814694	NC_003070.9	90.000	90	7	2	2	89	26171482	26171393	2.39e-24	115
NC_003071.7:7813402-7814694	NC_003070.9	89.130	92	7	3	1	89	11737397	11737306	3.09e-23	111
NC_003071.7:7813402-7814694	NC_003070.9	89.773	88	7	2	4	89	15939323	15939410	3.09e-23	111
NC_003071.7:7813402-7814694	NC_003070.9	89.773	88	7	2	4	89	17552998	17552911	3.09e-23	111
NC_003071.7:7813402-7814694	NC_003070.9	89.773	88	7	2	4	89	19173802	19173715	3.09e-23	111
NC_003071.7:7813402-7814694	NC_003070.9	82.353	136	16	7	4	136	19466949	19466819	3.09e-23	111
NC_003071.7:7813402-7814694	NC_003070.9	89.773	88	6	3	4	89	14299842	14299756	1.11e-22	110
NC_003071.7:7813402-7814694	NC_003070.9	87.000	100	9	3	7	104	18747045	18746948	1.11e-22	110
NC_003071.7:7813402-7814694	NC_003070.9	88.764	89	8	2	3	89	9816209	9816297	3.99e-22	108
NC_003071.7:7813402-7814694	NC_003070.9	88.043	92	8	3	1	89	2235171	2235080	1.44e-21	106
NC_003071.7:7813402-7814694	NC_003070.9	87.912	91	9	2	1	89	11699695	11699785	1.44e-21	106
NC_003071.7:7813402-7814694	NC_003070.9	88.636	88	8	2	4	89	12564081	12563994	1.44e-21	106
NC_003071.7:7813402-7814694	NC_003070.9	88.636	88	8	2	4	89	22622305	22622218	1.44e-21	106
NC_003071.7:7813402-7814694	NC_003070.9	88.506	87	8	2	1	86	19724752	19724837	5.16e-21	104
NC_003071.7:7813402-7814694	NC_003070.9	85.227	88	11	2	4	89	3074944	3074857	1.45e-16	89.8
NC_003071.7:7856103-7856719	NC_003071.7	100.000	617	0	0	1	617	7856719	7856103	0.0	1140
NC_003071.7:7856103-7856719	NC_003076.8	91.011	623	23	11	1	617	25049278	25048683	0.0	809
NC_003071.7:7856103-7856719	NC_003070.9	91.201	591	12	14	1	590	9204615	9204064	0.0	767
NC_003071.7:7856103-7856719	NC_003075.7	96.703	91	3	0	1	91	4949235	4949145	8.49e-36	152
NC_003071.7:7856103-7856719	NC_003075.7	90.667	75	6	1	141	214	4949133	4949059	1.12e-19	99.0
NC_003071.7:8568582-8569901	NC_003071.7	100.000	1320	0	0	1	1320	8569901	8568582	0.0	2438
NC_003071.7:8568582-8569901	NC_003075.7	98.260	1322	21	2	1	1320	1936643	1937964	0.0	2313
NC_003071.7:8568582-8569901	NC_003074.8	98.033	1322	24	2	1	1320	20260459	20259138	0.0	2296
NC_003071.7:8236254-8237425	NC_003071.7	100.000	1172	0	0	1	1172	8236254	8237425	0.0	2165
NC_003071.7:8236254-8237425	NC_003071.7	84.846	1201	133	33	7	1165	794445	795638	0.0	1164
NC_003071.7:8236254-8237425	NC_003071.7	84.628	1210	116	36	7	1170	716842	715657	0.0	1140
NC_003071.7:8236254-8237425	NC_003071.7	85.781	851	82	13	341	1166	2058909	2058073	0.0	865
NC_003071.7:8236254-8237425	NC_003071.7	94.862	545	22	5	8	549	2139932	2139391	0.0	846
NC_003071.7:8236254-8237425	NC_003071.7	86.054	588	67	11	590	1164	5645996	5646581	1.35e-175	617
NC_003071.7:8236254-8237425	NC_003071.7	89.781	274	26	2	384	657	10683585	10683856	5.43e-95	350
NC_003071.7:8236254-8237425	NC_003071.7	87.879	99	12	0	6	104	4355714	4355616	6.00e-25	117
NC_003071.7:8236254-8237425	NC_003071.7	96.429	56	2	0	6	61	6629876	6629821	1.01e-17	93.5
NC_003071.7:8236254-8237425	NC_003071.7	96.364	55	2	0	7	61	1076409	1076355	3.64e-17	91.6
NC_003071.7:8236254-8237425	NC_003071.7	96.296	54	2	0	8	61	2297111	2297164	1.31e-16	89.8
NC_003071.7:8236254-8237425	NC_003071.7	94.643	56	3	0	6	61	3191791	3191736	4.70e-16	87.9
NC_003071.7:8236254-8237425	NC_003071.7	94.643	56	3	0	6	61	6288840	6288785	4.70e-16	87.9
NC_003071.7:8236254-8237425	NC_003071.7	94.545	55	3	0	8	62	1988687	1988741	1.69e-15	86.1
NC_003071.7:8236254-8237425	NC_003076.8	95.687	1136	42	6	4	1137	3903101	3904231	0.0	1820
NC_003071.7:8236254-8237425	NC_003076.8	84.790	1190	142	25	7	1165	9362599	9363780	0.0	1158
NC_003071.7:8236254-8237425	NC_003076.8	84.474	1198	127	33	8	1164	16017688	16016509	0.0	1127
NC_003071.7:8236254-8237425	NC_003076.8	85.731	834	73	16	356	1166	17578774	17579584	0.0	839
NC_003071.7:8236254-8237425	NC_003076.8	94.351	478	25	2	687	1164	25936374	25935899	0.0	732
NC_003071.7:8236254-8237425	NC_003076.8	83.354	811	65	32	384	1170	10269701	10268937	0.0	686
NC_003071.7:8236254-8237425	NC_003076.8	90.984	244	15	6	7	248	10271035	10270797	1.18e-86	322
NC_003071.7:8236254-8237425	NC_003076.8	85.052	194	25	4	623	812	16017299	16017106	2.69e-48	195
NC_003071.7:8236254-8237425	NC_003076.8	90.179	112	10	1	8	119	10369950	10370060	2.75e-33	145
NC_003071.7:8236254-8237425	NC_003076.8	89.796	98	10	0	8	105	18554907	18555004	9.97e-28	126
NC_003071.7:8236254-8237425	NC_003076.8	88.889	99	9	2	1	97	9616982	9616884	4.64e-26	121
NC_003071.7:8236254-8237425	NC_003076.8	96.296	54	2	0	8	61	13829286	13829233	1.31e-16	89.8
NC_003071.7:8236254-8237425	NC_003076.8	96.226	53	2	0	8	60	11641110	11641058	4.70e-16	87.9
NC_003071.7:8236254-8237425	NC_003076.8	92.453	53	4	0	8	60	22620858	22620910	1.02e-12	76.8
NC_003071.7:8236254-8237425	NC_003076.8	87.273	55	7	0	8	62	17360102	17360048	7.93e-09	63.9
NC_003071.7:8236254-8237425	NC_003076.8	97.059	34	1	0	1133	1166	8223950	8223983	3.69e-07	58.4
NC_003071.7:8236254-8237425	NC_003075.7	85.415	1193	126	31	8	1164	14979215	14978035	0.0	1195
NC_003071.7:8236254-8237425	NC_003075.7	85.631	856	81	21	339	1169	5280349	5281187	0.0	861
NC_003071.7:8236254-8237425	NC_003075.7	84.079	760	74	17	438	1171	6158776	6159514	0.0	689
NC_003071.7:8236254-8237425	NC_003075.7	88.013	317	38	0	484	800	13537985	13537669	8.96e-103	375
NC_003071.7:8236254-8237425	NC_003075.7	90.196	255	16	6	1	249	6157512	6157763	3.29e-87	324
NC_003071.7:8236254-8237425	NC_003075.7	86.740	181	20	4	636	812	14978819	14978639	2.08e-49	198
NC_003071.7:8236254-8237425	NC_003075.7	90.179	112	10	1	8	119	11224159	11224269	2.75e-33	145
NC_003071.7:8236254-8237425	NC_003075.7	83.212	137	19	4	7	141	18426670	18426536	1.29e-26	122
NC_003071.7:8236254-8237425	NC_003075.7	86.239	109	11	4	3	109	5604455	5604561	2.16e-24	115
NC_003071.7:8236254-8237425	NC_003075.7	96.923	65	2	0	7	71	5280340	5280276	1.00e-22	110
NC_003071.7:8236254-8237425	NC_003075.7	96.296	54	2	0	8	61	9368715	9368768	1.31e-16	89.8
NC_003071.7:8236254-8237425	NC_003075.7	94.545	55	3	0	7	61	6339151	6339205	1.69e-15	86.1
NC_003071.7:8236254-8237425	NC_003075.7	94.444	54	3	0	8	61	15816687	15816634	6.08e-15	84.2
NC_003071.7:8236254-8237425	NC_003075.7	90.164	61	5	1	2	61	6140438	6140498	2.83e-13	78.7
NC_003071.7:8236254-8237425	NC_003075.7	90.909	55	5	0	7	61	9079469	9079415	3.66e-12	75.0
NC_003071.7:8236254-8237425	NC_003070.9	85.678	1180	100	41	3	1137	17686548	17685393	0.0	1179
NC_003071.7:8236254-8237425	NC_003070.9	84.047	1097	127	33	46	1102	6404197	6405285	0.0	1013
NC_003071.7:8236254-8237425	NC_003070.9	86.581	939	96	16	242	1172	19054687	19055603	0.0	1009
NC_003071.7:8236254-8237425	NC_003070.9	85.240	542	54	12	604	1133	10568775	10569302	1.40e-150	534
NC_003071.7:8236254-8237425	NC_003070.9	87.527	465	45	10	707	1165	4966561	4967018	8.41e-148	525
NC_003071.7:8236254-8237425	NC_003070.9	85.301	449	42	13	736	1171	21824881	21824444	8.71e-123	442
NC_003071.7:8236254-8237425	NC_003070.9	85.078	449	43	13	736	1171	21788623	21788186	4.05e-121	436
NC_003071.7:8236254-8237425	NC_003070.9	88.889	333	34	2	243	575	10568446	10568775	3.18e-112	407
NC_003071.7:8236254-8237425	NC_003070.9	86.747	249	25	5	1	249	19054416	19054656	4.35e-71	270
NC_003071.7:8236254-8237425	NC_003070.9	85.185	216	22	8	736	943	21777053	21776840	7.44e-54	213
NC_003071.7:8236254-8237425	NC_003070.9	85.185	216	22	8	736	943	21813311	21813098	7.44e-54	213
NC_003071.7:8236254-8237425	NC_003070.9	93.000	100	5	1	7	104	11298494	11298593	2.75e-33	145
NC_003071.7:8236254-8237425	NC_003070.9	96.364	55	2	0	7	61	9862693	9862747	3.64e-17	91.6
NC_003071.7:8236254-8237425	NC_003070.9	96.364	55	2	0	7	61	26551572	26551626	3.64e-17	91.6
NC_003071.7:8236254-8237425	NC_003070.9	97.436	39	0	1	2	40	9138324	9138287	2.20e-09	65.8
NC_003071.7:8236254-8237425	NC_003074.8	85.220	1157	122	32	15	1128	9664347	9665497	0.0	1144
NC_003071.7:8236254-8237425	NC_003074.8	83.390	1168	143	40	43	1164	10065969	10067131	0.0	1035
NC_003071.7:8236254-8237425	NC_003074.8	85.989	728	87	12	448	1165	1283858	1283136	0.0	765
NC_003071.7:8236254-8237425	NC_003074.8	86.287	474	57	7	356	824	16878321	16877851	8.47e-143	508
NC_003071.7:8236254-8237425	NC_003074.8	84.536	194	26	4	623	812	10066327	10066520	1.25e-46	189
NC_003071.7:8236254-8237425	NC_003074.8	88.889	117	11	2	3	119	12061953	12062067	9.90e-33	143
NC_003071.7:8236254-8237425	NC_003074.8	90.099	101	10	0	4	104	10997809	10997709	2.14e-29	132
NC_003071.7:8236254-8237425	NC_003074.8	89.873	79	8	0	3	81	8492135	8492057	1.68e-20	102
NC_003071.7:8236254-8237425	NC_003074.8	96.552	58	2	0	4	61	14127405	14127462	7.81e-19	97.1
NC_003071.7:8236254-8237425	NC_003074.8	96.552	58	2	0	4	61	14142994	14143051	7.81e-19	97.1
NC_003071.7:8236254-8237425	NC_003074.8	96.364	55	2	0	7	61	13823339	13823393	3.64e-17	91.6
NC_003071.7:8236254-8237425	NC_003074.8	94.444	54	3	0	8	61	10201567	10201514	6.08e-15	84.2
NC_003071.7:8236254-8237425	NC_003074.8	94.444	54	3	0	8	61	17150761	17150708	6.08e-15	84.2
NC_003071.7:8236254-8237425	NC_003074.8	94.444	54	3	0	8	61	22215960	22215907	6.08e-15	84.2
NC_003071.7:8236254-8237425	NC_003074.8	92.857	56	4	0	7	62	11864306	11864251	2.19e-14	82.4
NC_003071.7:8236254-8237425	NC_003074.8	94.118	51	2	1	12	61	10049547	10049497	1.02e-12	76.8
NC_003071.7:8236254-8237425	NC_003074.8	97.436	39	1	0	2	40	15874743	15874705	6.13e-10	67.6
NC_003071.7:8236254-8237425	NC_003074.8	87.500	56	7	0	7	62	14559079	14559134	2.20e-09	65.8
NC_003070.9:19941381-19945401	NC_003070.9	100.000	4021	0	0	1	4021	19941381	19945401	0.0	7426
NC_003070.9:19941381-19945401	NC_003070.9	97.735	1810	22	7	279	2084	9550275	9548481	0.0	3097
NC_003070.9:19941381-19945401	NC_003070.9	98.462	1626	17	4	276	1896	12334426	12336048	0.0	2857
NC_003070.9:19941381-19945401	NC_003070.9	94.231	1820	59	11	2233	4014	10527862	10529673	0.0	2737
NC_003070.9:19941381-19945401	NC_003070.9	98.012	1459	29	0	4	1462	10524717	10526175	0.0	2534
NC_003070.9:19941381-19945401	NC_003070.9	96.909	906	20	6	3123	4021	9548035	9547131	0.0	1511
NC_003070.9:19941381-19945401	NC_003070.9	96.714	639	18	3	3271	3906	12337844	12338482	0.0	1061
NC_003070.9:19941381-19945401	NC_003070.9	91.481	763	47	9	2329	3076	12337054	12337813	0.0	1033
NC_003070.9:19941381-19945401	NC_003070.9	85.297	891	88	29	2246	3124	20489802	20488943	0.0	880
NC_003070.9:19941381-19945401	NC_003070.9	93.333	480	29	3	2329	2807	15635669	15635192	0.0	706
NC_003070.9:19941381-19945401	NC_003070.9	83.131	824	88	32	2334	3122	8239441	8238634	0.0	704
NC_003070.9:19941381-19945401	NC_003070.9	92.704	466	26	5	2348	2807	8239464	8239001	0.0	665
NC_003070.9:19941381-19945401	NC_003070.9	80.736	815	121	27	2329	3123	25180944	25180146	1.32e-170	603
NC_003070.9:19941381-19945401	NC_003070.9	81.946	709	84	24	1380	2084	12305861	12306529	8.04e-158	560
NC_003070.9:19941381-19945401	NC_003070.9	98.208	279	5	0	1	279	12333645	12333923	3.85e-136	488
NC_003070.9:19941381-19945401	NC_003070.9	96.416	279	10	0	1	279	9551060	9550782	8.39e-128	460
NC_003070.9:19941381-19945401	NC_003070.9	98.467	261	1	1	1455	1712	10527214	10527474	1.09e-126	457
NC_003070.9:19941381-19945401	NC_003070.9	88.859	377	20	8	2750	3123	15635216	15634859	8.45e-123	444
NC_003070.9:19941381-19945401	NC_003070.9	81.176	595	67	23	2246	2807	8239614	8239032	1.41e-120	436
NC_003070.9:19941381-19945401	NC_003070.9	77.132	809	126	33	2329	3117	18301644	18302413	6.62e-114	414
NC_003070.9:19941381-19945401	NC_003070.9	93.116	276	17	2	4	279	19237401	19237128	1.43e-110	403
NC_003070.9:19941381-19945401	NC_003070.9	85.627	327	33	11	1760	2084	16819603	16819917	6.86e-89	331
NC_003070.9:19941381-19945401	NC_003070.9	81.050	438	60	18	2254	2683	6236763	6237185	8.88e-88	327
NC_003070.9:19941381-19945401	NC_003070.9	80.392	459	62	22	2357	2807	18301493	18301931	1.15e-86	324
NC_003070.9:19941381-19945401	NC_003070.9	92.056	214	15	2	2907	3120	24741992	24742203	1.94e-79	300
NC_003070.9:19941381-19945401	NC_003070.9	80.425	424	51	22	3542	3938	12306575	12306993	9.00e-78	294
NC_003070.9:19941381-19945401	NC_003070.9	96.089	179	3	2	2081	2255	9548440	9548262	4.19e-76	289
NC_003070.9:19941381-19945401	NC_003070.9	91.827	208	13	3	50	257	12620781	12620984	1.51e-75	287
NC_003070.9:19941381-19945401	NC_003070.9	82.486	354	37	19	3192	3536	21740185	21740522	1.51e-75	287
NC_003070.9:19941381-19945401	NC_003070.9	95.531	179	4	2	2081	2255	12336167	12336345	1.95e-74	283
NC_003070.9:19941381-19945401	NC_003070.9	77.186	526	86	25	2246	2753	17449701	17449192	3.26e-72	276
NC_003070.9:19941381-19945401	NC_003070.9	83.706	313	23	9	2815	3123	13906679	13906967	1.52e-70	270
NC_003070.9:19941381-19945401	NC_003070.9	76.289	582	93	30	2244	2802	13568002	13567443	5.46e-70	268
NC_003070.9:19941381-19945401	NC_003070.9	96.178	157	6	0	3123	3279	12336571	12336727	1.18e-66	257
NC_003070.9:19941381-19945401	NC_003070.9	94.904	157	7	1	2966	3122	22165199	22165044	9.20e-63	244
NC_003070.9:19941381-19945401	NC_003070.9	93.464	153	8	2	2966	3118	14009858	14009708	3.33e-57	226
NC_003070.9:19941381-19945401	NC_003070.9	83.658	257	22	8	2880	3119	16597936	16598189	1.20e-56	224
NC_003070.9:19941381-19945401	NC_003070.9	80.665	331	22	18	2813	3135	3826065	3825769	5.57e-55	219
NC_003070.9:19941381-19945401	NC_003070.9	75.660	530	75	29	2317	2819	19944199	19943697	7.21e-54	215
NC_003070.9:19941381-19945401	NC_003070.9	93.571	140	5	1	2246	2385	12336942	12337077	4.34e-51	206
NC_003070.9:19941381-19945401	NC_003070.9	85.083	181	18	3	2315	2487	22165656	22165477	3.40e-42	176
NC_003070.9:19941381-19945401	NC_003070.9	85.276	163	19	5	2960	3119	4112899	4113059	2.65e-38	163
NC_003070.9:19941381-19945401	NC_003070.9	90.991	111	7	1	2246	2356	15635782	15635675	2.67e-33	147
NC_003070.9:19941381-19945401	NC_003070.9	96.341	82	2	1	2003	2084	12336046	12336126	2.08e-29	134
NC_003070.9:19941381-19945401	NC_003070.9	78.261	207	31	6	2246	2444	13905440	13905640	1.62e-25	121
NC_003070.9:19941381-19945401	NC_003070.9	94.366	71	3	1	177	247	12619524	12619593	1.26e-21	108
NC_003070.9:19941381-19945401	NC_003070.9	83.333	120	13	7	1125	1238	12335177	12335295	1.63e-20	104
NC_003070.9:19941381-19945401	NC_003070.9	83.929	112	13	5	1125	1232	19942406	19942516	5.86e-20	102
NC_003070.9:19941381-19945401	NC_003070.9	83.929	112	13	5	1026	1136	19942505	19942612	5.86e-20	102
NC_003070.9:19941381-19945401	NC_003070.9	83.784	111	13	5	1125	1231	9549542	9549433	2.11e-19	100
NC_003070.9:19941381-19945401	NC_003070.9	83.036	112	14	5	1125	1232	10525739	10525849	2.73e-18	97.1
NC_003070.9:19941381-19945401	NC_003070.9	80.769	130	18	6	2314	2443	13057806	13057684	9.80e-18	95.3
NC_003070.9:19941381-19945401	NC_003070.9	81.081	111	18	2	1026	1136	10525838	10525945	5.90e-15	86.1
NC_003070.9:19941381-19945401	NC_003071.7	89.534	1051	76	19	322	1357	1322856	1323887	0.0	1301
NC_003070.9:19941381-19945401	NC_003071.7	91.754	764	39	12	2361	3119	14682881	14683625	0.0	1040
NC_003070.9:19941381-19945401	NC_003071.7	84.632	937	57	33	2246	3131	8884317	8885217	0.0	852
NC_003070.9:19941381-19945401	NC_003071.7	88.613	685	57	8	1381	2061	1324247	1324914	0.0	813
NC_003070.9:19941381-19945401	NC_003071.7	89.344	610	46	5	5	600	10036535	10037139	0.0	749
NC_003070.9:19941381-19945401	NC_003071.7	89.860	572	41	13	3454	4011	13067821	13068389	0.0	719
NC_003070.9:19941381-19945401	NC_003071.7	88.111	614	50	8	4	600	13064507	13065114	0.0	708
NC_003070.9:19941381-19945401	NC_003071.7	88.468	581	53	11	3454	4021	10039451	10040030	0.0	689
NC_003070.9:19941381-19945401	NC_003071.7	87.363	546	32	8	1025	1539	13067288	13067827	2.85e-167	592
NC_003070.9:19941381-19945401	NC_003071.7	87.523	537	25	6	1026	1532	10038925	10039449	1.72e-164	582
NC_003070.9:19941381-19945401	NC_003071.7	89.928	417	27	9	2246	2656	10931778	10932185	1.05e-146	523
NC_003070.9:19941381-19945401	NC_003071.7	83.698	503	41	14	2314	2807	4098733	4098263	1.41e-120	436
NC_003070.9:19941381-19945401	NC_003071.7	78.089	607	83	30	2246	2807	2066039	2065438	4.10e-91	339
NC_003070.9:19941381-19945401	NC_003071.7	81.360	456	47	25	1617	2066	1084068	1084491	1.48e-90	337
NC_003070.9:19941381-19945401	NC_003071.7	78.120	585	86	21	2246	2807	2965969	2965404	1.91e-89	333
NC_003070.9:19941381-19945401	NC_003071.7	89.024	246	21	5	2880	3122	6579036	6578794	1.94e-79	300
NC_003070.9:19941381-19945401	NC_003071.7	77.570	535	76	23	2246	2770	6661502	6662002	1.95e-74	283
NC_003070.9:19941381-19945401	NC_003071.7	90.995	211	16	3	1025	1232	10038825	10039035	7.01e-74	281
NC_003070.9:19941381-19945401	NC_003071.7	88.732	213	22	2	2907	3119	3014196	3014406	3.28e-67	259
NC_003070.9:19941381-19945401	NC_003071.7	80.585	376	39	11	2249	2621	6660688	6660344	3.28e-67	259
NC_003070.9:19941381-19945401	NC_003071.7	92.614	176	13	0	801	976	10038650	10038825	1.53e-65	254
NC_003070.9:19941381-19945401	NC_003071.7	92.486	173	12	1	804	976	13067117	13067288	2.56e-63	246
NC_003070.9:19941381-19945401	NC_003071.7	81.988	322	25	15	2815	3132	5761388	5761096	3.31e-62	243
NC_003070.9:19941381-19945401	NC_003071.7	81.191	319	40	13	2815	3119	6662764	6663076	4.28e-61	239
NC_003070.9:19941381-19945401	NC_003071.7	90.116	172	15	2	2961	3132	4353758	4353589	4.31e-56	222
NC_003070.9:19941381-19945401	NC_003071.7	92.810	153	10	1	2966	3118	1242371	1242522	1.55e-55	220
NC_003070.9:19941381-19945401	NC_003071.7	93.617	141	7	2	2983	3123	10932183	10932321	3.35e-52	209
NC_003070.9:19941381-19945401	NC_003071.7	74.023	512	96	29	2315	2807	5611167	5611660	1.22e-41	174
NC_003070.9:19941381-19945401	NC_003071.7	86.667	135	11	1	2315	2442	3014143	3014009	3.45e-32	143
NC_003070.9:19941381-19945401	NC_003071.7	86.607	112	14	1	1122	1232	13067286	13067397	4.50e-26	122
NC_003070.9:19941381-19945401	NC_003071.7	87.273	110	7	5	2313	2421	871716	871819	5.82e-25	119
NC_003070.9:19941381-19945401	NC_003071.7	85.714	112	11	5	1026	1136	10039024	10039131	2.71e-23	113
NC_003070.9:19941381-19945401	NC_003071.7	84.211	114	15	3	1122	1232	10038823	10038936	1.26e-21	108
NC_003070.9:19941381-19945401	NC_003071.7	80.303	132	8	10	2316	2446	6716986	6717100	2.12e-14	84.2
NC_003070.9:19941381-19945401	NC_003071.7	90.000	50	3	1	1287	1336	2962890	2962843	2.76e-08	63.9
NC_003070.9:19941381-19945401	NC_003076.8	89.036	757	51	16	2392	3122	11640068	11639318	0.0	909
NC_003070.9:19941381-19945401	NC_003076.8	91.163	645	29	10	2246	2867	9321691	9322330	0.0	850
NC_003070.9:19941381-19945401	NC_003076.8	89.902	614	39	8	4	600	15198078	15197471	0.0	769
NC_003070.9:19941381-19945401	NC_003076.8	84.458	830	68	20	2335	3123	20639574	20640383	0.0	761
NC_003070.9:19941381-19945401	NC_003076.8	92.614	528	33	5	2246	2769	10197494	10198019	0.0	754
NC_003070.9:19941381-19945401	NC_003076.8	83.897	857	66	23	2329	3122	8676151	8675304	0.0	752
NC_003070.9:19941381-19945401	NC_003076.8	82.599	908	91	34	2246	3121	16560622	16561494	0.0	739
NC_003070.9:19941381-19945401	NC_003076.8	82.676	837	87	33	2333	3127	10868599	10867779	0.0	689
NC_003070.9:19941381-19945401	NC_003076.8	88.676	574	48	12	3454	4012	10161938	10162509	0.0	684
NC_003070.9:19941381-19945401	NC_003076.8	92.812	473	32	2	2333	2803	10868631	10868159	0.0	684
NC_003070.9:19941381-19945401	NC_003076.8	90.381	499	33	5	2246	2742	13220711	13220226	0.0	641
NC_003070.9:19941381-19945401	NC_003076.8	88.727	550	26	8	1026	1540	10161397	10161945	0.0	640
NC_003070.9:19941381-19945401	NC_003076.8	87.175	538	40	12	26	545	20266957	20266431	4.77e-165	584
NC_003070.9:19941381-19945401	NC_003076.8	89.827	462	29	4	153	600	10151291	10151748	7.98e-163	577
NC_003070.9:19941381-19945401	NC_003076.8	80.472	763	97	23	2391	3124	13220626	13219887	1.35e-150	536
NC_003070.9:19941381-19945401	NC_003076.8	86.548	394	14	13	1125	1485	15194884	15194497	6.67e-109	398
NC_003070.9:19941381-19945401	NC_003076.8	86.842	342	30	9	360	694	14608723	14608390	5.23e-100	368
NC_003070.9:19941381-19945401	NC_003076.8	81.957	460	51	15	2259	2693	17029671	17030123	8.75e-98	361
NC_003070.9:19941381-19945401	NC_003076.8	84.507	355	30	16	757	1095	13081203	13080858	8.88e-88	327
NC_003070.9:19941381-19945401	NC_003076.8	85.938	320	28	10	2260	2570	5969400	5969711	3.19e-87	326
NC_003070.9:19941381-19945401	NC_003076.8	77.963	599	77	37	2329	2912	20639658	20640216	1.15e-86	324
NC_003070.9:19941381-19945401	NC_003076.8	80.306	457	44	26	2246	2673	15105999	15106438	1.50e-80	303
NC_003070.9:19941381-19945401	NC_003076.8	91.743	218	13	5	2907	3124	15812244	15812032	6.96e-79	298
NC_003070.9:19941381-19945401	NC_003076.8	82.730	359	34	16	2776	3131	10205723	10206056	9.00e-78	294
NC_003070.9:19941381-19945401	NC_003076.8	91.080	213	14	5	1025	1232	10161297	10161509	1.95e-74	283
NC_003070.9:19941381-19945401	NC_003076.8	77.579	504	65	25	2314	2800	16014929	16014457	9.13e-68	261
NC_003070.9:19941381-19945401	NC_003076.8	93.220	177	10	2	801	976	10161122	10161297	3.28e-67	259
NC_003070.9:19941381-19945401	NC_003076.8	76.940	464	84	18	2317	2770	20640080	20639630	3.31e-62	243
NC_003070.9:19941381-19945401	NC_003076.8	76.861	497	71	29	2315	2800	8828092	8827629	1.19e-61	241
NC_003070.9:19941381-19945401	NC_003076.8	88.119	202	22	2	2922	3123	17030439	17030638	4.28e-61	239
NC_003070.9:19941381-19945401	NC_003076.8	95.302	149	5	2	2975	3123	9322372	9322518	5.54e-60	235
NC_003070.9:19941381-19945401	NC_003076.8	77.465	426	73	17	3129	3542	14689083	14689497	1.99e-59	233
NC_003070.9:19941381-19945401	NC_003076.8	80.119	337	43	18	2246	2570	15205780	15206104	2.58e-58	230
NC_003070.9:19941381-19945401	NC_003076.8	79.874	318	45	15	2248	2561	17405749	17406051	7.21e-54	215
NC_003070.9:19941381-19945401	NC_003076.8	87.117	163	15	5	2960	3119	15584748	15584907	2.63e-43	180
NC_003070.9:19941381-19945401	NC_003076.8	78.618	304	38	12	2254	2535	11384562	11384264	3.40e-42	176
NC_003070.9:19941381-19945401	NC_003076.8	84.106	151	21	3	2249	2398	15718005	15717857	3.45e-32	143
NC_003070.9:19941381-19945401	NC_003076.8	75.668	337	51	19	2291	2620	10533110	10532798	4.46e-31	139
NC_003070.9:19941381-19945401	NC_003076.8	84.211	133	14	7	1026	1157	15194884	15194758	4.50e-26	122
NC_003070.9:19941381-19945401	NC_003076.8	85.088	114	14	3	1122	1232	10161295	10161408	2.71e-23	113
NC_003070.9:19941381-19945401	NC_003076.8	85.714	112	11	5	1026	1136	10161498	10161605	2.71e-23	113
NC_003070.9:19941381-19945401	NC_003075.7	85.347	894	97	28	2249	3124	1142089	1142966	0.0	894
NC_003070.9:19941381-19945401	NC_003075.7	82.454	929	95	37	2246	3123	10270707	10271618	0.0	750
NC_003070.9:19941381-19945401	NC_003075.7	83.937	635	57	22	723	1321	7716629	7717254	1.73e-159	566
NC_003070.9:19941381-19945401	NC_003075.7	78.723	846	121	42	2329	3136	2798172	2797348	8.21e-143	510
NC_003070.9:19941381-19945401	NC_003075.7	79.459	740	91	28	2408	3122	4956572	4957275	5.01e-130	468
NC_003070.9:19941381-19945401	NC_003075.7	84.141	454	44	15	2676	3123	1882035	1882466	6.62e-114	414
NC_003070.9:19941381-19945401	NC_003075.7	84.404	436	49	11	2246	2667	5845196	5845626	8.57e-113	411
NC_003070.9:19941381-19945401	NC_003075.7	86.737	377	32	7	2749	3123	5935990	5936350	1.43e-110	403
NC_003070.9:19941381-19945401	NC_003075.7	82.658	444	43	13	2676	3119	7578378	7577969	2.43e-98	363
NC_003070.9:19941381-19945401	NC_003075.7	83.905	379	31	13	2329	2699	1867797	1867441	5.31e-90	335
NC_003070.9:19941381-19945401	NC_003075.7	90.650	246	16	7	2880	3122	4095255	4095014	1.49e-85	320
NC_003070.9:19941381-19945401	NC_003075.7	77.914	489	80	23	2315	2788	7565010	7564535	2.52e-73	279
NC_003070.9:19941381-19945401	NC_003075.7	78.444	450	61	22	2246	2667	5935096	5935537	9.13e-68	261
NC_003070.9:19941381-19945401	NC_003075.7	80.723	332	47	17	2246	2571	5910497	5910177	3.31e-62	243
NC_003070.9:19941381-19945401	NC_003075.7	74.824	568	100	28	2246	2800	5866951	5866414	2.00e-54	217
NC_003070.9:19941381-19945401	NC_003075.7	75.862	493	80	34	2315	2788	17449991	17450463	7.21e-54	215
NC_003070.9:19941381-19945401	NC_003075.7	75.000	516	92	23	2246	2738	4096757	4096256	1.56e-50	204
NC_003070.9:19941381-19945401	NC_003075.7	74.250	567	104	28	2246	2800	5884256	5883720	2.02e-49	200
NC_003070.9:19941381-19945401	NC_003075.7	74.600	500	84	23	2315	2788	5382381	5382863	2.63e-43	180
NC_003070.9:19941381-19945401	NC_003075.7	85.976	164	15	8	2960	3122	4809764	4809608	5.69e-40	169
NC_003070.9:19941381-19945401	NC_003075.7	86.093	151	18	2	2969	3119	11371474	11371327	3.43e-37	159
NC_003070.9:19941381-19945401	NC_003075.7	88.235	102	9	2	1120	1219	7716947	7717047	5.82e-25	119
NC_003070.9:19941381-19945401	NC_003075.7	94.595	74	4	0	2314	2387	2799130	2799203	7.52e-24	115
NC_003070.9:19941381-19945401	NC_003075.7	93.939	66	2	2	3066	3131	5930949	5931012	7.58e-19	99.0
NC_003070.9:19941381-19945401	NC_003074.8	91.707	627	39	6	2246	2867	11742159	11741541	0.0	857
NC_003070.9:19941381-19945401	NC_003074.8	84.390	820	50	20	2329	3076	12136617	12135804	0.0	734
NC_003070.9:19941381-19945401	NC_003074.8	88.911	514	38	5	101	600	16994740	16994232	1.69e-174	616
NC_003070.9:19941381-19945401	NC_003074.8	87.954	523	43	13	3503	4011	16993081	16992565	1.70e-169	599
NC_003070.9:19941381-19945401	NC_003074.8	79.680	812	100	33	2329	3122	14395903	14396667	2.93e-147	525
NC_003070.9:19941381-19945401	NC_003074.8	87.500	456	29	8	2	444	16995870	16995430	4.94e-140	501
NC_003070.9:19941381-19945401	NC_003074.8	84.698	464	33	18	2246	2683	11316300	11316751	2.37e-118	429
NC_003070.9:19941381-19945401	NC_003074.8	92.308	286	22	0	1	286	18727107	18726822	1.11e-111	407
NC_003070.9:19941381-19945401	NC_003074.8	89.634	328	17	5	32	345	18725704	18725380	5.16e-110	401
NC_003070.9:19941381-19945401	NC_003074.8	82.965	452	43	22	2254	2694	14737650	14737222	8.69e-103	377
NC_003070.9:19941381-19945401	NC_003074.8	87.898	314	29	8	2815	3123	12017680	12017989	8.75e-98	361
NC_003070.9:19941381-19945401	NC_003074.8	80.778	463	45	19	2262	2683	16417083	16417542	4.13e-86	322
NC_003070.9:19941381-19945401	NC_003074.8	83.642	324	28	14	2813	3132	11764196	11763894	7.01e-74	281
NC_003070.9:19941381-19945401	NC_003074.8	86.220	254	25	5	2874	3123	14736816	14736569	1.96e-69	267
NC_003070.9:19941381-19945401	NC_003074.8	76.908	511	79	28	2317	2808	14396381	14395891	1.53e-65	254
NC_003070.9:19941381-19945401	NC_003074.8	84.791	263	29	7	2315	2568	16418068	16417808	1.53e-65	254
NC_003070.9:19941381-19945401	NC_003074.8	84.015	269	32	10	2871	3136	13127419	13127159	7.11e-64	248
NC_003070.9:19941381-19945401	NC_003074.8	81.024	332	41	18	2246	2570	13261820	13261504	9.20e-63	244
NC_003070.9:19941381-19945401	NC_003074.8	80.769	338	38	18	2246	2569	10294940	10294616	4.28e-61	239
NC_003070.9:19941381-19945401	NC_003074.8	76.070	514	81	29	2316	2801	12014629	12014130	2.58e-58	230
NC_003070.9:19941381-19945401	NC_003074.8	85.799	169	19	5	2966	3134	10764895	10765058	1.22e-41	174
NC_003070.9:19941381-19945401	NC_003074.8	86.014	143	12	2	2315	2450	14736903	14737044	2.67e-33	147
NC_003070.9:19941381-19945401	NC_003074.8	87.619	105	7	6	2318	2421	11054698	11054599	2.09e-24	117
NC_003070.9:19941381-19945401	NC_003074.8	92.593	81	4	2	3039	3119	16726873	16726951	7.52e-24	115
NC_003070.9:20513673-20514575	NC_003070.9	100.000	903	0	0	1	903	20513673	20514575	0.0	1668
NC_003070.9:20513673-20514575	NC_003070.9	91.193	897	54	10	7	901	9385033	9384160	0.0	1195
NC_003070.9:20513673-20514575	NC_003070.9	90.949	906	54	15	1	902	8538883	8539764	0.0	1194
NC_003070.9:20513673-20514575	NC_003070.9	90.747	897	57	11	7	901	18301142	18300270	0.0	1173
NC_003070.9:20513673-20514575	NC_003070.9	88.512	914	73	14	7	901	697374	696474	0.0	1077
NC_003070.9:20513673-20514575	NC_003070.9	88.657	864	70	17	19	877	3250618	3251458	0.0	1027
NC_003070.9:20513673-20514575	NC_003070.9	87.129	909	87	26	1	903	5437794	5436910	0.0	1003
NC_003070.9:20513673-20514575	NC_003070.9	89.376	753	67	12	6	753	6514475	6515219	0.0	935
NC_003070.9:20513673-20514575	NC_003070.9	87.515	817	73	20	6	802	29775141	29774334	0.0	917
NC_003070.9:20513673-20514575	NC_003070.9	85.493	903	85	24	3	902	21616155	21615296	0.0	900
NC_003070.9:20513673-20514575	NC_003070.9	86.316	855	77	17	6	857	14014232	14013415	0.0	894
NC_003070.9:20513673-20514575	NC_003070.9	85.161	903	84	23	1	899	8623614	8622758	0.0	880
NC_003070.9:20513673-20514575	NC_003070.9	87.017	724	59	19	6	700	10239319	10240036	0.0	784
NC_003070.9:20513673-20514575	NC_003070.9	88.866	476	44	7	330	802	20172603	20172134	1.75e-163	577
NC_003070.9:20513673-20514575	NC_003070.9	86.250	480	55	8	425	901	10579670	10580141	1.80e-143	510
NC_003070.9:20513673-20514575	NC_003070.9	88.843	242	20	5	663	902	5863277	5863513	2.56e-77	291
NC_003070.9:20513673-20514575	NC_003070.9	91.045	201	17	1	7	206	20172809	20172609	3.33e-71	270
NC_003070.9:20513673-20514575	NC_003070.9	87.243	243	22	6	663	901	13495659	13495422	1.20e-70	268
NC_003070.9:20513673-20514575	NC_003070.9	87.552	241	11	8	663	901	27241052	27241275	2.01e-68	261
NC_003070.9:20513673-20514575	NC_003070.9	89.655	203	19	2	663	865	587698	587498	2.59e-67	257
NC_003070.9:20513673-20514575	NC_003070.9	86.667	240	17	3	663	902	26881053	26881277	1.21e-65	252
NC_003070.9:20513673-20514575	NC_003070.9	87.963	216	21	4	663	875	4583324	4583537	4.34e-65	250
NC_003070.9:20513673-20514575	NC_003070.9	86.250	240	14	9	663	901	540654	540433	7.27e-63	243
NC_003070.9:20513673-20514575	NC_003070.9	85.774	239	15	7	663	901	5899425	5899206	1.22e-60	235
NC_003070.9:20513673-20514575	NC_003070.9	85.417	240	17	8	663	901	2473121	2472899	4.37e-60	233
NC_003070.9:20513673-20514575	NC_003070.9	84.585	253	20	12	663	901	17502560	17502807	4.37e-60	233
NC_003070.9:20513673-20514575	NC_003070.9	84.649	228	19	10	663	876	6218813	6218588	5.70e-54	213
NC_003070.9:20513673-20514575	NC_003070.9	82.083	240	23	9	663	901	24718818	24719038	3.45e-46	187
NC_003070.9:20513673-20514575	NC_003070.9	78.475	223	33	11	5	212	13548430	13548652	1.64e-29	132
NC_003070.9:20513673-20514575	NC_003070.9	86.239	109	13	2	663	770	2587502	2587395	4.59e-25	117
NC_003070.9:20513673-20514575	NC_003070.9	90.000	70	6	1	1	69	12137689	12137620	1.00e-16	89.8
NC_003070.9:20513673-20514575	NC_003070.9	90.625	64	5	1	7	69	1160224	1160287	4.66e-15	84.2
NC_003070.9:20513673-20514575	NC_003070.9	90.625	64	5	1	7	69	6403657	6403594	4.66e-15	84.2
NC_003070.9:20513673-20514575	NC_003070.9	90.625	64	5	1	5	67	10929424	10929487	4.66e-15	84.2
NC_003070.9:20513673-20514575	NC_003070.9	90.625	64	5	1	7	69	12097456	12097519	4.66e-15	84.2
NC_003070.9:20513673-20514575	NC_003070.9	81.553	103	18	1	7	108	13981808	13981706	4.66e-15	84.2
NC_003070.9:20513673-20514575	NC_003070.9	89.231	65	6	1	6	69	11522949	11522885	6.03e-14	80.5
NC_003070.9:20513673-20514575	NC_003070.9	87.879	66	7	1	5	69	13313925	13313860	7.80e-13	76.8
NC_003070.9:20513673-20514575	NC_003070.9	100.000	29	0	0	6	34	12457683	12457711	3.65e-06	54.7
NC_003070.9:20513673-20514575	NC_003075.7	91.020	902	51	18	6	902	6169230	6168354	0.0	1190
NC_003070.9:20513673-20514575	NC_003075.7	87.541	915	85	21	3	903	17501309	17502208	0.0	1031
NC_003070.9:20513673-20514575	NC_003075.7	87.335	908	92	16	2	901	8899073	8899965	0.0	1018
NC_003070.9:20513673-20514575	NC_003075.7	89.776	802	69	11	7	802	7384282	7383488	0.0	1014
NC_003070.9:20513673-20514575	NC_003075.7	89.776	802	67	12	6	802	12698499	12699290	0.0	1013
NC_003070.9:20513673-20514575	NC_003075.7	87.485	855	91	12	6	856	8820691	8819849	0.0	972
NC_003070.9:20513673-20514575	NC_003075.7	86.681	901	86	21	7	901	1199585	1198713	0.0	968
NC_003070.9:20513673-20514575	NC_003075.7	86.111	900	89	22	7	901	7230735	7231603	0.0	937
NC_003070.9:20513673-20514575	NC_003075.7	88.098	731	56	17	7	733	1100279	1100982	0.0	839
NC_003070.9:20513673-20514575	NC_003075.7	84.076	898	83	25	7	901	6242979	6243819	0.0	811
NC_003070.9:20513673-20514575	NC_003075.7	83.481	902	72	25	5	902	9192541	9193369	0.0	769
NC_003070.9:20513673-20514575	NC_003075.7	89.167	240	20	4	663	902	1521587	1521820	1.98e-78	294
NC_003070.9:20513673-20514575	NC_003075.7	88.703	239	21	4	663	901	6115671	6115903	3.31e-76	287
NC_003070.9:20513673-20514575	NC_003075.7	87.866	239	24	3	663	901	5391953	5391720	7.16e-73	276
NC_003070.9:20513673-20514575	NC_003075.7	90.148	203	18	2	663	865	823724	823524	5.58e-69	263
NC_003070.9:20513673-20514575	NC_003075.7	83.673	245	15	11	663	902	6339695	6339471	2.65e-52	207
NC_003070.9:20513673-20514575	NC_003075.7	83.402	241	20	9	663	902	15441871	15441650	9.53e-52	206
NC_003070.9:20513673-20514575	NC_003075.7	89.130	92	9	1	295	385	17139887	17139978	5.94e-24	113
NC_003070.9:20513673-20514575	NC_003075.7	90.909	66	5	1	2	66	3897167	3897232	3.60e-16	87.9
NC_003070.9:20513673-20514575	NC_003075.7	90.625	64	5	1	7	69	13537670	13537607	4.66e-15	84.2
NC_003070.9:20513673-20514575	NC_003075.7	89.062	64	6	1	7	69	5431587	5431524	2.17e-13	78.7
NC_003070.9:20513673-20514575	NC_003075.7	88.889	63	7	0	7	69	6638805	6638867	2.17e-13	78.7
NC_003070.9:20513673-20514575	NC_003075.7	85.938	64	8	1	7	69	12365606	12365543	4.69e-10	67.6
NC_003070.9:20513673-20514575	NC_003075.7	84.848	66	9	1	4	68	5392286	5392221	1.69e-09	65.8
NC_003070.9:20513673-20514575	NC_003076.8	90.667	900	55	15	6	901	23130215	23129341	0.0	1170
NC_003070.9:20513673-20514575	NC_003076.8	88.940	868	80	14	4	867	5648767	5647912	0.0	1057
NC_003070.9:20513673-20514575	NC_003076.8	88.151	903	84	19	4	899	13733606	13734492	0.0	1053
NC_003070.9:20513673-20514575	NC_003076.8	87.956	905	80	18	4	901	14079420	14080302	0.0	1040
NC_003070.9:20513673-20514575	NC_003076.8	89.988	809	64	15	1	802	17398756	17397958	0.0	1029
NC_003070.9:20513673-20514575	NC_003076.8	90.404	792	60	14	18	802	26892545	26893327	0.0	1027
NC_003070.9:20513673-20514575	NC_003076.8	87.597	903	83	13	6	903	8602695	8601817	0.0	1020
NC_003070.9:20513673-20514575	NC_003076.8	89.552	804	71	11	5	802	9866839	9867635	0.0	1007
NC_003070.9:20513673-20514575	NC_003076.8	87.125	901	98	14	6	901	20279501	20278614	0.0	1005
NC_003070.9:20513673-20514575	NC_003076.8	87.043	903	95	18	7	902	7488977	7488090	0.0	1000
NC_003070.9:20513673-20514575	NC_003076.8	86.980	914	85	18	7	901	15031812	15030914	0.0	998
NC_003070.9:20513673-20514575	NC_003076.8	88.972	798	68	9	7	802	16372999	16373778	0.0	968
NC_003070.9:20513673-20514575	NC_003076.8	88.682	804	69	15	3	802	24313637	24314422	0.0	961
NC_003070.9:20513673-20514575	NC_003076.8	85.730	904	93	24	3	902	15162252	15163123	0.0	922
NC_003070.9:20513673-20514575	NC_003076.8	88.798	732	60	14	7	733	9298126	9298840	0.0	878
NC_003070.9:20513673-20514575	NC_003076.8	85.189	898	71	32	7	901	16031387	16030549	0.0	865
NC_003070.9:20513673-20514575	NC_003076.8	84.216	925	87	27	7	901	17481151	17482046	0.0	845
NC_003070.9:20513673-20514575	NC_003076.8	84.222	900	85	22	6	901	19912701	19913547	0.0	822
NC_003070.9:20513673-20514575	NC_003076.8	87.330	734	70	12	2	733	17956553	17955841	0.0	819
NC_003070.9:20513673-20514575	NC_003076.8	87.887	710	62	13	5	711	26891636	26892324	0.0	813
NC_003070.9:20513673-20514575	NC_003076.8	83.054	537	41	21	388	900	19408889	19408379	6.67e-123	442
NC_003070.9:20513673-20514575	NC_003076.8	88.430	242	21	4	663	902	22621413	22621177	1.19e-75	285
NC_003070.9:20513673-20514575	NC_003076.8	87.295	244	21	6	663	901	9068407	9068169	3.33e-71	270
NC_003070.9:20513673-20514575	NC_003076.8	87.137	241	26	5	663	901	3566679	3566916	1.20e-70	268
NC_003070.9:20513673-20514575	NC_003076.8	87.866	239	15	2	663	901	9557883	9557659	1.20e-70	268
NC_003070.9:20513673-20514575	NC_003076.8	85.317	252	20	10	663	901	7417661	7417908	2.02e-63	244
NC_003070.9:20513673-20514575	NC_003076.8	85.892	241	15	9	663	901	16871256	16871479	9.40e-62	239
NC_003070.9:20513673-20514575	NC_003076.8	85.915	213	16	8	663	862	26015634	26015845	1.58e-54	215
NC_003070.9:20513673-20514575	NC_003076.8	87.845	181	20	2	663	843	22335258	22335080	2.05e-53	211
NC_003070.9:20513673-20514575	NC_003076.8	83.750	240	14	10	663	902	24586843	24587057	3.43e-51	204
NC_003070.9:20513673-20514575	NC_003076.8	81.716	268	17	15	663	903	24118290	24118552	2.06e-48	195
NC_003070.9:20513673-20514575	NC_003076.8	81.933	238	23	11	663	899	16713173	16713391	4.47e-45	183
NC_003070.9:20513673-20514575	NC_003076.8	91.129	124	10	1	7	129	13204307	13204184	4.50e-40	167
NC_003070.9:20513673-20514575	NC_003076.8	87.591	137	10	5	768	902	7070387	7070518	1.26e-35	152
NC_003070.9:20513673-20514575	NC_003076.8	89.157	83	7	2	7	88	19153746	19153665	1.29e-20	102
NC_003070.9:20513673-20514575	NC_003076.8	90.000	70	5	2	1	69	9979178	9979110	1.00e-16	89.8
NC_003070.9:20513673-20514575	NC_003076.8	89.394	66	6	1	5	69	9763122	9763057	1.68e-14	82.4
NC_003070.9:20513673-20514575	NC_003076.8	92.727	55	4	0	6	60	13733029	13733083	6.03e-14	80.5
NC_003070.9:20513673-20514575	NC_003076.8	85.135	74	9	2	7	79	10873661	10873733	2.80e-12	75.0
NC_003070.9:20513673-20514575	NC_003076.8	86.765	68	7	2	4	69	21016573	21016506	2.80e-12	75.0
NC_003070.9:20513673-20514575	NC_003076.8	87.500	64	7	1	7	69	15779044	15779107	1.01e-11	73.1
NC_003070.9:20513673-20514575	NC_003076.8	86.364	66	8	1	5	69	15882291	15882356	3.63e-11	71.3
NC_003070.9:20513673-20514575	NC_003076.8	97.500	40	1	0	7	46	9770643	9770604	1.30e-10	69.4
NC_003070.9:20513673-20514575	NC_003074.8	90.635	897	51	11	7	901	20770464	20769599	0.0	1160
NC_003070.9:20513673-20514575	NC_003074.8	88.235	901	85	17	7	901	6941484	6940599	0.0	1057
NC_003070.9:20513673-20514575	NC_003074.8	90.375	800	65	10	7	802	8596967	8596176	0.0	1040
NC_003070.9:20513673-20514575	NC_003074.8	87.941	879	82	19	7	875	16535294	16534430	0.0	1014
NC_003070.9:20513673-20514575	NC_003074.8	89.277	802	71	13	7	802	4467613	4468405	0.0	990
NC_003070.9:20513673-20514575	NC_003074.8	86.652	899	92	19	7	899	5591637	5590761	0.0	970
NC_003070.9:20513673-20514575	NC_003074.8	85.778	900	89	22	7	899	16902332	16903199	0.0	917
NC_003070.9:20513673-20514575	NC_003074.8	88.825	698	64	11	184	876	18171653	18170965	0.0	845
NC_003070.9:20513673-20514575	NC_003074.8	88.632	475	44	8	330	802	11456098	11455632	2.93e-161	569
NC_003070.9:20513673-20514575	NC_003074.8	87.789	475	47	8	330	802	19529226	19529691	4.94e-154	545
NC_003070.9:20513673-20514575	NC_003074.8	86.947	475	50	9	330	802	4977474	4977938	2.32e-147	523
NC_003070.9:20513673-20514575	NC_003074.8	84.221	526	42	25	388	900	17210070	17209573	2.37e-132	473
NC_003070.9:20513673-20514575	NC_003074.8	90.417	240	19	2	663	902	6729159	6728924	5.46e-84	313
NC_003070.9:20513673-20514575	NC_003074.8	92.537	201	14	1	7	206	11456304	11456104	3.31e-76	287
NC_003070.9:20513673-20514575	NC_003074.8	88.703	239	22	3	663	901	17402234	17402001	3.31e-76	287
NC_003070.9:20513673-20514575	NC_003074.8	88.430	242	21	5	662	901	3080261	3080025	1.19e-75	285
NC_003070.9:20513673-20514575	NC_003074.8	88.285	239	22	4	663	901	18634175	18633943	1.54e-74	281
NC_003070.9:20513673-20514575	NC_003074.8	87.654	243	22	6	663	903	16723354	16723118	7.16e-73	276
NC_003070.9:20513673-20514575	NC_003074.8	87.967	241	20	6	663	902	23085859	23086091	7.16e-73	276
NC_003070.9:20513673-20514575	NC_003074.8	87.500	240	13	7	663	902	10708958	10709180	2.01e-68	261
NC_003070.9:20513673-20514575	NC_003074.8	90.000	200	18	1	7	206	19529023	19529220	2.59e-67	257
NC_003070.9:20513673-20514575	NC_003074.8	89.163	203	21	1	5	206	4977266	4977468	1.21e-65	252
NC_003070.9:20513673-20514575	NC_003074.8	86.667	240	17	3	663	902	7766394	7766618	1.21e-65	252
NC_003070.9:20513673-20514575	NC_003074.8	86.722	241	13	9	663	901	16405529	16405752	4.34e-65	250
NC_003070.9:20513673-20514575	NC_003074.8	86.250	240	15	6	663	902	10718014	10717793	2.02e-63	244
NC_003070.9:20513673-20514575	NC_003074.8	84.167	240	18	10	663	901	11132525	11132745	1.58e-54	215
NC_003070.9:20513673-20514575	NC_003074.8	82.845	239	23	10	663	901	11315331	11315551	1.60e-49	198
NC_003070.9:20513673-20514575	NC_003074.8	82.326	215	18	9	663	876	422875	422680	1.25e-40	169
NC_003070.9:20513673-20514575	NC_003074.8	78.070	228	38	8	7	228	11287475	11287254	4.56e-30	134
NC_003070.9:20513673-20514575	NC_003074.8	89.655	87	6	3	2	86	16224230	16224315	2.77e-22	108
NC_003070.9:20513673-20514575	NC_003074.8	88.506	87	7	3	2	86	16062891	16062806	1.29e-20	102
NC_003070.9:20513673-20514575	NC_003074.8	87.356	87	8	3	2	86	16042287	16042202	5.99e-19	97.1
NC_003070.9:20513673-20514575	NC_003074.8	91.045	67	5	1	4	69	10405393	10405459	1.00e-16	89.8
NC_003070.9:20513673-20514575	NC_003074.8	84.615	91	13	1	7	96	16553356	16553446	1.00e-16	89.8
NC_003070.9:20513673-20514575	NC_003074.8	90.909	66	5	1	5	69	7318500	7318565	3.60e-16	87.9
NC_003070.9:20513673-20514575	NC_003074.8	90.625	64	5	1	7	69	4579237	4579300	4.66e-15	84.2
NC_003070.9:20513673-20514575	NC_003074.8	84.444	90	9	4	5	91	12354670	12354583	4.66e-15	84.2
NC_003070.9:20513673-20514575	NC_003074.8	87.143	70	7	2	1	69	10758585	10758517	2.17e-13	78.7
NC_003070.9:20513673-20514575	NC_003074.8	91.111	45	3	1	4	47	11315003	11315047	7.85e-08	60.2
NC_003070.9:20513673-20514575	NC_003071.7	90.044	904	50	19	3	903	10997047	10996181	0.0	1134
NC_003070.9:20513673-20514575	NC_003071.7	89.766	899	60	13	8	901	2320063	2320934	0.0	1122
NC_003070.9:20513673-20514575	NC_003071.7	89.444	900	54	21	6	901	1384415	1383553	0.0	1098
NC_003070.9:20513673-20514575	NC_003071.7	89.111	900	60	15	7	902	1038913	1038048	0.0	1085
NC_003070.9:20513673-20514575	NC_003071.7	90.500	800	64	10	7	800	9029807	9030600	0.0	1046
NC_003070.9:20513673-20514575	NC_003071.7	90.162	803	67	10	5	802	8172833	8173628	0.0	1035
NC_003070.9:20513673-20514575	NC_003071.7	89.926	814	58	14	7	818	11909720	11908929	0.0	1027
NC_003070.9:20513673-20514575	NC_003071.7	87.472	902	91	17	7	901	1322856	1321970	0.0	1020
NC_003070.9:20513673-20514575	NC_003071.7	89.826	806	66	14	4	802	10070968	10070172	0.0	1020
NC_003070.9:20513673-20514575	NC_003071.7	89.014	801	74	11	7	802	1348076	1347285	0.0	979
NC_003070.9:20513673-20514575	NC_003071.7	90.107	748	60	12	13	753	7177587	7176847	0.0	959
NC_003070.9:20513673-20514575	NC_003071.7	89.376	753	67	11	7	753	14571894	14572639	0.0	935
NC_003070.9:20513673-20514575	NC_003071.7	86.066	854	84	18	30	875	9455339	9456165	0.0	885
NC_003070.9:20513673-20514575	NC_003071.7	84.582	921	89	23	7	901	7350654	7351547	0.0	865
NC_003070.9:20513673-20514575	NC_003071.7	88.050	477	46	8	330	802	9584813	9585282	8.22e-157	555
NC_003070.9:20513673-20514575	NC_003071.7	89.256	242	19	5	662	901	2139149	2139385	5.50e-79	296
NC_003070.9:20513673-20514575	NC_003071.7	88.382	241	24	4	662	902	1597244	1597480	3.31e-76	287
NC_003070.9:20513673-20514575	NC_003071.7	87.805	246	20	10	460	700	9311218	9311458	5.54e-74	279
NC_003070.9:20513673-20514575	NC_003071.7	90.323	217	14	6	663	875	4025741	4025954	1.99e-73	278
NC_003070.9:20513673-20514575	NC_003071.7	91.542	201	16	1	7	206	9584607	9584807	7.16e-73	276
NC_003070.9:20513673-20514575	NC_003071.7	90.385	208	18	2	1	206	6901184	6901391	9.27e-72	272
NC_003070.9:20513673-20514575	NC_003071.7	87.243	243	12	9	663	903	6206818	6206593	7.21e-68	259
NC_003070.9:20513673-20514575	NC_003071.7	85.477	241	30	3	663	902	5010322	5010086	5.62e-64	246
NC_003070.9:20513673-20514575	NC_003071.7	90.184	163	14	2	663	824	19172338	19172177	2.05e-53	211
NC_003070.9:20513673-20514575	NC_003071.7	82.988	241	23	7	663	903	19623426	19623648	1.23e-50	202
NC_003070.9:20513673-20514575	NC_003071.7	82.500	240	22	9	663	901	1670011	1669791	7.42e-48	193
NC_003070.9:20513673-20514575	NC_003071.7	81.967	244	20	11	663	901	15134548	15134772	1.24e-45	185
NC_003070.9:20513673-20514575	NC_003071.7	87.097	155	18	2	578	731	6681620	6681773	2.69e-42	174
NC_003070.9:20513673-20514575	NC_003071.7	82.781	151	12	11	578	723	7158651	7158510	9.88e-27	122
NC_003070.9:20513673-20514575	NC_003071.7	80.000	180	21	6	663	842	19242812	19242648	1.28e-25	119
NC_003070.9:20513673-20514575	NC_003071.7	84.746	118	13	5	1	117	1955464	1955577	5.94e-24	113
NC_003070.9:20513673-20514575	NC_003071.7	86.905	84	8	3	7	88	1618253	1618171	2.78e-17	91.6
NC_003070.9:20513673-20514575	NC_003071.7	90.625	64	5	1	7	69	6411149	6411212	4.66e-15	84.2
NC_003070.9:20513673-20514575	NC_003071.7	89.394	66	6	1	5	69	2262407	2262342	1.68e-14	82.4
NC_003070.9:20513673-20514575	NC_003071.7	89.231	65	6	1	6	69	8046270	8046206	6.03e-14	80.5
NC_003070.9:20513673-20514575	NC_003071.7	89.062	64	6	1	7	69	1303113	1303050	2.17e-13	78.7
NC_003070.9:20513673-20514575	NC_003071.7	89.062	64	6	1	7	69	5037751	5037814	2.17e-13	78.7
NC_003070.9:20513673-20514575	NC_003071.7	87.500	64	7	1	7	69	7439723	7439660	1.01e-11	73.1
NC_003070.9:20513673-20514575	NC_003071.7	85.938	64	8	1	7	69	5010652	5010589	4.69e-10	67.6
NC_003070.9:20508836-20509422	NC_003070.9	100.000	587	0	0	1	587	20509422	20508836	0.0	1085
NC_003070.9:20508836-20509422	NC_003070.9	95.408	588	26	1	1	587	12183991	12183404	0.0	935
NC_003070.9:20508836-20509422	NC_003070.9	94.652	561	29	1	4	563	18805110	18804550	0.0	869
NC_003070.9:20508836-20509422	NC_003070.9	91.652	587	47	2	1	586	17605550	17606135	0.0	811
NC_003070.9:20508836-20509422	NC_003070.9	91.930	570	41	4	21	586	19717926	19718494	0.0	793
NC_003070.9:20508836-20509422	NC_003070.9	86.921	604	58	6	1	587	8189961	8190560	0.0	658
NC_003070.9:20508836-20509422	NC_003070.9	86.942	605	56	12	1	587	19742138	19741539	0.0	658
NC_003070.9:20508836-20509422	NC_003070.9	88.519	540	55	5	53	587	12457718	12458255	0.0	647
NC_003070.9:20508836-20509422	NC_003070.9	91.716	338	28	0	1	338	24027183	24027520	1.96e-131	470
NC_003070.9:20508836-20509422	NC_003070.9	88.304	171	16	4	418	586	4770283	4770115	7.89e-51	202
NC_003070.9:20508836-20509422	NC_003070.9	87.719	171	18	3	418	586	21918815	21918984	3.67e-49	196
NC_003070.9:20508836-20509422	NC_003070.9	90.345	145	12	2	1	144	16859177	16859034	6.14e-47	189
NC_003070.9:20508836-20509422	NC_003070.9	85.227	176	20	4	417	587	13495595	13495421	4.78e-43	176
NC_003070.9:20508836-20509422	NC_003070.9	87.500	144	17	1	1	144	26306960	26307102	1.03e-39	165
NC_003070.9:20508836-20509422	NC_003070.9	88.421	95	11	0	1	95	5899755	5899661	1.06e-24	115
NC_003070.9:20508836-20509422	NC_003070.9	87.368	95	12	0	1	95	16401003	16400909	4.92e-23	110
NC_003070.9:20508836-20509422	NC_003070.9	87.368	95	11	1	1	95	26880721	26880814	1.77e-22	108
NC_003070.9:20508836-20509422	NC_003070.9	95.385	65	3	0	1	65	18766618	18766554	2.29e-21	104
NC_003070.9:20508836-20509422	NC_003070.9	86.316	95	13	0	1	95	21918434	21918528	2.29e-21	104
NC_003070.9:20508836-20509422	NC_003070.9	85.567	97	10	4	1	95	1160224	1160318	1.06e-19	99.0
NC_003070.9:20508836-20509422	NC_003070.9	85.263	95	14	0	1	95	13313923	13313829	1.06e-19	99.0
NC_003070.9:20508836-20509422	NC_003070.9	84.211	95	15	0	1	95	23125693	23125599	4.95e-18	93.5
NC_003070.9:20508836-20509422	NC_003070.9	85.882	85	11	1	1	85	2473307	2473224	6.41e-17	89.8
NC_003070.9:20508836-20509422	NC_003070.9	84.615	91	10	4	7	95	12525587	12525675	2.30e-16	87.9
NC_003070.9:20508836-20509422	NC_003070.9	84.146	82	13	0	1	82	10929426	10929507	3.86e-14	80.5
NC_003070.9:20508836-20509422	NC_003074.8	97.449	588	14	1	1	587	7659521	7658934	0.0	1002
NC_003070.9:20508836-20509422	NC_003074.8	92.687	588	42	1	1	587	19520641	19521228	0.0	846
NC_003070.9:20508836-20509422	NC_003074.8	92.530	589	42	2	1	587	7937571	7936983	0.0	843
NC_003070.9:20508836-20509422	NC_003074.8	90.662	589	52	3	1	587	18147108	18146521	0.0	780
NC_003070.9:20508836-20509422	NC_003074.8	87.354	601	59	7	1	586	15918691	15918093	0.0	673
NC_003070.9:20508836-20509422	NC_003074.8	83.673	147	19	5	440	586	4585156	4585297	2.92e-30	134
NC_003070.9:20508836-20509422	NC_003074.8	86.316	95	13	0	1	95	14057124	14057218	2.29e-21	104
NC_003070.9:20508836-20509422	NC_003074.8	86.316	95	12	1	1	95	7766062	7766155	8.23e-21	102
NC_003070.9:20508836-20509422	NC_003074.8	88.235	85	9	1	1	84	10082828	10082744	2.96e-20	100
NC_003070.9:20508836-20509422	NC_003074.8	85.417	96	12	2	1	95	7274660	7274754	1.06e-19	99.0
NC_003070.9:20508836-20509422	NC_003074.8	85.263	95	14	0	1	95	19739757	19739851	1.06e-19	99.0
NC_003070.9:20508836-20509422	NC_003074.8	84.946	93	14	0	3	95	6729497	6729405	1.38e-18	95.3
NC_003070.9:20508836-20509422	NC_003074.8	87.500	80	10	0	1	80	7318502	7318581	4.95e-18	93.5
NC_003070.9:20508836-20509422	NC_003074.8	92.308	65	3	2	2	65	16235708	16235645	1.78e-17	91.6
NC_003070.9:20508836-20509422	NC_003074.8	85.542	83	12	0	13	95	18634492	18634410	2.30e-16	87.9
NC_003070.9:20508836-20509422	NC_003074.8	82.558	86	14	1	1	85	15812961	15813046	1.79e-12	75.0
NC_003070.9:20508836-20509422	NC_003074.8	95.122	41	2	0	1	41	11315007	11315047	1.08e-09	65.8
NC_003070.9:20508836-20509422	NC_003075.7	94.907	589	27	3	1	587	6414640	6414053	0.0	918
NC_003070.9:20508836-20509422	NC_003075.7	91.327	588	48	3	1	586	3897172	3897758	0.0	800
NC_003070.9:20508836-20509422	NC_003075.7	92.153	497	36	2	1	494	9188717	9189213	0.0	699
NC_003070.9:20508836-20509422	NC_003075.7	88.020	601	54	6	1	586	7905771	7906368	0.0	695
NC_003070.9:20508836-20509422	NC_003075.7	87.542	602	55	5	1	586	7154779	7155376	0.0	678
NC_003070.9:20508836-20509422	NC_003075.7	87.273	605	53	13	1	586	6427216	6426617	0.0	669
NC_003070.9:20508836-20509422	NC_003075.7	87.692	585	50	7	1	584	7652564	7653127	0.0	662
NC_003070.9:20508836-20509422	NC_003075.7	85.417	144	20	1	1	144	12968438	12968296	1.04e-34	148
NC_003070.9:20508836-20509422	NC_003075.7	89.888	89	8	1	1	89	13537670	13537583	3.80e-24	113
NC_003070.9:20508836-20509422	NC_003075.7	86.458	96	11	2	1	95	2040107	2040201	2.29e-21	104
NC_003070.9:20508836-20509422	NC_003075.7	86.458	96	10	3	1	95	12607047	12606954	8.23e-21	102
NC_003070.9:20508836-20509422	NC_003075.7	93.846	65	3	1	1	65	2987147	2987210	3.83e-19	97.1
NC_003070.9:20508836-20509422	NC_003075.7	85.106	94	13	1	2	95	14458283	14458191	1.38e-18	95.3
NC_003070.9:20508836-20509422	NC_003075.7	92.188	64	5	0	1	64	5431587	5431524	1.78e-17	91.6
NC_003070.9:20508836-20509422	NC_003075.7	84.375	96	12	3	1	95	12365606	12365513	1.78e-17	91.6
NC_003070.9:20508836-20509422	NC_003075.7	84.270	89	13	1	1	89	6638805	6638892	8.29e-16	86.1
NC_003070.9:20508836-20509422	NC_003076.8	92.034	590	44	3	1	587	20674822	20674233	0.0	826
NC_003070.9:20508836-20509422	NC_003076.8	91.525	590	46	4	1	587	9979173	9978585	0.0	809
NC_003070.9:20508836-20509422	NC_003076.8	88.907	604	49	4	1	586	25178777	25179380	0.0	728
NC_003070.9:20508836-20509422	NC_003076.8	88.167	600	51	6	1	584	14880216	14880811	0.0	697
NC_003070.9:20508836-20509422	NC_003076.8	87.375	602	56	8	1	586	15659431	15658834	0.0	673
NC_003070.9:20508836-20509422	NC_003076.8	87.086	604	60	9	1	587	349810	350412	0.0	667
NC_003070.9:20508836-20509422	NC_003076.8	86.311	599	62	11	1	584	9545738	9546331	0.0	634
NC_003070.9:20508836-20509422	NC_003076.8	89.080	174	15	4	416	587	19101938	19102109	3.64e-54	213
NC_003070.9:20508836-20509422	NC_003076.8	87.324	142	16	2	4	144	22463661	22463801	1.34e-38	161
NC_003070.9:20508836-20509422	NC_003076.8	84.722	144	21	1	444	586	15581198	15581341	4.85e-33	143
NC_003070.9:20508836-20509422	NC_003076.8	89.474	95	10	0	1	95	13231669	13231763	2.27e-26	121
NC_003070.9:20508836-20509422	NC_003076.8	88.421	95	11	0	1	95	24448812	24448906	1.06e-24	115
NC_003070.9:20508836-20509422	NC_003076.8	87.368	95	12	0	1	95	13892686	13892592	4.92e-23	110
NC_003070.9:20508836-20509422	NC_003076.8	86.316	95	13	0	1	95	16870923	16871017	2.29e-21	104
NC_003070.9:20508836-20509422	NC_003076.8	86.458	96	10	3	1	95	7417331	7417424	8.23e-21	102
NC_003070.9:20508836-20509422	NC_003076.8	88.889	81	8	1	1	81	9763120	9763041	1.06e-19	99.0
NC_003070.9:20508836-20509422	NC_003076.8	86.517	89	11	1	1	89	10873661	10873748	3.83e-19	97.1
NC_003070.9:20508836-20509422	NC_003076.8	83.158	95	16	0	1	95	6702418	6702324	2.30e-16	87.9
NC_003070.9:20508836-20509422	NC_003076.8	90.476	63	6	0	1	63	7701181	7701119	2.98e-15	84.2
NC_003070.9:20508836-20509422	NC_003076.8	89.062	64	6	1	1	64	17398749	17398687	1.39e-13	78.7
NC_003070.9:20508836-20509422	NC_003071.7	91.156	588	50	2	1	586	11597292	11597879	0.0	797
NC_003070.9:20508836-20509422	NC_003071.7	91.171	589	40	3	1	587	8046269	8045691	0.0	789
NC_003070.9:20508836-20509422	NC_003071.7	87.291	598	55	11	5	586	7178423	7179015	0.0	664
NC_003070.9:20508836-20509422	NC_003071.7	87.207	555	56	10	1	541	10239495	10238942	6.61e-176	617
NC_003070.9:20508836-20509422	NC_003071.7	86.458	96	11	2	1	95	9433091	9433185	2.29e-21	104
NC_003070.9:20508836-20509422	NC_003071.7	86.316	95	12	1	1	95	9860514	9860421	8.23e-21	102
NC_003070.9:20508836-20509422	NC_003071.7	87.356	87	9	2	1	85	1303113	1303027	1.06e-19	99.0
NC_003070.9:20508836-20509422	NC_003071.7	85.567	97	10	4	1	95	6411149	6411243	1.06e-19	99.0
NC_003070.9:20508836-20509422	NC_003071.7	84.848	99	14	1	1	99	7439723	7439626	1.06e-19	99.0
NC_003070.9:20508836-20509422	NC_003071.7	85.263	95	14	0	1	95	9229179	9229085	1.06e-19	99.0
NC_003070.9:20508836-20509422	NC_003071.7	93.750	64	4	0	1	64	1955470	1955533	3.83e-19	97.1
NC_003070.9:20508836-20509422	NC_003071.7	85.263	95	13	1	1	95	7340381	7340474	3.83e-19	97.1
NC_003070.9:20508836-20509422	NC_003071.7	84.375	96	13	2	1	95	1552862	1552768	4.95e-18	93.5
NC_003070.9:20508836-20509422	NC_003071.7	84.375	96	13	2	1	95	5037751	5037845	4.95e-18	93.5
NC_003070.9:20508836-20509422	NC_003071.7	83.333	96	14	2	1	95	2262405	2262311	2.30e-16	87.9
NC_003070.9:21335942-21336550	NC_003070.9	100.000	609	0	0	1	609	21335942	21336550	0.0	1125
NC_003070.9:21335942-21336550	NC_003070.9	90.033	602	39	11	3	586	11174210	11174808	0.0	760
NC_003070.9:21335942-21336550	NC_003070.9	87.416	596	58	7	7	586	14013406	14012812	0.0	669
NC_003070.9:21335942-21336550	NC_003070.9	87.209	602	58	9	2	586	8189960	8190559	0.0	667
NC_003070.9:21335942-21336550	NC_003070.9	86.281	605	64	7	2	589	19742139	19741537	0.0	640
NC_003070.9:21335942-21336550	NC_003070.9	85.784	612	65	11	2	595	2588430	2587823	3.17e-179	628
NC_003070.9:21335942-21336550	NC_003070.9	85.382	602	69	8	2	586	29078414	29079013	1.49e-172	606
NC_003070.9:21335942-21336550	NC_003070.9	85.333	600	71	4	3	586	25357824	25358422	5.35e-172	604
NC_003070.9:21335942-21336550	NC_003070.9	85.075	603	71	11	10	597	17632430	17633028	8.95e-170	597
NC_003070.9:21335942-21336550	NC_003070.9	85.025	601	58	15	3	586	17605550	17606135	2.51e-165	582
NC_003070.9:21335942-21336550	NC_003070.9	84.298	605	70	15	3	587	13879653	13879054	7.02e-161	568
NC_003070.9:21335942-21336550	NC_003070.9	84.095	591	84	9	9	593	12183985	12183399	3.26e-159	562
NC_003070.9:21335942-21336550	NC_003070.9	84.517	549	74	7	55	595	12457718	12458263	2.56e-150	532
NC_003070.9:21335942-21336550	NC_003070.9	84.037	545	78	6	9	546	18805107	18804565	2.58e-145	516
NC_003070.9:21335942-21336550	NC_003070.9	89.855	414	19	6	189	587	16859036	16858631	1.20e-143	510
NC_003070.9:21335942-21336550	NC_003070.9	85.208	480	53	5	124	587	3498228	3497751	1.22e-133	477
NC_003070.9:21335942-21336550	NC_003070.9	88.107	412	25	7	189	584	26307100	26307503	7.32e-131	468
NC_003070.9:21335942-21336550	NC_003070.9	86.260	393	33	10	223	599	9918829	9918442	1.62e-112	407
NC_003070.9:21335942-21336550	NC_003070.9	87.574	338	38	4	3	337	24027183	24027519	5.86e-107	388
NC_003070.9:21335942-21336550	NC_003070.9	89.888	89	8	1	299	387	12183827	12183740	3.95e-24	113
NC_003070.9:21335942-21336550	NC_003070.9	89.888	89	8	1	299	387	17605714	17605801	3.95e-24	113
NC_003070.9:21335942-21336550	NC_003070.9	89.888	89	8	1	299	387	17632584	17632671	3.95e-24	113
NC_003070.9:21335942-21336550	NC_003070.9	89.888	89	8	1	299	387	20509258	20509171	3.95e-24	113
NC_003070.9:21335942-21336550	NC_003070.9	89.888	89	8	1	299	387	24027347	24027434	3.95e-24	113
NC_003070.9:21335942-21336550	NC_003070.9	85.577	104	12	3	3	106	13869873	13869973	6.61e-22	106
NC_003070.9:21335942-21336550	NC_003070.9	87.912	91	8	2	297	387	19718069	19718156	2.38e-21	104
NC_003070.9:21335942-21336550	NC_003070.9	88.608	79	9	0	9	87	540981	540903	3.98e-19	97.1
NC_003070.9:21335942-21336550	NC_003075.7	93.888	589	32	4	1	586	13124456	13123869	0.0	885
NC_003070.9:21335942-21336550	NC_003075.7	89.983	599	46	5	3	588	6895543	6894946	0.0	761
NC_003070.9:21335942-21336550	NC_003075.7	88.946	588	58	7	2	587	9146442	9147024	0.0	719
NC_003070.9:21335942-21336550	NC_003075.7	86.066	610	68	6	3	596	7154779	7155387	0.0	640
NC_003070.9:21335942-21336550	NC_003075.7	85.621	612	68	10	2	595	6427217	6426608	4.10e-178	625
NC_003070.9:21335942-21336550	NC_003075.7	84.615	585	79	8	9	586	6414634	6414054	5.42e-162	571
NC_003070.9:21335942-21336550	NC_003075.7	83.636	605	62	16	9	598	8725649	8725067	7.12e-151	534
NC_003070.9:21335942-21336550	NC_003075.7	82.997	594	84	15	3	586	3897172	3897758	5.54e-147	521
NC_003070.9:21335942-21336550	NC_003075.7	84.990	493	67	6	3	488	9188717	9189209	1.21e-138	494
NC_003070.9:21335942-21336550	NC_003075.7	89.104	413	22	6	189	586	964267	963863	4.34e-138	492
NC_003070.9:21335942-21336550	NC_003075.7	88.800	375	20	5	189	548	12968298	12967931	1.60e-122	440
NC_003070.9:21335942-21336550	NC_003075.7	89.051	137	14	1	9	144	964401	964265	8.31e-41	169
NC_003070.9:21335942-21336550	NC_003075.7	92.045	88	6	1	300	387	8725492	8725406	6.56e-27	122
NC_003070.9:21335942-21336550	NC_003075.7	91.011	89	7	1	299	387	6895381	6895294	8.49e-26	119
NC_003070.9:21335942-21336550	NC_003075.7	88.776	98	8	3	9	106	14458278	14458184	3.05e-25	117
NC_003070.9:21335942-21336550	NC_003075.7	89.888	89	8	1	299	387	9146605	9146692	3.95e-24	113
NC_003070.9:21335942-21336550	NC_003075.7	88.764	89	8	2	299	387	6414476	6414390	1.84e-22	108
NC_003070.9:21335942-21336550	NC_003075.7	88.764	89	9	1	299	387	9188883	9188970	1.84e-22	108
NC_003070.9:21335942-21336550	NC_003075.7	88.636	88	9	1	299	386	13124291	13124205	6.61e-22	106
NC_003070.9:21335942-21336550	NC_003075.7	87.640	89	10	1	299	387	3897336	3897423	8.55e-21	102
NC_003070.9:21335942-21336550	NC_003076.8	87.129	606	62	6	2	592	14880215	14880819	0.0	673
NC_003070.9:21335942-21336550	NC_003076.8	87.148	568	55	8	1	552	19479575	19480140	3.17e-179	628
NC_003070.9:21335942-21336550	NC_003076.8	85.953	598	62	8	9	586	349816	350411	1.91e-176	619
NC_003070.9:21335942-21336550	NC_003076.8	85.833	600	65	9	1	584	9545736	9546331	1.91e-176	619
NC_003070.9:21335942-21336550	NC_003076.8	85.548	602	64	11	9	592	15659425	15658829	4.13e-173	608
NC_003070.9:21335942-21336550	NC_003076.8	85.082	610	74	9	3	596	14873456	14874064	1.49e-172	606
NC_003070.9:21335942-21336550	NC_003076.8	85.179	614	37	16	1	598	10042376	10041801	9.01e-165	580
NC_003070.9:21335942-21336550	NC_003076.8	83.630	617	90	11	1	609	9979175	9978562	1.95e-161	569
NC_003070.9:21335942-21336550	NC_003076.8	83.667	600	83	14	9	598	20674816	20674222	7.07e-156	551
NC_003070.9:21335942-21336550	NC_003076.8	83.059	608	77	13	3	587	25178777	25179381	3.31e-149	529
NC_003070.9:21335942-21336550	NC_003076.8	84.247	584	44	17	20	586	19115133	19114581	4.28e-148	525
NC_003070.9:21335942-21336550	NC_003076.8	82.392	602	67	18	1	586	23662582	23662004	5.62e-137	488
NC_003070.9:21335942-21336550	NC_003076.8	87.239	431	27	11	173	586	22463783	22464202	2.63e-130	466
NC_003070.9:21335942-21336550	NC_003076.8	92.135	89	6	1	299	387	9979010	9978923	1.83e-27	124
NC_003070.9:21335942-21336550	NC_003076.8	92.135	89	6	1	299	387	14873619	14873706	1.83e-27	124
NC_003070.9:21335942-21336550	NC_003076.8	91.011	89	6	1	299	387	19479738	19479824	8.49e-26	119
NC_003070.9:21335942-21336550	NC_003076.8	89.888	89	7	2	299	387	9545899	9545985	3.95e-24	113
NC_003070.9:21335942-21336550	NC_003076.8	88.636	88	9	1	300	387	23662417	23662331	6.61e-22	106
NC_003070.9:21335942-21336550	NC_003076.8	88.372	86	10	0	2	87	17726421	17726506	2.38e-21	104
NC_003070.9:21335942-21336550	NC_003076.8	87.640	89	11	0	299	387	20674658	20674570	2.38e-21	104
NC_003070.9:21335942-21336550	NC_003076.8	87.640	89	10	1	299	387	25178941	25179028	8.55e-21	102
NC_003070.9:21335942-21336550	NC_003076.8	83.544	79	13	0	9	87	14395839	14395761	1.86e-12	75.0
NC_003070.9:21335942-21336550	NC_003076.8	83.544	79	13	0	9	87	14455138	14455060	1.86e-12	75.0
NC_003070.9:21335942-21336550	NC_003074.8	86.745	596	60	8	9	587	15918685	15918092	0.0	645
NC_003070.9:21335942-21336550	NC_003074.8	86.326	607	60	9	9	597	8644748	8645349	0.0	640
NC_003070.9:21335942-21336550	NC_003074.8	84.526	601	62	14	3	586	19520641	19521227	2.52e-160	566
NC_003070.9:21335942-21336550	NC_003074.8	84.526	601	38	19	2	586	10681953	10681392	1.18e-153	544
NC_003070.9:21335942-21336550	NC_003074.8	83.089	615	67	18	2	596	7937572	7936975	4.28e-148	525
NC_003070.9:21335942-21336550	NC_003074.8	82.587	603	88	15	3	595	18147108	18146513	2.58e-145	516
NC_003070.9:21335942-21336550	NC_003074.8	89.372	414	19	8	189	586	18172678	18172274	9.34e-140	497
NC_003070.9:21335942-21336550	NC_003074.8	92.135	89	6	1	299	387	8644906	8644993	1.83e-27	124
NC_003070.9:21335942-21336550	NC_003074.8	89.888	89	8	1	299	387	7659357	7659270	3.95e-24	113
NC_003070.9:21335942-21336550	NC_003074.8	87.755	98	10	2	3	100	9186736	9186641	3.95e-24	113
NC_003070.9:21335942-21336550	NC_003074.8	89.888	89	8	1	299	387	19520805	19520892	3.95e-24	113
NC_003070.9:21335942-21336550	NC_003074.8	88.764	89	9	1	299	387	18146944	18146857	1.84e-22	108
NC_003070.9:21335942-21336550	NC_003074.8	87.209	86	11	0	3	88	18887517	18887432	1.11e-19	99.0
NC_003070.9:21335942-21336550	NC_003074.8	87.209	86	10	1	2	86	4551548	4551633	3.98e-19	97.1
NC_003070.9:21335942-21336550	NC_003074.8	85.882	85	12	0	3	87	10708625	10708709	1.85e-17	91.6
NC_003070.9:21335942-21336550	NC_003074.8	83.673	98	13	3	9	106	16723678	16723584	6.66e-17	89.8
NC_003070.9:21335942-21336550	NC_003071.7	86.281	605	63	10	3	591	7178419	7179019	0.0	640
NC_003070.9:21335942-21336550	NC_003071.7	85.927	604	64	11	2	587	2299066	2299666	4.10e-178	625
NC_003070.9:21335942-21336550	NC_003071.7	85.166	573	64	9	1	554	10239497	10238927	7.02e-161	568
NC_003070.9:21335942-21336550	NC_003071.7	87.838	444	24	12	173	597	8907576	8908008	1.21e-138	494
NC_003070.9:21335942-21336550	NC_003071.7	89.078	412	23	6	189	586	17992947	17992544	4.34e-138	492
NC_003070.9:21335942-21336550	NC_003071.7	87.923	414	27	7	189	587	9891650	9891245	2.63e-130	466
NC_003070.9:21335942-21336550	NC_003071.7	91.011	89	7	1	299	387	8046105	8046018	8.49e-26	119
NC_003070.9:21335942-21336550	NC_003071.7	89.655	87	8	1	299	385	2299230	2299315	5.11e-23	110
NC_003070.9:21335942-21336550	NC_003071.7	88.889	90	9	1	2	91	4796346	4796434	5.11e-23	110
NC_003070.9:21335942-21336550	NC_003071.7	88.764	89	9	1	299	387	11597457	11597544	1.84e-22	108
NC_003070.9:21335942-21336550	NC_003071.7	93.846	65	4	0	2	66	6004806	6004742	1.11e-19	99.0
NC_003070.9:21103355-21105191	NC_003070.9	100.000	1837	0	0	1	1837	21105191	21103355	0.0	3393
NC_003070.9:21103355-21105191	NC_003070.9	86.148	758	57	27	1061	1783	13548942	13549686	0.0	774
NC_003070.9:21103355-21105191	NC_003070.9	93.586	343	16	4	776	1116	3498590	3498252	4.82e-142	507
NC_003070.9:21103355-21105191	NC_003070.9	85.484	62	9	0	3	64	9836508	9836569	3.48e-09	65.8
NC_003070.9:21103355-21105191	NC_003070.9	84.127	63	10	0	2	64	24533328	24533390	4.51e-08	62.1
NC_003070.9:21103355-21105191	NC_003070.9	86.792	53	6	1	1785	1837	8489465	8489414	5.83e-07	58.4
NC_003070.9:21103355-21105191	NC_003070.9	86.792	53	6	1	1785	1837	13015902	13015851	5.83e-07	58.4
NC_003070.9:21103355-21105191	NC_003070.9	90.698	43	4	0	1795	1837	18792822	18792864	5.83e-07	58.4
NC_003070.9:21103355-21105191	NC_003070.9	92.683	41	2	1	1798	1837	21739116	21739076	5.83e-07	58.4
NC_003070.9:21103355-21105191	NC_003070.9	86.792	53	6	1	1785	1837	25962516	25962465	5.83e-07	58.4
NC_003070.9:21103355-21105191	NC_003070.9	84.906	53	8	0	1785	1837	7037238	7037290	7.54e-06	54.7
NC_003070.9:21103355-21105191	NC_003070.9	85.185	54	6	2	1785	1837	12327979	12327927	7.54e-06	54.7
NC_003070.9:21103355-21105191	NC_003070.9	84.906	53	8	0	1785	1837	12562281	12562229	7.54e-06	54.7
NC_003070.9:21103355-21105191	NC_003070.9	84.906	53	8	0	1785	1837	14308816	14308764	7.54e-06	54.7
NC_003070.9:21103355-21105191	NC_003070.9	84.906	53	8	0	1785	1837	16327251	16327303	7.54e-06	54.7
NC_003070.9:21103355-21105191	NC_003070.9	84.906	53	8	0	1785	1837	16826318	16826370	7.54e-06	54.7
NC_003070.9:21103355-21105191	NC_003070.9	84.906	53	8	0	1785	1837	19064540	19064592	7.54e-06	54.7
NC_003070.9:21103355-21105191	NC_003070.9	84.906	53	8	0	1785	1837	19465142	19465090	7.54e-06	54.7
NC_003070.9:21103355-21105191	NC_003070.9	85.185	54	6	2	1785	1837	22620642	22620590	7.54e-06	54.7
NC_003070.9:21103355-21105191	NC_003070.9	85.185	54	6	2	1785	1837	22991984	22991932	7.54e-06	54.7
NC_003070.9:21103355-21105191	NC_003070.9	85.185	54	6	2	1785	1837	30251030	30250978	7.54e-06	54.7
NC_003070.9:21103355-21105191	NC_003076.8	93.326	884	54	4	776	1658	19153410	19152531	0.0	1301
NC_003070.9:21103355-21105191	NC_003076.8	87.679	698	52	12	1112	1796	16373000	16372324	0.0	782
NC_003070.9:21103355-21105191	NC_003076.8	96.167	287	10	1	776	1062	16374154	16373869	2.27e-130	468
NC_003070.9:21103355-21105191	NC_003076.8	85.632	174	15	6	1	173	19153748	19153584	5.55e-42	174
NC_003070.9:21103355-21105191	NC_003076.8	86.792	53	6	1	1785	1837	17796189	17796138	5.83e-07	58.4
NC_003070.9:21103355-21105191	NC_003076.8	84.906	53	8	0	1785	1837	4314814	4314866	7.54e-06	54.7
NC_003070.9:21103355-21105191	NC_003076.8	84.906	53	8	0	1785	1837	5428008	5427956	7.54e-06	54.7
NC_003070.9:21103355-21105191	NC_003076.8	84.906	53	8	0	1785	1837	7153236	7153184	7.54e-06	54.7
NC_003070.9:21103355-21105191	NC_003076.8	84.906	53	8	0	1785	1837	8744677	8744625	7.54e-06	54.7
NC_003070.9:21103355-21105191	NC_003076.8	84.906	53	8	0	1785	1837	14143746	14143694	7.54e-06	54.7
NC_003070.9:21103355-21105191	NC_003076.8	85.185	54	6	2	1785	1837	15042186	15042134	7.54e-06	54.7
NC_003070.9:21103355-21105191	NC_003076.8	84.906	53	8	0	1785	1837	15604721	15604669	7.54e-06	54.7
NC_003070.9:21103355-21105191	NC_003076.8	85.185	54	6	2	1785	1837	24475343	24475291	7.54e-06	54.7
NC_003070.9:21103355-21105191	NC_003074.8	92.986	884	57	4	776	1658	19537480	19536601	0.0	1284
NC_003070.9:21103355-21105191	NC_003074.8	88.246	1072	50	45	776	1837	16062520	16061515	0.0	1212
NC_003070.9:21103355-21105191	NC_003074.8	88.169	1065	47	32	776	1837	16100492	16099504	0.0	1195
NC_003070.9:21103355-21105191	NC_003074.8	87.500	1064	47	31	776	1837	16224602	16225581	0.0	1149
NC_003070.9:21103355-21105191	NC_003074.8	87.760	817	37	24	776	1592	16041917	16041164	0.0	896
NC_003070.9:21103355-21105191	NC_003074.8	90.047	422	21	11	1419	1837	16213442	16213845	3.70e-148	527
NC_003070.9:21103355-21105191	NC_003074.8	91.713	181	13	2	1	180	16062889	16062710	8.96e-65	250
NC_003070.9:21103355-21105191	NC_003074.8	91.713	181	13	2	1	180	16224232	16224411	8.96e-65	250
NC_003070.9:21103355-21105191	NC_003074.8	91.160	181	14	2	1	180	16042285	16042106	4.17e-63	244
NC_003070.9:21103355-21105191	NC_003074.8	89.503	181	17	2	1	180	16100862	16100683	4.20e-58	228
NC_003070.9:21103355-21105191	NC_003074.8	86.047	172	14	6	3	173	19537816	19537654	1.54e-42	176
NC_003070.9:21103355-21105191	NC_003074.8	87.302	63	8	0	2	64	12814728	12814666	2.08e-11	73.1
NC_003070.9:21103355-21105191	NC_003074.8	88.679	53	5	1	1785	1837	17275794	17275743	1.25e-08	63.9
NC_003070.9:21103355-21105191	NC_003074.8	87.037	54	5	2	1785	1837	3966095	3966147	1.62e-07	60.2
NC_003070.9:21103355-21105191	NC_003074.8	86.792	53	7	0	1785	1837	17061438	17061386	1.62e-07	60.2
NC_003070.9:21103355-21105191	NC_003074.8	90.698	43	4	0	1795	1837	16563545	16563587	5.83e-07	58.4
NC_003070.9:21103355-21105191	NC_003074.8	85.185	54	6	2	1785	1837	1572074	1572126	7.54e-06	54.7
NC_003070.9:21103355-21105191	NC_003074.8	84.906	53	8	0	1785	1837	10321389	10321441	7.54e-06	54.7
NC_003070.9:21103355-21105191	NC_003074.8	85.185	54	6	2	1785	1837	13328530	13328582	7.54e-06	54.7
NC_003070.9:21103355-21105191	NC_003074.8	84.906	53	8	0	1785	1837	17142499	17142447	7.54e-06	54.7
NC_003070.9:21103355-21105191	NC_003074.8	85.185	54	6	2	1785	1837	17299202	17299150	7.54e-06	54.7
NC_003070.9:21103355-21105191	NC_003074.8	85.185	54	6	2	1785	1837	18019875	18019927	7.54e-06	54.7
NC_003070.9:21103355-21105191	NC_003075.7	83.507	479	37	21	302	762	5114785	5115239	1.40e-112	409
NC_003070.9:21103355-21105191	NC_003075.7	81.053	95	16	2	3	96	8777862	8777769	5.79e-12	75.0
NC_003070.9:21103355-21105191	NC_003075.7	88.679	53	6	0	1785	1837	16863315	16863263	3.48e-09	65.8
NC_003070.9:21103355-21105191	NC_003075.7	83.871	62	10	0	3	64	6660987	6661048	1.62e-07	60.2
NC_003070.9:21103355-21105191	NC_003075.7	90.698	43	2	2	1795	1837	3359194	3359234	2.10e-06	56.5
NC_003070.9:21103355-21105191	NC_003075.7	84.906	53	8	0	1785	1837	684306	684358	7.54e-06	54.7
NC_003070.9:21103355-21105191	NC_003075.7	84.906	53	8	0	1785	1837	4148130	4148182	7.54e-06	54.7
NC_003070.9:21103355-21105191	NC_003075.7	84.906	53	8	0	1785	1837	8065652	8065704	7.54e-06	54.7
NC_003070.9:21103355-21105191	NC_003075.7	85.185	54	6	2	1785	1837	11192327	11192275	7.54e-06	54.7
NC_003070.9:21103355-21105191	NC_003075.7	84.906	53	8	0	1785	1837	14390314	14390262	7.54e-06	54.7
NC_003070.9:21103355-21105191	NC_003071.7	82.319	345	43	14	1086	1427	7883048	7883377	8.83e-75	283
NC_003070.9:21103355-21105191	NC_003071.7	79.355	155	22	9	1685	1837	7177736	7177590	9.55e-20	100
NC_003070.9:21103355-21105191	NC_003071.7	89.655	58	3	3	1429	1484	2919770	2919714	7.49e-11	71.3
NC_003070.9:21103355-21105191	NC_003071.7	84.848	66	10	0	2	67	4353560	4353495	9.69e-10	67.6
NC_003070.9:21103355-21105191	NC_003071.7	87.037	54	5	2	1785	1837	7112876	7112928	1.62e-07	60.2
NC_003070.9:21103355-21105191	NC_003071.7	85.185	54	6	2	1785	1837	4024938	4024990	7.54e-06	54.7
NC_003070.9:21103355-21105191	NC_003071.7	85.185	54	6	2	1785	1837	6664069	6664121	7.54e-06	54.7
NC_003070.9:21103355-21105191	NC_003071.7	84.906	53	8	0	1785	1837	11285167	11285115	7.54e-06	54.7
