NC_003074.8:5865858-5866429	NC_003074.8	100.000	572	0	0	1	572	5865858	5866429	0.0	1057
NC_003074.8:5865858-5866429	NC_003074.8	90.702	570	47	5	5	572	10405394	10405959	0.0	754
NC_003074.8:5865858-5866429	NC_003074.8	89.703	573	51	6	1	572	23085525	23086090	0.0	725
NC_003074.8:5865858-5866429	NC_003074.8	89.437	568	56	3	6	572	14057123	14057687	0.0	713
NC_003074.8:5865858-5866429	NC_003074.8	88.663	591	41	11	4	572	19739754	19740340	0.0	697
NC_003074.8:5865858-5866429	NC_003074.8	88.870	575	51	9	9	572	6729497	6728925	0.0	695
NC_003074.8:5865858-5866429	NC_003074.8	89.024	574	45	6	1	572	7980640	7980083	0.0	695
NC_003074.8:5865858-5866429	NC_003074.8	88.908	568	57	5	6	572	16485870	16485308	0.0	695
NC_003074.8:5865858-5866429	NC_003074.8	88.380	568	60	5	7	572	19436871	19437434	0.0	678
NC_003074.8:5865858-5866429	NC_003074.8	88.468	555	58	5	19	572	18634492	18633943	0.0	665
NC_003074.8:5865858-5866429	NC_003074.8	88.204	568	52	3	7	572	10708625	10709179	0.0	664
NC_003074.8:5865858-5866429	NC_003074.8	88.183	567	51	8	7	572	17402552	17402001	0.0	662
NC_003074.8:5865858-5866429	NC_003074.8	87.544	570	53	8	7	572	7766062	7766617	0.0	643
NC_003074.8:5865858-5866429	NC_003074.8	87.346	569	54	6	6	572	10718346	10717794	0.0	636
NC_003074.8:5865858-5866429	NC_003074.8	86.934	574	64	9	5	572	3080593	3080025	0.0	634
NC_003074.8:5865858-5866429	NC_003074.8	87.086	573	51	9	7	572	16405196	16405752	1.07e-178	627
NC_003074.8:5865858-5866429	NC_003074.8	86.482	577	47	15	1	572	11315001	11315551	5.01e-172	604
NC_003074.8:5865858-5866429	NC_003074.8	85.017	574	62	16	7	572	21552658	21552101	3.06e-159	562
NC_003074.8:5865858-5866429	NC_003074.8	85.138	545	53	11	7	550	423197	422680	2.40e-150	532
NC_003074.8:5865858-5866429	NC_003074.8	89.870	385	36	2	7	391	4579237	4579618	4.07e-138	492
NC_003074.8:5865858-5866429	NC_003074.8	89.372	207	18	4	369	572	20769804	20769599	1.62e-67	257
NC_003074.8:5865858-5866429	NC_003074.8	89.535	172	15	3	404	572	15918264	15918093	9.86e-55	215
NC_003074.8:5865858-5866429	NC_003074.8	87.143	140	17	1	339	477	8596315	8596176	1.69e-37	158
NC_003074.8:5865858-5866429	NC_003076.8	91.182	567	46	3	7	572	17726422	17726985	0.0	767
NC_003074.8:5865858-5866429	NC_003076.8	90.829	567	48	3	7	572	24448812	24449375	0.0	756
NC_003074.8:5865858-5866429	NC_003076.8	89.807	569	53	4	5	572	5625056	5625620	0.0	725
NC_003074.8:5865858-5866429	NC_003076.8	88.488	582	47	14	7	572	7417331	7417908	0.0	686
NC_003074.8:5865858-5866429	NC_003076.8	88.772	570	50	6	6	572	9558217	9557659	0.0	686
NC_003074.8:5865858-5866429	NC_003076.8	88.636	572	48	9	2	572	19101553	19102108	0.0	680
NC_003074.8:5865858-5866429	NC_003076.8	88.713	567	45	5	7	572	26787654	26787106	0.0	675
NC_003074.8:5865858-5866429	NC_003076.8	88.091	571	46	10	6	572	6420379	6419827	0.0	658
NC_003074.8:5865858-5866429	NC_003076.8	88.225	569	41	10	5	572	14104210	14103667	0.0	656
NC_003074.8:5865858-5866429	NC_003076.8	88.028	568	44	10	7	572	8748925	8749470	0.0	651
NC_003074.8:5865858-5866429	NC_003076.8	87.193	570	56	7	7	572	16870923	16871479	2.30e-180	632
NC_003074.8:5865858-5866429	NC_003076.8	86.585	574	66	11	5	572	3566348	3566916	1.38e-177	623
NC_003074.8:5865858-5866429	NC_003076.8	86.995	569	50	7	6	572	9854345	9854891	1.79e-176	619
NC_003074.8:5865858-5866429	NC_003076.8	86.097	597	50	12	5	572	24117958	24118550	2.99e-174	612
NC_003074.8:5865858-5866429	NC_003076.8	86.189	572	68	8	7	572	9068735	9068169	3.87e-173	608
NC_003074.8:5865858-5866429	NC_003076.8	86.562	573	50	13	2	572	7701185	7700638	1.39e-172	606
NC_003074.8:5865858-5866429	NC_003076.8	85.989	571	69	9	6	572	22621741	22621178	6.48e-171	601
NC_003074.8:5865858-5866429	NC_003076.8	86.620	568	41	10	7	572	15580807	15581341	3.01e-169	595
NC_003074.8:5865858-5866429	NC_003076.8	87.041	517	51	9	2	518	22335580	22335080	1.83e-161	569
NC_003074.8:5865858-5866429	NC_003076.8	88.972	399	39	3	5	400	15882291	15882687	5.26e-137	488
NC_003074.8:5865858-5866429	NC_003076.8	87.154	397	44	6	4	397	707001	706609	1.16e-123	444
NC_003074.8:5865858-5866429	NC_003076.8	91.986	287	18	4	287	572	6702209	6701927	9.12e-110	398
NC_003074.8:5865858-5866429	NC_003076.8	90.795	239	20	1	211	449	13678951	13678715	7.31e-86	318
NC_003074.8:5865858-5866429	NC_003076.8	89.076	238	18	6	339	572	20278847	20278614	5.73e-77	289
NC_003074.8:5865858-5866429	NC_003076.8	87.805	246	25	5	330	572	14080059	14080302	2.67e-75	283
NC_003074.8:5865858-5866429	NC_003076.8	89.091	220	19	5	339	556	5648113	5647897	7.46e-71	268
NC_003074.8:5865858-5866429	NC_003076.8	85.393	267	17	7	307	572	24586811	24587056	1.62e-67	257
NC_003074.8:5865858-5866429	NC_003076.8	91.209	182	13	3	392	572	13231894	13232073	1.26e-63	244
NC_003074.8:5865858-5866429	NC_003076.8	84.524	252	19	9	339	572	15031163	15030914	9.79e-60	231
NC_003074.8:5865858-5866429	NC_003076.8	88.652	141	13	3	339	477	24314283	24314422	7.79e-41	169
NC_003074.8:5865858-5866429	NC_003076.8	88.571	140	15	1	339	477	26893188	26893327	7.79e-41	169
NC_003074.8:5865858-5866429	NC_003076.8	89.474	95	9	1	7	101	19479577	19479670	7.95e-26	119
NC_003074.8:5865858-5866429	NC_003076.8	87.692	65	7	1	6	70	8602695	8602632	1.75e-12	75.0
NC_003074.8:5865858-5866429	NC_003075.7	90.877	570	45	6	5	572	1521255	1521819	0.0	758
NC_003074.8:5865858-5866429	NC_003075.7	90.123	567	51	4	7	572	6115341	6115903	0.0	732
NC_003074.8:5865858-5866429	NC_003075.7	89.437	568	43	5	6	572	9112131	9111580	0.0	701
NC_003074.8:5865858-5866429	NC_003075.7	88.556	568	60	4	6	572	572760	572197	0.0	684
NC_003074.8:5865858-5866429	NC_003075.7	87.759	580	49	15	8	572	14458283	14457711	0.0	658
NC_003074.8:5865858-5866429	NC_003075.7	87.307	583	45	19	7	572	12607047	12606477	0.0	640
NC_003074.8:5865858-5866429	NC_003075.7	86.340	571	70	8	5	572	5392285	5391720	2.31e-175	616
NC_003074.8:5865858-5866429	NC_003075.7	88.008	492	51	7	5	493	6660985	6661471	3.93e-163	575
NC_003074.8:5865858-5866429	NC_003075.7	85.739	568	54	13	7	572	7034793	7034251	3.93e-163	575
NC_003074.8:5865858-5866429	NC_003075.7	83.566	572	69	12	6	572	6340023	6339472	3.12e-144	512
NC_003074.8:5865858-5866429	NC_003075.7	89.408	321	29	3	251	570	2553631	2553947	2.54e-110	399
NC_003074.8:5865858-5866429	NC_003075.7	88.889	171	17	2	404	572	7906198	7906368	4.59e-53	209
NC_003074.8:5865858-5866429	NC_003075.7	81.780	236	15	10	339	572	12699153	12699362	6.02e-42	172
NC_003074.8:5865858-5866429	NC_003075.7	81.013	237	18	9	339	572	7383627	7383415	3.62e-39	163
NC_003074.8:5865858-5866429	NC_003075.7	90.541	74	5	2	339	411	1100911	1100983	3.73e-19	97.1
NC_003074.8:5865858-5866429	NC_003075.7	78.070	114	13	12	468	572	1957593	1957703	1.36e-08	62.1
NC_003074.8:5865858-5866429	NC_003071.7	90.845	568	45	6	7	572	5037751	5038313	0.0	754
NC_003074.8:5865858-5866429	NC_003071.7	89.529	573	43	5	1	572	13101804	13102360	0.0	710
NC_003074.8:5865858-5866429	NC_003071.7	88.889	567	46	3	7	572	12556654	12557204	0.0	682
NC_003074.8:5865858-5866429	NC_003071.7	88.693	566	46	7	6	570	9226026	9225478	0.0	675
NC_003074.8:5865858-5866429	NC_003071.7	88.790	562	44	8	7	567	13885931	13886474	0.0	671
NC_003074.8:5865858-5866429	NC_003071.7	88.021	576	51	7	1	572	6207156	6206595	0.0	665
NC_003074.8:5865858-5866429	NC_003071.7	88.070	570	56	10	7	572	7340381	7340942	0.0	665
NC_003074.8:5865858-5866429	NC_003071.7	87.631	574	61	9	4	572	2138817	2139385	0.0	658
NC_003074.8:5865858-5866429	NC_003071.7	87.676	568	66	3	7	572	5010652	5010087	0.0	658
NC_003074.8:5865858-5866429	NC_003071.7	88.953	516	46	9	26	535	17147640	17147130	1.07e-178	627
NC_003074.8:5865858-5866429	NC_003071.7	86.562	573	69	5	2	572	1596913	1597479	3.84e-178	625
NC_003074.8:5865858-5866429	NC_003071.7	89.537	497	45	6	6	499	19172669	19172177	1.38e-177	623
NC_003074.8:5865858-5866429	NC_003071.7	87.250	549	57	12	7	549	4025413	4025954	8.32e-175	614
NC_003074.8:5865858-5866429	NC_003071.7	85.891	567	55	10	7	572	9229179	9228637	8.44e-165	580
NC_003074.8:5865858-5866429	NC_003071.7	85.399	589	46	21	1	572	9860520	9859955	3.93e-163	575
NC_003074.8:5865858-5866429	NC_003071.7	83.595	573	64	10	6	572	15134224	15134772	1.12e-143	510
NC_003074.8:5865858-5866429	NC_003071.7	87.500	352	37	6	223	572	4305944	4306290	2.54e-110	399
NC_003074.8:5865858-5866429	NC_003071.7	89.407	236	22	3	340	572	10996418	10996183	1.23e-78	294
NC_003074.8:5865858-5866429	NC_003071.7	88.186	237	24	4	340	572	1383789	1383553	3.45e-74	279
NC_003074.8:5865858-5866429	NC_003071.7	88.462	208	19	4	369	572	2320728	2320934	3.50e-64	246
NC_003074.8:5865858-5866429	NC_003071.7	86.634	202	23	4	373	572	7351348	7351547	2.12e-56	220
NC_003074.8:5865858-5866429	NC_003071.7	89.535	172	14	4	405	572	7178844	7179015	9.86e-55	215
NC_003074.8:5865858-5866429	NC_003071.7	89.286	140	14	1	339	477	8173489	8173628	1.67e-42	174
NC_003074.8:5865858-5866429	NC_003071.7	81.435	237	17	9	339	572	1347424	1347212	7.79e-41	169
NC_003074.8:5865858-5866429	NC_003071.7	88.489	139	13	3	339	475	9030463	9030600	1.01e-39	165
NC_003074.8:5865858-5866429	NC_003071.7	89.130	92	9	1	11	101	17993084	17992993	3.70e-24	113
NC_003074.8:5865858-5866429	NC_003071.7	77.872	235	13	10	339	572	6901726	6901922	4.79e-23	110
NC_003074.8:5865858-5866429	NC_003071.7	92.308	78	5	1	496	572	11908953	11908876	4.79e-23	110
NC_003074.8:5865858-5866429	NC_003071.7	93.878	49	1	2	525	572	7566596	7566549	6.28e-12	73.1
NC_003074.8:5865858-5866429	NC_003071.7	100.000	29	0	0	544	572	1367503	1367475	2.27e-06	54.7
NC_003074.8:5865858-5866429	NC_003070.9	90.845	568	45	6	7	572	23125693	23125131	0.0	754
NC_003074.8:5865858-5866429	NC_003070.9	89.594	567	53	5	7	572	12097456	12098017	0.0	715
NC_003074.8:5865858-5866429	NC_003070.9	90.200	551	47	4	26	572	25779690	25780237	0.0	712
NC_003074.8:5865858-5866429	NC_003070.9	89.157	581	43	14	8	572	17502231	17502807	0.0	706
NC_003074.8:5865858-5866429	NC_003070.9	89.437	568	42	8	6	572	19769023	19769573	0.0	701
NC_003074.8:5865858-5866429	NC_003070.9	89.123	570	43	11	5	572	21918432	21918984	0.0	691
NC_003074.8:5865858-5866429	NC_003070.9	88.772	570	51	8	5	572	26511228	26510670	0.0	686
NC_003074.8:5865858-5866429	NC_003070.9	88.713	567	46	8	7	572	5899755	5899206	0.0	676
NC_003074.8:5865858-5866429	NC_003070.9	88.401	569	49	7	5	572	28891932	28891380	0.0	669
NC_003074.8:5865858-5866429	NC_003070.9	88.360	567	49	11	7	572	4770665	4770115	0.0	665
NC_003074.8:5865858-5866429	NC_003070.9	88.007	567	51	5	7	572	11804094	11803544	0.0	654
NC_003074.8:5865858-5866429	NC_003070.9	87.719	570	53	6	7	572	27240719	27241275	0.0	649
NC_003074.8:5865858-5866429	NC_003070.9	87.326	576	60	12	3	572	5862944	5863512	0.0	647
NC_003074.8:5865858-5866429	NC_003070.9	87.307	583	46	19	7	572	13869873	13870444	0.0	641
NC_003074.8:5865858-5866429	NC_003070.9	87.368	570	54	8	7	572	26880721	26881276	0.0	638
NC_003074.8:5865858-5866429	NC_003070.9	86.819	569	69	5	7	572	21739641	21739076	8.26e-180	630
NC_003074.8:5865858-5866429	NC_003070.9	86.585	574	61	4	1	572	540992	540433	1.79e-176	619
NC_003074.8:5865858-5866429	NC_003070.9	86.996	546	46	9	5	550	2986894	2986374	3.90e-168	592
NC_003074.8:5865858-5866429	NC_003070.9	88.778	499	34	13	75	570	10930991	10931470	3.90e-168	592
NC_003074.8:5865858-5866429	NC_003070.9	85.515	573	51	14	6	572	24645518	24646064	1.83e-161	569
NC_003074.8:5865858-5866429	NC_003070.9	88.889	441	41	7	8	444	2587832	2587396	1.85e-151	536
NC_003074.8:5865858-5866429	NC_003070.9	84.335	549	75	9	5	549	4582996	4583537	1.12e-148	527
NC_003074.8:5865858-5866429	NC_003070.9	91.102	236	17	4	339	572	21615530	21615297	2.63e-85	316
NC_003074.8:5865858-5866429	NC_003070.9	89.787	235	21	3	339	570	8622992	8622758	9.52e-80	298
NC_003074.8:5865858-5866429	NC_003070.9	87.815	238	24	5	339	572	10579905	10580141	1.60e-72	274
NC_003074.8:5865858-5866429	NC_003070.9	87.395	238	22	7	339	572	696707	696474	2.68e-70	267
NC_003074.8:5865858-5866429	NC_003070.9	90.291	206	17	3	369	572	8539559	8539763	2.68e-70	267
NC_003074.8:5865858-5866429	NC_003070.9	86.585	246	18	6	329	572	2473131	2472899	1.62e-67	257
NC_003074.8:5865858-5866429	NC_003070.9	86.555	238	26	6	339	572	12619289	12619524	1.62e-67	257
NC_003074.8:5865858-5866429	NC_003070.9	91.209	182	13	3	392	572	12240731	12240910	1.26e-63	244
NC_003074.8:5865858-5866429	NC_003070.9	90.058	171	16	1	403	572	14012982	14012812	2.12e-56	220
NC_003074.8:5865858-5866429	NC_003070.9	88.889	171	17	2	404	572	12993166	12992996	4.59e-53	209
NC_003074.8:5865858-5866429	NC_003070.9	88.824	170	18	1	404	572	3497921	3497752	1.65e-52	207
NC_003074.8:5865858-5866429	NC_003070.9	83.122	237	26	7	334	567	3251249	3251474	2.13e-51	204
NC_003074.8:5865858-5866429	NC_003070.9	87.791	172	18	3	404	572	2588003	2587832	9.93e-50	198
NC_003074.8:5865858-5866429	NC_003070.9	87.719	171	15	5	406	572	29078845	29079013	1.28e-48	195
NC_003074.8:5865858-5866429	NC_003070.9	81.435	237	17	9	339	572	29774473	29774261	7.79e-41	169
NC_003074.8:5865858-5866429	NC_003070.9	91.753	97	7	1	6	101	12137684	12137588	2.84e-30	134
NC_003074.8:7713547-7714370	NC_003074.8	100.000	824	0	0	1	824	7714370	7713547	0.0	1522
NC_003074.8:7713547-7714370	NC_003074.8	89.621	819	56	14	22	821	10416865	10417673	0.0	1014
NC_003074.8:7713547-7714370	NC_003074.8	89.255	819	62	15	21	821	16186181	16185371	0.0	1002
NC_003074.8:7713547-7714370	NC_003074.8	87.728	823	61	18	22	821	12359526	12358721	0.0	924
NC_003074.8:7713547-7714370	NC_003074.8	88.832	779	48	9	43	792	18927967	18928735	0.0	920
NC_003074.8:7713547-7714370	NC_003074.8	90.164	549	38	4	287	820	8875128	8875675	0.0	701
NC_003074.8:7713547-7714370	NC_003074.8	89.982	549	40	3	287	821	15874506	15873959	0.0	695
NC_003074.8:7713547-7714370	NC_003074.8	89.617	549	41	4	287	820	14559311	14559858	0.0	684
NC_003074.8:7713547-7714370	NC_003074.8	92.181	486	33	5	340	822	8883584	8884067	0.0	682
NC_003074.8:7713547-7714370	NC_003074.8	87.884	553	40	8	287	823	7766059	7765518	5.62e-178	625
NC_003074.8:7713547-7714370	NC_003074.8	90.114	263	11	9	26	274	12383830	12384091	1.77e-88	327
NC_003074.8:7713547-7714370	NC_003074.8	91.915	235	17	2	535	767	12384105	12384339	1.77e-88	327
NC_003074.8:7713547-7714370	NC_003074.8	89.671	213	9	1	22	221	7766844	7766632	6.56e-68	259
NC_003074.8:7713547-7714370	NC_003074.8	88.785	214	9	3	22	221	15874737	15874525	1.42e-64	248
NC_003074.8:7713547-7714370	NC_003074.8	88.318	214	11	4	22	221	8874896	8875109	1.84e-63	244
NC_003074.8:7713547-7714370	NC_003074.8	87.330	221	12	4	15	221	14559074	14559292	8.55e-62	239
NC_003074.8:7713547-7714370	NC_003074.8	86.010	193	26	1	22	213	9361785	9361977	8.67e-52	206
NC_003074.8:7713547-7714370	NC_003074.8	83.645	214	21	5	22	221	8883277	8883490	8.73e-47	189
NC_003074.8:7713547-7714370	NC_003074.8	84.795	171	21	5	22	190	11222237	11222070	4.09e-40	167
NC_003074.8:7713547-7714370	NC_003074.8	93.103	58	4	0	211	268	11203183	11203126	1.18e-15	86.1
NC_003074.8:7713547-7714370	NC_003070.9	91.272	802	45	14	22	818	5799521	5798740	0.0	1070
NC_003074.8:7713547-7714370	NC_003070.9	89.390	820	58	20	22	820	3024294	3023483	0.0	1005
NC_003074.8:7713547-7714370	NC_003070.9	89.093	816	61	17	22	818	18632947	18632141	0.0	989
NC_003074.8:7713547-7714370	NC_003070.9	88.916	821	59	16	22	820	1195121	1194311	0.0	983
NC_003074.8:7713547-7714370	NC_003070.9	85.917	845	74	16	1	824	18320585	18321405	0.0	859
NC_003074.8:7713547-7714370	NC_003070.9	85.645	829	67	23	34	820	19781118	19780300	0.0	824
NC_003074.8:7713547-7714370	NC_003070.9	87.931	522	35	9	287	791	26880718	26880208	2.05e-167	590
NC_003074.8:7713547-7714370	NC_003070.9	91.691	349	27	1	475	821	20704228	20704576	3.58e-135	483
NC_003074.8:7713547-7714370	NC_003070.9	88.732	213	11	1	22	221	26881503	26881291	1.42e-64	248
NC_003074.8:7713547-7714370	NC_003070.9	86.667	195	21	4	22	213	9138319	9138127	1.86e-53	211
NC_003074.8:7713547-7714370	NC_003071.7	89.038	821	63	19	21	821	8102687	8103500	0.0	992
NC_003074.8:7713547-7714370	NC_003071.7	88.714	824	64	19	22	824	4759874	4759059	0.0	979
NC_003074.8:7713547-7714370	NC_003071.7	90.073	685	53	12	141	821	6992271	6992944	0.0	874
NC_003074.8:7713547-7714370	NC_003071.7	89.107	661	55	14	167	820	6262554	6263204	0.0	806
NC_003074.8:7713547-7714370	NC_003071.7	80.537	149	17	10	242	386	2952220	2952360	3.25e-21	104
NC_003074.8:7713547-7714370	NC_003071.7	93.846	65	4	0	76	140	6990925	6990989	1.51e-19	99.0
NC_003074.8:7713547-7714370	NC_003076.8	88.727	825	64	16	16	820	16211354	16212169	0.0	981
NC_003074.8:7713547-7714370	NC_003076.8	88.523	819	67	12	26	824	5802087	5801276	0.0	966
NC_003074.8:7713547-7714370	NC_003076.8	88.400	819	65	23	21	821	10187479	10188285	0.0	959
NC_003074.8:7713547-7714370	NC_003076.8	87.805	820	56	18	22	821	21174424	21175219	0.0	920
NC_003074.8:7713547-7714370	NC_003076.8	87.393	817	72	20	22	821	13786537	13787339	0.0	909
NC_003074.8:7713547-7714370	NC_003076.8	88.055	653	39	9	22	635	19019567	19018915	0.0	737
NC_003074.8:7713547-7714370	NC_003076.8	89.474	551	41	4	287	821	17359871	17359322	0.0	680
NC_003074.8:7713547-7714370	NC_003076.8	92.500	200	15	0	621	820	19018819	19018620	3.01e-76	287
NC_003074.8:7713547-7714370	NC_003076.8	88.318	214	12	1	21	221	17360103	17359890	1.84e-63	244
NC_003074.8:7713547-7714370	NC_003076.8	86.935	199	18	4	22	213	15003950	15003753	4.01e-55	217
NC_003074.8:7713547-7714370	NC_003076.8	88.636	176	16	4	18	191	10924356	10924183	1.86e-53	211
NC_003074.8:7713547-7714370	NC_003075.7	88.835	824	59	20	21	823	8421907	8421096	0.0	981
NC_003074.8:7713547-7714370	NC_003075.7	88.285	828	62	19	22	824	4949067	4948250	0.0	959
NC_003074.8:7713547-7714370	NC_003075.7	88.358	816	56	19	22	818	5837168	5836373	0.0	944
NC_003074.8:7713547-7714370	NC_003075.7	87.226	822	59	26	22	821	6944557	6943760	0.0	894
NC_003074.8:7713547-7714370	NC_003075.7	87.958	764	62	15	60	803	18233085	18232332	0.0	874
NC_003074.8:7713547-7714370	NC_003075.7	87.000	800	52	17	41	821	5479108	5478342	0.0	854
NC_003074.8:7713547-7714370	NC_003075.7	86.158	419	32	15	22	422	1598444	1598854	4.73e-119	429
NC_003070.9:6735864-6737382	NC_003070.9	100.000	1519	0	0	1	1519	6735864	6737382	0.0	2806
NC_003070.9:6735864-6737382	NC_003070.9	96.839	1487	42	5	28	1511	17255	18739	0.0	2481
NC_003070.9:6735864-6737382	NC_003070.9	96.892	1448	40	5	24	1469	29320708	29319264	0.0	2420
NC_003070.9:6735864-6737382	NC_003070.9	95.538	1479	57	9	28	1503	3074698	3073226	0.0	2357
NC_003070.9:6735864-6737382	NC_003070.9	92.065	1424	98	11	1	1414	1977166	1975748	0.0	1989
NC_003070.9:6735864-6737382	NC_003070.9	90.730	1424	90	25	1	1414	12855993	12854602	0.0	1860
NC_003070.9:6735864-6737382	NC_003070.9	90.955	1382	93	20	1	1371	8291571	8290211	0.0	1831
NC_003070.9:6735864-6737382	NC_003070.9	89.448	1450	106	23	4	1414	18747045	18745604	0.0	1786
NC_003070.9:6735864-6737382	NC_003070.9	96.459	1073	36	2	433	1503	23174134	23175206	0.0	1770
NC_003070.9:6735864-6737382	NC_003070.9	94.033	972	49	8	1	969	14299842	14298877	0.0	1465
NC_003070.9:6735864-6737382	NC_003070.9	94.585	831	40	5	1	829	17552998	17552171	0.0	1280
NC_003070.9:6735864-6737382	NC_003070.9	94.118	782	42	4	1	780	2235167	2234388	0.0	1186
NC_003070.9:6735864-6737382	NC_003070.9	91.943	844	47	10	1	842	19173802	19172978	0.0	1162
NC_003070.9:6735864-6737382	NC_003070.9	91.914	841	49	12	1	839	19085099	19085922	0.0	1158
NC_003070.9:6735864-6737382	NC_003070.9	91.933	719	51	7	140	854	19329031	19328316	0.0	1000
NC_003070.9:6735864-6737382	NC_003070.9	91.528	720	56	5	140	854	26171245	26170526	0.0	987
NC_003070.9:6735864-6737382	NC_003070.9	91.074	717	57	7	140	851	7035426	7036140	0.0	963
NC_003070.9:6735864-6737382	NC_003070.9	90.972	720	56	8	138	851	17900095	17900811	0.0	961
NC_003070.9:6735864-6737382	NC_003070.9	90.733	723	59	6	138	854	9867193	9866473	0.0	957
NC_003070.9:6735864-6737382	NC_003070.9	90.821	719	60	6	140	854	30255288	30254572	0.0	957
NC_003070.9:6735864-6737382	NC_003070.9	90.403	719	48	5	140	854	12329819	12329118	0.0	926
NC_003070.9:6735864-6737382	NC_003070.9	90.417	720	46	7	140	854	30252872	30252171	0.0	926
NC_003070.9:6735864-6737382	NC_003070.9	90.377	717	45	8	140	851	13059058	13059755	0.0	920
NC_003070.9:6735864-6737382	NC_003070.9	90.264	719	49	5	140	854	22993826	22993125	0.0	920
NC_003070.9:6735864-6737382	NC_003070.9	91.159	690	40	9	140	825	11699931	11700603	0.0	917
NC_003070.9:6735864-6737382	NC_003070.9	90.084	716	50	5	140	851	9816445	9817143	0.0	909
NC_003070.9:6735864-6737382	NC_003070.9	90.240	707	53	13	140	831	16807222	16807927	0.0	909
NC_003070.9:6735864-6737382	NC_003070.9	89.569	719	61	12	140	851	16904014	16904725	0.0	900
NC_003070.9:6735864-6737382	NC_003070.9	89.679	717	50	11	140	851	8115005	8115702	0.0	893
NC_003070.9:6735864-6737382	NC_003070.9	89.400	717	54	6	140	851	19062199	19062898	0.0	883
NC_003070.9:6735864-6737382	NC_003070.9	89.680	688	50	9	168	851	19062922	19063592	0.0	857
NC_003070.9:6735864-6737382	NC_003070.9	88.873	719	49	11	140	845	22450165	22450865	0.0	856
NC_003070.9:6735864-6737382	NC_003070.9	89.550	689	48	8	140	823	19995499	19994830	0.0	852
NC_003070.9:6735864-6737382	NC_003070.9	92.079	606	43	5	140	742	12364370	12364973	0.0	848
NC_003070.9:6735864-6737382	NC_003070.9	91.749	606	46	4	140	742	12563847	12563243	0.0	839
NC_003070.9:6735864-6737382	NC_003070.9	91.790	609	40	8	140	742	16325679	16326283	0.0	839
NC_003070.9:6735864-6737382	NC_003070.9	91.803	610	39	10	140	742	19466714	19466109	0.0	839
NC_003070.9:6735864-6737382	NC_003070.9	91.776	608	41	7	140	742	23213901	23214504	0.0	837
NC_003070.9:6735864-6737382	NC_003070.9	91.749	606	41	6	140	742	16824753	16825352	0.0	833
NC_003070.9:6735864-6737382	NC_003070.9	88.841	690	52	9	140	823	11737157	11736487	0.0	824
NC_003070.9:6735864-6737382	NC_003070.9	88.145	717	52	7	140	851	501140	500452	0.0	822
NC_003070.9:6735864-6737382	NC_003070.9	89.440	625	51	12	140	749	16806377	16807001	0.0	774
NC_003070.9:6735864-6737382	NC_003070.9	91.882	542	37	4	880	1414	14298879	14298338	0.0	750
NC_003070.9:6735864-6737382	NC_003070.9	86.217	711	57	23	145	840	13261968	13261284	0.0	732
NC_003070.9:6735864-6737382	NC_003070.9	89.340	591	43	4	140	728	4785682	4786254	0.0	725
NC_003070.9:6735864-6737382	NC_003070.9	88.455	615	49	6	241	851	13017571	13016975	0.0	723
NC_003070.9:6735864-6737382	NC_003070.9	86.986	438	35	6	418	851	18791324	18791743	4.03e-132	473
NC_003070.9:6735864-6737382	NC_003070.9	97.211	251	5	2	1	250	17009	17258	4.11e-117	424
NC_003070.9:6735864-6737382	NC_003070.9	94.017	234	13	1	140	372	22622071	22621838	5.47e-96	353
NC_003070.9:6735864-6737382	NC_003070.9	91.667	252	20	1	590	840	15939781	15940032	2.55e-94	348
NC_003070.9:6735864-6737382	NC_003070.9	87.582	306	31	7	1116	1414	17552172	17551867	2.55e-94	348
NC_003070.9:6735864-6737382	NC_003070.9	90.038	261	20	6	1	259	15939323	15939579	7.13e-90	333
NC_003070.9:6735864-6737382	NC_003070.9	90.323	248	18	4	1173	1414	19172983	19172736	5.55e-86	320
NC_003070.9:6735864-6737382	NC_003070.9	89.888	89	4	5	1436	1519	2233886	2233798	1.31e-22	110
NC_003070.9:6735864-6737382	NC_003070.9	92.754	69	5	0	1436	1504	17551254	17551186	7.87e-20	100
NC_003070.9:6735864-6737382	NC_003070.9	86.667	75	9	1	1436	1509	19172126	19172052	2.85e-14	82.4
NC_003070.9:6735864-6737382	NC_003070.9	94.118	51	3	0	1433	1483	1975142	1975092	3.69e-13	78.7
NC_003070.9:6735864-6737382	NC_003070.9	97.143	35	1	0	1436	1470	18744995	18744961	1.34e-07	60.2
NC_003070.9:6735864-6737382	NC_003076.8	95.017	1505	65	7	1	1502	13918790	13917293	0.0	2355
NC_003070.9:6735864-6737382	NC_003076.8	94.691	1507	51	8	1	1502	15342696	15341214	0.0	2313
NC_003070.9:6735864-6737382	NC_003076.8	92.146	1426	97	12	1	1414	7711131	7712553	0.0	1999
NC_003070.9:6735864-6737382	NC_003076.8	91.187	1441	96	17	1	1414	8682979	8684415	0.0	1929
NC_003070.9:6735864-6737382	NC_003076.8	90.189	1427	98	30	1	1414	354140	355537	0.0	1821
NC_003070.9:6735864-6737382	NC_003076.8	92.756	1201	72	11	226	1414	19670974	19672171	0.0	1722
NC_003070.9:6735864-6737382	NC_003076.8	92.711	1125	76	6	1	1122	14761183	14760062	0.0	1618
NC_003070.9:6735864-6737382	NC_003076.8	93.026	846	51	5	576	1413	20398316	20399161	0.0	1229
NC_003070.9:6735864-6737382	NC_003076.8	93.990	782	41	5	1	780	5129834	5129057	0.0	1179
NC_003070.9:6735864-6737382	NC_003076.8	93.478	782	47	4	1	780	19931558	19930779	0.0	1158
NC_003070.9:6735864-6737382	NC_003076.8	92.458	716	49	5	140	851	8765944	8766658	0.0	1018
NC_003070.9:6735864-6737382	NC_003076.8	92.233	721	47	9	138	851	17365257	17365975	0.0	1013
NC_003070.9:6735864-6737382	NC_003076.8	92.201	718	50	5	140	854	20682172	20681458	0.0	1011
NC_003070.9:6735864-6737382	NC_003076.8	92.083	720	48	8	140	850	19742382	19741663	0.0	1005
NC_003070.9:6735864-6737382	NC_003076.8	90.822	730	51	7	140	854	5429827	5429099	0.0	963
NC_003070.9:6735864-6737382	NC_003076.8	91.099	719	53	5	140	854	14151059	14150348	0.0	963
NC_003070.9:6735864-6737382	NC_003076.8	90.960	719	56	7	140	851	11025557	11026273	0.0	959
NC_003070.9:6735864-6737382	NC_003076.8	91.111	720	44	12	140	854	4781999	4781295	0.0	957
NC_003070.9:6735864-6737382	NC_003076.8	90.629	715	57	7	140	849	24187678	24186969	0.0	941
NC_003070.9:6735864-6737382	NC_003076.8	90.556	720	45	7	140	854	17618450	17617749	0.0	931
NC_003070.9:6735864-6737382	NC_003076.8	90.403	719	47	6	140	854	20281750	20281050	0.0	926
NC_003070.9:6735864-6737382	NC_003076.8	90.139	720	48	7	140	854	4312768	4313469	0.0	915
NC_003070.9:6735864-6737382	NC_003076.8	89.595	740	50	23	140	859	9612816	9613548	0.0	915
NC_003070.9:6735864-6737382	NC_003076.8	90.098	717	49	6	140	851	15606367	15605668	0.0	911
NC_003070.9:6735864-6737382	NC_003076.8	90.084	716	47	6	140	848	18854200	18854898	0.0	907
NC_003070.9:6735864-6737382	NC_003076.8	89.779	724	49	9	140	858	9590645	9591348	0.0	904
NC_003070.9:6735864-6737382	NC_003076.8	89.708	719	52	6	140	854	9964782	9964082	0.0	898
NC_003070.9:6735864-6737382	NC_003076.8	89.598	721	50	9	140	854	8746465	8745764	0.0	893
NC_003070.9:6735864-6737382	NC_003076.8	89.569	719	52	8	140	854	14082601	14081902	0.0	891
NC_003070.9:6735864-6737382	NC_003076.8	89.733	711	51	6	140	845	17775963	17776656	0.0	889
NC_003070.9:6735864-6737382	NC_003076.8	89.326	712	52	8	140	845	16356709	16357402	0.0	872
NC_003070.9:6735864-6737382	NC_003076.8	91.909	618	41	9	132	742	21530313	21530928	0.0	856
NC_003070.9:6735864-6737382	NC_003076.8	88.056	720	61	9	140	854	1898411	1897712	0.0	830
NC_003070.9:6735864-6737382	NC_003076.8	87.724	725	61	10	140	854	9559262	9558556	0.0	821
NC_003070.9:6735864-6737382	NC_003076.8	89.876	563	54	3	853	1414	13982657	13983217	0.0	721
NC_003070.9:6735864-6737382	NC_003076.8	90.430	512	39	9	1	506	25264511	25265018	0.0	665
NC_003070.9:6735864-6737382	NC_003076.8	96.995	366	9	2	1	365	3020196	3019832	2.27e-174	614
NC_003070.9:6735864-6737382	NC_003076.8	91.198	409	31	5	140	544	7154204	7153797	1.81e-155	551
NC_003070.9:6735864-6737382	NC_003076.8	97.720	307	7	0	535	841	3019829	3019523	8.47e-149	529
NC_003070.9:6735864-6737382	NC_003076.8	91.188	261	16	7	1	259	20281984	20281729	2.55e-94	348
NC_003070.9:6735864-6737382	NC_003076.8	97.015	67	2	0	1436	1502	19930277	19930211	1.01e-23	113
NC_003070.9:6735864-6737382	NC_003076.8	95.588	68	3	0	1436	1503	5128558	5128491	1.31e-22	110
NC_003070.9:6735864-6737382	NC_003076.8	92.958	71	4	1	1433	1503	7713155	7713224	2.19e-20	102
NC_003070.9:6735864-6737382	NC_003076.8	91.429	70	6	0	1433	1502	17957106	17957175	1.02e-18	97.1
NC_003070.9:6735864-6737382	NC_003074.8	94.723	1516	51	8	4	1514	9559680	9558189	0.0	2329
NC_003070.9:6735864-6737382	NC_003074.8	94.513	1458	43	8	28	1482	1371151	1369728	0.0	2215
NC_003070.9:6735864-6737382	NC_003074.8	92.982	1425	78	18	3	1414	5622033	5623448	0.0	2058
NC_003070.9:6735864-6737382	NC_003074.8	92.922	1427	80	18	1	1414	20485140	20483722	0.0	2056
NC_003070.9:6735864-6737382	NC_003074.8	93.114	1365	73	9	62	1414	16879865	16881220	0.0	1980
NC_003070.9:6735864-6737382	NC_003074.8	96.395	971	30	5	28	996	2630001	2629034	0.0	1594
NC_003070.9:6735864-6737382	NC_003074.8	89.252	856	72	15	1	840	3716342	3717193	0.0	1053
NC_003070.9:6735864-6737382	NC_003074.8	92.116	723	49	8	140	858	18746423	18747141	0.0	1013
NC_003070.9:6735864-6737382	NC_003074.8	91.678	721	54	6	140	854	10821211	10820491	0.0	994
NC_003070.9:6735864-6737382	NC_003074.8	90.782	716	51	11	140	840	9890241	9890956	0.0	942
NC_003070.9:6735864-6737382	NC_003074.8	90.278	720	49	9	140	855	17301044	17300342	0.0	922
NC_003070.9:6735864-6737382	NC_003074.8	90.155	711	47	11	140	840	16173058	16172361	0.0	904
NC_003070.9:6735864-6737382	NC_003074.8	96.514	545	19	0	956	1500	2629029	2628485	0.0	902
NC_003070.9:6735864-6737382	NC_003074.8	89.665	716	52	10	140	851	15937521	15938218	0.0	893
NC_003070.9:6735864-6737382	NC_003074.8	92.904	606	39	4	140	742	17063008	17062404	0.0	878
NC_003070.9:6735864-6737382	NC_003074.8	88.982	717	57	6	140	851	17277580	17276881	0.0	867
NC_003070.9:6735864-6737382	NC_003074.8	89.535	688	49	7	140	823	11536069	11536737	0.0	850
NC_003070.9:6735864-6737382	NC_003074.8	89.244	688	51	7	140	823	20786634	20787302	0.0	839
NC_003070.9:6735864-6737382	NC_003074.8	89.099	688	52	7	140	823	5745687	5745019	0.0	833
NC_003070.9:6735864-6737382	NC_003074.8	88.517	688	56	11	140	823	17144269	17143601	0.0	811
NC_003070.9:6735864-6737382	NC_003074.8	87.342	711	55	12	140	845	22118838	22119518	0.0	782
NC_003070.9:6735864-6737382	NC_003074.8	88.983	590	44	5	140	725	9386113	9385541	0.0	710
NC_003070.9:6735864-6737382	NC_003074.8	88.663	591	47	4	140	728	16451021	16451593	0.0	702
NC_003070.9:6735864-6737382	NC_003074.8	87.107	605	37	14	140	742	7996401	7995836	0.0	647
NC_003070.9:6735864-6737382	NC_003074.8	93.706	429	24	3	1	428	10862401	10862827	0.0	640
NC_003070.9:6735864-6737382	NC_003074.8	90.063	473	34	6	948	1414	10862818	10863283	1.77e-170	601
NC_003070.9:6735864-6737382	NC_003074.8	89.241	474	41	7	948	1414	20486738	20486268	1.78e-165	584
NC_003070.9:6735864-6737382	NC_003074.8	89.327	431	28	8	1	429	20487142	20486728	1.10e-147	525
NC_003070.9:6735864-6737382	NC_003074.8	89.974	389	34	5	444	829	10404825	10405211	2.39e-139	497
NC_003070.9:6735864-6737382	NC_003074.8	86.758	438	36	6	418	851	16562050	16562469	1.87e-130	468
NC_003070.9:6735864-6737382	NC_003074.8	92.857	322	21	2	884	1204	9385219	9385539	6.74e-130	466
NC_003070.9:6735864-6737382	NC_003074.8	90.879	307	21	4	1115	1414	17397020	17396714	1.49e-111	405
NC_003070.9:6735864-6737382	NC_003074.8	90.826	218	19	1	607	823	15452795	15452578	4.35e-77	291
NC_003070.9:6735864-6737382	NC_003074.8	96.045	177	6	1	608	784	9385008	9385183	5.63e-76	287
NC_003070.9:6735864-6737382	NC_003074.8	92.517	147	10	1	706	851	9385005	9384859	1.25e-52	209
NC_003070.9:6735864-6737382	NC_003074.8	95.833	72	3	0	1433	1504	17396048	17395977	7.82e-25	117
NC_003070.9:6735864-6737382	NC_003074.8	91.892	74	5	1	1433	1506	10865980	10866052	2.19e-20	102
NC_003070.9:6735864-6737382	NC_003074.8	100.000	34	0	0	743	776	9385190	9385223	1.03e-08	63.9
NC_003070.9:6735864-6737382	NC_003075.7	92.297	1428	88	18	1	1414	7060698	7059279	0.0	2008
NC_003070.9:6735864-6737382	NC_003075.7	91.139	1422	92	15	1	1414	314269	312874	0.0	1897
NC_003070.9:6735864-6737382	NC_003075.7	91.459	843	51	14	1	839	9438785	9439610	0.0	1138
NC_003070.9:6735864-6737382	NC_003075.7	91.794	719	53	5	140	854	1001772	1001056	0.0	996
NC_003070.9:6735864-6737382	NC_003075.7	91.806	720	51	8	140	854	10397150	10396434	0.0	996
NC_003070.9:6735864-6737382	NC_003075.7	91.760	716	52	7	140	851	8063845	8064557	0.0	989
NC_003070.9:6735864-6737382	NC_003075.7	90.503	716	45	7	140	851	4146361	4147057	0.0	924
NC_003070.9:6735864-6737382	NC_003075.7	90.056	714	60	9	140	849	2621774	2621068	0.0	915
NC_003070.9:6735864-6737382	NC_003075.7	89.779	724	50	8	140	858	1349820	1350524	0.0	905
NC_003070.9:6735864-6737382	NC_003075.7	89.861	720	50	7	140	854	5541154	5540453	0.0	904
NC_003070.9:6735864-6737382	NC_003075.7	89.607	712	51	7	140	845	11361104	11361798	0.0	883
NC_003070.9:6735864-6737382	NC_003075.7	89.260	689	50	14	140	823	8730218	8729549	0.0	841
NC_003070.9:6735864-6737382	NC_003075.7	93.502	554	30	5	1	551	6178448	6178998	0.0	819
NC_003070.9:6735864-6737382	NC_003075.7	90.391	614	32	8	1	612	6279022	6279610	0.0	782
NC_003070.9:6735864-6737382	NC_003075.7	91.727	556	36	9	138	688	9763582	9763032	0.0	763
NC_003070.9:6735864-6737382	NC_003075.7	91.516	554	36	10	140	688	9842373	9841826	0.0	752
NC_003070.9:6735864-6737382	NC_003075.7	89.171	591	44	4	140	728	16864836	16864264	0.0	719
NC_003070.9:6735864-6737382	NC_003075.7	88.889	396	30	10	1029	1414	6280480	6280871	1.12e-132	475
NC_003070.9:6735864-6737382	NC_003075.7	90.850	306	22	3	1115	1414	5354758	5355063	1.49e-111	405
NC_003070.9:6735864-6737382	NC_003075.7	90.647	278	24	2	538	814	3894020	3893744	1.95e-100	368
NC_003070.9:6735864-6737382	NC_003075.7	84.099	283	21	14	276	547	3897173	3896904	2.05e-65	252
NC_003070.9:6735864-6737382	NC_003075.7	90.323	155	11	4	689	840	5773070	5773223	7.54e-50	200
NC_003070.9:6735864-6737382	NC_003075.7	93.684	95	5	1	1115	1208	5354032	5354126	4.64e-32	141
NC_003070.9:6735864-6737382	NC_003075.7	93.684	95	5	1	1115	1208	5354394	5354488	4.64e-32	141
NC_003070.9:6735864-6737382	NC_003075.7	95.890	73	3	0	1433	1505	5355654	5355726	2.17e-25	119
NC_003070.9:6735864-6737382	NC_003075.7	95.714	70	3	0	1433	1502	6179506	6179575	1.01e-23	113
NC_003070.9:6735864-6737382	NC_003075.7	95.588	68	3	0	1436	1503	6281482	6281549	1.31e-22	110
NC_003070.9:6735864-6737382	NC_003075.7	100.000	30	0	0	1440	1469	9440478	9440507	1.73e-06	56.5
NC_003070.9:6735864-6737382	NC_003071.7	92.129	1423	85	11	1	1414	5467004	5465600	0.0	1982
NC_003070.9:6735864-6737382	NC_003071.7	91.445	1426	89	16	1	1414	1460925	1459521	0.0	1927
NC_003070.9:6735864-6737382	NC_003071.7	94.292	981	37	8	535	1515	6383692	6382731	0.0	1483
NC_003070.9:6735864-6737382	NC_003071.7	94.156	924	47	6	1	922	12556203	12555285	0.0	1400
NC_003070.9:6735864-6737382	NC_003071.7	93.245	829	41	8	5	829	10469076	10468259	0.0	1206
NC_003070.9:6735864-6737382	NC_003071.7	94.118	782	42	4	1	780	19196757	19195978	0.0	1186
NC_003070.9:6735864-6737382	NC_003071.7	94.640	709	31	7	1	708	6099530	6100232	0.0	1092
NC_003070.9:6735864-6737382	NC_003071.7	92.598	716	47	6	140	851	13267150	13267863	0.0	1024
NC_003070.9:6735864-6737382	NC_003071.7	90.102	788	47	11	1	787	11399377	11398620	0.0	994
NC_003070.9:6735864-6737382	NC_003071.7	91.250	720	58	5	140	854	6925142	6924423	0.0	976
NC_003070.9:6735864-6737382	NC_003071.7	91.160	724	51	13	138	851	12801226	12801946	0.0	970
NC_003070.9:6735864-6737382	NC_003071.7	90.196	714	48	7	708	1414	6101375	6102073	0.0	911
NC_003070.9:6735864-6737382	NC_003071.7	89.708	719	53	5	140	854	7154501	7153800	0.0	898
NC_003070.9:6735864-6737382	NC_003071.7	89.708	719	52	6	138	851	13337846	13337145	0.0	898
NC_003070.9:6735864-6737382	NC_003071.7	89.400	717	54	6	140	851	12094189	12093490	0.0	883
NC_003070.9:6735864-6737382	NC_003071.7	89.088	724	53	8	140	854	17254998	17254292	0.0	876
NC_003070.9:6735864-6737382	NC_003071.7	89.058	722	55	8	140	855	500220	500923	0.0	874
NC_003070.9:6735864-6737382	NC_003071.7	89.058	722	54	7	140	854	11286904	11286201	0.0	872
NC_003070.9:6735864-6737382	NC_003071.7	91.176	646	48	9	140	778	14334020	14334663	0.0	869
NC_003070.9:6735864-6737382	NC_003071.7	88.703	717	58	7	140	851	396420	395722	0.0	854
NC_003070.9:6735864-6737382	NC_003071.7	88.824	689	52	9	140	823	13908486	13907818	0.0	822
NC_003070.9:6735864-6737382	NC_003071.7	90.805	609	46	8	140	742	542543	543147	0.0	806
NC_003070.9:6735864-6737382	NC_003071.7	89.199	537	47	6	887	1414	11398603	11398069	0.0	660
NC_003070.9:6735864-6737382	NC_003071.7	90.078	514	41	5	911	1414	12555223	12554710	0.0	658
NC_003070.9:6735864-6737382	NC_003071.7	95.082	366	11	3	1	365	6384054	6383695	4.99e-161	569
NC_003070.9:6735864-6737382	NC_003071.7	93.883	376	17	5	13	386	5843961	5843590	8.35e-159	562
NC_003070.9:6735864-6737382	NC_003071.7	89.631	434	34	7	988	1414	5843583	5843154	1.09e-152	542
NC_003070.9:6735864-6737382	NC_003071.7	88.889	306	27	7	1116	1414	10468260	10467955	5.43e-101	370
NC_003070.9:6735864-6737382	NC_003071.7	87.255	306	20	3	1115	1414	6084371	6084663	2.56e-89	331
NC_003070.9:6735864-6737382	NC_003071.7	96.053	76	3	0	1436	1511	12554101	12554026	4.67e-27	124
NC_003070.9:6735864-6737382	NC_003071.7	93.333	75	4	1	1436	1509	1458913	1458839	1.31e-22	110
NC_003070.9:6735864-6737382	NC_003071.7	90.476	84	6	2	1433	1514	11397554	11397471	1.31e-22	110
NC_003070.9:6735864-6737382	NC_003071.7	95.522	67	3	0	1436	1502	19195476	19195410	4.70e-22	108
NC_003070.9:6735864-6737382	NC_003071.7	94.030	67	4	0	1436	1502	5464989	5464923	2.19e-20	102
NC_003070.9:6735864-6737382	NC_003071.7	92.857	70	5	0	1433	1502	6102658	6102727	2.19e-20	102
NC_003070.9:6735864-6737382	NC_003071.7	89.552	67	7	0	1436	1502	10467343	10467277	2.20e-15	86.1
NC_003070.9:7035167-7037301	NC_003070.9	100.000	2135	0	0	1	2135	7035167	7037301	0.0	3943
NC_003070.9:7035167-7037301	NC_003070.9	93.875	2106	103	16	25	2124	26171480	26169395	0.0	3151
NC_003070.9:7035167-7037301	NC_003070.9	93.726	2104	98	15	25	2124	13058823	13060896	0.0	3123
NC_003070.9:7035167-7037301	NC_003070.9	93.314	2109	109	13	25	2127	17899863	17901945	0.0	3085
NC_003070.9:7035167-7037301	NC_003070.9	93.522	2084	97	15	25	2102	8114770	8116821	0.0	3066
NC_003070.9:7035167-7037301	NC_003070.9	92.982	2109	105	11	21	2125	9816206	9818275	0.0	3035
NC_003070.9:7035167-7037301	NC_003070.9	92.908	2115	106	16	22	2128	9867418	9865340	0.0	3035
NC_003070.9:7035167-7037301	NC_003070.9	92.992	2112	93	20	21	2127	19995739	19993678	0.0	3029
NC_003070.9:7035167-7037301	NC_003070.9	92.521	2126	109	18	22	2135	22449928	22452015	0.0	3000
NC_003070.9:7035167-7037301	NC_003070.9	92.169	2107	116	19	25	2124	16903800	16905864	0.0	2931
NC_003070.9:7035167-7037301	NC_003070.9	94.439	1870	91	11	38	1904	30255510	30253651	0.0	2865
NC_003070.9:7035167-7037301	NC_003070.9	91.501	1859	90	24	25	1864	11737393	11735584	0.0	2495
NC_003070.9:7035167-7037301	NC_003070.9	91.887	1775	90	20	362	2129	13017571	13015844	0.0	2431
NC_003070.9:7035167-7037301	NC_003070.9	93.918	1414	68	7	713	2124	15939781	15941178	0.0	2119
NC_003070.9:7035167-7037301	NC_003070.9	90.960	1593	87	23	539	2125	18791324	18792865	0.0	2091
NC_003070.9:7035167-7037301	NC_003070.9	93.782	1367	55	10	23	1384	30253109	30251768	0.0	2026
NC_003070.9:7035167-7037301	NC_003070.9	93.626	1365	56	11	25	1384	12330053	12328715	0.0	2010
NC_003070.9:7035167-7037301	NC_003070.9	92.063	1449	71	9	25	1469	501372	499964	0.0	1999
NC_003070.9:7035167-7037301	NC_003070.9	93.119	1366	61	13	25	1384	22994060	22992722	0.0	1971
NC_003070.9:7035167-7037301	NC_003070.9	93.607	1267	69	6	29	1293	19329256	19328000	0.0	1881
NC_003070.9:7035167-7037301	NC_003070.9	93.663	1152	58	4	975	2124	11700589	11701727	0.0	1709
NC_003070.9:7035167-7037301	NC_003070.9	93.082	1142	64	9	984	2124	3413713	3414840	0.0	1657
NC_003070.9:7035167-7037301	NC_003070.9	92.314	1145	70	10	982	2124	28161194	28162322	0.0	1611
NC_003070.9:7035167-7037301	NC_003070.9	93.985	1064	53	9	1074	2131	19769039	19767981	0.0	1600
NC_003070.9:7035167-7037301	NC_003070.9	93.756	1009	57	3	1119	2126	4786254	4787257	0.0	1509
NC_003070.9:7035167-7037301	NC_003070.9	92.977	1011	49	7	1119	2124	16825377	16826370	0.0	1454
NC_003070.9:7035167-7037301	NC_003070.9	92.963	1009	50	7	1130	2135	19466071	19465081	0.0	1450
NC_003070.9:7035167-7037301	NC_003070.9	92.702	1014	48	9	1119	2124	16326308	16327303	0.0	1439
NC_003070.9:7035167-7037301	NC_003070.9	92.604	1014	54	6	1119	2127	12364998	12365995	0.0	1437
NC_003070.9:7035167-7037301	NC_003070.9	92.914	1002	49	8	1127	2126	12563208	12562227	0.0	1437
NC_003070.9:7035167-7037301	NC_003070.9	92.688	1012	51	7	1119	2126	23214529	23215521	0.0	1437
NC_003070.9:7035167-7037301	NC_003070.9	92.952	979	47	6	24	999	19061964	19062923	0.0	1406
NC_003070.9:7035167-7037301	NC_003070.9	94.276	926	31	9	24	947	11699697	11700602	0.0	1397
NC_003070.9:7035167-7037301	NC_003070.9	95.498	844	29	5	25	866	16824518	16825354	0.0	1339
NC_003070.9:7035167-7037301	NC_003070.9	95.379	844	34	5	25	866	12364135	12364975	0.0	1338
NC_003070.9:7035167-7037301	NC_003070.9	94.394	874	36	11	1	866	19466975	19466107	0.0	1330
NC_003070.9:7035167-7037301	NC_003070.9	94.947	851	31	9	21	866	23213663	23214506	0.0	1323
NC_003070.9:7035167-7037301	NC_003070.9	94.451	847	37	7	25	866	16325444	16326285	0.0	1295
NC_003070.9:7035167-7037301	NC_003070.9	94.431	844	42	5	25	866	12564081	12563241	0.0	1293
NC_003070.9:7035167-7037301	NC_003070.9	94.403	804	38	5	1323	2124	19063794	19064592	0.0	1229
NC_003070.9:7035167-7037301	NC_003070.9	89.528	974	77	19	25	981	16806989	16807954	0.0	1210
NC_003070.9:7035167-7037301	NC_003070.9	94.214	795	38	5	1332	2125	23876482	23877269	0.0	1206
NC_003070.9:7035167-7037301	NC_003070.9	91.820	868	42	11	290	1154	19062923	19063764	0.0	1182
NC_003070.9:7035167-7037301	NC_003070.9	94.186	774	41	2	969	1742	16998398	16997629	0.0	1177
NC_003070.9:7035167-7037301	NC_003070.9	94.087	761	43	2	982	1742	12876772	12876014	0.0	1155
NC_003070.9:7035167-7037301	NC_003070.9	93.411	774	41	8	1352	2124	19328001	19327237	0.0	1138
NC_003070.9:7035167-7037301	NC_003070.9	91.898	827	33	5	25	850	4785461	4786254	0.0	1125
NC_003070.9:7035167-7037301	NC_003070.9	86.742	973	78	37	25	981	13262203	13261266	0.0	1035
NC_003070.9:7035167-7037301	NC_003070.9	89.020	847	63	19	25	854	16806150	16806983	0.0	1022
NC_003070.9:7035167-7037301	NC_003070.9	92.662	695	44	6	260	952	17552860	17552171	0.0	994
NC_003070.9:7035167-7037301	NC_003070.9	91.678	721	50	10	260	977	14299705	14298992	0.0	990
NC_003070.9:7035167-7037301	NC_003070.9	91.667	720	52	8	260	977	29320592	29319879	0.0	990
NC_003070.9:7035167-7037301	NC_003070.9	91.540	721	54	7	260	977	1977027	1976311	0.0	987
NC_003070.9:7035167-7037301	NC_003070.9	91.074	717	57	7	260	974	6736003	6736714	0.0	963
NC_003070.9:7035167-7037301	NC_003070.9	91.477	704	53	7	271	972	8291436	8290738	0.0	961
NC_003070.9:7035167-7037301	NC_003070.9	91.643	694	51	7	271	962	19085234	19085922	0.0	953
NC_003070.9:7035167-7037301	NC_003070.9	91.643	694	49	8	271	962	19173667	19172981	0.0	952
NC_003070.9:7035167-7037301	NC_003070.9	90.682	719	55	12	260	974	17368	18078	0.0	946
NC_003070.9:7035167-7037301	NC_003070.9	90.291	721	61	9	260	977	3074585	3073871	0.0	935
NC_003070.9:7035167-7037301	NC_003070.9	90.295	711	50	13	271	977	12855858	12855163	0.0	913
NC_003070.9:7035167-7037301	NC_003070.9	93.709	604	22	9	1525	2126	499960	499371	0.0	891
NC_003070.9:7035167-7037301	NC_003070.9	91.834	649	38	6	1486	2125	14309405	14308763	0.0	891
NC_003070.9:7035167-7037301	NC_003070.9	91.615	644	49	5	260	901	2235029	2234389	0.0	885
NC_003070.9:7035167-7037301	NC_003070.9	88.188	745	52	18	260	972	18746910	18746170	0.0	856
NC_003070.9:7035167-7037301	NC_003070.9	94.118	544	26	5	1587	2127	8489951	8489411	0.0	822
NC_003070.9:7035167-7037301	NC_003070.9	92.870	547	32	7	1587	2129	25963004	25962461	0.0	787
NC_003070.9:7035167-7037301	NC_003070.9	92.424	528	24	6	1599	2124	18790335	18790848	0.0	739
NC_003070.9:7035167-7037301	NC_003070.9	95.464	463	19	2	24	485	15939322	15939783	0.0	737
NC_003070.9:7035167-7037301	NC_003070.9	94.492	472	21	5	24	493	22622306	22621838	0.0	723
NC_003070.9:7035167-7037301	NC_003070.9	93.162	468	24	4	919	1384	22621842	22621381	0.0	680
NC_003070.9:7035167-7037301	NC_003070.9	95.844	409	16	1	25	433	18790927	18791334	0.0	660
NC_003070.9:7035167-7037301	NC_003070.9	95.025	402	17	3	1724	2124	23554190	23553791	1.15e-178	628
NC_003070.9:7035167-7037301	NC_003070.9	91.847	417	30	4	559	974	23174140	23174553	1.17e-163	579
NC_003070.9:7035167-7037301	NC_003070.9	93.485	307	15	2	1332	1637	22992366	22992064	2.67e-125	451
NC_003070.9:7035167-7037301	NC_003070.9	93.220	295	15	2	1332	1625	22621025	22620735	1.25e-118	429
NC_003070.9:7035167-7037301	NC_003070.9	92.784	291	17	1	1332	1622	12328360	12328074	2.70e-115	418
NC_003070.9:7035167-7037301	NC_003070.9	94.815	270	11	3	24	291	23554440	23554172	2.70e-115	418
NC_003070.9:7035167-7037301	NC_003070.9	91.531	307	21	2	1332	1637	30251412	30251110	2.70e-115	418
NC_003070.9:7035167-7037301	NC_003070.9	95.703	256	10	1	25	280	25963257	25963003	4.52e-113	411
NC_003070.9:7035167-7037301	NC_003070.9	96.203	237	8	1	25	261	3910601	3910366	7.62e-106	387
NC_003070.9:7035167-7037301	NC_003070.9	91.985	262	16	5	23	281	17553000	17552741	1.28e-98	363
NC_003070.9:7035167-7037301	NC_003070.9	95.964	223	9	0	1902	2124	30253364	30253142	1.28e-98	363
NC_003070.9:7035167-7037301	NC_003070.9	91.923	260	14	7	24	281	14299843	14299589	5.98e-97	357
NC_003070.9:7035167-7037301	NC_003070.9	92.188	256	9	2	25	280	8490194	8489950	2.78e-95	351
NC_003070.9:7035167-7037301	NC_003070.9	90.661	257	19	5	28	281	18747045	18746791	7.79e-91	337
NC_003070.9:7035167-7037301	NC_003070.9	90.837	251	20	3	23	271	17007	17256	1.01e-89	333
NC_003070.9:7035167-7037301	NC_003070.9	89.558	249	23	3	25	271	3074944	3074697	1.31e-83	313
NC_003070.9:7035167-7037301	NC_003070.9	90.171	234	18	5	52	281	17255	17487	1.02e-79	300
NC_003070.9:7035167-7037301	NC_003070.9	95.628	183	8	0	982	1164	22992564	22992382	4.75e-78	294
NC_003070.9:7035167-7037301	NC_003070.9	89.316	234	20	5	52	281	3074698	3074466	2.21e-76	289
NC_003070.9:7035167-7037301	NC_003070.9	95.082	183	9	0	982	1164	30251610	30251428	2.21e-76	289
NC_003070.9:7035167-7037301	NC_003070.9	88.889	234	22	4	51	281	29320705	29320473	2.86e-75	285
NC_003070.9:7035167-7037301	NC_003070.9	93.989	183	11	0	982	1164	12328558	12328376	4.79e-73	278
NC_003070.9:7035167-7037301	NC_003070.9	93.989	183	11	0	982	1164	23876284	23876466	4.79e-73	278
NC_003070.9:7035167-7037301	NC_003070.9	93.443	183	12	0	982	1164	22621223	22621041	2.23e-71	272
NC_003070.9:7035167-7037301	NC_003070.9	86.538	260	16	6	25	281	19085099	19085342	2.88e-70	268
NC_003070.9:7035167-7037301	NC_003070.9	85.714	259	17	6	25	281	12855993	12855753	2.24e-66	255
NC_003070.9:7035167-7037301	NC_003070.9	85.441	261	19	6	24	281	8291572	8291328	8.07e-66	254
NC_003070.9:7035167-7037301	NC_003070.9	94.615	130	5	2	2001	2129	22992056	22991928	1.07e-49	200
NC_003070.9:7035167-7037301	NC_003070.9	94.488	127	6	1	2001	2126	30251102	30250976	4.96e-48	195
NC_003070.9:7035167-7037301	NC_003070.9	94.444	126	6	1	2001	2125	12328051	12327926	1.78e-47	193
NC_003070.9:7035167-7037301	NC_003070.9	94.444	126	6	1	2001	2125	22620714	22620589	1.78e-47	193
NC_003070.9:7035167-7037301	NC_003070.9	94.340	106	6	0	982	1087	19769678	19769573	1.40e-38	163
NC_003070.9:7035167-7037301	NC_003070.9	84.211	133	19	2	1999	2129	4770242	4770110	5.10e-28	128
NC_003070.9:7035167-7037301	NC_003070.9	83.333	138	17	6	1998	2130	10021542	10021406	2.37e-26	122
NC_003070.9:7035167-7037301	NC_003070.9	83.969	131	17	4	1998	2124	21739206	21739076	2.37e-26	122
NC_003070.9:7035167-7037301	NC_003070.9	92.500	80	6	0	26	105	30251767	30251688	3.97e-24	115
NC_003070.9:7035167-7037301	NC_003070.9	82.171	129	21	2	1998	2124	9918581	9918453	1.85e-22	110
NC_003070.9:7035167-7037301	NC_003070.9	91.250	80	7	0	26	105	22992721	22992642	1.85e-22	110
NC_003070.9:7035167-7037301	NC_003070.9	93.151	73	4	1	982	1054	18790258	18790329	2.39e-21	106
NC_003070.9:7035167-7037301	NC_003070.9	80.916	131	19	6	1998	2124	20166799	20166671	4.00e-19	99.0
NC_003070.9:7035167-7037301	NC_003070.9	80.469	128	18	5	1998	2124	16858753	16858632	6.69e-17	91.6
NC_003070.9:7035167-7037301	NC_003070.9	80.159	126	18	5	1998	2122	26307384	26307503	8.66e-16	87.9
NC_003070.9:7035167-7037301	NC_003070.9	85.185	54	8	0	2072	2125	21103407	21103354	2.44e-06	56.5
NC_003070.9:7035167-7037301	NC_003076.8	94.497	2108	100	12	25	2129	20682406	20680312	0.0	3236
NC_003070.9:7035167-7037301	NC_003076.8	94.450	2108	104	11	24	2125	17365024	17367124	0.0	3232
NC_003070.9:7035167-7037301	NC_003076.8	94.439	2104	104	11	25	2124	8765709	8767803	0.0	3225
NC_003070.9:7035167-7037301	NC_003076.8	93.990	2113	114	7	25	2129	19742617	19740510	0.0	3186
NC_003070.9:7035167-7037301	NC_003076.8	94.160	2106	90	9	25	2128	9965017	9962943	0.0	3177
NC_003070.9:7035167-7037301	NC_003076.8	93.945	2114	105	12	26	2124	5430061	5427956	0.0	3173
NC_003070.9:7035167-7037301	NC_003076.8	93.640	2107	97	19	25	2124	8746701	8744625	0.0	3114
NC_003070.9:7035167-7037301	NC_003076.8	93.461	2095	117	13	40	2129	24187899	24185820	0.0	3092
NC_003070.9:7035167-7037301	NC_003076.8	92.830	2092	110	17	42	2126	17775746	17777804	0.0	2996
NC_003070.9:7035167-7037301	NC_003076.8	93.838	1996	107	7	23	2015	14151296	14149314	0.0	2990
NC_003070.9:7035167-7037301	NC_003076.8	92.545	2106	119	21	23	2124	1898647	1896576	0.0	2985
NC_003070.9:7035167-7037301	NC_003076.8	92.505	2108	117	17	24	2124	14082836	14080763	0.0	2979
NC_003070.9:7035167-7037301	NC_003076.8	92.355	2106	119	17	25	2124	16356475	16358544	0.0	2959
NC_003070.9:7035167-7037301	NC_003076.8	93.846	1365	52	12	25	1384	20281984	20280647	0.0	2026
NC_003070.9:7035167-7037301	NC_003076.8	93.109	1364	64	10	25	1384	9590410	9591747	0.0	1971
NC_003070.9:7035167-7037301	NC_003076.8	93.627	1271	57	10	23	1291	4782230	4780982	0.0	1877
NC_003070.9:7035167-7037301	NC_003076.8	95.194	1186	39	4	18	1201	11025331	11026500	0.0	1858
NC_003070.9:7035167-7037301	NC_003076.8	90.849	1355	72	21	25	1359	9559507	9558185	0.0	1768
NC_003070.9:7035167-7037301	NC_003076.8	94.415	1146	56	5	982	2126	15043270	15042132	0.0	1755
NC_003070.9:7035167-7037301	NC_003076.8	93.012	1202	58	10	164	1361	4312671	4313850	0.0	1731
NC_003070.9:7035167-7037301	NC_003076.8	93.560	1149	64	8	982	2125	24476433	24475290	0.0	1703
NC_003070.9:7035167-7037301	NC_003076.8	93.071	1169	59	9	982	2134	22232106	22230944	0.0	1690
NC_003070.9:7035167-7037301	NC_003076.8	94.322	1092	40	6	76	1164	17618634	17617562	0.0	1653
NC_003070.9:7035167-7037301	NC_003076.8	93.357	1114	64	6	982	2089	5977895	5976786	0.0	1639
NC_003070.9:7035167-7037301	NC_003076.8	92.394	1157	69	10	982	2124	8354352	8353201	0.0	1631
NC_003070.9:7035167-7037301	NC_003076.8	92.634	1154	52	10	5	1154	15606620	15605496	0.0	1629
NC_003070.9:7035167-7037301	NC_003076.8	97.109	934	19	5	1196	2128	11026974	11027900	0.0	1568
NC_003070.9:7035167-7037301	NC_003076.8	94.266	994	51	3	1101	2093	18854899	18855887	0.0	1515
NC_003070.9:7035167-7037301	NC_003076.8	93.307	1001	58	6	1125	2124	4313874	4314866	0.0	1469
NC_003070.9:7035167-7037301	NC_003076.8	95.503	845	32	6	25	866	21530089	21530930	0.0	1345
NC_003070.9:7035167-7037301	NC_003076.8	91.864	971	41	8	24	975	18853951	18854902	0.0	1321
NC_003070.9:7035167-7037301	NC_003076.8	90.705	1022	52	16	1104	2124	21530929	21531908	0.0	1321
NC_003070.9:7035167-7037301	NC_003076.8	91.222	900	47	16	982	1879	10714580	10715449	0.0	1195
NC_003070.9:7035167-7037301	NC_003076.8	93.284	804	46	5	1323	2124	15605466	15604669	0.0	1179
NC_003070.9:7035167-7037301	NC_003076.8	93.798	774	43	3	1353	2124	4780980	4780210	0.0	1158
NC_003070.9:7035167-7037301	NC_003076.8	89.051	959	72	25	22	963	9612588	9613530	0.0	1158
NC_003070.9:7035167-7037301	NC_003076.8	92.340	718	46	8	260	974	8683118	8683829	0.0	1013
NC_003070.9:7035167-7037301	NC_003076.8	91.922	718	50	8	260	974	7711270	7711982	0.0	998
NC_003070.9:7035167-7037301	NC_003076.8	94.574	645	31	4	25	667	7154439	7153797	0.0	994
NC_003070.9:7035167-7037301	NC_003076.8	91.748	715	52	7	260	972	14761045	14760336	0.0	987
NC_003070.9:7035167-7037301	NC_003076.8	91.061	716	55	9	265	977	15342555	15341846	0.0	959
NC_003070.9:7035167-7037301	NC_003076.8	90.443	722	60	9	260	977	13918658	13917942	0.0	942
NC_003070.9:7035167-7037301	NC_003076.8	94.859	603	23	6	1531	2129	7153775	7153177	0.0	935
NC_003070.9:7035167-7037301	NC_003076.8	93.399	606	34	4	1522	2126	25905017	25905617	0.0	893
NC_003070.9:7035167-7037301	NC_003076.8	89.733	711	52	15	271	974	354275	354971	0.0	889
NC_003070.9:7035167-7037301	NC_003076.8	91.460	644	49	6	260	901	5129697	5129058	0.0	880
NC_003070.9:7035167-7037301	NC_003076.8	91.460	644	50	5	260	901	19931420	19930780	0.0	880
NC_003070.9:7035167-7037301	NC_003076.8	91.614	632	42	10	347	974	19670974	19671598	0.0	863
NC_003070.9:7035167-7037301	NC_003076.8	93.818	550	33	1	984	1533	15577265	15576717	0.0	826
NC_003070.9:7035167-7037301	NC_003076.8	92.909	550	39	0	984	1533	21776872	21776323	0.0	800
NC_003070.9:7035167-7037301	NC_003076.8	93.075	491	30	4	1635	2124	15576667	15576180	0.0	715
NC_003070.9:7035167-7037301	NC_003076.8	93.089	492	27	6	1635	2124	21776273	21775787	0.0	713
NC_003070.9:7035167-7037301	NC_003076.8	93.527	448	20	5	1683	2129	9134290	9134729	0.0	658
NC_003070.9:7035167-7037301	NC_003076.8	95.050	404	15	5	1724	2125	17796537	17796137	3.19e-179	630
NC_003070.9:7035167-7037301	NC_003076.8	92.180	422	31	2	1705	2125	21584595	21584175	1.16e-168	595
NC_003070.9:7035167-7037301	NC_003076.8	93.277	357	20	4	25	380	4312436	4312789	5.57e-147	523
NC_003070.9:7035167-7037301	NC_003076.8	91.176	374	23	8	1761	2126	25264968	25265339	9.39e-140	499
NC_003070.9:7035167-7037301	NC_003076.8	92.834	307	17	2	1332	1637	9592102	9592404	5.77e-122	440
NC_003070.9:7035167-7037301	NC_003076.8	89.014	355	30	8	247	598	25264638	25264986	3.47e-119	431
NC_003070.9:7035167-7037301	NC_003076.8	91.857	307	23	2	658	963	3019829	3019524	4.49e-118	427
NC_003070.9:7035167-7037301	NC_003076.8	91.830	306	21	1	1332	1637	17617546	17617245	5.81e-117	424
NC_003070.9:7035167-7037301	NC_003076.8	93.127	291	16	1	1332	1622	20280291	20280005	5.81e-117	424
NC_003070.9:7035167-7037301	NC_003076.8	94.052	269	12	4	25	291	17796785	17796519	2.10e-111	405
NC_003070.9:7035167-7037301	NC_003076.8	92.058	277	20	2	699	974	20398316	20398591	2.12e-106	388
NC_003070.9:7035167-7037301	NC_003076.8	92.308	260	15	5	25	281	17955555	17955812	3.57e-99	364
NC_003070.9:7035167-7037301	NC_003076.8	90.769	260	20	4	25	281	3020196	3019938	4.65e-93	344
NC_003070.9:7035167-7037301	NC_003076.8	90.385	260	19	6	25	281	5129834	5129578	7.79e-91	337
NC_003070.9:7035167-7037301	NC_003076.8	89.850	266	22	5	19	281	25264506	25264769	7.79e-91	337
NC_003070.9:7035167-7037301	NC_003076.8	90.076	262	21	5	23	281	14761185	14760926	2.80e-90	335
NC_003070.9:7035167-7037301	NC_003076.8	92.982	228	13	3	260	486	3020057	3019832	1.30e-88	329
NC_003070.9:7035167-7037301	NC_003076.8	90.438	251	18	4	25	271	7711131	7711379	1.69e-87	326
NC_003070.9:7035167-7037301	NC_003076.8	88.889	261	20	6	25	281	15342696	15342441	1.31e-83	313
NC_003070.9:7035167-7037301	NC_003076.8	88.077	260	20	5	25	281	13918790	13918539	3.67e-79	298
NC_003070.9:7035167-7037301	NC_003076.8	94.536	183	10	0	982	1164	20280489	20280307	1.03e-74	283
NC_003070.9:7035167-7037301	NC_003076.8	94.022	184	11	0	982	1165	9134111	9134294	1.33e-73	279
NC_003070.9:7035167-7037301	NC_003076.8	94.944	178	8	1	1948	2124	10715445	10715622	4.79e-73	278
NC_003070.9:7035167-7037301	NC_003076.8	93.956	182	11	0	982	1163	9591905	9592086	1.72e-72	276
NC_003070.9:7035167-7037301	NC_003076.8	93.407	182	8	3	26	206	19670802	19670980	1.04e-69	267
NC_003070.9:7035167-7037301	NC_003076.8	85.542	249	17	7	25	271	354140	354371	1.75e-62	243
NC_003070.9:7035167-7037301	NC_003076.8	92.857	126	9	0	2004	2129	14143814	14143689	1.07e-44	183
NC_003070.9:7035167-7037301	NC_003076.8	90.152	132	12	1	982	1113	25904890	25905020	8.36e-41	171
NC_003070.9:7035167-7037301	NC_003076.8	95.000	100	4	1	25	124	20398218	20398316	2.34e-36	156
NC_003070.9:7035167-7037301	NC_003076.8	86.364	132	13	5	1998	2124	22621309	22621178	2.36e-31	139
NC_003070.9:7035167-7037301	NC_003076.8	86.154	130	15	3	1998	2124	17043772	17043901	8.48e-31	137
NC_003070.9:7035167-7037301	NC_003076.8	84.615	130	17	3	1999	2125	9557787	9557658	1.83e-27	126
NC_003070.9:7035167-7037301	NC_003076.8	83.824	136	18	4	1998	2130	14810696	14810830	1.83e-27	126
NC_003070.9:7035167-7037301	NC_003076.8	83.969	131	17	4	1998	2125	26787234	26787105	2.37e-26	122
NC_003070.9:7035167-7037301	NC_003076.8	92.683	82	6	0	24	105	5978054	5977973	3.07e-25	119
NC_003070.9:7035167-7037301	NC_003076.8	92.500	80	6	0	26	105	20280646	20280567	3.97e-24	115
NC_003070.9:7035167-7037301	NC_003076.8	90.000	90	6	3	17	105	9133946	9134033	1.43e-23	113
NC_003070.9:7035167-7037301	NC_003076.8	89.888	89	6	3	25	113	15043428	15043343	5.14e-23	111
NC_003070.9:7035167-7037301	NC_003076.8	91.250	80	7	0	26	105	9591748	9591827	1.85e-22	110
NC_003070.9:7035167-7037301	NC_003076.8	82.031	128	16	5	1998	2124	10041933	10041812	3.09e-20	102
NC_003070.9:7035167-7037301	NC_003076.8	98.148	54	1	0	1564	1617	15576716	15576663	5.17e-18	95.3
NC_003070.9:7035167-7037301	NC_003076.8	83.721	86	13	1	2041	2125	15882682	15882767	1.45e-13	80.5
NC_003070.9:7035167-7037301	NC_003071.7	94.263	2109	104	14	25	2124	12800994	12803094	0.0	3208
NC_003070.9:7035167-7037301	NC_003071.7	93.975	2108	109	14	21	2124	13266912	13269005	0.0	3173
NC_003070.9:7035167-7037301	NC_003071.7	93.872	2105	106	10	25	2124	6925377	6923291	0.0	3151
NC_003070.9:7035167-7037301	NC_003071.7	93.646	2109	100	18	21	2124	499981	502060	0.0	3121
NC_003070.9:7035167-7037301	NC_003071.7	92.962	2103	97	16	23	2122	13908723	13906669	0.0	3016
NC_003070.9:7035167-7037301	NC_003071.7	92.644	2107	117	10	25	2124	17255233	17253158	0.0	2998
NC_003070.9:7035167-7037301	NC_003071.7	92.282	2073	106	18	24	2090	12094426	12092402	0.0	2892
NC_003070.9:7035167-7037301	NC_003071.7	92.415	2004	112	15	128	2126	396551	394583	0.0	2822
NC_003070.9:7035167-7037301	NC_003071.7	92.033	1933	92	16	25	1928	11287161	11285262	0.0	2660
NC_003070.9:7035167-7037301	NC_003071.7	92.669	1405	69	11	24	1424	13338078	13336704	0.0	1993
NC_003070.9:7035167-7037301	NC_003071.7	91.105	1439	81	16	25	1456	707442	708840	0.0	1905
NC_003070.9:7035167-7037301	NC_003071.7	92.496	1146	70	9	982	2124	7814534	7813402	0.0	1626
NC_003070.9:7035167-7037301	NC_003071.7	91.608	1144	89	5	982	2124	7169367	7168230	0.0	1574
NC_003070.9:7035167-7037301	NC_003071.7	93.625	1051	57	6	1079	2126	6663080	6664123	0.0	1561
NC_003070.9:7035167-7037301	NC_003071.7	92.864	1051	53	6	25	1072	7154736	7153705	0.0	1506
NC_003070.9:7035167-7037301	NC_003071.7	93.083	1012	48	7	1119	2125	543172	544166	0.0	1461
NC_003070.9:7035167-7037301	NC_003071.7	93.161	965	57	6	1148	2111	6803425	6804381	0.0	1408
NC_003070.9:7035167-7037301	NC_003071.7	92.480	984	52	14	1119	2098	14334649	14335614	0.0	1387
NC_003070.9:7035167-7037301	NC_003071.7	95.632	847	33	4	22	866	14333782	14334626	0.0	1356
NC_003070.9:7035167-7037301	NC_003071.7	94.138	887	44	5	1240	2124	13336704	13335824	0.0	1343
NC_003070.9:7035167-7037301	NC_003071.7	94.222	848	39	8	24	866	542307	543149	0.0	1286
NC_003070.9:7035167-7037301	NC_003071.7	92.784	873	45	10	1262	2125	7960700	7961563	0.0	1247
NC_003070.9:7035167-7037301	NC_003071.7	93.977	797	42	4	1332	2127	7112140	7112931	0.0	1201
NC_003070.9:7035167-7037301	NC_003071.7	93.836	795	41	5	1332	2124	6101020	6100232	0.0	1190
NC_003070.9:7035167-7037301	NC_003071.7	92.639	720	47	6	260	977	12556068	12555353	0.0	1031
NC_003070.9:7035167-7037301	NC_003071.7	91.929	731	47	8	1397	2124	3213046	3212325	0.0	1013
NC_003070.9:7035167-7037301	NC_003071.7	92.909	691	39	9	266	952	10468943	10468259	0.0	996
NC_003070.9:7035167-7037301	NC_003071.7	91.899	716	50	8	260	972	1460787	1460077	0.0	994
NC_003070.9:7035167-7037301	NC_003071.7	91.961	709	50	7	271	977	5466870	5466167	0.0	987
NC_003070.9:7035167-7037301	NC_003071.7	92.784	679	39	7	1447	2122	709400	710071	0.0	974
NC_003070.9:7035167-7037301	NC_003071.7	91.460	644	50	5	260	901	19196619	19195979	0.0	880
NC_003070.9:7035167-7037301	NC_003071.7	92.321	573	36	7	260	830	6099666	6100232	0.0	808
NC_003070.9:7035167-7037301	NC_003071.7	87.576	660	45	13	252	909	11399245	11398621	0.0	730
NC_003070.9:7035167-7037301	NC_003071.7	93.074	462	25	5	1522	1981	3564666	3565122	0.0	669
NC_003070.9:7035167-7037301	NC_003071.7	94.502	291	12	1	1332	1622	4024558	4024844	1.24e-123	446
NC_003070.9:7035167-7037301	NC_003071.7	91.277	321	26	2	658	977	6383692	6383373	7.46e-121	436
NC_003070.9:7035167-7037301	NC_003071.7	91.857	307	20	3	1332	1637	980261	979959	5.81e-117	424
NC_003070.9:7035167-7037301	NC_003071.7	93.214	280	18	1	1845	2124	2962572	2962294	4.52e-113	411
NC_003070.9:7035167-7037301	NC_003071.7	94.882	254	13	0	1840	2093	3565124	3565377	3.52e-109	398
NC_003070.9:7035167-7037301	NC_003071.7	92.713	247	13	4	260	504	5843836	5843593	2.78e-95	351
NC_003070.9:7035167-7037301	NC_003071.7	91.221	262	16	6	23	281	6099528	6099785	1.00e-94	350
NC_003070.9:7035167-7037301	NC_003071.7	91.154	260	18	5	25	281	19196757	19196500	3.60e-94	348
NC_003070.9:7035167-7037301	NC_003071.7	90.805	261	19	5	23	280	1460927	1460669	4.65e-93	344
NC_003070.9:7035167-7037301	NC_003071.7	91.566	249	19	2	24	271	6084089	6084336	1.67e-92	342
NC_003070.9:7035167-7037301	NC_003071.7	92.181	243	18	1	982	1224	7959949	7960190	1.67e-92	342
NC_003070.9:7035167-7037301	NC_003071.7	91.129	248	15	6	37	281	5843961	5843718	1.30e-88	329
NC_003070.9:7035167-7037301	NC_003071.7	94.022	184	11	0	982	1165	4024359	4024542	1.33e-73	279
NC_003070.9:7035167-7037301	NC_003071.7	93.617	188	11	1	982	1169	7111941	7112127	1.33e-73	279
NC_003070.9:7035167-7037301	NC_003071.7	93.855	179	11	0	987	1165	6101214	6101036	8.01e-71	270
NC_003070.9:7035167-7037301	NC_003071.7	92.896	183	13	0	982	1164	980459	980277	1.04e-69	267
NC_003070.9:7035167-7037301	NC_003071.7	95.597	159	7	0	1966	2124	11285273	11285115	2.24e-66	255
NC_003070.9:7035167-7037301	NC_003071.7	85.385	260	18	7	25	281	5467004	5466762	2.90e-65	252
NC_003070.9:7035167-7037301	NC_003071.7	90.625	160	12	3	817	974	6101360	6101518	1.77e-52	209
NC_003070.9:7035167-7037301	NC_003071.7	92.857	126	7	2	2001	2125	4024867	4024991	3.86e-44	182
NC_003070.9:7035167-7037301	NC_003071.7	93.805	113	6	1	26	138	6101375	6101264	3.01e-40	169
NC_003070.9:7035167-7037301	NC_003071.7	94.286	105	6	0	982	1086	3213196	3213092	5.03e-38	161
NC_003070.9:7035167-7037301	NC_003071.7	92.453	106	8	0	982	1087	6661119	6661224	3.03e-35	152
NC_003070.9:7035167-7037301	NC_003071.7	85.385	130	15	4	1998	2124	1038177	1038049	3.94e-29	132
NC_003070.9:7035167-7037301	NC_003071.7	85.385	130	15	3	1998	2124	13102232	13102360	3.94e-29	132
NC_003070.9:7035167-7037301	NC_003071.7	85.385	130	16	3	1998	2124	19623517	19623646	3.94e-29	132
NC_003070.9:7035167-7037301	NC_003071.7	84.496	129	16	4	2001	2125	2139258	2139386	6.60e-27	124
NC_003070.9:7035167-7037301	NC_003071.7	92.771	83	6	0	23	105	3213356	3213274	8.54e-26	121
NC_003070.9:7035167-7037301	NC_003071.7	83.704	135	15	5	1998	2125	15134639	15134773	8.54e-26	121
NC_003070.9:7035167-7037301	NC_003071.7	83.077	130	19	3	1998	2124	6206724	6206595	3.97e-24	115
NC_003070.9:7035167-7037301	NC_003071.7	90.000	90	4	5	25	113	2962805	2962720	5.14e-23	111
NC_003070.9:7035167-7037301	NC_003071.7	91.358	81	7	0	25	105	4024201	4024281	5.14e-23	111
NC_003070.9:7035167-7037301	NC_003071.7	92.405	79	4	2	24	101	7169525	7169448	5.14e-23	111
NC_003070.9:7035167-7037301	NC_003071.7	95.522	67	3	0	51	117	12555279	12555213	6.65e-22	108
NC_003070.9:7035167-7037301	NC_003071.7	81.538	130	19	3	1998	2124	7340815	7340942	3.09e-20	102
NC_003070.9:7035167-7037301	NC_003071.7	81.538	130	17	5	1998	2126	8907875	8907998	1.11e-19	100
NC_003070.9:7035167-7037301	NC_003071.7	85.227	88	9	3	2040	2126	9585273	9585357	8.66e-16	87.9
NC_003070.9:7035167-7037301	NC_003071.7	89.583	48	5	0	2077	2124	7177637	7177590	5.25e-08	62.1
NC_003070.9:7035167-7037301	NC_003074.8	94.309	2091	99	16	25	2102	10821446	10819363	0.0	3184
NC_003070.9:7035167-7037301	NC_003074.8	93.138	2113	107	12	25	2133	17277814	17275736	0.0	3064
NC_003070.9:7035167-7037301	NC_003074.8	93.040	2112	115	15	24	2126	15937285	15939373	0.0	3057
NC_003070.9:7035167-7037301	NC_003074.8	92.107	2103	109	18	25	2124	20786399	20788447	0.0	2911
NC_003070.9:7035167-7037301	NC_003074.8	91.711	2087	96	24	23	2092	11535842	11537868	0.0	2824
NC_003070.9:7035167-7037301	NC_003074.8	91.232	2110	118	25	23	2126	22118611	22120659	0.0	2809
NC_003070.9:7035167-7037301	NC_003074.8	91.265	2118	93	33	25	2124	17144490	17142447	0.0	2802
NC_003070.9:7035167-7037301	NC_003074.8	90.966	1594	84	24	538	2125	16562049	16563588	0.0	2091
NC_003070.9:7035167-7037301	NC_003074.8	91.830	1481	75	12	25	1503	5745923	5744487	0.0	2023
NC_003070.9:7035167-7037301	NC_003074.8	93.553	1365	57	14	25	1384	17301278	17299940	0.0	2004
NC_003070.9:7035167-7037301	NC_003074.8	90.714	1400	71	23	729	2126	15452795	15451453	0.0	1810
NC_003070.9:7035167-7037301	NC_003074.8	93.444	1144	61	8	982	2122	17730098	17731230	0.0	1685
NC_003070.9:7035167-7037301	NC_003074.8	92.696	1150	71	6	982	2127	17776928	17778068	0.0	1646
NC_003070.9:7035167-7037301	NC_003074.8	92.096	1164	56	18	982	2122	16419302	16420452	0.0	1607
NC_003070.9:7035167-7037301	NC_003074.8	92.254	1149	62	10	982	2128	9767475	9766352	0.0	1604
NC_003070.9:7035167-7037301	NC_003074.8	93.478	1012	46	6	1114	2124	16451588	16452580	0.0	1485
NC_003070.9:7035167-7037301	NC_003074.8	93.400	1000	48	4	1127	2124	17062369	17061386	0.0	1465
NC_003070.9:7035167-7037301	NC_003074.8	92.392	999	49	5	1127	2124	7995801	7994829	0.0	1399
NC_003070.9:7035167-7037301	NC_003074.8	92.459	915	49	7	982	1894	11503603	11502707	0.0	1290
NC_003070.9:7035167-7037301	NC_003074.8	93.720	844	35	7	25	866	17063229	17062402	0.0	1249
NC_003070.9:7035167-7037301	NC_003074.8	94.962	794	36	3	1332	2124	18412509	18413299	0.0	1242
NC_003070.9:7035167-7037301	NC_003074.8	94.710	794	39	2	1332	2124	18019136	18019927	0.0	1230
NC_003070.9:7035167-7037301	NC_003074.8	93.985	798	37	7	1332	2124	13327791	13328582	0.0	1197
NC_003070.9:7035167-7037301	NC_003074.8	92.909	832	39	4	20	850	16450781	16451593	0.0	1192
NC_003070.9:7035167-7037301	NC_003074.8	92.588	796	52	5	1332	2125	3965358	3966148	0.0	1136
NC_003070.9:7035167-7037301	NC_003074.8	94.244	747	36	4	1380	2125	10556871	10556131	0.0	1134
NC_003070.9:7035167-7037301	NC_003074.8	91.738	823	45	7	28	847	9386343	9385541	0.0	1122
NC_003070.9:7035167-7037301	NC_003074.8	90.614	831	62	14	165	981	9890146	9890974	0.0	1088
NC_003070.9:7035167-7037301	NC_003074.8	92.914	748	37	6	1380	2125	10575083	10574350	0.0	1074
NC_003070.9:7035167-7037301	NC_003074.8	90.954	807	59	13	185	985	18746347	18747145	0.0	1074
NC_003070.9:7035167-7037301	NC_003074.8	92.119	774	38	9	1353	2125	15485279	15484528	0.0	1070
NC_003070.9:7035167-7037301	NC_003074.8	93.935	709	38	3	1035	1742	10320599	10321303	0.0	1066
NC_003070.9:7035167-7037301	NC_003074.8	92.618	718	46	7	260	974	16879943	16880656	0.0	1026
NC_003070.9:7035167-7037301	NC_003074.8	91.896	728	51	8	252	977	9559551	9558830	0.0	1011
NC_003070.9:7035167-7037301	NC_003074.8	92.050	717	45	10	260	974	5622169	5622875	0.0	998
NC_003070.9:7035167-7037301	NC_003074.8	91.840	723	44	14	260	977	20485002	20484290	0.0	994
NC_003070.9:7035167-7037301	NC_003074.8	93.731	654	32	7	1474	2126	5744486	5743841	0.0	972
NC_003070.9:7035167-7037301	NC_003074.8	90.430	721	59	10	260	977	2629888	2629175	0.0	941
NC_003070.9:7035167-7037301	NC_003074.8	89.782	734	60	12	260	981	3716481	3717211	0.0	926
NC_003070.9:7035167-7037301	NC_003074.8	93.354	632	33	2	828	1458	9385005	9384382	0.0	926
NC_003070.9:7035167-7037301	NC_003074.8	89.382	744	54	10	251	985	16173067	16172340	0.0	913
NC_003070.9:7035167-7037301	NC_003074.8	93.398	621	30	6	1507	2125	9384376	9383765	0.0	909
NC_003070.9:7035167-7037301	NC_003074.8	89.182	721	55	12	260	977	1371038	1370338	0.0	878
NC_003070.9:7035167-7037301	NC_003074.8	95.331	514	22	2	25	537	7996636	7996124	0.0	815
NC_003070.9:7035167-7037301	NC_003074.8	93.143	525	34	1	982	1506	11967811	11968333	0.0	769
NC_003070.9:7035167-7037301	NC_003074.8	94.891	411	19	2	23	433	16561652	16562060	0.0	641
NC_003070.9:7035167-7037301	NC_003074.8	95.192	312	13	1	982	1291	15485591	15485280	1.57e-137	492
NC_003070.9:7035167-7037301	NC_003074.8	96.575	292	9	1	576	866	7996125	7995834	9.45e-135	483
NC_003070.9:7035167-7037301	NC_003074.8	93.009	329	17	3	23	345	11200622	11200950	1.58e-132	475
NC_003070.9:7035167-7037301	NC_003074.8	94.444	306	16	1	982	1286	10557188	10556883	7.36e-131	470
NC_003070.9:7035167-7037301	NC_003074.8	95.139	288	14	0	1838	2125	11968331	11968618	2.06e-126	455
NC_003070.9:7035167-7037301	NC_003074.8	92.810	306	18	1	1332	1637	17299583	17299282	5.77e-122	440
NC_003070.9:7035167-7037301	NC_003074.8	91.772	316	24	2	982	1296	10575400	10575086	2.08e-121	438
NC_003070.9:7035167-7037301	NC_003074.8	94.531	256	13	1	25	280	18584738	18584992	4.56e-108	394
NC_003070.9:7035167-7037301	NC_003074.8	92.015	263	16	5	23	281	3716340	3716601	3.57e-99	364
NC_003070.9:7035167-7037301	NC_003074.8	93.939	231	14	0	1858	2088	11200950	11201180	1.00e-94	350
NC_003070.9:7035167-7037301	NC_003074.8	90.769	260	21	3	24	281	17397301	17397043	4.65e-93	344
NC_003070.9:7035167-7037301	NC_003074.8	90.805	261	15	8	24	281	20485141	20484887	6.02e-92	340
NC_003070.9:7035167-7037301	NC_003074.8	89.773	264	23	4	21	281	9559687	9559425	2.80e-90	335
NC_003070.9:7035167-7037301	NC_003074.8	89.231	260	18	1	1883	2132	8757570	8757829	1.01e-84	316
NC_003070.9:7035167-7037301	NC_003074.8	94.565	184	10	0	982	1165	17299782	17299599	2.86e-75	285
NC_003070.9:7035167-7037301	NC_003074.8	89.177	231	19	5	52	279	2630001	2629774	1.03e-74	283
NC_003070.9:7035167-7037301	NC_003074.8	94.022	184	11	0	982	1165	1571523	1571706	1.33e-73	279
NC_003070.9:7035167-7037301	NC_003074.8	92.935	184	12	1	982	1164	3965159	3965342	1.04e-69	267
NC_003070.9:7035167-7037301	NC_003074.8	92.935	184	11	2	982	1165	18412311	18412492	1.04e-69	267
NC_003070.9:7035167-7037301	NC_003074.8	91.848	184	13	2	982	1165	18018938	18019119	2.24e-66	255
NC_003070.9:7035167-7037301	NC_003074.8	83.505	291	15	5	1332	1622	1571723	1571980	6.28e-62	241
NC_003070.9:7035167-7037301	NC_003074.8	88.889	198	18	4	85	281	16879865	16880059	6.28e-62	241
NC_003070.9:7035167-7037301	NC_003074.8	95.238	126	6	0	2001	2126	1572003	1572128	1.07e-49	200
NC_003070.9:7035167-7037301	NC_003074.8	94.531	128	6	1	2001	2127	17299274	17299147	1.38e-48	196
NC_003070.9:7035167-7037301	NC_003074.8	95.000	120	4	2	2008	2126	10321325	10321443	8.30e-46	187
NC_003070.9:7035167-7037301	NC_003074.8	94.643	112	5	1	19	130	16879745	16879855	2.32e-41	172
NC_003070.9:7035167-7037301	NC_003074.8	87.121	132	14	3	1998	2126	11132616	11132747	1.41e-33	147
NC_003070.9:7035167-7037301	NC_003074.8	90.000	110	8	3	25	132	9890049	9890157	2.36e-31	139
NC_003070.9:7035167-7037301	NC_003074.8	85.938	128	15	3	2000	2124	8645212	8645339	1.10e-29	134
NC_003070.9:7035167-7037301	NC_003074.8	83.571	140	15	7	1998	2129	16234793	16234654	6.60e-27	124
NC_003070.9:7035167-7037301	NC_003074.8	92.045	88	6	1	61	148	10392129	10392215	2.37e-26	122
NC_003070.9:7035167-7037301	NC_003074.8	92.857	84	6	0	22	105	13327431	13327514	2.37e-26	122
NC_003070.9:7035167-7037301	NC_003074.8	93.902	82	3	2	25	105	18018781	18018861	2.37e-26	122
NC_003070.9:7035167-7037301	NC_003074.8	93.827	81	3	2	26	105	17299939	17299860	8.54e-26	121
NC_003070.9:7035167-7037301	NC_003074.8	92.593	81	6	0	25	105	18412154	18412234	1.10e-24	117
NC_003070.9:7035167-7037301	NC_003074.8	83.077	130	19	3	1998	2124	6729054	6728925	3.97e-24	115
NC_003070.9:7035167-7037301	NC_003074.8	89.247	93	7	3	19	109	16419136	16419227	1.43e-23	113
NC_003070.9:7035167-7037301	NC_003074.8	90.361	83	8	0	23	105	17729938	17730020	1.85e-22	110
NC_003070.9:7035167-7037301	NC_003074.8	96.875	64	2	0	25	88	10557346	10557283	6.65e-22	108
NC_003070.9:7035167-7037301	NC_003074.8	90.244	82	8	0	24	105	11503762	11503681	6.65e-22	108
NC_003070.9:7035167-7037301	NC_003074.8	88.764	89	7	3	25	113	9767629	9767544	2.39e-21	106
NC_003070.9:7035167-7037301	NC_003074.8	82.031	128	17	4	1998	2125	10681512	10681391	8.60e-21	104
NC_003070.9:7035167-7037301	NC_003074.8	89.130	46	4	1	2080	2124	4274975	4274930	2.44e-06	56.5
NC_003070.9:7035167-7037301	NC_003075.7	93.720	2102	114	10	24	2122	1002008	999922	0.0	3134
NC_003070.9:7035167-7037301	NC_003075.7	94.461	2022	96	13	113	2128	8063697	8065708	0.0	3099
NC_003070.9:7035167-7037301	NC_003075.7	93.400	2106	102	10	24	2124	5541390	5539317	0.0	3085
NC_003070.9:7035167-7037301	NC_003075.7	93.314	2109	101	14	23	2125	1349583	1351657	0.0	3077
NC_003070.9:7035167-7037301	NC_003075.7	93.053	2116	105	16	20	2125	11360863	11362946	0.0	3055
NC_003070.9:7035167-7037301	NC_003075.7	93.153	2103	91	24	25	2124	8730453	8728401	0.0	3037
NC_003070.9:7035167-7037301	NC_003075.7	92.735	2106	98	19	25	2124	4146126	4148182	0.0	2990
NC_003070.9:7035167-7037301	NC_003075.7	94.646	1270	61	7	25	1291	10397385	10396120	0.0	1962
NC_003070.9:7035167-7037301	NC_003075.7	94.169	1149	59	6	982	2128	11193412	11192270	0.0	1744
NC_003070.9:7035167-7037301	NC_003075.7	93.025	1147	72	5	982	2125	371928	370787	0.0	1668
NC_003070.9:7035167-7037301	NC_003075.7	92.851	1147	72	8	982	2124	6166306	6165166	0.0	1655
NC_003070.9:7035167-7037301	NC_003075.7	94.450	1009	50	3	1119	2126	16864264	16863261	0.0	1548
NC_003070.9:7035167-7037301	NC_003075.7	94.430	790	35	8	24	810	9842609	9841826	0.0	1206
NC_003070.9:7035167-7037301	NC_003075.7	94.088	795	41	4	1332	2125	683570	684359	0.0	1203
NC_003070.9:7035167-7037301	NC_003075.7	94.289	788	38	6	25	810	9763814	9763032	0.0	1199
NC_003070.9:7035167-7037301	NC_003075.7	94.696	773	38	2	1353	2124	10396119	10395349	0.0	1197
NC_003070.9:7035167-7037301	NC_003075.7	93.229	827	35	5	25	850	16865070	16864264	0.0	1197
NC_003070.9:7035167-7037301	NC_003075.7	89.038	967	88	17	23	985	2622008	2621056	0.0	1182
NC_003070.9:7035167-7037301	NC_003075.7	92.222	720	48	8	260	977	314144	313431	0.0	1013
NC_003070.9:7035167-7037301	NC_003075.7	91.690	722	48	10	260	977	7060559	7059846	0.0	990
NC_003070.9:7035167-7037301	NC_003075.7	92.749	662	40	6	1275	1934	965061	964406	0.0	950
NC_003070.9:7035167-7037301	NC_003075.7	91.379	696	51	9	271	962	9438920	9439610	0.0	944
NC_003070.9:7035167-7037301	NC_003075.7	91.199	534	33	10	1597	2126	14390783	14390260	0.0	713
NC_003070.9:7035167-7037301	NC_003075.7	92.489	466	27	8	271	733	6279149	6279609	0.0	660
NC_003070.9:7035167-7037301	NC_003075.7	90.981	377	26	6	25	397	3898130	3897758	2.61e-140	501
NC_003070.9:7035167-7037301	NC_003075.7	91.200	375	19	9	1724	2096	7853284	7852922	3.38e-139	497
NC_003070.9:7035167-7037301	NC_003075.7	93.590	312	18	2	979	1290	965643	965334	3.42e-129	464
NC_003070.9:7035167-7037301	NC_003075.7	95.556	270	9	3	24	291	7853534	7853266	1.25e-118	429
NC_003070.9:7035167-7037301	NC_003075.7	90.837	251	18	4	23	271	5354112	5354359	3.62e-89	331
NC_003070.9:7035167-7037301	NC_003075.7	89.734	263	22	5	23	281	5354474	5354735	3.62e-89	331
NC_003070.9:7035167-7037301	NC_003075.7	91.701	241	17	3	25	265	6178448	6178685	3.62e-89	331
NC_003070.9:7035167-7037301	NC_003075.7	76.453	671	108	29	1441	2103	7572219	7572847	2.82e-85	318
NC_003070.9:7035167-7037301	NC_003075.7	91.266	229	17	3	1899	2125	8802511	8802738	1.70e-82	309
NC_003070.9:7035167-7037301	NC_003075.7	87.259	259	16	5	25	281	314269	314026	1.33e-73	279
NC_003070.9:7035167-7037301	NC_003075.7	93.478	184	12	0	982	1165	683371	683554	6.19e-72	274
NC_003070.9:7035167-7037301	NC_003075.7	77.344	512	78	27	1538	2039	7593705	7593222	2.88e-70	268
NC_003070.9:7035167-7037301	NC_003075.7	92.021	188	14	1	1937	2124	963860	963674	1.34e-68	263
NC_003070.9:7035167-7037301	NC_003075.7	85.547	256	18	6	21	276	9438781	9439017	1.04e-64	250
NC_003070.9:7035167-7037301	NC_003075.7	98.305	118	2	0	24	141	8063576	8063693	6.37e-52	207
NC_003070.9:7035167-7037301	NC_003075.7	92.424	132	9	1	982	1113	8802284	8802414	8.30e-46	187
NC_003070.9:7035167-7037301	NC_003075.7	74.893	466	86	22	1633	2091	2262877	2262436	1.07e-44	183
NC_003070.9:7035167-7037301	NC_003075.7	78.661	239	44	7	1889	2124	12335596	12335830	3.03e-35	152
NC_003070.9:7035167-7037301	NC_003075.7	93.750	96	5	1	1522	1617	8802411	8802505	1.82e-32	143
NC_003070.9:7035167-7037301	NC_003075.7	83.969	131	16	4	1998	2124	15441780	15441651	8.54e-26	121
NC_003070.9:7035167-7037301	NC_003075.7	91.358	81	7	0	25	105	683213	683293	5.14e-23	111
NC_003070.9:7035167-7037301	NC_003075.7	90.123	81	8	0	25	105	8802132	8802212	2.39e-21	106
NC_003070.9:7035167-7037301	NC_003075.7	88.636	88	9	1	18	105	11193576	11193490	2.39e-21	106
NC_003070.9:7035167-7037301	NC_003075.7	80.469	128	18	5	1998	2124	963984	963863	6.69e-17	91.6
NC_003070.9:7035167-7037301	NC_003075.7	86.420	81	11	0	25	105	6166464	6166384	2.41e-16	89.8
NC_003070.9:7035167-7037301	NC_003075.7	97.619	42	1	0	982	1023	14390831	14390790	2.42e-11	73.1
NC_003070.9:7035167-7037301	NC_003075.7	88.462	52	4	2	2078	2127	3359187	3359238	5.25e-08	62.1
NC_003070.9:7833168-7834147	NC_003070.9	100.000	980	0	0	1	980	7834147	7833168	0.0	1810
NC_003070.9:7833168-7834147	NC_003070.9	90.354	819	56	8	51	849	16712157	16712972	0.0	1053
NC_003070.9:7833168-7834147	NC_003070.9	86.041	874	89	15	1	849	11298494	11299359	0.0	907
NC_003070.9:7833168-7834147	NC_003070.9	84.138	870	103	21	8	849	13882595	13881733	0.0	809
NC_003070.9:7833168-7834147	NC_003070.9	81.939	980	133	27	1	963	28312632	28311680	0.0	789
NC_003070.9:7833168-7834147	NC_003070.9	78.462	1040	146	41	1	980	11647909	11648930	6.76e-173	608
NC_003070.9:7833168-7834147	NC_003070.9	91.457	398	27	2	457	849	8169874	8170269	2.50e-152	540
NC_003070.9:7833168-7834147	NC_003070.9	90.074	403	25	8	457	849	8577646	8577249	7.06e-143	508
NC_003070.9:7833168-7834147	NC_003070.9	87.179	429	39	9	2	417	1276614	1276189	2.57e-132	473
NC_003070.9:7833168-7834147	NC_003070.9	76.892	740	123	34	259	979	11517908	11517198	7.47e-103	375
NC_003070.9:7833168-7834147	NC_003070.9	90.476	252	18	2	604	849	1276126	1275875	2.12e-88	327
NC_003070.9:7833168-7834147	NC_003070.9	85.338	266	24	4	8	260	16709993	16710256	2.18e-68	261
NC_003070.9:7833168-7834147	NC_003070.9	81.089	349	42	16	402	734	9587585	9587245	2.82e-67	257
NC_003070.9:7833168-7834147	NC_003070.9	91.589	107	7	2	868	973	13881747	13881642	6.37e-34	147
NC_003070.9:7833168-7834147	NC_003076.8	88.605	860	69	10	8	849	11276302	11275454	0.0	1018
NC_003070.9:7833168-7834147	NC_003076.8	88.488	860	70	20	8	848	13520831	13519982	0.0	1013
NC_003070.9:7833168-7834147	NC_003076.8	84.086	842	103	22	1	828	3018685	3019509	0.0	784
NC_003070.9:7833168-7834147	NC_003076.8	82.278	711	94	18	146	849	12547716	12548401	3.17e-166	586
NC_003070.9:7833168-7834147	NC_003071.7	86.270	874	83	22	1	848	7347784	7348646	0.0	915
NC_003070.9:7833168-7834147	NC_003071.7	84.877	853	99	16	1	836	6682171	6683010	0.0	833
NC_003070.9:7833168-7834147	NC_003071.7	79.310	1015	150	25	8	977	1691167	1692166	0.0	656
NC_003070.9:7833168-7834147	NC_003071.7	91.709	398	28	1	457	849	1963247	1962850	1.50e-154	547
NC_003070.9:7833168-7834147	NC_003071.7	91.436	397	27	4	456	847	1948071	1947677	9.00e-152	538
NC_003070.9:7833168-7834147	NC_003071.7	88.863	431	31	6	1	418	1948494	1948068	1.52e-144	514
NC_003070.9:7833168-7834147	NC_003071.7	87.413	429	39	7	1	417	5836745	5837170	5.53e-134	479
NC_003070.9:7833168-7834147	NC_003071.7	86.215	428	40	7	7	417	1963670	1963245	5.61e-124	446
NC_003070.9:7833168-7834147	NC_003071.7	92.369	249	14	1	606	849	5837235	5837483	4.53e-95	350
NC_003070.9:7833168-7834147	NC_003071.7	90.000	160	3	2	101	248	9736633	9736475	2.24e-48	195
NC_003070.9:7833168-7834147	NC_003075.7	83.642	972	121	25	8	963	11224163	11225112	0.0	880
NC_003070.9:7833168-7834147	NC_003075.7	83.539	972	125	20	8	963	5604463	5605415	0.0	876
NC_003070.9:7833168-7834147	NC_003075.7	83.265	974	120	29	8	963	7348633	7347685	0.0	856
NC_003070.9:7833168-7834147	NC_003075.7	83.865	502	54	16	358	849	2340916	2341400	3.35e-126	453
NC_003070.9:7833168-7834147	NC_003075.7	83.080	461	53	17	7	449	2723759	2724212	5.73e-109	396
NC_003070.9:7833168-7834147	NC_003075.7	73.302	839	156	42	8	805	7554562	7555373	6.11e-64	246
NC_003070.9:7833168-7834147	NC_003074.8	83.367	980	120	31	1	963	12061956	12062909	0.0	867
NC_003070.9:7833168-7834147	NC_003074.8	81.837	991	120	38	8	963	9256523	9257488	0.0	778
NC_003070.9:7833168-7834147	NC_003074.8	92.839	391	23	1	464	849	10997653	10997263	5.34e-159	562
NC_003070.9:7281698-7284083	NC_003070.9	100.000	2386	0	0	1	2386	7281698	7284083	0.0	4407
NC_003070.9:7281698-7284083	NC_003070.9	96.028	2392	62	9	22	2386	11706448	11708833	0.0	3860
NC_003070.9:7281698-7284083	NC_003070.9	95.401	2392	77	9	22	2385	16593139	16590753	0.0	3777
NC_003070.9:7281698-7284083	NC_003070.9	95.509	2160	58	13	25	2158	11410300	11408154	0.0	3415
NC_003070.9:7281698-7284083	NC_003070.9	94.816	2006	55	15	24	1986	20972072	20974071	0.0	3083
NC_003070.9:7281698-7284083	NC_003070.9	90.170	2004	132	21	25	1984	16987734	16989716	0.0	2549
NC_003070.9:7281698-7284083	NC_003070.9	93.730	1595	61	20	21	1605	16968243	16966678	0.0	2355
NC_003070.9:7281698-7284083	NC_003070.9	96.844	1204	29	3	1152	2354	759310	760505	0.0	2004
NC_003070.9:7281698-7284083	NC_003070.9	94.532	951	42	7	1	943	26781171	26780223	0.0	1459
NC_003070.9:7281698-7284083	NC_003070.9	89.070	1043	58	27	25	1027	758590	759616	0.0	1243
NC_003070.9:7281698-7284083	NC_003070.9	96.267	750	26	2	1638	2386	11408506	11407758	0.0	1229
NC_003070.9:7281698-7284083	NC_003070.9	95.312	640	30	0	1745	2384	16966663	16966024	0.0	1016
NC_003070.9:7281698-7284083	NC_003070.9	96.540	578	17	2	1806	2383	20973725	20974299	0.0	953
NC_003070.9:7281698-7284083	NC_003070.9	84.484	999	59	43	549	1461	16261098	16262086	0.0	898
NC_003070.9:7281698-7284083	NC_003070.9	93.976	581	35	0	1806	2386	16989369	16989949	0.0	880
NC_003070.9:7281698-7284083	NC_003070.9	93.723	462	29	0	1925	2386	26779719	26779258	0.0	693
NC_003070.9:7281698-7284083	NC_003070.9	87.290	535	40	11	24	557	16259817	16260324	7.84e-166	586
NC_003070.9:7281698-7284083	NC_003070.9	92.214	411	31	1	1975	2385	16262144	16262553	3.65e-164	580
NC_003070.9:7281698-7284083	NC_003070.9	95.467	353	15	1	1806	2158	11408674	11408323	1.32e-158	562
NC_003070.9:7281698-7284083	NC_003070.9	94.663	356	17	2	1252	1605	26780214	26779859	2.86e-155	551
NC_003070.9:7281698-7284083	NC_003070.9	94.857	350	17	1	1806	2155	7283335	7283683	1.33e-153	545
NC_003070.9:7281698-7284083	NC_003070.9	94.857	350	17	1	1638	1986	7283503	7283852	1.33e-153	545
NC_003070.9:7281698-7284083	NC_003070.9	94.571	350	18	1	1638	1986	759956	760305	6.19e-152	540
NC_003070.9:7281698-7284083	NC_003070.9	94.334	353	19	1	1638	1989	11408337	11407985	6.19e-152	540
NC_003070.9:7281698-7284083	NC_003070.9	94.571	350	18	1	1638	1986	11708253	11708602	6.19e-152	540
NC_003070.9:7281698-7284083	NC_003070.9	94.000	350	13	2	1806	2155	759795	760136	6.23e-147	523
NC_003070.9:7281698-7284083	NC_003070.9	93.484	353	22	1	1638	1989	16591332	16590980	6.23e-147	523
NC_003070.9:7281698-7284083	NC_003070.9	93.429	350	22	1	1809	2158	16591497	16591149	2.90e-145	518
NC_003070.9:7281698-7284083	NC_003070.9	93.143	350	23	1	1806	2155	11708085	11708433	1.35e-143	512
NC_003070.9:7281698-7284083	NC_003070.9	91.501	353	29	1	1638	1989	16966602	16966250	2.94e-135	484
NC_003070.9:7281698-7284083	NC_003070.9	91.692	325	24	3	21	345	16699394	16699073	3.86e-124	448
NC_003070.9:7281698-7284083	NC_003070.9	95.918	245	10	0	1914	2158	16966663	16966419	3.94e-109	398
NC_003070.9:7281698-7284083	NC_003070.9	92.373	236	18	0	1754	1989	26779721	26779486	8.71e-91	337
NC_003070.9:7281698-7284083	NC_003070.9	94.915	177	8	1	1975	2151	20973725	20973900	1.93e-72	276
NC_003070.9:7281698-7284083	NC_003070.9	93.478	184	12	0	1975	2158	16989369	16989552	6.93e-72	274
NC_003070.9:7281698-7284083	NC_003070.9	92.935	184	12	1	1975	2158	11408674	11408492	1.16e-69	267
NC_003070.9:7281698-7284083	NC_003070.9	86.640	247	23	5	1580	1817	16262079	16262324	4.17e-69	265
NC_003070.9:7281698-7284083	NC_003070.9	92.818	181	13	0	1806	1986	16262144	16262324	1.50e-68	263
NC_003070.9:7281698-7284083	NC_003070.9	92.818	181	12	1	1638	1817	11708422	11708602	5.40e-68	261
NC_003070.9:7281698-7284083	NC_003070.9	91.304	184	15	1	1638	1820	16591163	16590980	1.17e-64	250
NC_003070.9:7281698-7284083	NC_003070.9	91.160	181	15	1	1975	2155	7283335	7283514	5.43e-63	244
NC_003070.9:7281698-7284083	NC_003070.9	91.160	181	15	1	1638	1817	7283672	7283852	5.43e-63	244
NC_003070.9:7281698-7284083	NC_003070.9	90.608	181	16	1	1638	1817	760125	760305	2.53e-61	239
NC_003070.9:7281698-7284083	NC_003070.9	90.608	181	16	1	1978	2158	16591497	16591318	2.53e-61	239
NC_003070.9:7281698-7284083	NC_003070.9	90.608	181	9	4	1975	2155	759795	759967	1.18e-59	233
NC_003070.9:7281698-7284083	NC_003070.9	89.944	179	17	1	1638	1815	16989538	16989716	1.52e-58	230
NC_003070.9:7281698-7284083	NC_003070.9	95.035	141	6	1	1748	1887	26779841	26779701	9.16e-56	220
NC_003070.9:7281698-7284083	NC_003070.9	89.535	172	16	2	1648	1817	20973900	20974071	1.18e-54	217
NC_003070.9:7281698-7284083	NC_003070.9	94.737	133	7	0	1917	2049	26779841	26779709	7.13e-52	207
NC_003070.9:7281698-7284083	NC_003070.9	77.673	318	39	14	2086	2385	16803867	16804170	4.35e-39	165
NC_003070.9:7281698-7284083	NC_003070.9	97.368	76	2	0	2083	2158	16966663	16966588	1.59e-28	130
NC_003070.9:7281698-7284083	NC_003070.9	96.923	65	2	0	2094	2158	26779719	26779655	2.07e-22	110
NC_003070.9:7281698-7284083	NC_003070.9	93.243	74	4	1	2086	2158	26779841	26779768	7.44e-22	108
NC_003070.9:7281698-7284083	NC_003076.8	97.023	2385	41	6	28	2385	26485402	26483021	0.0	3984
NC_003070.9:7281698-7284083	NC_003076.8	96.654	2391	51	5	23	2386	2603151	2605539	0.0	3945
NC_003070.9:7281698-7284083	NC_003076.8	95.525	2391	66	17	22	2385	2189212	2186836	0.0	3784
NC_003070.9:7281698-7284083	NC_003076.8	94.933	2388	74	6	25	2386	3116667	3114301	0.0	3696
NC_003070.9:7281698-7284083	NC_003076.8	94.851	2389	85	8	25	2385	13621995	13619617	0.0	3696
NC_003070.9:7281698-7284083	NC_003076.8	95.295	1998	57	10	21	1986	14846585	14848577	0.0	3134
NC_003070.9:7281698-7284083	NC_003076.8	94.803	1597	65	12	24	1605	14002783	14004376	0.0	2473
NC_003070.9:7281698-7284083	NC_003076.8	94.525	1589	74	11	26	1605	15387839	15386255	0.0	2440
NC_003070.9:7281698-7284083	NC_003076.8	94.158	1592	73	11	22	1605	13547008	13548587	0.0	2407
NC_003070.9:7281698-7284083	NC_003076.8	96.680	1235	31	4	1152	2386	19419668	19420892	0.0	2045
NC_003070.9:7281698-7284083	NC_003076.8	93.011	930	35	9	24	943	10210111	10211020	0.0	1330
NC_003070.9:7281698-7284083	NC_003076.8	89.282	1045	55	27	23	1027	19418946	19419973	0.0	1256
NC_003070.9:7281698-7284083	NC_003076.8	95.956	643	26	0	1743	2385	15386242	15385600	0.0	1044
NC_003070.9:7281698-7284083	NC_003076.8	95.938	640	26	0	1745	2384	10211397	10212036	0.0	1038
NC_003070.9:7281698-7284083	NC_003076.8	94.852	641	33	0	1745	2385	13548602	13549242	0.0	1002
NC_003070.9:7281698-7284083	NC_003076.8	92.980	641	35	3	1745	2385	14004391	14005021	0.0	926
NC_003070.9:7281698-7284083	NC_003076.8	95.361	582	23	4	1806	2385	14848227	14848806	0.0	922
NC_003070.9:7281698-7284083	NC_003076.8	87.231	650	69	8	214	857	13608020	13607379	0.0	728
NC_003070.9:7281698-7284083	NC_003076.8	94.930	355	16	2	1252	1605	10211029	10211382	2.21e-156	555
NC_003070.9:7281698-7284083	NC_003076.8	95.652	345	12	2	1806	2150	2187579	2187238	2.86e-155	551
NC_003070.9:7281698-7284083	NC_003076.8	95.143	350	16	1	1638	1986	19420313	19420662	2.86e-155	551
NC_003070.9:7281698-7284083	NC_003076.8	93.889	360	21	1	1638	1996	2604959	2605318	1.72e-152	542
NC_003070.9:7281698-7284083	NC_003076.8	79.901	806	98	43	25	815	14266435	14267191	1.04e-149	532
NC_003070.9:7281698-7284083	NC_003076.8	94.000	350	20	1	1806	2155	2604791	2605139	1.34e-148	529
NC_003070.9:7281698-7284083	NC_003076.8	82.063	669	71	29	210	868	9827928	9827299	1.73e-147	525
NC_003070.9:7281698-7284083	NC_003076.8	93.484	353	22	1	1638	1989	3114881	3114529	6.23e-147	523
NC_003070.9:7281698-7284083	NC_003076.8	93.484	353	22	1	1806	2158	3115049	3114698	6.23e-147	523
NC_003070.9:7281698-7284083	NC_003076.8	93.484	353	22	1	1806	2158	13620363	13620012	6.23e-147	523
NC_003070.9:7281698-7284083	NC_003076.8	93.484	353	22	1	1638	1989	26483600	26483248	6.23e-147	523
NC_003070.9:7281698-7284083	NC_003076.8	93.484	353	22	1	1806	2158	26483768	26483417	6.23e-147	523
NC_003070.9:7281698-7284083	NC_003076.8	93.201	353	22	2	1638	1989	13620195	13619844	2.90e-145	518
NC_003070.9:7281698-7284083	NC_003076.8	93.143	350	23	1	1638	1986	10211458	10211807	1.35e-143	512
NC_003070.9:7281698-7284083	NC_003076.8	93.143	350	16	2	1806	2155	19420152	19420493	6.28e-142	507
NC_003070.9:7281698-7284083	NC_003076.8	92.351	353	26	1	1638	1989	15386179	15385827	2.92e-140	501
NC_003070.9:7281698-7284083	NC_003076.8	92.151	344	23	3	1648	1989	2187404	2187063	1.06e-134	483
NC_003070.9:7281698-7284083	NC_003076.8	91.143	350	30	1	1638	1986	13548663	13549012	6.37e-132	473
NC_003070.9:7281698-7284083	NC_003076.8	90.113	354	34	1	1638	1990	14004452	14004805	1.78e-127	459
NC_003070.9:7281698-7284083	NC_003076.8	96.327	245	9	0	1914	2158	10211397	10211641	8.47e-111	403
NC_003070.9:7281698-7284083	NC_003076.8	95.547	247	11	0	1912	2158	15386242	15385996	1.42e-108	396
NC_003070.9:7281698-7284083	NC_003076.8	94.694	245	13	0	1914	2158	13548602	13548846	3.97e-104	381
NC_003070.9:7281698-7284083	NC_003076.8	93.469	245	16	0	1914	2158	14004391	14004635	4.00e-99	364
NC_003070.9:7281698-7284083	NC_003076.8	94.915	177	8	1	1975	2151	2187579	2187404	1.93e-72	276
NC_003070.9:7281698-7284083	NC_003076.8	92.350	183	14	0	1638	1820	13620026	13619844	5.40e-68	261
NC_003070.9:7281698-7284083	NC_003076.8	90.576	191	17	1	1638	1827	2605128	2605318	3.25e-65	252
NC_003070.9:7281698-7284083	NC_003076.8	91.304	184	15	1	1975	2158	13620363	13620181	1.17e-64	250
NC_003070.9:7281698-7284083	NC_003076.8	91.257	183	13	3	1975	2155	14848227	14848408	1.51e-63	246
NC_003070.9:7281698-7284083	NC_003076.8	91.160	181	15	1	1975	2155	2604791	2604970	5.43e-63	244
NC_003070.9:7281698-7284083	NC_003076.8	90.761	184	16	1	1638	1820	3114712	3114529	5.43e-63	244
NC_003070.9:7281698-7284083	NC_003076.8	91.160	181	15	1	1638	1817	19420482	19420662	5.43e-63	244
NC_003070.9:7281698-7284083	NC_003076.8	90.761	184	16	1	1638	1820	26483431	26483248	5.43e-63	244
NC_003070.9:7281698-7284083	NC_003076.8	89.503	181	11	4	1975	2155	19420152	19420324	2.55e-56	222
NC_003070.9:7281698-7284083	NC_003076.8	88.587	184	20	1	1975	2158	26483768	26483586	2.55e-56	222
NC_003070.9:7281698-7284083	NC_003076.8	90.058	171	16	1	1651	1820	2187233	2187063	9.16e-56	220
NC_003070.9:7281698-7284083	NC_003076.8	90.476	126	8	4	906	1027	14658553	14658428	1.57e-38	163
NC_003070.9:7281698-7284083	NC_003076.8	97.403	77	1	1	2083	2158	10211397	10211473	1.59e-28	130
NC_003070.9:7281698-7284083	NC_003076.8	96.154	78	3	0	2081	2158	15386242	15386165	5.71e-28	128
NC_003070.9:7281698-7284083	NC_003076.8	97.260	73	2	0	2083	2155	13548602	13548674	7.39e-27	124
NC_003070.9:7281698-7284083	NC_003076.8	97.260	73	2	0	2083	2155	14004391	14004463	7.39e-27	124
NC_003070.9:7281698-7284083	NC_003071.7	96.527	2390	47	8	24	2386	6680830	6678450	0.0	3921
NC_003070.9:7281698-7284083	NC_003071.7	95.687	2388	72	6	25	2385	10018073	10020456	0.0	3810
NC_003070.9:7281698-7284083	NC_003071.7	95.394	2388	68	7	24	2385	6855037	6852666	0.0	3762
NC_003070.9:7281698-7284083	NC_003071.7	95.206	2378	68	7	25	2362	8420556	8422927	0.0	3718
NC_003070.9:7281698-7284083	NC_003071.7	92.801	1514	70	15	101	1605	5872085	5870602	0.0	2156
NC_003070.9:7281698-7284083	NC_003071.7	82.574	1360	172	39	199	1514	3196026	3197364	0.0	1138
NC_003070.9:7281698-7284083	NC_003071.7	88.588	701	66	11	196	892	6205738	6206428	0.0	839
NC_003070.9:7281698-7284083	NC_003071.7	95.619	388	16	1	1999	2386	5869810	5869424	2.15e-176	621
NC_003070.9:7281698-7284083	NC_003071.7	95.184	353	16	1	1638	1989	6679030	6678678	6.14e-157	556
NC_003070.9:7281698-7284083	NC_003071.7	94.571	350	18	1	1809	2158	6853410	6853062	6.19e-152	540
NC_003070.9:7281698-7284083	NC_003071.7	94.051	353	20	1	1806	2158	6679198	6678847	2.88e-150	534
NC_003070.9:7281698-7284083	NC_003071.7	94.051	353	20	1	1638	1989	6853245	6852893	2.88e-150	534
NC_003070.9:7281698-7284083	NC_003071.7	94.286	350	19	1	1806	2155	8422203	8422551	2.88e-150	534
NC_003070.9:7281698-7284083	NC_003071.7	94.286	350	19	1	1638	1986	8422371	8422720	2.88e-150	534
NC_003070.9:7281698-7284083	NC_003071.7	94.000	350	20	1	1638	1986	10019877	10020226	1.34e-148	529
NC_003070.9:7281698-7284083	NC_003071.7	93.714	350	21	1	1806	2155	10019709	10020057	6.23e-147	523
NC_003070.9:7281698-7284083	NC_003071.7	79.586	725	103	28	21	738	4146743	4147429	4.92e-133	477
NC_003070.9:7281698-7284083	NC_003071.7	95.339	236	11	0	1745	1980	5870587	5870352	1.85e-102	375
NC_003070.9:7281698-7284083	NC_003071.7	94.492	236	13	0	1914	2149	5870587	5870352	4.00e-99	364
NC_003070.9:7281698-7284083	NC_003071.7	92.818	181	12	1	1638	1817	10020046	10020226	5.40e-68	261
NC_003070.9:7281698-7284083	NC_003071.7	95.652	161	7	0	531	691	7153706	7153546	1.94e-67	259
NC_003070.9:7281698-7284083	NC_003071.7	92.265	181	13	1	1641	1820	6678858	6678678	2.51e-66	255
NC_003070.9:7281698-7284083	NC_003071.7	92.265	181	13	1	1978	2158	6853410	6853231	2.51e-66	255
NC_003070.9:7281698-7284083	NC_003071.7	92.265	181	13	1	1975	2155	8422203	8422382	2.51e-66	255
NC_003070.9:7281698-7284083	NC_003071.7	92.265	181	13	1	1638	1817	8422540	8422720	2.51e-66	255
NC_003070.9:7281698-7284083	NC_003071.7	95.000	160	8	0	1830	1989	5869810	5869651	3.25e-65	252
NC_003070.9:7281698-7284083	NC_003071.7	87.069	232	19	9	498	727	5871167	5870945	3.25e-65	252
NC_003070.9:7281698-7284083	NC_003071.7	91.713	181	14	1	1975	2155	10019709	10019888	1.17e-64	250
NC_003070.9:7281698-7284083	NC_003071.7	89.000	200	18	4	498	695	3196870	3197067	5.43e-63	244
NC_003070.9:7281698-7284083	NC_003071.7	90.761	184	16	1	1975	2158	6679198	6679016	5.43e-63	244
NC_003070.9:7281698-7284083	NC_003071.7	91.160	181	15	1	1641	1820	6853073	6852893	5.43e-63	244
NC_003070.9:7281698-7284083	NC_003071.7	90.286	175	16	1	1638	1811	5870526	5870352	5.47e-58	228
NC_003070.9:7281698-7284083	NC_003071.7	86.154	195	24	2	1037	1228	6206035	6206229	7.13e-52	207
NC_003070.9:7281698-7284083	NC_003071.7	79.851	268	23	20	790	1027	3197042	3197308	1.21e-39	167
NC_003070.9:7281698-7284083	NC_003071.7	90.476	126	8	4	906	1027	6207325	6207200	1.57e-38	163
NC_003070.9:7281698-7284083	NC_003071.7	89.516	124	8	5	908	1027	4099142	4099020	3.39e-35	152
NC_003070.9:7281698-7284083	NC_003071.7	93.421	76	5	0	2083	2158	5870587	5870512	1.60e-23	113
NC_003070.9:7281698-7284083	NC_003074.8	96.439	2387	55	6	25	2385	12661999	12659617	0.0	3910
NC_003070.9:7281698-7284083	NC_003074.8	94.714	1589	67	12	24	1605	10509519	10511097	0.0	2453
NC_003070.9:7281698-7284083	NC_003074.8	88.610	1870	127	35	24	1820	17070823	17068967	0.0	2194
NC_003070.9:7281698-7284083	NC_003074.8	93.986	981	33	1	23	977	16213449	16212469	0.0	1461
NC_003070.9:7281698-7284083	NC_003074.8	95.334	643	28	1	1745	2385	10511112	10511754	0.0	1020
NC_003070.9:7281698-7284083	NC_003074.8	91.847	417	25	5	1975	2385	17069149	17068736	6.10e-162	573
NC_003070.9:7281698-7284083	NC_003074.8	94.618	353	18	1	1806	2158	12660363	12660012	1.33e-153	545
NC_003070.9:7281698-7284083	NC_003074.8	94.334	353	19	1	1638	1989	12660195	12659843	6.19e-152	540
NC_003070.9:7281698-7284083	NC_003074.8	91.714	350	28	1	1638	1986	10511173	10511522	2.94e-135	484
NC_003070.9:7281698-7284083	NC_003074.8	97.143	245	7	0	1914	2158	10511112	10511356	3.91e-114	414
NC_003070.9:7281698-7284083	NC_003074.8	94.022	184	10	1	1806	1989	17069149	17068967	5.36e-73	278
NC_003070.9:7281698-7284083	NC_003074.8	92.391	184	13	1	1638	1820	12660026	12659843	5.40e-68	261
NC_003070.9:7281698-7284083	NC_003074.8	91.848	184	14	1	1975	2158	12660363	12660181	2.51e-66	255
NC_003070.9:7281698-7284083	NC_003074.8	94.167	120	7	0	25	144	4289110	4288991	1.20e-44	183
NC_003070.9:7281698-7284083	NC_003074.8	98.630	73	1	0	2083	2155	10511112	10511184	1.59e-28	130
NC_003070.9:7281698-7284083	NC_003074.8	78.689	122	24	2	2097	2217	3716941	3717061	1.62e-13	80.5
NC_003070.9:7281698-7284083	NC_003075.7	95.356	2390	80	7	25	2386	1280625	1283011	0.0	3770
NC_003070.9:7281698-7284083	NC_003075.7	83.839	1813	169	58	27	1749	5443569	5441791	0.0	1611
NC_003070.9:7281698-7284083	NC_003075.7	84.877	853	67	26	196	1018	4663787	4662967	0.0	804
NC_003070.9:7281698-7284083	NC_003075.7	84.579	856	74	27	196	1016	4696063	4695231	0.0	797
NC_003070.9:7281698-7284083	NC_003075.7	87.184	554	49	16	196	743	5936887	5936350	4.65e-173	610
NC_003070.9:7281698-7284083	NC_003075.7	94.571	350	18	1	1806	2155	1282263	1282611	6.19e-152	540
NC_003070.9:7281698-7284083	NC_003075.7	93.714	350	21	1	1638	1986	1282431	1282780	6.23e-147	523
NC_003070.9:7281698-7284083	NC_003075.7	85.417	192	24	3	1040	1228	5936590	5936400	1.54e-48	196
NC_003070.9:7281698-7284083	NC_003075.7	87.395	119	15	0	26	144	2088368	2088250	9.49e-31	137
NC_003070.9:7281698-7284083	NC_003075.7	86.614	127	11	6	906	1027	4904890	4904765	3.41e-30	135
NC_003070.9:7281698-7284083	NC_003075.7	77.536	138	14	10	2259	2385	5773111	5773242	1.26e-09	67.6
NC_003070.9:8043914-8044271	NC_003070.9	100.000	358	0	0	1	358	8043914	8044271	0.0	662
NC_003070.9:8043914-8044271	NC_003074.8	75.956	366	70	17	1	358	9900756	9900401	3.67e-42	172
NC_003074.8:7980083-7980633	NC_003074.8	100.000	551	0	0	1	551	7980633	7980083	0.0	1018
NC_003074.8:7980083-7980633	NC_003074.8	89.242	567	44	5	1	551	5865864	5866429	0.0	693
NC_003074.8:7980083-7980633	NC_003074.8	88.360	567	47	9	1	551	10405396	10405959	0.0	664
NC_003074.8:7980083-7980633	NC_003074.8	88.163	566	50	7	1	551	14057124	14057687	0.0	658
NC_003074.8:7980083-7980633	NC_003074.8	88.099	563	50	12	4	551	11091000	11090440	0.0	652
NC_003074.8:7980083-7980633	NC_003074.8	87.986	566	47	14	1	551	23085531	23086090	0.0	649
NC_003074.8:7980083-7980633	NC_003074.8	87.741	571	46	14	1	551	3080591	3080025	0.0	645
NC_003074.8:7980083-7980633	NC_003074.8	87.153	576	44	16	3	551	6729497	6728925	1.03e-178	627
NC_003074.8:7980083-7980633	NC_003074.8	86.972	568	51	13	1	551	16485869	16485308	6.18e-176	617
NC_003074.8:7980083-7980633	NC_003074.8	86.749	566	58	7	1	551	19436871	19437434	8.00e-175	614
NC_003074.8:7980083-7980633	NC_003074.8	87.018	570	40	10	1	551	10708625	10709179	2.88e-174	612
NC_003074.8:7980083-7980633	NC_003074.8	87.161	553	54	12	13	551	18634492	18633943	2.88e-174	612
NC_003074.8:7980083-7980633	NC_003074.8	86.403	581	47	12	1	551	10758580	10758002	1.34e-172	606
NC_003074.8:7980083-7980633	NC_003074.8	86.749	566	46	20	1	551	17402552	17402001	1.73e-171	603
NC_003074.8:7980083-7980633	NC_003074.8	86.643	569	45	13	1	551	7766062	7766617	6.23e-171	601
NC_003074.8:7980083-7980633	NC_003074.8	86.299	562	57	11	7	551	16723678	16723120	1.04e-168	593
NC_003074.8:7980083-7980633	NC_003074.8	85.714	588	43	19	1	551	19739757	19740340	2.26e-165	582
NC_003074.8:7980083-7980633	NC_003074.8	86.067	567	48	7	1	551	10718345	10717794	8.11e-165	580
NC_003074.8:7980083-7980633	NC_003074.8	86.038	573	42	13	1	551	16405196	16405752	8.11e-165	580
NC_003074.8:7980083-7980633	NC_003074.8	85.965	570	49	15	1	551	21552658	21552101	8.11e-165	580
NC_003074.8:7980083-7980633	NC_003074.8	85.816	564	45	14	1	551	4584756	4585297	2.27e-160	566
NC_003074.8:7980083-7980633	NC_003074.8	85.714	567	42	12	1	551	11132202	11132745	2.94e-159	562
NC_003074.8:7980083-7980633	NC_003074.8	84.276	566	53	16	1	551	11315007	11315551	1.79e-146	520
NC_003074.8:7980083-7980633	NC_003074.8	84.926	544	41	10	1	529	423197	422680	3.00e-144	512
NC_003074.8:7980083-7980633	NC_003074.8	86.719	384	34	7	1	369	4579237	4579618	1.13e-113	411
NC_003074.8:7980083-7980633	NC_003074.8	86.719	384	32	13	185	551	15814110	15814491	4.05e-113	409
NC_003074.8:7980083-7980633	NC_003074.8	83.979	387	27	16	184	551	16235030	16234660	5.39e-92	339
NC_003074.8:7980083-7980633	NC_003074.8	90.868	219	16	4	317	533	18171177	18170961	1.53e-77	291
NC_003074.8:7980083-7980633	NC_003074.8	91.787	207	14	3	347	551	20769804	20769599	7.12e-76	285
NC_003074.8:7980083-7980633	NC_003074.8	86.822	258	19	3	295	551	18885867	18885624	1.54e-72	274
NC_003074.8:7980083-7980633	NC_003074.8	87.448	239	24	6	317	551	11588873	11588637	2.00e-71	270
NC_003074.8:7980083-7980633	NC_003074.8	87.448	239	24	6	317	551	16678267	16678503	2.00e-71	270
NC_003074.8:7980083-7980633	NC_003074.8	88.546	227	13	4	317	542	8329280	8329494	3.34e-69	263
NC_003074.8:7980083-7980633	NC_003074.8	86.920	237	26	4	317	551	6940832	6940599	1.20e-68	261
NC_003074.8:7980083-7980633	NC_003074.8	86.498	237	25	7	317	549	18495382	18495149	2.01e-66	254
NC_003074.8:7980083-7980633	NC_003074.8	85.774	239	27	7	317	551	10901411	10901646	3.36e-64	246
NC_003074.8:7980083-7980633	NC_003074.8	87.156	218	19	9	317	528	16534644	16534430	5.63e-62	239
NC_003074.8:7980083-7980633	NC_003074.8	88.372	172	11	3	381	551	10681555	10681392	9.55e-50	198
NC_003074.8:7980083-7980633	NC_003074.8	82.627	236	23	5	317	549	16902979	16903199	4.44e-48	193
NC_003074.8:7980083-7980633	NC_003074.8	82.553	235	22	5	317	550	17209789	17209573	5.75e-47	189
NC_003074.8:7980083-7980633	NC_003074.8	90.780	141	11	2	317	456	4468266	4468405	2.07e-46	187
NC_003074.8:7980083-7980633	NC_003074.8	90.840	131	12	0	141	271	18887435	18887305	4.47e-43	176
NC_003074.8:7980083-7980633	NC_003074.8	85.465	172	17	2	381	551	18172438	18172274	5.79e-42	172
NC_003074.8:7980083-7980633	NC_003074.8	87.671	73	5	3	340	410	7981814	7981884	1.00e-14	82.4
NC_003074.8:7980083-7980633	NC_003071.7	96.733	551	18	0	1	551	13101810	13102360	0.0	918
NC_003074.8:7980083-7980633	NC_003071.7	94.737	551	29	0	1	551	12556654	12557204	0.0	857
NC_003074.8:7980083-7980633	NC_003071.7	94.322	546	29	2	1	546	13885931	13886474	0.0	835
NC_003074.8:7980083-7980633	NC_003071.7	89.437	568	38	12	1	551	5037751	5038313	0.0	697
NC_003074.8:7980083-7980633	NC_003071.7	88.225	569	46	12	1	551	2138820	2139385	0.0	660
NC_003074.8:7980083-7980633	NC_003071.7	87.766	564	38	12	1	549	9226025	9225478	7.94e-180	630
NC_003074.8:7980083-7980633	NC_003071.7	88.051	544	47	12	1	528	4025413	4025954	2.86e-179	628
NC_003074.8:7980083-7980633	NC_003071.7	87.170	569	43	10	1	551	6207151	6206595	1.72e-176	619
NC_003074.8:7980083-7980633	NC_003071.7	86.467	569	56	10	1	551	5010652	5010087	4.82e-172	604
NC_003074.8:7980083-7980633	NC_003071.7	86.467	569	52	13	1	551	7340381	7340942	6.23e-171	601
NC_003074.8:7980083-7980633	NC_003071.7	86.042	566	42	5	1	551	1670334	1669791	1.36e-162	573
NC_003074.8:7980083-7980633	NC_003071.7	88.187	491	40	11	4	478	19172665	19172177	1.76e-161	569
NC_003074.8:7980083-7980633	NC_003071.7	87.234	517	40	15	19	514	17147641	17147130	2.27e-160	566
NC_003074.8:7980083-7980633	NC_003071.7	85.383	561	58	11	8	551	1596926	1597479	1.06e-158	560
NC_003074.8:7980083-7980633	NC_003071.7	85.563	568	42	7	1	551	19623102	19623646	3.80e-158	558
NC_003074.8:7980083-7980633	NC_003071.7	85.106	564	50	13	1	551	9229179	9228637	2.96e-154	545
NC_003074.8:7980083-7980633	NC_003071.7	84.737	570	46	7	1	551	15134225	15134772	2.30e-150	532
NC_003074.8:7980083-7980633	NC_003071.7	82.902	579	52	26	1	551	9860514	9859955	1.10e-133	477
NC_003074.8:7980083-7980633	NC_003071.7	82.676	583	53	19	2	551	1409588	1410155	1.42e-132	473
NC_003074.8:7980083-7980633	NC_003071.7	84.615	507	42	13	4	496	19243132	19242648	5.10e-132	472
NC_003074.8:7980083-7980633	NC_003071.7	89.456	294	29	2	259	551	4305998	4306290	1.91e-101	370
NC_003074.8:7980083-7980633	NC_003071.7	87.762	286	18	5	267	551	9433300	9433569	7.02e-86	318
NC_003074.8:7980083-7980633	NC_003071.7	90.717	237	18	4	318	551	10996418	10996183	3.27e-84	313
NC_003074.8:7980083-7980633	NC_003071.7	89.916	238	19	5	318	551	1383789	1383553	7.07e-81	302
NC_003074.8:7980083-7980633	NC_003071.7	87.448	239	24	6	317	551	1322206	1321970	2.00e-71	270
NC_003074.8:7980083-7980633	NC_003071.7	90.431	209	14	4	347	551	2320728	2320934	2.00e-71	270
NC_003074.8:7980083-7980633	NC_003071.7	90.338	207	16	4	347	551	1038253	1038049	7.18e-71	268
NC_003074.8:7980083-7980633	NC_003071.7	88.018	217	23	3	1	216	9433091	9433305	2.01e-66	254
NC_003074.8:7980083-7980633	NC_003071.7	86.192	239	26	7	317	551	3197853	3197618	7.23e-66	252
NC_003074.8:7980083-7980633	NC_003071.7	92.908	141	8	2	317	456	8173489	8173628	2.05e-51	204
NC_003074.8:7980083-7980633	NC_003071.7	92.199	141	8	3	317	456	10070310	10070172	3.43e-49	196
NC_003074.8:7980083-7980633	NC_003071.7	92.086	139	9	2	317	454	9030463	9030600	1.24e-48	195
NC_003074.8:7980083-7980633	NC_003071.7	83.122	237	14	10	317	551	1347424	1347212	4.44e-48	193
NC_003074.8:7980083-7980633	NC_003071.7	86.441	177	17	6	381	551	826099	826274	2.07e-46	187
NC_003074.8:7980083-7980633	NC_003071.7	86.628	172	15	2	381	551	8907832	8907996	2.67e-45	183
NC_003074.8:7980083-7980633	NC_003071.7	89.041	146	14	2	407	551	9311474	9311618	3.46e-44	180
NC_003074.8:7980083-7980633	NC_003071.7	85.465	172	17	2	381	551	9891410	9891246	5.79e-42	172
NC_003074.8:7980083-7980633	NC_003071.7	82.326	215	19	8	317	528	9455967	9456165	7.49e-41	169
NC_003074.8:7980083-7980633	NC_003071.7	86.555	119	12	4	347	463	11909052	11908936	1.27e-28	128
NC_003074.8:7980083-7980633	NC_003071.7	84.286	140	8	3	317	456	14572548	14572673	1.64e-27	124
NC_003074.8:7980083-7980633	NC_003075.7	96.552	551	19	0	1	551	9112130	9111580	0.0	913
NC_003074.8:7980083-7980633	NC_003075.7	88.516	566	47	11	1	551	1521257	1521819	0.0	669
NC_003074.8:7980083-7980633	NC_003075.7	88.204	568	45	14	1	551	6115341	6115903	0.0	658
NC_003074.8:7980083-7980633	NC_003075.7	87.633	566	53	12	1	551	5392283	5391720	0.0	641
NC_003074.8:7980083-7980633	NC_003075.7	87.500	568	49	18	1	551	572759	572197	0.0	636
NC_003074.8:7980083-7980633	NC_003075.7	86.435	575	51	17	2	551	14458283	14457711	4.82e-172	604
NC_003074.8:7980083-7980633	NC_003075.7	86.729	535	53	7	1	520	824053	823522	2.92e-164	579
NC_003074.8:7980083-7980633	NC_003075.7	85.640	578	49	14	1	551	12607047	12606477	1.05e-163	577
NC_003074.8:7980083-7980633	NC_003075.7	86.042	566	42	4	1	551	15442194	15441651	1.36e-162	573
NC_003074.8:7980083-7980633	NC_003075.7	85.790	563	48	12	1	551	7034793	7034251	6.32e-161	568
NC_003074.8:7980083-7980633	NC_003075.7	87.959	490	44	6	1	476	6660987	6661475	8.17e-160	564
NC_003074.8:7980083-7980633	NC_003075.7	84.832	567	46	16	1	551	8947760	8947218	6.41e-151	534
NC_003074.8:7980083-7980633	NC_003075.7	84.155	568	56	18	1	551	6340022	6339472	1.79e-146	520
NC_003074.8:7980083-7980633	NC_003075.7	83.392	566	56	14	1	551	12365606	12365064	1.41e-137	490
NC_003074.8:7980083-7980633	NC_003075.7	91.065	291	22	3	260	549	2553660	2553947	1.47e-107	390
NC_003074.8:7980083-7980633	NC_003075.7	87.552	241	22	8	317	551	8899727	8899965	5.55e-72	272
NC_003074.8:7980083-7980633	NC_003075.7	86.017	236	30	3	317	551	17501973	17502206	2.60e-65	250
NC_003074.8:7980083-7980633	NC_003075.7	85.356	239	27	7	317	551	7231369	7231603	1.56e-62	241
NC_003074.8:7980083-7980633	NC_003075.7	90.173	173	13	3	317	487	8820042	8819872	5.67e-57	222
NC_003074.8:7980083-7980633	NC_003075.7	88.372	172	16	4	383	551	6426787	6426617	2.05e-51	204
NC_003074.8:7980083-7980633	NC_003075.7	87.931	174	19	2	380	551	7906195	7906368	2.05e-51	204
NC_003074.8:7980083-7980633	NC_003075.7	92.199	141	7	4	317	456	12699153	12699290	3.43e-49	196
NC_003074.8:7980083-7980633	NC_003075.7	89.796	147	15	0	405	551	13124015	13123869	5.75e-47	189
NC_003074.8:7980083-7980633	NC_003075.7	86.047	172	21	2	383	551	7155205	7155376	9.62e-45	182
NC_003074.8:7980083-7980633	NC_003075.7	87.755	147	17	1	405	551	9146878	9147023	2.08e-41	171
NC_003074.8:7980083-7980633	NC_003075.7	93.151	73	3	2	317	388	1100911	1100982	5.95e-22	106
NC_003074.8:7980083-7980633	NC_003075.7	91.429	70	5	1	317	386	7572220	7572288	1.29e-18	95.3
NC_003074.8:7980083-7980633	NC_003076.8	94.918	551	26	2	1	551	26787654	26787106	0.0	861
NC_003074.8:7980083-7980633	NC_003076.8	94.737	551	24	3	1	551	8748925	8749470	0.0	852
NC_003074.8:7980083-7980633	NC_003076.8	93.829	551	29	4	4	551	6420375	6419827	0.0	824
NC_003074.8:7980083-7980633	NC_003076.8	91.833	551	40	1	1	551	9854346	9854891	0.0	763
NC_003074.8:7980083-7980633	NC_003076.8	91.320	553	28	6	1	551	15580807	15581341	0.0	737
NC_003074.8:7980083-7980633	NC_003076.8	89.576	566	42	12	1	551	17726422	17726985	0.0	702
NC_003074.8:7980083-7980633	NC_003076.8	89.399	566	43	12	1	551	24448812	24449375	0.0	697
NC_003074.8:7980083-7980633	NC_003076.8	87.741	571	37	13	1	551	9558216	9557659	0.0	636
NC_003074.8:7980083-7980633	NC_003076.8	87.324	568	50	11	1	551	5625058	5625620	7.94e-180	630
NC_003074.8:7980083-7980633	NC_003076.8	87.024	578	48	16	1	551	7417331	7417908	1.03e-178	627
NC_003074.8:7980083-7980633	NC_003076.8	86.995	569	54	12	1	551	3566350	3566916	1.33e-177	623
NC_003074.8:7980083-7980633	NC_003076.8	86.772	567	55	12	1	551	22621740	22621178	8.00e-175	614
NC_003074.8:7980083-7980633	NC_003076.8	86.819	569	45	10	1	551	16870923	16871479	3.72e-173	608
NC_003074.8:7980083-7980633	NC_003076.8	86.467	569	57	11	1	551	9068735	9068169	1.34e-172	606
NC_003074.8:7980083-7980633	NC_003076.8	86.643	569	46	15	1	551	13892686	13892130	1.73e-171	603
NC_003074.8:7980083-7980633	NC_003076.8	86.596	567	44	12	1	551	19101558	19102108	8.06e-170	597
NC_003074.8:7980083-7980633	NC_003076.8	86.420	567	36	15	1	551	14104208	14103667	2.26e-165	582
NC_003074.8:7980083-7980633	NC_003076.8	85.789	570	47	10	1	551	14810271	14810825	1.36e-162	573
NC_003074.8:7980083-7980633	NC_003076.8	85.866	566	43	5	1	551	17043358	17043901	6.32e-161	568
NC_003074.8:7980083-7980633	NC_003076.8	84.654	593	47	17	1	551	24117960	24118550	6.36e-156	551
NC_003074.8:7980083-7980633	NC_003076.8	86.372	521	42	17	27	520	26015332	26015850	3.83e-153	542
NC_003074.8:7980083-7980633	NC_003076.8	84.929	564	52	15	1	551	7701181	7700638	1.38e-152	540
NC_003074.8:7980083-7980633	NC_003076.8	84.752	564	48	13	1	549	16712851	16713391	8.29e-150	531
NC_003074.8:7980083-7980633	NC_003076.8	86.328	512	40	16	1	497	22335576	22335080	8.29e-150	531
NC_003074.8:7980083-7980633	NC_003076.8	83.245	567	41	12	1	551	7069989	7070517	5.10e-132	472
NC_003074.8:7980083-7980633	NC_003076.8	87.918	389	33	5	1	375	706997	706609	3.09e-124	446
NC_003074.8:7980083-7980633	NC_003076.8	87.310	394	31	8	3	378	15882295	15882687	2.40e-120	433
NC_003074.8:7980083-7980633	NC_003076.8	85.679	405	42	9	1	390	4936961	4937364	3.13e-114	412
NC_003074.8:7980083-7980633	NC_003076.8	92.308	286	18	4	267	551	6702209	6701927	1.89e-111	403
NC_003074.8:7980083-7980633	NC_003076.8	84.444	360	20	10	210	551	14395374	14395033	5.43e-87	322
NC_003074.8:7980083-7980633	NC_003076.8	84.444	360	20	10	210	551	14454673	14454332	5.43e-87	322
NC_003074.8:7980083-7980633	NC_003076.8	90.295	237	19	4	317	551	8602053	8601819	1.52e-82	307
NC_003074.8:7980083-7980633	NC_003076.8	89.344	244	19	7	312	551	14080062	14080302	2.54e-80	300
NC_003074.8:7980083-7980633	NC_003076.8	91.388	209	18	0	3	211	14395843	14395635	1.98e-76	287
NC_003074.8:7980083-7980633	NC_003076.8	91.388	209	18	0	3	211	14455142	14454934	1.98e-76	287
NC_003074.8:7980083-7980633	NC_003076.8	89.732	224	17	6	317	538	5648113	5647894	9.22e-75	281
NC_003074.8:7980083-7980633	NC_003076.8	89.076	238	11	9	205	428	13678951	13678715	9.22e-75	281
NC_003074.8:7980083-7980633	NC_003076.8	88.285	239	22	5	317	551	15162886	15163122	9.22e-75	281
NC_003074.8:7980083-7980633	NC_003076.8	87.879	231	27	1	1	231	13231669	13231898	2.00e-71	270
NC_003074.8:7980083-7980633	NC_003076.8	85.401	274	16	8	280	551	24586805	24587056	3.34e-69	263
NC_003074.8:7980083-7980633	NC_003076.8	88.406	207	21	3	347	551	16030754	16030549	3.36e-64	246
NC_003074.8:7980083-7980633	NC_003076.8	85.714	238	27	7	317	549	7488328	7488093	1.21e-63	244
NC_003074.8:7980083-7980633	NC_003076.8	85.232	237	29	5	317	549	22021624	22021858	5.63e-62	239
NC_003074.8:7980083-7980633	NC_003076.8	88.557	201	16	4	67	267	17885905	17885712	2.02e-61	237
NC_003074.8:7980083-7980633	NC_003076.8	84.064	251	23	8	317	551	15031163	15030914	4.38e-58	226
NC_003074.8:7980083-7980633	NC_003076.8	86.111	216	23	7	317	528	15535363	15535151	4.38e-58	226
NC_003074.8:7980083-7980633	NC_003076.8	89.071	183	16	4	370	551	13231894	13232073	1.58e-57	224
NC_003074.8:7980083-7980633	NC_003076.8	95.556	135	6	0	1	135	20119601	20119735	2.64e-55	217
NC_003074.8:7980083-7980633	NC_003076.8	84.722	216	30	3	1	215	6702418	6702205	3.41e-54	213
NC_003074.8:7980083-7980633	NC_003076.8	88.372	172	18	2	380	549	14880640	14880811	5.71e-52	206
NC_003074.8:7980083-7980633	NC_003076.8	92.908	141	8	2	317	456	9867496	9867635	2.05e-51	204
NC_003074.8:7980083-7980633	NC_003076.8	92.908	141	8	2	317	456	24314283	24314422	2.05e-51	204
NC_003074.8:7980083-7980633	NC_003076.8	83.544	237	18	10	317	550	19408597	19408379	7.38e-51	202
NC_003074.8:7980083-7980633	NC_003076.8	92.199	141	9	2	317	456	26893188	26893327	9.55e-50	198
NC_003074.8:7980083-7980633	NC_003076.8	92.143	140	9	2	317	456	17398095	17397958	3.43e-49	196
NC_003074.8:7980083-7980633	NC_003076.8	86.628	172	15	2	381	551	10041976	10041812	2.67e-45	183
NC_003074.8:7980083-7980633	NC_003076.8	85.632	174	22	3	1	173	24586631	24586802	3.46e-44	180
NC_003074.8:7980083-7980633	NC_003076.8	85.380	171	17	2	382	551	22464039	22464202	2.08e-41	171
NC_003074.8:7980083-7980633	NC_003076.8	88.112	143	14	3	381	520	19480000	19480142	2.69e-40	167
NC_003074.8:7980083-7980633	NC_003076.8	84.024	169	25	2	383	549	9546163	9546331	1.25e-38	161
NC_003074.8:7980083-7980633	NC_003076.8	78.541	233	34	7	318	549	8671466	8671683	5.87e-32	139
NC_003074.8:7980083-7980633	NC_003076.8	89.888	89	9	0	7	95	12316083	12315995	9.89e-25	115
NC_003074.8:7980083-7980633	NC_003076.8	79.474	190	16	12	334	520	17247876	17247707	3.56e-24	113
NC_003074.8:7980083-7980633	NC_003070.9	94.737	551	27	1	1	551	10021962	10021414	0.0	856
NC_003074.8:7980083-7980633	NC_003070.9	94.374	551	30	1	1	551	19769024	19769573	0.0	845
NC_003074.8:7980083-7980633	NC_003070.9	93.648	551	35	0	1	551	11804094	11803544	0.0	824
NC_003074.8:7980083-7980633	NC_003070.9	91.470	551	47	0	1	551	28891930	28891380	0.0	758
NC_003074.8:7980083-7980633	NC_003070.9	90.000	550	35	12	20	551	25779690	25780237	0.0	693
NC_003074.8:7980083-7980633	NC_003070.9	89.065	567	42	15	1	551	23125693	23125131	0.0	686
NC_003074.8:7980083-7980633	NC_003070.9	88.360	567	47	12	1	551	5862949	5863512	0.0	664
NC_003074.8:7980083-7980633	NC_003070.9	88.183	567	46	11	1	551	12097456	12098017	0.0	656
NC_003074.8:7980083-7980633	NC_003070.9	88.049	569	49	11	1	551	13495989	13495422	0.0	656
NC_003074.8:7980083-7980633	NC_003070.9	87.478	567	54	9	1	551	21739641	21739076	0.0	638
NC_003074.8:7980083-7980633	NC_003070.9	87.175	577	47	21	2	551	17502231	17502807	7.94e-180	630
NC_003074.8:7980083-7980633	NC_003070.9	87.950	556	37	19	1	529	6219140	6218588	2.86e-179	628
NC_003074.8:7980083-7980633	NC_003070.9	87.346	569	42	19	1	551	26511226	26510670	3.70e-178	625
NC_003074.8:7980083-7980633	NC_003070.9	87.279	566	42	12	1	551	21918434	21918984	1.72e-176	619
NC_003074.8:7980083-7980633	NC_003070.9	87.279	566	41	11	1	551	5899755	5899206	6.18e-176	617
NC_003074.8:7980083-7980633	NC_003070.9	86.995	569	43	13	1	551	26880721	26881276	2.88e-174	612
NC_003074.8:7980083-7980633	NC_003070.9	86.842	570	43	11	1	551	27240719	27241275	3.72e-173	608
NC_003074.8:7980083-7980633	NC_003070.9	87.057	564	40	11	1	551	29244142	29244685	1.34e-172	606
NC_003074.8:7980083-7980633	NC_003070.9	86.505	578	45	13	1	551	13869873	13870444	4.82e-172	604
NC_003074.8:7980083-7980633	NC_003070.9	86.796	568	41	15	1	551	4770665	4770115	1.73e-171	603
NC_003074.8:7980083-7980633	NC_003070.9	86.140	570	45	10	1	551	540987	540433	6.27e-166	584
NC_003074.8:7980083-7980633	NC_003070.9	86.116	569	47	10	1	551	16401003	16400449	6.27e-166	584
NC_003074.8:7980083-7980633	NC_003070.9	86.170	564	47	10	1	551	22192007	22192552	8.11e-165	580
NC_003074.8:7980083-7980633	NC_003070.9	85.915	568	47	11	1	551	20205905	20205354	3.78e-163	575
NC_003074.8:7980083-7980633	NC_003070.9	86.245	538	54	9	1	522	588027	587494	2.27e-160	566
NC_003074.8:7980083-7980633	NC_003070.9	85.237	569	61	15	1	551	13811466	13810903	8.17e-160	564
NC_003074.8:7980083-7980633	NC_003070.9	85.662	544	58	13	1	528	4582998	4583537	4.92e-157	555
NC_003074.8:7980083-7980633	NC_003070.9	85.062	569	52	13	1	551	11732352	11732905	2.29e-155	549
NC_003074.8:7980083-7980633	NC_003070.9	87.327	505	30	14	62	549	10930983	10931470	8.23e-155	547
NC_003074.8:7980083-7980633	NC_003070.9	85.926	540	38	18	4	529	2986889	2986374	3.83e-153	542
NC_003074.8:7980083-7980633	NC_003070.9	84.588	571	52	15	1	551	10591982	10591428	6.41e-151	534
NC_003074.8:7980083-7980633	NC_003070.9	84.248	565	41	17	1	549	10853200	10852668	1.40e-142	507
NC_003074.8:7980083-7980633	NC_003070.9	83.741	572	46	13	1	551	24645519	24646064	8.41e-140	497
NC_003074.8:7980083-7980633	NC_003070.9	86.788	439	41	10	2	424	2587832	2587395	1.42e-132	473
NC_003074.8:7980083-7980633	NC_003070.9	82.069	580	60	30	1	551	24718474	24719038	5.13e-127	455
NC_003074.8:7980083-7980633	NC_003070.9	91.139	237	16	5	317	551	21615530	21615297	2.53e-85	316
NC_003074.8:7980083-7980633	NC_003070.9	89.362	235	23	2	317	549	8622992	8622758	1.18e-78	294
NC_003074.8:7980083-7980633	NC_003070.9	87.854	247	14	6	307	551	2473131	2472899	4.29e-73	276
NC_003074.8:7980083-7980633	NC_003070.9	87.866	239	23	6	317	551	10579905	10580141	4.29e-73	276
NC_003074.8:7980083-7980633	NC_003070.9	87.866	239	21	8	317	551	21128636	21128870	1.54e-72	274
NC_003074.8:7980083-7980633	NC_003070.9	87.866	239	20	7	317	551	696707	696474	5.55e-72	272
NC_003074.8:7980083-7980633	NC_003070.9	90.338	207	17	3	347	551	9384365	9384160	7.18e-71	268
NC_003074.8:7980083-7980633	NC_003070.9	90.338	207	17	3	347	551	18300475	18300270	7.18e-71	268
NC_003074.8:7980083-7980633	NC_003070.9	89.855	207	17	4	347	551	8539559	8539763	3.34e-69	263
NC_003074.8:7980083-7980633	NC_003070.9	86.611	239	26	6	317	551	11669593	11669357	4.32e-68	259
NC_003074.8:7980083-7980633	NC_003070.9	86.611	239	25	6	317	551	9418298	9418063	1.55e-67	257
NC_003074.8:7980083-7980633	NC_003070.9	86.638	232	29	2	1	231	12240505	12240735	5.59e-67	255
NC_003074.8:7980083-7980633	NC_003070.9	85.774	239	28	6	317	551	20559836	20559600	9.35e-65	248
NC_003074.8:7980083-7980633	NC_003070.9	86.996	223	23	6	317	535	3762754	3762974	3.36e-64	246
NC_003074.8:7980083-7980633	NC_003070.9	85.714	231	20	4	317	546	3251256	3251474	9.41e-60	231
NC_003074.8:7980083-7980633	NC_003070.9	89.071	183	16	4	370	551	12240731	12240910	1.58e-57	224
NC_003074.8:7980083-7980633	NC_003070.9	88.525	183	18	3	370	551	13313697	13313517	7.33e-56	219
NC_003074.8:7980083-7980633	NC_003070.9	88.953	172	17	2	381	551	14012982	14012812	1.23e-53	211
NC_003074.8:7980083-7980633	NC_003070.9	88.068	176	18	3	379	551	8190384	8190559	5.71e-52	206
NC_003074.8:7980083-7980633	NC_003070.9	88.439	173	16	4	382	551	25358251	25358422	5.71e-52	206
NC_003074.8:7980083-7980633	NC_003070.9	83.122	237	14	10	317	551	29774473	29774261	4.44e-48	193
NC_003074.8:7980083-7980633	NC_003070.9	86.705	173	20	3	382	551	2588004	2587832	5.75e-47	189
NC_003074.8:7980083-7980633	NC_003070.9	88.889	153	16	1	400	551	21336375	21336527	2.07e-46	187
NC_003074.8:7980083-7980633	NC_003070.9	87.097	155	15	4	400	551	11174656	11174808	2.08e-41	171
NC_003074.8:7980083-7980633	NC_003070.9	85.207	169	17	2	382	549	26307342	26307503	2.69e-40	167
NC_003074.8:7980083-7980633	NC_003070.9	79.916	239	30	13	317	551	5437136	5436912	4.51e-38	159
NC_003074.8:7980083-7980633	NC_003070.9	83.529	170	22	5	384	551	13879220	13879055	2.10e-36	154
NC_003074.8:7980083-7980633	NC_003070.9	82.759	174	16	9	392	551	2587386	2587213	4.54e-33	143
NC_003074.8:7980083-7980633	NC_003070.9	76.804	194	27	10	330	520	21602156	21601978	4.64e-18	93.5
NC_003074.8:7980052-7980316	NC_003074.8	100.000	265	0	0	1	265	7980316	7980052	6.43e-138	490
NC_003074.8:7980052-7980316	NC_003074.8	93.590	234	14	1	1	234	5866197	5866429	4.10e-95	348
NC_003074.8:7980052-7980316	NC_003074.8	92.340	235	15	3	1	234	10405727	10405959	4.12e-90	331
NC_003074.8:7980052-7980316	NC_003074.8	91.983	237	16	3	1	236	17402233	17401999	1.48e-89	329
NC_003074.8:7980052-7980316	NC_003074.8	91.949	236	15	4	1	235	19740109	19740341	5.34e-89	327
NC_003074.8:7980052-7980316	NC_003074.8	91.525	236	18	2	1	235	15814258	15814492	6.90e-88	324
NC_003074.8:7980052-7980316	NC_003074.8	91.561	237	16	4	1	234	21552336	21552101	6.90e-88	324
NC_003074.8:7980052-7980316	NC_003074.8	91.489	235	17	3	1	234	11090672	11090440	8.93e-87	320
NC_003074.8:7980052-7980316	NC_003074.8	91.489	235	17	3	1	234	14057455	14057687	8.93e-87	320
NC_003074.8:7980052-7980316	NC_003074.8	91.064	235	19	2	1	234	6729158	6728925	1.15e-85	316
NC_003074.8:7980052-7980316	NC_003074.8	91.102	236	17	3	1	235	18634174	18633942	1.15e-85	316
NC_003074.8:7980052-7980316	NC_003074.8	91.064	235	16	3	1	234	23085860	23086090	1.49e-84	313
NC_003074.8:7980052-7980316	NC_003074.8	90.254	236	20	3	1	235	19437202	19437435	2.50e-82	305
NC_003074.8:7980052-7980316	NC_003074.8	89.212	241	21	5	1	238	3080259	3080021	1.50e-79	296
NC_003074.8:7980052-7980316	NC_003074.8	90.826	218	16	4	1	216	18171176	18170961	2.52e-77	289
NC_003074.8:7980052-7980316	NC_003074.8	91.866	209	14	3	30	236	20769804	20769597	2.52e-77	289
NC_003074.8:7980052-7980316	NC_003074.8	88.136	236	24	4	1	234	16723353	16723120	5.45e-74	278
NC_003074.8:7980052-7980316	NC_003074.8	87.448	239	24	6	1	235	11588872	11588636	9.12e-72	270
NC_003074.8:7980052-7980316	NC_003074.8	87.395	238	24	6	1	234	16678268	16678503	3.28e-71	268
NC_003074.8:7980052-7980316	NC_003074.8	88.085	235	15	4	1	234	7766395	7766617	1.18e-70	267
NC_003074.8:7980052-7980316	NC_003074.8	86.920	237	26	4	1	235	6940831	6940598	5.49e-69	261
NC_003074.8:7980052-7980316	NC_003074.8	88.496	226	13	4	1	225	8329281	8329494	5.49e-69	261
NC_003074.8:7980052-7980316	NC_003074.8	87.660	235	13	5	1	234	10718013	10717794	1.97e-68	259
NC_003074.8:7980052-7980316	NC_003074.8	87.234	235	15	3	1	234	10708959	10709179	9.18e-67	254
NC_003074.8:7980052-7980316	NC_003074.8	86.975	238	14	5	1	235	16405530	16405753	3.30e-66	252
NC_003074.8:7980052-7980316	NC_003074.8	86.441	236	25	7	1	232	18495381	18495149	3.30e-66	252
NC_003074.8:7980052-7980316	NC_003074.8	85.774	239	27	7	1	235	10901412	10901647	1.54e-64	246
NC_003074.8:7980052-7980316	NC_003074.8	86.383	235	17	3	1	234	18885844	18885624	1.99e-63	243
NC_003074.8:7980052-7980316	NC_003074.8	87.097	217	19	9	1	211	16534643	16534430	9.25e-62	237
NC_003074.8:7980052-7980316	NC_003074.8	88.506	174	11	3	64	236	10681555	10681390	3.37e-51	202
NC_003074.8:7980052-7980316	NC_003074.8	85.641	195	23	3	46	235	16234853	16234659	1.21e-50	200
NC_003074.8:7980052-7980316	NC_003074.8	82.553	235	23	5	1	232	16902980	16903199	7.30e-48	191
NC_003074.8:7980052-7980316	NC_003074.8	82.479	234	22	5	1	233	17209788	17209573	9.45e-47	187
NC_003074.8:7980052-7980316	NC_003074.8	90.714	140	11	2	1	139	4468267	4468405	3.40e-46	185
NC_003074.8:7980052-7980316	NC_003074.8	85.549	173	17	2	64	235	18172438	18172273	7.36e-43	174
NC_003074.8:7980052-7980316	NC_003074.8	86.928	153	17	3	61	212	422830	422680	3.42e-41	169
NC_003074.8:7980052-7980316	NC_003074.8	100.000	50	0	0	3	52	4579569	4579618	2.12e-18	93.5
NC_003074.8:7980052-7980316	NC_003074.8	87.671	73	5	3	23	93	7981814	7981884	4.59e-15	82.4
NC_003074.8:7980052-7980316	NC_003075.7	97.021	235	7	0	1	235	9111813	9111579	1.44e-109	396
NC_003074.8:7980052-7980316	NC_003075.7	92.766	235	13	3	1	234	1521588	1521819	8.87e-92	337
NC_003074.8:7980052-7980316	NC_003075.7	92.405	237	14	3	1	236	6115672	6115905	3.19e-91	335
NC_003074.8:7980052-7980316	NC_003075.7	90.558	233	18	3	1	232	2553718	2553947	2.50e-82	305
NC_003074.8:7980052-7980316	NC_003075.7	89.362	235	24	1	1	235	5391952	5391719	5.41e-79	294
NC_003074.8:7980052-7980316	NC_003075.7	89.030	237	19	7	1	234	572429	572197	9.06e-77	287
NC_003074.8:7980052-7980316	NC_003075.7	87.552	241	22	8	1	235	8899728	8899966	2.54e-72	272
NC_003074.8:7980052-7980316	NC_003075.7	87.398	246	19	7	1	234	14457956	14457711	2.54e-72	272
NC_003074.8:7980052-7980316	NC_003075.7	90.196	204	17	3	1	203	823723	823522	1.53e-69	263
NC_003074.8:7980052-7980316	NC_003075.7	86.864	236	17	10	13	235	12606710	12606476	3.30e-66	252
NC_003074.8:7980052-7980316	NC_003075.7	85.957	235	30	3	1	234	17501974	17502206	4.27e-65	248
NC_003074.8:7980052-7980316	NC_003075.7	85.185	243	27	7	1	238	7231370	7231608	7.15e-63	241
NC_003074.8:7980052-7980316	NC_003075.7	90.116	172	13	3	1	170	8820041	8819872	9.32e-57	220
NC_003074.8:7980052-7980316	NC_003075.7	91.195	159	13	1	1	159	6661318	6661475	4.33e-55	215
NC_003074.8:7980052-7980316	NC_003075.7	86.842	190	24	1	46	234	12365253	12365064	5.61e-54	211
NC_003074.8:7980052-7980316	NC_003075.7	83.613	238	20	8	1	234	6339694	6339472	2.61e-52	206
NC_003074.8:7980052-7980316	NC_003075.7	88.372	172	16	4	66	234	6426787	6426617	9.38e-52	204
NC_003074.8:7980052-7980316	NC_003075.7	87.931	174	19	2	63	234	7906195	7906368	9.38e-52	204
NC_003074.8:7980052-7980316	NC_003075.7	82.400	250	19	11	1	247	8947430	8947203	5.65e-49	195
NC_003074.8:7980052-7980316	NC_003075.7	92.143	140	7	4	1	139	12699154	12699290	5.65e-49	195
NC_003074.8:7980052-7980316	NC_003075.7	89.865	148	15	0	88	235	13124015	13123868	7.30e-48	191
NC_003074.8:7980052-7980316	NC_003075.7	86.047	172	21	2	66	234	7155205	7155376	4.40e-45	182
NC_003074.8:7980052-7980316	NC_003075.7	87.755	147	17	1	88	234	9146878	9147023	9.52e-42	171
NC_003074.8:7980052-7980316	NC_003075.7	93.056	72	3	2	1	71	1100912	1100982	9.79e-22	104
NC_003074.8:7980052-7980316	NC_003075.7	91.304	69	5	1	1	69	7572221	7572288	2.12e-18	93.5
NC_003074.8:7980052-7980316	NC_003071.7	96.581	234	8	0	1	234	13102127	13102360	2.41e-107	388
NC_003074.8:7980052-7980316	NC_003071.7	94.017	234	14	0	1	234	12556971	12557204	2.45e-97	355
NC_003074.8:7980052-7980316	NC_003071.7	93.886	229	12	2	1	229	13886248	13886474	5.30e-94	344
NC_003074.8:7980052-7980316	NC_003071.7	91.949	236	16	3	1	235	5038081	5038314	5.34e-89	327
NC_003074.8:7980052-7980316	NC_003071.7	90.756	238	17	5	1	235	2139151	2139386	1.49e-84	313
NC_003074.8:7980052-7980316	NC_003071.7	90.717	237	18	4	1	234	10996418	10996183	1.49e-84	313
NC_003074.8:7980052-7980316	NC_003071.7	87.732	269	26	6	1	265	1383789	1383524	6.95e-83	307
NC_003074.8:7980052-7980316	NC_003071.7	89.787	235	22	2	1	234	1597246	1597479	1.16e-80	300
NC_003074.8:7980052-7980316	NC_003071.7	89.407	236	22	3	1	234	5010321	5010087	5.41e-79	294
NC_003074.8:7980052-7980316	NC_003071.7	88.211	246	25	3	1	245	4306057	4306299	7.00e-78	291
NC_003074.8:7980052-7980316	NC_003071.7	91.121	214	15	4	1	211	4025742	4025954	9.06e-77	287
NC_003074.8:7980052-7980316	NC_003071.7	88.559	236	22	4	1	234	7340710	7340942	4.21e-75	281
NC_003074.8:7980052-7980316	NC_003071.7	89.593	221	16	5	30	245	2320728	2320946	7.05e-73	274
NC_003074.8:7980052-7980316	NC_003071.7	87.500	240	24	6	1	236	1322205	1321968	2.54e-72	272
NC_003074.8:7980052-7980316	NC_003071.7	88.066	243	12	8	1	242	9225695	9225469	2.54e-72	272
NC_003074.8:7980052-7980316	NC_003071.7	90.338	207	16	4	30	234	1038253	1038049	3.28e-71	268
NC_003074.8:7980052-7980316	NC_003071.7	88.085	235	15	4	1	234	6206817	6206595	1.18e-70	267
NC_003074.8:7980052-7980316	NC_003071.7	90.452	199	13	6	1	197	17147324	17147130	7.10e-68	257
NC_003074.8:7980052-7980316	NC_003071.7	86.192	239	26	7	1	235	3197852	3197617	3.30e-66	252
NC_003074.8:7980052-7980316	NC_003071.7	93.168	161	11	0	1	161	19172337	19172177	9.25e-62	237
NC_003074.8:7980052-7980316	NC_003071.7	84.810	237	20	6	1	235	1409934	1410156	7.20e-58	224
NC_003074.8:7980052-7980316	NC_003071.7	92.857	140	8	2	1	139	8173490	8173628	3.37e-51	202
NC_003074.8:7980052-7980316	NC_003071.7	82.988	241	21	4	1	236	15134549	15134774	1.21e-50	200
NC_003074.8:7980052-7980316	NC_003071.7	92.143	140	8	3	1	139	10070309	10070172	5.65e-49	195
NC_003074.8:7980052-7980316	NC_003071.7	92.029	138	9	2	1	137	9030464	9030600	2.03e-48	193
NC_003074.8:7980052-7980316	NC_003071.7	83.051	236	14	10	1	234	1347423	1347212	7.30e-48	191
NC_003074.8:7980052-7980316	NC_003071.7	86.441	177	17	6	64	234	826099	826274	9.45e-47	187
NC_003074.8:7980052-7980316	NC_003071.7	86.705	173	15	2	64	235	8907832	8907997	3.40e-46	185
NC_003074.8:7980052-7980316	NC_003071.7	89.041	146	14	2	90	234	9311474	9311618	1.58e-44	180
NC_003074.8:7980052-7980316	NC_003071.7	85.465	172	17	2	64	234	9891410	9891246	2.65e-42	172
NC_003074.8:7980052-7980316	NC_003071.7	82.243	214	19	8	1	211	9455968	9456165	1.23e-40	167
NC_003074.8:7980052-7980316	NC_003071.7	81.277	235	19	12	13	234	9860177	9859955	1.23e-40	167
NC_003074.8:7980052-7980316	NC_003071.7	86.555	119	12	4	30	146	11909052	11908936	5.81e-29	128
NC_003074.8:7980052-7980316	NC_003071.7	84.173	139	8	3	1	139	14572549	14572673	2.70e-27	122
NC_003074.8:7980052-7980316	NC_003070.9	94.894	235	11	1	1	235	19769341	19769574	1.13e-100	366
NC_003074.8:7980052-7980316	NC_003070.9	94.444	234	13	0	1	234	10021647	10021414	5.26e-99	361
NC_003074.8:7980052-7980316	NC_003070.9	93.617	235	12	3	1	234	23125363	23125131	4.10e-95	348
NC_003074.8:7980052-7980316	NC_003070.9	92.766	235	17	0	1	235	11803777	11803543	6.85e-93	340
NC_003074.8:7980052-7980316	NC_003070.9	92.340	235	18	0	1	235	28891613	28891379	3.19e-91	335
NC_003074.8:7980052-7980316	NC_003070.9	91.915	235	15	3	1	234	4770346	4770115	1.92e-88	326
NC_003074.8:7980052-7980316	NC_003070.9	91.915	235	16	3	1	234	12097785	12098017	1.92e-88	326
NC_003074.8:7980052-7980316	NC_003070.9	91.915	235	16	3	1	234	21918752	21918984	1.92e-88	326
NC_003074.8:7980052-7980316	NC_003070.9	91.915	235	16	3	1	234	26510902	26510670	1.92e-88	326
NC_003074.8:7980052-7980316	NC_003070.9	91.489	235	17	2	1	235	24645834	24646065	8.93e-87	320
NC_003074.8:7980052-7980316	NC_003070.9	91.489	235	17	3	1	234	25780005	25780237	8.93e-87	320
NC_003074.8:7980052-7980316	NC_003070.9	91.102	236	16	5	1	234	21615529	21615297	4.15e-85	315
NC_003074.8:7980052-7980316	NC_003070.9	90.717	237	17	5	1	234	5863278	5863512	5.37e-84	311
NC_003074.8:7980052-7980316	NC_003070.9	90.336	238	17	4	1	234	13811138	13810903	6.95e-83	307
NC_003074.8:7980052-7980316	NC_003070.9	88.618	246	25	3	1	244	8622991	8622747	1.50e-79	296
NC_003074.8:7980052-7980316	NC_003070.9	88.983	236	23	3	1	234	21739310	21739076	2.52e-77	289
NC_003074.8:7980052-7980316	NC_003070.9	87.967	241	23	6	1	237	10579906	10580144	1.52e-74	279
NC_003074.8:7980052-7980316	NC_003070.9	87.903	248	17	9	1	235	17502561	17502808	1.52e-74	279
NC_003074.8:7980052-7980316	NC_003070.9	86.905	252	24	9	1	247	21128637	21128884	7.05e-73	274
NC_003074.8:7980052-7980316	NC_003070.9	89.450	218	19	4	30	245	9384365	9384150	2.54e-72	272
NC_003074.8:7980052-7980316	NC_003070.9	88.235	238	15	9	13	237	13870210	13870447	2.54e-72	272
NC_003074.8:7980052-7980316	NC_003070.9	88.511	235	14	4	1	234	26881054	26881276	2.54e-72	272
NC_003074.8:7980052-7980316	NC_003070.9	87.815	238	20	7	1	234	696706	696474	9.12e-72	270
NC_003074.8:7980052-7980316	NC_003070.9	90.385	208	17	3	30	235	18300475	18300269	9.12e-72	270
NC_003074.8:7980052-7980316	NC_003070.9	90.291	206	17	2	1	205	587697	587494	1.18e-70	267
NC_003074.8:7980052-7980316	NC_003070.9	88.889	225	12	8	1	212	6218812	6218588	4.24e-70	265
NC_003074.8:7980052-7980316	NC_003070.9	89.855	207	17	4	30	234	8539559	8539763	1.53e-69	263
NC_003074.8:7980052-7980316	NC_003070.9	88.837	215	18	5	1	211	4583325	4583537	1.97e-68	259
NC_003074.8:7980052-7980316	NC_003070.9	87.342	237	14	6	1	235	2473120	2472898	7.10e-68	257
NC_003074.8:7980052-7980316	NC_003070.9	86.555	238	26	6	1	234	11669592	11669357	7.10e-68	257
NC_003074.8:7980052-7980316	NC_003070.9	86.555	238	25	6	1	234	9418297	9418063	2.55e-67	255
NC_003074.8:7980052-7980316	NC_003070.9	87.288	236	15	5	1	234	27241053	27241275	2.55e-67	255
NC_003074.8:7980052-7980316	NC_003070.9	87.234	235	15	4	1	234	16400669	16400449	9.18e-67	254
NC_003074.8:7980052-7980316	NC_003070.9	85.141	249	29	8	1	245	20559835	20559591	4.27e-65	248
NC_003074.8:7980052-7980316	NC_003070.9	86.937	222	23	6	1	218	3762755	3762974	5.53e-64	244
NC_003074.8:7980052-7980316	NC_003070.9	86.383	235	17	3	1	234	540653	540433	1.99e-63	243
NC_003074.8:7980052-7980316	NC_003070.9	86.441	236	15	6	1	235	5899424	5899205	1.99e-63	243
NC_003074.8:7980052-7980316	NC_003070.9	85.837	233	16	7	1	232	10931254	10931470	4.30e-60	231
NC_003074.8:7980052-7980316	NC_003070.9	85.897	234	13	7	1	234	29244472	29244685	4.30e-60	231
NC_003074.8:7980052-7980316	NC_003070.9	85.652	230	20	4	1	229	3251257	3251474	1.55e-59	230
NC_003074.8:7980052-7980316	NC_003070.9	89.189	185	16	4	53	236	12240731	12240912	5.57e-59	228
NC_003074.8:7980052-7980316	NC_003070.9	85.294	238	16	7	1	234	20205576	20205354	5.57e-59	228
NC_003074.8:7980052-7980316	NC_003070.9	88.525	183	18	3	53	234	13313697	13313517	3.35e-56	219
NC_003074.8:7980052-7980316	NC_003070.9	83.898	236	22	5	1	234	11732684	11732905	5.61e-54	211
NC_003074.8:7980052-7980316	NC_003070.9	88.953	172	17	2	64	234	14012982	14012812	5.61e-54	211
NC_003074.8:7980052-7980316	NC_003070.9	88.136	177	18	3	62	235	8190384	8190560	7.25e-53	207
NC_003074.8:7980052-7980316	NC_003070.9	87.500	184	18	5	65	245	25358251	25358432	7.25e-53	207
NC_003074.8:7980052-7980316	NC_003070.9	83.613	238	20	7	1	237	22192337	22192556	2.61e-52	206
NC_003074.8:7980052-7980316	NC_003070.9	83.122	237	14	10	1	235	29774472	29774260	2.03e-48	193
NC_003074.8:7980052-7980316	NC_003070.9	86.705	173	20	3	65	234	2588004	2587832	2.63e-47	189
NC_003074.8:7980052-7980316	NC_003070.9	88.889	153	16	1	83	234	21336375	21336527	9.45e-47	187
NC_003074.8:7980052-7980316	NC_003070.9	87.179	156	15	4	83	235	11174656	11174809	2.65e-42	172
NC_003074.8:7980052-7980316	NC_003070.9	85.207	169	17	2	65	232	26307342	26307503	1.23e-40	167
NC_003074.8:7980052-7980316	NC_003070.9	81.356	236	14	9	1	235	10852871	10852665	4.43e-40	165
NC_003074.8:7980052-7980316	NC_003070.9	79.832	238	30	13	1	234	5437135	5436912	7.41e-38	158
NC_003074.8:7980052-7980316	NC_003070.9	83.529	170	22	5	67	234	13879220	13879055	9.58e-37	154
NC_003074.8:7980052-7980316	NC_003070.9	82.759	174	16	9	75	234	2587386	2587213	2.07e-33	143
NC_003074.8:7980052-7980316	NC_003070.9	76.804	194	27	10	13	203	21602156	21601978	2.12e-18	93.5
NC_003074.8:7980052-7980316	NC_003076.8	94.468	235	11	2	1	235	26787337	26787105	5.26e-99	361
NC_003074.8:7980052-7980316	NC_003076.8	93.277	238	10	4	1	237	8749242	8749474	1.47e-94	346
NC_003074.8:7980052-7980316	NC_003076.8	91.935	248	15	5	1	245	6420063	6419818	1.91e-93	342
NC_003074.8:7980052-7980316	NC_003076.8	93.191	235	13	3	1	234	17726753	17726985	1.91e-93	342
NC_003074.8:7980052-7980316	NC_003076.8	92.340	235	15	3	1	234	24449143	24449375	4.12e-90	331
NC_003074.8:7980052-7980316	NC_003076.8	91.983	237	15	4	1	236	19101877	19102110	1.48e-89	329
NC_003074.8:7980052-7980316	NC_003076.8	91.102	236	17	4	1	235	6702158	6701926	1.15e-85	316
NC_003074.8:7980052-7980316	NC_003076.8	90.123	243	18	4	1	238	9068406	9068165	5.37e-84	311
NC_003074.8:7980052-7980316	NC_003076.8	90.254	236	19	4	1	234	8602052	8601819	2.50e-82	305
NC_003074.8:7980052-7980316	NC_003076.8	90.295	237	18	4	1	234	22621412	22621178	2.50e-82	305
NC_003074.8:7980052-7980316	NC_003076.8	90.213	235	19	4	1	234	5625389	5625620	8.99e-82	303
NC_003074.8:7980052-7980316	NC_003076.8	90.213	235	18	1	1	235	9854663	9854892	3.23e-81	302
NC_003074.8:7980052-7980316	NC_003076.8	89.873	237	19	5	1	235	14080070	14080303	1.16e-80	300
NC_003074.8:7980052-7980316	NC_003076.8	88.333	240	23	5	1	236	3566680	3566918	1.17e-75	283
NC_003074.8:7980052-7980316	NC_003076.8	89.686	223	17	6	1	221	5648112	5647894	1.52e-74	279
NC_003074.8:7980052-7980316	NC_003076.8	87.903	248	17	8	1	235	7417662	7417909	1.52e-74	279
NC_003074.8:7980052-7980316	NC_003076.8	88.235	238	22	5	1	234	15162887	15163122	1.52e-74	279
NC_003074.8:7980052-7980316	NC_003076.8	87.854	247	14	7	1	245	9557882	9557650	1.96e-73	276
NC_003074.8:7980052-7980316	NC_003076.8	87.764	237	16	4	1	236	16871257	16871481	4.24e-70	265
NC_003074.8:7980052-7980316	NC_003076.8	87.660	235	14	3	1	234	15581121	15581341	1.97e-68	259
NC_003074.8:7980052-7980316	NC_003076.8	87.288	236	17	4	1	235	13892352	13892129	7.10e-68	257
NC_003074.8:7980052-7980316	NC_003076.8	86.864	236	17	2	1	235	14810604	14810826	3.30e-66	252
NC_003074.8:7980052-7980316	NC_003076.8	88.152	211	22	3	30	238	16030754	16030545	4.27e-65	248
NC_003074.8:7980052-7980316	NC_003076.8	85.654	237	27	7	1	232	7488327	7488093	1.99e-63	243
NC_003074.8:7980052-7980316	NC_003076.8	91.111	180	14	2	1	180	22335257	22335080	1.99e-63	243
NC_003074.8:7980052-7980316	NC_003076.8	87.963	216	13	7	1	203	26015635	26015850	1.99e-63	243
NC_003074.8:7980052-7980316	NC_003076.8	85.169	236	29	5	1	232	22021625	22021858	9.25e-62	237
NC_003074.8:7980052-7980316	NC_003076.8	89.130	184	16	4	53	235	13231894	13232074	2.00e-58	226
NC_003074.8:7980052-7980316	NC_003076.8	83.721	258	23	10	1	242	15031162	15030908	2.00e-58	226
NC_003074.8:7980052-7980316	NC_003076.8	84.937	239	17	6	1	238	14395249	14395029	7.20e-58	224
NC_003074.8:7980052-7980316	NC_003076.8	84.937	239	17	6	1	238	14454548	14454328	7.20e-58	224
NC_003074.8:7980052-7980316	NC_003076.8	86.047	215	23	7	1	211	15535362	15535151	7.20e-58	224
NC_003074.8:7980052-7980316	NC_003076.8	85.106	235	11	8	1	234	14103878	14103667	3.35e-56	219
NC_003074.8:7980052-7980316	NC_003076.8	89.080	174	17	2	64	235	350239	350412	4.33e-55	215
NC_003074.8:7980052-7980316	NC_003076.8	82.692	260	19	12	1	234	24118291	24118550	7.25e-53	207
NC_003074.8:7980052-7980316	NC_003076.8	84.255	235	14	7	1	234	24586844	24587056	7.25e-53	207
NC_003074.8:7980052-7980316	NC_003076.8	88.372	172	18	2	63	232	14880640	14880811	2.61e-52	206
NC_003074.8:7980052-7980316	NC_003076.8	92.857	140	8	2	1	139	9867497	9867635	3.37e-51	202
NC_003074.8:7980052-7980316	NC_003076.8	92.857	140	8	2	1	139	24314284	24314422	3.37e-51	202
NC_003074.8:7980052-7980316	NC_003076.8	83.475	236	18	10	1	233	19408596	19408379	1.21e-50	200
NC_003074.8:7980052-7980316	NC_003076.8	92.143	140	9	2	1	139	26893189	26893327	1.57e-49	196
NC_003074.8:7980052-7980316	NC_003076.8	92.086	139	9	2	1	139	17398094	17397958	5.65e-49	195
NC_003074.8:7980052-7980316	NC_003076.8	86.628	172	15	2	64	234	10041976	10041812	1.22e-45	183
NC_003074.8:7980052-7980316	NC_003076.8	85.549	173	17	2	65	236	22464039	22464204	7.36e-43	174
NC_003074.8:7980052-7980316	NC_003076.8	88.112	143	14	3	64	203	19480000	19480142	1.23e-40	167
NC_003074.8:7980052-7980316	NC_003076.8	84.024	169	25	2	66	232	9546163	9546331	5.73e-39	161
NC_003074.8:7980052-7980316	NC_003076.8	92.793	111	7	1	1	111	13678824	13678715	2.06e-38	159
NC_003074.8:7980052-7980316	NC_003076.8	78.541	233	34	7	1	232	8671466	8671683	2.68e-32	139
NC_003074.8:7980052-7980316	NC_003076.8	95.890	73	2	1	1	73	4937293	4937364	1.26e-25	117
NC_003074.8:7980052-7980316	NC_003076.8	79.474	190	16	12	17	203	17247876	17247707	1.63e-24	113
NC_003074.8:7980052-7980316	NC_003076.8	98.276	58	1	0	1	58	706666	706609	3.52e-21	102
NC_003074.8:7980052-7980316	NC_003076.8	95.161	62	0	2	3	61	15882626	15882687	5.89e-19	95.3
NC_003074.8:8188933-8189248	NC_003074.8	100.000	316	0	0	1	316	8188933	8189248	3.48e-166	584
NC_003074.8:8188933-8189248	NC_003074.8	93.060	317	21	1	1	316	17396295	17395979	1.70e-129	462
NC_003074.8:8188933-8189248	NC_003074.8	91.824	318	23	3	1	316	5623808	5624124	7.96e-123	440
NC_003074.8:8188933-8189248	NC_003074.8	91.139	316	27	1	2	316	20483361	20483046	6.20e-119	427
NC_003074.8:8188933-8189248	NC_003074.8	92.256	297	20	2	1	296	16881579	16881873	3.73e-116	418
NC_003074.8:8188933-8189248	NC_003074.8	90.645	310	24	2	8	316	20485925	20485620	8.08e-113	407
NC_003074.8:8188933-8189248	NC_003074.8	95.238	147	7	0	17	163	10865705	10865851	1.45e-60	233
NC_003074.8:8188933-8189248	NC_003074.8	91.124	169	14	1	149	316	10865881	10866049	6.75e-59	228
NC_003074.8:8188933-8189248	NC_003074.8	76.161	323	50	17	1	316	15293261	15293563	6.99e-34	145
NC_003074.8:8188933-8189248	NC_003074.8	91.429	70	6	0	247	316	9558272	9558203	1.99e-19	97.1
NC_003074.8:8188933-8189248	NC_003076.8	93.375	317	19	2	1	316	19930526	19930211	3.65e-131	468
NC_003074.8:8188933-8189248	NC_003076.8	93.082	318	18	3	1	316	7712908	7713223	1.70e-129	462
NC_003074.8:8188933-8189248	NC_003076.8	92.429	317	23	1	1	316	17956859	17957175	3.68e-126	451
NC_003074.8:8188933-8189248	NC_003076.8	91.824	318	24	2	1	316	13984006	13984323	2.21e-123	442
NC_003074.8:8188933-8189248	NC_003076.8	90.852	317	24	3	1	316	5128804	5128492	1.04e-116	420
NC_003074.8:8188933-8189248	NC_003076.8	90.476	315	29	1	3	316	8684777	8685091	4.83e-115	414
NC_003074.8:8188933-8189248	NC_003076.8	90.221	317	21	4	1	316	355897	356204	2.91e-112	405
NC_003074.8:8188933-8189248	NC_003076.8	89.655	319	30	2	1	316	20399520	20399838	1.04e-111	403
NC_003074.8:8188933-8189248	NC_003076.8	88.644	317	30	2	1	316	19672531	19672842	4.90e-105	381
NC_003074.8:8188933-8189248	NC_003076.8	95.385	65	3	0	252	316	15341278	15341214	1.19e-21	104
NC_003074.8:8188933-8189248	NC_003071.7	93.375	317	19	2	1	316	19195725	19195410	3.65e-131	468
NC_003074.8:8188933-8189248	NC_003071.7	92.744	317	21	2	1	316	6085011	6085326	7.91e-128	457
NC_003074.8:8188933-8189248	NC_003071.7	92.744	317	22	1	1	316	12554351	12554035	7.91e-128	457
NC_003074.8:8188933-8189248	NC_003071.7	92.089	316	24	1	1	316	1459161	1458847	6.16e-124	444
NC_003074.8:8188933-8189248	NC_003071.7	91.615	322	18	5	1	316	5465241	5464923	1.03e-121	436
NC_003074.8:8188933-8189248	NC_003071.7	91.483	317	26	1	1	316	10467593	10467277	3.71e-121	435
NC_003074.8:8188933-8189248	NC_003071.7	88.013	317	15	9	1	316	6102433	6102727	1.07e-96	353
NC_003074.8:8188933-8189248	NC_003071.7	92.523	214	15	1	104	316	11397698	11397485	3.03e-82	305
NC_003074.8:8188933-8189248	NC_003071.7	92.405	158	11	1	1	157	5842795	5842638	8.73e-58	224
NC_003074.8:8188933-8189248	NC_003075.7	93.038	316	18	3	3	316	312515	312202	2.20e-128	459
NC_003074.8:8188933-8189248	NC_003075.7	92.744	317	22	1	1	316	6179259	6179575	7.91e-128	457
NC_003074.8:8188933-8189248	NC_003075.7	91.798	317	25	1	1	316	7058919	7058603	7.96e-123	440
NC_003074.8:8188933-8189248	NC_003075.7	90.190	316	29	2	3	316	6281233	6281548	6.24e-114	411
NC_003074.8:8188933-8189248	NC_003075.7	89.905	317	22	2	1	316	5355416	5355723	1.35e-110	399
NC_003074.8:8188933-8189248	NC_003075.7	90.411	292	20	8	1	284	9440217	9440508	6.33e-104	377
NC_003074.8:8188933-8189248	NC_003070.9	92.744	317	22	1	1	316	19086527	19086843	7.91e-128	457
NC_003074.8:8188933-8189248	NC_003070.9	92.744	317	22	1	1	316	19172376	19172060	7.91e-128	457
NC_003074.8:8188933-8189248	NC_003070.9	92.429	317	22	2	1	316	2234135	2233820	3.68e-126	451
NC_003074.8:8188933-8189248	NC_003070.9	92.429	317	21	3	1	316	8289818	8289504	1.32e-125	449
NC_003074.8:8188933-8189248	NC_003070.9	92.114	317	24	1	1	316	17551504	17551188	1.71e-124	446
NC_003074.8:8188933-8189248	NC_003070.9	92.929	297	18	3	3	297	1975387	1975092	1.72e-119	429
NC_003074.8:8188933-8189248	NC_003070.9	91.986	287	21	2	1	286	18745244	18744959	3.76e-111	401
NC_003074.8:8188933-8189248	NC_003070.9	89.905	317	22	5	1	316	12854244	12853937	1.35e-110	399
NC_003074.8:8188933-8189248	NC_003070.9	91.393	244	19	2	1	242	14297979	14297736	1.39e-90	333
NC_003074.8:8188933-8189248	NC_003070.9	76.955	243	39	6	81	316	19736352	19736584	3.28e-27	122
NC_003074.8:8188933-8189248	NC_003070.9	91.860	86	7	0	231	316	14296518	14296433	1.18e-26	121
NC_003074.8:8188933-8189248	NC_003070.9	95.238	63	3	0	254	316	23175143	23175205	1.54e-20	100
