NC_003075.7:6700726-6701357	NC_003075.7	100.000	632	0	0	1	632	6700726	6701357	0.0	1168
NC_003075.7:6700726-6701357	NC_003075.7	95.813	406	13	4	228	632	6700644	6700242	0.0	652
NC_003075.7:6700726-6701357	NC_003075.7	95.202	396	17	2	238	632	1230885	1230491	4.27e-178	625
NC_003075.7:6700726-6701357	NC_003075.7	94.103	390	22	1	238	626	1231343	1231732	4.33e-168	592
NC_003075.7:6700726-6701357	NC_003075.7	97.107	242	7	0	1	242	1230975	1231216	4.68e-113	409
NC_003075.7:6700726-6701357	NC_003075.7	89.344	244	21	5	391	632	1230974	1230734	8.17e-81	302
NC_003075.7:6700726-6701357	NC_003075.7	88.393	224	25	1	410	632	1231271	1231494	8.28e-71	268
NC_003075.7:6700726-6701357	NC_003075.7	85.656	244	32	3	390	632	2430994	2430753	2.32e-66	254
NC_003075.7:6700726-6701357	NC_003075.7	83.197	244	38	3	390	632	14250204	14249963	2.35e-56	220
NC_003075.7:6700726-6701357	NC_003075.7	81.224	245	42	4	390	632	14250752	14250994	1.43e-48	195
NC_003075.7:6700726-6701357	NC_003075.7	88.889	153	14	2	238	389	1230641	1230491	8.58e-46	185
NC_003075.7:6700726-6701357	NC_003075.7	91.228	114	10	0	279	392	1861740	1861853	6.73e-37	156
NC_003075.7:6700726-6701357	NC_003075.7	89.286	112	10	2	522	632	1861740	1861850	6.78e-32	139
NC_003075.7:6700726-6701357	NC_003075.7	96.053	76	3	0	1	76	3300520	3300445	1.90e-27	124
NC_003075.7:6700726-6701357	NC_003076.8	95.214	397	15	4	238	632	26070210	26069816	4.27e-178	625
NC_003075.7:6700726-6701357	NC_003076.8	94.177	395	21	2	238	631	14610866	14610473	7.19e-171	601
NC_003075.7:6700726-6701357	NC_003076.8	94.192	396	19	3	238	632	18981096	18981488	7.19e-171	601
NC_003075.7:6700726-6701357	NC_003076.8	93.000	400	23	2	238	632	14611418	14611817	3.37e-164	579
NC_003075.7:6700726-6701357	NC_003076.8	92.714	398	26	3	238	632	18980556	18980159	5.64e-162	571
NC_003075.7:6700726-6701357	NC_003076.8	91.667	396	30	3	238	631	9710450	9710844	3.42e-154	545
NC_003075.7:6700726-6701357	NC_003076.8	90.955	398	32	4	238	632	9709910	9709514	2.66e-150	532
NC_003075.7:6700726-6701357	NC_003076.8	90.489	368	31	4	267	632	12277101	12277466	2.72e-135	483
NC_003075.7:6700726-6701357	NC_003076.8	98.347	242	4	0	1	242	18980647	18980888	4.64e-118	425
NC_003075.7:6700726-6701357	NC_003076.8	97.934	242	5	0	1	242	14611315	14611074	2.16e-116	420
NC_003075.7:6700726-6701357	NC_003076.8	94.215	242	14	0	1	242	9710359	9710118	2.21e-101	370
NC_003075.7:6700726-6701357	NC_003076.8	94.215	242	14	0	1	242	12276683	12276924	2.21e-101	370
NC_003075.7:6700726-6701357	NC_003076.8	96.410	195	7	0	48	242	26070612	26070418	6.27e-87	322
NC_003075.7:6700726-6701357	NC_003076.8	88.934	244	22	5	390	631	9710360	9710600	3.80e-79	296
NC_003075.7:6700726-6701357	NC_003076.8	87.398	246	26	5	390	632	9710001	9709758	1.38e-73	278
NC_003075.7:6700726-6701357	NC_003076.8	87.347	245	27	4	390	632	26070301	26070059	1.38e-73	278
NC_003075.7:6700726-6701357	NC_003076.8	83.401	247	32	9	390	632	5114528	5114769	2.35e-56	220
NC_003075.7:6700726-6701357	NC_003076.8	83.613	238	23	9	390	626	26070640	26070862	5.09e-53	209
NC_003075.7:6700726-6701357	NC_003076.8	91.447	152	11	2	238	388	9710694	9710844	1.83e-52	207
NC_003075.7:6700726-6701357	NC_003076.8	88.742	151	17	0	238	388	14610623	14610473	8.58e-46	185
NC_003075.7:6700726-6701357	NC_003076.8	88.235	153	16	2	238	389	14611666	14611817	1.11e-44	182
NC_003075.7:6700726-6701357	NC_003076.8	85.484	124	15	3	510	632	12277101	12277222	5.27e-28	126
NC_003075.7:6700726-6701357	NC_003076.8	82.000	150	12	6	238	386	26070730	26070865	4.11e-24	113
NC_003075.7:6700726-6701357	NC_003076.8	89.552	67	5	2	566	632	12276654	12276590	3.22e-15	84.2
NC_003075.7:6700726-6701357	NC_003076.8	95.745	47	1	1	176	221	5113545	5113499	1.94e-12	75.0
NC_003075.7:6700726-6701357	NC_003074.8	94.103	390	20	3	238	625	12129391	12129779	1.56e-167	590
NC_003075.7:6700726-6701357	NC_003074.8	91.960	398	27	5	238	632	12128850	12128455	2.04e-156	553
NC_003075.7:6700726-6701357	NC_003074.8	91.111	405	25	5	238	632	15864129	15864532	5.72e-152	538
NC_003075.7:6700726-6701357	NC_003074.8	96.281	242	9	0	1	242	12128942	12129183	1.01e-109	398
NC_003075.7:6700726-6701357	NC_003074.8	95.455	242	11	0	1	242	15864038	15863797	2.19e-106	387
NC_003075.7:6700726-6701357	NC_003074.8	88.571	245	24	4	390	632	12129300	12129542	1.37e-78	294
NC_003075.7:6700726-6701357	NC_003074.8	91.781	146	10	2	238	382	12129635	12129779	8.52e-51	202
NC_003075.7:6700726-6701357	NC_003074.8	88.034	117	10	4	392	506	15863677	15863563	8.76e-31	135
NC_003075.7:6700726-6701357	NC_003071.7	88.803	259	22	7	377	632	5112094	5111840	1.36e-83	311
NC_003075.7:6700726-6701357	NC_003071.7	92.857	154	9	1	238	391	5111989	5111838	6.54e-57	222
NC_003075.7:6700726-6701357	NC_003070.9	85.246	244	33	3	390	632	18386651	18386410	1.08e-64	248
NC_003075.7:6700726-6701357	NC_003070.9	84.362	243	35	3	390	631	12139102	12138862	8.40e-61	235
NC_003075.7:6700726-6701357	NC_003070.9	83.197	244	39	2	390	632	18387244	18387486	6.54e-57	222
NC_003075.7:6700726-6701357	NC_003070.9	93.617	47	2	1	176	221	12140081	12140127	9.02e-11	69.4
NC_003076.8:19912701-19913547	NC_003076.8	100.000	847	0	0	1	847	19912701	19913547	0.0	1565
NC_003076.8:19912701-19913547	NC_003076.8	94.085	710	29	6	1	697	17956549	17955840	0.0	1066
NC_003076.8:19912701-19913547	NC_003076.8	89.089	889	47	14	1	847	14079422	14080302	0.0	1059
NC_003076.8:19912701-19913547	NC_003076.8	88.839	887	55	16	1	845	13733608	13734492	0.0	1050
NC_003076.8:19912701-19913547	NC_003076.8	88.764	890	55	14	1	847	20279501	20278614	0.0	1048
NC_003076.8:19912701-19913547	NC_003076.8	90.162	803	48	13	2	777	5648763	5647965	0.0	1016
NC_003076.8:19912701-19913547	NC_003076.8	92.475	691	33	11	1	675	26891637	26892324	0.0	970
NC_003076.8:19912701-19913547	NC_003076.8	92.017	689	35	11	2	675	17481151	17481834	0.0	950
NC_003076.8:19912701-19913547	NC_003076.8	85.909	880	78	27	2	847	15162255	15163122	0.0	896
NC_003076.8:19912701-19913547	NC_003076.8	86.957	805	72	13	2	777	7488977	7488177	0.0	874
NC_003076.8:19912701-19913547	NC_003076.8	86.774	809	70	21	1	778	15536013	15535211	0.0	867
NC_003076.8:19912701-19913547	NC_003076.8	84.828	903	76	20	2	847	15031812	15030914	0.0	852
NC_003076.8:19912701-19913547	NC_003076.8	86.156	809	75	20	2	778	22020973	22021776	0.0	839
NC_003076.8:19912701-19913547	NC_003076.8	84.677	868	87	16	13	847	26892545	26893399	0.0	824
NC_003076.8:19912701-19913547	NC_003076.8	83.768	881	95	19	1	847	9866840	9867706	0.0	791
NC_003076.8:19912701-19913547	NC_003076.8	83.614	891	88	26	1	847	8602695	8601819	0.0	784
NC_003076.8:19912701-19913547	NC_003076.8	83.520	892	85	18	1	847	23130215	23129341	0.0	776
NC_003076.8:19912701-19913547	NC_003076.8	83.762	856	99	21	2	824	17398749	17397901	0.0	774
NC_003076.8:19912701-19913547	NC_003076.8	83.314	875	95	18	2	847	16372999	16373851	0.0	760
NC_003076.8:19912701-19913547	NC_003076.8	82.460	878	99	20	2	847	24313641	24314495	0.0	717
NC_003076.8:19912701-19913547	NC_003076.8	85.282	727	65	21	2	697	9298126	9298841	0.0	712
NC_003076.8:19912701-19913547	NC_003076.8	81.498	881	86	37	2	847	16031387	16030549	0.0	652
NC_003076.8:19912701-19913547	NC_003076.8	88.235	153	15	3	627	778	22335258	22335108	5.41e-44	180
NC_003076.8:19912701-19913547	NC_003076.8	81.498	227	32	9	627	847	14810603	14810825	1.95e-43	178
NC_003076.8:19912701-19913547	NC_003076.8	88.095	84	8	2	2	84	13561517	13561599	1.56e-19	99.0
NC_003076.8:19912701-19913547	NC_003076.8	87.692	65	7	1	1	64	19101557	19101621	2.63e-12	75.0
NC_003076.8:19912701-19913547	NC_003070.9	97.044	778	21	2	1	778	14014232	14013457	0.0	1308
NC_003076.8:19912701-19913547	NC_003070.9	87.872	874	59	16	2	847	21616151	21615297	0.0	983
NC_003076.8:19912701-19913547	NC_003070.9	85.811	888	74	28	5	847	9418943	9418063	0.0	894
NC_003076.8:19912701-19913547	NC_003070.9	85.169	890	77	25	5	847	20167552	20166671	0.0	861
NC_003076.8:19912701-19913547	NC_003070.9	85.011	894	81	28	1	847	12618637	12619524	0.0	859
NC_003076.8:19912701-19913547	NC_003070.9	84.865	892	79	29	2	847	21127989	21128870	0.0	848
NC_003076.8:19912701-19913547	NC_003070.9	86.156	809	74	17	2	777	11670245	11669442	0.0	839
NC_003076.8:19912701-19913547	NC_003070.9	84.719	890	76	34	2	847	9385033	9384160	0.0	835
NC_003076.8:19912701-19913547	NC_003070.9	84.222	900	85	22	1	847	20513678	20514573	0.0	822
NC_003076.8:19912701-19913547	NC_003070.9	84.270	890	79	26	2	847	18301142	18300270	0.0	811
NC_003076.8:19912701-19913547	NC_003070.9	84.193	892	80	18	1	847	8538888	8539763	0.0	809
NC_003076.8:19912701-19913547	NC_003070.9	84.643	827	80	22	14	810	3250618	3251427	0.0	780
NC_003076.8:19912701-19913547	NC_003070.9	83.352	907	84	24	2	847	697374	696474	0.0	776
NC_003076.8:19912701-19913547	NC_003070.9	83.184	892	91	19	1	847	5437789	5436912	0.0	761
NC_003076.8:19912701-19913547	NC_003070.9	82.867	893	95	30	1	847	29775141	29774261	0.0	749
NC_003076.8:19912701-19913547	NC_003070.9	84.400	750	82	14	1	718	6514475	6515221	0.0	704
NC_003076.8:19912701-19913547	NC_003070.9	83.611	720	60	19	1	664	10239319	10240036	2.08e-177	623
NC_003076.8:19912701-19913547	NC_003070.9	86.106	583	45	18	1	553	3762157	3762733	4.53e-169	595
NC_003076.8:19912701-19913547	NC_003070.9	87.395	238	13	5	2	224	10579424	10579659	2.43e-67	257
NC_003076.8:19912701-19913547	NC_003070.9	85.650	223	12	7	37	241	20560283	20560063	4.12e-55	217
NC_003076.8:19912701-19913547	NC_003070.9	86.567	201	13	2	2	188	20172809	20172609	6.90e-53	209
NC_003076.8:19912701-19913547	NC_003070.9	80.085	236	16	8	627	847	5899425	5899206	5.49e-34	147
NC_003076.8:19912701-19913547	NC_003075.7	91.531	862	23	5	1	847	9192542	9193368	0.0	1142
NC_003076.8:19912701-19913547	NC_003075.7	88.774	873	39	11	2	847	6242979	6243819	0.0	1014
NC_003076.8:19912701-19913547	NC_003075.7	87.639	809	62	20	2	778	8899077	8899879	0.0	905
NC_003076.8:19912701-19913547	NC_003075.7	87.021	809	67	16	1	778	8820691	8819890	0.0	878
NC_003076.8:19912701-19913547	NC_003075.7	84.835	877	90	16	1	847	12698499	12699362	0.0	843
NC_003076.8:19912701-19913547	NC_003075.7	84.770	893	73	19	1	847	6169230	6168355	0.0	837
NC_003076.8:19912701-19913547	NC_003075.7	84.414	879	93	18	2	847	7384282	7383415	0.0	824
NC_003076.8:19912701-19913547	NC_003075.7	84.354	882	93	20	2	847	1199585	1198713	0.0	822
NC_003076.8:19912701-19913547	NC_003075.7	84.364	889	76	27	2	847	7230735	7231603	0.0	813
NC_003076.8:19912701-19913547	NC_003075.7	84.035	902	82	27	1	847	17501312	17502206	0.0	811
NC_003076.8:19912701-19913547	NC_003075.7	84.457	727	60	21	2	697	1100279	1100983	0.0	667
NC_003076.8:19912701-19913547	NC_003075.7	85.957	235	17	8	627	847	1521587	1521819	3.16e-61	237
NC_003076.8:19912701-19913547	NC_003075.7	85.532	235	18	8	627	847	6115671	6115903	1.47e-59	231
NC_003076.8:19912701-19913547	NC_003075.7	85.714	84	10	2	2	84	10999800	10999882	3.37e-16	87.9
NC_003076.8:19912701-19913547	NC_003071.7	87.862	898	53	24	2	847	7350654	7351547	0.0	1003
NC_003076.8:19912701-19913547	NC_003071.7	84.994	893	79	26	2	847	3198502	3197618	0.0	856
NC_003076.8:19912701-19913547	NC_003071.7	84.773	880	88	23	1	847	8172834	8173700	0.0	841
NC_003076.8:19912701-19913547	NC_003071.7	84.417	892	88	22	2	847	1322856	1321970	0.0	830
NC_003076.8:19912701-19913547	NC_003071.7	84.187	879	96	12	2	847	9029807	9030675	0.0	813
NC_003076.8:19912701-19913547	NC_003071.7	84.036	877	97	20	2	847	1348076	1347212	0.0	804
NC_003076.8:19912701-19913547	NC_003071.7	84.018	876	95	15	2	845	10070964	10070102	0.0	800
NC_003076.8:19912701-19913547	NC_003071.7	83.520	892	80	20	3	847	2320063	2320934	0.0	771
NC_003076.8:19912701-19913547	NC_003071.7	85.350	785	66	16	25	778	9455339	9456105	0.0	767
NC_003076.8:19912701-19913547	NC_003071.7	83.543	875	85	34	2	847	11909720	11908876	0.0	763
NC_003076.8:19912701-19913547	NC_003071.7	83.427	893	73	30	2	847	1038913	1038049	0.0	760
NC_003076.8:19912701-19913547	NC_003071.7	82.893	871	95	16	8	847	7177587	7176740	0.0	734
NC_003076.8:19912701-19913547	NC_003071.7	82.668	877	97	20	2	847	14571894	14572746	0.0	726
NC_003076.8:19912701-19913547	NC_003071.7	82.550	894	78	28	1	847	1384415	1383553	0.0	715
NC_003076.8:19912701-19913547	NC_003071.7	81.747	893	84	31	2	847	10997043	10996183	0.0	673
NC_003076.8:19912701-19913547	NC_003071.7	86.758	219	23	5	451	664	9311241	9311458	8.80e-62	239
NC_003076.8:19912701-19913547	NC_003071.7	86.139	202	12	9	2	188	6901191	6901391	3.21e-51	204
NC_003076.8:19912701-19913547	NC_003071.7	86.070	201	14	2	2	188	9584607	9584807	3.21e-51	204
NC_003076.8:19912701-19913547	NC_003074.8	85.426	892	77	26	2	847	10900762	10901646	0.0	878
NC_003076.8:19912701-19913547	NC_003074.8	87.005	808	67	20	2	777	16535294	16534493	0.0	876
NC_003076.8:19912701-19913547	NC_003074.8	86.881	808	69	13	2	777	16677616	16678418	0.0	870
NC_003076.8:19912701-19913547	NC_003074.8	85.261	882	78	24	2	847	20770464	20769599	0.0	861
NC_003076.8:19912701-19913547	NC_003074.8	84.927	889	77	22	2	845	5591637	5590761	0.0	846
NC_003076.8:19912701-19913547	NC_003074.8	84.736	891	86	19	2	847	6941484	6940599	0.0	846
NC_003076.8:19912701-19913547	NC_003074.8	84.852	878	87	17	2	847	8596967	8596104	0.0	843
NC_003076.8:19912701-19913547	NC_003074.8	84.537	886	89	17	4	845	18496030	18495149	0.0	833
NC_003076.8:19912701-19913547	NC_003074.8	83.827	878	98	27	2	845	16902332	16903199	0.0	795
NC_003076.8:19912701-19913547	NC_003074.8	83.683	858	94	16	2	826	4467613	4468457	0.0	767
NC_003076.8:19912701-19913547	NC_003074.8	84.351	786	81	17	21	777	8328648	8329420	0.0	732
NC_003076.8:19912701-19913547	NC_003074.8	84.473	702	72	20	161	829	18171658	18170961	0.0	658
NC_003076.8:19912701-19913547	NC_003074.8	87.283	346	26	9	181	511	11589291	11588949	4.97e-104	379
NC_003076.8:19912701-19913547	NC_003074.8	87.562	201	11	2	2	188	11456304	11456104	3.19e-56	220
NC_003076.8:19912701-19913547	NC_003074.8	84.810	237	16	12	627	847	18634175	18633943	3.19e-56	220
NC_003076.8:19912701-19913547	NC_003074.8	84.681	235	19	9	627	847	23085859	23086090	1.15e-55	219
NC_003076.8:19912701-19913547	NC_003074.8	84.388	237	18	10	627	847	11090673	11090440	1.48e-54	215
NC_003076.8:19912701-19913547	NC_003074.8	84.322	236	20	6	627	847	17402234	17402001	1.48e-54	215
NC_003076.8:19912701-19913547	NC_003074.8	85.149	202	16	2	1	188	4977267	4977468	1.93e-48	195
NC_003076.8:19912701-19913547	NC_003074.8	85.000	200	15	3	2	188	19529023	19529220	8.99e-47	189
NC_003076.8:19912701-19913547	NC_003074.8	80.176	227	33	9	627	847	10718014	10717794	7.05e-38	159
NC_003076.8:19912701-19913547	NC_003074.8	77.824	239	21	10	627	847	16234884	16234660	1.20e-25	119
NC_003076.8:19912701-19913547	NC_003074.8	87.500	64	7	1	2	64	16405196	16405259	9.44e-12	73.1
NC_003076.8:21174423-21175218	NC_003076.8	100.000	796	0	0	1	796	21174423	21175218	0.0	1471
NC_003076.8:21174423-21175218	NC_003076.8	90.875	811	52	6	2	796	10187480	10188284	0.0	1068
NC_003076.8:21174423-21175218	NC_003076.8	90.775	813	54	8	2	796	16211360	16212169	0.0	1066
NC_003076.8:21174423-21175218	NC_003076.8	90.752	811	52	10	6	796	5802087	5801280	0.0	1061
NC_003076.8:21174423-21175218	NC_003076.8	90.037	813	54	11	1	796	13786536	13787338	0.0	1027
NC_003076.8:21174423-21175218	NC_003076.8	88.394	629	41	8	2	600	19019567	19018941	0.0	728
NC_003076.8:21174423-21175218	NC_003076.8	89.895	574	38	6	241	796	17359894	17359323	0.0	721
NC_003076.8:21174423-21175218	NC_003076.8	92.991	214	14	1	2	215	17360102	17359890	1.72e-83	311
NC_003076.8:21174423-21175218	NC_003076.8	90.816	196	9	3	609	796	19018814	19018620	2.95e-66	254
NC_003076.8:21174423-21175218	NC_003076.8	92.437	119	9	0	1	119	10924354	10924236	3.05e-41	171
NC_003076.8:21174423-21175218	NC_003074.8	92.743	813	38	9	1	796	10416864	10417672	0.0	1155
NC_003076.8:21174423-21175218	NC_003074.8	91.739	811	49	7	2	796	16186180	16185372	0.0	1110
NC_003076.8:21174423-21175218	NC_003074.8	90.330	817	45	12	2	796	12359526	12358722	0.0	1040
NC_003076.8:21174423-21175218	NC_003074.8	90.507	769	48	10	24	768	18927968	18928735	0.0	992
NC_003076.8:21174423-21175218	NC_003074.8	87.790	819	56	18	2	796	7714349	7713551	0.0	918
NC_003076.8:21174423-21175218	NC_003074.8	86.716	813	57	26	1	796	15874738	15873960	0.0	856
NC_003076.8:21174423-21175218	NC_003074.8	86.135	815	69	25	1	796	8883276	8884065	0.0	839
NC_003076.8:21174423-21175218	NC_003074.8	90.925	573	33	10	241	796	14559288	14559858	0.0	752
NC_003076.8:21174423-21175218	NC_003074.8	89.703	573	40	6	241	796	8875105	8875675	0.0	713
NC_003076.8:21174423-21175218	NC_003074.8	87.784	573	37	14	244	796	7766080	7765521	0.0	640
NC_003076.8:21174423-21175218	NC_003074.8	93.916	263	15	1	6	268	12383830	12384091	4.63e-109	396
NC_003076.8:21174423-21175218	NC_003074.8	95.349	215	9	1	1	215	7766845	7766632	2.20e-92	340
NC_003076.8:21174423-21175218	NC_003074.8	94.419	215	11	1	1	215	14559079	14559292	4.76e-89	329
NC_003076.8:21174423-21175218	NC_003074.8	93.488	215	14	0	1	215	8874895	8875109	2.86e-86	320
NC_003076.8:21174423-21175218	NC_003074.8	88.085	235	11	6	524	742	12384105	12384338	4.90e-69	263
NC_003076.8:21174423-21175218	NC_003074.8	82.609	207	21	4	2	207	9361785	9361977	1.10e-40	169
NC_003076.8:21174423-21175218	NC_003074.8	94.828	58	3	0	205	262	11203183	11203126	2.44e-17	91.6
NC_003076.8:21174423-21175218	NC_003074.8	93.103	58	4	0	739	796	12398289	12398346	1.14e-15	86.1
NC_003076.8:21174423-21175218	NC_003070.9	91.902	815	45	7	1	796	3024295	3023483	0.0	1120
NC_003076.8:21174423-21175218	NC_003070.9	91.369	811	50	7	1	794	18632948	18632141	0.0	1092
NC_003076.8:21174423-21175218	NC_003070.9	90.663	814	54	8	2	796	1195121	1194311	0.0	1062
NC_003076.8:21174423-21175218	NC_003070.9	88.957	815	53	13	2	796	18320603	18321400	0.0	972
NC_003076.8:21174423-21175218	NC_003070.9	88.808	822	50	13	14	796	19781118	19780300	0.0	970
NC_003076.8:21174423-21175218	NC_003070.9	88.875	809	49	11	1	794	5799522	5798740	0.0	957
NC_003076.8:21174423-21175218	NC_003070.9	86.861	548	40	13	244	771	26880739	26880204	9.20e-166	584
NC_003076.8:21174423-21175218	NC_003070.9	88.701	354	21	6	460	796	20704224	20704575	1.28e-114	414
NC_003076.8:21174423-21175218	NC_003070.9	94.393	214	11	1	2	215	26881503	26881291	1.71e-88	327
NC_003076.8:21174423-21175218	NC_003071.7	91.636	813	49	7	2	796	8102688	8103499	0.0	1107
NC_003076.8:21174423-21175218	NC_003071.7	91.534	815	48	6	1	796	4759875	4759063	0.0	1103
NC_003076.8:21174423-21175218	NC_003071.7	92.496	653	31	6	160	796	6262554	6263204	0.0	918
NC_003076.8:21174423-21175218	NC_003071.7	90.805	696	38	9	119	796	6992256	6992943	0.0	907
NC_003076.8:21174423-21175218	NC_003071.7	95.890	73	3	0	63	135	6990932	6991004	1.12e-25	119
NC_003076.8:21174423-21175218	NC_003075.7	91.390	813	47	8	2	796	8421906	8421099	0.0	1092
NC_003076.8:21174423-21175218	NC_003075.7	91.043	815	51	9	2	796	4949067	4948255	0.0	1081
NC_003076.8:21174423-21175218	NC_003075.7	90.853	809	46	12	1	794	6944558	6943763	0.0	1059
NC_003076.8:21174423-21175218	NC_003075.7	90.842	808	47	11	2	794	5837168	5836373	0.0	1057
NC_003076.8:21174423-21175218	NC_003075.7	91.173	759	45	8	40	780	18233085	18232331	0.0	1011
NC_003076.8:21174423-21175218	NC_003075.7	90.241	789	35	17	24	796	5479105	5478343	0.0	992
NC_003076.8:21174423-21175218	NC_003075.7	94.891	411	21	0	2	412	1598444	1598854	0.0	643
NC_003076.8:21100091-21100867	NC_003076.8	100.000	777	0	0	1	777	21100867	21100091	0.0	1435
NC_003076.8:21100091-21100867	NC_003076.8	95.392	586	21	6	196	777	13728944	13728361	0.0	928
NC_003076.8:21100091-21100867	NC_003076.8	91.809	586	28	8	196	777	13617866	13617297	0.0	798
NC_003076.8:21100091-21100867	NC_003076.8	91.161	577	42	8	204	777	14095468	14094898	0.0	774
NC_003076.8:21100091-21100867	NC_003076.8	91.882	542	37	7	204	741	7507731	7507193	0.0	750
NC_003076.8:21100091-21100867	NC_003076.8	89.402	585	53	6	196	777	9372550	9371972	0.0	728
NC_003076.8:21100091-21100867	NC_003076.8	89.074	540	51	7	198	734	9031227	9031761	0.0	664
NC_003076.8:21100091-21100867	NC_003076.8	92.740	427	26	4	351	775	13513334	13512911	4.12e-174	612
NC_003076.8:21100091-21100867	NC_003076.8	90.033	301	20	6	196	492	14152835	14152541	1.26e-104	381
NC_003076.8:21100091-21100867	NC_003076.8	95.918	196	7	1	491	686	14151487	14151293	3.61e-85	316
NC_003076.8:21100091-21100867	NC_003076.8	93.464	153	7	3	38	188	13730464	13730313	2.25e-57	224
NC_003076.8:21100091-21100867	NC_003076.8	87.831	189	21	2	1	188	13619462	13619275	2.92e-56	220
NC_003076.8:21100091-21100867	NC_003076.8	93.662	142	8	1	31	172	14097107	14096967	1.75e-53	211
NC_003076.8:21100091-21100867	NC_003076.8	88.235	170	13	6	25	188	13515111	13514943	4.91e-49	196
NC_003076.8:21100091-21100867	NC_003076.8	89.404	151	11	4	32	179	14155653	14155505	1.06e-45	185
NC_003076.8:21100091-21100867	NC_003076.8	91.818	110	6	3	204	311	13513443	13513335	3.88e-35	150
NC_003076.8:21100091-21100867	NC_003076.8	91.667	60	5	0	31	90	10869024	10868965	3.99e-15	84.2
NC_003076.8:21100091-21100867	NC_003070.9	94.388	588	26	6	193	777	11721853	11722436	0.0	896
NC_003076.8:21100091-21100867	NC_003070.9	95.506	534	21	2	246	777	16701425	16701957	0.0	850
NC_003076.8:21100091-21100867	NC_003070.9	89.626	588	40	6	193	777	11981513	11982082	0.0	728
NC_003076.8:21100091-21100867	NC_003070.9	89.060	585	43	7	196	777	16159968	16159402	0.0	706
NC_003076.8:21100091-21100867	NC_003070.9	87.925	588	64	7	193	777	19393733	19394316	0.0	686
NC_003076.8:21100091-21100867	NC_003070.9	92.357	157	10	2	31	185	16699411	16699567	8.10e-57	222
NC_003076.8:21100091-21100867	NC_003070.9	91.667	156	10	2	32	184	11720535	11720690	4.88e-54	213
NC_003076.8:21100091-21100867	NC_003070.9	90.845	142	12	1	31	172	19392185	19392325	8.22e-47	189
NC_003076.8:21100091-21100867	NC_003070.9	87.261	157	16	3	25	179	16161458	16161304	6.40e-43	176
NC_003076.8:21100091-21100867	NC_003070.9	93.220	59	3	1	193	250	16700945	16701003	1.11e-15	86.1
NC_003076.8:21100091-21100867	NC_003074.8	93.379	589	35	4	192	777	11347062	11347649	0.0	869
NC_003076.8:21100091-21100867	NC_003074.8	91.231	593	37	11	196	777	11824396	11823808	0.0	793
NC_003076.8:21100091-21100867	NC_003074.8	89.456	588	54	7	193	777	6054333	6054915	0.0	736
NC_003076.8:21100091-21100867	NC_003074.8	88.185	584	62	6	198	777	16106972	16107552	0.0	689
NC_003076.8:21100091-21100867	NC_003074.8	88.376	585	48	10	196	777	16852806	16852239	0.0	686
NC_003076.8:21100091-21100867	NC_003074.8	91.573	356	26	3	196	549	11201528	11201175	7.24e-137	488
NC_003076.8:21100091-21100867	NC_003074.8	82.965	452	61	12	193	635	14472915	14472471	1.62e-108	394
NC_003076.8:21100091-21100867	NC_003074.8	93.919	148	8	1	32	179	11345762	11345908	8.10e-57	222
NC_003076.8:21100091-21100867	NC_003074.8	90.058	171	16	1	607	777	11200623	11200454	2.92e-56	220
NC_003076.8:21100091-21100867	NC_003074.8	92.568	148	9	2	31	178	11826030	11825885	1.75e-53	211
NC_003076.8:21100091-21100867	NC_003074.8	87.931	174	14	7	24	191	6052685	6052857	1.37e-49	198
NC_003076.8:21100091-21100867	NC_003074.8	90.132	152	13	2	32	183	11202773	11202624	4.91e-49	196
NC_003076.8:21100091-21100867	NC_003074.8	90.441	136	11	2	45	179	16854232	16854098	1.78e-43	178
NC_003076.8:21100091-21100867	NC_003074.8	88.596	114	11	2	471	584	10584091	10583980	3.02e-31	137
NC_003076.8:21100091-21100867	NC_003071.7	93.504	585	31	5	193	773	3193379	3193960	0.0	863
NC_003076.8:21100091-21100867	NC_003071.7	89.643	589	51	8	193	777	4475699	4476281	0.0	741
NC_003076.8:21100091-21100867	NC_003071.7	88.055	586	59	7	196	777	12877252	12876674	0.0	684
NC_003076.8:21100091-21100867	NC_003071.7	87.797	590	60	10	196	777	5841708	5841123	0.0	680
NC_003076.8:21100091-21100867	NC_003071.7	90.909	330	25	3	449	777	6469467	6469792	7.39e-122	438
NC_003076.8:21100091-21100867	NC_003071.7	91.289	287	22	3	492	777	3195716	3196000	7.55e-107	388
NC_003076.8:21100091-21100867	NC_003071.7	93.197	147	9	1	26	172	3192427	3192572	1.36e-54	215
NC_003076.8:21100091-21100867	NC_003071.7	92.424	132	6	3	32	160	6469095	6469225	1.06e-45	185
NC_003076.8:21100091-21100867	NC_003071.7	87.097	155	16	3	31	182	12877525	12877372	8.28e-42	172
NC_003076.8:21100091-21100867	NC_003071.7	87.013	154	11	5	27	179	4474418	4474563	1.39e-39	165
NC_003076.8:21100091-21100867	NC_003071.7	86.897	145	16	3	635	777	2020745	2020888	6.45e-38	159
NC_003076.8:21100091-21100867	NC_003071.7	87.218	133	15	2	31	163	1865025	1864895	3.88e-35	150
NC_003076.8:21100091-21100867	NC_003071.7	95.000	60	2	1	315	373	6469416	6469475	6.63e-18	93.5
NC_003076.8:21100091-21100867	NC_003075.7	89.509	591	52	8	193	777	6809309	6809895	0.0	739
NC_003076.8:21100091-21100867	NC_003075.7	87.543	586	64	7	196	777	9762474	9761894	0.0	669
NC_003076.8:21100091-21100867	NC_003075.7	87.267	589	58	14	196	777	9841269	9840691	0.0	656
NC_003076.8:21100091-21100867	NC_003075.7	89.485	466	43	3	315	777	5541883	5541421	8.97e-166	584
NC_003076.8:21100091-21100867	NC_003075.7	93.827	324	17	3	455	777	7034783	7035104	9.36e-136	484
NC_003076.8:21100091-21100867	NC_003075.7	93.818	275	13	3	193	464	7033978	7034251	1.61e-113	411
NC_003076.8:21100091-21100867	NC_003075.7	87.432	183	12	8	10	185	5227415	5227593	3.80e-50	200
NC_003076.8:21100091-21100867	NC_003075.7	91.111	135	12	0	22	156	7028405	7028539	3.82e-45	183
NC_003076.8:21100091-21100867	NC_003075.7	86.184	152	19	2	28	179	5546458	5546309	4.98e-39	163
NC_003076.8:19868276-19868834	NC_003076.8	100.000	559	0	0	1	559	19868276	19868834	0.0	1033
NC_003076.8:19868276-19868834	NC_003074.8	97.679	560	12	1	1	559	11593427	11593986	0.0	961
NC_003076.8:19868276-19868834	NC_003074.8	97.500	560	13	1	1	559	11595366	11595925	0.0	955
NC_003076.8:19868276-19868834	NC_003074.8	97.500	560	13	1	1	559	11597304	11597863	0.0	955
NC_003076.8:19868276-19868834	NC_003070.9	97.321	560	14	1	1	559	6657159	6657718	0.0	950
NC_003076.8:19868276-19868834	NC_003075.7	95.893	560	18	4	1	559	6106851	6106296	0.0	902
NC_003076.8:15779044-15779823	NC_003076.8	100.000	780	0	0	1	780	15779044	15779823	0.0	1441
NC_003076.8:15779044-15779823	NC_003076.8	93.453	779	39	5	1	779	4970259	4971025	0.0	1146
NC_003076.8:15779044-15779823	NC_003076.8	92.583	782	44	8	1	780	9763120	9762351	0.0	1110
NC_003076.8:15779044-15779823	NC_003076.8	91.624	776	51	7	4	777	25845361	25844598	0.0	1061
NC_003076.8:15779044-15779823	NC_003076.8	92.898	704	39	5	1	704	14212167	14211475	0.0	1013
NC_003076.8:15779044-15779823	NC_003076.8	90.647	695	44	10	29	723	16721244	16721917	0.0	904
NC_003076.8:15779044-15779823	NC_003076.8	91.729	266	11	4	516	780	6995165	6994910	5.94e-98	359
NC_003076.8:15779044-15779823	NC_003076.8	79.924	528	75	23	186	706	10048810	10048307	5.94e-98	359
NC_003076.8:15779044-15779823	NC_003076.8	91.954	87	4	3	1	87	9979173	9979090	1.10e-25	119
NC_003076.8:15779044-15779823	NC_003076.8	93.333	75	5	0	1	75	14880216	14880290	1.84e-23	111
NC_003076.8:15779044-15779823	NC_003076.8	90.000	80	7	1	1	80	19479577	19479655	1.11e-20	102
NC_003076.8:15779044-15779823	NC_003076.8	92.424	66	5	0	1	66	10873661	10873726	1.85e-18	95.3
NC_003076.8:15779044-15779823	NC_003076.8	88.000	75	9	0	1	75	21016569	21016495	8.61e-17	89.8
NC_003076.8:15779044-15779823	NC_003076.8	88.462	52	6	0	1	52	13733030	13733081	5.22e-09	63.9
NC_003076.8:15779044-15779823	NC_003076.8	86.000	50	7	0	1	50	9770643	9770594	3.14e-06	54.7
NC_003076.8:15779044-15779823	NC_003075.7	93.532	773	39	3	7	779	2987152	2987913	0.0	1140
NC_003076.8:15779044-15779823	NC_003075.7	92.426	779	47	4	1	779	8957982	8958748	0.0	1101
NC_003076.8:15779044-15779823	NC_003075.7	92.506	774	47	3	7	780	8564942	8564180	0.0	1098
NC_003076.8:15779044-15779823	NC_003075.7	82.784	546	59	17	176	719	5431294	5430782	7.37e-127	455
NC_003076.8:15779044-15779823	NC_003075.7	80.566	530	72	19	185	706	5110934	5111440	4.56e-104	379
NC_003076.8:15779044-15779823	NC_003075.7	80.258	466	60	17	177	635	11380992	11381432	7.80e-87	322
NC_003076.8:15779044-15779823	NC_003075.7	92.500	80	6	0	1	80	7154779	7154858	1.42e-24	115
NC_003076.8:15779044-15779823	NC_003075.7	91.250	80	7	0	1	80	5433093	5433172	6.61e-23	110
NC_003076.8:15779044-15779823	NC_003075.7	89.412	85	7	2	1	83	13537670	13537586	8.55e-22	106
NC_003076.8:15779044-15779823	NC_003075.7	91.892	74	6	0	1	74	3897172	3897245	3.08e-21	104
NC_003076.8:15779044-15779823	NC_003075.7	88.158	76	8	1	1	76	6638805	6638879	8.61e-17	89.8
NC_003076.8:15779044-15779823	NC_003075.7	85.227	88	11	2	1	88	12365606	12365521	8.61e-17	89.8
NC_003076.8:15779044-15779823	NC_003075.7	90.625	64	6	0	1	64	5431587	5431524	1.11e-15	86.1
NC_003076.8:15779044-15779823	NC_003074.8	93.196	779	42	3	1	779	4551549	4552316	0.0	1134
NC_003076.8:15779044-15779823	NC_003074.8	93.086	781	42	6	1	780	7318502	7319271	0.0	1133
NC_003076.8:15779044-15779823	NC_003074.8	92.555	779	48	3	1	779	10082828	10082060	0.0	1109
NC_003076.8:15779044-15779823	NC_003074.8	93.432	746	40	5	34	779	9540512	9541248	0.0	1098
NC_003076.8:15779044-15779823	NC_003074.8	80.074	537	79	16	177	706	11170588	11170073	2.12e-102	374
NC_003076.8:15779044-15779823	NC_003074.8	90.667	75	7	0	1	75	4579237	4579311	3.98e-20	100
NC_003076.8:15779044-15779823	NC_003074.8	90.667	75	7	0	1	75	10405396	10405470	3.98e-20	100
NC_003076.8:15779044-15779823	NC_003074.8	87.500	88	9	2	1	88	10758580	10758495	3.98e-20	100
NC_003076.8:15779044-15779823	NC_003074.8	91.176	68	6	0	1	68	11287475	11287408	6.66e-18	93.5
NC_003076.8:15779044-15779823	NC_003074.8	87.179	78	7	3	1	76	16553356	16553432	1.11e-15	86.1
NC_003076.8:15779044-15779823	NC_003074.8	86.842	76	9	1	1	75	15812961	15813036	4.01e-15	84.2
NC_003076.8:15779044-15779823	NC_003074.8	88.710	62	7	0	1	62	16224234	16224295	6.70e-13	76.8
NC_003076.8:15779044-15779823	NC_003074.8	87.500	64	8	0	1	64	12354668	12354605	2.41e-12	75.0
NC_003076.8:15779044-15779823	NC_003074.8	87.500	64	7	1	1	64	4467613	4467675	8.67e-12	73.1
NC_003076.8:15779044-15779823	NC_003074.8	87.097	62	8	0	1	62	16042283	16042222	3.12e-11	71.3
NC_003076.8:15779044-15779823	NC_003074.8	87.097	62	8	0	1	62	16062887	16062826	3.12e-11	71.3
NC_003076.8:15779044-15779823	NC_003074.8	88.679	53	5	1	1	52	11315007	11315059	5.22e-09	63.9
NC_003076.8:15779044-15779823	NC_003071.7	92.308	780	36	12	1	779	1303113	1302357	0.0	1086
NC_003076.8:15779044-15779823	NC_003071.7	85.312	320	40	7	409	724	11503671	11503355	2.17e-87	324
NC_003076.8:15779044-15779823	NC_003071.7	91.954	87	5	2	1	87	8046269	8046185	3.05e-26	121
NC_003076.8:15779044-15779823	NC_003071.7	92.593	81	5	1	1	80	11597292	11597372	1.42e-24	115
NC_003076.8:15779044-15779823	NC_003071.7	92.000	75	6	0	1	75	6411149	6411223	8.55e-22	106
NC_003076.8:15779044-15779823	NC_003071.7	88.506	87	8	2	1	87	7439723	7439639	3.08e-21	104
NC_003076.8:15779044-15779823	NC_003071.7	90.667	75	7	0	1	75	2262405	2262331	3.98e-20	100
NC_003076.8:15779044-15779823	NC_003071.7	87.500	88	9	2	1	88	5037751	5037836	3.98e-20	100
NC_003076.8:15779044-15779823	NC_003071.7	91.429	70	6	0	1	70	10239495	10239426	5.15e-19	97.1
NC_003076.8:15779044-15779823	NC_003071.7	92.188	64	5	0	1	64	1955470	1955533	2.39e-17	91.6
NC_003076.8:15779044-15779823	NC_003071.7	88.158	76	9	0	1	76	5010652	5010577	2.39e-17	91.6
NC_003076.8:15779044-15779823	NC_003071.7	90.323	62	6	0	1	62	1618253	1618192	1.44e-14	82.4
NC_003076.8:15779044-15779823	NC_003070.9	92.102	785	39	7	1	780	17333206	17332440	0.0	1085
NC_003076.8:15779044-15779823	NC_003070.9	91.528	779	51	7	1	778	18766618	18765854	0.0	1059
NC_003076.8:15779044-15779823	NC_003070.9	92.656	640	29	3	1	640	19665948	19666569	0.0	905
NC_003076.8:15779044-15779823	NC_003070.9	81.970	538	70	14	177	706	11526523	11526005	1.24e-119	431
NC_003076.8:15779044-15779823	NC_003070.9	95.536	112	4	1	666	777	19666564	19666674	1.79e-43	178
NC_003076.8:15779044-15779823	NC_003070.9	89.655	87	7	2	1	87	9919332	9919248	6.61e-23	110
NC_003076.8:15779044-15779823	NC_003070.9	88.636	88	8	2	1	88	12097456	12097541	8.55e-22	106
NC_003076.8:15779044-15779823	NC_003070.9	90.667	75	7	0	1	75	1160224	1160298	3.98e-20	100
NC_003076.8:15779044-15779823	NC_003070.9	90.667	75	7	0	1	75	12137683	12137609	3.98e-20	100
NC_003076.8:15779044-15779823	NC_003070.9	87.356	87	9	2	1	87	6403657	6403573	1.43e-19	99.0
NC_003076.8:15779044-15779823	NC_003070.9	92.424	66	5	0	1	66	13313923	13313858	1.85e-18	95.3
NC_003076.8:15779044-15779823	NC_003070.9	89.333	75	8	0	1	75	27240719	27240793	1.85e-18	95.3
NC_003076.8:15779044-15779823	NC_003070.9	88.312	77	9	0	1	77	10929426	10929502	6.66e-18	93.5
NC_003076.8:15779044-15779823	NC_003070.9	87.013	77	7	3	1	75	13981808	13981733	4.01e-15	84.2
NC_003076.8:15779044-15779823	NC_003070.9	90.476	63	6	0	4	66	18450393	18450331	4.01e-15	84.2
NC_003076.8:15779044-15779823	NC_003070.9	87.500	64	7	1	1	64	697374	697312	8.67e-12	73.1
NC_003076.8:15779044-15779823	NC_003070.9	87.500	64	7	1	1	64	20513679	20513741	8.67e-12	73.1
NC_003076.8:15779044-15779823	NC_003070.9	87.500	64	7	1	1	64	21616151	21616089	8.67e-12	73.1
NC_003076.8:15779044-15779823	NC_003070.9	86.885	61	7	1	1	60	13548432	13548492	4.03e-10	67.6
NC_003076.8:15042132-15043428	NC_003076.8	100.000	1297	0	0	1	1297	15043428	15042132	0.0	2396
NC_003076.8:15042132-15043428	NC_003076.8	94.709	1304	59	8	1	1296	24476591	24475290	0.0	2017
NC_003076.8:15042132-15043428	NC_003076.8	94.073	1316	58	8	1	1297	22232264	22230950	0.0	1980
NC_003076.8:15042132-15043428	NC_003076.8	94.646	1270	56	8	1	1260	5978053	5976786	0.0	1958
NC_003076.8:15042132-15043428	NC_003076.8	92.754	1311	78	8	1	1295	8354510	8353201	0.0	1879
NC_003076.8:15042132-15043428	NC_003076.8	95.443	1141	47	4	159	1296	20681453	20680315	0.0	1814
NC_003076.8:15042132-15043428	NC_003076.8	94.965	1152	52	6	148	1297	24186970	24185823	0.0	1801
NC_003076.8:15042132-15043428	NC_003076.8	95.088	1140	48	7	159	1295	8745759	8744625	0.0	1788
NC_003076.8:15042132-15043428	NC_003076.8	94.921	1142	44	7	159	1296	9964077	9962946	0.0	1775
NC_003076.8:15042132-15043428	NC_003076.8	94.737	1140	57	3	159	1295	19741654	19740515	0.0	1770
NC_003076.8:15042132-15043428	NC_003076.8	94.479	1141	57	4	159	1295	5429094	5427956	0.0	1753
NC_003076.8:15042132-15043428	NC_003076.8	94.479	1141	56	5	159	1295	8766666	8767803	0.0	1751
NC_003076.8:15042132-15043428	NC_003076.8	94.226	1143	60	5	159	1296	17365983	17367124	0.0	1740
NC_003076.8:15042132-15043428	NC_003076.8	93.815	1148	58	6	151	1295	16357407	16358544	0.0	1714
NC_003076.8:15042132-15043428	NC_003076.8	93.777	1141	58	4	159	1295	1897707	1896576	0.0	1701
NC_003076.8:15042132-15043428	NC_003076.8	93.444	1144	59	7	159	1295	14081897	14080763	0.0	1683
NC_003076.8:15042132-15043428	NC_003076.8	93.086	1157	64	9	147	1297	17776658	17777804	0.0	1679
NC_003076.8:15042132-15043428	NC_003076.8	94.477	1032	51	5	159	1186	14150343	14149314	0.0	1585
NC_003076.8:15042132-15043428	NC_003076.8	95.354	990	40	4	278	1263	18854899	18855886	0.0	1568
NC_003076.8:15042132-15043428	NC_003076.8	93.781	997	55	6	302	1295	4313874	4314866	0.0	1491
NC_003076.8:15042132-15043428	NC_003076.8	92.068	1059	49	19	1	1054	10714424	10715452	0.0	1458
NC_003076.8:15042132-15043428	NC_003076.8	94.828	928	44	3	371	1297	11026974	11027898	0.0	1445
NC_003076.8:15042132-15043428	NC_003076.8	91.159	1018	49	17	281	1295	21530929	21531908	0.0	1343
NC_003076.8:15042132-15043428	NC_003076.8	94.250	800	42	4	498	1295	15605466	15604669	0.0	1219
NC_003076.8:15042132-15043428	NC_003076.8	94.423	771	40	3	528	1295	4780980	4780210	0.0	1182
NC_003076.8:15042132-15043428	NC_003076.8	94.233	711	36	4	1	708	15577425	15576717	0.0	1081
NC_003076.8:15042132-15043428	NC_003076.8	93.539	712	40	5	1	708	21777032	21776323	0.0	1055
NC_003076.8:15042132-15043428	NC_003076.8	95.447	593	25	1	705	1295	7153776	7153184	0.0	944
NC_003076.8:15042132-15043428	NC_003076.8	94.527	603	29	4	697	1297	25905017	25905617	0.0	928
NC_003076.8:15042132-15043428	NC_003076.8	93.686	491	26	5	807	1295	15576667	15576180	0.0	730
NC_003076.8:15042132-15043428	NC_003076.8	93.699	492	23	7	807	1295	21776273	21775787	0.0	730
NC_003076.8:15042132-15043428	NC_003076.8	93.213	442	22	4	855	1295	9134290	9134724	0.0	643
NC_003076.8:15042132-15043428	NC_003076.8	95.050	404	14	6	896	1296	17796537	17796137	1.92e-179	630
NC_003076.8:15042132-15043428	NC_003076.8	93.128	422	26	3	877	1296	21584595	21584175	5.38e-175	616
NC_003076.8:15042132-15043428	NC_003076.8	93.580	405	16	4	159	559	20281045	20280647	7.01e-169	595
NC_003076.8:15042132-15043428	NC_003076.8	93.317	404	18	4	159	559	9591350	9591747	1.17e-166	588
NC_003076.8:15042132-15043428	NC_003076.8	96.221	344	11	2	2	344	20280646	20280304	7.11e-159	562
NC_003076.8:15042132-15043428	NC_003076.8	95.640	344	12	3	2	344	9591748	9592089	5.54e-155	549
NC_003076.8:15042132-15043428	NC_003076.8	92.895	380	22	4	159	536	4313474	4313850	1.99e-154	547
NC_003076.8:15042132-15043428	NC_003076.8	93.140	379	11	6	159	534	9558551	9558185	9.26e-153	542
NC_003076.8:15042132-15043428	NC_003076.8	94.412	340	19	0	1	340	9133953	9134292	3.36e-147	523
NC_003076.8:15042132-15043428	NC_003076.8	91.176	374	22	9	933	1297	25264968	25265339	2.03e-139	497
NC_003076.8:15042132-15043428	NC_003076.8	95.469	309	13	1	159	466	4781290	4780982	9.46e-138	492
NC_003076.8:15042132-15043428	NC_003076.8	94.719	303	15	1	507	809	17617546	17617245	4.43e-131	470
NC_003076.8:15042132-15043428	NC_003076.8	94.408	304	15	2	507	809	9592102	9592404	5.73e-130	466
NC_003076.8:15042132-15043428	NC_003076.8	94.444	288	15	1	507	794	20280291	20280005	9.66e-123	442
NC_003076.8:15042132-15043428	NC_003076.8	91.103	281	25	0	1	281	25904732	25905012	2.14e-104	381
NC_003076.8:15042132-15043428	NC_003076.8	92.478	226	13	2	159	380	11026281	11026506	4.72e-86	320
NC_003076.8:15042132-15043428	NC_003076.8	96.703	182	6	0	159	340	17617744	17617563	4.76e-81	303
NC_003076.8:15042132-15043428	NC_003076.8	92.308	182	13	1	1115	1295	10715441	10715622	3.76e-67	257
NC_003076.8:15042132-15043428	NC_003076.8	90.608	181	9	1	151	331	15605668	15605496	6.33e-60	233
NC_003076.8:15042132-15043428	NC_003076.8	95.122	123	6	0	1175	1297	14143814	14143692	2.99e-48	195
NC_003076.8:15042132-15043428	NC_003076.8	83.770	191	25	5	1	189	13982135	13982321	1.08e-42	176
NC_003076.8:15042132-15043428	NC_003076.8	87.121	132	12	5	1169	1295	22621309	22621178	3.05e-33	145
NC_003076.8:15042132-15043428	NC_003076.8	87.023	131	12	5	1169	1295	17043772	17043901	1.10e-32	143
NC_003076.8:15042132-15043428	NC_003076.8	85.496	131	14	5	1170	1296	9557787	9557658	2.38e-29	132
NC_003076.8:15042132-15043428	NC_003076.8	84.962	133	15	5	1169	1297	14810696	14810827	8.55e-29	130
NC_003076.8:15042132-15043428	NC_003076.8	84.733	131	16	4	1169	1296	26787234	26787105	3.07e-28	128
NC_003076.8:15042132-15043428	NC_003076.8	93.827	81	5	0	1	81	17365025	17365105	1.43e-26	122
NC_003076.8:15042132-15043428	NC_003076.8	91.011	89	5	3	1	86	7154439	7154351	6.65e-25	117
NC_003076.8:15042132-15043428	NC_003076.8	91.011	89	5	3	1	86	8746701	8746613	6.65e-25	117
NC_003076.8:15042132-15043428	NC_003076.8	91.011	89	5	3	1	86	9559507	9559419	6.65e-25	117
NC_003076.8:15042132-15043428	NC_003076.8	91.011	89	5	3	1	86	9590410	9590498	6.65e-25	117
NC_003076.8:15042132-15043428	NC_003076.8	90.217	92	5	3	1	88	9965017	9964926	6.65e-25	117
NC_003076.8:15042132-15043428	NC_003076.8	91.011	89	5	3	1	86	14082835	14082747	6.65e-25	117
NC_003076.8:15042132-15043428	NC_003076.8	91.011	89	5	3	1	86	14151294	14151206	6.65e-25	117
NC_003076.8:15042132-15043428	NC_003076.8	91.011	89	5	3	1	86	15606601	15606513	6.65e-25	117
NC_003076.8:15042132-15043428	NC_003076.8	91.011	89	5	3	1	86	17796785	17796697	6.65e-25	117
NC_003076.8:15042132-15043428	NC_003076.8	91.011	89	5	3	1	86	18853952	18854040	6.65e-25	117
NC_003076.8:15042132-15043428	NC_003076.8	90.110	91	6	3	1	88	354140	354230	2.39e-24	115
NC_003076.8:15042132-15043428	NC_003076.8	90.110	91	6	3	1	88	19931558	19931468	2.39e-24	115
NC_003076.8:15042132-15043428	NC_003076.8	98.438	64	1	0	1	64	11025336	11025399	8.61e-24	113
NC_003076.8:15042132-15043428	NC_003076.8	89.888	89	6	3	1	86	21530089	21530177	3.10e-23	111
NC_003076.8:15042132-15043428	NC_003076.8	89.011	91	7	3	1	88	25264511	25264601	1.11e-22	110
NC_003076.8:15042132-15043428	NC_003076.8	82.812	128	15	5	1169	1295	10041933	10041812	4.00e-22	108
NC_003076.8:15042132-15043428	NC_003076.8	88.764	89	7	3	1	86	3020196	3020108	1.44e-21	106
NC_003076.8:15042132-15043428	NC_003076.8	88.764	89	7	3	1	86	13918790	13918702	1.44e-21	106
NC_003076.8:15042132-15043428	NC_003076.8	87.912	91	8	3	1	88	20398218	20398308	5.18e-21	104
NC_003076.8:15042132-15043428	NC_003076.8	95.312	64	3	0	1	64	20281984	20281921	1.86e-20	102
NC_003076.8:15042132-15043428	NC_003076.8	87.640	89	8	3	1	86	19742617	19742529	6.70e-20	100
NC_003076.8:15042132-15043428	NC_003076.8	86.667	90	8	4	1	86	15342696	15342607	8.67e-19	97.1
NC_003076.8:15042132-15043428	NC_003076.8	86.667	90	9	3	2	88	19670802	19670891	8.67e-19	97.1
NC_003076.8:15042132-15043428	NC_003076.8	88.889	72	5	3	18	86	17775746	17775817	1.88e-15	86.1
NC_003076.8:15042132-15043428	NC_003076.8	83.908	87	11	3	1212	1296	15882682	15882767	8.73e-14	80.5
NC_003076.8:15042132-15043428	NC_003075.7	98.995	1294	12	1	4	1296	11193567	11192274	0.0	2316
NC_003076.8:15042132-15043428	NC_003075.7	93.477	1303	75	8	1	1296	372086	370787	0.0	1927
NC_003076.8:15042132-15043428	NC_003075.7	93.000	1300	85	4	1	1295	6166464	6165166	0.0	1892
NC_003076.8:15042132-15043428	NC_003075.7	95.017	1144	52	4	159	1297	8064563	8065706	0.0	1792
NC_003076.8:15042132-15043428	NC_003075.7	94.401	1143	47	7	159	1295	5540448	5539317	0.0	1740
NC_003076.8:15042132-15043428	NC_003075.7	94.288	1138	54	6	159	1293	1001051	999922	0.0	1731
NC_003076.8:15042132-15043428	NC_003075.7	94.293	1139	52	6	159	1295	8729528	8728401	0.0	1731
NC_003076.8:15042132-15043428	NC_003075.7	93.599	1156	59	6	147	1296	11361800	11362946	0.0	1711
NC_003076.8:15042132-15043428	NC_003075.7	93.870	1142	56	5	159	1296	1350526	1351657	0.0	1709
NC_003076.8:15042132-15043428	NC_003075.7	92.570	1144	52	9	159	1295	4147065	4148182	0.0	1611
NC_003076.8:15042132-15043428	NC_003075.7	94.622	1004	48	4	298	1297	16864262	16863261	0.0	1550
NC_003076.8:15042132-15043428	NC_003075.7	95.070	791	37	2	507	1296	683570	684359	0.0	1243
NC_003076.8:15042132-15043428	NC_003075.7	94.942	771	36	3	528	1295	10396119	10395349	0.0	1205
NC_003076.8:15042132-15043428	NC_003075.7	94.785	652	31	3	456	1106	965055	964406	0.0	1013
NC_003076.8:15042132-15043428	NC_003075.7	91.932	533	30	9	769	1297	14390783	14390260	0.0	734
NC_003076.8:15042132-15043428	NC_003075.7	92.934	467	30	2	1	465	965799	965334	0.0	676
NC_003076.8:15042132-15043428	NC_003075.7	94.721	341	16	2	1	340	683213	683552	7.21e-149	529
NC_003076.8:15042132-15043428	NC_003075.7	96.452	310	9	1	159	466	10396429	10396120	2.61e-143	510
NC_003076.8:15042132-15043428	NC_003075.7	91.176	374	20	6	896	1267	7853284	7852922	7.31e-139	496
NC_003076.8:15042132-15043428	NC_003075.7	76.637	672	105	29	614	1274	7572217	7572847	3.65e-87	324
NC_003076.8:15042132-15043428	NC_003075.7	78.543	508	75	25	713	1210	7593705	7593222	4.76e-81	303
NC_003076.8:15042132-15043428	NC_003075.7	90.393	229	18	4	1071	1296	8802511	8802738	2.21e-79	298
NC_003076.8:15042132-15043428	NC_003075.7	92.537	201	12	2	1	200	14390988	14390790	1.72e-75	285
NC_003076.8:15042132-15043428	NC_003075.7	91.099	191	15	2	1106	1295	963863	963674	3.76e-67	257
NC_003076.8:15042132-15043428	NC_003075.7	95.420	131	6	0	1	131	2520884	2521014	1.07e-52	209
NC_003076.8:15042132-15043428	NC_003075.7	75.484	465	84	21	805	1262	2262877	2262436	6.42e-50	200
NC_003076.8:15042132-15043428	NC_003075.7	79.152	283	49	9	1018	1295	12335553	12335830	5.00e-46	187
NC_003076.8:15042132-15043428	NC_003075.7	86.260	131	13	4	1169	1295	15441780	15441651	5.11e-31	137
NC_003076.8:15042132-15043428	NC_003075.7	94.048	84	4	1	1	83	5541389	5541306	1.11e-27	126
NC_003076.8:15042132-15043428	NC_003075.7	93.023	86	2	4	1	83	4146126	4146210	1.43e-26	122
NC_003076.8:15042132-15043428	NC_003075.7	91.011	89	5	3	1	86	7853533	7853445	6.65e-25	117
NC_003076.8:15042132-15043428	NC_003075.7	91.011	89	5	3	1	86	11360870	11360958	6.65e-25	117
NC_003076.8:15042132-15043428	NC_003075.7	91.011	89	5	3	1	86	16865070	16864982	6.65e-25	117
NC_003076.8:15042132-15043428	NC_003075.7	92.593	81	5	1	1	81	6178448	6178527	2.39e-24	115
NC_003076.8:15042132-15043428	NC_003075.7	98.438	64	1	0	1	64	8730453	8730390	8.61e-24	113
NC_003076.8:15042132-15043428	NC_003075.7	89.888	89	6	3	1	86	1349585	1349673	3.10e-23	111
NC_003076.8:15042132-15043428	NC_003075.7	89.888	89	6	3	1	86	8063577	8063665	3.10e-23	111
NC_003076.8:15042132-15043428	NC_003075.7	96.875	64	2	0	1	64	1002007	1001944	4.00e-22	108
NC_003076.8:15042132-15043428	NC_003075.7	88.764	89	7	3	1	86	5354114	5354202	1.44e-21	106
NC_003076.8:15042132-15043428	NC_003075.7	88.043	92	7	4	1	88	7060698	7060607	1.44e-21	106
NC_003076.8:15042132-15043428	NC_003075.7	88.764	89	7	3	1	86	9763814	9763726	1.44e-21	106
NC_003076.8:15042132-15043428	NC_003075.7	82.031	128	16	5	1169	1295	963984	963863	1.86e-20	102
NC_003076.8:15042132-15043428	NC_003075.7	95.312	64	3	0	1	64	9842608	9842545	1.86e-20	102
NC_003076.8:15042132-15043428	NC_003075.7	86.517	89	9	3	1	86	314269	314181	3.12e-18	95.3
NC_003076.8:15042132-15043428	NC_003075.7	84.615	91	5	4	1	88	6279022	6279106	2.43e-14	82.4
NC_003076.8:15042132-15043428	NC_003075.7	91.667	48	3	1	1249	1295	3359187	3359234	2.44e-09	65.8
NC_003076.8:15042132-15043428	NC_003074.8	94.149	1299	62	9	1	1293	17729940	17731230	0.0	1965
NC_003076.8:15042132-15043428	NC_003074.8	92.933	1316	63	14	1	1293	16419144	16420452	0.0	1888
NC_003076.8:15042132-15043428	NC_003074.8	92.879	1306	77	10	1	1297	17776769	17778067	0.0	1882
NC_003076.8:15042132-15043428	NC_003074.8	92.989	1298	63	15	1	1295	9767629	9766357	0.0	1868
NC_003076.8:15042132-15043428	NC_003074.8	94.107	1154	56	4	147	1297	17276885	17275741	0.0	1744
NC_003076.8:15042132-15043428	NC_003074.8	94.139	1126	53	10	159	1273	10820486	10819363	0.0	1701
NC_003076.8:15042132-15043428	NC_003074.8	93.124	1149	68	7	159	1297	15938226	15939373	0.0	1674
NC_003076.8:15042132-15043428	NC_003074.8	93.427	1141	55	9	159	1295	20787323	20788447	0.0	1674
NC_003076.8:15042132-15043428	NC_003074.8	93.274	1130	50	6	159	1272	11536758	11537877	0.0	1642
NC_003076.8:15042132-15043428	NC_003074.8	92.894	1154	45	16	159	1295	17143580	17142447	0.0	1642
NC_003076.8:15042132-15043428	NC_003074.8	92.388	1156	67	8	147	1297	22119520	22120659	0.0	1628
NC_003076.8:15042132-15043428	NC_003074.8	92.657	1144	46	12	159	1296	16562477	16563588	0.0	1613
NC_003076.8:15042132-15043428	NC_003074.8	94.013	1069	47	4	1	1066	11503761	11502707	0.0	1604
NC_003076.8:15042132-15043428	NC_003074.8	92.112	1141	52	15	159	1297	15452557	15451453	0.0	1574
NC_003076.8:15042132-15043428	NC_003074.8	93.954	1009	41	8	292	1295	16451587	16452580	0.0	1507
NC_003076.8:15042132-15043428	NC_003074.8	93.373	996	49	8	304	1295	17062368	17061386	0.0	1458
NC_003076.8:15042132-15043428	NC_003074.8	92.477	997	45	10	304	1295	7995800	7994829	0.0	1399
NC_003076.8:15042132-15043428	NC_003074.8	92.593	918	38	7	1	914	10320412	10321303	0.0	1291
NC_003076.8:15042132-15043428	NC_003074.8	95.702	791	32	2	507	1295	18412509	18413299	0.0	1271
NC_003076.8:15042132-15043428	NC_003074.8	95.581	792	32	3	507	1295	18019136	18019927	0.0	1266
NC_003076.8:15042132-15043428	NC_003074.8	94.325	793	40	4	507	1295	13327791	13328582	0.0	1210
NC_003076.8:15042132-15043428	NC_003074.8	93.939	792	45	3	507	1296	3965358	3966148	0.0	1194
NC_003076.8:15042132-15043428	NC_003074.8	95.155	743	33	3	555	1296	10556871	10556131	0.0	1170
NC_003076.8:15042132-15043428	NC_003074.8	93.557	745	34	6	555	1296	10575083	10574350	0.0	1098
NC_003076.8:15042132-15043428	NC_003074.8	92.727	770	37	3	528	1296	15485279	15484528	0.0	1094
NC_003076.8:15042132-15043428	NC_003074.8	94.559	680	37	0	1	680	11967653	11968332	0.0	1051
NC_003076.8:15042132-15043428	NC_003074.8	94.599	648	28	7	652	1297	5744483	5743841	0.0	996
NC_003076.8:15042132-15043428	NC_003074.8	94.175	618	29	6	681	1296	9384377	9383765	0.0	935
NC_003076.8:15042132-15043428	NC_003074.8	94.231	520	22	1	159	678	5744998	5744487	0.0	787
NC_003076.8:15042132-15043428	NC_003074.8	93.878	490	19	2	147	633	9384863	9384382	0.0	728
NC_003076.8:15042132-15043428	NC_003074.8	94.268	471	22	2	1	466	15485750	15485280	0.0	715
NC_003076.8:15042132-15043428	NC_003074.8	93.978	465	23	3	1	461	10557346	10556883	0.0	699
NC_003076.8:15042132-15043428	NC_003074.8	92.471	425	25	5	51	471	10575507	10575086	1.51e-170	601
NC_003076.8:15042132-15043428	NC_003074.8	93.154	409	17	5	156	559	17300342	17299940	3.26e-167	590
NC_003076.8:15042132-15043428	NC_003074.8	95.882	340	12	2	2	340	17299939	17299601	5.54e-155	549
NC_003076.8:15042132-15043428	NC_003074.8	94.798	346	15	3	1	344	13327434	13327778	4.31e-151	536
NC_003076.8:15042132-15043428	NC_003074.8	94.428	341	14	5	1	340	18412154	18412490	4.34e-146	520
NC_003076.8:15042132-15043428	NC_003074.8	94.135	341	15	5	1	340	18018781	18019117	2.02e-144	514
NC_003076.8:15042132-15043428	NC_003074.8	93.252	326	19	3	21	344	3965021	3965345	2.65e-133	477
NC_003076.8:15042132-15043428	NC_003074.8	94.719	303	15	1	507	809	17299583	17299282	4.43e-131	470
NC_003076.8:15042132-15043428	NC_003074.8	94.444	288	15	1	1010	1296	11968331	11968618	9.66e-123	442
NC_003076.8:15042132-15043428	NC_003074.8	90.616	341	15	4	1	340	1571380	1571704	4.50e-121	436
NC_003076.8:15042132-15043428	NC_003074.8	94.372	231	12	1	1030	1259	11200950	11201180	4.66e-96	353
NC_003076.8:15042132-15043428	NC_003074.8	89.286	252	16	2	1055	1295	8757570	8757821	1.32e-81	305
NC_003076.8:15042132-15043428	NC_003074.8	85.479	303	14	10	507	809	1571723	1571995	1.33e-76	289
NC_003076.8:15042132-15043428	NC_003074.8	83.830	235	28	6	1066	1297	1571901	1572128	2.29e-54	215
NC_003076.8:15042132-15043428	NC_003074.8	96.063	127	4	1	1172	1297	17299274	17299148	1.38e-51	206
NC_003076.8:15042132-15043428	NC_003074.8	95.000	120	4	2	1179	1297	10321325	10321443	5.00e-46	187
NC_003076.8:15042132-15043428	NC_003074.8	87.970	133	11	5	1169	1297	11132616	11132747	1.82e-35	152
NC_003076.8:15042132-15043428	NC_003074.8	86.047	129	13	4	1171	1295	8645212	8645339	6.61e-30	134
NC_003076.8:15042132-15043428	NC_003074.8	85.401	137	11	8	1169	1297	16234793	16234658	6.61e-30	134
NC_003076.8:15042132-15043428	NC_003074.8	85.496	131	14	5	1169	1295	6729054	6728925	2.38e-29	132
NC_003076.8:15042132-15043428	NC_003074.8	93.827	81	5	0	1	81	3716342	3716422	1.43e-26	122
NC_003076.8:15042132-15043428	NC_003074.8	91.111	90	3	5	1	86	11200624	11200712	6.65e-25	117
NC_003076.8:15042132-15043428	NC_003074.8	91.011	89	5	3	1	86	11535844	11535932	6.65e-25	117
NC_003076.8:15042132-15043428	NC_003074.8	91.111	90	3	5	1	86	16450786	16450874	6.65e-25	117
NC_003076.8:15042132-15043428	NC_003074.8	91.011	89	5	3	1	86	16561654	16561742	6.65e-25	117
NC_003076.8:15042132-15043428	NC_003074.8	91.011	89	5	3	1	86	17144490	17144402	6.65e-25	117
NC_003076.8:15042132-15043428	NC_003074.8	89.888	89	6	3	1	86	7996636	7996548	3.10e-23	111
NC_003076.8:15042132-15043428	NC_003074.8	90.588	85	6	2	1	83	10862401	10862485	3.10e-23	111
NC_003076.8:15042132-15043428	NC_003074.8	89.888	89	6	2	1	86	15937286	15937374	3.10e-23	111
NC_003076.8:15042132-15043428	NC_003074.8	89.888	89	6	3	1	86	17063229	17063141	3.10e-23	111
NC_003076.8:15042132-15043428	NC_003074.8	89.888	89	6	3	1	86	17277814	17277726	3.10e-23	111
NC_003076.8:15042132-15043428	NC_003074.8	89.130	92	6	3	1	88	17301278	17301187	3.10e-23	111
NC_003076.8:15042132-15043428	NC_003074.8	82.812	128	16	4	1169	1296	10681512	10681391	1.11e-22	110
NC_003076.8:15042132-15043428	NC_003074.8	89.011	91	7	3	1	88	16879751	16879841	1.11e-22	110
NC_003076.8:15042132-15043428	NC_003074.8	91.250	80	7	0	1	80	17397300	17397221	1.11e-22	110
NC_003076.8:15042132-15043428	NC_003074.8	88.764	89	7	3	1	86	10821446	10821358	1.44e-21	106
NC_003076.8:15042132-15043428	NC_003074.8	90.000	80	8	0	1	80	20487142	20487063	5.18e-21	104
NC_003076.8:15042132-15043428	NC_003074.8	93.443	61	4	0	1	61	22118613	22118673	4.03e-17	91.6
NC_003076.8:15042132-15043428	NC_003074.8	77.301	163	12	17	759	916	15667811	15667669	1.46e-11	73.1
NC_003076.8:15042132-15043428	NC_003074.8	89.362	47	3	2	1250	1295	4274975	4274930	4.09e-07	58.4
NC_003076.8:15042132-15043428	NC_003070.9	94.059	1296	68	7	1	1295	3413553	3414840	0.0	1958
NC_003076.8:15042132-15043428	NC_003070.9	93.164	1302	69	13	1	1295	28161034	28162322	0.0	1893
NC_003076.8:15042132-15043428	NC_003070.9	94.787	1151	47	5	147	1295	15940039	15941178	0.0	1781
NC_003076.8:15042132-15043428	NC_003070.9	94.917	1141	47	10	159	1295	13059763	13060896	0.0	1775
NC_003076.8:15042132-15043428	NC_003070.9	94.595	1147	45	6	155	1295	11700592	11701727	0.0	1759
NC_003076.8:15042132-15043428	NC_003070.9	94.415	1146	56	5	159	1297	7036148	7037292	0.0	1755
NC_003076.8:15042132-15043428	NC_003070.9	94.303	1141	46	4	159	1296	9817151	9818275	0.0	1729
NC_003076.8:15042132-15043428	NC_003070.9	94.138	1143	51	9	159	1297	19994809	19993679	0.0	1725
NC_003076.8:15042132-15043428	NC_003070.9	94.643	1120	47	4	159	1273	8115710	8116821	0.0	1724
NC_003076.8:15042132-15043428	NC_003070.9	93.755	1153	56	6	147	1296	22450867	22452006	0.0	1716
NC_003076.8:15042132-15043428	NC_003070.9	93.958	1142	54	5	159	1295	16904733	16905864	0.0	1712
NC_003076.8:15042132-15043428	NC_003070.9	93.783	1142	51	9	159	1295	26170521	26169395	0.0	1698
NC_003076.8:15042132-15043428	NC_003070.9	93.939	1122	52	7	181	1296	18791754	18792865	0.0	1681
NC_003076.8:15042132-15043428	NC_003070.9	92.975	1153	53	9	147	1295	13016979	13015851	0.0	1655
NC_003076.8:15042132-15043428	NC_003070.9	93.001	1143	59	5	159	1297	17900819	17901944	0.0	1648
NC_003076.8:15042132-15043428	NC_003070.9	94.577	1051	50	5	251	1295	19769039	19767990	0.0	1618
NC_003076.8:15042132-15043428	NC_003070.9	92.483	1144	64	6	159	1297	9866468	9865342	0.0	1616
NC_003076.8:15042132-15043428	NC_003070.9	94.422	1004	50	4	298	1297	4786256	4787257	0.0	1539
NC_003076.8:15042132-15043428	NC_003070.9	95.756	919	36	3	159	1076	30254567	30253651	0.0	1478
NC_003076.8:15042132-15043428	NC_003070.9	93.340	1006	45	11	299	1295	16326311	16327303	0.0	1467
NC_003076.8:15042132-15043428	NC_003070.9	93.327	1004	48	10	299	1297	23214532	23215521	0.0	1465
NC_003076.8:15042132-15043428	NC_003070.9	93.480	997	46	11	304	1297	12563207	12562227	0.0	1463
NC_003076.8:15042132-15043428	NC_003070.9	93.474	996	48	8	304	1295	16825388	16826370	0.0	1463
NC_003076.8:15042132-15043428	NC_003070.9	93.474	996	46	10	307	1296	19466071	19465089	0.0	1461
NC_003076.8:15042132-15043428	NC_003070.9	93.293	999	49	9	304	1297	12365009	12365994	0.0	1458
NC_003076.8:15042132-15043428	NC_003070.9	95.420	917	37	3	1	914	12876928	12876014	0.0	1456
NC_003076.8:15042132-15043428	NC_003070.9	96.484	768	26	1	148	914	16998396	16997629	0.0	1267
NC_003076.8:15042132-15043428	NC_003070.9	95.575	791	31	4	507	1296	23876482	23877269	0.0	1264
NC_003076.8:15042132-15043428	NC_003070.9	95.000	800	37	3	498	1295	19063794	19064592	0.0	1253
NC_003076.8:15042132-15043428	NC_003070.9	91.834	894	46	11	159	1036	11736466	11735584	0.0	1221
NC_003076.8:15042132-15043428	NC_003070.9	93.774	771	40	6	527	1295	19328001	19327237	0.0	1151
NC_003076.8:15042132-15043428	NC_003070.9	92.713	645	36	4	661	1296	14309405	14308763	0.0	920
NC_003076.8:15042132-15043428	NC_003070.9	93.667	600	26	7	700	1297	499960	499371	0.0	887
NC_003076.8:15042132-15043428	NC_003070.9	94.096	542	27	5	759	1297	8489951	8489412	0.0	819
NC_003076.8:15042132-15043428	NC_003070.9	93.173	542	32	5	759	1296	25963004	25962464	0.0	791
NC_003076.8:15042132-15043428	NC_003070.9	92.748	524	24	4	773	1295	18790338	18790848	0.0	745
NC_003076.8:15042132-15043428	NC_003070.9	92.814	501	25	2	147	644	500456	499964	0.0	715
NC_003076.8:15042132-15043428	NC_003070.9	94.763	401	19	2	896	1295	23554190	23553791	3.22e-177	623
NC_003076.8:15042132-15043428	NC_003070.9	93.827	405	15	5	159	559	30252166	30251768	1.51e-170	601
NC_003076.8:15042132-15043428	NC_003070.9	94.177	395	13	4	169	559	12329103	12328715	2.52e-168	593
NC_003076.8:15042132-15043428	NC_003070.9	93.086	405	18	4	159	559	22621779	22621381	1.52e-165	584
NC_003076.8:15042132-15043428	NC_003070.9	93.086	405	18	4	159	559	22993120	22992722	1.52e-165	584
NC_003076.8:15042132-15043428	NC_003070.9	96.765	340	9	2	2	340	30251767	30251429	5.50e-160	566
NC_003076.8:15042132-15043428	NC_003070.9	95.930	344	12	2	2	344	22992721	22992379	3.31e-157	556
NC_003076.8:15042132-15043428	NC_003070.9	95.640	344	12	3	2	344	12328714	12328373	5.54e-155	549
NC_003076.8:15042132-15043428	NC_003070.9	95.614	342	13	2	4	344	22621378	22621038	1.99e-154	547
NC_003076.8:15042132-15043428	NC_003070.9	94.551	312	15	2	159	468	19328311	19328000	2.05e-134	481
NC_003076.8:15042132-15043428	NC_003070.9	95.066	304	13	2	507	809	22992366	22992064	2.65e-133	477
NC_003076.8:15042132-15043428	NC_003070.9	93.750	304	17	2	507	809	30251412	30251110	1.24e-126	455
NC_003076.8:15042132-15043428	NC_003070.9	94.521	292	14	2	507	797	22621025	22620735	5.78e-125	449
NC_003076.8:15042132-15043428	NC_003070.9	94.792	288	14	1	507	794	12328360	12328074	2.08e-124	448
NC_003076.8:15042132-15043428	NC_003070.9	92.929	297	21	0	48	344	23876173	23876469	5.82e-120	433
NC_003076.8:15042132-15043428	NC_003070.9	95.964	223	8	1	1074	1295	30253364	30253142	2.78e-98	361
NC_003076.8:15042132-15043428	NC_003070.9	90.805	261	21	2	4	264	19769830	19769573	7.79e-94	346
NC_003076.8:15042132-15043428	NC_003070.9	93.074	231	12	3	1	231	18790103	18790329	1.69e-90	335
NC_003076.8:15042132-15043428	NC_003070.9	90.217	184	10	1	148	331	19063589	19063764	6.33e-60	233
NC_003076.8:15042132-15043428	NC_003070.9	92.025	163	7	4	1	163	16998955	16998799	3.81e-57	224
NC_003076.8:15042132-15043428	NC_003070.9	83.830	235	28	6	1066	1296	22992159	22991931	2.29e-54	215
NC_003076.8:15042132-15043428	NC_003070.9	83.264	239	32	7	1062	1297	30251209	30250976	8.25e-54	213
NC_003076.8:15042132-15043428	NC_003070.9	96.032	126	4	1	1172	1296	12328051	12327926	4.96e-51	204
NC_003076.8:15042132-15043428	NC_003070.9	96.032	126	4	1	1172	1296	22620714	22620589	4.96e-51	204
NC_003076.8:15042132-15043428	NC_003070.9	87.023	131	13	4	1169	1295	21739206	21739076	3.05e-33	145
NC_003076.8:15042132-15043428	NC_003070.9	85.271	129	15	4	1170	1295	4770242	4770115	8.55e-29	130
NC_003076.8:15042132-15043428	NC_003070.9	84.615	130	16	4	1169	1295	10021542	10021414	1.11e-27	126
NC_003076.8:15042132-15043428	NC_003070.9	92.045	88	5	2	1	86	8490194	8490107	1.43e-26	122
NC_003076.8:15042132-15043428	NC_003070.9	91.209	91	5	3	1	88	9867414	9867324	5.14e-26	121
NC_003076.8:15042132-15043428	NC_003070.9	83.721	129	19	2	1169	1295	9918581	9918453	5.14e-26	121
NC_003076.8:15042132-15043428	NC_003070.9	91.111	90	3	5	1	86	4785461	4785549	6.65e-25	117
NC_003076.8:15042132-15043428	NC_003070.9	91.011	89	5	3	1	86	8114770	8114858	6.65e-25	117
NC_003076.8:15042132-15043428	NC_003070.9	92.593	81	6	0	1	81	12364135	12364215	6.65e-25	117
NC_003076.8:15042132-15043428	NC_003070.9	92.593	81	6	0	1	81	16824518	16824598	6.65e-25	117
NC_003076.8:15042132-15043428	NC_003070.9	91.111	90	3	5	1	86	16903800	16903888	6.65e-25	117
NC_003076.8:15042132-15043428	NC_003070.9	91.011	89	5	3	1	86	18790927	18791015	6.65e-25	117
NC_003076.8:15042132-15043428	NC_003070.9	91.011	89	5	3	1	86	19061965	19062053	6.65e-25	117
NC_003076.8:15042132-15043428	NC_003070.9	91.011	89	5	3	1	86	19995734	19995646	6.65e-25	117
NC_003076.8:15042132-15043428	NC_003070.9	91.011	89	5	3	1	86	23554439	23554351	6.65e-25	117
NC_003076.8:15042132-15043428	NC_003070.9	91.011	89	5	3	1	86	30253107	30253019	6.65e-25	117
NC_003076.8:15042132-15043428	NC_003070.9	90.110	91	6	3	1	88	12855993	12855903	2.39e-24	115
NC_003076.8:15042132-15043428	NC_003070.9	90.110	91	5	4	1	88	14299842	14299753	2.39e-24	115
NC_003076.8:15042132-15043428	NC_003070.9	90.110	91	6	3	1	88	17552998	17552908	2.39e-24	115
NC_003076.8:15042132-15043428	NC_003070.9	90.110	91	6	3	1	88	19085099	19085189	2.39e-24	115
NC_003076.8:15042132-15043428	NC_003070.9	90.110	91	6	3	1	88	19173802	19173712	2.39e-24	115
NC_003076.8:15042132-15043428	NC_003070.9	98.438	64	1	0	1	64	15939323	15939386	8.61e-24	113
NC_003076.8:15042132-15043428	NC_003070.9	89.888	89	6	3	1	86	3910601	3910513	3.10e-23	111
NC_003076.8:15042132-15043428	NC_003070.9	89.888	89	6	3	1	86	7035191	7035279	3.10e-23	111
NC_003076.8:15042132-15043428	NC_003070.9	89.888	89	6	3	1	86	12330053	12329965	3.10e-23	111
NC_003076.8:15042132-15043428	NC_003070.9	89.888	89	6	3	1	86	13058823	13058911	3.10e-23	111
NC_003076.8:15042132-15043428	NC_003070.9	89.888	89	6	3	1	86	16325444	16325532	3.10e-23	111
NC_003076.8:15042132-15043428	NC_003070.9	89.888	89	6	3	1	86	23213666	23213754	3.10e-23	111
NC_003076.8:15042132-15043428	NC_003070.9	89.011	91	7	3	1	88	2235167	2235077	1.11e-22	110
NC_003076.8:15042132-15043428	NC_003070.9	96.875	64	2	0	1	64	11699698	11699761	4.00e-22	108
NC_003076.8:15042132-15043428	NC_003070.9	88.764	89	7	3	1	86	9816210	9816298	1.44e-21	106
NC_003076.8:15042132-15043428	NC_003070.9	88.764	89	7	3	1	86	11737393	11737305	1.44e-21	106
NC_003076.8:15042132-15043428	NC_003070.9	88.764	89	7	3	1	86	19466949	19466861	1.44e-21	106
NC_003076.8:15042132-15043428	NC_003070.9	89.412	85	7	2	1	84	19724755	19724838	1.44e-21	106
NC_003076.8:15042132-15043428	NC_003070.9	88.764	89	7	3	1	86	22622305	22622217	1.44e-21	106
NC_003076.8:15042132-15043428	NC_003070.9	88.764	89	7	3	1	86	25963257	25963169	1.44e-21	106
NC_003076.8:15042132-15043428	NC_003070.9	88.764	89	7	3	1	86	26171480	26171392	1.44e-21	106
NC_003076.8:15042132-15043428	NC_003070.9	88.636	88	7	3	4	88	18747045	18746958	5.18e-21	104
NC_003076.8:15042132-15043428	NC_003070.9	88.636	88	7	3	1	86	22994060	22993974	5.18e-21	104
NC_003076.8:15042132-15043428	NC_003070.9	87.640	89	8	3	1	86	12564081	12563993	6.70e-20	100
NC_003076.8:15042132-15043428	NC_003070.9	87.640	89	8	3	1	86	22449931	22450019	6.70e-20	100
NC_003076.8:15042132-15043428	NC_003070.9	89.610	77	8	0	5	81	19329256	19329180	2.41e-19	99.0
NC_003076.8:15042132-15043428	NC_003070.9	81.203	133	15	7	1169	1295	20166799	20166671	2.41e-19	99.0
NC_003076.8:15042132-15043428	NC_003070.9	81.250	128	17	5	1169	1295	16858753	16858632	8.67e-19	97.1
NC_003076.8:15042132-15043428	NC_003070.9	80.952	126	17	5	1169	1293	26307384	26307503	1.12e-17	93.5
NC_003076.8:15042132-15043428	NC_003070.9	84.270	89	11	3	1	86	3074944	3074856	6.75e-15	84.2
NC_003076.8:15042132-15043428	NC_003070.9	85.455	55	6	2	1243	1296	21103407	21103354	1.47e-06	56.5
NC_003076.8:15042132-15043428	NC_003071.7	93.231	1300	73	9	1	1295	7814691	7813402	0.0	1899
NC_003076.8:15042132-15043428	NC_003071.7	93.072	1299	82	7	1	1295	7169524	7168230	0.0	1893
NC_003076.8:15042132-15043428	NC_003071.7	94.732	1139	46	7	159	1293	13907797	13906669	0.0	1759
NC_003076.8:15042132-15043428	NC_003071.7	96.845	1046	27	3	256	1297	6663080	6664123	0.0	1744
NC_003076.8:15042132-15043428	NC_003071.7	94.308	1142	59	5	159	1295	12801954	12803094	0.0	1744
NC_003076.8:15042132-15043428	NC_003071.7	94.391	1141	54	7	159	1295	13267871	13269005	0.0	1744
NC_003076.8:15042132-15043428	NC_003071.7	94.066	1146	54	4	156	1295	500923	502060	0.0	1727
NC_003076.8:15042132-15043428	NC_003071.7	93.593	1155	59	7	147	1297	395726	394583	0.0	1709
NC_003076.8:15042132-15043428	NC_003071.7	93.783	1142	52	7	159	1295	6924418	6923291	0.0	1698
NC_003076.8:15042132-15043428	NC_003071.7	93.421	1140	62	5	159	1295	17254287	17253158	0.0	1677
NC_003076.8:15042132-15043428	NC_003071.7	95.197	1041	47	3	223	1261	12093441	12092402	0.0	1642
NC_003076.8:15042132-15043428	NC_003071.7	93.340	1006	45	12	299	1296	543175	544166	0.0	1467
NC_003076.8:15042132-15043428	NC_003071.7	94.277	961	48	6	325	1282	6803425	6804381	0.0	1463
NC_003076.8:15042132-15043428	NC_003071.7	93.306	971	50	10	301	1269	14334657	14335614	0.0	1419
NC_003076.8:15042132-15043428	NC_003071.7	93.975	946	42	6	159	1100	11286196	11285262	0.0	1417
NC_003076.8:15042132-15043428	NC_003071.7	95.017	883	40	4	415	1295	13336704	13335824	0.0	1384
NC_003076.8:15042132-15043428	NC_003071.7	94.131	869	37	8	437	1296	7960700	7961563	0.0	1310
NC_003076.8:15042132-15043428	NC_003071.7	95.202	792	36	2	507	1297	7112140	7112930	0.0	1251
NC_003076.8:15042132-15043428	NC_003071.7	95.070	791	35	4	507	1295	6101020	6100232	0.0	1242
NC_003076.8:15042132-15043428	NC_003071.7	93.407	728	38	9	572	1295	3213046	3212325	0.0	1070
NC_003076.8:15042132-15043428	NC_003071.7	93.185	675	40	5	622	1293	709400	710071	0.0	987
NC_003076.8:15042132-15043428	NC_003071.7	92.229	489	26	3	147	631	708360	708840	0.0	682
NC_003076.8:15042132-15043428	NC_003071.7	93.668	458	26	3	697	1152	3564666	3565122	0.0	682
NC_003076.8:15042132-15043428	NC_003071.7	92.826	460	19	6	143	599	13337152	13336704	0.0	654
NC_003076.8:15042132-15043428	NC_003071.7	94.792	384	19	1	17	399	7959807	7960190	1.95e-169	597
NC_003076.8:15042132-15043428	NC_003071.7	95.894	341	12	2	1	340	4024201	4024540	1.54e-155	551
NC_003076.8:15042132-15043428	NC_003071.7	94.477	344	19	0	1	344	980617	980274	2.01e-149	531
NC_003076.8:15042132-15043428	NC_003071.7	94.721	341	15	3	1	340	7111784	7112122	2.59e-148	527
NC_003076.8:15042132-15043428	NC_003071.7	95.380	303	13	1	507	809	4024558	4024859	2.05e-134	481
NC_003076.8:15042132-15043428	NC_003071.7	93.421	304	18	2	507	809	980261	979959	5.78e-125	449
NC_003076.8:15042132-15043428	NC_003071.7	94.677	263	14	0	1	263	3213354	3213092	9.80e-113	409
NC_003076.8:15042132-15043428	NC_003071.7	95.257	253	11	1	1012	1263	3565124	3565376	5.90e-110	399
NC_003076.8:15042132-15043428	NC_003071.7	93.358	271	15	3	1	270	3564382	3564650	2.12e-109	398
NC_003076.8:15042132-15043428	NC_003071.7	92.391	276	20	1	1021	1295	2962569	2962294	9.87e-108	392
NC_003076.8:15042132-15043428	NC_003071.7	94.492	236	11	2	1	235	2962805	2962571	7.74e-99	363
NC_003076.8:15042132-15043428	NC_003071.7	82.659	346	45	13	2	340	6101375	6101038	1.03e-77	292
NC_003076.8:15042132-15043428	NC_003071.7	95.597	159	7	0	1137	1295	11285273	11285115	1.35e-66	255
NC_003076.8:15042132-15043428	NC_003071.7	82.353	238	30	8	1063	1296	4024762	4024991	8.31e-49	196
NC_003076.8:15042132-15043428	NC_003071.7	86.260	131	12	6	1169	1295	1038177	1038049	5.11e-31	137
NC_003076.8:15042132-15043428	NC_003071.7	86.154	130	14	3	1169	1295	13102232	13102360	5.11e-31	137
NC_003076.8:15042132-15043428	NC_003071.7	85.926	135	12	5	1169	1296	15134639	15134773	5.11e-31	137
NC_003076.8:15042132-15043428	NC_003071.7	86.260	131	13	5	1169	1295	19623517	19623646	5.11e-31	137
NC_003076.8:15042132-15043428	NC_003071.7	86.047	129	14	4	1172	1296	2139258	2139386	1.84e-30	135
NC_003076.8:15042132-15043428	NC_003071.7	93.407	91	6	0	159	249	7153795	7153705	1.84e-30	135
NC_003076.8:15042132-15043428	NC_003071.7	85.496	131	14	5	1169	1295	6206724	6206595	2.38e-29	132
NC_003076.8:15042132-15043428	NC_003071.7	91.011	89	5	3	1	86	11287161	11287073	6.65e-25	117
NC_003076.8:15042132-15043428	NC_003071.7	91.011	89	5	3	1	86	13908721	13908633	6.65e-25	117
NC_003076.8:15042132-15043428	NC_003071.7	90.000	90	5	4	1	86	12094425	12094336	8.61e-24	113
NC_003076.8:15042132-15043428	NC_003071.7	89.888	89	6	3	1	86	7154736	7154648	3.10e-23	111
NC_003076.8:15042132-15043428	NC_003071.7	89.888	89	6	3	1	86	13338077	13337989	3.10e-23	111
NC_003076.8:15042132-15043428	NC_003071.7	89.888	89	6	3	1	86	17255233	17255145	3.10e-23	111
NC_003076.8:15042132-15043428	NC_003071.7	89.011	91	7	3	1	88	6099530	6099620	1.11e-22	110
NC_003076.8:15042132-15043428	NC_003071.7	89.011	91	7	3	1	88	19196757	19196667	1.11e-22	110
NC_003076.8:15042132-15043428	NC_003071.7	82.443	131	16	5	1169	1295	7340815	7340942	4.00e-22	108
NC_003076.8:15042132-15043428	NC_003071.7	96.875	64	2	0	1	64	11399377	11399314	4.00e-22	108
NC_003076.8:15042132-15043428	NC_003071.7	88.764	89	7	3	1	86	499985	500073	1.44e-21	106
NC_003076.8:15042132-15043428	NC_003071.7	88.764	89	7	3	1	86	542308	542396	1.44e-21	106
NC_003076.8:15042132-15043428	NC_003071.7	88.764	89	7	3	1	86	1460925	1460837	1.44e-21	106
NC_003076.8:15042132-15043428	NC_003071.7	88.764	89	7	3	1	86	6925377	6925289	1.44e-21	106
NC_003076.8:15042132-15043428	NC_003071.7	82.308	130	16	5	1169	1297	8907875	8907998	1.44e-21	106
NC_003076.8:15042132-15043428	NC_003071.7	89.412	85	7	2	1	83	12800994	12801078	1.44e-21	106
NC_003076.8:15042132-15043428	NC_003071.7	95.312	64	3	0	1	64	6384054	6383991	1.86e-20	102
NC_003076.8:15042132-15043428	NC_003071.7	86.517	89	9	3	1	86	14333785	14333873	3.12e-18	95.3
NC_003076.8:15042132-15043428	NC_003071.7	91.803	61	5	0	147	207	6101274	6101214	1.88e-15	86.1
NC_003076.8:15042132-15043428	NC_003071.7	91.803	61	5	0	1	61	13266915	13266975	1.88e-15	86.1
NC_003076.8:15042132-15043428	NC_003071.7	84.091	88	10	3	1211	1297	9585273	9585357	2.43e-14	82.4
NC_003076.8:15042132-15043428	NC_003071.7	97.561	41	1	0	159	199	12093482	12093442	5.25e-11	71.3
NC_003076.8:15042132-15043428	NC_003071.7	89.583	48	3	1	1248	1295	7177635	7177590	1.14e-07	60.2
NC_003076.8:15030914-15031163	NC_003076.8	100.000	250	0	0	1	250	15031163	15030914	1.31e-129	462
NC_003076.8:15030914-15031163	NC_003076.8	90.837	251	8	3	1	250	15162886	15163122	2.33e-87	322
NC_003076.8:15030914-15031163	NC_003076.8	90.000	250	9	3	1	248	7488328	7488093	1.81e-83	309
NC_003076.8:15030914-15031163	NC_003076.8	89.960	249	10	4	1	248	22021624	22021858	6.52e-83	307
NC_003076.8:15030914-15031163	NC_003076.8	90.789	228	5	4	1	227	15535363	15535151	6.56e-78	291
NC_003076.8:15030914-15031163	NC_003076.8	86.853	251	15	4	1	250	24449142	24449375	3.98e-70	265
NC_003076.8:15030914-15031163	NC_003076.8	86.853	251	14	8	1	250	19101876	19102108	1.43e-69	263
NC_003076.8:15030914-15031163	NC_003076.8	86.508	252	16	5	1	250	22621413	22621178	5.15e-69	261
NC_003076.8:15030914-15031163	NC_003076.8	86.694	248	16	4	1	248	13734262	13734492	1.85e-68	259
NC_003076.8:15030914-15031163	NC_003076.8	86.454	251	16	6	1	250	17726752	17726985	1.85e-68	259
NC_003076.8:15030914-15031163	NC_003076.8	86.056	251	17	6	1	250	20278847	20278614	8.61e-67	254
NC_003076.8:15030914-15031163	NC_003076.8	85.657	251	19	7	1	250	8602053	8601819	4.01e-65	248
NC_003076.8:15030914-15031163	NC_003076.8	85.657	251	18	6	1	250	14080069	14080302	4.01e-65	248
NC_003076.8:15030914-15031163	NC_003076.8	85.657	251	17	9	1	250	5625388	5625620	1.44e-64	246
NC_003076.8:15030914-15031163	NC_003076.8	85.259	251	18	5	1	250	6702159	6701927	6.70e-63	241
NC_003076.8:15030914-15031163	NC_003076.8	85.098	255	17	7	1	250	9068407	9068169	6.70e-63	241
NC_003076.8:15030914-15031163	NC_003076.8	85.317	252	16	9	1	250	26787338	26787106	6.70e-63	241
NC_003076.8:15030914-15031163	NC_003076.8	91.411	163	12	2	88	250	13231913	13232073	2.43e-57	222
NC_003076.8:15030914-15031163	NC_003076.8	83.465	254	22	7	1	250	3566679	3566916	3.14e-56	219
NC_003076.8:15030914-15031163	NC_003076.8	91.250	160	12	2	90	248	14880653	14880811	1.13e-55	217
NC_003076.8:15030914-15031163	NC_003076.8	83.004	253	25	9	1	250	6420064	6419827	1.46e-54	213
NC_003076.8:15030914-15031163	NC_003076.8	82.264	265	15	14	1	250	7417661	7417908	1.14e-50	200
NC_003076.8:15030914-15031163	NC_003076.8	84.163	221	19	7	31	250	16030754	16030549	1.14e-50	200
NC_003076.8:15030914-15031163	NC_003076.8	82.143	252	21	13	1	250	8749241	8749470	5.29e-49	195
NC_003076.8:15030914-15031163	NC_003076.8	83.117	231	18	9	1	230	5648113	5647903	6.85e-48	191
NC_003076.8:15030914-15031163	NC_003076.8	81.600	250	26	11	1	250	9854662	9854891	2.46e-47	189
NC_003076.8:15030914-15031163	NC_003076.8	87.730	163	10	7	89	250	10041965	10041812	4.12e-45	182
NC_003076.8:15030914-15031163	NC_003076.8	86.364	176	10	5	1	176	26015634	26015795	1.48e-44	180
NC_003076.8:15030914-15031163	NC_003076.8	81.349	252	18	8	1	250	9557883	9557659	5.33e-44	178
NC_003076.8:15030914-15031163	NC_003076.8	81.275	251	19	9	1	250	13892353	13892130	5.33e-44	178
NC_003076.8:15030914-15031163	NC_003076.8	88.667	150	12	5	102	250	14395178	14395033	5.33e-44	178
NC_003076.8:15030914-15031163	NC_003076.8	88.667	150	12	5	102	250	14454477	14454332	5.33e-44	178
NC_003076.8:15030914-15031163	NC_003076.8	90.441	136	11	2	116	250	17043767	17043901	5.33e-44	178
NC_003076.8:15030914-15031163	NC_003076.8	90.370	135	11	2	117	250	24586923	24587056	1.92e-43	176
NC_003076.8:15030914-15031163	NC_003076.8	80.478	251	21	7	1	250	16871256	16871479	1.15e-40	167
NC_003076.8:15030914-15031163	NC_003076.8	85.976	164	13	7	88	250	19114735	19114581	1.15e-40	167
NC_003076.8:15030914-15031163	NC_003076.8	90.000	130	11	2	92	220	19480015	19480143	1.15e-40	167
NC_003076.8:15030914-15031163	NC_003076.8	85.976	164	13	7	88	250	22464048	22464202	1.15e-40	167
NC_003076.8:15030914-15031163	NC_003076.8	87.248	149	13	5	102	250	7700780	7700638	4.15e-40	165
NC_003076.8:15030914-15031163	NC_003076.8	87.162	148	16	3	104	250	15581196	15581341	4.15e-40	165
NC_003076.8:15030914-15031163	NC_003076.8	84.756	164	23	2	88	250	20674396	20674234	1.49e-39	163
NC_003076.8:15030914-15031163	NC_003076.8	83.951	162	24	2	88	248	9546171	9546331	8.98e-37	154
NC_003076.8:15030914-15031163	NC_003076.8	85.235	149	17	4	102	249	19408523	19408379	4.18e-35	148
NC_003076.8:15030914-15031163	NC_003076.8	87.023	131	14	3	123	250	4937362	4937492	5.41e-34	145
NC_003076.8:15030914-15031163	NC_003076.8	85.065	154	9	5	1	154	9867496	9867635	5.41e-34	145
NC_003076.8:15030914-15031163	NC_003076.8	94.681	94	4	1	1	94	14395250	14395158	5.41e-34	145
NC_003076.8:15030914-15031163	NC_003076.8	94.681	94	4	1	1	94	14454549	14454457	5.41e-34	145
NC_003076.8:15030914-15031163	NC_003076.8	85.065	154	9	5	1	154	24314283	24314422	5.41e-34	145
NC_003076.8:15030914-15031163	NC_003076.8	82.822	163	25	3	88	248	9978749	9978588	1.94e-33	143
NC_003076.8:15030914-15031163	NC_003076.8	85.034	147	12	3	105	250	14103804	14103667	6.99e-33	141
NC_003076.8:15030914-15031163	NC_003076.8	81.053	190	18	8	1	189	26893188	26893360	3.25e-31	135
NC_003076.8:15030914-15031163	NC_003076.8	85.039	127	13	5	126	250	13677934	13677812	7.04e-28	124
NC_003076.8:15030914-15031163	NC_003076.8	80.556	180	17	12	88	250	25179202	25179380	2.53e-27	122
NC_003076.8:15030914-15031163	NC_003076.8	90.323	93	8	1	1	93	7700852	7700761	9.11e-27	121
NC_003076.8:15030914-15031163	NC_003076.8	90.426	94	6	3	1	92	15581120	15581212	9.11e-27	121
NC_003076.8:15030914-15031163	NC_003076.8	89.583	96	7	3	1	94	19408597	19408503	3.28e-26	119
NC_003076.8:15030914-15031163	NC_003076.8	94.737	76	2	2	1	75	24586843	24586917	1.18e-25	117
NC_003076.8:15030914-15031163	NC_003076.8	95.833	72	2	1	1	72	4937292	4937362	4.24e-25	115
NC_003076.8:15030914-15031163	NC_003076.8	82.171	129	19	4	97	222	17247831	17247704	7.09e-23	108
NC_003076.8:15030914-15031163	NC_003076.8	92.424	66	3	2	35	100	26892333	26892396	1.99e-18	93.5
NC_003076.8:15030914-15031163	NC_003076.8	91.379	58	5	0	1	58	15882623	15882680	1.55e-14	80.5
NC_003076.8:15030914-15031163	NC_003076.8	91.489	47	3	1	15	61	17247879	17247834	1.56e-09	63.9
NC_003076.8:15030914-15031163	NC_003076.8	97.297	37	1	0	214	250	26893363	26893399	1.56e-09	63.9
NC_003076.8:15030914-15031163	NC_003070.9	93.227	251	2	2	1	250	10579905	10580141	2.29e-97	355
NC_003076.8:15030914-15031163	NC_003070.9	91.600	250	6	3	1	250	21128636	21128870	3.87e-90	331
NC_003076.8:15030914-15031163	NC_003070.9	91.235	251	6	4	1	250	9418298	9418063	5.00e-89	327
NC_003076.8:15030914-15031163	NC_003070.9	92.766	235	2	4	1	234	3762754	3762974	1.80e-88	326
NC_003076.8:15030914-15031163	NC_003070.9	90.837	251	8	2	1	250	11669593	11669357	2.33e-87	322
NC_003076.8:15030914-15031163	NC_003070.9	90.079	252	8	5	1	250	20559836	20559600	5.04e-84	311
NC_003076.8:15030914-15031163	NC_003070.9	89.243	251	11	5	1	250	12619289	12619524	1.09e-80	300
NC_003076.8:15030914-15031163	NC_003070.9	88.800	250	13	4	1	250	20166905	20166671	1.82e-78	292
NC_003076.8:15030914-15031163	NC_003070.9	87.251	251	14	6	1	250	21615530	21615297	8.55e-72	270
NC_003076.8:15030914-15031163	NC_003070.9	86.905	252	13	11	1	250	23125364	23125131	3.98e-70	265
NC_003076.8:15030914-15031163	NC_003070.9	86.454	251	16	8	1	250	12097784	12098017	1.85e-68	259
NC_003076.8:15030914-15031163	NC_003070.9	86.454	251	16	5	1	250	25780004	25780237	1.85e-68	259
NC_003076.8:15030914-15031163	NC_003070.9	85.944	249	20	6	1	248	8622992	8622758	3.10e-66	252
NC_003076.8:15030914-15031163	NC_003070.9	85.714	252	18	6	1	250	5863277	5863512	1.11e-65	250
NC_003076.8:15030914-15031163	NC_003070.9	85.657	251	18	7	1	250	21918751	21918984	4.01e-65	248
NC_003076.8:15030914-15031163	NC_003070.9	85.657	251	18	5	1	250	26510903	26510670	4.01e-65	248
NC_003076.8:15030914-15031163	NC_003070.9	85.259	251	18	7	1	250	4770347	4770115	6.70e-63	241
NC_003076.8:15030914-15031163	NC_003070.9	84.980	253	17	9	1	250	10021648	10021414	8.67e-62	237
NC_003076.8:15030914-15031163	NC_003070.9	84.861	251	20	9	1	250	19769340	19769573	8.67e-62	237
NC_003076.8:15030914-15031163	NC_003070.9	84.921	252	16	12	1	250	24645833	24646064	3.12e-61	235
NC_003076.8:15030914-15031163	NC_003070.9	84.314	255	18	8	1	250	13495659	13495422	1.45e-59	230
NC_003076.8:15030914-15031163	NC_003070.9	91.124	169	13	2	83	250	8539596	8539763	5.22e-59	228
NC_003076.8:15030914-15031163	NC_003070.9	84.190	253	19	9	2	250	13811138	13810903	1.88e-58	226
NC_003076.8:15030914-15031163	NC_003070.9	91.411	163	12	2	88	250	12240750	12240910	2.43e-57	222
NC_003076.8:15030914-15031163	NC_003070.9	83.730	252	23	8	1	250	21739311	21739076	2.43e-57	222
NC_003076.8:15030914-15031163	NC_003070.9	85.520	221	16	6	31	250	9384365	9384160	1.13e-55	217
NC_003076.8:15030914-15031163	NC_003070.9	83.267	251	25	8	1	250	11803778	11803544	4.06e-55	215
NC_003076.8:15030914-15031163	NC_003070.9	90.798	163	12	3	89	250	14012972	14012812	4.06e-55	215
NC_003076.8:15030914-15031163	NC_003070.9	82.890	263	17	14	1	250	17502560	17502807	5.26e-54	211
NC_003076.8:15030914-15031163	NC_003070.9	85.068	221	17	6	31	250	18300475	18300270	5.26e-54	211
NC_003076.8:15030914-15031163	NC_003070.9	90.244	164	12	2	90	250	19741702	19741540	5.26e-54	211
NC_003076.8:15030914-15031163	NC_003070.9	83.004	253	21	6	1	250	696707	696474	1.89e-53	209
NC_003076.8:15030914-15031163	NC_003070.9	90.000	160	14	2	92	250	25358264	25358422	2.45e-52	206
NC_003076.8:15030914-15031163	NC_003070.9	89.571	163	14	3	90	250	2587993	2587832	8.80e-52	204
NC_003076.8:15030914-15031163	NC_003070.9	89.571	163	14	3	90	250	8190398	8190559	8.80e-52	204
NC_003076.8:15030914-15031163	NC_003070.9	89.506	162	15	2	90	250	29078853	29079013	8.80e-52	204
NC_003076.8:15030914-15031163	NC_003070.9	82.143	252	26	10	1	250	28891614	28891380	4.09e-50	198
NC_003076.8:15030914-15031163	NC_003070.9	88.415	164	17	2	88	250	12993158	12992996	1.47e-49	196
NC_003076.8:15030914-15031163	NC_003070.9	88.485	165	14	5	88	250	13313678	13313517	5.29e-49	195
NC_003076.8:15030914-15031163	NC_003070.9	87.805	164	19	1	88	250	19718331	19718494	6.85e-48	191
NC_003076.8:15030914-15031163	NC_003070.9	83.562	219	18	7	1	218	587698	587497	2.46e-47	189
NC_003076.8:15030914-15031163	NC_003070.9	89.262	149	13	3	103	250	5899352	5899206	1.15e-45	183
NC_003076.8:15030914-15031163	NC_003070.9	87.195	164	17	4	88	250	17605975	17606135	1.15e-45	183
NC_003076.8:15030914-15031163	NC_003070.9	87.117	163	19	2	88	250	20508997	20508837	1.15e-45	183
NC_003076.8:15030914-15031163	NC_003070.9	86.364	176	10	5	1	176	6218813	6218652	1.48e-44	180
NC_003076.8:15030914-15031163	NC_003070.9	86.585	164	20	2	88	250	12458092	12458254	1.48e-44	180
NC_003076.8:15030914-15031163	NC_003070.9	86.585	164	19	3	88	250	3497913	3497752	5.33e-44	178
NC_003076.8:15030914-15031163	NC_003070.9	81.200	250	19	13	14	250	13870210	13870444	1.92e-43	176
NC_003076.8:15030914-15031163	NC_003070.9	88.591	149	11	5	102	250	29244543	29244685	1.92e-43	176
NC_003076.8:15030914-15031163	NC_003070.9	84.946	186	11	5	1	185	4583324	4583493	2.48e-42	172
NC_003076.8:15030914-15031163	NC_003070.9	85.976	164	20	3	88	250	12183566	12183405	2.48e-42	172
NC_003076.8:15030914-15031163	NC_003070.9	87.838	148	16	2	104	250	26881130	26881276	2.48e-42	172
NC_003076.8:15030914-15031163	NC_003070.9	80.952	252	17	13	1	250	2473121	2472899	8.92e-42	171
NC_003076.8:15030914-15031163	NC_003070.9	87.919	149	12	5	102	250	22192410	22192552	8.92e-42	171
NC_003076.8:15030914-15031163	NC_003070.9	85.629	167	16	7	88	250	11174646	11174808	3.21e-41	169
NC_003076.8:15030914-15031163	NC_003070.9	86.538	156	17	4	97	250	21336374	21336527	3.21e-41	169
NC_003076.8:15030914-15031163	NC_003070.9	80.800	250	14	16	1	248	10931253	10931470	4.15e-40	165
NC_003076.8:15030914-15031163	NC_003070.9	85.366	164	18	3	88	250	13879213	13879055	4.15e-40	165
NC_003076.8:15030914-15031163	NC_003070.9	82.979	188	18	9	76	250	2587399	2587213	6.95e-38	158
NC_003076.8:15030914-15031163	NC_003070.9	85.185	162	14	7	88	248	26307351	26307503	6.95e-38	158
NC_003076.8:15030914-15031163	NC_003070.9	79.681	251	23	6	1	250	27241052	27241275	2.50e-37	156
NC_003076.8:15030914-15031163	NC_003070.9	85.333	150	19	3	97	245	3251327	3251474	3.23e-36	152
NC_003076.8:15030914-15031163	NC_003070.9	93.684	95	4	2	1	94	540654	540561	6.99e-33	141
NC_003076.8:15030914-15031163	NC_003070.9	93.684	95	4	2	1	94	20205576	20205483	6.99e-33	141
NC_003076.8:15030914-15031163	NC_003070.9	78.800	250	16	12	1	250	29774473	29774261	1.17e-30	134
NC_003076.8:15030914-15031163	NC_003070.9	91.579	95	5	2	1	94	29244471	29244563	5.45e-29	128
NC_003076.8:15030914-15031163	NC_003070.9	90.526	95	7	2	1	94	16400670	16400577	7.04e-28	124
NC_003076.8:15030914-15031163	NC_003070.9	77.381	252	26	11	1	250	11732683	11732905	9.11e-27	121
NC_003076.8:15030914-15031163	NC_003070.9	95.833	72	2	1	1	72	26881053	26881123	4.24e-25	115
NC_003076.8:15030914-15031163	NC_003070.9	93.056	72	4	1	1	72	3251256	3251326	9.18e-22	104
NC_003076.8:15030914-15031163	NC_003070.9	82.927	82	10	2	14	92	21602156	21602076	9.31e-12	71.3
NC_003076.8:15030914-15031163	NC_003070.9	100.000	35	0	0	66	100	3497921	3497887	4.33e-10	65.8
NC_003076.8:15030914-15031163	NC_003071.7	92.430	251	4	3	1	250	1322206	1321970	4.97e-94	344
NC_003076.8:15030914-15031163	NC_003071.7	91.235	251	6	3	1	250	3197853	3197618	5.00e-89	327
NC_003076.8:15030914-15031163	NC_003071.7	86.853	251	15	5	1	250	5038080	5038313	3.98e-70	265
NC_003076.8:15030914-15031163	NC_003071.7	86.056	251	19	6	2	250	1383789	1383553	2.39e-67	255
NC_003076.8:15030914-15031163	NC_003071.7	86.111	252	17	6	1	250	2139150	2139385	2.39e-67	255
NC_003076.8:15030914-15031163	NC_003071.7	86.000	250	20	5	2	250	10996418	10996183	8.61e-67	254
NC_003076.8:15030914-15031163	NC_003071.7	85.657	251	19	7	1	250	1597245	1597479	4.01e-65	248
NC_003076.8:15030914-15031163	NC_003071.7	83.721	258	33	5	1	250	7351291	7351547	3.12e-61	235
NC_003076.8:15030914-15031163	NC_003071.7	84.524	252	19	8	1	250	7340709	7340942	4.03e-60	231
NC_003076.8:15030914-15031163	NC_003071.7	84.462	251	22	8	1	250	13102126	13102360	4.03e-60	231
NC_003076.8:15030914-15031163	NC_003071.7	84.127	252	22	9	1	250	5010322	5010087	5.22e-59	228
NC_003076.8:15030914-15031163	NC_003071.7	86.099	223	12	9	31	250	2320728	2320934	2.43e-57	222
NC_003076.8:15030914-15031163	NC_003071.7	85.217	230	15	7	1	227	4025741	4025954	3.14e-56	219
NC_003076.8:15030914-15031163	NC_003071.7	91.250	160	12	2	92	250	7178857	7179015	1.13e-55	217
NC_003076.8:15030914-15031163	NC_003071.7	97.619	126	3	0	102	227	9456040	9456165	1.13e-55	217
NC_003076.8:15030914-15031163	NC_003071.7	83.871	248	17	13	1	245	13886247	13886474	4.06e-55	215
NC_003076.8:15030914-15031163	NC_003071.7	83.004	253	22	10	1	250	4306056	4306290	1.89e-53	209
NC_003076.8:15030914-15031163	NC_003071.7	87.349	166	18	3	88	250	826109	826274	8.86e-47	187
NC_003076.8:15030914-15031163	NC_003071.7	87.273	165	18	3	88	250	4758264	4758101	3.19e-46	185
NC_003076.8:15030914-15031163	NC_003071.7	86.932	176	9	5	1	176	19172338	19172177	3.19e-46	185
NC_003076.8:15030914-15031163	NC_003071.7	87.195	164	18	3	88	250	11597718	11597879	1.15e-45	183
NC_003076.8:15030914-15031163	NC_003071.7	88.514	148	16	1	104	250	1410008	1410155	5.33e-44	178
NC_003076.8:15030914-15031163	NC_003071.7	88.514	148	15	2	104	250	6206741	6206595	5.33e-44	178
NC_003076.8:15030914-15031163	NC_003071.7	88.435	147	14	3	105	250	9311474	9311618	6.90e-43	174
NC_003076.8:15030914-15031163	NC_003071.7	86.585	164	12	7	88	250	8907842	8907996	2.48e-42	172
NC_003076.8:15030914-15031163	NC_003071.7	84.865	185	10	7	1	185	17147325	17147159	8.92e-42	171
NC_003076.8:15030914-15031163	NC_003071.7	85.366	164	14	7	88	250	9891400	9891246	5.37e-39	161
NC_003076.8:15030914-15031163	NC_003071.7	86.986	146	13	5	105	250	9228776	9228637	1.93e-38	159
NC_003076.8:15030914-15031163	NC_003071.7	80.000	250	17	19	1	248	9225696	9225478	8.98e-37	154
NC_003076.8:15030914-15031163	NC_003071.7	83.523	176	14	8	88	250	9860128	9859955	1.16e-35	150
NC_003076.8:15030914-15031163	NC_003071.7	84.146	164	16	7	88	250	17992698	17992544	1.16e-35	150
NC_003076.8:15030914-15031163	NC_003071.7	85.065	154	9	5	1	154	8173489	8173628	5.41e-34	145
NC_003076.8:15030914-15031163	NC_003071.7	84.868	152	9	5	1	152	9030463	9030600	6.99e-33	141
NC_003076.8:15030914-15031163	NC_003071.7	81.481	189	17	8	1	188	10070310	10070139	2.52e-32	139
NC_003076.8:15030914-15031163	NC_003071.7	78.800	250	16	12	1	250	1347424	1347212	1.17e-30	134
NC_003076.8:15030914-15031163	NC_003071.7	97.368	76	2	0	1	76	9455967	9456042	1.51e-29	130
NC_003076.8:15030914-15031163	NC_003071.7	83.077	130	19	3	122	250	1242847	1242974	4.24e-25	115
NC_003076.8:15030914-15031163	NC_003071.7	94.444	72	3	1	1	72	6206818	6206748	1.97e-23	110
NC_003076.8:15030914-15031163	NC_003071.7	88.172	93	9	2	1	93	9228850	9228760	1.97e-23	110
NC_003076.8:15030914-15031163	NC_003071.7	93.220	59	3	1	192	250	6901865	6901922	3.32e-16	86.1
NC_003076.8:15030914-15031163	NC_003071.7	91.525	59	4	1	192	250	8173643	8173700	1.55e-14	80.5
NC_003076.8:15030914-15031163	NC_003071.7	77.301	163	17	9	31	193	11909052	11908910	5.56e-14	78.7
NC_003076.8:15030914-15031163	NC_003071.7	78.947	114	13	8	145	250	7566659	7566549	1.20e-10	67.6
NC_003076.8:15030914-15031163	NC_003071.7	95.000	40	2	0	121	160	6626757	6626718	1.56e-09	63.9
NC_003076.8:15030914-15031163	NC_003071.7	94.737	38	1	1	213	250	1367511	1367475	7.25e-08	58.4
NC_003076.8:15030914-15031163	NC_003074.8	92.032	251	5	3	1	250	11588873	11588637	2.31e-92	339
NC_003076.8:15030914-15031163	NC_003074.8	91.235	251	6	4	1	250	10901411	10901646	5.00e-89	327
NC_003076.8:15030914-15031163	NC_003074.8	91.165	249	6	5	1	248	18495382	18495149	6.47e-88	324
NC_003076.8:15030914-15031163	NC_003074.8	90.040	251	21	4	1	250	10758249	10758002	2.33e-87	322
NC_003076.8:15030914-15031163	NC_003074.8	90.837	251	8	3	1	250	16678267	16678503	2.33e-87	322
NC_003076.8:15030914-15031163	NC_003074.8	89.919	248	11	2	1	248	5590994	5590761	6.52e-83	307
NC_003076.8:15030914-15031163	NC_003074.8	90.393	229	6	4	1	227	16534644	16534430	8.49e-77	287
NC_003076.8:15030914-15031163	NC_003074.8	86.853	251	15	6	1	250	10405726	10405959	3.98e-70	265
NC_003076.8:15030914-15031163	NC_003074.8	86.454	251	14	9	1	250	23085859	23086090	6.66e-68	257
NC_003076.8:15030914-15031163	NC_003074.8	86.111	252	16	7	1	250	6729159	6728925	8.61e-67	254
NC_003076.8:15030914-15031163	NC_003074.8	86.111	252	16	10	1	250	15814257	15814491	8.61e-67	254
NC_003076.8:15030914-15031163	NC_003074.8	86.056	251	17	5	1	250	17402234	17402001	8.61e-67	254
NC_003076.8:15030914-15031163	NC_003074.8	85.714	252	15	9	1	250	18634175	18633943	1.44e-64	246
NC_003076.8:15030914-15031163	NC_003074.8	85.657	251	17	7	1	250	19740108	19740340	1.44e-64	246
NC_003076.8:15030914-15031163	NC_003074.8	85.317	252	17	8	1	250	11090673	11090440	1.86e-63	243
NC_003076.8:15030914-15031163	NC_003074.8	84.980	253	19	7	1	250	21552337	21552101	2.41e-62	239
NC_003076.8:15030914-15031163	NC_003074.8	84.861	251	20	4	1	250	14057454	14057687	8.67e-62	237
NC_003076.8:15030914-15031163	NC_003074.8	84.524	252	21	6	1	250	3080260	3080025	1.12e-60	233
NC_003076.8:15030914-15031163	NC_003074.8	86.878	221	13	6	31	250	20769804	20769599	1.12e-60	233
NC_003076.8:15030914-15031163	NC_003074.8	84.524	252	19	9	1	250	5866196	5866429	4.03e-60	231
NC_003076.8:15030914-15031163	NC_003074.8	84.462	251	21	8	1	250	6940832	6940599	4.03e-60	231
NC_003076.8:15030914-15031163	NC_003074.8	84.524	252	19	7	1	250	19437201	19437434	4.03e-60	231
NC_003076.8:15030914-15031163	NC_003074.8	84.064	251	23	8	1	250	7980317	7980083	1.88e-58	226
NC_003076.8:15030914-15031163	NC_003074.8	84.127	252	21	7	1	250	16723354	16723120	1.88e-58	226
NC_003076.8:15030914-15031163	NC_003074.8	93.919	148	8	1	102	248	16903052	16903199	2.43e-57	222
NC_003076.8:15030914-15031163	NC_003074.8	83.730	252	21	9	1	250	16485541	16485308	8.73e-57	220
NC_003076.8:15030914-15031163	NC_003074.8	91.304	161	12	2	91	250	15918252	15918093	3.14e-56	219
NC_003076.8:15030914-15031163	NC_003074.8	83.691	233	21	7	1	232	18171177	18170961	8.80e-52	204
NC_003076.8:15030914-15031163	NC_003074.8	90.000	150	11	4	103	250	10717941	10717794	6.85e-48	191
NC_003076.8:15030914-15031163	NC_003074.8	87.805	164	17	3	88	250	19521066	19521227	2.46e-47	189
NC_003076.8:15030914-15031163	NC_003074.8	87.500	168	14	5	88	250	16234825	16234660	8.86e-47	187
NC_003076.8:15030914-15031163	NC_003074.8	87.195	164	19	2	88	250	8645177	8645339	3.19e-46	185
NC_003076.8:15030914-15031163	NC_003074.8	88.514	148	15	2	104	250	7766471	7766617	5.33e-44	178
NC_003076.8:15030914-15031163	NC_003074.8	89.041	146	13	3	97	241	8329351	8329494	5.33e-44	178
NC_003076.8:15030914-15031163	NC_003074.8	87.195	164	10	8	88	250	10681545	10681392	1.92e-43	176
NC_003076.8:15030914-15031163	NC_003074.8	88.000	150	14	4	104	250	16405604	16405752	6.90e-43	174
NC_003076.8:15030914-15031163	NC_003074.8	86.667	150	18	2	102	250	18885772	18885624	4.15e-40	165
NC_003076.8:15030914-15031163	NC_003074.8	86.577	149	17	3	102	249	17209719	17209573	5.37e-39	161
NC_003076.8:15030914-15031163	NC_003074.8	95.745	94	4	0	1	94	16902979	16903072	3.23e-36	152
NC_003076.8:15030914-15031163	NC_003074.8	84.568	162	15	7	90	250	18172426	18172274	3.23e-36	152
NC_003076.8:15030914-15031163	NC_003074.8	94.737	95	3	2	1	94	10708958	10709051	1.50e-34	147
NC_003076.8:15030914-15031163	NC_003074.8	93.684	95	4	2	1	94	16405529	16405622	6.99e-33	141
NC_003076.8:15030914-15031163	NC_003074.8	94.253	87	3	2	1	86	4585083	4585168	4.21e-30	132
NC_003076.8:15030914-15031163	NC_003074.8	83.117	154	12	5	1	154	8596315	8596176	5.45e-29	128
NC_003076.8:15030914-15031163	NC_003074.8	89.474	95	8	2	1	94	18885845	18885752	3.28e-26	119
NC_003076.8:15030914-15031163	NC_003074.8	95.833	72	2	1	1	72	7766394	7766464	4.24e-25	115
NC_003076.8:15030914-15031163	NC_003074.8	93.151	73	3	2	1	72	8329280	8329351	2.55e-22	106
NC_003076.8:15030914-15031163	NC_003074.8	92.453	53	4	0	1	53	4579566	4579618	2.00e-13	76.8
NC_003076.8:15030914-15031163	NC_003075.7	91.304	253	5	4	1	250	8899727	8899965	1.39e-89	329
NC_003076.8:15030914-15031163	NC_003075.7	89.243	251	10	4	1	250	7231369	7231603	3.92e-80	298
NC_003076.8:15030914-15031163	NC_003075.7	87.649	251	12	8	1	250	1521587	1521819	6.61e-73	274
NC_003076.8:15030914-15031163	NC_003075.7	87.251	251	13	8	1	250	6115671	6115903	3.08e-71	268
NC_003076.8:15030914-15031163	NC_003075.7	90.385	208	5	3	1	207	8820042	8819849	1.85e-68	259
NC_003076.8:15030914-15031163	NC_003075.7	96.667	150	4	1	102	250	1198862	1198713	4.01e-65	248
NC_003076.8:15030914-15031163	NC_003075.7	84.921	252	19	9	1	250	9111814	9111580	8.67e-62	237
NC_003076.8:15030914-15031163	NC_003075.7	84.064	251	22	9	1	250	5391953	5391720	1.88e-58	226
NC_003076.8:15030914-15031163	NC_003075.7	83.936	249	21	7	1	248	2553717	2553947	8.73e-57	220
NC_003076.8:15030914-15031163	NC_003075.7	91.304	161	12	2	91	250	6426776	6426617	3.14e-56	219
NC_003076.8:15030914-15031163	NC_003075.7	90.123	162	14	2	90	250	7906208	7906368	1.89e-53	209
NC_003076.8:15030914-15031163	NC_003075.7	85.068	221	13	10	1	219	823724	823522	6.80e-53	207
NC_003076.8:15030914-15031163	NC_003075.7	82.470	251	26	5	1	250	572430	572197	8.80e-52	204
NC_003076.8:15030914-15031163	NC_003075.7	88.957	163	15	3	90	250	7155215	7155376	4.09e-50	198
NC_003076.8:15030914-15031163	NC_003075.7	82.143	252	25	9	1	250	17501973	17502206	4.09e-50	198
NC_003076.8:15030914-15031163	NC_003075.7	88.415	164	16	3	88	250	12365225	12365064	5.29e-49	195
NC_003076.8:15030914-15031163	NC_003075.7	88.816	152	13	4	102	250	6339622	6339472	1.15e-45	183
NC_003076.8:15030914-15031163	NC_003075.7	86.667	165	17	5	88	250	6895109	6894948	5.33e-44	178
NC_003076.8:15030914-15031163	NC_003075.7	85.976	164	21	2	88	250	6414216	6414054	6.90e-43	174
NC_003076.8:15030914-15031163	NC_003075.7	87.248	149	13	5	102	250	7034393	7034251	4.15e-40	165
NC_003076.8:15030914-15031163	NC_003075.7	86.585	164	5	5	14	176	12606710	12606563	4.15e-40	165
NC_003076.8:15030914-15031163	NC_003075.7	85.143	175	9	5	1	174	6661317	6661475	1.49e-39	163
NC_003076.8:15030914-15031163	NC_003075.7	86.577	149	17	3	103	250	13124015	13123869	5.37e-39	161
NC_003076.8:15030914-15031163	NC_003075.7	85.333	150	16	6	103	250	9146878	9147023	1.16e-35	150
NC_003076.8:15030914-15031163	NC_003075.7	97.674	86	2	0	1	86	1198935	1198850	4.18e-35	148
NC_003076.8:15030914-15031163	NC_003075.7	83.766	154	11	5	1	154	7383627	7383488	1.17e-30	134
NC_003076.8:15030914-15031163	NC_003075.7	84.932	146	6	5	1	146	8947431	8947302	1.17e-30	134
NC_003076.8:15030914-15031163	NC_003075.7	83.784	148	14	7	102	248	7652989	7653127	4.21e-30	132
NC_003076.8:15030914-15031163	NC_003075.7	83.766	154	9	5	1	154	12699153	12699290	4.21e-30	132
NC_003076.8:15030914-15031163	NC_003075.7	91.579	95	5	3	1	94	6339695	6339603	5.45e-29	128
NC_003076.8:15030914-15031163	NC_003075.7	90.323	93	8	1	1	93	7034465	7034374	9.11e-27	121
NC_003076.8:15030914-15031163	NC_003075.7	82.270	141	13	9	88	227	12968048	12967919	5.48e-24	111
NC_003076.8:15030914-15031163	NC_003075.7	90.541	74	5	2	1	73	1100911	1100983	1.54e-19	97.1
NC_003076.8:15030914-15031163	NC_003075.7	83.838	99	14	2	1	99	7572220	7572316	1.99e-18	93.5
NC_003076.8:15030914-15031163	NC_003075.7	93.220	59	3	1	192	250	12699305	12699362	3.32e-16	86.1
NC_003076.8:15030914-15031163	NC_003075.7	89.796	49	4	1	202	250	1957656	1957703	5.60e-09	62.1
NC_003076.8:15087732-15087971	NC_003076.8	100.000	240	0	0	1	240	15087971	15087732	4.55e-124	444
NC_003076.8:15087732-15087971	NC_003071.7	82.869	251	28	10	1	240	2984513	2984759	5.02e-54	211
NC_003076.8:15087732-15087971	NC_003071.7	81.215	181	22	8	1	169	2919375	2919195	3.11e-31	135
NC_003076.8:15087732-15087971	NC_003074.8	91.071	56	5	0	1	56	11763847	11763902	1.91e-13	76.8
NC_003076.8:16356474-16358544	NC_003076.8	100.000	2071	0	0	1	2071	16356474	16358544	0.0	3825
NC_003076.8:16356474-16358544	NC_003076.8	96.352	2056	69	5	21	2071	17775748	17777802	0.0	3376
NC_003076.8:16356474-16358544	NC_003076.8	94.848	2077	94	13	2	2071	9965017	9962947	0.0	3230
NC_003076.8:16356474-16358544	NC_003076.8	94.151	2086	99	16	1	2071	8746702	8744625	0.0	3155
NC_003076.8:16356474-16358544	NC_003076.8	93.696	2078	115	16	2	2071	1898645	1896576	0.0	3097
NC_003076.8:16356474-16358544	NC_003076.8	93.462	2080	119	16	2	2071	14082835	14080763	0.0	3072
NC_003076.8:16356474-16358544	NC_003076.8	93.067	2106	107	12	2	2071	19742617	19740515	0.0	3044
NC_003076.8:16356474-16358544	NC_003076.8	93.099	2101	108	14	2	2071	8765709	8767803	0.0	3042
NC_003076.8:16356474-16358544	NC_003076.8	92.956	2101	107	16	2	2071	20682406	20680316	0.0	3022
NC_003076.8:16356474-16358544	NC_003076.8	92.658	2111	108	16	3	2071	5430061	5427956	0.0	2996
NC_003076.8:16356474-16358544	NC_003076.8	92.637	2105	114	16	2	2071	17365025	17367123	0.0	2990
NC_003076.8:16356474-16358544	NC_003076.8	92.518	2085	112	26	17	2069	24187899	24185827	0.0	2946
NC_003076.8:16356474-16358544	NC_003076.8	92.574	1993	105	14	2	1963	14151294	14149314	0.0	2820
NC_003076.8:16356474-16358544	NC_003076.8	93.694	1348	62	11	1	1334	20281985	20280647	0.0	1997
NC_003076.8:16356474-16358544	NC_003076.8	93.244	1347	70	10	1	1334	9590409	9591747	0.0	1964
NC_003076.8:16356474-16358544	NC_003076.8	92.637	1331	67	24	2	1309	9559507	9558185	0.0	1886
NC_003076.8:16356474-16358544	NC_003076.8	93.755	1185	55	13	141	1311	4312671	4313850	0.0	1760
NC_003076.8:16356474-16358544	NC_003076.8	92.168	1264	64	21	2	1244	4782228	4780979	0.0	1753
NC_003076.8:16356474-16358544	NC_003076.8	95.307	1108	46	5	2	1105	15606601	15605496	0.0	1753
NC_003076.8:16356474-16358544	NC_003076.8	93.815	1148	58	6	934	2071	15043278	15042134	0.0	1714
NC_003076.8:16356474-16358544	NC_003076.8	93.080	1156	53	13	942	2071	22232106	22230952	0.0	1666
NC_003076.8:16356474-16358544	NC_003076.8	92.882	1152	67	8	934	2071	24476441	24475291	0.0	1659
NC_003076.8:16356474-16358544	NC_003076.8	94.419	1075	46	7	53	1115	17618634	17617562	0.0	1640
NC_003076.8:16356474-16358544	NC_003076.8	92.768	1120	62	10	934	2036	5977903	5976786	0.0	1602
NC_003076.8:16356474-16358544	NC_003076.8	91.473	1161	75	11	934	2071	8354360	8353201	0.0	1574
NC_003076.8:16356474-16358544	NC_003076.8	90.488	1188	62	13	2	1155	11025336	11026506	0.0	1520
NC_003076.8:16356474-16358544	NC_003076.8	94.283	997	50	6	1049	2041	18854895	18855888	0.0	1519
NC_003076.8:16356474-16358544	NC_003076.8	93.587	998	56	7	1077	2071	4313874	4314866	0.0	1482
NC_003076.8:16356474-16358544	NC_003076.8	94.067	927	50	5	1146	2071	11026974	11027896	0.0	1402
NC_003076.8:16356474-16358544	NC_003076.8	93.658	946	40	13	2	929	18853952	18854895	0.0	1397
NC_003076.8:16356474-16358544	NC_003076.8	95.750	800	31	3	1273	2071	15605466	15604669	0.0	1286
NC_003076.8:16356474-16358544	NC_003076.8	89.990	1019	60	12	1056	2071	21530929	21531908	0.0	1279
NC_003076.8:16356474-16358544	NC_003076.8	92.899	845	36	6	1	825	21530088	21530928	0.0	1206
NC_003076.8:16356474-16358544	NC_003076.8	90.077	907	49	18	935	1829	10714575	10715452	0.0	1138
NC_003076.8:16356474-16358544	NC_003076.8	93.005	772	50	3	1303	2071	4780980	4780210	0.0	1123
NC_003076.8:16356474-16358544	NC_003076.8	87.238	956	73	24	2	924	9612591	9613530	0.0	1044
NC_003076.8:16356474-16358544	NC_003076.8	93.862	668	35	6	2	666	7154439	7153775	0.0	1002
NC_003076.8:16356474-16358544	NC_003076.8	95.110	593	26	3	1481	2071	7153775	7153184	0.0	931
NC_003076.8:16356474-16358544	NC_003076.8	90.463	713	42	8	236	929	8683118	8683823	0.0	917
NC_003076.8:16356474-16358544	NC_003076.8	93.511	601	36	3	1472	2071	25905017	25905615	0.0	891
NC_003076.8:16356474-16358544	NC_003076.8	89.621	713	51	7	236	930	7711270	7711977	0.0	885
NC_003076.8:16356474-16358544	NC_003076.8	89.466	712	51	7	236	929	14761045	14760340	0.0	878
NC_003076.8:16356474-16358544	NC_003076.8	89.170	711	52	9	238	929	15342559	15341855	0.0	863
NC_003076.8:16356474-16358544	NC_003076.8	89.457	645	46	6	236	862	19931420	19930780	0.0	795
NC_003076.8:16356474-16358544	NC_003076.8	89.457	645	45	7	236	862	5129697	5129058	0.0	793
NC_003076.8:16356474-16358544	NC_003076.8	87.677	706	51	11	247	930	354275	354966	0.0	789
NC_003076.8:16356474-16358544	NC_003076.8	92.182	550	32	4	944	1483	15577265	15576717	0.0	767
NC_003076.8:16356474-16358544	NC_003076.8	89.155	627	40	11	323	929	19670974	19671592	0.0	756
NC_003076.8:16356474-16358544	NC_003076.8	91.273	550	38	3	944	1483	21776872	21776323	0.0	741
NC_003076.8:16356474-16358544	NC_003076.8	92.261	491	33	5	1582	2071	21776273	21775787	0.0	691
NC_003076.8:16356474-16358544	NC_003076.8	97.506	401	9	1	1671	2071	17796537	17796138	0.0	684
NC_003076.8:16356474-16358544	NC_003076.8	91.853	491	36	4	1582	2071	15576667	15576180	0.0	682
NC_003076.8:16356474-16358544	NC_003076.8	92.099	443	26	5	1630	2071	9134290	9134724	8.66e-175	616
NC_003076.8:16356474-16358544	NC_003076.8	92.162	421	31	2	1652	2071	21584595	21584176	4.06e-168	593
NC_003076.8:16356474-16358544	NC_003076.8	90.617	373	23	11	1708	2071	25264968	25265337	2.55e-135	484
NC_003076.8:16356474-16358544	NC_003076.8	91.092	348	23	8	236	580	25264649	25264991	3.32e-129	464
NC_003076.8:16356474-16358544	NC_003076.8	93.092	304	19	2	1282	1584	9592102	9592404	4.32e-123	444
NC_003076.8:16356474-16358544	NC_003076.8	92.409	303	22	1	1282	1584	17617546	17617245	3.37e-119	431
NC_003076.8:16356474-16358544	NC_003076.8	93.403	288	18	1	1282	1569	20280291	20280005	1.57e-117	425
NC_003076.8:16356474-16358544	NC_003076.8	92.620	271	19	1	659	929	20398316	20398585	2.06e-106	388
NC_003076.8:16356474-16358544	NC_003076.8	94.737	228	9	3	236	462	3020057	3019832	2.70e-95	351
NC_003076.8:16356474-16358544	NC_003076.8	90.256	195	9	3	934	1119	20280497	20280304	1.31e-63	246
NC_003076.8:16356474-16358544	NC_003076.8	91.061	179	13	3	1895	2071	10715445	10715622	2.19e-61	239
NC_003076.8:16356474-16358544	NC_003076.8	89.286	196	12	2	934	1120	9134103	9134298	7.88e-61	237
NC_003076.8:16356474-16358544	NC_003076.8	90.000	190	10	2	934	1114	9591897	9592086	7.88e-61	237
NC_003076.8:16356474-16358544	NC_003076.8	93.443	122	6	2	935	1056	25904885	25905004	1.35e-43	180
NC_003076.8:16356474-16358544	NC_003076.8	93.388	121	7	1	1952	2071	14143814	14143694	4.84e-43	178
NC_003076.8:16356474-16358544	NC_003076.8	86.923	130	13	4	1946	2071	17043772	17043901	1.77e-32	143
NC_003076.8:16356474-16358544	NC_003076.8	85.606	132	13	5	1946	2071	22621309	22621178	1.06e-29	134
NC_003076.8:16356474-16358544	NC_003076.8	85.385	130	15	4	1946	2071	14810696	14810825	3.82e-29	132
NC_003076.8:16356474-16358544	NC_003076.8	85.271	129	15	4	1947	2071	9557787	9557659	1.38e-28	130
NC_003076.8:16356474-16358544	NC_003076.8	85.271	129	16	3	1946	2071	26787234	26787106	1.38e-28	130
NC_003076.8:16356474-16358544	NC_003076.8	84.252	127	14	4	1946	2071	10041933	10041812	2.98e-25	119
NC_003076.8:16356474-16358544	NC_003076.8	86.905	84	9	2	1990	2071	15882683	15882766	1.80e-17	93.5
NC_003076.8:16356474-16358544	NC_003075.7	96.485	2077	65	7	2	2071	11360870	11362945	0.0	3424
NC_003076.8:16356474-16358544	NC_003075.7	94.321	2078	104	14	2	2071	1349585	1351656	0.0	3171
NC_003076.8:16356474-16358544	NC_003075.7	94.185	2081	102	16	2	2071	5541389	5539317	0.0	3155
NC_003076.8:16356474-16358544	NC_003075.7	93.593	2076	104	19	2	2071	8730453	8728401	0.0	3070
NC_003076.8:16356474-16358544	NC_003075.7	93.321	2081	106	17	1	2071	4146125	4148182	0.0	3042
NC_003076.8:16356474-16358544	NC_003075.7	92.707	2098	111	15	2	2069	1002007	999922	0.0	2988
NC_003076.8:16356474-16358544	NC_003075.7	93.403	2016	91	19	90	2071	8063697	8065704	0.0	2948
NC_003076.8:16356474-16358544	NC_003075.7	92.380	1273	63	10	2	1244	10397385	10396117	0.0	1783
NC_003076.8:16356474-16358544	NC_003075.7	93.815	1148	59	5	934	2071	11193420	11192275	0.0	1716
NC_003076.8:16356474-16358544	NC_003075.7	91.864	1143	78	9	942	2071	371928	370788	0.0	1581
NC_003076.8:16356474-16358544	NC_003075.7	91.434	1144	81	10	942	2071	6166306	6165166	0.0	1554
NC_003076.8:16356474-16358544	NC_003075.7	94.129	1005	52	6	1071	2071	16864264	16863263	0.0	1522
NC_003076.8:16356474-16358544	NC_003075.7	94.588	813	37	7	1	811	16865071	16864264	0.0	1251
NC_003076.8:16356474-16358544	NC_003075.7	93.939	792	43	5	1282	2071	683570	684358	0.0	1192
NC_003076.8:16356474-16358544	NC_003075.7	93.523	772	46	4	1303	2071	10396119	10395349	0.0	1146
NC_003076.8:16356474-16358544	NC_003075.7	92.005	788	40	11	2	771	9763814	9763032	0.0	1085
NC_003076.8:16356474-16358544	NC_003075.7	91.762	789	40	12	2	771	9842608	9841826	0.0	1074
NC_003076.8:16356474-16358544	NC_003075.7	87.060	966	88	18	2	945	2622006	2621056	0.0	1057
NC_003076.8:16356474-16358544	NC_003075.7	93.313	658	41	3	1225	1881	965061	964406	0.0	968
NC_003076.8:16356474-16358544	NC_003075.7	90.309	712	46	10	236	930	314144	313439	0.0	911
NC_003076.8:16356474-16358544	NC_003075.7	89.261	717	48	10	236	932	7060559	7059852	0.0	870
NC_003076.8:16356474-16358544	NC_003075.7	89.527	697	47	14	247	923	9438920	9439610	0.0	859
NC_003076.8:16356474-16358544	NC_003075.7	91.165	532	33	10	1544	2071	14390783	14390262	0.0	710
NC_003076.8:16356474-16358544	NC_003075.7	91.367	417	26	10	232	644	6279131	6279541	1.14e-158	562
NC_003076.8:16356474-16358544	NC_003075.7	94.340	371	11	3	1671	2041	7853284	7852924	4.12e-158	560
NC_003076.8:16356474-16358544	NC_003075.7	91.798	317	15	5	934	1240	965649	965334	3.37e-119	431
NC_003076.8:16356474-16358544	NC_003075.7	90.661	257	23	1	642	898	3893999	3893744	5.84e-92	340
NC_003076.8:16356474-16358544	NC_003075.7	80.741	405	56	20	1488	1882	7593705	7593313	1.28e-78	296
NC_003076.8:16356474-16358544	NC_003075.7	75.716	663	110	33	1389	2041	7572217	7572838	2.77e-75	285
NC_003076.8:16356474-16358544	NC_003075.7	89.231	195	12	2	934	1119	683363	683557	2.83e-60	235
NC_003076.8:16356474-16358544	NC_003075.7	83.039	283	22	11	372	644	3897173	3896907	1.02e-59	233
NC_003076.8:16356474-16358544	NC_003075.7	83.721	258	17	8	2	257	6279022	6279256	7.93e-56	220
NC_003076.8:16356474-16358544	NC_003075.7	74.624	465	89	19	1580	2038	2262877	2262436	4.84e-43	178
NC_003076.8:16356474-16358544	NC_003075.7	79.079	239	43	7	1836	2071	12335596	12335830	6.31e-37	158
NC_003076.8:16356474-16358544	NC_003075.7	93.617	94	6	0	693	786	6280372	6280465	6.35e-32	141
NC_003076.8:16356474-16358544	NC_003075.7	84.615	130	16	3	1946	2071	15441780	15441651	1.78e-27	126
NC_003076.8:16356474-16358544	NC_003075.7	90.526	95	7	1	1472	1564	8802411	8802505	6.40e-27	124
NC_003076.8:16356474-16358544	NC_003075.7	91.139	79	7	0	2	80	965799	965721	6.44e-22	108
NC_003076.8:16356474-16358544	NC_003075.7	81.890	127	17	4	1946	2071	963984	963863	3.00e-20	102
NC_003076.8:16356474-16358544	NC_003075.7	75.600	250	34	23	254	487	9566265	9566027	3.88e-19	99.0
NC_003076.8:16356474-16358544	NC_003075.7	97.619	42	1	0	942	983	14390831	14390790	2.35e-11	73.1
NC_003076.8:16356474-16358544	NC_003075.7	83.871	62	9	1	2011	2071	3359173	3359234	6.58e-07	58.4
NC_003076.8:16356474-16358544	NC_003074.8	96.239	2074	72	6	2	2071	17277814	17275743	0.0	3393
NC_003076.8:16356474-16358544	NC_003074.8	94.600	2074	79	11	2	2071	22118613	22120657	0.0	3179
NC_003076.8:16356474-16358544	NC_003074.8	93.157	2075	111	18	2	2071	20786399	20788447	0.0	3016
NC_003076.8:16356474-16358544	NC_003074.8	92.782	2092	123	18	2	2071	15937286	15939371	0.0	3001
NC_003076.8:16356474-16358544	NC_003074.8	92.584	2090	107	24	2	2049	10821446	10819363	0.0	2957
NC_003076.8:16356474-16358544	NC_003074.8	92.749	2055	97	23	2	2037	11535844	11537865	0.0	2922
NC_003076.8:16356474-16358544	NC_003074.8	92.054	2089	104	30	1	2071	17144491	17142447	0.0	2881
NC_003076.8:16356474-16358544	NC_003074.8	92.720	1566	79	22	514	2071	16562049	16563587	0.0	2228
NC_003076.8:16356474-16358544	NC_003074.8	93.004	1458	77	16	1	1453	5745924	5744487	0.0	2104
NC_003076.8:16356474-16358544	NC_003074.8	93.244	1347	69	10	2	1334	17301278	17299940	0.0	1964
NC_003076.8:16356474-16358544	NC_003074.8	91.769	1385	67	21	690	2071	15452795	15451455	0.0	1882
NC_003076.8:16356474-16358544	NC_003074.8	92.764	1147	62	10	935	2069	17730093	17731230	0.0	1639
NC_003076.8:16356474-16358544	NC_003074.8	91.573	1151	75	13	935	2071	17776923	17778065	0.0	1568
NC_003076.8:16356474-16358544	NC_003074.8	91.286	1159	62	20	942	2069	16419302	16420452	0.0	1544
NC_003076.8:16356474-16358544	NC_003074.8	91.491	1140	66	11	942	2071	9767475	9766357	0.0	1539
NC_003076.8:16356474-16358544	NC_003074.8	93.062	1009	51	7	1066	2071	16451588	16452580	0.0	1458
NC_003076.8:16356474-16358544	NC_003074.8	92.678	997	55	6	1079	2071	17062368	17061386	0.0	1421
NC_003076.8:16356474-16358544	NC_003074.8	91.483	998	54	12	1079	2071	7995800	7994829	0.0	1343
NC_003076.8:16356474-16358544	NC_003074.8	96.025	805	29	3	5	808	9386343	9385541	0.0	1306
NC_003076.8:16356474-16358544	NC_003074.8	92.274	919	46	10	934	1841	11503611	11502707	0.0	1280
NC_003076.8:16356474-16358544	NC_003074.8	94.089	812	42	6	2	811	16450786	16451593	0.0	1229
NC_003076.8:16356474-16358544	NC_003074.8	94.192	792	43	3	1282	2071	18412509	18413299	0.0	1205
NC_003076.8:16356474-16358544	NC_003074.8	93.569	793	47	4	1282	2071	18019136	18019927	0.0	1179
NC_003076.8:16356474-16358544	NC_003074.8	93.459	795	44	8	1282	2071	13327791	13328582	0.0	1173
NC_003076.8:16356474-16358544	NC_003074.8	91.934	843	34	12	1	825	17063230	17062404	0.0	1149
NC_003076.8:16356474-16358544	NC_003074.8	92.560	793	53	6	1282	2071	3965358	3966147	0.0	1133
NC_003076.8:16356474-16358544	NC_003074.8	93.271	743	46	4	1330	2071	10556871	10556132	0.0	1092
NC_003076.8:16356474-16358544	NC_003074.8	92.598	743	44	3	1330	2071	10575083	10574351	0.0	1057
NC_003076.8:16356474-16358544	NC_003074.8	91.688	770	44	6	1303	2071	15485279	15484529	0.0	1050
NC_003076.8:16356474-16358544	NC_003074.8	96.795	624	16	4	789	1408	9385005	9384382	0.0	1038
NC_003076.8:16356474-16358544	NC_003074.8	93.343	706	35	6	995	1689	10320599	10321303	0.0	1033
NC_003076.8:16356474-16358544	NC_003074.8	89.157	830	55	26	2	825	7996636	7995836	0.0	1002
NC_003076.8:16356474-16358544	NC_003074.8	95.961	619	21	2	1453	2071	9384380	9383766	0.0	1002
NC_003076.8:16356474-16358544	NC_003074.8	88.956	833	55	18	142	941	9890146	9890974	0.0	994
NC_003076.8:16356474-16358544	NC_003074.8	89.467	807	54	14	162	945	18746347	18747145	0.0	990
NC_003076.8:16356474-16358544	NC_003074.8	93.220	649	38	6	1424	2071	5744486	5743843	0.0	950
NC_003076.8:16356474-16358544	NC_003074.8	90.463	713	44	7	236	929	16879943	16880650	0.0	918
NC_003076.8:16356474-16358544	NC_003074.8	90.309	712	40	12	236	929	5622169	5622869	0.0	905
NC_003076.8:16356474-16358544	NC_003074.8	89.888	712	48	8	236	929	9559544	9558839	0.0	894
NC_003076.8:16356474-16358544	NC_003074.8	89.636	714	44	12	236	929	20485002	20484299	0.0	881
NC_003076.8:16356474-16358544	NC_003074.8	88.640	713	54	11	236	929	2629888	2629184	0.0	843
NC_003076.8:16356474-16358544	NC_003074.8	88.022	743	50	22	227	945	16173067	16172340	0.0	843
NC_003076.8:16356474-16358544	NC_003074.8	87.092	736	60	14	236	941	3716481	3717211	0.0	800
NC_003076.8:16356474-16358544	NC_003074.8	87.097	713	52	17	236	929	1371038	1370347	0.0	771
NC_003076.8:16356474-16358544	NC_003074.8	92.264	530	31	4	934	1454	11967803	11968331	0.0	743
NC_003076.8:16356474-16358544	NC_003074.8	92.097	329	19	4	2	323	11200624	11200952	5.55e-127	457
NC_003076.8:16356474-16358544	NC_003074.8	93.333	315	9	3	942	1244	15485591	15485277	2.00e-126	455
NC_003076.8:16356474-16358544	NC_003074.8	94.502	291	12	4	236	525	10862540	10862827	1.20e-123	446
NC_003076.8:16356474-16358544	NC_003074.8	93.069	303	20	1	1282	1584	17299583	17299282	1.56e-122	442
NC_003076.8:16356474-16358544	NC_003074.8	92.708	288	19	2	1785	2071	11968331	11968617	3.39e-114	414
NC_003076.8:16356474-16358544	NC_003074.8	91.503	306	15	4	942	1236	10557188	10556883	4.39e-113	411
NC_003076.8:16356474-16358544	NC_003074.8	91.176	306	16	4	942	1236	10575400	10575095	2.04e-111	405
NC_003076.8:16356474-16358544	NC_003074.8	90.592	287	17	9	242	526	20487006	20486728	2.07e-101	372
NC_003076.8:16356474-16358544	NC_003074.8	93.074	231	14	2	1806	2035	11200951	11201180	7.55e-91	337
NC_003076.8:16356474-16358544	NC_003074.8	89.655	261	22	5	1	257	10862400	10862659	4.54e-88	327
NC_003076.8:16356474-16358544	NC_003074.8	89.147	258	21	7	4	257	5622033	5622287	3.54e-84	315
NC_003076.8:16356474-16358544	NC_003074.8	87.037	270	19	5	1813	2071	8757557	8757821	5.96e-77	291
NC_003076.8:16356474-16358544	NC_003074.8	91.837	196	13	3	691	885	9385008	9385201	7.77e-71	270
NC_003076.8:16356474-16358544	NC_003074.8	84.375	288	15	5	1282	1569	1571723	1571980	2.17e-66	255
NC_003076.8:16356474-16358544	NC_003074.8	90.256	195	10	2	934	1119	13327584	13327778	1.31e-63	246
NC_003076.8:16356474-16358544	NC_003074.8	90.576	191	9	4	934	1115	1571515	1571705	4.71e-63	244
NC_003076.8:16356474-16358544	NC_003074.8	90.909	187	8	2	942	1119	17299782	17299596	1.69e-62	243
NC_003076.8:16356474-16358544	NC_003074.8	95.270	148	6	1	236	383	17397161	17397015	1.02e-59	233
NC_003076.8:16356474-16358544	NC_003074.8	88.776	196	11	4	934	1119	3965151	3965345	1.32e-58	230
NC_003076.8:16356474-16358544	NC_003074.8	87.958	191	12	4	934	1115	18412303	18412491	3.69e-54	215
NC_003076.8:16356474-16358544	NC_003074.8	87.435	191	13	4	934	1115	18018930	18019118	1.72e-52	209
NC_003076.8:16356474-16358544	NC_003074.8	82.328	232	34	5	1841	2071	1571901	1572126	4.81e-48	195
NC_003076.8:16356474-16358544	NC_003074.8	93.600	125	6	2	1949	2071	17299274	17299150	2.89e-45	185
NC_003076.8:16356474-16358544	NC_003074.8	94.068	118	4	3	1956	2071	10321325	10321441	1.74e-42	176
NC_003076.8:16356474-16358544	NC_003074.8	87.692	130	12	4	1946	2071	11132616	11132745	3.80e-34	148
NC_003076.8:16356474-16358544	NC_003074.8	86.719	128	13	4	1948	2071	8645212	8645339	2.29e-31	139
NC_003076.8:16356474-16358544	NC_003074.8	83.846	130	17	4	1946	2071	6729054	6728925	8.28e-26	121
NC_003076.8:16356474-16358544	NC_003074.8	83.333	126	16	3	1946	2071	10681512	10681392	4.98e-23	111
NC_003076.8:16356474-16358544	NC_003074.8	88.506	87	7	3	1	86	11967652	11967736	3.00e-20	102
NC_003076.8:16356474-16358544	NC_003074.8	88.158	76	8	1	1995	2069	4579629	4579704	2.33e-16	89.8
NC_003076.8:16356474-16358544	NC_003074.8	90.909	44	3	1	2029	2071	4274973	4274930	6.58e-07	58.4
NC_003076.8:16356474-16358544	NC_003070.9	96.156	2081	63	9	2	2071	22449931	22452005	0.0	3384
NC_003076.8:16356474-16358544	NC_003070.9	94.652	2057	96	14	2	2049	8114770	8116821	0.0	3177
NC_003076.8:16356474-16358544	NC_003070.9	93.909	2085	103	18	1	2071	13058822	13060896	0.0	3125
NC_003076.8:16356474-16358544	NC_003070.9	93.500	2077	105	20	2	2071	19995734	19993681	0.0	3061
NC_003076.8:16356474-16358544	NC_003070.9	92.994	2084	113	15	2	2071	9816210	9818274	0.0	3009
NC_003076.8:16356474-16358544	NC_003070.9	92.538	2104	105	25	2	2071	26171480	26169395	0.0	2968
NC_003076.8:16356474-16358544	NC_003070.9	92.355	2106	119	17	2	2071	7035191	7037290	0.0	2959
NC_003076.8:16356474-16358544	NC_003070.9	92.440	2090	113	15	2	2071	16903800	16905864	0.0	2942
NC_003076.8:16356474-16358544	NC_003070.9	91.971	2105	111	22	1	2071	17899862	17901942	0.0	2898
NC_003076.8:16356474-16358544	NC_003070.9	96.260	1738	44	10	338	2071	13017571	13015851	0.0	2830
NC_003076.8:16356474-16358544	NC_003070.9	91.350	2104	113	25	1	2069	9867415	9865346	0.0	2813
NC_003076.8:16356474-16358544	NC_003070.9	92.849	1860	98	12	21	1851	30255504	30253651	0.0	2665
NC_003076.8:16356474-16358544	NC_003070.9	92.358	1832	96	22	2	1811	11737393	11735584	0.0	2567
NC_003076.8:16356474-16358544	NC_003070.9	95.362	1423	47	8	2	1419	501372	499964	0.0	2244
NC_003076.8:16356474-16358544	NC_003070.9	92.839	1564	82	20	515	2071	18791324	18792864	0.0	2241
NC_003076.8:16356474-16358544	NC_003070.9	94.797	1403	64	8	673	2071	15939781	15941178	0.0	2178
NC_003076.8:16356474-16358544	NC_003070.9	93.690	1347	64	10	2	1334	30253107	30251768	0.0	1997
NC_003076.8:16356474-16358544	NC_003070.9	93.615	1347	64	10	2	1334	12330053	12328715	0.0	1991
NC_003076.8:16356474-16358544	NC_003070.9	93.323	1348	66	12	2	1334	22994060	22992722	0.0	1969
NC_003076.8:16356474-16358544	NC_003070.9	94.561	1140	52	10	938	2071	11700592	11701727	0.0	1753
NC_003076.8:16356474-16358544	NC_003070.9	91.411	1269	68	19	6	1244	19329256	19327999	0.0	1701
NC_003076.8:16356474-16358544	NC_003070.9	92.700	1137	65	8	944	2071	3413713	3414840	0.0	1624
NC_003076.8:16356474-16358544	NC_003070.9	91.210	1149	74	15	935	2071	28161189	28162322	0.0	1537
NC_003076.8:16356474-16358544	NC_003070.9	95.525	961	38	4	2	959	19061965	19062923	0.0	1531
NC_003076.8:16356474-16358544	NC_003070.9	93.359	1024	61	7	1053	2071	19769011	19767990	0.0	1507
NC_003076.8:16356474-16358544	NC_003070.9	93.900	1000	54	6	1076	2071	4786259	4787255	0.0	1502
NC_003076.8:16356474-16358544	NC_003070.9	92.886	998	52	7	1079	2071	12365009	12365992	0.0	1432
NC_003076.8:16356474-16358544	NC_003070.9	94.945	910	40	5	2	909	11699698	11700603	0.0	1421
NC_003076.8:16356474-16358544	NC_003070.9	92.678	997	55	6	1079	2071	16825388	16826370	0.0	1421
NC_003076.8:16356474-16358544	NC_003070.9	92.678	997	53	7	1079	2071	23214539	23215519	0.0	1419
NC_003076.8:16356474-16358544	NC_003070.9	92.671	996	53	8	1079	2071	12563207	12562229	0.0	1417
NC_003076.8:16356474-16358544	NC_003070.9	92.600	1000	53	7	1079	2071	16326318	16327303	0.0	1417
NC_003076.8:16356474-16358544	NC_003070.9	92.369	996	56	7	1082	2071	19466071	19465090	0.0	1400
NC_003076.8:16356474-16358544	NC_003070.9	95.385	845	33	5	265	1105	19062922	19063764	0.0	1339
NC_003076.8:16356474-16358544	NC_003070.9	96.500	800	26	2	1273	2071	19063794	19064592	0.0	1321
NC_003076.8:16356474-16358544	NC_003070.9	93.009	844	32	9	1	825	16824517	16825352	0.0	1206
NC_003076.8:16356474-16358544	NC_003070.9	92.883	843	37	8	2	825	12364135	12364973	0.0	1203
NC_003076.8:16356474-16358544	NC_003070.9	92.671	846	33	10	2	825	23213666	23214504	0.0	1192
NC_003076.8:16356474-16358544	NC_003070.9	92.571	848	34	9	1	825	19466950	19466109	0.0	1190
NC_003076.8:16356474-16358544	NC_003070.9	92.435	846	36	9	2	825	16325444	16326283	0.0	1182
NC_003076.8:16356474-16358544	NC_003070.9	93.552	791	46	5	1282	2071	23876482	23877268	0.0	1173
NC_003076.8:16356474-16358544	NC_003070.9	92.848	811	40	6	2	811	4785461	4786254	0.0	1160
NC_003076.8:16356474-16358544	NC_003070.9	93.995	766	35	4	934	1689	16998393	16997629	0.0	1149
NC_003076.8:16356474-16358544	NC_003070.9	91.578	843	50	10	1	825	12564082	12563243	0.0	1144
NC_003076.8:16356474-16358544	NC_003070.9	93.939	759	35	3	942	1689	12876772	12876014	0.0	1136
NC_003076.8:16356474-16358544	NC_003070.9	92.996	771	47	7	1302	2071	19328001	19327237	0.0	1118
NC_003076.8:16356474-16358544	NC_003070.9	86.564	975	87	18	2	941	16806989	16807954	0.0	1035
NC_003076.8:16356474-16358544	NC_003070.9	95.645	597	17	4	1475	2071	499960	499373	0.0	950
NC_003076.8:16356474-16358544	NC_003070.9	87.055	842	65	22	2	811	16806150	16806979	0.0	911
NC_003076.8:16356474-16358544	NC_003070.9	92.403	645	37	5	1436	2071	14309405	14308764	0.0	909
NC_003076.8:16356474-16358544	NC_003070.9	84.615	975	80	35	1	941	13262204	13261266	0.0	905
NC_003076.8:16356474-16358544	NC_003070.9	89.916	714	48	7	236	930	1977027	1976319	0.0	898
NC_003076.8:16356474-16358544	NC_003070.9	90.517	696	42	8	236	913	17552860	17552171	0.0	898
NC_003076.8:16356474-16358544	NC_003070.9	96.289	539	18	2	1534	2071	8489951	8489414	0.0	883
NC_003076.8:16356474-16358544	NC_003070.9	89.621	713	47	10	236	929	14299705	14299001	0.0	881
NC_003076.8:16356474-16358544	NC_003070.9	89.466	712	50	9	236	929	29320592	29319888	0.0	876
NC_003076.8:16356474-16358544	NC_003070.9	89.326	712	52	8	236	929	6736003	6736708	0.0	872
NC_003076.8:16356474-16358544	NC_003070.9	89.784	695	47	13	247	923	19085234	19085922	0.0	869
NC_003076.8:16356474-16358544	NC_003070.9	89.045	712	53	9	236	929	17368	18072	0.0	859
NC_003076.8:16356474-16358544	NC_003070.9	95.370	540	23	2	1534	2071	25963004	25962465	0.0	857
NC_003076.8:16356474-16358544	NC_003070.9	89.016	701	53	8	247	929	8291436	8290742	0.0	846
NC_003076.8:16356474-16358544	NC_003070.9	88.640	713	55	10	236	929	3074585	3073880	0.0	845
NC_003076.8:16356474-16358544	NC_003070.9	89.209	695	49	13	247	923	19173667	19172981	0.0	845
NC_003076.8:16356474-16358544	NC_003070.9	88.369	705	48	13	247	932	12855858	12855169	0.0	817
NC_003076.8:16356474-16358544	NC_003070.9	89.922	645	43	6	236	862	2235029	2234389	0.0	811
NC_003076.8:16356474-16358544	NC_003070.9	92.176	524	28	4	1548	2071	18790338	18790848	0.0	728
NC_003076.8:16356474-16358544	NC_003070.9	94.372	462	23	3	2	461	15939323	15939783	0.0	706
NC_003076.8:16356474-16358544	NC_003070.9	92.979	470	29	4	2	469	22622305	22621838	0.0	682
NC_003076.8:16356474-16358544	NC_003070.9	96.758	401	12	1	1671	2071	23554190	23553791	0.0	667
NC_003076.8:16356474-16358544	NC_003070.9	90.578	467	27	5	880	1334	22621842	22621381	6.74e-171	603
NC_003076.8:16356474-16358544	NC_003070.9	92.195	410	27	5	236	644	18746910	18746505	1.47e-162	575
NC_003076.8:16356474-16358544	NC_003070.9	94.079	304	16	2	1282	1584	22992366	22992064	4.29e-128	460
NC_003076.8:16356474-16358544	NC_003070.9	93.836	292	16	2	1282	1572	22621025	22620735	2.01e-121	438
NC_003076.8:16356474-16358544	NC_003070.9	92.434	304	21	2	1282	1584	30251412	30251110	9.36e-120	433
NC_003076.8:16356474-16358544	NC_003070.9	93.056	288	19	1	1282	1569	12328360	12328074	7.29e-116	420
NC_003076.8:16356474-16358544	NC_003070.9	92.014	288	22	1	642	929	18746460	18746174	7.34e-111	403
NC_003076.8:16356474-16358544	NC_003070.9	94.196	224	11	2	1849	2071	30253364	30253142	5.84e-92	340
NC_003076.8:16356474-16358544	NC_003070.9	91.282	195	7	3	934	1119	22992572	22992379	6.05e-67	257
NC_003076.8:16356474-16358544	NC_003070.9	89.744	195	10	3	934	1119	12328566	12328373	6.09e-62	241
NC_003076.8:16356474-16358544	NC_003070.9	90.052	191	10	2	934	1115	30251618	30251428	2.19e-61	239
NC_003076.8:16356474-16358544	NC_003070.9	89.231	195	11	3	934	1119	22621231	22621038	2.83e-60	235
NC_003076.8:16356474-16358544	NC_003070.9	82.403	233	34	7	1841	2071	22992159	22991932	1.34e-48	196
NC_003076.8:16356474-16358544	NC_003070.9	81.590	239	33	10	1837	2071	30251209	30250978	8.05e-46	187
NC_003076.8:16356474-16358544	NC_003070.9	93.600	125	6	2	1949	2071	12328051	12327927	2.89e-45	185
NC_003076.8:16356474-16358544	NC_003070.9	93.600	125	6	2	1949	2071	22620714	22620590	2.89e-45	185
NC_003076.8:16356474-16358544	NC_003070.9	93.860	114	7	0	934	1047	19769686	19769573	2.25e-41	172
NC_003076.8:16356474-16358544	NC_003070.9	85.938	128	15	3	1947	2071	4770242	4770115	1.06e-29	134
NC_003076.8:16356474-16358544	NC_003070.9	85.271	129	16	3	1946	2071	10021542	10021414	1.38e-28	130
NC_003076.8:16356474-16358544	NC_003070.9	83.206	131	17	5	1946	2071	21739206	21739076	3.85e-24	115
NC_003076.8:16356474-16358544	NC_003070.9	82.946	129	19	3	1946	2071	9918581	9918453	1.39e-23	113
NC_003076.8:16356474-16358544	NC_003070.9	81.890	127	17	4	1946	2071	16858753	16858632	3.00e-20	102
NC_003076.8:16356474-16358544	NC_003070.9	80.916	131	18	7	1946	2071	20166799	20166671	1.40e-18	97.1
NC_003076.8:16356474-16358544	NC_003071.7	96.497	1970	63	6	105	2071	396551	394585	0.0	3251
NC_003076.8:16356474-16358544	NC_003071.7	94.375	2080	103	14	2	2071	499985	502060	0.0	3181
NC_003076.8:16356474-16358544	NC_003071.7	93.897	2081	111	13	2	2071	17255233	17253158	0.0	3125
NC_003076.8:16356474-16358544	NC_003071.7	93.825	2073	103	16	2	2069	13908721	13906669	0.0	3096
NC_003076.8:16356474-16358544	NC_003071.7	92.552	2108	112	20	2	2071	12800994	12803094	0.0	2981
NC_003076.8:16356474-16358544	NC_003071.7	92.531	2102	114	17	2	2071	13266915	13269005	0.0	2972
NC_003076.8:16356474-16358544	NC_003071.7	92.392	2103	111	21	2	2071	6925377	6923291	0.0	2952
NC_003076.8:16356474-16358544	NC_003071.7	92.274	2045	119	10	2	2033	12094425	12092407	0.0	2865
NC_003076.8:16356474-16358544	NC_003071.7	93.179	1906	92	26	2	1875	11287161	11285262	0.0	2765
NC_003076.8:16356474-16358544	NC_003071.7	96.732	1377	38	6	2	1374	13338077	13336704	0.0	2287
NC_003076.8:16356474-16358544	NC_003071.7	94.841	1415	49	16	1	1406	707441	708840	0.0	2187
NC_003076.8:16356474-16358544	NC_003071.7	92.576	1145	74	11	934	2071	7814542	7813402	0.0	1633
NC_003076.8:16356474-16358544	NC_003071.7	91.148	1141	87	8	942	2071	7169367	7168230	0.0	1535
NC_003076.8:16356474-16358544	NC_003071.7	93.424	1034	63	5	2	1032	7154736	7153705	0.0	1528
NC_003076.8:16356474-16358544	NC_003071.7	93.555	1024	57	9	1053	2071	6663102	6664121	0.0	1517
NC_003076.8:16356474-16358544	NC_003071.7	96.939	882	26	1	1190	2071	13336704	13335824	0.0	1478
NC_003076.8:16356474-16358544	NC_003071.7	92.593	999	53	8	1079	2071	543182	544165	0.0	1415
NC_003076.8:16356474-16358544	NC_003071.7	93.243	962	58	7	1099	2058	6803425	6804381	0.0	1410
NC_003076.8:16356474-16358544	NC_003071.7	92.387	972	58	11	1076	2045	14334657	14335614	0.0	1371
NC_003076.8:16356474-16358544	NC_003071.7	92.396	868	53	7	1212	2071	7960700	7961562	0.0	1225
NC_003076.8:16356474-16358544	NC_003071.7	91.733	883	46	12	2	861	14333785	14334663	0.0	1201
NC_003076.8:16356474-16358544	NC_003071.7	93.813	792	44	5	1282	2071	6101020	6100232	0.0	1186
NC_003076.8:16356474-16358544	NC_003071.7	93.813	792	44	5	1282	2071	7112140	7112928	0.0	1186
NC_003076.8:16356474-16358544	NC_003071.7	91.844	846	41	10	2	825	542308	543147	0.0	1155
NC_003076.8:16356474-16358544	NC_003071.7	95.542	673	27	3	1398	2069	709401	710071	0.0	1074
NC_003076.8:16356474-16358544	NC_003071.7	91.621	728	52	8	1347	2071	3213046	3212325	0.0	998
NC_003076.8:16356474-16358544	NC_003071.7	91.152	712	40	7	236	929	12556068	12555362	0.0	944
NC_003076.8:16356474-16358544	NC_003071.7	89.762	713	48	9	236	929	1460787	1460081	0.0	889
NC_003076.8:16356474-16358544	NC_003071.7	90.014	701	46	8	247	929	5466870	5466176	0.0	885
NC_003076.8:16356474-16358544	NC_003071.7	90.159	691	43	9	242	913	10468943	10468259	0.0	876
NC_003076.8:16356474-16358544	NC_003071.7	89.767	645	44	6	236	862	19196619	19195979	0.0	806
NC_003076.8:16356474-16358544	NC_003071.7	88.802	643	46	21	232	870	11399241	11398621	0.0	765
NC_003076.8:16356474-16358544	NC_003071.7	90.576	573	31	8	236	791	6099666	6100232	0.0	737
NC_003076.8:16356474-16358544	NC_003071.7	93.435	457	27	2	1472	1927	3564666	3565120	0.0	675
NC_003076.8:16356474-16358544	NC_003071.7	94.792	288	14	1	1282	1569	4024558	4024844	3.34e-124	448
NC_003076.8:16356474-16358544	NC_003071.7	92.105	304	22	2	1282	1584	980261	979959	4.36e-118	427
NC_003076.8:16356474-16358544	NC_003071.7	93.130	262	16	2	1787	2047	3565124	3565384	9.56e-105	383
NC_003076.8:16356474-16358544	NC_003071.7	90.391	281	25	2	1792	2071	2962573	2962294	2.68e-100	368
NC_003076.8:16356474-16358544	NC_003071.7	92.672	232	8	2	952	1174	7959959	7960190	1.63e-87	326
NC_003076.8:16356474-16358544	NC_003071.7	88.462	260	21	7	2	257	12556203	12555949	2.13e-81	305
NC_003076.8:16356474-16358544	NC_003071.7	90.256	195	10	2	934	1119	4024351	4024545	1.31e-63	246
NC_003076.8:16356474-16358544	NC_003071.7	90.576	191	9	3	934	1115	7111933	7112123	4.71e-63	244
NC_003076.8:16356474-16358544	NC_003071.7	93.711	159	9	1	1914	2071	11285273	11285115	7.88e-61	237
NC_003076.8:16356474-16358544	NC_003071.7	89.231	195	11	3	934	1119	980467	980274	2.83e-60	235
NC_003076.8:16356474-16358544	NC_003071.7	90.710	183	8	2	947	1120	6101214	6101032	2.83e-60	235
NC_003076.8:16356474-16358544	NC_003071.7	80.932	236	36	7	1838	2071	4024762	4024990	4.84e-43	178
NC_003076.8:16356474-16358544	NC_003071.7	92.623	122	7	2	935	1056	3564534	3564653	6.26e-42	174
NC_003076.8:16356474-16358544	NC_003071.7	90.076	131	9	4	942	1070	3213196	3213068	1.05e-39	167
NC_003076.8:16356474-16358544	NC_003071.7	92.105	114	9	0	934	1047	6661111	6661224	4.88e-38	161
NC_003076.8:16356474-16358544	NC_003071.7	86.154	130	14	4	1946	2071	19623517	19623646	8.22e-31	137
NC_003076.8:16356474-16358544	NC_003071.7	85.385	130	14	5	1946	2071	1038177	1038049	1.38e-28	130
NC_003076.8:16356474-16358544	NC_003071.7	85.271	129	16	3	1946	2071	13102232	13102360	1.38e-28	130
NC_003076.8:16356474-16358544	NC_003071.7	85.156	128	14	4	1949	2071	2139258	2139385	1.78e-27	126
NC_003076.8:16356474-16358544	NC_003071.7	94.805	77	4	0	942	1018	2962647	2962571	8.28e-26	121
NC_003076.8:16356474-16358544	NC_003071.7	83.846	130	17	4	1946	2071	6206724	6206595	8.28e-26	121
NC_003076.8:16356474-16358544	NC_003071.7	82.946	129	18	3	1946	2071	7340815	7340942	1.39e-23	113
NC_003076.8:16356474-16358544	NC_003071.7	82.836	134	15	4	1946	2071	15134639	15134772	1.39e-23	113
NC_003076.8:16356474-16358544	NC_003071.7	82.677	127	16	4	1946	2071	8907875	8907996	6.44e-22	108
NC_003076.8:16356474-16358544	NC_003071.7	86.585	82	7	3	1992	2071	9585276	9585355	8.40e-16	87.9
NC_003076.8:16356474-16358544	NC_003071.7	87.671	73	6	3	1999	2069	10070173	10070102	3.91e-14	82.4
NC_003076.8:16356474-16358544	NC_003071.7	91.071	56	5	0	935	990	6101269	6101214	1.82e-12	76.8
NC_003076.8:16356474-16358544	NC_003071.7	97.222	36	1	0	672	707	4147532	4147567	5.09e-08	62.1
NC_003076.8:16356474-16358544	NC_003071.7	89.362	47	5	0	2025	2071	7177636	7177590	1.83e-07	60.2
