NC_003070.9:3413525-3414840	NC_003070.9	100.000	1316	0	0	1	1316	3413525	3414840	0.0	2431
NC_003070.9:3413525-3414840	NC_003070.9	91.271	1306	91	14	23	1316	28161028	28162322	0.0	1759
NC_003070.9:3413525-3414840	NC_003070.9	93.580	1137	59	12	189	1316	13059765	13060896	0.0	1683
NC_003070.9:3413525-3414840	NC_003070.9	93.668	1137	52	9	189	1316	15940053	15941178	0.0	1683
NC_003070.9:3413525-3414840	NC_003070.9	93.082	1142	64	9	189	1316	7036150	7037290	0.0	1657
NC_003070.9:3413525-3414840	NC_003070.9	93.076	1141	55	11	189	1316	11700598	11701727	0.0	1648
NC_003070.9:3413525-3414840	NC_003070.9	92.958	1136	61	7	189	1316	22450881	22452005	0.0	1637
NC_003070.9:3413525-3414840	NC_003070.9	92.876	1137	57	7	189	1316	9817153	9818274	0.0	1629
NC_003070.9:3413525-3414840	NC_003070.9	92.719	1140	61	10	189	1316	16904735	16905864	0.0	1626
NC_003070.9:3413525-3414840	NC_003070.9	92.713	1139	60	12	189	1316	19994807	19993681	0.0	1622
NC_003070.9:3413525-3414840	NC_003070.9	93.178	1114	57	9	189	1291	8115712	8116817	0.0	1618
NC_003070.9:3413525-3414840	NC_003070.9	92.544	1140	58	13	189	1316	26170519	26169395	0.0	1609
NC_003070.9:3413525-3414840	NC_003070.9	92.411	1120	64	10	209	1316	18791754	18792864	0.0	1578
NC_003070.9:3413525-3414840	NC_003070.9	91.909	1137	65	10	189	1314	9866466	9865346	0.0	1565
NC_003070.9:3413525-3414840	NC_003070.9	91.835	1139	65	11	189	1316	17900821	17901942	0.0	1563
NC_003070.9:3413525-3414840	NC_003070.9	91.916	1138	59	11	189	1316	13016965	13015851	0.0	1561
NC_003070.9:3413525-3414840	NC_003070.9	93.340	1051	56	10	279	1316	19769039	19767990	0.0	1541
NC_003070.9:3413525-3414840	NC_003070.9	94.875	917	41	6	189	1101	30254565	30253651	0.0	1428
NC_003070.9:3413525-3414840	NC_003070.9	92.415	1002	63	8	326	1316	4786256	4787255	0.0	1417
NC_003070.9:3413525-3414840	NC_003070.9	92.153	994	54	9	332	1316	12563207	12562229	0.0	1382
NC_003070.9:3413525-3414840	NC_003070.9	92.068	996	55	9	332	1316	16825388	16826370	0.0	1380
NC_003070.9:3413525-3414840	NC_003070.9	91.717	1002	57	9	327	1316	23214532	23215519	0.0	1367
NC_003070.9:3413525-3414840	NC_003070.9	93.675	917	51	5	29	940	12876928	12876014	0.0	1365
NC_003070.9:3413525-3414840	NC_003070.9	91.658	1007	53	13	327	1316	16326311	16327303	0.0	1365
NC_003070.9:3413525-3414840	NC_003070.9	91.867	996	53	10	335	1316	19466071	19465090	0.0	1365
NC_003070.9:3413525-3414840	NC_003070.9	91.775	997	57	9	332	1316	12365009	12365992	0.0	1363
NC_003070.9:3413525-3414840	NC_003070.9	95.182	768	34	3	176	940	16998396	16997629	0.0	1210
NC_003070.9:3413525-3414840	NC_003070.9	91.290	884	47	14	189	1053	11736464	11735592	0.0	1179
NC_003070.9:3413525-3414840	NC_003070.9	93.367	799	46	4	525	1316	19063794	19064592	0.0	1175
NC_003070.9:3413525-3414840	NC_003070.9	93.401	788	46	4	534	1316	23876482	23877268	0.0	1162
NC_003070.9:3413525-3414840	NC_003070.9	92.597	770	45	9	554	1316	19328001	19327237	0.0	1096
NC_003070.9:3413525-3414840	NC_003070.9	91.900	642	39	6	688	1316	14309405	14308764	0.0	885
NC_003070.9:3413525-3414840	NC_003070.9	92.785	596	29	8	727	1316	499960	499373	0.0	850
NC_003070.9:3413525-3414840	NC_003070.9	92.379	538	34	4	786	1316	8489951	8489414	0.0	760
NC_003070.9:3413525-3414840	NC_003070.9	90.926	540	40	5	786	1316	25963004	25962465	0.0	717
NC_003070.9:3413525-3414840	NC_003070.9	90.822	523	30	7	800	1316	18790338	18790848	0.0	684
NC_003070.9:3413525-3414840	NC_003070.9	92.197	487	26	3	189	671	500442	499964	0.0	678
NC_003070.9:3413525-3414840	NC_003070.9	93.000	400	23	3	922	1316	23554190	23553791	7.17e-164	579
NC_003070.9:3413525-3414840	NC_003070.9	92.132	394	21	5	194	583	30252159	30251772	2.02e-154	547
NC_003070.9:3413525-3414840	NC_003070.9	92.112	393	21	4	195	583	12329105	12328719	7.27e-154	545
NC_003070.9:3413525-3414840	NC_003070.9	91.624	394	23	4	194	583	22621772	22621385	4.37e-151	536
NC_003070.9:3413525-3414840	NC_003070.9	91.624	394	23	4	194	583	22993113	22992726	4.37e-151	536
NC_003070.9:3413525-3414840	NC_003070.9	93.878	343	21	0	30	372	22992721	22992379	1.58e-145	518
NC_003070.9:3413525-3414840	NC_003070.9	94.100	339	20	0	30	368	30251767	30251429	5.70e-145	516
NC_003070.9:3413525-3414840	NC_003070.9	93.787	338	21	0	35	372	22621375	22621038	9.54e-143	508
NC_003070.9:3413525-3414840	NC_003070.9	93.294	343	22	1	30	372	12328714	12328373	1.23e-141	505
NC_003070.9:3413525-3414840	NC_003070.9	93.871	310	17	1	189	496	19328309	19328000	5.82e-130	466
NC_003070.9:3413525-3414840	NC_003070.9	93.038	316	17	5	534	849	22992366	22992056	3.50e-127	457
NC_003070.9:3413525-3414840	NC_003070.9	94.845	291	13	2	534	823	22621025	22620736	4.53e-126	453
NC_003070.9:3413525-3414840	NC_003070.9	92.929	297	21	0	76	372	23876173	23876469	5.90e-120	433
NC_003070.9:3413525-3414840	NC_003070.9	93.750	288	17	1	534	821	12328360	12328074	2.12e-119	431
NC_003070.9:3413525-3414840	NC_003070.9	91.456	316	22	5	534	849	30251412	30251102	7.64e-119	429
NC_003070.9:3413525-3414840	NC_003070.9	93.304	224	10	3	1098	1316	30253365	30253142	1.03e-87	326
NC_003070.9:3413525-3414840	NC_003070.9	91.064	235	17	4	25	259	18790099	18790329	2.23e-84	315
NC_003070.9:3413525-3414840	NC_003070.9	87.547	265	30	1	28	292	19769834	19769573	4.83e-81	303
NC_003070.9:3413525-3414840	NC_003070.9	89.933	149	13	1	28	176	16998956	16998810	3.92e-47	191
NC_003070.9:3413525-3414840	NC_003070.9	91.765	85	5	2	26	109	8114767	8114850	6.75e-25	117
NC_003070.9:3413525-3414840	NC_003070.9	92.683	82	4	2	29	109	15939323	15939403	6.75e-25	117
NC_003070.9:3413525-3414840	NC_003070.9	90.909	88	5	3	23	109	18790922	18791007	2.43e-24	115
NC_003070.9:3413525-3414840	NC_003070.9	90.000	90	5	4	28	114	8490195	8490107	8.74e-24	113
NC_003070.9:3413525-3414840	NC_003070.9	89.888	89	7	2	22	109	12330060	12329973	8.74e-24	113
NC_003070.9:3413525-3414840	NC_003070.9	90.805	87	5	3	24	109	30253111	30253027	8.74e-24	113
NC_003070.9:3413525-3414840	NC_003070.9	91.463	82	5	2	29	109	4785461	4785541	3.14e-23	111
NC_003070.9:3413525-3414840	NC_003070.9	91.463	82	5	2	29	109	9867414	9867334	3.14e-23	111
NC_003070.9:3413525-3414840	NC_003070.9	89.773	88	7	2	23	109	12855999	12855913	3.14e-23	111
NC_003070.9:3413525-3414840	NC_003070.9	90.698	86	5	3	26	109	16903796	16903880	3.14e-23	111
NC_003070.9:3413525-3414840	NC_003070.9	91.463	82	5	2	29	109	19061965	19062045	3.14e-23	111
NC_003070.9:3413525-3414840	NC_003070.9	91.463	82	5	2	29	109	19995734	19995654	3.14e-23	111
NC_003070.9:3413525-3414840	NC_003070.9	90.698	86	5	3	29	112	23554439	23554355	3.14e-23	111
NC_003070.9:3413525-3414840	NC_003070.9	90.476	84	6	2	27	109	19085097	19085179	1.13e-22	110
NC_003070.9:3413525-3414840	NC_003070.9	89.655	87	6	3	24	109	17553002	17552918	4.06e-22	108
NC_003070.9:3413525-3414840	NC_003070.9	90.361	83	6	2	28	109	23213665	23213746	4.06e-22	108
NC_003070.9:3413525-3414840	NC_003070.9	90.244	82	6	2	29	109	3910601	3910521	1.46e-21	106
NC_003070.9:3413525-3414840	NC_003070.9	90.244	82	6	2	29	109	19173802	19173722	1.46e-21	106
NC_003070.9:3413525-3414840	NC_003070.9	82.308	130	15	6	1195	1316	27241146	27241275	1.46e-21	106
NC_003070.9:3413525-3414840	NC_003070.9	89.412	85	6	3	27	110	12364133	12364215	5.26e-21	104
NC_003070.9:3413525-3414840	NC_003070.9	87.912	91	8	3	21	109	12564090	12564001	5.26e-21	104
NC_003070.9:3413525-3414840	NC_003070.9	90.244	82	5	3	29	109	14299842	14299763	5.26e-21	104
NC_003070.9:3413525-3414840	NC_003070.9	89.286	84	7	2	27	109	25963259	25963177	5.26e-21	104
NC_003070.9:3413525-3414840	NC_003070.9	89.286	84	7	2	27	109	26171482	26171400	5.26e-21	104
NC_003070.9:3413525-3414840	NC_003070.9	88.506	87	7	3	25	109	2235172	2235087	1.89e-20	102
NC_003070.9:3413525-3414840	NC_003070.9	89.157	83	7	2	28	109	9816209	9816290	1.89e-20	102
NC_003070.9:3413525-3414840	NC_003070.9	96.721	61	2	0	28	88	13017625	13017565	1.89e-20	102
NC_003070.9:3413525-3414840	NC_003070.9	89.024	82	9	0	28	109	16325443	16325524	1.89e-20	102
NC_003070.9:3413525-3414840	NC_003070.9	88.372	86	8	2	25	109	19466953	19466869	1.89e-20	102
NC_003070.9:3413525-3414840	NC_003070.9	87.912	91	6	5	27	114	22994062	22993974	1.89e-20	102
NC_003070.9:3413525-3414840	NC_003070.9	88.372	86	7	3	26	109	11737397	11737313	6.80e-20	100
NC_003070.9:3413525-3414840	NC_003070.9	87.640	89	8	3	23	110	16824512	16824598	6.80e-20	100
NC_003070.9:3413525-3414840	NC_003070.9	87.356	87	8	3	23	107	22622312	22622227	8.80e-19	97.1
NC_003070.9:3413525-3414840	NC_003070.9	89.474	76	6	2	35	109	18747042	18746968	3.16e-18	95.3
NC_003070.9:3413525-3414840	NC_003070.9	86.517	89	8	4	26	112	19724752	19724838	3.16e-18	95.3
NC_003070.9:3413525-3414840	NC_003070.9	87.838	74	6	3	38	110	19329251	19329180	6.85e-15	84.2
NC_003070.9:3413525-3414840	NC_003076.8	94.068	1298	68	7	27	1316	15043430	15042134	0.0	1962
NC_003070.9:3413525-3414840	NC_003076.8	92.863	1303	76	14	29	1316	24476591	24475291	0.0	1875
NC_003070.9:3413525-3414840	NC_003076.8	92.430	1321	72	16	23	1316	22232271	22230952	0.0	1860
NC_003070.9:3413525-3414840	NC_003076.8	92.981	1268	74	7	29	1281	5978053	5976786	0.0	1834
NC_003070.9:3413525-3414840	NC_003076.8	91.235	1312	89	15	29	1316	8354510	8353201	0.0	1762
NC_003070.9:3413525-3414840	NC_003076.8	93.937	1138	57	9	189	1316	20681451	20680316	0.0	1709
NC_003070.9:3413525-3414840	NC_003076.8	93.766	1139	57	10	189	1316	8766668	8767803	0.0	1698
NC_003070.9:3413525-3414840	NC_003076.8	93.827	1134	59	9	189	1314	24186957	24185827	0.0	1696
NC_003070.9:3413525-3414840	NC_003076.8	93.750	1136	60	11	189	1316	8745757	8744625	0.0	1694
NC_003070.9:3413525-3414840	NC_003076.8	93.679	1139	59	9	189	1316	5429092	5427956	0.0	1692
NC_003070.9:3413525-3414840	NC_003076.8	93.497	1138	64	7	189	1316	19741652	19740515	0.0	1683
NC_003070.9:3413525-3414840	NC_003076.8	93.234	1138	58	9	189	1316	9964075	9962947	0.0	1657
NC_003070.9:3413525-3414840	NC_003076.8	92.801	1139	71	7	189	1316	17365985	17367123	0.0	1639
NC_003070.9:3413525-3414840	NC_003076.8	92.700	1137	65	8	189	1316	16357417	16358544	0.0	1624
NC_003070.9:3413525-3414840	NC_003076.8	92.456	1140	65	11	189	1316	17776672	17777802	0.0	1609
NC_003070.9:3413525-3414840	NC_003076.8	92.498	1133	65	11	195	1316	1897699	1896576	0.0	1604
NC_003070.9:3413525-3414840	NC_003076.8	92.112	1141	69	9	189	1316	14081895	14080763	0.0	1589
NC_003070.9:3413525-3414840	NC_003076.8	93.798	1032	56	6	189	1214	14150341	14149312	0.0	1544
NC_003070.9:3413525-3414840	NC_003076.8	93.454	993	52	8	306	1287	18854899	18855889	0.0	1461
NC_003070.9:3413525-3414840	NC_003076.8	92.972	996	58	10	330	1316	4313874	4314866	0.0	1441
NC_003070.9:3413525-3414840	NC_003076.8	90.737	1058	64	19	28	1079	10714423	10715452	0.0	1380
NC_003070.9:3413525-3414840	NC_003076.8	93.305	926	51	8	399	1316	11026974	11027896	0.0	1356
NC_003070.9:3413525-3414840	NC_003076.8	90.364	1017	52	10	309	1316	21530929	21531908	0.0	1293
NC_003070.9:3413525-3414840	NC_003076.8	93.609	798	45	4	525	1316	15605466	15604669	0.0	1186
NC_003070.9:3413525-3414840	NC_003076.8	92.348	771	50	6	555	1316	4780980	4780210	0.0	1088
NC_003070.9:3413525-3414840	NC_003076.8	92.275	712	51	3	27	735	15577427	15576717	0.0	1007
NC_003070.9:3413525-3414840	NC_003076.8	91.469	715	56	4	25	735	21777036	21776323	0.0	977
NC_003070.9:3413525-3414840	NC_003076.8	93.412	592	31	6	733	1316	7153775	7153184	0.0	870
NC_003070.9:3413525-3414840	NC_003076.8	92.845	601	33	8	724	1316	25905017	25905615	0.0	863
NC_003070.9:3413525-3414840	NC_003076.8	92.843	489	28	5	833	1316	21776273	21775787	0.0	702
NC_003070.9:3413525-3414840	NC_003076.8	92.434	489	31	4	833	1316	15576667	15576180	0.0	693
NC_003070.9:3413525-3414840	NC_003076.8	91.403	442	25	7	881	1316	9134290	9134724	2.56e-168	593
NC_003070.9:3413525-3414840	NC_003076.8	93.017	401	21	4	922	1316	17796537	17796138	7.17e-164	579
NC_003070.9:3413525-3414840	NC_003076.8	91.667	420	29	4	903	1316	21584595	21584176	2.58e-163	577
NC_003070.9:3413525-3414840	NC_003076.8	92.132	394	21	4	194	583	20281038	20280651	2.02e-154	547
NC_003070.9:3413525-3414840	NC_003076.8	91.858	393	23	4	194	583	9591357	9591743	3.38e-152	540
NC_003070.9:3413525-3414840	NC_003076.8	91.821	379	25	6	189	564	4313476	4313851	3.41e-147	523
NC_003070.9:3413525-3414840	NC_003076.8	94.169	343	20	0	30	372	20280646	20280304	3.41e-147	523
NC_003070.9:3413525-3414840	NC_003076.8	92.287	376	15	6	189	561	9558549	9558185	1.22e-146	521
NC_003070.9:3413525-3414840	NC_003076.8	93.586	343	21	1	30	372	9591748	9592089	2.65e-143	510
NC_003070.9:3413525-3414840	NC_003076.8	92.982	342	22	2	28	368	9133952	9134292	2.06e-139	497
NC_003070.9:3413525-3414840	NC_003076.8	94.788	307	15	1	189	494	4781288	4780982	2.69e-133	477
NC_003070.9:3413525-3414840	NC_003076.8	89.785	372	22	12	959	1316	25264968	25265337	7.53e-129	462
NC_003070.9:3413525-3414840	NC_003076.8	94.828	290	14	1	534	823	9592102	9592390	1.63e-125	451
NC_003070.9:3413525-3414840	NC_003076.8	94.097	288	16	1	534	821	17617546	17617260	4.56e-121	436
NC_003070.9:3413525-3414840	NC_003076.8	94.097	288	16	1	534	821	20280291	20280005	4.56e-121	436
NC_003070.9:3413525-3414840	NC_003076.8	89.324	281	30	0	29	309	25904732	25905012	4.73e-96	353
NC_003070.9:3413525-3414840	NC_003076.8	91.518	224	15	2	189	408	11026283	11026506	1.34e-81	305
NC_003070.9:3413525-3414840	NC_003076.8	97.143	175	5	0	194	368	17617737	17617563	8.08e-79	296
NC_003070.9:3413525-3414840	NC_003076.8	91.228	171	7	1	189	359	15605658	15605496	1.08e-57	226
NC_003070.9:3413525-3414840	NC_003076.8	83.750	160	21	4	25	182	13982130	13982286	8.61e-34	147
NC_003070.9:3413525-3414840	NC_003076.8	85.484	124	14	4	1195	1316	22464081	22464202	1.12e-27	126
NC_003070.9:3413525-3414840	NC_003076.8	92.045	88	5	2	23	109	9559513	9559427	1.45e-26	122
NC_003070.9:3413525-3414840	NC_003076.8	92.683	82	4	2	29	109	20281984	20281904	6.75e-25	117
NC_003070.9:3413525-3414840	NC_003076.8	90.805	87	6	2	24	109	7154444	7154359	2.43e-24	115
NC_003070.9:3413525-3414840	NC_003076.8	90.805	87	6	2	24	109	17796790	17796705	2.43e-24	115
NC_003070.9:3413525-3414840	NC_003076.8	91.566	83	5	2	28	109	9965018	9964937	8.74e-24	113
NC_003070.9:3413525-3414840	NC_003076.8	90.805	87	5	3	24	109	15606605	15606521	8.74e-24	113
NC_003070.9:3413525-3414840	NC_003076.8	90.588	85	6	2	26	109	354137	354220	3.14e-23	111
NC_003070.9:3413525-3414840	NC_003076.8	91.463	82	5	2	29	109	8746701	8746621	3.14e-23	111
NC_003070.9:3413525-3414840	NC_003076.8	91.463	82	5	2	29	109	9590410	9590490	3.14e-23	111
NC_003070.9:3413525-3414840	NC_003076.8	89.888	89	6	3	22	109	14082841	14082755	3.14e-23	111
NC_003070.9:3413525-3414840	NC_003076.8	91.463	82	5	2	29	109	18853952	18854032	3.14e-23	111
NC_003070.9:3413525-3414840	NC_003076.8	89.773	88	7	2	23	109	21530083	21530169	3.14e-23	111
NC_003070.9:3413525-3414840	NC_003076.8	90.476	84	6	2	27	109	11025334	11025416	1.13e-22	110
NC_003070.9:3413525-3414840	NC_003076.8	89.655	87	6	3	25	109	19742622	19742537	4.06e-22	108
NC_003070.9:3413525-3414840	NC_003076.8	89.412	85	8	1	26	109	14151298	14151214	1.46e-21	106
NC_003070.9:3413525-3414840	NC_003076.8	88.889	90	5	5	22	110	17365020	17365105	1.46e-21	106
NC_003070.9:3413525-3414840	NC_003076.8	90.244	82	6	2	29	109	19931558	19931478	1.46e-21	106
NC_003070.9:3413525-3414840	NC_003076.8	89.286	84	7	2	27	109	3020198	3020116	5.26e-21	104
NC_003070.9:3413525-3414840	NC_003076.8	89.157	83	7	2	28	109	13918791	13918710	1.89e-20	102
NC_003070.9:3413525-3414840	NC_003076.8	88.372	86	7	3	25	109	25264508	25264591	6.80e-20	100
NC_003070.9:3413525-3414840	NC_003076.8	88.889	81	7	2	30	109	19670802	19670881	2.45e-19	99.0
NC_003070.9:3413525-3414840	NC_003076.8	87.209	86	9	2	25	109	20398214	20398298	8.80e-19	97.1
NC_003070.9:3413525-3414840	NC_003076.8	86.364	88	8	4	25	109	15342701	15342615	1.14e-17	93.5
NC_003070.9:3413525-3414840	NC_003076.8	96.296	54	2	0	763	816	15576716	15576663	1.47e-16	89.8
NC_003070.9:3413525-3414840	NC_003076.8	89.362	47	5	0	1270	1316	8281675	8281721	1.15e-07	60.2
NC_003070.9:3413525-3414840	NC_003075.7	93.726	1291	71	8	35	1316	11193564	11192275	0.0	1927
NC_003070.9:3413525-3414840	NC_003075.7	92.610	1299	85	7	29	1316	372086	370788	0.0	1857
NC_003070.9:3413525-3414840	NC_003075.7	91.557	1291	96	9	38	1316	6166455	6165166	0.0	1768
NC_003070.9:3413525-3414840	NC_003075.7	93.509	1140	62	8	189	1316	8064565	8065704	0.0	1685
NC_003070.9:3413525-3414840	NC_003075.7	93.304	1135	60	9	189	1314	1001049	999922	0.0	1661
NC_003070.9:3413525-3414840	NC_003075.7	93.052	1137	59	11	189	1316	8729526	8728401	0.0	1644
NC_003070.9:3413525-3414840	NC_003075.7	92.813	1141	58	11	189	1316	5540446	5539317	0.0	1631
NC_003070.9:3413525-3414840	NC_003075.7	92.632	1140	64	8	189	1316	11361814	11362945	0.0	1622
NC_003070.9:3413525-3414840	NC_003075.7	92.619	1138	65	9	189	1316	1350528	1351656	0.0	1618
NC_003070.9:3413525-3414840	NC_003075.7	91.506	1142	57	16	189	1316	4147067	4148182	0.0	1535
NC_003070.9:3413525-3414840	NC_003075.7	92.914	1002	58	8	326	1316	16864262	16863263	0.0	1445
NC_003070.9:3413525-3414840	NC_003075.7	93.671	790	42	6	534	1316	683570	684358	0.0	1175
NC_003070.9:3413525-3414840	NC_003075.7	93.126	771	44	6	555	1316	10396119	10395349	0.0	1122
NC_003070.9:3413525-3414840	NC_003075.7	94.055	656	37	2	478	1131	965061	964406	0.0	994
NC_003070.9:3413525-3414840	NC_003075.7	91.065	526	32	12	799	1316	14390780	14390262	0.0	697
NC_003070.9:3413525-3414840	NC_003075.7	92.144	471	33	4	25	493	965802	965334	0.0	662
NC_003070.9:3413525-3414840	NC_003075.7	95.779	308	11	1	189	494	10396427	10396120	7.42e-139	496
NC_003070.9:3413525-3414840	NC_003075.7	92.690	342	25	0	27	368	683211	683552	2.67e-138	494
NC_003070.9:3413525-3414840	NC_003075.7	90.080	373	21	7	922	1288	7853284	7852922	4.50e-131	470
NC_003070.9:3413525-3414840	NC_003075.7	91.237	194	16	1	35	228	14390982	14390790	8.20e-69	263
NC_003070.9:3413525-3414840	NC_003075.7	87.615	218	20	4	1106	1316	8802520	8802737	8.25e-64	246
NC_003070.9:3413525-3414840	NC_003075.7	88.482	191	16	4	1131	1316	963863	963674	1.08e-57	226
NC_003070.9:3413525-3414840	NC_003075.7	93.798	129	8	0	28	156	2520883	2521011	3.03e-48	195
NC_003070.9:3413525-3414840	NC_003075.7	91.579	95	6	1	724	816	8802411	8802505	8.67e-29	130
NC_003070.9:3413525-3414840	NC_003075.7	84.615	130	12	5	1195	1316	12365193	12365064	1.45e-26	122
NC_003070.9:3413525-3414840	NC_003075.7	92.683	82	4	2	29	109	4146126	4146206	6.75e-25	117
NC_003070.9:3413525-3414840	NC_003075.7	91.566	83	7	0	29	111	5541389	5541307	2.43e-24	115
NC_003070.9:3413525-3414840	NC_003075.7	87.879	99	10	2	12	109	8730470	8730373	2.43e-24	115
NC_003070.9:3413525-3414840	NC_003075.7	91.667	84	5	2	27	109	11360868	11360950	2.43e-24	115
NC_003070.9:3413525-3414840	NC_003075.7	89.247	93	6	4	20	109	16865081	16864990	8.74e-24	113
NC_003070.9:3413525-3414840	NC_003075.7	91.463	82	5	2	29	109	7853533	7853453	3.14e-23	111
NC_003070.9:3413525-3414840	NC_003075.7	90.244	82	6	2	29	109	8063577	8063657	1.46e-21	106
NC_003070.9:3413525-3414840	NC_003075.7	89.157	83	7	2	28	109	314270	314189	1.89e-20	102
NC_003070.9:3413525-3414840	NC_003075.7	88.506	87	7	3	24	109	5354110	5354194	1.89e-20	102
NC_003070.9:3413525-3414840	NC_003075.7	88.636	88	5	5	25	110	6178443	6178527	1.89e-20	102
NC_003070.9:3413525-3414840	NC_003075.7	88.506	87	7	3	24	109	9763818	9763734	1.89e-20	102
NC_003070.9:3413525-3414840	NC_003075.7	89.024	82	7	2	29	109	1002007	1001927	6.80e-20	100
NC_003070.9:3413525-3414840	NC_003075.7	89.474	76	6	2	35	109	9842602	9842528	3.16e-18	95.3
NC_003070.9:3413525-3414840	NC_003075.7	86.585	82	10	1	29	109	7060698	7060617	1.47e-16	89.8
NC_003070.9:3413525-3414840	NC_003075.7	83.133	83	8	1	27	109	6279020	6279096	5.33e-11	71.3
NC_003070.9:3413525-3414840	NC_003074.8	92.753	1297	77	10	29	1314	17729940	17731230	0.0	1858
NC_003070.9:3413525-3414840	NC_003074.8	91.585	1319	76	17	25	1314	16419140	16420452	0.0	1788
NC_003070.9:3413525-3414840	NC_003074.8	91.648	1305	86	15	28	1316	17776768	17778065	0.0	1784
NC_003070.9:3413525-3414840	NC_003074.8	91.378	1299	83	11	25	1316	9767633	9766357	0.0	1751
NC_003070.9:3413525-3414840	NC_003074.8	93.280	1131	59	6	195	1316	17276865	17275743	0.0	1652
NC_003070.9:3413525-3414840	NC_003074.8	92.679	1120	63	14	189	1291	10820484	10819367	0.0	1596
NC_003070.9:3413525-3414840	NC_003074.8	92.513	1122	68	8	189	1300	15938228	15939343	0.0	1592
NC_003070.9:3413525-3414840	NC_003074.8	92.091	1138	65	12	189	1316	20787325	20788447	0.0	1580
NC_003070.9:3413525-3414840	NC_003074.8	91.572	1139	70	11	189	1316	22119534	22120657	0.0	1548
NC_003070.9:3413525-3414840	NC_003074.8	92.610	1069	59	7	29	1091	11503761	11502707	0.0	1519
NC_003070.9:3413525-3414840	NC_003074.8	91.548	1124	62	11	189	1289	11536760	11537873	0.0	1519
NC_003070.9:3413525-3414840	NC_003074.8	91.059	1152	59	21	189	1316	17143578	17142447	0.0	1517
NC_003070.9:3413525-3414840	NC_003074.8	90.789	1140	62	14	189	1316	16562479	16563587	0.0	1483
NC_003070.9:3413525-3414840	NC_003074.8	90.129	1165	67	21	189	1316	5744996	5743843	0.0	1471
NC_003070.9:3413525-3414840	NC_003074.8	90.493	1136	65	18	189	1316	15452555	15451455	0.0	1459
NC_003070.9:3413525-3414840	NC_003074.8	92.239	1005	59	14	320	1316	16451587	16452580	0.0	1406
NC_003070.9:3413525-3414840	NC_003074.8	91.867	996	57	8	332	1316	17062368	17061386	0.0	1369
NC_003070.9:3413525-3414840	NC_003074.8	90.873	997	54	13	332	1316	7995800	7994829	0.0	1303
NC_003070.9:3413525-3414840	NC_003074.8	91.176	918	51	8	28	940	10320411	10321303	0.0	1219
NC_003070.9:3413525-3414840	NC_003074.8	94.058	791	39	6	534	1316	18412509	18413299	0.0	1194
NC_003070.9:3413525-3414840	NC_003074.8	93.813	792	40	6	534	1316	18019136	18019927	0.0	1182
NC_003070.9:3413525-3414840	NC_003074.8	92.938	793	45	7	534	1316	13327791	13328582	0.0	1144
NC_003070.9:3413525-3414840	NC_003074.8	94.197	741	36	5	582	1316	10556871	10556132	0.0	1123
NC_003070.9:3413525-3414840	NC_003074.8	92.424	792	49	8	534	1316	3965358	3966147	0.0	1120
NC_003070.9:3413525-3414840	NC_003074.8	92.867	743	35	10	582	1316	10575083	10574351	0.0	1062
NC_003070.9:3413525-3414840	NC_003074.8	91.927	768	39	12	555	1316	15485279	15484529	0.0	1053
NC_003070.9:3413525-3414840	NC_003074.8	92.941	680	47	1	29	707	11967653	11968332	0.0	989
NC_003070.9:3413525-3414840	NC_003074.8	92.810	612	35	5	711	1316	9384374	9383766	0.0	878
NC_003070.9:3413525-3414840	NC_003074.8	93.053	475	28	2	25	494	15485754	15485280	0.0	689
NC_003070.9:3413525-3414840	NC_003074.8	92.041	490	27	3	175	660	9384863	9384382	0.0	678
NC_003070.9:3413525-3414840	NC_003074.8	90.854	492	39	4	1	489	10557371	10556883	0.0	654
NC_003070.9:3413525-3414840	NC_003074.8	91.509	424	31	3	79	499	10575507	10575086	7.17e-164	579
NC_003070.9:3413525-3414840	NC_003074.8	92.386	394	20	4	194	583	17300331	17299944	4.34e-156	553
NC_003070.9:3413525-3414840	NC_003074.8	94.395	339	19	0	30	368	17299939	17299601	1.22e-146	521
NC_003070.9:3413525-3414840	NC_003074.8	93.043	345	23	1	29	372	13327434	13327778	4.44e-141	503
NC_003070.9:3413525-3414840	NC_003074.8	93.023	344	21	3	25	368	18018777	18019117	5.74e-140	499
NC_003070.9:3413525-3414840	NC_003074.8	92.733	344	22	3	25	368	18412150	18412490	2.67e-138	494
NC_003070.9:3413525-3414840	NC_003074.8	95.139	288	13	1	534	821	17299583	17299297	4.53e-126	453
NC_003070.9:3413525-3414840	NC_003074.8	91.385	325	27	1	49	372	3965021	3965345	2.73e-123	444
NC_003070.9:3413525-3414840	NC_003074.8	89.474	342	21	2	27	368	1571378	1571704	1.65e-115	418
NC_003070.9:3413525-3414840	NC_003074.8	90.941	287	21	3	1035	1316	11968331	11968617	2.17e-104	381
NC_003070.9:3413525-3414840	NC_003074.8	91.342	231	15	3	1055	1280	11200950	11201180	2.89e-83	311
NC_003070.9:3413525-3414840	NC_003074.8	87.302	252	17	7	1080	1316	8757570	8757821	3.79e-72	274
NC_003070.9:3413525-3414840	NC_003074.8	93.023	86	3	3	26	109	11200620	11200704	1.45e-26	122
NC_003070.9:3413525-3414840	NC_003074.8	84.091	132	11	9	1195	1316	21552232	21552101	1.88e-25	119
NC_003070.9:3413525-3414840	NC_003074.8	90.805	87	6	2	24	109	17144495	17144410	2.43e-24	115
NC_003070.9:3413525-3414840	NC_003074.8	90.588	85	8	0	25	109	10862397	10862481	8.74e-24	113
NC_003070.9:3413525-3414840	NC_003074.8	91.463	82	5	2	29	109	11535844	11535924	3.14e-23	111
NC_003070.9:3413525-3414840	NC_003074.8	90.698	86	5	3	25	109	16561651	16561734	3.14e-23	111
NC_003070.9:3413525-3414840	NC_003074.8	91.358	81	7	0	29	109	17063229	17063149	3.14e-23	111
NC_003070.9:3413525-3414840	NC_003074.8	89.888	89	6	3	22	109	17277820	17277734	3.14e-23	111
NC_003070.9:3413525-3414840	NC_003074.8	90.476	84	6	2	27	109	7996638	7996556	1.13e-22	110
NC_003070.9:3413525-3414840	NC_003074.8	90.476	84	6	2	27	109	17301280	17301198	1.13e-22	110
NC_003070.9:3413525-3414840	NC_003074.8	96.875	64	2	0	29	92	3716342	3716405	4.06e-22	108
NC_003070.9:3413525-3414840	NC_003074.8	90.361	83	6	2	28	109	10821447	10821366	4.06e-22	108
NC_003070.9:3413525-3414840	NC_003074.8	87.097	93	7	5	26	114	15937283	15937374	6.80e-20	100
NC_003070.9:3413525-3414840	NC_003074.8	88.889	81	7	2	29	108	20487142	20487063	2.45e-19	99.0
NC_003070.9:3413525-3414840	NC_003074.8	87.209	86	8	3	25	109	17397304	17397221	3.16e-18	95.3
NC_003070.9:3413525-3414840	NC_003074.8	88.060	67	8	0	23	89	22118607	22118673	8.86e-14	80.5
NC_003070.9:3413525-3414840	NC_003071.7	91.859	1302	86	13	26	1316	7814694	7813402	0.0	1799
NC_003070.9:3413525-3414840	NC_003071.7	91.519	1297	99	8	29	1316	7169524	7168230	0.0	1775
NC_003070.9:3413525-3414840	NC_003071.7	93.415	1139	64	8	189	1316	12801956	12803094	0.0	1677
NC_003070.9:3413525-3414840	NC_003071.7	93.240	1139	60	11	189	1316	13267873	13269005	0.0	1661
NC_003070.9:3413525-3414840	NC_003071.7	92.870	1136	62	10	189	1314	13907795	13906669	0.0	1631
NC_003070.9:3413525-3414840	NC_003071.7	92.719	1140	63	9	189	1316	500929	502060	0.0	1628
NC_003070.9:3413525-3414840	NC_003071.7	92.713	1139	59	10	189	1316	6924416	6923291	0.0	1622
NC_003070.9:3413525-3414840	NC_003071.7	92.531	1138	65	9	189	1316	395712	394585	0.0	1613
NC_003070.9:3413525-3414840	NC_003071.7	92.267	1138	68	10	189	1316	17254285	17253158	0.0	1596
NC_003070.9:3413525-3414840	NC_003071.7	93.505	1047	59	7	244	1282	12093447	12092402	0.0	1548
NC_003070.9:3413525-3414840	NC_003071.7	93.493	1045	53	10	284	1316	6663080	6664121	0.0	1539
NC_003070.9:3413525-3414840	NC_003071.7	91.750	1006	52	12	327	1316	543175	544165	0.0	1369
NC_003070.9:3413525-3414840	NC_003071.7	93.114	944	47	8	189	1125	11286194	11285262	0.0	1367
NC_003070.9:3413525-3414840	NC_003071.7	92.388	959	63	7	353	1303	6803425	6804381	0.0	1358
NC_003070.9:3413525-3414840	NC_003071.7	91.761	971	58	15	329	1290	14334657	14335614	0.0	1330
NC_003070.9:3413525-3414840	NC_003071.7	93.417	881	51	4	443	1316	13336704	13335824	0.0	1299
NC_003070.9:3413525-3414840	NC_003071.7	92.272	867	48	12	465	1316	7960700	7961562	0.0	1212
NC_003070.9:3413525-3414840	NC_003071.7	93.671	790	42	6	534	1316	7112140	7112928	0.0	1175
NC_003070.9:3413525-3414840	NC_003071.7	93.552	791	41	7	534	1316	6101020	6100232	0.0	1170
NC_003070.9:3413525-3414840	NC_003071.7	91.873	726	47	9	599	1316	3213046	3212325	0.0	1003
NC_003070.9:3413525-3414840	NC_003071.7	92.136	674	43	6	649	1314	709400	710071	0.0	942
NC_003070.9:3413525-3414840	NC_003071.7	94.105	458	23	4	724	1178	3564666	3565122	0.0	693
NC_003070.9:3413525-3414840	NC_003071.7	91.368	475	28	6	189	658	708374	708840	0.0	638
NC_003070.9:3413525-3414840	NC_003071.7	91.629	442	23	6	189	626	13337135	13336704	5.50e-170	599
NC_003070.9:3413525-3414840	NC_003071.7	91.406	384	32	1	45	427	7959807	7960190	9.47e-148	525
NC_003070.9:3413525-3414840	NC_003071.7	93.605	344	21	1	26	368	4024197	4024540	7.37e-144	512
NC_003070.9:3413525-3414840	NC_003071.7	92.733	344	25	0	29	372	980617	980274	2.06e-139	497
NC_003070.9:3413525-3414840	NC_003071.7	92.442	344	24	2	26	368	7111780	7112122	3.45e-137	490
NC_003070.9:3413525-3414840	NC_003071.7	95.486	288	12	1	534	821	4024558	4024844	9.74e-128	459
NC_003070.9:3413525-3414840	NC_003071.7	92.089	316	20	5	534	849	980261	979951	3.53e-122	440
NC_003070.9:3413525-3414840	NC_003071.7	91.197	284	22	3	17	298	3564368	3564650	6.03e-105	383
NC_003070.9:3413525-3414840	NC_003071.7	91.791	268	21	1	24	291	3213358	3213092	1.31e-101	372
NC_003070.9:3413525-3414840	NC_003071.7	90.036	281	22	4	1041	1316	2962573	2962294	1.02e-97	359
NC_003070.9:3413525-3414840	NC_003071.7	92.157	255	15	3	1037	1286	3565124	3565378	1.31e-96	355
NC_003070.9:3413525-3414840	NC_003071.7	89.818	275	25	2	19	292	6660952	6661224	6.12e-95	350
NC_003070.9:3413525-3414840	NC_003071.7	91.064	235	21	0	29	263	2962805	2962571	1.72e-85	318
NC_003070.9:3413525-3414840	NC_003071.7	83.333	348	48	8	25	368	6101379	6101038	8.02e-84	313
NC_003070.9:3413525-3414840	NC_003071.7	94.048	84	5	0	194	277	7153788	7153705	3.12e-28	128
NC_003070.9:3413525-3414840	NC_003071.7	91.765	85	5	2	26	109	11287164	11287081	6.75e-25	117
NC_003070.9:3413525-3414840	NC_003071.7	90.805	87	5	3	24	109	13908725	13908641	8.74e-24	113
NC_003070.9:3413525-3414840	NC_003071.7	88.421	95	8	3	17	109	6925390	6925297	3.14e-23	111
NC_003070.9:3413525-3414840	NC_003071.7	91.463	82	5	2	29	109	11399377	11399297	3.14e-23	111
NC_003070.9:3413525-3414840	NC_003071.7	90.361	83	6	2	28	109	7154737	7154656	4.06e-22	108
NC_003070.9:3413525-3414840	NC_003071.7	90.244	82	6	2	29	109	13338077	13337997	1.46e-21	106
NC_003070.9:3413525-3414840	NC_003071.7	90.244	82	6	2	29	109	19196757	19196677	1.46e-21	106
NC_003070.9:3413525-3414840	NC_003071.7	87.640	89	9	2	22	109	542301	542388	1.89e-20	102
NC_003070.9:3413525-3414840	NC_003071.7	89.157	83	7	2	28	109	14333784	14333865	1.89e-20	102
NC_003070.9:3413525-3414840	NC_003071.7	89.024	82	7	2	29	109	499985	500065	6.80e-20	100
NC_003070.9:3413525-3414840	NC_003071.7	89.024	82	7	2	29	109	1460925	1460845	6.80e-20	100
NC_003070.9:3413525-3414840	NC_003071.7	89.024	82	7	2	29	109	6099530	6099610	6.80e-20	100
NC_003070.9:3413525-3414840	NC_003071.7	89.024	82	8	1	29	109	12094425	12094344	6.80e-20	100
NC_003070.9:3413525-3414840	NC_003071.7	88.095	84	8	2	27	109	6384056	6383974	2.45e-19	99.0
NC_003070.9:3413525-3414840	NC_003071.7	87.952	83	8	2	28	109	13266914	13266995	8.80e-19	97.1
NC_003070.9:3413525-3414840	NC_003071.7	90.164	61	6	0	175	235	6101274	6101214	8.86e-14	80.5
NC_003070.9:3413525-3414840	NC_003071.7	94.872	39	2	0	189	227	12093480	12093442	3.21e-08	62.1
NC_003070.9:3497740-3498228	NC_003070.9	100.000	489	0	0	1	489	3498228	3497740	0.0	904
NC_003070.9:3497740-3498228	NC_003070.9	88.730	488	48	7	1	486	12993470	12992988	1.19e-167	590
NC_003070.9:3497740-3498228	NC_003070.9	88.683	486	47	7	1	482	19742017	19741536	1.54e-166	586
NC_003070.9:3497740-3498228	NC_003070.9	88.518	479	51	4	1	477	25357946	25358422	9.26e-164	577
NC_003070.9:3497740-3498228	NC_003070.9	87.677	495	51	9	1	489	2588307	2587817	5.57e-161	568
NC_003070.9:3497740-3498228	NC_003070.9	88.150	481	50	7	1	477	8190082	8190559	2.00e-160	566
NC_003070.9:3497740-3498228	NC_003070.9	87.885	487	49	9	1	483	13879529	13879049	7.21e-160	564
NC_003070.9:3497740-3498228	NC_003070.9	87.449	494	54	7	1	489	14013287	14012797	2.59e-159	562
NC_003070.9:3497740-3498228	NC_003070.9	87.841	477	51	6	1	475	17632544	17633015	1.56e-156	553
NC_003070.9:3497740-3498228	NC_003070.9	87.265	479	57	4	1	477	29078537	29079013	9.39e-154	544
NC_003070.9:3497740-3498228	NC_003070.9	87.110	481	54	6	1	477	11174332	11174808	4.37e-152	538
NC_003070.9:3497740-3498228	NC_003070.9	86.957	483	43	13	1	480	12457793	12458258	3.40e-148	525
NC_003070.9:3497740-3498228	NC_003070.9	86.503	489	47	13	1	486	17605673	17606145	1.58e-146	520
NC_003070.9:3497740-3498228	NC_003070.9	85.481	489	54	10	1	487	12183868	12183395	9.59e-139	494
NC_003070.9:3497740-3498228	NC_003070.9	89.691	388	33	6	100	483	9918829	9918445	4.46e-137	488
NC_003070.9:3497740-3498228	NC_003070.9	85.477	482	50	13	1	477	19718028	19718494	5.77e-136	484
NC_003070.9:3497740-3498228	NC_003070.9	85.208	480	53	5	1	478	21336065	21336528	9.66e-134	477
NC_003070.9:3497740-3498228	NC_003070.9	87.745	408	41	7	72	478	16859030	16858631	5.81e-131	468
NC_003070.9:3497740-3498228	NC_003070.9	87.192	406	42	8	72	475	26307106	26307503	1.63e-126	453
NC_003070.9:3497740-3498228	NC_003070.9	84.134	479	59	10	1	477	20509300	20508837	7.57e-125	448
NC_003070.9:3497740-3498228	NC_003070.9	83.956	455	58	8	1	454	18804990	18804550	4.59e-117	422
NC_003070.9:3497740-3498228	NC_003070.9	90.741	216	19	1	1	216	24027306	24027520	1.75e-76	287
NC_003070.9:3497740-3498228	NC_003070.9	90.698	172	15	1	308	478	8539593	8539764	1.07e-58	228
NC_003070.9:3497740-3498228	NC_003070.9	90.058	171	15	2	307	477	19769405	19769573	1.80e-56	220
NC_003070.9:3497740-3498228	NC_003070.9	89.474	171	15	3	308	477	12240742	12240910	3.01e-54	213
NC_003070.9:3497740-3498228	NC_003070.9	89.017	173	18	1	308	479	21615467	21615295	3.01e-54	213
NC_003070.9:3497740-3498228	NC_003070.9	87.209	172	20	2	308	477	10579970	10580141	1.09e-48	195
NC_003070.9:3497740-3498228	NC_003070.9	86.047	172	20	4	308	477	21128701	21128870	8.48e-45	182
NC_003070.9:3497740-3498228	NC_003070.9	85.549	173	22	3	308	477	696646	696474	1.10e-43	178
NC_003070.9:3497740-3498228	NC_003070.9	83.422	187	26	5	307	489	12619353	12619538	6.60e-41	169
NC_003070.9:3497740-3498228	NC_003070.9	83.333	186	26	5	307	489	20166841	20166658	2.37e-40	167
NC_003070.9:3497740-3498228	NC_003070.9	83.815	173	26	2	308	478	11669528	11669356	3.07e-39	163
NC_003070.9:3497740-3498228	NC_003070.9	84.615	156	22	2	308	461	3762819	3762974	1.85e-36	154
NC_003070.9:3497740-3498228	NC_003070.9	92.045	88	7	0	177	264	12183827	12183740	1.45e-27	124
NC_003070.9:3497740-3498228	NC_003070.9	92.045	88	7	0	177	264	17632584	17632671	1.45e-27	124
NC_003070.9:3497740-3498228	NC_003070.9	89.888	89	9	0	177	265	14013247	14013159	8.72e-25	115
NC_003070.9:3497740-3498228	NC_003070.9	89.610	77	7	1	402	477	29774337	29774261	3.16e-19	97.1
NC_003070.9:3497740-3498228	NC_003070.9	88.235	51	4	2	430	479	9837534	9837583	4.15e-08	60.2
NC_003070.9:3497740-3498228	NC_003074.8	89.506	486	46	5	1	485	8644866	8645347	9.13e-174	610
NC_003070.9:3497740-3498228	NC_003074.8	88.333	480	52	4	1	478	15918569	15918092	1.20e-162	573
NC_003070.9:3497740-3498228	NC_003074.8	87.238	478	46	12	1	477	19520764	19521227	7.31e-150	531
NC_003070.9:3497740-3498228	NC_003074.8	85.386	479	54	12	1	477	7937448	7936984	2.08e-135	483
NC_003070.9:3497740-3498228	NC_003074.8	88.177	406	38	8	72	477	10681787	10681392	3.47e-133	475
NC_003070.9:3497740-3498228	NC_003074.8	84.265	483	59	11	1	481	7659399	7658932	4.53e-127	455
NC_003070.9:3497740-3498228	NC_003074.8	83.925	479	60	10	1	477	18146985	18146522	3.52e-123	442
NC_003070.9:3497740-3498228	NC_003074.8	87.766	188	21	2	303	489	20769773	20769587	6.46e-56	219
NC_003070.9:3497740-3498228	NC_003074.8	89.474	171	16	2	308	477	17402170	17402001	8.36e-55	215
NC_003070.9:3497740-3498228	NC_003074.8	88.889	171	18	1	308	478	5866261	5866430	3.89e-53	209
NC_003070.9:3497740-3498228	NC_003074.8	88.889	171	16	3	308	477	19740172	19740340	1.40e-52	207
NC_003070.9:3497740-3498228	NC_003074.8	88.372	172	18	2	307	477	16485478	16485308	5.03e-52	206
NC_003070.9:3497740-3498228	NC_003074.8	86.932	176	21	2	315	488	10758165	10757990	3.03e-49	196
NC_003070.9:3497740-3498228	NC_003074.8	92.045	88	7	0	177	264	7659357	7659270	1.45e-27	124
NC_003070.9:3497740-3498228	NC_003074.8	88.636	88	10	0	177	264	15918528	15918441	1.46e-22	108
NC_003070.9:3497740-3498228	NC_003074.8	86.813	91	8	4	402	489	8596179	8596090	8.79e-20	99.0
NC_003070.9:3497740-3498228	NC_003071.7	89.669	484	43	7	1	481	2299190	2299669	9.13e-174	610
NC_003070.9:3497740-3498228	NC_003071.7	89.419	482	45	6	1	480	7178541	7179018	1.53e-171	603
NC_003070.9:3497740-3498228	NC_003071.7	87.910	488	49	9	1	485	4758574	4758094	2.00e-160	566
NC_003070.9:3497740-3498228	NC_003071.7	89.773	440	41	4	1	439	10239371	10238935	9.32e-159	560
NC_003070.9:3497740-3498228	NC_003071.7	85.774	478	53	12	1	477	11597416	11597879	3.45e-138	492
NC_003070.9:3497740-3498228	NC_003071.7	85.361	485	44	14	1	483	8046146	8045687	9.66e-134	477
NC_003070.9:3497740-3498228	NC_003071.7	87.224	407	43	7	72	477	8907598	8907996	4.53e-127	455
NC_003070.9:3497740-3498228	NC_003071.7	86.585	410	42	11	72	478	9891644	9891245	1.27e-122	440
NC_003070.9:3497740-3498228	NC_003071.7	87.372	293	32	4	195	482	825987	826279	7.96e-90	331
NC_003070.9:3497740-3498228	NC_003071.7	90.058	171	15	2	308	477	5038144	5038313	1.80e-56	220
NC_003070.9:3497740-3498228	NC_003071.7	89.080	174	16	3	307	477	2320761	2320934	3.01e-54	213
NC_003070.9:3497740-3498228	NC_003071.7	87.912	182	19	3	306	485	10996355	10996175	1.08e-53	211
NC_003070.9:3497740-3498228	NC_003071.7	88.506	174	18	2	310	482	7351379	7351551	3.89e-53	209
NC_003070.9:3497740-3498228	NC_003071.7	87.861	173	19	2	307	478	5010257	5010086	6.51e-51	202
NC_003070.9:3497740-3498228	NC_003071.7	87.079	178	21	2	306	481	1383726	1383549	2.34e-50	200
NC_003070.9:3497740-3498228	NC_003071.7	84.409	186	23	5	308	489	3197788	3197605	1.10e-43	178
NC_003070.9:3497740-3498228	NC_003071.7	87.097	155	15	1	333	487	9228776	9228627	1.84e-41	171
NC_003070.9:3497740-3498228	NC_003071.7	90.909	88	6	2	177	264	4758533	4758448	2.43e-25	117
NC_003070.9:3497740-3498228	NC_003071.7	89.157	83	6	3	402	483	8173625	8173705	2.44e-20	100
NC_003070.9:3497740-3498228	NC_003071.7	86.667	90	10	2	402	489	1347288	1347199	8.79e-20	99.0
NC_003070.9:3497740-3498228	NC_003071.7	89.744	78	7	1	402	478	6901846	6901923	8.79e-20	99.0
NC_003070.9:3497740-3498228	NC_003071.7	85.542	83	10	2	402	483	9030599	9030680	6.84e-16	86.1
NC_003070.9:3497740-3498228	NC_003071.7	89.796	49	3	2	430	477	7566596	7566549	1.15e-08	62.1
NC_003070.9:3497740-3498228	NC_003071.7	100.000	31	0	0	447	477	1367505	1367475	1.49e-07	58.4
NC_003070.9:3497740-3498228	NC_003076.8	89.256	484	47	5	1	482	349936	350416	5.49e-171	601
NC_003070.9:3497740-3498228	NC_003076.8	89.027	483	45	6	1	480	15659308	15658831	3.31e-168	592
NC_003070.9:3497740-3498228	NC_003076.8	88.866	485	47	6	1	483	14880338	14880817	1.19e-167	590
NC_003070.9:3497740-3498228	NC_003076.8	88.430	484	52	4	1	483	9545858	9546338	7.16e-165	580
NC_003070.9:3497740-3498228	NC_003076.8	87.526	481	55	4	1	479	14873578	14874055	5.61e-156	551
NC_003070.9:3497740-3498228	NC_003076.8	88.616	448	46	5	1	446	19479698	19480142	1.21e-152	540
NC_003070.9:3497740-3498228	NC_003076.8	85.361	485	54	10	1	482	20674699	20674229	1.60e-136	486
NC_003070.9:3497740-3498228	NC_003076.8	85.246	488	53	12	1	483	9979051	9978578	5.77e-136	484
NC_003070.9:3497740-3498228	NC_003076.8	87.805	410	40	8	72	480	10042209	10041809	4.49e-132	472
NC_003070.9:3497740-3498228	NC_003076.8	86.408	412	46	8	67	477	22463800	22464202	3.52e-123	442
NC_003070.9:3497740-3498228	NC_003076.8	83.702	497	49	16	1	479	25178900	25179382	1.27e-122	440
NC_003070.9:3497740-3498228	NC_003076.8	83.537	492	51	10	1	488	23662458	23661993	2.12e-120	433
NC_003070.9:3497740-3498228	NC_003076.8	85.995	407	48	7	72	477	19114979	19114581	9.87e-119	427
NC_003070.9:3497740-3498228	NC_003076.8	90.643	171	14	2	308	477	17726816	17726985	3.86e-58	226
NC_003070.9:3497740-3498228	NC_003076.8	89.714	175	16	2	308	481	24449206	24449379	5.00e-57	222
NC_003070.9:3497740-3498228	NC_003076.8	90.000	170	15	2	309	477	19101940	19102108	6.46e-56	219
NC_003070.9:3497740-3498228	NC_003076.8	89.474	171	15	3	308	477	13231905	13232073	3.01e-54	213
NC_003070.9:3497740-3498228	NC_003076.8	87.845	181	20	2	308	487	14080132	14080311	1.08e-53	211
NC_003070.9:3497740-3498228	NC_003076.8	88.889	171	18	1	308	477	20278784	20278614	3.89e-53	209
NC_003070.9:3497740-3498228	NC_003076.8	87.571	177	19	3	303	478	8601992	8601818	6.51e-51	202
NC_003070.9:3497740-3498228	NC_003076.8	87.791	172	19	2	309	479	13734326	13734496	2.34e-50	200
NC_003070.9:3497740-3498228	NC_003076.8	89.032	155	15	2	308	461	5648050	5647897	1.41e-47	191
NC_003070.9:3497740-3498228	NC_003076.8	86.585	164	19	3	316	477	15031076	15030914	1.10e-43	178
NC_003070.9:3497740-3498228	NC_003076.8	87.421	159	13	3	330	488	7700780	7700629	3.95e-43	176
NC_003070.9:3497740-3498228	NC_003076.8	88.811	143	15	1	340	481	24586918	24587060	1.42e-42	174
NC_003070.9:3497740-3498228	NC_003076.8	84.459	148	14	2	333	479	14103804	14103665	1.86e-31	137
NC_003070.9:3497740-3498228	NC_003076.8	87.640	89	7	4	402	487	26893324	26893411	2.44e-20	100
NC_003070.9:3497740-3498228	NC_003076.8	87.179	78	9	1	402	478	24314419	24314496	1.90e-16	87.9
NC_003070.9:3497740-3498228	NC_003076.8	91.667	60	5	0	310	369	26892364	26892423	2.46e-15	84.2
NC_003070.9:3497740-3498228	NC_003076.8	100.000	35	0	0	308	342	15031098	15031064	8.91e-10	65.8
NC_003070.9:3497740-3498228	NC_003075.7	88.589	482	49	6	1	478	6427095	6426616	7.16e-165	580
NC_003070.9:3497740-3498228	NC_003075.7	88.727	479	49	5	1	477	7905893	7906368	7.16e-165	580
NC_003070.9:3497740-3498228	NC_003075.7	88.430	484	49	5	1	481	7154901	7155380	9.26e-164	577
NC_003070.9:3497740-3498228	NC_003075.7	87.891	479	54	3	1	478	6895422	6894947	9.32e-159	560
NC_003070.9:3497740-3498228	NC_003075.7	85.396	493	53	8	1	489	13124332	13123855	9.59e-139	494
NC_003070.9:3497740-3498228	NC_003075.7	85.595	479	52	10	1	477	6414517	6414054	1.60e-136	486
NC_003070.9:3497740-3498228	NC_003075.7	85.625	480	43	7	1	478	8725533	8725078	7.47e-135	481
NC_003070.9:3497740-3498228	NC_003075.7	85.208	480	52	6	1	479	9146564	9147025	3.47e-133	475
NC_003070.9:3497740-3498228	NC_003075.7	86.732	407	45	7	72	477	964261	963863	9.80e-124	444
NC_003070.9:3497740-3498228	NC_003075.7	83.992	481	41	13	1	480	7652687	7653132	2.74e-119	429
NC_003070.9:3497740-3498228	NC_003075.7	86.198	384	42	9	72	454	12968292	12967919	4.62e-112	405
NC_003070.9:3497740-3498228	NC_003075.7	85.294	374	40	11	1	373	9188842	9189201	4.69e-102	372
NC_003070.9:3497740-3498228	NC_003075.7	89.888	178	14	4	307	483	1521650	1521824	3.86e-58	226
NC_003070.9:3497740-3498228	NC_003075.7	88.514	148	12	1	330	477	7034393	7034251	1.42e-42	174
NC_003070.9:3497740-3498228	NC_003075.7	90.909	88	7	1	177	264	6414476	6414390	2.43e-25	117
NC_003070.9:3497740-3498228	NC_003075.7	88.636	88	10	0	177	264	7154941	7155028	1.46e-22	108
NC_003070.9:3497740-3498228	NC_003075.7	88.889	81	8	1	402	481	7383491	7383411	8.79e-20	99.0
NC_003070.9:3497740-3498228	NC_003075.7	89.744	78	6	2	402	478	12699287	12699363	8.79e-20	99.0
NC_003070.9:3497740-3498228	NC_003075.7	89.583	48	5	0	430	477	1957656	1957703	1.15e-08	62.1
NC_003070.9:3342445-3343055	NC_003070.9	100.000	611	0	0	1	611	3343055	3342445	0.0	1129
NC_003070.9:3342445-3343055	NC_003070.9	97.869	610	13	0	2	611	18633797	18633188	0.0	1055
NC_003070.9:3342445-3343055	NC_003070.9	96.399	611	21	1	1	611	9862693	9863302	0.0	1005
NC_003070.9:3342445-3343055	NC_003070.9	90.000	610	45	5	2	611	10867733	10867140	0.0	774
NC_003070.9:3342445-3343055	NC_003070.9	83.173	624	81	16	1	611	6074883	6075495	2.55e-155	549
NC_003070.9:3342445-3343055	NC_003070.9	82.830	629	78	18	2	603	11987777	11988402	1.99e-151	536
NC_003070.9:3342445-3343055	NC_003070.9	81.199	617	75	29	1	586	26551572	26552178	4.42e-128	459
NC_003070.9:3342445-3343055	NC_003070.9	80.275	654	81	30	2	611	10597666	10598315	2.66e-125	449
NC_003070.9:3342445-3343055	NC_003070.9	80.377	637	81	26	3	611	13624552	13623932	1.24e-123	444
NC_003070.9:3342445-3343055	NC_003070.9	91.411	326	16	8	1	317	6403875	6404197	2.07e-121	436
NC_003070.9:3342445-3343055	NC_003070.9	82.903	310	31	7	9	299	16477700	16478006	4.81e-68	259
NC_003070.9:3342445-3343055	NC_003070.9	86.034	179	21	4	435	611	13346868	13346692	6.40e-47	189
NC_003070.9:3342445-3343055	NC_003074.8	98.854	611	7	0	1	611	13823339	13823949	0.0	1090
NC_003070.9:3342445-3343055	NC_003074.8	92.787	610	28	7	2	611	11167394	11166801	0.0	869
NC_003070.9:3342445-3343055	NC_003074.8	90.656	610	42	9	2	605	17150761	17150161	0.0	797
NC_003070.9:3342445-3343055	NC_003074.8	80.000	615	100	19	9	610	15188376	15188980	2.68e-120	433
NC_003070.9:3342445-3343055	NC_003074.8	82.122	509	60	20	1	480	14127408	14127914	1.62e-112	407
NC_003070.9:3342445-3343055	NC_003074.8	82.122	509	60	20	1	480	14142997	14143503	1.62e-112	407
NC_003070.9:3342445-3343055	NC_003074.8	93.133	233	15	1	1	233	8492131	8491900	1.67e-92	340
NC_003070.9:3342445-3343055	NC_003075.7	94.762	630	12	2	2	611	9368715	9369343	0.0	961
NC_003070.9:3342445-3343055	NC_003075.7	93.279	610	27	4	2	611	7838347	7838942	0.0	887
NC_003070.9:3342445-3343055	NC_003075.7	82.862	636	80	17	2	611	15816687	15816055	1.19e-153	544
NC_003070.9:3342445-3343055	NC_003075.7	82.786	639	77	19	2	611	6506269	6505635	1.53e-152	540
NC_003070.9:3342445-3343055	NC_003075.7	81.903	641	79	26	2	611	8837147	8836513	1.56e-142	507
NC_003070.9:3342445-3343055	NC_003075.7	93.558	326	19	2	1	325	6339151	6339475	7.29e-136	484
NC_003070.9:3342445-3343055	NC_003075.7	79.511	654	86	20	2	611	9283767	9284416	5.80e-117	422
NC_003070.9:3342445-3343055	NC_003075.7	90.000	300	22	4	318	611	6340012	6340309	9.84e-105	381
NC_003070.9:3342445-3343055	NC_003071.7	91.843	613	40	6	1	611	6629875	6629271	0.0	846
NC_003070.9:3342445-3343055	NC_003071.7	83.092	621	88	16	1	611	3191790	3191177	2.55e-155	549
NC_003070.9:3342445-3343055	NC_003071.7	83.969	524	68	13	1	515	10256049	10255533	5.64e-137	488
NC_003070.9:3342445-3343055	NC_003071.7	80.916	655	76	35	2	611	2297111	2297761	5.68e-132	472
NC_003070.9:3342445-3343055	NC_003071.7	79.300	657	85	27	2	611	2241232	2240580	3.49e-114	412
NC_003070.9:3342445-3343055	NC_003071.7	79.316	614	81	20	1	611	1076409	1075839	5.88e-107	388
NC_003070.9:3342445-3343055	NC_003071.7	78.704	648	86	28	3	603	4471815	4472457	7.61e-106	385
NC_003070.9:3342445-3343055	NC_003071.7	79.596	544	65	21	1	500	2961260	2961801	9.98e-95	348
NC_003070.9:3342445-3343055	NC_003071.7	87.500	304	31	7	6	305	8078202	8077902	1.29e-93	344
NC_003070.9:3342445-3343055	NC_003071.7	84.825	257	34	5	317	572	6288457	6288205	2.24e-66	254
NC_003070.9:3342445-3343055	NC_003076.8	82.704	636	80	16	2	611	18919592	18920223	5.52e-152	538
NC_003070.9:3342445-3343055	NC_003076.8	82.826	559	65	19	2	535	12547098	12547650	5.68e-132	472
NC_003070.9:3342445-3343055	NC_003076.8	79.939	658	80	23	2	611	13829286	13828633	2.07e-121	436
NC_003070.9:3342445-3343055	NC_003076.8	81.435	474	73	14	106	572	7644061	7644526	1.65e-102	374
NC_003070.9:3342445-3343055	NC_003076.8	90.588	85	6	2	409	491	13905732	13905816	1.43e-23	111
NC_003070.9:499373-499960	NC_003070.9	100.000	588	0	0	1	588	499960	499373	0.0	1086
NC_003070.9:499373-499960	NC_003070.9	95.812	597	15	5	1	588	22451410	22452005	0.0	955
NC_003070.9:499373-499960	NC_003070.9	95.652	598	15	7	1	588	19063996	19064592	0.0	950
NC_003070.9:499373-499960	NC_003070.9	94.491	599	20	8	1	588	15940582	15941178	0.0	911
NC_003070.9:499373-499960	NC_003070.9	94.157	599	23	7	1	588	19768587	19767990	0.0	902
NC_003070.9:499373-499960	NC_003070.9	94.948	574	17	7	1	563	8116245	8116817	0.0	889
NC_003070.9:499373-499960	NC_003070.9	93.688	602	22	9	1	588	7036691	7037290	0.0	887
NC_003070.9:499373-499960	NC_003070.9	93.802	597	25	8	1	588	23876675	23877268	0.0	887
NC_003070.9:499373-499960	NC_003070.9	93.667	600	21	11	1	588	19994275	19993681	0.0	881
NC_003070.9:499373-499960	NC_003070.9	93.478	598	26	9	1	588	11701133	11701727	0.0	876
NC_003070.9:499373-499960	NC_003070.9	93.802	597	13	8	1	588	13016432	13015851	0.0	876
NC_003070.9:499373-499960	NC_003070.9	93.322	599	28	7	1	588	4786658	4787255	0.0	874
NC_003070.9:499373-499960	NC_003070.9	93.467	597	23	11	3	588	13060305	13060896	0.0	872
NC_003070.9:499373-499960	NC_003070.9	93.311	598	26	8	1	588	17901349	17901942	0.0	870
NC_003070.9:499373-499960	NC_003070.9	93.121	596	28	7	1	586	9865938	9865346	0.0	861
NC_003070.9:499373-499960	NC_003070.9	92.809	598	33	5	1	588	16905267	16905864	0.0	857
NC_003070.9:499373-499960	NC_003070.9	92.809	598	31	5	1	588	9817679	9818274	0.0	856
NC_003070.9:499373-499960	NC_003070.9	95.547	539	13	6	60	588	8489951	8489414	0.0	852
NC_003070.9:499373-499960	NC_003070.9	92.785	596	29	8	1	588	3414251	3414840	0.0	850
NC_003070.9:499373-499960	NC_003070.9	92.667	600	29	8	1	588	26169991	26169395	0.0	850
NC_003070.9:499373-499960	NC_003070.9	92.773	595	28	10	4	588	19327826	19327237	0.0	846
NC_003070.9:499373-499960	NC_003070.9	92.154	599	34	8	1	588	18792268	18792864	0.0	833
NC_003070.9:499373-499960	NC_003070.9	96.245	506	18	1	84	588	25962970	25962465	0.0	828
NC_003070.9:499373-499960	NC_003070.9	91.722	604	29	9	3	588	14309364	14308764	0.0	819
NC_003070.9:499373-499960	NC_003070.9	91.833	600	23	9	1	588	12365407	12365992	0.0	813
NC_003070.9:499373-499960	NC_003070.9	91.694	602	22	9	1	588	16326716	16327303	0.0	809
NC_003070.9:499373-499960	NC_003070.9	91.667	600	24	8	1	588	19465675	19465090	0.0	808
NC_003070.9:499373-499960	NC_003070.9	91.639	598	26	6	1	588	16825787	16826370	0.0	806
NC_003070.9:499373-499960	NC_003070.9	91.924	582	34	11	14	588	28161747	28162322	0.0	802
NC_003070.9:499373-499960	NC_003070.9	91.137	598	28	12	1	588	12562811	12562229	0.0	787
NC_003070.9:499373-499960	NC_003070.9	91.000	600	27	9	1	588	23214935	23215519	0.0	784
NC_003070.9:499373-499960	NC_003070.9	93.267	505	21	4	84	588	18790357	18790848	0.0	732
NC_003070.9:499373-499960	NC_003070.9	97.506	401	9	1	188	588	23554190	23553791	0.0	684
NC_003070.9:499373-499960	NC_003070.9	93.915	378	12	6	1	368	30254027	30253651	1.13e-158	560
NC_003070.9:499373-499960	NC_003070.9	91.691	337	16	7	1	328	11735917	11735584	1.53e-127	457
NC_003070.9:499373-499960	NC_003070.9	95.536	224	8	2	366	588	30253364	30253142	1.59e-97	357
NC_003070.9:499373-499960	NC_003070.9	92.130	216	7	5	1	206	16997844	16997629	3.52e-79	296
NC_003070.9:499373-499960	NC_003070.9	84.615	130	16	4	463	588	27241146	27241275	4.89e-28	126
NC_003070.9:499373-499960	NC_003070.9	93.976	83	4	1	4	86	22992170	22992089	1.76e-27	124
NC_003070.9:499373-499960	NC_003075.7	96.154	598	13	5	1	588	11362348	11362945	0.0	968
NC_003070.9:499373-499960	NC_003075.7	94.992	599	16	9	1	588	1351061	1351656	0.0	928
NC_003070.9:499373-499960	NC_003075.7	94.333	600	20	8	1	588	5539914	5539317	0.0	907
NC_003070.9:499373-499960	NC_003075.7	93.823	599	25	7	1	588	8065107	8065704	0.0	891
NC_003070.9:499373-499960	NC_003075.7	93.823	599	25	7	1	588	16863860	16863263	0.0	891
NC_003070.9:499373-499960	NC_003075.7	93.656	599	24	9	1	588	683763	684358	0.0	883
NC_003070.9:499373-499960	NC_003075.7	93.645	598	26	7	1	588	11192870	11192275	0.0	883
NC_003070.9:499373-499960	NC_003075.7	93.311	598	26	9	1	588	8728994	8728401	0.0	870
NC_003070.9:499373-499960	NC_003075.7	93.300	597	27	8	4	588	10395944	10395349	0.0	869
NC_003070.9:499373-499960	NC_003075.7	91.987	599	35	8	1	588	371384	370788	0.0	828
NC_003070.9:499373-499960	NC_003075.7	91.864	590	31	8	7	586	1000504	999922	0.0	808
NC_003070.9:499373-499960	NC_003075.7	91.319	599	39	7	1	588	6165762	6165166	0.0	806
NC_003070.9:499373-499960	NC_003075.7	91.154	520	35	8	72	588	14390773	14390262	0.0	695
NC_003070.9:499373-499960	NC_003075.7	93.596	406	17	5	1	398	964810	964406	8.63e-170	597
NC_003070.9:499373-499960	NC_003075.7	94.638	373	10	3	188	560	7853284	7852922	1.88e-161	569
NC_003070.9:499373-499960	NC_003075.7	76.367	567	89	26	5	559	7572306	7572839	3.57e-69	263
NC_003070.9:499373-499960	NC_003075.7	78.412	403	60	21	14	399	7593705	7593313	2.17e-61	237
NC_003070.9:499373-499960	NC_003075.7	75.161	467	83	24	97	555	2262877	2262436	6.15e-47	189
NC_003070.9:499373-499960	NC_003075.7	77.509	289	55	10	304	588	12335548	12335830	1.04e-39	165
NC_003070.9:499373-499960	NC_003075.7	86.154	130	14	4	463	588	12365193	12365064	2.26e-31	137
NC_003070.9:499373-499960	NC_003075.7	93.023	86	4	1	3	86	8802416	8802501	1.76e-27	124
NC_003070.9:499373-499960	NC_003074.8	95.980	597	14	5	1	588	17276338	17275743	0.0	961
NC_003070.9:499373-499960	NC_003074.8	94.807	597	18	6	1	588	9384358	9383766	0.0	918
NC_003070.9:499373-499960	NC_003074.8	94.472	597	18	6	1	588	22120067	22120657	0.0	905
NC_003070.9:499373-499960	NC_003074.8	94.147	598	21	9	1	588	17143040	17142447	0.0	898
NC_003070.9:499373-499960	NC_003074.8	93.990	599	24	7	1	588	18412702	18413299	0.0	896
NC_003070.9:499373-499960	NC_003074.8	93.970	597	23	9	1	588	5744435	5743843	0.0	891
NC_003070.9:499373-499960	NC_003074.8	93.939	594	27	4	1	588	9766947	9766357	0.0	889
NC_003070.9:499373-499960	NC_003074.8	93.489	599	25	9	1	588	15452050	15451455	0.0	878
NC_003070.9:499373-499960	NC_003074.8	93.559	590	34	4	1	588	10574938	10574351	0.0	876
NC_003070.9:499373-499960	NC_003074.8	93.311	598	27	8	1	588	10556726	10556132	0.0	870
NC_003070.9:499373-499960	NC_003074.8	93.167	600	28	8	1	588	18019329	18019927	0.0	869
NC_003070.9:499373-499960	NC_003074.8	93.098	594	30	6	3	586	17730638	17731230	0.0	859
NC_003070.9:499373-499960	NC_003074.8	92.845	601	28	10	1	588	13327984	13328582	0.0	857
NC_003070.9:499373-499960	NC_003074.8	92.821	599	29	9	1	588	20787852	20788447	0.0	856
NC_003070.9:499373-499960	NC_003074.8	92.995	571	27	8	1	561	11537306	11537873	0.0	821
NC_003070.9:499373-499960	NC_003074.8	91.987	599	23	11	1	588	17061970	17061386	0.0	817
NC_003070.9:499373-499960	NC_003074.8	91.333	600	38	9	1	588	3965550	3966147	0.0	808
NC_003070.9:499373-499960	NC_003074.8	91.653	599	25	9	1	588	16451996	16452580	0.0	806
NC_003070.9:499373-499960	NC_003074.8	91.319	599	35	9	1	588	17777473	17778065	0.0	802
NC_003070.9:499373-499960	NC_003074.8	90.762	617	25	12	1	586	16419837	16420452	0.0	795
NC_003070.9:499373-499960	NC_003074.8	91.710	579	30	13	1	563	10819943	10819367	0.0	787
NC_003070.9:499373-499960	NC_003074.8	91.201	591	33	11	1	588	16563013	16563587	0.0	785
NC_003070.9:499373-499960	NC_003074.8	90.955	597	27	7	1	588	15485107	15484529	0.0	778
NC_003070.9:499373-499960	NC_003074.8	90.893	582	36	8	1	572	15938769	15939343	0.0	765
NC_003070.9:499373-499960	NC_003074.8	89.167	600	27	10	1	588	7995402	7994829	0.0	713
NC_003070.9:499373-499960	NC_003074.8	91.967	361	20	4	7	358	11503067	11502707	9.00e-140	497
NC_003070.9:499373-499960	NC_003074.8	94.056	286	15	2	304	588	11968333	11968617	2.57e-120	433
NC_003070.9:499373-499960	NC_003074.8	94.372	231	11	2	323	552	11200951	11201180	2.06e-96	353
NC_003070.9:499373-499960	NC_003074.8	89.723	253	14	3	347	588	8757570	8757821	3.50e-84	313
NC_003070.9:499373-499960	NC_003074.8	92.093	215	8	4	1	206	10321089	10321303	1.27e-78	294
NC_003070.9:499373-499960	NC_003074.8	94.186	86	4	1	1	86	17299390	17299306	3.78e-29	130
NC_003070.9:499373-499960	NC_003074.8	84.848	132	14	5	463	588	21552232	21552101	1.36e-28	128
NC_003070.9:499373-499960	NC_003071.7	95.980	597	14	5	1	588	13336419	13335824	0.0	961
NC_003070.9:499373-499960	NC_003071.7	95.326	599	16	7	1	588	501463	502060	0.0	941
NC_003070.9:499373-499960	NC_003071.7	94.975	597	20	5	1	588	395180	394585	0.0	928
NC_003070.9:499373-499960	NC_003071.7	94.613	594	20	7	3	586	709480	710071	0.0	909
NC_003070.9:499373-499960	NC_003071.7	93.813	598	23	9	1	588	6663528	6664121	0.0	887
NC_003070.9:499373-499960	NC_003071.7	93.802	597	24	8	1	586	13907263	13906669	0.0	885
NC_003070.9:499373-499960	NC_003071.7	93.489	599	26	8	1	588	6100828	6100232	0.0	878
NC_003070.9:499373-499960	NC_003071.7	93.322	599	26	9	1	588	7112333	7112928	0.0	872
NC_003070.9:499373-499960	NC_003071.7	93.311	598	28	8	1	588	12802499	12803094	0.0	872
NC_003070.9:499373-499960	NC_003071.7	93.155	599	29	6	1	588	6923888	6923291	0.0	869
NC_003070.9:499373-499960	NC_003071.7	92.487	599	33	8	1	588	17253755	17253158	0.0	846
NC_003070.9:499373-499960	NC_003071.7	92.167	600	33	6	1	588	7813999	7813402	0.0	835
NC_003070.9:499373-499960	NC_003071.7	92.321	599	29	10	1	588	13268413	13269005	0.0	835
NC_003070.9:499373-499960	NC_003071.7	91.736	605	30	10	1	588	7960961	7961562	0.0	822
NC_003070.9:499373-499960	NC_003071.7	91.833	600	31	12	1	588	3212918	3212325	0.0	821
NC_003070.9:499373-499960	NC_003071.7	92.123	584	33	9	1	575	6803802	6804381	0.0	811
NC_003070.9:499373-499960	NC_003071.7	91.457	597	41	5	1	588	7168825	7168230	0.0	811
NC_003070.9:499373-499960	NC_003071.7	91.500	600	24	9	1	588	543581	544165	0.0	800
NC_003070.9:499373-499960	NC_003071.7	92.844	559	29	4	1	550	12092963	12092407	0.0	800
NC_003070.9:499373-499960	NC_003071.7	91.084	572	27	7	1	562	14335057	14335614	0.0	752
NC_003070.9:499373-499960	NC_003071.7	92.123	457	22	8	1	446	3564669	3565122	2.36e-180	632
NC_003070.9:499373-499960	NC_003071.7	93.781	402	14	6	1	392	11285662	11285262	1.12e-168	593
NC_003070.9:499373-499960	NC_003071.7	94.922	256	11	2	304	558	3565124	3565378	2.61e-110	399
NC_003070.9:499373-499960	NC_003071.7	91.815	281	21	2	309	588	2962573	2962294	1.57e-107	390
NC_003070.9:499373-499960	NC_003076.8	95.645	597	17	4	1	588	16357948	16358544	0.0	950
NC_003070.9:499373-499960	NC_003076.8	94.983	598	20	5	1	588	17777205	17777802	0.0	929
NC_003070.9:499373-499960	NC_003076.8	94.807	597	21	6	1	588	15605264	15604669	0.0	922
NC_003070.9:499373-499960	NC_003076.8	94.941	593	18	7	7	588	7153775	7153184	0.0	918
NC_003070.9:499373-499960	NC_003076.8	94.324	599	21	6	1	588	1897172	1896576	0.0	905
NC_003070.9:499373-499960	NC_003076.8	93.960	596	23	9	3	588	8745217	8744625	0.0	889
NC_003070.9:499373-499960	NC_003076.8	93.823	599	24	9	1	588	9963543	9962947	0.0	889
NC_003070.9:499373-499960	NC_003076.8	93.960	596	23	9	1	586	24186419	24185827	0.0	889
NC_003070.9:499373-499960	NC_003076.8	93.813	598	23	9	1	588	11027303	11027896	0.0	887
NC_003070.9:499373-499960	NC_003076.8	93.792	596	25	8	3	588	4314273	4314866	0.0	885
NC_003070.9:499373-499960	NC_003076.8	93.656	599	26	8	1	588	19741112	19740515	0.0	885
NC_003070.9:499373-499960	NC_003076.8	93.656	599	26	7	1	588	24475888	24475291	0.0	885
NC_003070.9:499373-499960	NC_003076.8	93.645	598	26	7	1	588	15042729	15042134	0.0	883
NC_003070.9:499373-499960	NC_003076.8	92.977	598	30	7	1	588	5428551	5427956	0.0	861
NC_003070.9:499373-499960	NC_003076.8	92.977	598	30	9	1	588	20680911	20680316	0.0	861
NC_003070.9:499373-499960	NC_003076.8	92.809	598	31	7	1	588	17366528	17367123	0.0	856
NC_003070.9:499373-499960	NC_003076.8	92.797	597	33	5	1	588	25905020	25905615	0.0	856
NC_003070.9:499373-499960	NC_003076.8	92.797	597	30	6	4	588	4780805	4780210	0.0	852
NC_003070.9:499373-499960	NC_003076.8	92.642	598	31	8	1	588	8767209	8767803	0.0	848
NC_003070.9:499373-499960	NC_003076.8	93.684	570	24	8	1	559	18855321	18855889	0.0	843
NC_003070.9:499373-499960	NC_003076.8	91.993	612	24	10	1	588	22231562	22230952	0.0	835
NC_003070.9:499373-499960	NC_003076.8	93.440	564	25	7	1	553	5977348	5976786	0.0	826
NC_003070.9:499373-499960	NC_003076.8	91.833	600	36	8	1	588	14081361	14080763	0.0	824
NC_003070.9:499373-499960	NC_003076.8	89.836	610	39	9	1	588	8353809	8353201	0.0	761
NC_003070.9:499373-499960	NC_003076.8	91.320	553	31	9	37	588	15576716	15576180	0.0	739
NC_003070.9:499373-499960	NC_003076.8	90.153	589	28	9	1	588	21531349	21531908	0.0	739
NC_003070.9:499373-499960	NC_003076.8	90.975	554	30	12	37	588	21776322	21775787	0.0	728
NC_003070.9:499373-499960	NC_003076.8	97.756	401	8	1	188	588	17796537	17796138	0.0	689
NC_003070.9:499373-499960	NC_003076.8	92.041	490	27	7	1	480	14149801	14149314	0.0	678
NC_003070.9:499373-499960	NC_003076.8	93.454	443	20	5	147	588	9134290	9134724	0.0	649
NC_003070.9:499373-499960	NC_003076.8	93.112	421	27	2	169	588	21584595	21584176	2.38e-175	616
NC_003070.9:499373-499960	NC_003076.8	92.045	352	22	3	1	346	10715101	10715452	1.51e-137	490
NC_003070.9:499373-499960	NC_003076.8	90.885	373	22	10	225	588	25264968	25265337	1.51e-137	490
NC_003070.9:499373-499960	NC_003076.8	95.349	86	3	1	1	86	9592295	9592379	8.13e-31	135
NC_003070.9:499373-499960	NC_003076.8	91.860	86	6	1	1	86	20280098	20280014	8.19e-26	119
NC_003070.9:499373-499960	NC_003076.8	82.677	127	16	3	463	588	22464081	22464202	1.77e-22	108
NC_003070.9:499373-499960	NC_003076.8	88.679	53	5	1	536	588	8281670	8281721	3.89e-09	63.9
NC_003070.9:893402-893974	NC_003070.9	100.000	573	0	0	1	573	893402	893974	0.0	1059
NC_003070.9:893402-893974	NC_003070.9	82.112	587	81	10	1	573	13472676	13472100	8.82e-135	481
NC_003070.9:1160224-1161228	NC_003070.9	100.000	1005	0	0	1	1005	1160224	1161228	0.0	1857
NC_003070.9:1160224-1161228	NC_003070.9	93.588	889	50	5	2	888	12525582	12526465	0.0	1319
NC_003070.9:1160224-1161228	NC_003070.9	85.378	978	106	24	1	970	21388999	21388051	0.0	979
NC_003070.9:1160224-1161228	NC_003070.9	85.352	908	82	27	69	969	10158940	10159803	0.0	893
NC_003070.9:1160224-1161228	NC_003070.9	91.224	433	31	6	159	588	13080595	13081023	4.21e-165	582
NC_003070.9:1160224-1161228	NC_003070.9	89.024	328	34	2	487	812	9367642	9367969	9.77e-112	405
NC_003070.9:1160224-1161228	NC_003070.9	90.547	201	15	4	1	200	9367448	9367645	6.23e-69	263
NC_003070.9:1160224-1161228	NC_003070.9	92.708	96	5	2	1	95	11174210	11174304	3.94e-31	137
NC_003070.9:1160224-1161228	NC_003070.9	91.667	96	6	2	1	95	12137683	12137589	1.83e-29	132
NC_003070.9:1160224-1161228	NC_003070.9	89.583	96	8	2	1	95	8189961	8190055	3.96e-26	121
NC_003070.9:1160224-1161228	NC_003070.9	89.474	95	9	1	1	95	12097456	12097549	1.43e-25	119
NC_003070.9:1160224-1161228	NC_003070.9	89.474	95	9	1	1	95	16401003	16400910	1.43e-25	119
NC_003070.9:1160224-1161228	NC_003070.9	89.583	96	7	3	1	95	21918434	21918527	1.43e-25	119
NC_003070.9:1160224-1161228	NC_003070.9	92.683	82	4	2	1	82	2473307	2473228	5.13e-25	117
NC_003070.9:1160224-1161228	NC_003070.9	88.660	97	9	2	1	95	6403657	6403561	5.13e-25	117
NC_003070.9:1160224-1161228	NC_003070.9	89.474	95	7	3	1	95	10853200	10853109	5.13e-25	117
NC_003070.9:1160224-1161228	NC_003070.9	88.542	96	10	1	1	95	16859177	16859082	1.84e-24	115
NC_003070.9:1160224-1161228	NC_003070.9	87.879	99	11	1	1	98	19742138	19742040	1.84e-24	115
NC_003070.9:1160224-1161228	NC_003070.9	88.542	96	10	1	1	95	26306960	26307055	1.84e-24	115
NC_003070.9:1160224-1161228	NC_003070.9	88.421	95	10	1	1	95	5899755	5899662	6.63e-24	113
NC_003070.9:1160224-1161228	NC_003070.9	89.888	89	8	1	1	89	10929426	10929513	6.63e-24	113
NC_003070.9:1160224-1161228	NC_003070.9	91.463	82	7	0	2	83	14013409	14013328	6.63e-24	113
NC_003070.9:1160224-1161228	NC_003070.9	88.421	95	10	1	1	95	23125693	23125600	6.63e-24	113
NC_003070.9:1160224-1161228	NC_003070.9	84.685	111	14	3	1	111	26880721	26880828	3.09e-22	108
NC_003070.9:1160224-1161228	NC_003070.9	86.598	97	9	4	1	95	12183991	12183897	3.99e-21	104
NC_003070.9:1160224-1161228	NC_003070.9	94.030	67	4	0	1	67	18766618	18766552	1.44e-20	102
NC_003070.9:1160224-1161228	NC_003070.9	85.567	97	10	4	1	95	20509422	20509328	1.86e-19	99.0
NC_003070.9:1160224-1161228	NC_003070.9	87.805	82	9	1	1	82	13313923	13313843	2.40e-18	95.3
NC_003070.9:1160224-1161228	NC_003070.9	92.188	64	4	1	1	64	697374	697312	1.12e-16	89.8
NC_003070.9:1160224-1161228	NC_003070.9	92.063	63	5	0	4	66	18450393	18450331	1.12e-16	89.8
NC_003070.9:1160224-1161228	NC_003070.9	83.333	96	14	2	1	94	13548432	13548527	4.02e-16	87.9
NC_003070.9:1160224-1161228	NC_003070.9	90.625	64	5	1	1	64	20513679	20513741	5.20e-15	84.2
NC_003070.9:1160224-1161228	NC_003070.9	83.333	90	14	1	1	89	13981808	13981719	1.87e-14	82.4
NC_003070.9:1160224-1161228	NC_003070.9	89.062	64	6	1	1	64	21616151	21616089	2.42e-13	78.7
NC_003070.9:1160224-1161228	NC_003071.7	98.708	1006	12	1	1	1005	6411149	6412154	0.0	1784
NC_003070.9:1160224-1161228	NC_003071.7	95.817	1004	27	3	1	1004	2262405	2261417	0.0	1607
NC_003070.9:1160224-1161228	NC_003071.7	93.388	968	57	6	1	967	4353559	4352598	0.0	1426
NC_003070.9:1160224-1161228	NC_003071.7	92.247	1006	62	11	1	1003	4796347	4797339	0.0	1411
NC_003070.9:1160224-1161228	NC_003071.7	92.632	95	6	1	1	95	5037751	5037844	1.42e-30	135
NC_003070.9:1160224-1161228	NC_003071.7	91.667	96	6	2	1	95	8046269	8046175	1.83e-29	132
NC_003070.9:1160224-1161228	NC_003071.7	91.579	95	7	1	1	95	9433091	9433184	6.59e-29	130
NC_003070.9:1160224-1161228	NC_003071.7	90.722	97	8	1	1	96	1552862	1552766	2.37e-28	128
NC_003070.9:1160224-1161228	NC_003071.7	90.526	95	8	1	1	95	9860514	9860421	3.06e-27	124
NC_003070.9:1160224-1161228	NC_003071.7	89.691	97	8	2	1	95	7439723	7439627	1.10e-26	122
NC_003070.9:1160224-1161228	NC_003071.7	89.583	96	6	4	1	95	7340381	7340473	1.43e-25	119
NC_003070.9:1160224-1161228	NC_003071.7	94.595	74	4	0	1	74	1303113	1303040	1.84e-24	115
NC_003070.9:1160224-1161228	NC_003071.7	88.542	96	8	3	1	95	6207151	6207058	6.63e-24	113
NC_003070.9:1160224-1161228	NC_003071.7	88.889	90	9	1	7	95	7178425	7178514	8.58e-23	110
NC_003070.9:1160224-1161228	NC_003071.7	87.368	95	12	0	1	95	9229179	9229085	8.58e-23	110
NC_003070.9:1160224-1161228	NC_003071.7	88.636	88	10	0	1	88	1955470	1955557	3.09e-22	108
NC_003070.9:1160224-1161228	NC_003071.7	87.778	90	10	1	7	95	17993082	17992993	3.99e-21	104
NC_003070.9:1160224-1161228	NC_003071.7	90.667	75	7	0	1	75	5010652	5010578	5.17e-20	100
NC_003070.9:1160224-1161228	NC_003071.7	82.558	86	11	4	1	84	1618253	1618170	1.13e-11	73.1
NC_003070.9:1160224-1161228	NC_003076.8	91.625	1003	76	6	1	1001	14393511	14394507	0.0	1380
NC_003070.9:1160224-1161228	NC_003076.8	91.625	1003	76	6	1	1001	14452810	14453806	0.0	1380
NC_003070.9:1160224-1161228	NC_003076.8	88.977	1007	99	8	1	1004	10873661	10874658	0.0	1234
NC_003070.9:1160224-1161228	NC_003076.8	88.726	683	63	12	1	677	14265609	14264935	0.0	822
NC_003070.9:1160224-1161228	NC_003076.8	87.901	405	31	13	1	402	19413062	19413451	2.06e-128	460
NC_003070.9:1160224-1161228	NC_003076.8	91.667	96	5	3	1	95	9979173	9979080	6.59e-29	130
NC_003070.9:1160224-1161228	NC_003076.8	94.186	86	1	3	1	85	9763120	9763038	2.37e-28	128
NC_003070.9:1160224-1161228	NC_003076.8	87.500	112	10	4	1	111	9558216	9558108	8.52e-28	126
NC_003070.9:1160224-1161228	NC_003076.8	90.526	95	8	1	1	95	7417331	7417424	3.06e-27	124
NC_003070.9:1160224-1161228	NC_003076.8	92.135	89	5	2	1	88	19479577	19479664	3.06e-27	124
NC_003070.9:1160224-1161228	NC_003076.8	89.583	96	8	2	1	95	14880216	14880310	3.96e-26	121
NC_003070.9:1160224-1161228	NC_003076.8	89.691	97	7	3	1	95	15659431	15659336	3.96e-26	121
NC_003070.9:1160224-1161228	NC_003076.8	89.474	95	9	1	1	95	13892686	13892593	1.43e-25	119
NC_003070.9:1160224-1161228	NC_003076.8	85.586	111	14	2	1	111	16870923	16871031	1.84e-24	115
NC_003070.9:1160224-1161228	NC_003076.8	87.368	95	12	0	1	95	7701181	7701087	8.58e-23	110
NC_003070.9:1160224-1161228	NC_003076.8	87.500	96	10	2	1	95	20674822	20674728	8.58e-23	110
NC_003070.9:1160224-1161228	NC_003076.8	88.172	93	10	1	4	95	22463661	22463753	8.58e-23	110
NC_003070.9:1160224-1161228	NC_003076.8	87.368	95	11	1	1	95	6702418	6702325	3.09e-22	108
NC_003070.9:1160224-1161228	NC_003076.8	87.368	95	11	1	1	95	14810271	14810364	3.09e-22	108
NC_003070.9:1160224-1161228	NC_003076.8	90.244	82	6	2	1	82	14216354	14216275	1.11e-21	106
NC_003070.9:1160224-1161228	NC_003076.8	86.598	97	11	2	1	95	21016569	21016473	1.11e-21	106
NC_003070.9:1160224-1161228	NC_003076.8	86.316	95	12	1	1	95	24448812	24448905	1.44e-20	102
NC_003070.9:1160224-1161228	NC_003076.8	90.667	75	7	0	1	75	15779044	15779118	5.17e-20	100
NC_003070.9:1160224-1161228	NC_003076.8	85.263	95	13	1	1	95	13231669	13231762	6.68e-19	97.1
NC_003070.9:1160224-1161228	NC_003076.8	89.091	55	5	1	1	55	13733030	13733083	5.24e-10	67.6
NC_003070.9:1160224-1161228	NC_003076.8	80.000	90	12	2	1	89	9770643	9770559	2.44e-08	62.1
NC_003070.9:1160224-1161228	NC_003075.7	89.782	1008	89	10	1	1003	13537670	13536672	0.0	1279
NC_003070.9:1160224-1161228	NC_003075.7	89.264	1006	91	14	4	1003	9190196	9189202	0.0	1243
NC_003070.9:1160224-1161228	NC_003075.7	88.032	986	92	18	1	980	6537345	6538310	0.0	1144
NC_003070.9:1160224-1161228	NC_003075.7	90.991	333	23	6	1	329	2040107	2040436	7.45e-123	442
NC_003070.9:1160224-1161228	NC_003075.7	91.667	96	6	2	1	95	7154779	7154873	1.83e-29	132
NC_003070.9:1160224-1161228	NC_003075.7	91.667	96	6	2	1	95	9146443	9146537	1.83e-29	132
NC_003070.9:1160224-1161228	NC_003075.7	89.474	95	9	1	1	95	12365606	12365513	1.43e-25	119
NC_003070.9:1160224-1161228	NC_003075.7	89.474	95	9	1	1	95	12607047	12606954	1.43e-25	119
NC_003070.9:1160224-1161228	NC_003075.7	89.362	94	9	1	2	95	14458283	14458191	5.13e-25	117
NC_003070.9:1160224-1161228	NC_003075.7	94.667	75	3	1	1	75	6638805	6638878	1.84e-24	115
NC_003070.9:1160224-1161228	NC_003075.7	89.888	89	8	1	1	88	7905771	7905859	6.63e-24	113
NC_003070.9:1160224-1161228	NC_003075.7	93.243	74	5	0	1	74	3897172	3897245	8.58e-23	110
NC_003070.9:1160224-1161228	NC_003075.7	86.869	99	11	2	1	98	6427216	6427119	8.58e-23	110
NC_003070.9:1160224-1161228	NC_003075.7	87.500	96	10	2	1	95	12968438	12968344	8.58e-23	110
NC_003070.9:1160224-1161228	NC_003075.7	94.118	68	4	0	7	74	2987152	2987219	3.99e-21	104
NC_003070.9:1160224-1161228	NC_003075.7	90.625	64	6	0	1	64	5431587	5431524	1.45e-15	86.1
NC_003070.9:1160224-1161228	NC_003074.8	87.992	1016	96	19	1	1003	18948362	18949364	0.0	1177
NC_003070.9:1160224-1161228	NC_003074.8	87.305	961	94	18	1	956	11152927	11151990	0.0	1074
NC_003070.9:1160224-1161228	NC_003074.8	90.526	95	8	1	1	95	10405396	10405489	3.06e-27	124
NC_003070.9:1160224-1161228	NC_003074.8	92.135	89	6	1	1	88	15918691	15918603	3.06e-27	124
NC_003070.9:1160224-1161228	NC_003074.8	96.000	75	3	0	1	75	7318502	7318576	1.10e-26	122
NC_003070.9:1160224-1161228	NC_003074.8	89.583	96	7	3	1	95	4579237	4579330	1.43e-25	119
NC_003070.9:1160224-1161228	NC_003074.8	89.583	96	7	3	1	95	7274660	7274753	1.43e-25	119
NC_003070.9:1160224-1161228	NC_003074.8	89.474	95	9	1	1	95	10758580	10758487	1.43e-25	119
NC_003070.9:1160224-1161228	NC_003074.8	89.362	94	7	3	3	95	6729497	6729406	1.84e-24	115
NC_003070.9:1160224-1161228	NC_003074.8	88.660	97	7	4	1	95	7659521	7659427	1.84e-24	115
NC_003070.9:1160224-1161228	NC_003074.8	85.586	111	13	3	1	111	7766062	7766169	6.63e-24	113
NC_003070.9:1160224-1161228	NC_003074.8	88.421	95	10	1	1	95	10718345	10718252	6.63e-24	113
NC_003070.9:1160224-1161228	NC_003074.8	88.421	95	10	1	1	95	14057124	14057217	6.63e-24	113
NC_003070.9:1160224-1161228	NC_003074.8	88.421	95	10	1	1	95	19739757	19739850	6.63e-24	113
NC_003070.9:1160224-1161228	NC_003074.8	89.888	89	5	4	1	87	9186736	9186650	2.39e-23	111
NC_003070.9:1160224-1161228	NC_003074.8	93.421	76	4	1	1	75	15812961	15813036	2.39e-23	111
NC_003070.9:1160224-1161228	NC_003074.8	89.655	87	5	4	1	86	10082828	10082745	3.09e-22	108
NC_003070.9:1160224-1161228	NC_003074.8	95.385	65	3	0	2	66	16235708	16235644	3.99e-21	104
NC_003070.9:1160224-1161228	NC_003074.8	89.024	82	8	1	1	81	11287475	11287394	5.17e-20	100
NC_003070.9:1160224-1161228	NC_003074.8	92.188	64	5	0	1	64	12354668	12354605	3.11e-17	91.6
NC_003070.9:1160224-1161228	NC_003074.8	92.188	64	4	1	1	64	4467613	4467675	1.12e-16	89.8
NC_003070.9:1160224-1161228	NC_003074.8	84.615	91	10	3	1	89	16042283	16042195	4.02e-16	87.9
NC_003070.9:1160224-1161228	NC_003074.8	97.959	49	1	0	1	49	11315007	11315055	1.45e-15	86.1
NC_003070.9:1160224-1161228	NC_003074.8	90.323	62	6	0	1	62	16224234	16224295	1.87e-14	82.4
NC_003070.9:1160224-1161228	NC_003074.8	84.524	84	12	1	1	83	16553356	16553439	1.87e-14	82.4
NC_003070.9:1160224-1161228	NC_003074.8	82.222	90	14	2	1	89	16062887	16062799	8.70e-13	76.8
NC_003070.9:1160224-1161228	NC_003074.8	90.566	53	5	0	13	65	18634492	18634440	4.05e-11	71.3
NC_003070.9:1160224-1161228	NC_003074.8	89.286	56	4	2	42	95	21694228	21694283	1.46e-10	69.4
NC_003070.9:1128569-1129235	NC_003070.9	100.000	667	0	0	1	667	1129235	1128569	0.0	1232
NC_003070.9:1128569-1129235	NC_003076.8	76.934	685	105	36	1	667	17550549	17551198	1.83e-92	340
NC_003070.9:2587812-2588462	NC_003070.9	100.000	651	0	0	1	651	2588462	2587812	0.0	1203
NC_003070.9:2587812-2588462	NC_003070.9	94.003	617	29	7	31	643	19742141	19741529	0.0	928
NC_003070.9:2587812-2588462	NC_003070.9	94.380	605	31	3	29	631	25357819	25358422	0.0	926
NC_003070.9:2587812-2588462	NC_003070.9	93.934	610	31	6	33	639	8189960	8190566	0.0	917
NC_003070.9:2587812-2588462	NC_003070.9	92.810	612	39	5	23	631	29078404	29079013	0.0	881
NC_003070.9:2587812-2588462	NC_003070.9	88.567	621	59	11	30	643	12993599	12992984	0.0	743
NC_003070.9:2587812-2588462	NC_003070.9	88.511	618	64	7	35	648	14013409	14012795	0.0	741
NC_003070.9:2587812-2588462	NC_003070.9	88.160	625	59	14	12	629	17632399	17633015	0.0	730
NC_003070.9:2587812-2588462	NC_003070.9	88.226	603	60	11	34	631	5531296	5531892	0.0	710
NC_003070.9:2587812-2588462	NC_003070.9	87.869	610	56	10	25	631	17605541	17606135	0.0	701
NC_003070.9:2587812-2588462	NC_003070.9	86.880	625	65	16	34	648	13879653	13879036	0.0	684
NC_003070.9:2587812-2588462	NC_003070.9	87.028	609	59	9	34	638	12183991	12183399	0.0	669
NC_003070.9:2587812-2588462	NC_003070.9	87.648	591	53	10	56	640	19717928	19718504	0.0	669
NC_003070.9:2587812-2588462	NC_003070.9	86.921	604	68	9	34	631	11174210	11174808	0.0	667
NC_003070.9:2587812-2588462	NC_003070.9	87.209	602	57	9	34	631	20509422	20508837	0.0	667
NC_003070.9:2587812-2588462	NC_003070.9	86.047	602	64	9	33	631	21335943	21336527	3.40e-179	628
NC_003070.9:2587812-2588462	NC_003070.9	87.234	564	45	13	86	640	12457718	12458263	7.36e-176	617
NC_003070.9:2587812-2588462	NC_003070.9	86.111	576	61	7	37	608	18805110	18804550	2.06e-171	603
NC_003070.9:2587812-2588462	NC_003070.9	87.677	495	51	9	156	646	3498228	3497740	7.52e-161	568
NC_003070.9:2587812-2588462	NC_003070.9	90.104	384	33	5	256	637	9918827	9918447	1.29e-138	494
NC_003070.9:2587812-2588462	NC_003070.9	87.470	415	39	8	220	631	16859036	16858632	2.82e-130	466
NC_003070.9:2587812-2588462	NC_003070.9	91.124	338	27	3	34	368	24027183	24027520	6.11e-127	455
NC_003070.9:2587812-2588462	NC_003070.9	86.473	414	42	9	220	629	26307100	26307503	4.76e-123	442
NC_003070.9:2587812-2588462	NC_003070.9	88.830	188	19	2	460	646	13811073	13810887	4.03e-59	230
NC_003070.9:2587812-2588462	NC_003070.9	89.595	173	15	3	460	631	8539593	8539763	3.14e-55	217
NC_003070.9:2587812-2588462	NC_003070.9	89.595	173	15	3	460	631	21615467	21615297	3.14e-55	217
NC_003070.9:2587812-2588462	NC_003070.9	87.701	187	18	5	459	645	19769405	19769586	4.06e-54	213
NC_003070.9:2587812-2588462	NC_003070.9	88.439	173	18	2	460	631	10579970	10580141	1.89e-52	207
NC_003070.9:2587812-2588462	NC_003070.9	88.571	175	15	5	459	632	23125300	23125130	1.89e-52	207
NC_003070.9:2587812-2588462	NC_003070.9	88.439	173	16	4	460	631	13313686	13313517	6.79e-52	206
NC_003070.9:2587812-2588462	NC_003070.9	88.304	171	18	2	461	631	26510838	26510670	2.44e-51	204
NC_003070.9:2587812-2588462	NC_003070.9	87.429	175	19	3	456	629	8622930	8622758	1.14e-49	198
NC_003070.9:2587812-2588462	NC_003070.9	87.861	173	16	5	460	631	12240742	12240910	1.14e-49	198
NC_003070.9:2587812-2588462	NC_003070.9	87.861	173	16	5	460	631	24645896	24646064	1.14e-49	198
NC_003070.9:2587812-2588462	NC_003070.9	86.705	173	19	4	460	631	21128701	21128870	6.84e-47	189
NC_003070.9:2587812-2588462	NC_003070.9	84.817	191	24	5	459	648	12619353	12619539	2.46e-46	187
NC_003070.9:2587812-2588462	NC_003070.9	86.286	175	19	4	460	631	696646	696474	8.85e-46	185
NC_003070.9:2587812-2588462	NC_003070.9	88.050	159	16	3	482	639	27241127	27241283	8.85e-46	185
NC_003070.9:2587812-2588462	NC_003070.9	88.667	150	13	4	486	634	5899349	5899203	4.12e-44	180
NC_003070.9:2587812-2588462	NC_003070.9	85.549	173	23	2	460	631	11669528	11669357	4.12e-44	180
NC_003070.9:2587812-2588462	NC_003070.9	89.041	146	9	7	486	631	22192414	22192552	1.92e-42	174
NC_003070.9:2587812-2588462	NC_003070.9	83.069	189	27	5	460	646	20559771	20559586	3.21e-40	167
NC_003070.9:2587812-2588462	NC_003070.9	86.538	156	13	6	486	640	29244547	29244695	1.15e-39	165
NC_003070.9:2587812-2588462	NC_003070.9	85.333	150	20	2	477	626	3251327	3251474	2.50e-36	154
NC_003070.9:2587812-2588462	NC_003070.9	92.308	91	4	3	31	118	17333209	17333119	5.44e-28	126
NC_003070.9:2587812-2588462	NC_003070.9	91.954	87	5	2	34	118	18766618	18766532	2.53e-26	121
NC_003070.9:2587812-2588462	NC_003070.9	90.000	90	7	2	329	417	14013247	14013159	1.18e-24	115
NC_003070.9:2587812-2588462	NC_003070.9	87.640	89	9	2	329	416	29078577	29078664	9.17e-21	102
NC_003070.9:2587812-2588462	NC_003070.9	87.500	88	8	2	554	639	29774337	29774251	1.19e-19	99.0
NC_003070.9:2587812-2588462	NC_003070.9	86.517	89	10	2	329	416	17605714	17605801	4.27e-19	97.1
NC_003070.9:2587812-2588462	NC_003070.9	86.517	89	10	2	329	416	24027347	24027434	4.27e-19	97.1
NC_003070.9:2587812-2588462	NC_003075.7	94.569	626	27	6	19	640	7154764	7155386	0.0	961
NC_003070.9:2587812-2588462	NC_003075.7	93.710	620	30	9	31	644	6427219	6426603	0.0	920
NC_003070.9:2587812-2588462	NC_003075.7	93.791	612	31	7	23	631	7905761	7906368	0.0	913
NC_003070.9:2587812-2588462	NC_003075.7	87.439	613	70	6	34	644	6895543	6894936	0.0	699
NC_003070.9:2587812-2588462	NC_003075.7	87.294	606	57	9	30	631	6414643	6414054	0.0	675
NC_003070.9:2587812-2588462	NC_003075.7	87.129	606	55	12	29	631	9146438	9147023	0.0	665
NC_003070.9:2587812-2588462	NC_003075.7	87.333	600	51	9	34	631	8725655	8725079	0.0	664
NC_003070.9:2587812-2588462	NC_003075.7	87.043	602	59	9	34	631	3897172	3897758	0.0	662
NC_003070.9:2587812-2588462	NC_003075.7	85.760	625	66	14	29	648	13124459	13123853	0.0	640
NC_003070.9:2587812-2588462	NC_003075.7	86.759	506	47	9	34	532	9188717	9189209	3.52e-154	545
NC_003070.9:2587812-2588462	NC_003075.7	83.415	615	58	18	19	629	7652553	7653127	9.87e-150	531
NC_003070.9:2587812-2588462	NC_003075.7	87.952	415	37	8	220	631	964267	963863	1.30e-133	477
NC_003070.9:2587812-2588462	NC_003075.7	86.772	378	38	7	220	594	12968298	12967930	1.34e-113	411
NC_003070.9:2587812-2588462	NC_003075.7	89.655	174	13	5	459	631	1521650	1521819	3.14e-55	217
NC_003070.9:2587812-2588462	NC_003075.7	89.017	173	17	2	459	631	12365234	12365064	4.06e-54	213
NC_003070.9:2587812-2588462	NC_003075.7	89.080	174	14	5	459	631	6115734	6115903	1.46e-53	211
NC_003070.9:2587812-2588462	NC_003075.7	86.857	175	19	4	460	631	8899792	8899965	5.29e-48	193
NC_003070.9:2587812-2588462	NC_003075.7	86.188	181	20	5	459	639	9111749	9111574	1.90e-47	191
NC_003070.9:2587812-2588462	NC_003075.7	91.176	136	9	3	460	594	823659	823526	1.14e-44	182
NC_003070.9:2587812-2588462	NC_003075.7	88.148	135	15	1	460	593	8819977	8819843	5.36e-38	159
NC_003070.9:2587812-2588462	NC_003075.7	85.256	156	14	7	486	640	7034389	7034242	8.98e-36	152
NC_003070.9:2587812-2588462	NC_003075.7	93.750	80	4	1	34	113	2987147	2987225	9.10e-26	119
NC_003070.9:2587812-2588462	NC_003075.7	89.474	95	8	2	33	126	13537671	13537578	9.10e-26	119
NC_003070.9:2587812-2588462	NC_003075.7	89.888	89	7	2	329	416	9146605	9146692	4.24e-24	113
NC_003070.9:2587812-2588462	NC_003075.7	87.640	89	9	2	329	416	9188883	9188970	9.17e-21	102
NC_003070.9:2587812-2588462	NC_003075.7	88.462	78	7	2	554	631	12699287	12699362	5.52e-18	93.5
NC_003070.9:2587812-2588462	NC_003075.7	87.179	78	9	1	554	631	7383491	7383415	2.57e-16	87.9
NC_003070.9:2587812-2588462	NC_003075.7	79.464	112	17	6	525	631	1957593	1957703	2.00e-12	75.0
NC_003070.9:2587812-2588462	NC_003076.8	94.409	626	24	10	12	629	14880189	14880811	0.0	952
NC_003070.9:2587812-2588462	NC_003076.8	94.718	568	25	5	33	598	19479576	19480140	0.0	878
NC_003070.9:2587812-2588462	NC_003076.8	89.650	628	54	9	16	635	349791	350415	0.0	789
NC_003070.9:2587812-2588462	NC_003076.8	89.901	604	55	5	34	634	15659431	15658831	0.0	773
NC_003070.9:2587812-2588462	NC_003076.8	87.987	616	67	7	33	646	9545737	9546347	0.0	721
NC_003070.9:2587812-2588462	NC_003076.8	87.705	610	66	8	26	631	14873449	14874053	0.0	702
NC_003070.9:2587812-2588462	NC_003076.8	86.470	643	61	15	3	639	9979202	9978580	0.0	682
NC_003070.9:2587812-2588462	NC_003076.8	87.055	618	59	10	29	640	20674827	20674225	0.0	678
NC_003070.9:2587812-2588462	NC_003076.8	86.028	637	56	12	15	631	25178757	25179380	0.0	652
NC_003070.9:2587812-2588462	NC_003076.8	84.897	629	67	10	25	651	23662589	23661987	1.23e-173	610
NC_003070.9:2587812-2588462	NC_003076.8	83.961	611	52	21	30	634	10042379	10041809	1.27e-153	544
NC_003070.9:2587812-2588462	NC_003076.8	86.506	415	42	9	220	631	22463799	22464202	1.32e-123	444
NC_003070.9:2587812-2588462	NC_003076.8	89.560	182	15	4	460	640	24449206	24449384	1.45e-58	228
NC_003070.9:2587812-2588462	NC_003076.8	89.385	179	17	2	461	638	22621348	22621171	1.88e-57	224
NC_003070.9:2587812-2588462	NC_003076.8	88.710	186	10	9	460	640	20278784	20278605	3.14e-55	217
NC_003070.9:2587812-2588462	NC_003076.8	89.535	172	14	4	461	631	19101940	19102108	1.13e-54	215
NC_003070.9:2587812-2588462	NC_003076.8	87.368	190	18	6	460	649	26787274	26787091	4.06e-54	213
NC_003070.9:2587812-2588462	NC_003076.8	87.978	183	17	5	460	640	17726816	17726995	1.46e-53	211
NC_003070.9:2587812-2588462	NC_003076.8	89.571	163	14	3	470	631	15031074	15030914	2.44e-51	204
NC_003070.9:2587812-2588462	NC_003076.8	87.429	175	18	3	460	631	9068342	9068169	1.14e-49	198
NC_003070.9:2587812-2588462	NC_003076.8	87.861	173	16	5	460	631	13231905	13232073	1.14e-49	198
NC_003070.9:2587812-2588462	NC_003076.8	87.283	173	22	0	459	631	15162950	15163122	1.14e-49	198
NC_003070.9:2587812-2588462	NC_003076.8	87.283	173	19	3	460	631	14080132	14080302	1.47e-48	195
NC_003070.9:2587812-2588462	NC_003076.8	87.283	173	17	5	460	631	5625452	5625620	5.29e-48	193
NC_003070.9:2587812-2588462	NC_003076.8	86.207	174	14	8	459	631	8749306	8749470	4.12e-44	180
NC_003070.9:2587812-2588462	NC_003076.8	83.854	192	25	6	460	648	7488263	7488075	1.48e-43	178
NC_003070.9:2587812-2588462	NC_003076.8	89.437	142	12	3	497	637	24586923	24587062	5.33e-43	176
NC_003070.9:2587812-2588462	NC_003076.8	87.582	153	13	6	460	611	5648050	5647903	6.89e-42	172
NC_003070.9:2587812-2588462	NC_003076.8	86.301	146	13	5	486	631	7700776	7700638	8.98e-36	152
NC_003070.9:2587812-2588462	NC_003076.8	85.235	149	21	1	460	608	15535298	15535151	8.98e-36	152
NC_003070.9:2587812-2588462	NC_003076.8	85.417	144	11	7	490	630	19408515	19408379	1.94e-32	141
NC_003070.9:2587812-2588462	NC_003076.8	82.051	156	18	3	486	640	14103803	14103657	1.96e-27	124
NC_003070.9:2587812-2588462	NC_003076.8	87.640	89	9	2	329	416	349976	350063	9.17e-21	102
NC_003070.9:2587812-2588462	NC_003076.8	89.610	77	7	1	458	534	9867560	9867635	4.27e-19	97.1
NC_003070.9:2587812-2588462	NC_003076.8	86.517	89	10	2	329	416	15659268	15659181	4.27e-19	97.1
NC_003070.9:2587812-2588462	NC_003076.8	85.714	91	10	3	554	644	26893324	26893411	5.52e-18	93.5
NC_003070.9:2587812-2588462	NC_003076.8	84.810	79	9	2	554	631	24314419	24314495	5.56e-13	76.8
NC_003070.9:2587812-2588462	NC_003074.8	94.399	607	28	6	29	631	15918697	15918093	0.0	928
NC_003070.9:2587812-2588462	NC_003074.8	88.817	617	60	8	23	635	8644732	8645343	0.0	749
NC_003070.9:2587812-2588462	NC_003074.8	88.562	612	52	12	34	642	19520641	19521237	0.0	726
NC_003070.9:2587812-2588462	NC_003074.8	87.934	605	53	12	32	631	7937573	7936984	0.0	695
NC_003070.9:2587812-2588462	NC_003074.8	87.500	616	56	14	30	640	7659525	7658926	0.0	691
NC_003070.9:2587812-2588462	NC_003074.8	84.469	631	76	12	19	643	18147123	18146509	2.06e-171	603
NC_003070.9:2587812-2588462	NC_003074.8	82.953	657	60	27	1	651	10681983	10681373	3.52e-154	545
NC_003070.9:2587812-2588462	NC_003074.8	86.538	416	41	10	220	631	18172678	18172274	1.32e-123	444
NC_003070.9:2587812-2588462	NC_003074.8	90.217	184	13	5	459	640	15814321	15814501	8.66e-61	235
NC_003070.9:2587812-2588462	NC_003074.8	89.655	174	15	3	459	631	20769770	20769599	8.73e-56	219
NC_003070.9:2587812-2588462	NC_003074.8	89.595	173	16	2	460	631	21552272	21552101	8.73e-56	219
NC_003070.9:2587812-2588462	NC_003074.8	88.462	182	16	5	460	640	23085922	23086099	1.13e-54	215
NC_003070.9:2587812-2588462	NC_003074.8	87.912	182	18	4	460	640	6729094	6728916	1.46e-53	211
NC_003070.9:2587812-2588462	NC_003074.8	89.080	174	13	6	460	631	11090609	11090440	1.46e-53	211
NC_003070.9:2587812-2588462	NC_003074.8	87.368	190	16	8	459	646	16485478	16485295	1.46e-53	211
NC_003070.9:2587812-2588462	NC_003074.8	88.372	172	18	2	460	631	16723289	16723120	6.79e-52	206
NC_003070.9:2587812-2588462	NC_003074.8	87.363	182	18	5	460	639	5866261	5866439	2.44e-51	204
NC_003070.9:2587812-2588462	NC_003074.8	87.861	173	17	4	460	631	17402170	17402001	3.16e-50	200
NC_003070.9:2587812-2588462	NC_003074.8	86.740	181	21	3	460	639	11588808	11588630	1.14e-49	198
NC_003070.9:2587812-2588462	NC_003074.8	86.170	188	20	6	460	645	19740172	19740355	1.14e-49	198
NC_003070.9:2587812-2588462	NC_003074.8	86.740	181	17	7	460	639	18634111	18633937	1.47e-48	195
NC_003070.9:2587812-2588462	NC_003074.8	85.638	188	19	6	459	640	16234834	16234649	1.90e-47	191
NC_003070.9:2587812-2588462	NC_003074.8	86.705	173	20	3	459	631	7980252	7980083	6.84e-47	189
NC_003070.9:2587812-2588462	NC_003074.8	86.705	173	19	4	460	631	14057518	14057687	6.84e-47	189
NC_003070.9:2587812-2588462	NC_003074.8	85.556	180	24	2	460	638	16678332	16678510	2.46e-46	187
NC_003070.9:2587812-2588462	NC_003074.8	85.549	173	21	4	460	631	19437265	19437434	1.48e-43	178
NC_003070.9:2587812-2588462	NC_003074.8	88.356	146	15	2	477	622	8329351	8329494	1.92e-42	174
NC_003070.9:2587812-2588462	NC_003074.8	87.097	155	18	2	459	613	18171113	18170961	1.92e-42	174
NC_003070.9:2587812-2588462	NC_003074.8	86.897	145	17	2	486	630	17209715	17209573	1.49e-38	161
NC_003070.9:2587812-2588462	NC_003074.8	85.526	152	17	5	460	608	16534579	16534430	2.50e-36	154
NC_003070.9:2587812-2588462	NC_003074.8	91.954	87	6	1	32	117	4551547	4551633	2.53e-26	121
NC_003070.9:2587812-2588462	NC_003074.8	86.022	93	10	3	554	646	8596179	8596090	4.27e-19	97.1
NC_003070.9:2587812-2588462	NC_003074.8	86.517	89	10	2	329	416	19520805	19520892	4.27e-19	97.1
NC_003070.9:2587812-2588462	NC_003071.7	93.740	607	30	8	38	640	7178423	7179025	0.0	904
NC_003070.9:2587812-2588462	NC_003071.7	89.919	615	52	10	26	635	2299060	2299669	0.0	784
NC_003070.9:2587812-2588462	NC_003071.7	89.701	602	52	9	34	631	4758696	4758101	0.0	760
NC_003070.9:2587812-2588462	NC_003071.7	90.698	559	47	5	33	587	10239496	10238939	0.0	739
NC_003070.9:2587812-2588462	NC_003071.7	87.209	602	59	12	34	631	11597292	11597879	0.0	669
NC_003070.9:2587812-2588462	NC_003071.7	86.557	610	52	11	34	639	8046269	8045686	0.0	645
NC_003070.9:2587812-2588462	NC_003071.7	86.967	422	41	9	220	638	8907592	8908002	3.65e-129	462
NC_003070.9:2587812-2588462	NC_003071.7	86.747	415	41	9	220	631	17992947	17992544	2.84e-125	449
NC_003070.9:2587812-2588462	NC_003071.7	86.298	416	42	10	220	631	9891650	9891246	6.15e-122	438
NC_003070.9:2587812-2588462	NC_003071.7	87.153	288	34	3	347	631	825987	826274	1.80e-87	324
NC_003070.9:2587812-2588462	NC_003071.7	89.247	186	18	2	458	642	1383726	1383542	1.12e-59	231
NC_003070.9:2587812-2588462	NC_003071.7	87.634	186	19	4	458	642	10996355	10996173	4.06e-54	213
NC_003070.9:2587812-2588462	NC_003071.7	88.636	176	15	4	459	631	2320761	2320934	5.25e-53	209
NC_003070.9:2587812-2588462	NC_003071.7	88.439	173	16	4	460	631	5038144	5038313	6.79e-52	206
NC_003070.9:2587812-2588462	NC_003071.7	88.000	175	17	4	462	635	7351379	7351550	2.44e-51	204
NC_003070.9:2587812-2588462	NC_003071.7	87.283	173	20	2	460	631	1322141	1321970	4.09e-49	196
NC_003070.9:2587812-2588462	NC_003071.7	87.356	174	17	5	459	631	13102191	13102360	1.47e-48	195
NC_003070.9:2587812-2588462	NC_003071.7	84.974	193	24	5	460	651	3197788	3197600	1.90e-47	191
NC_003070.9:2587812-2588462	NC_003071.7	85.638	188	20	7	459	644	5010257	5010075	1.90e-47	191
NC_003070.9:2587812-2588462	NC_003071.7	86.034	179	20	5	459	637	13886312	13886485	2.46e-46	187
NC_003070.9:2587812-2588462	NC_003071.7	84.571	175	21	6	459	631	4306120	4306290	8.91e-41	169
NC_003070.9:2587812-2588462	NC_003071.7	86.301	146	13	5	486	631	9228775	9228637	8.98e-36	152
NC_003070.9:2587812-2588462	NC_003071.7	87.302	126	13	3	484	608	9456042	9456165	1.94e-32	141
NC_003070.9:2587812-2588462	NC_003071.7	89.691	97	8	2	33	128	6411148	6411243	7.04e-27	122
NC_003070.9:2587812-2588462	NC_003071.7	87.640	89	9	2	329	416	8046105	8046018	9.17e-21	102
NC_003070.9:2587812-2588462	NC_003071.7	89.744	78	7	1	554	631	1347288	1347212	1.19e-19	99.0
NC_003070.9:2587812-2588462	NC_003071.7	86.667	90	10	2	329	417	10239331	10239243	1.19e-19	99.0
NC_003070.9:2587812-2588462	NC_003071.7	87.209	86	7	4	554	639	8173625	8173706	1.53e-18	95.3
NC_003070.9:2587812-2588462	NC_003071.7	88.462	78	8	1	554	631	6901846	6901922	5.52e-18	93.5
NC_003070.9:2587812-2588462	NC_003071.7	84.337	83	9	3	554	635	9030599	9030678	1.55e-13	78.7
NC_003070.9:2587812-2588462	NC_003071.7	79.464	112	17	5	525	631	7566659	7566549	2.00e-12	75.0
NC_003070.9:2587812-2588462	NC_003071.7	92.308	39	2	1	593	631	1367512	1367475	2.60e-06	54.7
NC_003070.9:2587213-2587832	NC_003070.9	100.000	620	0	0	1	620	2587832	2587213	0.0	1146
NC_003070.9:2587213-2587832	NC_003070.9	94.977	438	18	3	1	438	6219139	6218706	0.0	684
NC_003070.9:2587213-2587832	NC_003070.9	94.521	438	23	1	1	438	17502231	17502667	0.0	675
NC_003070.9:2587213-2587832	NC_003070.9	93.607	438	21	4	1	438	13869874	13870304	0.0	647
NC_003070.9:2587213-2587832	NC_003070.9	91.781	438	33	3	1	438	23125692	23125258	1.51e-172	606
NC_003070.9:2587213-2587832	NC_003070.9	90.138	436	40	3	3	438	2986889	2986457	9.25e-160	564
NC_003070.9:2587213-2587832	NC_003070.9	90.566	424	37	2	1	424	5899754	5899334	4.30e-158	558
NC_003070.9:2587213-2587832	NC_003070.9	89.977	439	32	6	1	438	26511225	26510798	1.55e-157	556
NC_003070.9:2587213-2587832	NC_003070.9	89.498	438	41	5	1	438	12097457	12097889	2.59e-155	549
NC_003070.9:2587213-2587832	NC_003070.9	89.977	429	37	5	1	424	27240720	27241147	2.59e-155	549
NC_003070.9:2587213-2587832	NC_003070.9	90.120	415	33	6	26	436	25779697	25780107	2.61e-150	532
NC_003070.9:2587213-2587832	NC_003070.9	89.252	428	40	4	1	424	540986	540561	9.38e-150	531
NC_003070.9:2587213-2587832	NC_003070.9	89.252	428	40	5	1	424	16401002	16400577	9.38e-150	531
NC_003070.9:2587213-2587832	NC_003070.9	89.070	430	38	8	1	424	26880722	26881148	4.36e-148	525
NC_003070.9:2587213-2587832	NC_003070.9	88.101	437	50	2	3	438	11732355	11732790	7.30e-146	518
NC_003070.9:2587213-2587832	NC_003070.9	88.532	436	35	8	1	436	4770664	4770244	9.44e-145	514
NC_003070.9:2587213-2587832	NC_003070.9	88.532	436	34	11	1	436	21918435	21918854	9.44e-145	514
NC_003070.9:2587213-2587832	NC_003070.9	87.844	436	49	4	1	436	5862950	5863381	4.39e-143	508
NC_003070.9:2587213-2587832	NC_003070.9	87.907	430	42	8	1	424	10591981	10591556	9.51e-140	497
NC_003070.9:2587213-2587832	NC_003070.9	87.273	440	48	6	1	438	588026	587593	3.42e-139	496
NC_003070.9:2587213-2587832	NC_003070.9	91.667	360	27	3	65	424	10930988	10931344	3.42e-139	496
NC_003070.9:2587213-2587832	NC_003070.9	86.697	436	56	2	1	436	13495988	13495555	2.66e-135	483
NC_003070.9:2587213-2587832	NC_003070.9	86.530	438	57	2	1	438	21739640	21739205	9.58e-135	481
NC_003070.9:2587213-2587832	NC_003070.9	87.089	426	50	5	1	424	22192008	22192430	1.24e-133	477
NC_003070.9:2587213-2587832	NC_003070.9	86.560	439	42	9	1	438	11804093	11803671	7.46e-131	468
NC_003070.9:2587213-2587832	NC_003070.9	86.530	438	44	5	1	438	19769025	19769447	7.46e-131	468
NC_003070.9:2587213-2587832	NC_003070.9	85.649	439	44	6	1	438	10021961	10021541	1.26e-123	444
NC_003070.9:2587213-2587832	NC_003070.9	84.282	439	52	4	1	438	28891929	28891507	3.54e-114	412
NC_003070.9:2587213-2587832	NC_003070.9	84.009	444	39	12	1	438	24645520	24645937	9.92e-110	398
NC_003070.9:2587213-2587832	NC_003070.9	84.010	394	34	7	3	375	24718477	24718862	7.84e-96	351
NC_003070.9:2587213-2587832	NC_003070.9	89.224	232	22	3	1	231	12240506	12240735	2.24e-76	287
NC_003070.9:2587213-2587832	NC_003070.9	94.220	173	9	1	448	620	13870273	13870444	3.78e-69	263
NC_003070.9:2587213-2587832	NC_003070.9	92.486	173	12	1	448	620	17502636	17502807	3.80e-64	246
NC_003070.9:2587213-2587832	NC_003070.9	92.053	151	11	1	448	598	6218737	6218588	1.39e-53	211
NC_003070.9:2587213-2587832	NC_003070.9	83.889	180	17	5	441	620	9384327	9384160	1.42e-38	161
NC_003070.9:2587213-2587832	NC_003070.9	84.483	174	13	7	448	620	13811063	13810903	5.10e-38	159
NC_003070.9:2587213-2587832	NC_003070.9	84.000	175	16	7	446	620	29078851	29079013	1.83e-37	158
NC_003070.9:2587213-2587832	NC_003070.9	83.333	180	18	5	441	620	8539596	8539763	6.59e-37	156
NC_003070.9:2587213-2587832	NC_003070.9	83.333	180	18	5	441	620	18300437	18300270	6.59e-37	156
NC_003070.9:2587213-2587832	NC_003070.9	83.333	174	16	8	448	620	10579980	10580141	1.10e-34	148
NC_003070.9:2587213-2587832	NC_003070.9	83.237	173	16	5	448	620	14012971	14012812	3.97e-34	147
NC_003070.9:2587213-2587832	NC_003070.9	83.237	173	16	7	448	620	24718879	24719038	3.97e-34	147
NC_003070.9:2587213-2587832	NC_003070.9	84.375	160	11	7	462	620	10591574	10591428	1.43e-33	145
NC_003070.9:2587213-2587832	NC_003070.9	91.429	105	7	2	321	424	2473131	2473028	5.13e-33	143
NC_003070.9:2587213-2587832	NC_003070.9	82.386	176	18	7	446	620	2587995	2587832	1.85e-32	141
NC_003070.9:2587213-2587832	NC_003070.9	82.659	173	17	6	448	620	12097858	12098017	1.85e-32	141
NC_003070.9:2587213-2587832	NC_003070.9	85.816	141	7	4	448	588	587624	587497	2.39e-31	137
NC_003070.9:2587213-2587832	NC_003070.9	82.635	167	17	6	454	620	25358268	25358422	2.39e-31	137
NC_003070.9:2587213-2587832	NC_003070.9	82.081	173	17	8	449	620	5863353	5863512	8.59e-31	135
NC_003070.9:2587213-2587832	NC_003070.9	82.635	167	15	13	455	620	21336374	21336527	8.59e-31	135
NC_003070.9:2587213-2587832	NC_003070.9	82.081	173	17	7	449	620	21739235	21739076	8.59e-31	135
NC_003070.9:2587213-2587832	NC_003070.9	82.081	173	18	4	448	620	26510829	26510670	8.59e-31	135
NC_003070.9:2587213-2587832	NC_003070.9	82.424	165	16	4	456	620	23125282	23125131	1.11e-29	132
NC_003070.9:2587213-2587832	NC_003070.9	83.117	154	14	4	465	618	8622899	8622758	4.00e-29	130
NC_003070.9:2587213-2587832	NC_003070.9	81.503	173	19	4	448	620	25780078	25780237	4.00e-29	130
NC_003070.9:2587213-2587832	NC_003070.9	83.673	147	11	6	455	601	3251327	3251460	5.17e-28	126
NC_003070.9:2587213-2587832	NC_003070.9	81.034	174	20	8	448	620	11669518	11669357	5.17e-28	126
NC_003070.9:2587213-2587832	NC_003070.9	80.925	173	19	6	448	620	12240752	12240910	1.86e-27	124
NC_003070.9:2587213-2587832	NC_003070.9	80.925	173	20	5	448	620	13313676	13313517	1.86e-27	124
NC_003070.9:2587213-2587832	NC_003070.9	81.761	159	16	5	462	620	5899351	5899206	2.41e-26	121
NC_003070.9:2587213-2587832	NC_003070.9	87.156	109	10	4	331	438	14013607	14013502	2.41e-26	121
NC_003070.9:2587213-2587832	NC_003070.9	86.239	109	13	2	331	438	20514335	20514442	3.11e-25	117
NC_003070.9:2587213-2587832	NC_003070.9	80.625	160	18	4	462	620	2473046	2472899	1.45e-23	111
NC_003070.9:2587213-2587832	NC_003070.9	81.132	159	12	8	462	620	29244545	29244685	1.45e-23	111
NC_003070.9:2587213-2587832	NC_003070.9	81.208	149	16	4	470	618	10931334	10931470	5.21e-23	110
NC_003070.9:2587213-2587832	NC_003070.9	82.707	133	11	5	447	579	17632858	17632978	1.87e-22	108
NC_003070.9:2587213-2587832	NC_003070.9	93.151	73	5	0	462	534	22192412	22192484	1.87e-22	108
NC_003070.9:2587213-2587832	NC_003070.9	90.000	80	7	1	449	528	4583400	4583478	8.71e-21	102
NC_003070.9:2587213-2587832	NC_003070.9	86.170	94	11	2	1	93	9367449	9367541	3.13e-20	100
NC_003070.9:2587213-2587832	NC_003070.9	88.636	44	4	1	481	524	13015358	13015400	8.90e-06	52.8
NC_003070.9:2587213-2587832	NC_003076.8	89.032	620	38	3	1	620	24117961	24118550	0.0	741
NC_003070.9:2587213-2587832	NC_003076.8	95.205	438	20	1	1	438	7417332	7417768	0.0	691
NC_003070.9:2587213-2587832	NC_003076.8	94.686	414	19	2	25	438	26015331	26015741	0.0	640
NC_003070.9:2587213-2587832	NC_003076.8	91.553	438	34	3	1	438	17726423	17726857	7.05e-171	601
NC_003070.9:2587213-2587832	NC_003076.8	90.639	438	34	7	3	438	24448815	24449247	4.27e-163	575
NC_003070.9:2587213-2587832	NC_003076.8	90.433	439	36	6	1	438	5625059	5625492	1.54e-162	573
NC_003070.9:2587213-2587832	NC_003076.8	90.588	425	35	5	1	424	14104207	14103787	4.30e-158	558
NC_003070.9:2587213-2587832	NC_003076.8	90.187	428	36	4	1	424	14810272	14810697	2.00e-156	553
NC_003070.9:2587213-2587832	NC_003076.8	89.277	429	40	5	1	424	13892685	13892258	2.61e-150	532
NC_003070.9:2587213-2587832	NC_003076.8	89.252	428	39	5	1	422	9558215	9557789	3.37e-149	529
NC_003070.9:2587213-2587832	NC_003076.8	89.095	431	39	6	1	425	16870924	16871352	3.37e-149	529
NC_003070.9:2587213-2587832	NC_003076.8	90.863	394	32	3	2	392	15882295	15882687	4.36e-148	525
NC_003070.9:2587213-2587832	NC_003076.8	87.615	436	51	3	3	438	3566353	3566785	2.04e-141	503
NC_003070.9:2587213-2587832	NC_003076.8	87.844	436	37	10	1	436	19101559	19101978	9.51e-140	497
NC_003070.9:2587213-2587832	NC_003076.8	87.615	436	39	9	1	436	22335575	22335155	4.43e-138	492
NC_003070.9:2587213-2587832	NC_003076.8	87.260	416	47	6	1	415	7701180	7700770	2.07e-131	470
NC_003070.9:2587213-2587832	NC_003076.8	86.530	438	42	4	1	438	26787653	26787233	2.68e-130	466
NC_003070.9:2587213-2587832	NC_003076.8	86.301	438	45	2	1	438	9854347	9854769	3.47e-129	462
NC_003070.9:2587213-2587832	NC_003076.8	86.700	406	51	3	1	405	4936962	4937365	9.72e-125	448
NC_003070.9:2587213-2587832	NC_003076.8	85.780	436	45	4	3	438	6420375	6419957	3.49e-124	446
NC_003070.9:2587213-2587832	NC_003076.8	88.298	376	33	4	1	375	7069990	7070355	1.63e-122	440
NC_003070.9:2587213-2587832	NC_003076.8	88.556	367	33	2	1	367	16712852	16713209	2.10e-121	436
NC_003070.9:2587213-2587832	NC_003076.8	85.160	438	46	9	1	438	8748926	8749344	9.78e-120	431
NC_003070.9:2587213-2587832	NC_003076.8	85.849	424	39	12	1	422	15580808	15581212	9.78e-120	431
NC_003070.9:2587213-2587832	NC_003076.8	87.733	375	38	2	1	375	17043359	17043725	9.78e-120	431
NC_003070.9:2587213-2587832	NC_003076.8	92.308	234	17	1	205	438	13678951	13678719	1.02e-89	331
NC_003070.9:2587213-2587832	NC_003076.8	89.224	232	21	4	1	231	13231670	13231898	2.24e-76	287
NC_003070.9:2587213-2587832	NC_003076.8	90.411	219	15	3	210	424	14395374	14395158	2.90e-75	283
NC_003070.9:2587213-2587832	NC_003076.8	90.411	219	15	3	210	424	14454673	14454457	2.90e-75	283
NC_003070.9:2587213-2587832	NC_003076.8	92.486	173	12	1	448	620	7417737	7417908	3.80e-64	246
NC_003070.9:2587213-2587832	NC_003076.8	87.143	210	19	2	79	288	17885892	17885691	1.07e-59	231
NC_003070.9:2587213-2587832	NC_003076.8	93.038	158	9	2	281	438	6702209	6702054	3.83e-59	230
NC_003070.9:2587213-2587832	NC_003076.8	90.909	143	12	1	448	590	26015710	26015851	1.81e-47	191
NC_003070.9:2587213-2587832	NC_003076.8	85.143	175	11	6	448	620	22621339	22621178	1.10e-39	165
NC_003070.9:2587213-2587832	NC_003076.8	92.982	114	6	2	294	406	24586805	24586917	1.10e-39	165
NC_003070.9:2587213-2587832	NC_003076.8	83.889	180	17	5	441	620	16030716	16030549	1.42e-38	161
NC_003070.9:2587213-2587832	NC_003076.8	83.889	180	17	5	441	620	23129508	23129341	1.42e-38	161
NC_003070.9:2587213-2587832	NC_003076.8	82.979	188	18	9	434	620	15031088	15030914	1.83e-37	158
NC_003070.9:2587213-2587832	NC_003076.8	83.721	172	16	6	449	620	14080143	14080302	8.53e-36	152
NC_003070.9:2587213-2587832	NC_003076.8	84.242	165	14	6	456	620	17726833	17726985	3.07e-35	150
NC_003070.9:2587213-2587832	NC_003076.8	83.333	174	15	5	447	620	26787265	26787106	1.10e-34	148
NC_003070.9:2587213-2587832	NC_003076.8	83.237	173	16	7	448	620	17043742	17043901	3.97e-34	147
NC_003070.9:2587213-2587832	NC_003076.8	83.051	177	13	6	448	620	9068332	9068169	1.43e-33	145
NC_003070.9:2587213-2587832	NC_003076.8	91.589	107	5	4	331	436	13734262	13734365	1.43e-33	145
NC_003070.9:2587213-2587832	NC_003076.8	82.659	173	16	5	448	620	6702085	6701927	1.85e-32	141
NC_003070.9:2587213-2587832	NC_003076.8	82.081	173	19	6	446	618	14880651	14880811	2.39e-31	137
NC_003070.9:2587213-2587832	NC_003076.8	89.908	109	7	4	331	438	20278847	20278742	2.39e-31	137
NC_003070.9:2587213-2587832	NC_003076.8	82.081	173	18	4	448	620	19101949	19102108	8.59e-31	135
NC_003070.9:2587213-2587832	NC_003076.8	82.081	173	18	4	448	620	24449216	24449375	8.59e-31	135
NC_003070.9:2587213-2587832	NC_003076.8	81.818	176	16	7	448	620	3566754	3566916	3.09e-30	134
NC_003070.9:2587213-2587832	NC_003076.8	81.609	174	19	6	448	620	15162961	15163122	1.11e-29	132
NC_003070.9:2587213-2587832	NC_003076.8	88.073	109	10	3	331	438	8602053	8601947	5.17e-28	126
NC_003070.9:2587213-2587832	NC_003076.8	80.925	173	19	6	448	620	13231915	13232073	1.86e-27	124
NC_003070.9:2587213-2587832	NC_003076.8	81.595	163	18	3	456	618	16713241	16713391	1.86e-27	124
NC_003070.9:2587213-2587832	NC_003076.8	81.034	174	14	10	447	620	8749316	8749470	2.41e-26	121
NC_003070.9:2587213-2587832	NC_003076.8	80.233	172	22	7	448	618	7488253	7488093	8.65e-26	119
NC_003070.9:2587213-2587832	NC_003076.8	82.759	145	13	6	446	590	19480011	19480143	8.65e-26	119
NC_003070.9:2587213-2587832	NC_003076.8	81.325	166	11	6	455	620	10041957	10041812	3.11e-25	117
NC_003070.9:2587213-2587832	NC_003076.8	88.660	97	7	4	331	424	16373651	16373746	1.12e-24	115
NC_003070.9:2587213-2587832	NC_003076.8	97.015	67	2	0	462	528	19408521	19408455	4.03e-24	113
NC_003070.9:2587213-2587832	NC_003076.8	80.503	159	19	3	462	620	5625474	5625620	1.45e-23	111
NC_003070.9:2587213-2587832	NC_003076.8	81.507	146	15	3	475	620	24586923	24587056	5.21e-23	110
NC_003070.9:2587213-2587832	NC_003076.8	81.818	143	11	5	481	620	4937362	4937492	6.74e-22	106
NC_003070.9:2587213-2587832	NC_003076.8	90.541	74	4	3	331	404	17955910	17955840	1.46e-18	95.3
NC_003070.9:2587213-2587832	NC_003076.8	94.828	58	3	0	455	512	9867578	9867635	1.89e-17	91.6
NC_003070.9:2587213-2587832	NC_003076.8	89.855	69	7	0	552	620	19913479	19913547	6.78e-17	89.8
NC_003070.9:2587213-2587832	NC_003076.8	93.878	49	3	0	331	379	17481786	17481834	1.90e-12	75.0
NC_003070.9:2587213-2587832	NC_003076.8	93.878	49	3	0	331	379	26892276	26892324	1.90e-12	75.0
NC_003070.9:2587213-2587832	NC_003071.7	94.737	437	20	3	3	438	19172665	19172231	0.0	676
NC_003070.9:2587213-2587832	NC_003071.7	91.324	438	34	4	1	438	5037752	5038185	3.28e-169	595
NC_003070.9:2587213-2587832	NC_003071.7	90.826	436	34	6	1	436	9226024	9225595	3.30e-164	579
NC_003070.9:2587213-2587832	NC_003071.7	92.839	391	21	4	1	391	9860513	9860130	1.20e-158	560
NC_003070.9:2587213-2587832	NC_003071.7	89.976	419	34	5	24	438	17147635	17147221	7.25e-151	534
NC_003070.9:2587213-2587832	NC_003071.7	89.277	429	40	5	1	424	6207150	6206723	2.61e-150	532
NC_003070.9:2587213-2587832	NC_003071.7	89.095	431	40	7	1	429	7340382	7340807	3.37e-149	529
NC_003070.9:2587213-2587832	NC_003071.7	88.101	437	48	4	1	436	2138821	2139254	2.63e-145	516
NC_003070.9:2587213-2587832	NC_003071.7	87.982	441	46	7	1	438	5010651	5010215	9.44e-145	514
NC_003070.9:2587213-2587832	NC_003071.7	88.194	432	45	3	7	438	1596926	1597351	1.22e-143	510
NC_003070.9:2587213-2587832	NC_003071.7	87.472	439	47	8	1	437	4025414	4025846	2.64e-140	499
NC_003070.9:2587213-2587832	NC_003071.7	87.215	438	41	2	1	438	12556655	12557077	7.41e-136	484
NC_003070.9:2587213-2587832	NC_003071.7	86.986	438	42	8	1	438	13101811	13102233	3.45e-134	479
NC_003070.9:2587213-2587832	NC_003071.7	86.697	436	43	4	3	438	13885934	13886354	2.07e-131	470
NC_003070.9:2587213-2587832	NC_003071.7	87.781	401	46	3	1	401	9229178	9228781	2.68e-130	466
NC_003070.9:2587213-2587832	NC_003071.7	88.267	375	36	1	1	375	1670333	1669967	4.52e-123	442
NC_003070.9:2587213-2587832	NC_003071.7	88.329	377	32	6	1	375	15134226	15134592	4.52e-123	442
NC_003070.9:2587213-2587832	NC_003071.7	87.936	373	37	2	3	375	19243132	19242768	2.72e-120	433
NC_003070.9:2587213-2587832	NC_003071.7	87.003	377	38	4	1	375	19623103	19623470	9.85e-115	414
NC_003070.9:2587213-2587832	NC_003071.7	91.204	216	17	2	1	216	9433092	9433305	4.82e-78	292
NC_003070.9:2587213-2587832	NC_003071.7	86.486	222	27	3	217	438	4305944	4306162	1.77e-62	241
NC_003070.9:2587213-2587832	NC_003071.7	91.329	173	14	1	448	620	9860126	9859955	8.23e-61	235
NC_003070.9:2587213-2587832	NC_003071.7	88.966	145	13	3	281	424	9433300	9433442	5.06e-43	176
NC_003070.9:2587213-2587832	NC_003071.7	83.889	180	19	5	441	620	2320765	2320934	3.94e-39	163
NC_003070.9:2587213-2587832	NC_003071.7	90.833	120	10	1	448	567	19172262	19172144	5.10e-38	159
NC_003070.9:2587213-2587832	NC_003071.7	83.908	174	14	7	447	620	13102201	13102360	2.37e-36	154
NC_003070.9:2587213-2587832	NC_003071.7	83.815	173	15	7	448	620	1597320	1597479	8.53e-36	152
NC_003070.9:2587213-2587832	NC_003071.7	82.857	175	17	7	446	620	19623485	19623646	1.43e-33	145
NC_003070.9:2587213-2587832	NC_003071.7	82.659	173	16	8	449	620	2139226	2139385	1.85e-32	141
NC_003070.9:2587213-2587832	NC_003071.7	82.584	178	12	10	448	620	826111	826274	6.64e-32	139
NC_003070.9:2587213-2587832	NC_003071.7	82.184	174	17	9	448	620	3197778	3197618	2.39e-31	137
NC_003070.9:2587213-2587832	NC_003071.7	81.609	174	19	8	448	620	1322131	1321970	1.11e-29	132
NC_003070.9:2587213-2587832	NC_003071.7	81.765	170	15	9	446	615	13886321	13886474	1.44e-28	128
NC_003070.9:2587213-2587832	NC_003071.7	90.625	96	7	2	7	100	1552855	1552760	5.17e-28	126
NC_003070.9:2587213-2587832	NC_003071.7	81.988	161	16	7	460	620	9311471	9311618	1.86e-27	124
NC_003070.9:2587213-2587832	NC_003071.7	80.925	173	18	5	449	620	5010245	5010087	6.69e-27	122
NC_003070.9:2587213-2587832	NC_003071.7	83.688	141	11	4	480	620	7351419	7351547	6.69e-27	122
NC_003070.9:2587213-2587832	NC_003071.7	86.111	108	14	1	332	438	1383789	1383682	1.12e-24	115
NC_003070.9:2587213-2587832	NC_003071.7	79.882	169	19	9	454	620	4758256	4758101	5.21e-23	110
NC_003070.9:2587213-2587832	NC_003071.7	94.366	71	4	0	464	534	9456044	9456114	5.21e-23	110
NC_003070.9:2587213-2587832	NC_003071.7	79.191	173	21	8	448	620	7340785	7340942	6.74e-22	106
NC_003070.9:2587213-2587832	NC_003071.7	97.297	37	1	0	331	367	9311421	9311457	4.11e-09	63.9
NC_003070.9:2587213-2587832	NC_003071.7	97.222	36	1	0	507	542	19172165	19172130	1.48e-08	62.1
NC_003070.9:2587213-2587832	NC_003075.7	94.292	438	21	2	1	438	14458283	14457850	0.0	667
NC_003070.9:2587213-2587832	NC_003075.7	93.836	438	19	5	1	438	12607046	12606617	0.0	652
NC_003070.9:2587213-2587832	NC_003075.7	91.096	438	36	2	1	438	1521258	1521692	1.53e-167	590
NC_003070.9:2587213-2587832	NC_003075.7	90.433	439	38	4	1	439	572758	572324	4.27e-163	575
NC_003070.9:2587213-2587832	NC_003075.7	89.498	438	42	3	1	438	8947759	8947326	7.20e-156	551
NC_003070.9:2587213-2587832	NC_003075.7	88.128	438	50	2	1	438	6660988	6661423	2.03e-146	520
NC_003070.9:2587213-2587832	NC_003075.7	87.016	439	40	10	1	438	9112129	9111707	3.45e-134	479
NC_003070.9:2587213-2587832	NC_003075.7	85.877	439	57	5	1	438	824052	823618	3.47e-129	462
NC_003070.9:2587213-2587832	NC_003075.7	86.557	424	52	5	1	424	6340021	6339603	3.47e-129	462
NC_003070.9:2587213-2587832	NC_003075.7	86.747	415	50	5	1	415	7034792	7034383	1.61e-127	457
NC_003070.9:2587213-2587832	NC_003075.7	88.533	375	35	1	1	375	15442193	15441827	9.72e-125	448
NC_003070.9:2587213-2587832	NC_003075.7	88.298	376	35	2	1	376	12365605	12365239	4.52e-123	442
NC_003070.9:2587213-2587832	NC_003075.7	93.064	173	10	2	448	620	14457881	14457711	8.18e-66	252
NC_003070.9:2587213-2587832	NC_003075.7	88.660	194	19	1	245	438	2553631	2553821	2.96e-60	233
NC_003070.9:2587213-2587832	NC_003075.7	90.173	173	16	1	448	620	12606648	12606477	1.78e-57	224
NC_003070.9:2587213-2587832	NC_003075.7	84.444	180	15	6	441	620	6168521	6168355	1.10e-39	165
NC_003070.9:2587213-2587832	NC_003075.7	83.333	174	18	8	448	620	8899802	8899965	3.07e-35	150
NC_003070.9:2587213-2587832	NC_003075.7	83.140	172	17	6	449	620	6426776	6426617	3.97e-34	147
NC_003070.9:2587213-2587832	NC_003075.7	82.759	174	16	7	447	620	9111739	9111580	5.13e-33	143
NC_003070.9:2587213-2587832	NC_003075.7	82.659	173	16	5	448	620	1521661	1521819	1.85e-32	141
NC_003070.9:2587213-2587832	NC_003075.7	82.386	176	18	7	446	620	7155213	7155376	1.85e-32	141
NC_003070.9:2587213-2587832	NC_003075.7	82.659	173	17	6	448	620	12365223	12365064	1.85e-32	141
NC_003070.9:2587213-2587832	NC_003075.7	89.908	109	7	4	331	438	9193138	9193243	2.39e-31	137
NC_003070.9:2587213-2587832	NC_003075.7	82.081	173	17	5	448	620	6115745	6115903	8.59e-31	135
NC_003070.9:2587213-2587832	NC_003075.7	81.714	175	20	6	446	620	7906206	7906368	8.59e-31	135
NC_003070.9:2587213-2587832	NC_003075.7	88.991	109	8	4	331	438	6243586	6243691	1.11e-29	132
NC_003070.9:2587213-2587832	NC_003075.7	92.135	89	7	0	446	534	8819969	8819881	5.17e-28	126
NC_003070.9:2587213-2587832	NC_003075.7	93.827	81	5	0	1	81	2553549	2553629	6.69e-27	122
NC_003070.9:2587213-2587832	NC_003075.7	80.682	176	19	10	446	620	7231442	7231603	6.69e-27	122
NC_003070.9:2587213-2587832	NC_003075.7	81.481	162	14	6	462	620	6339620	6339472	8.65e-26	119
NC_003070.9:2587213-2587832	NC_003075.7	88.119	101	10	2	449	549	6661393	6661491	8.65e-26	119
NC_003070.9:2587213-2587832	NC_003075.7	83.099	142	10	6	448	589	823649	823522	3.11e-25	117
NC_003070.9:2587213-2587832	NC_003075.7	97.059	68	2	0	462	529	9146879	9146946	1.12e-24	115
NC_003070.9:2587213-2587832	NC_003074.8	91.781	438	33	3	1	438	10405397	10405831	1.51e-172	606
NC_003070.9:2587213-2587832	NC_003074.8	90.287	453	40	3	1	452	10758579	10758130	1.53e-167	590
NC_003070.9:2587213-2587832	NC_003074.8	90.867	427	35	3	12	438	18634492	18634070	1.99e-161	569
NC_003070.9:2587213-2587832	NC_003074.8	90.421	428	35	4	1	424	10708626	10709051	4.30e-158	558
NC_003070.9:2587213-2587832	NC_003074.8	89.726	438	42	3	1	438	14057125	14057559	1.55e-157	556
NC_003070.9:2587213-2587832	NC_003074.8	89.509	448	33	7	2	438	6729497	6729053	5.56e-157	555
NC_003070.9:2587213-2587832	NC_003074.8	89.679	436	42	3	3	438	11091000	11090568	2.00e-156	553
NC_003070.9:2587213-2587832	NC_003074.8	90.187	428	36	5	1	424	16405197	16405622	2.00e-156	553
NC_003070.9:2587213-2587832	NC_003074.8	90.183	438	21	5	1	438	11315008	11315423	7.20e-156	551
NC_003070.9:2587213-2587832	NC_003074.8	89.450	436	43	3	3	438	19436874	19437306	9.31e-155	547
NC_003070.9:2587213-2587832	NC_003074.8	89.906	426	38	4	1	424	10718344	10717922	1.20e-153	544
NC_003070.9:2587213-2587832	NC_003074.8	88.889	441	41	7	1	437	5865865	5866301	2.02e-151	536
NC_003070.9:2587213-2587832	NC_003074.8	88.409	440	46	4	1	438	3080590	3080154	4.36e-148	525
NC_003070.9:2587213-2587832	NC_003074.8	89.044	429	40	6	1	424	7766063	7766489	4.36e-148	525
NC_003070.9:2587213-2587832	NC_003074.8	88.532	436	45	5	1	436	16485868	16485438	1.57e-147	523
NC_003070.9:2587213-2587832	NC_003074.8	88.532	436	35	9	1	436	17402551	17402131	9.44e-145	514
NC_003070.9:2587213-2587832	NC_003074.8	87.391	460	32	15	1	438	19739758	19740213	5.68e-142	505
NC_003070.9:2587213-2587832	NC_003074.8	89.844	384	35	4	1	383	4579238	4579618	1.59e-137	490
NC_003070.9:2587213-2587832	NC_003074.8	86.788	439	41	10	1	438	7980632	7980210	1.60e-132	473
NC_003070.9:2587213-2587832	NC_003074.8	87.229	415	48	5	1	415	4584757	4585166	7.46e-131	468
NC_003070.9:2587213-2587832	NC_003074.8	85.421	439	51	7	1	438	21552657	21552231	1.26e-123	444
NC_003070.9:2587213-2587832	NC_003074.8	87.733	375	36	3	1	375	423196	422832	3.52e-119	429
NC_003070.9:2587213-2587832	NC_003074.8	87.234	376	38	3	1	375	11132203	11132569	2.12e-116	420
NC_003070.9:2587213-2587832	NC_003074.8	88.672	256	25	3	185	438	15814110	15814363	4.78e-83	309
NC_003070.9:2587213-2587832	NC_003074.8	93.717	191	11	1	184	374	16235030	16234841	8.06e-76	285
NC_003070.9:2587213-2587832	NC_003074.8	87.861	173	8	7	448	620	11315392	11315551	1.81e-47	191
NC_003070.9:2587213-2587832	NC_003074.8	85.556	180	14	5	441	620	20769766	20769599	1.41e-43	178
NC_003070.9:2587213-2587832	NC_003074.8	84.000	175	15	4	446	620	15814330	15814491	6.59e-37	156
NC_003070.9:2587213-2587832	NC_003074.8	83.815	173	15	7	448	620	11090599	11090440	8.53e-36	152
NC_003070.9:2587213-2587832	NC_003074.8	83.616	177	14	9	446	620	21552264	21552101	8.53e-36	152
NC_003070.9:2587213-2587832	NC_003074.8	83.237	173	17	5	448	620	8645179	8645339	1.10e-34	148
NC_003070.9:2587213-2587832	NC_003074.8	83.333	174	14	6	448	620	14057528	14057687	3.97e-34	147
NC_003070.9:2587213-2587832	NC_003074.8	83.333	174	14	6	448	620	19437275	19437434	3.97e-34	147
NC_003070.9:2587213-2587832	NC_003074.8	82.759	174	16	9	447	620	7980242	7980083	5.13e-33	143
NC_003070.9:2587213-2587832	NC_003074.8	82.659	173	17	6	448	620	11132586	11132745	1.85e-32	141
NC_003070.9:2587213-2587832	NC_003074.8	82.759	174	15	6	448	620	16723279	16723120	1.85e-32	141
NC_003070.9:2587213-2587832	NC_003074.8	83.648	159	14	3	462	620	6729071	6728925	6.64e-32	139
NC_003070.9:2587213-2587832	NC_003074.8	83.648	159	14	3	462	620	10709033	10709179	6.64e-32	139
NC_003070.9:2587213-2587832	NC_003074.8	81.609	174	19	9	448	620	11588798	11588637	1.11e-29	132
NC_003070.9:2587213-2587832	NC_003074.8	81.503	173	19	4	448	620	10405800	10405959	4.00e-29	130
NC_003070.9:2587213-2587832	NC_003074.8	81.609	174	17	9	448	620	16485467	16485308	4.00e-29	130
NC_003070.9:2587213-2587832	NC_003074.8	81.609	174	16	7	448	620	18634101	18633943	4.00e-29	130
NC_003070.9:2587213-2587832	NC_003074.8	82.390	159	16	3	462	620	10717940	10717794	1.44e-28	128
NC_003070.9:2587213-2587832	NC_003074.8	81.818	165	17	4	456	620	19740189	19740340	5.17e-28	126
NC_003070.9:2587213-2587832	NC_003074.8	82.581	155	14	8	455	609	8329351	8329492	1.86e-27	124
NC_003070.9:2587213-2587832	NC_003074.8	81.503	173	11	6	448	620	10681543	10681392	6.69e-27	122
NC_003070.9:2587213-2587832	NC_003074.8	83.217	143	12	7	448	590	18171103	18170973	2.41e-26	121
NC_003070.9:2587213-2587832	NC_003074.8	95.890	73	3	0	462	534	17209717	17209645	8.65e-26	119
NC_003070.9:2587213-2587832	NC_003074.8	90.805	87	8	0	448	534	16534569	16534483	3.11e-25	117
NC_003070.9:2587213-2587832	NC_003074.8	90.805	87	8	0	448	534	16678342	16678428	3.11e-25	117
NC_003070.9:2587213-2587832	NC_003074.8	80.380	158	18	8	462	618	16903054	16903199	1.87e-22	108
NC_003070.9:2587213-2587832	NC_003074.8	79.429	175	16	6	446	620	18172428	18172274	6.74e-22	106
NC_003070.9:3771042-3771816	NC_003070.9	100.000	775	0	0	1	775	3771816	3771042	0.0	1432
NC_003070.9:3771042-3771816	NC_003070.9	91.940	794	36	10	1	775	6234720	6233936	0.0	1086
NC_003070.9:3771042-3771816	NC_003070.9	96.562	640	17	5	139	775	12874275	12873638	0.0	1055
NC_003070.9:3771042-3771816	NC_003070.9	92.651	381	23	4	1	376	6235099	6234719	1.52e-153	544
NC_003070.9:3771042-3771816	NC_003070.9	92.571	350	23	3	282	630	16341625	16341278	3.33e-140	499
NC_003070.9:3771042-3771816	NC_003070.9	91.453	351	25	5	282	630	16339904	16339557	1.56e-133	477
NC_003070.9:3771042-3771816	NC_003070.9	92.780	277	14	5	1	273	16342970	16342696	4.50e-109	396
NC_003070.9:3771042-3771816	NC_003070.9	90.873	252	17	6	25	273	16341246	16340998	3.58e-90	333
NC_003070.9:3771042-3771816	NC_003070.9	92.208	154	7	3	1	150	12874368	12874216	4.86e-54	213
NC_003070.9:3771042-3771816	NC_003070.9	92.308	65	3	1	88	150	16342834	16342770	2.38e-17	91.6
NC_003070.9:3771042-3771816	NC_003070.9	92.308	65	2	2	88	150	6234583	6234520	8.55e-17	89.8
NC_003070.9:3771042-3771816	NC_003070.9	92.308	65	2	2	88	150	6234962	6234899	8.55e-17	89.8
NC_003070.9:3771042-3771816	NC_003071.7	96.429	784	18	6	1	775	15371880	15371098	0.0	1284
NC_003070.9:3771042-3771816	NC_003071.7	94.770	784	31	7	1	775	1902863	1903645	0.0	1212
NC_003070.9:3771042-3771816	NC_003071.7	94.013	785	35	7	1	775	6297988	6297206	0.0	1179
NC_003070.9:3771042-3771816	NC_003071.7	94.720	644	24	9	139	775	17300062	17299422	0.0	992
NC_003070.9:3771042-3771816	NC_003071.7	91.781	292	18	5	1	286	17300435	17300144	9.67e-111	401
NC_003070.9:3771042-3771816	NC_003071.7	92.308	65	2	2	88	150	6297851	6297788	8.55e-17	89.8
NC_003070.9:3771042-3771816	NC_003071.7	92.308	65	2	2	88	150	15371743	15371680	8.55e-17	89.8
NC_003070.9:3771042-3771816	NC_003071.7	93.548	62	1	2	91	150	17300295	17300235	8.55e-17	89.8
NC_003070.9:3771042-3771816	NC_003075.7	95.807	787	20	6	1	775	7403992	7404777	0.0	1258
NC_003070.9:3771042-3771816	NC_003075.7	95.536	784	23	8	1	775	8769326	8768546	0.0	1243
NC_003070.9:3771042-3771816	NC_003075.7	93.214	781	26	8	1	775	12845050	12844291	0.0	1123
NC_003070.9:3771042-3771816	NC_003075.7	93.600	625	31	9	139	759	418076	417457	0.0	924
NC_003070.9:3771042-3771816	NC_003075.7	92.308	65	2	2	88	150	7404129	7404192	8.55e-17	89.8
NC_003070.9:3771042-3771816	NC_003075.7	94.737	57	0	2	96	150	12844905	12844850	1.11e-15	86.1
NC_003070.9:3771042-3771816	NC_003075.7	90.769	65	3	2	88	150	8769189	8769126	3.98e-15	84.2
NC_003070.9:3771042-3771816	NC_003074.8	94.615	780	33	7	1	775	3873815	3874590	0.0	1199
NC_003070.9:3771042-3771816	NC_003074.8	92.949	780	29	7	1	775	3988437	3987679	0.0	1112
NC_003070.9:3771042-3771816	NC_003074.8	92.559	766	48	8	1	759	4217121	4216358	0.0	1090
NC_003070.9:3771042-3771816	NC_003074.8	93.893	655	31	8	125	775	7291814	7291165	0.0	979
NC_003070.9:3771042-3771816	NC_003076.8	92.920	791	38	15	1	775	347804	347016	0.0	1134
NC_003070.9:3771042-3771816	NC_003076.8	95.846	674	22	5	1	669	7352033	7352705	0.0	1085
NC_003070.9:3771042-3771816	NC_003076.8	95.938	640	20	6	139	775	15715039	15715675	0.0	1033
NC_003070.9:3771042-3771816	NC_003076.8	93.053	619	27	7	1	605	24345544	24344928	0.0	891
NC_003070.9:3771042-3771816	NC_003076.8	95.266	507	20	3	270	773	24344597	24344092	0.0	800
NC_003070.9:3771042-3771816	NC_003076.8	93.878	343	13	3	270	605	24344933	24344592	1.54e-143	510
NC_003070.9:3771042-3771816	NC_003076.8	91.429	280	21	2	1	277	348367	348088	1.26e-104	381
NC_003070.9:3771042-3771816	NC_003076.8	92.208	154	7	3	1	150	15714946	15715098	4.86e-54	213
NC_003070.9:3771042-3771816	NC_003076.8	92.308	65	2	2	88	150	348230	348167	8.55e-17	89.8
NC_003070.9:3771042-3771816	NC_003076.8	92.308	65	2	2	88	150	24345407	24345344	8.55e-17	89.8
NC_003070.9:3771042-3771816	NC_003076.8	88.889	72	4	3	82	150	347674	347604	1.11e-15	86.1
