NC_003074.8:17142435-17144537	NC_003074.8	100.000	2103	0	0	1	2103	17144537	17142435	0.0	3884
NC_003074.8:17142435-17144537	NC_003074.8	96.026	2038	60	14	48	2068	11535844	11537877	0.0	3295
NC_003074.8:17142435-17144537	NC_003074.8	94.764	2101	66	13	43	2103	5745928	5743832	0.0	3230
NC_003074.8:17142435-17144537	NC_003074.8	94.928	2070	60	8	48	2092	20786399	20788448	0.0	3199
NC_003074.8:17142435-17144537	NC_003074.8	92.683	2091	93	26	48	2094	17277814	17275740	0.0	2959
NC_003074.8:17142435-17144537	NC_003074.8	90.609	2119	119	31	45	2102	15937283	15939382	0.0	2737
NC_003074.8:17142435-17144537	NC_003074.8	90.676	2102	98	41	48	2069	10821446	10819363	0.0	2706
NC_003074.8:17142435-17144537	NC_003074.8	90.284	2110	113	37	28	2091	22118594	22120657	0.0	2676
NC_003074.8:17142435-17144537	NC_003074.8	93.857	1400	31	19	715	2102	15452801	15451445	0.0	2058
NC_003074.8:17142435-17144537	NC_003074.8	90.903	1583	69	32	548	2096	16562050	16563591	0.0	2056
NC_003074.8:17142435-17144537	NC_003074.8	91.822	1345	55	15	48	1343	17301278	17299940	0.0	1823
NC_003074.8:17142435-17144537	NC_003074.8	91.260	1167	59	17	958	2102	17730098	17731243	0.0	1550
NC_003074.8:17142435-17144537	NC_003074.8	90.406	1157	69	20	958	2091	17776928	17778065	0.0	1483
NC_003074.8:17142435-17144537	NC_003074.8	90.204	1174	50	31	958	2089	16419302	16420452	0.0	1471
NC_003074.8:17142435-17144537	NC_003074.8	90.398	1156	56	24	958	2093	9767475	9766355	0.0	1469
NC_003074.8:17142435-17144537	NC_003074.8	92.976	1025	35	16	1075	2092	16451587	16452581	0.0	1459
NC_003074.8:17142435-17144537	NC_003074.8	91.961	1020	48	13	1087	2099	17062368	17061376	0.0	1399
NC_003074.8:17142435-17144537	NC_003074.8	91.197	1011	44	14	1087	2091	7995800	7994829	0.0	1332
NC_003074.8:17142435-17144537	NC_003074.8	93.237	828	36	8	47	855	17063230	17062404	0.0	1201
NC_003074.8:17142435-17144537	NC_003074.8	93.201	809	39	3	48	841	16450786	16451593	0.0	1175
NC_003074.8:17142435-17144537	NC_003074.8	90.389	926	38	20	958	1861	11503603	11502707	0.0	1170
NC_003074.8:17142435-17144537	NC_003074.8	92.804	806	38	12	1291	2091	18412509	18413299	0.0	1149
NC_003074.8:17142435-17144537	NC_003074.8	92.537	804	43	7	51	838	9386343	9385541	0.0	1136
NC_003074.8:17142435-17144537	NC_003074.8	92.441	807	40	13	1291	2091	18019136	18019927	0.0	1133
NC_003074.8:17142435-17144537	NC_003074.8	91.708	808	44	17	1291	2091	13327791	13328582	0.0	1099
NC_003074.8:17142435-17144537	NC_003074.8	91.202	807	48	15	1291	2091	3965358	3966147	0.0	1075
NC_003074.8:17142435-17144537	NC_003074.8	91.942	757	40	13	1339	2091	10556871	10556132	0.0	1040
NC_003074.8:17142435-17144537	NC_003074.8	92.233	721	28	13	1003	1711	10320599	10321303	0.0	996
NC_003074.8:17142435-17144537	NC_003074.8	90.633	758	41	14	1339	2091	10575083	10574351	0.0	979
NC_003074.8:17142435-17144537	NC_003074.8	89.673	794	43	15	1312	2100	15485279	15484520	0.0	976
NC_003074.8:17142435-17144537	NC_003074.8	89.842	758	49	16	202	937	18746356	18747107	0.0	948
NC_003074.8:17142435-17144537	NC_003074.8	85.791	929	65	35	43	937	9890044	9890939	0.0	922
NC_003074.8:17142435-17144537	NC_003074.8	85.855	912	73	36	48	937	16879751	16880628	0.0	918
NC_003074.8:17142435-17144537	NC_003074.8	87.033	856	57	29	21	855	7996658	7995836	0.0	917
NC_003074.8:17142435-17144537	NC_003074.8	93.398	621	31	9	1479	2095	9384377	9383763	0.0	911
NC_003074.8:17142435-17144537	NC_003074.8	92.147	624	23	10	819	1416	9385005	9384382	0.0	857
NC_003074.8:17142435-17144537	NC_003074.8	89.390	688	45	11	269	937	5622169	5622847	0.0	841
NC_003074.8:17142435-17144537	NC_003074.8	89.130	690	46	12	269	937	20485002	20484321	0.0	832
NC_003074.8:17142435-17144537	NC_003074.8	87.624	703	54	16	269	941	3716481	3717180	0.0	785
NC_003074.8:17142435-17144537	NC_003074.8	90.426	564	32	10	918	1461	11967769	11968330	0.0	723
NC_003074.8:17142435-17144537	NC_003074.8	92.476	412	16	8	44	442	16561651	16562060	1.49e-162	575
NC_003074.8:17142435-17144537	NC_003074.8	94.077	287	17	0	1805	2091	11968331	11968617	7.35e-121	436
NC_003074.8:17142435-17144537	NC_003074.8	90.634	331	10	7	44	354	11200621	11200950	7.40e-116	420
NC_003074.8:17142435-17144537	NC_003074.8	91.346	312	8	4	958	1250	15485591	15485280	1.60e-112	409
NC_003074.8:17142435-17144537	NC_003074.8	89.623	318	16	8	1291	1607	17299583	17299282	2.09e-106	388
NC_003074.8:17142435-17144537	NC_003074.8	90.196	306	12	4	958	1245	10557188	10556883	9.71e-105	383
NC_003074.8:17142435-17144537	NC_003074.8	88.924	316	16	5	958	1255	10575400	10575086	2.10e-101	372
NC_003074.8:17142435-17144537	NC_003074.8	94.348	230	13	0	1826	2055	11200951	11201180	7.61e-96	353
NC_003074.8:17142435-17144537	NC_003074.8	90.980	255	10	1	48	289	18584738	18584992	3.57e-89	331
NC_003074.8:17142435-17144537	NC_003074.8	89.683	252	16	1	1850	2091	8757570	8757821	1.29e-83	313
NC_003074.8:17142435-17144537	NC_003074.8	87.739	261	13	5	48	290	3716342	3716601	7.83e-76	287
NC_003074.8:17142435-17144537	NC_003074.8	87.600	250	21	5	48	290	20487142	20486896	3.64e-74	281
NC_003074.8:17142435-17144537	NC_003074.8	91.837	196	13	3	721	915	9385008	9385201	7.89e-71	270
NC_003074.8:17142435-17144537	NC_003074.8	86.312	263	19	4	44	290	17397304	17397043	7.89e-71	270
NC_003074.8:17142435-17144537	NC_003074.8	86.207	261	18	5	47	290	9559684	9559425	1.02e-69	267
NC_003074.8:17142435-17144537	NC_003074.8	85.985	264	19	5	44	290	10862397	10862659	1.02e-69	267
NC_003074.8:17142435-17144537	NC_003074.8	86.154	260	13	9	48	290	20485140	20484887	1.71e-67	259
NC_003074.8:17142435-17144537	NC_003074.8	85.043	234	16	6	75	290	1371151	1370919	8.06e-56	220
NC_003074.8:17142435-17144537	NC_003074.8	85.281	231	14	6	75	288	2630001	2629774	8.06e-56	220
NC_003074.8:17142435-17144537	NC_003074.8	84.052	232	30	5	1861	2091	1571901	1572126	1.04e-54	217
NC_003074.8:17142435-17144537	NC_003074.8	88.235	187	6	3	958	1128	17299782	17299596	1.74e-52	209
NC_003074.8:17142435-17144537	NC_003074.8	88.525	183	5	5	958	1124	1571523	1571705	6.27e-52	207
NC_003074.8:17142435-17144537	NC_003074.8	81.457	302	12	18	1291	1592	1571723	1571980	6.27e-52	207
NC_003074.8:17142435-17144537	NC_003074.8	96.800	125	3	1	1968	2091	17299274	17299150	6.27e-52	207
NC_003074.8:17142435-17144537	NC_003074.8	87.701	187	7	3	958	1128	13327592	13327778	8.12e-51	204
NC_003074.8:17142435-17144537	NC_003074.8	97.458	118	1	2	1975	2091	10321325	10321441	1.05e-49	200
NC_003074.8:17142435-17144537	NC_003074.8	86.702	188	7	5	958	1128	3965159	3965345	1.76e-47	193
NC_003074.8:17142435-17144537	NC_003074.8	82.305	243	21	10	900	1124	18412253	18412491	6.32e-47	191
NC_003074.8:17142435-17144537	NC_003074.8	86.813	182	8	6	958	1124	18018938	18019118	2.27e-46	189
NC_003074.8:17142435-17144537	NC_003074.8	87.500	144	12	4	1965	2102	11132616	11132759	4.95e-38	161
NC_003074.8:17142435-17144537	NC_003074.8	87.770	139	13	4	1967	2102	8645212	8645349	1.78e-37	159
NC_003074.8:17142435-17144537	NC_003074.8	86.331	139	16	3	1965	2100	6729054	6728916	3.86e-34	148
NC_003074.8:17142435-17144537	NC_003074.8	85.816	141	16	4	1965	2102	23085962	23086101	1.39e-33	147
NC_003074.8:17142435-17144537	NC_003074.8	82.955	176	14	6	108	269	16879865	16880038	4.99e-33	145
NC_003074.8:17142435-17144537	NC_003074.8	94.382	89	3	2	41	128	18018774	18018861	3.00e-30	135
NC_003074.8:17142435-17144537	NC_003074.8	90.722	97	6	2	34	128	13327419	13327514	1.81e-27	126
NC_003074.8:17142435-17144537	NC_003074.8	95.062	81	2	2	49	128	17299939	17299860	1.81e-27	126
NC_003074.8:17142435-17144537	NC_003074.8	92.045	88	6	1	84	171	10392129	10392215	2.34e-26	122
NC_003074.8:17142435-17144537	NC_003074.8	93.827	81	5	0	48	128	18412154	18412234	2.34e-26	122
NC_003074.8:17142435-17144537	NC_003074.8	84.252	127	14	4	1965	2091	10681512	10681392	3.02e-25	119
NC_003074.8:17142435-17144537	NC_003074.8	91.011	89	7	1	44	132	16419140	16419227	3.02e-25	119
NC_003074.8:17142435-17144537	NC_003074.8	89.247	93	7	3	44	136	9767633	9767544	1.41e-23	113
NC_003074.8:17142435-17144537	NC_003074.8	98.438	64	1	0	48	111	10557346	10557283	1.41e-23	113
NC_003074.8:17142435-17144537	NC_003074.8	91.358	81	7	0	48	128	11503761	11503681	5.06e-23	111
NC_003074.8:17142435-17144537	NC_003074.8	91.358	81	7	0	48	128	17729940	17730020	5.06e-23	111
NC_003074.8:17142435-17144537	NC_003074.8	89.024	82	8	1	48	128	17776769	17776850	1.10e-19	100
NC_003074.8:17142435-17144537	NC_003074.8	80.180	111	8	9	1561	1670	15667806	15667709	8.59e-11	71.3
NC_003074.8:17142435-17144537	NC_003074.8	89.362	47	4	1	2047	2092	4274975	4274929	6.69e-07	58.4
NC_003074.8:17142435-17144537	NC_003071.7	95.502	2090	50	11	42	2103	13908726	13906653	0.0	3299
NC_003074.8:17142435-17144537	NC_003071.7	92.782	2092	87	25	48	2091	499985	502060	0.0	2968
NC_003074.8:17142435-17144537	NC_003071.7	92.059	2103	100	26	48	2100	17255233	17253148	0.0	2896
NC_003074.8:17142435-17144537	NC_003071.7	90.879	2127	97	33	44	2100	6925381	6923282	0.0	2763
NC_003074.8:17142435-17144537	NC_003071.7	91.071	2072	107	25	32	2057	12094441	12092402	0.0	2730
NC_003074.8:17142435-17144537	NC_003071.7	90.566	2120	107	32	48	2092	12800994	12803095	0.0	2721
NC_003074.8:17142435-17144537	NC_003071.7	90.458	2117	109	34	48	2094	13266915	13269008	0.0	2704
NC_003074.8:17142435-17144537	NC_003071.7	92.107	1951	102	30	184	2101	396505	394574	0.0	2702
NC_003074.8:17142435-17144537	NC_003071.7	90.407	1918	96	49	48	1895	11287161	11285262	0.0	2442
NC_003074.8:17142435-17144537	NC_003071.7	92.665	1377	56	17	48	1382	13338077	13336704	0.0	1941
NC_003074.8:17142435-17144537	NC_003071.7	90.652	1412	74	22	47	1413	707441	708839	0.0	1823
NC_003074.8:17142435-17144537	NC_003071.7	91.128	1161	66	22	958	2099	7814534	7813392	0.0	1539
NC_003074.8:17142435-17144537	NC_003071.7	92.871	1038	49	15	1061	2091	6663102	6664121	0.0	1483
NC_003074.8:17142435-17144537	NC_003071.7	89.957	1155	78	18	958	2091	7169367	7168230	0.0	1456
NC_003074.8:17142435-17144537	NC_003071.7	91.845	1030	45	17	1082	2100	543175	544176	0.0	1400
NC_003074.8:17142435-17144537	NC_003071.7	92.111	976	53	16	1108	2078	6803425	6804381	0.0	1354
NC_003074.8:17142435-17144537	NC_003071.7	90.891	1032	55	7	48	1040	7154736	7153705	0.0	1349
NC_003074.8:17142435-17144537	NC_003071.7	91.878	985	50	16	1084	2065	14334657	14335614	0.0	1349
NC_003074.8:17142435-17144537	NC_003071.7	93.187	910	38	15	1199	2101	13336704	13335812	0.0	1315
NC_003074.8:17142435-17144537	NC_003071.7	91.143	892	49	16	1221	2101	7960700	7961572	0.0	1182
NC_003074.8:17142435-17144537	NC_003071.7	92.804	806	36	14	1291	2091	7112140	7112928	0.0	1147
NC_003074.8:17142435-17144537	NC_003071.7	92.260	814	41	14	1291	2099	6101020	6100224	0.0	1134
NC_003074.8:17142435-17144537	NC_003071.7	91.558	841	37	14	48	855	14333785	14334624	0.0	1129
NC_003074.8:17142435-17144537	NC_003071.7	90.640	844	39	20	48	855	542308	543147	0.0	1085
NC_003074.8:17142435-17144537	NC_003071.7	93.519	648	34	7	1447	2089	709427	710071	0.0	957
NC_003074.8:17142435-17144537	NC_003071.7	90.267	750	47	18	1355	2099	3213046	3212318	0.0	957
NC_003074.8:17142435-17144537	NC_003071.7	90.407	688	44	10	269	937	12556068	12555384	0.0	885
NC_003074.8:17142435-17144537	NC_003071.7	89.766	684	44	14	275	937	10468943	10468265	0.0	852
NC_003074.8:17142435-17144537	NC_003071.7	88.967	571	41	11	269	821	6099666	6100232	0.0	686
NC_003074.8:17142435-17144537	NC_003071.7	92.358	458	30	5	1495	1948	3564666	3565122	0.0	647
NC_003074.8:17142435-17144537	NC_003071.7	91.089	303	10	8	1291	1592	4024558	4024844	4.49e-108	394
NC_003074.8:17142435-17144537	NC_003071.7	94.118	255	15	0	1807	2061	3565124	3565378	2.09e-106	388
NC_003074.8:17142435-17144537	NC_003071.7	88.715	319	18	9	1291	1607	980261	979959	5.84e-102	374
NC_003074.8:17142435-17144537	NC_003071.7	90.244	246	18	6	48	290	5467004	5466762	9.99e-85	316
NC_003074.8:17142435-17144537	NC_003071.7	88.583	254	16	9	48	289	6384054	6383802	1.30e-78	296
NC_003074.8:17142435-17144537	NC_003071.7	86.842	266	18	5	41	290	11399384	11399120	3.64e-74	281
NC_003074.8:17142435-17144537	NC_003071.7	87.209	258	16	12	48	290	6099530	6099785	4.71e-73	278
NC_003074.8:17142435-17144537	NC_003071.7	87.023	262	15	6	46	290	19196759	19196500	4.71e-73	278
NC_003074.8:17142435-17144537	NC_003071.7	96.933	163	5	0	1933	2095	11285273	11285111	6.10e-72	274
NC_003074.8:17142435-17144537	NC_003071.7	87.449	247	12	6	60	290	5843961	5843718	1.02e-69	267
NC_003074.8:17142435-17144537	NC_003071.7	84.375	288	26	8	20	290	6084063	6084348	3.67e-69	265
NC_003074.8:17142435-17144537	NC_003071.7	86.100	259	17	6	48	289	1460925	1460669	4.75e-68	261
NC_003074.8:17142435-17144537	NC_003071.7	87.190	242	15	3	958	1183	7959949	7960190	4.75e-68	261
NC_003074.8:17142435-17144537	NC_003071.7	88.235	187	6	5	958	1128	4024359	4024545	1.74e-52	209
NC_003074.8:17142435-17144537	NC_003071.7	88.525	183	5	4	958	1124	7111941	7112123	6.27e-52	207
NC_003074.8:17142435-17144537	NC_003071.7	82.627	236	32	7	1858	2091	4024762	4024990	1.05e-49	200
NC_003074.8:17142435-17144537	NC_003071.7	86.339	183	9	3	963	1129	6101214	6101032	2.94e-45	185
NC_003074.8:17142435-17144537	NC_003071.7	94.690	113	5	1	49	161	6101375	6101264	6.36e-42	174
NC_003074.8:17142435-17144537	NC_003071.7	87.234	141	13	4	1965	2102	13102232	13102370	2.30e-36	156
NC_003074.8:17142435-17144537	NC_003071.7	87.143	140	12	6	1965	2099	1038177	1038039	8.29e-36	154
NC_003074.8:17142435-17144537	NC_003071.7	87.786	131	13	3	1965	2092	19623517	19623647	1.07e-34	150
NC_003074.8:17142435-17144537	NC_003071.7	86.719	128	13	4	1968	2091	2139258	2139385	2.32e-31	139
NC_003074.8:17142435-17144537	NC_003071.7	84.615	143	16	6	1965	2103	6206724	6206584	8.35e-31	137
NC_003074.8:17142435-17144537	NC_003071.7	85.821	134	12	4	1965	2091	15134639	15134772	3.00e-30	135
NC_003074.8:17142435-17144537	NC_003071.7	93.258	89	5	1	40	128	3213361	3213274	1.40e-28	130
NC_003074.8:17142435-17144537	NC_003071.7	85.496	131	7	5	958	1078	3213196	3213068	1.81e-27	126
NC_003074.8:17142435-17144537	NC_003071.7	84.328	134	16	4	1965	2095	7340815	7340946	1.81e-27	126
NC_003074.8:17142435-17144537	NC_003071.7	88.679	106	4	2	958	1055	6661119	6661224	2.34e-26	122
NC_003074.8:17142435-17144537	NC_003071.7	92.941	85	4	2	44	128	7111781	7111863	2.34e-26	122
NC_003074.8:17142435-17144537	NC_003071.7	91.209	91	3	5	47	136	2962806	2962720	3.02e-25	119
NC_003074.8:17142435-17144537	NC_003071.7	90.217	92	7	2	41	132	3564375	3564464	3.02e-25	119
NC_003074.8:17142435-17144537	NC_003071.7	92.683	82	6	0	47	128	4024200	4024281	3.02e-25	119
NC_003074.8:17142435-17144537	NC_003071.7	86.087	115	8	2	958	1064	3564539	3564653	1.09e-24	117
NC_003074.8:17142435-17144537	NC_003071.7	90.909	88	6	2	48	135	7814691	7814606	1.09e-24	117
NC_003074.8:17142435-17144537	NC_003071.7	93.590	78	3	2	48	124	7169524	7169448	3.91e-24	115
NC_003074.8:17142435-17144537	NC_003071.7	82.963	135	15	6	1965	2098	8907875	8908002	3.91e-24	115
NC_003074.8:17142435-17144537	NC_003071.7	91.358	81	7	0	48	128	980617	980537	5.06e-23	111
NC_003074.8:17142435-17144537	NC_003071.7	95.588	68	3	0	73	140	12555280	12555213	1.82e-22	110
NC_003074.8:17142435-17144537	NC_003071.7	85.417	96	9	4	2007	2101	9585273	9585364	5.10e-18	95.3
NC_003074.8:17142435-17144537	NC_003071.7	89.091	55	6	0	2044	2098	7177637	7177583	3.09e-10	69.4
NC_003074.8:17142435-17144537	NC_003075.7	95.612	2074	48	10	48	2095	8730453	8728397	0.0	3286
NC_003074.8:17142435-17144537	NC_003075.7	92.584	2090	91	26	48	2091	1349585	1351656	0.0	2942
NC_003074.8:17142435-17144537	NC_003075.7	92.392	2103	94	31	48	2100	11360870	11362956	0.0	2937
NC_003074.8:17142435-17144537	NC_003075.7	92.495	2092	90	26	48	2091	5541389	5539317	0.0	2931
NC_003074.8:17142435-17144537	NC_003075.7	91.679	2103	89	35	43	2096	4146122	4148187	0.0	2835
NC_003074.8:17142435-17144537	NC_003075.7	90.613	2120	102	38	48	2097	1002007	999915	0.0	2723
NC_003074.8:17142435-17144537	NC_003075.7	91.021	2027	92	35	136	2091	8063697	8065704	0.0	2652
NC_003074.8:17142435-17144537	NC_003075.7	92.548	1154	50	15	958	2091	11193412	11192275	0.0	1622
NC_003074.8:17142435-17144537	NC_003075.7	90.150	1269	56	20	48	1250	10397385	10396120	0.0	1587
NC_003074.8:17142435-17144537	NC_003075.7	91.018	1169	64	21	958	2102	6166306	6165155	0.0	1539
NC_003074.8:17142435-17144537	NC_003075.7	94.002	1017	38	10	1081	2091	16864262	16863263	0.0	1519
NC_003074.8:17142435-17144537	NC_003075.7	90.415	1158	70	22	958	2091	371928	370788	0.0	1485
NC_003074.8:17142435-17144537	NC_003075.7	93.696	809	36	3	47	841	16865071	16864264	0.0	1197
NC_003074.8:17142435-17144537	NC_003075.7	92.432	806	39	14	1291	2091	683570	684358	0.0	1131
NC_003074.8:17142435-17144537	NC_003075.7	92.503	787	38	12	1312	2092	10396119	10395348	0.0	1107
NC_003074.8:17142435-17144537	NC_003075.7	90.306	784	45	13	48	801	9763814	9763032	0.0	998
NC_003074.8:17142435-17144537	NC_003075.7	90.191	785	44	14	48	801	9842608	9841826	0.0	992
NC_003074.8:17142435-17144537	NC_003075.7	91.543	674	35	14	1233	1901	965062	964406	0.0	909
NC_003074.8:17142435-17144537	NC_003075.7	89.535	688	48	12	269	937	314144	313462	0.0	850
NC_003074.8:17142435-17144537	NC_003075.7	90.960	531	33	7	1567	2091	14390783	14390262	0.0	701
NC_003074.8:17142435-17144537	NC_003075.7	90.909	374	19	7	1694	2063	7853284	7852922	2.00e-136	488
NC_003074.8:17142435-17144537	NC_003075.7	87.863	379	24	6	46	406	3898132	3897758	1.59e-117	425
NC_003074.8:17142435-17144537	NC_003075.7	89.711	311	15	5	955	1249	965643	965334	3.49e-104	381
NC_003074.8:17142435-17144537	NC_003075.7	93.281	253	4	1	48	287	7853533	7853281	4.55e-98	361
NC_003074.8:17142435-17144537	NC_003075.7	89.494	257	24	3	674	928	3893999	3893744	2.15e-86	322
NC_003074.8:17142435-17144537	NC_003075.7	89.764	254	18	8	34	285	9438770	9439017	2.78e-85	318
NC_003074.8:17142435-17144537	NC_003075.7	89.388	245	14	6	48	290	6279022	6279256	3.62e-79	298
NC_003074.8:17142435-17144537	NC_003075.7	78.039	510	72	30	1511	2006	7593705	7593222	2.82e-75	285
NC_003074.8:17142435-17144537	NC_003075.7	92.228	193	14	1	1901	2093	963863	963672	2.19e-71	272
NC_003074.8:17142435-17144537	NC_003075.7	85.556	270	19	10	39	290	5354468	5354735	3.67e-69	265
NC_003074.8:17142435-17144537	NC_003075.7	85.932	263	18	8	43	290	7060703	7060445	1.32e-68	263
NC_003074.8:17142435-17144537	NC_003075.7	86.047	258	16	8	39	280	5354106	5354359	1.71e-67	259
NC_003074.8:17142435-17144537	NC_003075.7	85.769	260	17	7	48	290	6178448	6178704	6.14e-67	257
NC_003074.8:17142435-17144537	NC_003075.7	84.677	248	29	8	48	290	314269	314026	2.22e-61	239
NC_003074.8:17142435-17144537	NC_003075.7	96.503	143	2	2	48	190	8063577	8063716	1.04e-59	233
NC_003074.8:17142435-17144537	NC_003075.7	87.166	187	8	3	958	1128	683371	683557	3.78e-49	198
NC_003074.8:17142435-17144537	NC_003075.7	86.429	140	14	5	1967	2102	8725206	8725068	3.86e-34	148
NC_003074.8:17142435-17144537	NC_003075.7	85.211	142	16	5	1965	2103	6168483	6168344	6.45e-32	141
NC_003074.8:17142435-17144537	NC_003075.7	85.211	142	16	4	1965	2102	15441780	15441640	6.45e-32	141
NC_003074.8:17142435-17144537	NC_003075.7	89.565	115	4	2	958	1064	8802284	8802398	2.32e-31	139
NC_003074.8:17142435-17144537	NC_003075.7	92.553	94	7	0	723	816	6280372	6280465	3.00e-30	135
NC_003074.8:17142435-17144537	NC_003075.7	92.632	95	5	1	1495	1587	8802411	8802505	3.00e-30	135
NC_003074.8:17142435-17144537	NC_003075.7	93.902	82	3	2	48	128	2520884	2520964	2.34e-26	122
NC_003074.8:17142435-17144537	NC_003075.7	92.593	81	6	0	48	128	683213	683293	1.09e-24	117
NC_003074.8:17142435-17144537	NC_003075.7	91.358	81	7	0	48	128	372086	372006	5.06e-23	111
NC_003074.8:17142435-17144537	NC_003075.7	92.308	78	6	0	51	128	11193567	11193490	5.06e-23	111
NC_003074.8:17142435-17144537	NC_003075.7	90.123	81	8	0	48	128	14390988	14390908	2.35e-21	106
NC_003074.8:17142435-17144537	NC_003075.7	82.031	128	16	5	1965	2091	963984	963863	3.05e-20	102
NC_003074.8:17142435-17144537	NC_003075.7	86.957	92	11	1	37	128	6166474	6166384	3.05e-20	102
NC_003074.8:17142435-17144537	NC_003075.7	97.674	43	1	0	958	1000	14390831	14390789	6.64e-12	75.0
NC_003074.8:17142435-17144537	NC_003075.7	91.667	48	3	1	2045	2091	3359187	3359234	4.00e-09	65.8
NC_003074.8:17142435-17144537	NC_003070.9	95.279	2097	54	12	31	2100	19995749	19993671	0.0	3282
NC_003074.8:17142435-17144537	NC_003070.9	92.689	2079	86	26	40	2069	8114760	8116821	0.0	2937
NC_003074.8:17142435-17144537	NC_003070.9	92.516	2071	97	28	44	2092	11699694	11701728	0.0	2913
NC_003074.8:17142435-17144537	NC_003070.9	92.234	2099	89	28	46	2092	13058821	13060897	0.0	2905
NC_003074.8:17142435-17144537	NC_003070.9	92.164	2093	93	32	48	2094	16903800	16905867	0.0	2891
NC_003074.8:17142435-17144537	NC_003070.9	95.527	1811	53	8	48	1831	11737393	11735584	0.0	2870
NC_003074.8:17142435-17144537	NC_003070.9	91.893	2097	95	33	48	2091	22449931	22452005	0.0	2861
NC_003074.8:17142435-17144537	NC_003070.9	91.265	2118	93	33	48	2091	7035191	7037290	0.0	2802
NC_003074.8:17142435-17144537	NC_003070.9	90.974	2116	91	34	48	2092	26171480	26169394	0.0	2758
NC_003074.8:17142435-17144537	NC_003070.9	90.851	1880	83	32	61	1871	30255510	30253651	0.0	2436
NC_003074.8:17142435-17144537	NC_003070.9	91.671	1765	82	30	371	2102	13017571	13015839	0.0	2385
NC_003074.8:17142435-17144537	NC_003070.9	91.773	1568	80	31	547	2091	18791323	18792864	0.0	2135
NC_003074.8:17142435-17144537	NC_003070.9	92.768	1438	52	28	694	2100	15939773	15941189	0.0	2032
NC_003074.8:17142435-17144537	NC_003070.9	92.403	1448	61	13	48	1446	9816210	9817657	0.0	2019
NC_003074.8:17142435-17144537	NC_003070.9	91.632	1422	64	16	48	1427	501372	499964	0.0	1916
NC_003074.8:17142435-17144537	NC_003070.9	92.080	1351	50	17	43	1343	30253111	30251768	0.0	1849
NC_003074.8:17142435-17144537	NC_003070.9	90.144	1461	82	27	45	1446	9867417	9865960	0.0	1844
NC_003074.8:17142435-17144537	NC_003070.9	92.045	1345	52	13	48	1343	12330053	12328715	0.0	1840
NC_003074.8:17142435-17144537	NC_003070.9	89.918	1468	78	21	47	1446	17899862	17901327	0.0	1827
NC_003074.8:17142435-17144537	NC_003070.9	91.314	1347	58	17	48	1343	22994060	22992722	0.0	1784
NC_003074.8:17142435-17144537	NC_003070.9	89.762	1260	67	29	52	1252	19329256	19328000	0.0	1555
NC_003074.8:17142435-17144537	NC_003070.9	90.972	1163	59	23	960	2100	3413713	3414851	0.0	1524
NC_003074.8:17142435-17144537	NC_003070.9	93.366	1025	45	13	1081	2099	4786256	4787263	0.0	1495
NC_003074.8:17142435-17144537	NC_003070.9	90.480	1166	60	23	958	2099	28161194	28162332	0.0	1491
NC_003074.8:17142435-17144537	NC_003070.9	92.885	1040	51	14	1061	2093	19769011	19767988	0.0	1489
NC_003074.8:17142435-17144537	NC_003070.9	92.157	1020	43	13	1082	2091	16326311	16327303	0.0	1406
NC_003074.8:17142435-17144537	NC_003070.9	92.067	1021	46	14	1087	2102	12563207	12562217	0.0	1404
NC_003074.8:17142435-17144537	NC_003070.9	92.071	1009	46	14	1090	2091	19466071	19465090	0.0	1389
NC_003074.8:17142435-17144537	NC_003070.9	91.988	1011	48	12	1087	2091	12365009	12365992	0.0	1387
NC_003074.8:17142435-17144537	NC_003070.9	91.691	1023	52	10	1087	2103	16825388	16826383	0.0	1387
NC_003074.8:17142435-17144537	NC_003070.9	91.675	1021	49	13	1082	2095	23214532	23215523	0.0	1382
NC_003074.8:17142435-17144537	NC_003070.9	92.842	936	49	6	19	937	19061936	19062870	0.0	1341
NC_003074.8:17142435-17144537	NC_003070.9	95.094	795	37	2	48	841	4785461	4786254	0.0	1251
NC_003074.8:17142435-17144537	NC_003070.9	93.620	815	31	13	1282	2091	19063794	19064592	0.0	1197
NC_003074.8:17142435-17144537	NC_003070.9	92.408	843	38	10	298	1114	19062922	19063764	0.0	1179
NC_003074.8:17142435-17144537	NC_003070.9	92.152	841	31	9	48	855	12364135	12364973	0.0	1155
NC_003074.8:17142435-17144537	NC_003070.9	92.662	804	39	13	1291	2091	23876482	23877268	0.0	1140
NC_003074.8:17142435-17144537	NC_003070.9	90.541	888	40	12	1	855	16824476	16825352	0.0	1134
NC_003074.8:17142435-17144537	NC_003070.9	91.588	844	30	15	48	855	23213666	23214504	0.0	1127
NC_003074.8:17142435-17144537	NC_003070.9	91.402	849	32	15	44	855	19466953	19466109	0.0	1125
NC_003074.8:17142435-17144537	NC_003070.9	91.124	845	41	20	43	855	12564085	12563243	0.0	1114
NC_003074.8:17142435-17144537	NC_003070.9	90.888	845	35	16	48	855	16325444	16326283	0.0	1096
NC_003074.8:17142435-17144537	NC_003070.9	91.476	786	43	15	1311	2092	19328001	19327236	0.0	1059
NC_003074.8:17142435-17144537	NC_003070.9	91.349	786	33	13	945	1711	16998398	16997629	0.0	1042
NC_003074.8:17142435-17144537	NC_003070.9	91.214	774	33	14	958	1711	12876772	12876014	0.0	1020
NC_003074.8:17142435-17144537	NC_003070.9	86.354	938	73	22	48	937	16806989	16807919	0.0	972
NC_003074.8:17142435-17144537	NC_003070.9	93.829	632	37	2	1462	2091	9817643	9818274	0.0	950
NC_003074.8:17142435-17144537	NC_003070.9	93.365	633	36	5	1462	2091	17901313	17901942	0.0	931
NC_003074.8:17142435-17144537	NC_003070.9	93.354	632	35	6	1462	2089	9865974	9865346	0.0	928
NC_003074.8:17142435-17144537	NC_003070.9	92.756	635	33	6	1468	2091	14309396	14308764	0.0	905
NC_003074.8:17142435-17144537	NC_003070.9	86.993	838	65	18	48	845	16806150	16806983	0.0	904
NC_003074.8:17142435-17144537	NC_003070.9	94.147	598	21	9	1498	2091	499960	499373	0.0	898
NC_003074.8:17142435-17144537	NC_003070.9	90.131	689	43	13	269	937	17552860	17552177	0.0	872
NC_003074.8:17142435-17144537	NC_003070.9	89.405	689	50	12	269	937	1977027	1976342	0.0	846
NC_003074.8:17142435-17144537	NC_003070.9	88.970	689	50	14	269	937	14299705	14299023	0.0	828
NC_003074.8:17142435-17144537	NC_003070.9	83.684	950	73	29	38	940	13262212	13261298	0.0	821
NC_003074.8:17142435-17144537	NC_003070.9	88.922	677	52	12	280	937	19085234	19085906	0.0	813
NC_003074.8:17142435-17144537	NC_003070.9	93.455	550	27	9	1557	2099	8489951	8489404	0.0	808
NC_003074.8:17142435-17144537	NC_003070.9	88.479	677	53	11	280	937	19173667	19172997	0.0	795
NC_003074.8:17142435-17144537	NC_003070.9	88.479	677	47	16	280	937	12855858	12855194	0.0	789
NC_003074.8:17142435-17144537	NC_003070.9	93.161	541	30	7	1557	2091	25963004	25962465	0.0	787
NC_003074.8:17142435-17144537	NC_003070.9	91.557	533	29	6	1571	2100	18790338	18790857	0.0	721
NC_003074.8:17142435-17144537	NC_003070.9	93.275	461	17	1	48	494	15939323	15939783	0.0	667
NC_003074.8:17142435-17144537	NC_003070.9	90.707	495	30	4	21	502	22622329	22621838	0.0	645
NC_003074.8:17142435-17144537	NC_003070.9	94.404	411	17	6	1694	2099	23554190	23553781	4.06e-178	627
NC_003074.8:17142435-17144537	NC_003070.9	92.601	419	16	8	37	442	18790918	18791334	1.92e-166	588
NC_003074.8:17142435-17144537	NC_003070.9	90.610	426	17	8	936	1343	22621801	22621381	4.21e-153	544
NC_003074.8:17142435-17144537	NC_003070.9	90.596	319	12	9	1291	1607	22992366	22992064	5.76e-112	407
NC_003074.8:17142435-17144537	NC_003070.9	95.528	246	6	2	48	289	8490194	8489950	2.09e-106	388
NC_003074.8:17142435-17144537	NC_003070.9	89.902	307	13	9	1291	1595	22621025	22620735	1.26e-103	379
NC_003074.8:17142435-17144537	NC_003070.9	90.099	303	13	7	1291	1592	12328360	12328074	4.52e-103	377
NC_003074.8:17142435-17144537	NC_003070.9	88.401	319	19	9	1291	1607	30251412	30251110	2.72e-100	368
NC_003074.8:17142435-17144537	NC_003070.9	91.729	266	19	3	674	937	18746460	18746196	9.78e-100	366
NC_003074.8:17142435-17144537	NC_003070.9	95.238	231	10	1	1869	2099	30253364	30253135	3.52e-99	364
NC_003074.8:17142435-17144537	NC_003070.9	92.490	253	6	1	48	287	23554439	23554187	9.85e-95	350
NC_003074.8:17142435-17144537	NC_003070.9	92.157	255	7	1	48	289	25963257	25963003	3.54e-94	348
NC_003074.8:17142435-17144537	NC_003070.9	92.276	246	14	5	48	290	19085099	19085342	4.58e-93	344
NC_003074.8:17142435-17144537	NC_003070.9	92.116	241	5	2	48	275	3910601	3910362	4.62e-88	327
NC_003074.8:17142435-17144537	NC_003070.9	90.612	245	17	5	48	290	12855993	12855753	7.72e-86	320
NC_003074.8:17142435-17144537	NC_003070.9	88.519	270	20	11	26	290	19173824	19173561	9.99e-85	316
NC_003074.8:17142435-17144537	NC_003070.9	89.431	246	21	5	48	290	8291571	8291328	2.16e-81	305
NC_003074.8:17142435-17144537	NC_003070.9	87.547	265	13	7	43	290	17553002	17552741	2.18e-76	289
NC_003074.8:17142435-17144537	NC_003070.9	86.447	273	15	9	36	290	2235178	2234910	1.31e-73	279
NC_003074.8:17142435-17144537	NC_003070.9	86.486	259	14	8	48	290	14299842	14299589	3.67e-69	265
NC_003074.8:17142435-17144537	NC_003070.9	86.747	249	16	4	48	280	17009	17256	4.75e-68	261
NC_003074.8:17142435-17144537	NC_003070.9	85.878	262	18	6	46	290	18747050	18746791	4.75e-68	261
NC_003074.8:17142435-17144537	NC_003070.9	85.542	249	19	4	48	280	3074944	3074697	4.78e-63	244
NC_003074.8:17142435-17144537	NC_003070.9	86.325	234	13	6	75	290	17255	17487	8.00e-61	237
NC_003074.8:17142435-17144537	NC_003070.9	84.810	237	18	6	71	290	29320708	29320473	2.24e-56	222
NC_003074.8:17142435-17144537	NC_003070.9	96.269	134	3	2	1968	2099	22992056	22991923	2.90e-55	219
NC_003074.8:17142435-17144537	NC_003070.9	89.305	187	3	4	958	1128	22992564	22992379	2.90e-55	219
NC_003074.8:17142435-17144537	NC_003070.9	84.615	234	17	6	75	290	3074698	3074466	3.75e-54	215
NC_003074.8:17142435-17144537	NC_003070.9	89.071	183	4	3	958	1124	30251610	30251428	1.35e-53	213
NC_003074.8:17142435-17144537	NC_003070.9	96.124	129	3	2	1968	2095	22620714	22620587	1.74e-52	209
NC_003074.8:17142435-17144537	NC_003070.9	83.193	238	31	7	1857	2091	30251209	30250978	1.74e-52	209
NC_003074.8:17142435-17144537	NC_003070.9	96.800	125	3	1	1968	2091	12328051	12327927	6.27e-52	207
NC_003074.8:17142435-17144537	NC_003070.9	87.701	187	6	4	958	1128	12328558	12328373	2.92e-50	202
NC_003074.8:17142435-17144537	NC_003070.9	87.166	187	7	4	958	1128	22621223	22621038	1.36e-48	196
NC_003074.8:17142435-17144537	NC_003070.9	87.166	187	7	4	958	1128	23876284	23876469	1.36e-48	196
NC_003074.8:17142435-17144537	NC_003070.9	86.861	137	16	2	1966	2100	4770242	4770106	2.98e-35	152
NC_003074.8:17142435-17144537	NC_003070.9	86.260	131	14	4	1965	2091	21739206	21739076	2.32e-31	139
NC_003074.8:17142435-17144537	NC_003070.9	86.154	130	14	4	1965	2091	10021542	10021414	8.35e-31	137
NC_003074.8:17142435-17144537	NC_003070.9	84.173	139	19	3	1965	2101	9918581	9918444	3.88e-29	132
NC_003074.8:17142435-17144537	NC_003070.9	93.750	80	5	0	49	128	30251767	30251688	8.41e-26	121
NC_003074.8:17142435-17144537	NC_003070.9	91.765	85	7	0	44	128	18790099	18790183	3.02e-25	119
NC_003074.8:17142435-17144537	NC_003070.9	92.683	82	4	2	48	128	12876928	12876848	1.09e-24	117
NC_003074.8:17142435-17144537	NC_003070.9	90.805	87	6	2	43	128	3413548	3413633	3.91e-24	115
NC_003074.8:17142435-17144537	NC_003070.9	92.500	80	6	0	49	128	22992721	22992642	3.91e-24	115
NC_003074.8:17142435-17144537	NC_003070.9	92.500	80	5	1	49	128	12328714	12328636	1.41e-23	113
NC_003074.8:17142435-17144537	NC_003070.9	83.871	124	13	5	9	128	16998995	16998875	5.06e-23	111
NC_003074.8:17142435-17144537	NC_003070.9	82.946	129	15	5	1965	2092	16858753	16858631	1.82e-22	110
NC_003074.8:17142435-17144537	NC_003070.9	82.090	134	18	6	1965	2094	20166799	20166668	1.82e-22	110
NC_003074.8:17142435-17144537	NC_003070.9	89.535	86	6	3	51	136	22621378	22621296	2.35e-21	106
NC_003074.8:17142435-17144537	NC_003070.9	82.540	126	15	5	1965	2089	26307384	26307503	8.47e-21	104
NC_003074.8:17142435-17144537	NC_003070.9	88.235	85	8	2	45	128	19724752	19724835	1.10e-19	100
NC_003074.8:17142435-17144537	NC_003070.9	92.857	42	3	0	958	999	18790258	18790299	5.17e-08	62.1
NC_003074.8:17142435-17144537	NC_003070.9	84.906	53	8	0	2039	2091	21103407	21103355	8.65e-06	54.7
NC_003074.8:17142435-17144537	NC_003076.8	93.394	2089	75	27	48	2091	9965017	9962947	0.0	3035
NC_003074.8:17142435-17144537	NC_003076.8	92.282	2112	87	31	39	2096	8746709	8744620	0.0	2928
NC_003074.8:17142435-17144537	NC_003076.8	92.260	2093	95	31	48	2092	14082835	14080762	0.0	2905
NC_003074.8:17142435-17144537	NC_003076.8	91.718	2125	108	35	15	2091	16356440	16358544	0.0	2887
NC_003074.8:17142435-17144537	NC_003076.8	92.189	2074	98	29	65	2091	17775746	17777802	0.0	2874
NC_003074.8:17142435-17144537	NC_003076.8	91.506	2131	111	32	12	2094	1898680	1896572	0.0	2868
NC_003074.8:17142435-17144537	NC_003076.8	90.960	2135	96	37	49	2103	5430061	5427944	0.0	2784
NC_003074.8:17142435-17144537	NC_003076.8	90.960	2124	103	30	48	2097	19742617	19740509	0.0	2776
NC_003074.8:17142435-17144537	NC_003076.8	90.960	2124	98	35	48	2100	20682406	20680306	0.0	2772
NC_003074.8:17142435-17144537	NC_003076.8	90.862	2123	104	32	42	2093	8765702	8767805	0.0	2763
NC_003074.8:17142435-17144537	NC_003076.8	90.733	2115	109	32	48	2091	17365025	17367123	0.0	2739
NC_003074.8:17142435-17144537	NC_003076.8	90.517	2109	104	35	63	2100	24187899	24185816	0.0	2699
NC_003074.8:17142435-17144537	NC_003076.8	90.467	2014	97	39	39	1982	14151302	14149314	0.0	2567
NC_003074.8:17142435-17144537	NC_003076.8	92.051	1346	51	13	47	1343	20281985	20280647	0.0	1842
NC_003074.8:17142435-17144537	NC_003076.8	91.382	1346	60	16	47	1343	9590409	9591747	0.0	1792
NC_003074.8:17142435-17144537	NC_003076.8	91.004	1334	56	24	43	1318	9559512	9558185	0.0	1740
NC_003074.8:17142435-17144537	NC_003076.8	92.784	1164	47	16	958	2101	15043270	15042124	0.0	1650
NC_003074.8:17142435-17144537	NC_003076.8	91.724	1172	59	16	184	1320	4312682	4313850	0.0	1592
NC_003074.8:17142435-17144537	NC_003076.8	89.953	1264	58	22	43	1250	4782232	4780982	0.0	1567
NC_003074.8:17142435-17144537	NC_003076.8	92.639	1114	42	12	40	1114	15606608	15605496	0.0	1567
NC_003074.8:17142435-17144537	NC_003076.8	91.360	1169	60	17	958	2100	24476433	24475280	0.0	1561
NC_003074.8:17142435-17144537	NC_003076.8	91.460	1171	47	20	958	2091	22232106	22230952	0.0	1559
NC_003074.8:17142435-17144537	NC_003076.8	91.041	1172	49	18	48	1164	11025336	11026506	0.0	1531
NC_003074.8:17142435-17144537	NC_003076.8	91.474	1126	53	19	958	2056	5977895	5976786	0.0	1507
NC_003074.8:17142435-17144537	NC_003076.8	93.676	1012	41	11	1057	2062	18854895	18855889	0.0	1493
NC_003074.8:17142435-17144537	NC_003076.8	90.068	1168	66	23	958	2091	8354352	8353201	0.0	1469
NC_003074.8:17142435-17144537	NC_003076.8	91.892	1073	40	11	99	1124	17618634	17617562	0.0	1456
NC_003074.8:17142435-17144537	NC_003076.8	92.292	1012	54	17	1085	2091	4313874	4314866	0.0	1415
NC_003074.8:17142435-17144537	NC_003076.8	92.880	941	45	12	1155	2091	11026974	11027896	0.0	1347
NC_003074.8:17142435-17144537	NC_003076.8	89.788	1038	50	22	1064	2097	21530929	21531914	0.0	1279
NC_003074.8:17142435-17144537	NC_003076.8	92.100	924	37	9	48	937	18853952	18854873	0.0	1269
NC_003074.8:17142435-17144537	NC_003076.8	92.326	847	29	14	43	855	21530084	21530928	0.0	1171
NC_003074.8:17142435-17144537	NC_003076.8	92.476	824	39	14	1282	2099	15605466	15604660	0.0	1157
NC_003074.8:17142435-17144537	NC_003076.8	91.834	796	42	14	1312	2101	4780980	4780202	0.0	1088
NC_003074.8:17142435-17144537	NC_003076.8	88.159	929	64	28	48	937	9612591	9613512	0.0	1064
NC_003074.8:17142435-17144537	NC_003076.8	88.197	915	43	30	958	1849	10714580	10715452	0.0	1031
NC_003074.8:17142435-17144537	NC_003076.8	92.943	666	31	3	48	698	7154439	7153775	0.0	955
NC_003074.8:17142435-17144537	NC_003076.8	94.684	602	26	6	1504	2099	7153775	7153174	0.0	929
NC_003074.8:17142435-17144537	NC_003076.8	92.939	609	39	4	1495	2100	25905017	25905624	0.0	883
NC_003074.8:17142435-17144537	NC_003076.8	89.695	689	46	12	269	937	8683118	8683801	0.0	856
NC_003074.8:17142435-17144537	NC_003076.8	89.535	688	50	11	269	937	7711270	7711954	0.0	852
NC_003074.8:17142435-17144537	NC_003076.8	88.663	688	55	12	269	937	14761045	14760362	0.0	817
NC_003074.8:17142435-17144537	NC_003076.8	91.346	520	26	6	960	1461	15577265	15576747	0.0	693
NC_003074.8:17142435-17144537	NC_003076.8	91.853	491	35	5	1605	2092	15576667	15576179	0.0	680
NC_003074.8:17142435-17144537	NC_003076.8	90.769	520	30	5	960	1461	21776872	21776353	0.0	678
NC_003074.8:17142435-17144537	NC_003076.8	91.667	492	33	8	1605	2092	21776273	21775786	0.0	675
NC_003074.8:17142435-17144537	NC_003076.8	92.461	451	24	6	1653	2100	9134290	9134733	0.0	636
NC_003074.8:17142435-17144537	NC_003076.8	93.735	415	15	11	1694	2102	17796537	17796128	1.14e-173	612
NC_003074.8:17142435-17144537	NC_003076.8	90.974	421	33	5	1675	2091	21584595	21584176	1.16e-158	562
NC_003074.8:17142435-17144537	NC_003076.8	90.080	373	23	12	1730	2091	25264968	25265337	2.01e-131	472
NC_003074.8:17142435-17144537	NC_003076.8	89.356	357	20	5	48	389	4312436	4312789	9.51e-120	433
NC_003074.8:17142435-17144537	NC_003076.8	89.655	319	15	9	1291	1607	9592102	9592404	5.80e-107	390
NC_003074.8:17142435-17144537	NC_003076.8	89.308	318	17	9	1291	1607	17617546	17617245	9.71e-105	383
NC_003074.8:17142435-17144537	NC_003076.8	90.099	303	13	8	1291	1592	20280291	20280005	4.52e-103	377
NC_003074.8:17142435-17144537	NC_003076.8	92.857	252	6	1	48	287	17796785	17796534	2.12e-96	355
NC_003074.8:17142435-17144537	NC_003076.8	91.165	249	19	3	691	937	20398316	20398563	2.76e-90	335
NC_003074.8:17142435-17144537	NC_003076.8	90.336	238	18	5	45	280	354137	354371	6.01e-82	307
NC_003074.8:17142435-17144537	NC_003076.8	88.142	253	19	8	48	290	13918790	13918539	6.06e-77	291
NC_003074.8:17142435-17144537	NC_003076.8	87.938	257	16	6	48	290	15342696	15342441	2.18e-76	289
NC_003074.8:17142435-17144537	NC_003076.8	84.818	303	23	8	10	290	3020239	3019938	1.01e-74	283
NC_003074.8:17142435-17144537	NC_003076.8	87.259	259	16	8	48	290	17955555	17955812	1.31e-73	279
NC_003074.8:17142435-17144537	NC_003076.8	92.670	191	12	2	1915	2103	10715445	10715635	6.10e-72	274
NC_003074.8:17142435-17144537	NC_003076.8	86.154	260	16	9	48	290	5129834	5129578	1.32e-68	263
NC_003074.8:17142435-17144537	NC_003076.8	86.154	260	17	8	48	290	19931558	19931301	1.32e-68	263
NC_003074.8:17142435-17144537	NC_003076.8	84.871	271	21	7	37	290	25264502	25264769	2.21e-66	255
NC_003074.8:17142435-17144537	NC_003076.8	85.385	260	19	6	48	290	14761183	14760926	2.86e-65	252
NC_003074.8:17142435-17144537	NC_003076.8	91.228	171	12	3	26	195	19670779	19670947	1.34e-58	230
NC_003074.8:17142435-17144537	NC_003076.8	88.235	187	5	4	958	1128	20280489	20280304	6.27e-52	207
NC_003074.8:17142435-17144537	NC_003076.8	95.349	129	6	0	1971	2099	14143814	14143686	2.26e-51	206
NC_003074.8:17142435-17144537	NC_003076.8	87.234	188	8	3	958	1129	9134111	9134298	1.05e-49	200
NC_003074.8:17142435-17144537	NC_003076.8	87.912	182	6	3	958	1123	9591905	9592086	1.05e-49	200
NC_003074.8:17142435-17144537	NC_003076.8	93.277	119	5	3	29	147	20398201	20398316	2.29e-41	172
NC_003074.8:17142435-17144537	NC_003076.8	88.194	144	12	5	1965	2103	22621309	22621166	1.06e-39	167
NC_003074.8:17142435-17144537	NC_003076.8	88.571	140	11	5	1965	2100	24449246	24449384	3.83e-39	165
NC_003074.8:17142435-17144537	NC_003076.8	88.462	130	12	3	1965	2091	17043772	17043901	8.29e-36	154
NC_003074.8:17142435-17144537	NC_003076.8	85.714	140	15	5	1966	2101	9557787	9557649	1.79e-32	143
NC_003074.8:17142435-17144537	NC_003076.8	86.154	130	15	3	1965	2091	14810696	14810825	8.35e-31	137
NC_003074.8:17142435-17144537	NC_003076.8	85.821	134	14	5	1965	2095	26787234	26787103	8.35e-31	137
NC_003074.8:17142435-17144537	NC_003076.8	84.173	139	14	6	1965	2102	10041933	10041802	5.02e-28	128
NC_003074.8:17142435-17144537	NC_003076.8	93.827	81	5	0	48	128	5978053	5977973	2.34e-26	122
NC_003074.8:17142435-17144537	NC_003076.8	86.842	114	9	5	23	136	15043450	15043343	2.34e-26	122
NC_003074.8:17142435-17144537	NC_003076.8	86.957	115	7	2	958	1064	25904890	25905004	2.34e-26	122
NC_003074.8:17142435-17144537	NC_003076.8	93.750	80	5	0	49	128	20280646	20280567	8.41e-26	121
NC_003074.8:17142435-17144537	NC_003076.8	91.860	86	4	3	45	128	9133949	9134033	1.09e-24	117
NC_003074.8:17142435-17144537	NC_003076.8	92.500	80	6	0	49	128	9591748	9591827	3.91e-24	115
NC_003074.8:17142435-17144537	NC_003076.8	91.358	81	7	0	48	128	24476591	24476511	5.06e-23	111
NC_003074.8:17142435-17144537	NC_003076.8	87.368	95	7	5	40	132	13982127	13982218	8.47e-21	104
NC_003074.8:17142435-17144537	NC_003076.8	94.118	68	3	1	45	111	10714420	10714487	3.05e-20	102
NC_003074.8:17142435-17144537	NC_003076.8	85.882	85	11	1	2008	2091	15882682	15882766	2.37e-16	89.8
NC_003074.8:17142435-17144537	NC_003076.8	88.235	51	5	1	2047	2096	10212168	10212218	1.86e-07	60.2
NC_003074.8:17116703-17117623	NC_003074.8	100.000	921	0	0	1	921	17117623	17116703	0.0	1701
NC_003074.8:17116703-17117623	NC_003074.8	78.744	414	61	15	366	777	16977630	16978018	1.23e-65	252
NC_003074.8:17116703-17117623	NC_003074.8	85.909	220	29	1	558	777	15883870	15883653	4.46e-60	233
NC_003074.8:17116703-17117623	NC_003076.8	97.286	921	21	4	1	921	14749026	14749942	0.0	1559
NC_003074.8:17116703-17117623	NC_003076.8	91.860	172	14	0	116	287	8224510	8224681	2.67e-62	241
NC_003074.8:17116703-17117623	NC_003076.8	86.250	160	17	5	765	920	9222760	9222918	1.28e-40	169
NC_003074.8:17116703-17117623	NC_003070.9	93.143	525	35	1	1	525	13357136	13357659	0.0	769
NC_003074.8:17116703-17117623	NC_003071.7	81.633	343	38	6	436	777	2952548	2952866	2.05e-68	261
NC_003074.8:17776768-17778065	NC_003074.8	100.000	1298	0	0	1	1298	17776768	17778065	0.0	2398
NC_003074.8:17776768-17778065	NC_003074.8	92.923	1300	78	7	2	1296	17729940	17731230	0.0	1879
NC_003074.8:17776768-17778065	NC_003074.8	91.398	1302	78	15	2	1298	9767629	9766357	0.0	1753
NC_003074.8:17776768-17778065	NC_003074.8	90.710	1324	81	23	1	1296	16419143	16420452	0.0	1725
NC_003074.8:17776768-17778065	NC_003074.8	92.483	1144	67	9	161	1298	17276873	17275743	0.0	1618
NC_003074.8:17776768-17778065	NC_003074.8	92.287	1128	71	10	161	1282	15938226	15939343	0.0	1587
NC_003074.8:17776768-17778065	NC_003074.8	92.199	1128	72	12	161	1276	10820486	10819363	0.0	1581
NC_003074.8:17776768-17778065	NC_003074.8	91.076	1143	79	12	161	1298	20787323	20788447	0.0	1524
NC_003074.8:17776768-17778065	NC_003074.8	92.537	1072	58	8	2	1068	11503761	11502707	0.0	1517
NC_003074.8:17776768-17778065	NC_003074.8	90.696	1150	83	13	156	1298	22119525	22120657	0.0	1509
NC_003074.8:17776768-17778065	NC_003074.8	90.406	1157	69	20	161	1298	17143580	17142447	0.0	1483
NC_003074.8:17776768-17778065	NC_003074.8	90.314	1146	68	22	161	1298	16562477	16563587	0.0	1461
NC_003074.8:17776768-17778065	NC_003074.8	90.212	1134	78	10	161	1275	11536758	11537877	0.0	1448
NC_003074.8:17776768-17778065	NC_003074.8	92.563	995	60	9	306	1298	17062368	17061386	0.0	1415
NC_003074.8:17776768-17778065	NC_003074.8	89.501	1143	75	10	161	1298	15452557	15451455	0.0	1404
NC_003074.8:17776768-17778065	NC_003074.8	91.214	1013	62	9	294	1298	16451587	16452580	0.0	1352
NC_003074.8:17776768-17778065	NC_003074.8	91.064	996	62	10	306	1298	7995800	7994829	0.0	1321
NC_003074.8:17776768-17778065	NC_003074.8	91.068	918	54	8	1	917	10320411	10321301	0.0	1216
NC_003074.8:17776768-17778065	NC_003074.8	93.434	792	45	3	513	1298	18412509	18413299	0.0	1168
NC_003074.8:17776768-17778065	NC_003074.8	93.317	793	45	4	513	1298	18019136	18019927	0.0	1164
NC_003074.8:17776768-17778065	NC_003074.8	92.695	794	46	8	513	1298	3965358	3966147	0.0	1134
NC_003074.8:17776768-17778065	NC_003074.8	91.940	794	54	6	513	1298	13327791	13328582	0.0	1103
NC_003074.8:17776768-17778065	NC_003074.8	92.732	743	46	5	561	1298	10556871	10556132	0.0	1066
NC_003074.8:17776768-17778065	NC_003074.8	92.070	744	42	6	561	1298	10575083	10574351	0.0	1031
NC_003074.8:17776768-17778065	NC_003074.8	91.299	770	43	5	534	1298	15485279	15484529	0.0	1029
NC_003074.8:17776768-17778065	NC_003074.8	92.263	685	48	3	2	686	11967653	11968332	0.0	966
NC_003074.8:17776768-17778065	NC_003074.8	91.628	645	46	7	658	1298	5744483	5743843	0.0	885
NC_003074.8:17776768-17778065	NC_003074.8	91.424	618	41	8	687	1298	9384377	9383766	0.0	837
NC_003074.8:17776768-17778065	NC_003074.8	93.895	475	27	2	1	474	15485751	15485278	0.0	715
NC_003074.8:17776768-17778065	NC_003074.8	91.221	524	34	3	161	684	5744998	5744487	0.0	702
NC_003074.8:17776768-17778065	NC_003074.8	92.638	489	27	3	149	637	9384863	9384384	0.0	695
NC_003074.8:17776768-17778065	NC_003074.8	93.148	467	30	2	1	467	10557347	10556883	0.0	684
NC_003074.8:17776768-17778065	NC_003074.8	92.271	414	30	2	54	467	10575506	10575095	4.22e-166	586
NC_003074.8:17776768-17778065	NC_003074.8	92.195	410	23	6	158	565	17300342	17299940	1.18e-161	571
NC_003074.8:17776768-17778065	NC_003074.8	94.412	340	18	1	3	342	17299939	17299601	1.21e-146	521
NC_003074.8:17776768-17778065	NC_003074.8	92.398	342	24	2	2	342	13327434	13327774	4.41e-136	486
NC_003074.8:17776768-17778065	NC_003074.8	94.702	302	16	0	513	814	17299583	17299282	4.44e-131	470
NC_003074.8:17776768-17778065	NC_003074.8	92.523	321	23	1	23	342	3965021	3965341	9.60e-128	459
NC_003074.8:17776768-17778065	NC_003074.8	91.346	312	19	3	39	350	1571407	1571710	4.53e-116	420
NC_003074.8:17776768-17778065	NC_003074.8	90.278	288	27	1	1011	1298	11968331	11968617	9.95e-103	375
NC_003074.8:17776768-17778065	NC_003074.8	91.129	248	19	2	1015	1262	11200936	11201180	6.07e-90	333
NC_003074.8:17776768-17778065	NC_003074.8	89.286	252	17	1	1057	1298	8757570	8757821	3.68e-82	307
NC_003074.8:17776768-17778065	NC_003074.8	86.760	287	9	5	513	799	1571723	1571980	1.03e-77	292
NC_003074.8:17776768-17778065	NC_003074.8	76.966	178	13	21	768	938	15667806	15667650	1.13e-12	76.8
NC_003074.8:17776768-17778065	NC_003076.8	92.874	1305	77	10	1	1298	15043429	15042134	0.0	1881
NC_003074.8:17776768-17778065	NC_003076.8	92.337	1305	88	9	2	1298	24476591	24475291	0.0	1845
NC_003074.8:17776768-17778065	NC_003076.8	92.191	1319	77	13	1	1298	22232265	22230952	0.0	1842
NC_003074.8:17776768-17778065	NC_003076.8	92.386	1274	79	12	2	1263	5978053	5976786	0.0	1799
NC_003074.8:17776768-17778065	NC_003076.8	91.483	1315	89	14	2	1298	8354510	8353201	0.0	1786
NC_003074.8:17776768-17778065	NC_003076.8	93.438	1143	66	6	161	1298	5429094	5427956	0.0	1687
NC_003074.8:17776768-17778065	NC_003076.8	93.438	1143	65	6	161	1298	20681453	20680316	0.0	1687
NC_003074.8:17776768-17778065	NC_003076.8	93.263	1143	67	7	161	1298	8766666	8767803	0.0	1676
NC_003074.8:17776768-17778065	NC_003076.8	92.882	1152	69	7	150	1296	24186970	24185827	0.0	1661
NC_003074.8:17776768-17778065	NC_003076.8	92.657	1144	74	5	161	1298	19741654	19740515	0.0	1639
NC_003074.8:17776768-17778065	NC_003076.8	92.670	1146	61	11	161	1298	9964077	9962947	0.0	1629
NC_003074.8:17776768-17778065	NC_003076.8	92.570	1144	70	12	161	1298	8745759	8744625	0.0	1628
NC_003074.8:17776768-17778065	NC_003076.8	92.402	1145	76	7	161	1298	17365983	17367123	0.0	1622
NC_003074.8:17776768-17778065	NC_003076.8	92.220	1144	71	8	161	1298	1897707	1896576	0.0	1604
NC_003074.8:17776768-17778065	NC_003076.8	92.066	1147	70	12	161	1298	14081897	14080763	0.0	1594
NC_003074.8:17776768-17778065	NC_003076.8	91.573	1151	75	13	156	1298	16357408	16358544	0.0	1568
NC_003074.8:17776768-17778065	NC_003076.8	91.263	1156	84	9	149	1298	17776658	17777802	0.0	1559
NC_003074.8:17776768-17778065	NC_003076.8	92.940	1034	64	5	161	1189	14150343	14149314	0.0	1496
NC_003074.8:17776768-17778065	NC_003076.8	92.663	995	62	6	281	1269	18854900	18855889	0.0	1423
NC_003074.8:17776768-17778065	NC_003076.8	91.908	1001	67	10	304	1298	4313874	4314866	0.0	1387
NC_003074.8:17776768-17778065	NC_003076.8	90.028	1063	66	20	1	1056	10714423	10715452	0.0	1339
NC_003074.8:17776768-17778065	NC_003076.8	92.896	929	53	8	377	1298	11026974	11027896	0.0	1338
NC_003074.8:17776768-17778065	NC_003076.8	90.069	1017	63	14	283	1298	21530929	21531908	0.0	1284
NC_003074.8:17776768-17778065	NC_003076.8	91.635	801	58	6	504	1298	15605466	15604669	0.0	1099
NC_003074.8:17776768-17778065	NC_003076.8	92.109	773	51	7	534	1298	4780980	4780210	0.0	1081
NC_003074.8:17776768-17778065	NC_003076.8	93.249	711	44	3	1	711	15577426	15576720	0.0	1044
NC_003074.8:17776768-17778065	NC_003076.8	93.108	711	46	2	1	711	21777033	21776326	0.0	1038
NC_003074.8:17776768-17778065	NC_003076.8	92.346	601	39	4	703	1298	25905017	25905615	0.0	848
NC_003074.8:17776768-17778065	NC_003076.8	92.712	590	36	4	715	1298	7153772	7153184	0.0	845
NC_003074.8:17776768-17778065	NC_003076.8	92.464	491	30	4	812	1298	15576667	15576180	0.0	695
NC_003074.8:17776768-17778065	NC_003076.8	92.480	492	27	7	812	1298	21776273	21775787	0.0	695
NC_003074.8:17776768-17778065	NC_003076.8	93.103	406	20	5	161	565	20281045	20280647	1.17e-166	588
NC_003074.8:17776768-17778065	NC_003076.8	91.686	421	30	2	882	1298	21584595	21584176	7.07e-164	579
NC_003074.8:17776768-17778065	NC_003076.8	90.519	443	30	5	860	1298	9134290	9134724	9.14e-163	575
NC_003074.8:17776768-17778065	NC_003076.8	91.872	406	24	5	161	565	9591350	9591747	9.20e-158	558
NC_003074.8:17776768-17778065	NC_003076.8	91.315	403	27	5	901	1298	17796537	17796138	2.58e-153	544
NC_003074.8:17776768-17778065	NC_003076.8	92.408	382	24	5	161	542	4313474	4313850	3.33e-152	540
NC_003074.8:17776768-17778065	NC_003076.8	93.824	340	20	1	3	342	20280646	20280308	2.61e-143	510
NC_003074.8:17776768-17778065	NC_003076.8	93.275	342	22	1	3	344	9591748	9592088	4.37e-141	503
NC_003074.8:17776768-17778065	NC_003076.8	90.601	383	17	7	161	540	9558551	9558185	3.41e-137	490
NC_003074.8:17776768-17778065	NC_003076.8	92.398	342	25	1	1	342	9133952	9134292	4.41e-136	486
NC_003074.8:17776768-17778065	NC_003076.8	90.349	373	25	11	934	1298	25264968	25265337	7.37e-134	479
NC_003074.8:17776768-17778065	NC_003076.8	93.949	314	16	2	161	474	4781290	4780980	1.23e-131	472
NC_003074.8:17776768-17778065	NC_003076.8	94.059	303	17	1	513	814	9592102	9592404	9.60e-128	459
NC_003074.8:17776768-17778065	NC_003076.8	95.122	287	14	0	513	799	20280291	20280005	4.47e-126	453
NC_003074.8:17776768-17778065	NC_003076.8	92.715	302	22	0	513	814	17617546	17617245	4.50e-121	436
NC_003074.8:17776768-17778065	NC_003076.8	91.882	271	21	1	2	272	25904732	25905001	2.77e-103	377
NC_003074.8:17776768-17778065	NC_003076.8	93.119	218	13	1	161	378	11026281	11026496	1.70e-85	318
NC_003074.8:17776768-17778065	NC_003076.8	96.154	182	7	0	161	342	17617744	17617563	2.22e-79	298
NC_003074.8:17776768-17778065	NC_003076.8	91.329	173	7	2	161	333	15605660	15605496	8.20e-59	230
NC_003074.8:17776768-17778065	NC_003076.8	100.000	54	0	0	741	794	15576716	15576663	6.71e-20	100
NC_003074.8:17776768-17778065	NC_003076.8	96.296	54	2	0	741	794	21776322	21776269	1.45e-16	89.8
NC_003074.8:17776768-17778065	NC_003076.8	100.000	30	0	0	1269	1298	14004992	14005021	1.47e-06	56.5
NC_003074.8:17776768-17778065	NC_003075.7	92.929	1301	77	10	5	1298	11193567	11192275	0.0	1879
NC_003074.8:17776768-17778065	NC_003075.7	92.556	1303	87	7	2	1298	372086	370788	0.0	1860
NC_003074.8:17776768-17778065	NC_003075.7	92.095	1303	93	7	2	1298	6166464	6165166	0.0	1827
NC_003074.8:17776768-17778065	NC_003075.7	93.194	1146	66	8	161	1298	8064563	8065704	0.0	1674
NC_003074.8:17776768-17778065	NC_003075.7	92.838	1145	62	10	161	1298	5540448	5539317	0.0	1642
NC_003074.8:17776768-17778065	NC_003075.7	92.207	1142	71	11	161	1296	1001051	999922	0.0	1600
NC_003074.8:17776768-17778065	NC_003075.7	92.133	1144	71	10	161	1298	1350526	1351656	0.0	1596
NC_003074.8:17776768-17778065	NC_003075.7	92.119	1142	72	9	161	1298	8729528	8728401	0.0	1594
NC_003074.8:17776768-17778065	NC_003075.7	91.466	1160	75	12	149	1298	11361800	11362945	0.0	1572
NC_003074.8:17776768-17778065	NC_003075.7	90.925	1146	68	14	161	1298	4147065	4148182	0.0	1507
NC_003074.8:17776768-17778065	NC_003075.7	92.530	1004	64	6	301	1298	16864261	16863263	0.0	1428
NC_003074.8:17776768-17778065	NC_003075.7	92.929	792	47	6	513	1298	683570	684358	0.0	1144
NC_003074.8:17776768-17778065	NC_003075.7	92.497	773	48	6	534	1298	10396119	10395349	0.0	1098
NC_003074.8:17776768-17778065	NC_003075.7	92.413	659	41	6	456	1108	965061	964406	0.0	931
NC_003074.8:17776768-17778065	NC_003075.7	90.432	533	32	9	774	1298	14390783	14390262	0.0	684
NC_003074.8:17776768-17778065	NC_003075.7	92.812	473	30	4	2	474	965799	965331	0.0	682
NC_003074.8:17776768-17778065	NC_003075.7	93.275	342	22	1	1	342	683212	683552	4.37e-141	503
NC_003074.8:17776768-17778065	NC_003075.7	95.223	314	13	2	161	474	10396429	10396118	7.32e-139	496
NC_003074.8:17776768-17778065	NC_003075.7	88.000	375	28	7	901	1270	7853284	7852922	2.71e-118	427
NC_003074.8:17776768-17778065	NC_003075.7	89.668	271	21	2	2	272	8802132	8802395	1.31e-91	339
NC_003074.8:17776768-17778065	NC_003075.7	92.537	201	13	2	2	202	14390988	14390790	4.80e-76	287
NC_003074.8:17776768-17778065	NC_003075.7	88.596	228	23	3	1073	1298	8802511	8802737	3.73e-72	274
NC_003074.8:17776768-17778065	NC_003075.7	77.143	490	73	27	719	1194	7593705	7593241	2.26e-64	248
NC_003074.8:17776768-17778065	NC_003075.7	89.362	188	19	1	1111	1298	963860	963674	1.76e-60	235
NC_003074.8:17776768-17778065	NC_003075.7	88.421	95	8	1	703	794	8802411	8802505	3.10e-23	111
NC_003074.8:17776768-17778065	NC_003070.9	92.331	1304	78	14	2	1298	28161034	28162322	0.0	1834
NC_003074.8:17776768-17778065	NC_003070.9	91.648	1305	86	15	1	1298	3413552	3414840	0.0	1784
NC_003074.8:17776768-17778065	NC_003070.9	92.677	1147	71	6	161	1298	7036148	7037290	0.0	1640
NC_003074.8:17776768-17778065	NC_003070.9	92.657	1144	68	12	161	1298	13059763	13060896	0.0	1633
NC_003074.8:17776768-17778065	NC_003070.9	92.570	1144	62	13	161	1298	26170521	26169395	0.0	1620
NC_003074.8:17776768-17778065	NC_003070.9	92.334	1148	70	8	157	1298	11700592	11701727	0.0	1616
NC_003074.8:17776768-17778065	NC_003070.9	92.215	1156	68	9	149	1298	15940039	15941178	0.0	1616
NC_003074.8:17776768-17778065	NC_003070.9	92.794	1124	61	10	161	1276	8115710	8116821	0.0	1609
NC_003074.8:17776768-17778065	NC_003070.9	92.308	1144	70	8	161	1298	16904733	16905864	0.0	1609
NC_003074.8:17776768-17778065	NC_003070.9	91.861	1155	73	10	149	1298	22450867	22452005	0.0	1592
NC_003074.8:17776768-17778065	NC_003070.9	91.871	1144	72	11	161	1298	19994809	19993681	0.0	1578
NC_003074.8:17776768-17778065	NC_003070.9	91.696	1144	69	8	161	1298	9817151	9818274	0.0	1563
NC_003074.8:17776768-17778065	NC_003070.9	91.815	1124	71	12	183	1298	18791754	18792864	0.0	1546
NC_003074.8:17776768-17778065	NC_003070.9	91.171	1144	68	13	161	1298	13016967	13015851	0.0	1522
NC_003074.8:17776768-17778065	NC_003070.9	92.688	1053	67	7	253	1298	19769039	19767990	0.0	1509
NC_003074.8:17776768-17778065	NC_003070.9	90.750	1146	76	10	161	1298	17900819	17901942	0.0	1502
NC_003074.8:17776768-17778065	NC_003070.9	90.734	1144	77	9	161	1296	9866468	9865346	0.0	1498
NC_003074.8:17776768-17778065	NC_003070.9	92.663	995	59	9	306	1298	16825388	16826370	0.0	1421
NC_003074.8:17776768-17778065	NC_003070.9	92.362	995	58	12	306	1298	12563207	12562229	0.0	1400
NC_003074.8:17776768-17778065	NC_003070.9	92.269	996	62	11	306	1298	12365009	12365992	0.0	1399
NC_003074.8:17776768-17778065	NC_003070.9	92.261	995	59	13	309	1298	19466071	19465090	0.0	1395
NC_003074.8:17776768-17778065	NC_003070.9	94.156	924	41	7	161	1078	30254567	30253651	0.0	1395
NC_003074.8:17776768-17778065	NC_003070.9	91.916	1002	70	6	303	1298	4786259	4787255	0.0	1391
NC_003074.8:17776768-17778065	NC_003070.9	92.024	1003	60	11	301	1298	23214532	23215519	0.0	1391
NC_003074.8:17776768-17778065	NC_003070.9	91.956	1007	58	16	301	1298	16326311	16327303	0.0	1389
NC_003074.8:17776768-17778065	NC_003070.9	93.254	919	53	4	2	917	12876928	12876016	0.0	1345
NC_003074.8:17776768-17778065	NC_003070.9	94.675	770	35	2	150	917	16998396	16997631	0.0	1190
NC_003074.8:17776768-17778065	NC_003070.9	93.797	790	42	4	513	1298	23876482	23877268	0.0	1181
NC_003074.8:17776768-17778065	NC_003070.9	90.530	887	52	14	161	1028	11736466	11735593	0.0	1144
NC_003074.8:17776768-17778065	NC_003070.9	92.385	801	53	5	504	1298	19063794	19064592	0.0	1134
NC_003074.8:17776768-17778065	NC_003070.9	91.710	772	51	10	533	1298	19328001	19327237	0.0	1059
NC_003074.8:17776768-17778065	NC_003070.9	91.008	645	42	5	667	1298	14309405	14308764	0.0	856
NC_003074.8:17776768-17778065	NC_003070.9	91.319	599	35	9	706	1298	499960	499373	0.0	802
NC_003074.8:17776768-17778065	NC_003070.9	92.421	541	32	6	764	1298	8489951	8489414	0.0	763
NC_003074.8:17776768-17778065	NC_003070.9	91.328	542	38	6	764	1298	25963004	25962465	0.0	732
NC_003074.8:17776768-17778065	NC_003070.9	90.979	521	37	8	778	1298	18790338	18790848	0.0	693
NC_003074.8:17776768-17778065	NC_003070.9	91.633	490	32	3	161	650	500444	499964	0.0	669
NC_003074.8:17776768-17778065	NC_003070.9	92.857	406	21	5	161	565	12329113	12328715	5.46e-165	582
NC_003074.8:17776768-17778065	NC_003070.9	92.611	406	22	5	161	565	22621779	22621381	2.54e-163	577
NC_003074.8:17776768-17778065	NC_003070.9	92.383	407	21	6	161	565	30252166	30251768	1.18e-161	571
NC_003074.8:17776768-17778065	NC_003070.9	92.118	406	24	5	161	565	22993120	22992722	5.50e-160	566
NC_003074.8:17776768-17778065	NC_003070.9	91.294	402	29	3	901	1298	23554190	23553791	2.58e-153	544
NC_003074.8:17776768-17778065	NC_003070.9	93.824	340	20	1	3	342	22992721	22992383	2.61e-143	510
NC_003074.8:17776768-17778065	NC_003070.9	93.529	340	21	1	3	342	30251767	30251429	1.22e-141	505
NC_003074.8:17776768-17778065	NC_003070.9	92.941	340	22	2	3	342	12328714	12328377	2.63e-138	494
NC_003074.8:17776768-17778065	NC_003070.9	93.910	312	17	2	161	472	19328311	19328002	4.44e-131	470
NC_003074.8:17776768-17778065	NC_003070.9	94.389	303	16	1	513	814	22992366	22992064	2.06e-129	464
NC_003074.8:17776768-17778065	NC_003070.9	94.502	291	15	1	513	802	22621025	22620735	2.08e-124	448
NC_003074.8:17776768-17778065	NC_003070.9	94.077	287	17	0	513	799	12328360	12328074	4.50e-121	436
NC_003074.8:17776768-17778065	NC_003070.9	92.739	303	21	1	513	814	30251412	30251110	4.50e-121	436
NC_003074.8:17776768-17778065	NC_003070.9	90.602	266	21	3	1	266	19769834	19769573	6.03e-95	350
NC_003074.8:17776768-17778065	NC_003070.9	90.987	233	16	5	1	233	18790102	18790329	1.02e-82	309
NC_003074.8:17776768-17778065	NC_003070.9	90.556	180	7	4	156	333	19063593	19063764	8.20e-59	230
NC_003074.8:17776768-17778065	NC_003071.7	91.571	1305	89	13	1	1298	7814692	7813402	0.0	1781
NC_003074.8:17776768-17778065	NC_003071.7	91.481	1303	97	9	2	1298	7169524	7168230	0.0	1779
NC_003074.8:17776768-17778065	NC_003071.7	92.832	1144	67	10	161	1298	13267871	13269005	0.0	1644
NC_003074.8:17776768-17778065	NC_003071.7	92.596	1148	68	8	158	1298	500923	502060	0.0	1633
NC_003074.8:17776768-17778065	NC_003071.7	92.576	1145	74	7	161	1298	12801954	12803094	0.0	1633
NC_003074.8:17776768-17778065	NC_003071.7	92.570	1144	63	8	161	1298	6924418	6923291	0.0	1622
NC_003074.8:17776768-17778065	NC_003071.7	92.025	1141	74	8	161	1296	13907797	13906669	0.0	1587
NC_003074.8:17776768-17778065	NC_003071.7	91.696	1144	75	11	161	1298	395714	394585	0.0	1568
NC_003074.8:17776768-17778065	NC_003071.7	91.259	1144	80	8	161	1298	17254287	17253158	0.0	1541
NC_003074.8:17776768-17778065	NC_003071.7	92.344	1045	73	4	258	1298	6663080	6664121	0.0	1480
NC_003074.8:17776768-17778065	NC_003071.7	92.337	1044	68	7	227	1264	12093439	12092402	0.0	1474
NC_003074.8:17776768-17778065	NC_003071.7	92.139	1005	58	16	301	1298	543175	544165	0.0	1399
NC_003074.8:17776768-17778065	NC_003071.7	92.276	971	61	9	303	1272	14334657	14335614	0.0	1365
NC_003074.8:17776768-17778065	NC_003071.7	92.012	964	65	9	327	1285	6803425	6804381	0.0	1343
NC_003074.8:17776768-17778065	NC_003071.7	91.992	949	55	10	161	1102	11286196	11285262	0.0	1312
NC_003074.8:17776768-17778065	NC_003071.7	92.719	879	54	7	426	1298	13336698	13335824	0.0	1260
NC_003074.8:17776768-17778065	NC_003071.7	91.945	869	51	10	443	1298	7960700	7961562	0.0	1199
NC_003074.8:17776768-17778065	NC_003071.7	92.668	791	51	4	513	1298	6101020	6100232	0.0	1133
NC_003074.8:17776768-17778065	NC_003071.7	92.677	792	49	6	513	1298	7112140	7112928	0.0	1133
NC_003074.8:17776768-17778065	NC_003071.7	91.644	730	48	9	576	1298	3213048	3212325	0.0	998
NC_003074.8:17776768-17778065	NC_003071.7	90.855	678	47	11	628	1296	709400	710071	0.0	894
NC_003074.8:17776768-17778065	NC_003071.7	91.650	491	31	4	149	638	708360	708841	0.0	671
NC_003074.8:17776768-17778065	NC_003071.7	92.105	456	28	5	703	1152	3564666	3565119	0.0	636
NC_003074.8:17776768-17778065	NC_003071.7	90.968	465	30	6	141	605	13337156	13336704	5.39e-175	616
NC_003074.8:17776768-17778065	NC_003071.7	93.247	385	23	1	21	405	7959809	7960190	1.98e-159	564
NC_003074.8:17776768-17778065	NC_003071.7	94.203	345	18	2	2	346	7111784	7112126	9.34e-148	525
NC_003074.8:17776768-17778065	NC_003071.7	93.842	341	20	1	2	342	4024201	4024540	7.27e-144	512
NC_003074.8:17776768-17778065	NC_003071.7	92.375	341	25	1	2	342	980617	980278	1.58e-135	484
NC_003074.8:17776768-17778065	NC_003071.7	95.819	287	12	0	513	799	4024558	4024844	2.06e-129	464
NC_003074.8:17776768-17778065	NC_003071.7	93.399	303	19	1	513	814	980261	979959	2.08e-124	448
NC_003074.8:17776768-17778065	NC_003071.7	95.076	264	12	1	2	265	3213354	3213092	2.11e-114	414
NC_003074.8:17776768-17778065	NC_003071.7	92.989	271	17	2	2	272	3564382	3564650	2.75e-108	394
NC_003074.8:17776768-17778065	NC_003071.7	92.969	256	17	1	1013	1268	3565124	3565378	1.29e-101	372
NC_003074.8:17776768-17778065	NC_003071.7	92.797	236	16	1	2	237	2962805	2962571	3.63e-92	340
NC_003074.8:17776768-17778065	NC_003071.7	94.350	177	10	0	166	342	6101214	6101038	1.34e-71	272
NC_003074.8:17776768-17778065	NC_003071.7	93.407	91	6	0	161	251	7153795	7153705	1.84e-30	135
NC_003074.8:17776768-17778065	NC_003071.7	93.443	61	4	0	149	209	6101274	6101214	4.04e-17	91.6
NC_003074.8:17776768-17778065	NC_003071.7	97.561	41	1	0	161	201	12093482	12093442	5.26e-11	71.3
NC_003074.8:17728565-17728966	NC_003074.8	100.000	402	0	0	1	402	17728966	17728565	0.0	743
NC_003074.8:17728565-17728966	NC_003074.8	86.486	407	45	6	1	402	17728565	17728966	3.71e-122	438
NC_003071.7:12554034-12556205	NC_003071.7	100.000	2172	0	0	1	2172	12556205	12554034	0.0	4012
NC_003071.7:12554034-12556205	NC_003071.7	93.896	1196	58	8	983	2171	5466110	5464923	0.0	1790
NC_003071.7:12554034-12556205	NC_003071.7	92.114	1192	70	9	983	2172	1460015	1458846	0.0	1659
NC_003071.7:12554034-12556205	NC_003071.7	91.016	1191	64	14	983	2171	6101578	6102727	0.0	1567
NC_003071.7:12554034-12556205	NC_003071.7	94.411	984	48	7	1192	2171	10468257	10467277	0.0	1506
NC_003071.7:12554034-12556205	NC_003071.7	95.351	925	36	5	2	921	1460926	1460004	0.0	1463
NC_003071.7:12554034-12556205	NC_003071.7	93.291	954	54	10	1060	2011	5843583	5842638	0.0	1399
NC_003071.7:12554034-12556205	NC_003071.7	93.913	920	41	12	3	921	5467004	5466099	0.0	1375
NC_003071.7:12554034-12556205	NC_003071.7	94.565	828	29	7	7	828	10469076	10468259	0.0	1266
NC_003071.7:12554034-12556205	NC_003071.7	95.769	780	30	1	3	779	19196757	19195978	0.0	1254
NC_003071.7:12554034-12556205	NC_003071.7	91.451	889	72	4	983	1870	11398579	11397694	0.0	1218
NC_003071.7:12554034-12556205	NC_003071.7	97.030	707	17	4	2	707	6099529	6100232	0.0	1186
NC_003071.7:12554034-12556205	NC_003071.7	94.266	715	38	3	138	850	13267150	13267863	0.0	1090
NC_003071.7:12554034-12556205	NC_003071.7	93.333	720	44	4	138	853	6925142	6924423	0.0	1061
NC_003071.7:12554034-12556205	NC_003071.7	93.084	723	40	10	136	850	12801226	12801946	0.0	1050
NC_003071.7:12554034-12556205	NC_003071.7	91.360	787	34	11	3	785	11399377	11398621	0.0	1046
NC_003071.7:12554034-12556205	NC_003071.7	91.413	722	39	7	138	854	500220	500923	0.0	968
NC_003071.7:12554034-12556205	NC_003071.7	91.238	719	42	5	136	850	13337846	13337145	0.0	959
NC_003071.7:12554034-12556205	NC_003071.7	92.250	671	41	11	138	802	14334020	14334685	0.0	941
NC_003071.7:12554034-12556205	NC_003071.7	90.694	720	45	6	138	853	7154501	7153800	0.0	939
NC_003071.7:12554034-12556205	NC_003071.7	90.331	724	45	7	138	853	17254998	17254292	0.0	926
NC_003071.7:12554034-12556205	NC_003071.7	90.291	721	48	4	138	853	11286904	11286201	0.0	924
NC_003071.7:12554034-12556205	NC_003071.7	90.377	717	47	6	138	850	396420	395722	0.0	922
NC_003071.7:12554034-12556205	NC_003071.7	90.377	717	48	5	138	850	12094189	12093490	0.0	922
NC_003071.7:12554034-12556205	NC_003071.7	90.843	688	41	6	138	822	13908486	13907818	0.0	902
NC_003071.7:12554034-12556205	NC_003071.7	91.098	674	42	16	138	802	542543	543207	0.0	896
NC_003071.7:12554034-12556205	NC_003071.7	94.464	578	30	2	1595	2171	19195986	19195410	0.0	889
NC_003071.7:12554034-12556205	NC_003071.7	89.185	712	43	10	138	844	707676	708358	0.0	857
NC_003071.7:12554034-12556205	NC_003071.7	89.883	514	31	4	983	1496	6383317	6382825	0.0	641
NC_003071.7:12554034-12556205	NC_003071.7	94.103	390	18	5	534	921	6383692	6383306	1.98e-166	588
NC_003071.7:12554034-12556205	NC_003071.7	94.133	375	14	5	15	384	5843961	5843590	3.34e-159	564
NC_003071.7:12554034-12556205	NC_003071.7	94.247	365	12	3	3	363	6384054	6383695	9.35e-155	549
NC_003071.7:12554034-12556205	NC_003071.7	92.225	373	27	2	1800	2171	6084955	6085326	4.38e-148	527
NC_003071.7:12554034-12556205	NC_003071.7	95.502	289	9	2	1	285	6084088	6084376	1.62e-127	459
NC_003071.7:12554034-12556205	NC_003071.7	90.305	361	16	4	1188	1548	6084371	6084712	2.10e-126	455
NC_003071.7:12554034-12556205	NC_003071.7	89.789	284	22	4	1593	1876	6084697	6084973	6.08e-97	357
NC_003071.7:12554034-12556205	NC_003071.7	94.907	216	9	2	707	921	6101375	6101589	7.92e-91	337
NC_003071.7:12554034-12556205	NC_003071.7	92.093	215	17	0	1958	2172	11397698	11397484	8.04e-81	303
NC_003071.7:12554034-12556205	NC_003071.7	94.958	119	5	1	4	122	6101375	6101258	3.04e-45	185
NC_003071.7:12554034-12556205	NC_003071.7	97.059	68	1	1	926	993	19196732	19196666	1.45e-23	113
NC_003071.7:12554034-12556205	NC_003071.7	95.652	69	3	0	926	994	1460900	1460832	5.23e-23	111
NC_003071.7:12554034-12556205	NC_003071.7	97.015	67	1	1	927	993	5466978	5466913	5.23e-23	111
NC_003071.7:12554034-12556205	NC_003071.7	95.652	69	3	0	926	994	11399352	11399284	5.23e-23	111
NC_003071.7:12554034-12556205	NC_003071.7	95.588	68	3	0	926	993	6084115	6084182	1.88e-22	110
NC_003071.7:12554034-12556205	NC_003071.7	95.588	68	3	0	926	993	7154711	7154644	1.88e-22	110
NC_003071.7:12554034-12556205	NC_003071.7	95.588	68	3	0	926	993	11287136	11287069	1.88e-22	110
NC_003071.7:12554034-12556205	NC_003071.7	95.588	68	3	0	926	993	12801019	12801086	1.88e-22	110
NC_003071.7:12554034-12556205	NC_003071.7	95.588	68	3	0	926	993	13908696	13908629	1.88e-22	110
NC_003071.7:12554034-12556205	NC_003071.7	95.588	68	2	1	926	993	6099555	6099621	6.76e-22	108
NC_003071.7:12554034-12556205	NC_003071.7	95.588	68	2	1	926	993	6101351	6101285	6.76e-22	108
NC_003071.7:12554034-12556205	NC_003071.7	95.522	67	3	0	927	993	17255207	17255141	6.76e-22	108
NC_003071.7:12554034-12556205	NC_003071.7	94.203	69	4	0	926	994	13338052	13337984	2.43e-21	106
NC_003071.7:12554034-12556205	NC_003071.7	94.118	68	4	0	926	993	6384029	6383962	8.75e-21	104
NC_003071.7:12554034-12556205	NC_003071.7	94.118	68	3	1	28	94	12555280	12555213	3.15e-20	102
NC_003071.7:12554034-12556205	NC_003071.7	94.118	68	3	1	926	993	12556178	12556112	3.15e-20	102
NC_003071.7:12554034-12556205	NC_003071.7	92.647	68	5	0	926	993	542333	542400	4.07e-19	99.0
NC_003071.7:12554034-12556205	NC_003071.7	92.647	68	5	0	926	993	6925352	6925285	4.07e-19	99.0
NC_003071.7:12554034-12556205	NC_003071.7	92.647	68	3	1	926	993	5843948	5843883	1.46e-18	97.1
NC_003071.7:12554034-12556205	NC_003071.7	87.143	70	2	6	2102	2171	6382806	6382744	2.47e-11	73.1
NC_003071.7:12554034-12556205	NC_003070.9	92.938	2124	108	30	1	2097	14299844	14297736	0.0	3053
NC_003071.7:12554034-12556205	NC_003070.9	93.157	1169	71	8	983	2150	1976254	1975094	0.0	1707
NC_003071.7:12554034-12556205	NC_003070.9	92.282	1192	72	10	983	2172	8290676	8289503	0.0	1674
NC_003071.7:12554034-12556205	NC_003070.9	91.604	1191	77	13	983	2171	12855106	12853937	0.0	1624
NC_003071.7:12554034-12556205	NC_003070.9	92.142	1158	80	9	983	2139	18746108	18744961	0.0	1624
NC_003071.7:12554034-12556205	NC_003070.9	93.706	985	56	6	1192	2172	17552169	17551187	0.0	1471
NC_003071.7:12554034-12556205	NC_003070.9	94.181	928	50	3	1246	2172	19172983	19172059	0.0	1411
NC_003071.7:12554034-12556205	NC_003070.9	94.073	928	51	3	1246	2172	19085920	19086844	0.0	1406
NC_003071.7:12554034-12556205	NC_003070.9	94.067	927	48	5	1	921	1977168	1976243	0.0	1400
NC_003071.7:12554034-12556205	NC_003070.9	94.156	924	47	6	3	921	6735864	6736785	0.0	1400
NC_003071.7:12554034-12556205	NC_003070.9	94.673	901	40	6	26	921	29320708	29319811	0.0	1391
NC_003071.7:12554034-12556205	NC_003070.9	96.627	830	24	2	2	828	17552999	17552171	0.0	1375
NC_003071.7:12554034-12556205	NC_003070.9	94.098	898	44	7	30	921	17255	18149	0.0	1356
NC_003071.7:12554034-12556205	NC_003070.9	93.882	899	45	8	30	921	3074698	3073803	0.0	1347
NC_003071.7:12554034-12556205	NC_003070.9	93.167	922	49	9	1	921	8291573	8290665	0.0	1341
NC_003071.7:12554034-12556205	NC_003070.9	92.526	950	36	14	6	921	18747045	18746097	0.0	1328
NC_003071.7:12554034-12556205	NC_003070.9	92.074	921	49	14	3	921	12855993	12855095	0.0	1275
NC_003071.7:12554034-12556205	NC_003070.9	96.031	781	28	1	2	779	2235168	2234388	0.0	1267
NC_003071.7:12554034-12556205	NC_003070.9	94.265	837	34	9	2	838	19173803	19172981	0.0	1267
NC_003071.7:12554034-12556205	NC_003070.9	94.139	836	37	7	3	838	19085099	19085922	0.0	1262
NC_003071.7:12554034-12556205	NC_003070.9	93.611	720	42	4	138	853	26171245	26170526	0.0	1072
NC_003071.7:12554034-12556205	NC_003070.9	93.324	719	42	6	138	853	19329031	19328316	0.0	1057
NC_003071.7:12554034-12556205	NC_003070.9	93.046	719	44	5	136	850	17900095	17900811	0.0	1046
NC_003071.7:12554034-12556205	NC_003070.9	92.669	723	46	5	136	853	9867193	9866473	0.0	1035
NC_003071.7:12554034-12556205	NC_003070.9	92.748	717	46	6	138	850	7035426	7036140	0.0	1031
NC_003071.7:12554034-12556205	NC_003070.9	92.500	720	47	7	138	853	30255288	30254572	0.0	1024
NC_003071.7:12554034-12556205	NC_003070.9	91.806	720	37	6	138	853	12329819	12329118	0.0	983
NC_003071.7:12554034-12556205	NC_003070.9	91.794	719	39	4	138	853	30252872	30252171	0.0	983
NC_003071.7:12554034-12556205	NC_003070.9	91.771	717	36	7	138	850	13059058	13059755	0.0	976
NC_003071.7:12554034-12556205	NC_003070.9	92.609	690	31	8	138	824	11699931	11700603	0.0	974
NC_003071.7:12554034-12556205	NC_003070.9	91.926	706	42	13	138	829	16807222	16807926	0.0	974
NC_003071.7:12554034-12556205	NC_003070.9	91.492	717	38	10	138	850	8115005	8115702	0.0	965
NC_003071.7:12554034-12556205	NC_003070.9	91.250	720	41	6	138	853	22993826	22993125	0.0	961
NC_003071.7:12554034-12556205	NC_003070.9	91.061	716	44	4	138	850	9816445	9817143	0.0	950
NC_003071.7:12554034-12556205	NC_003070.9	90.808	718	55	9	138	850	16904014	16904725	0.0	950
NC_003071.7:12554034-12556205	NC_003070.9	91.074	717	43	5	138	850	19062199	19062898	0.0	950
NC_003071.7:12554034-12556205	NC_003070.9	94.426	610	24	10	138	741	19466714	19466109	0.0	929
NC_003071.7:12554034-12556205	NC_003070.9	91.840	674	37	16	138	802	16325679	16326343	0.0	924
NC_003071.7:12554034-12556205	NC_003070.9	91.437	689	36	7	138	822	19995499	19994830	0.0	924
NC_003071.7:12554034-12556205	NC_003070.9	91.654	671	44	12	138	802	12364370	12365034	0.0	918
NC_003071.7:12554034-12556205	NC_003070.9	91.654	671	45	11	138	802	12563847	12563182	0.0	918
NC_003071.7:12554034-12556205	NC_003070.9	91.266	687	40	9	167	850	19062923	19063592	0.0	918
NC_003071.7:12554034-12556205	NC_003070.9	90.264	719	40	9	138	844	22450165	22450865	0.0	913
NC_003071.7:12554034-12556205	NC_003070.9	91.530	673	40	15	138	802	23213901	23214564	0.0	911
NC_003071.7:12554034-12556205	NC_003070.9	91.530	673	38	16	138	802	16824753	16825414	0.0	909
NC_003071.7:12554034-12556205	NC_003070.9	90.725	690	40	8	138	822	11737157	11736487	0.0	898
NC_003071.7:12554034-12556205	NC_003070.9	89.958	717	40	6	138	850	501140	500452	0.0	896
NC_003071.7:12554034-12556205	NC_003070.9	94.118	578	32	2	1595	2171	2234396	2233820	0.0	878
NC_003071.7:12554034-12556205	NC_003070.9	91.360	625	40	9	138	748	16806377	16807001	0.0	843
NC_003071.7:12554034-12556205	NC_003070.9	91.371	591	32	3	138	727	4785682	4786254	0.0	791
NC_003071.7:12554034-12556205	NC_003070.9	90.244	615	39	5	239	850	13017571	13016975	0.0	784
NC_003071.7:12554034-12556205	NC_003070.9	86.878	724	57	21	143	853	13261968	13261270	0.0	776
NC_003071.7:12554034-12556205	NC_003070.9	95.287	488	20	3	435	921	23174139	23174624	0.0	771
NC_003071.7:12554034-12556205	NC_003070.9	92.218	514	31	4	983	1496	23174613	23175117	0.0	719
NC_003071.7:12554034-12556205	NC_003070.9	92.218	514	30	5	983	1496	29319822	29319319	0.0	719
NC_003071.7:12554034-12556205	NC_003070.9	91.262	515	34	6	983	1496	18138	18642	0.0	691
NC_003071.7:12554034-12556205	NC_003070.9	90.078	514	41	5	983	1496	6736774	6737277	0.0	658
NC_003071.7:12554034-12556205	NC_003070.9	89.903	515	39	7	983	1496	3073814	3073312	0.0	651
NC_003071.7:12554034-12556205	NC_003070.9	89.269	438	26	5	416	850	18791324	18791743	1.22e-148	529
NC_003071.7:12554034-12556205	NC_003070.9	95.219	251	8	2	2	248	17008	17258	4.64e-108	394
NC_003071.7:12554034-12556205	NC_003070.9	93.385	257	16	1	589	844	15939781	15940037	1.30e-103	379
NC_003071.7:12554034-12556205	NC_003070.9	94.872	234	11	1	138	370	22622071	22621838	3.63e-99	364
NC_003071.7:12554034-12556205	NC_003070.9	89.231	260	19	7	3	257	12564081	12563826	1.03e-84	316
NC_003071.7:12554034-12556205	NC_003070.9	89.474	247	18	6	16	257	30255510	30255267	2.23e-81	305
NC_003071.7:12554034-12556205	NC_003070.9	88.845	251	16	9	3	246	13262203	13261958	3.74e-79	298
NC_003071.7:12554034-12556205	NC_003070.9	97.183	71	2	0	2102	2172	6737296	6737366	8.69e-26	121
NC_003071.7:12554034-12556205	NC_003070.9	97.059	68	1	1	926	993	17552973	17552907	1.45e-23	113
NC_003071.7:12554034-12556205	NC_003070.9	97.059	68	1	1	926	993	19085124	19085190	1.45e-23	113
NC_003071.7:12554034-12556205	NC_003070.9	95.652	69	3	0	926	994	19061990	19062058	5.23e-23	111
NC_003071.7:12554034-12556205	NC_003070.9	93.333	75	3	2	919	993	17029	17101	1.88e-22	110
NC_003071.7:12554034-12556205	NC_003070.9	95.588	68	3	0	926	993	8114795	8114862	1.88e-22	110
NC_003071.7:12554034-12556205	NC_003070.9	95.588	68	3	0	926	993	12564056	12563989	1.88e-22	110
NC_003071.7:12554034-12556205	NC_003070.9	95.652	69	2	1	926	994	12855968	12855901	1.88e-22	110
NC_003071.7:12554034-12556205	NC_003070.9	95.588	68	3	0	926	993	13058848	13058915	1.88e-22	110
NC_003071.7:12554034-12556205	NC_003070.9	95.652	69	2	1	926	994	18747023	18746956	1.88e-22	110
NC_003071.7:12554034-12556205	NC_003070.9	95.588	68	3	0	926	993	18790952	18791019	1.88e-22	110
NC_003071.7:12554034-12556205	NC_003070.9	95.588	68	3	0	926	993	19995709	19995642	1.88e-22	110
NC_003071.7:12554034-12556205	NC_003070.9	94.366	71	4	0	2102	2172	23175136	23175206	1.88e-22	110
NC_003071.7:12554034-12556205	NC_003070.9	95.588	68	3	0	926	993	30253082	30253015	1.88e-22	110
NC_003071.7:12554034-12556205	NC_003070.9	95.588	68	2	1	926	993	2235142	2235076	6.76e-22	108
NC_003071.7:12554034-12556205	NC_003070.9	95.522	67	3	0	927	993	7035217	7035283	6.76e-22	108
NC_003071.7:12554034-12556205	NC_003070.9	95.588	68	2	1	926	993	9867389	9867323	6.76e-22	108
NC_003071.7:12554034-12556205	NC_003070.9	95.588	68	1	2	926	993	14299817	14299752	6.76e-22	108
NC_003071.7:12554034-12556205	NC_003070.9	95.522	67	3	0	927	993	17899889	17899955	6.76e-22	108
NC_003071.7:12554034-12556205	NC_003070.9	95.588	68	2	1	926	993	19173777	19173711	6.76e-22	108
NC_003071.7:12554034-12556205	NC_003070.9	95.522	67	2	1	928	993	17255	17321	2.43e-21	106
NC_003071.7:12554034-12556205	NC_003070.9	94.203	69	4	0	926	994	23554414	23554346	2.43e-21	106
NC_003071.7:12554034-12556205	NC_003070.9	94.118	68	4	0	926	993	3910576	3910509	8.75e-21	104
NC_003071.7:12554034-12556205	NC_003070.9	94.118	68	4	0	927	994	8291545	8291478	8.75e-21	104
NC_003071.7:12554034-12556205	NC_003070.9	94.118	68	4	0	926	993	12330028	12329961	8.75e-21	104
NC_003071.7:12554034-12556205	NC_003070.9	94.118	68	4	0	926	993	25963232	25963165	8.75e-21	104
NC_003071.7:12554034-12556205	NC_003070.9	94.030	67	3	1	928	993	3074698	3074632	1.13e-19	100
NC_003071.7:12554034-12556205	NC_003070.9	96.667	60	2	0	926	985	8490169	8490110	1.13e-19	100
NC_003071.7:12554034-12556205	NC_003070.9	91.549	71	6	0	2102	2172	18661	18731	4.07e-19	99.0
NC_003071.7:12554034-12556205	NC_003070.9	92.647	68	5	0	926	993	1977141	1977074	4.07e-19	99.0
NC_003071.7:12554034-12556205	NC_003070.9	92.647	68	5	0	926	993	9816235	9816302	4.07e-19	99.0
NC_003071.7:12554034-12556205	NC_003070.9	92.647	68	5	0	926	993	11737368	11737301	4.07e-19	99.0
NC_003071.7:12554034-12556205	NC_003070.9	92.647	68	5	0	926	993	12364160	12364227	4.07e-19	99.0
NC_003071.7:12554034-12556205	NC_003070.9	92.647	68	5	0	926	993	19466924	19466857	4.07e-19	99.0
NC_003071.7:12554034-12556205	NC_003070.9	92.647	68	5	0	926	993	26171455	26171388	4.07e-19	99.0
NC_003071.7:12554034-12556205	NC_003070.9	92.647	68	5	0	926	993	29320706	29320639	4.07e-19	99.0
NC_003071.7:12554034-12556205	NC_003070.9	92.537	67	5	0	926	992	22622280	22622214	1.46e-18	97.1
NC_003071.7:12554034-12556205	NC_003070.9	95.000	60	3	0	934	993	501341	501282	5.27e-18	95.3
NC_003071.7:12554034-12556205	NC_003070.9	91.304	69	6	0	926	994	22994036	22993968	5.27e-18	95.3
NC_003071.7:12554034-12556205	NC_003070.9	93.548	62	3	1	932	993	13262170	13262110	6.81e-17	91.6
NC_003071.7:12554034-12556205	NC_003070.9	93.333	60	4	0	3	62	13017624	13017565	2.45e-16	89.8
NC_003071.7:12554034-12556205	NC_003070.9	94.545	55	2	1	932	986	16807022	16807075	1.14e-14	84.2
NC_003071.7:12554034-12556205	NC_003070.9	97.297	37	1	0	2102	2138	29319300	29319264	1.48e-08	63.9
NC_003071.7:12554034-12556205	NC_003075.7	94.211	1192	63	6	983	2172	7059789	7058602	0.0	1814
NC_003071.7:12554034-12556205	NC_003075.7	91.268	1191	84	11	983	2171	313374	312202	0.0	1605
NC_003071.7:12554034-12556205	NC_003075.7	93.302	1075	64	6	1101	2172	6280480	6281549	0.0	1580
NC_003071.7:12554034-12556205	NC_003075.7	95.038	927	32	11	3	921	7060698	7059778	0.0	1445
NC_003071.7:12554034-12556205	NC_003075.7	94.137	921	38	9	3	921	314269	313363	0.0	1387
NC_003071.7:12554034-12556205	NC_003075.7	93.230	901	52	9	1246	2138	9439608	9440507	0.0	1317
NC_003071.7:12554034-12556205	NC_003075.7	93.564	839	40	9	2	838	9438784	9439610	0.0	1238
NC_003071.7:12554034-12556205	NC_003075.7	93.715	716	39	6	138	850	8063845	8064557	0.0	1068
NC_003071.7:12554034-12556205	NC_003075.7	93.324	719	43	4	138	853	1001772	1001056	0.0	1057
NC_003071.7:12554034-12556205	NC_003075.7	93.056	720	43	7	138	853	10397150	10396434	0.0	1046
NC_003071.7:12554034-12556205	NC_003075.7	92.039	716	35	6	138	850	4146361	4147057	0.0	987
NC_003071.7:12554034-12556205	NC_003075.7	91.160	724	41	7	138	857	1349820	1350524	0.0	961
NC_003071.7:12554034-12556205	NC_003075.7	91.176	714	53	8	138	848	2621774	2621068	0.0	961
NC_003071.7:12554034-12556205	NC_003075.7	91.250	720	41	6	138	853	5541154	5540453	0.0	961
NC_003071.7:12554034-12556205	NC_003075.7	91.292	712	40	6	138	844	11361104	11361798	0.0	952
NC_003071.7:12554034-12556205	NC_003075.7	91.292	689	37	13	138	822	8730218	8729549	0.0	918
NC_003071.7:12554034-12556205	NC_003075.7	94.502	582	30	2	1591	2171	6178995	6179575	0.0	896
NC_003071.7:12554034-12556205	NC_003075.7	95.644	551	20	2	3	550	6178448	6178997	0.0	881
NC_003071.7:12554034-12556205	NC_003075.7	93.115	610	20	11	3	611	6279022	6279610	0.0	874
NC_003071.7:12554034-12556205	NC_003075.7	93.309	553	29	7	138	687	9842373	9841826	0.0	809
NC_003071.7:12554034-12556205	NC_003075.7	93.153	555	31	6	136	687	9763582	9763032	0.0	808
NC_003071.7:12554034-12556205	NC_003075.7	90.863	591	35	3	138	727	16864836	16864264	0.0	774
NC_003071.7:12554034-12556205	NC_003075.7	93.351	376	16	8	1188	1561	5354758	5355126	3.36e-154	547
NC_003071.7:12554034-12556205	NC_003075.7	90.933	375	22	4	1800	2172	5355360	5355724	4.44e-138	494
NC_003071.7:12554034-12556205	NC_003075.7	94.118	289	12	3	2	285	5354475	5354763	2.73e-120	435
NC_003071.7:12554034-12556205	NC_003075.7	88.772	285	28	4	1593	1876	5355097	5355378	1.32e-93	346
NC_003071.7:12554034-12556205	NC_003075.7	94.273	227	12	1	1496	1721	6280052	6280278	1.32e-93	346
NC_003071.7:12554034-12556205	NC_003075.7	88.485	165	17	2	688	850	5773070	5773234	3.90e-49	198
NC_003071.7:12554034-12556205	NC_003075.7	98.936	94	1	0	609	702	6280372	6280465	3.06e-40	169
NC_003071.7:12554034-12556205	NC_003075.7	93.684	95	5	1	1188	1281	5354032	5354126	6.67e-32	141
NC_003071.7:12554034-12556205	NC_003075.7	93.684	95	5	1	1188	1281	5354394	5354488	6.67e-32	141
NC_003071.7:12554034-12556205	NC_003075.7	95.588	68	3	0	926	993	5354139	5354206	1.88e-22	110
NC_003071.7:12554034-12556205	NC_003075.7	95.588	68	3	0	926	993	7853508	7853441	1.88e-22	110
NC_003071.7:12554034-12556205	NC_003075.7	95.588	68	3	0	926	993	11360895	11360962	1.88e-22	110
NC_003071.7:12554034-12556205	NC_003075.7	95.588	68	3	0	926	993	16865045	16864978	1.88e-22	110
NC_003071.7:12554034-12556205	NC_003075.7	93.333	75	2	3	919	993	9438805	9438876	6.76e-22	108
NC_003071.7:12554034-12556205	NC_003075.7	94.118	68	4	0	926	993	314244	314177	8.75e-21	104
NC_003071.7:12554034-12556205	NC_003075.7	94.118	68	4	0	927	994	1349611	1349678	8.75e-21	104
NC_003071.7:12554034-12556205	NC_003075.7	94.203	69	2	2	926	994	6178473	6178539	8.75e-21	104
NC_003071.7:12554034-12556205	NC_003075.7	94.118	68	4	0	926	993	8063602	8063669	8.75e-21	104
NC_003071.7:12554034-12556205	NC_003075.7	92.647	68	5	0	926	993	5354501	5354568	4.07e-19	99.0
NC_003071.7:12554034-12556205	NC_003075.7	92.647	68	5	0	926	993	9763789	9763722	4.07e-19	99.0
NC_003071.7:12554034-12556205	NC_003075.7	73.737	297	49	23	156	433	9566265	9565979	2.45e-16	89.8
NC_003071.7:12554034-12556205	NC_003075.7	93.220	59	4	0	926	984	10397360	10397302	8.81e-16	87.9
NC_003071.7:12554034-12556205	NC_003075.7	97.959	49	1	0	937	985	3898093	3898045	3.17e-15	86.1
NC_003071.7:12554034-12556205	NC_003075.7	94.000	50	3	0	937	986	2621972	2621923	1.91e-12	76.8
NC_003071.7:12554034-12556205	NC_003074.8	93.624	1192	71	4	983	2171	5622935	5624124	0.0	1775
NC_003071.7:12554034-12556205	NC_003074.8	93.540	1192	72	5	983	2172	20484233	20483045	0.0	1770
NC_003071.7:12554034-12556205	NC_003074.8	93.841	1169	59	8	983	2150	16880716	16881872	0.0	1748
NC_003071.7:12554034-12556205	NC_003074.8	95.548	921	30	9	5	921	5622033	5622946	0.0	1463
NC_003071.7:12554034-12556205	NC_003074.8	95.038	927	34	10	1	921	20485142	20484222	0.0	1447
NC_003071.7:12554034-12556205	NC_003074.8	95.005	921	39	5	6	921	9559680	9558762	0.0	1439
NC_003071.7:12554034-12556205	NC_003074.8	89.688	1154	84	14	1020	2172	20486738	20485619	0.0	1439
NC_003071.7:12554034-12556205	NC_003074.8	96.296	864	26	4	63	921	16879865	16880727	0.0	1413
NC_003071.7:12554034-12556205	NC_003074.8	93.541	898	49	7	30	921	2630001	2629107	0.0	1328
NC_003071.7:12554034-12556205	NC_003074.8	92.102	899	47	15	30	921	1371151	1370270	0.0	1245
NC_003071.7:12554034-12556205	NC_003074.8	92.056	856	54	11	1020	1873	10862818	10863661	0.0	1192
NC_003071.7:12554034-12556205	NC_003074.8	93.897	721	39	5	138	853	10821211	10820491	0.0	1083
NC_003071.7:12554034-12556205	NC_003074.8	93.785	724	36	9	138	857	18746423	18747141	0.0	1079
NC_003071.7:12554034-12556205	NC_003074.8	91.747	727	46	10	138	850	9890241	9890967	0.0	998
NC_003071.7:12554034-12556205	NC_003074.8	91.448	725	40	5	138	853	16173058	16172347	0.0	976
NC_003071.7:12554034-12556205	NC_003074.8	91.540	721	39	10	138	854	17301044	17300342	0.0	974
NC_003071.7:12554034-12556205	NC_003074.8	91.620	716	39	9	138	850	15937521	15938218	0.0	970
NC_003071.7:12554034-12556205	NC_003074.8	91.571	700	48	7	1188	1882	17397020	17396327	0.0	955
NC_003071.7:12554034-12556205	NC_003074.8	92.250	671	41	11	138	802	17063008	17062343	0.0	941
NC_003071.7:12554034-12556205	NC_003074.8	91.715	688	35	6	138	822	11536069	11536737	0.0	935
NC_003071.7:12554034-12556205	NC_003074.8	90.656	717	46	5	138	850	17277580	17276881	0.0	933
NC_003071.7:12554034-12556205	NC_003074.8	91.279	688	38	6	138	822	5745687	5745019	0.0	918
NC_003071.7:12554034-12556205	NC_003074.8	91.279	688	38	6	138	822	20786634	20787302	0.0	918
NC_003071.7:12554034-12556205	NC_003074.8	90.407	688	44	10	138	822	17144269	17143601	0.0	885
NC_003071.7:12554034-12556205	NC_003074.8	89.592	711	40	11	138	844	22118838	22119518	0.0	872
NC_003071.7:12554034-12556205	NC_003074.8	91.017	590	33	4	138	724	9386113	9385541	0.0	778
NC_003071.7:12554034-12556205	NC_003074.8	90.863	591	35	3	138	727	16451021	16451593	0.0	774
NC_003071.7:12554034-12556205	NC_003074.8	90.802	511	37	4	983	1493	9558773	9558273	0.0	675
NC_003071.7:12554034-12556205	NC_003074.8	95.327	428	15	3	3	426	10862401	10862827	0.0	675
NC_003071.7:12554034-12556205	NC_003074.8	91.258	469	31	5	1028	1496	2629029	2628571	3.25e-179	630
NC_003071.7:12554034-12556205	NC_003074.8	88.132	514	34	9	983	1496	1370281	1369795	7.13e-166	586
NC_003071.7:12554034-12556205	NC_003074.8	93.583	374	23	1	1800	2172	17396351	17395978	5.59e-157	556
NC_003071.7:12554034-12556205	NC_003074.8	90.654	428	26	11	2	427	20487143	20486728	5.59e-157	556
NC_003071.7:12554034-12556205	NC_003074.8	91.538	390	27	6	442	828	10404825	10405211	9.42e-150	532
NC_003071.7:12554034-12556205	NC_003074.8	89.041	438	27	5	416	850	16562050	16562469	5.67e-147	523
NC_003071.7:12554034-12556205	NC_003074.8	90.756	357	24	9	451	802	7996127	7995775	2.69e-130	468
NC_003071.7:12554034-12556205	NC_003074.8	92.767	318	22	1	1855	2172	8188933	8189249	1.62e-127	459
NC_003071.7:12554034-12556205	NC_003074.8	94.366	284	13	3	138	419	7996401	7996119	9.82e-120	433
NC_003071.7:12554034-12556205	NC_003074.8	92.542	295	21	1	983	1277	9385246	9385539	2.13e-116	422
NC_003071.7:12554034-12556205	NC_003074.8	94.422	251	9	3	3	248	1371398	1371148	3.61e-104	381
NC_003071.7:12554034-12556205	NC_003074.8	93.578	218	13	1	606	822	15452795	15452578	6.17e-87	324
NC_003071.7:12554034-12556205	NC_003074.8	89.615	260	19	6	3	257	20786399	20786655	6.17e-87	324
NC_003071.7:12554034-12556205	NC_003074.8	98.870	177	1	1	607	783	9385008	9385183	3.71e-84	315
NC_003071.7:12554034-12556205	NC_003074.8	93.491	169	11	0	2003	2171	10865881	10866049	2.95e-65	252
NC_003071.7:12554034-12556205	NC_003074.8	95.862	145	6	0	1871	2015	10865705	10865849	2.97e-60	235
NC_003071.7:12554034-12556205	NC_003074.8	96.262	107	4	0	3	109	16879751	16879857	1.83e-42	176
NC_003071.7:12554034-12556205	NC_003074.8	89.815	108	7	4	3	107	9890049	9890155	3.10e-30	135
NC_003071.7:12554034-12556205	NC_003074.8	97.059	68	1	1	926	993	20485115	20485049	1.45e-23	113
NC_003071.7:12554034-12556205	NC_003074.8	91.358	81	7	0	3	83	10320412	10320492	5.23e-23	111
NC_003071.7:12554034-12556205	NC_003074.8	95.588	68	3	0	2105	2172	9558269	9558202	1.88e-22	110
NC_003071.7:12554034-12556205	NC_003074.8	95.588	68	3	0	926	993	9559658	9559591	1.88e-22	110
NC_003071.7:12554034-12556205	NC_003074.8	95.588	68	3	0	926	993	11535869	11535936	1.88e-22	110
NC_003071.7:12554034-12556205	NC_003074.8	95.588	68	3	0	926	993	16561679	16561746	1.88e-22	110
NC_003071.7:12554034-12556205	NC_003074.8	95.588	68	3	0	926	993	17144465	17144398	1.88e-22	110
NC_003071.7:12554034-12556205	NC_003074.8	95.588	68	2	1	928	994	2630001	2629934	6.76e-22	108
NC_003071.7:12554034-12556205	NC_003074.8	95.588	68	2	1	926	993	16879776	16879842	6.76e-22	108
NC_003071.7:12554034-12556205	NC_003074.8	94.118	68	4	0	926	993	7996611	7996544	8.75e-21	104
NC_003071.7:12554034-12556205	NC_003074.8	94.030	67	3	1	928	993	1371151	1371085	1.13e-19	100
NC_003071.7:12554034-12556205	NC_003074.8	92.754	69	5	0	926	994	1371372	1371304	1.13e-19	100
NC_003071.7:12554034-12556205	NC_003074.8	92.754	69	5	0	926	994	20487117	20487049	1.13e-19	100
NC_003071.7:12554034-12556205	NC_003074.8	92.647	68	5	0	926	993	10821421	10821354	4.07e-19	99.0
NC_003071.7:12554034-12556205	NC_003074.8	92.647	68	5	0	926	993	15937311	15937378	4.07e-19	99.0
NC_003071.7:12554034-12556205	NC_003074.8	92.754	69	4	1	926	994	17397275	17397208	4.07e-19	99.0
NC_003071.7:12554034-12556205	NC_003074.8	96.491	57	2	0	937	993	9890086	9890142	5.27e-18	95.3
NC_003071.7:12554034-12556205	NC_003074.8	96.491	57	1	1	937	993	10392129	10392184	1.89e-17	93.5
NC_003071.7:12554034-12556205	NC_003074.8	95.652	46	2	0	2102	2147	1369776	1369731	6.86e-12	75.0
NC_003071.7:12554034-12556205	NC_003076.8	93.546	1193	68	8	983	2171	20398651	20399838	0.0	1768
NC_003071.7:12554034-12556205	NC_003076.8	93.121	1192	72	7	983	2171	19671658	19672842	0.0	1738
NC_003071.7:12554034-12556205	NC_003076.8	92.617	1192	77	7	983	2172	7712042	7713224	0.0	1703
NC_003071.7:12554034-12556205	NC_003076.8	91.856	1191	78	10	983	2171	355031	356204	0.0	1644
NC_003071.7:12554034-12556205	NC_003076.8	91.142	1208	83	14	983	2171	8683889	8685091	0.0	1616
NC_003071.7:12554034-12556205	NC_003076.8	95.022	924	40	4	2	921	14761184	14760263	0.0	1447
NC_003071.7:12554034-12556205	NC_003076.8	94.162	925	45	7	3	921	8682979	8683900	0.0	1400
NC_003071.7:12554034-12556205	NC_003076.8	93.946	925	47	7	3	921	7711131	7712052	0.0	1389
NC_003071.7:12554034-12556205	NC_003076.8	93.750	928	42	10	3	921	15342696	15341776	0.0	1378
NC_003071.7:12554034-12556205	NC_003076.8	93.608	923	49	8	3	921	13918790	13917874	0.0	1369
NC_003071.7:12554034-12556205	NC_003076.8	95.641	780	29	3	3	779	5129834	5129057	0.0	1247
NC_003071.7:12554034-12556205	NC_003076.8	95.513	780	32	1	3	779	19931558	19930779	0.0	1243
NC_003071.7:12554034-12556205	NC_003076.8	91.351	925	52	15	3	921	354140	355042	0.0	1240
NC_003071.7:12554034-12556205	NC_003076.8	94.553	716	35	4	138	850	8765944	8766658	0.0	1103
NC_003071.7:12554034-12556205	NC_003076.8	95.007	701	27	7	224	921	19670974	19671669	0.0	1094
NC_003071.7:12554034-12556205	NC_003076.8	94.150	718	37	4	138	853	20682172	20681458	0.0	1088
NC_003071.7:12554034-12556205	NC_003076.8	94.028	720	37	6	136	850	17365257	17365975	0.0	1086
NC_003071.7:12554034-12556205	NC_003076.8	93.889	720	36	7	138	849	19742382	19741663	0.0	1079
NC_003071.7:12554034-12556205	NC_003076.8	92.768	719	44	6	138	850	11025557	11026273	0.0	1033
NC_003071.7:12554034-12556205	NC_003076.8	92.629	719	43	5	138	853	14151059	14150348	0.0	1026
NC_003071.7:12554034-12556205	NC_003076.8	92.727	715	43	6	138	848	24187678	24186969	0.0	1024
NC_003071.7:12554034-12556205	NC_003076.8	92.192	730	42	6	138	853	5429827	5429099	0.0	1018
NC_003071.7:12554034-12556205	NC_003076.8	92.350	719	38	9	138	853	4781999	4781295	0.0	1007
NC_003071.7:12554034-12556205	NC_003076.8	92.083	720	35	6	138	853	4312768	4313469	0.0	994
NC_003071.7:12554034-12556205	NC_003076.8	91.933	719	38	4	138	853	17618450	17617749	0.0	989
NC_003071.7:12554034-12556205	NC_003076.8	91.944	720	35	7	138	853	20281750	20281050	0.0	987
NC_003071.7:12554034-12556205	NC_003076.8	91.655	719	39	5	138	853	9964782	9964082	0.0	976
NC_003071.7:12554034-12556205	NC_003076.8	91.480	716	38	5	138	847	18854200	18854898	0.0	963
NC_003071.7:12554034-12556205	NC_003076.8	91.262	721	39	8	138	853	8746465	8745764	0.0	961
NC_003071.7:12554034-12556205	NC_003076.8	91.148	723	42	6	138	857	9590645	9591348	0.0	961
NC_003071.7:12554034-12556205	NC_003076.8	91.353	717	41	5	138	850	15606367	15605668	0.0	961
NC_003071.7:12554034-12556205	NC_003076.8	91.099	719	42	7	138	853	14082601	14081902	0.0	953
NC_003071.7:12554034-12556205	NC_003076.8	91.280	711	41	5	138	844	17775963	17776656	0.0	950
NC_003071.7:12554034-12556205	NC_003076.8	91.152	712	40	7	138	844	16356709	16357402	0.0	944
NC_003071.7:12554034-12556205	NC_003076.8	91.168	702	42	15	138	823	9612816	9613513	0.0	935
NC_003071.7:12554034-12556205	NC_003076.8	94.175	618	28	8	130	741	21530313	21530928	0.0	935
NC_003071.7:12554034-12556205	NC_003076.8	93.333	630	40	2	1543	2171	17956547	17957175	0.0	929
NC_003071.7:12554034-12556205	NC_003076.8	90.278	720	46	8	138	853	1898411	1897712	0.0	920
NC_003071.7:12554034-12556205	NC_003076.8	94.464	578	30	2	1595	2171	19930787	19930211	0.0	889
NC_003071.7:12554034-12556205	NC_003076.8	89.241	725	51	9	138	853	9559262	9558556	0.0	881
NC_003071.7:12554034-12556205	NC_003076.8	93.955	579	30	3	1595	2172	5129065	5128491	0.0	870
NC_003071.7:12554034-12556205	NC_003076.8	91.483	634	50	4	1540	2171	13983692	13984323	0.0	869
NC_003071.7:12554034-12556205	NC_003076.8	89.685	572	48	7	983	1554	13982715	13983275	0.0	719
NC_003071.7:12554034-12556205	NC_003076.8	92.023	514	32	4	983	1496	13917885	13917381	0.0	713
NC_003071.7:12554034-12556205	NC_003076.8	92.157	510	30	7	2	503	25264510	25265017	0.0	712
NC_003071.7:12554034-12556205	NC_003076.8	89.272	522	30	7	983	1503	15341787	15341291	3.25e-179	630
NC_003071.7:12554034-12556205	NC_003076.8	93.643	409	22	4	138	543	7154204	7153797	1.52e-172	608
NC_003071.7:12554034-12556205	NC_003076.8	96.164	365	10	2	3	363	3020196	3019832	4.26e-168	593
NC_003071.7:12554034-12556205	NC_003076.8	95.690	348	13	2	575	921	20398316	20398662	1.55e-157	558
NC_003071.7:12554034-12556205	NC_003076.8	95.425	306	14	0	534	839	3019829	3019524	2.07e-136	488
NC_003071.7:12554034-12556205	NC_003076.8	94.853	272	9	3	3	270	17955555	17955825	7.65e-116	420
NC_003071.7:12554034-12556205	NC_003076.8	90.805	261	16	6	2	257	14151295	14151038	1.70e-92	342
NC_003071.7:12554034-12556205	NC_003076.8	88.462	260	21	7	3	257	16356475	16356730	2.23e-81	305
NC_003071.7:12554034-12556205	NC_003076.8	83.908	261	22	15	3	257	9612591	9612837	3.85e-59	231
NC_003071.7:12554034-12556205	NC_003076.8	97.059	68	2	0	926	993	9964992	9964925	4.04e-24	115
NC_003071.7:12554034-12556205	NC_003076.8	97.015	67	2	0	927	993	17955581	17955647	1.45e-23	113
NC_003071.7:12554034-12556205	NC_003076.8	95.652	69	2	1	926	994	354165	354232	1.88e-22	110
NC_003071.7:12554034-12556205	NC_003076.8	95.588	68	3	0	926	993	3020171	3020104	1.88e-22	110
NC_003071.7:12554034-12556205	NC_003076.8	95.588	68	3	0	926	993	8746676	8746609	1.88e-22	110
NC_003071.7:12554034-12556205	NC_003076.8	95.588	68	3	0	926	993	9559482	9559415	1.88e-22	110
NC_003071.7:12554034-12556205	NC_003076.8	95.588	68	3	0	926	993	9590435	9590502	1.88e-22	110
NC_003071.7:12554034-12556205	NC_003076.8	95.588	68	3	0	926	993	14082810	14082743	1.88e-22	110
NC_003071.7:12554034-12556205	NC_003076.8	95.652	69	2	1	926	994	14761158	14761091	1.88e-22	110
NC_003071.7:12554034-12556205	NC_003076.8	95.588	68	3	0	926	993	15606576	15606509	1.88e-22	110
NC_003071.7:12554034-12556205	NC_003076.8	95.588	68	3	0	926	993	17775754	17775821	1.88e-22	110
NC_003071.7:12554034-12556205	NC_003076.8	95.588	68	3	0	926	993	17796760	17796693	1.88e-22	110
NC_003071.7:12554034-12556205	NC_003076.8	95.588	68	3	0	926	993	18853977	18854044	1.88e-22	110
NC_003071.7:12554034-12556205	NC_003076.8	95.588	68	2	1	926	993	25264536	25264602	6.76e-22	108
NC_003071.7:12554034-12556205	NC_003076.8	94.203	69	4	0	926	994	7154414	7154346	2.43e-21	106
NC_003071.7:12554034-12556205	NC_003076.8	94.118	68	4	0	926	993	13918765	13918698	8.75e-21	104
NC_003071.7:12554034-12556205	NC_003076.8	94.118	68	4	0	926	993	17365050	17365117	8.75e-21	104
NC_003071.7:12554034-12556205	NC_003076.8	94.118	68	4	0	926	993	21530114	21530181	8.75e-21	104
NC_003071.7:12554034-12556205	NC_003076.8	94.118	68	2	2	926	993	5129809	5129744	3.15e-20	102
NC_003071.7:12554034-12556205	NC_003076.8	92.857	70	5	0	2102	2171	15341283	15341214	3.15e-20	102
NC_003071.7:12554034-12556205	NC_003076.8	94.118	68	3	1	926	993	19670826	19670892	3.15e-20	102
NC_003071.7:12554034-12556205	NC_003076.8	94.118	68	3	1	926	993	20398243	20398309	3.15e-20	102
NC_003071.7:12554034-12556205	NC_003076.8	93.939	66	4	0	928	993	4312463	4312528	1.13e-19	100
NC_003071.7:12554034-12556205	NC_003076.8	88.889	81	9	0	3	83	10714424	10714504	1.13e-19	100
NC_003071.7:12554034-12556205	NC_003076.8	92.647	68	5	0	926	993	5430037	5429970	4.07e-19	99.0
NC_003071.7:12554034-12556205	NC_003076.8	92.754	69	4	1	926	993	15342671	15342603	4.07e-19	99.0
NC_003071.7:12554034-12556205	NC_003076.8	92.647	68	5	0	926	993	19742592	19742525	4.07e-19	99.0
NC_003071.7:12554034-12556205	NC_003076.8	100.000	47	0	0	937	983	9612628	9612674	8.81e-16	87.9
NC_003071.7:12554034-12556205	NC_003076.8	91.071	56	5	0	926	981	21777007	21776952	1.91e-12	76.8
NC_003071.7:12554034-12556205	NC_003076.8	91.071	56	5	0	938	993	24187877	24187822	1.91e-12	76.8
NC_003071.7:12554034-12556205	NC_003076.8	95.238	42	2	0	952	993	17618634	17618593	1.15e-09	67.6
NC_003071.7:11397481-11398923	NC_003071.7	100.000	1443	0	0	1	1443	11398923	11397481	0.0	2665
NC_003071.7:11397481-11398923	NC_003071.7	92.536	911	63	5	322	1230	5466133	5465226	0.0	1301
NC_003071.7:11397481-11398923	NC_003071.7	91.451	889	72	4	345	1230	12555223	12554336	0.0	1218
NC_003071.7:11397481-11398923	NC_003071.7	90.789	912	65	7	321	1230	6101554	6102448	0.0	1201
NC_003071.7:11397481-11398923	NC_003071.7	93.086	810	51	5	422	1231	5843583	5842779	0.0	1181
NC_003071.7:11397481-11398923	NC_003071.7	89.157	913	77	7	321	1230	1460039	1459146	0.0	1118
NC_003071.7:11397481-11398923	NC_003071.7	91.082	684	56	5	551	1230	10468260	10467578	0.0	920
NC_003071.7:11397481-11398923	NC_003071.7	89.739	536	34	5	321	855	6383340	6382825	0.0	665
NC_003071.7:11397481-11398923	NC_003071.7	95.050	303	15	0	1	303	10468604	10468302	2.95e-133	477
NC_003071.7:11397481-11398923	NC_003071.7	94.719	303	16	0	1	303	12555723	12555421	1.37e-131	472
NC_003071.7:11397481-11398923	NC_003071.7	94.059	303	18	0	1	303	1460442	1460140	2.97e-128	460
NC_003071.7:11397481-11398923	NC_003071.7	94.079	304	17	1	1	303	13267495	13267798	2.97e-128	460
NC_003071.7:11397481-11398923	NC_003071.7	93.729	303	19	0	1	303	5466537	5466235	1.38e-126	455
NC_003071.7:11397481-11398923	NC_003071.7	93.750	304	18	1	1	303	6924794	6924491	1.38e-126	455
NC_003071.7:11397481-11398923	NC_003071.7	89.037	374	20	8	550	920	6084371	6084726	3.00e-123	444
NC_003071.7:11397481-11398923	NC_003071.7	93.289	298	20	0	4	301	19196271	19195974	3.88e-122	440
NC_003071.7:11397481-11398923	NC_003071.7	89.769	303	25	6	1	299	14334366	14334666	6.62e-105	383
NC_003071.7:11397481-11398923	NC_003071.7	93.701	254	14	2	52	304	6383692	6383440	8.57e-104	379
NC_003071.7:11397481-11398923	NC_003071.7	92.664	259	19	0	1	259	542889	543147	3.99e-102	374
NC_003071.7:11397481-11398923	NC_003071.7	93.778	225	13	1	1	225	6100009	6100232	5.23e-91	337
NC_003071.7:11397481-11398923	NC_003071.7	93.213	221	15	0	76	296	500626	500846	1.13e-87	326
NC_003071.7:11397481-11398923	NC_003071.7	93.953	215	12	1	1226	1440	1459059	1458846	4.07e-87	324
NC_003071.7:11397481-11398923	NC_003071.7	86.842	304	22	2	1	303	7154154	7153868	4.07e-87	324
NC_003071.7:11397481-11398923	NC_003071.7	92.237	219	12	3	1226	1439	5465141	5464923	1.48e-81	305
NC_003071.7:11397481-11398923	NC_003071.7	92.093	215	17	0	1226	1440	12554248	12554034	5.31e-81	303
NC_003071.7:11397481-11398923	NC_003071.7	91.743	218	15	3	1226	1443	6102516	6102730	6.86e-80	300
NC_003071.7:11397481-11398923	NC_003071.7	92.056	214	16	1	1226	1439	19195622	19195410	6.86e-80	300
NC_003071.7:11397481-11398923	NC_003071.7	91.121	214	19	0	1226	1439	10467490	10467277	4.13e-77	291
NC_003071.7:11397481-11398923	NC_003071.7	91.121	214	18	1	1226	1439	6085114	6085326	1.49e-76	289
NC_003071.7:11397481-11398923	NC_003071.7	87.037	54	7	0	1226	1279	5842691	5842638	3.53e-08	62.1
NC_003071.7:11397481-11398923	NC_003070.9	92.333	913	63	6	319	1230	1976280	1975374	0.0	1291
NC_003071.7:11397481-11398923	NC_003070.9	92.325	912	65	5	321	1230	14298872	14297964	0.0	1291
NC_003071.7:11397481-11398923	NC_003070.9	91.886	912	62	10	321	1230	12855130	12854229	0.0	1264
NC_003071.7:11397481-11398923	NC_003070.9	90.241	912	73	10	321	1230	8290700	8289803	0.0	1177
NC_003071.7:11397481-11398923	NC_003070.9	89.803	912	83	8	321	1230	18746132	18745229	0.0	1160
NC_003071.7:11397481-11398923	NC_003070.9	90.657	685	58	6	551	1230	17552172	17551489	0.0	905
NC_003071.7:11397481-11398923	NC_003070.9	92.480	625	44	3	607	1230	19172983	19172361	0.0	891
NC_003071.7:11397481-11398923	NC_003070.9	91.987	624	49	1	607	1230	19085920	19086542	0.0	874
NC_003071.7:11397481-11398923	NC_003070.9	91.231	536	38	4	321	855	29319846	29319319	0.0	721
NC_003071.7:11397481-11398923	NC_003070.9	90.909	539	41	3	318	855	23174586	23175117	0.0	717
NC_003071.7:11397481-11398923	NC_003070.9	90.775	542	36	9	318	855	18111	18642	0.0	712
NC_003071.7:11397481-11398923	NC_003070.9	89.074	540	48	6	318	855	6736747	6737277	0.0	660
NC_003071.7:11397481-11398923	NC_003070.9	89.013	537	47	6	321	855	3073838	3073312	0.0	654
NC_003071.7:11397481-11398923	NC_003070.9	94.737	304	15	1	1	304	29320248	29319946	1.37e-131	472
NC_003071.7:11397481-11398923	NC_003070.9	94.408	304	16	1	1	304	23174187	23174489	6.39e-130	466
NC_003071.7:11397481-11398923	NC_003070.9	94.059	303	18	0	1	303	17552516	17552214	2.97e-128	460
NC_003071.7:11397481-11398923	NC_003070.9	93.421	304	18	2	1	304	17713	18014	6.44e-125	449
NC_003071.7:11397481-11398923	NC_003070.9	93.399	303	20	0	1	303	1976681	1976379	6.44e-125	449
NC_003071.7:11397481-11398923	NC_003070.9	93.421	304	18	2	1	304	3074239	3073938	6.44e-125	449
NC_003071.7:11397481-11398923	NC_003070.9	93.421	304	19	1	1	303	26170897	26170594	6.44e-125	449
NC_003071.7:11397481-11398923	NC_003070.9	93.092	304	20	1	1	304	6736348	6736650	3.00e-123	444
NC_003071.7:11397481-11398923	NC_003070.9	93.069	303	20	1	1	303	14299360	14299059	1.08e-122	442
NC_003071.7:11397481-11398923	NC_003070.9	93.289	298	20	0	4	301	2234681	2234384	3.88e-122	440
NC_003071.7:11397481-11398923	NC_003070.9	92.739	303	22	0	1	303	8291103	8290801	1.39e-121	438
NC_003071.7:11397481-11398923	NC_003070.9	94.056	286	15	2	11	296	12855521	12855238	6.49e-120	433
NC_003071.7:11397481-11398923	NC_003070.9	92.079	303	23	1	1	303	19085568	19085869	1.09e-117	425
NC_003071.7:11397481-11398923	NC_003070.9	91.776	304	24	1	1	303	19328687	19328384	1.40e-116	422
NC_003071.7:11397481-11398923	NC_003070.9	91.749	303	24	1	1	303	19173335	19173034	5.05e-116	420
NC_003071.7:11397481-11398923	NC_003070.9	91.475	305	24	2	1	303	16807578	16807882	1.82e-115	418
NC_003071.7:11397481-11398923	NC_003070.9	91.447	304	25	1	1	303	30254943	30254640	6.53e-115	416
NC_003071.7:11397481-11398923	NC_003070.9	91.118	304	26	1	1	303	9866844	9866541	3.04e-113	411
NC_003071.7:11397481-11398923	NC_003070.9	91.118	304	26	1	1	303	17900443	17900746	3.04e-113	411
NC_003071.7:11397481-11398923	NC_003070.9	90.461	304	27	2	1	303	7035773	7036075	6.58e-110	399
NC_003071.7:11397481-11398923	NC_003070.9	94.882	254	13	0	50	303	18746486	18746233	2.37e-109	398
NC_003071.7:11397481-11398923	NC_003070.9	93.436	259	17	0	1	259	19466367	19466109	1.84e-105	385
NC_003071.7:11397481-11398923	NC_003070.9	93.050	259	18	0	1	259	16825094	16825352	8.57e-104	379
NC_003071.7:11397481-11398923	NC_003070.9	93.050	259	17	1	1	259	23214247	23214504	3.08e-103	377
NC_003071.7:11397481-11398923	NC_003070.9	92.664	259	19	0	1	259	16326025	16326283	3.99e-102	374
NC_003071.7:11397481-11398923	NC_003070.9	91.892	259	20	1	1	259	12364716	12364973	3.10e-98	361
NC_003071.7:11397481-11398923	NC_003070.9	88.158	304	18	2	1	303	30252525	30252239	8.69e-94	346
NC_003071.7:11397481-11398923	NC_003070.9	86.928	306	32	5	1	303	16904360	16904660	5.23e-91	337
NC_003071.7:11397481-11398923	NC_003070.9	87.500	304	20	2	1	303	12329472	12329186	1.88e-90	335
NC_003071.7:11397481-11398923	NC_003070.9	93.519	216	14	0	1226	1441	8289717	8289502	1.46e-86	322
NC_003071.7:11397481-11398923	NC_003070.9	92.593	216	16	0	1226	1441	17551401	17551186	3.17e-83	311
NC_003071.7:11397481-11398923	NC_003070.9	92.056	214	16	1	1226	1439	2234032	2233820	6.86e-80	300
NC_003071.7:11397481-11398923	NC_003070.9	93.846	195	12	0	1226	1420	1975286	1975092	3.19e-78	294
NC_003071.7:11397481-11398923	NC_003070.9	95.055	182	9	0	1226	1407	18745142	18744961	5.34e-76	287
NC_003071.7:11397481-11398923	NC_003070.9	90.278	216	21	0	1226	1441	19086630	19086845	6.91e-75	283
NC_003071.7:11397481-11398923	NC_003070.9	90.233	215	21	0	1226	1440	19172273	19172059	2.49e-74	281
NC_003071.7:11397481-11398923	NC_003070.9	90.187	214	12	1	1226	1439	12854141	12853937	5.38e-71	270
NC_003071.7:11397481-11398923	NC_003070.9	91.414	198	16	1	107	303	15939781	15939978	5.38e-71	270
NC_003071.7:11397481-11398923	NC_003070.9	91.489	141	11	1	1226	1365	14297876	14297736	1.20e-47	193
NC_003071.7:11397481-11398923	NC_003070.9	92.771	83	6	0	321	403	14298959	14298877	5.73e-26	121
NC_003071.7:11397481-11398923	NC_003076.8	91.996	912	68	4	321	1230	20398627	20399535	0.0	1275
NC_003071.7:11397481-11398923	NC_003076.8	91.585	915	69	7	318	1230	355004	355912	0.0	1256
NC_003071.7:11397481-11398923	NC_003076.8	91.447	912	70	5	321	1230	7712018	7712923	0.0	1245
NC_003071.7:11397481-11398923	NC_003076.8	91.128	913	78	3	321	1230	19671634	19672546	0.0	1234
NC_003071.7:11397481-11398923	NC_003076.8	89.752	927	77	9	321	1230	8683865	8684790	0.0	1170
NC_003071.7:11397481-11398923	NC_003076.8	89.731	594	51	5	321	913	13982691	13983275	0.0	750
NC_003071.7:11397481-11398923	NC_003076.8	90.858	536	41	3	321	855	13917909	13917381	0.0	712
NC_003071.7:11397481-11398923	NC_003076.8	88.235	544	39	9	321	862	15341811	15341291	2.77e-178	627
NC_003071.7:11397481-11398923	NC_003076.8	94.225	329	18	1	902	1230	17956547	17956874	1.75e-140	501
NC_003071.7:11397481-11398923	NC_003076.8	95.050	303	15	0	1	303	8683462	8683764	2.95e-133	477
NC_003071.7:11397481-11398923	NC_003076.8	94.389	303	16	1	1	303	7711616	7711917	2.30e-129	464
NC_003071.7:11397481-11398923	NC_003076.8	94.079	304	17	1	1	303	8766290	8766593	2.97e-128	460
NC_003071.7:11397481-11398923	NC_003076.8	93.750	304	17	2	1	303	5429469	5429167	1.38e-126	455
NC_003071.7:11397481-11398923	NC_003076.8	93.750	304	18	1	1	304	15342215	15341913	1.38e-126	455
NC_003071.7:11397481-11398923	NC_003076.8	93.443	305	17	2	1	303	19671230	19671533	6.44e-125	449
NC_003071.7:11397481-11398923	NC_003076.8	93.115	305	19	2	1	303	17365606	17365910	8.33e-124	446
NC_003071.7:11397481-11398923	NC_003076.8	93.092	304	20	1	1	304	13918311	13918009	3.00e-123	444
NC_003071.7:11397481-11398923	NC_003076.8	93.069	303	21	0	1	303	14760701	14760399	3.00e-123	444
NC_003071.7:11397481-11398923	NC_003076.8	93.092	304	20	1	1	303	20681829	20681526	3.00e-123	444
NC_003071.7:11397481-11398923	NC_003076.8	93.092	304	20	1	1	303	24187335	24187032	3.00e-123	444
NC_003071.7:11397481-11398923	NC_003076.8	93.289	298	20	0	4	301	19931072	19930775	3.88e-122	440
NC_003071.7:11397481-11398923	NC_003076.8	92.763	304	21	1	1	303	14150719	14150416	1.39e-121	438
NC_003071.7:11397481-11398923	NC_003076.8	92.763	304	21	1	1	303	19742030	19741727	1.39e-121	438
NC_003071.7:11397481-11398923	NC_003076.8	92.617	298	22	0	4	301	5129350	5129053	8.39e-119	429
NC_003071.7:11397481-11398923	NC_003076.8	93.448	290	13	4	11	296	354612	354899	1.09e-117	425
NC_003071.7:11397481-11398923	NC_003076.8	91.475	305	24	2	1	303	9613173	9613477	1.82e-115	418
NC_003071.7:11397481-11398923	NC_003076.8	91.118	304	25	2	1	303	11025906	11026208	3.04e-113	411
NC_003071.7:11397481-11398923	NC_003076.8	94.071	253	15	0	52	304	3019829	3019577	1.84e-105	385
NC_003071.7:11397481-11398923	NC_003076.8	90.132	304	19	4	1	303	4781656	4781363	1.84e-105	385
NC_003071.7:11397481-11398923	NC_003076.8	92.664	259	19	0	1	259	21530670	21530928	3.99e-102	374
NC_003071.7:11397481-11398923	NC_003076.8	88.158	304	18	2	1	303	9964436	9964150	8.69e-94	346
NC_003071.7:11397481-11398923	NC_003076.8	88.158	304	18	2	1	303	17618103	17617817	8.69e-94	346
NC_003071.7:11397481-11398923	NC_003076.8	87.829	304	19	2	1	303	9590991	9591277	4.04e-92	340
NC_003071.7:11397481-11398923	NC_003076.8	87.500	304	19	3	1	303	20281403	20281118	6.77e-90	333
NC_003071.7:11397481-11398923	NC_003076.8	87.171	304	21	2	1	303	15606019	15605733	8.75e-89	329
NC_003071.7:11397481-11398923	NC_003076.8	86.824	296	22	11	1	296	1898066	1897788	2.45e-84	315
NC_003071.7:11397481-11398923	NC_003076.8	92.891	211	15	0	93	303	20398316	20398526	4.10e-82	307
NC_003071.7:11397481-11398923	NC_003076.8	92.056	214	16	1	1226	1439	19930423	19930211	6.86e-80	300
NC_003071.7:11397481-11398923	NC_003076.8	85.479	303	24	5	2	303	14082253	14081970	2.47e-79	298
NC_003071.7:11397481-11398923	NC_003076.8	91.589	214	18	0	1226	1439	17956962	17957175	8.88e-79	296
NC_003071.7:11397481-11398923	NC_003076.8	90.909	220	18	2	1226	1443	13984109	13984328	3.19e-78	294
NC_003071.7:11397481-11398923	NC_003076.8	89.076	238	24	2	321	557	14760298	14760062	3.19e-78	294
NC_003071.7:11397481-11398923	NC_003076.8	91.121	214	19	0	1226	1439	8684878	8685091	4.13e-77	291
NC_003071.7:11397481-11398923	NC_003076.8	90.698	215	16	2	1226	1440	5128701	5128491	6.91e-75	283
NC_003071.7:11397481-11398923	NC_003076.8	89.815	216	20	1	1226	1439	20399623	20399838	1.16e-72	276
NC_003071.7:11397481-11398923	NC_003076.8	89.720	214	13	3	1226	1439	356000	356204	2.50e-69	265
NC_003071.7:11397481-11398923	NC_003076.8	89.252	214	18	2	1226	1439	19672634	19672842	9.00e-69	263
NC_003071.7:11397481-11398923	NC_003074.8	91.703	916	73	2	318	1230	5622908	5623823	0.0	1267
NC_003071.7:11397481-11398923	NC_003074.8	91.758	910	62	8	321	1227	16880692	16881591	0.0	1253
NC_003071.7:11397481-11398923	NC_003074.8	91.447	912	75	3	321	1230	20484257	20483347	0.0	1249
NC_003071.7:11397481-11398923	NC_003074.8	92.226	849	58	6	382	1230	10862818	10863658	0.0	1195
NC_003071.7:11397481-11398923	NC_003074.8	91.162	826	57	7	382	1207	20486738	20485929	0.0	1107
NC_003071.7:11397481-11398923	NC_003074.8	91.176	680	53	4	550	1224	17397020	17396343	0.0	917
NC_003071.7:11397481-11398923	NC_003074.8	91.917	532	25	4	125	638	9385008	9385539	0.0	728
NC_003071.7:11397481-11398923	NC_003074.8	90.926	529	40	4	321	848	9558797	9558276	0.0	704
NC_003071.7:11397481-11398923	NC_003074.8	90.598	468	33	6	390	855	2629029	2628571	2.79e-173	610
NC_003071.7:11397481-11398923	NC_003074.8	87.896	537	37	13	321	855	1370305	1369795	3.61e-172	606
NC_003071.7:11397481-11398923	NC_003074.8	94.408	304	16	1	1	304	9559199	9558897	6.39e-130	466
NC_003071.7:11397481-11398923	NC_003074.8	94.389	303	17	0	1	303	16880289	16880591	6.39e-130	466
NC_003071.7:11397481-11398923	NC_003074.8	93.750	304	18	1	1	304	2629544	2629242	1.38e-126	455
NC_003071.7:11397481-11398923	NC_003074.8	93.421	304	19	1	1	303	20484661	20484358	6.44e-125	449
NC_003071.7:11397481-11398923	NC_003074.8	93.399	303	19	1	1	303	5622509	5622810	2.32e-124	448
NC_003071.7:11397481-11398923	NC_003074.8	93.355	301	19	1	1	301	18746768	18747067	3.00e-123	444
NC_003071.7:11397481-11398923	NC_003074.8	92.834	307	18	3	1	303	9890596	9890902	1.08e-122	442
NC_003071.7:11397481-11398923	NC_003074.8	92.459	305	21	2	1	303	10820863	10820559	1.80e-120	435
NC_003071.7:11397481-11398923	NC_003074.8	91.803	305	23	2	1	303	3716835	3717139	3.90e-117	424
NC_003071.7:11397481-11398923	NC_003074.8	91.447	304	23	3	1	303	10404868	10405169	2.35e-114	414
NC_003071.7:11397481-11398923	NC_003074.8	93.165	278	18	1	1	278	1370692	1370416	3.93e-112	407
NC_003071.7:11397481-11398923	NC_003074.8	90.645	310	22	2	1	303	16172724	16172415	1.41e-111	405
NC_003071.7:11397481-11398923	NC_003074.8	93.436	259	17	0	1	259	7996094	7995836	1.84e-105	385
NC_003071.7:11397481-11398923	NC_003074.8	91.506	259	22	0	1	259	17062662	17062404	4.02e-97	357
NC_003071.7:11397481-11398923	NC_003074.8	90.602	266	20	5	41	303	15937890	15938153	2.42e-94	348
NC_003071.7:11397481-11398923	NC_003074.8	87.500	304	20	3	1	303	17300697	17300411	1.88e-90	335
NC_003071.7:11397481-11398923	NC_003074.8	87.171	304	19	4	1	303	11536416	11536700	3.15e-88	327
NC_003071.7:11397481-11398923	NC_003074.8	93.519	216	14	0	1226	1441	17396192	17395977	1.46e-86	322
NC_003071.7:11397481-11398923	NC_003074.8	92.991	214	15	0	1226	1439	5623911	5624124	8.81e-84	313
NC_003071.7:11397481-11398923	NC_003074.8	86.184	304	22	4	1	303	20786981	20787265	3.17e-83	311
NC_003071.7:11397481-11398923	NC_003074.8	92.558	215	15	1	1226	1440	8189036	8189249	4.10e-82	307
NC_003071.7:11397481-11398923	NC_003074.8	85.855	304	23	4	1	303	5745340	5745056	1.48e-81	305
NC_003071.7:11397481-11398923	NC_003074.8	90.741	216	20	0	1226	1441	20483259	20483044	1.49e-76	289
NC_003071.7:11397481-11398923	NC_003074.8	92.268	194	13	1	1226	1419	16881682	16881873	4.16e-72	274
NC_003071.7:11397481-11398923	NC_003074.8	89.302	215	19	2	1226	1440	20485829	20485619	6.96e-70	267
NC_003071.7:11397481-11398923	NC_003074.8	91.713	181	14	1	124	303	15452795	15452615	7.01e-65	250
NC_003071.7:11397481-11398923	NC_003074.8	91.716	169	14	0	1271	1439	10865881	10866049	1.96e-60	235
NC_003071.7:11397481-11398923	NC_003074.8	93.636	110	6	1	321	430	2629142	2629034	9.39e-39	163
NC_003071.7:11397481-11398923	NC_003074.8	96.667	60	2	0	1226	1285	10865792	10865851	7.47e-20	100
NC_003071.7:11397481-11398923	NC_003074.8	95.652	46	2	0	1	46	15937868	15937913	4.53e-12	75.0
NC_003071.7:11397481-11398923	NC_003075.7	91.658	911	74	2	321	1230	7059813	7058904	0.0	1260
NC_003071.7:11397481-11398923	NC_003075.7	90.680	912	68	10	321	1230	313398	312502	0.0	1197
NC_003071.7:11397481-11398923	NC_003075.7	90.909	770	65	3	463	1230	6280480	6281246	0.0	1029
NC_003071.7:11397481-11398923	NC_003075.7	92.320	625	47	1	607	1230	9439608	9440232	0.0	887
NC_003071.7:11397481-11398923	NC_003075.7	91.979	374	22	8	550	920	5354758	5355126	1.74e-145	518
NC_003071.7:11397481-11398923	NC_003075.7	94.059	303	18	0	1	303	313801	313499	2.97e-128	460
NC_003071.7:11397481-11398923	NC_003075.7	93.729	303	19	0	1	303	7060216	7059914	1.38e-126	455
NC_003071.7:11397481-11398923	NC_003075.7	93.421	304	19	1	1	303	1001425	1001122	6.44e-125	449
NC_003071.7:11397481-11398923	NC_003075.7	93.092	304	20	1	1	303	8064189	8064492	3.00e-123	444
NC_003071.7:11397481-11398923	NC_003075.7	92.434	304	22	1	1	303	9439254	9439557	6.49e-120	433
NC_003071.7:11397481-11398923	NC_003075.7	92.131	305	22	2	1	303	10396806	10396502	8.39e-119	429
NC_003071.7:11397481-11398923	NC_003075.7	92.105	304	19	5	1	303	2621430	2621131	3.90e-117	424
NC_003071.7:11397481-11398923	NC_003075.7	93.617	282	15	3	950	1230	6178995	6179274	1.82e-115	418
NC_003071.7:11397481-11398923	NC_003075.7	95.154	227	11	0	855	1081	6280052	6280278	1.12e-97	359
NC_003071.7:11397481-11398923	NC_003075.7	94.811	212	11	0	1228	1439	312413	312202	2.43e-89	331
NC_003071.7:11397481-11398923	NC_003075.7	87.542	297	19	2	1	296	1350166	1350445	3.15e-88	327
NC_003071.7:11397481-11398923	NC_003075.7	92.857	210	15	0	1232	1441	7058810	7058601	1.48e-81	305
NC_003071.7:11397481-11398923	NC_003075.7	92.195	205	13	2	1	205	9763233	9763032	5.34e-76	287
NC_003071.7:11397481-11398923	NC_003075.7	92.195	205	13	2	1	205	9842027	9841826	5.34e-76	287
NC_003071.7:11397481-11398923	NC_003075.7	91.204	216	10	3	1226	1441	5355519	5355725	1.92e-75	285
NC_003071.7:11397481-11398923	NC_003075.7	90.654	214	20	0	1226	1439	6179362	6179575	1.92e-75	285
NC_003071.7:11397481-11398923	NC_003075.7	90.426	188	11	7	1226	1406	9440320	9440507	4.22e-62	241
NC_003071.7:11397481-11398923	NC_003075.7	96.471	85	3	0	127	211	6280372	6280456	4.40e-32	141
NC_003075.7:312194-314269	NC_003075.7	100.000	2076	0	0	1	2076	314269	312194	0.0	3834
NC_003075.7:312194-314269	NC_003075.7	91.964	2103	127	19	1	2068	7060698	7058603	0.0	2909
NC_003075.7:312194-314269	NC_003075.7	90.308	1073	82	11	1014	2068	6280480	6281548	0.0	1386
NC_003075.7:312194-314269	NC_003075.7	92.564	901	52	15	1149	2035	9439608	9440507	0.0	1279
NC_003075.7:312194-314269	NC_003075.7	92.214	822	54	10	9	824	9438793	9439610	0.0	1155
NC_003075.7:312194-314269	NC_003075.7	93.007	715	44	6	126	836	8063845	8064557	0.0	1038
NC_003075.7:312194-314269	NC_003075.7	92.768	719	45	6	126	839	1001772	1001056	0.0	1033
NC_003075.7:312194-314269	NC_003075.7	92.768	719	45	7	126	839	10397150	10396434	0.0	1033
NC_003075.7:312194-314269	NC_003075.7	91.201	716	39	11	126	836	4146361	4147057	0.0	952
NC_003075.7:312194-314269	NC_003075.7	90.746	724	42	12	126	843	1349820	1350524	0.0	942
NC_003075.7:312194-314269	NC_003075.7	90.821	719	44	9	126	839	5541154	5540453	0.0	942
NC_003075.7:312194-314269	NC_003075.7	90.529	718	44	10	126	836	11361104	11361804	0.0	928
NC_003075.7:312194-314269	NC_003075.7	90.227	706	57	10	126	826	2621774	2621076	0.0	911
NC_003075.7:312194-314269	NC_003075.7	94.168	583	30	3	1488	2068	6178995	6179575	0.0	885
NC_003075.7:312194-314269	NC_003075.7	90.131	689	43	15	126	808	8730218	8729549	0.0	872
NC_003075.7:312194-314269	NC_003075.7	90.833	600	39	11	1	596	6279022	6279609	0.0	789
NC_003075.7:312194-314269	NC_003075.7	92.613	555	32	8	124	673	9763582	9763032	0.0	789
NC_003075.7:312194-314269	NC_003075.7	92.043	553	34	9	126	673	9842373	9841826	0.0	769
NC_003075.7:312194-314269	NC_003075.7	92.029	552	26	5	1	536	6178448	6178997	0.0	760
NC_003075.7:312194-314269	NC_003075.7	90.017	591	38	8	126	713	16864836	16864264	0.0	745
NC_003075.7:312194-314269	NC_003075.7	93.768	353	14	8	1112	1461	5354779	5355126	5.41e-147	523
NC_003075.7:312194-314269	NC_003075.7	89.267	382	26	11	1698	2076	5355360	5355729	3.33e-129	464
NC_003075.7:312194-314269	NC_003075.7	92.632	285	18	3	1490	1774	5355097	5355378	5.69e-112	407
NC_003075.7:312194-314269	NC_003075.7	91.367	278	22	2	523	799	3894020	3893744	1.24e-103	379
NC_003075.7:312194-314269	NC_003075.7	90.210	286	14	2	1	272	5354114	5354399	4.49e-98	361
NC_003075.7:312194-314269	NC_003075.7	93.392	227	12	3	1396	1619	6280052	6280278	9.79e-90	333
NC_003075.7:312194-314269	NC_003075.7	86.486	259	18	5	1	244	1002007	1001751	2.80e-70	268
NC_003075.7:312194-314269	NC_003075.7	86.486	259	18	5	1	244	8730453	8730197	2.80e-70	268
NC_003075.7:312194-314269	NC_003075.7	86.486	259	17	6	1	244	11360870	11361125	2.80e-70	268
NC_003075.7:312194-314269	NC_003075.7	87.149	249	14	6	1	234	7853533	7853288	1.01e-69	267
NC_003075.7:312194-314269	NC_003075.7	86.100	259	19	5	1	244	9763814	9763558	1.30e-68	263
NC_003075.7:312194-314269	NC_003075.7	85.714	259	20	5	1	244	9842608	9842352	6.06e-67	257
NC_003075.7:312194-314269	NC_003075.7	85.714	259	19	9	1	244	16865070	16864815	6.06e-67	257
NC_003075.7:312194-314269	NC_003075.7	84.942	259	22	5	1	244	5541389	5541133	1.31e-63	246
NC_003075.7:312194-314269	NC_003075.7	84.291	261	20	9	1	244	4146126	4146382	2.84e-60	235
NC_003075.7:312194-314269	NC_003075.7	83.721	258	24	5	1	244	2622006	2621753	4.75e-58	228
NC_003075.7:312194-314269	NC_003075.7	89.091	165	16	2	674	836	5773070	5773234	8.01e-51	204
NC_003075.7:312194-314269	NC_003075.7	97.170	106	3	0	1	106	8063577	8063682	1.35e-43	180
NC_003075.7:312194-314269	NC_003075.7	96.809	94	3	0	595	688	6280372	6280465	6.32e-37	158
NC_003075.7:312194-314269	NC_003075.7	98.413	63	1	0	1112	1174	5354053	5354115	4.99e-23	111
NC_003075.7:312194-314269	NC_003075.7	98.413	63	1	0	1112	1174	5354415	5354477	4.99e-23	111
NC_003075.7:312194-314269	NC_003075.7	90.361	83	4	4	1	81	2520884	2520964	2.32e-21	106
NC_003075.7:312194-314269	NC_003075.7	87.654	81	10	0	1	81	14390988	14390908	5.03e-18	95.3
NC_003075.7:312194-314269	NC_003075.7	86.420	81	11	0	1	81	372086	372006	2.34e-16	89.8
NC_003075.7:312194-314269	NC_003076.8	93.102	2102	102	24	1	2068	7711131	7713223	0.0	3038
NC_003075.7:312194-314269	NC_003076.8	92.406	2107	111	14	9	2068	8682987	8685091	0.0	2959
NC_003075.7:312194-314269	NC_003076.8	91.956	2101	117	30	1	2076	354140	356213	0.0	2896
NC_003075.7:312194-314269	NC_003076.8	90.086	2088	139	42	2	2068	19670802	19672842	0.0	2647
NC_003075.7:312194-314269	NC_003076.8	92.418	1530	95	10	561	2072	20398316	20399842	0.0	2163
NC_003075.7:312194-314269	NC_003076.8	91.608	1418	89	13	1	1396	13918790	13917381	0.0	1932
NC_003075.7:312194-314269	NC_003076.8	91.573	1424	81	15	1	1403	15342696	15341291	0.0	1929
NC_003075.7:312194-314269	NC_003076.8	91.904	1124	72	9	1	1107	14761183	14760062	0.0	1554
NC_003075.7:312194-314269	NC_003076.8	92.830	781	39	7	1	765	19931558	19930779	0.0	1116
NC_003075.7:312194-314269	NC_003076.8	92.830	781	37	6	1	765	5129834	5129057	0.0	1114
NC_003075.7:312194-314269	NC_003076.8	93.846	715	40	4	126	836	8765944	8766658	0.0	1074
NC_003075.7:312194-314269	NC_003076.8	93.846	715	37	6	131	839	20682171	20681458	0.0	1070
NC_003075.7:312194-314269	NC_003076.8	93.065	721	40	9	124	836	17365257	17365975	0.0	1046
NC_003075.7:312194-314269	NC_003076.8	92.978	712	40	7	126	827	19742382	19741671	0.0	1029
NC_003075.7:312194-314269	NC_003076.8	91.918	730	42	8	126	839	5429827	5429099	0.0	1005
NC_003075.7:312194-314269	NC_003076.8	92.072	719	47	8	126	836	11025557	11026273	0.0	1003
NC_003075.7:312194-314269	NC_003076.8	92.072	719	45	9	126	839	14151059	14150348	0.0	1002
NC_003075.7:312194-314269	NC_003076.8	92.714	700	40	8	141	834	24187663	24186969	0.0	1000
NC_003075.7:312194-314269	NC_003076.8	92.072	719	38	11	126	839	4781999	4781295	0.0	994
NC_003075.7:312194-314269	NC_003076.8	91.516	719	39	9	126	839	17618450	17617749	0.0	970
NC_003075.7:312194-314269	NC_003076.8	91.389	720	38	11	126	839	4312768	4313469	0.0	965
NC_003075.7:312194-314269	NC_003076.8	91.238	719	40	10	126	839	20281750	20281050	0.0	957
NC_003075.7:312194-314269	NC_003076.8	90.871	723	42	11	126	843	9590645	9591348	0.0	948
NC_003075.7:312194-314269	NC_003076.8	91.074	717	41	9	126	836	15606367	15605668	0.0	948
NC_003075.7:312194-314269	NC_003076.8	90.960	719	42	10	126	839	9964782	9964082	0.0	946
NC_003075.7:312194-314269	NC_003076.8	90.934	717	42	10	126	836	17775963	17776662	0.0	942
NC_003075.7:312194-314269	NC_003076.8	90.569	721	42	12	126	839	8746465	8745764	0.0	931
NC_003075.7:312194-314269	NC_003076.8	90.858	711	40	10	126	828	18854200	18854893	0.0	929
NC_003075.7:312194-314269	NC_003076.8	90.264	719	46	12	126	839	14082601	14081902	0.0	918
NC_003075.7:312194-314269	NC_003076.8	90.409	709	45	10	126	828	16356709	16357400	0.0	911
NC_003075.7:312194-314269	NC_003076.8	92.344	640	40	8	1443	2075	17956547	17957184	0.0	902
NC_003075.7:312194-314269	NC_003076.8	89.708	719	51	17	126	825	9612816	9613530	0.0	896
NC_003075.7:312194-314269	NC_003076.8	89.569	719	51	17	126	839	1898411	1897712	0.0	891
NC_003075.7:312194-314269	NC_003076.8	92.869	617	36	7	118	727	21530313	21530928	0.0	889
NC_003075.7:312194-314269	NC_003076.8	88.828	725	52	14	126	839	9559262	9558556	0.0	863
NC_003075.7:312194-314269	NC_003076.8	91.080	639	46	10	1440	2071	13983692	13984326	0.0	854
NC_003075.7:312194-314269	NC_003076.8	92.573	579	39	3	1492	2068	19930787	19930211	0.0	828
NC_003075.7:312194-314269	NC_003076.8	91.710	579	41	4	1492	2068	5129065	5128492	0.0	797
NC_003075.7:312194-314269	NC_003076.8	88.995	627	51	7	838	1454	13982657	13983275	0.0	760
NC_003075.7:312194-314269	NC_003076.8	90.343	466	25	7	1	449	25264511	25264973	4.07e-168	593
NC_003075.7:312194-314269	NC_003076.8	91.932	409	27	6	126	529	7154204	7153797	2.47e-160	568
NC_003075.7:312194-314269	NC_003076.8	92.055	365	13	3	1	349	3020196	3019832	9.12e-140	499
NC_003075.7:312194-314269	NC_003076.8	93.293	328	20	2	499	825	3019850	3019524	9.19e-135	483
NC_003075.7:312194-314269	NC_003076.8	90.074	272	11	3	1	257	17955555	17955825	2.10e-91	339
NC_003075.7:312194-314269	NC_003076.8	87.645	259	15	5	1	244	9590410	9590666	2.78e-75	285
NC_003075.7:312194-314269	NC_003076.8	87.259	259	15	6	1	244	20281984	20281729	1.29e-73	279
NC_003075.7:312194-314269	NC_003076.8	87.259	259	16	5	1	244	21530089	21530345	1.29e-73	279
NC_003075.7:312194-314269	NC_003076.8	86.873	259	17	5	1	244	9965017	9964761	6.02e-72	274
NC_003075.7:312194-314269	NC_003076.8	86.486	259	18	5	1	244	19742617	19742361	2.80e-70	268
NC_003075.7:312194-314269	NC_003076.8	86.100	259	19	8	1	244	7154439	7154183	1.30e-68	263
NC_003075.7:312194-314269	NC_003076.8	86.100	259	19	5	1	244	14151294	14151038	1.30e-68	263
NC_003075.7:312194-314269	NC_003076.8	85.714	259	19	6	1	244	15606601	15606346	6.06e-67	257
NC_003075.7:312194-314269	NC_003076.8	85.659	258	20	6	2	244	5430061	5429806	2.18e-66	255
NC_003075.7:312194-314269	NC_003076.8	85.385	260	20	5	1	244	8746701	8746444	7.84e-66	254
NC_003075.7:312194-314269	NC_003076.8	85.328	259	21	5	1	244	17365025	17365281	2.82e-65	252
NC_003075.7:312194-314269	NC_003076.8	84.942	259	21	6	1	244	14082835	14082580	1.31e-63	246
NC_003075.7:312194-314269	NC_003076.8	85.542	249	17	7	1	234	17796785	17796541	1.70e-62	243
NC_003075.7:312194-314269	NC_003076.8	84.556	259	23	5	1	244	4312436	4312692	6.10e-62	241
NC_003075.7:312194-314269	NC_003076.8	85.537	242	17	6	18	244	17775746	17775984	7.90e-61	237
NC_003075.7:312194-314269	NC_003076.8	83.468	248	32	9	1	244	11025336	11025578	2.21e-56	222
NC_003075.7:312194-314269	NC_003076.8	85.586	222	16	4	16	221	24187899	24187678	2.86e-55	219
NC_003075.7:312194-314269	NC_003076.8	82.900	269	19	12	1	244	9559507	9559241	1.03e-54	217
NC_003075.7:312194-314269	NC_003076.8	82.721	272	17	10	1	244	18853952	18854221	3.70e-54	215
NC_003075.7:312194-314269	NC_003076.8	80.159	252	37	9	1	244	9612591	9612837	1.75e-42	176
NC_003075.7:312194-314269	NC_003076.8	94.000	100	5	1	1	100	20398218	20398316	1.06e-34	150
NC_003075.7:312194-314269	NC_003076.8	97.143	70	2	0	2002	2071	15341280	15341211	2.98e-25	119
NC_003075.7:312194-314269	NC_003076.8	90.244	82	6	2	1	81	9133953	9134033	2.32e-21	106
NC_003075.7:312194-314269	NC_003076.8	88.889	81	9	0	1	81	5978053	5977973	1.08e-19	100
NC_003075.7:312194-314269	NC_003076.8	88.750	80	9	0	2	81	20280646	20280567	3.89e-19	99.0
NC_003075.7:312194-314269	NC_003076.8	86.517	89	9	3	1	89	15043428	15043343	5.03e-18	95.3
NC_003075.7:312194-314269	NC_003076.8	87.500	80	10	0	2	81	9591748	9591827	1.81e-17	93.5
NC_003075.7:312194-314269	NC_003070.9	93.128	2081	105	16	1	2049	1977166	1975092	0.0	3016
NC_003075.7:312194-314269	NC_003070.9	92.377	2099	103	27	1	2076	12855993	12853929	0.0	2937
NC_003075.7:312194-314269	NC_003070.9	91.140	2088	145	22	1	2068	8291571	8289504	0.0	2795
NC_003075.7:312194-314269	NC_003070.9	90.019	2094	141	30	4	2037	18747045	18744960	0.0	2647
NC_003075.7:312194-314269	NC_003070.9	92.137	1399	75	12	24	1396	29320708	29319319	0.0	1941
NC_003075.7:312194-314269	NC_003070.9	91.139	1422	92	15	1	1396	6735864	6737277	0.0	1897
NC_003075.7:312194-314269	NC_003070.9	91.494	1399	78	16	28	1396	17255	18642	0.0	1886
NC_003075.7:312194-314269	NC_003070.9	90.623	1397	93	16	28	1396	3074698	3073312	0.0	1820
NC_003075.7:312194-314269	NC_003070.9	92.066	1147	71	12	865	1994	14298879	14297736	0.0	1596
NC_003075.7:312194-314269	NC_003070.9	93.608	970	42	8	1	954	14299842	14298877	0.0	1430
NC_003075.7:312194-314269	NC_003070.9	92.386	985	58	6	422	1396	23174140	23175117	0.0	1387
NC_003075.7:312194-314269	NC_003070.9	93.333	930	53	9	1149	2072	19085920	19086846	0.0	1365
NC_003075.7:312194-314269	NC_003070.9	93.219	929	55	8	1149	2071	19172983	19172057	0.0	1360
NC_003075.7:312194-314269	NC_003070.9	91.675	973	70	8	1112	2075	17552152	17551182	0.0	1338
NC_003075.7:312194-314269	NC_003070.9	93.976	830	32	5	1	814	17552998	17552171	0.0	1240
NC_003075.7:312194-314269	NC_003070.9	92.512	828	54	8	1	824	19085099	19085922	0.0	1179
NC_003075.7:312194-314269	NC_003070.9	92.271	828	54	10	1	824	19173802	19172981	0.0	1166
NC_003075.7:312194-314269	NC_003070.9	93.214	781	36	4	1	765	2235167	2234388	0.0	1133
NC_003075.7:312194-314269	NC_003070.9	92.917	720	45	6	126	839	26171245	26170526	0.0	1042
NC_003075.7:312194-314269	NC_003070.9	92.897	718	45	6	126	839	19329031	19328316	0.0	1038
NC_003075.7:312194-314269	NC_003070.9	92.329	717	47	8	126	836	7035426	7036140	0.0	1013
NC_003075.7:312194-314269	NC_003070.9	92.222	720	46	8	124	836	17900095	17900811	0.0	1011
NC_003075.7:312194-314269	NC_003070.9	91.989	724	47	8	124	839	9867193	9866473	0.0	1005
NC_003075.7:312194-314269	NC_003070.9	91.922	718	53	5	126	839	30255288	30254572	0.0	1000
NC_003075.7:312194-314269	NC_003070.9	91.528	720	37	11	126	839	30252872	30252171	0.0	970
NC_003075.7:312194-314269	NC_003070.9	90.960	719	43	9	126	839	12329819	12329118	0.0	948
NC_003075.7:312194-314269	NC_003070.9	91.074	717	39	12	126	836	13059058	13059755	0.0	946
NC_003075.7:312194-314269	NC_003070.9	91.231	707	45	13	126	816	16807222	16807927	0.0	946
NC_003075.7:312194-314269	NC_003070.9	91.739	690	35	6	126	810	11699931	11700603	0.0	939
NC_003075.7:312194-314269	NC_003070.9	90.782	716	44	9	126	836	9816445	9817143	0.0	937
NC_003075.7:312194-314269	NC_003070.9	90.682	719	45	9	126	839	22993826	22993125	0.0	937
NC_003075.7:312194-314269	NC_003070.9	90.642	716	44	17	126	836	8115005	8115702	0.0	929
NC_003075.7:312194-314269	NC_003070.9	90.251	718	57	11	126	836	16904014	16904725	0.0	926
NC_003075.7:312194-314269	NC_003070.9	90.516	717	45	9	126	836	19062199	19062898	0.0	926
NC_003075.7:312194-314269	NC_003070.9	91.412	687	37	8	155	836	19062923	19063592	0.0	922
NC_003075.7:312194-314269	NC_003070.9	93.719	605	34	4	126	727	12364370	12364973	0.0	904
NC_003075.7:312194-314269	NC_003070.9	89.517	725	44	14	126	836	22450165	22450871	0.0	889
NC_003075.7:312194-314269	NC_003070.9	93.058	605	34	5	126	727	16824753	16825352	0.0	878
NC_003075.7:312194-314269	NC_003070.9	92.916	607	35	7	126	727	23213901	23214504	0.0	876
NC_003075.7:312194-314269	NC_003070.9	89.261	717	43	16	126	836	501140	500452	0.0	867
NC_003075.7:312194-314269	NC_003070.9	92.611	609	35	8	126	727	19466714	19466109	0.0	867
NC_003075.7:312194-314269	NC_003070.9	92.562	605	42	3	126	727	12563847	12563243	0.0	865
NC_003075.7:312194-314269	NC_003070.9	93.027	588	36	4	1492	2076	2234396	2233811	0.0	854
NC_003075.7:312194-314269	NC_003070.9	92.270	608	38	8	126	727	16325679	16326283	0.0	854
NC_003075.7:312194-314269	NC_003070.9	89.550	689	47	13	126	808	19995499	19994830	0.0	850
NC_003075.7:312194-314269	NC_003070.9	89.275	690	48	12	126	808	11737157	11736487	0.0	841
NC_003075.7:312194-314269	NC_003070.9	91.200	625	39	12	126	734	16806377	16807001	0.0	835
NC_003075.7:312194-314269	NC_003070.9	87.017	724	54	20	131	839	13261968	13261270	0.0	780
NC_003075.7:312194-314269	NC_003070.9	90.081	615	38	15	227	836	13017571	13016975	0.0	776
NC_003075.7:312194-314269	NC_003070.9	90.525	591	35	8	126	713	4785682	4786254	0.0	761
NC_003075.7:312194-314269	NC_003070.9	89.498	438	25	9	402	836	18791324	18791743	2.50e-150	534
NC_003075.7:312194-314269	NC_003070.9	93.156	263	17	1	575	836	15939781	15940043	2.67e-105	385
NC_003075.7:312194-314269	NC_003070.9	90.040	251	11	1	1	237	17009	17259	1.28e-83	313
NC_003075.7:312194-314269	NC_003070.9	88.755	249	20	6	1	244	9867414	9867169	3.57e-79	298
NC_003075.7:312194-314269	NC_003070.9	87.259	259	16	5	1	244	7035191	7035447	1.29e-73	279
NC_003075.7:312194-314269	NC_003070.9	87.259	259	15	7	1	244	12330053	12329798	1.29e-73	279
NC_003075.7:312194-314269	NC_003070.9	87.259	259	16	5	1	244	19995734	19995478	1.29e-73	279
NC_003075.7:312194-314269	NC_003070.9	87.259	259	16	5	1	244	30253107	30252851	1.29e-73	279
NC_003075.7:312194-314269	NC_003070.9	86.873	259	17	5	1	244	23213666	23213922	6.02e-72	274
NC_003075.7:312194-314269	NC_003070.9	86.538	260	17	5	1	244	11737393	11737136	7.79e-71	270
NC_003075.7:312194-314269	NC_003070.9	86.486	259	18	5	1	244	8114770	8115026	2.80e-70	268
NC_003075.7:312194-314269	NC_003070.9	86.486	259	18	5	1	244	12364135	12364391	2.80e-70	268
NC_003075.7:312194-314269	NC_003070.9	86.486	259	18	5	1	244	16824518	16824774	2.80e-70	268
NC_003075.7:312194-314269	NC_003070.9	86.100	259	19	5	1	244	17899863	17900119	1.30e-68	263
NC_003075.7:312194-314269	NC_003070.9	86.100	259	18	6	1	244	19061965	19062220	1.30e-68	263
NC_003075.7:312194-314269	NC_003070.9	86.100	259	19	8	1	244	19466949	19466693	1.30e-68	263
NC_003075.7:312194-314269	NC_003070.9	86.100	259	18	6	1	244	22622305	22622050	1.30e-68	263
NC_003075.7:312194-314269	NC_003070.9	87.712	236	13	4	1	221	3910601	3910367	4.69e-68	261
NC_003075.7:312194-314269	NC_003070.9	86.047	258	18	5	1	243	25963257	25963003	4.69e-68	261
NC_003075.7:312194-314269	NC_003070.9	85.714	259	20	5	1	244	9816210	9816466	6.06e-67	257
NC_003075.7:312194-314269	NC_003070.9	85.714	259	20	5	1	244	15939323	15939579	6.06e-67	257
NC_003075.7:312194-314269	NC_003070.9	85.714	259	19	6	1	244	18790927	18791182	6.06e-67	257
NC_003075.7:312194-314269	NC_003070.9	86.345	249	16	6	1	234	23554439	23554194	2.18e-66	255
NC_003075.7:312194-314269	NC_003070.9	85.328	259	20	9	1	244	12564081	12563826	2.82e-65	252
NC_003075.7:312194-314269	NC_003070.9	85.385	260	19	7	1	244	26171480	26171224	2.82e-65	252
NC_003075.7:312194-314269	NC_003070.9	85.328	259	18	7	1	244	501372	501119	1.01e-64	250
NC_003075.7:312194-314269	NC_003070.9	84.942	259	22	5	1	244	13058823	13059079	1.31e-63	246
NC_003075.7:312194-314269	NC_003070.9	84.942	259	22	8	1	244	16325444	16325700	1.31e-63	246
NC_003075.7:312194-314269	NC_003070.9	84.400	250	27	10	1	243	8490194	8489950	2.84e-60	235
NC_003075.7:312194-314269	NC_003070.9	84.274	248	30	8	1	244	4785461	4785703	1.02e-59	233
NC_003075.7:312194-314269	NC_003070.9	84.400	250	19	10	1	234	13262203	13261958	4.75e-58	228
NC_003075.7:312194-314269	NC_003070.9	82.937	252	32	8	1	244	16806150	16806398	1.03e-54	217
NC_003075.7:312194-314269	NC_003070.9	81.855	248	29	10	1	244	16903800	16904035	4.82e-48	195
NC_003075.7:312194-314269	NC_003070.9	93.617	94	4	2	1976	2068	14296525	14296433	2.29e-31	139
NC_003075.7:312194-314269	NC_003070.9	77.510	249	35	10	1837	2076	19736356	19736592	1.38e-28	130
NC_003075.7:312194-314269	NC_003070.9	94.286	70	4	0	1999	2068	23175136	23175205	6.46e-22	108
NC_003075.7:312194-314269	NC_003070.9	89.024	82	7	2	1	81	3413553	3413633	1.08e-19	100
NC_003075.7:312194-314269	NC_003070.9	88.889	81	9	0	1	81	18790103	18790183	1.08e-19	100
NC_003075.7:312194-314269	NC_003070.9	88.750	80	9	0	2	81	30251767	30251688	3.89e-19	99.0
NC_003075.7:312194-314269	NC_003070.9	87.805	82	8	2	1	81	12876928	12876848	5.03e-18	95.3
NC_003075.7:312194-314269	NC_003070.9	87.654	81	10	0	1	81	16998955	16998875	5.03e-18	95.3
NC_003075.7:312194-314269	NC_003070.9	87.209	86	8	3	4	89	22621378	22621296	5.03e-18	95.3
NC_003075.7:312194-314269	NC_003070.9	87.500	80	9	1	2	81	12328714	12328636	6.51e-17	91.6
NC_003075.7:312194-314269	NC_003071.7	92.506	2095	121	21	1	2070	5467004	5464921	0.0	2966
NC_003075.7:312194-314269	NC_003071.7	91.734	2093	134	24	1	2068	1460925	1458847	0.0	2870
NC_003075.7:312194-314269	NC_003071.7	90.442	1381	99	18	693	2068	6101375	6102727	0.0	1788
NC_003075.7:312194-314269	NC_003071.7	91.268	1191	84	11	896	2068	12555223	12554035	0.0	1605
NC_003075.7:312194-314269	NC_003071.7	94.137	921	38	9	1	907	12556203	12555285	0.0	1387
NC_003075.7:312194-314269	NC_003071.7	91.934	967	67	8	1112	2069	10468240	10467276	0.0	1343
NC_003075.7:312194-314269	NC_003071.7	91.167	951	64	12	973	1908	5843583	5842638	0.0	1273
NC_003075.7:312194-314269	NC_003071.7	90.680	912	68	10	872	1768	11398603	11397694	0.0	1197
NC_003075.7:312194-314269	NC_003071.7	92.683	820	42	12	8	814	10469073	10468259	0.0	1166
NC_003075.7:312194-314269	NC_003071.7	90.110	910	57	13	499	1396	6383713	6382825	0.0	1151
NC_003075.7:312194-314269	NC_003071.7	93.086	781	37	4	1	765	19196757	19195978	0.0	1127
NC_003075.7:312194-314269	NC_003071.7	93.566	715	41	5	126	836	13267150	13267863	0.0	1061
NC_003075.7:312194-314269	NC_003071.7	92.917	720	45	6	126	839	6925142	6924423	0.0	1042
NC_003075.7:312194-314269	NC_003071.7	93.635	707	27	9	1	693	6099530	6100232	0.0	1040
NC_003075.7:312194-314269	NC_003071.7	92.393	723	43	12	124	836	12801226	12801946	0.0	1020
NC_003075.7:312194-314269	NC_003071.7	89.567	786	38	7	1	771	11399377	11398621	0.0	957
NC_003075.7:312194-314269	NC_003071.7	90.556	720	47	17	126	840	500220	500923	0.0	933
NC_003075.7:312194-314269	NC_003071.7	90.656	717	44	10	126	836	12094189	12093490	0.0	931
NC_003075.7:312194-314269	NC_003071.7	90.278	720	46	11	126	839	7154501	7153800	0.0	920
NC_003075.7:312194-314269	NC_003071.7	90.577	711	44	10	124	828	13337846	13337153	0.0	920
NC_003075.7:312194-314269	NC_003071.7	92.248	645	42	8	126	763	14334020	14334663	0.0	907
NC_003075.7:312194-314269	NC_003071.7	89.779	724	47	11	126	839	17254998	17254292	0.0	902
NC_003075.7:312194-314269	NC_003071.7	89.736	721	50	9	126	839	11286904	11286201	0.0	900
NC_003075.7:312194-314269	NC_003071.7	89.819	717	49	16	126	836	396420	395722	0.0	898
NC_003075.7:312194-314269	NC_003071.7	89.535	688	48	11	126	808	13908486	13907818	0.0	850
NC_003075.7:312194-314269	NC_003071.7	92.845	587	38	3	1492	2076	19195986	19195402	0.0	848
NC_003075.7:312194-314269	NC_003071.7	91.941	608	40	8	126	727	542543	543147	0.0	843
NC_003075.7:312194-314269	NC_003071.7	88.301	718	48	14	126	836	707676	708364	0.0	828
NC_003075.7:312194-314269	NC_003071.7	93.316	374	20	4	1698	2068	6084955	6085326	3.21e-154	547
NC_003075.7:312194-314269	NC_003071.7	91.389	360	20	5	1	349	6384054	6383695	9.19e-135	483
NC_003075.7:312194-314269	NC_003071.7	90.591	372	15	5	13	367	5843961	5843593	1.54e-132	475
NC_003075.7:312194-314269	NC_003071.7	91.168	351	10	10	1114	1461	6084394	6084726	5.57e-127	457
NC_003075.7:312194-314269	NC_003071.7	92.982	285	12	4	1490	1774	6084697	6084973	1.58e-112	409
NC_003075.7:312194-314269	NC_003071.7	94.811	212	11	0	1857	2068	11397696	11397485	3.52e-89	331
NC_003075.7:312194-314269	NC_003071.7	86.873	259	17	6	1	244	7154736	7154480	6.02e-72	274
NC_003075.7:312194-314269	NC_003071.7	86.873	259	17	5	1	244	13908721	13908465	6.02e-72	274
NC_003075.7:312194-314269	NC_003071.7	86.486	259	16	7	1	244	13338077	13337823	1.01e-69	267
NC_003075.7:312194-314269	NC_003071.7	86.694	248	16	5	1	233	17255233	17254988	1.69e-67	259
NC_003075.7:312194-314269	NC_003071.7	85.714	259	20	7	1	244	542308	542564	6.06e-67	257
NC_003075.7:312194-314269	NC_003071.7	85.714	259	20	5	1	244	14333785	14334041	6.06e-67	257
NC_003075.7:312194-314269	NC_003071.7	85.385	260	19	7	1	244	6925377	6925121	2.82e-65	252
NC_003075.7:312194-314269	NC_003071.7	84.337	249	22	5	1	234	13266915	13267161	4.75e-58	228
NC_003075.7:312194-314269	NC_003071.7	96.262	107	3	1	2	108	6101375	6101270	6.28e-42	174
NC_003075.7:312194-314269	NC_003071.7	87.037	162	7	2	1	148	11287161	11287000	8.12e-41	171
NC_003075.7:312194-314269	NC_003071.7	94.118	68	4	0	26	93	12555280	12555213	8.36e-21	104
NC_003075.7:312194-314269	NC_003071.7	88.889	81	9	0	1	81	980617	980537	1.08e-19	100
NC_003075.7:312194-314269	NC_003071.7	88.889	81	9	0	1	81	3213354	3213274	1.08e-19	100
NC_003075.7:312194-314269	NC_003071.7	87.500	88	9	2	1	88	7814691	7814606	1.08e-19	100
NC_003075.7:312194-314269	NC_003071.7	88.889	81	8	1	1	81	7111784	7111863	3.89e-19	99.0
NC_003075.7:312194-314269	NC_003071.7	86.667	90	7	5	1	89	2962805	2962720	5.03e-18	95.3
NC_003075.7:312194-314269	NC_003071.7	87.059	85	9	2	1	85	3564382	3564464	5.03e-18	95.3
NC_003075.7:312194-314269	NC_003071.7	87.654	81	10	0	1	81	4024201	4024281	5.03e-18	95.3
NC_003075.7:312194-314269	NC_003071.7	88.462	78	7	2	1	77	7169524	7169448	1.81e-17	93.5
NC_003075.7:312194-314269	NC_003074.8	92.180	2110	124	19	1	2076	20485140	20483038	0.0	2944
NC_003075.7:312194-314269	NC_003074.8	92.286	2100	120	20	3	2068	5622033	5624124	0.0	2942
NC_003075.7:312194-314269	NC_003074.8	92.631	2022	102	20	61	2048	16879865	16881873	0.0	2865
NC_003075.7:312194-314269	NC_003074.8	92.210	1412	77	10	4	1389	9559680	9558276	0.0	1967
NC_003075.7:312194-314269	NC_003074.8	90.274	1388	85	22	28	1396	1371151	1369795	0.0	1770
NC_003075.7:312194-314269	NC_003074.8	89.556	1149	77	21	933	2068	20486738	20485620	0.0	1417
NC_003075.7:312194-314269	NC_003074.8	92.181	972	54	9	28	981	2630001	2629034	0.0	1354
NC_003075.7:312194-314269	NC_003074.8	91.197	852	54	13	933	1771	10862818	10863661	0.0	1138
NC_003075.7:312194-314269	NC_003074.8	92.946	723	42	8	126	843	18746423	18747141	0.0	1044
NC_003075.7:312194-314269	NC_003074.8	92.926	721	44	7	126	839	10821211	10820491	0.0	1042
NC_003075.7:312194-314269	NC_003074.8	88.453	866	67	16	1	836	3716342	3717204	0.0	1014
NC_003075.7:312194-314269	NC_003074.8	91.472	727	46	11	126	836	9890241	9890967	0.0	985
NC_003075.7:312194-314269	NC_003074.8	93.058	677	35	9	1112	1780	17396999	17396327	0.0	979
NC_003075.7:312194-314269	NC_003074.8	91.389	720	40	9	126	840	17301044	17300342	0.0	966
NC_003075.7:312194-314269	NC_003074.8	91.341	716	39	8	126	836	15937521	15938218	0.0	957
NC_003075.7:312194-314269	NC_003074.8	90.608	724	46	14	126	839	16173058	16172347	0.0	941
NC_003075.7:312194-314269	NC_003074.8	90.377	717	46	10	126	836	17277580	17276881	0.0	920
NC_003075.7:312194-314269	NC_003074.8	94.050	605	33	3	126	727	17063008	17062404	0.0	915
NC_003075.7:312194-314269	NC_003074.8	90.407	688	42	11	126	808	20786634	20787302	0.0	883
NC_003075.7:312194-314269	NC_003074.8	90.262	688	43	11	126	808	5745687	5745019	0.0	878
NC_003075.7:312194-314269	NC_003074.8	89.971	688	45	12	126	808	11536069	11536737	0.0	867
NC_003075.7:312194-314269	NC_003074.8	89.535	688	48	8	126	808	17144269	17143601	0.0	850
NC_003075.7:312194-314269	NC_003074.8	88.687	716	47	22	126	836	22118838	22119524	0.0	843
NC_003075.7:312194-314269	NC_003074.8	90.000	590	37	9	126	710	9386113	9385541	0.0	743
NC_003075.7:312194-314269	NC_003074.8	89.679	591	40	8	126	713	16451021	16451593	0.0	734
NC_003075.7:312194-314269	NC_003074.8	89.700	466	31	7	941	1396	2629029	2628571	1.14e-163	579
NC_003075.7:312194-314269	NC_003074.8	91.589	428	19	4	1	412	10862401	10862827	1.47e-162	575
NC_003075.7:312194-314269	NC_003074.8	92.781	374	23	3	1698	2068	17396351	17395979	1.93e-151	538
NC_003075.7:312194-314269	NC_003074.8	89.269	438	26	9	402	836	16562050	16562469	1.16e-148	529
NC_003075.7:312194-314269	NC_003074.8	89.806	412	36	6	428	836	10404825	10405233	5.41e-147	523
NC_003075.7:312194-314269	NC_003074.8	88.152	422	34	9	1	413	20487142	20486728	1.97e-136	488
NC_003075.7:312194-314269	NC_003074.8	93.038	316	18	3	1755	2068	8188935	8189248	1.55e-127	459
NC_003075.7:312194-314269	NC_003074.8	94.521	292	15	1	437	727	7996127	7995836	9.32e-125	449
NC_003075.7:312194-314269	NC_003074.8	90.596	319	19	7	872	1180	9385222	9385539	1.22e-113	412
NC_003075.7:312194-314269	NC_003074.8	92.933	283	17	3	126	405	7996401	7996119	1.58e-112	409
NC_003075.7:312194-314269	NC_003074.8	90.210	286	14	1	1	272	17397300	17397015	4.49e-98	361
NC_003075.7:312194-314269	NC_003074.8	93.578	218	13	1	592	808	15452795	15452578	5.89e-87	324
NC_003075.7:312194-314269	NC_003074.8	98.870	177	1	1	593	769	9385008	9385183	3.55e-84	315
NC_003075.7:312194-314269	NC_003074.8	88.353	249	22	6	1	244	11535844	11536090	1.66e-77	292
NC_003075.7:312194-314269	NC_003074.8	87.259	259	16	5	1	244	7996636	7996380	1.29e-73	279
NC_003075.7:312194-314269	NC_003074.8	86.486	259	18	5	1	244	15937286	15937542	2.80e-70	268
NC_003075.7:312194-314269	NC_003074.8	86.486	259	17	6	1	244	17277814	17277559	2.80e-70	268
NC_003075.7:312194-314269	NC_003074.8	86.100	259	18	5	1	244	17301278	17301023	1.30e-68	263
NC_003075.7:312194-314269	NC_003074.8	86.694	248	16	5	1	233	11200624	11200869	1.69e-67	259
NC_003075.7:312194-314269	NC_003074.8	85.714	259	20	8	1	244	10821446	10821190	6.06e-67	257
NC_003075.7:312194-314269	NC_003074.8	94.083	169	10	0	1900	2068	10865881	10866049	6.06e-67	257
NC_003075.7:312194-314269	NC_003074.8	85.714	259	19	6	1	244	16561654	16561909	6.06e-67	257
NC_003075.7:312194-314269	NC_003074.8	85.020	247	30	7	1	244	17063229	17062987	4.72e-63	244
NC_003075.7:312194-314269	NC_003074.8	84.677	248	29	8	1	244	17144490	17144248	2.20e-61	239
NC_003075.7:312194-314269	NC_003074.8	93.878	147	8	1	691	836	9385005	9384859	7.95e-56	220
NC_003075.7:312194-314269	NC_003074.8	93.243	148	7	2	1769	1914	10865705	10865851	3.70e-54	215
NC_003075.7:312194-314269	NC_003074.8	83.077	260	15	11	1	244	22118613	22118859	1.72e-52	209
NC_003075.7:312194-314269	NC_003074.8	95.327	107	4	1	1	107	16879751	16879856	2.92e-40	169
NC_003075.7:312194-314269	NC_003074.8	90.991	111	8	2	1	110	9890049	9890158	3.81e-34	148
NC_003075.7:312194-314269	NC_003074.8	75.346	361	58	13	1717	2068	15293225	15293563	4.92e-33	145
NC_003075.7:312194-314269	NC_003074.8	94.286	70	4	0	1999	2068	9558272	9558203	6.46e-22	108
NC_003075.7:312194-314269	NC_003074.8	90.244	82	6	2	1	81	18018781	18018861	2.32e-21	106
NC_003075.7:312194-314269	NC_003074.8	90.123	81	6	2	2	81	17299939	17299860	8.36e-21	104
NC_003075.7:312194-314269	NC_003074.8	88.889	81	9	0	1	81	13327434	13327514	1.08e-19	100
NC_003075.7:312194-314269	NC_003074.8	88.235	85	9	1	1	85	16419144	16419227	1.08e-19	100
NC_003075.7:312194-314269	NC_003074.8	88.889	81	9	0	1	81	18412154	18412234	1.08e-19	100
NC_003075.7:312194-314269	NC_003074.8	92.188	64	5	0	1	64	10557346	10557283	6.51e-17	91.6
NC_003075.7:312194-314269	NC_003074.8	100.000	34	0	0	728	761	9385190	9385223	1.42e-08	63.9
NC_003075.7:370788-372092	NC_003075.7	100.000	1305	0	0	1	1305	372092	370788	0.0	2410
NC_003075.7:370788-372092	NC_003075.7	93.533	1299	75	8	10	1305	11193567	11192275	0.0	1925
NC_003075.7:370788-372092	NC_003075.7	91.929	1301	101	4	7	1305	6166464	6165166	0.0	1818
NC_003075.7:370788-372092	NC_003075.7	93.450	1145	68	6	165	1305	8064563	8065704	0.0	1692
NC_003075.7:370788-372092	NC_003075.7	92.751	1145	66	8	165	1305	5540448	5539317	0.0	1639
NC_003075.7:370788-372092	NC_003075.7	92.469	1142	74	6	165	1305	1350526	1351656	0.0	1622
NC_003075.7:370788-372092	NC_003075.7	92.388	1143	70	10	165	1305	8729528	8728401	0.0	1613
NC_003075.7:370788-372092	NC_003075.7	92.314	1145	73	8	165	1305	11361812	11362945	0.0	1613
NC_003075.7:370788-372092	NC_003075.7	91.849	1141	80	8	165	1303	1001051	999922	0.0	1580
NC_003075.7:370788-372092	NC_003075.7	91.528	1145	66	13	165	1305	4147065	4148182	0.0	1548
NC_003075.7:370788-372092	NC_003075.7	92.829	1004	66	4	304	1305	16864262	16863263	0.0	1450
NC_003075.7:370788-372092	NC_003075.7	93.947	793	41	6	516	1305	683570	684358	0.0	1192
NC_003075.7:370788-372092	NC_003075.7	92.248	774	54	5	536	1305	10396120	10395349	0.0	1092
NC_003075.7:370788-372092	NC_003075.7	92.716	659	43	5	459	1115	965061	964406	0.0	946
NC_003075.7:370788-372092	NC_003075.7	90.619	533	34	12	778	1305	14390783	14390262	0.0	693
NC_003075.7:370788-372092	NC_003075.7	92.111	469	35	2	6	474	965800	965334	0.0	660
NC_003075.7:370788-372092	NC_003075.7	92.982	342	24	0	7	348	683213	683554	5.69e-140	499
NC_003075.7:370788-372092	NC_003075.7	95.177	311	14	1	165	475	10396429	10396120	3.42e-137	490
NC_003075.7:370788-372092	NC_003075.7	90.000	370	24	7	906	1273	7853284	7852926	5.77e-130	466
NC_003075.7:370788-372092	NC_003075.7	89.888	267	21	1	7	273	8802132	8802392	1.31e-91	339
NC_003075.7:370788-372092	NC_003075.7	76.061	660	109	33	623	1273	7572217	7572836	2.23e-79	298
NC_003075.7:370788-372092	NC_003075.7	93.532	201	12	1	6	206	14390989	14390790	2.23e-79	298
NC_003075.7:370788-372092	NC_003075.7	90.393	229	17	5	1080	1305	8802511	8802737	8.01e-79	296
NC_003075.7:370788-372092	NC_003075.7	76.817	509	83	26	722	1220	7593705	7593222	4.89e-66	254
NC_003075.7:370788-372092	NC_003075.7	88.830	188	20	1	1118	1305	963860	963674	8.24e-59	230
NC_003075.7:370788-372092	NC_003075.7	76.180	466	80	25	814	1272	2262877	2262436	6.42e-55	217
NC_003075.7:370788-372092	NC_003075.7	93.939	132	6	2	7	137	2520884	2521014	2.32e-49	198
NC_003075.7:370788-372092	NC_003075.7	78.125	288	55	8	1021	1305	12335548	12335830	1.09e-42	176
NC_003075.7:370788-372092	NC_003075.7	86.923	130	14	3	1179	1305	15441780	15441651	1.10e-32	143
NC_003075.7:370788-372092	NC_003075.7	93.023	86	6	0	4	89	5541392	5541307	1.11e-27	126
NC_003075.7:370788-372092	NC_003075.7	92.683	82	4	2	7	87	4146126	4146206	6.70e-25	117
NC_003075.7:370788-372092	NC_003075.7	83.594	128	14	7	1179	1305	963984	963863	8.66e-24	113
NC_003075.7:370788-372092	NC_003075.7	91.463	82	7	0	6	87	7853534	7853453	8.66e-24	113
NC_003075.7:370788-372092	NC_003075.7	90.476	84	8	0	4	87	8063574	8063657	3.11e-23	111
NC_003075.7:370788-372092	NC_003075.7	95.652	69	3	0	2	70	8730458	8730390	3.11e-23	111
NC_003075.7:370788-372092	NC_003075.7	91.358	81	7	0	7	87	11360870	11360950	3.11e-23	111
NC_003075.7:370788-372092	NC_003075.7	91.358	81	7	0	7	87	16865070	16864990	3.11e-23	111
NC_003075.7:370788-372092	NC_003075.7	94.286	70	4	0	1	70	1002013	1001944	4.03e-22	108
NC_003075.7:370788-372092	NC_003075.7	88.235	85	10	0	3	87	5354110	5354194	1.87e-20	102
NC_003075.7:370788-372092	NC_003075.7	95.312	64	2	1	7	70	6178448	6178510	6.74e-20	100
NC_003075.7:370788-372092	NC_003075.7	88.889	81	9	0	7	87	9763814	9763734	6.74e-20	100
NC_003075.7:370788-372092	NC_003075.7	93.939	66	4	0	5	70	9842610	9842545	6.74e-20	100
NC_003075.7:370788-372092	NC_003075.7	87.805	82	9	1	7	87	7060698	7060617	3.14e-18	95.3
NC_003075.7:370788-372092	NC_003075.7	86.420	81	11	0	7	87	314269	314189	1.46e-16	89.8
NC_003075.7:370788-372092	NC_003075.7	85.185	81	6	1	7	87	6279022	6279096	3.16e-13	78.7
NC_003075.7:370788-372092	NC_003075.7	87.500	48	5	1	1259	1305	3359187	3359234	5.32e-06	54.7
NC_003075.7:370788-372092	NC_003076.8	93.472	1302	75	8	7	1305	15043428	15042134	0.0	1925
NC_003075.7:370788-372092	NC_003076.8	92.786	1303	88	6	7	1305	24476591	24475291	0.0	1881
NC_003075.7:370788-372092	NC_003076.8	92.925	1272	82	4	5	1270	5978055	5976786	0.0	1844
NC_003075.7:370788-372092	NC_003076.8	92.173	1316	83	11	7	1305	22232264	22230952	0.0	1842
NC_003075.7:370788-372092	NC_003076.8	91.324	1314	97	10	6	1305	8354511	8353201	0.0	1779
NC_003075.7:370788-372092	NC_003076.8	93.345	1142	71	5	165	1305	20681453	20680316	0.0	1683
NC_003075.7:370788-372092	NC_003076.8	92.995	1142	76	4	165	1305	5429094	5427956	0.0	1663
NC_003075.7:370788-372092	NC_003076.8	93.070	1140	71	6	165	1303	24186959	24185827	0.0	1661
NC_003075.7:370788-372092	NC_003076.8	92.907	1142	76	5	165	1305	8766666	8767803	0.0	1655
NC_003075.7:370788-372092	NC_003076.8	92.913	1143	71	10	165	1305	8745759	8744625	0.0	1653
NC_003075.7:370788-372092	NC_003076.8	92.832	1144	66	8	165	1305	9964077	9962947	0.0	1644
NC_003075.7:370788-372092	NC_003076.8	92.651	1143	80	4	165	1305	17365983	17367123	0.0	1642
NC_003075.7:370788-372092	NC_003076.8	92.651	1143	79	3	165	1305	19741654	19740515	0.0	1640
NC_003075.7:370788-372092	NC_003076.8	92.563	1143	72	7	165	1305	1897707	1896576	0.0	1628
NC_003075.7:370788-372092	NC_003076.8	92.147	1146	74	10	165	1305	14081897	14080763	0.0	1604
NC_003075.7:370788-372092	NC_003076.8	91.864	1143	78	9	165	1305	16357415	16358544	0.0	1581
NC_003075.7:370788-372092	NC_003076.8	91.521	1144	83	9	165	1305	17776670	17777802	0.0	1563
NC_003075.7:370788-372092	NC_003076.8	92.360	1034	73	5	165	1196	14150343	14149314	0.0	1467
NC_003075.7:370788-372092	NC_003076.8	93.246	992	61	4	284	1273	18854899	18855886	0.0	1456
NC_003075.7:370788-372092	NC_003076.8	91.892	999	74	6	308	1305	4313874	4314866	0.0	1389
NC_003075.7:370788-372092	NC_003076.8	90.755	1060	64	18	7	1063	10714424	10715452	0.0	1384
NC_003075.7:370788-372092	NC_003076.8	93.528	927	55	4	380	1305	11026974	11027896	0.0	1375
NC_003075.7:370788-372092	NC_003076.8	89.608	1020	63	14	288	1305	21530930	21531908	0.0	1256
NC_003075.7:370788-372092	NC_003076.8	92.010	801	59	5	507	1305	15605466	15604669	0.0	1120
NC_003075.7:370788-372092	NC_003076.8	91.721	773	58	5	537	1305	4780980	4780210	0.0	1068
NC_003075.7:370788-372092	NC_003076.8	92.968	711	48	2	7	717	15577425	15576717	0.0	1035
NC_003075.7:370788-372092	NC_003076.8	92.686	711	51	1	7	717	21777032	21776323	0.0	1024
NC_003075.7:370788-372092	NC_003076.8	93.929	593	33	3	715	1305	7153775	7153184	0.0	893
NC_003075.7:370788-372092	NC_003076.8	93.511	601	36	3	706	1305	25905017	25905615	0.0	891
NC_003075.7:370788-372092	NC_003076.8	94.239	486	24	4	821	1305	21776269	21775787	0.0	739
NC_003075.7:370788-372092	NC_003076.8	93.814	485	29	1	821	1305	15576663	15576180	0.0	728
NC_003075.7:370788-372092	NC_003076.8	91.855	442	28	4	865	1305	9134290	9134724	2.52e-173	610
NC_003075.7:370788-372092	NC_003076.8	92.619	420	30	1	887	1305	21584595	21584176	4.22e-171	603
NC_003075.7:370788-372092	NC_003076.8	93.035	402	24	4	906	1305	17796537	17796138	1.53e-165	584
NC_003075.7:370788-372092	NC_003076.8	92.269	401	25	2	165	565	20281045	20280651	1.99e-159	564
NC_003075.7:370788-372092	NC_003076.8	91.521	401	27	3	165	565	9591350	9591743	7.21e-154	545
NC_003075.7:370788-372092	NC_003076.8	92.063	378	26	4	165	542	4313474	4313847	7.26e-149	529
NC_003075.7:370788-372092	NC_003076.8	94.118	340	20	0	8	347	20280646	20280307	1.57e-145	518
NC_003075.7:370788-372092	NC_003076.8	93.510	339	22	0	8	346	9591748	9592086	1.22e-141	505
NC_003075.7:370788-372092	NC_003076.8	91.622	370	15	6	165	532	9558551	9558196	2.05e-139	497
NC_003075.7:370788-372092	NC_003076.8	92.105	342	27	0	7	348	9133953	9134294	5.73e-135	483
NC_003075.7:370788-372092	NC_003076.8	89.812	373	25	11	943	1305	25264968	25265337	5.77e-130	466
NC_003075.7:370788-372092	NC_003076.8	93.569	311	18	1	165	475	4781290	4780982	7.47e-129	462
NC_003075.7:370788-372092	NC_003076.8	90.429	303	28	1	516	818	17617546	17617245	2.14e-109	398
NC_003075.7:370788-372092	NC_003076.8	89.655	290	29	1	7	296	25904732	25905020	1.67e-100	368
NC_003075.7:370788-372092	NC_003076.8	91.630	227	16	2	165	389	11026281	11026506	2.86e-83	311
NC_003075.7:370788-372092	NC_003076.8	93.443	183	12	0	165	347	17617744	17617562	1.35e-71	272
NC_003075.7:370788-372092	NC_003076.8	92.000	175	13	1	1132	1305	10715448	10715622	2.94e-63	244
NC_003075.7:370788-372092	NC_003076.8	89.595	173	10	2	165	337	15605660	15605496	8.30e-54	213
NC_003075.7:370788-372092	NC_003076.8	94.215	121	7	0	1185	1305	14143814	14143694	1.81e-45	185
NC_003075.7:370788-372092	NC_003076.8	86.275	153	17	3	7	158	13982135	13982284	8.48e-39	163
NC_003075.7:370788-372092	NC_003076.8	87.692	130	13	3	1179	1305	17043772	17043901	2.37e-34	148
NC_003075.7:370788-372092	NC_003076.8	87.121	132	12	5	1179	1305	22621309	22621178	3.07e-33	145
NC_003075.7:370788-372092	NC_003076.8	86.154	130	15	3	1179	1305	14810696	14810825	5.14e-31	137
NC_003075.7:370788-372092	NC_003076.8	86.154	130	14	4	1179	1305	26787234	26787106	5.14e-31	137
NC_003075.7:370788-372092	NC_003076.8	86.047	129	15	3	1180	1305	9557787	9557659	1.85e-30	135
NC_003075.7:370788-372092	NC_003076.8	84.375	128	13	7	1179	1305	10041933	10041812	1.86e-25	119
NC_003075.7:370788-372092	NC_003076.8	91.765	85	7	0	3	87	18853948	18854032	1.86e-25	119
NC_003075.7:370788-372092	NC_003076.8	90.698	86	8	0	2	87	14082840	14082755	2.41e-24	115
NC_003075.7:370788-372092	NC_003076.8	97.059	68	2	0	3	70	17365021	17365088	2.41e-24	115
NC_003075.7:370788-372092	NC_003076.8	90.588	85	8	0	3	87	8746705	8746621	8.66e-24	113
NC_003075.7:370788-372092	NC_003076.8	91.463	82	7	0	6	87	14151295	14151214	8.66e-24	113
NC_003075.7:370788-372092	NC_003076.8	91.358	81	7	0	7	87	7154439	7154359	3.11e-23	111
NC_003075.7:370788-372092	NC_003076.8	91.358	81	7	0	7	87	9559507	9559427	3.11e-23	111
NC_003075.7:370788-372092	NC_003076.8	91.358	81	7	0	7	87	9590410	9590490	3.11e-23	111
NC_003075.7:370788-372092	NC_003076.8	91.358	81	7	0	7	87	9965017	9964937	3.11e-23	111
NC_003075.7:370788-372092	NC_003076.8	91.358	81	7	0	7	87	15606601	15606521	3.11e-23	111
NC_003075.7:370788-372092	NC_003076.8	91.358	81	7	0	7	87	17796785	17796705	3.11e-23	111
NC_003075.7:370788-372092	NC_003076.8	96.875	64	2	0	7	70	11025336	11025399	4.03e-22	108
NC_003075.7:370788-372092	NC_003076.8	88.764	89	8	2	1	87	21530081	21530169	4.03e-22	108
NC_003075.7:370788-372092	NC_003076.8	90.123	81	8	0	7	87	354140	354220	1.45e-21	106
NC_003075.7:370788-372092	NC_003076.8	90.123	81	8	0	7	87	19931558	19931478	1.45e-21	106
NC_003075.7:370788-372092	NC_003076.8	90.123	81	8	0	7	87	20281984	20281904	1.45e-21	106
NC_003075.7:370788-372092	NC_003076.8	89.024	82	9	0	6	87	25264510	25264591	1.87e-20	102
NC_003075.7:370788-372092	NC_003076.8	88.889	81	9	0	7	87	3020196	3020116	6.74e-20	100
NC_003075.7:370788-372092	NC_003076.8	88.889	81	9	0	7	87	13918790	13918710	6.74e-20	100
NC_003075.7:370788-372092	NC_003076.8	87.654	81	10	0	7	87	19742617	19742537	3.14e-18	95.3
NC_003075.7:370788-372092	NC_003076.8	87.654	81	10	0	7	87	20398218	20398298	3.14e-18	95.3
NC_003075.7:370788-372092	NC_003076.8	86.585	82	10	1	7	87	15342696	15342615	1.46e-16	89.8
NC_003075.7:370788-372092	NC_003076.8	85.882	85	11	1	1222	1305	15882682	15882766	1.46e-16	89.8
NC_003075.7:370788-372092	NC_003076.8	84.884	86	13	0	2	87	19670796	19670881	5.25e-16	87.9
NC_003075.7:370788-372092	NC_003076.8	89.062	64	7	0	24	87	17775746	17775809	8.78e-14	80.5
NC_003075.7:370788-372092	NC_003074.8	92.995	1299	83	5	6	1303	17729939	17731230	0.0	1888
NC_003075.7:370788-372092	NC_003074.8	92.556	1303	87	7	7	1305	17776769	17778065	0.0	1860
NC_003075.7:370788-372092	NC_003074.8	91.532	1299	84	13	7	1305	9767629	9766357	0.0	1766
NC_003075.7:370788-372092	NC_003074.8	90.909	1320	86	15	7	1303	16419144	16420452	0.0	1742
NC_003075.7:370788-372092	NC_003074.8	92.469	1142	74	6	165	1305	17276873	17275743	0.0	1622
NC_003075.7:370788-372092	NC_003074.8	92.458	1127	74	9	165	1283	10820486	10819363	0.0	1600
NC_003075.7:370788-372092	NC_003074.8	91.645	1149	85	9	165	1305	15938226	15939371	0.0	1580
NC_003075.7:370788-372092	NC_003074.8	91.871	1144	71	13	165	1305	20787323	20788447	0.0	1578
NC_003075.7:370788-372092	NC_003074.8	91.689	1143	76	9	165	1305	22119532	22120657	0.0	1567
NC_003075.7:370788-372092	NC_003074.8	92.171	1073	68	4	4	1075	11503764	11502707	0.0	1502
NC_003075.7:370788-372092	NC_003074.8	90.837	1135	72	11	165	1282	11536758	11537877	0.0	1491
NC_003075.7:370788-372092	NC_003074.8	90.415	1158	70	22	165	1305	17143580	17142447	0.0	1485
NC_003075.7:370788-372092	NC_003074.8	90.472	1144	73	13	165	1305	16562477	16563587	0.0	1476
NC_003075.7:370788-372092	NC_003074.8	89.429	1173	75	25	165	1305	5744998	5743843	0.0	1434
NC_003075.7:370788-372092	NC_003074.8	89.685	1144	74	21	165	1305	15452557	15451455	0.0	1419
NC_003075.7:370788-372092	NC_003074.8	92.103	1013	56	15	298	1305	16451587	16452580	0.0	1406
NC_003075.7:370788-372092	NC_003074.8	91.784	998	65	4	310	1305	17062368	17061386	0.0	1373
NC_003075.7:370788-372092	NC_003074.8	90.791	999	62	6	310	1305	7995800	7994829	0.0	1308
NC_003075.7:370788-372092	NC_003074.8	91.068	918	56	7	7	924	10320412	10321303	0.0	1218
NC_003075.7:370788-372092	NC_003074.8	94.081	794	41	5	516	1305	18019136	18019927	0.0	1201
NC_003075.7:370788-372092	NC_003074.8	93.813	792	46	3	516	1305	18412509	18413299	0.0	1188
NC_003075.7:370788-372092	NC_003074.8	92.938	793	52	3	516	1305	13327791	13328582	0.0	1151
NC_003075.7:370788-372092	NC_003074.8	92.947	794	48	7	516	1305	3965358	3966147	0.0	1149
NC_003075.7:370788-372092	NC_003074.8	93.127	742	49	2	564	1305	10556871	10556132	0.0	1086
NC_003075.7:370788-372092	NC_003074.8	92.473	744	43	6	564	1305	10575083	10574351	0.0	1051
NC_003075.7:370788-372092	NC_003074.8	91.710	772	42	6	536	1305	15485280	15484529	0.0	1051
NC_003075.7:370788-372092	NC_003074.8	91.667	684	52	3	7	689	11967653	11968332	0.0	942
NC_003075.7:370788-372092	NC_003074.8	92.382	617	41	5	690	1305	9384377	9383766	0.0	874
NC_003075.7:370788-372092	NC_003074.8	94.692	471	23	2	7	475	15485750	15485280	0.0	730
NC_003075.7:370788-372092	NC_003074.8	94.181	464	27	0	7	470	10557346	10556883	0.0	708
NC_003075.7:370788-372092	NC_003074.8	92.259	478	29	2	165	642	9384851	9384382	0.0	671
NC_003075.7:370788-372092	NC_003074.8	92.689	424	29	2	57	480	10575507	10575086	2.52e-173	610
NC_003075.7:370788-372092	NC_003074.8	92.020	401	26	2	165	565	17300338	17299944	9.26e-158	558
NC_003075.7:370788-372092	NC_003074.8	93.895	344	21	0	8	351	17299939	17299596	4.37e-146	520
NC_003075.7:370788-372092	NC_003074.8	93.294	343	23	0	6	348	13327433	13327775	3.40e-142	507
NC_003075.7:370788-372092	NC_003074.8	92.795	347	21	4	7	353	18412154	18412496	5.69e-140	499
NC_003075.7:370788-372092	NC_003074.8	91.954	348	24	4	7	354	18018781	18019124	1.59e-135	484
NC_003075.7:370788-372092	NC_003074.8	92.236	322	24	1	27	347	3965021	3965342	1.25e-126	455
NC_003075.7:370788-372092	NC_003074.8	88.669	353	24	4	1	353	1571374	1571710	5.89e-115	416
NC_003075.7:370788-372092	NC_003074.8	93.506	231	15	0	1039	1269	11200950	11201180	2.82e-93	344
NC_003075.7:370788-372092	NC_003074.8	88.189	254	19	2	1063	1305	8757568	8757821	1.04e-77	292
NC_003075.7:370788-372092	NC_003074.8	95.968	124	5	0	1182	1305	1572003	1572126	1.80e-50	202
NC_003075.7:370788-372092	NC_003074.8	95.200	125	5	1	1182	1305	17299274	17299150	8.36e-49	196
NC_003075.7:370788-372092	NC_003074.8	94.068	118	5	2	1189	1305	10321325	10321441	3.03e-43	178
NC_003075.7:370788-372092	NC_003074.8	88.462	130	12	3	1179	1305	11132616	11132745	5.10e-36	154
NC_003075.7:370788-372092	NC_003074.8	88.281	128	12	3	1181	1305	8645212	8645339	6.60e-35	150
NC_003075.7:370788-372092	NC_003074.8	86.154	130	15	3	1179	1305	6729054	6728925	5.14e-31	137
NC_003075.7:370788-372092	NC_003074.8	92.593	81	6	0	7	87	17063229	17063149	6.70e-25	117
NC_003075.7:370788-372092	NC_003074.8	98.462	65	1	0	6	70	3716341	3716405	2.41e-24	115
NC_003075.7:370788-372092	NC_003074.8	83.465	127	15	6	1179	1305	10681512	10681392	8.66e-24	113
NC_003075.7:370788-372092	NC_003074.8	91.566	83	5	2	6	87	11200623	11200704	8.66e-24	113
NC_003075.7:370788-372092	NC_003074.8	91.463	82	7	0	6	87	11535843	11535924	8.66e-24	113
NC_003075.7:370788-372092	NC_003074.8	91.566	83	5	2	6	87	16450785	16450866	8.66e-24	113
NC_003075.7:370788-372092	NC_003074.8	91.463	82	7	0	6	87	16561653	16561734	8.66e-24	113
NC_003075.7:370788-372092	NC_003074.8	91.358	81	7	0	7	87	17144490	17144410	3.11e-23	111
NC_003075.7:370788-372092	NC_003074.8	89.535	86	9	0	2	87	17277819	17277734	1.12e-22	110
NC_003075.7:370788-372092	NC_003074.8	90.123	81	8	0	7	87	7996636	7996556	1.45e-21	106
NC_003075.7:370788-372092	NC_003074.8	90.123	81	8	0	7	87	10821446	10821366	1.45e-21	106
NC_003075.7:370788-372092	NC_003074.8	90.123	81	8	0	7	87	10862401	10862481	1.45e-21	106
NC_003075.7:370788-372092	NC_003074.8	95.455	66	3	0	5	70	15937284	15937349	1.45e-21	106
NC_003075.7:370788-372092	NC_003074.8	90.123	81	8	0	7	87	17301278	17301198	1.45e-21	106
NC_003075.7:370788-372092	NC_003074.8	95.522	67	1	2	5	70	17397302	17397237	1.45e-21	106
NC_003075.7:370788-372092	NC_003074.8	88.889	81	9	0	7	87	16879751	16879831	6.74e-20	100
NC_003075.7:370788-372092	NC_003074.8	88.889	81	9	0	6	86	20487143	20487063	6.74e-20	100
NC_003075.7:370788-372092	NC_003074.8	88.158	76	7	2	1229	1303	4579630	4579704	1.46e-16	89.8
NC_003075.7:370788-372092	NC_003074.8	89.855	69	5	1	1	67	22118605	22118673	5.25e-16	87.9
NC_003075.7:370788-372092	NC_003074.8	89.130	46	4	1	1261	1305	4274975	4274930	1.48e-06	56.5
NC_003075.7:370788-372092	NC_003070.9	92.490	1305	87	7	1	1305	3413547	3414840	0.0	1857
NC_003075.7:370788-372092	NC_003070.9	92.125	1308	87	11	1	1305	28161028	28162322	0.0	1831
NC_003075.7:370788-372092	NC_003070.9	93.019	1146	72	5	165	1305	7036148	7037290	0.0	1666
NC_003075.7:370788-372092	NC_003070.9	92.907	1142	66	7	167	1305	11700598	11701727	0.0	1646
NC_003075.7:370788-372092	NC_003070.9	92.820	1142	73	9	165	1305	13059763	13060896	0.0	1646
NC_003075.7:370788-372092	NC_003070.9	92.826	1143	65	7	165	1305	15940051	15941178	0.0	1640
NC_003075.7:370788-372092	NC_003070.9	92.657	1144	69	8	165	1305	16904733	16905864	0.0	1633
NC_003075.7:370788-372092	NC_003070.9	92.870	1122	67	7	165	1283	8115710	8116821	0.0	1616
NC_003075.7:370788-372092	NC_003070.9	92.220	1144	69	13	165	1305	26170521	26169395	0.0	1602
NC_003075.7:370788-372092	NC_003070.9	92.119	1142	74	8	165	1305	22450879	22452005	0.0	1596
NC_003075.7:370788-372092	NC_003070.9	92.032	1142	72	5	165	1305	9817151	9818274	0.0	1587
NC_003075.7:370788-372092	NC_003070.9	91.878	1145	73	11	165	1305	19994809	19993681	0.0	1581
NC_003075.7:370788-372092	NC_003070.9	93.631	1052	62	5	257	1305	19769039	19767990	0.0	1567
NC_003075.7:370788-372092	NC_003070.9	91.979	1122	76	8	187	1305	18791754	18792864	0.0	1561
NC_003075.7:370788-372092	NC_003070.9	91.506	1142	75	6	165	1303	9866468	9865346	0.0	1552
NC_003075.7:370788-372092	NC_003070.9	91.434	1144	75	7	165	1305	17900819	17901942	0.0	1548
NC_003075.7:370788-372092	NC_003070.9	91.251	1143	72	11	165	1305	13016967	13015851	0.0	1531
NC_003075.7:370788-372092	NC_003070.9	92.338	1005	69	6	304	1305	4786256	4787255	0.0	1423
NC_003075.7:370788-372092	NC_003070.9	92.076	997	60	5	313	1305	19466071	19465090	0.0	1386
NC_003075.7:370788-372092	NC_003070.9	91.984	998	63	5	310	1305	16825388	16826370	0.0	1384
NC_003075.7:370788-372092	NC_003070.9	91.774	1009	59	8	305	1305	16326311	16327303	0.0	1382
NC_003075.7:370788-372092	NC_003070.9	91.692	999	65	5	310	1305	12365009	12365992	0.0	1369
NC_003075.7:370788-372092	NC_003070.9	93.391	923	53	6	165	1085	30254567	30253651	0.0	1360
NC_003075.7:370788-372092	NC_003070.9	91.583	998	63	7	310	1305	12563207	12562229	0.0	1358
NC_003075.7:370788-372092	NC_003070.9	91.352	1006	64	6	305	1305	23214532	23215519	0.0	1354
NC_003075.7:370788-372092	NC_003070.9	92.965	924	56	6	4	924	12876931	12876014	0.0	1338
NC_003075.7:370788-372092	NC_003070.9	93.544	790	48	3	516	1305	23876482	23877268	0.0	1173
NC_003075.7:370788-372092	NC_003070.9	94.041	772	41	3	154	924	16998396	16997629	0.0	1166
NC_003075.7:370788-372092	NC_003070.9	90.380	894	56	14	165	1042	11736466	11735587	0.0	1147
NC_003075.7:370788-372092	NC_003070.9	92.509	801	56	4	507	1305	19063794	19064592	0.0	1144
NC_003075.7:370788-372092	NC_003070.9	91.699	771	55	8	537	1305	19328000	19327237	0.0	1061
NC_003075.7:370788-372092	NC_003070.9	91.460	644	45	3	670	1305	14309405	14308764	0.0	876
NC_003075.7:370788-372092	NC_003070.9	91.987	599	35	8	709	1305	499960	499373	0.0	828
NC_003075.7:370788-372092	NC_003070.9	93.148	540	33	4	768	1305	8489951	8489414	0.0	789
NC_003075.7:370788-372092	NC_003070.9	92.066	542	37	6	768	1305	25963004	25962465	0.0	758
NC_003075.7:370788-372092	NC_003070.9	91.031	524	32	5	783	1305	18790339	18790848	0.0	693
NC_003075.7:370788-372092	NC_003070.9	92.434	489	29	2	165	653	500444	499964	0.0	691
NC_003075.7:370788-372092	NC_003070.9	92.768	401	27	2	906	1305	23554190	23553791	7.10e-164	579
NC_003075.7:370788-372092	NC_003070.9	92.020	401	26	2	165	565	12329113	12328719	9.26e-158	558
NC_003075.7:370788-372092	NC_003070.9	91.771	401	27	2	165	565	22621779	22621385	4.31e-156	553
NC_003075.7:370788-372092	NC_003070.9	91.771	401	27	2	165	565	22993120	22992726	4.31e-156	553
NC_003075.7:370788-372092	NC_003070.9	91.542	402	26	4	165	565	30252166	30251772	2.00e-154	547
NC_003075.7:370788-372092	NC_003070.9	94.118	340	20	0	8	347	30251767	30251428	1.57e-145	518
NC_003075.7:370788-372092	NC_003070.9	93.824	340	21	0	8	347	22992721	22992382	7.31e-144	512
NC_003075.7:370788-372092	NC_003070.9	93.235	340	22	1	8	347	12328714	12328376	5.69e-140	499
NC_003075.7:370788-372092	NC_003070.9	92.899	338	24	0	10	347	22621378	22621041	9.52e-138	492
NC_003075.7:370788-372092	NC_003070.9	92.971	313	21	1	165	477	19328311	19328000	1.25e-126	455
NC_003075.7:370788-372092	NC_003070.9	92.808	292	19	2	516	806	22621025	22620735	1.27e-116	422
NC_003075.7:370788-372092	NC_003070.9	91.696	289	21	3	516	803	12328360	12328074	2.14e-109	398
NC_003075.7:370788-372092	NC_003070.9	91.096	292	26	0	56	347	23876175	23876466	7.68e-109	396
NC_003075.7:370788-372092	NC_003070.9	90.132	304	28	2	516	818	30251412	30251110	2.76e-108	394
NC_003075.7:370788-372092	NC_003070.9	93.722	223	14	0	1083	1305	30253364	30253142	1.70e-90	335
NC_003075.7:370788-372092	NC_003070.9	89.179	268	25	4	10	276	19769830	19769566	2.20e-89	331
NC_003075.7:370788-372092	NC_003070.9	91.342	231	16	4	7	237	18790103	18790329	7.96e-84	313
NC_003075.7:370788-372092	NC_003070.9	90.741	162	12	2	7	168	16998955	16998797	8.30e-54	213
NC_003075.7:370788-372092	NC_003070.9	89.595	173	10	2	165	337	19063600	19063764	8.30e-54	213
NC_003075.7:370788-372092	NC_003070.9	96.000	125	4	1	1182	1305	22992056	22991932	1.80e-50	202
NC_003075.7:370788-372092	NC_003070.9	95.200	125	5	1	1182	1305	12328051	12327927	8.36e-49	196
NC_003075.7:370788-372092	NC_003070.9	95.200	125	5	1	1182	1305	22620714	22620590	8.36e-49	196
NC_003075.7:370788-372092	NC_003070.9	95.200	125	5	1	1182	1305	30251102	30250978	8.36e-49	196
NC_003075.7:370788-372092	NC_003070.9	86.719	128	15	2	1180	1305	4770242	4770115	3.97e-32	141
NC_003075.7:370788-372092	NC_003070.9	86.260	131	14	4	1179	1305	21739206	21739076	1.43e-31	139
NC_003075.7:370788-372092	NC_003070.9	86.154	130	14	4	1179	1305	10021542	10021414	5.14e-31	137
NC_003075.7:370788-372092	NC_003070.9	84.496	129	18	2	1179	1305	9918581	9918453	1.11e-27	126
NC_003075.7:370788-372092	NC_003070.9	92.683	82	6	0	6	87	15939322	15939403	1.86e-25	119
NC_003075.7:370788-372092	NC_003070.9	90.805	87	7	1	5	90	23554441	23554355	2.41e-24	115
NC_003075.7:370788-372092	NC_003070.9	90.698	86	7	1	2	87	14299847	14299763	8.66e-24	113
NC_003075.7:370788-372092	NC_003070.9	91.463	82	7	0	6	87	19061964	19062045	8.66e-24	113
NC_003075.7:370788-372092	NC_003070.9	91.463	82	7	0	6	87	30253108	30253027	8.66e-24	113
NC_003075.7:370788-372092	NC_003070.9	91.463	82	5	2	7	87	4785461	4785541	3.11e-23	111
NC_003075.7:370788-372092	NC_003070.9	91.358	81	7	0	7	87	8114770	8114850	3.11e-23	111
NC_003075.7:370788-372092	NC_003070.9	89.773	88	7	2	7	92	8490194	8490107	3.11e-23	111
NC_003075.7:370788-372092	NC_003070.9	91.358	81	7	0	7	87	9867414	9867334	3.11e-23	111
NC_003075.7:370788-372092	NC_003070.9	89.655	87	9	0	1	87	12330059	12329973	3.11e-23	111
NC_003075.7:370788-372092	NC_003070.9	91.463	82	5	2	7	87	16903800	16903880	3.11e-23	111
NC_003075.7:370788-372092	NC_003070.9	91.358	81	7	0	7	87	18790927	18791007	3.11e-23	111
NC_003075.7:370788-372092	NC_003070.9	89.655	87	9	0	1	87	19173808	19173722	3.11e-23	111
NC_003075.7:370788-372092	NC_003070.9	91.358	81	7	0	7	87	19995734	19995654	3.11e-23	111
NC_003075.7:370788-372092	NC_003070.9	88.764	89	8	2	1	87	12856001	12855913	4.03e-22	108
NC_003075.7:370788-372092	NC_003070.9	90.244	82	8	0	6	87	17552999	17552918	4.03e-22	108
NC_003075.7:370788-372092	NC_003070.9	90.123	81	8	0	7	87	3910601	3910521	1.45e-21	106
NC_003075.7:370788-372092	NC_003070.9	90.123	81	8	0	7	87	13058823	13058903	1.45e-21	106
NC_003075.7:370788-372092	NC_003070.9	90.123	81	8	0	7	87	16325444	16325524	1.45e-21	106
NC_003075.7:370788-372092	NC_003070.9	90.123	81	8	0	7	87	19085099	19085179	1.45e-21	106
NC_003075.7:370788-372092	NC_003070.9	89.412	85	7	2	7	90	19724755	19724838	1.45e-21	106
NC_003075.7:370788-372092	NC_003070.9	90.123	81	8	0	7	87	23213666	23213746	1.45e-21	106
NC_003075.7:370788-372092	NC_003070.9	89.024	82	9	0	6	87	2235168	2235087	1.87e-20	102
NC_003075.7:370788-372092	NC_003070.9	94.030	67	4	0	4	70	12364132	12364198	1.87e-20	102
NC_003075.7:370788-372092	NC_003070.9	95.312	64	3	0	7	70	16824518	16824581	1.87e-20	102
NC_003075.7:370788-372092	NC_003070.9	82.031	128	16	4	1179	1305	16858753	16858632	1.87e-20	102
NC_003075.7:370788-372092	NC_003070.9	88.372	86	9	1	1	85	22622312	22622227	1.87e-20	102
NC_003075.7:370788-372092	NC_003070.9	88.889	81	9	0	7	87	9816210	9816290	6.74e-20	100
NC_003075.7:370788-372092	NC_003070.9	88.889	81	9	0	7	87	11737393	11737313	6.74e-20	100
NC_003075.7:370788-372092	NC_003070.9	88.889	81	9	0	7	87	19466949	19466869	6.74e-20	100
NC_003075.7:370788-372092	NC_003070.9	88.889	81	9	0	7	87	25963257	25963177	6.74e-20	100
NC_003075.7:370788-372092	NC_003070.9	88.889	81	9	0	7	87	26171480	26171400	6.74e-20	100
NC_003075.7:370788-372092	NC_003070.9	86.364	88	11	1	1	87	12564088	12564001	3.14e-18	95.3
NC_003075.7:370788-372092	NC_003070.9	88.462	78	9	0	10	87	18747045	18746968	3.14e-18	95.3
NC_003075.7:370788-372092	NC_003070.9	80.153	131	20	6	1179	1305	20166799	20166671	1.13e-17	93.5
NC_003075.7:370788-372092	NC_003070.9	86.364	88	9	3	7	92	22994060	22993974	1.13e-17	93.5
NC_003075.7:370788-372092	NC_003070.9	91.667	60	5	0	11	70	19329256	19329197	6.79e-15	84.2
NC_003075.7:370788-372092	NC_003070.9	83.951	81	13	0	7	87	3074944	3074864	3.16e-13	78.7
NC_003075.7:370788-372092	NC_003071.7	92.390	1301	86	9	7	1305	7814691	7813402	0.0	1842
NC_003075.7:370788-372092	NC_003071.7	91.794	1304	97	8	5	1305	7169526	7168230	0.0	1807
NC_003075.7:370788-372092	NC_003071.7	93.351	1143	65	5	165	1305	500927	502060	0.0	1679
NC_003075.7:370788-372092	NC_003071.7	93.176	1143	74	4	165	1305	12801954	12803094	0.0	1676
NC_003075.7:370788-372092	NC_003071.7	92.913	1143	71	9	165	1305	13267871	13269005	0.0	1653
NC_003075.7:370788-372092	NC_003071.7	92.301	1143	73	9	165	1305	395714	394585	0.0	1609
NC_003075.7:370788-372092	NC_003071.7	92.301	1143	71	10	165	1305	6924418	6923291	0.0	1607
NC_003075.7:370788-372092	NC_003071.7	92.294	1142	72	9	165	1303	13907797	13906669	0.0	1607
NC_003075.7:370788-372092	NC_003071.7	91.514	1143	82	7	165	1305	17254287	17253158	0.0	1559
NC_003075.7:370788-372092	NC_003071.7	93.028	1047	65	8	262	1305	6663080	6664121	0.0	1522
NC_003075.7:370788-372092	NC_003071.7	92.720	1044	67	7	231	1271	12093439	12092402	0.0	1498
NC_003075.7:370788-372092	NC_003071.7	92.056	1007	58	7	305	1305	543175	544165	0.0	1397
NC_003075.7:370788-372092	NC_003071.7	92.516	962	67	5	331	1292	6803425	6804381	0.0	1373
NC_003075.7:370788-372092	NC_003071.7	92.585	944	54	8	165	1104	11286196	11285265	0.0	1341
NC_003075.7:370788-372092	NC_003071.7	91.942	968	61	11	307	1273	14334657	14335608	0.0	1339
NC_003075.7:370788-372092	NC_003071.7	92.978	883	59	3	424	1305	13336704	13335824	0.0	1284
NC_003075.7:370788-372092	NC_003071.7	92.989	870	44	11	446	1305	7960700	7961562	0.0	1253
NC_003075.7:370788-372092	NC_003071.7	93.317	793	46	6	516	1305	7112140	7112928	0.0	1164
NC_003075.7:370788-372092	NC_003071.7	93.182	792	49	5	516	1305	6101020	6100232	0.0	1158
NC_003075.7:370788-372092	NC_003071.7	92.211	719	49	6	589	1305	3213038	3212325	0.0	1011
NC_003075.7:370788-372092	NC_003071.7	91.876	677	46	8	631	1303	709400	710071	0.0	937
NC_003075.7:370788-372092	NC_003071.7	93.028	459	28	4	706	1162	3564666	3565122	0.0	667
NC_003075.7:370788-372092	NC_003071.7	90.985	477	34	3	165	640	708372	708840	1.49e-180	634
NC_003075.7:370788-372092	NC_003071.7	91.441	444	28	4	165	608	13337137	13336704	1.52e-170	601
NC_003075.7:370788-372092	NC_003071.7	92.708	384	26	1	23	406	7959807	7960188	4.31e-156	553
NC_003075.7:370788-372092	NC_003071.7	93.567	342	22	0	7	348	4024201	4024542	2.63e-143	510
NC_003075.7:370788-372092	NC_003071.7	92.775	346	24	1	6	351	7111783	7112127	5.69e-140	499
NC_003075.7:370788-372092	NC_003071.7	92.105	342	27	0	6	347	980618	980277	5.73e-135	483
NC_003075.7:370788-372092	NC_003071.7	92.105	304	22	2	516	818	980261	979959	2.72e-118	427
NC_003075.7:370788-372092	NC_003071.7	94.096	271	14	2	6	274	3213355	3213085	2.74e-113	411
NC_003075.7:370788-372092	NC_003071.7	91.786	280	23	0	1026	1305	2962573	2962294	3.57e-107	390
NC_003075.7:370788-372092	NC_003071.7	92.647	272	19	1	2	273	3564377	3564647	3.57e-107	390
NC_003075.7:370788-372092	NC_003071.7	92.720	261	19	0	1021	1281	3565124	3565384	2.78e-103	377
NC_003075.7:370788-372092	NC_003071.7	91.221	262	23	0	13	274	6660967	6661228	3.62e-97	357
NC_003075.7:370788-372092	NC_003071.7	93.191	235	16	0	7	241	2962805	2962571	7.84e-94	346
NC_003075.7:370788-372092	NC_003071.7	81.143	350	53	9	8	351	6101375	6101033	1.75e-70	268
NC_003075.7:370788-372092	NC_003071.7	93.711	159	10	0	1147	1305	11285273	11285115	1.37e-61	239
NC_003075.7:370788-372092	NC_003071.7	93.600	125	6	2	1182	1305	4024867	4024990	1.81e-45	185
NC_003075.7:370788-372092	NC_003071.7	86.923	130	14	3	1179	1305	19623517	19623646	1.10e-32	143
NC_003075.7:370788-372092	NC_003071.7	86.154	130	14	4	1179	1305	1038177	1038049	5.14e-31	137
NC_003075.7:370788-372092	NC_003071.7	86.154	130	15	3	1179	1305	6206724	6206595	5.14e-31	137
NC_003075.7:370788-372092	NC_003071.7	86.154	130	14	3	1179	1305	13102232	13102360	5.14e-31	137
NC_003075.7:370788-372092	NC_003071.7	85.821	134	12	5	1179	1305	15134639	15134772	1.85e-30	135
NC_003075.7:370788-372092	NC_003071.7	85.938	128	14	4	1182	1305	2139258	2139385	6.65e-30	134
NC_003075.7:370788-372092	NC_003071.7	83.846	130	16	4	1179	1305	7340815	7340942	1.86e-25	119
NC_003075.7:370788-372092	NC_003071.7	91.463	82	7	0	6	87	13908722	13908641	8.66e-24	113
NC_003075.7:370788-372092	NC_003071.7	89.655	87	9	0	1	87	542302	542388	3.11e-23	111
NC_003075.7:370788-372092	NC_003071.7	91.358	81	7	0	7	87	11287161	11287081	3.11e-23	111
NC_003075.7:370788-372092	NC_003071.7	91.358	81	7	0	7	87	11399377	11399297	3.11e-23	111
NC_003075.7:370788-372092	NC_003071.7	90.588	85	7	1	4	87	12094428	12094344	3.11e-23	111
NC_003075.7:370788-372092	NC_003071.7	82.812	128	15	4	1179	1305	8907875	8907996	4.03e-22	108
NC_003075.7:370788-372092	NC_003071.7	90.244	82	8	0	6	87	13338078	13337997	4.03e-22	108
NC_003075.7:370788-372092	NC_003071.7	90.123	81	8	0	7	87	7154736	7154656	1.45e-21	106
NC_003075.7:370788-372092	NC_003071.7	89.024	82	9	0	6	87	499984	500065	1.87e-20	102
NC_003075.7:370788-372092	NC_003071.7	89.024	82	9	0	6	87	1460926	1460845	1.87e-20	102
NC_003075.7:370788-372092	NC_003071.7	89.024	82	9	0	6	87	6099529	6099610	1.87e-20	102
NC_003075.7:370788-372092	NC_003071.7	88.889	81	9	0	7	87	6925377	6925297	6.74e-20	100
NC_003075.7:370788-372092	NC_003071.7	88.889	81	9	0	7	87	12800994	12801074	6.74e-20	100
NC_003075.7:370788-372092	NC_003071.7	88.889	81	9	0	7	87	19196757	19196677	6.74e-20	100
NC_003075.7:370788-372092	NC_003071.7	93.750	64	4	0	7	70	6384054	6383991	8.72e-19	97.1
NC_003075.7:370788-372092	NC_003071.7	87.209	86	7	3	1221	1305	9585273	9585355	3.14e-18	95.3
NC_003075.7:370788-372092	NC_003071.7	86.905	84	6	4	1221	1303	10070181	10070102	1.46e-16	89.8
NC_003075.7:370788-372092	NC_003071.7	86.420	81	11	0	7	87	14333785	14333865	1.46e-16	89.8
NC_003075.7:370788-372092	NC_003071.7	85.185	81	12	0	7	87	13266915	13266995	6.79e-15	84.2
NC_003075.7:370788-372092	NC_003071.7	95.918	49	2	0	165	213	6101262	6101214	8.78e-14	80.5
NC_003075.7:370788-372092	NC_003071.7	97.561	41	1	0	165	205	12093482	12093442	5.29e-11	71.3
NC_003075.7:370788-372092	NC_003071.7	87.755	49	3	2	1258	1305	7177636	7177590	5.32e-06	54.7
NC_003075.7:1521256-1521819	NC_003075.7	100.000	564	0	0	1	564	1521256	1521819	0.0	1042
NC_003075.7:1521256-1521819	NC_003075.7	98.401	563	9	0	2	564	6115341	6115903	0.0	990
NC_003075.7:1521256-1521819	NC_003075.7	92.212	565	42	2	1	564	572760	572197	0.0	798
NC_003075.7:1521256-1521819	NC_003075.7	90.451	576	38	5	3	564	14458283	14457711	0.0	743
NC_003075.7:1521256-1521819	NC_003075.7	89.065	567	44	12	1	564	9112131	9111580	0.0	688
NC_003075.7:1521256-1521819	NC_003075.7	88.360	567	61	5	1	564	5392284	5391720	0.0	676
NC_003075.7:1521256-1521819	NC_003075.7	88.388	577	47	11	2	564	12607047	12606477	0.0	676
NC_003075.7:1521256-1521819	NC_003075.7	89.346	535	51	6	2	533	824053	823522	0.0	667
NC_003075.7:1521256-1521819	NC_003075.7	88.632	563	44	7	2	564	8947760	8947218	0.0	667
NC_003075.7:1521256-1521819	NC_003075.7	88.475	564	43	8	2	564	12365606	12365064	0.0	662
NC_003075.7:1521256-1521819	NC_003075.7	87.788	565	48	4	1	564	15442195	15441651	0.0	641
NC_003075.7:1521256-1521819	NC_003075.7	87.057	564	51	7	2	564	7034793	7034251	6.34e-176	617
NC_003075.7:1521256-1521819	NC_003075.7	89.388	490	50	2	1	488	6660986	6661475	2.28e-175	616
NC_003075.7:1521256-1521819	NC_003075.7	85.764	569	59	10	1	564	6340023	6339472	2.31e-165	582
NC_003075.7:1521256-1521819	NC_003075.7	92.138	318	23	2	246	562	2553631	2553947	8.80e-125	448
NC_003075.7:1521256-1521819	NC_003075.7	90.795	239	16	5	332	564	8899727	8899965	9.31e-85	315
NC_003075.7:1521256-1521819	NC_003075.7	88.608	237	21	5	332	564	7231369	7231603	2.63e-75	283
NC_003075.7:1521256-1521819	NC_003075.7	90.206	194	16	3	332	522	8820042	8819849	2.66e-65	250
NC_003075.7:1521256-1521819	NC_003075.7	90.751	173	14	2	394	564	7906196	7906368	3.47e-59	230
NC_003075.7:1521256-1521819	NC_003075.7	90.643	171	14	2	396	564	6426787	6426617	4.49e-58	226
NC_003075.7:1521256-1521819	NC_003075.7	88.889	171	17	2	396	564	6414224	6414054	4.52e-53	209
NC_003075.7:1521256-1521819	NC_003075.7	89.017	173	14	4	396	564	7155205	7155376	4.52e-53	209
NC_003075.7:1521256-1521819	NC_003075.7	88.235	170	17	3	397	564	6895116	6894948	2.72e-50	200
NC_003075.7:1521256-1521819	NC_003075.7	92.086	139	9	2	332	469	12699153	12699290	1.27e-48	195
NC_003075.7:1521256-1521819	NC_003075.7	89.865	148	13	2	418	564	13124015	13123869	5.89e-47	189
NC_003075.7:1521256-1521819	NC_003075.7	82.305	243	16	10	326	564	7383634	7383415	7.62e-46	185
NC_003075.7:1521256-1521819	NC_003075.7	89.189	148	13	3	418	564	9146878	9147023	9.85e-45	182
NC_003075.7:1521256-1521819	NC_003075.7	89.041	146	9	4	417	562	7652989	7653127	1.65e-42	174
NC_003075.7:1521256-1521819	NC_003075.7	85.811	148	11	6	395	541	12968057	12967919	9.99e-35	148
NC_003075.7:1521256-1521819	NC_003075.7	90.909	77	7	0	1	77	9190200	9190124	2.19e-21	104
NC_003075.7:1521256-1521819	NC_003075.7	91.304	69	5	1	496	564	12699295	12699362	4.75e-18	93.5
NC_003075.7:1521256-1521819	NC_003075.7	89.796	49	3	2	517	564	1957656	1957703	1.34e-08	62.1
NC_003075.7:1521256-1521819	NC_003074.8	97.695	564	10	3	1	564	23085530	23086090	0.0	966
NC_003075.7:1521256-1521819	NC_003074.8	96.007	551	21	1	14	564	18634492	18633943	0.0	894
NC_003075.7:1521256-1521819	NC_003074.8	95.044	565	27	1	1	564	10405395	10405959	0.0	887
NC_003075.7:1521256-1521819	NC_003074.8	93.939	561	33	1	5	564	11091000	11090440	0.0	846
NC_003075.7:1521256-1521819	NC_003074.8	93.628	565	35	1	1	564	14057123	14057687	0.0	843
NC_003075.7:1521256-1521819	NC_003074.8	92.746	579	26	7	2	564	10758580	10758002	0.0	822
NC_003075.7:1521256-1521819	NC_003074.8	92.553	564	41	1	2	564	19436871	19437434	0.0	808
NC_003075.7:1521256-1521819	NC_003074.8	91.986	574	32	7	4	564	6729497	6728925	0.0	793
NC_003075.7:1521256-1521819	NC_003074.8	92.035	565	42	3	1	564	16485870	16485308	0.0	791
NC_003075.7:1521256-1521819	NC_003074.8	92.376	564	30	5	2	564	17402552	17402001	0.0	791
NC_003075.7:1521256-1521819	NC_003074.8	92.226	566	29	3	1	564	10718346	10717794	0.0	787
NC_003075.7:1521256-1521819	NC_003074.8	91.141	587	27	4	1	564	19739756	19740340	0.0	773
NC_003075.7:1521256-1521819	NC_003074.8	90.861	569	45	6	1	564	5865863	5866429	0.0	756
NC_003075.7:1521256-1521819	NC_003074.8	91.005	567	35	5	2	564	10708625	10709179	0.0	750
NC_003075.7:1521256-1521819	NC_003074.8	90.476	567	39	7	2	564	7766062	7766617	0.0	734
NC_003075.7:1521256-1521819	NC_003074.8	89.807	569	40	7	2	564	16405196	16405752	0.0	713
NC_003075.7:1521256-1521819	NC_003074.8	88.772	570	56	7	1	564	3080592	3080025	0.0	691
NC_003075.7:1521256-1521819	NC_003074.8	88.968	562	54	8	8	564	16723678	16723120	0.0	688
NC_003075.7:1521256-1521819	NC_003074.8	88.830	564	43	9	2	564	11315007	11315551	0.0	675
NC_003075.7:1521256-1521819	NC_003074.8	88.516	566	47	11	2	564	7980633	7980083	0.0	669
NC_003075.7:1521256-1521819	NC_003074.8	88.298	564	45	5	2	564	11132202	11132745	0.0	656
NC_003075.7:1521256-1521819	NC_003074.8	87.522	569	54	12	2	564	21552658	21552101	0.0	641
NC_003075.7:1521256-1521819	NC_003074.8	86.876	541	48	6	2	542	423197	422680	6.43e-166	584
NC_003075.7:1521256-1521819	NC_003074.8	93.211	383	25	1	2	384	4579237	4579618	3.01e-159	562
NC_003075.7:1521256-1521819	NC_003074.8	90.339	383	32	4	186	564	15814110	15814491	8.61e-140	497
NC_003075.7:1521256-1521819	NC_003074.8	88.571	385	25	6	185	564	16235030	16234660	2.45e-125	449
NC_003075.7:1521256-1521819	NC_003074.8	91.139	237	17	4	332	564	11588873	11588637	7.20e-86	318
NC_003075.7:1521256-1521819	NC_003074.8	90.717	237	18	4	332	564	16678267	16678503	3.35e-84	313
NC_003075.7:1521256-1521819	NC_003074.8	90.638	235	17	5	332	562	18495382	18495149	1.56e-82	307
NC_003075.7:1521256-1521819	NC_003074.8	89.873	237	19	5	332	564	10901411	10901646	2.61e-80	300
NC_003075.7:1521256-1521819	NC_003074.8	92.718	206	12	3	362	564	20769804	20769599	1.21e-78	294
NC_003075.7:1521256-1521819	NC_003074.8	90.826	218	16	4	332	546	18171177	18170961	5.64e-77	289
NC_003075.7:1521256-1521819	NC_003074.8	90.278	216	14	7	332	541	16534644	16534430	4.39e-73	276
NC_003075.7:1521256-1521819	NC_003074.8	86.328	256	22	4	310	564	18885867	18885624	2.64e-70	267
NC_003075.7:1521256-1521819	NC_003074.8	88.000	225	16	4	332	555	8329280	8329494	5.72e-67	255
NC_003075.7:1521256-1521819	NC_003074.8	90.230	174	14	3	394	564	15918266	15918093	1.61e-57	224
NC_003075.7:1521256-1521819	NC_003074.8	89.266	177	19	0	142	318	18887435	18887259	5.81e-57	222
NC_003075.7:1521256-1521819	NC_003074.8	90.058	171	15	2	396	564	8645169	8645339	2.09e-56	220
NC_003075.7:1521256-1521819	NC_003074.8	84.615	234	20	7	332	562	16902979	16903199	7.51e-56	219
NC_003075.7:1521256-1521819	NC_003074.8	89.535	172	15	3	395	564	19521057	19521227	9.72e-55	215
NC_003075.7:1521256-1521819	NC_003074.8	89.535	172	9	6	394	564	10681555	10681392	4.52e-53	209
NC_003075.7:1521256-1521819	NC_003074.8	83.691	233	21	6	332	563	17209789	17209573	2.10e-51	204
NC_003075.7:1521256-1521819	NC_003074.8	86.628	172	15	5	394	564	18172438	18172274	2.74e-45	183
NC_003075.7:1521256-1521819	NC_003074.8	90.000	140	12	2	332	469	8596315	8596176	3.54e-44	180
NC_003075.7:1521256-1521819	NC_003074.8	95.506	89	3	1	474	562	4579617	4579704	1.67e-32	141
NC_003075.7:1521256-1521819	NC_003076.8	95.213	564	26	1	2	564	17726422	17726985	0.0	891
NC_003075.7:1521256-1521819	NC_003076.8	95.035	564	27	1	2	564	24448812	24449375	0.0	885
NC_003075.7:1521256-1521819	NC_003076.8	93.451	565	35	2	1	564	5625057	5625620	0.0	837
NC_003075.7:1521256-1521819	NC_003076.8	91.858	565	32	3	1	564	19101557	19102108	0.0	776
NC_003075.7:1521256-1521819	NC_003076.8	91.534	567	34	6	2	564	13892686	13892130	0.0	769
NC_003075.7:1521256-1521819	NC_003076.8	90.830	578	38	6	2	564	7417331	7417908	0.0	760
NC_003075.7:1521256-1521819	NC_003076.8	91.021	568	38	5	1	564	9558217	9557659	0.0	754
NC_003075.7:1521256-1521819	NC_003076.8	90.845	568	36	5	1	564	14810270	14810825	0.0	747
NC_003075.7:1521256-1521819	NC_003076.8	90.845	568	36	6	2	564	16870923	16871479	0.0	747
NC_003075.7:1521256-1521819	NC_003076.8	91.135	564	29	4	1	564	14104209	14103667	0.0	745
NC_003075.7:1521256-1521819	NC_003076.8	88.928	569	57	6	1	564	3566349	3566916	0.0	697
NC_003075.7:1521256-1521819	NC_003076.8	88.682	592	39	8	1	564	24117959	24118550	0.0	697
NC_003075.7:1521256-1521819	NC_003076.8	93.576	467	25	3	27	490	26015331	26015795	0.0	691
NC_003075.7:1521256-1521819	NC_003076.8	91.159	509	32	5	2	509	22335576	22335080	0.0	678
NC_003075.7:1521256-1521819	NC_003076.8	88.850	565	45	11	2	564	26787654	26787106	0.0	678
NC_003075.7:1521256-1521819	NC_003076.8	88.049	569	47	6	1	564	6420379	6419827	0.0	654
NC_003075.7:1521256-1521819	NC_003076.8	87.478	567	65	5	1	564	22621741	22621178	0.0	649
NC_003075.7:1521256-1521819	NC_003076.8	87.346	569	64	6	2	564	9068735	9068169	0.0	645
NC_003075.7:1521256-1521819	NC_003076.8	87.943	564	47	5	2	564	17043358	17043901	0.0	645
NC_003075.7:1521256-1521819	NC_003076.8	87.744	563	47	6	1	562	16712850	16713391	0.0	638
NC_003075.7:1521256-1521819	NC_003076.8	87.279	566	49	14	2	564	8748925	8749470	3.79e-178	625
NC_003075.7:1521256-1521819	NC_003076.8	87.102	566	50	11	1	564	7701182	7700638	1.76e-176	619
NC_003075.7:1521256-1521819	NC_003076.8	87.125	567	37	18	2	564	15580807	15581341	1.06e-173	610
NC_003075.7:1521256-1521819	NC_003076.8	86.596	567	53	14	1	564	9854345	9854891	4.93e-172	604
NC_003075.7:1521256-1521819	NC_003076.8	92.929	396	25	2	1	393	15882292	15882687	1.39e-162	573
NC_003075.7:1521256-1521819	NC_003076.8	87.407	405	49	2	1	403	4936960	4937364	8.74e-130	464
NC_003075.7:1521256-1521819	NC_003076.8	87.661	389	48	0	2	390	706997	706609	1.89e-126	453
NC_003075.7:1521256-1521819	NC_003076.8	94.014	284	15	2	282	564	6702209	6701927	3.19e-119	429
NC_003075.7:1521256-1521819	NC_003076.8	89.106	358	19	6	211	564	14395374	14395033	1.15e-118	427
NC_003075.7:1521256-1521819	NC_003076.8	89.106	358	19	6	211	564	14454673	14454332	1.15e-118	427
NC_003075.7:1521256-1521819	NC_003076.8	96.121	232	8	1	1	232	13231668	13231898	1.17e-103	377
NC_003075.7:1521256-1521819	NC_003076.8	93.671	237	14	1	206	441	13678951	13678715	1.97e-96	353
NC_003075.7:1521256-1521819	NC_003076.8	92.797	236	13	4	332	564	8602053	8601819	5.53e-92	339
NC_003075.7:1521256-1521819	NC_003076.8	92.340	235	15	3	332	564	20278847	20278614	9.25e-90	331
NC_003075.7:1521256-1521819	NC_003076.8	91.322	242	16	5	327	564	14080062	14080302	4.30e-88	326
NC_003075.7:1521256-1521819	NC_003076.8	92.593	216	15	1	1	216	6702419	6702205	4.33e-83	309
NC_003075.7:1521256-1521819	NC_003076.8	90.295	237	19	4	332	564	15162886	15163122	1.56e-82	307
NC_003075.7:1521256-1521819	NC_003076.8	87.868	272	11	8	295	564	24586805	24587056	2.61e-80	300
NC_003075.7:1521256-1521819	NC_003076.8	91.866	209	17	0	4	212	14395843	14395635	4.36e-78	292
NC_003075.7:1521256-1521819	NC_003076.8	91.866	209	17	0	4	212	14455142	14454934	4.36e-78	292
NC_003075.7:1521256-1521819	NC_003076.8	95.580	181	6	2	385	564	13231894	13232073	5.64e-77	289
NC_003075.7:1521256-1521819	NC_003076.8	90.411	219	17	4	332	548	5648113	5647897	7.30e-76	285
NC_003075.7:1521256-1521819	NC_003076.8	88.559	236	22	5	332	562	7488328	7488093	9.44e-75	281
NC_003075.7:1521256-1521819	NC_003076.8	87.649	251	12	8	332	564	15031163	15030914	1.58e-72	274
NC_003075.7:1521256-1521819	NC_003076.8	89.720	214	17	5	332	541	15535363	15535151	7.35e-71	268
NC_003075.7:1521256-1521819	NC_003076.8	89.855	207	16	4	362	564	16030754	16030549	1.23e-68	261
NC_003075.7:1521256-1521819	NC_003076.8	88.341	223	19	1	67	289	17885906	17885691	1.23e-68	261
NC_003075.7:1521256-1521819	NC_003076.8	91.279	172	11	4	394	562	14880641	14880811	9.65e-60	231
NC_003075.7:1521256-1521819	NC_003076.8	90.698	172	8	5	394	564	10041976	10041812	5.81e-57	222
NC_003075.7:1521256-1521819	NC_003076.8	85.043	234	18	8	332	563	19408597	19408379	5.81e-57	222
NC_003075.7:1521256-1521819	NC_003076.8	88.304	171	12	5	395	564	22464039	22464202	9.78e-50	198
NC_003075.7:1521256-1521819	NC_003076.8	92.143	140	9	2	332	469	9867496	9867635	3.52e-49	196
NC_003075.7:1521256-1521819	NC_003076.8	92.199	141	7	4	332	469	24314283	24314422	3.52e-49	196
NC_003075.7:1521256-1521819	NC_003076.8	87.791	172	13	5	394	564	19114745	19114581	1.27e-48	195
NC_003075.7:1521256-1521819	NC_003076.8	86.982	169	20	2	396	562	9546163	9546331	5.89e-47	189
NC_003075.7:1521256-1521819	NC_003076.8	90.780	141	9	3	332	469	26893188	26893327	7.62e-46	185
NC_003075.7:1521256-1521819	NC_003076.8	86.127	173	20	4	395	564	20674405	20674234	2.74e-45	183
NC_003075.7:1521256-1521819	NC_003076.8	89.510	143	12	3	394	533	19480000	19480142	1.27e-43	178
NC_003075.7:1521256-1521819	NC_003076.8	91.935	124	9	1	441	564	13677934	13677812	5.93e-42	172
NC_003075.7:1521256-1521819	NC_003076.8	90.076	131	9	3	438	564	4937362	4937492	2.76e-40	167
NC_003075.7:1521256-1521819	NC_003076.8	84.211	171	24	2	395	562	9978758	9978588	3.57e-39	163
NC_003075.7:1521256-1521819	NC_003076.8	81.053	190	17	8	349	536	17247876	17247704	2.80e-30	134
NC_003075.7:1521256-1521819	NC_003076.8	94.253	87	3	2	478	564	15882682	15882766	1.01e-29	132
NC_003075.7:1521256-1521819	NC_003076.8	79.894	189	18	9	395	564	25179193	25179380	2.18e-26	121
NC_003075.7:1521256-1521819	NC_003076.8	86.957	69	8	1	496	564	26893332	26893399	4.78e-13	76.8
NC_003075.7:1521256-1521819	NC_003071.7	94.504	564	29	2	2	564	5037751	5038313	0.0	869
NC_003075.7:1521256-1521819	NC_003071.7	91.711	567	38	8	2	564	7340381	7340942	0.0	778
NC_003075.7:1521256-1521819	NC_003071.7	91.166	566	47	3	2	564	5010652	5010087	0.0	765
NC_003075.7:1521256-1521819	NC_003071.7	91.459	562	35	5	1	562	9226026	9225478	0.0	760
NC_003075.7:1521256-1521819	NC_003071.7	90.845	568	38	6	1	564	6207152	6206595	0.0	749
NC_003075.7:1521256-1521819	NC_003071.7	92.982	513	30	6	20	527	17147641	17147130	0.0	743
NC_003075.7:1521256-1521819	NC_003071.7	89.594	567	54	5	2	564	2138820	2139385	0.0	715
NC_003075.7:1521256-1521819	NC_003071.7	89.785	558	51	3	9	564	1596926	1597479	0.0	710
NC_003075.7:1521256-1521819	NC_003071.7	89.399	566	42	8	2	564	12556654	12557204	0.0	697
NC_003075.7:1521256-1521819	NC_003071.7	92.292	493	35	2	1	490	19172669	19172177	0.0	697
NC_003075.7:1521256-1521819	NC_003071.7	89.242	567	43	11	1	564	13101809	13102360	0.0	693
NC_003075.7:1521256-1521819	NC_003071.7	89.560	546	47	9	2	541	4025413	4025954	0.0	684
NC_003075.7:1521256-1521819	NC_003071.7	88.770	561	43	12	2	559	13885931	13886474	0.0	669
NC_003075.7:1521256-1521819	NC_003071.7	87.788	565	48	4	1	564	1670335	1669791	0.0	641
NC_003075.7:1521256-1521819	NC_003071.7	87.456	566	49	5	1	564	19623101	19623646	2.26e-180	632
NC_003075.7:1521256-1521819	NC_003071.7	87.411	564	49	9	2	564	9229179	9228637	2.93e-179	628
NC_003075.7:1521256-1521819	NC_003071.7	87.197	578	43	11	1	564	9860515	9859955	2.93e-179	628
NC_003075.7:1521256-1521819	NC_003071.7	85.965	570	53	8	1	564	15134224	15134772	6.43e-166	584
NC_003075.7:1521256-1521819	NC_003071.7	86.785	507	46	5	1	506	19243136	19242650	3.03e-154	545
NC_003075.7:1521256-1521819	NC_003071.7	83.362	583	61	15	3	564	1409588	1410155	1.43e-142	507
NC_003075.7:1521256-1521819	NC_003071.7	88.338	343	35	4	225	564	4305950	4306290	1.49e-112	407
NC_003075.7:1521256-1521819	NC_003071.7	95.370	216	9	1	2	217	9433091	9433305	4.27e-93	342
NC_003075.7:1521256-1521819	NC_003071.7	87.797	295	17	9	271	564	9433293	9433569	1.20e-88	327
NC_003075.7:1521256-1521819	NC_003071.7	91.139	237	17	4	332	564	1322206	1321970	7.20e-86	318
NC_003075.7:1521256-1521819	NC_003071.7	91.139	237	16	4	333	564	1383789	1383553	2.59e-85	316
NC_003075.7:1521256-1521819	NC_003071.7	91.102	236	17	4	333	564	10996418	10996183	2.59e-85	316
NC_003075.7:1521256-1521819	NC_003071.7	90.717	237	17	5	332	564	3197853	3197618	1.20e-83	311
NC_003075.7:1521256-1521819	NC_003071.7	91.787	207	13	3	362	564	2320728	2320934	7.30e-76	285
NC_003075.7:1521256-1521819	NC_003071.7	91.542	201	14	3	366	564	7351348	7351547	1.58e-72	274
NC_003075.7:1521256-1521819	NC_003071.7	91.824	159	11	2	408	564	7178857	7179015	2.09e-56	220
NC_003075.7:1521256-1521819	NC_003071.7	89.205	176	14	4	394	564	826099	826274	9.72e-55	215
NC_003075.7:1521256-1521819	NC_003071.7	85.915	213	13	8	332	541	9455967	9456165	1.26e-53	211
NC_003075.7:1521256-1521819	NC_003071.7	88.953	172	11	5	394	564	8907832	8907996	5.85e-52	206
NC_003075.7:1521256-1521819	NC_003071.7	88.953	172	11	5	394	564	9891410	9891246	5.85e-52	206
NC_003075.7:1521256-1521819	NC_003071.7	88.757	169	16	3	398	564	11597712	11597879	2.10e-51	204
NC_003075.7:1521256-1521819	NC_003071.7	88.372	172	15	5	397	564	4758271	4758101	7.56e-51	202
NC_003075.7:1521256-1521819	NC_003071.7	91.781	146	10	2	420	564	9311474	9311618	7.56e-51	202
NC_003075.7:1521256-1521819	NC_003071.7	92.143	140	9	2	332	469	8173489	8173628	3.52e-49	196
NC_003075.7:1521256-1521819	NC_003071.7	92.143	140	8	3	332	469	10070310	10070172	1.27e-48	195
NC_003075.7:1521256-1521819	NC_003071.7	83.051	236	14	9	332	564	1347424	1347212	1.64e-47	191
NC_003075.7:1521256-1521819	NC_003071.7	91.367	139	8	4	332	467	9030463	9030600	2.12e-46	187
NC_003075.7:1521256-1521819	NC_003071.7	86.628	172	15	5	394	564	17992708	17992544	2.74e-45	183
NC_003075.7:1521256-1521819	NC_003071.7	87.597	129	14	2	437	564	1242847	1242974	9.99e-35	148
NC_003075.7:1521256-1521819	NC_003071.7	93.671	79	5	0	486	564	11908954	11908876	7.84e-26	119
NC_003075.7:1521256-1521819	NC_003071.7	84.000	125	17	3	362	484	11909052	11908929	2.82e-25	117
NC_003075.7:1521256-1521819	NC_003071.7	81.884	138	11	5	332	469	6901726	6901849	2.19e-21	104
NC_003075.7:1521256-1521819	NC_003071.7	88.406	69	7	1	496	564	8173633	8173700	1.03e-14	82.4
NC_003075.7:1521256-1521819	NC_003071.7	79.825	114	11	8	460	564	7566659	7566549	6.19e-12	73.1
NC_003075.7:1521256-1521819	NC_003071.7	82.500	80	14	0	436	515	6626757	6626678	2.23e-11	71.3
NC_003075.7:1521256-1521819	NC_003071.7	100.000	29	0	0	536	564	1367503	1367475	2.24e-06	54.7
NC_003075.7:1521256-1521819	NC_003070.9	94.513	565	27	4	2	564	23125693	23125131	0.0	869
NC_003075.7:1521256-1521819	NC_003070.9	93.794	564	32	3	2	564	12097456	12098017	0.0	845
NC_003075.7:1521256-1521819	NC_003070.9	93.794	564	20	3	2	564	5899755	5899206	0.0	833
NC_003075.7:1521256-1521819	NC_003070.9	93.451	565	23	4	1	564	21918433	21918984	0.0	826
NC_003075.7:1521256-1521819	NC_003070.9	92.580	566	32	5	1	564	26511227	26510670	0.0	804
NC_003075.7:1521256-1521819	NC_003070.9	92.199	564	30	3	2	564	4770665	4770115	0.0	785
NC_003075.7:1521256-1521819	NC_003070.9	91.161	577	36	5	3	564	17502231	17502807	0.0	769
NC_003075.7:1521256-1521819	NC_003070.9	91.985	549	38	4	21	564	25779690	25780237	0.0	765
NC_003075.7:1521256-1521819	NC_003070.9	90.829	567	37	7	2	564	26880721	26881276	0.0	745
NC_003075.7:1521256-1521819	NC_003070.9	91.963	535	35	7	2	532	588027	587497	0.0	743
NC_003075.7:1521256-1521819	NC_003070.9	90.510	569	36	6	1	564	16401004	16400449	0.0	736
NC_003075.7:1521256-1521819	NC_003070.9	90.123	567	42	6	2	564	27240719	27241275	0.0	725
NC_003075.7:1521256-1521819	NC_003070.9	89.594	567	54	5	1	564	13811467	13810903	0.0	715
NC_003075.7:1521256-1521819	NC_003070.9	90.126	557	37	8	1	542	6219141	6218588	0.0	708
NC_003075.7:1521256-1521819	NC_003070.9	92.727	495	21	5	69	562	10930990	10931470	0.0	701
NC_003075.7:1521256-1521819	NC_003070.9	89.298	570	41	11	1	564	10591983	10591428	0.0	697
NC_003075.7:1521256-1521819	NC_003070.9	89.085	568	46	5	1	564	540988	540433	0.0	691
NC_003075.7:1521256-1521819	NC_003070.9	88.869	566	58	5	2	564	5862949	5863512	0.0	691
NC_003075.7:1521256-1521819	NC_003070.9	88.732	568	59	4	2	564	13495989	13495422	0.0	689
NC_003075.7:1521256-1521819	NC_003070.9	88.754	578	44	9	2	564	13869873	13870444	0.0	688
NC_003075.7:1521256-1521819	NC_003070.9	89.065	567	43	11	1	564	19769023	19769573	0.0	686
NC_003075.7:1521256-1521819	NC_003070.9	88.183	567	52	4	1	564	11732351	11732905	0.0	662
NC_003075.7:1521256-1521819	NC_003070.9	88.183	567	45	13	2	564	10021962	10021414	0.0	656
NC_003075.7:1521256-1521819	NC_003070.9	87.633	566	67	3	2	564	21739641	21739076	0.0	654
NC_003075.7:1521256-1521819	NC_003070.9	88.007	567	48	10	2	564	11804094	11803544	0.0	652
NC_003075.7:1521256-1521819	NC_003070.9	88.091	571	37	9	1	564	24645518	24646064	0.0	649
NC_003075.7:1521256-1521819	NC_003070.9	87.965	565	47	9	1	564	29244141	29244685	0.0	647
NC_003075.7:1521256-1521819	NC_003070.9	87.434	565	50	9	2	564	22192007	22192552	8.14e-180	630
NC_003075.7:1521256-1521819	NC_003070.9	86.396	566	60	5	2	564	20205905	20205354	1.77e-171	603
NC_003075.7:1521256-1521819	NC_003070.9	86.809	561	46	14	2	562	10853200	10852668	6.38e-171	601
NC_003075.7:1521256-1521819	NC_003070.9	87.293	543	45	10	1	542	2986893	2986374	2.30e-170	599
NC_003075.7:1521256-1521819	NC_003070.9	86.243	567	60	11	1	564	28891931	28891380	2.30e-170	599
NC_003075.7:1521256-1521819	NC_003070.9	91.096	438	36	2	3	437	2587832	2587395	1.38e-167	590
NC_003075.7:1521256-1521819	NC_003070.9	85.897	546	67	9	1	541	4582997	4583537	1.39e-162	573
NC_003075.7:1521256-1521819	NC_003070.9	85.154	586	45	11	1	564	24718473	24719038	3.01e-159	562
NC_003075.7:1521256-1521819	NC_003070.9	95.259	232	11	0	1	232	12240504	12240735	7.05e-101	368
NC_003075.7:1521256-1521819	NC_003070.9	94.043	235	11	3	332	564	21615530	21615297	1.97e-96	353
NC_003075.7:1521256-1521819	NC_003070.9	93.133	233	14	2	1	232	13313924	13313693	1.54e-92	340
NC_003075.7:1521256-1521819	NC_003070.9	91.561	237	16	4	332	564	10579905	10580141	1.55e-87	324
NC_003075.7:1521256-1521819	NC_003070.9	91.489	235	16	4	332	562	8622992	8622758	2.00e-86	320
NC_003075.7:1521256-1521819	NC_003070.9	90.204	245	10	6	322	564	2473131	2472899	1.56e-82	307
NC_003075.7:1521256-1521819	NC_003070.9	90.295	237	18	5	332	564	12619289	12619524	5.60e-82	305
NC_003075.7:1521256-1521819	NC_003070.9	90.295	237	17	6	332	564	21128636	21128870	5.60e-82	305
NC_003075.7:1521256-1521819	NC_003070.9	89.873	237	20	4	332	564	11669593	11669357	7.25e-81	302
NC_003075.7:1521256-1521819	NC_003070.9	89.873	237	19	5	332	564	9418298	9418063	2.61e-80	300
NC_003075.7:1521256-1521819	NC_003070.9	90.498	221	17	4	332	548	3762754	3762974	5.64e-77	289
NC_003075.7:1521256-1521819	NC_003070.9	92.195	205	14	2	362	564	8539559	8539763	5.64e-77	289
NC_003075.7:1521256-1521819	NC_003070.9	95.580	181	6	2	385	564	12240731	12240910	5.64e-77	289
NC_003075.7:1521256-1521819	NC_003070.9	88.186	237	24	4	332	564	20559836	20559600	3.40e-74	279
NC_003075.7:1521256-1521819	NC_003070.9	91.262	206	15	3	362	564	9384365	9384160	1.22e-73	278
NC_003075.7:1521256-1521819	NC_003070.9	88.235	238	19	6	332	564	696707	696474	4.39e-73	276
NC_003075.7:1521256-1521819	NC_003070.9	90.777	206	16	3	362	564	18300475	18300270	5.68e-72	272
NC_003075.7:1521256-1521819	NC_003070.9	93.370	181	11	1	385	564	13313697	13313517	2.64e-70	267
NC_003075.7:1521256-1521819	NC_003070.9	93.103	174	11	1	1	174	2473308	2473136	2.06e-66	254
NC_003075.7:1521256-1521819	NC_003070.9	92.486	173	11	2	394	564	12993168	12992996	3.45e-64	246
NC_003075.7:1521256-1521819	NC_003070.9	92.982	171	9	3	396	564	14012981	14012812	3.45e-64	246
NC_003075.7:1521256-1521819	NC_003070.9	86.026	229	21	4	332	559	3251256	3251474	7.46e-61	235
NC_003075.7:1521256-1521819	NC_003070.9	90.698	172	13	3	396	564	8190388	8190559	4.49e-58	226
NC_003075.7:1521256-1521819	NC_003070.9	90.116	172	14	3	395	564	3497922	3497752	2.09e-56	220
NC_003075.7:1521256-1521819	NC_003070.9	89.714	175	14	3	394	564	19741714	19741540	2.09e-56	220
NC_003075.7:1521256-1521819	NC_003070.9	89.655	174	13	5	395	564	2588004	2587832	2.70e-55	217
NC_003075.7:1521256-1521819	NC_003070.9	89.535	172	16	2	395	564	25358251	25358422	2.70e-55	217
NC_003075.7:1521256-1521819	NC_003070.9	89.080	174	16	3	394	564	29078840	29079013	3.49e-54	213
NC_003075.7:1521256-1521819	NC_003070.9	88.889	171	17	2	396	564	12458084	12458254	4.52e-53	209
NC_003075.7:1521256-1521819	NC_003070.9	88.953	172	15	4	395	564	17605966	17606135	4.52e-53	209
NC_003075.7:1521256-1521819	NC_003070.9	87.719	171	17	4	396	564	20509005	20508837	3.52e-49	196
NC_003075.7:1521256-1521819	NC_003070.9	87.356	174	14	7	396	564	11174638	11174808	4.55e-48	193
NC_003075.7:1521256-1521819	NC_003070.9	87.209	172	19	3	395	564	12183575	12183405	4.55e-48	193
NC_003075.7:1521256-1521819	NC_003070.9	89.610	154	13	3	413	564	21336375	21336527	4.55e-48	193
NC_003075.7:1521256-1521819	NC_003070.9	83.051	236	14	9	332	564	29774473	29774261	1.64e-47	191
NC_003075.7:1521256-1521819	NC_003070.9	87.574	169	13	5	395	562	26307342	26307503	5.89e-47	189
NC_003075.7:1521256-1521819	NC_003070.9	86.982	169	18	4	397	564	13879220	13879055	2.12e-46	187
NC_003075.7:1521256-1521819	NC_003070.9	82.659	173	16	5	406	564	2587385	2587213	1.67e-32	141
NC_003075.7:1100277-1101060	NC_003075.7	100.000	784	0	0	1	784	1100277	1101060	0.0	1448
NC_003075.7:1100277-1101060	NC_003075.7	91.440	736	29	13	3	707	17501313	17502045	0.0	979
NC_003075.7:1100277-1101060	NC_003075.7	88.493	730	54	13	2	707	8899076	8899799	0.0	856
NC_003075.7:1100277-1101060	NC_003075.7	88.292	726	59	14	3	707	8820690	8819970	0.0	846
NC_003075.7:1100277-1101060	NC_003075.7	88.017	726	62	14	3	706	12698500	12699222	0.0	835
NC_003075.7:1100277-1101060	NC_003075.7	87.791	729	64	12	2	706	7384283	7383556	0.0	830
NC_003075.7:1100277-1101060	NC_003075.7	87.808	730	59	12	2	707	1199586	1198863	0.0	828
NC_003075.7:1100277-1101060	NC_003075.7	87.775	728	49	19	3	706	6169229	6168518	0.0	815
NC_003075.7:1100277-1101060	NC_003075.7	87.183	710	67	16	2	698	7230734	7231432	0.0	785
NC_003075.7:1100277-1101060	NC_003075.7	82.873	724	61	32	2	707	6242978	6243656	5.41e-168	592
NC_003075.7:1100277-1101060	NC_003075.7	82.098	715	69	36	3	707	9192543	9193208	1.97e-157	556
NC_003075.7:1100277-1101060	NC_003075.7	86.607	112	7	4	272	375	17139870	17139981	3.97e-25	117
NC_003075.7:1100277-1101060	NC_003076.8	94.465	795	29	6	1	784	9298124	9298914	0.0	1210
NC_003075.7:1100277-1101060	NC_003076.8	88.567	726	58	14	3	707	15536012	15535291	0.0	857
NC_003075.7:1100277-1101060	NC_003076.8	88.811	715	56	12	14	706	26892545	26893257	0.0	856
NC_003075.7:1100277-1101060	NC_003076.8	88.671	715	58	16	1	695	5648765	5648054	0.0	850
NC_003075.7:1100277-1101060	NC_003076.8	88.292	726	62	10	3	706	17398749	17398025	0.0	848
NC_003075.7:1100277-1101060	NC_003076.8	88.187	728	60	12	3	706	9866841	9867566	0.0	845
NC_003075.7:1100277-1101060	NC_003076.8	88.531	715	58	14	3	695	13733609	13734321	0.0	845
NC_003075.7:1100277-1101060	NC_003076.8	88.382	723	55	21	3	706	8602694	8601982	0.0	843
NC_003075.7:1100277-1101060	NC_003076.8	88.219	730	55	19	3	707	22020973	22021696	0.0	843
NC_003075.7:1100277-1101060	NC_003076.8	88.049	728	58	13	3	707	15031812	15031091	0.0	835
NC_003075.7:1100277-1101060	NC_003076.8	87.791	729	60	12	2	707	7488978	7488256	0.0	826
NC_003075.7:1100277-1101060	NC_003076.8	87.671	730	62	15	1	706	16372997	16373722	0.0	824
NC_003075.7:1100277-1101060	NC_003076.8	87.724	725	61	16	3	707	14079423	14080139	0.0	821
NC_003075.7:1100277-1101060	NC_003076.8	87.914	695	63	17	3	684	26891638	26892324	0.0	798
NC_003075.7:1100277-1101060	NC_003076.8	87.273	715	67	15	3	695	20279500	20278788	0.0	795
NC_003075.7:1100277-1101060	NC_003076.8	87.518	697	63	20	1	684	17481149	17481834	0.0	784
NC_003075.7:1100277-1101060	NC_003076.8	86.813	728	54	20	3	706	23130214	23129505	0.0	774
NC_003075.7:1100277-1101060	NC_003076.8	86.676	728	59	16	3	706	24313641	24314354	0.0	773
NC_003075.7:1100277-1101060	NC_003076.8	86.457	731	58	19	3	711	17956548	17955837	0.0	763
NC_003075.7:1100277-1101060	NC_003076.8	86.301	730	51	27	2	707	15162254	15162958	0.0	749
NC_003075.7:1100277-1101060	NC_003076.8	84.457	727	60	21	3	707	19912702	19913397	0.0	667
NC_003075.7:1100277-1101060	NC_003076.8	83.773	721	57	28	1	706	16031389	16030714	4.13e-179	628
NC_003075.7:1100277-1101060	NC_003076.8	91.525	236	18	1	3	236	5592791	5593026	2.18e-87	324
NC_003075.7:1100277-1101060	NC_003076.8	83.924	367	24	14	375	707	19408889	19408524	1.01e-85	318
NC_003075.7:1100277-1101060	NC_003076.8	88.000	125	11	3	3	124	13204307	13204184	1.82e-33	145
NC_003075.7:1100277-1101060	NC_003074.8	91.758	728	37	6	1	707	6941486	6940761	0.0	990
NC_003075.7:1100277-1101060	NC_003074.8	88.705	726	59	12	2	706	8596968	8596245	0.0	865
NC_003075.7:1100277-1101060	NC_003074.8	88.583	727	58	17	2	706	4467612	4468335	0.0	859
NC_003075.7:1100277-1101060	NC_003074.8	88.187	728	56	12	3	707	10900762	10901482	0.0	841
NC_003075.7:1100277-1101060	NC_003074.8	87.962	731	59	12	1	707	16677614	16678339	0.0	835
NC_003075.7:1100277-1101060	NC_003074.8	87.842	732	57	13	1	707	16535296	16534572	0.0	830
NC_003075.7:1100277-1101060	NC_003074.8	87.603	726	62	11	5	707	18496030	18495310	0.0	817
NC_003075.7:1100277-1101060	NC_003074.8	87.260	730	60	17	2	707	16902331	16903051	0.0	802
NC_003075.7:1100277-1101060	NC_003074.8	87.260	730	56	16	2	707	5591638	5590922	0.0	798
NC_003075.7:1100277-1101060	NC_003074.8	87.270	707	63	17	23	706	8328649	8329351	0.0	782
NC_003075.7:1100277-1101060	NC_003074.8	87.683	682	48	15	2	661	20770465	20769798	0.0	761
NC_003075.7:1100277-1101060	NC_003074.8	88.427	553	40	12	176	706	18171656	18171106	0.0	645
NC_003075.7:1100277-1101060	NC_003074.8	89.326	356	24	8	194	539	11589291	11588940	9.65e-121	435
NC_003075.7:1100277-1101060	NC_003074.8	87.147	389	37	8	318	695	11456097	11455711	4.49e-119	429
NC_003075.7:1100277-1101060	NC_003074.8	91.045	201	16	1	3	201	11456304	11456104	2.88e-71	270
NC_003075.7:1100277-1101060	NC_003074.8	89.055	201	20	2	3	201	4977268	4977468	1.35e-64	248
NC_003075.7:1100277-1101060	NC_003074.8	88.557	201	18	3	3	201	19529023	19529220	8.12e-62	239
NC_003075.7:1100277-1101060	NC_003071.7	88.615	729	57	16	1	706	10070966	10070241	0.0	863
NC_003075.7:1100277-1101060	NC_003071.7	88.658	723	56	16	9	706	7177587	7176866	0.0	857
NC_003075.7:1100277-1101060	NC_003071.7	88.750	720	56	12	2	697	9029806	9030524	0.0	857
NC_003075.7:1100277-1101060	NC_003071.7	88.292	726	62	10	3	706	8172835	8173559	0.0	848
NC_003075.7:1100277-1101060	NC_003071.7	87.775	728	63	15	2	706	1348077	1347353	0.0	828
NC_003075.7:1100277-1101060	NC_003071.7	87.775	728	60	15	3	707	3198502	3197781	0.0	824
NC_003075.7:1100277-1101060	NC_003071.7	87.500	728	65	12	3	706	14571894	14572619	0.0	817
NC_003075.7:1100277-1101060	NC_003071.7	87.260	730	63	14	2	707	1322857	1322134	0.0	806
NC_003075.7:1100277-1101060	NC_003071.7	87.819	706	57	12	26	707	9455339	9456039	0.0	800
NC_003075.7:1100277-1101060	NC_003071.7	87.994	683	52	15	2	661	11909721	11909046	0.0	780
NC_003075.7:1100277-1101060	NC_003071.7	87.213	696	67	18	2	684	7350653	7351339	0.0	773
NC_003075.7:1100277-1101060	NC_003071.7	86.777	726	53	15	4	706	2320063	2320768	0.0	769
NC_003075.7:1100277-1101060	NC_003071.7	86.420	729	48	26	2	706	1038914	1038213	0.0	750
NC_003075.7:1100277-1101060	NC_003071.7	86.088	726	50	24	2	706	10997044	10996349	0.0	734
NC_003075.7:1100277-1101060	NC_003071.7	85.972	720	60	31	3	706	1384414	1383720	0.0	732
NC_003075.7:1100277-1101060	NC_003071.7	86.410	390	41	7	318	696	7094027	7094415	3.50e-115	416
NC_003075.7:1100277-1101060	NC_003071.7	91.133	203	16	2	1	201	9584605	9584807	2.23e-72	274
NC_003075.7:1100277-1101060	NC_003071.7	90.594	202	17	2	2	201	6901190	6901391	3.73e-70	267
NC_003075.7:1100277-1101060	NC_003071.7	90.547	201	17	1	3	201	7093820	7094020	1.34e-69	265
NC_003075.7:1100277-1101060	NC_003071.7	84.753	223	19	9	465	673	9311237	9311458	6.37e-53	209
NC_003075.7:1100277-1101060	NC_003070.9	88.462	728	58	13	3	708	6514476	6515199	0.0	856
NC_003075.7:1100277-1101060	NC_003070.9	88.462	728	56	16	3	706	5437788	5437065	0.0	854
NC_003075.7:1100277-1101060	NC_003070.9	88.627	721	53	14	9	707	9418940	9418227	0.0	850
NC_003075.7:1100277-1101060	NC_003070.9	88.515	714	55	11	15	706	3250618	3251326	0.0	839
NC_003075.7:1100277-1101060	NC_003070.9	88.098	731	56	17	3	706	20513679	20514405	0.0	839
NC_003075.7:1100277-1101060	NC_003070.9	87.791	729	60	16	3	707	12618638	12619361	0.0	826
NC_003075.7:1100277-1101060	NC_003070.9	87.808	730	50	17	2	694	697375	696648	0.0	819
NC_003075.7:1100277-1101060	NC_003070.9	87.551	731	61	17	1	707	20167557	20166833	0.0	819
NC_003075.7:1100277-1101060	NC_003070.9	87.620	727	51	17	3	706	8538889	8539599	0.0	808
NC_003075.7:1100277-1101060	NC_003070.9	87.260	730	60	17	2	707	21127988	21128708	0.0	802
NC_003075.7:1100277-1101060	NC_003070.9	88.546	681	50	14	3	661	9385033	9384359	0.0	800
NC_003075.7:1100277-1101060	NC_003070.9	88.563	682	49	15	2	661	18301143	18300469	0.0	800
NC_003075.7:1100277-1101060	NC_003070.9	86.712	730	69	15	2	707	11670246	11669521	0.0	785
NC_003075.7:1100277-1101060	NC_003070.9	85.984	742	63	18	3	706	29775140	29774402	0.0	756
NC_003075.7:1100277-1101060	NC_003070.9	85.833	720	50	16	3	673	10239320	10240036	0.0	717
NC_003075.7:1100277-1101060	NC_003070.9	84.753	728	54	23	2	707	21616152	21615460	0.0	676
NC_003075.7:1100277-1101060	NC_003070.9	88.049	569	52	9	3	560	3762158	3762721	0.0	660
NC_003075.7:1100277-1101060	NC_003070.9	84.476	715	58	19	3	695	14014231	14013548	0.0	656
NC_003075.7:1100277-1101060	NC_003070.9	84.088	729	55	27	3	709	8623608	8622919	0.0	647
NC_003075.7:1100277-1101060	NC_003070.9	86.816	402	39	9	318	706	20172602	20172202	2.68e-121	436
NC_003075.7:1100277-1101060	NC_003070.9	86.218	312	27	6	408	707	20560071	20559764	2.18e-87	324
NC_003075.7:1100277-1101060	NC_003070.9	91.176	238	18	3	1	236	10579422	10579658	2.82e-86	320
NC_003075.7:1100277-1101060	NC_003070.9	84.615	312	32	6	408	707	10579670	10579977	4.75e-79	296
NC_003075.7:1100277-1101060	NC_003070.9	92.040	201	14	2	38	236	20560283	20560083	1.33e-74	281
NC_003075.7:1100277-1101060	NC_003070.9	91.045	201	16	2	3	201	20172809	20172609	2.88e-71	270
