NC_003070.9:21927906-21928260	NC_003070.9	100.000	355	0	0	1	355	21928260	21927906	0.0	656
NC_003070.9:21927906-21928260	NC_003070.9	76.902	368	63	17	1	355	3408478	3408836	3.61e-47	189
NC_003070.9:22449931-22452006	NC_003070.9	100.000	2076	0	0	1	2076	22449931	22452006	0.0	3834
NC_003070.9:22449931-22452006	NC_003070.9	94.765	2063	87	13	1	2053	8114770	8116821	0.0	3192
NC_003070.9:22449931-22452006	NC_003070.9	94.115	2090	92	16	1	2075	13058823	13060896	0.0	3149
NC_003070.9:22449931-22452006	NC_003070.9	93.496	2091	96	14	1	2076	9816210	9818275	0.0	3072
NC_003070.9:22449931-22452006	NC_003070.9	93.384	2086	97	23	1	2076	19995734	19993680	0.0	3049
NC_003070.9:22449931-22452006	NC_003070.9	92.617	2113	107	17	1	2076	7035191	7037291	0.0	2992
NC_003070.9:22449931-22452006	NC_003070.9	92.707	2098	97	18	1	2075	16903800	16905864	0.0	2976
NC_003070.9:22449931-22452006	NC_003070.9	92.370	2110	102	25	1	2075	26171480	26169395	0.0	2950
NC_003070.9:22449931-22452006	NC_003070.9	91.813	2113	104	27	1	2076	17899863	17901943	0.0	2880
NC_003070.9:22449931-22452006	NC_003070.9	91.343	2114	103	29	1	2076	9867414	9865343	0.0	2817
NC_003070.9:22449931-22452006	NC_003070.9	96.101	1744	39	10	338	2075	13017571	13015851	0.0	2817
NC_003070.9:22449931-22452006	NC_003070.9	92.850	1874	89	16	14	1856	30255510	30253651	0.0	2676
NC_003070.9:22449931-22452006	NC_003070.9	92.120	1840	91	25	1	1816	11737393	11735584	0.0	2545
NC_003070.9:22449931-22452006	NC_003070.9	92.748	1572	74	23	515	2076	18791324	18792865	0.0	2235
NC_003070.9:22449931-22452006	NC_003070.9	95.175	1430	42	8	1	1424	501372	499964	0.0	2233
NC_003070.9:22449931-22452006	NC_003070.9	94.894	1410	53	9	673	2075	15939781	15941178	0.0	2187
NC_003070.9:22449931-22452006	NC_003070.9	93.722	1354	56	10	1	1339	30253107	30251768	0.0	2002
NC_003070.9:22449931-22452006	NC_003070.9	93.358	1355	58	13	1	1339	22994060	22992722	0.0	1975
NC_003070.9:22449931-22452006	NC_003070.9	93.279	1354	61	11	1	1339	12330053	12328715	0.0	1969
NC_003070.9:22449931-22452006	NC_003070.9	91.843	1275	58	15	5	1251	19329256	19328000	0.0	1736
NC_003070.9:22449931-22452006	NC_003070.9	94.205	1139	55	8	945	2075	11700592	11701727	0.0	1727
NC_003070.9:22449931-22452006	NC_003070.9	92.958	1136	61	7	951	2075	3413713	3414840	0.0	1637
NC_003070.9:22449931-22452006	NC_003070.9	91.414	1153	73	12	937	2075	28161182	28162322	0.0	1557
NC_003070.9:22449931-22452006	NC_003070.9	95.661	968	31	5	1	966	19061965	19062923	0.0	1544
NC_003070.9:22449931-22452006	NC_003070.9	93.939	1023	54	6	1060	2075	19769011	19767990	0.0	1539
NC_003070.9:22449931-22452006	NC_003070.9	93.731	1005	55	5	1078	2076	4786254	4787256	0.0	1500
NC_003070.9:22449931-22452006	NC_003070.9	93.186	998	48	6	1086	2076	12365009	12365993	0.0	1448
NC_003070.9:22449931-22452006	NC_003070.9	92.972	996	51	5	1086	2075	16825388	16826370	0.0	1434
NC_003070.9:22449931-22452006	NC_003070.9	92.979	997	47	9	1086	2076	12563207	12562228	0.0	1432
NC_003070.9:22449931-22452006	NC_003070.9	92.659	1008	49	8	1078	2076	23214529	23215520	0.0	1428
NC_003070.9:22449931-22452006	NC_003070.9	94.984	917	33	6	1	915	11699698	11700603	0.0	1426
NC_003070.9:22449931-22452006	NC_003070.9	92.574	1010	49	9	1078	2075	16326308	16327303	0.0	1426
NC_003070.9:22449931-22452006	NC_003070.9	92.671	996	52	6	1089	2076	19466071	19465089	0.0	1415
NC_003070.9:22449931-22452006	NC_003070.9	95.188	852	29	6	264	1112	19062922	19063764	0.0	1336
NC_003070.9:22449931-22452006	NC_003070.9	96.125	800	28	3	1278	2075	19063794	19064592	0.0	1303
NC_003070.9:22449931-22452006	NC_003070.9	94.185	791	42	4	1287	2076	23876482	23877269	0.0	1203
NC_003070.9:22449931-22452006	NC_003070.9	92.588	850	33	9	1	831	12364135	12364973	0.0	1194
NC_003070.9:22449931-22452006	NC_003070.9	93.032	818	33	11	1	818	4785461	4786254	0.0	1173
NC_003070.9:22449931-22452006	NC_003070.9	92.235	850	32	15	1	831	16824518	16825352	0.0	1173
NC_003070.9:22449931-22452006	NC_003070.9	91.794	853	34	11	1	831	23213666	23214504	0.0	1155
NC_003070.9:22449931-22452006	NC_003070.9	94.133	767	30	5	941	1694	16998393	16997629	0.0	1153
NC_003070.9:22449931-22452006	NC_003070.9	91.686	854	35	11	1	831	19466949	19466109	0.0	1151
NC_003070.9:22449931-22452006	NC_003070.9	91.442	853	38	12	1	831	16325444	16326283	0.0	1138
NC_003070.9:22449931-22452006	NC_003070.9	93.247	770	46	6	1307	2075	19328001	19327237	0.0	1129
NC_003070.9:22449931-22452006	NC_003070.9	91.166	849	47	11	1	831	12564081	12563243	0.0	1127
NC_003070.9:22449931-22452006	NC_003070.9	93.684	760	33	5	949	1694	12876772	12876014	0.0	1123
NC_003070.9:22449931-22452006	NC_003070.9	86.470	983	81	23	1	948	16806989	16807954	0.0	1031
NC_003070.9:22449931-22452006	NC_003070.9	95.819	598	15	5	1480	2076	499960	499372	0.0	957
NC_003070.9:22449931-22452006	NC_003070.9	92.093	645	40	4	1441	2076	14309405	14308763	0.0	898
NC_003070.9:22449931-22452006	NC_003070.9	96.481	540	16	3	1539	2076	8489951	8489413	0.0	889
NC_003070.9:22449931-22452006	NC_003070.9	90.185	703	38	10	235	919	17552860	17552171	0.0	887
NC_003070.9:22449931-22452006	NC_003070.9	89.394	726	46	10	235	941	1977027	1976314	0.0	885
NC_003070.9:22449931-22452006	NC_003070.9	88.996	727	44	15	235	941	14299705	14298995	0.0	867
NC_003070.9:22449931-22452006	NC_003070.9	88.828	725	49	11	235	941	29320592	29319882	0.0	861
NC_003070.9:22449931-22452006	NC_003070.9	88.873	719	49	10	235	935	6736003	6736708	0.0	856
NC_003070.9:22449931-22452006	NC_003070.9	83.673	980	86	31	1	948	13262203	13261266	0.0	856
NC_003070.9:22449931-22452006	NC_003070.9	95.194	541	23	3	1539	2076	25963004	25962464	0.0	852
NC_003070.9:22449931-22452006	NC_003070.9	89.174	702	45	18	246	929	19085234	19085922	0.0	846
NC_003070.9:22449931-22452006	NC_003070.9	89.031	702	44	17	246	929	19173667	19172981	0.0	839
NC_003070.9:22449931-22452006	NC_003070.9	88.178	719	53	11	235	935	17368	18072	0.0	828
NC_003070.9:22449931-22452006	NC_003070.9	88.000	725	56	10	235	941	3074585	3073874	0.0	828
NC_003070.9:22449931-22452006	NC_003070.9	88.531	715	41	18	246	941	12855858	12855166	0.0	828
NC_003070.9:22449931-22452006	NC_003070.9	87.853	708	55	10	246	935	8291436	8290742	0.0	802
NC_003070.9:22449931-22452006	NC_003070.9	88.804	652	44	8	235	868	2235029	2234389	0.0	773
NC_003070.9:22449931-22452006	NC_003070.9	92.720	522	26	3	1554	2075	18790339	18790848	0.0	743
NC_003070.9:22449931-22452006	NC_003070.9	95.671	462	18	2	1	461	15939323	15939783	0.0	741
NC_003070.9:22449931-22452006	NC_003070.9	94.043	470	25	3	1	469	22622305	22621838	0.0	710
NC_003070.9:22449931-22452006	NC_003070.9	97.500	400	10	0	1676	2075	23554190	23553791	0.0	684
NC_003070.9:22449931-22452006	NC_003070.9	94.878	410	18	3	1	409	18790927	18791334	0.0	638
NC_003070.9:22449931-22452006	NC_003070.9	90.792	467	25	5	886	1339	22621842	22621381	1.45e-172	608
NC_003070.9:22449931-22452006	NC_003070.9	91.463	410	31	4	235	644	18746910	18746505	4.13e-158	560
NC_003070.9:22449931-22452006	NC_003070.9	93.421	304	18	2	1287	1589	22992366	22992064	9.32e-125	449
NC_003070.9:22449931-22452006	NC_003070.9	87.112	419	25	9	535	935	23174140	23174547	3.35e-124	448
NC_003070.9:22449931-22452006	NC_003070.9	93.493	292	17	2	1287	1577	22621025	22620735	9.38e-120	433
NC_003070.9:22449931-22452006	NC_003070.9	92.434	304	21	2	1287	1589	30251412	30251110	9.38e-120	433
NC_003070.9:22449931-22452006	NC_003070.9	96.838	253	8	0	1	253	23554439	23554187	5.65e-117	424
NC_003070.9:22449931-22452006	NC_003070.9	93.056	288	19	1	1287	1574	12328360	12328074	7.31e-116	420
NC_003070.9:22449931-22452006	NC_003070.9	91.864	295	15	4	642	935	18746460	18746174	7.36e-111	403
NC_003070.9:22449931-22452006	NC_003070.9	92.157	255	10	2	1	255	8490194	8489950	2.70e-95	351
NC_003070.9:22449931-22452006	NC_003070.9	94.619	223	11	1	1854	2075	30253364	30253142	4.52e-93	344
NC_003070.9:22449931-22452006	NC_003070.9	90.769	260	18	6	1	256	2235167	2234910	1.63e-92	342
NC_003070.9:22449931-22452006	NC_003070.9	89.157	249	23	4	1	246	3074944	3074697	5.93e-82	307
NC_003070.9:22449931-22452006	NC_003070.9	91.795	195	7	2	937	1122	22992576	22992382	1.30e-68	263
NC_003070.9:22449931-22452006	NC_003070.9	90.256	195	10	2	937	1122	12328570	12328376	1.31e-63	246
NC_003070.9:22449931-22452006	NC_003070.9	90.256	195	10	2	937	1122	23876272	23876466	1.31e-63	246
NC_003070.9:22449931-22452006	NC_003070.9	89.899	198	11	2	937	1125	30251622	30251425	1.31e-63	246
NC_003070.9:22449931-22452006	NC_003070.9	89.744	195	11	2	937	1122	22621235	22621041	6.10e-62	241
NC_003070.9:22449931-22452006	NC_003070.9	82.427	239	32	9	1842	2076	30251209	30250977	1.04e-49	200
NC_003070.9:22449931-22452006	NC_003070.9	95.238	126	4	2	1953	2076	22620714	22620589	3.73e-49	198
NC_003070.9:22449931-22452006	NC_003070.9	82.553	235	31	6	1846	2076	22992159	22991931	3.73e-49	198
NC_003070.9:22449931-22452006	NC_003070.9	93.651	126	6	2	1953	2076	12328051	12327926	8.07e-46	187
NC_003070.9:22449931-22452006	NC_003070.9	94.068	118	7	0	937	1054	19769690	19769573	1.35e-43	180
NC_003070.9:22449931-22452006	NC_003070.9	85.271	129	16	3	1950	2075	10021542	10021414	1.38e-28	130
NC_003070.9:22449931-22452006	NC_003070.9	84.375	128	17	3	1951	2075	4770242	4770115	2.31e-26	122
NC_003070.9:22449931-22452006	NC_003070.9	83.206	131	17	5	1950	2075	21739206	21739076	3.86e-24	115
NC_003070.9:22449931-22452006	NC_003070.9	90.000	80	8	0	2	81	30251767	30251688	8.36e-21	104
NC_003070.9:22449931-22452006	NC_003070.9	81.395	129	21	3	1950	2075	9918581	9918453	3.01e-20	102
NC_003070.9:22449931-22452006	NC_003070.9	89.024	82	7	2	1	81	12876928	12876848	1.08e-19	100
NC_003070.9:22449931-22452006	NC_003070.9	88.750	80	9	0	2	81	22992721	22992642	3.89e-19	99.0
NC_003070.9:22449931-22452006	NC_003070.9	88.750	80	8	1	2	81	12328714	12328636	1.40e-18	97.1
NC_003070.9:22449931-22452006	NC_003070.9	80.620	129	15	6	1950	2075	16858753	16858632	6.51e-17	91.6
NC_003070.9:22449931-22452006	NC_003070.9	80.315	127	15	6	1950	2073	26307384	26307503	8.42e-16	87.9
NC_003070.9:22449931-22452006	NC_003070.9	79.389	131	20	7	1950	2075	20166799	20166671	3.03e-15	86.1
NC_003070.9:22449931-22452006	NC_003070.9	85.185	54	7	1	2024	2076	21103407	21103354	8.54e-06	54.7
NC_003070.9:22449931-22452006	NC_003075.7	96.547	2085	55	8	1	2076	11360870	11362946	0.0	3435
NC_003070.9:22449931-22452006	NC_003075.7	94.484	2085	94	15	1	2076	1349585	1351657	0.0	3193
NC_003070.9:22449931-22452006	NC_003075.7	94.346	2087	92	15	1	2075	5541389	5539317	0.0	3177
NC_003070.9:22449931-22452006	NC_003075.7	93.720	2086	91	20	1	2075	4146126	4148182	0.0	3090
NC_003070.9:22449931-22452006	NC_003075.7	93.570	2084	94	23	1	2075	8730453	8728401	0.0	3070
NC_003070.9:22449931-22452006	NC_003075.7	92.399	2105	109	16	1	2073	1002007	999922	0.0	2953
NC_003070.9:22449931-22452006	NC_003075.7	93.330	2024	84	20	89	2076	8063697	8065705	0.0	2942
NC_003070.9:22449931-22452006	NC_003075.7	92.254	1278	58	11	1	1249	10397385	10396120	0.0	1773
NC_003070.9:22449931-22452006	NC_003075.7	93.582	1153	59	6	937	2076	11193424	11192274	0.0	1705
NC_003070.9:22449931-22452006	NC_003075.7	92.126	1143	74	8	949	2076	371928	370787	0.0	1598
NC_003070.9:22449931-22452006	NC_003075.7	91.689	1143	77	9	949	2075	6166306	6165166	0.0	1568
NC_003070.9:22449931-22452006	NC_003075.7	94.129	1005	51	5	1078	2076	16864264	16863262	0.0	1522
NC_003070.9:22449931-22452006	NC_003075.7	94.139	819	35	7	1	818	16865070	16864264	0.0	1234
NC_003070.9:22449931-22452006	NC_003075.7	94.318	792	41	4	1287	2076	683570	684359	0.0	1210
NC_003070.9:22449931-22452006	NC_003075.7	94.293	771	41	3	1308	2075	10396119	10395349	0.0	1177
NC_003070.9:22449931-22452006	NC_003075.7	92.112	786	40	10	1	769	9763814	9763034	0.0	1088
NC_003070.9:22449931-22452006	NC_003075.7	91.995	787	39	11	1	769	9842608	9841828	0.0	1083
NC_003070.9:22449931-22452006	NC_003075.7	86.434	973	89	20	1	952	2622006	2621056	0.0	1026
NC_003070.9:22449931-22452006	NC_003075.7	93.009	658	40	4	1233	1886	965061	964406	0.0	955
NC_003070.9:22449931-22452006	NC_003075.7	89.517	725	44	14	235	941	314144	313434	0.0	889
NC_003070.9:22449931-22452006	NC_003075.7	88.874	728	43	16	235	941	7060559	7059849	0.0	861
NC_003070.9:22449931-22452006	NC_003075.7	88.778	704	46	16	246	929	9438920	9439610	0.0	832
NC_003070.9:22449931-22452006	NC_003075.7	91.337	531	35	8	1549	2076	14390783	14390261	0.0	715
NC_003070.9:22449931-22452006	NC_003075.7	94.906	373	8	4	1676	2047	7853284	7852922	5.30e-162	573
NC_003070.9:22449931-22452006	NC_003075.7	90.647	417	30	9	231	644	6279131	6279541	1.16e-153	545
NC_003070.9:22449931-22452006	NC_003075.7	91.589	321	17	4	937	1248	965653	965334	2.61e-120	435
NC_003070.9:22449931-22452006	NC_003075.7	96.838	253	8	0	1	253	7853533	7853281	5.65e-117	424
NC_003070.9:22449931-22452006	NC_003075.7	76.339	672	107	33	1394	2054	7572217	7572847	1.28e-83	313
NC_003070.9:22449931-22452006	NC_003075.7	87.500	264	24	3	642	904	3893999	3893744	1.28e-78	296
NC_003070.9:22449931-22452006	NC_003075.7	79.950	404	61	18	1493	1887	7593705	7593313	1.29e-73	279
NC_003070.9:22449931-22452006	NC_003075.7	89.500	200	11	3	937	1127	683359	683557	4.72e-63	244
NC_003070.9:22449931-22452006	NC_003075.7	91.447	152	10	2	235	384	5353887	5354037	2.23e-51	206
NC_003070.9:22449931-22452006	NC_003075.7	91.333	150	11	2	235	384	5354616	5354763	8.01e-51	204
NC_003070.9:22449931-22452006	NC_003075.7	87.209	172	20	2	779	948	5773070	5773241	4.82e-48	195
NC_003070.9:22449931-22452006	NC_003075.7	74.839	465	87	21	1585	2042	2262877	2262436	1.04e-44	183
NC_003070.9:22449931-22452006	NC_003075.7	92.126	127	10	0	937	1063	8802272	8802398	1.35e-43	180
NC_003070.9:22449931-22452006	NC_003075.7	77.509	289	54	11	1792	2075	12335548	12335830	1.36e-38	163
NC_003070.9:22449931-22452006	NC_003075.7	90.323	93	7	1	1477	1567	8802411	8802503	8.30e-26	121
NC_003070.9:22449931-22452006	NC_003075.7	83.846	130	17	3	1950	2075	15441780	15441651	8.30e-26	121
NC_003070.9:22449931-22452006	NC_003075.7	91.358	81	7	0	1	81	683213	683293	4.99e-23	111
NC_003070.9:22449931-22452006	NC_003075.7	91.026	78	7	0	4	81	11193567	11193490	2.32e-21	106
NC_003070.9:22449931-22452006	NC_003075.7	96.226	53	2	0	642	694	6279557	6279609	8.42e-16	87.9
NC_003070.9:22449931-22452006	NC_003075.7	73.529	306	49	27	253	537	9566265	9565971	8.42e-16	87.9
NC_003070.9:22449931-22452006	NC_003075.7	79.845	129	16	6	1950	2075	963984	963863	3.03e-15	86.1
NC_003070.9:22449931-22452006	NC_003075.7	85.185	81	12	0	1	81	6166464	6166384	1.09e-14	84.2
NC_003070.9:22449931-22452006	NC_003075.7	97.619	42	1	0	949	990	14390831	14390790	2.36e-11	73.1
NC_003070.9:22449931-22452006	NC_003075.7	95.349	43	2	0	2033	2075	3359192	3359234	3.05e-10	69.4
NC_003070.9:22449931-22452006	NC_003074.8	96.540	2081	59	5	1	2076	17277814	17275742	0.0	3432
NC_003070.9:22449931-22452006	NC_003074.8	94.524	2082	72	12	1	2076	22118613	22120658	0.0	3175
NC_003070.9:22449931-22452006	NC_003074.8	92.991	2083	104	21	1	2075	20786399	20788447	0.0	3000
NC_003070.9:22449931-22452006	NC_003074.8	92.517	2098	124	16	1	2076	15937286	15939372	0.0	2974
NC_003070.9:22449931-22452006	NC_003074.8	92.561	2097	99	26	1	2053	10821446	10819363	0.0	2955
NC_003070.9:22449931-22452006	NC_003074.8	92.193	2075	98	27	1	2052	11535844	11537877	0.0	2876
NC_003070.9:22449931-22452006	NC_003074.8	91.893	2097	95	33	1	2075	17144490	17142447	0.0	2861
NC_003070.9:22449931-22452006	NC_003074.8	92.689	1573	72	23	514	2076	16562049	16563588	0.0	2228
NC_003070.9:22449931-22452006	NC_003074.8	92.560	1465	74	17	1	1458	5745923	5744487	0.0	2069
NC_003070.9:22449931-22452006	NC_003074.8	93.279	1354	61	11	1	1339	17301278	17299940	0.0	1969
NC_003070.9:22449931-22452006	NC_003074.8	91.517	1391	65	19	690	2076	15452795	15451454	0.0	1866
NC_003070.9:22449931-22452006	NC_003074.8	92.615	1151	65	9	937	2073	17730086	17731230	0.0	1637
NC_003070.9:22449931-22452006	NC_003074.8	91.869	1156	73	10	937	2076	17776916	17778066	0.0	1594
NC_003070.9:22449931-22452006	NC_003074.8	91.909	1137	64	17	949	2075	9767475	9766357	0.0	1565
NC_003070.9:22449931-22452006	NC_003074.8	91.026	1170	65	17	937	2073	16419290	16420452	0.0	1543
NC_003070.9:22449931-22452006	NC_003074.8	92.864	1009	50	8	1073	2075	16451588	16452580	0.0	1445
NC_003070.9:22449931-22452006	NC_003074.8	92.972	996	51	5	1086	2075	17062368	17061386	0.0	1434
NC_003070.9:22449931-22452006	NC_003074.8	91.876	997	49	10	1086	2075	7995800	7994829	0.0	1363
NC_003070.9:22449931-22452006	NC_003074.8	95.567	812	27	3	4	815	9386343	9385541	0.0	1291
NC_003070.9:22449931-22452006	NC_003074.8	92.308	923	44	10	937	1846	11503615	11502707	0.0	1286
NC_003070.9:22449931-22452006	NC_003074.8	94.817	791	39	2	1287	2075	18412509	18413299	0.0	1232
NC_003070.9:22449931-22452006	NC_003074.8	94.017	819	37	6	1	818	16450786	16451593	0.0	1230
NC_003070.9:22449931-22452006	NC_003074.8	94.192	792	43	3	1287	2075	18019136	18019927	0.0	1205
NC_003070.9:22449931-22452006	NC_003074.8	93.955	794	41	7	1287	2075	13327791	13328582	0.0	1194
NC_003070.9:22449931-22452006	NC_003074.8	92.686	793	53	5	1287	2076	3965358	3966148	0.0	1138
NC_003070.9:22449931-22452006	NC_003074.8	93.943	743	42	3	1335	2076	10556871	10556131	0.0	1120
NC_003070.9:22449931-22452006	NC_003074.8	90.931	849	36	10	1	831	17063229	17062404	0.0	1103
NC_003070.9:22449931-22452006	NC_003074.8	92.338	770	40	3	1308	2076	15485279	15484528	0.0	1077
NC_003070.9:22449931-22452006	NC_003074.8	93.011	744	40	8	1335	2076	10575083	10574350	0.0	1075
NC_003070.9:22449931-22452006	NC_003074.8	96.955	624	13	4	796	1413	9385005	9384382	0.0	1042
NC_003070.9:22449931-22452006	NC_003074.8	93.484	706	32	6	1002	1694	10320599	10321303	0.0	1037
NC_003070.9:22449931-22452006	NC_003074.8	96.452	620	17	3	1458	2076	9384380	9383765	0.0	1018
NC_003070.9:22449931-22452006	NC_003074.8	88.517	836	56	24	1	831	7996636	7995836	0.0	976
NC_003070.9:22449931-22452006	NC_003074.8	93.837	649	35	5	1429	2076	5744486	5743842	0.0	972
NC_003070.9:22449931-22452006	NC_003074.8	87.962	839	60	21	141	948	9890146	9890974	0.0	952
NC_003070.9:22449931-22452006	NC_003074.8	88.586	806	55	15	168	952	18746356	18747145	0.0	944
NC_003070.9:22449931-22452006	NC_003074.8	89.861	720	42	10	235	935	16879943	16880650	0.0	896
NC_003070.9:22449931-22452006	NC_003074.8	89.708	719	38	14	235	935	5622169	5622869	0.0	885
NC_003070.9:22449931-22452006	NC_003074.8	89.241	725	47	10	235	941	9559544	9558833	0.0	878
NC_003070.9:22449931-22452006	NC_003074.8	89.133	727	42	15	235	941	20485002	20484293	0.0	870
NC_003070.9:22449931-22452006	NC_003074.8	88.430	726	50	17	235	941	2629888	2629178	0.0	845
NC_003070.9:22449931-22452006	NC_003074.8	86.835	752	50	21	226	952	16173067	16172340	0.0	795
NC_003070.9:22449931-22452006	NC_003074.8	86.810	743	57	13	235	948	3716481	3717211	0.0	791
NC_003070.9:22449931-22452006	NC_003074.8	92.336	535	27	8	937	1459	11967799	11968331	0.0	749
NC_003070.9:22449931-22452006	NC_003074.8	86.226	726	53	19	235	941	1371038	1370341	0.0	743
NC_003070.9:22449931-22452006	NC_003074.8	94.390	410	19	3	1	409	16561654	16562060	4.01e-178	627
NC_003070.9:22449931-22452006	NC_003074.8	93.590	312	9	4	949	1249	15485591	15485280	2.00e-126	455
NC_003070.9:22449931-22452006	NC_003074.8	93.069	303	20	1	1287	1589	17299583	17299282	1.56e-122	442
NC_003070.9:22449931-22452006	NC_003074.8	93.471	291	16	3	235	525	10862540	10862827	1.21e-118	429
NC_003070.9:22449931-22452006	NC_003074.8	93.403	288	18	1	1790	2076	11968331	11968618	1.57e-117	425
NC_003070.9:22449931-22452006	NC_003074.8	92.157	306	14	3	949	1244	10557188	10556883	5.65e-117	424
NC_003070.9:22449931-22452006	NC_003074.8	90.823	316	18	4	949	1254	10575400	10575086	1.22e-113	412
NC_003070.9:22449931-22452006	NC_003074.8	85.012	427	34	11	541	948	10404825	10405240	5.69e-112	407
NC_003070.9:22449931-22452006	NC_003074.8	90.244	287	19	8	241	526	20487006	20486728	9.65e-100	366
NC_003070.9:22449931-22452006	NC_003074.8	93.805	226	14	0	1811	2036	11200951	11201176	5.85e-92	340
NC_003070.9:22449931-22452006	NC_003074.8	90.038	261	20	6	1	256	3716342	3716601	9.79e-90	333
NC_003070.9:22449931-22452006	NC_003074.8	89.286	252	16	2	1835	2075	8757570	8757821	2.13e-81	305
NC_003070.9:22449931-22452006	NC_003074.8	84.722	288	14	5	1287	1574	1571723	1571980	4.69e-68	261
NC_003070.9:22449931-22452006	NC_003074.8	90.500	200	10	4	937	1127	1571511	1571710	2.18e-66	255
NC_003070.9:22449931-22452006	NC_003074.8	90.500	200	9	3	937	1127	13327580	13327778	2.18e-66	255
NC_003070.9:22449931-22452006	NC_003074.8	91.489	188	6	3	949	1127	17299782	17299596	1.01e-64	250
NC_003070.9:22449931-22452006	NC_003074.8	89.286	196	11	3	937	1122	3965147	3965342	7.90e-61	237
NC_003070.9:22449931-22452006	NC_003074.8	89.000	200	11	4	937	1127	18412299	18412496	7.90e-61	237
NC_003070.9:22449931-22452006	NC_003074.8	88.557	201	12	4	937	1128	18018926	18019124	1.02e-59	233
NC_003070.9:22449931-22452006	NC_003074.8	82.479	234	31	6	1846	2076	1571901	1572127	1.34e-48	196
NC_003070.9:22449931-22452006	NC_003074.8	93.651	126	6	2	1953	2076	17299274	17299149	8.07e-46	187
NC_003070.9:22449931-22452006	NC_003074.8	94.118	119	4	3	1960	2076	10321325	10321442	4.85e-43	178
NC_003070.9:22449931-22452006	NC_003074.8	87.023	131	13	4	1950	2076	11132616	11132746	4.92e-33	145
NC_003070.9:22449931-22452006	NC_003074.8	85.156	128	15	4	1952	2075	8645212	8645339	4.96e-28	128
NC_003070.9:22449931-22452006	NC_003074.8	83.704	135	14	8	1950	2076	16234793	16234659	8.30e-26	121
NC_003070.9:22449931-22452006	NC_003074.8	83.077	130	18	4	1950	2075	6729054	6728925	3.86e-24	115
NC_003070.9:22449931-22452006	NC_003074.8	83.721	129	12	5	1950	2076	10681512	10681391	1.39e-23	113
NC_003070.9:22449931-22452006	NC_003074.8	91.463	82	5	2	1	81	18018781	18018861	4.99e-23	111
NC_003070.9:22449931-22452006	NC_003074.8	91.358	81	5	2	2	81	17299939	17299860	1.80e-22	110
NC_003070.9:22449931-22452006	NC_003074.8	90.123	81	8	0	1	81	13327434	13327514	2.32e-21	106
NC_003070.9:22449931-22452006	NC_003074.8	90.123	81	8	0	1	81	17729940	17730020	2.32e-21	106
NC_003070.9:22449931-22452006	NC_003074.8	90.123	81	8	0	1	81	18412154	18412234	2.32e-21	106
NC_003070.9:22449931-22452006	NC_003074.8	85.294	102	12	3	1	101	9767629	9767530	3.01e-20	102
NC_003070.9:22449931-22452006	NC_003074.8	88.235	85	9	1	1	85	16419144	16419227	1.08e-19	100
NC_003070.9:22449931-22452006	NC_003074.8	93.750	64	4	0	1	64	10557346	10557283	1.40e-18	97.1
NC_003070.9:22449931-22452006	NC_003074.8	87.654	81	10	0	1	81	11503761	11503681	5.03e-18	95.3
NC_003070.9:22449931-22452006	NC_003074.8	100.000	34	0	0	832	865	9385190	9385223	1.42e-08	63.9
NC_003070.9:22449931-22452006	NC_003074.8	100.000	29	0	0	2047	2075	4274958	4274930	8.54e-06	54.7
NC_003070.9:22449931-22452006	NC_003076.8	96.370	2066	60	7	18	2076	17775746	17777803	0.0	3386
NC_003070.9:22449931-22452006	NC_003076.8	96.156	2081	63	9	1	2075	16356475	16358544	0.0	3384
NC_003070.9:22449931-22452006	NC_003076.8	94.772	2085	87	15	1	2076	9965017	9962946	0.0	3227
NC_003070.9:22449931-22452006	NC_003076.8	94.168	2092	90	18	1	2075	8746701	8744625	0.0	3158
NC_003070.9:22449931-22452006	NC_003076.8	93.624	2086	109	17	1	2075	14082835	14080763	0.0	3094
NC_003070.9:22449931-22452006	NC_003076.8	93.522	2084	112	15	1	2075	1898645	1896576	0.0	3079
NC_003070.9:22449931-22452006	NC_003076.8	93.074	2108	98	19	1	2076	20682406	20680315	0.0	3040
NC_003070.9:22449931-22452006	NC_003076.8	92.932	2108	103	16	1	2075	8765709	8767803	0.0	3025
NC_003070.9:22449931-22452006	NC_003076.8	92.898	2112	102	17	1	2076	17365025	17367124	0.0	3025
NC_003070.9:22449931-22452006	NC_003076.8	92.726	2117	100	16	2	2075	5430061	5427956	0.0	3007
NC_003070.9:22449931-22452006	NC_003076.8	92.381	2113	113	14	1	2075	19742617	19740515	0.0	2966
NC_003070.9:22449931-22452006	NC_003076.8	92.267	2095	109	26	16	2076	24187899	24185824	0.0	2922
NC_003070.9:22449931-22452006	NC_003076.8	92.346	1999	103	15	1	1967	14151294	14149314	0.0	2798
NC_003070.9:22449931-22452006	NC_003076.8	93.353	1354	59	12	1	1339	20281984	20280647	0.0	1973
NC_003070.9:22449931-22452006	NC_003076.8	92.905	1353	67	10	1	1339	9590410	9591747	0.0	1940
NC_003070.9:22449931-22452006	NC_003076.8	92.451	1338	62	21	1	1314	9559507	9558185	0.0	1875
NC_003070.9:22449931-22452006	NC_003076.8	95.516	1115	38	6	1	1112	15606601	15605496	0.0	1772
NC_003070.9:22449931-22452006	NC_003076.8	92.199	1269	57	20	1	1249	4782228	4780982	0.0	1757
NC_003070.9:22449931-22452006	NC_003076.8	93.289	1192	53	13	140	1316	4312671	4313850	0.0	1733
NC_003070.9:22449931-22452006	NC_003076.8	93.755	1153	56	6	937	2076	15043282	15042133	0.0	1716
NC_003070.9:22449931-22452006	NC_003076.8	93.166	1156	51	9	949	2076	22232106	22230951	0.0	1672
NC_003070.9:22449931-22452006	NC_003076.8	92.919	1158	62	10	937	2076	24476445	24475290	0.0	1666
NC_003070.9:22449931-22452006	NC_003076.8	94.470	1085	40	7	52	1125	17618634	17617559	0.0	1653
NC_003070.9:22449931-22452006	NC_003076.8	92.679	1120	59	12	937	2036	5977907	5976791	0.0	1592
NC_003070.9:22449931-22452006	NC_003076.8	91.674	1165	70	12	937	2075	8354364	8353201	0.0	1589
NC_003070.9:22449931-22452006	NC_003076.8	90.460	1195	58	13	1	1163	11025336	11026506	0.0	1524
NC_003070.9:22449931-22452006	NC_003076.8	94.383	997	48	5	1056	2046	18854895	18855889	0.0	1524
NC_003070.9:22449931-22452006	NC_003076.8	93.781	997	53	6	1084	2075	4313874	4314866	0.0	1489
NC_003070.9:22449931-22452006	NC_003076.8	94.264	924	46	5	1157	2076	11026977	11027897	0.0	1406
NC_003070.9:22449931-22452006	NC_003076.8	93.291	954	35	10	1	935	18853952	18854895	0.0	1380
NC_003070.9:22449931-22452006	NC_003076.8	90.963	1018	49	10	1063	2075	21530929	21531908	0.0	1330
NC_003070.9:22449931-22452006	NC_003076.8	95.375	800	33	4	1278	2075	15605466	15604669	0.0	1269
NC_003070.9:22449931-22452006	NC_003076.8	92.362	851	34	9	1	831	21530089	21530928	0.0	1182
NC_003070.9:22449931-22452006	NC_003076.8	90.408	907	44	18	942	1834	10714575	10715452	0.0	1153
NC_003070.9:22449931-22452006	NC_003076.8	93.385	771	48	2	1308	2075	4780980	4780210	0.0	1138
NC_003070.9:22449931-22452006	NC_003076.8	94.760	668	30	5	1	666	7154439	7153775	0.0	1035
NC_003070.9:22449931-22452006	NC_003076.8	86.708	963	72	28	1	930	9612591	9613530	0.0	1018
NC_003070.9:22449931-22452006	NC_003076.8	95.439	592	25	2	1486	2075	7153775	7153184	0.0	942
NC_003070.9:22449931-22452006	NC_003076.8	90.139	720	38	11	235	935	8683118	8683823	0.0	905
NC_003070.9:22449931-22452006	NC_003076.8	93.677	601	36	2	1477	2076	25905017	25905616	0.0	898
NC_003070.9:22449931-22452006	NC_003076.8	89.241	725	48	10	235	941	7711270	7711982	0.0	880
NC_003070.9:22449931-22452006	NC_003076.8	89.013	719	48	10	235	935	14761045	14760340	0.0	861
NC_003070.9:22449931-22452006	NC_003076.8	88.414	725	50	13	237	941	15342559	15341849	0.0	843
NC_003070.9:22449931-22452006	NC_003076.8	87.363	728	57	13	235	941	13918658	13917945	0.0	802
NC_003070.9:22449931-22452006	NC_003076.8	87.465	718	47	16	246	941	354275	354971	0.0	787
NC_003070.9:22449931-22452006	NC_003076.8	92.391	552	29	4	951	1490	15577265	15576715	0.0	774
NC_003070.9:22449931-22452006	NC_003076.8	88.344	652	46	9	235	868	5129697	5129058	0.0	756
NC_003070.9:22449931-22452006	NC_003076.8	88.190	652	48	8	235	868	19931420	19930780	0.0	750
NC_003070.9:22449931-22452006	NC_003076.8	91.486	552	35	3	951	1490	21776872	21776321	0.0	749
NC_003070.9:22449931-22452006	NC_003076.8	88.626	633	38	12	323	935	19670974	19671592	0.0	739
NC_003070.9:22449931-22452006	NC_003076.8	93.265	490	30	3	1587	2075	15576667	15576180	0.0	719
NC_003070.9:22449931-22452006	NC_003076.8	93.265	490	29	4	1587	2075	21776273	21775787	0.0	719
NC_003070.9:22449931-22452006	NC_003076.8	97.761	402	7	2	1676	2076	17796537	17796137	0.0	691
NC_003070.9:22449931-22452006	NC_003076.8	92.986	442	23	4	1635	2075	9134290	9134724	0.0	638
NC_003070.9:22449931-22452006	NC_003076.8	92.874	421	29	1	1657	2076	21584595	21584175	4.04e-173	610
NC_003070.9:22449931-22452006	NC_003076.8	90.617	373	24	9	1713	2076	25264968	25265338	2.55e-135	484
NC_003070.9:22449931-22452006	NC_003076.8	91.036	357	28	4	1	356	4312436	4312789	1.19e-133	479
NC_003070.9:22449931-22452006	NC_003076.8	90.643	342	27	5	235	575	25264649	25264986	9.32e-125	449
NC_003070.9:22449931-22452006	NC_003076.8	93.092	304	19	2	1287	1589	9592102	9592404	4.34e-123	444
NC_003070.9:22449931-22452006	NC_003076.8	92.409	303	22	1	1287	1589	17617546	17617245	3.38e-119	431
NC_003070.9:22449931-22452006	NC_003076.8	93.403	288	18	1	1287	1574	20280291	20280005	1.57e-117	425
NC_003070.9:22449931-22452006	NC_003076.8	95.257	253	11	1	1	253	17796785	17796534	9.52e-110	399
NC_003070.9:22449931-22452006	NC_003076.8	91.379	290	16	4	642	930	3019805	3019524	2.06e-106	388
NC_003070.9:22449931-22452006	NC_003076.8	92.446	278	12	6	659	935	20398316	20398585	2.06e-106	388
NC_003070.9:22449931-22452006	NC_003076.8	93.860	228	12	2	235	462	3020057	3019832	1.63e-92	342
NC_003070.9:22449931-22452006	NC_003076.8	90.547	201	9	3	937	1128	9134099	9134298	6.06e-67	257
NC_003070.9:22449931-22452006	NC_003076.8	90.769	195	9	2	937	1122	20280501	20280307	2.82e-65	252
NC_003070.9:22449931-22452006	NC_003076.8	90.206	194	10	2	937	1121	9591893	9592086	4.72e-63	244
NC_003070.9:22449931-22452006	NC_003076.8	91.573	178	13	2	1900	2075	10715445	10715622	4.72e-63	244
NC_003070.9:22449931-22452006	NC_003076.8	92.308	130	7	2	235	364	17955694	17955820	3.75e-44	182
NC_003070.9:22449931-22452006	NC_003076.8	93.443	122	7	1	1956	2076	14143814	14143693	1.35e-43	180
NC_003070.9:22449931-22452006	NC_003076.8	91.339	127	11	0	937	1063	25904878	25905004	6.28e-42	174
NC_003070.9:22449931-22452006	NC_003076.8	86.154	130	14	4	1950	2075	17043772	17043901	8.24e-31	137
NC_003070.9:22449931-22452006	NC_003076.8	85.606	132	13	5	1950	2075	22621309	22621178	1.07e-29	134
NC_003070.9:22449931-22452006	NC_003076.8	85.385	130	16	3	1950	2076	26787234	26787105	3.83e-29	132
NC_003070.9:22449931-22452006	NC_003076.8	84.848	132	12	8	1951	2076	9557787	9557658	1.78e-27	126
NC_003070.9:22449931-22452006	NC_003076.8	84.211	133	13	8	1950	2076	14810696	14810826	2.31e-26	122
NC_003070.9:22449931-22452006	NC_003076.8	91.250	80	7	0	2	81	9591748	9591827	1.80e-22	110
NC_003070.9:22449931-22452006	NC_003076.8	90.123	81	8	0	1	81	5978053	5977973	2.32e-21	106
NC_003070.9:22449931-22452006	NC_003076.8	90.000	80	8	0	2	81	20280646	20280567	8.36e-21	104
NC_003070.9:22449931-22452006	NC_003076.8	82.171	129	13	6	1950	2075	10041933	10041812	3.01e-20	102
NC_003070.9:22449931-22452006	NC_003076.8	89.024	82	7	2	1	81	9133953	9134033	1.08e-19	100
NC_003070.9:22449931-22452006	NC_003076.8	87.640	89	8	3	1	89	15043428	15043343	1.08e-19	100
NC_003070.9:22449931-22452006	NC_003076.8	91.803	61	5	0	1	61	10714424	10714484	3.03e-15	86.1
NC_003070.9:22449931-22452006	NC_003076.8	96.000	50	2	0	1518	1567	15576714	15576665	3.92e-14	82.4
NC_003070.9:22449931-22452006	NC_003076.8	83.529	85	12	2	1994	2076	15882683	15882767	5.07e-13	78.7
NC_003070.9:22449931-22452006	NC_003071.7	96.208	1978	60	7	104	2076	396551	394584	0.0	3223
NC_003070.9:22449931-22452006	NC_003071.7	94.583	2086	92	13	1	2075	499985	502060	0.0	3206
NC_003070.9:22449931-22452006	NC_003071.7	93.726	2088	106	14	1	2075	17255233	17253158	0.0	3107
NC_003070.9:22449931-22452006	NC_003071.7	93.801	2081	93	19	1	2073	13908721	13906669	0.0	3096
NC_003070.9:22449931-22452006	NC_003071.7	92.668	2114	103	22	1	2075	12800994	12803094	0.0	2998
NC_003070.9:22449931-22452006	NC_003071.7	92.552	2108	107	17	1	2075	13266915	13269005	0.0	2977
NC_003070.9:22449931-22452006	NC_003071.7	92.271	2109	107	22	1	2075	6925377	6923291	0.0	2940
NC_003070.9:22449931-22452006	NC_003071.7	92.593	2052	102	13	1	2036	12094425	12092408	0.0	2902
NC_003070.9:22449931-22452006	NC_003071.7	93.156	1914	83	17	1	1880	11287161	11285262	0.0	2765
NC_003070.9:22449931-22452006	NC_003071.7	96.676	1384	31	7	1	1379	13338077	13336704	0.0	2287
NC_003070.9:22449931-22452006	NC_003071.7	94.926	1419	44	13	1	1411	707442	708840	0.0	2196
NC_003070.9:22449931-22452006	NC_003071.7	93.118	1148	67	10	937	2075	7814546	7813402	0.0	1672
NC_003070.9:22449931-22452006	NC_003071.7	91.674	1141	78	9	949	2075	7169367	7168230	0.0	1565
NC_003070.9:22449931-22452006	NC_003071.7	93.564	1041	56	5	1	1039	7154736	7153705	0.0	1541
NC_003070.9:22449931-22452006	NC_003071.7	93.854	1025	51	10	1060	2076	6663102	6664122	0.0	1533
NC_003070.9:22449931-22452006	NC_003071.7	96.599	882	25	3	1198	2075	13336704	13335824	0.0	1458
NC_003070.9:22449931-22452006	NC_003071.7	92.666	1009	50	8	1078	2076	543172	544166	0.0	1432
NC_003070.9:22449931-22452006	NC_003071.7	93.548	961	54	6	1106	2062	6803425	6804381	0.0	1424
NC_003070.9:22449931-22452006	NC_003071.7	92.798	972	51	12	1083	2049	14334657	14335614	0.0	1389
NC_003070.9:22449931-22452006	NC_003071.7	92.865	869	45	10	1220	2076	7960700	7961563	0.0	1245
NC_003070.9:22449931-22452006	NC_003071.7	94.697	792	38	4	1287	2076	7112140	7112929	0.0	1227
NC_003070.9:22449931-22452006	NC_003071.7	94.058	791	43	4	1287	2075	6101020	6100232	0.0	1197
NC_003070.9:22449931-22452006	NC_003071.7	91.011	890	46	13	1	867	14333785	14334663	0.0	1170
NC_003070.9:22449931-22452006	NC_003071.7	90.973	853	42	12	1	831	542308	543147	0.0	1116
NC_003070.9:22449931-22452006	NC_003071.7	95.401	674	27	3	1402	2073	709400	710071	0.0	1070
NC_003070.9:22449931-22452006	NC_003071.7	92.160	727	49	7	1352	2075	3213046	3212325	0.0	1020
NC_003070.9:22449931-22452006	NC_003071.7	90.069	725	42	9	235	941	12556068	12555356	0.0	913
NC_003070.9:22449931-22452006	NC_003071.7	89.444	720	44	11	235	935	1460787	1460081	0.0	880
NC_003070.9:22449931-22452006	NC_003071.7	89.496	714	44	12	246	941	5466870	5466170	0.0	874
NC_003070.9:22449931-22452006	NC_003071.7	89.828	698	39	11	241	919	10468943	10468259	0.0	867
NC_003070.9:22449931-22452006	NC_003071.7	88.650	652	45	8	235	868	19196619	19195979	0.0	767
NC_003070.9:22449931-22452006	NC_003071.7	89.310	580	33	9	235	798	6099666	6100232	0.0	701
NC_003070.9:22449931-22452006	NC_003071.7	86.983	653	46	26	231	876	11399241	11398621	0.0	699
NC_003070.9:22449931-22452006	NC_003071.7	93.668	458	27	2	1477	1933	3564666	3565122	0.0	684
NC_003070.9:22449931-22452006	NC_003071.7	94.792	288	14	1	1287	1574	4024558	4024844	3.35e-124	448
NC_003070.9:22449931-22452006	NC_003071.7	92.434	304	21	2	1287	1589	980261	979959	9.38e-120	433
NC_003070.9:22449931-22452006	NC_003071.7	93.725	255	15	1	1792	2045	3565124	3565378	3.45e-104	381
NC_003070.9:22449931-22452006	NC_003071.7	91.071	280	24	1	1797	2075	2962573	2962294	4.46e-103	377
NC_003070.9:22449931-22452006	NC_003071.7	92.339	248	14	4	235	480	5843836	5843592	3.50e-94	348
NC_003070.9:22449931-22452006	NC_003071.7	92.478	226	15	2	237	462	6383918	6383695	2.12e-86	322
NC_003070.9:22449931-22452006	NC_003071.7	90.323	248	16	7	13	256	5843961	5843718	2.74e-85	318
NC_003070.9:22449931-22452006	NC_003071.7	91.845	233	9	3	959	1182	7959959	7960190	9.86e-85	316
NC_003070.9:22449931-22452006	NC_003071.7	87.008	254	17	10	5	254	10469076	10468835	2.16e-71	272
NC_003070.9:22449931-22452006	NC_003071.7	90.500	200	9	3	937	1127	4024347	4024545	2.18e-66	255
NC_003070.9:22449931-22452006	NC_003071.7	90.816	196	9	3	937	1123	7111929	7112124	7.84e-66	254
NC_003070.9:22449931-22452006	NC_003071.7	91.304	184	6	3	954	1128	6101214	6101032	1.70e-62	243
NC_003070.9:22449931-22452006	NC_003071.7	89.744	195	11	2	937	1122	980471	980277	6.10e-62	241
NC_003070.9:22449931-22452006	NC_003071.7	93.711	159	9	1	1918	2075	11285273	11285115	7.90e-61	237
NC_003070.9:22449931-22452006	NC_003071.7	92.208	154	8	4	785	935	6101360	6101512	3.70e-54	215
NC_003070.9:22449931-22452006	NC_003071.7	81.092	238	33	8	1843	2076	4024762	4024991	1.35e-43	180
NC_003070.9:22449931-22452006	NC_003071.7	90.551	127	12	0	937	1063	3564527	3564653	2.92e-40	169
NC_003070.9:22449931-22452006	NC_003071.7	88.889	135	11	4	949	1082	3213196	3213065	1.36e-38	163
NC_003070.9:22449931-22452006	NC_003071.7	90.678	118	11	0	937	1054	6661107	6661224	6.32e-37	158
NC_003070.9:22449931-22452006	NC_003071.7	86.923	130	12	5	1950	2075	1038177	1038049	6.37e-32	141
NC_003070.9:22449931-22452006	NC_003071.7	86.822	129	14	3	1950	2075	13102232	13102360	6.37e-32	141
NC_003070.9:22449931-22452006	NC_003071.7	85.385	130	15	4	1950	2075	19623517	19623646	3.83e-29	132
NC_003070.9:22449931-22452006	NC_003071.7	84.615	130	16	4	1950	2075	6206724	6206595	1.78e-27	126
NC_003070.9:22449931-22452006	NC_003071.7	84.733	131	11	8	1953	2076	2139258	2139386	2.31e-26	122
NC_003070.9:22449931-22452006	NC_003071.7	83.088	136	13	8	1950	2076	15134639	15134773	3.86e-24	115
NC_003070.9:22449931-22452006	NC_003071.7	90.123	81	8	0	1	81	3213354	3213274	2.32e-21	106
NC_003070.9:22449931-22452006	NC_003071.7	86.598	97	8	5	1	95	2962805	2962712	3.01e-20	102
NC_003070.9:22449931-22452006	NC_003071.7	81.679	131	16	7	1950	2075	7340815	7340942	3.01e-20	102
NC_003070.9:22449931-22452006	NC_003071.7	88.889	81	9	0	1	81	4024201	4024281	1.08e-19	100
NC_003070.9:22449931-22452006	NC_003071.7	89.744	78	6	2	1	77	7169524	7169448	3.89e-19	99.0
NC_003070.9:22449931-22452006	NC_003071.7	81.538	130	14	6	1950	2076	8907875	8907997	3.89e-19	99.0
NC_003070.9:22449931-22452006	NC_003071.7	86.747	83	7	3	1996	2076	9585276	9585356	2.34e-16	89.8
NC_003070.9:22449931-22452006	NC_003071.7	89.362	47	5	0	2029	2075	7177636	7177590	1.83e-07	60.2
NC_003070.9:22620590-22622337	NC_003070.9	100.000	1748	0	0	1	1748	22622337	22620590	0.0	3229
NC_003070.9:22620590-22622337	NC_003070.9	98.085	1253	21	3	496	1748	12329176	12327927	0.0	2178
NC_003070.9:22620590-22622337	NC_003070.9	97.127	1253	35	1	496	1748	22993183	22991932	0.0	2113
NC_003070.9:22620590-22622337	NC_003070.9	96.890	1254	36	3	496	1748	30252229	30250978	0.0	2097
NC_003070.9:22620590-22622337	NC_003070.9	94.807	597	30	1	1004	1600	23876173	23876768	0.0	929
NC_003070.9:22620590-22622337	NC_003070.9	97.684	475	10	1	26	500	12330059	12329586	0.0	815
NC_003070.9:22620590-22622337	NC_003070.9	96.596	470	15	1	32	500	30253108	30252639	0.0	778
NC_003070.9:22620590-22622337	NC_003070.9	96.588	469	15	1	33	500	9816210	9816678	0.0	776
NC_003070.9:22620590-22622337	NC_003070.9	95.992	474	16	3	29	500	12364131	12364603	0.0	767
NC_003070.9:22620590-22622337	NC_003070.9	96.162	469	17	1	33	500	19995734	19995266	0.0	765
NC_003070.9:22620590-22622337	NC_003070.9	95.579	475	19	2	27	500	11699691	11700164	0.0	760
NC_003070.9:22620590-22622337	NC_003070.9	95.957	470	15	4	33	500	22994060	22993593	0.0	760
NC_003070.9:22620590-22622337	NC_003070.9	95.745	470	16	4	33	500	23213666	23214133	0.0	754
NC_003070.9:22620590-22622337	NC_003070.9	95.541	471	18	3	33	500	11737393	11736923	0.0	750
NC_003070.9:22620590-22622337	NC_003070.9	93.825	502	26	5	1	500	16824486	16824984	0.0	750
NC_003070.9:22620590-22622337	NC_003070.9	95.522	469	19	2	33	500	8114770	8115237	0.0	749
NC_003070.9:22620590-22622337	NC_003070.9	95.522	469	20	1	33	500	13058823	13059291	0.0	749
NC_003070.9:22620590-22622337	NC_003070.9	95.117	471	20	3	32	500	19061964	19062433	0.0	739
NC_003070.9:22620590-22622337	NC_003070.9	95.117	471	18	5	33	500	19466949	19466481	0.0	737
NC_003070.9:22620590-22622337	NC_003070.9	95.455	462	20	1	32	492	15939322	15939783	0.0	736
NC_003070.9:22620590-22622337	NC_003070.9	94.883	469	22	2	33	500	12564081	12563614	0.0	732
NC_003070.9:22620590-22622337	NC_003070.9	94.681	470	21	4	33	500	16325444	16325911	0.0	726
NC_003070.9:22620590-22622337	NC_003070.9	94.492	472	21	5	32	500	7035190	7035659	0.0	723
NC_003070.9:22620590-22622337	NC_003070.9	94.468	470	24	2	33	500	26171480	26171011	0.0	723
NC_003070.9:22620590-22622337	NC_003070.9	94.055	471	25	3	32	500	22449930	22450399	0.0	712
NC_003070.9:22620590-22622337	NC_003070.9	94.231	468	19	4	496	957	9817088	9817553	0.0	708
NC_003070.9:22620590-22622337	NC_003070.9	93.390	469	28	2	33	500	17899863	17900329	0.0	691
NC_003070.9:22620590-22622337	NC_003070.9	93.750	464	21	4	496	953	26170584	26170123	0.0	689
NC_003070.9:22620590-22622337	NC_003070.9	93.576	467	21	3	496	957	30254630	30254168	0.0	688
NC_003070.9:22620590-22622337	NC_003070.9	93.860	456	26	2	46	500	30255510	30255056	0.0	686
NC_003070.9:22620590-22622337	NC_003070.9	93.162	468	24	4	496	957	7036085	7036550	0.0	680
NC_003070.9:22620590-22622337	NC_003070.9	93.696	460	20	4	42	500	19329251	19328800	0.0	680
NC_003070.9:22620590-22622337	NC_003070.9	93.376	468	14	5	496	957	16904670	16905126	0.0	676
NC_003070.9:22620590-22622337	NC_003070.9	93.290	462	22	5	496	951	13059700	13060158	0.0	673
NC_003070.9:22620590-22622337	NC_003070.9	91.915	470	28	5	496	957	17900756	17901223	0.0	649
NC_003070.9:22620590-22622337	NC_003070.9	92.111	469	22	4	33	500	501372	500918	0.0	647
NC_003070.9:22620590-22622337	NC_003070.9	94.550	422	18	4	23	440	18790914	18791334	0.0	647
NC_003070.9:22620590-22622337	NC_003070.9	91.915	470	23	5	33	500	9867414	9866958	0.0	643
NC_003070.9:22620590-22622337	NC_003070.9	91.880	468	22	5	496	957	8115647	8116104	0.0	640
NC_003070.9:22620590-22622337	NC_003070.9	91.667	468	25	2	33	500	4785461	4785914	0.0	636
NC_003070.9:22620590-22622337	NC_003070.9	91.863	467	20	6	496	957	15939988	15940441	0.0	636
NC_003070.9:22620590-22622337	NC_003070.9	91.295	471	29	6	496	957	9866531	9866064	7.24e-180	632
NC_003070.9:22620590-22622337	NC_003070.9	91.164	464	27	3	496	953	500507	500052	2.03e-175	617
NC_003070.9:22620590-22622337	NC_003070.9	90.812	468	27	5	496	957	13017030	13016573	9.43e-174	612
NC_003070.9:22620590-22622337	NC_003070.9	90.792	467	25	5	496	957	22450816	22451269	1.22e-172	608
NC_003070.9:22620590-22622337	NC_003070.9	93.827	405	16	4	559	957	12876772	12876371	2.04e-170	601
NC_003070.9:22620590-22622337	NC_003070.9	90.598	468	23	6	33	500	16903800	16904246	2.04e-170	601
NC_003070.9:22620590-22622337	NC_003070.9	92.584	418	21	4	546	957	16998398	16997985	1.23e-167	592
NC_003070.9:22620590-22622337	NC_003070.9	91.784	426	20	4	537	957	19994831	19994416	9.57e-164	579
NC_003070.9:22620590-22622337	NC_003070.9	91.549	426	21	4	537	957	11736488	11736073	4.45e-162	573
NC_003070.9:22620590-22622337	NC_003070.9	88.477	486	37	10	30	500	16806985	16807466	5.76e-161	569
NC_003070.9:22620590-22622337	NC_003070.9	87.354	514	42	10	1104	1603	19063589	19064093	2.07e-160	568
NC_003070.9:22620590-22622337	NC_003070.9	92.732	399	13	5	566	957	11700603	11700992	9.63e-159	562
NC_003070.9:22620590-22622337	NC_003070.9	91.605	405	25	5	559	957	28161194	28161595	2.09e-155	551
NC_003070.9:22620590-22622337	NC_003070.9	88.889	468	18	11	496	957	18791688	18792127	9.70e-154	545
NC_003070.9:22620590-22622337	NC_003070.9	87.295	488	41	14	26	500	16806142	16806621	1.62e-151	538
NC_003070.9:22620590-22622337	NC_003070.9	91.624	394	23	4	566	953	3413718	3414107	5.84e-151	536
NC_003070.9:22620590-22622337	NC_003070.9	87.318	481	38	15	33	500	13262203	13261733	9.77e-149	529
NC_003070.9:22620590-22622337	NC_003070.9	92.021	376	23	3	496	865	19328374	19328000	1.64e-146	521
NC_003070.9:22620590-22622337	NC_003070.9	93.548	341	22	0	960	1300	3413556	3413896	1.27e-142	508
NC_003070.9:22620590-22622337	NC_003070.9	93.275	342	20	2	960	1300	12876925	12876586	2.13e-140	501
NC_003070.9:22620590-22622337	NC_003070.9	92.941	340	21	3	960	1297	28161037	28161375	1.28e-137	492
NC_003070.9:22620590-22622337	NC_003070.9	95.904	293	9	2	1313	1603	16998037	16997746	1.67e-131	472
NC_003070.9:22620590-22622337	NC_003070.9	95.563	293	10	2	1313	1603	30254220	30253929	7.77e-130	466
NC_003070.9:22620590-22622337	NC_003070.9	94.898	294	11	2	1313	1603	12876423	12876131	4.68e-127	457
NC_003070.9:22620590-22622337	NC_003070.9	94.863	292	13	2	1313	1603	8116052	8116342	1.68e-126	455
NC_003070.9:22620590-22622337	NC_003070.9	94.863	292	13	2	1313	1603	12365214	12365504	1.68e-126	455
NC_003070.9:22620590-22622337	NC_003070.9	94.863	292	13	2	1313	1603	13016625	13016335	1.68e-126	455
NC_003070.9:22620590-22622337	NC_003070.9	94.845	291	13	2	1313	1602	3414058	3414347	6.05e-126	453
NC_003070.9:22620590-22622337	NC_003070.9	94.863	292	12	3	1313	1603	15940389	15940678	6.05e-126	453
NC_003070.9:22620590-22622337	NC_003070.9	94.521	292	14	2	1313	1603	16326523	16326813	7.83e-125	449
NC_003070.9:22620590-22622337	NC_003070.9	94.521	292	14	2	1313	1603	19465868	19465578	7.83e-125	449
NC_003070.9:22620590-22622337	NC_003070.9	94.521	292	13	3	1313	1603	19768779	19768490	2.81e-124	448
NC_003070.9:22620590-22622337	NC_003070.9	94.483	290	14	2	1315	1603	23214744	23215032	1.01e-123	446
NC_003070.9:22620590-22622337	NC_003070.9	94.178	292	15	2	1313	1603	11700940	11701230	3.64e-123	444
NC_003070.9:22620590-22622337	NC_003070.9	94.464	289	12	4	1313	1600	12563003	12562718	1.31e-122	442
NC_003070.9:22620590-22622337	NC_003070.9	93.836	292	16	2	1313	1603	4786465	4786755	1.69e-121	438
NC_003070.9:22620590-22622337	NC_003070.9	93.836	292	16	2	1313	1603	19994468	19994178	1.69e-121	438
NC_003070.9:22620590-22622337	NC_003070.9	93.493	292	17	2	1313	1603	16905074	16905364	7.88e-120	433
NC_003070.9:22620590-22622337	NC_003070.9	93.793	290	15	3	1313	1600	18792075	18792363	7.88e-120	433
NC_003070.9:22620590-22622337	NC_003070.9	93.493	292	17	2	1313	1603	22451217	22451507	7.88e-120	433
NC_003070.9:22620590-22622337	NC_003070.9	93.220	295	15	2	1313	1603	7036498	7036791	1.02e-118	429
NC_003070.9:22620590-22622337	NC_003070.9	93.151	292	18	2	1313	1603	16825594	16825884	3.67e-118	427
NC_003070.9:22620590-22622337	NC_003070.9	91.935	310	17	4	651	953	19769039	19768731	3.67e-118	427
NC_003070.9:22620590-22622337	NC_003070.9	92.833	293	17	3	1313	1603	13060111	13060401	1.71e-116	422
NC_003070.9:22620590-22622337	NC_003070.9	92.281	285	18	4	1333	1616	19328001	19327720	2.22e-110	401
NC_003070.9:22620590-22622337	NC_003070.9	94.531	256	12	2	31	285	23554441	23554187	3.72e-108	394
NC_003070.9:22620590-22622337	NC_003070.9	94.531	256	12	2	33	287	25963257	25963003	3.72e-108	394
NC_003070.9:22620590-22622337	NC_003070.9	90.228	307	13	8	1313	1603	11736125	11735820	2.24e-105	385
NC_003070.9:22620590-22622337	NC_003070.9	91.096	292	15	6	1313	1603	28161544	28161825	2.24e-105	385
NC_003070.9:22620590-22622337	NC_003070.9	95.436	241	10	1	33	273	3910601	3910362	8.05e-105	383
NC_003070.9:22620590-22622337	NC_003070.9	91.065	291	13	3	1313	1603	26170172	26169895	2.90e-104	381
NC_003070.9:22620590-22622337	NC_003070.9	93.103	261	9	5	704	957	16825388	16825646	4.85e-102	374
NC_003070.9:22620590-22622337	NC_003070.9	92.969	256	11	3	707	957	12563204	12562951	8.11e-100	366
NC_003070.9:22620590-22622337	NC_003070.9	92.308	260	12	4	704	957	12365009	12365266	1.05e-98	363
NC_003070.9:22620590-22622337	NC_003070.9	91.729	266	12	5	698	957	4786256	4786517	3.77e-98	361
NC_003070.9:22620590-22622337	NC_003070.9	91.729	266	12	5	699	957	23214532	23214794	3.77e-98	361
NC_003070.9:22620590-22622337	NC_003070.9	91.954	261	12	5	704	957	19466074	19465816	4.88e-97	357
NC_003070.9:22620590-22622337	NC_003070.9	94.043	235	11	3	267	500	14299705	14299473	6.31e-96	353
NC_003070.9:22620590-22622337	NC_003070.9	91.045	268	12	7	699	957	16326311	16326575	2.27e-95	351
NC_003070.9:22620590-22622337	NC_003070.9	95.067	223	10	1	278	500	19085234	19085455	8.17e-95	350
NC_003070.9:22620590-22622337	NC_003070.9	93.590	234	14	1	267	500	2235029	2234797	2.94e-94	348
NC_003070.9:22620590-22622337	NC_003070.9	93.162	234	15	1	267	500	3074585	3074353	1.37e-92	342
NC_003070.9:22620590-22622337	NC_003070.9	91.373	255	12	2	33	287	8490194	8489950	4.91e-92	340
NC_003070.9:22620590-22622337	NC_003070.9	92.766	235	15	2	267	500	1977027	1976794	1.77e-91	339
NC_003070.9:22620590-22622337	NC_003070.9	90.421	261	19	6	32	288	17552999	17552741	1.77e-91	339
NC_003070.9:22620590-22622337	NC_003070.9	93.722	223	11	2	278	500	19173667	19173448	2.96e-89	331
NC_003070.9:22620590-22622337	NC_003070.9	89.434	265	22	6	28	288	2235172	2234910	1.06e-88	329
NC_003070.9:22620590-22622337	NC_003070.9	88.014	292	18	3	1313	1603	9817501	9817776	1.06e-88	329
NC_003070.9:22620590-22622337	NC_003070.9	92.982	228	12	4	960	1187	18790106	18790329	1.06e-88	329
NC_003070.9:22620590-22622337	NC_003070.9	89.695	262	19	8	30	288	14299845	14299589	3.83e-88	327
NC_003070.9:22620590-22622337	NC_003070.9	90.400	250	20	4	32	278	17008	17256	1.38e-87	326
NC_003070.9:22620590-22622337	NC_003070.9	89.883	257	20	6	36	288	18747045	18746791	1.38e-87	326
NC_003070.9:22620590-22622337	NC_003070.9	95.146	206	9	1	296	500	19062922	19063127	4.95e-87	324
NC_003070.9:22620590-22622337	NC_003070.9	95.939	197	8	0	1104	1300	16998396	16998200	6.40e-86	320
NC_003070.9:22620590-22622337	NC_003070.9	87.075	294	19	9	1313	1603	9866118	9865841	2.98e-84	315
NC_003070.9:22620590-22622337	NC_003070.9	91.775	231	11	1	496	726	19063537	19063759	2.98e-84	315
NC_003070.9:22620590-22622337	NC_003070.9	97.268	183	5	0	1115	1297	9817151	9817333	3.85e-83	311
NC_003070.9:22620590-22622337	NC_003070.9	96.175	183	7	0	1115	1297	26170521	26170339	8.34e-80	300
NC_003070.9:22620590-22622337	NC_003070.9	95.628	183	7	1	1115	1297	13059763	13059944	1.40e-77	292
NC_003070.9:22620590-22622337	NC_003070.9	94.681	188	8	2	1115	1300	9866468	9866281	5.02e-77	291
NC_003070.9:22620590-22622337	NC_003070.9	94.681	188	8	2	1115	1300	17900819	17901006	5.02e-77	291
NC_003070.9:22620590-22622337	NC_003070.9	94.624	186	9	1	1115	1300	30254567	30254383	6.49e-76	287
NC_003070.9:22620590-22622337	NC_003070.9	94.149	188	9	2	1115	1300	19328311	19328124	2.34e-75	285
NC_003070.9:22620590-22622337	NC_003070.9	88.889	234	20	6	60	288	17255	17487	8.40e-75	283
NC_003070.9:22620590-22622337	NC_003070.9	94.536	183	9	1	559	740	22992564	22992382	3.02e-74	281
NC_003070.9:22620590-22622337	NC_003070.9	93.443	183	12	0	1115	1297	7036148	7036330	1.82e-71	272
NC_003070.9:22620590-22622337	NC_003070.9	93.443	183	11	1	559	740	12328558	12328376	6.54e-71	270
NC_003070.9:22620590-22622337	NC_003070.9	93.443	183	11	1	559	740	30251610	30251428	6.54e-71	270
NC_003070.9:22620590-22622337	NC_003070.9	93.443	183	11	1	1115	1297	30252166	30251985	6.54e-71	270
NC_003070.9:22620590-22622337	NC_003070.9	92.896	183	12	1	1115	1297	12329113	12328932	3.04e-69	265
NC_003070.9:22620590-22622337	NC_003070.9	92.896	183	12	1	559	740	22621223	22621041	3.04e-69	265
NC_003070.9:22620590-22622337	NC_003070.9	92.896	183	12	1	1115	1297	22621779	22621598	3.04e-69	265
NC_003070.9:22620590-22622337	NC_003070.9	92.896	183	12	1	1115	1297	22993120	22992939	3.04e-69	265
NC_003070.9:22620590-22622337	NC_003070.9	90.909	198	10	1	1103	1300	15940039	15940228	1.42e-67	259
NC_003070.9:22620590-22622337	NC_003070.9	92.350	183	13	1	559	740	23876284	23876466	1.42e-67	259
NC_003070.9:22620590-22622337	NC_003070.9	85.714	259	19	6	33	288	19085099	19085342	5.09e-67	257
NC_003070.9:22620590-22622337	NC_003070.9	90.769	195	10	1	1103	1297	13016979	13016793	6.59e-66	254
NC_003070.9:22620590-22622337	NC_003070.9	92.350	183	6	1	1115	1297	16904733	16904907	6.59e-66	254
NC_003070.9:22620590-22622337	NC_003070.9	89.744	195	11	2	1103	1297	22450867	22451052	5.13e-62	241
NC_003070.9:22620590-22622337	NC_003070.9	90.761	184	9	1	1115	1298	8115710	8115885	1.84e-61	239
NC_003070.9:22620590-22622337	NC_003070.9	89.231	195	13	1	1103	1297	500456	500270	6.63e-61	237
NC_003070.9:22620590-22622337	NC_003070.9	90.374	187	9	2	1115	1300	11736466	11736288	6.63e-61	237
NC_003070.9:22620590-22622337	NC_003070.9	83.969	262	24	9	30	288	8291574	8291328	2.39e-60	235
NC_003070.9:22620590-22622337	NC_003070.9	84.231	260	21	8	32	288	19173803	19173561	2.39e-60	235
NC_003070.9:22620590-22622337	NC_003070.9	89.894	188	10	2	1111	1297	11700592	11700771	8.58e-60	233
NC_003070.9:22620590-22622337	NC_003070.9	84.109	258	22	9	33	288	12855993	12855753	3.09e-59	231
NC_003070.9:22620590-22622337	NC_003070.9	89.840	187	10	2	1115	1300	19994809	19994631	3.09e-59	231
NC_003070.9:22620590-22622337	NC_003070.9	91.875	160	7	4	960	1119	16998952	16998799	2.40e-55	219
NC_003070.9:22620590-22622337	NC_003070.9	91.925	161	5	1	1137	1297	18791754	18791906	2.40e-55	219
NC_003070.9:22620590-22622337	NC_003070.9	95.489	133	6	0	369	501	13017571	13017439	1.12e-53	213
NC_003070.9:22620590-22622337	NC_003070.9	96.000	125	4	1	1624	1748	12562352	12562229	2.42e-50	202
NC_003070.9:22620590-22622337	NC_003070.9	82.700	237	32	5	1518	1748	16826137	16826370	2.42e-50	202
NC_003070.9:22620590-22622337	NC_003070.9	95.200	125	4	2	1624	1748	8489536	8489414	1.13e-48	196
NC_003070.9:22620590-22622337	NC_003070.9	95.200	125	5	1	1624	1748	16327180	16327303	1.13e-48	196
NC_003070.9:22620590-22622337	NC_003070.9	95.200	125	5	1	1624	1748	19064469	19064592	1.13e-48	196
NC_003070.9:22620590-22622337	NC_003070.9	95.200	125	5	1	1624	1748	19465213	19465090	1.13e-48	196
NC_003070.9:22620590-22622337	NC_003070.9	95.200	125	4	2	1624	1748	22451883	22452005	1.13e-48	196
NC_003070.9:22620590-22622337	NC_003070.9	95.200	125	4	2	1624	1748	23553913	23553791	1.13e-48	196
NC_003070.9:22620590-22622337	NC_003070.9	95.122	123	4	2	1626	1748	13015971	13015851	1.46e-47	193
NC_003070.9:22620590-22622337	NC_003070.9	94.400	125	6	1	1624	1748	7037167	7037290	5.24e-47	191
NC_003070.9:22620590-22622337	NC_003070.9	94.400	125	5	2	1624	1748	14308886	14308764	5.24e-47	191
NC_003070.9:22620590-22622337	NC_003070.9	92.800	125	8	1	1624	1748	18792741	18792864	1.13e-43	180
NC_003070.9:22620590-22622337	NC_003070.9	92.800	125	7	2	1624	1748	25962587	25962465	1.13e-43	180
NC_003070.9:22620590-22622337	NC_003070.9	92.800	125	6	2	1624	1748	11701606	11701727	4.08e-43	178
NC_003070.9:22620590-22622337	NC_003070.9	93.478	92	5	1	1207	1297	19769039	19768948	2.49e-30	135
NC_003070.9:22620590-22622337	NC_003070.9	85.156	128	14	5	1624	1748	10021539	10021414	1.50e-27	126
NC_003070.9:22620590-22622337	NC_003070.9	93.827	81	5	0	496	576	19062843	19062923	1.94e-26	122
NC_003070.9:22620590-22622337	NC_003070.9	84.615	130	13	7	1624	1748	21739203	21739076	1.94e-26	122
NC_003070.9:22620590-22622337	NC_003070.9	83.465	127	18	3	1624	1748	4770240	4770115	3.24e-24	115
NC_003070.9:22620590-22622337	NC_003070.9	90.588	85	6	2	960	1042	8490191	8490107	4.19e-23	111
NC_003070.9:22620590-22622337	NC_003070.9	89.773	88	6	3	960	1044	9867411	9867324	1.51e-22	110
NC_003070.9:22620590-22622337	NC_003070.9	90.361	83	6	2	30	111	12876931	12876850	5.43e-22	108
NC_003070.9:22620590-22622337	NC_003070.9	89.655	87	4	5	960	1042	4785464	4785549	1.95e-21	106
NC_003070.9:22620590-22622337	NC_003070.9	89.535	86	6	3	960	1042	8114773	8114858	1.95e-21	106
NC_003070.9:22620590-22622337	NC_003070.9	91.026	78	7	0	960	1037	12364138	12364215	1.95e-21	106
NC_003070.9:22620590-22622337	NC_003070.9	91.026	78	7	0	960	1037	16824521	16824598	1.95e-21	106
NC_003070.9:22620590-22622337	NC_003070.9	89.655	87	4	5	960	1042	16903803	16903888	1.95e-21	106
NC_003070.9:22620590-22622337	NC_003070.9	89.535	86	6	3	960	1042	18790930	18791015	1.95e-21	106
NC_003070.9:22620590-22622337	NC_003070.9	89.535	86	6	3	960	1042	19061968	19062053	1.95e-21	106
NC_003070.9:22620590-22622337	NC_003070.9	90.244	82	7	1	36	117	19769830	19769750	1.95e-21	106
NC_003070.9:22620590-22622337	NC_003070.9	89.535	86	6	3	960	1042	19995731	19995646	1.95e-21	106
NC_003070.9:22620590-22622337	NC_003070.9	89.535	86	6	3	960	1042	23554436	23554351	1.95e-21	106
NC_003070.9:22620590-22622337	NC_003070.9	91.026	78	7	0	34	111	30251767	30251690	1.95e-21	106
NC_003070.9:22620590-22622337	NC_003070.9	89.535	86	6	3	960	1042	30253104	30253019	1.95e-21	106
NC_003070.9:22620590-22622337	NC_003070.9	88.636	88	7	3	960	1044	12855990	12855903	7.02e-21	104
NC_003070.9:22620590-22622337	NC_003070.9	88.636	88	6	4	960	1044	14299839	14299753	7.02e-21	104
NC_003070.9:22620590-22622337	NC_003070.9	88.636	88	7	3	960	1044	17552995	17552908	7.02e-21	104
NC_003070.9:22620590-22622337	NC_003070.9	96.825	63	1	1	895	957	19063794	19063855	7.02e-21	104
NC_003070.9:22620590-22622337	NC_003070.9	88.636	88	7	3	960	1044	19085102	19085189	7.02e-21	104
NC_003070.9:22620590-22622337	NC_003070.9	88.636	88	7	3	960	1044	19173799	19173712	7.02e-21	104
NC_003070.9:22620590-22622337	NC_003070.9	96.721	61	2	0	960	1020	15939326	15939386	2.52e-20	102
NC_003070.9:22620590-22622337	NC_003070.9	89.873	79	8	0	33	111	16998955	16998877	2.52e-20	102
NC_003070.9:22620590-22622337	NC_003070.9	87.778	90	8	3	958	1044	18747047	18746958	2.52e-20	102
NC_003070.9:22620590-22622337	NC_003070.9	89.873	79	8	0	33	111	18790103	18790181	2.52e-20	102
NC_003070.9:22620590-22622337	NC_003070.9	88.372	86	7	3	960	1042	3910598	3910513	9.08e-20	100
NC_003070.9:22620590-22622337	NC_003070.9	88.372	86	7	3	960	1042	12330050	12329965	9.08e-20	100
NC_003070.9:22620590-22622337	NC_003070.9	98.246	57	1	0	960	1016	13017621	13017565	9.08e-20	100
NC_003070.9:22620590-22622337	NC_003070.9	88.372	86	7	3	960	1042	16325447	16325532	9.08e-20	100
NC_003070.9:22620590-22622337	NC_003070.9	88.372	86	7	3	960	1042	23213669	23213754	9.08e-20	100
NC_003070.9:22620590-22622337	NC_003070.9	87.500	88	8	3	960	1044	2235164	2235077	3.27e-19	99.0
NC_003070.9:22620590-22622337	NC_003070.9	81.102	127	21	3	1624	1748	9918578	9918453	3.27e-19	99.0
NC_003070.9:22620590-22622337	NC_003070.9	89.744	78	7	1	34	111	12328714	12328638	3.27e-19	99.0
NC_003070.9:22620590-22622337	NC_003070.9	88.235	85	7	3	960	1042	22994057	22993974	3.27e-19	99.0
NC_003070.9:22620590-22622337	NC_003070.9	88.235	85	7	3	961	1042	25963253	25963169	3.27e-19	99.0
NC_003070.9:22620590-22622337	NC_003070.9	87.356	87	8	3	26	111	3413547	3413631	1.17e-18	97.1
NC_003070.9:22620590-22622337	NC_003070.9	87.209	86	8	3	960	1042	9816213	9816298	4.22e-18	95.3
NC_003070.9:22620590-22622337	NC_003070.9	87.209	86	8	3	960	1042	11737390	11737305	4.22e-18	95.3
NC_003070.9:22620590-22622337	NC_003070.9	87.209	86	8	3	960	1042	19466946	19466861	4.22e-18	95.3
NC_003070.9:22620590-22622337	NC_003070.9	87.805	82	8	2	960	1040	19724758	19724838	4.22e-18	95.3
NC_003070.9:22620590-22622337	NC_003070.9	87.209	86	8	3	36	121	22621378	22621296	4.22e-18	95.3
NC_003070.9:22620590-22622337	NC_003070.9	87.209	86	8	3	960	1042	22622302	22622217	4.22e-18	95.3
NC_003070.9:22620590-22622337	NC_003070.9	87.209	86	8	3	960	1042	26171477	26171392	4.22e-18	95.3
NC_003070.9:22620590-22622337	NC_003070.9	88.312	77	9	0	961	1037	19329256	19329180	1.52e-17	93.5
NC_003070.9:22620590-22622337	NC_003070.9	80.469	128	17	7	1626	1748	20166795	20166671	5.46e-17	91.6
NC_003070.9:22620590-22622337	NC_003070.9	86.747	83	8	3	963	1042	12564075	12563993	1.97e-16	89.8
NC_003070.9:22620590-22622337	NC_003070.9	93.220	59	4	0	496	554	12855221	12855163	7.07e-16	87.9
NC_003070.9:22620590-22622337	NC_003070.9	79.365	126	18	6	1624	1748	16858750	16858632	3.29e-14	82.4
NC_003070.9:22620590-22622337	NC_003070.9	79.032	124	18	6	1624	1746	26307387	26307503	4.25e-13	78.7
NC_003070.9:22620590-22622337	NC_003070.9	100.000	38	0	0	1260	1297	12365009	12365046	7.12e-11	71.3
NC_003070.9:22620590-22622337	NC_003070.9	97.619	42	0	1	1260	1300	12563207	12563166	7.12e-11	71.3
NC_003070.9:22620590-22622337	NC_003070.9	93.878	49	0	2	1255	1300	16326311	16326359	7.12e-11	71.3
NC_003070.9:22620590-22622337	NC_003070.9	93.750	48	1	1	1255	1300	23214532	23214579	7.12e-11	71.3
NC_003070.9:22620590-22622337	NC_003070.9	97.368	38	1	0	1263	1300	19466071	19466034	3.31e-09	65.8
NC_003070.9:22620590-22622337	NC_003070.9	85.185	54	6	2	1696	1748	21103407	21103355	7.17e-06	54.7
NC_003070.9:22620590-22622337	NC_003076.8	98.462	1235	16	3	496	1729	20281108	20279876	0.0	2172
NC_003070.9:22620590-22622337	NC_003076.8	96.648	1253	39	3	496	1748	9591287	9592536	0.0	2078
NC_003070.9:22620590-22622337	NC_003076.8	95.254	611	27	2	1115	1725	17617744	17617136	0.0	966
NC_003070.9:22620590-22622337	NC_003076.8	97.863	468	10	0	33	500	20281984	20281517	0.0	809
NC_003070.9:22620590-22622337	NC_003076.8	97.228	469	12	1	33	500	9590410	9590878	0.0	793
NC_003070.9:22620590-22622337	NC_003076.8	94.737	494	22	4	10	500	14082860	14082368	0.0	765
NC_003070.9:22620590-22622337	NC_003076.8	95.309	469	20	2	33	500	9965017	9964550	0.0	743
NC_003070.9:22620590-22622337	NC_003076.8	95.106	470	22	1	32	500	14151295	14150826	0.0	739
NC_003070.9:22620590-22622337	NC_003076.8	95.106	470	20	3	33	500	15606601	15606133	0.0	737
NC_003070.9:22620590-22622337	NC_003076.8	94.748	476	20	5	30	500	8746705	8746230	0.0	736
NC_003070.9:22620590-22622337	NC_003076.8	94.561	478	20	6	26	500	21530083	21530557	0.0	734
NC_003070.9:22620590-22622337	NC_003076.8	94.456	469	25	1	33	500	7154439	7153971	0.0	721
NC_003070.9:22620590-22622337	NC_003076.8	94.456	469	24	2	33	500	8765709	8766176	0.0	721
NC_003070.9:22620590-22622337	NC_003076.8	94.444	468	19	3	496	957	8766603	8767069	0.0	713
NC_003070.9:22620590-22622337	NC_003076.8	97.368	418	10	1	84	500	17618634	17618217	0.0	710
NC_003070.9:22620590-22622337	NC_003076.8	94.030	469	27	1	33	500	19742617	19742149	0.0	710
NC_003070.9:22620590-22622337	NC_003076.8	93.817	469	28	1	32	500	1898646	1898179	0.0	704
NC_003070.9:22620590-22622337	NC_003076.8	94.690	452	22	2	50	500	17775746	17776196	0.0	701
NC_003070.9:22620590-22622337	NC_003076.8	93.432	472	29	2	30	500	17365022	17365492	0.0	699
NC_003070.9:22620590-22622337	NC_003076.8	93.803	468	21	4	496	957	20681516	20681051	0.0	697
NC_003070.9:22620590-22622337	NC_003076.8	93.418	471	24	3	496	960	5429157	5428688	0.0	691
NC_003070.9:22620590-22622337	NC_003076.8	92.902	479	22	7	34	500	5430061	5429583	0.0	686
NC_003070.9:22620590-22622337	NC_003076.8	93.177	469	26	4	33	500	20682406	20681943	0.0	684
NC_003070.9:22620590-22622337	NC_003076.8	92.827	474	29	5	30	500	16356471	16356942	0.0	682
NC_003070.9:22620590-22622337	NC_003076.8	92.355	484	26	6	18	500	4782242	4781769	0.0	678
NC_003070.9:22620590-22622337	NC_003076.8	93.290	462	22	5	496	951	8745822	8745364	0.0	673
NC_003070.9:22620590-22622337	NC_003076.8	93.103	464	24	4	496	953	14150406	14149945	0.0	673
NC_003070.9:22620590-22622337	NC_003076.8	92.181	486	22	4	30	500	18853949	18854433	0.0	673
NC_003070.9:22620590-22622337	NC_003076.8	92.934	467	24	5	496	957	24187022	24186560	0.0	671
NC_003070.9:22620590-22622337	NC_003076.8	92.553	470	25	6	496	957	17365920	17366387	0.0	665
NC_003070.9:22620590-22622337	NC_003076.8	91.393	488	30	2	24	500	9559515	9559029	0.0	658
NC_003070.9:22620590-22622337	NC_003076.8	92.308	468	27	4	496	957	19741717	19741253	0.0	656
NC_003070.9:22620590-22622337	NC_003076.8	92.593	459	19	4	504	957	9964132	9963684	0.0	645
NC_003070.9:22620590-22622337	NC_003076.8	92.077	467	23	5	496	957	17776607	17777064	0.0	645
NC_003070.9:22620590-22622337	NC_003076.8	91.525	472	24	5	496	960	14081960	14081498	0.0	636
NC_003070.9:22620590-22622337	NC_003076.8	92.088	455	29	4	48	500	24187899	24187450	2.01e-180	634
NC_003070.9:22620590-22622337	NC_003076.8	90.870	471	26	3	33	500	11025336	11025792	7.29e-175	616
NC_003070.9:22620590-22622337	NC_003076.8	90.812	468	27	5	496	957	1897770	1897313	9.43e-174	612
NC_003070.9:22620590-22622337	NC_003076.8	90.578	467	27	5	496	957	16357353	16357807	5.68e-171	603
NC_003070.9:22620590-22622337	NC_003076.8	91.216	444	29	6	496	933	4313411	4313850	9.50e-169	595
NC_003070.9:22620590-22622337	NC_003076.8	93.086	405	20	4	559	957	8354352	8353950	5.72e-166	586
NC_003070.9:22620590-22622337	NC_003076.8	93.086	405	18	4	559	957	15043270	15042870	2.06e-165	584
NC_003070.9:22620590-22622337	NC_003076.8	92.611	406	22	4	559	957	24476433	24476029	3.44e-163	577
NC_003070.9:22620590-22622337	NC_003076.8	92.804	403	19	4	564	957	5977890	5977489	1.24e-162	575
NC_003070.9:22620590-22622337	NC_003076.8	92.611	406	21	3	559	957	22232106	22231703	1.24e-162	575
NC_003070.9:22620590-22622337	NC_003076.8	90.541	444	20	9	496	931	9558614	9558185	2.07e-160	568
NC_003070.9:22620590-22622337	NC_003076.8	92.118	406	21	6	559	957	10714580	10714981	9.63e-159	562
NC_003070.9:22620590-22622337	NC_003076.8	92.462	398	21	5	566	957	15577260	15576866	3.47e-158	560
NC_003070.9:22620590-22622337	NC_003076.8	87.008	508	43	10	1107	1600	15605668	15605170	2.09e-155	551
NC_003070.9:22620590-22622337	NC_003076.8	91.960	398	22	6	567	957	21776866	21776472	7.50e-155	549
NC_003070.9:22620590-22622337	NC_003076.8	95.614	342	13	2	960	1300	15043425	15043085	2.70e-154	547
NC_003070.9:22620590-22622337	NC_003076.8	93.029	373	20	2	496	863	4781353	4780982	4.51e-152	540
NC_003070.9:22620590-22622337	NC_003076.8	87.708	480	37	18	33	500	9612591	9613060	4.51e-152	540
NC_003070.9:22620590-22622337	NC_003076.8	95.266	338	16	0	960	1297	5978050	5977713	5.84e-151	536
NC_003070.9:22620590-22622337	NC_003076.8	94.379	338	19	0	960	1297	24476588	24476251	5.88e-146	520
NC_003070.9:22620590-22622337	NC_003076.8	94.065	337	20	0	961	1297	15577421	15577085	9.84e-144	512
NC_003070.9:22620590-22622337	NC_003076.8	93.567	342	21	1	960	1300	9133956	9134297	1.27e-142	508
NC_003070.9:22620590-22622337	NC_003076.8	93.787	338	20	1	960	1297	22232261	22231925	4.58e-142	507
NC_003070.9:22620590-22622337	NC_003076.8	94.277	332	16	2	172	500	4312671	4313002	1.65e-141	505
NC_003070.9:22620590-22622337	NC_003076.8	92.157	357	23	5	33	387	4312436	4312789	7.66e-140	499
NC_003070.9:22620590-22622337	NC_003076.8	93.195	338	23	0	960	1297	8354507	8354170	2.76e-139	497
NC_003070.9:22620590-22622337	NC_003076.8	92.899	338	24	0	960	1297	21777029	21776692	1.28e-137	492
NC_003070.9:22620590-22622337	NC_003076.8	92.308	338	24	2	960	1297	10714427	10714762	9.98e-134	479
NC_003070.9:22620590-22622337	NC_003076.8	95.548	292	10	3	1313	1603	8767017	8767306	2.80e-129	464
NC_003070.9:22620590-22622337	NC_003076.8	95.205	292	12	2	1313	1603	24476081	24475791	3.62e-128	460
NC_003070.9:22620590-22622337	NC_003076.8	95.205	292	11	3	1313	1603	20681103	20680814	1.30e-127	459
NC_003070.9:22620590-22622337	NC_003076.8	94.828	290	13	2	1315	1603	11027112	11027400	2.18e-125	451
NC_003070.9:22620590-22622337	NC_003076.8	94.521	292	14	2	1313	1603	15042922	15042632	7.83e-125	449
NC_003070.9:22620590-22622337	NC_003076.8	94.483	290	14	2	1313	1601	8354002	8353714	1.01e-123	446
NC_003070.9:22620590-22622337	NC_003076.8	93.137	306	17	4	1313	1616	17366334	17366637	1.01e-123	446
NC_003070.9:22620590-22622337	NC_003076.8	94.178	292	15	2	1313	1603	1897365	1897075	3.64e-123	444
NC_003070.9:22620590-22622337	NC_003076.8	94.178	292	14	3	1313	1603	5428743	5428454	1.31e-122	442
NC_003070.9:22620590-22622337	NC_003076.8	94.158	291	16	1	1313	1603	14149994	14149705	1.31e-122	442
NC_003070.9:22620590-22622337	NC_003076.8	94.138	290	14	2	1313	1600	9963736	9963448	1.69e-121	438
NC_003070.9:22620590-22622337	NC_003076.8	94.138	290	14	3	1313	1600	14081554	14081266	1.69e-121	438
NC_003070.9:22620590-22622337	NC_003076.8	93.836	292	16	2	1313	1603	16357755	16358045	1.69e-121	438
NC_003070.9:22620590-22622337	NC_003076.8	93.836	292	13	3	1313	1600	5977544	5977254	2.19e-120	435
NC_003070.9:22620590-22622337	NC_003076.8	93.793	290	16	2	1315	1603	19741303	19741015	2.19e-120	435
NC_003070.9:22620590-22622337	NC_003076.8	93.793	290	16	2	1315	1603	22231753	22231465	2.19e-120	435
NC_003070.9:22620590-22622337	NC_003076.8	93.493	292	17	2	1313	1603	18855128	18855418	7.88e-120	433
NC_003070.9:22620590-22622337	NC_003076.8	93.493	292	16	3	1313	1603	8745411	8745122	2.83e-119	431
NC_003070.9:22620590-22622337	NC_003076.8	93.127	291	18	2	1313	1603	24186612	24186324	1.32e-117	425
NC_003070.9:22620590-22622337	NC_003076.8	93.357	286	9	5	678	957	18854899	18855180	2.85e-114	414
NC_003070.9:22620590-22622337	NC_003076.8	92.414	290	20	2	1313	1601	17777012	17777300	1.03e-113	412
NC_003070.9:22620590-22622337	NC_003076.8	94.757	267	11	3	1313	1578	21531157	21531421	1.03e-113	412
NC_003070.9:22620590-22622337	NC_003076.8	92.123	292	20	3	1313	1603	4314079	4314368	1.33e-112	409
NC_003070.9:22620590-22622337	NC_003076.8	96.748	246	7	1	496	740	17617807	17617562	1.33e-112	409
NC_003070.9:22620590-22622337	NC_003076.8	92.933	283	12	4	681	957	21530929	21531209	1.72e-111	405
NC_003070.9:22620590-22622337	NC_003076.8	92.553	282	19	2	496	776	11026218	11026498	6.18e-111	403
NC_003070.9:22620590-22622337	NC_003076.8	93.358	271	16	2	1334	1603	4780980	4780711	7.99e-110	399
NC_003070.9:22620590-22622337	NC_003076.8	94.466	253	13	1	33	285	17796785	17796534	1.73e-106	388
NC_003070.9:22620590-22622337	NC_003076.8	92.000	275	22	0	963	1237	25904738	25905012	6.22e-106	387
NC_003070.9:22620590-22622337	NC_003076.8	93.590	234	14	1	267	500	5129697	5129465	2.94e-94	348
NC_003070.9:22620590-22622337	NC_003076.8	93.162	234	15	1	267	500	19931420	19931188	1.37e-92	342
NC_003070.9:22620590-22622337	NC_003076.8	93.833	227	13	1	267	493	3020057	3019832	4.91e-92	340
NC_003070.9:22620590-22622337	NC_003076.8	89.925	268	21	6	26	288	3020204	3019938	4.91e-92	340
NC_003070.9:22620590-22622337	NC_003076.8	92.766	235	14	3	267	500	25264649	25264881	6.36e-91	337
NC_003070.9:22620590-22622337	NC_003076.8	89.961	259	22	4	33	288	17955555	17955812	2.96e-89	331
NC_003070.9:22620590-22622337	NC_003076.8	90.234	256	16	4	702	951	4313874	4314126	1.38e-87	326
NC_003070.9:22620590-22622337	NC_003076.8	89.615	260	20	7	33	288	5129834	5129578	4.95e-87	324
NC_003070.9:22620590-22622337	NC_003076.8	95.567	203	8	1	1313	1515	15576918	15576717	4.95e-87	324
NC_003070.9:22620590-22622337	NC_003076.8	89.272	261	22	6	32	288	14761184	14760926	1.78e-86	322
NC_003070.9:22620590-22622337	NC_003076.8	88.889	261	24	5	32	288	25264510	25264769	8.28e-85	316
NC_003070.9:22620590-22622337	NC_003076.8	91.453	234	12	1	496	729	15605723	15605498	2.98e-84	315
NC_003070.9:22620590-22622337	NC_003076.8	88.846	260	23	6	33	288	19931558	19931301	2.98e-84	315
NC_003070.9:22620590-22622337	NC_003076.8	94.581	203	10	1	1313	1515	21776524	21776323	1.07e-83	313
NC_003070.9:22620590-22622337	NC_003076.8	88.462	260	22	6	33	288	15342696	15342441	4.98e-82	307
NC_003070.9:22620590-22622337	NC_003076.8	87.692	260	20	6	33	288	13918790	13918539	1.40e-77	292
NC_003070.9:22620590-22622337	NC_003076.8	86.254	291	12	11	1313	1600	10714928	10715193	5.02e-77	291
NC_003070.9:22620590-22622337	NC_003076.8	95.082	183	9	0	1115	1297	5429094	5428912	1.81e-76	289
NC_003070.9:22620590-22622337	NC_003076.8	95.082	183	9	0	1115	1297	8766666	8766848	1.81e-76	289
NC_003070.9:22620590-22622337	NC_003076.8	95.109	184	8	1	774	957	11026980	11027162	1.81e-76	289
NC_003070.9:22620590-22622337	NC_003076.8	95.082	183	9	0	1115	1297	14150343	14150161	1.81e-76	289
NC_003070.9:22620590-22622337	NC_003076.8	94.652	187	9	1	1115	1300	19741654	19741468	1.81e-76	289
NC_003070.9:22620590-22622337	NC_003076.8	94.536	183	9	1	1115	1297	4313474	4313655	3.02e-74	281
NC_003070.9:22620590-22622337	NC_003076.8	94.086	186	10	1	1115	1300	8745759	8745575	3.02e-74	281
NC_003070.9:22620590-22622337	NC_003076.8	93.583	187	11	1	1115	1300	4781290	4781104	3.91e-73	278
NC_003070.9:22620590-22622337	NC_003076.8	94.022	184	10	1	1115	1297	17365983	17366166	3.91e-73	278
NC_003070.9:22620590-22622337	NC_003076.8	93.989	183	11	0	1115	1297	20681453	20681271	3.91e-73	278
NC_003070.9:22620590-22622337	NC_003076.8	93.989	183	10	1	1115	1297	9591350	9591531	1.41e-72	276
NC_003070.9:22620590-22622337	NC_003076.8	93.989	183	10	1	559	740	20280489	20280307	1.41e-72	276
NC_003070.9:22620590-22622337	NC_003076.8	93.989	183	10	1	1115	1297	20281045	20280864	1.41e-72	276
NC_003070.9:22620590-22622337	NC_003076.8	91.878	197	15	1	1104	1300	24186970	24186775	5.06e-72	274
NC_003070.9:22620590-22622337	NC_003076.8	93.443	183	12	0	1115	1297	11026281	11026463	1.82e-71	272
NC_003070.9:22620590-22622337	NC_003076.8	93.407	182	11	1	559	739	9591905	9592086	2.35e-70	268
NC_003070.9:22620590-22622337	NC_003076.8	92.391	184	13	1	559	741	9134111	9134294	3.94e-68	261
NC_003070.9:22620590-22622337	NC_003076.8	92.473	186	6	1	1115	1300	9558551	9558374	1.42e-67	259
NC_003070.9:22620590-22622337	NC_003076.8	90.625	192	12	5	26	213	19670791	19670980	8.52e-65	250
NC_003070.9:22620590-22622337	NC_003076.8	91.444	187	7	2	1115	1300	9964077	9963899	3.06e-64	248
NC_003070.9:22620590-22622337	NC_003076.8	89.231	195	11	3	1107	1300	16357407	16357592	2.39e-60	235
NC_003070.9:22620590-22622337	NC_003076.8	89.231	195	12	4	1103	1297	17776658	17776843	2.39e-60	235
NC_003070.9:22620590-22622337	NC_003076.8	89.785	186	11	1	1115	1300	1897707	1897530	3.09e-59	231
NC_003070.9:22620590-22622337	NC_003076.8	84.274	248	21	12	33	278	354140	354371	1.44e-57	226
NC_003070.9:22620590-22622337	NC_003076.8	89.503	181	11	1	1115	1295	14081897	14081725	1.86e-56	222
NC_003070.9:22620590-22622337	NC_003076.8	96.000	125	4	1	1624	1748	7153307	7153184	2.42e-50	202
NC_003070.9:22620590-22622337	NC_003076.8	96.000	125	4	1	1624	1748	15042257	15042134	2.42e-50	202
NC_003070.9:22620590-22622337	NC_003076.8	82.553	235	31	6	1521	1748	15604900	15604669	3.13e-49	198
NC_003070.9:22620590-22622337	NC_003076.8	95.200	125	4	2	1624	1748	17796260	17796138	1.13e-48	196
NC_003070.9:22620590-22622337	NC_003076.8	95.122	123	5	1	1626	1748	24475412	24475291	1.46e-47	193
NC_003070.9:22620590-22622337	NC_003076.8	94.400	125	5	1	1624	1748	5428078	5427956	5.24e-47	191
NC_003070.9:22620590-22622337	NC_003076.8	93.651	126	4	4	1624	1748	4314744	4314866	2.44e-45	185
NC_003070.9:22620590-22622337	NC_003076.8	93.600	125	6	2	1624	1748	16358422	16358544	2.44e-45	185
NC_003070.9:22620590-22622337	NC_003076.8	93.496	123	7	1	1624	1746	24185948	24185827	3.15e-44	182
NC_003070.9:22620590-22622337	NC_003076.8	93.443	122	5	3	1627	1748	8744743	8744625	4.08e-43	178
NC_003070.9:22620590-22622337	NC_003076.8	88.158	152	14	3	960	1110	13982138	13982286	4.08e-43	178
NC_003070.9:22620590-22622337	NC_003076.8	92.000	125	9	1	1624	1748	10715499	10715622	5.27e-42	174
NC_003070.9:22620590-22622337	NC_003076.8	92.623	122	8	1	1627	1748	14143814	14143694	5.27e-42	174
NC_003070.9:22620590-22622337	NC_003076.8	91.057	123	11	0	559	681	25904890	25905012	8.83e-40	167
NC_003070.9:22620590-22622337	NC_003076.8	90.476	126	7	5	1624	1748	21775908	21775787	4.11e-38	161
NC_003070.9:22620590-22622337	NC_003076.8	89.844	128	8	5	1626	1748	25265210	25265337	1.48e-37	159
NC_003070.9:22620590-22622337	NC_003076.8	94.565	92	4	1	1513	1603	7153775	7153684	5.35e-32	141
NC_003070.9:22620590-22622337	NC_003076.8	92.079	101	6	2	1504	1603	25905017	25905116	5.35e-32	141
NC_003070.9:22620590-22622337	NC_003076.8	92.000	100	7	1	33	132	20398218	20398316	1.92e-31	139
NC_003070.9:22620590-22622337	NC_003076.8	85.385	130	13	6	1624	1748	22621306	22621178	1.16e-28	130
NC_003070.9:22620590-22622337	NC_003076.8	85.156	128	15	4	1624	1748	17043775	17043901	4.17e-28	128
NC_003070.9:22620590-22622337	NC_003076.8	84.375	128	15	5	1624	1748	26787231	26787106	6.97e-26	121
NC_003070.9:22620590-22622337	NC_003076.8	100.000	64	0	0	1234	1297	18854899	18854962	2.51e-25	119
NC_003070.9:22620590-22622337	NC_003076.8	83.846	130	13	8	1624	1748	9557785	9557659	9.02e-25	117
NC_003070.9:22620590-22622337	NC_003076.8	92.500	80	4	2	33	111	9133953	9134031	1.17e-23	113
NC_003070.9:22620590-22622337	NC_003076.8	91.358	81	7	0	31	111	5978055	5977975	4.19e-23	111
NC_003070.9:22620590-22622337	NC_003076.8	83.206	131	12	10	1624	1748	14810699	14810825	4.19e-23	111
NC_003070.9:22620590-22622337	NC_003076.8	92.308	78	6	0	960	1037	17365028	17365105	4.19e-23	111
NC_003070.9:22620590-22622337	NC_003076.8	98.361	61	1	0	1237	1297	21530929	21530989	5.43e-22	108
NC_003070.9:22620590-22622337	NC_003076.8	89.535	86	6	3	960	1042	7154436	7154351	1.95e-21	106
NC_003070.9:22620590-22622337	NC_003076.8	89.535	86	6	3	960	1042	8746698	8746613	1.95e-21	106
NC_003070.9:22620590-22622337	NC_003076.8	89.535	86	6	3	960	1042	9559504	9559419	1.95e-21	106
NC_003070.9:22620590-22622337	NC_003076.8	89.535	86	6	3	960	1042	9590413	9590498	1.95e-21	106
NC_003070.9:22620590-22622337	NC_003076.8	88.764	89	6	3	960	1044	9965014	9964926	1.95e-21	106
NC_003070.9:22620590-22622337	NC_003076.8	89.535	86	6	3	960	1042	14082832	14082747	1.95e-21	106
NC_003070.9:22620590-22622337	NC_003076.8	89.535	86	6	3	960	1042	14151291	14151206	1.95e-21	106
NC_003070.9:22620590-22622337	NC_003076.8	88.764	89	7	3	33	121	15043428	15043343	1.95e-21	106
NC_003070.9:22620590-22622337	NC_003076.8	89.535	86	6	3	960	1042	15606598	15606513	1.95e-21	106
NC_003070.9:22620590-22622337	NC_003076.8	89.535	86	6	3	960	1042	17796782	17796697	1.95e-21	106
NC_003070.9:22620590-22622337	NC_003076.8	89.535	86	6	3	960	1042	18853955	18854040	1.95e-21	106
NC_003070.9:22620590-22622337	NC_003076.8	91.026	78	7	0	34	111	20280646	20280569	1.95e-21	106
NC_003070.9:22620590-22622337	NC_003076.8	88.636	88	7	3	960	1044	354143	354230	7.02e-21	104
NC_003070.9:22620590-22622337	NC_003076.8	98.305	59	1	0	895	953	15605466	15605408	7.02e-21	104
NC_003070.9:22620590-22622337	NC_003076.8	88.636	88	7	3	960	1044	19931555	19931468	7.02e-21	104
NC_003070.9:22620590-22622337	NC_003076.8	96.721	61	2	0	960	1020	11025339	11025399	2.52e-20	102
NC_003070.9:22620590-22622337	NC_003076.8	89.286	84	6	3	962	1042	19742612	19742529	2.52e-20	102
NC_003070.9:22620590-22622337	NC_003076.8	96.721	61	2	0	960	1020	20281981	20281921	2.52e-20	102
NC_003070.9:22620590-22622337	NC_003076.8	89.744	78	8	0	34	111	9591748	9591825	9.08e-20	100
NC_003070.9:22620590-22622337	NC_003076.8	88.372	86	7	3	960	1042	21530092	21530177	9.08e-20	100
NC_003070.9:22620590-22622337	NC_003076.8	98.214	56	1	0	496	551	20398536	20398591	3.27e-19	99.0
NC_003070.9:22620590-22622337	NC_003076.8	87.500	88	8	3	960	1044	25264514	25264601	3.27e-19	99.0
NC_003070.9:22620590-22622337	NC_003076.8	87.209	86	8	3	960	1042	3020193	3020108	4.22e-18	95.3
NC_003070.9:22620590-22622337	NC_003076.8	87.209	86	8	3	960	1042	13918787	13918702	4.22e-18	95.3
NC_003070.9:22620590-22622337	NC_003076.8	80.952	126	16	6	1624	1748	10041930	10041812	1.52e-17	93.5
NC_003070.9:22620590-22622337	NC_003076.8	86.364	88	9	3	960	1044	20398221	20398308	1.52e-17	93.5
NC_003070.9:22620590-22622337	NC_003076.8	94.643	56	3	0	496	551	7711927	7711982	7.07e-16	87.9
NC_003070.9:22620590-22622337	NC_003076.8	85.227	88	10	3	960	1044	19670804	19670891	7.07e-16	87.9
NC_003070.9:22620590-22622337	NC_003076.8	85.057	87	9	4	960	1042	15342693	15342607	2.54e-15	86.1
NC_003070.9:22620590-22622337	NC_003076.8	92.982	57	4	0	496	552	18854846	18854902	9.14e-15	84.2
NC_003070.9:22620590-22622337	NC_003076.8	83.529	85	13	1	1665	1748	15882682	15882766	4.25e-13	78.7
NC_003070.9:22620590-22622337	NC_003076.8	100.000	40	0	0	1258	1297	4313874	4313913	5.50e-12	75.0
NC_003070.9:22620590-22622337	NC_003074.8	96.970	1254	35	3	496	1748	17300401	17299150	0.0	2102
NC_003070.9:22620590-22622337	NC_003074.8	95.201	646	28	3	960	1603	13327437	13328081	0.0	1018
NC_003070.9:22620590-22622337	NC_003074.8	94.907	648	25	6	960	1603	18412157	18412800	0.0	1007
NC_003070.9:22620590-22622337	NC_003074.8	94.599	648	27	6	960	1603	18018784	18019427	0.0	996
NC_003070.9:22620590-22622337	NC_003074.8	90.633	758	31	11	993	1748	1571407	1572126	0.0	970
NC_003070.9:22620590-22622337	NC_003074.8	94.436	629	31	4	977	1603	3965021	3965647	0.0	965
NC_003070.9:22620590-22622337	NC_003074.8	97.009	468	14	0	33	500	17301278	17300811	0.0	787
NC_003070.9:22620590-22622337	NC_003074.8	95.117	471	22	1	31	500	15937284	15937754	0.0	741
NC_003070.9:22620590-22622337	NC_003074.8	94.748	476	21	4	28	500	7996641	7996167	0.0	737
NC_003070.9:22620590-22622337	NC_003074.8	94.883	469	23	1	33	500	20786399	20786867	0.0	732
NC_003070.9:22620590-22622337	NC_003074.8	94.292	473	24	3	30	500	17277818	17277347	0.0	721
NC_003070.9:22620590-22622337	NC_003074.8	94.231	468	20	3	496	957	10820549	10820083	0.0	708
NC_003070.9:22620590-22622337	NC_003074.8	93.830	470	27	2	32	500	16450785	16451253	0.0	706
NC_003070.9:22620590-22622337	NC_003074.8	93.830	470	26	3	33	500	10821446	10820978	0.0	704
NC_003070.9:22620590-22622337	NC_003074.8	93.291	477	29	3	26	500	5745929	5745454	0.0	701
NC_003070.9:22620590-22622337	NC_003074.8	93.830	470	18	4	32	500	11535843	11536302	0.0	697
NC_003070.9:22620590-22622337	NC_003074.8	93.348	466	28	3	36	500	9386343	9385880	0.0	686
NC_003070.9:22620590-22622337	NC_003074.8	92.949	468	25	4	496	957	15938163	15938628	0.0	675
NC_003070.9:22620590-22622337	NC_003074.8	92.964	469	18	12	33	500	17063229	17062775	0.0	669
NC_003070.9:22620590-22622337	NC_003074.8	92.094	468	22	5	496	957	16562414	16562872	0.0	645
NC_003070.9:22620590-22622337	NC_003074.8	90.707	495	30	4	9	500	17144517	17144036	0.0	645
NC_003070.9:22620590-22622337	NC_003074.8	91.880	468	23	4	496	957	9384914	9384456	0.0	640
NC_003070.9:22620590-22622337	NC_003074.8	91.667	468	23	5	496	957	17276936	17276479	2.01e-180	634
NC_003070.9:22620590-22622337	NC_003074.8	94.634	410	19	3	32	440	16561653	16562060	7.24e-180	632
NC_003070.9:22620590-22622337	NC_003074.8	94.074	405	17	3	559	957	11503603	11503200	1.22e-172	608
NC_003070.9:22620590-22622337	NC_003074.8	90.364	467	31	3	496	957	22119469	22119926	2.04e-170	601
NC_003070.9:22620590-22622337	NC_003074.8	93.333	405	19	4	559	957	17730098	17730500	1.23e-167	592
NC_003070.9:22620590-22622337	NC_003074.8	92.611	406	22	5	559	957	17776928	17777332	3.44e-163	577
NC_003070.9:22620590-22622337	NC_003074.8	89.574	470	25	12	32	500	22118612	22119058	1.24e-162	575
NC_003070.9:22620590-22622337	NC_003074.8	91.549	426	20	5	537	957	11536736	11537150	4.45e-162	573
NC_003070.9:22620590-22622337	NC_003074.8	91.080	426	22	5	537	957	5745020	5744606	9.63e-159	562
NC_003070.9:22620590-22622337	NC_003074.8	92.099	405	22	4	559	957	11967811	11968211	9.63e-159	562
NC_003070.9:22620590-22622337	NC_003074.8	90.845	426	24	4	537	957	20787301	20787716	4.48e-157	556
NC_003070.9:22620590-22622337	NC_003074.8	95.858	338	14	0	960	1297	11503758	11503421	2.70e-154	547
NC_003070.9:22620590-22622337	NC_003074.8	90.610	426	17	8	537	957	17143602	17143195	3.49e-153	544
NC_003070.9:22620590-22622337	NC_003074.8	94.034	352	14	3	612	957	10320599	10320949	3.51e-148	527
NC_003070.9:22620590-22622337	NC_003074.8	90.571	403	26	8	559	957	16419302	16419696	4.55e-147	523
NC_003070.9:22620590-22622337	NC_003074.8	94.118	340	18	2	960	1297	15485747	15485408	7.61e-145	516
NC_003070.9:22620590-22622337	NC_003074.8	94.362	337	18	1	960	1296	16419147	16419482	7.61e-145	516
NC_003070.9:22620590-22622337	NC_003074.8	94.083	338	19	1	960	1297	17729943	17730279	9.84e-144	512
NC_003070.9:22620590-22622337	NC_003074.8	93.787	338	21	0	960	1297	10557343	10557006	1.27e-142	508
NC_003070.9:22620590-22622337	NC_003074.8	93.567	342	17	3	960	1300	9767626	9767289	1.65e-141	505
NC_003070.9:22620590-22622337	NC_003074.8	92.941	340	24	0	961	1300	11967657	11967996	9.91e-139	496
NC_003070.9:22620590-22622337	NC_003074.8	92.604	338	24	1	960	1296	17776772	17777109	2.15e-135	484
NC_003070.9:22620590-22622337	NC_003074.8	88.642	405	23	13	559	957	9767475	9767088	1.67e-131	472
NC_003070.9:22620590-22622337	NC_003074.8	93.910	312	12	3	559	863	15485591	15485280	2.80e-129	464
NC_003070.9:22620590-22622337	NC_003074.8	92.145	331	19	4	29	352	11200620	11200950	3.62e-128	460
NC_003070.9:22620590-22622337	NC_003074.8	94.079	304	12	6	200	500	18746356	18746656	4.68e-127	457
NC_003070.9:22620590-22622337	NC_003074.8	94.863	292	12	2	1313	1603	10820135	10819846	6.05e-126	453
NC_003070.9:22620590-22622337	NC_003074.8	94.521	292	13	3	1313	1603	10320897	10321186	2.81e-124	448
NC_003070.9:22620590-22622337	NC_003074.8	94.502	291	15	1	1313	1603	17777280	17777569	2.81e-124	448
NC_003070.9:22620590-22622337	NC_003074.8	94.178	292	15	2	1313	1603	17276531	17276241	3.64e-123	444
NC_003070.9:22620590-22622337	NC_003074.8	93.836	292	16	2	1313	1603	15938576	15938866	1.69e-121	438
NC_003070.9:22620590-22622337	NC_003074.8	93.836	292	16	2	1313	1603	16451803	16452093	1.69e-121	438
NC_003070.9:22620590-22622337	NC_003074.8	93.857	293	12	5	1313	1603	16419647	16419935	6.09e-121	436
NC_003070.9:22620590-22622337	NC_003074.8	93.515	293	16	2	1313	1603	7995595	7995304	7.88e-120	433
NC_003070.9:22620590-22622337	NC_003074.8	93.493	292	17	2	1313	1603	15452243	15451953	7.88e-120	433
NC_003070.9:22620590-22622337	NC_003074.8	93.493	292	17	2	1313	1603	17062163	17061873	7.88e-120	433
NC_003070.9:22620590-22622337	NC_003074.8	93.471	291	18	1	1007	1297	10575507	10575218	2.83e-119	431
NC_003070.9:22620590-22622337	NC_003074.8	93.493	292	12	3	1313	1603	17730448	17730733	3.67e-118	427
NC_003070.9:22620590-22622337	NC_003074.8	93.426	289	14	5	1313	1600	9767140	9766856	4.74e-117	424
NC_003070.9:22620590-22622337	NC_003074.8	91.830	306	19	2	559	858	10557188	10556883	1.71e-116	422
NC_003070.9:22620590-22622337	NC_003074.8	95.149	268	11	2	1334	1600	15485279	15485013	1.71e-116	422
NC_003070.9:22620590-22622337	NC_003074.8	90.506	316	23	3	559	868	10575400	10575086	3.69e-113	411
NC_003070.9:22620590-22622337	NC_003074.8	92.466	292	15	3	1313	1603	20787664	20787949	3.69e-113	411
NC_003070.9:22620590-22622337	NC_003074.8	92.440	291	16	4	1313	1603	22119874	22120158	3.69e-113	411
NC_003070.9:22620590-22622337	NC_003074.8	85.211	426	21	15	537	957	15452579	15452191	7.99e-110	399
NC_003070.9:22620590-22622337	NC_003074.8	95.161	248	9	3	1313	1558	16562820	16563066	1.73e-106	388
NC_003070.9:22620590-22622337	NC_003074.8	95.082	244	10	2	1361	1603	10556871	10556629	8.05e-105	383
NC_003070.9:22620590-22622337	NC_003074.8	89.902	307	13	9	1313	1603	17143247	17142943	1.04e-103	379
NC_003070.9:22620590-22622337	NC_003074.8	91.941	273	11	5	692	957	16451587	16451855	1.74e-101	372
NC_003070.9:22620590-22622337	NC_003074.8	92.969	256	16	2	33	287	18584738	18584992	1.74e-101	372
NC_003070.9:22620590-22622337	NC_003074.8	87.574	338	18	6	960	1297	10320415	10320728	6.27e-101	370
NC_003070.9:22620590-22622337	NC_003074.8	90.411	292	12	5	1313	1603	11503252	11502976	6.27e-101	370
NC_003070.9:22620590-22622337	NC_003074.8	92.996	257	10	4	707	957	7995797	7995543	2.25e-100	368
NC_003070.9:22620590-22622337	NC_003074.8	96.833	221	5	2	1361	1580	10575083	10574864	2.25e-100	368
NC_003070.9:22620590-22622337	NC_003074.8	88.925	307	17	5	1313	1603	11537098	11537403	1.05e-98	363
NC_003070.9:22620590-22622337	NC_003074.8	91.954	261	12	5	707	960	17062365	17062107	4.88e-97	357
NC_003070.9:22620590-22622337	NC_003074.8	94.017	234	13	1	267	500	9559544	9559312	6.31e-96	353
NC_003070.9:22620590-22622337	NC_003074.8	93.617	235	12	3	267	500	10862540	10862772	2.94e-94	348
NC_003070.9:22620590-22622337	NC_003074.8	93.220	236	13	3	267	500	1371038	1370804	3.80e-93	344
NC_003070.9:22620590-22622337	NC_003074.8	90.458	262	19	5	32	288	3716341	3716601	4.91e-92	340
NC_003070.9:22620590-22622337	NC_003074.8	92.797	236	14	3	267	500	16879943	16880177	1.77e-91	339
NC_003070.9:22620590-22622337	NC_003074.8	92.735	234	16	1	267	500	2629888	2629656	6.36e-91	337
NC_003070.9:22620590-22622337	NC_003074.8	89.883	257	21	5	36	288	9559680	9559425	1.38e-87	326
NC_003070.9:22620590-22622337	NC_003074.8	88.406	276	25	7	16	288	17397314	17397043	1.38e-87	326
NC_003070.9:22620590-22622337	NC_003074.8	89.272	261	20	8	31	288	20485142	20484887	6.40e-86	320
NC_003070.9:22620590-22622337	NC_003074.8	88.077	260	26	5	33	288	10862401	10862659	6.45e-81	303
NC_003070.9:22620590-22622337	NC_003074.8	91.518	224	13	5	273	496	20487006	20486789	6.45e-81	303
NC_003070.9:22620590-22622337	NC_003074.8	96.175	183	7	0	1115	1297	15938226	15938408	8.34e-80	300
NC_003070.9:22620590-22622337	NC_003074.8	89.754	244	11	3	258	500	16173067	16172837	8.34e-80	300
NC_003070.9:22620590-22622337	NC_003074.8	95.628	183	8	0	1115	1297	10820486	10820304	3.88e-78	294
NC_003070.9:22620590-22622337	NC_003074.8	84.326	319	18	15	1313	1600	5744658	5744341	8.40e-75	283
NC_003070.9:22620590-22622337	NC_003074.8	94.565	184	9	1	559	741	17299782	17299599	8.40e-75	283
NC_003070.9:22620590-22622337	NC_003074.8	95.429	175	7	1	1313	1487	11968159	11968332	3.91e-73	278
NC_003070.9:22620590-22622337	NC_003074.8	93.583	187	10	2	1112	1297	17300342	17300157	3.91e-73	278
NC_003070.9:22620590-22622337	NC_003074.8	93.122	189	11	2	559	746	1571523	1571710	1.41e-72	276
NC_003070.9:22620590-22622337	NC_003074.8	93.478	184	11	1	559	741	13327592	13327775	1.82e-71	272
NC_003070.9:22620590-22622337	NC_003074.8	87.879	231	21	6	60	286	2630001	2629774	3.04e-69	265
NC_003070.9:22620590-22622337	NC_003074.8	91.795	195	8	1	1103	1297	9384863	9384677	3.04e-69	265
NC_003070.9:22620590-22622337	NC_003074.8	92.391	184	12	2	559	740	3965159	3965342	3.94e-68	261
NC_003070.9:22620590-22622337	NC_003074.8	92.350	183	6	1	1115	1297	16562477	16562651	6.59e-66	254
NC_003070.9:22620590-22622337	NC_003074.8	91.005	189	13	4	559	746	18412311	18412496	2.37e-65	252
NC_003070.9:22620590-22622337	NC_003074.8	90.256	195	11	1	1103	1297	17276885	17276699	3.06e-64	248
NC_003070.9:22620590-22622337	NC_003074.8	90.860	186	9	1	1115	1300	11536758	11536935	1.43e-62	243
NC_003070.9:22620590-22622337	NC_003074.8	90.000	190	15	4	559	747	18018938	18019124	1.43e-62	243
NC_003070.9:22620590-22622337	NC_003074.8	83.846	260	27	5	32	288	20487143	20486896	8.58e-60	233
NC_003070.9:22620590-22622337	NC_003074.8	89.785	186	11	1	1115	1300	5744998	5744821	3.09e-59	231
NC_003070.9:22620590-22622337	NC_003074.8	89.785	186	11	1	1115	1300	15452557	15452380	3.09e-59	231
NC_003070.9:22620590-22622337	NC_003074.8	89.305	187	11	2	1115	1300	20787323	20787501	1.44e-57	226
NC_003070.9:22620590-22622337	NC_003074.8	83.264	239	27	10	1518	1748	3965914	3966147	5.20e-52	207
NC_003070.9:22620590-22622337	NC_003074.8	96.800	125	3	1	1624	1748	17142570	17142447	5.20e-52	207
NC_003070.9:22620590-22622337	NC_003074.8	96.800	125	3	1	1624	1748	18019804	18019927	5.20e-52	207
NC_003070.9:22620590-22622337	NC_003074.8	94.531	128	6	1	1313	1440	9384508	9384382	1.13e-48	196
NC_003070.9:22620590-22622337	NC_003074.8	95.200	125	5	1	1624	1748	13328459	13328582	1.13e-48	196
NC_003070.9:22620590-22622337	NC_003074.8	95.200	125	5	1	1624	1748	17061509	17061386	1.13e-48	196
NC_003070.9:22620590-22622337	NC_003074.8	87.166	187	7	4	1115	1300	17143580	17143410	1.13e-48	196
NC_003070.9:22620590-22622337	NC_003074.8	94.400	125	5	2	1624	1748	17275865	17275743	5.24e-47	191
NC_003070.9:22620590-22622337	NC_003074.8	92.800	125	8	1	1624	1748	16563464	16563587	1.13e-43	180
NC_003070.9:22620590-22622337	NC_003074.8	94.118	119	4	2	1631	1748	10321325	10321441	4.08e-43	178
NC_003070.9:22620590-22622337	NC_003074.8	94.017	117	6	1	1488	1603	9384377	9384261	1.47e-42	176
NC_003070.9:22620590-22622337	NC_003074.8	92.000	125	9	1	1624	1748	10574474	10574351	5.27e-42	174
NC_003070.9:22620590-22622337	NC_003074.8	93.396	106	6	1	33	138	16879751	16879855	1.91e-36	156
NC_003070.9:22620590-22622337	NC_003074.8	88.983	118	11	2	24	140	9890041	9890157	4.14e-33	145
NC_003070.9:22620590-22622337	NC_003074.8	85.938	128	14	4	1624	1748	11132619	11132745	8.95e-30	134
NC_003070.9:22620590-22622337	NC_003074.8	85.496	131	9	9	1624	1748	8645213	8645339	4.17e-28	128
NC_003070.9:22620590-22622337	NC_003074.8	83.846	130	13	8	1624	1748	6729051	6728925	9.02e-25	117
NC_003070.9:22620590-22622337	NC_003074.8	91.954	87	2	5	960	1042	11200627	11200712	9.02e-25	117
NC_003070.9:22620590-22622337	NC_003074.8	92.500	80	4	2	33	111	18018781	18018859	1.17e-23	113
NC_003070.9:22620590-22622337	NC_003074.8	92.308	78	6	0	960	1037	3716345	3716422	4.19e-23	111
NC_003070.9:22620590-22622337	NC_003074.8	91.463	82	5	2	960	1039	10862404	10862485	4.19e-23	111
NC_003070.9:22620590-22622337	NC_003074.8	89.773	88	7	2	33	120	16419144	16419229	4.19e-23	111
NC_003070.9:22620590-22622337	NC_003074.8	92.405	79	4	2	34	111	17299939	17299862	4.19e-23	111
NC_003070.9:22620590-22622337	NC_003074.8	91.250	80	7	0	32	111	13327433	13327512	1.51e-22	110
NC_003070.9:22620590-22622337	NC_003074.8	91.139	79	7	0	33	111	18412154	18412232	5.43e-22	108
NC_003070.9:22620590-22622337	NC_003074.8	89.535	86	6	3	960	1042	11535847	11535932	1.95e-21	106
NC_003070.9:22620590-22622337	NC_003074.8	89.535	86	6	3	960	1042	16561657	16561742	1.95e-21	106
NC_003070.9:22620590-22622337	NC_003074.8	89.535	86	6	3	960	1042	17144487	17144402	1.95e-21	106
NC_003070.9:22620590-22622337	NC_003074.8	95.312	64	3	0	33	96	10557346	10557283	2.52e-20	102
NC_003070.9:22620590-22622337	NC_003074.8	82.400	125	15	5	1624	1748	10681509	10681392	2.52e-20	102
NC_003070.9:22620590-22622337	NC_003074.8	84.404	109	12	5	939	1042	17063249	17063141	2.52e-20	102
NC_003070.9:22620590-22622337	NC_003074.8	88.372	86	7	3	960	1042	7996633	7996548	9.08e-20	100
NC_003070.9:22620590-22622337	NC_003074.8	88.372	86	7	3	960	1042	10821443	10821358	9.08e-20	100
NC_003070.9:22620590-22622337	NC_003074.8	88.372	86	7	2	960	1042	15937289	15937374	9.08e-20	100
NC_003070.9:22620590-22622337	NC_003074.8	88.372	86	7	3	960	1042	17277811	17277726	9.08e-20	100
NC_003070.9:22620590-22622337	NC_003074.8	87.640	89	7	3	960	1044	17301275	17301187	9.08e-20	100
NC_003070.9:22620590-22622337	NC_003074.8	98.214	56	1	0	496	551	5622820	5622875	3.27e-19	99.0
NC_003070.9:22620590-22622337	NC_003074.8	89.610	77	8	0	960	1036	17397297	17397221	3.27e-19	99.0
NC_003070.9:22620590-22622337	NC_003074.8	96.610	59	2	0	496	554	20484348	20484290	3.27e-19	99.0
NC_003070.9:22620590-22622337	NC_003074.8	92.537	67	4	1	496	562	18747080	18747145	4.22e-18	95.3
NC_003070.9:22620590-22622337	NC_003074.8	88.312	77	9	0	960	1036	20487139	20487063	1.52e-17	93.5
NC_003070.9:22620590-22622337	NC_003074.8	93.333	60	4	0	958	1017	22118614	22118673	1.97e-16	89.8
NC_003070.9:22620590-22622337	NC_003074.8	94.643	56	0	2	1248	1300	16451587	16451642	9.14e-15	84.2
NC_003070.9:22620590-22622337	NC_003074.8	100.000	38	0	0	1260	1297	7995800	7995763	7.12e-11	71.3
NC_003070.9:22620590-22622337	NC_003074.8	100.000	38	0	0	1260	1297	17062368	17062331	7.12e-11	71.3
NC_003070.9:22620590-22622337	NC_003074.8	89.362	47	2	3	1704	1748	4274975	4274930	1.99e-06	56.5
NC_003070.9:22620590-22622337	NC_003071.7	96.487	797	24	4	953	1748	4024197	4024990	0.0	1314
NC_003070.9:22620590-22622337	NC_003071.7	96.198	789	29	1	960	1748	980614	979827	0.0	1290
NC_003070.9:22620590-22622337	NC_003071.7	94.892	646	29	4	960	1603	7111787	7112430	0.0	1007
NC_003070.9:22620590-22622337	NC_003071.7	88.940	651	56	13	960	1603	6101373	6100732	0.0	789
NC_003070.9:22620590-22622337	NC_003071.7	96.588	469	15	1	33	500	7154736	7154268	0.0	776
NC_003070.9:22620590-22622337	NC_003071.7	95.597	477	18	3	27	500	12094431	12093955	0.0	761
NC_003070.9:22620590-22622337	NC_003071.7	95.570	474	19	2	29	500	13908726	13908253	0.0	758
NC_003070.9:22620590-22622337	NC_003071.7	95.745	470	19	1	32	500	499984	500453	0.0	756
NC_003070.9:22620590-22622337	NC_003071.7	94.351	478	23	4	26	500	17255239	17254763	0.0	730
NC_003070.9:22620590-22622337	NC_003071.7	94.681	470	22	3	32	500	13338078	13337611	0.0	726
NC_003070.9:22620590-22622337	NC_003071.7	94.681	470	22	3	33	500	14333785	14334253	0.0	726
NC_003070.9:22620590-22622337	NC_003071.7	94.280	472	25	2	27	496	6925384	6924913	0.0	721
NC_003070.9:22620590-22622337	NC_003071.7	93.920	477	24	5	26	500	542302	542775	0.0	715
NC_003070.9:22620590-22622337	NC_003071.7	94.181	464	20	3	496	953	13267808	13268270	0.0	701
NC_003070.9:22620590-22622337	NC_003071.7	93.603	469	27	3	33	500	12800994	12801460	0.0	697
NC_003070.9:22620590-22622337	NC_003071.7	93.206	471	28	3	33	500	707442	707911	0.0	689
NC_003070.9:22620590-22622337	NC_003071.7	93.319	464	24	3	496	953	6924481	6924019	0.0	678
NC_003070.9:22620590-22622337	NC_003071.7	92.324	469	33	2	33	500	13266915	13267381	0.0	664
NC_003070.9:22620590-22622337	NC_003071.7	91.755	473	26	9	496	957	12801888	12802358	0.0	645
NC_003070.9:22620590-22622337	NC_003071.7	92.077	467	22	4	496	957	395777	395321	0.0	643
NC_003070.9:22620590-22622337	NC_003071.7	92.111	469	18	6	496	957	11286259	11285803	0.0	643
NC_003070.9:22620590-22622337	NC_003071.7	92.077	467	22	4	496	957	13337200	13336744	0.0	643
NC_003070.9:22620590-22622337	NC_003071.7	90.631	491	22	2	33	500	11287161	11286672	2.60e-179	630
NC_003070.9:22620590-22622337	NC_003071.7	91.435	467	23	5	496	957	17254350	17253896	1.21e-177	625
NC_003070.9:22620590-22622337	NC_003071.7	91.026	468	27	4	496	957	500864	501322	2.03e-175	617
NC_003070.9:22620590-22622337	NC_003071.7	89.979	469	31	5	496	957	708309	708768	1.23e-167	592
NC_003070.9:22620590-22622337	NC_003071.7	92.254	426	18	4	537	957	13907819	13907404	4.42e-167	590
NC_003070.9:22620590-22622337	NC_003071.7	93.443	366	22	2	136	500	396551	396187	1.26e-152	542
NC_003070.9:22620590-22622337	NC_003071.7	88.675	468	21	12	496	957	12093545	12093104	1.26e-152	542
NC_003070.9:22620590-22622337	NC_003071.7	90.370	405	24	7	559	957	7814534	7814139	2.12e-145	518
NC_003070.9:22620590-22622337	NC_003071.7	89.109	404	37	3	559	957	7169367	7168966	9.91e-139	496
NC_003070.9:22620590-22622337	NC_003071.7	92.604	338	18	2	960	1297	7814688	7814358	9.98e-134	479
NC_003070.9:22620590-22622337	NC_003071.7	93.009	329	22	1	973	1300	7959807	7960135	9.98e-134	479
NC_003070.9:22620590-22622337	NC_003071.7	91.813	342	26	2	960	1300	7169521	7169181	1.29e-132	475
NC_003070.9:22620590-22622337	NC_003071.7	95.819	287	9	3	1315	1600	6803611	6803895	3.62e-128	460
NC_003070.9:22620590-22622337	NC_003071.7	94.863	292	13	2	1313	1603	501270	501560	1.68e-126	455
NC_003070.9:22620590-22622337	NC_003071.7	94.863	292	13	2	1313	1603	14334864	14335154	1.68e-126	455
NC_003070.9:22620590-22622337	NC_003071.7	94.521	292	14	2	1313	1603	543388	543678	7.83e-125	449
NC_003070.9:22620590-22622337	NC_003071.7	94.483	290	14	2	1315	1603	13336610	13336322	1.01e-123	446
NC_003070.9:22620590-22622337	NC_003071.7	94.178	292	15	2	1313	1603	395373	395083	3.64e-123	444
NC_003070.9:22620590-22622337	NC_003071.7	94.198	293	14	3	1313	1603	12802305	12802596	3.64e-123	444
NC_003070.9:22620590-22622337	NC_003071.7	94.178	292	15	2	1313	1603	13907456	13907166	3.64e-123	444
NC_003070.9:22620590-22622337	NC_003071.7	92.880	309	14	4	656	957	6663080	6663387	1.31e-122	442
NC_003070.9:22620590-22622337	NC_003071.7	94.138	290	13	3	1315	1603	7814188	7813902	1.69e-121	438
NC_003070.9:22620590-22622337	NC_003071.7	94.118	289	14	3	1313	1600	7169018	7168732	6.09e-121	436
NC_003070.9:22620590-22622337	NC_003071.7	93.493	292	17	2	1313	1603	11285855	11285565	7.88e-120	433
NC_003070.9:22620590-22622337	NC_003071.7	93.493	292	15	4	1313	1603	7960770	7961058	2.83e-119	431
NC_003070.9:22620590-22622337	NC_003071.7	93.426	289	17	2	1315	1603	6663337	6663623	3.67e-118	427
NC_003070.9:22620590-22622337	NC_003071.7	93.151	292	18	2	1313	1603	12093156	12092866	3.67e-118	427
NC_003070.9:22620590-22622337	NC_003071.7	91.803	305	22	3	1313	1616	17253948	17253646	1.71e-116	422
NC_003070.9:22620590-22622337	NC_003071.7	93.309	269	17	1	958	1226	3564383	3564650	1.03e-108	396
NC_003070.9:22620590-22622337	NC_003071.7	93.846	260	16	0	960	1219	3213351	3213092	1.34e-107	392
NC_003070.9:22620590-22622337	NC_003071.7	95.726	234	8	2	267	500	6099666	6099897	1.35e-102	375
NC_003070.9:22620590-22622337	NC_003071.7	90.411	292	13	4	1313	1603	6924068	6923791	6.27e-101	370
NC_003070.9:22620590-22622337	NC_003071.7	92.366	262	13	3	701	957	14334657	14334916	8.11e-100	366
NC_003070.9:22620590-22622337	NC_003071.7	94.872	234	11	1	267	500	12556068	12555836	2.92e-99	364
NC_003070.9:22620590-22622337	NC_003071.7	94.872	234	9	3	267	500	11399238	11399008	1.05e-98	363
NC_003070.9:22620590-22622337	NC_003071.7	94.043	235	11	2	267	500	5843836	5843604	6.31e-96	353
NC_003070.9:22620590-22622337	NC_003071.7	91.045	268	13	6	699	957	543175	543440	2.27e-95	351
NC_003070.9:22620590-22622337	NC_003071.7	93.939	231	14	0	960	1190	2962802	2962572	8.17e-95	350
NC_003070.9:22620590-22622337	NC_003071.7	93.162	234	15	1	267	500	19196619	19196387	1.37e-92	342
NC_003070.9:22620590-22622337	NC_003071.7	89.170	277	25	5	16	288	11399395	11399120	4.91e-92	340
NC_003070.9:22620590-22622337	NC_003071.7	92.735	234	15	2	267	500	1460787	1460556	6.36e-91	337
NC_003070.9:22620590-22622337	NC_003071.7	88.055	293	24	9	1	288	6099499	6099785	6.36e-91	337
NC_003070.9:22620590-22622337	NC_003071.7	90.000	260	20	6	32	287	1460926	1460669	2.96e-89	331
NC_003070.9:22620590-22622337	NC_003071.7	93.333	225	14	1	269	493	6383918	6383695	2.96e-89	331
NC_003070.9:22620590-22622337	NC_003071.7	89.615	260	21	6	33	288	19196757	19196500	1.38e-87	326
NC_003070.9:22620590-22622337	NC_003071.7	90.688	247	17	5	45	288	5843961	5843718	4.95e-87	324
NC_003070.9:22620590-22622337	NC_003071.7	92.105	228	15	3	1378	1603	3213046	3212820	2.30e-85	318
NC_003070.9:22620590-22622337	NC_003071.7	91.213	239	14	3	724	957	6803425	6803661	2.30e-85	318
NC_003070.9:22620590-22622337	NC_003071.7	88.550	262	25	5	31	288	6084088	6084348	1.07e-83	313
NC_003070.9:22620590-22622337	NC_003071.7	88.213	263	21	8	29	287	6384058	6383802	1.79e-81	305
NC_003070.9:22620590-22622337	NC_003071.7	90.598	234	14	3	569	796	7959959	7960190	6.45e-81	303
NC_003070.9:22620590-22622337	NC_003071.7	96.175	183	7	0	1115	1297	6924418	6924236	8.34e-80	300
NC_003070.9:22620590-22622337	NC_003071.7	95.628	183	8	0	1115	1297	13267871	13268053	3.88e-78	294
NC_003070.9:22620590-22622337	NC_003071.7	94.565	184	9	1	559	741	4024359	4024542	8.40e-75	283
NC_003070.9:22620590-22622337	NC_003071.7	94.565	184	9	1	1115	1297	12801954	12802137	8.40e-75	283
NC_003070.9:22620590-22622337	NC_003071.7	93.514	185	11	1	559	742	7111941	7112125	5.06e-72	274
NC_003070.9:22620590-22622337	NC_003071.7	92.896	183	12	1	559	740	980459	980277	3.04e-69	265
NC_003070.9:22620590-22622337	NC_003071.7	93.750	176	10	1	1429	1603	709400	709575	1.09e-68	263
NC_003070.9:22620590-22622337	NC_003071.7	93.296	179	11	1	564	741	6101214	6101036	1.09e-68	263
NC_003070.9:22620590-22622337	NC_003071.7	97.403	154	4	0	496	649	7153858	7153705	1.09e-68	263
NC_003070.9:22620590-22622337	NC_003071.7	85.328	259	19	7	33	288	5467004	5466762	8.52e-65	250
NC_003070.9:22620590-22622337	NC_003071.7	91.444	187	7	2	1115	1300	17254287	17254109	3.06e-64	248
NC_003070.9:22620590-22622337	NC_003071.7	90.256	195	10	2	1103	1297	395726	395541	1.10e-63	246
NC_003070.9:22620590-22622337	NC_003071.7	89.899	198	10	3	1099	1296	13337152	13336965	1.10e-63	246
NC_003070.9:22620590-22622337	NC_003071.7	91.304	184	7	2	1115	1297	11286196	11286021	1.43e-62	243
NC_003070.9:22620590-22622337	NC_003071.7	90.909	187	8	2	1115	1300	13907797	13907619	1.43e-62	243
NC_003070.9:22620590-22622337	NC_003071.7	89.840	187	10	2	1112	1297	500923	501101	3.09e-59	231
NC_003070.9:22620590-22622337	NC_003071.7	97.600	125	2	1	1172	1296	12093447	12093324	1.12e-53	213
NC_003070.9:22620590-22622337	NC_003071.7	93.151	146	9	1	812	957	13336704	13336560	1.12e-53	213
NC_003070.9:22620590-22622337	NC_003071.7	96.032	126	4	1	1313	1438	708716	708840	6.73e-51	204
NC_003070.9:22620590-22622337	NC_003071.7	96.748	123	3	1	1624	1746	13906790	13906669	6.73e-51	204
NC_003070.9:22620590-22622337	NC_003071.7	96.000	125	4	1	1624	1748	6663998	6664121	2.42e-50	202
NC_003070.9:22620590-22622337	NC_003071.7	95.200	125	5	1	1624	1748	3212448	3212325	1.13e-48	196
NC_003070.9:22620590-22622337	NC_003071.7	95.200	125	4	2	1624	1748	7112806	7112928	1.13e-48	196
NC_003070.9:22620590-22622337	NC_003071.7	95.200	125	5	1	1624	1748	11285238	11285115	1.13e-48	196
NC_003070.9:22620590-22622337	NC_003071.7	92.742	124	7	2	834	957	7960700	7960821	4.08e-43	178
NC_003070.9:22620590-22622337	NC_003071.7	92.920	113	7	1	34	146	6101375	6101264	1.14e-38	163
NC_003070.9:22620590-22622337	NC_003071.7	91.964	112	9	0	559	670	3564539	3564650	5.31e-37	158
NC_003070.9:22620590-22622337	NC_003071.7	93.333	105	7	0	559	663	3213196	3213092	1.91e-36	156
NC_003070.9:22620590-22622337	NC_003071.7	100.000	84	0	0	1212	1295	6663080	6663163	1.91e-36	156
NC_003070.9:22620590-22622337	NC_003071.7	94.059	101	5	1	1504	1603	3564666	3564766	2.47e-35	152
NC_003070.9:22620590-22622337	NC_003071.7	93.069	101	7	0	564	664	6661124	6661224	3.20e-34	148
NC_003070.9:22620590-22622337	NC_003071.7	94.681	94	4	1	1313	1406	13336796	13336704	4.14e-33	145
NC_003070.9:22620590-22622337	NC_003071.7	85.938	128	13	5	1624	1748	1038174	1038049	3.22e-29	132
NC_003070.9:22620590-22622337	NC_003071.7	85.938	128	13	4	1624	1748	13102235	13102360	3.22e-29	132
NC_003070.9:22620590-22622337	NC_003071.7	85.156	128	15	4	1624	1748	6206721	6206595	4.17e-28	128
NC_003070.9:22620590-22622337	NC_003071.7	84.375	128	16	4	1624	1748	19623520	19623646	1.94e-26	122
NC_003070.9:22620590-22622337	NC_003071.7	84.091	132	13	6	1624	1748	15134642	15134772	6.97e-26	121
NC_003070.9:22620590-22622337	NC_003071.7	83.969	131	12	9	1624	1748	2139258	2139385	9.02e-25	117
NC_003070.9:22620590-22622337	NC_003071.7	90.588	85	7	1	28	111	3213360	3213276	4.19e-23	111
NC_003070.9:22620590-22622337	NC_003071.7	91.250	80	7	0	32	111	980618	980539	1.51e-22	110
NC_003070.9:22620590-22622337	NC_003071.7	90.361	83	7	1	29	111	7111780	7111861	5.43e-22	108
NC_003070.9:22620590-22622337	NC_003071.7	91.250	80	5	2	31	109	7169526	7169448	5.43e-22	108
NC_003070.9:22620590-22622337	NC_003071.7	88.889	90	5	5	33	121	2962805	2962720	1.95e-21	106
NC_003070.9:22620590-22622337	NC_003071.7	88.043	92	7	4	30	120	3564378	3564466	1.95e-21	106
NC_003070.9:22620590-22622337	NC_003071.7	88.636	88	8	2	33	120	7814691	7814606	1.95e-21	106
NC_003070.9:22620590-22622337	NC_003071.7	89.535	86	6	3	960	1042	11287158	11287073	1.95e-21	106
NC_003070.9:22620590-22622337	NC_003071.7	89.535	86	6	3	960	1042	13908718	13908633	1.95e-21	106
NC_003070.9:22620590-22622337	NC_003071.7	90.909	77	7	0	559	635	2962647	2962571	7.02e-21	104
NC_003070.9:22620590-22622337	NC_003071.7	82.031	128	17	5	1624	1748	7340818	7340942	7.02e-21	104
NC_003070.9:22620590-22622337	NC_003071.7	95.312	64	3	0	33	96	4024201	4024264	2.52e-20	102
NC_003070.9:22620590-22622337	NC_003071.7	88.506	87	6	4	960	1042	12094422	12094336	2.52e-20	102
NC_003070.9:22620590-22622337	NC_003071.7	88.372	86	7	3	960	1042	7154733	7154648	9.08e-20	100
NC_003070.9:22620590-22622337	NC_003071.7	88.372	86	7	3	960	1042	13338074	13337989	9.08e-20	100
NC_003070.9:22620590-22622337	NC_003071.7	87.500	88	8	3	960	1044	6099533	6099620	3.27e-19	99.0
NC_003070.9:22620590-22622337	NC_003071.7	88.235	85	7	3	963	1044	19196751	19196667	3.27e-19	99.0
NC_003070.9:22620590-22622337	NC_003071.7	95.082	61	3	0	960	1020	11399374	11399314	1.17e-18	97.1
NC_003070.9:22620590-22622337	NC_003071.7	92.537	67	5	0	58	124	12555280	12555214	1.17e-18	97.1
NC_003070.9:22620590-22622337	NC_003071.7	87.209	86	8	3	960	1042	499988	500073	4.22e-18	95.3
NC_003070.9:22620590-22622337	NC_003071.7	87.209	86	8	3	960	1042	542311	542396	4.22e-18	95.3
NC_003070.9:22620590-22622337	NC_003071.7	87.209	86	8	3	960	1042	1460922	1460837	4.22e-18	95.3
NC_003070.9:22620590-22622337	NC_003071.7	87.209	86	8	3	960	1042	6925374	6925289	4.22e-18	95.3
NC_003070.9:22620590-22622337	NC_003071.7	87.209	86	7	3	1664	1748	9585273	9585355	4.22e-18	95.3
NC_003070.9:22620590-22622337	NC_003071.7	95.000	60	3	0	958	1017	13266916	13266975	4.22e-18	95.3
NC_003070.9:22620590-22622337	NC_003071.7	87.209	86	8	3	960	1042	14333788	14333873	4.22e-18	95.3
NC_003070.9:22620590-22622337	NC_003071.7	93.443	61	4	0	960	1020	6384051	6383991	5.46e-17	91.6
NC_003070.9:22620590-22622337	NC_003071.7	92.063	63	5	0	49	111	7959807	7959869	1.97e-16	89.8
NC_003070.9:22620590-22622337	NC_003071.7	80.159	126	17	6	1624	1748	8907878	8907996	7.07e-16	87.9
NC_003070.9:22620590-22622337	NC_003071.7	95.556	45	0	1	1255	1297	543175	543219	7.12e-11	71.3
NC_003070.9:22620590-22622337	NC_003071.7	95.556	45	1	1	1257	1300	14334657	14334701	7.12e-11	71.3
NC_003070.9:22620590-22622337	NC_003071.7	89.796	49	2	2	1701	1748	7177636	7177590	1.54e-07	60.2
NC_003070.9:22620590-22622337	NC_003075.7	95.201	646	28	3	960	1603	683216	683860	0.0	1018
NC_003070.9:22620590-22622337	NC_003075.7	95.560	473	18	3	30	500	8730457	8729986	0.0	754
NC_003070.9:22620590-22622337	NC_003075.7	95.106	470	20	3	33	500	11360870	11361338	0.0	737
NC_003070.9:22620590-22622337	NC_003075.7	94.904	471	23	1	31	500	9842610	9842140	0.0	736
NC_003070.9:22620590-22622337	NC_003075.7	94.894	470	23	1	32	500	1349584	1350053	0.0	734
NC_003070.9:22620590-22622337	NC_003075.7	94.692	471	24	1	31	500	1002009	1001539	0.0	730
NC_003070.9:22620590-22622337	NC_003075.7	94.670	469	23	2	33	500	4146126	4146593	0.0	726
NC_003070.9:22620590-22622337	NC_003075.7	94.444	468	25	1	33	500	16865070	16864604	0.0	719
NC_003070.9:22620590-22622337	NC_003075.7	94.243	469	26	1	33	500	9763814	9763346	0.0	715
NC_003070.9:22620590-22622337	NC_003075.7	93.869	473	26	3	30	500	5541392	5540921	0.0	710
NC_003070.9:22620590-22622337	NC_003075.7	92.389	473	32	4	30	500	10397389	10396919	0.0	671
NC_003070.9:22620590-22622337	NC_003075.7	92.688	465	24	5	499	957	1001111	1000651	0.0	662
NC_003070.9:22620590-22622337	NC_003075.7	92.324	469	25	6	496	957	8064502	8064966	0.0	656
NC_003070.9:22620590-22622337	NC_003075.7	91.684	469	20	6	496	957	5540511	5540055	7.24e-180	632
NC_003070.9:22620590-22622337	NC_003075.7	90.832	469	26	6	496	957	11361749	11362207	9.43e-174	612
NC_003070.9:22620590-22622337	NC_003075.7	94.764	382	17	2	121	500	8063697	8064077	1.23e-167	592
NC_003070.9:22620590-22622337	NC_003075.7	90.769	455	22	4	496	944	4147002	4147442	4.42e-167	590
NC_003070.9:22620590-22622337	NC_003075.7	93.086	405	20	4	559	957	6166306	6165904	5.72e-166	586
NC_003070.9:22620590-22622337	NC_003075.7	89.744	468	32	5	496	957	1350463	1350920	2.06e-165	584
NC_003070.9:22620590-22622337	NC_003075.7	92.840	405	20	4	559	957	11193412	11193011	9.57e-164	579
NC_003070.9:22620590-22622337	NC_003075.7	91.549	426	21	4	537	957	8729550	8729135	4.45e-162	573
NC_003070.9:22620590-22622337	NC_003075.7	88.747	471	45	6	32	500	2622007	2621543	5.76e-161	569
NC_003070.9:22620590-22622337	NC_003075.7	94.400	375	14	3	495	863	10396493	10396120	5.76e-161	569
NC_003070.9:22620590-22622337	NC_003075.7	91.771	401	27	2	559	953	371928	371528	5.80e-156	553
NC_003070.9:22620590-22622337	NC_003075.7	95.087	346	14	3	957	1300	11193570	11193226	1.26e-152	542
NC_003070.9:22620590-22622337	NC_003075.7	93.255	341	22	1	960	1300	965796	965457	2.13e-140	501
NC_003070.9:22620590-22622337	NC_003075.7	92.899	338	24	0	960	1297	372083	371746	1.28e-137	492
NC_003070.9:22620590-22622337	NC_003075.7	90.426	376	29	4	33	404	3898130	3897758	1.66e-136	488
NC_003070.9:22620590-22622337	NC_003075.7	92.582	337	25	0	961	1297	6166460	6166124	2.15e-135	484
NC_003070.9:22620590-22622337	NC_003075.7	95.205	292	12	2	1313	1603	1000703	1000413	3.62e-128	460
NC_003070.9:22620590-22622337	NC_003075.7	95.205	292	12	2	1313	1603	8729187	8728897	3.62e-128	460
NC_003070.9:22620590-22622337	NC_003075.7	93.443	305	12	4	564	862	965636	965334	1.01e-123	446
NC_003070.9:22620590-22622337	NC_003075.7	94.178	292	15	2	1313	1603	11362155	11362445	3.64e-123	444
NC_003070.9:22620590-22622337	NC_003075.7	93.836	292	16	2	1313	1603	11193063	11192773	1.69e-121	438
NC_003070.9:22620590-22622337	NC_003075.7	93.772	289	16	2	1313	1600	965003	964716	7.88e-120	433
NC_003070.9:22620590-22622337	NC_003075.7	93.493	292	17	2	1313	1603	1350868	1351158	7.88e-120	433
NC_003070.9:22620590-22622337	NC_003075.7	93.772	289	17	1	1315	1603	5540105	5539818	7.88e-120	433
NC_003070.9:22620590-22622337	NC_003075.7	93.493	292	17	2	1313	1603	8064914	8065204	7.88e-120	433
NC_003070.9:22620590-22622337	NC_003075.7	93.493	292	17	2	1313	1603	16864053	16863763	7.88e-120	433
NC_003070.9:22620590-22622337	NC_003075.7	93.174	293	17	3	1313	1603	6165956	6165665	3.67e-118	427
NC_003070.9:22620590-22622337	NC_003075.7	92.808	292	19	2	1313	1603	371577	371287	1.71e-116	422
NC_003070.9:22620590-22622337	NC_003075.7	93.750	272	14	2	1334	1603	10396119	10395849	1.72e-111	405
NC_003070.9:22620590-22622337	NC_003075.7	95.294	255	10	2	32	285	7853534	7853281	6.18e-111	403
NC_003070.9:22620590-22622337	NC_003075.7	93.233	266	8	5	698	957	16864262	16864001	8.05e-105	383
NC_003070.9:22620590-22622337	NC_003075.7	89.761	293	16	6	1313	1603	4147402	4147682	1.05e-98	363
NC_003070.9:22620590-22622337	NC_003075.7	94.196	224	10	3	278	500	9438920	9439141	1.77e-91	339
NC_003070.9:22620590-22622337	NC_003075.7	89.200	250	21	5	32	278	5354113	5354359	4.98e-82	307
NC_003070.9:22620590-22622337	NC_003075.7	88.168	262	25	6	32	288	5354475	5354735	4.98e-82	307
NC_003070.9:22620590-22622337	NC_003075.7	88.462	260	23	7	33	288	6178448	6178704	4.98e-82	307
NC_003070.9:22620590-22622337	NC_003075.7	96.175	183	7	0	1115	1297	10396429	10396247	8.34e-80	300
NC_003070.9:22620590-22622337	NC_003075.7	94.652	187	8	2	1115	1300	1001051	1000866	1.81e-76	289
NC_003070.9:22620590-22622337	NC_003075.7	93.367	196	12	1	961	1156	14390984	14390790	1.81e-76	289
NC_003070.9:22620590-22622337	NC_003075.7	94.536	183	10	0	1115	1297	8064563	8064745	8.40e-75	283
NC_003070.9:22620590-22622337	NC_003075.7	93.855	179	10	1	564	741	683376	683554	2.35e-70	268
NC_003070.9:22620590-22622337	NC_003075.7	86.100	259	18	6	33	288	314269	314026	1.09e-68	263
NC_003070.9:22620590-22622337	NC_003075.7	91.848	184	6	2	1115	1297	5540448	5540273	3.06e-64	248
NC_003070.9:22620590-22622337	NC_003075.7	89.840	187	10	2	1115	1300	8729528	8729350	3.09e-59	231
NC_003070.9:22620590-22622337	NC_003075.7	84.127	252	22	6	32	283	9438784	9439017	3.99e-58	228
NC_003070.9:22620590-22622337	NC_003075.7	94.521	146	5	2	30	175	8063574	8063716	1.86e-56	222
NC_003070.9:22620590-22622337	NC_003075.7	89.071	183	12	1	1115	1297	1350526	1350700	6.68e-56	220
NC_003070.9:22620590-22622337	NC_003075.7	83.721	258	17	7	33	288	6279022	6279256	6.68e-56	220
NC_003070.9:22620590-22622337	NC_003075.7	87.978	183	8	2	1115	1297	4147065	4147233	6.73e-51	204
NC_003070.9:22620590-22622337	NC_003075.7	96.000	125	4	1	1624	1748	11192398	11192275	2.42e-50	202
NC_003070.9:22620590-22622337	NC_003075.7	95.238	126	4	2	1624	1748	4148058	4148182	3.13e-49	198
NC_003070.9:22620590-22622337	NC_003075.7	95.200	125	5	1	1624	1748	370911	370788	1.13e-48	196
NC_003070.9:22620590-22622337	NC_003075.7	95.200	125	4	2	1624	1748	684236	684358	1.13e-48	196
NC_003070.9:22620590-22622337	NC_003075.7	95.200	125	5	1	1624	1748	8065581	8065704	1.13e-48	196
NC_003070.9:22620590-22622337	NC_003075.7	93.798	129	6	2	960	1087	2520887	2521014	1.46e-47	193
NC_003070.9:22620590-22622337	NC_003075.7	93.600	125	7	1	1624	1748	16863386	16863263	2.44e-45	185
NC_003070.9:22620590-22622337	NC_003075.7	92.453	106	6	2	853	957	965055	964951	8.89e-35	150
NC_003070.9:22620590-22622337	NC_003075.7	88.983	118	9	4	1634	1748	14390378	14390262	1.49e-32	143
NC_003070.9:22620590-22622337	NC_003075.7	84.375	128	16	3	1624	1748	15441777	15441651	1.94e-26	122
NC_003070.9:22620590-22622337	NC_003075.7	89.474	95	7	1	1504	1595	8802411	8802505	9.02e-25	117
NC_003070.9:22620590-22622337	NC_003075.7	92.593	81	5	1	960	1039	5541386	5541306	3.24e-24	115
NC_003070.9:22620590-22622337	NC_003075.7	89.888	89	5	4	954	1039	4146123	4146210	4.19e-23	111
NC_003070.9:22620590-22622337	NC_003075.7	91.250	80	5	2	33	111	2520884	2520962	5.43e-22	108
NC_003070.9:22620590-22622337	NC_003075.7	88.172	93	8	3	953	1042	16865074	16864982	5.43e-22	108
NC_003070.9:22620590-22622337	NC_003075.7	89.535	86	6	3	960	1042	7853530	7853445	1.95e-21	106
NC_003070.9:22620590-22622337	NC_003075.7	89.535	86	6	3	960	1042	11360873	11360958	1.95e-21	106
NC_003070.9:22620590-22622337	NC_003075.7	88.506	87	9	1	25	111	372093	372008	7.02e-21	104
NC_003070.9:22620590-22622337	NC_003075.7	91.026	78	6	1	960	1037	6178451	6178527	7.02e-21	104
NC_003070.9:22620590-22622337	NC_003075.7	90.123	81	6	2	32	111	14390989	14390910	7.02e-21	104
NC_003070.9:22620590-22622337	NC_003075.7	96.721	61	2	0	960	1020	8730450	8730390	2.52e-20	102
NC_003070.9:22620590-22622337	NC_003075.7	88.372	86	7	3	960	1042	8063580	8063665	9.08e-20	100
NC_003070.9:22620590-22622337	NC_003075.7	95.082	61	3	0	960	1020	1002004	1001944	1.17e-18	97.1
NC_003070.9:22620590-22622337	NC_003075.7	87.209	86	8	3	960	1042	314266	314181	4.22e-18	95.3
NC_003070.9:22620590-22622337	NC_003075.7	87.209	86	8	3	960	1042	5354117	5354202	4.22e-18	95.3
NC_003070.9:22620590-22622337	NC_003075.7	86.517	89	8	4	960	1044	7060695	7060607	4.22e-18	95.3
NC_003070.9:22620590-22622337	NC_003075.7	87.209	86	8	3	960	1042	9763811	9763726	4.22e-18	95.3
NC_003070.9:22620590-22622337	NC_003075.7	95.000	60	3	0	961	1020	9842604	9842545	4.22e-18	95.3
NC_003070.9:22620590-22622337	NC_003075.7	94.915	59	3	0	496	554	7059904	7059846	1.52e-17	93.5
NC_003070.9:22620590-22622337	NC_003075.7	80.159	126	17	6	1624	1748	963981	963863	7.07e-16	87.9
NC_003070.9:22620590-22622337	NC_003075.7	100.000	44	0	0	1254	1297	16864262	16864219	3.29e-14	82.4
NC_003070.9:22620590-22622337	NC_003075.7	82.955	88	6	4	960	1044	6279025	6279106	7.12e-11	71.3
NC_003070.9:22620590-22622337	NC_003075.7	89.583	48	4	1	1702	1748	3359187	3359234	1.54e-07	60.2
NC_003070.9:22620590-22622337	NC_003075.7	97.059	34	1	0	467	500	9566078	9566045	5.54e-07	58.4
NC_003070.9:21260142-21261031	NC_003070.9	100.000	890	0	0	1	890	21260142	21261031	0.0	1644
NC_003070.9:21260142-21261031	NC_003070.9	97.654	895	15	2	1	890	11352407	11351514	0.0	1531
NC_003070.9:21260142-21261031	NC_003070.9	87.872	841	48	21	31	854	13407453	13408256	0.0	939
NC_003070.9:21260142-21261031	NC_003070.9	89.751	683	44	8	196	856	5659134	5658456	0.0	850
NC_003070.9:21260142-21261031	NC_003070.9	89.892	554	36	9	316	853	13408253	13408802	0.0	695
NC_003070.9:21260142-21261031	NC_003070.9	82.864	391	31	18	482	856	28522695	28522325	1.16e-85	318
NC_003070.9:21260142-21261031	NC_003070.9	91.379	232	18	2	9	239	17405753	17405523	4.16e-85	316
NC_003070.9:21260142-21261031	NC_003070.9	90.987	233	17	4	8	239	17107531	17107760	1.93e-83	311
NC_003070.9:21260142-21261031	NC_003070.9	90.295	237	16	6	6	239	17102269	17102501	3.24e-81	303
NC_003070.9:21260142-21261031	NC_003070.9	90.393	229	20	2	12	239	17406188	17405961	4.19e-80	300
NC_003070.9:21260142-21261031	NC_003070.9	89.451	237	23	2	5	239	14297749	14297513	1.51e-79	298
NC_003070.9:21260142-21261031	NC_003070.9	86.864	236	15	10	236	456	14297191	14296957	4.28e-65	250
NC_003070.9:21260142-21261031	NC_003070.9	84.211	228	20	11	236	458	17108082	17108298	2.61e-52	207
NC_003070.9:21260142-21261031	NC_003070.9	82.988	241	19	14	232	456	17110893	17111127	1.57e-49	198
NC_003070.9:21260142-21261031	NC_003070.9	89.024	164	6	9	307	461	16317439	16317599	7.31e-48	193
NC_003070.9:21260142-21261031	NC_003070.9	94.340	106	6	0	5	110	19403474	19403369	5.73e-39	163
NC_003070.9:21260142-21261031	NC_003070.9	84.667	150	20	3	4	153	16342971	16342825	5.77e-34	147
NC_003070.9:21260142-21261031	NC_003070.9	83.893	149	22	2	5	153	6234720	6234574	2.69e-32	141
NC_003070.9:21260142-21261031	NC_003070.9	94.253	87	5	0	5	91	5659269	5659183	4.49e-30	134
NC_003070.9:21260142-21261031	NC_003070.9	78.027	223	34	11	8	229	12904177	12903969	7.52e-28	126
NC_003070.9:21260142-21261031	NC_003070.9	79.651	172	28	6	9	174	17103833	17103663	4.53e-25	117
NC_003070.9:21260142-21261031	NC_003070.9	85.047	107	15	1	8	114	17108400	17108505	2.72e-22	108
NC_003070.9:21260142-21261031	NC_003070.9	88.095	84	4	3	236	318	17102823	17102901	2.12e-18	95.3
NC_003070.9:21260142-21261031	NC_003070.9	87.356	87	5	2	236	322	17405357	17405277	2.12e-18	95.3
NC_003070.9:21260142-21261031	NC_003070.9	80.000	120	21	2	3	120	16865004	16864886	1.28e-15	86.1
NC_003070.9:21260142-21261031	NC_003070.9	97.619	42	1	0	236	277	17405795	17405754	9.94e-12	73.1
NC_003070.9:21260142-21261031	NC_003070.9	100.000	33	0	0	858	890	13409285	13409317	2.15e-08	62.1
NC_003070.9:21260142-21261031	NC_003070.9	100.000	30	0	0	861	890	5657973	5657944	1.00e-06	56.5
NC_003070.9:21260142-21261031	NC_003075.7	96.210	897	23	1	5	890	1777276	1778172	0.0	1458
NC_003070.9:21260142-21261031	NC_003075.7	91.501	906	47	13	5	890	6912412	6911517	0.0	1219
NC_003070.9:21260142-21261031	NC_003075.7	90.308	908	45	18	3	890	11979605	11978721	0.0	1149
NC_003070.9:21260142-21261031	NC_003075.7	93.289	745	35	9	5	743	16055475	16054740	0.0	1085
NC_003070.9:21260142-21261031	NC_003075.7	87.567	748	39	22	182	890	1302680	1301948	0.0	817
NC_003070.9:21260142-21261031	NC_003075.7	87.062	657	44	21	236	856	18250817	18250166	0.0	704
NC_003070.9:21260142-21261031	NC_003075.7	91.991	462	31	5	394	853	6064534	6064991	0.0	643
NC_003070.9:21260142-21261031	NC_003075.7	93.979	382	15	5	5	380	10870782	10871161	8.04e-162	571
NC_003070.9:21260142-21261031	NC_003075.7	84.865	555	53	21	313	853	6756679	6757216	1.36e-149	531
NC_003070.9:21260142-21261031	NC_003075.7	91.247	377	29	3	357	732	7235534	7235907	1.78e-143	510
NC_003070.9:21260142-21261031	NC_003075.7	92.082	341	20	6	553	890	10871351	10871687	2.33e-132	473
NC_003070.9:21260142-21261031	NC_003075.7	93.952	248	12	3	5	251	7235161	7235406	8.75e-102	372
NC_003070.9:21260142-21261031	NC_003075.7	89.300	243	20	5	614	853	7235908	7236147	4.19e-80	300
NC_003070.9:21260142-21261031	NC_003075.7	96.089	179	7	0	5	183	1302900	1302722	7.01e-78	292
NC_003070.9:21260142-21261031	NC_003075.7	94.624	186	6	4	1	185	16055646	16055464	1.17e-75	285
NC_003070.9:21260142-21261031	NC_003075.7	84.277	318	21	16	182	498	6064243	6064532	4.22e-75	283
NC_003070.9:21260142-21261031	NC_003075.7	95.930	172	4	3	38	208	18251479	18251310	7.06e-73	276
NC_003070.9:21260142-21261031	NC_003075.7	96.429	168	3	3	5	170	6758030	6757864	2.54e-72	274
NC_003070.9:21260142-21261031	NC_003075.7	88.591	149	14	3	561	708	5634583	5634437	2.05e-43	178
NC_003070.9:21260142-21261031	NC_003075.7	91.870	123	4	1	192	314	7235420	7235536	4.43e-40	167
NC_003070.9:21260142-21261031	NC_003075.7	79.565	230	35	10	5	228	4801847	4801624	3.45e-36	154
NC_003070.9:21260142-21261031	NC_003075.7	90.991	111	7	2	32	141	6757863	6757755	5.77e-34	147
NC_003070.9:21260142-21261031	NC_003075.7	96.552	87	3	0	153	239	18251226	18251140	2.08e-33	145
NC_003070.9:21260142-21261031	NC_003075.7	80.682	88	15	1	6	91	1096866	1096779	4.62e-10	67.6
NC_003070.9:21260142-21261031	NC_003075.7	100.000	33	0	0	858	890	6065475	6065507	2.15e-08	62.1
NC_003070.9:21260142-21261031	NC_003071.7	93.660	899	37	12	4	890	10351571	10352461	0.0	1327
NC_003070.9:21260142-21261031	NC_003071.7	92.977	897	46	12	5	890	8854372	8855262	0.0	1291
NC_003070.9:21260142-21261031	NC_003071.7	91.877	911	47	14	1	890	11556306	11555402	0.0	1247
NC_003070.9:21260142-21261031	NC_003071.7	92.530	830	42	13	70	890	241106	241924	0.0	1171
NC_003070.9:21260142-21261031	NC_003071.7	90.071	564	27	8	4	546	5607443	5607998	0.0	704
NC_003070.9:21260142-21261031	NC_003071.7	85.100	651	50	26	236	856	4086199	4085566	7.87e-177	621
NC_003070.9:21260142-21261031	NC_003071.7	92.632	380	10	10	5	380	19527941	19528306	1.36e-149	531
NC_003070.9:21260142-21261031	NC_003071.7	91.643	347	23	5	547	890	19528506	19528849	6.48e-133	475
NC_003070.9:21260142-21261031	NC_003071.7	86.877	381	39	10	482	856	7977400	7977775	3.99e-115	416
NC_003070.9:21260142-21261031	NC_003071.7	86.753	385	32	9	477	856	6249631	6249261	1.85e-113	411
NC_003070.9:21260142-21261031	NC_003071.7	93.585	265	15	2	5	268	240846	241109	1.87e-108	394
NC_003070.9:21260142-21261031	NC_003071.7	86.006	343	35	8	465	797	1679004	1678665	8.81e-97	355
NC_003070.9:21260142-21261031	NC_003071.7	91.139	237	13	6	10	239	10682759	10682994	1.50e-84	315
NC_003070.9:21260142-21261031	NC_003071.7	85.232	237	17	14	236	456	10683312	10683546	2.00e-58	228
NC_003070.9:21260142-21261031	NC_003071.7	81.579	228	34	8	5	229	4350131	4350353	1.58e-44	182
NC_003070.9:21260142-21261031	NC_003071.7	81.702	235	28	12	4	229	17300156	17299928	1.58e-44	182
NC_003070.9:21260142-21261031	NC_003071.7	80.889	225	33	10	17	234	4449282	4449503	1.23e-40	169
NC_003070.9:21260142-21261031	NC_003071.7	95.283	106	4	1	6	111	4086580	4086476	4.43e-40	167
NC_003070.9:21260142-21261031	NC_003071.7	76.395	233	45	10	8	239	7024283	7024060	4.53e-25	117
NC_003070.9:21260142-21261031	NC_003071.7	87.500	88	11	0	3	90	5648342	5648255	1.27e-20	102
NC_003070.9:21260142-21261031	NC_003071.7	100.000	33	0	0	858	890	5608560	5608592	2.15e-08	62.1
NC_003070.9:21260142-21261031	NC_003071.7	100.000	30	0	0	861	890	4085103	4085074	1.00e-06	56.5
NC_003070.9:21260142-21261031	NC_003076.8	92.257	904	46	11	5	890	24436608	24435711	0.0	1260
NC_003070.9:21260142-21261031	NC_003076.8	91.943	906	47	13	5	890	7833875	7834774	0.0	1245
NC_003070.9:21260142-21261031	NC_003076.8	91.741	896	54	13	3	890	19080546	19081429	0.0	1227
NC_003070.9:21260142-21261031	NC_003076.8	90.743	875	52	12	1	853	7075334	7076201	0.0	1140
NC_003070.9:21260142-21261031	NC_003076.8	90.643	855	50	14	25	856	12091648	12090801	0.0	1109
NC_003070.9:21260142-21261031	NC_003076.8	92.867	701	36	10	199	890	5063067	5062372	0.0	1005
NC_003070.9:21260142-21261031	NC_003076.8	92.576	660	36	11	239	890	18555809	18556463	0.0	935
NC_003070.9:21260142-21261031	NC_003076.8	94.434	557	24	5	1	552	18554303	18554857	0.0	850
NC_003070.9:21260142-21261031	NC_003076.8	94.545	550	20	8	8	552	5063612	5063068	0.0	841
NC_003070.9:21260142-21261031	NC_003076.8	95.215	418	13	5	5	417	17275999	17275584	0.0	654
NC_003070.9:21260142-21261031	NC_003076.8	88.672	512	43	11	384	890	6073051	6072550	1.70e-173	610
NC_003070.9:21260142-21261031	NC_003076.8	95.304	362	10	5	5	361	6073213	6073572	1.04e-160	568
NC_003070.9:21260142-21261031	NC_003076.8	88.863	422	27	12	483	890	17275558	17275143	1.07e-140	501
NC_003070.9:21260142-21261031	NC_003076.8	86.957	391	36	9	476	855	22491525	22491911	6.62e-118	425
NC_003070.9:21260142-21261031	NC_003076.8	91.949	236	12	6	10	239	10270527	10270293	2.48e-87	324
NC_003070.9:21260142-21261031	NC_003076.8	93.158	190	10	3	5	192	6073039	6073227	7.06e-73	276
NC_003070.9:21260142-21261031	NC_003076.8	91.176	204	15	3	2	204	14732806	14732605	2.54e-72	274
NC_003070.9:21260142-21261031	NC_003076.8	84.810	237	18	14	236	456	10269974	10269740	9.32e-57	222
NC_003070.9:21260142-21261031	NC_003076.8	91.367	139	11	1	5	143	6073724	6073587	9.46e-47	189
NC_003070.9:21260142-21261031	NC_003076.8	83.429	175	24	4	5	178	9442640	9442810	2.67e-37	158
NC_003070.9:21260142-21261031	NC_003076.8	84.000	150	22	2	4	153	347805	347658	7.47e-33	143
NC_003070.9:21260142-21261031	NC_003076.8	82.514	183	12	12	236	401	9754558	9754737	7.47e-33	143
NC_003070.9:21260142-21261031	NC_003076.8	95.506	89	4	0	3	91	12091727	12091639	7.47e-33	143
NC_003070.9:21260142-21261031	NC_003076.8	83.444	151	23	2	3	153	24345546	24345398	9.66e-32	139
NC_003070.9:21260142-21261031	NC_003076.8	83.333	150	23	2	4	153	348086	347939	3.47e-31	137
NC_003070.9:21260142-21261031	NC_003076.8	87.826	115	6	6	120	233	13829290	13829397	2.09e-28	128
NC_003070.9:21260142-21261031	NC_003076.8	96.429	56	2	0	199	254	18554858	18554913	7.63e-18	93.5
NC_003070.9:21260142-21261031	NC_003076.8	100.000	33	0	0	858	890	14694059	14694091	2.15e-08	62.1
NC_003070.9:21260142-21261031	NC_003076.8	84.127	63	10	0	4	66	15181590	15181652	2.15e-08	62.1
NC_003070.9:21260142-21261031	NC_003074.8	92.463	889	44	16	13	890	20875605	20876481	0.0	1249
NC_003070.9:21260142-21261031	NC_003074.8	92.094	898	47	13	5	882	5792497	5793390	0.0	1243
NC_003070.9:21260142-21261031	NC_003074.8	90.979	909	49	14	3	890	5380234	5379338	0.0	1194
NC_003070.9:21260142-21261031	NC_003074.8	90.856	853	47	16	25	853	17033331	17034176	0.0	1114
NC_003070.9:21260142-21261031	NC_003074.8	87.986	874	55	22	5	856	15978134	15977289	0.0	987
NC_003070.9:21260142-21261031	NC_003074.8	86.217	653	48	22	236	853	14285833	14286478	0.0	669
NC_003070.9:21260142-21261031	NC_003074.8	84.105	648	49	32	236	853	10842240	10842863	1.73e-163	577
NC_003070.9:21260142-21261031	NC_003074.8	96.186	236	6	3	5	239	14272659	14272892	4.04e-105	383
NC_003070.9:21260142-21261031	NC_003074.8	95.215	209	9	1	32	239	7921762	7921554	5.34e-89	329
NC_003070.9:21260142-21261031	NC_003074.8	92.233	206	11	4	35	239	10841717	10841918	3.26e-76	287
NC_003070.9:21260142-21261031	NC_003074.8	96.429	168	4	2	4	170	7922198	7922032	7.06e-73	276
NC_003070.9:21260142-21261031	NC_003074.8	95.238	168	6	2	4	170	7921929	7921763	1.53e-69	265
NC_003070.9:21260142-21261031	NC_003074.8	92.771	166	10	2	5	170	10841550	10841713	9.26e-62	239
NC_003070.9:21260142-21261031	NC_003074.8	84.979	233	19	13	236	457	10642947	10642720	9.32e-57	222
NC_003070.9:21260142-21261031	NC_003074.8	92.086	139	8	2	4	141	7922328	7922192	7.31e-48	193
NC_003070.9:21260142-21261031	NC_003074.8	92.029	138	8	2	5	141	7922457	7922322	2.63e-47	191
NC_003070.9:21260142-21261031	NC_003074.8	80.498	241	23	15	236	458	2647998	2648232	5.73e-39	163
NC_003070.9:21260142-21261031	NC_003074.8	90.090	111	8	2	32	141	7922031	7921923	2.69e-32	141
NC_003070.9:21260142-21261031	NC_003074.8	95.238	84	4	0	5	88	17033254	17033337	4.49e-30	134
NC_003070.9:21260142-21261031	NC_003074.8	77.957	186	23	10	5	183	11132804	11132978	4.56e-20	100
NC_003070.9:21260142-21261031	NC_003074.8	90.909	66	6	0	173	238	14285443	14285508	9.87e-17	89.8
NC_003070.9:21260142-21261031	NC_003074.8	96.970	33	1	0	858	890	14286941	14286973	1.00e-06	56.5
NC_003076.8:347015-347513	NC_003076.8	100.000	499	0	0	1	499	347513	347015	0.0	922
NC_003076.8:347015-347513	NC_003076.8	97.586	497	10	2	1	496	24344587	24344092	0.0	850
NC_003076.8:347015-347513	NC_003076.8	94.810	501	20	5	1	499	15715180	15715676	0.0	776
NC_003076.8:347015-347513	NC_003076.8	94.924	394	15	4	1	392	7352315	7352705	2.59e-174	612
NC_003076.8:347015-347513	NC_003076.8	96.096	333	7	3	1	328	24344923	24344592	4.46e-152	538
NC_003076.8:347015-347513	NC_003076.8	95.224	335	7	4	1	328	24345260	24344928	4.49e-147	521
NC_003076.8:347015-347513	NC_003076.8	94.624	93	4	1	408	499	7352674	7352766	4.09e-33	143
NC_003076.8:347015-347513	NC_003076.8	83.065	124	13	5	382	499	10072760	10072881	5.36e-22	106
NC_003076.8:347015-347513	NC_003076.8	100.000	34	0	0	466	499	6072582	6072549	3.27e-09	63.9
NC_003076.8:347015-347513	NC_003071.7	98.798	499	5	1	1	499	6297702	6297205	0.0	887
NC_003076.8:347015-347513	NC_003071.7	97.395	499	12	1	1	499	17299918	17299421	0.0	848
NC_003076.8:347015-347513	NC_003071.7	95.808	501	16	4	1	499	1903149	1903646	0.0	804
NC_003076.8:347015-347513	NC_003071.7	94.841	504	17	5	1	498	15371598	15371098	0.0	778
NC_003076.8:347015-347513	NC_003071.7	78.017	232	39	9	276	499	7730344	7730571	6.84e-31	135
NC_003076.8:347015-347513	NC_003071.7	83.077	65	9	2	436	498	1092223	1092287	1.52e-07	58.4
NC_003076.8:347015-347513	NC_003070.9	95.600	500	17	4	1	498	12874134	12873638	0.0	797
NC_003076.8:347015-347513	NC_003070.9	95.210	501	18	5	1	499	3771537	3771041	0.0	787
NC_003076.8:347015-347513	NC_003070.9	94.882	508	8	4	1	498	6234435	6233936	0.0	778
NC_003076.8:347015-347513	NC_003070.9	92.045	352	23	4	3	353	16341625	16341278	1.27e-137	490
NC_003076.8:347015-347513	NC_003070.9	91.218	353	24	7	3	353	16339904	16339557	1.28e-132	473
NC_003076.8:347015-347513	NC_003075.7	95.010	501	19	5	1	499	7404282	7404778	0.0	782
NC_003076.8:347015-347513	NC_003075.7	94.059	505	20	6	1	499	8769045	8768545	0.0	758
NC_003076.8:347015-347513	NC_003075.7	93.196	485	26	5	1	482	417937	417457	0.0	706
NC_003076.8:347015-347513	NC_003075.7	94.077	439	17	7	65	499	12844723	12844290	0.0	658
NC_003076.8:347015-347513	NC_003075.7	80.992	121	16	5	384	499	6626041	6626159	5.40e-17	89.8
NC_003076.8:347015-347513	NC_003074.8	94.000	500	22	5	1	498	3874097	3874590	0.0	750
NC_003076.8:347015-347513	NC_003074.8	93.214	501	29	4	1	499	7291661	7291164	0.0	732
NC_003076.8:347015-347513	NC_003074.8	93.004	486	26	7	1	482	4216839	4216358	0.0	702
NC_003076.8:347015-347513	NC_003074.8	94.521	438	18	5	63	498	3988112	3987679	0.0	671
NC_003076.8:1180634-1181406	NC_003076.8	100.000	773	0	0	1	773	1180634	1181406	0.0	1428
NC_003076.8:1180634-1181406	NC_003076.8	85.672	335	37	10	440	770	9176244	9176571	5.93e-93	342
NC_003076.8:1180634-1181406	NC_003076.8	78.344	157	25	7	365	513	9721993	9722148	6.59e-18	93.5
NC_003076.8:1180634-1181406	NC_003074.8	88.305	761	75	9	20	769	4796712	4795955	0.0	900
NC_003076.8:1180634-1181406	NC_003075.7	86.005	786	78	19	1	773	5193835	5194601	0.0	813
NC_003076.8:1180634-1181406	NC_003075.7	81.223	229	17	6	556	768	8598236	8598454	1.78e-38	161
NC_003076.8:1180634-1181406	NC_003070.9	83.280	622	87	13	155	766	16879312	16879926	1.95e-157	556
NC_003076.8:1180634-1181406	NC_003070.9	88.024	167	16	3	129	294	13565802	13565965	1.76e-48	195
NC_003076.8:1180634-1181406	NC_003070.9	80.753	239	34	9	536	770	13366259	13366489	6.37e-43	176
NC_003076.8:1180634-1181406	NC_003071.7	88.210	229	23	4	277	502	2256341	2256114	2.84e-71	270
NC_003076.8:1180634-1181406	NC_003071.7	82.540	126	9	10	1	124	17275158	17275272	1.42e-19	99.0
NC_003076.8:1410060-1411354	NC_003076.8	100.000	1295	0	0	1	1295	1410060	1411354	0.0	2392
NC_003076.8:1410060-1411354	NC_003074.8	92.792	874	47	6	429	1295	10747783	10748647	0.0	1251
NC_003076.8:1410060-1411354	NC_003071.7	85.428	899	87	20	432	1295	4106148	4107037	0.0	894
NC_003076.8:1410060-1411354	NC_003071.7	85.239	901	90	19	428	1295	4107667	4108557	0.0	887
NC_003076.8:1410060-1411354	NC_003071.7	85.781	429	42	11	1	416	4105114	4105536	4.49e-121	436
NC_003076.8:1410060-1411354	NC_003071.7	84.330	351	44	8	950	1293	4105199	4105545	6.06e-90	333
NC_003076.8:1410060-1411354	NC_003071.7	83.965	343	34	13	85	416	4106694	4107026	1.02e-82	309
NC_003076.8:2603151-2605539	NC_003076.8	100.000	2389	0	0	1	2389	2603151	2605539	0.0	4412
NC_003076.8:2603151-2605539	NC_003076.8	98.071	2385	41	5	6	2388	26485402	26483021	0.0	4145
NC_003076.8:2603151-2605539	NC_003076.8	96.619	2366	71	7	24	2388	2189193	2186836	0.0	3917
NC_003076.8:2603151-2605539	NC_003076.8	96.064	2388	72	5	3	2389	3116667	3114301	0.0	3869
NC_003076.8:2603151-2605539	NC_003076.8	95.856	2389	86	7	3	2388	13621995	13619617	0.0	3851
NC_003076.8:2603151-2605539	NC_003076.8	97.041	1994	47	9	3	1989	14846589	14848577	0.0	3345
NC_003076.8:2603151-2605539	NC_003076.8	94.630	1620	52	11	2	1610	14002783	14004378	0.0	2477
NC_003076.8:2603151-2605539	NC_003076.8	94.231	1612	63	10	4	1610	15387839	15386253	0.0	2435
NC_003076.8:2603151-2605539	NC_003076.8	93.928	1614	61	11	1	1610	13547009	13548589	0.0	2403
NC_003076.8:2603151-2605539	NC_003076.8	95.948	1234	41	3	1156	2389	19419668	19420892	0.0	1993
NC_003076.8:2603151-2605539	NC_003076.8	91.453	1053	43	21	1	1031	19418946	19419973	0.0	1402
NC_003076.8:2603151-2605539	NC_003076.8	94.482	888	23	7	2	883	10210111	10210978	0.0	1345
NC_003076.8:2603151-2605539	NC_003076.8	94.688	640	34	0	1748	2387	10211397	10212036	0.0	994
NC_003076.8:2603151-2605539	NC_003076.8	94.255	644	35	2	1746	2388	15386242	15385600	0.0	983
NC_003076.8:2603151-2605539	NC_003076.8	93.292	641	43	0	1748	2388	13548602	13549242	0.0	946
NC_003076.8:2603151-2605539	NC_003076.8	91.745	642	41	4	1748	2388	14004391	14005021	0.0	881
NC_003076.8:2603151-2605539	NC_003076.8	93.814	582	32	4	1809	2388	14848227	14848806	0.0	872
NC_003076.8:2603151-2605539	NC_003076.8	88.018	651	62	11	191	834	13608020	13607379	0.0	756
NC_003076.8:2603151-2605539	NC_003076.8	94.958	357	16	2	1255	1610	10211029	10211384	1.71e-157	558
NC_003076.8:2603151-2605539	NC_003076.8	82.353	680	71	31	187	856	9827928	9827288	1.33e-153	545
NC_003076.8:2603151-2605539	NC_003076.8	94.571	350	18	1	1641	1989	19420313	19420662	6.20e-152	540
NC_003076.8:2603151-2605539	NC_003076.8	93.333	360	23	1	1809	2168	26483768	26483410	3.73e-149	531
NC_003076.8:2603151-2605539	NC_003076.8	93.056	360	24	1	1809	2168	2604791	2605149	1.73e-147	525
NC_003076.8:2603151-2605539	NC_003076.8	93.056	360	24	1	1641	1999	2604959	2605318	1.73e-147	525
NC_003076.8:2603151-2605539	NC_003076.8	94.203	345	17	2	1809	2153	2187579	2187238	6.24e-147	523
NC_003076.8:2603151-2605539	NC_003076.8	92.818	362	25	1	1807	2168	3115051	3114691	6.24e-147	523
NC_003076.8:2603151-2605539	NC_003076.8	92.222	360	27	1	1809	2168	13620363	13620005	1.75e-142	508
NC_003076.8:2603151-2605539	NC_003076.8	92.500	360	19	3	1809	2168	19420152	19420503	1.75e-142	508
NC_003076.8:2603151-2605539	NC_003076.8	92.635	353	24	2	1641	1992	13620195	13619844	6.28e-142	507
NC_003076.8:2603151-2605539	NC_003076.8	92.635	353	25	1	1641	1992	26483600	26483248	6.28e-142	507
NC_003076.8:2603151-2605539	NC_003076.8	92.351	353	26	1	1641	1992	3114881	3114529	2.92e-140	501
NC_003076.8:2603151-2605539	NC_003076.8	92.000	350	27	1	1641	1989	10211458	10211807	6.33e-137	490
NC_003076.8:2603151-2605539	NC_003076.8	91.218	353	30	1	1641	1992	15386179	15385827	1.37e-133	479
NC_003076.8:2603151-2605539	NC_003076.8	91.279	344	26	3	1651	1992	2187404	2187063	1.07e-129	466
NC_003076.8:2603151-2605539	NC_003076.8	90.313	351	31	3	1641	1989	13548663	13549012	6.42e-127	457
NC_003076.8:2603151-2605539	NC_003076.8	89.548	354	36	1	1641	1993	14004452	14004805	3.86e-124	448
NC_003076.8:2603151-2605539	NC_003076.8	96.429	252	9	0	1917	2168	10211397	10211648	1.09e-114	416
NC_003076.8:2603151-2605539	NC_003076.8	95.669	254	11	0	1915	2168	15386242	15385989	1.82e-112	409
NC_003076.8:2603151-2605539	NC_003076.8	94.841	252	13	0	1917	2168	13548602	13548853	5.10e-108	394
NC_003076.8:2603151-2605539	NC_003076.8	93.651	252	16	0	1917	2168	14004391	14004642	5.14e-103	377
NC_003076.8:2603151-2605539	NC_003076.8	95.480	177	7	1	1978	2154	2187579	2187404	4.15e-74	281
NC_003076.8:2603151-2605539	NC_003076.8	92.818	181	12	1	1641	1820	10211627	10211807	5.40e-68	261
NC_003076.8:2603151-2605539	NC_003076.8	80.054	371	59	7	1199	1557	14057980	14058347	5.40e-68	261
NC_003076.8:2603151-2605539	NC_003076.8	91.099	191	16	1	1978	2168	13620363	13620174	6.99e-67	257
NC_003076.8:2603151-2605539	NC_003076.8	91.892	185	14	1	1641	1824	14004621	14004805	6.99e-67	257
NC_003076.8:2603151-2605539	NC_003076.8	90.674	193	15	3	1978	2168	14848227	14848418	9.04e-66	254
NC_003076.8:2603151-2605539	NC_003076.8	90.576	191	17	1	1978	2168	2604791	2604980	3.25e-65	252
NC_003076.8:2603151-2605539	NC_003076.8	90.576	191	17	1	1641	1830	2605128	2605318	3.25e-65	252
NC_003076.8:2603151-2605539	NC_003076.8	91.257	183	16	0	1641	1823	13620026	13619844	1.17e-64	250
NC_003076.8:2603151-2605539	NC_003076.8	90.761	184	16	1	1641	1823	3114712	3114529	5.44e-63	244
NC_003076.8:2603151-2605539	NC_003076.8	90.761	184	16	1	1641	1823	15386010	15385827	5.44e-63	244
NC_003076.8:2603151-2605539	NC_003076.8	91.160	181	15	1	1641	1820	19420482	19420662	5.44e-63	244
NC_003076.8:2603151-2605539	NC_003076.8	90.761	184	16	1	1641	1823	26483431	26483248	5.44e-63	244
NC_003076.8:2603151-2605539	NC_003076.8	88.945	199	16	4	475	672	15386824	15386631	7.04e-62	241
NC_003076.8:2603151-2605539	NC_003076.8	90.608	181	16	1	1641	1820	14848397	14848577	2.53e-61	239
NC_003076.8:2603151-2605539	NC_003076.8	84.898	245	22	12	466	704	13548005	13548240	1.18e-59	233
NC_003076.8:2603151-2605539	NC_003076.8	90.055	181	17	1	1641	1820	13548832	13549012	1.18e-59	233
NC_003076.8:2603151-2605539	NC_003076.8	89.005	191	13	4	1978	2168	19420152	19420334	1.52e-58	230
NC_003076.8:2603151-2605539	NC_003076.8	88.482	191	21	1	1978	2168	26483768	26483579	1.52e-58	230
NC_003076.8:2603151-2605539	NC_003076.8	90.058	171	16	1	1654	1823	2187233	2187063	9.17e-56	220
NC_003076.8:2603151-2605539	NC_003076.8	81.982	222	34	6	1245	1462	15088492	15088273	1.20e-44	183
NC_003076.8:2603151-2605539	NC_003076.8	80.870	230	39	5	1247	1475	14439921	14440146	2.01e-42	176
NC_003076.8:2603151-2605539	NC_003076.8	80.870	230	39	5	1247	1475	14499221	14499446	2.01e-42	176
NC_003076.8:2603151-2605539	NC_003076.8	89.683	126	10	3	909	1031	14658553	14658428	7.29e-37	158
NC_003076.8:2603151-2605539	NC_003076.8	95.238	84	2	2	2086	2168	10211397	10211479	4.42e-29	132
NC_003076.8:2603151-2605539	NC_003076.8	94.118	85	5	0	2084	2168	15386242	15386158	1.59e-28	130
NC_003076.8:2603151-2605539	NC_003076.8	93.976	83	5	0	2086	2168	13548602	13548684	2.06e-27	126
NC_003076.8:2603151-2605539	NC_003076.8	93.976	83	5	0	2086	2168	14004391	14004473	2.06e-27	126
NC_003076.8:2603151-2605539	NC_003071.7	97.657	2390	45	8	2	2389	6680830	6678450	0.0	4093
NC_003076.8:2603151-2605539	NC_003071.7	96.777	2389	69	7	3	2388	10018073	10020456	0.0	3978
NC_003076.8:2603151-2605539	NC_003071.7	96.566	2388	65	6	2	2388	6855037	6852666	0.0	3940
NC_003076.8:2603151-2605539	NC_003071.7	96.257	2378	68	6	3	2365	8420556	8422927	0.0	3879
NC_003076.8:2603151-2605539	NC_003071.7	92.518	1537	59	18	79	1610	5872085	5870600	0.0	2150
NC_003076.8:2603151-2605539	NC_003071.7	83.369	1383	151	51	172	1516	3196022	3197363	0.0	1206
NC_003076.8:2603151-2605539	NC_003071.7	89.525	716	62	10	178	889	6205742	6206448	0.0	894
NC_003076.8:2603151-2605539	NC_003071.7	93.814	388	23	1	2002	2389	5869810	5869424	1.02e-164	582
NC_003076.8:2603151-2605539	NC_003071.7	93.889	360	21	1	1809	2168	6679198	6678840	1.72e-152	542
NC_003076.8:2603151-2605539	NC_003071.7	94.051	353	20	1	1641	1992	6679030	6678678	2.88e-150	534
NC_003076.8:2603151-2605539	NC_003071.7	93.333	360	23	1	1809	2168	8422203	8422561	3.73e-149	531
NC_003076.8:2603151-2605539	NC_003071.7	93.277	357	23	1	1812	2168	6853410	6853055	1.73e-147	525
NC_003076.8:2603151-2605539	NC_003071.7	92.918	353	24	1	1641	1992	6853245	6852893	1.35e-143	512
NC_003076.8:2603151-2605539	NC_003071.7	93.143	350	23	1	1641	1989	8422371	8422720	1.35e-143	512
NC_003076.8:2603151-2605539	NC_003071.7	92.222	360	27	1	1809	2168	10019709	10020067	1.75e-142	508
NC_003076.8:2603151-2605539	NC_003071.7	92.857	350	24	1	1641	1989	10019877	10020226	6.28e-142	507
NC_003076.8:2603151-2605539	NC_003071.7	80.111	719	101	27	3	715	4146747	4147429	3.78e-139	497
NC_003076.8:2603151-2605539	NC_003071.7	95.339	236	11	0	1917	2152	5870587	5870352	1.85e-102	375
NC_003076.8:2603151-2605539	NC_003071.7	93.220	236	16	0	1748	1983	5870587	5870352	4.03e-94	348
NC_003076.8:2603151-2605539	NC_003071.7	89.259	270	21	8	767	1031	3197042	3197308	4.06e-89	331
NC_003076.8:2603151-2605539	NC_003071.7	96.273	161	6	0	508	668	7153706	7153546	4.18e-69	265
NC_003076.8:2603151-2605539	NC_003071.7	92.021	188	14	1	1981	2168	6853410	6853224	1.50e-68	263
NC_003076.8:2603151-2605539	NC_003071.7	91.623	191	15	1	1978	2168	8422203	8422392	1.50e-68	263
NC_003076.8:2603151-2605539	NC_003071.7	92.818	181	12	1	1641	1820	10020046	10020226	5.40e-68	261
NC_003076.8:2603151-2605539	NC_003071.7	91.099	191	16	1	1978	2168	10019709	10019898	6.99e-67	257
NC_003076.8:2603151-2605539	NC_003071.7	92.265	181	13	1	1644	1823	6678858	6678678	2.51e-66	255
NC_003076.8:2603151-2605539	NC_003071.7	92.265	181	13	1	1641	1820	8422540	8422720	2.51e-66	255
NC_003076.8:2603151-2605539	NC_003071.7	90.576	191	17	1	1978	2168	6679198	6679009	3.25e-65	252
NC_003076.8:2603151-2605539	NC_003071.7	91.160	181	15	1	1644	1823	6853073	6852893	5.44e-63	244
NC_003076.8:2603151-2605539	NC_003071.7	86.207	232	21	9	475	704	5871167	5870945	7.04e-62	241
NC_003076.8:2603151-2605539	NC_003071.7	85.043	234	25	10	475	704	3196870	3197097	1.52e-58	230
NC_003076.8:2603151-2605539	NC_003071.7	92.994	157	11	0	1836	1992	5869807	5869651	1.52e-58	230
NC_003076.8:2603151-2605539	NC_003071.7	90.286	175	16	1	1641	1814	5870526	5870352	5.48e-58	228
NC_003076.8:2603151-2605539	NC_003071.7	90.625	160	14	1	1665	1823	5869810	5869651	5.52e-53	211
NC_003076.8:2603151-2605539	NC_003071.7	86.154	195	23	2	1041	1231	6206035	6206229	7.14e-52	207
NC_003076.8:2603151-2605539	NC_003071.7	91.270	126	8	3	909	1031	6207325	6207200	3.37e-40	169
NC_003076.8:2603151-2605539	NC_003071.7	90.323	124	8	4	911	1031	4099142	4099020	2.03e-37	159
NC_003076.8:2603151-2605539	NC_003071.7	91.566	83	7	0	2086	2168	5870587	5870505	4.45e-24	115
NC_003076.8:2603151-2605539	NC_003074.8	97.444	2387	56	5	3	2388	12661999	12659617	0.0	4065
NC_003076.8:2603151-2605539	NC_003074.8	94.541	1612	54	11	2	1610	10509519	10511099	0.0	2459
NC_003076.8:2603151-2605539	NC_003074.8	88.291	1896	109	48	2	1823	17070823	17068967	0.0	2167
NC_003076.8:2603151-2605539	NC_003074.8	97.251	982	25	2	1	981	16213449	16212469	0.0	1663
NC_003076.8:2603151-2605539	NC_003074.8	93.468	643	40	1	1748	2388	10511112	10511754	0.0	953
NC_003076.8:2603151-2605539	NC_003074.8	93.889	360	21	1	1809	2168	12660363	12660005	1.72e-152	542
NC_003076.8:2603151-2605539	NC_003074.8	90.168	417	32	5	1978	2388	17069149	17068736	2.88e-150	534
NC_003076.8:2603151-2605539	NC_003074.8	93.201	353	23	1	1641	1992	12660195	12659843	2.90e-145	518
NC_003076.8:2603151-2605539	NC_003074.8	90.857	350	31	1	1641	1989	10511173	10511522	2.97e-130	468
NC_003076.8:2603151-2605539	NC_003074.8	96.825	252	8	0	1917	2168	10511112	10511363	2.34e-116	422
NC_003076.8:2603151-2605539	NC_003074.8	91.623	191	15	1	1978	2168	12660363	12660174	1.50e-68	263
NC_003076.8:2603151-2605539	NC_003074.8	91.848	184	14	1	1641	1823	12660026	12659843	2.51e-66	255
NC_003076.8:2603151-2605539	NC_003074.8	91.848	184	14	1	1809	1992	17069149	17068967	2.51e-66	255
NC_003076.8:2603151-2605539	NC_003074.8	84.553	246	25	11	462	704	10510518	10510753	4.24e-59	231
NC_003076.8:2603151-2605539	NC_003074.8	95.833	120	5	0	3	122	4289110	4288991	5.56e-48	195
NC_003076.8:2603151-2605539	NC_003074.8	95.181	83	4	0	2086	2168	10511112	10511194	4.42e-29	132
NC_003076.8:2603151-2605539	NC_003070.9	97.111	2388	62	7	4	2389	11706451	11708833	0.0	4021
NC_003076.8:2603151-2605539	NC_003070.9	96.654	2391	51	5	1	2389	7281720	7284083	0.0	3945
NC_003076.8:2603151-2605539	NC_003070.9	96.400	2389	77	9	3	2388	16593135	16590753	0.0	3927
NC_003076.8:2603151-2605539	NC_003070.9	97.000	2167	51	10	3	2168	11410300	11408147	0.0	3629
NC_003076.8:2603151-2605539	NC_003070.9	96.361	2006	49	8	2	1989	20972072	20974071	0.0	3278
NC_003076.8:2603151-2605539	NC_003070.9	89.502	2029	123	27	3	1987	16987734	16989716	0.0	2484
NC_003076.8:2603151-2605539	NC_003070.9	93.490	1613	50	21	3	1610	16968238	16966676	0.0	2346
NC_003076.8:2603151-2605539	NC_003070.9	96.342	1203	36	2	1156	2357	759310	760505	0.0	1971
NC_003076.8:2603151-2605539	NC_003070.9	96.280	887	26	6	2	883	26781148	26780264	0.0	1448
NC_003076.8:2603151-2605539	NC_003070.9	91.056	1051	48	20	3	1031	758590	759616	0.0	1378
NC_003076.8:2603151-2605539	NC_003070.9	94.800	750	37	2	1641	2389	11408506	11407758	0.0	1168
NC_003076.8:2603151-2605539	NC_003070.9	87.475	998	57	36	526	1464	16261098	16262086	0.0	1088
NC_003076.8:2603151-2605539	NC_003070.9	93.750	640	40	0	1748	2387	16966663	16966024	0.0	961
NC_003076.8:2603151-2605539	NC_003070.9	94.637	578	28	2	1809	2386	20973725	20974299	0.0	893
NC_003076.8:2603151-2605539	NC_003070.9	92.771	581	42	0	1809	2389	16989369	16989949	0.0	841
NC_003076.8:2603151-2605539	NC_003070.9	92.424	462	35	0	1928	2389	26779719	26779258	0.0	660
NC_003076.8:2603151-2605539	NC_003070.9	87.664	535	37	9	2	534	16259817	16260324	1.30e-168	595
NC_003076.8:2603151-2605539	NC_003070.9	91.484	411	34	1	1978	2388	16262144	16262553	3.68e-159	564
NC_003076.8:2603151-2605539	NC_003070.9	94.693	358	17	2	1255	1610	26780214	26779857	2.21e-156	555
NC_003076.8:2603151-2605539	NC_003070.9	94.167	360	20	1	1809	2168	11408674	11408316	3.70e-154	547
NC_003076.8:2603151-2605539	NC_003070.9	93.889	360	21	1	1809	2168	7283335	7283693	1.72e-152	542
NC_003076.8:2603151-2605539	NC_003070.9	94.000	350	20	1	1641	1989	759956	760305	1.34e-148	529
NC_003076.8:2603151-2605539	NC_003070.9	94.000	350	20	1	1641	1989	7283503	7283852	1.34e-148	529
NC_003076.8:2603151-2605539	NC_003070.9	93.333	360	16	3	1809	2168	759795	760146	1.73e-147	525
NC_003076.8:2603151-2605539	NC_003070.9	93.201	353	23	1	1641	1992	11408337	11407985	2.90e-145	518
NC_003076.8:2603151-2605539	NC_003070.9	93.429	350	22	1	1641	1989	11708253	11708602	2.90e-145	518
NC_003076.8:2603151-2605539	NC_003070.9	91.967	361	26	3	1809	2168	11708085	11708443	8.13e-141	503
NC_003076.8:2603151-2605539	NC_003070.9	92.157	357	27	1	1812	2168	16591497	16591142	8.13e-141	503
NC_003076.8:2603151-2605539	NC_003070.9	92.351	353	26	1	1641	1992	16591332	16590980	2.92e-140	501
NC_003076.8:2603151-2605539	NC_003070.9	90.935	353	31	1	1641	1992	16966602	16966250	6.37e-132	473
NC_003076.8:2603151-2605539	NC_003070.9	92.260	323	21	4	1	322	16699392	16699073	2.31e-126	455
NC_003076.8:2603151-2605539	NC_003070.9	96.032	252	10	0	1917	2168	16966663	16966412	5.07e-113	411
NC_003076.8:2603151-2605539	NC_003070.9	92.373	236	18	0	1757	1992	26779721	26779486	8.73e-91	337
NC_003076.8:2603151-2605539	NC_003070.9	93.194	191	13	0	1978	2168	16989369	16989559	4.15e-74	281
NC_003076.8:2603151-2605539	NC_003070.9	95.480	177	7	1	1978	2154	20973725	20973900	4.15e-74	281
NC_003076.8:2603151-2605539	NC_003070.9	87.449	247	21	5	1583	1820	16262079	16262324	1.93e-72	276
NC_003076.8:2603151-2605539	NC_003070.9	92.670	191	13	1	1978	2168	11408674	11408485	6.94e-72	274
NC_003076.8:2603151-2605539	NC_003070.9	92.818	181	12	1	1641	1820	11708422	11708602	5.40e-68	261
NC_003076.8:2603151-2605539	NC_003070.9	90.576	191	17	1	1978	2168	7283335	7283524	3.25e-65	252
NC_003076.8:2603151-2605539	NC_003070.9	91.304	184	15	1	1641	1823	16591163	16590980	1.17e-64	250
NC_003076.8:2603151-2605539	NC_003070.9	91.304	184	15	1	1641	1823	16966433	16966250	1.17e-64	250
NC_003076.8:2603151-2605539	NC_003070.9	90.426	188	17	1	1981	2168	16591497	16591311	1.51e-63	246
NC_003076.8:2603151-2605539	NC_003070.9	91.160	181	15	1	1641	1820	7283672	7283852	5.44e-63	244
NC_003076.8:2603151-2605539	NC_003070.9	90.052	191	11	4	1978	2168	759795	759977	7.04e-62	241
NC_003076.8:2603151-2605539	NC_003070.9	90.608	181	16	1	1641	1820	760125	760305	2.53e-61	239
NC_003076.8:2603151-2605539	NC_003070.9	90.055	181	18	0	1809	1989	16262144	16262324	3.27e-60	235
NC_003076.8:2603151-2605539	NC_003070.9	90.503	179	16	1	1641	1818	16989538	16989716	3.27e-60	235
NC_003076.8:2603151-2605539	NC_003070.9	89.130	184	19	1	1641	1823	26779669	26779486	5.48e-58	228
NC_003076.8:2603151-2605539	NC_003070.9	84.549	233	24	10	475	704	16967249	16967026	9.17e-56	220
NC_003076.8:2603151-2605539	NC_003070.9	96.241	133	5	0	1920	2052	26779841	26779709	3.30e-55	219
NC_003076.8:2603151-2605539	NC_003070.9	87.000	200	17	6	475	672	16988743	16988935	1.19e-54	217
NC_003076.8:2603151-2605539	NC_003070.9	89.535	172	16	2	1651	1820	20973900	20974071	1.19e-54	217
NC_003076.8:2603151-2605539	NC_003070.9	94.615	130	7	0	1751	1880	26779841	26779712	3.32e-50	202
NC_003076.8:2603151-2605539	NC_003070.9	95.181	83	4	0	2086	2168	16966663	16966581	4.42e-29	132
NC_003076.8:2603151-2605539	NC_003070.9	94.444	72	4	0	2097	2168	26779719	26779648	5.76e-23	111
NC_003076.8:2603151-2605539	NC_003070.9	91.358	81	5	2	2089	2168	26779841	26779762	2.07e-22	110
NC_003076.8:2603151-2605539	NC_003075.7	96.569	2390	76	6	3	2389	1280625	1283011	0.0	3954
NC_003076.8:2603151-2605539	NC_003075.7	85.888	1814	155	47	5	1752	5443569	5441791	0.0	1838
NC_003076.8:2603151-2605539	NC_003075.7	87.929	845	72	20	185	1020	4696054	4695231	0.0	968
NC_003076.8:2603151-2605539	NC_003075.7	87.886	842	68	15	185	1022	4663778	4662967	0.0	959
NC_003076.8:2603151-2605539	NC_003075.7	87.823	542	47	14	185	720	5936878	5936350	2.78e-175	617
NC_003076.8:2603151-2605539	NC_003075.7	93.056	360	24	1	1809	2168	1282263	1282621	1.73e-147	525
NC_003076.8:2603151-2605539	NC_003075.7	92.571	350	25	1	1641	1989	1282431	1282780	2.92e-140	501
NC_003076.8:2603151-2605539	NC_003075.7	90.608	181	16	1	1641	1820	1282600	1282780	2.53e-61	239
NC_003076.8:2603151-2605539	NC_003075.7	86.458	192	21	4	1044	1231	5936590	5936400	2.57e-51	206
NC_003076.8:2603151-2605539	NC_003075.7	89.076	119	13	0	4	122	2088368	2088250	4.39e-34	148
NC_003076.8:2603151-2605539	NC_003075.7	87.402	127	11	5	909	1031	4904890	4904765	7.34e-32	141
NC_003076.8:2603151-2605539	NC_003075.7	80.392	153	27	2	1410	1559	9523273	9523121	1.60e-23	113
NC_003076.8:4780210-4782228	NC_003076.8	100.000	2019	0	0	1	2019	4782228	4780210	0.0	3729
NC_003076.8:4780210-4782228	NC_003076.8	94.641	1269	45	10	1	1247	8765709	8766976	0.0	1945
NC_003076.8:4780210-4782228	NC_003076.8	94.331	1270	48	10	1	1247	17365025	17366293	0.0	1925
NC_003076.8:4780210-4782228	NC_003076.8	94.053	1278	44	9	2	1247	5430061	5428784	0.0	1910
NC_003076.8:4780210-4782228	NC_003076.8	94.002	1267	52	10	1	1247	20682406	20681144	0.0	1897
NC_003076.8:4780210-4782228	NC_003076.8	94.006	1268	47	12	1	1247	14151294	14150035	0.0	1893
NC_003076.8:4780210-4782228	NC_003076.8	93.632	1272	56	8	1	1247	19742617	19741346	0.0	1877
NC_003076.8:4780210-4782228	NC_003076.8	93.814	1261	47	17	1	1247	20281984	20280741	0.0	1868
NC_003076.8:4780210-4782228	NC_003076.8	93.805	1259	48	13	1	1247	9965017	9963777	0.0	1866
NC_003076.8:4780210-4782228	NC_003076.8	93.666	1263	51	20	1	1247	8746701	8745452	0.0	1862
NC_003076.8:4780210-4782228	NC_003076.8	93.566	1259	54	14	1	1247	9590410	9591653	0.0	1851
NC_003076.8:4780210-4782228	NC_003076.8	93.381	1254	54	13	16	1247	24187899	24186653	0.0	1829
NC_003076.8:4780210-4782228	NC_003076.8	92.784	1261	57	17	1	1247	14082835	14081595	0.0	1794
NC_003076.8:4780210-4782228	NC_003076.8	92.851	1245	55	20	18	1247	17775746	17776971	0.0	1775
NC_003076.8:4780210-4782228	NC_003076.8	92.228	1261	63	20	1	1247	16356475	16357714	0.0	1753
NC_003076.8:4780210-4782228	NC_003076.8	91.978	1259	70	17	1	1247	1898645	1897406	0.0	1736
NC_003076.8:4780210-4782228	NC_003076.8	91.608	1275	58	25	1	1247	9559507	9558254	0.0	1716
NC_003076.8:4780210-4782228	NC_003076.8	94.824	1082	35	12	52	1121	17618634	17617562	0.0	1668
NC_003076.8:4780210-4782228	NC_003076.8	93.422	1125	46	16	140	1249	4312671	4313782	0.0	1642
NC_003076.8:4780210-4782228	NC_003076.8	93.149	1124	46	16	1	1111	15606601	15605496	0.0	1620
NC_003076.8:4780210-4782228	NC_003076.8	91.828	1187	55	16	1	1161	11025336	11026506	0.0	1616
NC_003076.8:4780210-4782228	NC_003076.8	92.092	961	37	15	1	932	18853952	18854902	0.0	1317
NC_003076.8:4780210-4782228	NC_003076.8	93.824	842	29	10	1	821	21530089	21530928	0.0	1245
NC_003076.8:4780210-4782228	NC_003076.8	94.423	771	40	3	1249	2019	15042901	15042134	0.0	1182
NC_003076.8:4780210-4782228	NC_003076.8	93.790	773	44	4	1248	2019	1897345	1896576	0.0	1158
NC_003076.8:4780210-4782228	NC_003076.8	93.782	772	44	4	1249	2019	9963715	9962947	0.0	1157
NC_003076.8:4780210-4782228	NC_003076.8	93.766	770	42	6	1249	2017	24186591	24185827	0.0	1151
NC_003076.8:4780210-4782228	NC_003076.8	93.661	773	44	5	1249	2019	24476060	24475291	0.0	1151
NC_003076.8:4780210-4782228	NC_003076.8	93.645	771	44	5	1249	2019	8745390	8744625	0.0	1147
NC_003076.8:4780210-4782228	NC_003076.8	93.653	772	42	6	1249	2019	11027131	11027896	0.0	1147
NC_003076.8:4780210-4782228	NC_003076.8	93.385	771	50	1	1249	2019	19741284	19740515	0.0	1140
NC_003076.8:4780210-4782228	NC_003076.8	93.394	772	46	4	1249	2019	15605436	15604669	0.0	1138
NC_003076.8:4780210-4782228	NC_003076.8	93.385	771	47	4	1249	2019	20681082	20680316	0.0	1138
NC_003076.8:4780210-4782228	NC_003076.8	93.126	771	49	4	1249	2019	5428722	5427956	0.0	1127
NC_003076.8:4780210-4782228	NC_003076.8	93.005	772	50	3	1249	2019	16357776	16358544	0.0	1123
NC_003076.8:4780210-4782228	NC_003076.8	93.005	772	51	3	1248	2019	17366355	17367123	0.0	1123
NC_003076.8:4780210-4782228	NC_003076.8	93.700	746	42	5	1248	1989	5977521	5976777	0.0	1112
NC_003076.8:4780210-4782228	NC_003076.8	92.636	774	50	6	1249	2019	17777033	17777802	0.0	1107
NC_003076.8:4780210-4782228	NC_003076.8	88.353	953	65	29	1	920	9612591	9613530	0.0	1103
NC_003076.8:4780210-4782228	NC_003076.8	92.477	771	54	4	1249	2019	4314100	4314866	0.0	1099
NC_003076.8:4780210-4782228	NC_003076.8	92.477	771	53	5	1249	2019	8767038	8767803	0.0	1098
NC_003076.8:4780210-4782228	NC_003076.8	92.377	774	53	6	1249	2019	14081533	14080763	0.0	1098
NC_003076.8:4780210-4782228	NC_003076.8	92.092	784	48	4	1249	2019	22231734	22230952	0.0	1092
NC_003076.8:4780210-4782228	NC_003076.8	93.342	736	49	0	1249	1984	18855149	18855884	0.0	1088
NC_003076.8:4780210-4782228	NC_003076.8	90.421	783	59	8	1250	2019	8353980	8353201	0.0	1016
NC_003076.8:4780210-4782228	NC_003076.8	92.598	716	36	9	230	931	7711270	7711982	0.0	1013
NC_003076.8:4780210-4782228	NC_003076.8	92.050	717	37	11	230	931	8683118	8683829	0.0	990
NC_003076.8:4780210-4782228	NC_003076.8	91.748	715	39	13	230	929	14761045	14760336	0.0	976
NC_003076.8:4780210-4782228	NC_003076.8	93.323	659	43	1	1251	1909	14149971	14149314	0.0	972
NC_003076.8:4780210-4782228	NC_003076.8	90.833	720	43	15	232	934	15342559	15341846	0.0	942
NC_003076.8:4780210-4782228	NC_003076.8	93.780	627	27	7	1	616	7154439	7153814	0.0	931
NC_003076.8:4780210-4782228	NC_003076.8	89.235	771	43	14	1249	2019	21531178	21531908	0.0	928
NC_003076.8:4780210-4782228	NC_003076.8	90.180	723	47	16	230	934	13918658	13917942	0.0	920
NC_003076.8:4780210-4782228	NC_003076.8	93.771	594	34	3	1427	2019	7153775	7153184	0.0	889
NC_003076.8:4780210-4782228	NC_003076.8	89.675	707	44	13	242	931	354277	354971	0.0	874
NC_003076.8:4780210-4782228	NC_003076.8	92.550	604	38	7	1418	2019	25905017	25905615	0.0	859
NC_003076.8:4780210-4782228	NC_003076.8	91.135	643	41	8	230	858	19931420	19930780	0.0	857
NC_003076.8:4780210-4782228	NC_003076.8	91.135	643	40	9	230	858	5129697	5129058	0.0	856
NC_003076.8:4780210-4782228	NC_003076.8	90.981	632	34	15	316	931	19670974	19671598	0.0	830
NC_003076.8:4780210-4782228	NC_003076.8	92.698	493	30	5	1528	2019	15576667	15576180	0.0	706
NC_003076.8:4780210-4782228	NC_003076.8	92.698	493	29	6	1528	2019	21776273	21775787	0.0	704
NC_003076.8:4780210-4782228	NC_003076.8	89.077	531	29	16	1248	1776	10714949	10715452	8.38e-180	632
NC_003076.8:4780210-4782228	NC_003076.8	91.441	444	29	5	1576	2019	9134290	9134724	2.36e-170	601
NC_003076.8:4780210-4782228	NC_003076.8	93.069	404	23	4	1617	2019	17796537	17796138	6.62e-166	586
NC_003076.8:4780210-4782228	NC_003076.8	91.253	423	33	4	1598	2019	21584595	21584176	5.15e-162	573
NC_003076.8:4780210-4782228	NC_003076.8	95.541	314	10	3	939	1249	22232106	22231794	8.87e-140	499
NC_003076.8:4780210-4782228	NC_003076.8	95.484	310	13	1	939	1247	8354352	8354043	4.13e-138	494
NC_003076.8:4780210-4782228	NC_003076.8	95.469	309	13	1	939	1247	15043270	15042963	1.48e-137	492
NC_003076.8:4780210-4782228	NC_003076.8	94.855	311	14	1	939	1247	5977895	5977585	2.48e-135	484
NC_003076.8:4780210-4782228	NC_003076.8	94.516	310	14	2	939	1247	10714580	10714887	1.49e-132	475
NC_003076.8:4780210-4782228	NC_003076.8	90.080	373	27	8	1654	2019	25264968	25265337	1.49e-132	475
NC_003076.8:4780210-4782228	NC_003076.8	93.831	308	17	2	941	1247	15577265	15576959	1.16e-128	462
NC_003076.8:4780210-4782228	NC_003076.8	93.269	312	18	3	939	1247	24476433	24476122	5.41e-127	457
NC_003076.8:4780210-4782228	NC_003076.8	93.248	311	18	3	941	1249	21776872	21776563	1.95e-126	455
NC_003076.8:4780210-4782228	NC_003076.8	91.176	340	23	7	230	564	25264649	25264986	1.95e-126	455
NC_003076.8:4780210-4782228	NC_003076.8	92.834	307	18	3	617	920	3019829	3019524	1.52e-122	442
NC_003076.8:4780210-4782228	NC_003076.8	93.640	283	16	2	1249	1530	9592123	9592404	1.97e-116	422
NC_003076.8:4780210-4782228	NC_003076.8	94.485	272	14	1	660	931	20398321	20398591	2.55e-115	418
NC_003076.8:4780210-4782228	NC_003076.8	93.333	270	16	2	1249	1518	20280270	20280003	3.33e-109	398
NC_003076.8:4780210-4782228	NC_003076.8	91.732	254	12	5	1	247	17796785	17796534	4.40e-93	344
NC_003076.8:4780210-4782228	NC_003076.8	96.859	191	3	2	1058	1247	18854899	18855087	9.59e-85	316
NC_003076.8:4780210-4782228	NC_003076.8	88.372	258	19	6	1	250	3020196	3019942	9.65e-80	300
NC_003076.8:4780210-4782228	NC_003076.8	88.372	258	18	7	1	250	17955555	17955808	9.65e-80	300
NC_003076.8:4780210-4782228	NC_003076.8	95.722	187	7	1	1061	1246	21530929	21531115	9.65e-80	300
NC_003076.8:4780210-4782228	NC_003076.8	94.652	187	9	1	939	1125	20280489	20280304	2.09e-76	289
NC_003076.8:4780210-4782228	NC_003076.8	93.617	188	12	0	939	1126	9134111	9134298	3.50e-74	281
NC_003076.8:4780210-4782228	NC_003076.8	94.505	182	10	0	939	1120	9591905	9592086	3.50e-74	281
NC_003076.8:4780210-4782228	NC_003076.8	86.486	259	19	8	1	250	15342696	15342445	7.57e-71	270
NC_003076.8:4780210-4782228	NC_003076.8	95.210	167	5	2	1084	1249	4313876	4314040	4.56e-68	261
NC_003076.8:4780210-4782228	NC_003076.8	86.047	258	18	7	1	250	13918790	13918543	4.56e-68	261
NC_003076.8:4780210-4782228	NC_003076.8	91.620	179	13	2	1842	2019	10715445	10715622	1.28e-63	246
NC_003076.8:4780210-4782228	NC_003076.8	81.092	238	35	6	1785	2019	9592306	9592536	3.65e-44	182
NC_003076.8:4780210-4782228	NC_003076.8	96.875	96	3	0	1152	1247	11026974	11027069	4.75e-38	161
NC_003076.8:4780210-4782228	NC_003076.8	86.047	129	15	3	1894	2019	23662132	23662004	2.88e-30	135
NC_003076.8:4780210-4782228	NC_003076.8	83.459	133	16	6	1891	2019	13892260	13892130	2.90e-25	119
NC_003076.8:4780210-4782228	NC_003075.7	95.980	2040	58	11	1	2019	10397385	10395349	0.0	3291
NC_003076.8:4780210-4782228	NC_003075.7	94.238	1267	50	9	1	1247	1002007	1000744	0.0	1914
NC_003076.8:4780210-4782228	NC_003075.7	93.196	1264	51	17	1	1249	5541389	5540146	0.0	1825
NC_003076.8:4780210-4782228	NC_003075.7	93.032	1263	54	19	1	1247	11360870	11362114	0.0	1814
NC_003076.8:4780210-4782228	NC_003075.7	93.101	1261	48	16	1	1247	4146126	4147361	0.0	1810
NC_003076.8:4780210-4782228	NC_003075.7	92.863	1261	58	15	1	1247	1349585	1350827	0.0	1801
NC_003076.8:4780210-4782228	NC_003075.7	94.083	1183	40	16	89	1247	8063697	8064873	0.0	1770
NC_003076.8:4780210-4782228	NC_003075.7	92.228	1261	49	18	1	1247	8730453	8729228	0.0	1740
NC_003076.8:4780210-4782228	NC_003075.7	95.913	783	16	4	1	767	9763814	9763032	0.0	1254
NC_003076.8:4780210-4782228	NC_003075.7	95.918	784	14	6	1	767	9842608	9841826	0.0	1254
NC_003076.8:4780210-4782228	NC_003075.7	94.430	772	40	3	1249	2019	5540086	5539317	0.0	1184
NC_003076.8:4780210-4782228	NC_003075.7	94.293	771	41	3	1249	2019	11193042	11192275	0.0	1177
NC_003076.8:4780210-4782228	NC_003075.7	94.179	773	40	4	1248	2019	1350888	1351656	0.0	1173
NC_003076.8:4780210-4782228	NC_003075.7	92.674	819	36	16	1	807	16865070	16864264	0.0	1158
NC_003076.8:4780210-4782228	NC_003075.7	93.774	771	43	5	1249	2019	8729166	8728401	0.0	1153
NC_003076.8:4780210-4782228	NC_003075.7	93.645	771	48	1	1249	2019	8064935	8065704	0.0	1151
NC_003076.8:4780210-4782228	NC_003075.7	88.785	963	75	25	1	942	2622006	2621056	0.0	1149
NC_003076.8:4780210-4782228	NC_003075.7	93.515	771	47	3	1249	2019	683591	684358	0.0	1144
NC_003076.8:4780210-4782228	NC_003075.7	93.402	773	46	3	1249	2019	11362176	11362945	0.0	1140
NC_003076.8:4780210-4782228	NC_003075.7	93.126	771	52	1	1249	2019	16864032	16863263	0.0	1129
NC_003076.8:4780210-4782228	NC_003075.7	92.458	769	50	2	1249	2017	1000682	999922	0.0	1092
NC_003076.8:4780210-4782228	NC_003075.7	92.992	742	48	4	1280	2019	4147443	4148182	0.0	1079
NC_003076.8:4780210-4782228	NC_003075.7	91.721	773	58	5	1249	2019	371556	370788	0.0	1068
NC_003076.8:4780210-4782228	NC_003075.7	91.721	773	59	5	1249	2019	6165935	6165166	0.0	1068
NC_003076.8:4780210-4782228	NC_003075.7	92.072	719	38	11	230	934	314144	313431	0.0	994
NC_003076.8:4780210-4782228	NC_003075.7	90.871	723	39	22	230	934	7060559	7059846	0.0	944
NC_003076.8:4780210-4782228	NC_003075.7	91.486	693	40	14	242	919	9438922	9439610	0.0	935
NC_003076.8:4780210-4782228	NC_003075.7	93.772	578	33	3	1251	1828	964980	964406	0.0	865
NC_003076.8:4780210-4782228	NC_003075.7	90.789	532	35	10	1491	2019	14390782	14390262	0.0	699
NC_003076.8:4780210-4782228	NC_003075.7	90.476	483	24	12	226	690	6279131	6279609	2.35e-175	617
NC_003076.8:4780210-4782228	NC_003075.7	93.095	391	21	5	230	616	6178585	6178973	2.40e-160	568
NC_003076.8:4780210-4782228	NC_003075.7	95.527	313	12	1	939	1249	6166306	6165994	8.87e-140	499
NC_003076.8:4780210-4782228	NC_003075.7	94.688	320	14	3	936	1254	965643	965326	4.13e-138	494
NC_003076.8:4780210-4782228	NC_003075.7	95.469	309	14	0	939	1247	11193412	11193104	4.13e-138	494
NC_003076.8:4780210-4782228	NC_003075.7	90.489	368	23	5	1617	1983	7853284	7852928	1.49e-132	475
NC_003076.8:4780210-4782228	NC_003075.7	93.569	311	18	1	939	1247	371928	371618	1.16e-128	462
NC_003076.8:4780210-4782228	NC_003075.7	93.307	254	9	4	1	247	7853533	7853281	2.61e-100	368
NC_003076.8:4780210-4782228	NC_003075.7	89.209	278	26	3	620	894	3894020	3893744	4.40e-93	344
NC_003076.8:4780210-4782228	NC_003075.7	91.266	229	16	4	1793	2019	8802511	8802737	1.60e-82	309
NC_003076.8:4780210-4782228	NC_003075.7	93.583	187	12	0	939	1125	683371	683557	1.26e-73	279
NC_003076.8:4780210-4782228	NC_003075.7	95.906	171	4	2	1078	1247	16864262	16864094	5.85e-72	274
NC_003076.8:4780210-4782228	NC_003075.7	89.947	189	17	2	1831	2019	963860	963674	1.65e-62	243
NC_003076.8:4780210-4782228	NC_003075.7	84.470	264	14	13	366	616	3897173	3896924	2.76e-60	235
NC_003076.8:4780210-4782228	NC_003075.7	83.784	259	18	7	1	250	314269	314026	5.98e-57	224
NC_003076.8:4780210-4782228	NC_003075.7	89.222	167	17	1	773	938	5773075	5773241	6.02e-52	207
NC_003076.8:4780210-4782228	NC_003075.7	92.308	143	8	2	1	143	8063577	8063716	1.01e-49	200
NC_003076.8:4780210-4782228	NC_003075.7	82.101	257	13	15	1	250	6279022	6279252	2.18e-46	189
NC_003076.8:4780210-4782228	NC_003075.7	92.857	112	8	0	939	1050	8802284	8802395	1.32e-38	163
NC_003076.8:4780210-4782228	NC_003075.7	92.553	94	7	0	689	782	6280372	6280465	2.88e-30	135
NC_003076.8:4780210-4782228	NC_003075.7	87.179	117	12	2	1418	1531	8802411	8802527	1.34e-28	130
NC_003076.8:4780210-4782228	NC_003075.7	74.632	272	39	24	247	499	9566265	9566005	1.76e-17	93.5
NC_003076.8:4780210-4782228	NC_003075.7	97.619	42	1	0	939	980	14390831	14390790	2.29e-11	73.1
NC_003076.8:4780210-4782228	NC_003070.9	94.543	2034	78	15	5	2019	19329256	19327237	0.0	3110
NC_003076.8:4780210-4782228	NC_003070.9	94.169	1269	51	10	1	1247	26171480	26170213	0.0	1912
NC_003076.8:4780210-4782228	NC_003070.9	94.365	1260	43	15	1	1247	30253107	30251863	0.0	1908
NC_003076.8:4780210-4782228	NC_003070.9	93.927	1268	54	9	1	1247	17899863	17901128	0.0	1893
NC_003076.8:4780210-4782228	NC_003070.9	94.048	1260	53	11	1	1247	9816210	9817460	0.0	1892
NC_003076.8:4780210-4782228	NC_003070.9	93.617	1269	57	10	1	1247	7035191	7036457	0.0	1873
NC_003076.8:4780210-4782228	NC_003070.9	93.810	1260	53	14	1	1247	13058823	13060070	0.0	1871
NC_003076.8:4780210-4782228	NC_003070.9	93.814	1261	48	16	1	1247	12330053	12328809	0.0	1869
NC_003076.8:4780210-4782228	NC_003070.9	93.144	1269	52	14	1	1247	9867414	9866159	0.0	1829
NC_003076.8:4780210-4782228	NC_003070.9	93.259	1261	52	15	1	1247	8114770	8116011	0.0	1827
NC_003076.8:4780210-4782228	NC_003070.9	93.185	1262	54	18	1	1247	22994060	22992816	0.0	1825
NC_003076.8:4780210-4782228	NC_003070.9	92.982	1254	64	11	14	1247	30255510	30254261	0.0	1807
NC_003076.8:4780210-4782228	NC_003070.9	92.199	1269	57	20	1	1247	22449931	22451179	0.0	1757
NC_003076.8:4780210-4782228	NC_003070.9	92.302	1260	55	18	1	1247	501372	500142	0.0	1751
NC_003076.8:4780210-4782228	NC_003070.9	92.143	1260	60	15	1	1247	16903800	16905033	0.0	1742
NC_003076.8:4780210-4782228	NC_003070.9	91.984	1260	54	17	1	1247	19995734	19994509	0.0	1724
NC_003076.8:4780210-4782228	NC_003070.9	91.614	1264	57	19	1	1249	11737393	11736164	0.0	1701
NC_003076.8:4780210-4782228	NC_003070.9	93.498	969	40	15	1	956	19061965	19062923	0.0	1419
NC_003076.8:4780210-4782228	NC_003070.9	93.784	917	34	12	1	905	11699698	11700603	0.0	1356
NC_003076.8:4780210-4782228	NC_003070.9	92.934	934	40	13	322	1247	13017581	13016666	0.0	1336
NC_003076.8:4780210-4782228	NC_003070.9	94.048	840	26	9	1	821	16824518	16825352	0.0	1253
NC_003076.8:4780210-4782228	NC_003070.9	93.929	840	31	11	1	821	12364135	12364973	0.0	1251
NC_003076.8:4780210-4782228	NC_003070.9	93.832	843	26	12	1	821	23213666	23214504	0.0	1245
NC_003076.8:4780210-4782228	NC_003070.9	93.720	844	27	13	1	821	19466949	19466109	0.0	1242
NC_003076.8:4780210-4782228	NC_003070.9	93.140	860	36	10	258	1111	19062922	19063764	0.0	1240
NC_003076.8:4780210-4782228	NC_003070.9	93.594	843	29	11	1	821	16325444	16326283	0.0	1234
NC_003076.8:4780210-4782228	NC_003070.9	92.628	841	40	9	1	821	12564081	12563243	0.0	1190
NC_003076.8:4780210-4782228	NC_003070.9	94.034	771	44	2	1249	2019	15940410	15941178	0.0	1168
NC_003076.8:4780210-4782228	NC_003070.9	93.904	771	43	3	1249	2019	11700961	11701727	0.0	1160
NC_003076.8:4780210-4782228	NC_003070.9	93.798	774	43	3	1249	2019	7036519	7037290	0.0	1158
NC_003076.8:4780210-4782228	NC_003070.9	93.782	772	44	4	1249	2019	19063824	19064592	0.0	1157
NC_003076.8:4780210-4782228	NC_003070.9	94.282	752	39	4	1248	1997	8116072	8116821	0.0	1147
NC_003076.8:4780210-4782228	NC_003070.9	93.645	771	44	5	1249	2019	23876503	23877268	0.0	1147
NC_003076.8:4780210-4782228	NC_003070.9	93.523	772	46	4	1249	2019	19768758	19767990	0.0	1146
NC_003076.8:4780210-4782228	NC_003070.9	88.592	973	69	24	1	938	16806989	16807954	0.0	1144
NC_003076.8:4780210-4782228	NC_003070.9	93.385	771	48	2	1249	2019	22451238	22452005	0.0	1138
NC_003076.8:4780210-4782228	NC_003070.9	93.256	771	51	1	1249	2019	4786486	4787255	0.0	1134
NC_003076.8:4780210-4782228	NC_003070.9	93.264	772	46	6	1249	2019	19994447	19993681	0.0	1133
NC_003076.8:4780210-4782228	NC_003070.9	92.885	773	49	6	1249	2019	18792096	18792864	0.0	1118
NC_003076.8:4780210-4782228	NC_003070.9	92.876	772	47	6	1249	2019	13060132	13060896	0.0	1114
NC_003076.8:4780210-4782228	NC_003070.9	93.827	729	41	4	1292	2019	26170120	26169395	0.0	1094
NC_003076.8:4780210-4782228	NC_003070.9	92.228	772	57	3	1249	2019	16905095	16905864	0.0	1090
NC_003076.8:4780210-4782228	NC_003070.9	92.487	772	43	7	1249	2019	19465847	19465090	0.0	1090
NC_003076.8:4780210-4782228	NC_003070.9	92.348	771	50	6	1249	2019	3414079	3414840	0.0	1088
NC_003076.8:4780210-4782228	NC_003070.9	92.258	775	41	9	1249	2019	16326544	16327303	0.0	1081
NC_003076.8:4780210-4782228	NC_003070.9	92.208	770	48	7	1250	2019	28161565	28162322	0.0	1079
NC_003076.8:4780210-4782228	NC_003070.9	92.228	772	42	4	1248	2019	9817521	9818274	0.0	1077
NC_003076.8:4780210-4782228	NC_003070.9	92.088	771	44	10	1249	2019	12562982	12562229	0.0	1070
NC_003076.8:4780210-4782228	NC_003070.9	90.842	819	38	14	1	807	4785461	4786254	0.0	1062
NC_003076.8:4780210-4782228	NC_003070.9	91.829	771	48	4	1249	2019	16825615	16826370	0.0	1061
NC_003076.8:4780210-4782228	NC_003070.9	91.839	772	44	7	1249	2019	13016604	13015851	0.0	1059
NC_003076.8:4780210-4782228	NC_003070.9	91.710	772	49	7	1249	2019	12365235	12365992	0.0	1057
NC_003076.8:4780210-4782228	NC_003070.9	91.580	772	49	8	1249	2019	23214763	23215519	0.0	1051
NC_003076.8:4780210-4782228	NC_003070.9	90.803	772	51	5	1248	2019	17901191	17901942	0.0	1014
NC_003076.8:4780210-4782228	NC_003070.9	90.649	770	53	4	1248	2017	9866096	9865346	0.0	1005
NC_003076.8:4780210-4782228	NC_003070.9	91.944	720	40	11	230	934	1977027	1976311	0.0	992
NC_003076.8:4780210-4782228	NC_003070.9	92.785	693	34	9	230	909	17552860	17552171	0.0	989
NC_003076.8:4780210-4782228	NC_003070.9	91.528	720	40	13	230	934	14299705	14298992	0.0	972
NC_003076.8:4780210-4782228	NC_003070.9	91.528	720	40	13	230	934	29320592	29319879	0.0	972
NC_003076.8:4780210-4782228	NC_003070.9	85.744	968	78	32	1	938	13262203	13261266	0.0	968
NC_003076.8:4780210-4782228	NC_003070.9	92.185	691	37	11	242	919	19085236	19085922	0.0	961
NC_003076.8:4780210-4782228	NC_003070.9	91.213	717	43	12	230	931	6736003	6736714	0.0	957
NC_003076.8:4780210-4782228	NC_003070.9	90.361	747	30	17	506	1247	18791325	18792034	0.0	942
NC_003076.8:4780210-4782228	NC_003070.9	90.821	719	41	17	230	931	17368	18078	0.0	939
NC_003076.8:4780210-4782228	NC_003070.9	87.589	846	58	25	1	811	16806150	16806983	0.0	937
NC_003076.8:4780210-4782228	NC_003070.9	91.462	691	40	12	242	919	19173665	19172981	0.0	931
NC_003076.8:4780210-4782228	NC_003070.9	90.430	721	47	14	230	934	3074585	3073871	0.0	929
NC_003076.8:4780210-4782228	NC_003070.9	91.026	702	44	12	242	929	8291434	8290738	0.0	929
NC_003076.8:4780210-4782228	NC_003070.9	92.415	646	37	6	1382	2019	14309405	14308764	0.0	911
NC_003076.8:4780210-4782228	NC_003070.9	90.382	707	41	14	242	934	12855856	12855163	0.0	904
NC_003076.8:4780210-4782228	NC_003070.9	94.991	579	18	3	669	1247	15939781	15940348	0.0	898
NC_003076.8:4780210-4782228	NC_003070.9	91.602	643	38	8	230	858	2235029	2234389	0.0	874
NC_003076.8:4780210-4782228	NC_003070.9	92.797	597	30	6	1424	2019	499957	499373	0.0	852
NC_003076.8:4780210-4782228	NC_003070.9	94.555	551	27	3	1249	1798	30254199	30253651	0.0	848
NC_003076.8:4780210-4782228	NC_003070.9	92.449	543	35	4	1479	2019	8489952	8489414	0.0	771
NC_003076.8:4780210-4782228	NC_003070.9	91.360	544	41	5	1479	2019	25963005	25962465	0.0	739
NC_003076.8:4780210-4782228	NC_003070.9	91.255	526	31	4	1494	2019	18790338	18790848	0.0	702
NC_003076.8:4780210-4782228	NC_003070.9	92.964	469	23	5	1	460	22622305	22621838	0.0	675
NC_003076.8:4780210-4782228	NC_003070.9	90.095	525	33	10	1249	1758	11736104	11735584	0.0	664
NC_003076.8:4780210-4782228	NC_003070.9	94.845	388	19	1	1249	1635	16998016	16997629	1.83e-171	604
NC_003076.8:4780210-4782228	NC_003070.9	93.399	409	19	3	1	402	18790927	18791334	8.50e-170	599
NC_003076.8:4780210-4782228	NC_003070.9	93.548	403	23	2	1617	2019	23554190	23553791	3.06e-169	597
NC_003076.8:4780210-4782228	NC_003070.9	93.622	392	17	8	230	616	18746910	18746522	1.11e-163	579
NC_003076.8:4780210-4782228	NC_003070.9	93.316	389	24	1	1249	1635	12876402	12876014	5.15e-162	573
NC_003076.8:4780210-4782228	NC_003070.9	93.029	373	20	2	876	1247	22621842	22621475	5.23e-152	540
NC_003076.8:4780210-4782228	NC_003070.9	90.408	417	27	6	525	931	23174140	23174553	6.76e-151	536
NC_003076.8:4780210-4782228	NC_003070.9	95.469	309	14	0	939	1247	12876772	12876464	4.13e-138	494
NC_003076.8:4780210-4782228	NC_003070.9	95.484	310	11	3	939	1247	16998385	16998078	1.48e-137	492
NC_003076.8:4780210-4782228	NC_003070.9	94.788	307	15	1	941	1247	3413713	3414018	4.16e-133	477
NC_003076.8:4780210-4782228	NC_003070.9	93.082	318	18	3	615	929	18746486	18746170	1.16e-128	462
NC_003076.8:4780210-4782228	NC_003070.9	92.971	313	19	2	939	1249	28161194	28161505	7.00e-126	453
NC_003076.8:4780210-4782228	NC_003070.9	92.790	319	12	2	932	1247	11700589	11700899	2.52e-125	451
NC_003076.8:4780210-4782228	NC_003070.9	93.640	283	16	2	1249	1530	22992345	22992064	1.97e-116	422
NC_003076.8:4780210-4782228	NC_003070.9	93.704	270	15	2	1249	1518	12328339	12328072	7.15e-111	403
NC_003076.8:4780210-4782228	NC_003070.9	93.358	271	16	2	1249	1518	22621004	22620735	9.25e-110	399
NC_003076.8:4780210-4782228	NC_003070.9	92.188	256	12	3	1	249	25963257	25963003	2.03e-96	355
NC_003076.8:4780210-4782228	NC_003070.9	93.750	224	13	1	1796	2019	30253364	30253142	2.65e-90	335
NC_003076.8:4780210-4782228	NC_003070.9	91.736	242	12	3	1	236	3910601	3910362	1.23e-88	329
NC_003076.8:4780210-4782228	NC_003070.9	93.182	220	12	2	1031	1247	19769039	19768820	7.41e-86	320
NC_003076.8:4780210-4782228	NC_003070.9	88.755	249	19	4	1	241	17009	17256	1.25e-78	296
NC_003076.8:4780210-4782228	NC_003070.9	94.652	187	9	1	939	1125	22992564	22992379	2.09e-76	289
NC_003076.8:4780210-4782228	NC_003070.9	98.171	164	3	0	1084	1247	12563207	12563044	7.52e-76	287
NC_003076.8:4780210-4782228	NC_003070.9	94.118	187	10	1	939	1125	12328558	12328373	9.72e-75	283
NC_003076.8:4780210-4782228	NC_003070.9	94.118	187	10	1	939	1125	23876284	23876469	9.72e-75	283
NC_003076.8:4780210-4782228	NC_003070.9	94.536	183	10	0	939	1121	30251610	30251428	9.72e-75	283
NC_003076.8:4780210-4782228	NC_003070.9	96.988	166	3	2	1084	1247	16825388	16825553	4.52e-73	278
NC_003076.8:4780210-4782228	NC_003070.9	93.583	187	11	1	939	1125	22621223	22621038	4.52e-73	278
NC_003076.8:4780210-4782228	NC_003070.9	96.988	166	4	1	1082	1247	23214537	23214701	4.52e-73	278
NC_003076.8:4780210-4782228	NC_003070.9	86.747	249	24	4	1	241	3074944	3074697	2.72e-70	268
NC_003076.8:4780210-4782228	NC_003070.9	88.312	231	15	7	29	250	17256	17483	9.79e-70	267
NC_003076.8:4780210-4782228	NC_003070.9	95.210	167	7	1	1082	1247	16326316	16326482	1.27e-68	263
NC_003076.8:4780210-4782228	NC_003070.9	87.234	235	19	6	24	250	29320708	29320477	5.89e-67	257
NC_003076.8:4780210-4782228	NC_003070.9	87.446	231	17	7	29	250	3074697	3074470	2.12e-66	255
NC_003076.8:4780210-4782228	NC_003070.9	94.545	165	8	1	1084	1247	12365009	12365173	7.62e-66	254
NC_003076.8:4780210-4782228	NC_003070.9	94.048	168	8	2	1082	1247	19466076	19465909	7.62e-66	254
NC_003076.8:4780210-4782228	NC_003070.9	93.567	171	8	2	1078	1247	4786256	4786424	2.74e-65	252
NC_003076.8:4780210-4782228	NC_003070.9	92.373	118	8	1	1902	2019	12875992	12875876	1.02e-39	167
NC_003076.8:4780210-4782228	NC_003070.9	93.396	106	7	0	939	1044	19769678	19769573	6.15e-37	158
NC_003076.8:4780210-4782228	NC_003070.9	86.047	129	13	5	1895	2019	5863385	5863512	1.04e-29	134
NC_003076.8:4780210-4782228	NC_003070.9	83.459	133	17	5	1890	2019	11803674	11803544	2.90e-25	119
NC_003076.8:4780210-4782228	NC_003070.9	94.521	73	3	1	939	1011	18790258	18790329	4.86e-23	111
NC_003076.8:4780210-4782228	NC_003074.8	94.497	1272	44	12	1	1247	10821446	10820176	0.0	1938
NC_003076.8:4780210-4782228	NC_003074.8	94.532	1262	46	12	1	1249	15937286	15938537	0.0	1927
NC_003076.8:4780210-4782228	NC_003074.8	93.894	1261	47	16	1	1247	17301278	17300034	0.0	1875
NC_003076.8:4780210-4782228	NC_003074.8	93.021	1261	56	15	1	1247	17277814	17276572	0.0	1812
NC_003076.8:4780210-4782228	NC_003074.8	91.660	1259	59	16	1	1247	20786399	20787623	0.0	1701
NC_003076.8:4780210-4782228	NC_003074.8	91.508	1260	59	18	1	1247	5745923	5744699	0.0	1690
NC_003076.8:4780210-4782228	NC_003074.8	91.263	1259	53	18	1	1247	11535844	11537057	0.0	1663
NC_003076.8:4780210-4782228	NC_003074.8	90.397	1260	69	19	1	1247	22118613	22119833	0.0	1609
NC_003076.8:4780210-4782228	NC_003074.8	89.992	1259	58	22	1	1247	17144490	17143288	0.0	1565
NC_003076.8:4780210-4782228	NC_003074.8	92.897	1084	53	7	939	2019	15485591	15484529	0.0	1554
NC_003076.8:4780210-4782228	NC_003074.8	91.413	1083	65	10	939	2019	10557188	10556132	0.0	1459
NC_003076.8:4780210-4782228	NC_003074.8	90.498	1084	66	14	939	2019	10575400	10574351	0.0	1397
NC_003076.8:4780210-4782228	NC_003074.8	94.430	772	41	2	1249	2019	18019157	18019927	0.0	1186
NC_003076.8:4780210-4782228	NC_003074.8	92.509	841	28	15	1	821	17063229	17062404	0.0	1171
NC_003076.8:4780210-4782228	NC_003074.8	94.041	772	43	3	1249	2019	18412530	18413299	0.0	1168
NC_003076.8:4780210-4782228	NC_003074.8	93.515	771	47	2	1249	2019	17276510	17275743	0.0	1144
NC_003076.8:4780210-4782228	NC_003074.8	93.377	770	48	3	1250	2019	15452221	15451455	0.0	1136
NC_003076.8:4780210-4782228	NC_003074.8	92.063	819	42	14	1	807	16450786	16451593	0.0	1131
NC_003076.8:4780210-4782228	NC_003074.8	92.138	814	40	16	4	804	9386343	9385541	0.0	1127
NC_003076.8:4780210-4782228	NC_003074.8	93.032	775	46	7	1249	2019	13327812	13328582	0.0	1125
NC_003076.8:4780210-4782228	NC_003074.8	92.848	769	47	5	1251	2019	9767117	9766357	0.0	1109
NC_003076.8:4780210-4782228	NC_003074.8	92.487	772	47	6	1248	2017	17730468	17731230	0.0	1094
NC_003076.8:4780210-4782228	NC_003074.8	92.477	771	44	4	1249	2019	16451824	16452580	0.0	1090
NC_003076.8:4780210-4782228	NC_003074.8	92.098	772	57	4	1249	2019	3965379	3966147	0.0	1085
NC_003076.8:4780210-4782228	NC_003074.8	92.348	771	45	7	1249	2019	17062142	17061386	0.0	1085
NC_003076.8:4780210-4782228	NC_003074.8	92.228	772	50	6	1249	2019	20787685	20788447	0.0	1085
NC_003076.8:4780210-4782228	NC_003074.8	91.985	786	42	12	1249	2019	17143226	17142447	0.0	1083
NC_003076.8:4780210-4782228	NC_003074.8	92.109	773	51	7	1249	2019	17777301	17778065	0.0	1081
NC_003076.8:4780210-4782228	NC_003074.8	91.979	773	50	7	1249	2019	22119895	22120657	0.0	1074
NC_003076.8:4780210-4782228	NC_003074.8	93.023	731	50	1	1248	1978	15938596	15939325	0.0	1066
NC_003076.8:4780210-4782228	NC_003074.8	92.905	747	30	10	506	1247	16562051	16562779	0.0	1064
NC_003076.8:4780210-4782228	NC_003074.8	92.196	756	48	11	1249	1997	10820114	10819363	0.0	1059
NC_003076.8:4780210-4782228	NC_003074.8	92.328	756	40	13	201	942	18746394	18747145	0.0	1059
NC_003076.8:4780210-4782228	NC_003074.8	90.241	830	48	20	141	938	9890146	9890974	0.0	1053
NC_003076.8:4780210-4782228	NC_003074.8	92.277	751	40	6	1249	1984	11537119	11537866	0.0	1050
NC_003076.8:4780210-4782228	NC_003074.8	90.759	790	46	10	1250	2017	16419668	16420452	0.0	1029
NC_003076.8:4780210-4782228	NC_003074.8	89.688	834	40	24	1	821	7996636	7995836	0.0	1022
NC_003076.8:4780210-4782228	NC_003074.8	90.815	773	43	15	1249	2019	16562841	16563587	0.0	1009
NC_003076.8:4780210-4782228	NC_003074.8	92.329	717	37	10	230	931	16879943	16880656	0.0	1003
NC_003076.8:4780210-4782228	NC_003074.8	92.083	720	37	12	230	934	9559544	9558830	0.0	996
NC_003076.8:4780210-4782228	NC_003074.8	92.039	716	34	18	230	931	5622169	5622875	0.0	985
NC_003076.8:4780210-4782228	NC_003074.8	90.285	772	48	8	1249	2019	7995574	7994829	0.0	985
NC_003076.8:4780210-4782228	NC_003074.8	91.678	721	36	19	230	934	20485002	20484290	0.0	977
NC_003076.8:4780210-4782228	NC_003074.8	93.231	650	38	6	1370	2019	5744486	5743843	0.0	952
NC_003076.8:4780210-4782228	NC_003074.8	90.278	720	49	13	230	934	2629888	2629175	0.0	922
NC_003076.8:4780210-4782228	NC_003074.8	89.502	743	42	17	221	942	16173067	16172340	0.0	907
NC_003076.8:4780210-4782228	NC_003074.8	89.510	734	49	18	230	938	3716481	3717211	0.0	904
NC_003076.8:4780210-4782228	NC_003074.8	91.987	624	41	5	1398	2019	9384382	9383766	0.0	867
NC_003076.8:4780210-4782228	NC_003074.8	88.904	721	44	18	230	934	1371038	1370338	0.0	856
NC_003076.8:4780210-4782228	NC_003074.8	91.927	545	19	5	686	1229	15452795	15452275	0.0	739
NC_003076.8:4780210-4782228	NC_003074.8	91.667	540	30	4	1249	1788	11503231	11502707	0.0	734
NC_003076.8:4780210-4782228	NC_003074.8	94.624	465	15	2	785	1247	9385005	9384549	0.0	712
NC_003076.8:4780210-4782228	NC_003074.8	94.832	387	19	1	1249	1635	10320918	10321303	6.57e-171	603
NC_003076.8:4780210-4782228	NC_003074.8	92.665	409	21	4	1	402	16561654	16562060	3.08e-164	580
NC_003076.8:4780210-4782228	NC_003074.8	88.783	419	33	12	531	938	10404825	10405240	2.47e-140	501
NC_003076.8:4780210-4782228	NC_003074.8	95.498	311	12	1	939	1247	11503603	11503293	1.15e-138	496
NC_003076.8:4780210-4782228	NC_003074.8	93.949	314	16	2	939	1249	17776928	17777241	1.93e-131	472
NC_003076.8:4780210-4782228	NC_003074.8	94.175	309	17	1	939	1247	11967811	11968118	6.95e-131	470
NC_003076.8:4780210-4782228	NC_003074.8	93.891	311	16	2	939	1247	17730098	17730407	8.99e-130	466
NC_003076.8:4780210-4782228	NC_003074.8	93.851	309	16	3	939	1247	16419302	16419607	1.16e-128	462
NC_003076.8:4780210-4782228	NC_003074.8	94.158	291	17	0	939	1229	9767475	9767185	4.21e-123	444
NC_003076.8:4780210-4782228	NC_003074.8	94.464	289	12	4	230	515	10862540	10862827	1.52e-122	442
NC_003076.8:4780210-4782228	NC_003074.8	93.640	283	15	3	1249	1530	17299562	17299282	7.10e-116	420
NC_003076.8:4780210-4782228	NC_003074.8	93.007	286	19	1	1734	2019	11968333	11968617	9.19e-115	416
NC_003076.8:4780210-4782228	NC_003074.8	90.214	327	19	2	1	314	11200624	11200950	3.30e-114	414
NC_003076.8:4780210-4782228	NC_003074.8	94.942	257	11	1	992	1246	10320599	10320855	2.57e-110	401
NC_003076.8:4780210-4782228	NC_003074.8	91.197	284	17	7	236	516	20487006	20486728	1.21e-103	379
NC_003076.8:4780210-4782228	NC_003074.8	91.797	256	13	3	1	249	18584738	18584992	9.45e-95	350
NC_003076.8:4780210-4782228	NC_003074.8	94.273	227	13	0	1752	1978	11200950	11201176	3.40e-94	348
NC_003076.8:4780210-4782228	NC_003074.8	89.062	256	15	8	3	250	5622033	5622283	2.08e-81	305
NC_003076.8:4780210-4782228	NC_003074.8	88.538	253	18	2	1777	2019	8757570	8757821	1.25e-78	296
NC_003076.8:4780210-4782228	NC_003074.8	87.984	258	20	6	1	250	10862401	10862655	4.49e-78	294
NC_003076.8:4780210-4782228	NC_003074.8	94.681	188	9	1	939	1125	1571523	1571710	5.81e-77	291
NC_003076.8:4780210-4782228	NC_003074.8	94.652	187	10	0	939	1125	17299782	17299596	5.81e-77	291
NC_003076.8:4780210-4782228	NC_003074.8	87.843	255	20	6	4	250	9559680	9559429	2.09e-76	289
NC_003076.8:4780210-4782228	NC_003074.8	93.617	188	10	2	939	1125	3965159	3965345	1.26e-73	279
NC_003076.8:4780210-4782228	NC_003074.8	96.970	165	4	1	1084	1247	7995800	7995636	1.63e-72	276
NC_003076.8:4780210-4782228	NC_003074.8	93.989	183	9	2	687	868	9385008	9385189	1.63e-72	276
NC_003076.8:4780210-4782228	NC_003074.8	93.048	187	13	0	939	1125	13327592	13327778	5.85e-72	274
NC_003076.8:4780210-4782228	NC_003074.8	94.382	178	6	2	1072	1247	16451587	16451762	7.57e-71	270
NC_003076.8:4780210-4782228	NC_003074.8	95.758	165	6	1	1084	1247	17062368	17062204	3.52e-69	265
NC_003076.8:4780210-4782228	NC_003074.8	92.063	189	12	3	939	1126	18018938	18019124	1.27e-68	263
NC_003076.8:4780210-4782228	NC_003074.8	95.364	151	7	0	1249	1399	11968180	11968330	5.94e-62	241
NC_003076.8:4780210-4782228	NC_003074.8	94.040	151	9	0	1249	1399	5744637	5744487	1.28e-58	230
NC_003076.8:4780210-4782228	NC_003074.8	88.182	110	10	3	1	108	9890049	9890157	4.82e-28	128
NC_003076.8:4780210-4782228	NC_003074.8	93.182	44	3	0	1976	2019	16099547	16099504	3.83e-09	65.8
NC_003076.8:4780210-4782228	NC_003074.8	100.000	34	0	0	822	855	9385190	9385223	1.38e-08	63.9
NC_003076.8:4780210-4782228	NC_003074.8	90.698	43	4	0	1977	2019	16061557	16061515	6.42e-07	58.4
NC_003076.8:4780210-4782228	NC_003074.8	90.698	43	4	0	1977	2019	16213803	16213845	6.42e-07	58.4
NC_003076.8:4780210-4782228	NC_003071.7	94.322	1268	49	11	1	1247	13266915	13268180	0.0	1921
NC_003076.8:4780210-4782228	NC_003071.7	94.006	1268	54	11	1	1246	6925377	6924110	0.0	1901
NC_003076.8:4780210-4782228	NC_003071.7	93.951	1273	49	14	1	1247	12800994	12802264	0.0	1899
NC_003076.8:4780210-4782228	NC_003071.7	92.948	1262	57	16	1	1247	499985	501229	0.0	1808
NC_003076.8:4780210-4782228	NC_003071.7	92.722	1264	56	16	1	1247	17255233	17253989	0.0	1792
NC_003076.8:4780210-4782228	NC_003071.7	92.631	1262	57	20	1	1247	13338077	13336837	0.0	1783
NC_003076.8:4780210-4782228	NC_003071.7	92.454	1259	49	16	1	1247	13908721	13907497	0.0	1757
NC_003076.8:4780210-4782228	NC_003071.7	91.990	1261	55	23	1	1247	12094425	12093197	0.0	1727
NC_003076.8:4780210-4782228	NC_003071.7	91.446	1286	51	18	1	1247	11287161	11285896	0.0	1711
NC_003076.8:4780210-4782228	NC_003071.7	91.067	1265	64	23	1	1247	707442	708675	0.0	1664
NC_003076.8:4780210-4782228	NC_003071.7	92.573	1158	52	18	104	1247	396551	395414	0.0	1631
NC_003076.8:4780210-4782228	NC_003071.7	93.276	1041	49	14	1	1029	7154736	7153705	0.0	1515
NC_003076.8:4780210-4782228	NC_003071.7	92.849	881	37	14	1	857	14333785	14334663	0.0	1254
NC_003076.8:4780210-4782228	NC_003071.7	92.883	843	35	12	1	821	542308	543147	0.0	1201
NC_003076.8:4780210-4782228	NC_003071.7	94.308	773	41	3	1248	2019	501290	502060	0.0	1181
NC_003076.8:4780210-4782228	NC_003071.7	94.041	772	41	3	1249	2019	13336591	13335824	0.0	1166
NC_003076.8:4780210-4782228	NC_003071.7	93.782	772	45	2	1248	2019	12802326	12803094	0.0	1157
NC_003076.8:4780210-4782228	NC_003071.7	93.774	771	43	5	1249	2019	6663356	6664121	0.0	1153
NC_003076.8:4780210-4782228	NC_003071.7	93.377	770	47	4	1249	2017	13907435	13906669	0.0	1136
NC_003076.8:4780210-4782228	NC_003071.7	93.126	771	49	4	1250	2019	6100999	6100232	0.0	1127
NC_003076.8:4780210-4782228	NC_003071.7	92.996	771	51	3	1249	2019	7112161	7112928	0.0	1122
NC_003076.8:4780210-4782228	NC_003071.7	92.626	773	50	6	1249	2019	395352	394585	0.0	1105
NC_003076.8:4780210-4782228	NC_003071.7	92.857	756	48	5	1249	2004	6803630	6804379	0.0	1092
NC_003076.8:4780210-4782228	NC_003071.7	92.258	775	51	7	1248	2019	7168998	7168230	0.0	1090
NC_003076.8:4780210-4782228	NC_003071.7	92.358	772	50	7	1249	2019	13268242	13269005	0.0	1090
NC_003076.8:4780210-4782228	NC_003071.7	93.681	728	44	2	1292	2019	6924016	6923291	0.0	1088
NC_003076.8:4780210-4782228	NC_003071.7	92.358	772	43	8	1249	2019	543409	544165	0.0	1085
NC_003076.8:4780210-4782228	NC_003071.7	93.452	733	45	2	1249	1981	12093135	12092406	0.0	1085
NC_003076.8:4780210-4782228	NC_003071.7	92.088	771	60	1	1249	2019	17253927	17253158	0.0	1085
NC_003076.8:4780210-4782228	NC_003071.7	91.839	772	57	6	1250	2019	7814169	7813402	0.0	1072
NC_003076.8:4780210-4782228	NC_003071.7	91.774	778	50	9	1250	2019	7960791	7961562	0.0	1070
NC_003076.8:4780210-4782228	NC_003071.7	92.349	745	42	10	1249	1993	14334885	14335614	0.0	1046
NC_003076.8:4780210-4782228	NC_003071.7	92.466	730	44	10	1293	2019	3213046	3212325	0.0	1033
NC_003076.8:4780210-4782228	NC_003071.7	92.350	719	38	9	230	934	12556068	12555353	0.0	1007
NC_003076.8:4780210-4782228	NC_003071.7	92.210	706	38	9	242	934	5466868	5466167	0.0	983
NC_003076.8:4780210-4782228	NC_003071.7	91.888	715	39	12	230	929	1460787	1460077	0.0	981
NC_003076.8:4780210-4782228	NC_003071.7	92.722	687	35	8	236	909	10468943	10468259	0.0	977
NC_003076.8:4780210-4782228	NC_003071.7	92.751	676	42	5	1344	2017	709401	710071	0.0	970
NC_003076.8:4780210-4782228	NC_003071.7	91.446	643	39	8	230	858	19196619	19195979	0.0	869
NC_003076.8:4780210-4782228	NC_003071.7	93.206	574	38	1	1249	1822	11285834	11285262	0.0	843
NC_003076.8:4780210-4782228	NC_003071.7	92.105	570	30	8	230	787	6099666	6100232	0.0	789
NC_003076.8:4780210-4782228	NC_003071.7	89.385	650	31	26	226	866	11399241	11398621	0.0	784
NC_003076.8:4780210-4782228	NC_003071.7	93.246	459	28	3	1418	1875	3564666	3565122	0.0	673
NC_003076.8:4780210-4782228	NC_003071.7	93.226	310	14	3	939	1247	7814534	7814231	9.06e-125	449
NC_003076.8:4780210-4782228	NC_003071.7	92.233	309	24	0	939	1247	7169367	7169059	1.96e-121	438
NC_003076.8:4780210-4782228	NC_003071.7	91.277	321	24	3	617	934	6383692	6383373	2.54e-120	435
NC_003076.8:4780210-4782228	NC_003071.7	93.640	283	15	3	1249	1530	4024579	4024859	7.10e-116	420
NC_003076.8:4780210-4782228	NC_003071.7	91.873	283	21	2	1249	1530	980240	979959	4.31e-108	394
NC_003076.8:4780210-4782228	NC_003071.7	94.444	252	14	0	1733	1984	3565123	3565374	2.00e-106	388
NC_003076.8:4780210-4782228	NC_003071.7	91.544	272	22	1	1748	2019	2962564	2962294	5.61e-102	374
NC_003076.8:4780210-4782228	NC_003071.7	94.215	242	14	0	939	1180	7959949	7960190	7.26e-101	370
NC_003076.8:4780210-4782228	NC_003071.7	93.173	249	11	4	230	474	5843836	5843590	4.37e-98	361
NC_003076.8:4780210-4782228	NC_003071.7	94.419	215	9	2	1036	1247	6663080	6663294	4.43e-88	327
NC_003076.8:4780210-4782228	NC_003071.7	87.984	258	16	8	1	250	12556203	12555953	5.81e-77	291
NC_003076.8:4780210-4782228	NC_003071.7	88.618	246	14	9	13	250	5843961	5843722	7.52e-76	287
NC_003076.8:4780210-4782228	NC_003071.7	94.118	187	11	0	939	1125	4024359	4024545	2.70e-75	285
NC_003076.8:4780210-4782228	NC_003071.7	94.565	184	9	1	939	1121	7111941	7112124	9.72e-75	283
NC_003076.8:4780210-4782228	NC_003071.7	96.407	167	6	0	1081	1247	14334657	14334823	1.63e-72	276
NC_003076.8:4780210-4782228	NC_003071.7	93.048	187	12	1	939	1125	980459	980274	2.10e-71	272
NC_003076.8:4780210-4782228	NC_003071.7	92.896	183	13	0	944	1126	6101214	6101032	9.79e-70	267
NC_003076.8:4780210-4782228	NC_003071.7	94.643	168	7	2	1082	1247	543180	543347	1.64e-67	259
NC_003076.8:4780210-4782228	NC_003071.7	92.500	160	9	3	774	931	6101360	6101518	1.66e-57	226
NC_003076.8:4780210-4782228	NC_003071.7	94.444	144	7	1	1105	1247	6803425	6803568	7.73e-56	220
NC_003076.8:4780210-4782228	NC_003071.7	91.509	106	9	0	939	1044	6661119	6661224	1.33e-33	147
NC_003076.8:4780210-4782228	NC_003071.7	97.872	47	0	1	1201	1247	13336698	13336653	1.37e-13	80.5
NC_003076.8:5128489-5129834	NC_003076.8	100.000	1346	0	0	1	1346	5129834	5128489	0.0	2486
NC_003076.8:5128489-5129834	NC_003076.8	98.442	1348	16	3	1	1343	19931558	19930211	0.0	2368
NC_003076.8:5128489-5129834	NC_003076.8	94.872	780	37	3	1	778	14761183	14760405	0.0	1216
NC_003076.8:5128489-5129834	NC_003076.8	94.125	783	35	7	1	778	15342696	15341920	0.0	1181
NC_003076.8:5128489-5129834	NC_003076.8	93.478	782	45	6	1	778	8682979	8683758	0.0	1157
NC_003076.8:5128489-5129834	NC_003076.8	93.103	783	47	7	1	778	7711131	7711911	0.0	1140
NC_003076.8:5128489-5129834	NC_003076.8	93.095	782	41	7	1	777	13918790	13918017	0.0	1133
NC_003076.8:5128489-5129834	NC_003076.8	90.781	781	41	19	1	774	354140	354896	0.0	1014
NC_003076.8:5128489-5129834	NC_003076.8	93.056	648	37	6	138	777	19742382	19741735	0.0	941
NC_003076.8:5128489-5129834	NC_003076.8	93.125	640	40	4	138	774	8765944	8766582	0.0	935
NC_003076.8:5128489-5129834	NC_003076.8	92.857	644	40	6	136	774	17365257	17365899	0.0	929
NC_003076.8:5128489-5129834	NC_003076.8	92.835	642	41	4	138	777	20682172	20681534	0.0	926
NC_003076.8:5128489-5129834	NC_003076.8	92.068	643	41	7	138	777	14151059	14150424	0.0	896
NC_003076.8:5128489-5129834	NC_003076.8	91.590	654	40	6	138	777	5429827	5429175	0.0	889
NC_003076.8:5128489-5129834	NC_003076.8	91.757	643	45	6	138	774	11025557	11026197	0.0	887
NC_003076.8:5128489-5129834	NC_003076.8	92.006	638	39	12	130	757	21530313	21530948	0.0	885
NC_003076.8:5128489-5129834	NC_003076.8	91.149	644	48	6	138	777	24187678	24187040	0.0	865
NC_003076.8:5128489-5129834	NC_003076.8	93.772	578	31	4	770	1343	17956599	17957175	0.0	863
NC_003076.8:5128489-5129834	NC_003076.8	91.135	643	40	9	138	777	4781999	4781371	0.0	856
NC_003076.8:5128489-5129834	NC_003076.8	91.135	643	36	5	138	777	9964782	9964158	0.0	852
NC_003076.8:5128489-5129834	NC_003076.8	90.980	643	38	4	138	777	17618450	17617825	0.0	848
NC_003076.8:5128489-5129834	NC_003076.8	90.259	657	46	13	138	778	9612816	9613470	0.0	843
NC_003076.8:5128489-5129834	NC_003076.8	92.759	580	36	4	770	1343	20399259	20399838	0.0	833
NC_003076.8:5128489-5129834	NC_003076.8	93.728	558	28	6	224	778	19670974	19671527	0.0	830
NC_003076.8:5128489-5129834	NC_003076.8	90.484	641	39	6	138	774	4312768	4313390	0.0	826
NC_003076.8:5128489-5129834	NC_003076.8	90.373	644	39	7	138	777	20281750	20281126	0.0	824
NC_003076.8:5128489-5129834	NC_003076.8	92.414	580	38	4	770	1345	7712648	7713225	0.0	822
NC_003076.8:5128489-5129834	NC_003076.8	90.202	643	40	5	138	774	18854200	18854825	0.0	817
NC_003076.8:5128489-5129834	NC_003076.8	90.078	645	40	8	138	777	8746465	8745840	0.0	815
NC_003076.8:5128489-5129834	NC_003076.8	90.156	640	42	5	138	774	9590645	9591266	0.0	813
NC_003076.8:5128489-5129834	NC_003076.8	89.891	643	43	7	138	777	14082601	14081978	0.0	808
NC_003076.8:5128489-5129834	NC_003076.8	89.752	644	45	5	138	777	15606367	15605741	0.0	804
NC_003076.8:5128489-5129834	NC_003076.8	89.860	641	44	5	138	774	17775963	17776586	0.0	804
NC_003076.8:5128489-5129834	NC_003076.8	91.869	578	38	3	770	1343	19672270	19672842	0.0	798
NC_003076.8:5128489-5129834	NC_003076.8	91.724	580	39	6	770	1343	13983747	13984323	0.0	797
NC_003076.8:5128489-5129834	NC_003076.8	89.564	642	44	7	138	774	16356709	16357332	0.0	793
NC_003076.8:5128489-5129834	NC_003076.8	91.537	579	34	7	770	1343	355636	356204	0.0	784
NC_003076.8:5128489-5129834	NC_003076.8	91.003	578	48	2	770	1343	8684514	8685091	0.0	776
NC_003076.8:5128489-5129834	NC_003076.8	88.527	645	48	9	138	777	1898411	1897788	0.0	758
NC_003076.8:5128489-5129834	NC_003076.8	88.136	649	50	9	138	777	9559262	9558632	0.0	747
NC_003076.8:5128489-5129834	NC_003076.8	93.515	478	24	6	1	473	25264511	25264986	0.0	704
NC_003076.8:5128489-5129834	NC_003076.8	96.694	363	10	2	1	361	3020196	3019834	4.35e-171	603
NC_003076.8:5128489-5129834	NC_003076.8	91.463	410	28	7	138	542	7154204	7153797	3.44e-157	556
NC_003076.8:5128489-5129834	NC_003076.8	95.122	246	12	0	533	778	3019829	3019584	1.33e-106	388
NC_003076.8:5128489-5129834	NC_003076.8	90.734	259	18	6	2	257	5430061	5429806	3.77e-92	340
NC_003076.8:5128489-5129834	NC_003076.8	94.634	205	11	0	574	778	20398316	20398520	1.76e-85	318
NC_003076.8:5128489-5129834	NC_003076.8	95.714	70	3	0	1274	1343	15341283	15341214	8.94e-24	113
NC_003076.8:5128489-5129834	NC_003070.9	98.224	1351	19	3	1	1346	2235167	2233817	0.0	2357
NC_003076.8:5128489-5129834	NC_003070.9	95.641	780	31	3	1	778	17552998	17552220	0.0	1249
NC_003076.8:5128489-5129834	NC_003070.9	94.872	780	36	4	1	778	14299842	14299065	0.0	1216
NC_003076.8:5128489-5129834	NC_003070.9	94.987	758	33	5	24	778	29320708	29319953	0.0	1184
NC_003076.8:5128489-5129834	NC_003070.9	93.990	782	41	5	1	778	6735864	6736643	0.0	1179
NC_003076.8:5128489-5129834	NC_003070.9	93.478	782	47	4	1	778	1977166	1976385	0.0	1158
NC_003076.8:5128489-5129834	NC_003070.9	93.907	755	40	6	28	778	17255	18007	0.0	1134
NC_003076.8:5128489-5129834	NC_003070.9	93.915	756	39	7	28	778	3074698	3073945	0.0	1134
NC_003076.8:5128489-5129834	NC_003070.9	93.205	780	36	5	1	778	8291571	8290807	0.0	1131
NC_003076.8:5128489-5129834	NC_003070.9	93.205	780	34	5	1	778	19173802	19173040	0.0	1129
NC_003076.8:5128489-5129834	NC_003070.9	92.949	780	38	4	1	778	19085099	19085863	0.0	1120
NC_003076.8:5128489-5129834	NC_003070.9	91.154	780	42	9	1	777	12855993	12855238	0.0	1033
NC_003076.8:5128489-5129834	NC_003070.9	92.857	644	42	4	138	777	26171245	26170602	0.0	931
NC_003076.8:5128489-5129834	NC_003070.9	92.379	643	43	6	138	777	19329031	19328392	0.0	911
NC_003076.8:5128489-5129834	NC_003070.9	92.068	643	46	5	138	777	30255288	30254648	0.0	900
NC_003076.8:5128489-5129834	NC_003070.9	91.525	649	44	11	138	779	12364370	12365014	0.0	883
NC_003076.8:5128489-5129834	NC_003070.9	91.602	643	48	5	136	774	17900095	17900735	0.0	883
NC_003076.8:5128489-5129834	NC_003070.9	91.576	641	48	6	138	774	7035426	7036064	0.0	880
NC_003076.8:5128489-5129834	NC_003070.9	91.217	649	47	10	138	779	12563847	12563202	0.0	874
NC_003076.8:5128489-5129834	NC_003070.9	95.604	546	22	2	4	547	18747045	18746500	0.0	874
NC_003076.8:5128489-5129834	NC_003070.9	91.036	647	51	5	136	777	9867193	9866549	0.0	867
NC_003076.8:5128489-5129834	NC_003070.9	91.091	651	42	14	138	779	23213901	23214544	0.0	867
NC_003076.8:5128489-5129834	NC_003070.9	91.063	649	43	12	138	779	16824753	16825393	0.0	863
NC_003076.8:5128489-5129834	NC_003070.9	93.621	580	33	2	770	1345	19172637	19172058	0.0	863
NC_003076.8:5128489-5129834	NC_003070.9	90.644	652	45	15	138	779	19466714	19466069	0.0	852
NC_003076.8:5128489-5129834	NC_003070.9	93.264	579	35	2	770	1344	19086266	19086844	0.0	850
NC_003076.8:5128489-5129834	NC_003070.9	93.127	582	33	3	770	1344	17551768	17551187	0.0	846
NC_003076.8:5128489-5129834	NC_003070.9	90.229	655	49	10	138	778	16807222	16807875	0.0	841
NC_003076.8:5128489-5129834	NC_003070.9	90.323	651	48	13	138	779	16325679	16326323	0.0	839
NC_003076.8:5128489-5129834	NC_003070.9	92.919	579	35	4	770	1344	8290079	8289503	0.0	837
NC_003076.8:5128489-5129834	NC_003070.9	90.781	640	39	8	138	774	11699931	11700553	0.0	837
NC_003076.8:5128489-5129834	NC_003070.9	90.513	643	41	4	138	777	30252872	30252247	0.0	832
NC_003076.8:5128489-5129834	NC_003070.9	90.373	644	40	6	138	777	22993826	22993201	0.0	826
NC_003076.8:5128489-5129834	NC_003070.9	90.217	644	41	6	138	777	12329819	12329194	0.0	821
NC_003076.8:5128489-5129834	NC_003070.9	90.328	641	39	7	138	774	13059058	13059679	0.0	819
NC_003076.8:5128489-5129834	NC_003070.9	92.857	560	35	3	770	1325	1975649	1975091	0.0	808
NC_003076.8:5128489-5129834	NC_003070.9	89.564	642	56	9	138	774	16904014	16904649	0.0	804
NC_003076.8:5128489-5129834	NC_003070.9	93.407	546	31	3	770	1311	18745505	18744961	0.0	804
NC_003076.8:5128489-5129834	NC_003070.9	89.704	641	45	5	138	774	19062199	19062822	0.0	798
NC_003076.8:5128489-5129834	NC_003070.9	89.704	641	43	10	138	774	8115005	8115626	0.0	797
NC_003076.8:5128489-5129834	NC_003070.9	89.441	644	47	5	138	777	9816445	9817071	0.0	793
NC_003076.8:5128489-5129834	NC_003070.9	89.286	644	46	7	138	777	11737157	11736533	0.0	785
NC_003076.8:5128489-5129834	NC_003070.9	89.760	625	49	10	138	747	16806377	16807001	0.0	785
NC_003076.8:5128489-5129834	NC_003070.9	90.359	612	39	8	166	774	19062922	19063516	0.0	785
NC_003076.8:5128489-5129834	NC_003070.9	89.269	643	47	6	138	777	19995499	19994876	0.0	785
NC_003076.8:5128489-5129834	NC_003070.9	91.364	579	33	6	770	1343	12854503	12853937	0.0	776
NC_003076.8:5128489-5129834	NC_003070.9	88.444	649	45	9	138	774	22450165	22450795	0.0	756
NC_003076.8:5128489-5129834	NC_003070.9	93.465	505	27	4	770	1269	14298239	14297736	0.0	745
NC_003076.8:5128489-5129834	NC_003070.9	88.199	644	44	6	138	777	501140	500525	0.0	739
NC_003076.8:5128489-5129834	NC_003070.9	89.167	600	47	13	143	729	13261968	13261374	0.0	732
NC_003076.8:5128489-5129834	NC_003070.9	89.509	591	42	4	138	726	4785682	4786254	0.0	730
NC_003076.8:5128489-5129834	NC_003070.9	89.114	542	38	5	239	777	13017571	13017048	0.0	654
NC_003076.8:5128489-5129834	NC_003070.9	93.913	345	19	2	435	778	23174139	23174482	4.51e-146	520
NC_003076.8:5128489-5129834	NC_003070.9	96.371	248	9	0	531	778	18746486	18746239	1.02e-112	409
NC_003076.8:5128489-5129834	NC_003070.9	86.740	362	27	5	416	774	18791324	18791667	6.17e-105	383
NC_003076.8:5128489-5129834	NC_003070.9	93.590	234	14	1	138	370	22622071	22621838	2.25e-94	348
NC_003076.8:5128489-5129834	NC_003070.9	94.253	174	9	1	138	310	18791161	18791334	2.33e-69	265
NC_003076.8:5128489-5129834	NC_003070.9	95.876	97	2	2	1251	1346	14296525	14296430	1.46e-36	156
NC_003076.8:5128489-5129834	NC_003070.9	97.183	71	2	0	1274	1344	23175136	23175206	5.34e-26	121
NC_003076.8:5128489-5129834	NC_003070.9	94.366	71	4	0	1274	1344	18661	18731	1.16e-22	110
NC_003076.8:5128489-5129834	NC_003070.9	94.366	71	4	0	1274	1344	6737296	6737366	1.16e-22	110
NC_003076.8:5128489-5129834	NC_003070.9	97.297	37	1	0	1274	1310	29319300	29319264	9.13e-09	63.9
NC_003076.8:5128489-5129834	NC_003071.7	98.145	1348	20	3	1	1343	19196757	19195410	0.0	2346
NC_003076.8:5128489-5129834	NC_003071.7	95.641	780	29	3	1	778	12556203	12555427	0.0	1247
NC_003076.8:5128489-5129834	NC_003071.7	95.006	781	35	4	1	778	1460925	1460146	0.0	1223
NC_003076.8:5128489-5129834	NC_003071.7	94.095	779	31	7	5	778	10469076	10468308	0.0	1170
NC_003076.8:5128489-5129834	NC_003071.7	95.904	708	22	6	1	706	6099530	6100232	0.0	1140
NC_003076.8:5128489-5129834	NC_003071.7	93.077	780	36	5	1	778	5467004	5466241	0.0	1125
NC_003076.8:5128489-5129834	NC_003071.7	90.689	784	42	12	1	782	11399377	11398623	0.0	1014
NC_003076.8:5128489-5129834	NC_003071.7	93.427	639	39	3	138	774	13267150	13267787	0.0	944
NC_003076.8:5128489-5129834	NC_003071.7	92.547	644	44	4	138	777	6925142	6924499	0.0	920
NC_003076.8:5128489-5129834	NC_003071.7	92.236	644	43	7	136	774	12801226	12801867	0.0	905
NC_003076.8:5128489-5129834	NC_003071.7	91.834	649	43	10	138	779	14334020	14334665	0.0	896
NC_003076.8:5128489-5129834	NC_003071.7	93.955	579	30	3	770	1344	12554611	12554034	0.0	870
NC_003076.8:5128489-5129834	NC_003071.7	93.287	581	31	4	770	1343	10467856	10467277	0.0	850
NC_003076.8:5128489-5129834	NC_003071.7	93.003	586	28	5	770	1346	5465501	5464920	0.0	843
NC_003076.8:5128489-5129834	NC_003071.7	90.169	651	49	13	138	779	542543	543187	0.0	833
NC_003076.8:5128489-5129834	NC_003071.7	92.599	581	37	4	770	1346	1459422	1458844	0.0	830
NC_003076.8:5128489-5129834	NC_003071.7	89.596	644	45	6	138	777	7154501	7153876	0.0	798
NC_003076.8:5128489-5129834	NC_003071.7	89.457	645	46	6	138	777	12094189	12093562	0.0	795
NC_003076.8:5128489-5129834	NC_003071.7	89.319	646	48	5	136	777	13337846	13337218	0.0	791
NC_003076.8:5128489-5129834	NC_003071.7	89.408	642	45	7	138	774	500220	500843	0.0	787
NC_003076.8:5128489-5129834	NC_003071.7	89.198	648	45	7	138	777	17254998	17254368	0.0	785
NC_003076.8:5128489-5129834	NC_003071.7	88.992	645	49	4	138	777	11286904	11286277	0.0	778
NC_003076.8:5128489-5129834	NC_003071.7	88.665	644	51	6	138	777	396420	395795	0.0	765
NC_003076.8:5128489-5129834	NC_003071.7	89.482	599	39	7	138	730	707676	708256	0.0	736
NC_003076.8:5128489-5129834	NC_003071.7	90.435	575	31	4	772	1343	6102174	6102727	0.0	736
NC_003076.8:5128489-5129834	NC_003071.7	93.079	419	27	2	770	1187	5843055	5842638	7.23e-174	612
NC_003076.8:5128489-5129834	NC_003071.7	94.667	375	14	5	13	384	5843961	5843590	2.64e-163	577
NC_003076.8:5128489-5129834	NC_003071.7	94.766	363	12	3	1	361	6384054	6383697	9.55e-158	558
NC_003076.8:5128489-5129834	NC_003071.7	92.623	366	24	2	981	1343	6084961	6085326	3.48e-147	523
NC_003076.8:5128489-5129834	NC_003071.7	94.309	246	14	0	533	778	6383692	6383447	2.87e-103	377
NC_003076.8:5128489-5129834	NC_003071.7	91.103	281	18	4	772	1052	6084700	6084973	3.71e-102	374
NC_003076.8:5128489-5129834	NC_003071.7	90.698	215	16	2	1134	1344	11397698	11397484	6.44e-75	283
NC_003076.8:5128489-5129834	NC_003071.7	90.000	70	0	1	1274	1343	6382806	6382744	7.01e-15	84.2
NC_003076.8:5128489-5129834	NC_003074.8	95.109	777	34	4	4	777	9559680	9558905	0.0	1221
NC_003076.8:5128489-5129834	NC_003074.8	94.629	782	33	9	1	778	20485140	20484364	0.0	1203
NC_003076.8:5128489-5129834	NC_003074.8	94.473	778	35	8	3	778	5622033	5622804	0.0	1192
NC_003076.8:5128489-5129834	NC_003074.8	95.562	721	30	2	60	778	16879865	16880585	0.0	1153
NC_003076.8:5128489-5129834	NC_003074.8	94.030	737	38	6	28	759	1371151	1370416	0.0	1112
NC_003076.8:5128489-5129834	NC_003074.8	93.245	755	45	6	28	778	2630001	2629249	0.0	1107
NC_003076.8:5128489-5129834	NC_003074.8	93.034	646	35	10	138	778	18746423	18747063	0.0	935
NC_003076.8:5128489-5129834	NC_003074.8	92.558	645	43	5	138	777	10821211	10820567	0.0	920
NC_003076.8:5128489-5129834	NC_003074.8	91.525	649	45	10	138	779	17063008	17062363	0.0	885
NC_003076.8:5128489-5129834	NC_003074.8	91.145	655	44	6	138	778	9890241	9890895	0.0	876
NC_003076.8:5128489-5129834	NC_003074.8	93.253	578	35	2	770	1343	5623547	5624124	0.0	848
NC_003076.8:5128489-5129834	NC_003074.8	92.931	580	35	4	770	1344	20483623	20483045	0.0	839
NC_003076.8:5128489-5129834	NC_003074.8	90.308	650	41	6	138	778	16173058	16172422	0.0	832
NC_003076.8:5128489-5129834	NC_003074.8	90.469	640	40	7	138	774	15937521	15938142	0.0	824
NC_003076.8:5128489-5129834	NC_003074.8	90.062	644	42	10	138	777	17301044	17300419	0.0	815
NC_003076.8:5128489-5129834	NC_003074.8	90.000	640	42	6	138	774	11536069	11536689	0.0	808
NC_003076.8:5128489-5129834	NC_003074.8	92.832	558	33	4	770	1323	16881319	16881873	0.0	802
NC_003076.8:5128489-5129834	NC_003074.8	89.286	644	48	5	138	777	17277580	17276954	0.0	787
NC_003076.8:5128489-5129834	NC_003074.8	89.375	640	46	6	138	774	20786634	20787254	0.0	785
NC_003076.8:5128489-5129834	NC_003074.8	89.114	643	48	6	138	777	5745687	5745064	0.0	780
NC_003076.8:5128489-5129834	NC_003074.8	89.322	590	42	5	138	723	9386113	9385541	0.0	721
NC_003076.8:5128489-5129834	NC_003074.8	89.002	591	45	4	138	726	16451021	16451593	0.0	713
NC_003076.8:5128489-5129834	NC_003074.8	87.207	641	48	11	138	774	22118838	22119448	0.0	699
NC_003076.8:5128489-5129834	NC_003074.8	87.037	648	37	26	138	779	7996401	7995795	0.0	688
NC_003076.8:5128489-5129834	NC_003074.8	95.327	428	17	3	1	426	10862401	10862827	0.0	676
NC_003076.8:5128489-5129834	NC_003074.8	90.930	430	21	8	1	427	20487142	20486728	7.38e-159	562
NC_003076.8:5128489-5129834	NC_003074.8	92.935	368	22	3	981	1344	17396345	17395978	5.79e-150	532
NC_003076.8:5128489-5129834	NC_003074.8	90.882	340	26	5	442	778	10404825	10405162	1.67e-125	451
NC_003076.8:5128489-5129834	NC_003074.8	95.000	280	14	0	770	1049	10863382	10863661	3.61e-122	440
NC_003076.8:5128489-5129834	NC_003074.8	90.881	318	24	3	1031	1344	8188933	8189249	1.31e-116	422
NC_003076.8:5128489-5129834	NC_003074.8	86.464	362	28	5	416	774	16562050	16562393	2.87e-103	377
NC_003076.8:5128489-5129834	NC_003074.8	89.680	281	25	3	772	1052	17396609	17396333	1.35e-96	355
NC_003076.8:5128489-5129834	NC_003074.8	89.494	257	19	8	4	257	9386343	9386092	1.76e-85	318
NC_003076.8:5128489-5129834	NC_003074.8	94.798	173	8	1	606	778	9385008	9385179	1.80e-70	268
NC_003076.8:5128489-5129834	NC_003074.8	91.124	169	11	2	1179	1343	10865881	10866049	1.10e-57	226
NC_003076.8:5128489-5129834	NC_003074.8	93.836	146	9	0	1047	1192	10865705	10865850	5.12e-56	220
NC_003076.8:5128489-5129834	NC_003074.8	98.529	68	1	0	1277	1344	9558269	9558202	5.34e-26	121
NC_003076.8:5128489-5129834	NC_003074.8	88.889	81	8	1	1	80	17729940	17730020	2.50e-19	99.0
NC_003076.8:5128489-5129834	NC_003074.8	96.000	50	1	1	1274	1323	1369776	1369728	9.07e-14	80.5
NC_003076.8:5128489-5129834	NC_003075.7	94.268	785	32	11	1	778	7060698	7059920	0.0	1188
NC_003076.8:5128489-5129834	NC_003075.7	93.223	782	34	6	1	778	9438785	9439551	0.0	1133
NC_003076.8:5128489-5129834	NC_003075.7	92.830	781	37	6	1	778	314269	313505	0.0	1114
NC_003076.8:5128489-5129834	NC_003075.7	92.691	643	44	3	138	777	1001772	1001130	0.0	924
NC_003076.8:5128489-5129834	NC_003075.7	92.500	640	41	7	138	773	8063845	8064481	0.0	909
NC_003076.8:5128489-5129834	NC_003075.7	91.925	644	45	7	138	777	10397150	10396510	0.0	894
NC_003076.8:5128489-5129834	NC_003075.7	91.615	644	44	8	138	778	2621774	2621138	0.0	881
NC_003076.8:5128489-5129834	NC_003075.7	94.128	579	30	2	770	1344	7059180	7058602	0.0	878
NC_003076.8:5128489-5129834	NC_003075.7	94.118	578	29	3	770	1343	6178999	6179575	0.0	874
NC_003076.8:5128489-5129834	NC_003075.7	94.909	550	27	1	1	549	6178448	6178997	0.0	859
NC_003076.8:5128489-5129834	NC_003075.7	92.612	582	38	3	770	1346	6280970	6281551	0.0	832
NC_003076.8:5128489-5129834	NC_003075.7	90.469	640	39	6	138	774	4146361	4146981	0.0	824
NC_003076.8:5128489-5129834	NC_003075.7	91.667	612	26	7	1	610	6279022	6279610	0.0	824
NC_003076.8:5128489-5129834	NC_003075.7	90.016	641	42	6	138	774	1349820	1350442	0.0	809
NC_003076.8:5128489-5129834	NC_003075.7	91.710	579	41	4	770	1343	312778	312202	0.0	797
NC_003076.8:5128489-5129834	NC_003075.7	89.564	642	45	6	138	774	11361104	11361728	0.0	795
NC_003076.8:5128489-5129834	NC_003075.7	89.441	644	46	6	138	777	5541154	5540529	0.0	793
NC_003076.8:5128489-5129834	NC_003075.7	89.425	643	46	12	138	777	8730218	8729595	0.0	791
NC_003076.8:5128489-5129834	NC_003075.7	92.252	555	35	7	136	686	9763582	9763032	0.0	780
NC_003076.8:5128489-5129834	NC_003075.7	92.391	552	31	9	770	1310	9439956	9440507	0.0	776
NC_003076.8:5128489-5129834	NC_003075.7	92.224	553	34	8	138	686	9842373	9841826	0.0	774
NC_003076.8:5128489-5129834	NC_003075.7	89.340	591	43	4	138	726	16864836	16864264	0.0	725
NC_003076.8:5128489-5129834	NC_003075.7	92.033	364	24	4	981	1344	5355366	5355724	3.51e-142	507
NC_003076.8:5128489-5129834	NC_003075.7	90.036	281	26	2	772	1052	5355100	5355378	8.04e-99	363
NC_003076.8:5128489-5129834	NC_003075.7	89.231	260	22	6	1	257	10397385	10397129	4.91e-86	320
NC_003076.8:5128489-5129834	NC_003075.7	83.688	282	24	14	274	545	3897173	3896904	8.45e-64	246
NC_003076.8:5128489-5129834	NC_003075.7	96.094	128	5	0	770	897	6280151	6280278	1.11e-52	209
NC_003076.8:5128489-5129834	NC_003075.7	95.745	94	4	0	608	701	6280372	6280465	1.89e-35	152
NC_003076.8:5128489-5129834	NC_003075.7	90.123	81	7	1	1	80	683213	683293	5.38e-21	104
