NC_003071.7:2138820-2139385	NC_003071.7	100.000	566	0	0	1	566	2138820	2139385	0.0	1046
NC_003071.7:2138820-2139385	NC_003071.7	93.945	545	28	3	1	543	4025413	4025954	0.0	819
NC_003071.7:2138820-2139385	NC_003071.7	89.771	567	53	5	1	566	5037751	5038313	0.0	721
NC_003071.7:2138820-2139385	NC_003071.7	89.279	569	40	12	1	566	13101810	13102360	0.0	693
NC_003071.7:2138820-2139385	NC_003071.7	88.772	570	52	10	1	566	7340381	7340942	0.0	688
NC_003071.7:2138820-2139385	NC_003071.7	88.699	584	31	10	2	566	1409588	1410155	0.0	680
NC_003071.7:2138820-2139385	NC_003071.7	88.049	569	62	6	1	566	5010652	5010087	0.0	669
NC_003071.7:2138820-2139385	NC_003071.7	88.401	569	45	10	1	566	12556654	12557204	0.0	665
NC_003071.7:2138820-2139385	NC_003071.7	88.007	567	61	5	1	566	1596919	1597479	0.0	664
NC_003071.7:2138820-2139385	NC_003071.7	88.360	567	41	9	1	566	9229179	9228637	0.0	658
NC_003071.7:2138820-2139385	NC_003071.7	88.277	563	45	11	1	561	13885931	13886474	0.0	654
NC_003071.7:2138820-2139385	NC_003071.7	87.633	566	50	13	1	564	9226025	9225478	0.0	640
NC_003071.7:2138820-2139385	NC_003071.7	87.368	570	55	7	1	566	6207151	6206595	0.0	638
NC_003071.7:2138820-2139385	NC_003071.7	87.456	566	49	8	1	566	1670334	1669791	2.27e-180	632
NC_003071.7:2138820-2139385	NC_003071.7	86.667	570	50	10	1	566	15134225	15134772	3.83e-173	608
NC_003071.7:2138820-2139385	NC_003071.7	86.444	568	52	11	1	566	19623102	19623646	2.30e-170	599
NC_003071.7:2138820-2139385	NC_003071.7	87.791	516	54	6	19	529	17147641	17147130	2.98e-169	595
NC_003071.7:2138820-2139385	NC_003071.7	88.866	485	51	3	7	489	19172662	19172179	1.07e-168	593
NC_003071.7:2138820-2139385	NC_003071.7	85.172	580	52	14	1	566	9860514	9859955	8.41e-160	564
NC_003071.7:2138820-2139385	NC_003071.7	86.879	503	45	7	7	509	19243129	19242648	1.10e-153	544
NC_003071.7:2138820-2139385	NC_003071.7	90.336	238	19	4	332	566	1383789	1383553	4.35e-83	309
NC_003071.7:2138820-2139385	NC_003071.7	89.916	238	21	3	331	566	1322206	1321970	2.02e-81	303
NC_003071.7:2138820-2139385	NC_003071.7	89.451	237	22	3	332	566	10996418	10996183	3.39e-79	296
NC_003071.7:2138820-2139385	NC_003071.7	89.076	238	22	4	331	566	3197853	3197618	4.38e-78	292
NC_003071.7:2138820-2139385	NC_003071.7	90.865	208	14	5	361	566	1038253	1038049	1.59e-72	274
NC_003071.7:2138820-2139385	NC_003071.7	89.952	209	16	4	361	566	2320728	2320934	9.55e-70	265
NC_003071.7:2138820-2139385	NC_003071.7	83.784	259	19	10	330	566	7351290	7351547	1.62e-57	224
NC_003071.7:2138820-2139385	NC_003071.7	84.404	218	18	5	331	547	9455967	9456169	2.73e-50	200
NC_003071.7:2138820-2139385	NC_003071.7	92.254	142	9	2	329	469	10070312	10070172	2.73e-50	200
NC_003071.7:2138820-2139385	NC_003071.7	87.356	174	12	6	394	566	8907832	8907996	1.64e-47	191
NC_003071.7:2138820-2139385	NC_003071.7	82.773	238	16	13	330	566	1347425	1347212	5.91e-47	189
NC_003071.7:2138820-2139385	NC_003071.7	91.429	140	9	3	330	467	9030462	9030600	5.91e-47	189
NC_003071.7:2138820-2139385	NC_003071.7	82.353	238	17	10	330	566	9585142	9585355	2.75e-45	183
NC_003071.7:2138820-2139385	NC_003071.7	86.719	128	13	4	439	566	3212448	3212325	6.04e-32	139
NC_003071.7:2138820-2139385	NC_003071.7	86.719	128	13	4	439	566	11285238	11285115	6.04e-32	139
NC_003071.7:2138820-2139385	NC_003071.7	92.391	92	6	1	1	91	825444	825535	3.63e-29	130
NC_003071.7:2138820-2139385	NC_003071.7	84.286	140	9	3	330	469	14572547	14572673	1.69e-27	124
NC_003071.7:2138820-2139385	NC_003071.7	84.375	128	16	4	439	566	6663998	6664121	6.08e-27	122
NC_003071.7:2138820-2139385	NC_003071.7	83.594	128	16	5	439	566	7112806	7112928	1.02e-24	115
NC_003071.7:2138820-2139385	NC_003071.7	82.171	129	17	6	439	566	4024867	4024990	6.12e-22	106
NC_003071.7:2138820-2139385	NC_003071.7	87.838	74	8	1	1	73	9091138	9091211	7.98e-16	86.1
NC_003071.7:2138820-2139385	NC_003071.7	91.667	60	4	1	505	564	10070160	10070102	1.03e-14	82.4
NC_003071.7:2138820-2139385	NC_003071.7	100.000	39	0	0	330	368	9311420	9311458	6.21e-12	73.1
NC_003071.7:2138820-2139385	NC_003071.7	100.000	29	0	0	538	566	7177618	7177590	2.25e-06	54.7
NC_003071.7:2138820-2139385	NC_003070.9	98.233	566	8	1	1	566	5862949	5863512	0.0	989
NC_003071.7:2138820-2139385	NC_003070.9	92.403	566	29	2	1	566	20205905	20205354	0.0	795
NC_003071.7:2138820-2139385	NC_003070.9	91.404	570	43	5	1	566	13495989	13495422	0.0	776
NC_003071.7:2138820-2139385	NC_003070.9	91.182	567	48	2	1	566	21739641	21739076	0.0	769
NC_003071.7:2138820-2139385	NC_003070.9	90.317	568	48	7	1	566	23125693	23125131	0.0	737
NC_003071.7:2138820-2139385	NC_003070.9	90.200	551	47	5	20	566	25779690	25780237	0.0	712
NC_003071.7:2138820-2139385	NC_003070.9	89.418	567	54	6	1	566	12097456	12098017	0.0	710
NC_003071.7:2138820-2139385	NC_003070.9	90.962	520	43	3	1	520	4582998	4583513	0.0	697
NC_003071.7:2138820-2139385	NC_003070.9	89.418	567	36	7	1	566	29244142	29244685	0.0	693
NC_003071.7:2138820-2139385	NC_003070.9	88.536	567	48	8	1	566	4770665	4770115	0.0	671
NC_003071.7:2138820-2139385	NC_003070.9	88.401	569	51	9	1	566	26511226	26510670	0.0	671
NC_003071.7:2138820-2139385	NC_003070.9	88.576	569	42	14	1	566	10021962	10021414	0.0	669
NC_003071.7:2138820-2139385	NC_003070.9	88.556	568	41	9	1	566	22192007	22192552	0.0	667
NC_003071.7:2138820-2139385	NC_003070.9	87.737	579	55	10	2	566	17502231	17502807	0.0	662
NC_003071.7:2138820-2139385	NC_003070.9	88.204	568	47	9	1	566	19769024	19769573	0.0	660
NC_003071.7:2138820-2139385	NC_003070.9	88.183	567	50	10	1	566	21918434	21918984	0.0	660
NC_003071.7:2138820-2139385	NC_003070.9	87.654	567	52	9	1	566	5899755	5899206	0.0	643
NC_003071.7:2138820-2139385	NC_003070.9	87.368	570	54	8	1	566	26880721	26881276	0.0	638
NC_003071.7:2138820-2139385	NC_003070.9	87.346	569	51	14	1	566	11804094	11803544	2.27e-180	632
NC_003071.7:2138820-2139385	NC_003070.9	87.238	572	52	9	1	566	27240719	27241275	2.27e-180	632
NC_003071.7:2138820-2139385	NC_003070.9	86.919	581	52	16	1	566	13869873	13870444	8.17e-180	630
NC_003071.7:2138820-2139385	NC_003070.9	87.478	559	49	15	1	544	6219140	6218588	3.80e-178	625
NC_003071.7:2138820-2139385	NC_003070.9	87.040	571	53	9	1	566	16401003	16400449	3.80e-178	625
NC_003071.7:2138820-2139385	NC_003070.9	86.667	570	56	11	1	566	11732352	11732905	8.23e-175	614
NC_003071.7:2138820-2139385	NC_003070.9	86.340	571	57	9	1	566	540987	540433	1.78e-171	603
NC_003071.7:2138820-2139385	NC_003070.9	88.000	500	38	10	68	564	10930990	10931470	5.02e-162	571
NC_003071.7:2138820-2139385	NC_003070.9	85.102	537	71	8	1	534	588027	587497	1.42e-152	540
NC_003071.7:2138820-2139385	NC_003070.9	84.495	574	53	15	1	566	24645519	24646064	6.59e-151	534
NC_003071.7:2138820-2139385	NC_003070.9	84.327	587	49	12	1	566	24718474	24719038	6.59e-151	534
NC_003071.7:2138820-2139385	NC_003070.9	84.683	568	48	20	1	564	10853200	10852668	8.53e-150	531
NC_003071.7:2138820-2139385	NC_003070.9	85.158	539	53	9	7	544	2986886	2986374	1.10e-148	527
NC_003071.7:2138820-2139385	NC_003070.9	88.101	437	48	4	2	435	2587832	2587397	2.39e-145	516
NC_003071.7:2138820-2139385	NC_003070.9	89.873	237	21	3	330	564	8622993	8622758	7.28e-81	302
NC_003071.7:2138820-2139385	NC_003070.9	89.496	238	22	3	331	566	10579905	10580141	9.41e-80	298
NC_003071.7:2138820-2139385	NC_003070.9	89.496	238	22	3	331	566	11669593	11669357	9.41e-80	298
NC_003071.7:2138820-2139385	NC_003070.9	89.256	242	19	5	330	566	20514334	20514573	3.39e-79	296
NC_003071.7:2138820-2139385	NC_003070.9	88.664	247	13	4	321	566	2473131	2472899	2.04e-76	287
NC_003071.7:2138820-2139385	NC_003070.9	88.655	238	22	5	331	566	21128636	21128870	7.33e-76	285
NC_003071.7:2138820-2139385	NC_003070.9	91.304	207	16	2	361	566	9384365	9384160	9.48e-75	281
NC_003071.7:2138820-2139385	NC_003070.9	88.235	238	24	4	331	566	9418298	9418063	9.48e-75	281
NC_003071.7:2138820-2139385	NC_003070.9	88.235	238	23	5	331	566	20166905	20166671	3.41e-74	279
NC_003071.7:2138820-2139385	NC_003070.9	88.739	222	22	3	331	550	3762754	3762974	7.38e-71	268
NC_003071.7:2138820-2139385	NC_003070.9	87.069	232	18	4	330	561	3251255	3251474	7.43e-66	252
NC_003071.7:2138820-2139385	NC_003070.9	89.691	194	17	3	330	522	14013608	14013417	1.24e-63	244
NC_003071.7:2138820-2139385	NC_003070.9	88.506	174	17	3	394	566	9918624	9918453	1.63e-52	207
NC_003071.7:2138820-2139385	NC_003070.9	87.791	172	17	4	396	566	20509005	20508837	9.82e-50	198
NC_003071.7:2138820-2139385	NC_003070.9	82.773	238	16	13	330	566	29774474	29774261	5.91e-47	189
NC_003071.7:2138820-2139385	NC_003070.9	86.207	174	14	5	394	566	16858796	16858632	3.56e-44	180
NC_003071.7:2138820-2139385	NC_003070.9	79.167	240	33	15	330	566	5437137	5436912	2.79e-35	150
NC_003071.7:2138820-2139385	NC_003070.9	87.500	128	12	4	439	566	12562352	12562229	1.30e-33	145
NC_003071.7:2138820-2139385	NC_003070.9	86.719	128	13	4	439	566	16327180	16327303	6.04e-32	139
NC_003071.7:2138820-2139385	NC_003070.9	86.719	128	13	4	439	566	16826247	16826370	6.04e-32	139
NC_003071.7:2138820-2139385	NC_003070.9	86.719	128	13	4	439	566	19465213	19465090	6.04e-32	139
NC_003071.7:2138820-2139385	NC_003070.9	86.719	128	11	6	439	566	11701606	11701727	2.17e-31	137
NC_003071.7:2138820-2139385	NC_003070.9	85.938	128	13	5	439	566	8489536	8489414	1.01e-29	132
NC_003071.7:2138820-2139385	NC_003070.9	85.938	128	13	5	439	566	23553913	23553791	1.01e-29	132
NC_003071.7:2138820-2139385	NC_003070.9	85.827	127	12	6	439	564	9865467	9865346	3.63e-29	130
NC_003071.7:2138820-2139385	NC_003070.9	85.714	126	13	5	441	566	13015971	13015851	1.31e-28	128
NC_003071.7:2138820-2139385	NC_003070.9	85.156	128	15	4	439	566	18792741	18792864	1.31e-28	128
NC_003071.7:2138820-2139385	NC_003070.9	85.156	128	15	4	439	566	19064469	19064592	1.31e-28	128
NC_003071.7:2138820-2139385	NC_003070.9	85.156	128	14	4	439	566	25962587	25962465	4.70e-28	126
NC_003071.7:2138820-2139385	NC_003070.9	84.375	128	16	4	439	566	7037167	7037290	6.08e-27	122
NC_003071.7:2138820-2139385	NC_003070.9	84.496	129	15	5	439	566	22992056	22991932	6.08e-27	122
NC_003071.7:2138820-2139385	NC_003070.9	84.375	128	15	5	439	566	14308886	14308764	2.19e-26	121
NC_003071.7:2138820-2139385	NC_003070.9	84.375	128	15	5	439	566	22451883	22452005	2.19e-26	121
NC_003071.7:2138820-2139385	NC_003070.9	83.721	129	16	5	439	566	12328051	12327927	2.83e-25	117
NC_003071.7:2138820-2139385	NC_003070.9	83.969	131	12	9	439	566	22620714	22620590	2.83e-25	117
NC_003071.7:2138820-2139385	NC_003070.9	83.969	131	12	9	439	566	30251102	30250978	2.83e-25	117
NC_003071.7:2138820-2139385	NC_003070.9	75.785	223	33	10	344	564	21602156	21601953	4.77e-18	93.5
NC_003071.7:2138820-2139385	NC_003070.9	100.000	28	0	0	539	566	21103382	21103355	8.09e-06	52.8
NC_003071.7:2138820-2139385	NC_003074.8	95.062	567	27	1	1	566	3080591	3080025	0.0	891
NC_003071.7:2138820-2139385	NC_003074.8	92.857	560	39	1	7	566	16723678	16723120	0.0	811
NC_003071.7:2138820-2139385	NC_003074.8	90.123	567	52	4	1	566	10405396	10405959	0.0	734
NC_003071.7:2138820-2139385	NC_003074.8	88.889	567	55	8	1	566	23085531	23086090	0.0	691
NC_003071.7:2138820-2139385	NC_003074.8	88.968	562	56	6	7	566	11090997	11090440	0.0	689
NC_003071.7:2138820-2139385	NC_003074.8	88.732	568	58	6	1	566	14057124	14057687	0.0	689
NC_003071.7:2138820-2139385	NC_003074.8	88.542	576	51	10	3	566	6729497	6728925	0.0	684
NC_003071.7:2138820-2139385	NC_003074.8	88.556	568	57	8	1	566	16485869	16485308	0.0	682
NC_003071.7:2138820-2139385	NC_003074.8	88.421	570	50	6	1	566	21552658	21552101	0.0	673
NC_003071.7:2138820-2139385	NC_003074.8	88.421	570	47	7	1	566	10708625	10709179	0.0	669
NC_003071.7:2138820-2139385	NC_003074.8	87.873	569	61	8	1	566	19436871	19437434	0.0	662
NC_003071.7:2138820-2139385	NC_003074.8	88.246	570	44	14	1	566	7980633	7980083	0.0	660
NC_003071.7:2138820-2139385	NC_003074.8	87.741	571	60	9	1	566	5865864	5866429	0.0	658
NC_003071.7:2138820-2139385	NC_003074.8	88.183	567	41	11	1	566	4584756	4585297	0.0	652
NC_003071.7:2138820-2139385	NC_003074.8	87.457	582	54	9	1	566	10758580	10758002	0.0	652
NC_003071.7:2138820-2139385	NC_003074.8	87.950	556	59	7	13	566	18634492	18633943	0.0	649
NC_003071.7:2138820-2139385	NC_003074.8	87.654	567	46	10	1	566	11132202	11132745	0.0	638
NC_003071.7:2138820-2139385	NC_003074.8	87.193	570	55	8	1	566	7766062	7766617	2.27e-180	632
NC_003071.7:2138820-2139385	NC_003074.8	86.757	589	50	10	1	566	19739757	19740340	8.17e-180	630
NC_003071.7:2138820-2139385	NC_003074.8	86.888	572	54	8	1	566	16405196	16405752	4.92e-177	621
NC_003071.7:2138820-2139385	NC_003074.8	86.765	544	46	12	1	544	423197	422680	2.32e-165	582
NC_003071.7:2138820-2139385	NC_003074.8	85.891	567	57	13	1	566	11315007	11315551	2.32e-165	582
NC_003071.7:2138820-2139385	NC_003074.8	88.542	384	41	3	1	383	4579237	4579618	3.15e-129	462
NC_003071.7:2138820-2139385	NC_003074.8	88.571	385	39	4	184	566	15814110	15814491	3.15e-129	462
NC_003071.7:2138820-2139385	NC_003074.8	90.756	238	18	3	330	566	6940833	6940599	9.35e-85	315
NC_003071.7:2138820-2139385	NC_003074.8	89.916	238	21	3	331	566	11588873	11588637	2.02e-81	303
NC_003071.7:2138820-2139385	NC_003074.8	89.076	238	22	4	331	566	10901411	10901646	4.38e-78	292
NC_003071.7:2138820-2139385	NC_003074.8	91.787	207	15	2	361	566	20769804	20769599	2.04e-76	287
NC_003071.7:2138820-2139385	NC_003074.8	90.000	220	19	3	330	548	18171178	18170961	9.48e-75	281
NC_003071.7:2138820-2139385	NC_003074.8	88.136	236	24	4	331	564	18495382	18495149	1.23e-73	278
NC_003071.7:2138820-2139385	NC_003074.8	86.166	253	19	4	315	566	18885861	18885624	4.44e-68	259
NC_003071.7:2138820-2139385	NC_003074.8	87.773	229	14	5	330	557	8329279	8329494	5.75e-67	255
NC_003071.7:2138820-2139385	NC_003074.8	89.714	175	16	2	393	566	8645166	8645339	5.83e-57	222
NC_003071.7:2138820-2139385	NC_003074.8	83.404	235	24	4	331	564	16902979	16903199	2.11e-51	204
NC_003071.7:2138820-2139385	NC_003074.8	87.931	174	10	7	394	566	10681555	10681392	1.27e-48	195
NC_003071.7:2138820-2139385	NC_003074.8	90.210	143	11	3	329	469	4468264	4468405	2.75e-45	183
NC_003071.7:2138820-2139385	NC_003074.8	87.500	128	12	4	439	566	17061509	17061386	1.30e-33	145
NC_003071.7:2138820-2139385	NC_003074.8	86.719	128	13	4	439	566	13328459	13328582	6.04e-32	139
NC_003071.7:2138820-2139385	NC_003074.8	86.719	128	13	4	439	566	17142570	17142447	6.04e-32	139
NC_003071.7:2138820-2139385	NC_003074.8	86.719	128	13	4	439	566	18019804	18019927	6.04e-32	139
NC_003071.7:2138820-2139385	NC_003074.8	85.938	128	13	4	439	566	17275865	17275743	1.01e-29	132
NC_003071.7:2138820-2139385	NC_003074.8	85.156	128	15	4	439	566	10574474	10574351	1.31e-28	128
NC_003071.7:2138820-2139385	NC_003074.8	85.156	128	15	4	439	566	16563464	16563587	1.31e-28	128
NC_003071.7:2138820-2139385	NC_003074.8	84.375	128	16	4	439	566	1572003	1572126	6.08e-27	122
NC_003071.7:2138820-2139385	NC_003074.8	84.496	129	15	5	439	566	17299274	17299150	6.08e-27	122
NC_003071.7:2138820-2139385	NC_003074.8	87.619	105	10	3	461	564	4579602	4579704	7.87e-26	119
NC_003071.7:2138820-2139385	NC_003074.8	89.474	95	9	1	1	95	14285453	14285360	7.87e-26	119
NC_003071.7:2138820-2139385	NC_003074.8	83.594	128	17	4	439	566	3966024	3966147	2.83e-25	117
NC_003071.7:2138820-2139385	NC_003074.8	83.607	122	14	6	446	566	10321325	10321441	4.73e-23	110
NC_003071.7:2138820-2139385	NC_003074.8	80.952	84	9	3	1	83	11539903	11539826	4.84e-08	60.2
NC_003071.7:2138820-2139385	NC_003074.8	100.000	30	0	0	537	566	4274959	4274930	6.25e-07	56.5
NC_003071.7:2138820-2139385	NC_003075.7	91.740	569	39	8	1	566	5392283	5391720	0.0	784
NC_003071.7:2138820-2139385	NC_003075.7	92.710	535	36	3	1	535	824053	823522	0.0	769
NC_003071.7:2138820-2139385	NC_003075.7	89.594	567	54	5	1	566	1521257	1521819	0.0	715
NC_003071.7:2138820-2139385	NC_003075.7	89.789	568	39	8	1	566	6340022	6339472	0.0	710
NC_003071.7:2138820-2139385	NC_003075.7	89.065	567	57	5	1	566	6115341	6115903	0.0	699
NC_003071.7:2138820-2139385	NC_003075.7	92.449	490	35	2	1	489	6660987	6661475	0.0	699
NC_003071.7:2138820-2139385	NC_003075.7	88.007	567	63	4	1	566	572759	572197	0.0	665
NC_003071.7:2138820-2139385	NC_003075.7	88.401	569	45	12	1	566	9112130	9111580	0.0	665
NC_003071.7:2138820-2139385	NC_003075.7	88.007	567	43	9	1	566	7034793	7034251	0.0	647
NC_003071.7:2138820-2139385	NC_003075.7	87.809	566	47	8	1	566	15442194	15441651	0.0	643
NC_003071.7:2138820-2139385	NC_003075.7	87.219	579	54	13	2	566	14458283	14457711	0.0	641
NC_003071.7:2138820-2139385	NC_003075.7	86.034	580	58	15	1	566	12607047	12606477	6.41e-171	601
NC_003071.7:2138820-2139385	NC_003075.7	90.043	462	42	4	1	461	8947760	8947302	2.98e-169	595
NC_003071.7:2138820-2139385	NC_003075.7	89.408	321	30	4	244	564	2553631	2553947	6.97e-111	401
NC_003071.7:2138820-2139385	NC_003075.7	89.496	238	21	4	330	566	6243585	6243819	9.41e-80	298
NC_003071.7:2138820-2139385	NC_003075.7	89.167	240	21	4	331	566	8899727	8899965	1.22e-78	294
NC_003071.7:2138820-2139385	NC_003075.7	89.496	238	18	5	330	566	9193137	9193368	1.22e-78	294
NC_003071.7:2138820-2139385	NC_003075.7	87.395	238	26	3	330	566	17501972	17502206	2.05e-71	270
NC_003071.7:2138820-2139385	NC_003075.7	85.714	238	29	4	331	566	7231369	7231603	3.46e-64	246
NC_003071.7:2138820-2139385	NC_003075.7	87.006	177	20	3	391	566	3897584	3897758	3.53e-49	196
NC_003071.7:2138820-2139385	NC_003075.7	91.549	142	9	3	329	469	12699151	12699290	4.57e-48	193
NC_003071.7:2138820-2139385	NC_003075.7	86.705	173	13	5	395	566	964026	963863	2.75e-45	183
NC_003071.7:2138820-2139385	NC_003075.7	86.719	128	13	4	439	566	8065581	8065704	6.04e-32	139
NC_003071.7:2138820-2139385	NC_003075.7	85.938	128	14	4	439	566	370911	370788	2.81e-30	134
NC_003071.7:2138820-2139385	NC_003075.7	85.938	128	15	3	439	566	4148058	4148182	2.81e-30	134
NC_003071.7:2138820-2139385	NC_003075.7	85.938	128	14	4	439	566	11192398	11192275	2.81e-30	134
NC_003071.7:2138820-2139385	NC_003075.7	85.156	128	15	4	439	566	16863386	16863263	1.31e-28	128
NC_003071.7:2138820-2139385	NC_003075.7	84.375	128	15	5	439	566	684236	684358	2.19e-26	121
NC_003071.7:2138820-2139385	NC_003075.7	93.333	75	3	2	330	403	1100910	1100983	4.73e-23	110
NC_003071.7:2138820-2139385	NC_003075.7	94.286	70	4	0	330	399	7572219	7572288	1.70e-22	108
NC_003071.7:2138820-2139385	NC_003075.7	89.189	74	7	1	1	73	1956611	1956684	1.71e-17	91.6
NC_003071.7:2138820-2139385	NC_003075.7	81.633	98	12	6	470	566	14390354	14390262	4.80e-13	76.8
NC_003071.7:2138820-2139385	NC_003075.7	94.737	38	1	1	529	566	3359198	3359234	1.74e-07	58.4
NC_003071.7:2138820-2139385	NC_003076.8	91.388	569	44	5	1	566	3566350	3566916	0.0	774
NC_003071.7:2138820-2139385	NC_003076.8	91.005	567	46	4	1	566	22621740	22621178	0.0	760
NC_003071.7:2138820-2139385	NC_003076.8	90.510	569	49	3	1	566	9068735	9068169	0.0	747
NC_003071.7:2138820-2139385	NC_003076.8	89.947	567	53	4	1	566	17726422	17726985	0.0	728
NC_003071.7:2138820-2139385	NC_003076.8	89.789	568	52	6	1	566	24448812	24449375	0.0	723
NC_003071.7:2138820-2139385	NC_003076.8	88.536	567	60	5	1	566	5625058	5625620	0.0	682
NC_003071.7:2138820-2139385	NC_003076.8	88.144	582	49	12	1	566	7417331	7417908	0.0	675
NC_003071.7:2138820-2139385	NC_003076.8	88.752	569	41	14	1	566	26787654	26787106	0.0	675
NC_003071.7:2138820-2139385	NC_003076.8	88.441	571	48	8	1	566	9558216	9557659	0.0	673
NC_003071.7:2138820-2139385	NC_003076.8	88.516	566	43	8	1	566	17043358	17043901	0.0	665
NC_003071.7:2138820-2139385	NC_003076.8	88.070	570	51	7	1	566	16870923	16871479	0.0	660
NC_003071.7:2138820-2139385	NC_003076.8	87.895	570	52	7	1	566	13892686	13892130	0.0	654
NC_003071.7:2138820-2139385	NC_003076.8	87.916	571	48	9	1	566	14810271	14810825	0.0	652
NC_003071.7:2138820-2139385	NC_003076.8	87.831	567	52	7	1	566	19101558	19102108	0.0	649
NC_003071.7:2138820-2139385	NC_003076.8	87.943	564	46	12	7	566	6420372	6419827	0.0	645
NC_003071.7:2138820-2139385	NC_003076.8	87.654	567	46	9	1	566	7701181	7700638	0.0	638
NC_003071.7:2138820-2139385	NC_003076.8	87.544	570	43	17	1	566	8748925	8749470	0.0	634
NC_003071.7:2138820-2139385	NC_003076.8	86.387	595	48	15	1	566	24117960	24118550	1.77e-176	619
NC_003071.7:2138820-2139385	NC_003076.8	86.702	564	52	10	1	564	16712851	16713391	4.95e-172	604
NC_003071.7:2138820-2139385	NC_003076.8	90.414	459	39	5	27	483	26015332	26015787	2.30e-170	599
NC_003071.7:2138820-2139385	NC_003076.8	86.243	567	52	7	1	566	14104208	14103667	3.86e-168	592
NC_003071.7:2138820-2139385	NC_003076.8	85.563	568	58	15	1	566	9854346	9854891	1.40e-162	573
NC_003071.7:2138820-2139385	NC_003076.8	85.764	569	44	13	1	566	15580807	15581341	6.50e-161	568
NC_003071.7:2138820-2139385	NC_003076.8	91.605	405	33	1	1	404	4936961	4937365	3.91e-158	558
NC_003071.7:2138820-2139385	NC_003076.8	85.185	567	45	13	1	566	7069989	7070517	3.04e-154	545
NC_003071.7:2138820-2139385	NC_003076.8	91.795	390	30	2	1	389	706997	706609	3.94e-153	542
NC_003071.7:2138820-2139385	NC_003076.8	88.608	395	40	4	3	393	15882295	15882688	4.05e-133	475
NC_003071.7:2138820-2139385	NC_003076.8	91.815	281	20	3	286	566	6702204	6701927	5.43e-107	388
NC_003071.7:2138820-2139385	NC_003076.8	86.704	361	26	10	209	566	14395374	14395033	9.09e-105	381
NC_003071.7:2138820-2139385	NC_003076.8	86.704	361	26	10	209	566	14454673	14454332	9.09e-105	381
NC_003071.7:2138820-2139385	NC_003076.8	91.597	238	16	4	330	566	20278848	20278614	4.32e-88	326
NC_003071.7:2138820-2139385	NC_003076.8	91.176	238	18	3	330	566	8602054	8601819	2.01e-86	320
NC_003071.7:2138820-2139385	NC_003076.8	91.525	236	15	5	330	564	13734261	13734492	2.01e-86	320
NC_003071.7:2138820-2139385	NC_003076.8	90.336	238	22	1	204	441	13678951	13678715	1.21e-83	311
NC_003071.7:2138820-2139385	NC_003076.8	89.916	238	20	4	330	566	14080068	14080302	2.02e-81	303
NC_003071.7:2138820-2139385	NC_003076.8	88.608	237	23	4	331	564	7488328	7488093	7.33e-76	285
NC_003071.7:2138820-2139385	NC_003076.8	86.891	267	13	5	300	566	24586812	24587056	3.41e-74	279
NC_003071.7:2138820-2139385	NC_003076.8	86.111	252	17	7	331	566	15031163	15030914	5.75e-67	255
NC_003071.7:2138820-2139385	NC_003076.8	88.372	215	21	4	331	543	15535363	15535151	5.75e-67	255
NC_003071.7:2138820-2139385	NC_003076.8	86.441	236	29	3	331	564	22021624	22021858	5.75e-67	255
NC_003071.7:2138820-2139385	NC_003076.8	88.889	207	21	2	361	566	16030754	16030549	2.07e-66	254
NC_003071.7:2138820-2139385	NC_003076.8	87.793	213	19	5	76	288	17885896	17885691	4.47e-63	243
NC_003071.7:2138820-2139385	NC_003076.8	83.817	241	13	13	330	565	19408598	19408379	5.87e-52	206
NC_003071.7:2138820-2139385	NC_003076.8	87.931	174	11	6	394	566	10041976	10041812	3.53e-49	196
NC_003071.7:2138820-2139385	NC_003076.8	91.608	143	9	3	329	469	9867494	9867635	1.27e-48	195
NC_003071.7:2138820-2139385	NC_003076.8	87.647	170	18	3	399	566	17481878	17482046	1.27e-48	195
NC_003071.7:2138820-2139385	NC_003076.8	91.489	141	11	1	329	469	17398097	17397958	4.57e-48	193
NC_003071.7:2138820-2139385	NC_003076.8	91.489	141	11	1	330	469	24314282	24314422	4.57e-48	193
NC_003071.7:2138820-2139385	NC_003076.8	90.909	143	10	3	329	469	26893186	26893327	5.91e-47	189
NC_003071.7:2138820-2139385	NC_003076.8	91.111	135	11	1	1	134	20119601	20119735	9.89e-45	182
NC_003071.7:2138820-2139385	NC_003076.8	79.167	240	30	10	328	564	8671461	8671683	1.00e-34	148
NC_003071.7:2138820-2139385	NC_003076.8	82.051	195	15	9	345	538	17247879	17247704	1.00e-34	148
NC_003071.7:2138820-2139385	NC_003076.8	88.281	128	9	6	439	566	21775908	21775787	1.00e-34	148
NC_003071.7:2138820-2139385	NC_003076.8	87.200	125	12	4	442	566	14143814	14143694	6.04e-32	139
NC_003071.7:2138820-2139385	NC_003076.8	85.938	128	14	4	439	566	7153307	7153184	2.81e-30	134
NC_003071.7:2138820-2139385	NC_003076.8	85.938	128	14	4	439	566	15042257	15042134	2.81e-30	134
NC_003071.7:2138820-2139385	NC_003076.8	85.938	128	13	5	439	566	4314744	4314866	1.01e-29	132
NC_003071.7:2138820-2139385	NC_003076.8	85.938	128	13	5	439	566	5428078	5427956	1.01e-29	132
NC_003071.7:2138820-2139385	NC_003076.8	85.938	128	13	5	439	566	17796260	17796138	1.01e-29	132
NC_003071.7:2138820-2139385	NC_003076.8	91.489	94	7	1	1	93	11416084	11416177	1.31e-28	128
NC_003071.7:2138820-2139385	NC_003076.8	85.156	128	15	4	439	566	15604792	15604669	1.31e-28	128
NC_003071.7:2138820-2139385	NC_003076.8	85.600	125	12	6	442	566	8744743	8744625	4.70e-28	126
NC_003071.7:2138820-2139385	NC_003076.8	85.156	128	14	4	439	566	16358422	16358544	4.70e-28	126
NC_003071.7:2138820-2139385	NC_003076.8	84.921	126	15	4	441	566	24475412	24475291	1.69e-27	124
NC_003071.7:2138820-2139385	NC_003076.8	83.846	130	15	6	441	566	25265210	25265337	7.87e-26	119
NC_003071.7:2138820-2139385	NC_003076.8	83.594	128	17	4	439	566	10715499	10715622	2.83e-25	117
NC_003071.7:2138820-2139385	NC_003076.8	89.773	88	6	3	479	566	15882682	15882766	4.73e-23	110
NC_003071.7:2138820-2139385	NC_003076.8	94.444	72	3	1	330	401	17955911	17955841	4.73e-23	110
NC_003071.7:2138820-2139385	NC_003076.8	98.000	50	1	0	330	379	26892275	26892324	2.22e-16	87.9
NC_003071.7:2138820-2139385	NC_003076.8	86.765	68	9	0	1	68	9368944	9369011	4.80e-13	76.8
NC_003071.7:2058072-2059190	NC_003071.7	100.000	1119	0	0	1	1119	2059190	2058072	0.0	2067
NC_003071.7:2058072-2059190	NC_003071.7	86.987	853	78	17	279	1117	794805	795638	0.0	929
NC_003071.7:2058072-2059190	NC_003071.7	86.471	850	65	15	282	1118	716473	715661	0.0	887
NC_003071.7:2058072-2059190	NC_003071.7	85.714	854	83	13	279	1118	8236591	8237419	0.0	865
NC_003071.7:2058072-2059190	NC_003071.7	84.743	603	66	5	530	1119	5645996	5646585	1.69e-164	580
NC_003071.7:2058072-2059190	NC_003071.7	93.571	280	16	2	318	597	10683579	10683856	5.04e-115	416
NC_003071.7:2058072-2059190	NC_003071.7	90.311	289	16	8	61	339	10682311	10682597	1.43e-100	368
NC_003071.7:2058072-2059190	NC_003071.7	90.291	206	18	2	282	485	2139600	2139395	1.49e-70	268
NC_003071.7:2058072-2059190	NC_003071.7	85.656	244	18	14	2	231	2139932	2139692	3.25e-62	241
NC_003071.7:2058072-2059190	NC_003071.7	89.899	99	9	1	1	99	1987732	1987829	9.51e-28	126
NC_003071.7:2058072-2059190	NC_003071.7	84.211	114	14	4	1	111	1049410	1049298	3.44e-22	108
NC_003071.7:2058072-2059190	NC_003071.7	85.047	107	11	4	157	260	2140398	2140294	4.45e-21	104
NC_003071.7:2058072-2059190	NC_003071.7	87.209	86	9	2	1	85	6250342	6250258	7.45e-19	97.1
NC_003071.7:2058072-2059190	NC_003071.7	96.226	53	2	0	1	53	8302944	8302892	4.49e-16	87.9
NC_003071.7:2058072-2059190	NC_003071.7	97.222	36	1	0	2	37	10682276	10682311	2.72e-08	62.1
NC_003071.7:2058072-2059190	NC_003076.8	91.748	1127	66	18	1	1118	17578476	17579584	0.0	1541
NC_003071.7:2058072-2059190	NC_003076.8	89.125	800	49	26	321	1118	10269704	10268941	0.0	961
NC_003071.7:2058072-2059190	NC_003076.8	86.839	851	78	11	279	1117	9362952	9363780	0.0	920
NC_003071.7:2058072-2059190	NC_003076.8	86.541	847	72	14	282	1116	16017325	16016509	0.0	894
NC_003071.7:2058072-2059190	NC_003076.8	85.714	826	80	13	279	1091	3903433	3904233	0.0	837
NC_003071.7:2058072-2059190	NC_003076.8	91.691	349	17	7	1	339	10271035	10270689	2.95e-132	473
NC_003071.7:2058072-2059190	NC_003076.8	84.222	450	49	11	681	1119	25936334	25935896	1.40e-115	418
NC_003071.7:2058072-2059190	NC_003076.8	91.912	136	11	0	1	136	9747576	9747711	3.32e-47	191
NC_003071.7:2058072-2059190	NC_003076.8	87.931	116	10	2	1	116	3018685	3018796	5.68e-30	134
NC_003071.7:2058072-2059190	NC_003076.8	79.227	207	27	7	308	501	17579037	17579240	7.35e-29	130
NC_003071.7:2058072-2059190	NC_003076.8	100.000	35	0	0	1085	1119	8223950	8223984	2.10e-09	65.8
NC_003071.7:2058072-2059190	NC_003076.8	78.788	99	15	3	1	99	7176144	7176052	2.72e-08	62.1
NC_003071.7:2058072-2059190	NC_003075.7	93.154	745	37	6	379	1119	6158776	6159510	0.0	1081
NC_003071.7:2058072-2059190	NC_003075.7	86.675	848	76	14	282	1116	14978858	14978035	0.0	905
NC_003071.7:2058072-2059190	NC_003075.7	86.079	862	65	16	282	1117	5280351	5281183	0.0	876
NC_003071.7:2058072-2059190	NC_003075.7	84.615	767	64	23	283	1029	6274499	6273767	0.0	713
NC_003071.7:2058072-2059190	NC_003075.7	89.011	364	21	11	1	348	6157518	6157878	5.00e-120	433
NC_003071.7:2058072-2059190	NC_003075.7	87.461	319	26	3	424	742	13537985	13537681	1.11e-96	355
NC_003071.7:2058072-2059190	NC_003075.7	83.696	276	24	19	2	263	6274862	6274594	3.25e-62	241
NC_003071.7:2058072-2059190	NC_003075.7	95.385	65	3	0	1	65	5280340	5280276	4.45e-21	104
NC_003071.7:2058072-2059190	NC_003075.7	87.209	86	10	1	2	86	6506269	6506184	7.45e-19	97.1
NC_003071.7:2058072-2059190	NC_003075.7	96.491	57	2	0	1	57	7896288	7896344	2.68e-18	95.3
NC_003071.7:2058072-2059190	NC_003075.7	87.342	79	10	0	1	79	7905244	7905322	3.47e-17	91.6
NC_003071.7:2058072-2059190	NC_003074.8	86.753	853	79	18	279	1116	10066298	10067131	0.0	918
NC_003071.7:2058072-2059190	NC_003074.8	87.377	816	71	11	279	1080	9664700	9665497	0.0	907
NC_003071.7:2058072-2059190	NC_003074.8	85.925	746	71	14	386	1117	1283861	1283136	0.0	765
NC_003071.7:2058072-2059190	NC_003074.8	84.486	593	59	13	536	1114	1602086	1602659	1.02e-156	555
NC_003071.7:2058072-2059190	NC_003074.8	86.448	487	43	11	300	780	16878318	16877849	6.24e-144	512
NC_003071.7:2058072-2059190	NC_003074.8	83.929	112	10	3	2	112	9256519	9256623	5.76e-20	100
NC_003071.7:2058072-2059190	NC_003074.8	96.296	54	2	0	2	55	9257585	9257638	1.25e-16	89.8
NC_003071.7:2058072-2059190	NC_003074.8	81.034	116	11	10	1	112	15740318	15740426	2.09e-14	82.4
NC_003071.7:2058072-2059190	NC_003074.8	92.727	55	4	0	1	55	10825141	10825195	7.51e-14	80.5
NC_003071.7:2058072-2059190	NC_003074.8	82.558	86	14	1	2	86	17101758	17101673	3.49e-12	75.0
NC_003071.7:2058072-2059190	NC_003074.8	87.719	57	5	2	1	56	7766845	7766790	2.10e-09	65.8
NC_003071.7:2058072-2059190	NC_003074.8	87.500	56	5	2	2	56	9361785	9361839	7.56e-09	63.9
NC_003071.7:2058072-2059190	NC_003070.9	87.015	824	54	19	282	1091	17686175	17685391	0.0	880
NC_003071.7:2058072-2059190	NC_003070.9	85.511	773	82	15	279	1048	6404519	6405264	0.0	780
NC_003071.7:2058072-2059190	NC_003070.9	86.696	451	33	13	681	1117	4966581	4967018	8.19e-133	475
NC_003071.7:2058072-2059190	NC_003070.9	90.295	237	22	1	279	515	10568540	10568775	8.79e-83	309
NC_003071.7:2058072-2059190	NC_003070.9	94.245	139	7	1	1	138	21777291	21777153	2.55e-53	211
NC_003071.7:2058072-2059190	NC_003070.9	94.245	139	7	1	1	138	21788861	21788723	2.55e-53	211
NC_003071.7:2058072-2059190	NC_003070.9	94.245	139	7	1	1	138	21813549	21813411	2.55e-53	211
NC_003071.7:2058072-2059190	NC_003070.9	94.245	139	7	1	1	138	21825119	21824981	2.55e-53	211
NC_003071.7:2058072-2059190	NC_003070.9	87.611	113	12	2	1	112	13882600	13882489	7.35e-29	130
NC_003071.7:2058072-2059190	NC_003070.9	87.500	56	5	2	2	56	26881503	26881449	7.56e-09	63.9
NC_003071.7:4149396-4151021	NC_003071.7	100.000	1626	0	0	1	1626	4151021	4149396	0.0	3003
NC_003071.7:4149396-4151021	NC_003071.7	89.868	1589	107	27	82	1626	4161041	4159463	0.0	1993
NC_003071.7:4149396-4151021	NC_003071.7	88.628	554	56	7	1074	1626	5150656	5151203	0.0	667
NC_003071.7:4149396-4151021	NC_003071.7	89.222	501	46	7	1	497	5149572	5150068	5.24e-176	619
NC_003071.7:4149396-4151021	NC_003071.7	89.099	477	42	9	447	917	5150071	5150543	1.91e-165	584
NC_003071.7:4149396-4151021	NC_003071.7	91.375	429	34	3	910	1338	6126001	6126426	1.91e-165	584
NC_003071.7:4149396-4151021	NC_003071.7	90.654	428	36	4	912	1338	2817276	2817700	6.92e-160	566
NC_003071.7:4149396-4151021	NC_003071.7	90.443	429	37	4	910	1338	2391810	2392234	8.95e-159	562
NC_003071.7:4149396-4151021	NC_003071.7	90.418	407	36	3	910	1316	2398871	2399274	7.02e-150	532
NC_003071.7:4149396-4151021	NC_003071.7	86.835	395	48	4	926	1320	2707329	2706939	1.57e-121	438
NC_003071.7:4149396-4151021	NC_003071.7	92.218	257	19	1	994	1250	2701028	2700773	9.75e-99	363
NC_003071.7:4149396-4151021	NC_003071.7	80.513	390	70	4	86	471	4135418	4135031	3.61e-78	294
NC_003071.7:4149396-4151021	NC_003071.7	79.447	253	42	10	188	433	2391022	2391271	6.34e-41	171
NC_003071.7:4149396-4151021	NC_003071.7	85.271	129	17	2	1210	1338	9026020	9025894	2.99e-29	132
NC_003071.7:4149396-4151021	NC_003071.7	88.889	99	8	3	820	917	4585079	4584983	2.33e-25	119
NC_003071.7:4149396-4151021	NC_003071.7	93.506	77	5	0	1	77	4174053	4173977	3.01e-24	115
NC_003071.7:4149396-4151021	NC_003071.7	87.255	102	8	5	820	917	2817150	2817250	3.90e-23	111
NC_003071.7:4149396-4151021	NC_003076.8	88.369	1668	148	27	1	1626	12337229	12335566	0.0	1964
NC_003071.7:4149396-4151021	NC_003076.8	82.695	1670	228	44	1	1626	13013973	13015625	0.0	1426
NC_003071.7:4149396-4151021	NC_003076.8	89.924	923	81	9	1	917	12373510	12372594	0.0	1179
NC_003071.7:4149396-4151021	NC_003076.8	85.297	925	120	13	1	917	12991095	12992011	0.0	941
NC_003071.7:4149396-4151021	NC_003076.8	90.390	718	61	8	912	1626	12372568	12371856	0.0	937
NC_003071.7:4149396-4151021	NC_003076.8	84.347	888	105	20	36	916	13191038	13191898	0.0	839
NC_003071.7:4149396-4151021	NC_003076.8	85.994	714	89	11	915	1626	12779114	12778410	0.0	754
NC_003071.7:4149396-4151021	NC_003076.8	79.848	1052	141	53	399	1422	13166502	13167510	0.0	702
NC_003071.7:4149396-4151021	NC_003076.8	91.924	421	29	5	912	1331	12444569	12444153	1.91e-165	584
NC_003071.7:4149396-4151021	NC_003076.8	92.195	410	29	3	912	1320	12185103	12184696	3.20e-163	577
NC_003071.7:4149396-4151021	NC_003076.8	81.756	729	95	16	911	1626	12992037	12992740	1.15e-162	575
NC_003071.7:4149396-4151021	NC_003076.8	89.588	413	37	6	916	1327	11124026	11123619	5.46e-146	520
NC_003071.7:4149396-4151021	NC_003076.8	87.731	432	46	5	910	1338	12254040	12254467	2.56e-139	497
NC_003071.7:4149396-4151021	NC_003076.8	91.484	364	27	3	957	1320	12783620	12783261	2.56e-139	497
NC_003071.7:4149396-4151021	NC_003076.8	87.857	420	42	9	502	917	12779558	12779144	1.99e-135	484
NC_003071.7:4149396-4151021	NC_003076.8	86.353	425	52	5	897	1321	14258311	14258729	1.21e-127	459
NC_003071.7:4149396-4151021	NC_003076.8	83.784	185	27	3	911	1094	13191925	13192107	1.76e-41	172
NC_003071.7:4149396-4151021	NC_003076.8	79.618	157	26	5	187	339	12194494	12194648	5.04e-22	108
NC_003071.7:4149396-4151021	NC_003076.8	85.294	102	10	5	820	917	12444695	12444595	8.44e-20	100
NC_003071.7:4149396-4151021	NC_003076.8	83.486	109	14	4	248	354	12185794	12185688	3.03e-19	99.0
NC_003071.7:4149396-4151021	NC_003074.8	87.388	1673	145	38	3	1626	11427615	11429270	0.0	1860
NC_003071.7:4149396-4151021	NC_003074.8	85.976	927	113	16	1	917	14497158	14496239	0.0	976
NC_003071.7:4149396-4151021	NC_003074.8	90.301	732	65	4	897	1626	12173074	12173801	0.0	953
NC_003071.7:4149396-4151021	NC_003074.8	88.462	780	80	9	145	917	12172284	12173060	0.0	933
NC_003071.7:4149396-4151021	NC_003074.8	81.663	409	63	10	910	1316	12684094	12683696	9.88e-89	329
NC_003071.7:4149396-4151021	NC_003074.8	79.500	400	64	17	951	1347	12011017	12011401	2.19e-70	268
NC_003071.7:4149396-4151021	NC_003074.8	91.919	99	6	2	820	917	12684216	12684119	6.43e-31	137
NC_003071.7:4149396-4151021	NC_003074.8	75.188	266	49	16	1045	1304	12674175	12673921	1.40e-22	110
NC_003071.7:4149396-4151021	NC_003074.8	88.679	53	6	0	864	916	12674386	12674334	3.08e-09	65.8
NC_003071.7:4149396-4151021	NC_003075.7	85.683	922	106	13	1	917	3646300	3645400	0.0	948
NC_003071.7:4149396-4151021	NC_003075.7	87.190	726	78	12	910	1626	3645375	3644656	0.0	811
NC_003071.7:4149396-4151021	NC_003075.7	89.806	412	40	2	910	1321	6210660	6210251	3.27e-148	527
NC_003071.7:4149396-4151021	NC_003075.7	86.792	424	50	6	916	1337	5029178	5028759	2.01e-130	468
NC_003071.7:4149396-4151021	NC_003075.7	85.116	430	56	8	910	1338	4669303	4668881	7.32e-120	433
NC_003071.7:4149396-4151021	NC_003075.7	84.186	430	59	8	910	1338	4701415	4700994	1.23e-112	409
NC_003071.7:4149396-4151021	NC_003075.7	83.394	277	34	12	646	917	4978405	4978136	1.02e-63	246
NC_003071.7:4149396-4151021	NC_003075.7	77.218	417	62	24	897	1304	4823250	4823642	1.04e-53	213
NC_003071.7:4149396-4151021	NC_003075.7	72.374	438	83	33	910	1331	5361461	5361046	6.52e-21	104
NC_003071.7:4149396-4151021	NC_003075.7	78.182	165	30	4	180	340	4822708	4822870	8.44e-20	100
NC_003071.7:4149396-4151021	NC_003075.7	83.962	106	15	2	235	339	6211385	6211281	8.44e-20	100
NC_003071.7:4149396-4151021	NC_003075.7	73.152	257	57	11	185	433	4670088	4669836	3.06e-14	82.4
NC_003071.7:4149396-4151021	NC_003070.9	81.626	898	124	27	32	917	13996528	13995660	0.0	706
NC_003071.7:4149396-4151021	NC_003070.9	93.399	409	23	3	897	1305	13348712	13349116	5.27e-171	603
NC_003071.7:4149396-4151021	NC_003070.9	90.698	430	36	4	910	1338	16089333	16089759	5.35e-161	569
NC_003071.7:4149396-4151021	NC_003070.9	93.003	343	22	2	912	1253	14485818	14486159	7.12e-140	499
NC_003071.7:4149396-4151021	NC_003070.9	91.667	336	25	3	985	1320	14486160	14486492	9.34e-129	462
NC_003071.7:4149396-4151021	NC_003070.9	86.797	409	49	4	897	1305	16111652	16112055	2.02e-125	451
NC_003071.7:4149396-4151021	NC_003070.9	85.849	424	52	6	897	1320	15820462	15820877	3.38e-123	444
NC_003071.7:4149396-4151021	NC_003070.9	83.484	442	63	9	897	1338	14063247	14063678	5.74e-111	403
NC_003071.7:4149396-4151021	NC_003070.9	82.158	482	56	19	447	917	16887017	16886555	5.78e-106	387
NC_003071.7:4149396-4151021	NC_003070.9	91.429	105	7	2	814	917	14063130	14063233	1.38e-32	143
NC_003071.7:4149396-4151021	NC_003070.9	75.676	259	47	14	185	433	14062473	14062725	3.01e-24	115
NC_003071.7:4149396-4151021	NC_003070.9	75.194	258	54	8	185	435	16110900	16111154	1.08e-23	113
NC_003071.7:4149396-4151021	NC_003070.9	86.111	108	10	5	814	917	14485686	14485792	3.90e-23	111
NC_003071.7:4146908-4148105	NC_003071.7	100.000	1198	0	0	1	1198	4146908	4148105	0.0	2213
NC_003071.7:4146908-4148105	NC_003071.7	83.946	517	58	21	21	518	6205762	6206272	1.14e-131	472
NC_003071.7:4146908-4148105	NC_003071.7	82.674	531	76	14	1	519	8420739	8421265	3.18e-127	457
NC_003071.7:4146908-4148105	NC_003071.7	82.649	536	74	17	1	522	10018256	10018786	3.18e-127	457
NC_003071.7:4146908-4148105	NC_003071.7	82.718	515	66	19	21	518	5114193	5113685	4.15e-121	436
NC_003071.7:4146908-4148105	NC_003071.7	80.889	450	69	15	86	522	5871915	5871470	1.20e-91	339
NC_003071.7:4146908-4148105	NC_003071.7	83.616	354	38	15	12	356	4097135	4097477	2.03e-84	315
NC_003071.7:4146908-4148105	NC_003071.7	77.745	337	37	23	878	1196	5869740	5869424	1.29e-41	172
NC_003071.7:4146908-4148105	NC_003070.9	83.757	708	80	22	1	695	16803039	16803724	0.0	638
NC_003071.7:4146908-4148105	NC_003070.9	82.080	625	87	20	1	606	16968055	16967437	2.41e-143	510
NC_003071.7:4146908-4148105	NC_003070.9	83.396	536	70	16	1	522	26780964	26780434	6.79e-134	479
NC_003071.7:4146908-4148105	NC_003070.9	82.617	535	76	15	1	522	7281905	7282435	3.18e-127	457
NC_003071.7:4146908-4148105	NC_003070.9	82.090	536	76	18	1	522	16592952	16592423	3.20e-122	440
NC_003071.7:4146908-4148105	NC_003070.9	82.056	535	77	17	1	522	11706633	11707161	1.15e-121	438
NC_003071.7:4146908-4148105	NC_003070.9	81.530	536	68	17	1	522	16987917	16988435	6.99e-114	412
NC_003071.7:4146908-4148105	NC_003070.9	86.585	328	39	4	1	326	16259979	16260303	3.32e-97	357
NC_003071.7:4146908-4148105	NC_003070.9	78.947	342	35	24	872	1196	11408079	11407758	2.13e-49	198
NC_003071.7:4146908-4148105	NC_003070.9	78.551	345	36	22	872	1198	11708511	11708835	9.91e-48	193
NC_003071.7:4146908-4148105	NC_003070.9	89.855	138	13	1	1	138	16699209	16699073	9.98e-43	176
NC_003071.7:4146908-4148105	NC_003074.8	83.708	534	70	14	1	522	10509702	10510230	1.13e-136	488
NC_003071.7:4146908-4148105	NC_003074.8	82.617	535	76	15	1	522	12661816	12661286	3.18e-127	457
NC_003071.7:4146908-4148105	NC_003074.8	85.000	60	9	0	625	684	9890703	9890762	2.92e-08	62.1
NC_003071.7:4146908-4148105	NC_003076.8	83.239	531	73	14	1	519	2189031	2188505	3.16e-132	473
NC_003071.7:4146908-4148105	NC_003076.8	82.991	535	74	15	1	522	2603335	2603865	1.47e-130	468
NC_003071.7:4146908-4148105	NC_003076.8	82.836	536	74	14	1	522	14002972	14003503	1.90e-129	464
NC_003071.7:4146908-4148105	NC_003076.8	82.804	535	75	15	1	522	26485222	26484692	6.84e-129	462
NC_003071.7:4146908-4148105	NC_003076.8	83.077	520	74	11	1	508	13547194	13547711	2.46e-128	460
NC_003071.7:4146908-4148105	NC_003076.8	82.545	550	63	20	670	1195	14267416	14267956	4.12e-126	453
NC_003071.7:4146908-4148105	NC_003076.8	80.253	633	97	20	1	608	3116484	3115855	1.48e-125	451
NC_003071.7:4146908-4148105	NC_003076.8	82.386	528	70	19	10	518	13608023	13607500	1.15e-121	438
NC_003071.7:4146908-4148105	NC_003076.8	81.903	536	80	13	1	523	13621812	13621281	4.15e-121	436
NC_003071.7:4146908-4148105	NC_003076.8	81.599	538	61	27	1	522	10210295	10210810	2.51e-113	411
NC_003071.7:4146908-4148105	NC_003076.8	97.222	36	1	0	625	660	16357145	16357180	2.92e-08	62.1
NC_003071.7:4146908-4148105	NC_003075.7	83.172	517	64	21	21	522	5936863	5936355	1.48e-125	451
NC_003071.7:4146908-4148105	NC_003075.7	80.389	617	78	30	21	608	4663763	4663161	6.94e-119	429
NC_003071.7:4146908-4148105	NC_003075.7	78.964	618	91	34	15	606	5443372	5442768	1.52e-105	385
NC_003071.7:4146908-4148105	NC_003075.7	89.247	279	25	5	21	296	4904435	4904711	2.59e-93	344
NC_003075.7:2553548-2553950	NC_003075.7	100.000	403	0	0	1	403	2553548	2553950	0.0	745
NC_003075.7:2553548-2553950	NC_003075.7	92.767	318	21	2	84	400	6115585	6115901	2.86e-128	459
NC_003075.7:2553548-2553950	NC_003075.7	92.138	318	23	2	84	400	1521501	1521817	6.18e-125	448
NC_003075.7:2553548-2553950	NC_003075.7	89.524	315	32	1	90	403	572510	572196	6.32e-110	398
NC_003075.7:2553548-2553950	NC_003075.7	91.065	291	22	3	113	400	9111871	9111582	1.06e-107	390
NC_003075.7:2553548-2553950	NC_003075.7	88.750	320	24	2	84	403	12365370	12365063	6.36e-105	381
NC_003075.7:2553548-2553950	NC_003075.7	88.088	319	35	3	84	400	5392039	5391722	2.96e-103	375
NC_003075.7:2553548-2553950	NC_003075.7	88.966	290	29	2	84	371	823810	823522	3.85e-97	355
NC_003075.7:2553548-2553950	NC_003075.7	86.269	335	30	7	84	403	14458043	14457710	1.79e-95	350
NC_003075.7:2553548-2553950	NC_003075.7	86.250	320	32	5	84	403	15441957	15441650	1.40e-91	337
NC_003075.7:2553548-2553950	NC_003075.7	90.283	247	22	2	84	328	6661231	6661477	3.91e-87	322
NC_003075.7:2553548-2553950	NC_003075.7	85.231	325	28	8	84	403	6339780	6339471	1.82e-85	316
NC_003075.7:2553548-2553950	NC_003075.7	85.535	318	24	9	84	400	7034549	7034253	2.35e-84	313
NC_003075.7:2553548-2553950	NC_003075.7	91.244	217	15	4	84	298	8947516	8947302	3.07e-78	292
NC_003075.7:2553548-2553950	NC_003075.7	87.764	237	23	5	170	400	8899727	8899963	3.99e-72	272
NC_003075.7:2553548-2553950	NC_003075.7	91.813	171	11	3	170	337	8820042	8819872	5.24e-61	235
NC_003075.7:2553548-2553950	NC_003075.7	88.506	174	17	3	232	403	6426788	6426616	1.14e-52	207
NC_003075.7:2553548-2553950	NC_003075.7	88.166	169	19	1	233	400	7906198	7906366	1.91e-50	200
NC_003075.7:2553548-2553950	NC_003075.7	87.791	172	17	3	232	400	7155204	7155374	6.87e-50	198
NC_003075.7:2553548-2553950	NC_003075.7	90.411	146	12	2	255	400	9146878	9147021	1.15e-47	191
NC_003075.7:2553548-2553950	NC_003075.7	86.471	170	22	1	232	400	6414225	6414056	5.35e-46	185
NC_003075.7:2553548-2553950	NC_003075.7	85.965	171	22	2	234	403	6895116	6894947	6.92e-45	182
NC_003075.7:2553548-2553950	NC_003075.7	85.714	147	13	2	254	400	7652989	7653127	7.02e-35	148
NC_003075.7:2553548-2553950	NC_003075.7	83.784	148	13	8	233	379	12968056	12967919	2.54e-29	130
NC_003075.7:2553548-2553950	NC_003075.7	89.041	73	6	2	170	240	1100911	1100983	4.32e-17	89.8
NC_003075.7:2553548-2553950	NC_003076.8	94.322	317	18	0	84	400	19101790	19102106	1.31e-136	486
NC_003075.7:2553548-2553950	NC_003076.8	94.025	318	18	1	84	400	17726666	17726983	6.10e-135	481
NC_003075.7:2553548-2553950	NC_003076.8	93.396	318	20	1	84	400	24449056	24449373	1.32e-131	470
NC_003075.7:2553548-2553950	NC_003076.8	92.453	318	22	2	84	400	5625302	5625618	1.33e-126	453
NC_003075.7:2553548-2553950	NC_003076.8	89.474	323	30	3	84	403	22621498	22621177	3.77e-112	405
NC_003075.7:2553548-2553950	NC_003076.8	89.164	323	28	4	84	400	9068492	9068171	2.27e-109	396
NC_003075.7:2553548-2553950	NC_003076.8	92.143	280	20	2	122	400	6702207	6701929	8.17e-109	394
NC_003075.7:2553548-2553950	NC_003076.8	90.690	290	23	3	113	400	26787395	26787108	1.77e-105	383
NC_003075.7:2553548-2553950	NC_003076.8	88.199	322	33	5	84	400	3566593	3566914	2.29e-104	379
NC_003075.7:2553548-2553950	NC_003076.8	88.474	321	24	6	84	400	9557972	9557661	2.96e-103	375
NC_003075.7:2553548-2553950	NC_003076.8	88.162	321	24	6	84	400	16871167	16871477	1.38e-101	370
NC_003075.7:2553548-2553950	NC_003076.8	88.474	321	15	4	84	403	14103965	14103666	4.95e-101	368
NC_003075.7:2553548-2553950	NC_003076.8	91.698	265	21	1	84	347	22335344	22335080	1.78e-100	366
NC_003075.7:2553548-2553950	NC_003076.8	87.850	321	25	6	84	400	13892442	13892132	6.41e-100	364
NC_003075.7:2553548-2553950	NC_003076.8	87.850	321	24	6	84	400	14810514	14810823	2.30e-99	363
NC_003075.7:2553548-2553950	NC_003076.8	87.188	320	23	7	84	400	14395339	14395035	6.45e-95	348
NC_003075.7:2553548-2553950	NC_003076.8	87.188	320	23	7	84	400	14454638	14454334	6.45e-95	348
NC_003075.7:2553548-2553950	NC_003076.8	87.066	317	29	5	84	400	17043595	17043899	6.45e-95	348
NC_003075.7:2553548-2553950	NC_003076.8	88.889	288	23	6	113	397	8749184	8749465	2.32e-94	346
NC_003075.7:2553548-2553950	NC_003076.8	87.713	293	31	4	113	400	6420121	6419829	1.40e-91	337
NC_003075.7:2553548-2553950	NC_003076.8	88.153	287	24	7	113	395	9854605	9854885	1.81e-90	333
NC_003075.7:2553548-2553950	NC_003076.8	85.358	321	26	8	84	403	7700937	7700637	2.35e-84	313
NC_003075.7:2553548-2553950	NC_003076.8	83.478	345	29	10	84	400	24118204	24118548	2.37e-79	296
NC_003075.7:2553548-2553950	NC_003076.8	90.868	219	16	4	170	386	5648113	5647897	1.10e-77	291
NC_003075.7:2553548-2553950	NC_003076.8	85.567	291	22	8	113	400	15581066	15581339	1.43e-76	287
NC_003075.7:2553548-2553950	NC_003076.8	88.136	236	26	2	170	403	8602053	8601818	2.39e-74	279
NC_003075.7:2553548-2553950	NC_003076.8	87.931	232	24	4	170	397	15162886	15163117	1.44e-71	270
NC_003075.7:2553548-2553950	NC_003076.8	91.371	197	15	2	84	278	13678911	13678715	5.17e-71	268
NC_003075.7:2553548-2553950	NC_003076.8	85.556	270	17	9	133	400	24586805	24587054	2.40e-69	263
NC_003075.7:2553548-2553950	NC_003076.8	87.850	214	21	5	170	379	15535363	15535151	2.42e-64	246
NC_003075.7:2553548-2553950	NC_003076.8	85.356	239	30	5	170	403	7488328	7488090	3.13e-63	243
NC_003075.7:2553548-2553950	NC_003076.8	90.374	187	14	4	217	400	13231886	13232071	3.13e-63	243
NC_003075.7:2553548-2553950	NC_003076.8	83.936	249	21	7	170	400	15031163	15030916	1.47e-56	220
NC_003075.7:2553548-2553950	NC_003076.8	94.964	139	7	0	84	222	15882537	15882675	5.28e-56	219
NC_003075.7:2553548-2553950	NC_003076.8	89.143	175	15	4	232	403	14880641	14880814	6.83e-55	215
NC_003075.7:2553548-2553950	NC_003076.8	92.754	138	10	0	89	226	706748	706611	1.91e-50	200
NC_003075.7:2553548-2553950	NC_003076.8	87.283	173	21	1	232	403	9546162	9546334	2.47e-49	196
NC_003075.7:2553548-2553950	NC_003076.8	86.047	172	15	6	233	403	10041974	10041811	3.22e-43	176
NC_003075.7:2553548-2553950	NC_003076.8	81.702	235	22	11	170	400	19408597	19408380	3.22e-43	176
NC_003075.7:2553548-2553950	NC_003076.8	86.391	169	14	6	233	400	22464040	22464200	3.22e-43	176
NC_003075.7:2553548-2553950	NC_003076.8	89.130	138	14	1	170	306	17398095	17397958	1.50e-41	171
NC_003075.7:2553548-2553950	NC_003076.8	85.799	169	15	6	233	400	19114743	19114583	1.50e-41	171
NC_003075.7:2553548-2553950	NC_003076.8	88.571	140	13	3	170	306	9867496	9867635	1.94e-40	167
NC_003075.7:2553548-2553950	NC_003076.8	87.943	141	15	2	233	371	19480002	19480142	6.97e-40	165
NC_003075.7:2553548-2553950	NC_003076.8	89.147	129	11	2	275	400	4937362	4937490	1.17e-37	158
NC_003075.7:2553548-2553950	NC_003076.8	83.333	174	25	4	229	400	20674407	20674236	1.17e-37	158
NC_003075.7:2553548-2553950	NC_003076.8	89.431	123	11	1	278	400	13677934	13677814	1.51e-36	154
NC_003075.7:2553548-2553950	NC_003076.8	82.659	173	27	3	233	402	9978758	9978586	1.95e-35	150
NC_003075.7:2553548-2553950	NC_003076.8	80.108	186	20	8	187	371	17247876	17247707	4.26e-27	122
NC_003075.7:2553548-2553950	NC_003076.8	87.255	102	11	2	233	332	25179193	25179294	7.12e-25	115
NC_003075.7:2553548-2553950	NC_003076.8	91.463	82	7	0	1	82	5625058	5625139	2.56e-24	113
NC_003075.7:2553548-2553950	NC_003076.8	88.372	86	10	0	1	86	10042374	10042289	1.54e-21	104
NC_003075.7:2553548-2553950	NC_003071.7	94.025	318	18	1	84	400	5037994	5038311	6.10e-135	481
NC_003075.7:2553548-2553950	NC_003071.7	90.123	324	27	4	84	403	5010408	5010086	1.74e-115	416
NC_003075.7:2553548-2553950	NC_003071.7	92.933	283	18	2	84	365	17147411	17147130	8.11e-114	411
NC_003075.7:2553548-2553950	NC_003071.7	89.969	319	26	3	84	400	1597163	1597477	1.05e-112	407
NC_003075.7:2553548-2553950	NC_003071.7	89.408	321	30	4	84	400	2139063	2139383	4.88e-111	401
NC_003075.7:2553548-2553950	NC_003071.7	89.198	324	23	9	84	400	7340622	7340940	8.17e-109	394
NC_003075.7:2553548-2553950	NC_003071.7	90.000	300	24	5	84	379	4025657	4025954	1.77e-105	383
NC_003075.7:2553548-2553950	NC_003071.7	90.972	288	20	5	113	397	13886190	13886474	1.77e-105	383
NC_003075.7:2553548-2553950	NC_003071.7	90.378	291	24	3	113	400	12556913	12557202	2.29e-104	379
NC_003075.7:2553548-2553950	NC_003071.7	90.378	291	24	3	113	400	13102069	13102358	2.29e-104	379
NC_003075.7:2553548-2553950	NC_003071.7	88.308	325	22	6	84	403	6206907	6206594	2.96e-103	375
NC_003075.7:2553548-2553950	NC_003071.7	88.644	317	24	6	84	400	9225782	9225478	2.96e-103	375
NC_003075.7:2553548-2553950	NC_003071.7	86.834	319	40	2	84	400	4305970	4306288	3.85e-97	355
NC_003075.7:2553548-2553950	NC_003071.7	86.120	317	32	5	84	400	1670097	1669793	6.50e-90	331
NC_003075.7:2553548-2553950	NC_003071.7	85.981	321	29	4	84	400	15134462	15134770	2.34e-89	329
NC_003075.7:2553548-2553950	NC_003071.7	91.057	246	19	1	84	326	19172424	19172179	2.34e-89	329
NC_003075.7:2553548-2553950	NC_003071.7	84.688	320	29	7	84	403	9228935	9228636	5.09e-81	302
NC_003075.7:2553548-2553950	NC_003071.7	86.429	280	23	3	122	400	9433302	9433567	3.07e-78	292
NC_003075.7:2553548-2553950	NC_003071.7	89.030	237	22	4	171	403	10996418	10996182	1.10e-77	291
NC_003075.7:2553548-2553950	NC_003071.7	88.085	235	24	4	170	400	1322206	1321972	3.09e-73	276
NC_003075.7:2553548-2553950	NC_003071.7	87.234	235	25	5	170	400	3197853	3197620	2.40e-69	263
NC_003075.7:2553548-2553950	NC_003071.7	88.304	171	18	2	232	400	7178843	7179013	1.48e-51	204
NC_003075.7:2553548-2553950	NC_003071.7	87.791	172	17	3	233	400	826101	826272	6.87e-50	198
NC_003075.7:2553548-2553950	NC_003071.7	87.647	170	17	4	234	400	4758271	4758103	8.89e-49	195
NC_003075.7:2553548-2553950	NC_003071.7	86.982	169	13	6	233	400	8907834	8907994	6.92e-45	182
NC_003075.7:2553548-2553950	NC_003071.7	86.228	167	21	2	235	400	11597712	11597877	2.49e-44	180
NC_003075.7:2553548-2553950	NC_003071.7	83.099	213	19	7	170	379	9455967	9456165	8.96e-44	178
NC_003075.7:2553548-2553950	NC_003071.7	85.465	172	16	6	233	403	9891408	9891245	1.50e-41	171
NC_003075.7:2553548-2553950	NC_003071.7	85.799	169	15	6	233	400	17992706	17992546	1.50e-41	171
NC_003075.7:2553548-2553950	NC_003071.7	96.341	82	3	0	1	82	5037751	5037832	5.47e-31	135
NC_003075.7:2553548-2553950	NC_003071.7	85.827	127	17	1	274	400	1242847	1242972	1.97e-30	134
NC_003075.7:2553548-2553950	NC_003071.7	91.304	92	8	0	1	92	1552862	1552771	3.29e-28	126
NC_003075.7:2553548-2553950	NC_003071.7	93.023	86	6	0	1	86	7439723	7439638	3.29e-28	126
NC_003075.7:2553548-2553950	NC_003071.7	93.902	82	5	0	1	82	9433091	9433172	1.18e-27	124
NC_003075.7:2553548-2553950	NC_003071.7	85.526	76	10	1	1	75	5347126	5347201	9.34e-14	78.7
NC_003075.7:2553548-2553950	NC_003071.7	82.716	81	13	1	273	353	6626757	6626678	1.56e-11	71.3
NC_003075.7:2553548-2553950	NC_003070.9	94.025	318	18	1	84	400	12097698	12098015	6.10e-135	481
NC_003075.7:2553548-2553950	NC_003070.9	93.458	321	19	2	84	403	4770433	4770114	2.84e-133	475
NC_003075.7:2553548-2553950	NC_003070.9	93.103	319	19	3	84	400	23125450	23125133	6.14e-130	464
NC_003075.7:2553548-2553950	NC_003070.9	92.767	318	22	1	84	400	21918665	21918982	2.86e-128	459
NC_003075.7:2553548-2553950	NC_003070.9	92.114	317	24	1	85	400	25779919	25780235	2.22e-124	446
NC_003075.7:2553548-2553950	NC_003070.9	91.483	317	26	1	84	400	24645747	24646062	4.81e-121	435
NC_003075.7:2553548-2553950	NC_003070.9	90.654	321	29	1	84	403	26510989	26510669	2.90e-118	425
NC_003075.7:2553548-2553950	NC_003070.9	89.688	320	29	4	84	400	5863192	5863510	3.77e-112	405
NC_003075.7:2553548-2553950	NC_003070.9	91.724	290	19	4	114	400	19769284	19769571	6.32e-110	398
NC_003075.7:2553548-2553950	NC_003070.9	89.655	319	18	5	84	401	10931167	10931471	2.94e-108	392
NC_003075.7:2553548-2553950	NC_003070.9	88.820	322	31	3	84	400	13495745	13495424	1.06e-107	390
NC_003075.7:2553548-2553950	NC_003070.9	88.750	320	33	2	84	400	21739397	21739078	3.80e-107	388
NC_003075.7:2553548-2553950	NC_003070.9	89.274	317	21	6	84	400	5899511	5899208	4.92e-106	385
NC_003075.7:2553548-2553950	NC_003070.9	88.365	318	23	6	84	397	26880964	26881271	1.38e-101	370
NC_003075.7:2553548-2553950	NC_003070.9	89.691	291	26	3	113	400	10021705	10021416	4.95e-101	368
NC_003075.7:2553548-2553950	NC_003070.9	87.963	324	23	6	84	403	16400759	16400448	4.95e-101	368
NC_003075.7:2553548-2553950	NC_003070.9	89.691	291	26	3	113	400	28891671	28891382	4.95e-101	368
NC_003075.7:2553548-2553950	NC_003070.9	87.500	320	37	3	84	400	13811224	13810905	1.78e-100	366
NC_003075.7:2553548-2553950	NC_003070.9	89.347	291	27	3	113	400	11803835	11803546	2.30e-99	363
NC_003075.7:2553548-2553950	NC_003070.9	87.267	322	25	6	84	400	27240963	27241273	1.39e-96	353
NC_003075.7:2553548-2553950	NC_003070.9	87.188	320	27	5	84	400	540743	540435	4.99e-96	351
NC_003075.7:2553548-2553950	NC_003070.9	86.446	332	30	7	84	400	17502474	17502805	1.79e-95	350
NC_003075.7:2553548-2553950	NC_003070.9	86.810	326	24	9	84	403	10591739	10591427	2.32e-94	346
NC_003075.7:2553548-2553950	NC_003070.9	87.179	312	25	6	84	380	6218899	6218588	1.08e-92	340
NC_003075.7:2553548-2553950	NC_003070.9	92.797	236	14	3	170	403	21615530	21615296	3.88e-92	339
NC_003075.7:2553548-2553950	NC_003070.9	87.333	300	31	5	84	379	4583241	4583537	1.40e-91	337
NC_003075.7:2553548-2553950	NC_003070.9	85.849	318	26	7	84	400	22192251	22192550	1.41e-86	320
NC_003075.7:2553548-2553950	NC_003070.9	85.404	322	27	8	84	400	11732597	11732903	1.82e-85	316
NC_003075.7:2553548-2553950	NC_003070.9	86.806	288	26	5	113	400	24718761	24719036	8.46e-84	311
NC_003075.7:2553548-2553950	NC_003070.9	89.873	237	20	3	170	402	8622992	8622756	5.09e-81	302
NC_003075.7:2553548-2553950	NC_003070.9	88.511	235	23	4	170	400	10579905	10580139	6.64e-75	281
NC_003075.7:2553548-2553950	NC_003070.9	88.085	235	24	4	170	400	20559836	20559602	3.09e-73	276
NC_003075.7:2553548-2553950	NC_003070.9	87.654	243	16	5	160	400	2473131	2472901	1.44e-71	270
NC_003075.7:2553548-2553950	NC_003070.9	87.931	232	22	6	170	397	21128636	21128865	5.17e-71	268
NC_003075.7:2553548-2553950	NC_003070.9	86.555	238	28	4	170	403	11669593	11669356	3.11e-68	259
NC_003075.7:2553548-2553950	NC_003070.9	86.752	234	28	3	170	400	9418298	9418065	1.12e-67	257
NC_003075.7:2553548-2553950	NC_003070.9	82.759	319	25	12	84	400	10852958	10852668	1.12e-67	257
NC_003075.7:2553548-2553950	NC_003070.9	87.783	221	23	4	170	386	3762754	3762974	4.02e-67	255
NC_003075.7:2553548-2553950	NC_003070.9	78.469	418	65	19	1	403	13313923	13313516	1.87e-65	250
NC_003075.7:2553548-2553950	NC_003070.9	90.374	187	14	4	217	400	12240723	12240908	3.13e-63	243
NC_003075.7:2553548-2553950	NC_003070.9	86.463	229	20	3	170	397	3251256	3251474	1.13e-62	241
NC_003075.7:2553548-2553950	NC_003070.9	88.660	194	19	1	84	274	2587588	2587395	1.88e-60	233
NC_003075.7:2553548-2553950	NC_003070.9	90.000	170	15	2	233	400	8190388	8190557	5.28e-56	219
NC_003075.7:2553548-2553950	NC_003070.9	89.349	169	17	1	233	400	25358252	25358420	8.83e-54	211
NC_003075.7:2553548-2553950	NC_003070.9	88.136	177	19	2	226	400	12458076	12458252	3.18e-53	209
NC_003075.7:2553548-2553950	NC_003070.9	88.304	171	17	2	233	400	19741712	19741542	5.31e-51	202
NC_003075.7:2553548-2553950	NC_003070.9	87.135	171	18	4	233	400	2588003	2587834	1.15e-47	191
NC_003075.7:2553548-2553950	NC_003070.9	89.474	152	14	2	250	400	21336375	21336525	1.15e-47	191
NC_003075.7:2553548-2553950	NC_003070.9	86.471	170	19	4	233	400	17605966	17606133	1.93e-45	183
NC_003075.7:2553548-2553950	NC_003070.9	86.127	173	17	5	232	400	11174637	11174806	2.49e-44	180
NC_003075.7:2553548-2553950	NC_003070.9	85.965	171	19	4	234	403	13879220	13879054	8.96e-44	178
NC_003075.7:2553548-2553950	NC_003070.9	85.965	171	15	6	233	402	26307343	26307505	1.16e-42	174
NC_003075.7:2553548-2553950	NC_003070.9	85.294	170	22	3	232	400	20509006	20508839	4.17e-42	172
NC_003075.7:2553548-2553950	NC_003070.9	84.706	170	23	3	233	400	12183575	12183407	1.94e-40	167
NC_003075.7:2553548-2553950	NC_003070.9	92.941	85	6	0	1	85	4770665	4770581	1.18e-27	124
NC_003075.7:2553548-2553950	NC_003070.9	92.857	84	6	0	2	85	2587832	2587749	4.26e-27	122
NC_003075.7:2553548-2553950	NC_003070.9	92.683	82	6	0	1	82	12097456	12097537	5.51e-26	119
NC_003075.7:2553548-2553950	NC_003070.9	89.024	82	7	2	1	81	9367448	9367528	1.99e-20	100
NC_003075.7:2553548-2553950	NC_003070.9	86.364	88	6	2	1	82	24645519	24645606	1.20e-17	91.6
NC_003075.7:2553548-2553950	NC_003074.8	93.082	318	21	1	84	400	14057368	14057685	6.14e-130	464
NC_003075.7:2553548-2553950	NC_003074.8	92.523	321	23	1	84	403	11090759	11090439	2.86e-128	459
NC_003075.7:2553548-2553950	NC_003074.8	92.767	318	22	1	84	400	17402320	17402003	2.86e-128	459
NC_003075.7:2553548-2553950	NC_003074.8	92.138	318	24	1	84	400	10405640	10405957	6.18e-125	448
NC_003075.7:2553548-2553950	NC_003074.8	92.332	313	22	2	89	400	18634256	18633945	8.00e-124	444
NC_003075.7:2553548-2553950	NC_003074.8	91.798	317	25	1	84	400	23085773	23086088	1.03e-122	440
NC_003075.7:2553548-2553950	NC_003074.8	91.195	318	27	1	84	400	16485627	16485310	6.23e-120	431
NC_003075.7:2553548-2553950	NC_003074.8	91.195	318	27	1	84	400	19437115	19437432	6.23e-120	431
NC_003075.7:2553548-2553950	NC_003074.8	90.769	325	25	3	84	403	6729248	6728924	2.24e-119	429
NC_003075.7:2553548-2553950	NC_003074.8	90.361	332	17	4	84	400	10758335	10758004	3.75e-117	422
NC_003075.7:2553548-2553950	NC_003074.8	93.190	279	17	2	123	400	19740061	19740338	2.92e-113	409
NC_003075.7:2553548-2553950	NC_003074.8	89.198	324	31	3	84	403	21552423	21552100	4.88e-111	401
NC_003075.7:2553548-2553950	NC_003074.8	89.408	321	29	3	84	400	5866108	5866427	1.76e-110	399
NC_003075.7:2553548-2553950	NC_003074.8	90.164	305	25	5	100	400	3080330	3080027	2.94e-108	392
NC_003075.7:2553548-2553950	NC_003074.8	89.408	321	20	4	84	403	10718100	10717793	2.94e-108	392
NC_003075.7:2553548-2553950	NC_003074.8	91.065	291	22	3	113	400	7980374	7980085	1.06e-107	390
NC_003075.7:2553548-2553950	NC_003074.8	89.164	323	17	7	84	400	16405440	16405750	1.37e-106	387
NC_003075.7:2553548-2553950	NC_003074.8	88.438	320	33	2	85	400	15814170	15814489	1.77e-105	383
NC_003075.7:2553548-2553950	NC_003074.8	88.750	320	22	5	84	400	10708869	10709177	2.29e-104	379
NC_003075.7:2553548-2553950	NC_003074.8	87.963	324	34	5	84	403	16723441	16723119	8.23e-104	377
NC_003075.7:2553548-2553950	NC_003074.8	87.736	318	25	6	84	397	7766305	7766612	2.98e-98	359
NC_003075.7:2553548-2553950	NC_003074.8	87.066	317	29	6	84	400	11315245	11315549	6.45e-95	348
NC_003075.7:2553548-2553950	NC_003074.8	86.293	321	28	6	84	400	16234970	16234662	5.02e-91	335
NC_003075.7:2553548-2553950	NC_003074.8	86.195	297	26	4	84	380	422961	422680	1.09e-82	307
NC_003075.7:2553548-2553950	NC_003074.8	85.266	319	24	8	84	400	4584998	4585295	1.09e-82	307
NC_003075.7:2553548-2553950	NC_003074.8	88.655	238	22	5	170	403	18495382	18495146	5.13e-76	285
NC_003075.7:2553548-2553950	NC_003074.8	88.085	235	24	4	170	400	11588873	11588639	3.09e-73	276
NC_003075.7:2553548-2553950	NC_003074.8	88.085	235	24	4	170	400	16678267	16678501	3.09e-73	276
NC_003075.7:2553548-2553950	NC_003074.8	86.752	234	28	3	170	400	10901411	10901644	1.12e-67	257
NC_003075.7:2553548-2553950	NC_003074.8	88.018	217	24	2	170	384	18171177	18170961	4.02e-67	255
NC_003075.7:2553548-2553950	NC_003074.8	89.216	204	19	3	200	400	20769804	20769601	5.20e-66	252
NC_003075.7:2553548-2553950	NC_003074.8	84.980	253	27	2	148	400	18885867	18885626	2.42e-64	246
NC_003075.7:2553548-2553950	NC_003074.8	87.037	216	21	7	170	379	16534644	16534430	1.46e-61	237
NC_003075.7:2553548-2553950	NC_003074.8	85.398	226	20	3	170	393	8329280	8329494	4.08e-57	222
NC_003075.7:2553548-2553950	NC_003074.8	94.964	139	7	0	84	222	4579480	4579618	5.28e-56	219
NC_003075.7:2553548-2553950	NC_003074.8	90.000	170	16	1	232	400	8645168	8645337	5.28e-56	219
NC_003075.7:2553548-2553950	NC_003074.8	86.364	176	21	3	226	400	19521052	19521225	4.14e-47	189
NC_003075.7:2553548-2553950	NC_003074.8	87.574	169	11	7	233	400	10681553	10681394	1.49e-46	187
NC_003075.7:2553548-2553950	NC_003074.8	86.982	169	13	6	233	400	18172436	18172276	6.92e-45	182
NC_003075.7:2553548-2553950	NC_003074.8	81.197	234	23	9	170	400	17209789	17209574	5.39e-41	169
NC_003075.7:2553548-2553950	NC_003074.8	91.566	83	7	0	3	85	6729497	6729415	7.12e-25	115
NC_003075.7:2553631-2553977	NC_003075.7	100.000	347	0	0	1	347	2553631	2553977	0.0	641
NC_003075.7:2553631-2553977	NC_003075.7	92.767	318	21	2	1	317	6115585	6115901	2.43e-128	459
NC_003075.7:2553631-2553977	NC_003075.7	92.138	318	23	2	1	317	1521501	1521817	5.27e-125	448
NC_003075.7:2553631-2553977	NC_003075.7	89.590	317	32	1	7	322	572510	572194	4.16e-111	401
NC_003075.7:2553631-2553977	NC_003075.7	91.065	291	22	3	30	317	9111871	9111582	9.00e-108	390
NC_003075.7:2553631-2553977	NC_003075.7	88.750	320	24	2	1	320	12365370	12365063	5.42e-105	381
NC_003075.7:2553631-2553977	NC_003075.7	88.088	319	35	3	1	317	5392039	5391722	2.52e-103	375
NC_003075.7:2553631-2553977	NC_003075.7	88.966	290	29	2	1	288	823810	823522	3.28e-97	355
NC_003075.7:2553631-2553977	NC_003075.7	86.047	344	31	8	1	328	14458043	14457701	1.18e-96	353
NC_003075.7:2553631-2553977	NC_003075.7	86.250	320	32	5	1	320	15441957	15441650	1.19e-91	337
NC_003075.7:2553631-2553977	NC_003075.7	90.283	247	22	2	1	245	6661231	6661477	3.33e-87	322
NC_003075.7:2553631-2553977	NC_003075.7	85.231	325	28	8	1	320	6339780	6339471	1.55e-85	316
NC_003075.7:2553631-2553977	NC_003075.7	85.535	318	24	9	1	317	7034549	7034253	2.00e-84	313
NC_003075.7:2553631-2553977	NC_003075.7	91.244	217	15	4	1	215	8947516	8947302	2.61e-78	292
NC_003075.7:2553631-2553977	NC_003075.7	86.800	250	26	6	87	329	8899727	8899976	3.40e-72	272
NC_003075.7:2553631-2553977	NC_003075.7	91.813	171	11	3	87	254	8820042	8819872	4.46e-61	235
NC_003075.7:2553631-2553977	NC_003075.7	88.506	174	17	3	149	320	6426788	6426616	9.73e-53	207
NC_003075.7:2553631-2553977	NC_003075.7	88.166	169	19	1	150	317	7906198	7906366	1.63e-50	200
NC_003075.7:2553631-2553977	NC_003075.7	87.791	172	17	3	149	317	7155204	7155374	5.86e-50	198
NC_003075.7:2553631-2553977	NC_003075.7	90.411	146	12	2	172	317	9146878	9147021	9.80e-48	191
NC_003075.7:2553631-2553977	NC_003075.7	85.556	180	23	2	149	327	6414225	6414048	4.56e-46	185
NC_003075.7:2553631-2553977	NC_003075.7	86.047	172	22	2	151	321	6895116	6894946	1.64e-45	183
NC_003075.7:2553631-2553977	NC_003075.7	85.276	163	13	4	171	331	7652989	7653142	9.94e-38	158
NC_003075.7:2553631-2553977	NC_003075.7	83.784	148	13	8	150	296	12968056	12967919	2.17e-29	130
NC_003075.7:2553631-2553977	NC_003075.7	89.041	73	6	2	87	157	1100911	1100983	3.68e-17	89.8
NC_003075.7:2553631-2553977	NC_003076.8	94.322	317	18	0	1	317	19101790	19102106	1.12e-136	486
NC_003075.7:2553631-2553977	NC_003076.8	94.025	318	18	1	1	317	17726666	17726983	5.19e-135	481
NC_003075.7:2553631-2553977	NC_003076.8	93.396	318	20	1	1	317	24449056	24449373	1.12e-131	470
NC_003075.7:2553631-2553977	NC_003076.8	91.566	332	25	3	1	330	5625302	5625632	3.15e-127	455
NC_003075.7:2553631-2553977	NC_003076.8	89.474	323	30	3	1	320	22621498	22621177	3.21e-112	405
NC_003075.7:2553631-2553977	NC_003076.8	89.164	323	28	4	1	317	9068492	9068171	1.93e-109	396
NC_003075.7:2553631-2553977	NC_003076.8	92.143	280	20	2	39	317	6702207	6701929	6.96e-109	394
NC_003075.7:2553631-2553977	NC_003076.8	90.000	300	26	3	30	327	26787395	26787098	4.19e-106	385
NC_003075.7:2553631-2553977	NC_003076.8	88.199	322	33	5	1	317	3566593	3566914	1.95e-104	379
NC_003075.7:2553631-2553977	NC_003076.8	88.474	321	24	6	1	317	9557972	9557661	2.52e-103	375
NC_003075.7:2553631-2553977	NC_003076.8	88.162	321	24	6	1	317	16871167	16871477	1.17e-101	370
NC_003075.7:2553631-2553977	NC_003076.8	88.474	321	15	4	1	320	14103965	14103666	4.22e-101	368
NC_003075.7:2553631-2553977	NC_003076.8	91.698	265	21	1	1	264	22335344	22335080	1.52e-100	366
NC_003075.7:2553631-2553977	NC_003076.8	87.850	321	25	6	1	317	13892442	13892132	5.46e-100	364
NC_003075.7:2553631-2553977	NC_003076.8	87.850	321	24	6	1	317	14810514	14810823	1.96e-99	363
NC_003075.7:2553631-2553977	NC_003076.8	87.188	320	23	7	1	317	14395339	14395035	5.50e-95	348
NC_003075.7:2553631-2553977	NC_003076.8	87.188	320	23	7	1	317	14454638	14454334	5.50e-95	348
NC_003075.7:2553631-2553977	NC_003076.8	87.066	317	29	5	1	317	17043595	17043899	5.50e-95	348
NC_003075.7:2553631-2553977	NC_003076.8	88.889	288	23	6	30	314	8749184	8749465	1.98e-94	346
NC_003075.7:2553631-2553977	NC_003076.8	87.713	293	31	4	30	317	6420121	6419829	1.19e-91	337
NC_003075.7:2553631-2553977	NC_003076.8	88.153	287	24	7	30	312	9854605	9854885	1.54e-90	333
NC_003075.7:2553631-2553977	NC_003076.8	85.358	321	26	8	1	320	7700937	7700637	2.00e-84	313
NC_003075.7:2553631-2553977	NC_003076.8	83.381	349	30	10	1	321	24118204	24118552	5.61e-80	298
NC_003075.7:2553631-2553977	NC_003076.8	90.868	219	16	4	87	303	5648113	5647897	9.39e-78	291
NC_003075.7:2553631-2553977	NC_003076.8	85.567	291	22	8	30	317	15581066	15581339	1.21e-76	287
NC_003075.7:2553631-2553977	NC_003076.8	88.186	237	26	2	87	321	8602053	8601817	5.65e-75	281
NC_003075.7:2553631-2553977	NC_003076.8	87.931	232	24	4	87	314	15162886	15163117	1.22e-71	270
NC_003075.7:2553631-2553977	NC_003076.8	91.371	197	15	2	1	195	13678911	13678715	4.40e-71	268
NC_003075.7:2553631-2553977	NC_003076.8	85.556	270	17	9	50	317	24586805	24587054	2.05e-69	263
NC_003075.7:2553631-2553977	NC_003076.8	87.850	214	21	5	87	296	15535363	15535151	2.06e-64	246
NC_003075.7:2553631-2553977	NC_003076.8	85.356	239	30	5	87	320	7488328	7488090	2.67e-63	243
NC_003075.7:2553631-2553977	NC_003076.8	90.374	187	14	4	134	317	13231886	13232071	2.67e-63	243
NC_003075.7:2553631-2553977	NC_003076.8	83.936	249	21	7	87	317	15031163	15030916	1.25e-56	220
NC_003075.7:2553631-2553977	NC_003076.8	94.964	139	7	0	1	139	15882537	15882675	4.50e-56	219
NC_003075.7:2553631-2553977	NC_003076.8	89.143	175	15	4	149	320	14880641	14880814	5.81e-55	215
NC_003075.7:2553631-2553977	NC_003076.8	92.754	138	10	0	6	143	706748	706611	1.63e-50	200
NC_003075.7:2553631-2553977	NC_003076.8	87.283	173	21	1	149	320	9546162	9546334	2.11e-49	196
NC_003075.7:2553631-2553977	NC_003076.8	81.405	242	23	12	87	324	19408597	19408374	7.63e-44	178
NC_003075.7:2553631-2553977	NC_003076.8	86.047	172	15	6	150	320	10041974	10041811	2.74e-43	176
NC_003075.7:2553631-2553977	NC_003076.8	86.391	169	14	6	150	317	22464040	22464200	2.74e-43	176
NC_003075.7:2553631-2553977	NC_003076.8	89.130	138	14	1	87	223	17398095	17397958	1.28e-41	171
NC_003075.7:2553631-2553977	NC_003076.8	85.799	169	15	6	150	317	19114743	19114583	1.28e-41	171
NC_003075.7:2553631-2553977	NC_003076.8	88.571	140	13	3	87	223	9867496	9867635	1.65e-40	167
NC_003075.7:2553631-2553977	NC_003076.8	87.943	141	15	2	150	288	19480002	19480142	5.94e-40	165
NC_003075.7:2553631-2553977	NC_003076.8	88.806	134	12	2	192	322	4937362	4937495	7.68e-39	161
NC_003075.7:2553631-2553977	NC_003076.8	83.333	174	25	4	146	317	20674407	20674236	9.94e-38	158
NC_003075.7:2553631-2553977	NC_003076.8	82.162	185	28	5	150	330	9978758	9978575	1.29e-36	154
NC_003075.7:2553631-2553977	NC_003076.8	89.431	123	11	1	195	317	13677934	13677814	1.29e-36	154
NC_003075.7:2553631-2553977	NC_003076.8	80.108	186	20	8	104	288	17247876	17247707	3.63e-27	122
NC_003075.7:2553631-2553977	NC_003076.8	87.255	102	11	2	150	249	25179193	25179294	6.07e-25	115
NC_003075.7:2553631-2553977	NC_003071.7	94.025	318	18	1	1	317	5037994	5038311	5.19e-135	481
NC_003075.7:2553631-2553977	NC_003071.7	90.123	324	27	4	1	320	5010408	5010086	1.49e-115	416
NC_003075.7:2553631-2553977	NC_003071.7	92.933	283	18	2	1	282	17147411	17147130	6.91e-114	411
NC_003075.7:2553631-2553977	NC_003071.7	89.969	319	26	3	1	317	1597163	1597477	8.94e-113	407
NC_003075.7:2553631-2553977	NC_003071.7	89.408	321	30	4	1	317	2139063	2139383	4.16e-111	401
NC_003075.7:2553631-2553977	NC_003071.7	89.198	324	23	9	1	317	7340622	7340940	6.96e-109	394
NC_003075.7:2553631-2553977	NC_003071.7	90.000	300	24	5	1	296	4025657	4025954	1.51e-105	383
NC_003075.7:2553631-2553977	NC_003071.7	90.972	288	20	5	30	314	13886190	13886474	1.51e-105	383
NC_003075.7:2553631-2553977	NC_003071.7	88.379	327	22	6	1	322	6206907	6206592	1.95e-104	379
NC_003075.7:2553631-2553977	NC_003071.7	90.378	291	24	3	30	317	12556913	12557202	1.95e-104	379
NC_003075.7:2553631-2553977	NC_003071.7	90.378	291	24	3	30	317	13102069	13102358	1.95e-104	379
NC_003075.7:2553631-2553977	NC_003071.7	88.644	317	24	6	1	317	9225782	9225478	2.52e-103	375
NC_003075.7:2553631-2553977	NC_003071.7	86.834	319	40	2	1	317	4305970	4306288	3.28e-97	355
NC_003075.7:2553631-2553977	NC_003071.7	86.120	317	32	5	1	317	1670097	1669793	5.53e-90	331
NC_003075.7:2553631-2553977	NC_003071.7	85.981	321	29	4	1	317	15134462	15134770	1.99e-89	329
NC_003075.7:2553631-2553977	NC_003071.7	91.057	246	19	1	1	243	19172424	19172179	1.99e-89	329
NC_003075.7:2553631-2553977	NC_003071.7	84.688	320	29	7	1	320	9228935	9228636	4.34e-81	302
NC_003075.7:2553631-2553977	NC_003071.7	85.763	295	25	5	39	330	9433302	9433582	2.02e-79	296
NC_003075.7:2553631-2553977	NC_003071.7	89.121	239	22	4	88	322	10996418	10996180	7.26e-79	294
NC_003075.7:2553631-2553977	NC_003071.7	88.085	235	24	4	87	317	1322206	1321972	2.63e-73	276
NC_003075.7:2553631-2553977	NC_003071.7	87.234	235	25	5	87	317	3197853	3197620	2.05e-69	263
NC_003075.7:2553631-2553977	NC_003071.7	88.304	171	18	2	149	317	7178843	7179013	1.26e-51	204
NC_003075.7:2553631-2553977	NC_003071.7	87.500	176	18	3	150	321	826101	826276	1.63e-50	200
NC_003075.7:2553631-2553977	NC_003071.7	87.647	170	17	4	151	317	4758271	4758103	7.58e-49	195
NC_003075.7:2553631-2553977	NC_003071.7	86.982	169	13	6	150	317	8907834	8907994	5.90e-45	182
NC_003075.7:2553631-2553977	NC_003071.7	86.228	167	21	2	152	317	11597712	11597877	2.12e-44	180
NC_003075.7:2553631-2553977	NC_003071.7	83.099	213	19	7	87	296	9455967	9456165	7.63e-44	178
NC_003075.7:2553631-2553977	NC_003071.7	85.165	182	18	6	150	330	9891408	9891235	7.63e-44	178
NC_003075.7:2553631-2553977	NC_003071.7	85.799	169	15	6	150	317	17992706	17992546	1.28e-41	171
NC_003075.7:2553631-2553977	NC_003071.7	85.827	127	17	1	191	317	1242847	1242972	1.67e-30	134
NC_003075.7:2553631-2553977	NC_003071.7	82.716	81	13	1	190	270	6626757	6626678	1.33e-11	71.3
NC_003075.7:2553631-2553977	NC_003070.9	94.025	318	18	1	1	317	12097698	12098015	5.19e-135	481
NC_003075.7:2553631-2553977	NC_003070.9	93.458	321	19	2	1	320	4770433	4770114	2.42e-133	475
NC_003075.7:2553631-2553977	NC_003070.9	93.103	319	19	3	1	317	23125450	23125133	5.23e-130	464
NC_003075.7:2553631-2553977	NC_003070.9	92.767	318	22	1	1	317	21918665	21918982	2.43e-128	459
NC_003075.7:2553631-2553977	NC_003070.9	92.114	317	24	1	2	317	25779919	25780235	1.89e-124	446
NC_003075.7:2553631-2553977	NC_003070.9	91.483	317	26	1	1	317	24645747	24646062	4.10e-121	435
NC_003075.7:2553631-2553977	NC_003070.9	90.654	321	29	1	1	320	26510989	26510669	2.47e-118	425
NC_003075.7:2553631-2553977	NC_003070.9	88.922	334	30	6	1	328	5863192	5863524	3.21e-112	405
NC_003075.7:2553631-2553977	NC_003070.9	91.724	290	19	4	31	317	19769284	19769571	5.38e-110	398
NC_003075.7:2553631-2553977	NC_003070.9	89.655	319	18	5	1	318	10931167	10931471	2.50e-108	392
NC_003075.7:2553631-2553977	NC_003070.9	88.820	322	31	3	1	317	13495745	13495424	9.00e-108	390
NC_003075.7:2553631-2553977	NC_003070.9	88.750	320	33	2	1	317	21739397	21739078	3.24e-107	388
NC_003075.7:2553631-2553977	NC_003070.9	89.274	317	21	6	1	317	5899511	5899208	4.19e-106	385
NC_003075.7:2553631-2553977	NC_003070.9	88.365	318	23	6	1	314	26880964	26881271	1.17e-101	370
NC_003075.7:2553631-2553977	NC_003070.9	89.691	291	26	3	30	317	10021705	10021416	4.22e-101	368
NC_003075.7:2553631-2553977	NC_003070.9	87.963	324	23	6	1	320	16400759	16400448	4.22e-101	368
NC_003075.7:2553631-2553977	NC_003070.9	89.691	291	26	3	30	317	28891671	28891382	4.22e-101	368
NC_003075.7:2553631-2553977	NC_003070.9	87.500	320	37	3	1	317	13811224	13810905	1.52e-100	366
NC_003075.7:2553631-2553977	NC_003070.9	89.347	291	27	3	30	317	11803835	11803546	1.96e-99	363
NC_003075.7:2553631-2553977	NC_003070.9	87.267	322	25	6	1	317	27240963	27241273	1.18e-96	353
NC_003075.7:2553631-2553977	NC_003070.9	87.188	320	27	5	1	317	540743	540435	4.25e-96	351
NC_003075.7:2553631-2553977	NC_003070.9	86.446	332	30	7	1	317	17502474	17502805	1.53e-95	350
NC_003075.7:2553631-2553977	NC_003070.9	86.810	326	24	9	1	320	10591739	10591427	1.98e-94	346
NC_003075.7:2553631-2553977	NC_003070.9	87.179	312	25	6	1	297	6218899	6218588	9.20e-93	340
NC_003075.7:2553631-2553977	NC_003070.9	92.797	236	14	3	87	320	21615530	21615296	3.31e-92	339
NC_003075.7:2553631-2553977	NC_003070.9	87.333	300	31	5	1	296	4583241	4583537	1.19e-91	337
NC_003075.7:2553631-2553977	NC_003070.9	85.849	318	26	7	1	317	22192251	22192550	1.20e-86	320
NC_003075.7:2553631-2553977	NC_003070.9	85.404	322	27	8	1	317	11732597	11732903	1.55e-85	316
NC_003075.7:2553631-2553977	NC_003070.9	86.047	301	30	5	30	330	24718761	24719049	2.00e-84	313
NC_003075.7:2553631-2553977	NC_003070.9	89.873	237	20	3	87	319	8622992	8622756	4.34e-81	302
NC_003075.7:2553631-2553977	NC_003070.9	88.511	235	23	4	87	317	10579905	10580139	5.65e-75	281
NC_003075.7:2553631-2553977	NC_003070.9	88.085	235	24	4	87	317	20559836	20559602	2.63e-73	276
NC_003075.7:2553631-2553977	NC_003070.9	86.260	262	21	6	77	336	2473131	2472883	1.22e-71	270
NC_003075.7:2553631-2553977	NC_003070.9	86.747	249	25	8	87	329	21128636	21128882	1.22e-71	270
NC_003075.7:2553631-2553977	NC_003070.9	86.555	238	28	4	87	320	11669593	11669356	2.65e-68	259
NC_003075.7:2553631-2553977	NC_003070.9	86.752	234	28	3	87	317	9418298	9418065	9.53e-68	257
NC_003075.7:2553631-2553977	NC_003070.9	82.759	319	25	12	1	317	10852958	10852668	9.53e-68	257
NC_003075.7:2553631-2553977	NC_003070.9	87.783	221	23	4	87	303	3762754	3762974	3.43e-67	255
NC_003075.7:2553631-2553977	NC_003070.9	90.155	193	16	3	134	323	13313705	13313513	5.73e-65	248
NC_003075.7:2553631-2553977	NC_003070.9	85.656	244	22	5	87	327	3251256	3251489	7.42e-64	244
NC_003075.7:2553631-2553977	NC_003070.9	90.374	187	14	4	134	317	12240723	12240908	2.67e-63	243
NC_003075.7:2553631-2553977	NC_003070.9	88.660	194	19	1	1	191	2587588	2587395	1.61e-60	233
NC_003075.7:2553631-2553977	NC_003070.9	90.000	170	15	2	150	317	8190388	8190557	4.50e-56	219
NC_003075.7:2553631-2553977	NC_003070.9	89.349	169	17	1	150	317	25358252	25358420	7.52e-54	211
NC_003075.7:2553631-2553977	NC_003070.9	88.136	177	19	2	143	317	12458076	12458252	2.71e-53	209
NC_003075.7:2553631-2553977	NC_003070.9	88.304	171	17	2	150	317	19741712	19741542	4.53e-51	202
NC_003075.7:2553631-2553977	NC_003070.9	89.172	157	15	2	167	322	21336375	21336530	7.58e-49	195
NC_003075.7:2553631-2553977	NC_003070.9	87.135	171	18	4	150	317	2588003	2587834	9.80e-48	191
NC_003075.7:2553631-2553977	NC_003070.9	86.471	170	19	4	150	317	17605966	17606133	1.64e-45	183
NC_003075.7:2553631-2553977	NC_003070.9	86.127	173	17	5	149	317	11174637	11174806	2.12e-44	180
NC_003075.7:2553631-2553977	NC_003070.9	85.965	171	19	4	151	320	13879220	13879054	7.63e-44	178
NC_003075.7:2553631-2553977	NC_003070.9	85.965	171	15	6	150	319	26307343	26307505	9.87e-43	174
NC_003075.7:2553631-2553977	NC_003070.9	85.294	170	22	3	149	317	20509006	20508839	3.55e-42	172
NC_003075.7:2553631-2553977	NC_003070.9	84.706	170	23	3	150	317	12183575	12183407	1.65e-40	167
NC_003075.7:2553631-2553977	NC_003074.8	93.082	318	21	1	1	317	14057368	14057685	5.23e-130	464
NC_003075.7:2553631-2553977	NC_003074.8	92.570	323	23	1	1	322	11090759	11090437	1.88e-129	462
NC_003075.7:2553631-2553977	NC_003074.8	92.767	318	22	1	1	317	17402320	17402003	2.43e-128	459
NC_003075.7:2553631-2553977	NC_003074.8	92.138	318	24	1	1	317	10405640	10405957	5.27e-125	448
NC_003075.7:2553631-2553977	NC_003074.8	91.411	326	26	2	6	330	18634256	18633932	1.89e-124	446
NC_003075.7:2553631-2553977	NC_003074.8	89.655	348	34	2	1	347	23085773	23086119	2.45e-123	442
NC_003075.7:2553631-2553977	NC_003074.8	91.195	318	27	1	1	317	16485627	16485310	5.30e-120	431
NC_003075.7:2553631-2553977	NC_003074.8	91.195	318	27	1	1	317	19437115	19437432	5.30e-120	431
NC_003075.7:2553631-2553977	NC_003074.8	90.769	325	25	3	1	320	6729248	6728924	1.91e-119	429
NC_003075.7:2553631-2553977	NC_003074.8	90.361	332	17	4	1	317	10758335	10758004	3.19e-117	422
NC_003075.7:2553631-2553977	NC_003074.8	93.190	279	17	2	40	317	19740061	19740338	2.49e-113	409
NC_003075.7:2553631-2553977	NC_003074.8	89.231	325	31	3	1	321	21552423	21552099	1.16e-111	403
NC_003075.7:2553631-2553977	NC_003074.8	89.408	321	29	3	1	317	5866108	5866427	1.50e-110	399
NC_003075.7:2553631-2553977	NC_003074.8	89.024	328	22	4	1	327	10718100	10717786	6.96e-109	394
NC_003075.7:2553631-2553977	NC_003074.8	90.164	305	25	5	17	317	3080330	3080027	2.50e-108	392
NC_003075.7:2553631-2553977	NC_003074.8	91.065	291	22	3	30	317	7980374	7980085	9.00e-108	390
NC_003075.7:2553631-2553977	NC_003074.8	89.164	323	17	7	1	317	16405440	16405750	1.16e-106	387
NC_003075.7:2553631-2553977	NC_003074.8	88.438	320	33	2	2	317	15814170	15814489	1.51e-105	383
NC_003075.7:2553631-2553977	NC_003074.8	88.750	320	22	5	1	317	10708869	10709177	1.95e-104	379
NC_003075.7:2553631-2553977	NC_003074.8	88.000	325	34	5	1	321	16723441	16723118	1.95e-104	379
NC_003075.7:2553631-2553977	NC_003074.8	87.736	318	25	6	1	314	7766305	7766612	2.54e-98	359
NC_003075.7:2553631-2553977	NC_003074.8	87.066	317	29	6	1	317	11315245	11315549	5.50e-95	348
NC_003075.7:2553631-2553977	NC_003074.8	86.293	321	28	6	1	317	16234970	16234662	4.28e-91	335
NC_003075.7:2553631-2553977	NC_003074.8	86.195	297	26	4	1	297	422961	422680	9.33e-83	307
NC_003075.7:2553631-2553977	NC_003074.8	85.266	319	24	8	1	317	4584998	4585295	9.33e-83	307
NC_003075.7:2553631-2553977	NC_003074.8	88.655	238	22	5	87	320	18495382	18495146	4.37e-76	285
NC_003075.7:2553631-2553977	NC_003074.8	88.085	235	24	4	87	317	11588873	11588639	2.63e-73	276
NC_003075.7:2553631-2553977	NC_003074.8	88.085	235	24	4	87	317	16678267	16678501	2.63e-73	276
NC_003075.7:2553631-2553977	NC_003074.8	86.752	234	28	3	87	317	10901411	10901644	9.53e-68	257
NC_003075.7:2553631-2553977	NC_003074.8	88.018	217	24	2	87	301	18171177	18170961	3.43e-67	255
NC_003075.7:2553631-2553977	NC_003074.8	89.216	204	19	3	117	317	20769804	20769601	4.43e-66	252
NC_003075.7:2553631-2553977	NC_003074.8	84.980	253	27	2	65	317	18885867	18885626	2.06e-64	246
NC_003075.7:2553631-2553977	NC_003074.8	87.037	216	21	7	87	296	16534644	16534430	1.24e-61	237
NC_003075.7:2553631-2553977	NC_003074.8	85.398	226	20	3	87	310	8329280	8329494	3.48e-57	222
NC_003075.7:2553631-2553977	NC_003074.8	94.964	139	7	0	1	139	4579480	4579618	4.50e-56	219
NC_003075.7:2553631-2553977	NC_003074.8	90.000	170	16	1	149	317	8645168	8645337	4.50e-56	219
NC_003075.7:2553631-2553977	NC_003074.8	86.364	176	21	3	143	317	19521052	19521225	3.52e-47	189
NC_003075.7:2553631-2553977	NC_003074.8	87.574	169	11	7	150	317	10681553	10681394	1.27e-46	187
NC_003075.7:2553631-2553977	NC_003074.8	86.982	169	13	6	150	317	18172436	18172276	5.90e-45	182
NC_003075.7:2553631-2553977	NC_003074.8	80.913	241	24	10	87	324	17209789	17209568	1.28e-41	171
NC_003075.7:1936643-1937964	NC_003075.7	100.000	1322	0	0	1	1322	1936643	1937964	0.0	2442
NC_003075.7:1936643-1937964	NC_003074.8	99.168	1322	11	0	1	1322	20260459	20259138	0.0	2381
NC_003075.7:1936643-1937964	NC_003071.7	98.260	1322	21	2	1	1322	8569901	8568582	0.0	2313
NC_003075.7:1956610-1957717	NC_003075.7	100.000	1108	0	0	1	1108	1956610	1957717	0.0	2047
NC_003075.7:1956610-1957717	NC_003075.7	90.541	1110	85	12	2	1096	793142	792038	0.0	1450
NC_003075.7:1956610-1957717	NC_003075.7	84.363	518	65	15	351	861	8777601	8777093	2.24e-138	494
NC_003075.7:1956610-1957717	NC_003075.7	86.147	231	26	6	2	230	4621821	4622047	2.49e-63	244
NC_003075.7:1956610-1957717	NC_003075.7	85.926	135	14	4	80	210	4075058	4075191	1.21e-31	139
NC_003075.7:1956610-1957717	NC_003075.7	82.550	149	16	9	723	864	2774385	2774530	1.22e-26	122
NC_003075.7:1956610-1957717	NC_003075.7	79.577	142	22	5	957	1095	11000711	11000848	2.65e-18	95.3
NC_003075.7:1956610-1957717	NC_003075.7	84.884	86	12	1	2	87	6340022	6339938	1.60e-15	86.1
NC_003075.7:1956610-1957717	NC_003075.7	83.721	86	13	1	2	87	5392283	5392199	7.43e-14	80.5
NC_003075.7:1956610-1957717	NC_003075.7	80.198	101	12	8	996	1094	12699268	12699362	1.61e-10	69.4
NC_003075.7:1956610-1957717	NC_003075.7	78.947	114	13	8	984	1094	7906263	7906368	5.78e-10	67.6
NC_003075.7:1956610-1957717	NC_003075.7	89.796	49	3	2	1047	1094	1521772	1521819	2.69e-08	62.1
NC_003075.7:1956610-1957717	NC_003075.7	81.481	81	10	5	1015	1094	7383491	7383415	2.69e-08	62.1
NC_003075.7:1956610-1957717	NC_003075.7	84.746	59	5	3	1048	1103	7034297	7034240	1.25e-06	56.5
NC_003075.7:1956610-1957717	NC_003071.7	91.767	1081	70	10	28	1094	4352609	4351534	0.0	1485
NC_003075.7:1956610-1957717	NC_003071.7	89.661	1122	73	18	1	1108	7567626	7566534	0.0	1389
NC_003075.7:1956610-1957717	NC_003071.7	81.900	558	66	17	351	902	9311253	9310725	1.06e-121	438
NC_003075.7:1956610-1957717	NC_003071.7	88.745	231	19	6	2	228	1736022	1735795	8.83e-73	276
NC_003075.7:1956610-1957717	NC_003071.7	90.826	109	5	5	2	110	9091138	9091241	3.36e-32	141
NC_003075.7:1956610-1957717	NC_003071.7	93.407	91	6	0	2	92	1789906	1789816	1.56e-30	135
NC_003075.7:1956610-1957717	NC_003071.7	95.181	83	3	1	2	83	6657488	6657570	7.27e-29	130
NC_003075.7:1956610-1957717	NC_003071.7	86.022	93	11	2	3	94	1409588	1409679	2.05e-19	99.0
NC_003075.7:1956610-1957717	NC_003071.7	89.333	75	7	1	1	75	2138819	2138892	9.54e-18	93.5
NC_003075.7:1956610-1957717	NC_003071.7	78.231	147	20	9	957	1095	1367616	1367474	5.74e-15	84.2
NC_003075.7:1956610-1957717	NC_003071.7	83.721	86	13	1	2	87	825444	825528	7.43e-14	80.5
NC_003075.7:1956610-1957717	NC_003071.7	83.951	81	8	5	1015	1094	1347288	1347212	1.24e-11	73.1
NC_003075.7:1956610-1957717	NC_003071.7	79.310	116	15	6	984	1096	2320827	2320936	1.24e-11	73.1
NC_003075.7:1956610-1957717	NC_003071.7	92.157	51	3	1	463	513	9310905	9310856	4.47e-11	71.3
NC_003075.7:1956610-1957717	NC_003071.7	78.226	124	15	9	984	1103	7178910	7179025	1.61e-10	69.4
NC_003075.7:1956610-1957717	NC_003071.7	82.716	81	9	5	1015	1094	6901846	6901922	5.78e-10	67.6
NC_003075.7:1956610-1957717	NC_003071.7	90.196	51	3	2	1047	1096	1383600	1383551	2.08e-09	65.8
NC_003075.7:1956610-1957717	NC_003071.7	90.196	51	3	2	1047	1096	5038266	5038315	2.08e-09	65.8
NC_003075.7:1956610-1957717	NC_003071.7	79.412	102	13	8	996	1095	8173606	8173701	2.08e-09	65.8
NC_003075.7:1956610-1957717	NC_003071.7	88.679	53	3	3	1044	1095	9030626	9030676	2.69e-08	62.1
NC_003075.7:1956610-1957717	NC_003071.7	89.796	49	3	2	1047	1094	10996230	10996183	2.69e-08	62.1
NC_003075.7:1956610-1957717	NC_003071.7	91.111	45	3	1	1053	1096	9225518	9225474	9.68e-08	60.2
NC_003075.7:1956610-1957717	NC_003071.7	88.235	51	4	2	1048	1097	9228683	9228634	9.68e-08	60.2
NC_003075.7:1956610-1957717	NC_003071.7	88.000	50	4	2	1047	1095	7351500	7351548	3.48e-07	58.4
NC_003075.7:1956610-1957717	NC_003070.9	90.769	1105	83	11	1	1092	24533328	24534426	0.0	1458
NC_003075.7:1956610-1957717	NC_003070.9	89.478	1112	73	19	2	1100	9836508	9837588	0.0	1365
NC_003075.7:1956610-1957717	NC_003070.9	82.667	1050	95	38	5	1050	18450393	18449427	0.0	850
NC_003075.7:1956610-1957717	NC_003070.9	84.164	562	70	19	351	902	11526540	11525988	2.21e-148	527
NC_003075.7:1956610-1957717	NC_003070.9	90.426	94	7	1	1	92	17341174	17341267	1.22e-26	122
NC_003075.7:1956610-1957717	NC_003070.9	87.356	87	10	1	1	87	13495990	13495905	2.05e-19	99.0
NC_003075.7:1956610-1957717	NC_003070.9	85.057	87	12	1	1	87	5862948	5863033	4.44e-16	87.9
NC_003075.7:1956610-1957717	NC_003070.9	85.057	87	12	1	1	87	20205906	20205821	4.44e-16	87.9
NC_003075.7:1956610-1957717	NC_003070.9	83.871	93	10	5	1015	1106	29774337	29774249	5.74e-15	84.2
NC_003075.7:1956610-1957717	NC_003070.9	79.832	119	14	8	983	1095	29078900	29079014	2.67e-13	78.7
NC_003075.7:1956610-1957717	NC_003070.9	79.464	112	18	5	984	1094	696581	696474	3.46e-12	75.0
NC_003075.7:1956610-1957717	NC_003070.9	78.512	121	20	6	984	1103	2587938	2587823	3.46e-12	75.0
NC_003075.7:1956610-1957717	NC_003070.9	77.869	122	20	7	984	1104	12993101	12992986	1.61e-10	69.4
NC_003075.7:1956610-1957717	NC_003070.9	77.953	127	17	8	983	1106	21615403	21615285	1.61e-10	69.4
NC_003075.7:1956610-1957717	NC_003070.9	87.097	62	5	3	1047	1106	19769526	19769586	5.78e-10	67.6
NC_003075.7:1956610-1957717	NC_003070.9	91.489	47	2	2	1047	1092	10931425	10931470	7.48e-09	63.9
NC_003075.7:1956610-1957717	NC_003070.9	89.583	48	5	0	1047	1094	3497799	3497752	2.69e-08	62.1
NC_003075.7:1956610-1957717	NC_003070.9	86.207	58	6	2	1047	1103	14012859	14012803	2.69e-08	62.1
NC_003075.7:1956610-1957717	NC_003070.9	77.391	115	16	7	984	1095	10580035	10580142	9.68e-08	60.2
NC_003075.7:1956610-1957717	NC_003070.9	90.909	44	3	1	1053	1095	12240868	12240911	3.48e-07	58.4
NC_003075.7:1956610-1957717	NC_003070.9	88.000	50	5	1	1047	1095	12619476	12619525	3.48e-07	58.4
NC_003075.7:1956610-1957717	NC_003070.9	77.193	114	15	8	984	1094	8539658	8539763	1.25e-06	56.5
NC_003075.7:1956610-1957717	NC_003074.8	92.308	871	61	5	2	869	16276875	16276008	0.0	1232
NC_003075.7:1956610-1957717	NC_003074.8	89.024	738	47	10	359	1095	11287166	11286462	0.0	883
NC_003075.7:1956610-1957717	NC_003074.8	81.640	561	81	21	351	902	10905561	10906108	6.36e-124	446
NC_003075.7:1956610-1957717	NC_003074.8	87.768	327	24	6	1	324	11287476	11287163	1.42e-100	368
NC_003075.7:1956610-1957717	NC_003074.8	90.217	92	9	0	1	92	15749866	15749775	4.38e-26	121
NC_003075.7:1956610-1957717	NC_003074.8	84.615	91	8	2	2	92	11539903	11539819	1.60e-15	86.1
NC_003075.7:1956610-1957717	NC_003074.8	82.759	87	14	1	1	87	423198	423113	9.61e-13	76.8
NC_003075.7:1956610-1957717	NC_003074.8	78.049	123	19	7	974	1095	16485422	16485307	4.47e-11	71.3
NC_003075.7:1956610-1957717	NC_003074.8	91.837	49	3	1	1047	1094	15918141	15918093	5.78e-10	67.6
NC_003075.7:1956610-1957717	NC_003074.8	79.412	102	13	8	996	1095	8596198	8596103	2.08e-09	65.8
NC_003075.7:1956610-1957717	NC_003074.8	90.000	50	3	2	1047	1095	17402048	17402000	7.48e-09	63.9
NC_003075.7:1956610-1957717	NC_003074.8	78.261	115	14	8	984	1095	20769704	20769598	7.48e-09	63.9
NC_003075.7:1956610-1957717	NC_003074.8	78.070	114	13	12	984	1094	5866325	5866429	2.69e-08	62.1
NC_003075.7:1956610-1957717	NC_003074.8	90.909	44	2	2	1054	1095	19740298	19740341	3.48e-07	58.4
NC_003075.7:1956610-1957717	NC_003076.8	80.749	561	84	20	351	902	10048835	10048290	4.99e-115	416
NC_003075.7:1956610-1957717	NC_003076.8	93.902	82	5	0	2	83	9368944	9369025	3.38e-27	124
NC_003075.7:1956610-1957717	NC_003076.8	82.353	102	15	3	2	101	9068735	9068635	1.60e-15	86.1
NC_003075.7:1956610-1957717	NC_003076.8	83.721	86	13	1	2	87	9854346	9854430	7.43e-14	80.5
NC_003075.7:1956610-1957717	NC_003076.8	90.000	50	4	1	1047	1095	15030962	15030913	7.48e-09	63.9
NC_003075.7:1956610-1957717	NC_003076.8	90.000	50	3	2	1047	1095	19102061	19102109	7.48e-09	63.9
NC_003075.7:1956610-1957717	NC_003076.8	90.000	50	3	2	1047	1095	20278661	20278613	7.48e-09	63.9
NC_003075.7:1956610-1957717	NC_003076.8	86.441	59	6	2	1047	1104	24449328	24449385	7.48e-09	63.9
NC_003075.7:1956610-1957717	NC_003076.8	84.058	69	8	3	1027	1094	26893333	26893399	7.48e-09	63.9
NC_003075.7:1956610-1957717	NC_003076.8	77.311	119	17	8	983	1095	14080189	14080303	2.69e-08	62.1
NC_003075.7:1956610-1957717	NC_003076.8	86.441	59	5	3	1047	1103	14103714	14103657	2.69e-08	62.1
NC_003075.7:1956610-1957717	NC_003076.8	89.796	49	3	2	1047	1094	17726938	17726985	2.69e-08	62.1
NC_003075.7:1956610-1957717	NC_003076.8	91.111	45	3	1	1053	1096	13232031	13232075	9.68e-08	60.2
NC_003075.7:1956610-1957717	NC_003076.8	89.583	48	3	2	1048	1094	24587010	24587056	9.68e-08	60.2
NC_003075.7:1956610-1957717	NC_003076.8	80.247	81	11	5	1015	1094	24314419	24314495	1.25e-06	56.5
NC_003075.7:1956610-1957717	NC_003076.8	87.500	48	4	2	1048	1094	7700684	7700638	4.50e-06	54.7
NC_003074.8:20259137-20260459	NC_003074.8	100.000	1323	0	0	1	1323	20260459	20259137	0.0	2444
NC_003074.8:20259137-20260459	NC_003075.7	99.316	1316	9	0	1	1316	1936643	1937958	0.0	2381
NC_003074.8:20259137-20260459	NC_003071.7	98.035	1323	24	2	1	1323	8569901	8568581	0.0	2298
NC_003074.8:13327434-13328624	NC_003074.8	100.000	1191	0	0	1	1191	13327434	13328624	0.0	2200
NC_003074.8:13327434-13328624	NC_003074.8	94.536	1153	54	8	1	1150	18412154	18413300	0.0	1772
NC_003074.8:13327434-13328624	NC_003074.8	94.107	1154	58	8	1	1150	18018781	18019928	0.0	1746
NC_003074.8:13327434-13328624	NC_003074.8	93.292	1133	66	8	21	1149	3965021	3966147	0.0	1663
NC_003074.8:13327434-13328624	NC_003074.8	93.955	794	41	7	358	1149	17276531	17275743	0.0	1194
NC_003074.8:13327434-13328624	NC_003074.8	92.795	805	49	5	358	1161	9767140	9766344	0.0	1157
NC_003074.8:13327434-13328624	NC_003074.8	93.082	795	46	9	358	1149	15452243	15451455	0.0	1155
NC_003074.8:13327434-13328624	NC_003074.8	93.047	791	46	4	358	1147	17730448	17731230	0.0	1147
NC_003074.8:13327434-13328624	NC_003074.8	92.686	793	48	7	358	1149	20787664	20788447	0.0	1134
NC_003074.8:13327434-13328624	NC_003074.8	92.579	795	45	10	358	1149	22119874	22120657	0.0	1129
NC_003074.8:13327434-13328624	NC_003074.8	92.453	795	40	10	358	1149	17062163	17061386	0.0	1118
NC_003074.8:13327434-13328624	NC_003074.8	93.211	766	40	11	358	1116	10820135	10819375	0.0	1116
NC_003074.8:13327434-13328624	NC_003074.8	91.940	794	54	6	358	1149	17777280	17778065	0.0	1103
NC_003074.8:13327434-13328624	NC_003074.8	91.708	808	44	17	358	1149	17143247	17142447	0.0	1099
NC_003074.8:13327434-13328624	NC_003074.8	93.280	744	46	3	406	1149	10556871	10556132	0.0	1094
NC_003074.8:13327434-13328624	NC_003074.8	91.824	795	45	8	358	1149	16451803	16452580	0.0	1090
NC_003074.8:13327434-13328624	NC_003074.8	91.021	813	43	13	358	1147	16419647	16420452	0.0	1070
NC_003074.8:13327434-13328624	NC_003074.8	91.000	800	60	8	358	1149	15938576	15939371	0.0	1068
NC_003074.8:13327434-13328624	NC_003074.8	91.476	786	44	17	358	1126	11537098	11537877	0.0	1059
NC_003074.8:13327434-13328624	NC_003074.8	91.580	772	43	6	379	1149	15485279	15484529	0.0	1046
NC_003074.8:13327434-13328624	NC_003074.8	95.296	659	30	1	2	660	17299939	17299282	0.0	1044
NC_003074.8:13327434-13328624	NC_003074.8	92.225	746	43	6	406	1149	10575083	10574351	0.0	1042
NC_003074.8:13327434-13328624	NC_003074.8	90.307	815	45	13	358	1167	7995595	7994810	0.0	1037
NC_003074.8:13327434-13328624	NC_003074.8	90.680	794	46	15	358	1149	16562820	16563587	0.0	1031
NC_003074.8:13327434-13328624	NC_003074.8	93.231	650	35	9	501	1149	5744484	5743843	0.0	948
NC_003074.8:13327434-13328624	NC_003074.8	92.540	630	39	7	532	1160	9384377	9383755	0.0	896
NC_003074.8:13327434-13328624	NC_003074.8	91.474	563	30	6	358	919	11503252	11502707	0.0	758
NC_003074.8:13327434-13328624	NC_003074.8	88.390	646	29	9	1	645	1571380	1571980	0.0	736
NC_003074.8:13327434-13328624	NC_003074.8	94.363	408	22	1	358	765	10320897	10321303	8.19e-178	625
NC_003074.8:13327434-13328624	NC_003074.8	95.614	342	15	0	1	342	11503761	11503420	5.07e-155	549
NC_003074.8:13327434-13328624	NC_003074.8	93.895	344	19	2	1	342	15485750	15485407	1.43e-145	518
NC_003074.8:13327434-13328624	NC_003074.8	94.135	341	18	2	1	341	16419144	16419482	1.43e-145	518
NC_003074.8:13327434-13328624	NC_003074.8	93.860	342	20	1	1	342	17729940	17730280	1.85e-144	514
NC_003074.8:13327434-13328624	NC_003074.8	93.567	342	22	0	1	342	10557346	10557005	2.39e-143	510
NC_003074.8:13327434-13328624	NC_003074.8	92.464	345	22	2	1	345	9767629	9767289	3.12e-137	490
NC_003074.8:13327434-13328624	NC_003074.8	92.398	342	24	2	1	341	17776769	17777109	4.03e-136	486
NC_003074.8:13327434-13328624	NC_003074.8	91.594	345	28	1	1	345	11967653	11967996	8.73e-133	475
NC_003074.8:13327434-13328624	NC_003074.8	95.341	279	13	0	871	1149	11968339	11968617	2.46e-123	444
NC_003074.8:13327434-13328624	NC_003074.8	93.493	292	18	1	51	342	10575507	10575217	5.33e-120	433
NC_003074.8:13327434-13328624	NC_003074.8	86.842	342	21	4	1	342	10320412	10320729	2.55e-98	361
NC_003074.8:13327434-13328624	NC_003074.8	94.372	231	13	0	883	1113	11200950	11201180	1.19e-96	355
NC_003074.8:13327434-13328624	NC_003074.8	89.844	256	16	1	908	1153	8757570	8757825	4.33e-86	320
NC_003074.8:13327434-13328624	NC_003074.8	95.213	188	8	1	159	345	15938226	15938413	7.30e-79	296
NC_003074.8:13327434-13328624	NC_003074.8	95.109	184	9	0	159	342	10820486	10820303	3.40e-77	291
NC_003074.8:13327434-13328624	NC_003074.8	93.617	188	10	2	156	342	17300342	17300156	7.35e-74	279
NC_003074.8:13327434-13328624	NC_003074.8	92.347	196	7	1	147	342	9384863	9384676	1.23e-71	272
NC_003074.8:13327434-13328624	NC_003074.8	94.828	174	9	0	358	531	11968159	11968332	1.23e-71	272
NC_003074.8:13327434-13328624	NC_003074.8	92.935	184	5	1	159	342	16562477	16562652	2.66e-68	261
NC_003074.8:13327434-13328624	NC_003074.8	90.500	200	10	2	147	345	17276885	17276694	1.24e-66	255
NC_003074.8:13327434-13328624	NC_003074.8	93.064	173	10	2	358	529	5744658	5744487	1.60e-65	252
NC_003074.8:13327434-13328624	NC_003074.8	91.444	187	7	2	159	345	5744998	5744821	2.07e-64	248
NC_003074.8:13327434-13328624	NC_003074.8	91.444	187	7	2	159	345	11536758	11536935	2.07e-64	248
NC_003074.8:13327434-13328624	NC_003074.8	90.909	187	9	1	159	345	20787323	20787501	2.68e-63	244
NC_003074.8:13327434-13328624	NC_003074.8	90.909	187	8	2	159	345	15452557	15452380	9.64e-63	243
NC_003074.8:13327434-13328624	NC_003074.8	88.265	196	14	2	147	342	22119520	22119706	9.71e-58	226
NC_003074.8:13327434-13328624	NC_003074.8	82.716	243	33	5	919	1159	1571901	1572136	3.52e-52	207
NC_003074.8:13327434-13328624	NC_003074.8	87.701	187	7	3	159	345	17143580	17143410	4.55e-51	204
NC_003074.8:13327434-13328624	NC_003074.8	95.276	127	6	0	358	484	9384508	9384382	1.64e-50	202
NC_003074.8:13327434-13328624	NC_003074.8	95.200	125	5	1	1026	1149	17299274	17299150	7.61e-49	196
NC_003074.8:13327434-13328624	NC_003074.8	94.068	118	5	2	1033	1149	10321325	10321441	2.76e-43	178
NC_003074.8:13327434-13328624	NC_003074.8	88.806	134	11	4	1023	1153	11132616	11132748	2.78e-38	161
NC_003074.8:13327434-13328624	NC_003074.8	88.372	129	10	4	1025	1149	8645212	8645339	6.01e-35	150
NC_003074.8:13327434-13328624	NC_003074.8	86.923	130	14	3	1023	1149	6729054	6728925	1.01e-32	143
NC_003074.8:13327434-13328624	NC_003074.8	83.704	135	16	4	1023	1157	10681512	10681384	1.31e-26	122
NC_003074.8:13327434-13328624	NC_003074.8	93.902	82	3	2	1	81	11200624	11200704	1.31e-26	122
NC_003074.8:13327434-13328624	NC_003074.8	93.827	81	5	0	1	81	11535844	11535924	1.31e-26	122
NC_003074.8:13327434-13328624	NC_003074.8	93.902	82	3	2	1	81	16450786	16450866	1.31e-26	122
NC_003074.8:13327434-13328624	NC_003074.8	93.827	81	5	0	1	81	16561654	16561734	1.31e-26	122
NC_003074.8:13327434-13328624	NC_003074.8	93.827	81	5	0	1	81	17144490	17144410	1.31e-26	122
NC_003074.8:13327434-13328624	NC_003074.8	100.000	64	0	0	1	64	3716342	3716405	1.70e-25	119
NC_003074.8:13327434-13328624	NC_003074.8	92.593	81	6	0	1	81	7996636	7996556	6.10e-25	117
NC_003074.8:13327434-13328624	NC_003074.8	92.593	81	6	0	1	81	10862401	10862481	6.10e-25	117
NC_003074.8:13327434-13328624	NC_003074.8	92.593	81	6	0	1	81	17063229	17063149	6.10e-25	117
NC_003074.8:13327434-13328624	NC_003074.8	92.593	81	6	0	1	81	17277814	17277734	6.10e-25	117
NC_003074.8:13327434-13328624	NC_003074.8	92.593	81	6	0	1	81	17301278	17301198	6.10e-25	117
NC_003074.8:13327434-13328624	NC_003074.8	89.247	93	6	4	1	89	15937286	15937378	7.89e-24	113
NC_003074.8:13327434-13328624	NC_003074.8	91.358	81	7	0	1	81	10821446	10821366	2.84e-23	111
NC_003074.8:13327434-13328624	NC_003074.8	89.130	92	7	2	1	89	16879751	16879842	2.84e-23	111
NC_003074.8:13327434-13328624	NC_003074.8	91.250	80	7	0	1	80	20487142	20487063	1.02e-22	110
NC_003074.8:13327434-13328624	NC_003074.8	90.123	81	7	1	1	81	17397300	17397221	4.75e-21	104
NC_003074.8:13327434-13328624	NC_003074.8	93.443	61	4	0	1	61	22118613	22118673	3.70e-17	91.6
NC_003074.8:13327434-13328624	NC_003074.8	91.071	56	3	1	292	345	16451587	16451642	3.72e-12	75.0
NC_003074.8:13327434-13328624	NC_003074.8	89.362	47	2	3	1105	1149	4274975	4274930	1.35e-06	56.5
NC_003074.8:13327434-13328624	NC_003075.7	94.705	1152	52	8	1	1149	683213	684358	0.0	1781
NC_003074.8:13327434-13328624	NC_003075.7	94.710	794	35	7	358	1149	1350868	1351656	0.0	1227
NC_003074.8:13327434-13328624	NC_003075.7	94.125	800	41	5	358	1155	11193063	11192268	0.0	1212
NC_003074.8:13327434-13328624	NC_003075.7	93.617	799	42	7	360	1154	5540105	5539312	0.0	1184
NC_003074.8:13327434-13328624	NC_003075.7	93.719	796	41	8	358	1149	11362155	11362945	0.0	1184
NC_003074.8:13327434-13328624	NC_003075.7	93.577	794	42	9	358	1149	8729187	8728401	0.0	1175
NC_003074.8:13327434-13328624	NC_003075.7	93.333	795	46	6	358	1149	8064914	8065704	0.0	1168
NC_003074.8:13327434-13328624	NC_003075.7	92.919	805	50	6	358	1159	16864053	16863253	0.0	1164
NC_003074.8:13327434-13328624	NC_003075.7	92.938	793	52	3	358	1149	371577	370788	0.0	1151
NC_003074.8:13327434-13328624	NC_003075.7	92.677	792	46	8	358	1147	1000703	999922	0.0	1131
NC_003074.8:13327434-13328624	NC_003075.7	93.032	775	46	7	379	1149	10396119	10395349	0.0	1125
NC_003074.8:13327434-13328624	NC_003075.7	92.065	794	58	5	358	1149	6165956	6165166	0.0	1112
NC_003074.8:13327434-13328624	NC_003075.7	91.615	799	46	13	358	1151	4147402	4148184	0.0	1085
NC_003074.8:13327434-13328624	NC_003075.7	93.355	602	36	3	358	959	965003	964406	0.0	887
NC_003074.8:13327434-13328624	NC_003075.7	90.257	544	38	11	620	1160	14390783	14390252	0.0	697
NC_003074.8:13327434-13328624	NC_003075.7	94.752	343	16	2	4	345	11193567	11193226	5.11e-150	532
NC_003074.8:13327434-13328624	NC_003075.7	93.043	345	24	0	1	345	372086	371742	1.11e-141	505
NC_003074.8:13327434-13328624	NC_003075.7	92.486	346	24	2	1	345	965799	965455	2.41e-138	494
NC_003074.8:13327434-13328624	NC_003075.7	90.860	372	18	8	747	1116	7853284	7852927	1.45e-135	484
NC_003074.8:13327434-13328624	NC_003075.7	92.105	342	27	0	1	342	6166464	6166123	5.22e-135	483
NC_003074.8:13327434-13328624	NC_003075.7	78.049	615	94	29	549	1147	6342558	6343147	5.52e-95	350
NC_003074.8:13327434-13328624	NC_003075.7	94.000	200	11	1	1	200	14390988	14390790	1.57e-80	302
NC_003074.8:13327434-13328624	NC_003075.7	95.213	188	8	1	159	345	10396429	10396242	7.30e-79	296
NC_003074.8:13327434-13328624	NC_003075.7	75.721	659	113	32	465	1116	7572217	7572835	4.39e-76	287
NC_003074.8:13327434-13328624	NC_003075.7	94.118	187	10	1	159	345	1001051	1000866	5.68e-75	283
NC_003074.8:13327434-13328624	NC_003075.7	93.617	188	11	1	159	345	8064563	8064750	7.35e-74	279
NC_003074.8:13327434-13328624	NC_003075.7	77.647	510	79	24	564	1064	7593705	7593222	2.64e-73	278
NC_003074.8:13327434-13328624	NC_003075.7	92.473	186	5	2	159	343	5540448	5540271	3.44e-67	257
NC_003074.8:13327434-13328624	NC_003075.7	90.576	191	17	1	959	1149	963863	963674	1.60e-65	252
NC_003074.8:13327434-13328624	NC_003075.7	89.552	201	11	3	147	345	11361800	11361992	7.45e-64	246
NC_003074.8:13327434-13328624	NC_003075.7	90.426	188	9	2	159	345	1350526	1350705	1.25e-61	239
NC_003074.8:13327434-13328624	NC_003075.7	90.374	187	10	1	159	345	8729528	8729350	1.25e-61	239
NC_003074.8:13327434-13328624	NC_003075.7	76.170	470	77	25	656	1117	2262877	2262435	2.10e-54	215
NC_003074.8:13327434-13328624	NC_003075.7	88.587	184	7	2	159	342	4147065	4147234	2.72e-53	211
NC_003074.8:13327434-13328624	NC_003075.7	93.939	132	6	2	1	131	2520884	2521014	2.12e-49	198
NC_003074.8:13327434-13328624	NC_003075.7	78.322	286	55	7	867	1149	12335549	12335830	2.76e-43	178
NC_003074.8:13327434-13328624	NC_003075.7	87.879	132	9	6	1023	1149	15441780	15441651	2.16e-34	148
NC_003074.8:13327434-13328624	NC_003075.7	95.181	83	4	0	1	83	5541389	5541307	2.18e-29	132
NC_003074.8:13327434-13328624	NC_003075.7	95.122	82	2	2	1	81	4146126	4146206	2.82e-28	128
NC_003074.8:13327434-13328624	NC_003075.7	93.827	81	5	0	1	81	7853533	7853453	1.31e-26	122
NC_003074.8:13327434-13328624	NC_003075.7	93.827	81	5	0	1	81	11360870	11360950	1.31e-26	122
NC_003074.8:13327434-13328624	NC_003075.7	93.827	81	5	0	1	81	16865070	16864990	1.31e-26	122
NC_003074.8:13327434-13328624	NC_003075.7	82.857	140	16	6	1023	1160	963984	963851	1.70e-25	119
NC_003074.8:13327434-13328624	NC_003075.7	92.593	81	6	0	1	81	1349585	1349665	6.10e-25	117
NC_003074.8:13327434-13328624	NC_003075.7	92.593	81	6	0	1	81	8063577	8063657	6.10e-25	117
NC_003074.8:13327434-13328624	NC_003075.7	92.593	81	6	0	1	81	8730453	8730373	6.10e-25	117
NC_003074.8:13327434-13328624	NC_003075.7	91.358	81	7	0	1	81	1002007	1001927	2.84e-23	111
NC_003074.8:13327434-13328624	NC_003075.7	91.358	81	7	0	1	81	5354114	5354194	2.84e-23	111
NC_003074.8:13327434-13328624	NC_003075.7	87.879	99	7	4	1	95	6178448	6178545	2.84e-23	111
NC_003074.8:13327434-13328624	NC_003075.7	91.358	81	7	0	1	81	9763814	9763734	2.84e-23	111
NC_003074.8:13327434-13328624	NC_003075.7	88.172	93	7	3	1	89	7060698	7060606	3.67e-22	108
NC_003074.8:13327434-13328624	NC_003075.7	90.123	81	8	0	1	81	9842608	9842528	1.32e-21	106
NC_003074.8:13327434-13328624	NC_003075.7	88.889	81	9	0	1	81	314269	314189	6.14e-20	100
NC_003074.8:13327434-13328624	NC_003075.7	84.783	92	5	3	1	89	6279022	6279107	6.18e-15	84.2
NC_003074.8:13327434-13328624	NC_003075.7	93.878	49	2	1	298	345	16864262	16864214	1.34e-11	73.1
NC_003074.8:13327434-13328624	NC_003075.7	85.938	64	6	3	1087	1149	3359173	3359234	2.24e-09	65.8
NC_003074.8:13327434-13328624	NC_003071.7	94.179	1151	59	6	1	1149	7111784	7112928	0.0	1748
NC_003074.8:13327434-13328624	NC_003071.7	90.682	1159	90	15	2	1153	6101375	6100228	0.0	1526
NC_003074.8:13327434-13328624	NC_003071.7	93.704	810	42	9	360	1165	13336610	13335806	0.0	1205
NC_003074.8:13327434-13328624	NC_003071.7	93.962	795	41	7	358	1149	501270	502060	0.0	1195
NC_003074.8:13327434-13328624	NC_003071.7	93.821	793	41	8	358	1147	13907456	13906669	0.0	1186
NC_003074.8:13327434-13328624	NC_003071.7	93.052	806	44	9	360	1160	6663337	6664135	0.0	1168
NC_003074.8:13327434-13328624	NC_003071.7	93.325	794	47	6	358	1149	12802305	12803094	0.0	1168
NC_003074.8:13327434-13328624	NC_003071.7	93.436	777	45	6	360	1136	6803611	6804381	0.0	1147
NC_003074.8:13327434-13328624	NC_003071.7	92.830	795	48	9	358	1149	395373	394585	0.0	1144
NC_003074.8:13327434-13328624	NC_003071.7	92.289	804	55	7	358	1158	17253948	17253149	0.0	1134
NC_003074.8:13327434-13328624	NC_003071.7	92.509	801	43	11	358	1149	7960770	7961562	0.0	1131
NC_003074.8:13327434-13328624	NC_003071.7	91.749	812	58	8	360	1168	7814188	7813383	0.0	1120
NC_003074.8:13327434-13328624	NC_003071.7	92.443	794	42	7	358	1149	6924068	6923291	0.0	1118
NC_003074.8:13327434-13328624	NC_003071.7	92.337	796	39	8	358	1149	543388	544165	0.0	1112
NC_003074.8:13327434-13328624	NC_003071.7	91.331	819	59	10	358	1171	7169018	7168207	0.0	1109
NC_003074.8:13327434-13328624	NC_003071.7	93.149	759	47	5	358	1115	12093156	12092402	0.0	1109
NC_003074.8:13327434-13328624	NC_003071.7	92.075	795	50	10	358	1149	13268221	13269005	0.0	1107
NC_003074.8:13327434-13328624	NC_003071.7	96.279	645	23	1	1	645	4024201	4024844	0.0	1057
NC_003074.8:13327434-13328624	NC_003071.7	91.927	768	43	14	358	1123	14334864	14335614	0.0	1057
NC_003074.8:13327434-13328624	NC_003071.7	94.251	661	35	3	1	660	980617	979959	0.0	1007
NC_003074.8:13327434-13328624	NC_003071.7	91.495	729	53	7	423	1149	3213046	3212325	0.0	994
NC_003074.8:13327434-13328624	NC_003071.7	92.330	678	41	10	474	1147	709401	710071	0.0	953
NC_003074.8:13327434-13328624	NC_003071.7	92.821	599	35	7	358	953	11285855	11285262	0.0	861
NC_003074.8:13327434-13328624	NC_003071.7	92.391	460	29	5	549	1006	3564667	3565122	0.0	651
NC_003074.8:13327434-13328624	NC_003071.7	92.705	329	24	0	17	345	7959807	7960135	8.73e-133	475
NC_003074.8:13327434-13328624	NC_003071.7	91.618	346	21	4	1	345	7814691	7814353	1.13e-131	472
NC_003074.8:13327434-13328624	NC_003071.7	91.304	345	29	1	1	345	7169524	7169181	4.06e-131	470
NC_003074.8:13327434-13328624	NC_003071.7	95.057	263	13	0	1	263	3213354	3213092	1.93e-114	414
NC_003074.8:13327434-13328624	NC_003071.7	94.074	270	15	1	1	270	3564382	3564650	8.98e-113	409
NC_003074.8:13327434-13328624	NC_003071.7	95.600	250	11	0	867	1116	3565126	3565375	1.50e-110	401
NC_003074.8:13327434-13328624	NC_003071.7	91.786	280	23	0	870	1149	2962573	2962294	3.25e-107	390
NC_003074.8:13327434-13328624	NC_003071.7	93.411	258	17	0	7	264	6660967	6661224	5.45e-105	383
NC_003074.8:13327434-13328624	NC_003071.7	94.468	235	13	0	1	235	2962805	2962571	7.09e-99	363
NC_003074.8:13327434-13328624	NC_003071.7	95.213	188	8	1	159	345	6924418	6924231	7.30e-79	296
NC_003074.8:13327434-13328624	NC_003071.7	94.681	188	9	1	159	345	13267871	13268058	3.40e-77	291
NC_003074.8:13327434-13328624	NC_003071.7	94.054	185	10	1	159	342	12801954	12802138	7.35e-74	279
NC_003074.8:13327434-13328624	NC_003071.7	93.048	187	5	1	159	345	17254287	17254109	5.72e-70	267
NC_003074.8:13327434-13328624	NC_003071.7	92.432	185	12	2	991	1173	11285273	11285089	7.40e-69	263
NC_003074.8:13327434-13328624	NC_003071.7	91.000	200	8	3	147	345	395726	395536	2.66e-68	261
NC_003074.8:13327434-13328624	NC_003071.7	90.955	199	7	4	143	341	13337152	13336965	3.44e-67	257
NC_003074.8:13327434-13328624	NC_003071.7	91.534	189	6	3	159	345	11286196	11286016	1.60e-65	252
NC_003074.8:13327434-13328624	NC_003071.7	91.489	188	7	2	156	342	500923	501102	5.76e-65	250
NC_003074.8:13327434-13328624	NC_003071.7	91.444	187	8	1	159	345	13907797	13907619	5.76e-65	250
NC_003074.8:13327434-13328624	NC_003071.7	96.800	125	4	0	358	482	708716	708840	9.78e-53	209
NC_003074.8:13327434-13328624	NC_003071.7	94.444	126	5	2	216	341	12093447	12093324	9.85e-48	193
NC_003074.8:13327434-13328624	NC_003071.7	81.028	253	36	8	916	1165	4024762	4025005	3.54e-47	191
NC_003074.8:13327434-13328624	NC_003071.7	95.699	93	4	0	358	450	13336796	13336704	6.01e-35	150
NC_003074.8:13327434-13328624	NC_003071.7	87.692	130	12	4	1023	1149	1038177	1038049	2.16e-34	148
NC_003074.8:13327434-13328624	NC_003071.7	87.692	130	12	3	1023	1149	13102232	13102360	2.16e-34	148
NC_003074.8:13327434-13328624	NC_003071.7	87.692	130	13	3	1023	1149	19623517	19623646	2.16e-34	148
NC_003074.8:13327434-13328624	NC_003071.7	87.313	134	10	5	1023	1149	15134639	15134772	7.78e-34	147
NC_003074.8:13327434-13328624	NC_003071.7	86.923	130	14	3	1023	1149	6206724	6206595	1.01e-32	143
NC_003074.8:13327434-13328624	NC_003071.7	86.719	128	13	4	1026	1149	2139258	2139385	1.30e-31	139
NC_003074.8:13327434-13328624	NC_003071.7	94.318	88	4	1	256	342	6663080	6663167	6.05e-30	134
NC_003074.8:13327434-13328624	NC_003071.7	92.308	91	7	0	159	249	7153795	7153705	7.83e-29	130
NC_003074.8:13327434-13328624	NC_003071.7	93.827	81	5	0	1	81	11287161	11287081	1.31e-26	122
NC_003074.8:13327434-13328624	NC_003071.7	93.827	81	5	0	1	81	13908721	13908641	1.31e-26	122
NC_003074.8:13327434-13328624	NC_003071.7	83.846	130	16	4	1023	1149	7340815	7340942	1.70e-25	119
NC_003074.8:13327434-13328624	NC_003071.7	92.593	81	6	0	1	81	7154736	7154656	6.10e-25	117
NC_003074.8:13327434-13328624	NC_003071.7	92.683	82	5	1	1	81	12094425	12094344	6.10e-25	117
NC_003074.8:13327434-13328624	NC_003071.7	92.593	81	6	0	1	81	13338077	13337997	6.10e-25	117
NC_003074.8:13327434-13328624	NC_003071.7	92.593	81	6	0	1	81	17255233	17255153	6.10e-25	117
NC_003074.8:13327434-13328624	NC_003071.7	83.594	128	14	5	1023	1149	8907875	8907996	7.89e-24	113
NC_003074.8:13327434-13328624	NC_003071.7	91.358	81	7	0	1	81	499985	500065	2.84e-23	111
NC_003074.8:13327434-13328624	NC_003071.7	91.358	81	7	0	1	81	542308	542388	2.84e-23	111
NC_003074.8:13327434-13328624	NC_003071.7	91.358	81	7	0	1	81	1460925	1460845	2.84e-23	111
NC_003074.8:13327434-13328624	NC_003071.7	89.130	92	7	2	1	89	6099530	6099621	2.84e-23	111
NC_003074.8:13327434-13328624	NC_003071.7	91.358	81	7	0	1	81	6925377	6925297	2.84e-23	111
NC_003074.8:13327434-13328624	NC_003071.7	91.358	81	7	0	1	81	11399377	11399297	2.84e-23	111
NC_003074.8:13327434-13328624	NC_003071.7	91.358	81	7	0	1	81	12800994	12801074	2.84e-23	111
NC_003074.8:13327434-13328624	NC_003071.7	89.130	92	7	2	1	89	19196757	19196666	2.84e-23	111
NC_003074.8:13327434-13328624	NC_003071.7	90.123	81	8	0	1	81	6384054	6383974	1.32e-21	106
NC_003074.8:13327434-13328624	NC_003071.7	96.721	61	2	0	147	207	6101274	6101214	1.71e-20	102
NC_003074.8:13327434-13328624	NC_003071.7	88.889	81	9	0	1	81	14333785	14333865	6.14e-20	100
NC_003074.8:13327434-13328624	NC_003071.7	87.209	86	7	3	1065	1149	9585273	9585355	2.86e-18	95.3
NC_003074.8:13327434-13328624	NC_003071.7	91.803	61	5	0	1	61	13266915	13266975	1.72e-15	86.1
NC_003074.8:13327434-13328624	NC_003071.7	100.000	30	0	0	1120	1149	7177619	7177590	1.35e-06	56.5
NC_003074.8:13327434-13328624	NC_003070.9	94.011	1102	60	5	48	1149	23876173	23877268	0.0	1664
NC_003074.8:13327434-13328624	NC_003070.9	91.052	1017	65	14	148	1150	19063589	19064593	0.0	1351
NC_003074.8:13327434-13328624	NC_003070.9	93.985	798	37	7	358	1149	7036498	7037290	0.0	1197
NC_003074.8:13327434-13328624	NC_003070.9	93.852	797	43	5	358	1152	19768779	19767987	0.0	1195
NC_003074.8:13327434-13328624	NC_003070.9	93.962	795	38	10	358	1149	11700940	11701727	0.0	1194
NC_003074.8:13327434-13328624	NC_003070.9	93.955	794	41	7	358	1149	22451217	22452005	0.0	1194
NC_003074.8:13327434-13328624	NC_003070.9	93.711	795	42	8	358	1149	15940389	15941178	0.0	1184
NC_003074.8:13327434-13328624	NC_003070.9	94.315	774	36	8	358	1127	8116052	8116821	0.0	1179
NC_003074.8:13327434-13328624	NC_003070.9	93.199	794	44	9	358	1149	13060111	13060896	0.0	1158
NC_003074.8:13327434-13328624	NC_003070.9	92.830	795	50	6	358	1149	4786465	4787255	0.0	1146
NC_003074.8:13327434-13328624	NC_003070.9	92.938	793	45	7	358	1149	3414058	3414840	0.0	1144
NC_003074.8:13327434-13328624	NC_003070.9	92.723	797	44	11	358	1149	19994468	19993681	0.0	1138
NC_003074.8:13327434-13328624	NC_003070.9	92.462	796	51	9	358	1149	16905074	16905864	0.0	1129
NC_003074.8:13327434-13328624	NC_003070.9	92.453	795	52	7	358	1149	18792075	18792864	0.0	1129
NC_003074.8:13327434-13328624	NC_003070.9	92.551	792	46	8	358	1149	28161544	28162322	0.0	1123
NC_003074.8:13327434-13328624	NC_003070.9	92.193	807	41	8	358	1159	19465868	19465079	0.0	1122
NC_003074.8:13327434-13328624	NC_003070.9	92.453	795	41	6	358	1149	12365214	12365992	0.0	1118
NC_003074.8:13327434-13328624	NC_003070.9	92.365	799	38	13	358	1153	13016625	13015847	0.0	1116
NC_003074.8:13327434-13328624	NC_003070.9	92.145	802	40	9	358	1153	16326523	16327307	0.0	1110
NC_003074.8:13327434-13328624	NC_003070.9	92.201	795	43	7	358	1150	16825594	16826371	0.0	1107
NC_003074.8:13327434-13328624	NC_003070.9	92.172	792	44	4	358	1149	9817501	9818274	0.0	1103
NC_003074.8:13327434-13328624	NC_003070.9	91.636	813	45	12	358	1166	12563003	12562210	0.0	1103
NC_003074.8:13327434-13328624	NC_003070.9	92.645	775	44	12	378	1149	19328001	19327237	0.0	1103
NC_003074.8:13327434-13328624	NC_003070.9	91.940	794	42	8	360	1149	23214744	23215519	0.0	1092
NC_003074.8:13327434-13328624	NC_003070.9	91.563	806	45	11	358	1157	26170172	26169384	0.0	1090
NC_003074.8:13327434-13328624	NC_003070.9	91.058	794	49	12	358	1149	17901169	17901942	0.0	1053
NC_003074.8:13327434-13328624	NC_003070.9	95.455	660	27	3	2	660	22992721	22992064	0.0	1050
NC_003074.8:13327434-13328624	NC_003070.9	90.921	793	49	7	358	1147	9866118	9865346	0.0	1044
NC_003074.8:13327434-13328624	NC_003070.9	95.000	660	30	3	2	660	30251767	30251110	0.0	1033
NC_003074.8:13327434-13328624	NC_003070.9	95.201	646	28	3	4	648	22621378	22620735	0.0	1018
NC_003074.8:13327434-13328624	NC_003070.9	95.186	644	28	3	2	645	12328714	12328074	0.0	1014
NC_003074.8:13327434-13328624	NC_003070.9	91.641	646	42	4	512	1149	14309405	14308764	0.0	883
NC_003074.8:13327434-13328624	NC_003070.9	94.609	575	23	8	358	929	30254220	30253651	0.0	883
NC_003074.8:13327434-13328624	NC_003070.9	92.484	612	30	11	551	1159	499960	499362	0.0	861
NC_003074.8:13327434-13328624	NC_003070.9	93.542	542	29	6	610	1149	8489951	8489414	0.0	802
NC_003074.8:13327434-13328624	NC_003070.9	92.279	544	34	7	610	1149	25963004	25962465	0.0	765
NC_003074.8:13327434-13328624	NC_003070.9	91.461	527	28	8	624	1149	18790338	18790848	0.0	708
NC_003074.8:13327434-13328624	NC_003070.9	89.964	548	33	16	358	889	11736125	11735584	0.0	688
NC_003074.8:13327434-13328624	NC_003070.9	95.110	409	19	1	358	765	16998037	16997629	0.0	643
NC_003074.8:13327434-13328624	NC_003070.9	93.415	410	25	1	358	765	12876423	12876014	2.97e-172	606
NC_003074.8:13327434-13328624	NC_003070.9	93.564	404	21	5	747	1149	23554190	23553791	1.79e-169	597
NC_003074.8:13327434-13328624	NC_003070.9	93.043	345	23	1	1	345	3413553	3413896	4.01e-141	503
NC_003074.8:13327434-13328624	NC_003070.9	93.043	345	22	2	1	345	12876928	12876586	4.01e-141	503
NC_003074.8:13327434-13328624	NC_003070.9	92.442	344	23	3	1	342	28161034	28161376	1.12e-136	488
NC_003074.8:13327434-13328624	NC_003070.9	93.361	241	14	2	927	1166	30253364	30253125	1.19e-96	355
NC_003074.8:13327434-13328624	NC_003070.9	93.939	231	10	4	1	231	18790103	18790329	7.14e-94	346
NC_003074.8:13327434-13328624	NC_003070.9	90.421	261	22	2	4	264	19769830	19769573	3.32e-92	340
NC_003074.8:13327434-13328624	NC_003070.9	95.455	198	8	1	148	345	16998396	16998200	2.01e-84	315
NC_003074.8:13327434-13328624	NC_003070.9	96.277	188	6	1	159	345	9817151	9817338	3.37e-82	307
NC_003074.8:13327434-13328624	NC_003070.9	95.213	188	8	1	159	345	26170521	26170334	7.30e-79	296
NC_003074.8:13327434-13328624	NC_003070.9	94.681	188	9	1	159	345	9866468	9866281	3.40e-77	291
NC_003074.8:13327434-13328624	NC_003070.9	94.652	187	8	2	159	345	30254567	30254383	1.22e-76	289
NC_003074.8:13327434-13328624	NC_003070.9	94.149	188	9	2	159	345	13059763	13059949	1.58e-75	285
NC_003074.8:13327434-13328624	NC_003070.9	94.149	188	10	1	159	345	17900819	17901006	1.58e-75	285
NC_003074.8:13327434-13328624	NC_003070.9	93.085	188	11	2	159	345	30252166	30251980	3.42e-72	274
NC_003074.8:13327434-13328624	NC_003070.9	93.478	184	11	1	159	342	22621779	22621597	1.23e-71	272
NC_003074.8:13327434-13328624	NC_003070.9	92.935	184	12	1	159	342	12329113	12328931	5.72e-70	267
NC_003074.8:13327434-13328624	NC_003070.9	92.935	184	12	1	159	342	22993120	22992938	5.72e-70	267
NC_003074.8:13327434-13328624	NC_003070.9	92.935	184	5	1	159	342	16904733	16904908	2.66e-68	261
NC_003074.8:13327434-13328624	NC_003070.9	90.816	196	10	1	147	342	500456	500269	1.24e-66	255
NC_003074.8:13327434-13328624	NC_003070.9	92.432	185	5	2	159	343	8115710	8115885	1.24e-66	255
NC_003074.8:13327434-13328624	NC_003070.9	90.500	200	10	2	147	345	13016979	13016788	1.24e-66	255
NC_003074.8:13327434-13328624	NC_003070.9	90.500	200	9	3	147	345	22450867	22451057	1.24e-66	255
NC_003074.8:13327434-13328624	NC_003070.9	90.452	199	10	2	147	345	15940039	15940228	4.45e-66	254
NC_003074.8:13327434-13328624	NC_003070.9	91.005	189	8	2	155	342	11700592	11700772	7.45e-64	246
NC_003074.8:13327434-13328624	NC_003070.9	90.909	187	9	1	159	345	11736466	11736288	2.68e-63	244
NC_003074.8:13327434-13328624	NC_003070.9	90.374	187	10	1	159	345	19994809	19994631	1.25e-61	239
NC_003074.8:13327434-13328624	NC_003070.9	92.593	162	4	1	181	342	18791754	18791907	9.71e-58	226
NC_003074.8:13327434-13328624	NC_003070.9	92.025	163	7	5	1	163	16998955	16998799	3.49e-57	224
NC_003074.8:13327434-13328624	NC_003070.9	95.652	138	6	0	358	495	500101	499964	1.26e-56	222
NC_003074.8:13327434-13328624	NC_003070.9	83.333	234	30	5	919	1149	22992159	22991932	3.52e-52	207
NC_003074.8:13327434-13328624	NC_003070.9	82.773	238	32	7	915	1149	30251209	30250978	4.55e-51	204
NC_003074.8:13327434-13328624	NC_003070.9	95.200	125	5	1	1026	1149	12328051	12327927	7.61e-49	196
NC_003074.8:13327434-13328624	NC_003070.9	95.200	125	5	1	1026	1149	22620714	22620590	7.61e-49	196
NC_003074.8:13327434-13328624	NC_003070.9	87.786	131	12	4	1023	1149	21739206	21739076	6.01e-35	150
NC_003074.8:13327434-13328624	NC_003070.9	86.719	128	15	2	1024	1149	4770242	4770115	3.62e-32	141
NC_003074.8:13327434-13328624	NC_003070.9	85.106	141	17	4	1023	1160	10021542	10021403	3.62e-32	141
NC_003074.8:13327434-13328624	NC_003070.9	84.496	129	18	2	1023	1149	9918581	9918453	1.01e-27	126
NC_003074.8:13327434-13328624	NC_003070.9	93.902	82	3	2	1	81	4785461	4785541	1.31e-26	122
NC_003074.8:13327434-13328624	NC_003070.9	93.827	81	5	0	1	81	8114770	8114850	1.31e-26	122
NC_003074.8:13327434-13328624	NC_003070.9	91.304	92	5	3	1	89	8490194	8490103	1.31e-26	122
NC_003074.8:13327434-13328624	NC_003070.9	91.304	92	5	2	1	89	9867414	9867323	1.31e-26	122
NC_003074.8:13327434-13328624	NC_003070.9	93.902	82	3	2	1	81	16903800	16903880	1.31e-26	122
NC_003074.8:13327434-13328624	NC_003070.9	93.827	81	5	0	1	81	18790927	18791007	1.31e-26	122
NC_003074.8:13327434-13328624	NC_003070.9	93.827	81	5	0	1	81	19061965	19062045	1.31e-26	122
NC_003074.8:13327434-13328624	NC_003070.9	93.827	81	5	0	1	81	19995734	19995654	1.31e-26	122
NC_003074.8:13327434-13328624	NC_003070.9	92.941	85	5	1	1	84	23554439	23554355	1.31e-26	122
NC_003074.8:13327434-13328624	NC_003070.9	93.827	81	5	0	1	81	30253107	30253027	1.31e-26	122
NC_003074.8:13327434-13328624	NC_003070.9	92.593	81	6	0	1	81	3910601	3910521	6.10e-25	117
NC_003074.8:13327434-13328624	NC_003070.9	92.593	81	6	0	1	81	7035191	7035271	6.10e-25	117
NC_003074.8:13327434-13328624	NC_003070.9	92.593	81	6	0	1	81	12330053	12329973	6.10e-25	117
NC_003074.8:13327434-13328624	NC_003070.9	90.217	92	6	2	1	89	12855993	12855902	6.10e-25	117
NC_003074.8:13327434-13328624	NC_003070.9	92.593	81	6	0	1	81	13058823	13058903	6.10e-25	117
NC_003074.8:13327434-13328624	NC_003070.9	90.217	92	5	3	1	89	14299842	14299752	6.10e-25	117
NC_003074.8:13327434-13328624	NC_003070.9	92.593	81	6	0	1	81	15939323	15939403	6.10e-25	117
NC_003074.8:13327434-13328624	NC_003070.9	92.593	81	6	0	1	81	16325444	16325524	6.10e-25	117
NC_003074.8:13327434-13328624	NC_003070.9	90.217	92	6	2	1	89	17552998	17552907	6.10e-25	117
NC_003074.8:13327434-13328624	NC_003070.9	90.217	92	6	2	1	89	19085099	19085190	6.10e-25	117
NC_003074.8:13327434-13328624	NC_003070.9	90.217	92	6	2	1	89	19173802	19173711	6.10e-25	117
NC_003074.8:13327434-13328624	NC_003070.9	92.593	81	6	0	1	81	23213666	23213746	6.10e-25	117
NC_003074.8:13327434-13328624	NC_003070.9	89.130	92	7	2	1	89	2235167	2235076	2.84e-23	111
NC_003074.8:13327434-13328624	NC_003070.9	91.358	81	7	0	1	81	9816210	9816290	2.84e-23	111
NC_003074.8:13327434-13328624	NC_003070.9	91.358	81	7	0	1	81	11699698	11699778	2.84e-23	111
NC_003074.8:13327434-13328624	NC_003070.9	91.358	81	7	0	1	81	11737393	11737313	2.84e-23	111
NC_003074.8:13327434-13328624	NC_003070.9	91.463	82	6	1	1	82	12364135	12364215	2.84e-23	111
NC_003074.8:13327434-13328624	NC_003070.9	91.463	82	6	1	1	82	16824518	16824598	2.84e-23	111
NC_003074.8:13327434-13328624	NC_003070.9	91.358	81	7	0	1	81	19466949	19466869	2.84e-23	111
NC_003074.8:13327434-13328624	NC_003070.9	90.588	85	6	2	1	84	19724755	19724838	2.84e-23	111
NC_003074.8:13327434-13328624	NC_003070.9	91.358	81	7	0	1	81	25963257	25963177	2.84e-23	111
NC_003074.8:13327434-13328624	NC_003070.9	91.358	81	7	0	1	81	26171480	26171400	2.84e-23	111
NC_003074.8:13327434-13328624	NC_003070.9	82.812	128	15	5	1023	1149	16858753	16858632	3.67e-22	108
NC_003074.8:13327434-13328624	NC_003070.9	91.139	79	7	0	1	79	22622305	22622227	3.67e-22	108
NC_003074.8:13327434-13328624	NC_003070.9	90.123	81	8	0	1	81	12564081	12564001	1.32e-21	106
NC_003074.8:13327434-13328624	NC_003070.9	88.764	89	7	2	4	89	18747045	18746957	1.32e-21	106
NC_003074.8:13327434-13328624	NC_003070.9	90.123	81	8	0	1	81	22449931	22450011	1.32e-21	106
NC_003074.8:13327434-13328624	NC_003070.9	81.679	131	18	6	1023	1149	20166799	20166671	4.75e-21	104
NC_003074.8:13327434-13328624	NC_003070.9	88.636	88	7	3	1	86	22994060	22993974	4.75e-21	104
NC_003074.8:13327434-13328624	NC_003070.9	82.540	126	15	5	1023	1147	26307384	26307503	4.75e-21	104
NC_003074.8:13327434-13328624	NC_003070.9	88.462	78	8	1	5	82	19329256	19329180	1.03e-17	93.5
NC_003074.8:13327434-13328624	NC_003070.9	86.420	81	11	0	1	81	3074944	3074864	1.33e-16	89.8
NC_003074.8:13327434-13328624	NC_003070.9	85.185	54	6	2	1097	1149	21103407	21103355	4.85e-06	54.7
NC_003074.8:13327434-13328624	NC_003076.8	90.819	1013	66	15	151	1149	15605668	15604669	0.0	1330
NC_003074.8:13327434-13328624	NC_003076.8	94.325	793	40	4	358	1149	15042922	15042134	0.0	1210
NC_003074.8:13327434-13328624	NC_003076.8	93.962	795	41	6	358	1149	24476081	24475291	0.0	1195
NC_003074.8:13327434-13328624	NC_003076.8	93.540	805	44	8	358	1159	9963736	9962937	0.0	1192
NC_003074.8:13327434-13328624	NC_003076.8	93.939	792	39	9	360	1149	11027112	11027896	0.0	1188
NC_003074.8:13327434-13328624	NC_003076.8	93.400	803	45	7	358	1158	20681103	20680307	0.0	1182
NC_003074.8:13327434-13328624	NC_003076.8	93.467	796	44	8	358	1150	16357755	16358545	0.0	1175
NC_003074.8:13327434-13328624	NC_003076.8	93.451	794	43	9	358	1149	8745411	8744625	0.0	1170
NC_003074.8:13327434-13328624	NC_003076.8	93.434	792	47	4	360	1149	19741303	19740515	0.0	1170
NC_003074.8:13327434-13328624	NC_003076.8	93.216	796	46	8	358	1150	1897365	1896575	0.0	1164
NC_003074.8:13327434-13328624	NC_003076.8	93.190	793	48	6	358	1149	5428743	5427956	0.0	1160
NC_003074.8:13327434-13328624	NC_003076.8	92.947	794	50	6	358	1149	17366334	17367123	0.0	1151
NC_003074.8:13327434-13328624	NC_003076.8	92.680	806	47	12	358	1157	17777012	17777811	0.0	1151
NC_003074.8:13327434-13328624	NC_003076.8	93.056	792	47	8	358	1147	24186612	24185827	0.0	1151
NC_003074.8:13327434-13328624	NC_003076.8	92.821	794	49	8	358	1149	4314079	4314866	0.0	1144
NC_003074.8:13327434-13328624	NC_003076.8	92.821	794	48	8	358	1149	8767017	8767803	0.0	1142
NC_003074.8:13327434-13328624	NC_003076.8	93.701	762	41	7	358	1116	18855128	18855885	0.0	1134
NC_003074.8:13327434-13328624	NC_003076.8	92.413	804	45	5	360	1149	22231753	22230952	0.0	1133
NC_003074.8:13327434-13328624	NC_003076.8	93.032	775	46	7	379	1149	4780980	4780210	0.0	1125
NC_003074.8:13327434-13328624	NC_003076.8	92.211	796	54	8	358	1149	14081554	14080763	0.0	1120
NC_003074.8:13327434-13328624	NC_003076.8	93.185	763	42	6	358	1114	5977544	5976786	0.0	1112
NC_003074.8:13327434-13328624	NC_003076.8	91.256	812	53	10	358	1155	8354002	8353195	0.0	1090
NC_003074.8:13327434-13328624	NC_003076.8	95.000	660	29	3	2	660	9591748	9592404	0.0	1033
NC_003074.8:13327434-13328624	NC_003076.8	95.652	644	26	2	2	645	20280646	20280005	0.0	1033
NC_003074.8:13327434-13328624	NC_003076.8	92.701	685	44	5	358	1040	14149994	14149314	0.0	983
NC_003074.8:13327434-13328624	NC_003076.8	88.571	805	47	25	358	1159	21531157	21531919	0.0	935
NC_003074.8:13327434-13328624	NC_003076.8	94.482	598	28	5	557	1152	7153775	7153181	0.0	917
NC_003074.8:13327434-13328624	NC_003076.8	94.186	602	30	4	549	1149	25905018	25905615	0.0	913
NC_003074.8:13327434-13328624	NC_003076.8	92.829	502	34	2	159	660	17617744	17617245	0.0	726
NC_003074.8:13327434-13328624	NC_003076.8	92.901	493	28	7	658	1149	21776273	21775787	0.0	710
NC_003074.8:13327434-13328624	NC_003076.8	91.935	496	35	5	658	1152	15576667	15576176	0.0	689
NC_003074.8:13327434-13328624	NC_003076.8	88.427	553	33	16	358	907	10714928	10715452	0.0	638
NC_003074.8:13327434-13328624	NC_003076.8	89.613	491	35	11	706	1191	9134290	9134769	2.29e-173	610
NC_003074.8:13327434-13328624	NC_003076.8	92.671	423	27	3	728	1149	21584595	21584176	2.97e-172	606
NC_003074.8:13327434-13328624	NC_003076.8	93.580	405	19	6	747	1149	17796537	17796138	1.79e-169	597
NC_003074.8:13327434-13328624	NC_003076.8	95.029	342	17	0	1	342	5978053	5977712	1.10e-151	538
NC_003074.8:13327434-13328624	NC_003076.8	94.798	346	15	3	1	345	15043428	15043085	3.95e-151	536
NC_003074.8:13327434-13328624	NC_003076.8	93.913	345	21	0	1	345	24476591	24476247	1.11e-146	521
NC_003074.8:13327434-13328624	NC_003076.8	93.043	345	24	0	1	345	9133953	9134297	1.11e-141	505
NC_003074.8:13327434-13328624	NC_003076.8	93.064	346	22	2	1	345	22232264	22231920	1.11e-141	505
NC_003074.8:13327434-13328624	NC_003076.8	92.775	346	24	1	1	345	8354510	8354165	5.18e-140	499
NC_003074.8:13327434-13328624	NC_003076.8	92.982	342	24	0	1	342	21777032	21776691	5.18e-140	499
NC_003074.8:13327434-13328624	NC_003076.8	92.398	342	26	0	1	342	15577425	15577084	1.12e-136	488
NC_003074.8:13327434-13328624	NC_003076.8	91.618	346	26	3	1	345	10714424	10714767	8.73e-133	475
NC_003074.8:13327434-13328624	NC_003076.8	89.239	381	26	12	784	1155	25264968	25265342	6.80e-129	462
NC_003074.8:13327434-13328624	NC_003076.8	91.852	270	22	0	1	270	25904732	25905001	2.53e-103	377
NC_003074.8:13327434-13328624	NC_003076.8	94.059	202	12	0	358	559	15576918	15576717	3.37e-82	307
NC_003074.8:13327434-13328624	NC_003076.8	93.069	202	14	0	358	559	21776524	21776323	7.30e-79	296
NC_003074.8:13327434-13328624	NC_003076.8	94.149	188	9	2	159	345	4313474	4313660	1.58e-75	285
NC_003074.8:13327434-13328624	NC_003076.8	94.565	184	10	0	159	342	5429094	5428911	1.58e-75	285
NC_003074.8:13327434-13328624	NC_003076.8	94.149	188	9	2	159	345	8745759	8745573	1.58e-75	285
NC_003074.8:13327434-13328624	NC_003076.8	94.565	184	10	0	159	342	8766666	8766849	1.58e-75	285
NC_003074.8:13327434-13328624	NC_003076.8	94.149	188	10	1	159	345	14150343	14150156	1.58e-75	285
NC_003074.8:13327434-13328624	NC_003076.8	94.118	187	11	0	159	345	19741654	19741468	1.58e-75	285
NC_003074.8:13327434-13328624	NC_003076.8	94.022	184	10	1	159	342	20281045	20280863	2.64e-73	278
NC_003074.8:13327434-13328624	NC_003076.8	93.122	189	11	2	159	345	17365983	17366171	9.51e-73	276
NC_003074.8:13327434-13328624	NC_003076.8	93.048	187	13	0	159	345	4781290	4781104	3.42e-72	274
NC_003074.8:13327434-13328624	NC_003076.8	93.085	188	11	2	159	345	9591350	9591536	3.42e-72	274
NC_003074.8:13327434-13328624	NC_003076.8	93.085	188	12	1	159	345	20681453	20681266	3.42e-72	274
NC_003074.8:13327434-13328624	NC_003076.8	91.414	198	15	2	148	345	24186970	24186775	4.42e-71	270
NC_003074.8:13327434-13328624	NC_003076.8	93.048	187	4	2	159	345	9558551	9558374	2.06e-69	265
NC_003074.8:13327434-13328624	NC_003076.8	93.333	180	11	1	973	1151	10715445	10715624	2.06e-69	265
NC_003074.8:13327434-13328624	NC_003076.8	91.489	188	7	2	159	345	1897707	1897528	5.76e-65	250
NC_003074.8:13327434-13328624	NC_003076.8	91.444	187	8	1	159	345	9964077	9963899	5.76e-65	250
NC_003074.8:13327434-13328624	NC_003076.8	90.256	195	10	2	151	345	16357407	16357592	7.45e-64	246
NC_003074.8:13327434-13328624	NC_003076.8	89.796	196	11	2	147	342	17776658	17776844	9.64e-63	243
NC_003074.8:13327434-13328624	NC_003076.8	90.476	189	8	3	159	345	14081897	14081717	3.47e-62	241
NC_003074.8:13327434-13328624	NC_003076.8	91.045	134	11	1	1029	1162	14143814	14143682	7.67e-44	180
NC_003074.8:13327434-13328624	NC_003076.8	87.097	155	16	3	1	154	13982135	13982286	1.28e-41	172
NC_003074.8:13327434-13328624	NC_003076.8	88.636	132	12	3	1023	1151	17043772	17043903	3.59e-37	158
NC_003074.8:13327434-13328624	NC_003076.8	88.636	132	10	5	1023	1149	22621309	22621178	1.29e-36	156
NC_003074.8:13327434-13328624	NC_003076.8	86.822	129	14	3	1024	1149	9557787	9557659	3.62e-32	141
NC_003074.8:13327434-13328624	NC_003076.8	85.821	134	15	4	1023	1153	14810696	14810828	1.30e-31	139
NC_003074.8:13327434-13328624	NC_003076.8	85.000	140	17	4	1023	1159	26787234	26787096	1.30e-31	139
NC_003074.8:13327434-13328624	NC_003076.8	93.827	81	5	0	1	81	7154439	7154359	1.31e-26	122
NC_003074.8:13327434-13328624	NC_003076.8	93.827	81	5	0	1	81	8746701	8746621	1.31e-26	122
NC_003074.8:13327434-13328624	NC_003076.8	93.827	81	5	0	1	81	9559507	9559427	1.31e-26	122
NC_003074.8:13327434-13328624	NC_003076.8	93.827	81	5	0	1	81	9590410	9590490	1.31e-26	122
NC_003074.8:13327434-13328624	NC_003076.8	93.827	81	5	0	1	81	9965017	9964937	1.31e-26	122
NC_003074.8:13327434-13328624	NC_003076.8	93.827	81	5	0	1	81	14082835	14082755	1.31e-26	122
NC_003074.8:13327434-13328624	NC_003076.8	93.827	81	5	0	1	81	14151294	14151214	1.31e-26	122
NC_003074.8:13327434-13328624	NC_003076.8	93.827	81	5	0	1	81	15606601	15606521	1.31e-26	122
NC_003074.8:13327434-13328624	NC_003076.8	93.827	81	5	0	1	81	17796785	17796705	1.31e-26	122
NC_003074.8:13327434-13328624	NC_003076.8	93.827	81	5	0	1	81	18853952	18854032	1.31e-26	122
NC_003074.8:13327434-13328624	NC_003076.8	84.375	128	13	5	1023	1149	10041933	10041812	1.70e-25	119
NC_003074.8:13327434-13328624	NC_003076.8	90.217	92	6	2	1	89	354140	354231	6.10e-25	117
NC_003074.8:13327434-13328624	NC_003076.8	92.593	81	6	0	1	81	11025336	11025416	6.10e-25	117
NC_003074.8:13327434-13328624	NC_003076.8	92.683	82	5	1	1	82	17365025	17365105	6.10e-25	117
NC_003074.8:13327434-13328624	NC_003076.8	90.217	92	6	2	1	89	19931558	19931467	6.10e-25	117
NC_003074.8:13327434-13328624	NC_003076.8	92.593	81	6	0	1	81	21530089	21530169	6.10e-25	117
NC_003074.8:13327434-13328624	NC_003076.8	91.358	81	7	0	1	81	3020196	3020116	2.84e-23	111
NC_003074.8:13327434-13328624	NC_003076.8	91.358	81	7	0	1	81	13918790	13918710	2.84e-23	111
NC_003074.8:13327434-13328624	NC_003076.8	89.130	92	7	2	1	89	25264511	25264602	2.84e-23	111
NC_003074.8:13327434-13328624	NC_003076.8	95.652	69	2	1	278	345	18854899	18854967	1.02e-22	110
NC_003074.8:13327434-13328624	NC_003076.8	90.123	81	8	0	1	81	19742617	19742537	1.32e-21	106
NC_003074.8:13327434-13328624	NC_003076.8	90.123	81	8	0	1	81	20281984	20281904	1.32e-21	106
NC_003074.8:13327434-13328624	NC_003076.8	88.043	92	8	2	1	89	20398218	20398309	1.32e-21	106
NC_003074.8:13327434-13328624	NC_003076.8	89.024	82	8	1	1	81	15342696	15342615	6.14e-20	100
NC_003074.8:13327434-13328624	NC_003076.8	86.813	91	9	2	2	89	19670802	19670892	2.21e-19	99.0
NC_003074.8:13327434-13328624	NC_003076.8	93.939	66	3	1	281	345	21530929	21530994	2.21e-19	99.0
NC_003074.8:13327434-13328624	NC_003076.8	92.188	64	5	0	18	81	17775746	17775809	3.70e-17	91.6
NC_003074.8:13327434-13328624	NC_003076.8	85.882	85	11	1	1066	1149	15882682	15882766	1.33e-16	89.8
