NC_003070.9:17404786-17405166	NC_003070.9	100.000	381	0	0	1	381	17405166	17404786	0.0	704
NC_003070.9:17404786-17405166	NC_003070.9	90.886	395	21	11	1	381	5658336	5657943	1.57e-145	516
NC_003070.9:17404786-17405166	NC_003070.9	89.286	392	30	5	1	381	17111176	17111566	4.44e-136	484
NC_003070.9:17404786-17405166	NC_003070.9	87.595	395	34	11	1	381	13408925	13409318	7.53e-124	444
NC_003070.9:17404786-17405166	NC_003070.9	87.124	233	19	3	1	224	16317645	16317875	1.36e-66	254
NC_003070.9:17404786-17405166	NC_003076.8	97.900	381	8	0	1	381	14732572	14732192	0.0	660
NC_003070.9:17404786-17405166	NC_003076.8	90.380	395	23	11	1	381	12090682	12090289	3.41e-142	505
NC_003070.9:17404786-17405166	NC_003076.8	89.922	387	31	7	1	381	7076324	7076708	2.65e-138	492
NC_003070.9:17404786-17405166	NC_003076.8	89.744	390	28	4	1	378	9754817	9755206	3.43e-137	488
NC_003070.9:17404786-17405166	NC_003074.8	90.281	391	23	11	4	380	17034300	17034689	5.70e-140	497
NC_003070.9:17404786-17405166	NC_003074.8	88.235	391	32	11	1	378	15977169	15976780	3.48e-127	455
NC_003070.9:17404786-17405166	NC_003074.8	87.755	392	31	9	1	380	10842972	10843358	2.71e-123	442
NC_003070.9:17404786-17405166	NC_003074.8	87.342	395	29	14	1	381	14286587	14286974	1.63e-120	433
NC_003070.9:17404786-17405166	NC_003074.8	83.163	392	45	10	1	381	10642668	10642287	3.66e-92	339
NC_003070.9:17404786-17405166	NC_003075.7	89.394	396	26	11	1	381	6065114	6065508	4.44e-136	484
NC_003070.9:17404786-17405166	NC_003075.7	89.362	376	23	8	1	364	6757325	6757695	9.67e-128	457
NC_003070.9:17404786-17405166	NC_003075.7	87.595	395	34	10	1	381	7236270	7236663	7.53e-124	444
NC_003070.9:17404786-17405166	NC_003075.7	87.532	393	29	14	1	380	18250060	18249675	1.26e-121	436
NC_003070.9:17404786-17405166	NC_003071.7	89.313	393	25	10	1	381	4085460	4085073	7.43e-134	477
NC_003070.9:17404786-17405166	NC_003071.7	88.861	395	27	11	1	380	5608200	5608592	1.24e-131	470
NC_003071.7:10406501-10407103	NC_003071.7	100.000	603	0	0	1	603	10406501	10407103	0.0	1114
NC_003071.7:10406501-10407103	NC_003071.7	94.108	611	23	7	1	600	19269200	19268592	0.0	917
NC_003071.7:10406501-10407103	NC_003071.7	94.977	219	10	1	1	219	11129218	11129001	4.58e-93	342
NC_003071.7:10406501-10407103	NC_003071.7	93.839	211	12	1	1	210	510988	511198	2.78e-85	316
NC_003071.7:10406501-10407103	NC_003071.7	93.023	215	14	1	1	215	2820420	2820633	3.59e-84	313
NC_003071.7:10406501-10407103	NC_003071.7	92.344	209	15	1	7	215	2735209	2735002	3.62e-79	296
NC_003071.7:10406501-10407103	NC_003071.7	88.837	215	11	3	1	215	4307703	4307502	7.94e-66	252
NC_003071.7:10406501-10407103	NC_003071.7	91.379	174	14	1	423	595	11128984	11128811	2.22e-61	237
NC_003071.7:10406501-10407103	NC_003071.7	92.453	106	7	1	489	594	511235	511339	2.98e-35	150
NC_003071.7:10406501-10407103	NC_003071.7	90.909	110	8	2	489	598	2820752	2820859	3.86e-34	147
NC_003071.7:10406501-10407103	NC_003071.7	92.929	99	6	1	489	587	6946488	6946585	4.99e-33	143
NC_003071.7:10406501-10407103	NC_003070.9	96.339	601	14	3	1	594	8375151	8374552	0.0	981
NC_003071.7:10406501-10407103	NC_003070.9	91.040	625	27	8	1	600	16822273	16822893	0.0	817
NC_003071.7:10406501-10407103	NC_003070.9	94.064	219	12	1	1	219	28750315	28750098	9.92e-90	331
NC_003071.7:10406501-10407103	NC_003070.9	93.607	219	13	1	1	219	16998811	16998594	4.61e-88	326
NC_003071.7:10406501-10407103	NC_003070.9	93.023	215	14	1	1	215	8723513	8723300	3.59e-84	313
NC_003071.7:10406501-10407103	NC_003070.9	93.750	208	11	2	13	219	18126616	18126822	1.29e-83	311
NC_003071.7:10406501-10407103	NC_003070.9	91.667	216	14	4	1	215	9062084	9062296	3.62e-79	296
NC_003071.7:10406501-10407103	NC_003070.9	94.118	187	9	1	410	594	16998582	16998396	2.82e-75	283
NC_003071.7:10406501-10407103	NC_003070.9	90.233	215	20	1	1	215	10652930	10652717	3.64e-74	279
NC_003071.7:10406501-10407103	NC_003070.9	91.351	185	15	1	410	594	28750083	28749900	7.94e-66	252
NC_003071.7:10406501-10407103	NC_003070.9	87.442	215	14	4	1	215	18287193	18287394	8.00e-61	235
NC_003071.7:10406501-10407103	NC_003070.9	84.746	177	7	9	418	594	11805943	11805787	4.95e-38	159
NC_003071.7:10406501-10407103	NC_003070.9	90.517	116	9	2	489	603	9062416	9062530	8.29e-36	152
NC_003071.7:10406501-10407103	NC_003070.9	92.453	106	7	1	489	594	13808504	13808608	2.98e-35	150
NC_003071.7:10406501-10407103	NC_003076.8	90.112	627	33	8	1	602	8808995	8809617	0.0	787
NC_003071.7:10406501-10407103	NC_003076.8	95.714	210	9	0	1	210	8178107	8177898	5.93e-92	339
NC_003071.7:10406501-10407103	NC_003076.8	94.521	219	11	1	1	219	18113642	18113859	2.13e-91	337
NC_003071.7:10406501-10407103	NC_003076.8	94.884	215	10	1	1	215	17438315	17438528	7.67e-91	335
NC_003071.7:10406501-10407103	NC_003076.8	94.393	214	10	2	6	219	13608301	13608512	1.28e-88	327
NC_003071.7:10406501-10407103	NC_003076.8	92.694	219	15	1	1	219	26233532	26233315	9.99e-85	315
NC_003071.7:10406501-10407103	NC_003076.8	93.596	203	11	2	9	210	14985224	14985023	7.78e-81	302
NC_003071.7:10406501-10407103	NC_003076.8	92.130	216	14	3	1	215	15213323	15213110	7.78e-81	302
NC_003071.7:10406501-10407103	NC_003076.8	88.991	218	22	2	2	219	16480782	16480997	7.89e-71	268
NC_003071.7:10406501-10407103	NC_003076.8	91.667	192	16	0	1	192	18147553	18147744	2.84e-70	267
NC_003071.7:10406501-10407103	NC_003076.8	89.062	192	18	3	410	600	26233300	26233111	8.00e-61	235
NC_003071.7:10406501-10407103	NC_003076.8	89.305	187	19	1	410	596	16481012	16481197	2.88e-60	233
NC_003071.7:10406501-10407103	NC_003076.8	92.857	154	9	1	442	595	18113853	18114004	6.23e-57	222
NC_003071.7:10406501-10407103	NC_003076.8	91.489	141	12	0	454	594	18147767	18147907	1.36e-48	195
NC_003071.7:10406501-10407103	NC_003076.8	93.269	104	6	1	492	595	15213000	15212898	8.29e-36	152
NC_003071.7:10406501-10407103	NC_003076.8	93.137	102	5	2	487	587	8177776	8177676	1.07e-34	148
NC_003071.7:10406501-10407103	NC_003076.8	91.860	86	6	1	487	572	17438646	17438730	8.40e-26	119
NC_003071.7:10406501-10407103	NC_003075.7	89.244	344	21	9	265	595	4905756	4905416	2.66e-115	416
NC_003071.7:10406501-10407103	NC_003075.7	94.884	215	10	1	1	215	4650110	4650323	7.67e-91	335
NC_003071.7:10406501-10407103	NC_003075.7	94.762	210	11	0	1	210	4909348	4909139	1.28e-88	327
NC_003071.7:10406501-10407103	NC_003075.7	93.023	215	14	1	1	215	4685638	4685851	3.59e-84	313
NC_003071.7:10406501-10407103	NC_003075.7	93.333	210	13	1	1	210	4906330	4906122	4.65e-83	309
NC_003071.7:10406501-10407103	NC_003075.7	92.558	215	15	1	1	215	12714136	12713923	1.67e-82	307
NC_003071.7:10406501-10407103	NC_003075.7	87.452	263	17	3	7	268	15592385	15592138	6.05e-77	289
NC_003071.7:10406501-10407103	NC_003075.7	93.519	108	7	0	453	560	4875849	4875742	1.38e-38	161
NC_003071.7:10406501-10407103	NC_003075.7	93.269	104	6	1	492	595	2316190	2316088	8.29e-36	152
NC_003071.7:10406501-10407103	NC_003075.7	92.453	106	7	1	489	594	4650443	4650547	2.98e-35	150
NC_003071.7:10406501-10407103	NC_003075.7	90.566	106	9	1	489	594	4685971	4686075	6.45e-32	139
NC_003071.7:10406501-10407103	NC_003074.8	95.735	211	9	0	1	211	16851842	16851632	1.65e-92	340
NC_003071.7:10406501-10407103	NC_003074.8	95.261	211	10	0	1	211	15642913	15643123	7.67e-91	335
NC_003071.7:10406501-10407103	NC_003074.8	94.884	215	10	1	1	215	18976720	18976933	7.67e-91	335
NC_003071.7:10406501-10407103	NC_003074.8	92.694	219	14	2	1	219	538781	538997	9.99e-85	315
NC_003071.7:10406501-10407103	NC_003074.8	92.093	215	16	1	1	215	15783155	15783368	7.78e-81	302
NC_003071.7:10406501-10407103	NC_003074.8	94.301	193	10	1	1	193	14785551	14785360	1.30e-78	294
NC_003071.7:10406501-10407103	NC_003074.8	91.905	210	17	0	1	210	19648580	19648371	1.30e-78	294
NC_003071.7:10406501-10407103	NC_003074.8	91.163	215	18	1	1	215	10791549	10791336	1.68e-77	291
NC_003071.7:10406501-10407103	NC_003074.8	91.803	183	15	0	409	591	539011	539193	6.14e-67	255
NC_003071.7:10406501-10407103	NC_003074.8	91.005	189	14	2	409	594	9767915	9768103	7.94e-66	252
NC_003071.7:10406501-10407103	NC_003074.8	93.519	108	6	1	487	594	16851511	16851405	4.95e-38	159
NC_003071.7:10406501-10407103	NC_003074.8	90.909	110	8	2	489	598	15783488	15783595	3.86e-34	147
NC_003071.7:10406501-10407103	NC_003074.8	91.262	103	8	1	492	594	19648244	19648143	6.45e-32	139
NC_003071.7:10406501-10407103	NC_003074.8	89.815	108	10	1	487	594	10908110	10908004	2.32e-31	137
NC_003071.7:10406501-10407103	NC_003074.8	98.246	57	1	0	153	209	10908289	10908233	3.04e-20	100
NC_003071.7:11285108-11287161	NC_003071.7	100.000	2054	0	0	1	2054	11287161	11285108	0.0	3794
NC_003071.7:11285108-11287161	NC_003071.7	95.641	1904	55	7	1	1900	17255233	17253354	0.0	3031
NC_003071.7:11285108-11287161	NC_003071.7	94.022	1907	79	11	1	1900	499985	501863	0.0	2857
NC_003071.7:11285108-11287161	NC_003071.7	93.228	1905	78	25	1	1900	13908721	13906863	0.0	2756
NC_003071.7:11285108-11287161	NC_003071.7	94.390	1747	83	11	160	1900	396518	394781	0.0	2669
NC_003071.7:11285108-11287161	NC_003071.7	92.012	1928	92	25	1	1900	13266915	13268808	0.0	2651
NC_003071.7:11285108-11287161	NC_003071.7	91.938	1935	91	16	1	1900	12800994	12802898	0.0	2649
NC_003071.7:11285108-11287161	NC_003071.7	92.073	1905	84	13	1	1891	12094425	12092574	0.0	2619
NC_003071.7:11285108-11287161	NC_003071.7	91.710	1930	90	19	1	1900	6925377	6923488	0.0	2614
NC_003071.7:11285108-11287161	NC_003071.7	93.376	1404	58	12	1	1399	13338077	13336704	0.0	2045
NC_003071.7:11285108-11287161	NC_003071.7	91.713	1436	71	18	1	1428	707442	708837	0.0	1949
NC_003071.7:11285108-11287161	NC_003071.7	92.621	1057	52	3	1	1056	7154736	7153705	0.0	1496
NC_003071.7:11285108-11287161	NC_003071.7	93.497	938	50	9	966	1898	7814534	7813603	0.0	1384
NC_003071.7:11285108-11287161	NC_003071.7	92.072	946	60	8	966	1900	7169367	7168426	0.0	1317
NC_003071.7:11285108-11287161	NC_003071.7	93.848	829	42	8	1077	1900	6663102	6663926	0.0	1240
NC_003071.7:11285108-11287161	NC_003071.7	93.750	784	40	7	1121	1900	6803420	6804198	0.0	1168
NC_003071.7:11285108-11287161	NC_003071.7	93.275	803	35	6	1103	1900	543182	543970	0.0	1166
NC_003071.7:11285108-11287161	NC_003071.7	93.009	801	37	12	1103	1900	14334660	14335444	0.0	1151
NC_003071.7:11285108-11287161	NC_003071.7	91.109	866	33	6	1	848	14333785	14334624	0.0	1133
NC_003071.7:11285108-11287161	NC_003071.7	95.342	687	29	2	1215	1900	13336704	13336020	0.0	1088
NC_003071.7:11285108-11287161	NC_003071.7	89.758	869	39	22	1	848	542308	543147	0.0	1066
NC_003071.7:11285108-11287161	NC_003071.7	92.932	665	35	5	1237	1893	7960700	7961360	0.0	957
NC_003071.7:11285108-11287161	NC_003071.7	90.291	721	48	4	258	961	12556068	12555353	0.0	924
NC_003071.7:11285108-11287161	NC_003071.7	89.819	717	49	6	258	956	1460787	1460077	0.0	898
NC_003071.7:11285108-11287161	NC_003071.7	93.782	595	36	1	1307	1900	7112140	7112734	0.0	893
NC_003071.7:11285108-11287161	NC_003071.7	90.318	692	41	8	264	936	10468943	10468259	0.0	883
NC_003071.7:11285108-11287161	NC_003071.7	89.577	710	51	5	269	961	5466870	5466167	0.0	880
NC_003071.7:11285108-11287161	NC_003071.7	93.445	595	36	3	1307	1900	6101020	6100428	0.0	880
NC_003071.7:11285108-11287161	NC_003071.7	89.302	645	48	3	258	885	19196619	19195979	0.0	789
NC_003071.7:11285108-11287161	NC_003071.7	95.417	480	18	4	1422	1900	709400	709876	0.0	761
NC_003071.7:11285108-11287161	NC_003071.7	90.175	570	37	4	258	811	6099666	6100232	0.0	725
NC_003071.7:11285108-11287161	NC_003071.7	91.353	532	38	7	1372	1900	3213046	3212520	0.0	721
NC_003071.7:11285108-11287161	NC_003071.7	87.637	639	55	19	258	893	11399238	11398621	0.0	721
NC_003071.7:11285108-11287161	NC_003071.7	93.596	406	23	3	1497	1900	3564666	3565070	6.69e-171	603
NC_003071.7:11285108-11287161	NC_003071.7	95.486	288	12	1	1307	1594	4024558	4024844	1.53e-127	459
NC_003071.7:11285108-11287161	NC_003071.7	91.857	307	23	2	1307	1612	980261	979956	4.32e-118	427
NC_003071.7:11285108-11287161	NC_003071.7	90.164	244	14	3	966	1201	7959949	7960190	1.63e-82	309
NC_003071.7:11285108-11287161	NC_003071.7	85.053	281	17	17	1	279	11399377	11399120	1.29e-68	263
NC_003071.7:11285108-11287161	NC_003071.7	96.815	157	5	0	1889	2045	13906825	13906669	1.29e-68	263
NC_003071.7:11285108-11287161	NC_003071.7	92.973	185	4	3	966	1142	7111941	7112124	4.64e-68	261
NC_003071.7:11285108-11287161	NC_003071.7	95.679	162	6	1	1	162	1460925	1460765	1.67e-67	259
NC_003071.7:11285108-11287161	NC_003071.7	92.063	189	5	3	966	1146	4024359	4024545	6.00e-67	257
NC_003071.7:11285108-11287161	NC_003071.7	95.597	159	7	0	1889	2047	3212483	3212325	2.16e-66	255
NC_003071.7:11285108-11287161	NC_003071.7	84.397	282	18	12	1	279	6084090	6084348	7.76e-66	254
NC_003071.7:11285108-11287161	NC_003071.7	84.452	283	15	7	1	279	19196757	19196500	2.79e-65	252
NC_003071.7:11285108-11287161	NC_003071.7	84.397	282	15	7	1	279	6099530	6099785	1.00e-64	250
NC_003071.7:11285108-11287161	NC_003071.7	94.969	159	8	0	1889	2047	6663963	6664121	1.00e-64	250
NC_003071.7:11285108-11287161	NC_003071.7	93.827	162	10	0	1889	2050	17253316	17253155	4.67e-63	244
NC_003071.7:11285108-11287161	NC_003071.7	84.444	270	13	7	13	279	5843961	5843718	2.17e-61	239
NC_003071.7:11285108-11287161	NC_003071.7	90.761	184	8	2	966	1141	980459	980277	7.81e-61	237
NC_003071.7:11285108-11287161	NC_003071.7	93.711	159	9	1	1889	2047	7112771	7112928	7.81e-61	237
NC_003071.7:11285108-11287161	NC_003071.7	90.270	185	8	3	971	1147	6101214	6101032	1.01e-59	233
NC_003071.7:11285108-11287161	NC_003071.7	93.919	148	8	1	1	148	6384054	6383908	2.19e-56	222
NC_003071.7:11285108-11287161	NC_003071.7	93.836	146	9	0	1889	2034	6804236	6804381	7.87e-56	220
NC_003071.7:11285108-11287161	NC_003071.7	92.568	148	9	2	1	148	5467004	5466859	4.74e-53	211
NC_003071.7:11285108-11287161	NC_003071.7	93.023	129	7	2	1927	2054	4024869	4024996	7.98e-46	187
NC_003071.7:11285108-11287161	NC_003071.7	93.805	113	6	1	2	114	6101375	6101264	2.89e-40	169
NC_003071.7:11285108-11287161	NC_003071.7	90.076	131	9	4	966	1094	3213196	3213068	1.04e-39	167
NC_003071.7:11285108-11287161	NC_003071.7	92.174	115	9	0	966	1080	3564539	3564653	1.34e-38	163
NC_003071.7:11285108-11287161	NC_003071.7	93.396	106	7	0	966	1071	6661119	6661224	6.26e-37	158
NC_003071.7:11285108-11287161	NC_003071.7	87.786	131	12	3	1920	2047	13102231	13102360	1.05e-34	150
NC_003071.7:11285108-11287161	NC_003071.7	87.786	131	13	3	1920	2047	19623516	19623646	1.05e-34	150
NC_003071.7:11285108-11287161	NC_003071.7	86.567	134	14	4	1920	2050	1038178	1038046	4.87e-33	145
NC_003071.7:11285108-11287161	NC_003071.7	86.719	128	13	4	1924	2047	2139258	2139385	2.27e-31	139
NC_003071.7:11285108-11287161	NC_003071.7	85.926	135	12	4	1920	2047	15134638	15134772	8.15e-31	137
NC_003071.7:11285108-11287161	NC_003071.7	85.496	131	16	3	1920	2047	6206725	6206595	1.05e-29	134
NC_003071.7:11285108-11287161	NC_003071.7	93.258	89	5	1	1813	1900	3565124	3565212	1.36e-28	130
NC_003071.7:11285108-11287161	NC_003071.7	92.941	85	4	2	1817	1900	2962573	2962490	2.28e-26	122
NC_003071.7:11285108-11287161	NC_003071.7	93.827	81	5	0	1	81	3213354	3213274	2.28e-26	122
NC_003071.7:11285108-11287161	NC_003071.7	83.704	135	17	4	1920	2051	7340814	7340946	2.28e-26	122
NC_003071.7:11285108-11287161	NC_003071.7	93.827	81	4	1	1	81	7111784	7111863	8.21e-26	121
NC_003071.7:11285108-11287161	NC_003071.7	91.111	90	3	5	1	89	2962805	2962720	1.06e-24	117
NC_003071.7:11285108-11287161	NC_003071.7	91.765	85	5	2	1	85	3564382	3564464	1.06e-24	117
NC_003071.7:11285108-11287161	NC_003071.7	92.593	81	6	0	1	81	4024201	4024281	1.06e-24	117
NC_003071.7:11285108-11287161	NC_003071.7	90.909	88	6	2	1	88	7814691	7814606	1.06e-24	117
NC_003071.7:11285108-11287161	NC_003071.7	83.088	136	16	4	1913	2047	8907867	8907996	1.06e-24	117
NC_003071.7:11285108-11287161	NC_003071.7	93.590	78	3	2	1	77	7169524	7169448	3.82e-24	115
NC_003071.7:11285108-11287161	NC_003071.7	91.358	81	7	0	1	81	980617	980537	4.94e-23	111
NC_003071.7:11285108-11287161	NC_003071.7	92.208	77	6	0	966	1042	2962647	2962571	1.78e-22	110
NC_003071.7:11285108-11287161	NC_003071.7	95.588	68	3	0	26	93	12555280	12555213	1.78e-22	110
NC_003071.7:11285108-11287161	NC_003071.7	87.209	86	7	3	1963	2047	9585273	9585355	4.98e-18	95.3
NC_003071.7:11285108-11287161	NC_003071.7	89.583	48	5	0	2000	2047	7177637	7177590	5.05e-08	62.1
NC_003071.7:11285108-11287161	NC_003075.7	94.958	1904	65	8	1	1900	5541389	5539513	0.0	2955
NC_003071.7:11285108-11287161	NC_003075.7	94.179	1907	76	15	1	1900	11360870	11362748	0.0	2874
NC_003071.7:11285108-11287161	NC_003075.7	93.648	1905	86	10	1	1900	1349585	1351459	0.0	2815
NC_003071.7:11285108-11287161	NC_003075.7	93.494	1906	70	16	1	1900	8730453	8728596	0.0	2784
NC_003071.7:11285108-11287161	NC_003075.7	93.123	1905	81	14	1	1900	4146126	4147985	0.0	2747
NC_003071.7:11285108-11287161	NC_003075.7	92.636	1942	91	20	1	1900	8063577	8065508	0.0	2747
NC_003071.7:11285108-11287161	NC_003075.7	92.272	1928	89	12	1	1900	1002007	1000112	0.0	2680
NC_003071.7:11285108-11287161	NC_003075.7	91.274	1295	55	10	1	1266	10397385	10396120	0.0	1712
NC_003071.7:11285108-11287161	NC_003075.7	93.869	946	44	6	966	1900	11193412	11192470	0.0	1413
NC_003071.7:11285108-11287161	NC_003075.7	97.267	805	20	2	1097	1900	16864262	16863459	0.0	1363
NC_003071.7:11285108-11287161	NC_003075.7	92.585	944	54	8	966	1897	371928	370989	0.0	1341
NC_003071.7:11285108-11287161	NC_003075.7	92.275	945	55	10	966	1897	6166306	6165367	0.0	1325
NC_003071.7:11285108-11287161	NC_003075.7	94.517	839	22	6	1	839	16865070	16864256	0.0	1273
NC_003071.7:11285108-11287161	NC_003075.7	90.347	808	36	9	1	791	9763814	9763032	0.0	1022
NC_003071.7:11285108-11287161	NC_003075.7	89.963	807	41	13	1	791	9842608	9841826	0.0	1005
NC_003071.7:11285108-11287161	NC_003075.7	85.758	990	81	23	1	969	2622006	2621056	0.0	992
NC_003071.7:11285108-11287161	NC_003075.7	93.721	653	36	4	1250	1900	965061	964412	0.0	974
NC_003071.7:11285108-11287161	NC_003075.7	94.286	595	33	1	1307	1900	683570	684164	0.0	909
NC_003071.7:11285108-11287161	NC_003075.7	89.736	721	50	9	258	961	314144	313431	0.0	900
NC_003071.7:11285108-11287161	NC_003075.7	94.783	575	28	2	1328	1900	10396119	10395545	0.0	894
NC_003071.7:11285108-11287161	NC_003075.7	89.088	724	49	11	258	961	7060559	7059846	0.0	872
NC_003071.7:11285108-11287161	NC_003075.7	89.240	697	50	10	269	946	9438920	9439610	0.0	848
NC_003071.7:11285108-11287161	NC_003075.7	92.857	406	28	1	258	663	6178585	6178989	1.87e-166	588
NC_003071.7:11285108-11287161	NC_003075.7	91.768	413	28	6	255	664	6279132	6279541	6.78e-161	569
NC_003071.7:11285108-11287161	NC_003075.7	91.667	336	21	6	1569	1900	14390783	14390451	1.53e-127	459
NC_003071.7:11285108-11287161	NC_003075.7	92.308	312	13	4	963	1265	965643	965334	9.28e-120	433
NC_003071.7:11285108-11287161	NC_003075.7	86.181	398	26	13	1	394	3898130	3897758	7.28e-111	403
NC_003071.7:11285108-11287161	NC_003075.7	89.855	276	5	2	1	276	7853533	7853281	9.69e-90	333
NC_003071.7:11285108-11287161	NC_003075.7	93.689	206	11	2	1696	1900	7853284	7853080	5.87e-82	307
NC_003071.7:11285108-11287161	NC_003075.7	96.341	164	5	1	1889	2051	4148023	4148186	2.77e-70	268
NC_003071.7:11285108-11287161	NC_003075.7	96.875	160	5	0	1889	2048	5539475	5539316	2.77e-70	268
NC_003071.7:11285108-11287161	NC_003075.7	96.226	159	6	0	1889	2047	8065546	8065704	4.64e-68	261
NC_003071.7:11285108-11287161	NC_003075.7	96.226	159	6	0	1889	2047	16863421	16863263	4.64e-68	261
NC_003071.7:11285108-11287161	NC_003075.7	94.578	166	8	1	1889	2054	11192433	11192269	2.16e-66	255
NC_003071.7:11285108-11287161	NC_003075.7	94.444	162	7	1	1	162	5354114	5354273	3.61e-64	248
NC_003071.7:11285108-11287161	NC_003075.7	84.099	283	18	18	1	279	5354476	5354735	3.61e-64	248
NC_003071.7:11285108-11287161	NC_003075.7	91.005	189	7	3	966	1146	683371	683557	1.30e-63	246
NC_003071.7:11285108-11287161	NC_003075.7	93.865	163	9	1	1889	2051	8728558	8728397	4.67e-63	244
NC_003071.7:11285108-11287161	NC_003075.7	83.630	281	22	12	394	664	3897173	3896907	1.68e-62	243
NC_003071.7:11285108-11287161	NC_003075.7	93.711	159	10	0	1889	2047	370946	370788	2.17e-61	239
NC_003071.7:11285108-11287161	NC_003075.7	93.252	163	9	2	1	162	7060698	7060537	2.17e-61	239
NC_003071.7:11285108-11287161	NC_003075.7	93.210	162	9	2	1	162	6178448	6178607	7.81e-61	237
NC_003071.7:11285108-11287161	NC_003075.7	93.082	159	10	1	1889	2047	684201	684358	3.63e-59	231
NC_003071.7:11285108-11287161	NC_003075.7	92.568	148	10	1	1	148	9438785	9438931	4.74e-53	211
NC_003071.7:11285108-11287161	NC_003075.7	90.566	159	8	1	1889	2047	14390413	14390262	7.92e-51	204
NC_003071.7:11285108-11287161	NC_003075.7	87.037	162	7	2	1	162	314269	314122	8.04e-41	171
NC_003071.7:11285108-11287161	NC_003075.7	88.514	148	8	3	1	148	6279022	6279160	8.04e-41	171
NC_003071.7:11285108-11287161	NC_003075.7	86.260	131	15	2	1920	2047	15441781	15441651	2.27e-31	139
NC_003071.7:11285108-11287161	NC_003075.7	91.579	95	6	1	1497	1589	8802411	8802505	1.36e-28	130
NC_003071.7:11285108-11287161	NC_003075.7	93.902	82	3	2	1	81	2520884	2520964	2.28e-26	122
NC_003071.7:11285108-11287161	NC_003075.7	92.593	81	6	0	1	81	683213	683293	1.06e-24	117
NC_003071.7:11285108-11287161	NC_003075.7	91.358	81	7	0	1	81	372086	372006	4.94e-23	111
NC_003071.7:11285108-11287161	NC_003075.7	92.308	78	6	0	4	81	11193567	11193490	4.94e-23	111
NC_003071.7:11285108-11287161	NC_003075.7	81.618	136	18	4	1913	2047	963992	963863	2.30e-21	106
NC_003071.7:11285108-11287161	NC_003075.7	90.123	81	8	0	1	81	14390988	14390908	2.30e-21	106
NC_003071.7:11285108-11287161	NC_003075.7	87.654	81	10	0	1	81	6166464	6166384	4.98e-18	95.3
NC_003071.7:11285108-11287161	NC_003075.7	91.667	48	3	1	2001	2047	3359187	3359234	3.90e-09	65.8
NC_003071.7:11285108-11287161	NC_003076.8	94.541	1905	69	11	1	1900	9965017	9963143	0.0	2909
NC_003071.7:11285108-11287161	NC_003076.8	93.865	1907	79	19	1	1900	14082835	14080960	0.0	2839
NC_003071.7:11285108-11287161	NC_003076.8	93.574	1914	78	19	1	1900	8746701	8744819	0.0	2811
NC_003071.7:11285108-11287161	NC_003076.8	93.651	1890	84	13	18	1900	17775746	17777606	0.0	2793
NC_003071.7:11285108-11287161	NC_003076.8	93.179	1906	92	26	1	1900	16356475	16358348	0.0	2765
NC_003071.7:11285108-11287161	NC_003076.8	93.176	1905	93	12	1	1900	1898645	1896773	0.0	2763
NC_003071.7:11285108-11287161	NC_003076.8	92.642	1930	81	17	1	1900	8765709	8767607	0.0	2721
NC_003071.7:11285108-11287161	NC_003076.8	92.547	1932	83	17	1	1900	17365025	17366927	0.0	2713
NC_003071.7:11285108-11287161	NC_003076.8	92.272	1928	88	13	1	1900	20682406	20680512	0.0	2678
NC_003071.7:11285108-11287161	NC_003076.8	92.161	1939	84	13	2	1900	5430061	5428151	0.0	2676
NC_003071.7:11285108-11287161	NC_003076.8	92.068	1929	89	22	1	1900	14151294	14149401	0.0	2656
NC_003071.7:11285108-11287161	NC_003076.8	91.830	1934	97	16	1	1900	19742617	19740711	0.0	2639
NC_003071.7:11285108-11287161	NC_003076.8	91.701	1916	91	33	16	1900	24187899	24186021	0.0	2595
NC_003071.7:11285108-11287161	NC_003076.8	95.302	1341	38	15	1	1334	9559507	9558185	0.0	2104
NC_003071.7:11285108-11287161	NC_003076.8	93.076	1372	48	10	1	1359	20281984	20280647	0.0	1964
NC_003071.7:11285108-11287161	NC_003076.8	92.784	1372	52	14	1	1359	9590410	9591747	0.0	1941
NC_003071.7:11285108-11287161	NC_003076.8	93.682	1187	55	10	163	1336	4312671	4313850	0.0	1759
NC_003071.7:11285108-11287161	NC_003076.8	91.446	1286	51	18	1	1266	4782228	4780982	0.0	1711
NC_003071.7:11285108-11287161	NC_003076.8	93.733	1133	42	8	1	1131	15606601	15605496	0.0	1672
NC_003071.7:11285108-11287161	NC_003076.8	96.875	960	20	7	1	959	18853952	18854902	0.0	1598
NC_003071.7:11285108-11287161	NC_003076.8	93.285	1102	39	5	52	1144	17618634	17617559	0.0	1592
NC_003071.7:11285108-11287161	NC_003076.8	94.000	950	40	7	966	1900	22232106	22231159	0.0	1423
NC_003071.7:11285108-11287161	NC_003076.8	93.975	946	42	6	966	1900	15043270	15042329	0.0	1417
NC_003071.7:11285108-11287161	NC_003076.8	93.796	951	41	9	966	1900	5977895	5976947	0.0	1413
NC_003071.7:11285108-11287161	NC_003076.8	91.538	1040	50	10	175	1182	11025473	11026506	0.0	1399
NC_003071.7:11285108-11287161	NC_003076.8	96.984	829	23	2	1073	1900	18854895	18855722	0.0	1391
NC_003071.7:11285108-11287161	NC_003076.8	93.333	945	46	9	966	1897	24476433	24475493	0.0	1380
NC_003071.7:11285108-11287161	NC_003076.8	89.526	1098	52	23	966	2051	10714580	10715626	0.0	1332
NC_003071.7:11285108-11287161	NC_003076.8	91.929	954	52	11	966	1897	8354352	8353402	0.0	1312
NC_003071.7:11285108-11287161	NC_003076.8	93.142	802	47	6	1102	1900	4313875	4314671	0.0	1170
NC_003071.7:11285108-11287161	NC_003076.8	91.003	867	32	22	1	848	21530089	21530928	0.0	1127
NC_003071.7:11285108-11287161	NC_003076.8	94.391	731	36	4	1173	1900	11026974	11027702	0.0	1118
NC_003071.7:11285108-11287161	NC_003076.8	89.927	824	40	12	1080	1900	21530929	21531712	0.0	1022
NC_003071.7:11285108-11287161	NC_003076.8	85.423	981	68	28	1	947	9612591	9613530	0.0	950
NC_003071.7:11285108-11287161	NC_003076.8	92.151	688	29	4	1	686	7154439	7153775	0.0	948
NC_003071.7:11285108-11287161	NC_003076.8	90.125	719	46	7	258	958	8683118	8683829	0.0	911
NC_003071.7:11285108-11287161	NC_003076.8	89.847	719	49	7	258	958	7711270	7711982	0.0	902
NC_003071.7:11285108-11287161	NC_003076.8	89.944	716	49	5	258	956	14761045	14760336	0.0	902
NC_003071.7:11285108-11287161	NC_003076.8	93.709	604	34	3	1298	1900	15605466	15604866	0.0	902
NC_003071.7:11285108-11287161	NC_003076.8	89.058	722	51	10	260	961	15342559	15341846	0.0	870
NC_003071.7:11285108-11287161	NC_003076.8	88.658	723	57	8	258	961	13918658	13917942	0.0	857
NC_003071.7:11285108-11287161	NC_003076.8	93.206	574	38	1	1328	1900	4780980	4780407	0.0	843
NC_003071.7:11285108-11287161	NC_003076.8	93.648	551	23	4	968	1508	15577265	15576717	0.0	813
NC_003071.7:11285108-11287161	NC_003076.8	87.482	711	54	11	269	958	354275	354971	0.0	787
NC_003071.7:11285108-11287161	NC_003076.8	92.740	551	29	3	968	1508	21776872	21776323	0.0	785
NC_003071.7:11285108-11287161	NC_003076.8	88.992	645	49	4	258	885	5129697	5129058	0.0	778
NC_003071.7:11285108-11287161	NC_003076.8	88.992	645	50	3	258	885	19931420	19930780	0.0	778
NC_003071.7:11285108-11287161	NC_003076.8	88.170	634	47	9	344	958	19670974	19671598	0.0	730
NC_003071.7:11285108-11287161	NC_003076.8	95.202	396	17	2	1506	1900	7153775	7153381	1.43e-177	625
NC_003071.7:11285108-11287161	NC_003076.8	94.074	405	21	3	1497	1900	25905017	25905419	1.11e-173	612
NC_003071.7:11285108-11287161	NC_003076.8	93.092	304	19	2	1307	1609	9592102	9592404	4.29e-123	444
NC_003071.7:11285108-11287161	NC_003076.8	94.178	292	14	2	1610	1900	15576665	15576376	1.54e-122	442
NC_003071.7:11285108-11287161	NC_003076.8	91.830	306	24	1	1307	1612	17617546	17617242	1.55e-117	425
NC_003071.7:11285108-11287161	NC_003076.8	93.403	288	18	1	1307	1594	20280291	20280005	1.55e-117	425
NC_003071.7:11285108-11287161	NC_003076.8	87.335	379	21	6	1	377	4312436	4312789	1.56e-112	409
NC_003071.7:11285108-11287161	NC_003076.8	90.909	286	22	2	662	947	3019805	3019524	3.41e-104	381
NC_003071.7:11285108-11287161	NC_003076.8	91.429	280	20	2	679	958	20398316	20398591	3.41e-104	381
NC_003071.7:11285108-11287161	NC_003076.8	92.208	231	16	2	1671	1900	21584601	21584372	1.62e-87	326
NC_003071.7:11285108-11287161	NC_003076.8	88.768	276	7	3	1	276	17796785	17796534	9.75e-85	316
NC_003071.7:11285108-11287161	NC_003076.8	93.689	206	10	3	1696	1900	17796537	17796334	2.11e-81	305
NC_003071.7:11285108-11287161	NC_003076.8	96.250	160	6	0	1	160	17955555	17955714	1.29e-68	263
NC_003071.7:11285108-11287161	NC_003076.8	95.152	165	8	0	1889	2053	15042292	15042128	4.64e-68	261
NC_003071.7:11285108-11287161	NC_003076.8	95.597	159	7	0	1889	2047	7153342	7153184	2.16e-66	255
NC_003071.7:11285108-11287161	NC_003076.8	95.570	158	7	0	1	158	3020196	3020039	7.76e-66	254
NC_003071.7:11285108-11287161	NC_003076.8	95.597	159	6	1	1889	2047	17796295	17796138	7.76e-66	254
NC_003071.7:11285108-11287161	NC_003076.8	92.391	184	5	2	966	1141	20280489	20280307	7.76e-66	254
NC_003071.7:11285108-11287161	NC_003076.8	95.062	162	7	1	1	162	25264511	25264671	7.76e-66	254
NC_003071.7:11285108-11287161	NC_003076.8	94.969	159	8	0	1889	2047	15604827	15604669	1.00e-64	250
NC_003071.7:11285108-11287161	NC_003076.8	94.444	162	8	1	1	162	19931558	19931398	3.61e-64	248
NC_003071.7:11285108-11287161	NC_003076.8	84.043	282	17	9	1	279	5129834	5129578	1.30e-63	246
NC_003071.7:11285108-11287161	NC_003076.8	91.803	183	6	2	966	1140	9591905	9592086	1.30e-63	246
NC_003071.7:11285108-11287161	NC_003076.8	94.410	161	8	1	2	162	19670802	19670961	1.30e-63	246
NC_003071.7:11285108-11287161	NC_003076.8	93.865	163	8	2	1889	2051	8744781	8744621	4.67e-63	244
NC_003071.7:11285108-11287161	NC_003076.8	94.340	159	9	0	1889	2047	24475449	24475291	4.67e-63	244
NC_003071.7:11285108-11287161	NC_003076.8	92.941	170	9	3	1733	1900	25264968	25265136	4.67e-63	244
NC_003071.7:11285108-11287161	NC_003076.8	94.340	159	8	1	1889	2047	4314709	4314866	1.68e-62	243
NC_003071.7:11285108-11287161	NC_003076.8	93.827	162	9	1	1	162	14761183	14761023	1.68e-62	243
NC_003071.7:11285108-11287161	NC_003076.8	95.946	148	6	0	1	148	11025336	11025483	6.04e-62	241
NC_003071.7:11285108-11287161	NC_003076.8	93.252	163	11	0	1889	2051	24185983	24185821	6.04e-62	241
NC_003071.7:11285108-11287161	NC_003076.8	93.750	160	9	1	1889	2048	16358387	16358545	2.17e-61	239
NC_003071.7:11285108-11287161	NC_003076.8	93.711	159	9	1	1889	2047	5428113	5427956	7.81e-61	237
NC_003071.7:11285108-11287161	NC_003076.8	89.474	190	10	3	966	1147	9134111	9134298	3.63e-59	231
NC_003071.7:11285108-11287161	NC_003076.8	92.500	160	11	1	1889	2047	14080922	14080763	4.70e-58	228
NC_003071.7:11285108-11287161	NC_003076.8	94.040	151	8	1	1	150	15342696	15342546	4.70e-58	228
NC_003071.7:11285108-11287161	NC_003076.8	97.692	130	3	0	1889	2018	18855760	18855889	6.08e-57	224
NC_003071.7:11285108-11287161	NC_003076.8	93.243	148	9	1	1	148	354140	354286	1.02e-54	217
NC_003071.7:11285108-11287161	NC_003076.8	91.892	148	9	2	1	148	13918790	13918646	7.92e-51	204
NC_003071.7:11285108-11287161	NC_003076.8	89.937	159	14	1	1889	2047	21775943	21775787	7.92e-51	204
NC_003071.7:11285108-11287161	NC_003076.8	89.697	165	10	7	1889	2047	25265174	25265337	7.92e-51	204
NC_003071.7:11285108-11287161	NC_003076.8	94.355	124	7	0	1928	2051	14143813	14143690	6.17e-47	191
NC_003071.7:11285108-11287161	NC_003076.8	93.043	115	8	0	966	1080	25904890	25905004	2.89e-40	169
NC_003071.7:11285108-11287161	NC_003076.8	88.722	133	12	3	1920	2049	17043771	17043903	1.74e-37	159
NC_003071.7:11285108-11287161	NC_003076.8	95.918	98	3	1	1	98	20398218	20398314	6.26e-37	158
NC_003071.7:11285108-11287161	NC_003076.8	88.235	136	11	5	1920	2050	22621310	22621175	6.26e-37	158
NC_003071.7:11285108-11287161	NC_003076.8	86.822	129	14	3	1922	2047	9557787	9557659	6.30e-32	141
NC_003071.7:11285108-11287161	NC_003076.8	86.260	131	15	3	1920	2047	14810695	14810825	2.27e-31	139
NC_003071.7:11285108-11287161	NC_003076.8	85.926	135	14	5	1920	2051	26787235	26787103	2.27e-31	139
NC_003071.7:11285108-11287161	NC_003076.8	93.827	81	5	0	1	81	5978053	5977973	2.28e-26	122
NC_003071.7:11285108-11287161	NC_003076.8	84.091	132	14	4	1920	2050	10041934	10041809	8.21e-26	121
NC_003071.7:11285108-11287161	NC_003076.8	93.750	80	5	0	2	81	20280646	20280567	8.21e-26	121
NC_003071.7:11285108-11287161	NC_003076.8	92.683	82	4	2	1	81	9133953	9134033	1.06e-24	117
NC_003071.7:11285108-11287161	NC_003076.8	91.011	89	5	3	1	89	15043428	15043343	1.06e-24	117
NC_003071.7:11285108-11287161	NC_003076.8	92.500	80	6	0	2	81	9591748	9591827	3.82e-24	115
NC_003071.7:11285108-11287161	NC_003076.8	91.358	81	7	0	1	81	24476591	24476511	4.94e-23	111
NC_003071.7:11285108-11287161	NC_003076.8	95.312	64	3	0	1	64	10714424	10714487	2.97e-20	102
NC_003071.7:11285108-11287161	NC_003076.8	88.372	86	7	3	1	85	13982135	13982218	1.07e-19	100
NC_003071.7:11285108-11287161	NC_003076.8	85.882	85	11	1	1964	2047	15882682	15882766	2.31e-16	89.8
NC_003071.7:11285108-11287161	NC_003070.9	94.436	1905	72	13	1	1900	8114770	8116645	0.0	2900
NC_003071.7:11285108-11287161	NC_003070.9	93.358	1912	82	14	1	1900	13058823	13060701	0.0	2785
NC_003071.7:11285108-11287161	NC_003070.9	93.375	1902	73	15	1	1897	19995734	19993881	0.0	2765
NC_003071.7:11285108-11287161	NC_003070.9	93.156	1914	83	17	1	1900	22449931	22451810	0.0	2765
NC_003071.7:11285108-11287161	NC_003070.9	92.928	1909	78	14	1	1897	9816210	9818073	0.0	2724
NC_003071.7:11285108-11287161	NC_003070.9	95.321	1731	52	10	184	1898	16903946	16905663	0.0	2721
NC_003071.7:11285108-11287161	NC_003070.9	92.033	1933	92	16	1	1900	7035191	7037094	0.0	2660
NC_003071.7:11285108-11287161	NC_003070.9	91.969	1930	83	23	1	1900	26171480	26169593	0.0	2639
NC_003071.7:11285108-11287161	NC_003070.9	92.076	1893	88	19	14	1877	30255510	30253651	0.0	2608
NC_003071.7:11285108-11287161	NC_003070.9	92.246	1857	77	32	1	1837	11737393	11735584	0.0	2569
NC_003071.7:11285108-11287161	NC_003070.9	90.683	1932	101	19	1	1900	17899863	17901747	0.0	2497
NC_003071.7:11285108-11287161	NC_003070.9	90.378	1933	95	24	1	1900	9867414	9865540	0.0	2455
NC_003071.7:11285108-11287161	NC_003070.9	94.987	1536	68	6	359	1891	13017571	13016042	0.0	2401
NC_003071.7:11285108-11287161	NC_003070.9	92.616	1449	62	13	1	1444	501372	499964	0.0	2041
NC_003071.7:11285108-11287161	NC_003070.9	93.440	1372	56	13	536	1900	18791324	18792668	0.0	2004
NC_003071.7:11285108-11287161	NC_003070.9	93.440	1372	45	18	1	1359	30253107	30251768	0.0	1993
NC_003071.7:11285108-11287161	NC_003070.9	93.076	1372	49	9	1	1359	12330053	12328715	0.0	1965
NC_003071.7:11285108-11287161	NC_003070.9	95.947	1209	41	5	693	1900	15939781	15940982	0.0	1954
NC_003071.7:11285108-11287161	NC_003070.9	92.862	1373	50	21	1	1359	22994060	22992722	0.0	1949
NC_003071.7:11285108-11287161	NC_003070.9	90.944	1292	54	17	5	1268	19329256	19328000	0.0	1679
NC_003071.7:11285108-11287161	NC_003070.9	95.459	947	36	5	959	1900	11700589	11701533	0.0	1504
NC_003071.7:11285108-11287161	NC_003070.9	93.401	985	37	7	1	983	19061965	19062923	0.0	1434
NC_003071.7:11285108-11287161	NC_003070.9	93.891	933	29	4	1	932	11699698	11700603	0.0	1382
NC_003071.7:11285108-11287161	NC_003070.9	93.114	944	47	8	968	1900	3413713	3414649	0.0	1367
NC_003071.7:11285108-11287161	NC_003070.9	97.125	800	21	2	1102	1900	4786261	4787059	0.0	1349
NC_003071.7:11285108-11287161	NC_003070.9	94.923	847	38	3	286	1131	19062922	19063764	0.0	1321
NC_003071.7:11285108-11287161	NC_003070.9	91.130	947	58	12	966	1900	28161194	28162126	0.0	1260
NC_003071.7:11285108-11287161	NC_003070.9	93.727	829	44	8	1077	1900	19769011	19768186	0.0	1236
NC_003071.7:11285108-11287161	NC_003070.9	93.383	801	32	8	1103	1900	12563207	12562425	0.0	1166
NC_003071.7:11285108-11287161	NC_003070.9	93.142	802	37	5	1103	1900	12365009	12365796	0.0	1160
NC_003071.7:11285108-11287161	NC_003070.9	93.451	794	33	5	1103	1893	23214539	23215316	0.0	1160
NC_003071.7:11285108-11287161	NC_003070.9	93.142	802	36	6	1103	1900	16825388	16826174	0.0	1158
NC_003071.7:11285108-11287161	NC_003070.9	93.125	800	36	6	1106	1900	19466071	19465286	0.0	1155
NC_003071.7:11285108-11287161	NC_003070.9	92.919	805	35	8	1103	1900	16326318	16327107	0.0	1151
NC_003071.7:11285108-11287161	NC_003070.9	94.211	760	30	5	966	1714	16998385	16997629	0.0	1147
NC_003071.7:11285108-11287161	NC_003070.9	91.224	866	31	13	1	848	12364135	12364973	0.0	1136
NC_003071.7:11285108-11287161	NC_003070.9	91.109	866	28	8	1	848	16824518	16825352	0.0	1127
NC_003071.7:11285108-11287161	NC_003070.9	90.909	869	28	11	1	848	23213666	23214504	0.0	1120
NC_003071.7:11285108-11287161	NC_003070.9	93.430	761	36	5	966	1714	12876772	12876014	0.0	1116
NC_003071.7:11285108-11287161	NC_003070.9	96.823	661	19	2	175	834	4785598	4786257	0.0	1103
NC_003071.7:11285108-11287161	NC_003070.9	90.460	870	32	11	1	848	19466949	19466109	0.0	1099
NC_003071.7:11285108-11287161	NC_003070.9	90.300	866	39	24	1	848	12564081	12563243	0.0	1092
NC_003071.7:11285108-11287161	NC_003070.9	89.988	869	37	10	1	848	16325444	16326283	0.0	1077
NC_003071.7:11285108-11287161	NC_003070.9	86.058	997	76	25	1	965	16806989	16807954	0.0	1013
NC_003071.7:11285108-11287161	NC_003070.9	94.536	604	30	2	1298	1900	19063794	19064395	0.0	929
NC_003071.7:11285108-11287161	NC_003070.9	90.517	696	43	6	258	936	17552860	17552171	0.0	898
NC_003071.7:11285108-11287161	NC_003070.9	89.612	722	52	5	258	961	1977027	1976311	0.0	896
NC_003071.7:11285108-11287161	NC_003070.9	89.459	721	52	6	258	961	29320592	29319879	0.0	889
NC_003071.7:11285108-11287161	NC_003070.9	93.613	595	33	5	1307	1900	23876482	23877072	0.0	883
NC_003071.7:11285108-11287161	NC_003070.9	89.152	719	53	7	258	958	6736003	6736714	0.0	872
NC_003071.7:11285108-11287161	NC_003070.9	93.739	575	33	3	1327	1900	19328001	19327429	0.0	859
NC_003071.7:11285108-11287161	NC_003070.9	89.496	695	50	10	269	946	19085234	19085922	0.0	857
NC_003071.7:11285108-11287161	NC_003070.9	88.794	705	56	5	269	956	8291436	8290738	0.0	843
NC_003071.7:11285108-11287161	NC_003070.9	89.065	695	51	10	269	946	19173667	19172981	0.0	839
NC_003071.7:11285108-11287161	NC_003070.9	83.216	995	80	37	1	965	13262203	13261266	0.0	832
NC_003071.7:11285108-11287161	NC_003070.9	88.169	710	53	10	269	961	12855858	12855163	0.0	817
NC_003071.7:11285108-11287161	NC_003070.9	84.722	864	65	30	1	831	16806150	16806979	0.0	802
NC_003071.7:11285108-11287161	NC_003070.9	89.457	645	47	3	258	885	2235029	2234389	0.0	795
NC_003071.7:11285108-11287161	NC_003070.9	92.340	483	14	6	1	482	15939323	15939783	0.0	665
NC_003071.7:11285108-11287161	NC_003070.9	92.111	469	18	6	903	1359	22621842	22621381	0.0	643
NC_003071.7:11285108-11287161	NC_003070.9	90.631	491	22	2	1	490	22622305	22621838	3.07e-179	630
NC_003071.7:11285108-11287161	NC_003070.9	93.366	407	26	1	258	664	18746910	18746505	2.40e-170	601
NC_003071.7:11285108-11287161	NC_003070.9	93.781	402	14	6	1500	1900	499960	499569	4.02e-168	593
NC_003071.7:11285108-11287161	NC_003070.9	91.879	431	11	10	1	430	18790927	18791334	3.13e-164	580
NC_003071.7:11285108-11287161	NC_003070.9	94.767	344	15	3	1559	1900	25963004	25962662	8.90e-150	532
NC_003071.7:11285108-11287161	NC_003070.9	93.878	343	18	2	1559	1900	8489951	8489611	3.22e-144	514
NC_003071.7:11285108-11287161	NC_003070.9	87.143	420	31	5	556	958	23174140	23174553	1.98e-126	455
NC_003071.7:11285108-11287161	NC_003070.9	93.160	307	19	2	1307	1612	22992366	22992061	9.22e-125	449
NC_003071.7:11285108-11287161	NC_003070.9	91.489	329	15	4	1573	1900	18790338	18790654	5.55e-122	440
NC_003071.7:11285108-11287161	NC_003070.9	93.493	292	17	2	1307	1597	22621025	22620735	9.28e-120	433
NC_003071.7:11285108-11287161	NC_003070.9	91.531	307	24	2	1307	1612	30251412	30251107	2.01e-116	422
NC_003071.7:11285108-11287161	NC_003070.9	93.056	288	19	1	1307	1594	12328360	12328074	7.23e-116	420
NC_003071.7:11285108-11287161	NC_003070.9	89.130	276	7	2	1	276	23554439	23554187	2.10e-86	322
NC_003071.7:11285108-11287161	NC_003070.9	88.849	278	8	2	1	278	25963257	25963003	7.54e-86	320
NC_003071.7:11285108-11287161	NC_003070.9	94.660	206	9	2	1696	1900	23554190	23553986	2.71e-85	318
NC_003071.7:11285108-11287161	NC_003070.9	88.258	264	7	2	1	264	3910601	3910362	4.57e-78	294
NC_003071.7:11285108-11287161	NC_003070.9	93.478	184	3	2	966	1141	22992564	22992382	3.58e-69	265
NC_003071.7:11285108-11287161	NC_003070.9	85.106	282	15	6	1	279	17552998	17552741	1.29e-68	263
NC_003071.7:11285108-11287161	NC_003070.9	95.679	162	5	2	1	162	14299842	14299683	1.67e-67	259
NC_003071.7:11285108-11287161	NC_003070.9	96.226	159	5	1	1889	2047	19993838	19993681	1.67e-67	259
NC_003071.7:11285108-11287161	NC_003070.9	97.973	148	3	0	1	148	4785461	4785608	6.00e-67	257
NC_003071.7:11285108-11287161	NC_003070.9	95.625	160	7	0	1889	2048	19064434	19064593	6.00e-67	257
NC_003071.7:11285108-11287161	NC_003070.9	95.597	159	7	0	1889	2047	7037132	7037290	2.16e-66	255
NC_003071.7:11285108-11287161	NC_003070.9	95.597	159	7	0	1889	2047	23877110	23877268	2.16e-66	255
NC_003071.7:11285108-11287161	NC_003070.9	95.062	162	7	1	1	162	2235167	2235007	7.76e-66	254
NC_003071.7:11285108-11287161	NC_003070.9	95.597	159	6	1	1889	2047	8489571	8489414	7.76e-66	254
NC_003071.7:11285108-11287161	NC_003070.9	96.732	153	4	1	1	153	8490194	8490043	7.76e-66	254
NC_003071.7:11285108-11287161	NC_003070.9	95.031	161	8	0	1889	2049	16327145	16327305	7.76e-66	254
NC_003071.7:11285108-11287161	NC_003070.9	95.597	159	6	1	1889	2047	23553948	23553791	7.76e-66	254
NC_003071.7:11285108-11287161	NC_003070.9	94.969	159	8	0	1889	2047	18792706	18792864	1.00e-64	250
NC_003071.7:11285108-11287161	NC_003070.9	91.848	184	6	2	966	1141	12328558	12328376	3.61e-64	248
NC_003071.7:11285108-11287161	NC_003070.9	94.969	159	7	1	1889	2047	14308921	14308764	3.61e-64	248
NC_003071.7:11285108-11287161	NC_003070.9	94.969	159	7	1	4	162	18747045	18746888	3.61e-64	248
NC_003071.7:11285108-11287161	NC_003070.9	91.444	187	7	2	966	1144	30251610	30251425	3.61e-64	248
NC_003071.7:11285108-11287161	NC_003070.9	96.622	148	4	1	1	148	16903800	16903946	4.67e-63	244
NC_003071.7:11285108-11287161	NC_003070.9	94.340	159	9	0	1889	2047	19465248	19465090	4.67e-63	244
NC_003071.7:11285108-11287161	NC_003070.9	94.340	159	7	1	1889	2047	11701571	11701727	1.68e-62	243
NC_003071.7:11285108-11287161	NC_003070.9	91.304	184	7	2	966	1141	22621223	22621041	1.68e-62	243
NC_003071.7:11285108-11287161	NC_003070.9	93.750	160	10	0	1889	2048	16826212	16826371	6.04e-62	241
NC_003071.7:11285108-11287161	NC_003070.9	93.671	158	10	0	1	158	17009	17166	7.81e-61	237
NC_003071.7:11285108-11287161	NC_003070.9	93.711	159	9	1	1889	2047	22451848	22452005	7.81e-61	237
NC_003071.7:11285108-11287161	NC_003070.9	90.761	184	8	2	966	1141	23876284	23876466	7.81e-61	237
NC_003071.7:11285108-11287161	NC_003070.9	95.270	148	6	1	1	148	19085099	19085245	1.01e-59	233
NC_003071.7:11285108-11287161	NC_003070.9	92.073	164	13	0	1891	2054	12562385	12562222	3.63e-59	231
NC_003071.7:11285108-11287161	NC_003070.9	93.082	159	7	4	1889	2047	19327391	19327237	1.31e-58	230
NC_003071.7:11285108-11287161	NC_003070.9	94.595	148	7	1	1	148	19173802	19173656	4.70e-58	228
NC_003071.7:11285108-11287161	NC_003070.9	92.405	158	12	0	1	158	3074944	3074787	1.69e-57	226
NC_003071.7:11285108-11287161	NC_003070.9	93.919	148	8	1	1	148	12855993	12855847	2.19e-56	222
NC_003071.7:11285108-11287161	NC_003070.9	93.243	148	9	1	1	148	8291571	8291425	1.02e-54	217
NC_003071.7:11285108-11287161	NC_003070.9	91.195	159	13	1	1889	2047	25962622	25962465	3.66e-54	215
NC_003071.7:11285108-11287161	NC_003070.9	94.697	132	6	1	28	158	17255	17386	7.92e-51	204
NC_003071.7:11285108-11287161	NC_003070.9	96.032	126	4	1	1928	2053	13015969	13015845	7.92e-51	204
NC_003071.7:11285108-11287161	NC_003070.9	96.000	125	4	1	1924	2047	22992056	22991932	2.85e-50	202
NC_003071.7:11285108-11287161	NC_003070.9	94.615	130	5	2	1924	2052	22620714	22620586	1.02e-49	200
NC_003071.7:11285108-11287161	NC_003070.9	93.939	132	7	1	28	158	3074698	3074567	3.69e-49	198
NC_003071.7:11285108-11287161	NC_003070.9	95.200	125	5	1	1924	2047	12328051	12327927	1.33e-48	196
NC_003071.7:11285108-11287161	NC_003070.9	95.200	125	5	1	1924	2047	30251102	30250978	1.33e-48	196
NC_003071.7:11285108-11287161	NC_003070.9	81.467	259	22	5	24	279	29320708	29320473	2.22e-46	189
NC_003071.7:11285108-11287161	NC_003070.9	96.842	95	3	0	184	278	8490044	8489950	1.74e-37	159
NC_003071.7:11285108-11287161	NC_003070.9	86.131	137	15	4	1920	2053	10021543	10021408	4.87e-33	145
NC_003071.7:11285108-11287161	NC_003070.9	86.719	128	15	2	1922	2047	4770242	4770115	6.30e-32	141
NC_003071.7:11285108-11287161	NC_003070.9	86.364	132	14	4	1920	2047	21739207	21739076	6.30e-32	141
NC_003071.7:11285108-11287161	NC_003070.9	83.942	137	20	2	1920	2054	9918582	9918446	1.36e-28	130
NC_003071.7:11285108-11287161	NC_003070.9	93.750	80	5	0	2	81	30251767	30251688	8.21e-26	121
NC_003071.7:11285108-11287161	NC_003070.9	92.683	82	4	2	1	81	12876928	12876848	1.06e-24	117
NC_003071.7:11285108-11287161	NC_003070.9	92.593	81	6	0	1	81	18790103	18790183	1.06e-24	117
NC_003071.7:11285108-11287161	NC_003070.9	92.500	80	6	0	2	81	22992721	22992642	3.82e-24	115
NC_003071.7:11285108-11287161	NC_003070.9	92.500	80	5	1	2	81	12328714	12328636	1.37e-23	113
NC_003071.7:11285108-11287161	NC_003070.9	91.463	82	5	2	1	81	3413553	3413633	4.94e-23	111
NC_003071.7:11285108-11287161	NC_003070.9	82.353	136	17	4	1913	2047	16858761	16858632	4.94e-23	111
NC_003071.7:11285108-11287161	NC_003070.9	91.358	81	7	0	1	81	16998955	16998875	4.94e-23	111
NC_003071.7:11285108-11287161	NC_003070.9	81.481	135	19	6	1920	2050	20166800	20166668	2.30e-21	106
NC_003071.7:11285108-11287161	NC_003070.9	89.535	86	6	3	4	89	22621378	22621296	2.30e-21	106
NC_003071.7:11285108-11287161	NC_003070.9	82.677	127	15	4	1920	2045	26307383	26307503	2.30e-21	106
NC_003071.7:11285108-11287161	NC_003070.9	87.805	82	8	2	1	81	19724755	19724835	4.98e-18	95.3
NC_003071.7:11285108-11287161	NC_003070.9	84.906	53	8	0	1995	2047	21103407	21103355	8.44e-06	54.7
NC_003071.7:11285108-11287161	NC_003074.8	94.278	1905	76	13	1	1900	17277814	17275938	0.0	2883
NC_003071.7:11285108-11287161	NC_003074.8	92.913	1905	94	9	1	1893	15937286	15939161	0.0	2732
NC_003071.7:11285108-11287161	NC_003074.8	92.415	1938	80	22	1	1900	10821446	10819538	0.0	2702
NC_003071.7:11285108-11287161	NC_003074.8	92.546	1905	85	18	1	1900	20786399	20788251	0.0	2678
NC_003071.7:11285108-11287161	NC_003074.8	92.236	1919	72	31	1	1900	11535844	11537704	0.0	2647
NC_003071.7:11285108-11287161	NC_003074.8	91.658	1906	96	23	1	1900	22118613	22120461	0.0	2580
NC_003071.7:11285108-11287161	NC_003074.8	90.407	1918	96	49	1	1900	17144490	17142643	0.0	2442
NC_003071.7:11285108-11287161	NC_003074.8	92.111	1483	68	15	1	1479	5745923	5744486	0.0	2045
NC_003071.7:11285108-11287161	NC_003074.8	93.081	1373	58	21	535	1900	16562049	16563391	0.0	1975
NC_003071.7:11285108-11287161	NC_003074.8	92.930	1372	51	9	1	1359	17301278	17299940	0.0	1954
NC_003071.7:11285108-11287161	NC_003074.8	91.597	1190	47	23	710	1897	15452795	15451657	0.0	1594
NC_003071.7:11285108-11287161	NC_003074.8	93.031	947	44	13	966	1900	16419302	16420238	0.0	1363
NC_003071.7:11285108-11287161	NC_003074.8	92.925	947	47	8	966	1900	17730098	17731036	0.0	1360
NC_003071.7:11285108-11287161	NC_003074.8	96.925	813	20	4	1091	1900	16451587	16452397	0.0	1358
NC_003071.7:11285108-11287161	NC_003074.8	91.992	949	55	11	966	1900	17776928	17777869	0.0	1312
NC_003071.7:11285108-11287161	NC_003074.8	92.662	913	40	9	966	1867	11503603	11502707	0.0	1290
NC_003071.7:11285108-11287161	NC_003074.8	91.649	946	45	13	966	1900	9767475	9766553	0.0	1279
NC_003071.7:11285108-11287161	NC_003074.8	94.160	839	26	2	1	839	16450786	16451601	0.0	1256
NC_003071.7:11285108-11287161	NC_003074.8	93.009	801	39	4	1103	1900	17062368	17061582	0.0	1153
NC_003071.7:11285108-11287161	NC_003074.8	92.019	827	40	12	4	828	9386343	9385541	0.0	1138
NC_003071.7:11285108-11287161	NC_003074.8	92.145	802	33	6	1103	1900	7995800	7995025	0.0	1105
NC_003071.7:11285108-11287161	NC_003074.8	94.059	707	29	6	1019	1714	10320599	10321303	0.0	1061
NC_003071.7:11285108-11287161	NC_003074.8	95.223	628	23	4	809	1433	9385005	9384382	0.0	987
NC_003071.7:11285108-11287161	NC_003074.8	89.375	800	54	13	191	969	18746356	18747145	0.0	977
NC_003071.7:11285108-11287161	NC_003074.8	90.775	748	39	11	121	848	17063141	17062404	0.0	972
NC_003071.7:11285108-11287161	NC_003074.8	90.291	721	47	5	258	961	9559544	9558830	0.0	922
NC_003071.7:11285108-11287161	NC_003074.8	90.264	719	47	5	258	958	16879943	16880656	0.0	918
NC_003071.7:11285108-11287161	NC_003074.8	94.463	596	31	2	1307	1900	18019136	18019731	0.0	917
NC_003071.7:11285108-11287161	NC_003074.8	94.463	596	30	3	1307	1900	18412509	18413103	0.0	915
NC_003071.7:11285108-11287161	NC_003074.8	87.002	854	52	33	1	848	7996636	7995836	0.0	907
NC_003071.7:11285108-11287161	NC_003074.8	89.972	718	44	10	258	958	5622169	5622875	0.0	902
NC_003071.7:11285108-11287161	NC_003074.8	89.488	723	47	10	258	961	20485002	20484290	0.0	887
NC_003071.7:11285108-11287161	NC_003074.8	92.941	595	40	2	1307	1900	3965358	3965951	0.0	865
NC_003071.7:11285108-11287161	NC_003074.8	92.821	599	35	7	1307	1900	13327791	13328386	0.0	861
NC_003071.7:11285108-11287161	NC_003074.8	94.526	548	26	3	1354	1900	10556872	10556328	0.0	843
NC_003071.7:11285108-11287161	NC_003074.8	87.534	746	50	14	249	969	16173067	16172340	0.0	822
NC_003071.7:11285108-11287161	NC_003074.8	93.066	548	26	6	1354	1900	10575084	10574548	0.0	791
NC_003071.7:11285108-11287161	NC_003074.8	93.449	519	32	2	1328	1846	15485279	15484763	0.0	769
NC_003071.7:11285108-11287161	NC_003074.8	86.704	722	57	14	258	961	1371038	1370338	0.0	765
NC_003071.7:11285108-11287161	NC_003074.8	92.925	523	24	6	966	1478	11967811	11968330	0.0	749
NC_003071.7:11285108-11287161	NC_003074.8	93.377	453	25	5	1449	1900	5744486	5744038	0.0	665
NC_003071.7:11285108-11287161	NC_003074.8	93.839	422	21	2	1480	1900	9384378	9383961	3.07e-179	630
NC_003071.7:11285108-11287161	NC_003074.8	91.415	431	12	11	1	430	16561654	16562060	2.44e-160	568
NC_003071.7:11285108-11287161	NC_003074.8	93.930	313	6	4	966	1266	15485591	15485280	4.26e-128	460
NC_003071.7:11285108-11287161	NC_003074.8	92.810	306	21	1	1307	1612	17299583	17299279	1.54e-122	442
NC_003071.7:11285108-11287161	NC_003074.8	93.426	289	18	1	258	546	10862540	10862827	4.32e-118	427
NC_003071.7:11285108-11287161	NC_003074.8	91.857	307	13	4	966	1261	10557188	10556883	2.60e-115	418
NC_003071.7:11285108-11287161	NC_003074.8	90.852	317	16	5	966	1271	10575400	10575086	1.21e-113	412
NC_003071.7:11285108-11287161	NC_003074.8	89.143	350	7	6	1	342	11200624	11200950	5.63e-112	407
NC_003071.7:11285108-11287161	NC_003074.8	90.175	285	21	6	264	547	20487006	20486728	3.43e-99	364
NC_003071.7:11285108-11287161	NC_003074.8	87.770	278	11	2	1	278	18584738	18584992	7.59e-81	303
NC_003071.7:11285108-11287161	NC_003074.8	85.816	282	15	9	1	279	3716342	3716601	1.66e-72	276
NC_003071.7:11285108-11287161	NC_003074.8	96.933	163	5	0	1889	2051	17142605	17142443	5.95e-72	274
NC_003071.7:11285108-11287161	NC_003074.8	85.417	288	12	4	1307	1594	1571723	1571980	2.14e-71	272
NC_003071.7:11285108-11287161	NC_003074.8	96.296	162	5	1	1889	2050	5744000	5743840	3.58e-69	265
NC_003071.7:11285108-11287161	NC_003074.8	95.732	164	6	1	1889	2051	15451614	15451451	1.29e-68	263
NC_003071.7:11285108-11287161	NC_003074.8	95.679	162	6	1	1	162	20485140	20484980	1.67e-67	259
NC_003071.7:11285108-11287161	NC_003074.8	92.063	189	6	4	966	1146	1571523	1571710	6.00e-67	257
NC_003071.7:11285108-11287161	NC_003074.8	92.063	189	5	3	966	1146	17299782	17299596	6.00e-67	257
NC_003071.7:11285108-11287161	NC_003074.8	95.625	160	7	0	1889	2048	18019769	18019928	6.00e-67	257
NC_003071.7:11285108-11287161	NC_003074.8	91.534	189	6	3	966	1146	13327592	13327778	2.79e-65	252
NC_003071.7:11285108-11287161	NC_003074.8	84.342	281	19	8	1	279	17397300	17397043	2.79e-65	252
NC_003071.7:11285108-11287161	NC_003074.8	94.479	163	8	1	1889	2051	16563429	16563590	1.00e-64	250
NC_003071.7:11285108-11287161	NC_003074.8	94.969	159	8	0	1889	2047	17061544	17061386	1.00e-64	250
NC_003071.7:11285108-11287161	NC_003074.8	94.969	159	8	0	1889	2047	20788289	20788447	1.00e-64	250
NC_003071.7:11285108-11287161	NC_003074.8	84.229	279	18	17	4	279	9559680	9559425	3.61e-64	248
NC_003071.7:11285108-11287161	NC_003074.8	94.410	161	9	0	1889	2049	13328424	13328584	3.61e-64	248
NC_003071.7:11285108-11287161	NC_003074.8	93.333	165	10	1	1890	2054	17275899	17275736	1.68e-62	243
NC_003071.7:11285108-11287161	NC_003074.8	92.814	167	11	1	1889	2054	7994988	7994822	6.04e-62	241
NC_003071.7:11285108-11287161	NC_003074.8	90.811	185	7	3	966	1141	3965159	3965342	2.17e-61	239
NC_003071.7:11285108-11287161	NC_003074.8	93.125	160	10	1	1889	2047	3965988	3966147	1.01e-59	233
NC_003071.7:11285108-11287161	NC_003074.8	92.593	162	12	0	1	162	10862401	10862562	1.01e-59	233
NC_003071.7:11285108-11287161	NC_003074.8	94.118	153	9	0	1	153	20487142	20486990	1.01e-59	233
NC_003071.7:11285108-11287161	NC_003074.8	92.453	159	12	0	1889	2047	10574509	10574351	4.70e-58	228
NC_003071.7:11285108-11287161	NC_003074.8	88.889	189	10	4	966	1146	18412311	18412496	2.19e-56	222
NC_003071.7:11285108-11287161	NC_003074.8	88.421	190	11	4	966	1147	18018938	18019124	2.83e-55	219
NC_003071.7:11285108-11287161	NC_003074.8	91.195	159	1	3	1889	2047	16452435	16452580	7.92e-51	204
NC_003071.7:11285108-11287161	NC_003074.8	94.656	131	6	1	1924	2054	1572003	1572132	2.85e-50	202
NC_003071.7:11285108-11287161	NC_003074.8	93.382	136	9	0	1889	2024	11537742	11537877	2.85e-50	202
NC_003071.7:11285108-11287161	NC_003074.8	96.000	125	4	1	1924	2047	17299274	17299150	2.85e-50	202
NC_003071.7:11285108-11287161	NC_003074.8	96.610	118	2	2	1931	2047	10321325	10321441	4.77e-48	195
NC_003071.7:11285108-11287161	NC_003074.8	93.182	132	8	1	28	158	2630001	2629870	1.72e-47	193
NC_003071.7:11285108-11287161	NC_003074.8	79.618	314	26	19	1	280	16879751	16880060	6.17e-47	191
NC_003071.7:11285108-11287161	NC_003074.8	86.391	169	17	4	1889	2051	15939207	15939375	1.34e-43	180
NC_003071.7:11285108-11287161	NC_003074.8	96.939	98	3	0	1	98	17063229	17063132	3.74e-39	165
NC_003071.7:11285108-11287161	NC_003074.8	89.313	131	11	3	1920	2047	11132615	11132745	4.84e-38	161
NC_003071.7:11285108-11287161	NC_003074.8	86.620	142	16	3	1913	2051	8645202	8645343	8.09e-36	154
NC_003071.7:11285108-11287161	NC_003074.8	90.000	110	8	3	1	108	9890049	9890157	2.27e-31	139
NC_003071.7:11285108-11287161	NC_003074.8	91.176	102	8	1	61	162	16879865	16879965	8.15e-31	137
NC_003071.7:11285108-11287161	NC_003074.8	85.185	135	17	3	1920	2051	6729055	6728921	2.93e-30	135
NC_003071.7:11285108-11287161	NC_003074.8	93.407	91	5	1	1811	1900	11968331	11968421	1.05e-29	134
NC_003071.7:11285108-11287161	NC_003074.8	95.122	82	2	2	1	81	18018781	18018861	4.91e-28	128
NC_003071.7:11285108-11287161	NC_003074.8	95.062	81	2	2	2	81	17299939	17299860	1.76e-27	126
NC_003071.7:11285108-11287161	NC_003074.8	93.827	81	5	0	1	81	13327434	13327514	2.28e-26	122
NC_003071.7:11285108-11287161	NC_003074.8	93.827	81	5	0	1	81	18412154	18412234	2.28e-26	122
NC_003071.7:11285108-11287161	NC_003074.8	84.375	128	14	3	1920	2047	10681513	10681392	8.21e-26	121
NC_003071.7:11285108-11287161	NC_003074.8	90.909	88	7	1	37	124	10392129	10392215	1.06e-24	117
NC_003071.7:11285108-11287161	NC_003074.8	91.765	85	6	1	1	85	16419144	16419227	1.06e-24	117
NC_003071.7:11285108-11287161	NC_003074.8	98.438	64	1	0	1	64	10557346	10557283	1.37e-23	113
NC_003071.7:11285108-11287161	NC_003074.8	95.775	71	2	1	1831	1900	11200950	11201020	1.37e-23	113
NC_003071.7:11285108-11287161	NC_003074.8	89.888	89	6	3	1	89	9767629	9767544	4.94e-23	111
NC_003071.7:11285108-11287161	NC_003074.8	91.358	81	7	0	1	81	11503761	11503681	4.94e-23	111
NC_003071.7:11285108-11287161	NC_003074.8	91.358	81	7	0	1	81	17729940	17730020	4.94e-23	111
NC_003071.7:11285108-11287161	NC_003074.8	89.024	82	8	1	1	81	17776769	17776850	1.07e-19	100
NC_003071.7:11285108-11287161	NC_003074.8	93.478	46	2	1	1856	1900	8757570	8757615	1.08e-09	67.6
NC_003071.7:11285108-11287161	NC_003074.8	89.130	46	4	1	2003	2047	4274975	4274930	2.35e-06	56.5
NC_003071.7:10036535-10040019	NC_003071.7	100.000	3485	0	0	1	3485	10036535	10040019	0.0	6436
NC_003071.7:10036535-10040019	NC_003071.7	93.385	1164	47	11	812	1970	13065286	13066424	0.0	1696
NC_003071.7:10036535-10040019	NC_003071.7	94.239	1111	43	8	2388	3485	13067286	13068388	0.0	1677
NC_003071.7:10036535-10040019	NC_003071.7	92.755	773	44	7	1	765	13064508	13065276	0.0	1107
NC_003071.7:10036535-10040019	NC_003071.7	93.147	394	21	5	2108	2501	13067107	13067494	8.94e-162	573
NC_003071.7:10036535-10040019	NC_003071.7	90.932	397	32	3	2386	2781	1323552	1323945	5.46e-149	531
NC_003071.7:10036535-10040019	NC_003071.7	88.571	280	25	6	330	605	1322856	1323132	1.65e-89	333
NC_003071.7:10036535-10040019	NC_003071.7	92.488	213	13	3	2388	2597	10038823	10039035	4.66e-80	302
NC_003071.7:10036535-10040019	NC_003071.7	92.488	213	13	3	2289	2501	10038922	10039131	4.66e-80	302
NC_003071.7:10036535-10040019	NC_003071.7	89.140	221	19	4	2289	2509	1323554	1323769	1.31e-70	270
NC_003071.7:10036535-10040019	NC_003071.7	79.814	322	31	17	1	320	1321672	1321961	1.35e-50	204
NC_003071.7:10036535-10040019	NC_003071.7	90.071	141	13	1	2775	2915	1324247	1324386	6.33e-44	182
NC_003071.7:10036535-10040019	NC_003071.7	96.078	102	2	1	2010	2111	13066607	13066706	6.38e-39	165
NC_003071.7:10036535-10040019	NC_003071.7	87.500	136	9	4	2130	2258	1323341	1323475	1.79e-34	150
NC_003071.7:10036535-10040019	NC_003071.7	88.393	112	12	1	2487	2597	13067286	13067397	1.80e-29	134
NC_003071.7:10036535-10040019	NC_003071.7	85.965	114	13	3	2487	2597	10038823	10038936	5.04e-25	119
NC_003071.7:10036535-10040019	NC_003071.7	85.965	114	13	3	2289	2402	10039021	10039131	5.04e-25	119
NC_003071.7:10036535-10040019	NC_003071.7	83.607	122	15	4	2289	2410	1323653	1323769	3.03e-22	110
NC_003071.7:10036535-10040019	NC_003071.7	96.296	54	2	0	1968	2021	13066526	13066579	3.95e-16	89.8
NC_003071.7:10036535-10040019	NC_003076.8	97.007	1537	23	8	1968	3485	10160975	10162507	0.0	2562
NC_003071.7:10036535-10040019	NC_003076.8	94.004	934	26	10	1002	1922	10152043	10152959	0.0	1387
NC_003071.7:10036535-10040019	NC_003076.8	95.090	774	29	6	1	767	15198077	15197306	0.0	1210
NC_003071.7:10036535-10040019	NC_003076.8	96.507	687	23	1	139	824	10151281	10151967	0.0	1134
NC_003071.7:10036535-10040019	NC_003076.8	95.641	390	9	6	2490	2876	15194884	15194500	1.13e-175	619
NC_003071.7:10036535-10040019	NC_003076.8	94.611	334	17	1	812	1144	15197302	15196969	1.53e-144	516
NC_003071.7:10036535-10040019	NC_003076.8	92.560	336	13	7	1496	1829	15196726	15196401	3.36e-131	472
NC_003071.7:10036535-10040019	NC_003076.8	94.400	250	6	4	1202	1445	15196969	15196722	7.52e-103	377
NC_003071.7:10036535-10040019	NC_003076.8	92.558	215	11	4	2388	2597	10161295	10161509	1.30e-80	303
NC_003071.7:10036535-10040019	NC_003076.8	91.628	215	13	4	2289	2501	10161394	10161605	2.80e-77	292
NC_003071.7:10036535-10040019	NC_003076.8	81.879	298	21	13	2129	2423	15195022	15194755	1.34e-55	220
NC_003071.7:10036535-10040019	NC_003076.8	94.815	135	7	0	1836	1970	15196279	15196145	8.08e-53	211
NC_003071.7:10036535-10040019	NC_003076.8	97.458	118	3	0	1	118	10151178	10151295	4.86e-50	202
NC_003071.7:10036535-10040019	NC_003076.8	85.821	134	13	5	2391	2522	15194884	15194755	1.39e-30	137
NC_003071.7:10036535-10040019	NC_003076.8	97.403	77	2	0	858	934	10151965	10152041	6.47e-29	132
NC_003071.7:10036535-10040019	NC_003076.8	86.842	114	12	3	2487	2597	10161295	10161408	1.08e-26	124
NC_003071.7:10036535-10040019	NC_003076.8	85.965	114	13	3	2289	2402	10161495	10161605	5.04e-25	119
NC_003071.7:10036535-10040019	NC_003076.8	89.024	82	7	1	1239	1318	15196720	15196639	1.82e-19	100
NC_003071.7:10036535-10040019	NC_003074.8	93.908	1067	43	5	97	1159	16994740	16993692	0.0	1591
NC_003071.7:10036535-10040019	NC_003074.8	95.177	622	23	4	1215	1832	16993694	16993076	0.0	976
NC_003071.7:10036535-10040019	NC_003074.8	92.557	524	26	10	2967	3485	16993081	16992566	0.0	739
NC_003071.7:10036535-10040019	NC_003074.8	92.444	450	21	6	1	449	16995867	16995430	5.23e-179	630
NC_003071.7:10036535-10040019	NC_003074.8	92.697	356	22	3	97	449	16995435	16995081	7.11e-143	510
NC_003071.7:10036535-10040019	NC_003074.8	89.766	342	28	7	22	360	18725709	18725372	5.69e-119	431
NC_003071.7:10036535-10040019	NC_003074.8	92.058	277	21	1	1	276	18727103	18726827	3.48e-106	388
NC_003071.7:10036535-10040019	NC_003074.8	84.703	353	31	13	3141	3485	18724045	18723708	5.94e-89	331
NC_003071.7:10036535-10040019	NC_003070.9	86.242	1083	62	34	637	1673	17512195	17513236	0.0	1094
NC_003071.7:10036535-10040019	NC_003070.9	92.716	659	31	6	994	1649	19237028	19236384	0.0	935
NC_003071.7:10036535-10040019	NC_003070.9	89.344	610	46	5	1	605	19941385	19941980	0.0	749
NC_003071.7:10036535-10040019	NC_003070.9	89.180	610	47	5	1	605	10524718	10525313	0.0	743
NC_003071.7:10036535-10040019	NC_003070.9	88.772	570	50	11	2917	3485	19944834	19945390	0.0	686
NC_003071.7:10036535-10040019	NC_003070.9	88.522	575	47	14	2917	3485	9547703	9547142	0.0	678
NC_003071.7:10036535-10040019	NC_003070.9	88.246	570	54	10	2917	3485	10529111	10529668	0.0	669
NC_003071.7:10036535-10040019	NC_003070.9	87.709	537	24	6	2391	2915	9549542	9549036	3.19e-166	588
NC_003071.7:10036535-10040019	NC_003070.9	87.523	537	25	6	2391	2915	19942406	19942912	1.49e-164	582
NC_003071.7:10036535-10040019	NC_003070.9	87.337	537	24	7	2391	2915	12335177	12335681	2.49e-162	575
NC_003071.7:10036535-10040019	NC_003070.9	94.180	378	16	5	1	375	19237400	19237026	3.22e-161	571
NC_003071.7:10036535-10040019	NC_003070.9	88.223	467	24	4	2391	2856	10525739	10526175	1.96e-148	529
NC_003071.7:10036535-10040019	NC_003070.9	86.510	467	49	11	2917	3381	12338028	12338482	4.28e-140	501
NC_003071.7:10036535-10040019	NC_003070.9	95.918	294	9	3	1531	1821	19236384	19236091	9.33e-132	473
NC_003071.7:10036535-10040019	NC_003070.9	90.237	338	26	3	274	605	12334416	12334752	4.40e-120	435
NC_003071.7:10036535-10040019	NC_003070.9	88.060	335	25	7	274	605	9550288	9549966	1.62e-104	383
NC_003071.7:10036535-10040019	NC_003070.9	91.346	208	15	2	45	252	12620780	12620984	6.07e-74	281
NC_003071.7:10036535-10040019	NC_003070.9	90.995	211	16	3	2291	2501	19942405	19942612	6.07e-74	281
NC_003071.7:10036535-10040019	NC_003070.9	90.521	211	17	3	2291	2501	12335176	12335383	2.82e-72	276
NC_003071.7:10036535-10040019	NC_003070.9	90.047	211	18	3	2291	2501	9549543	9549336	1.31e-70	270
NC_003071.7:10036535-10040019	NC_003070.9	89.100	211	20	2	2291	2501	10525738	10525945	2.84e-67	259
NC_003071.7:10036535-10040019	NC_003070.9	92.614	176	13	0	2116	2291	12334952	12335127	1.32e-65	254
NC_003071.7:10036535-10040019	NC_003070.9	92.614	176	13	0	2116	2291	19942181	19942356	1.32e-65	254
NC_003071.7:10036535-10040019	NC_003070.9	91.573	178	15	0	2116	2293	10525514	10525691	2.21e-63	246
NC_003071.7:10036535-10040019	NC_003070.9	91.908	173	14	0	2119	2291	9549764	9549592	2.86e-62	243
NC_003071.7:10036535-10040019	NC_003070.9	88.636	176	17	3	15	187	12618481	12618656	8.08e-53	211
NC_003071.7:10036535-10040019	NC_003070.9	95.041	121	4	2	1850	1970	19235763	19235645	3.78e-46	189
NC_003071.7:10036535-10040019	NC_003070.9	86.503	163	18	4	1151	1313	19236616	19236458	2.95e-42	176
NC_003071.7:10036535-10040019	NC_003070.9	96.907	97	1	1	2010	2106	19235494	19235400	8.25e-38	161
NC_003071.7:10036535-10040019	NC_003070.9	84.906	159	18	4	1418	1576	17512714	17512866	3.84e-36	156
NC_003071.7:10036535-10040019	NC_003070.9	90.099	101	7	2	2011	2111	17513791	17513888	8.37e-28	128
NC_003071.7:10036535-10040019	NC_003070.9	95.833	72	3	0	1758	1829	17513235	17513306	1.81e-24	117
NC_003071.7:10036535-10040019	NC_003070.9	85.000	120	11	7	2490	2603	12335177	12335295	6.51e-24	115
NC_003071.7:10036535-10040019	NC_003070.9	85.714	112	11	5	2490	2597	19942406	19942516	2.34e-23	113
NC_003071.7:10036535-10040019	NC_003070.9	85.586	111	11	5	2490	2596	9549542	9549433	8.43e-23	111
NC_003071.7:10036535-10040019	NC_003070.9	84.821	112	12	5	2490	2597	10525739	10525849	1.09e-21	108
NC_003071.7:10036535-10040019	NC_003070.9	84.211	114	15	3	2289	2402	19942502	19942612	1.09e-21	108
NC_003071.7:10036535-10040019	NC_003070.9	86.957	92	10	2	1878	1968	17513537	17513627	5.07e-20	102
NC_003071.7:10036535-10040019	NC_003070.9	81.579	114	18	2	2289	2402	10525835	10525945	1.10e-16	91.6
NC_003071.7:10036535-10040019	NC_003070.9	98.039	51	1	0	1836	1886	17513420	17513470	3.95e-16	89.8
NC_003071.7:10036535-10040019	NC_003070.9	96.296	54	2	0	1968	2021	19235575	19235522	3.95e-16	89.8
NC_003071.7:10036535-10040019	NC_003075.7	85.806	310	33	7	2386	2686	7716947	7717254	4.63e-85	318
NC_003071.7:10036535-10040019	NC_003075.7	87.640	267	28	5	1579	1842	9493350	9493614	3.60e-81	305
NC_003071.7:10036535-10040019	NC_003075.7	85.593	236	26	6	2289	2522	7716949	7717178	1.03e-61	241
NC_003071.7:10036535-10040019	NC_003075.7	86.096	187	19	5	1129	1315	9493108	9493287	8.13e-48	195
NC_003071.7:10036535-10040019	NC_003075.7	89.216	102	8	2	2485	2584	7716947	7717047	1.08e-26	124
NC_003071.7:10036535-10040019	NC_003075.7	86.170	94	11	2	1878	1970	9493835	9493927	1.82e-19	100
NC_003071.7:10036535-10040019	NC_003075.7	91.071	56	4	1	1829	1884	9493713	9493767	1.11e-11	75.0
NC_003071.7:10018073-10020456	NC_003071.7	100.000	2384	0	0	1	2384	10018073	10020456	0.0	4403
NC_003071.7:10018073-10020456	NC_003071.7	96.732	2387	67	8	1	2384	6680829	6678451	0.0	3965
NC_003071.7:10018073-10020456	NC_003071.7	96.396	2386	69	6	1	2384	6855036	6852666	0.0	3914
NC_003071.7:10018073-10020456	NC_003071.7	96.170	2376	72	5	1	2361	8420556	8422927	0.0	3866
NC_003071.7:10018073-10020456	NC_003071.7	92.313	1535	63	29	77	1605	5872085	5870600	0.0	2130
NC_003071.7:10018073-10020456	NC_003071.7	82.971	1380	153	46	175	1514	3196026	3197363	0.0	1171
NC_003071.7:10018073-10020456	NC_003071.7	88.643	722	66	12	172	888	6205738	6206448	0.0	865
NC_003071.7:10018073-10020456	NC_003071.7	95.103	388	16	3	1998	2384	5869810	5869425	1.67e-172	608
NC_003071.7:10018073-10020456	NC_003071.7	94.051	353	20	1	1637	1988	6679030	6678678	2.88e-150	534
NC_003071.7:10018073-10020456	NC_003071.7	93.201	353	23	1	1805	2157	6679198	6678847	2.90e-145	518
NC_003071.7:10018073-10020456	NC_003071.7	93.429	350	22	1	1805	2154	8422203	8422551	2.90e-145	518
NC_003071.7:10018073-10020456	NC_003071.7	92.918	353	24	1	1637	1988	6853245	6852893	1.35e-143	512
NC_003071.7:10018073-10020456	NC_003071.7	93.143	350	23	1	1808	2157	6853410	6853062	1.35e-143	512
NC_003071.7:10018073-10020456	NC_003071.7	93.143	350	23	1	1637	1985	8422371	8422720	1.35e-143	512
NC_003071.7:10018073-10020456	NC_003071.7	92.330	352	22	5	1805	2154	10019709	10020057	1.36e-138	496
NC_003071.7:10018073-10020456	NC_003071.7	92.330	352	22	5	1637	1985	10019877	10020226	1.36e-138	496
NC_003071.7:10018073-10020456	NC_003071.7	80.055	722	97	30	1	714	4146747	4147429	1.76e-137	492
NC_003071.7:10018073-10020456	NC_003071.7	77.535	779	110	53	272	1030	4022553	4021820	1.82e-112	409
NC_003071.7:10018073-10020456	NC_003071.7	94.348	230	13	0	1919	2148	5870581	5870352	8.65e-96	353
NC_003071.7:10018073-10020456	NC_003071.7	88.848	269	23	7	766	1029	3197042	3197308	6.78e-87	324
NC_003071.7:10018073-10020456	NC_003071.7	98.137	161	3	0	507	667	7153706	7153546	4.14e-74	281
NC_003071.7:10018073-10020456	NC_003071.7	92.818	181	12	1	1640	1819	6678858	6678678	5.39e-68	261
NC_003071.7:10018073-10020456	NC_003071.7	92.818	181	12	1	1974	2154	8422203	8422382	5.39e-68	261
NC_003071.7:10018073-10020456	NC_003071.7	92.818	181	12	1	1637	1816	8422540	8422720	5.39e-68	261
NC_003071.7:10018073-10020456	NC_003071.7	91.713	181	14	1	1640	1819	6853073	6852893	1.17e-64	250
NC_003071.7:10018073-10020456	NC_003071.7	86.638	232	20	9	474	703	5871167	5870945	1.51e-63	246
NC_003071.7:10018073-10020456	NC_003071.7	90.761	184	16	1	1974	2157	6679198	6679016	5.43e-63	244
NC_003071.7:10018073-10020456	NC_003071.7	85.897	234	23	10	474	703	3196870	3197097	7.02e-62	241
NC_003071.7:10018073-10020456	NC_003071.7	91.875	160	13	0	1829	1988	5869810	5869651	7.07e-57	224
NC_003071.7:10018073-10020456	NC_003071.7	91.250	160	13	1	1661	1819	5869810	5869651	1.18e-54	217
NC_003071.7:10018073-10020456	NC_003071.7	86.154	195	23	2	1039	1229	6206035	6206229	7.12e-52	207
NC_003071.7:10018073-10020456	NC_003071.7	91.270	126	7	4	908	1029	6207325	6207200	3.36e-40	169
NC_003071.7:10018073-10020456	NC_003071.7	90.323	124	7	5	910	1029	4099142	4099020	7.28e-37	158
NC_003071.7:10018073-10020456	NC_003074.8	97.066	2386	65	5	1	2384	12661999	12659617	0.0	4013
NC_003071.7:10018073-10020456	NC_003074.8	94.282	1609	59	12	1	1605	10509520	10511099	0.0	2431
NC_003071.7:10018073-10020456	NC_003074.8	87.599	1895	120	45	1	1819	17070822	17068967	0.0	2091
NC_003071.7:10018073-10020456	NC_003074.8	97.140	979	28	0	1	979	16213447	16212469	0.0	1653
NC_003071.7:10018073-10020456	NC_003074.8	94.246	643	35	1	1744	2384	10511112	10511754	0.0	981
NC_003071.7:10018073-10020456	NC_003074.8	92.806	417	21	5	1974	2384	17069149	17068736	1.30e-168	595
NC_003071.7:10018073-10020456	NC_003074.8	93.768	353	21	1	1805	2157	12660363	12660012	1.34e-148	529
NC_003071.7:10018073-10020456	NC_003074.8	93.201	353	23	1	1637	1988	12660195	12659843	2.90e-145	518
NC_003071.7:10018073-10020456	NC_003074.8	90.571	350	32	1	1637	1985	10511173	10511522	1.38e-128	462
NC_003071.7:10018073-10020456	NC_003074.8	95.918	245	10	0	1913	2157	10511112	10511356	3.94e-109	398
NC_003071.7:10018073-10020456	NC_003074.8	92.391	184	13	1	1974	2157	12660363	12660181	5.39e-68	261
NC_003071.7:10018073-10020456	NC_003074.8	90.761	184	16	1	1805	1988	17069149	17068967	5.43e-63	244
NC_003071.7:10018073-10020456	NC_003074.8	84.959	246	24	11	461	703	10510518	10510753	9.08e-61	237
NC_003071.7:10018073-10020456	NC_003074.8	94.167	120	7	0	1	120	4289110	4288991	1.20e-44	183
NC_003071.7:10018073-10020456	NC_003076.8	96.896	2384	69	5	4	2384	26485402	26483021	0.0	3988
NC_003071.7:10018073-10020456	NC_003076.8	96.777	2389	69	7	1	2384	2603153	2605538	0.0	3978
NC_003071.7:10018073-10020456	NC_003076.8	96.188	2387	80	6	1	2384	13621995	13619617	0.0	3893
NC_003071.7:10018073-10020456	NC_003076.8	95.978	2387	79	11	1	2384	2189208	2186836	0.0	3860
NC_003071.7:10018073-10020456	NC_003076.8	95.849	2385	79	4	1	2384	3116667	3114302	0.0	3838
NC_003071.7:10018073-10020456	NC_003076.8	96.239	1994	61	9	1	1985	14846589	14848577	0.0	3254
NC_003071.7:10018073-10020456	NC_003076.8	94.224	1610	64	18	2	1605	15387839	15386253	0.0	2431
NC_003071.7:10018073-10020456	NC_003076.8	94.067	1618	60	19	1	1605	14002784	14004378	0.0	2423
NC_003071.7:10018073-10020456	NC_003076.8	93.606	1611	65	12	1	1605	13547011	13548589	0.0	2370
NC_003071.7:10018073-10020456	NC_003076.8	95.705	1234	40	6	1154	2384	19419668	19420891	0.0	1973
NC_003071.7:10018073-10020456	NC_003076.8	91.056	1051	47	23	1	1029	19418948	19419973	0.0	1376
NC_003071.7:10018073-10020456	NC_003076.8	93.912	887	29	6	1	882	10210112	10210978	0.0	1315
NC_003071.7:10018073-10020456	NC_003076.8	94.868	643	33	0	1742	2384	15386242	15385600	0.0	1005
NC_003071.7:10018073-10020456	NC_003076.8	94.844	640	33	0	1744	2383	10211397	10212036	0.0	1000
NC_003071.7:10018073-10020456	NC_003076.8	94.072	641	38	0	1744	2384	13548602	13549242	0.0	974
NC_003071.7:10018073-10020456	NC_003076.8	94.330	582	29	4	1805	2384	14848227	14848806	0.0	889
NC_003071.7:10018073-10020456	NC_003076.8	91.732	641	43	2	1744	2384	14004391	14005021	0.0	881
NC_003071.7:10018073-10020456	NC_003076.8	87.423	652	64	12	190	833	13608020	13607379	0.0	734
NC_003071.7:10018073-10020456	NC_003076.8	94.101	356	18	3	1253	1605	10211029	10211384	2.22e-151	538
NC_003071.7:10018073-10020456	NC_003076.8	94.000	350	20	1	1637	1985	19420313	19420662	1.34e-148	529
NC_003071.7:10018073-10020456	NC_003076.8	93.623	345	19	2	1805	2149	2187579	2187238	1.35e-143	512
NC_003071.7:10018073-10020456	NC_003076.8	92.676	355	25	1	1803	2157	3115051	3114698	4.85e-143	510
NC_003071.7:10018073-10020456	NC_003076.8	92.222	360	27	1	1637	1995	2604959	2605318	1.74e-142	508
NC_003071.7:10018073-10020456	NC_003076.8	92.857	350	24	1	1805	2154	2604791	2605139	6.27e-142	507
NC_003071.7:10018073-10020456	NC_003076.8	92.351	353	26	1	1637	1988	3114881	3114529	2.92e-140	501
NC_003071.7:10018073-10020456	NC_003076.8	92.351	353	26	1	1637	1988	26483600	26483248	2.92e-140	501
NC_003071.7:10018073-10020456	NC_003076.8	92.068	353	26	2	1637	1988	13620195	13619844	1.36e-138	496
NC_003071.7:10018073-10020456	NC_003076.8	92.068	353	27	1	1805	2157	13620363	13620012	1.36e-138	496
NC_003071.7:10018073-10020456	NC_003076.8	92.068	353	27	1	1805	2157	26483768	26483417	1.36e-138	496
NC_003071.7:10018073-10020456	NC_003076.8	92.000	350	27	1	1637	1985	10211458	10211807	6.32e-137	490
NC_003071.7:10018073-10020456	NC_003076.8	92.000	350	20	2	1805	2154	19420152	19420493	2.94e-135	484
NC_003071.7:10018073-10020456	NC_003076.8	91.218	353	30	1	1637	1988	15386179	15385827	1.37e-133	479
NC_003071.7:10018073-10020456	NC_003076.8	91.570	344	25	4	1647	1988	2187404	2187063	2.29e-131	472
NC_003071.7:10018073-10020456	NC_003076.8	90.000	350	34	1	1637	1985	13548663	13549012	2.98e-125	451
NC_003071.7:10018073-10020456	NC_003076.8	89.548	354	36	1	1637	1989	14004452	14004805	3.86e-124	448
NC_003071.7:10018073-10020456	NC_003076.8	95.510	245	11	0	1913	2157	10211397	10211641	1.83e-107	392
NC_003071.7:10018073-10020456	NC_003076.8	94.737	247	13	0	1911	2157	15386242	15385996	3.07e-105	385
NC_003071.7:10018073-10020456	NC_003076.8	94.286	245	14	0	1913	2157	13548602	13548846	1.85e-102	375
NC_003071.7:10018073-10020456	NC_003076.8	95.480	177	7	1	1974	2150	2187579	2187404	4.14e-74	281
NC_003071.7:10018073-10020456	NC_003076.8	92.818	181	12	1	1974	2154	2604791	2604970	5.39e-68	261
NC_003071.7:10018073-10020456	NC_003076.8	92.818	181	12	1	1637	1816	10211627	10211807	5.39e-68	261
NC_003071.7:10018073-10020456	NC_003076.8	91.099	191	16	1	1637	1826	2605128	2605318	6.97e-67	257
NC_003071.7:10018073-10020456	NC_003076.8	91.848	184	14	1	1974	2157	13620363	13620181	2.51e-66	255
NC_003071.7:10018073-10020456	NC_003076.8	91.803	183	12	2	1974	2154	14848227	14848408	3.24e-65	252
NC_003071.7:10018073-10020456	NC_003076.8	92.614	176	12	1	1637	1811	19420482	19420657	3.24e-65	252
NC_003071.7:10018073-10020456	NC_003076.8	91.304	184	15	1	1637	1819	26483431	26483248	1.17e-64	250
NC_003071.7:10018073-10020456	NC_003076.8	90.811	185	16	1	1637	1820	14004621	14004805	1.51e-63	246
NC_003071.7:10018073-10020456	NC_003076.8	91.160	181	15	1	1637	1816	14848397	14848577	5.43e-63	244
NC_003071.7:10018073-10020456	NC_003076.8	90.761	184	16	1	1637	1819	15386010	15385827	5.43e-63	244
NC_003071.7:10018073-10020456	NC_003076.8	85.306	245	21	12	465	703	13548005	13548240	2.53e-61	239
NC_003071.7:10018073-10020456	NC_003076.8	88.442	199	17	4	474	671	15386824	15386631	3.27e-60	235
NC_003071.7:10018073-10020456	NC_003076.8	90.055	181	17	1	1637	1816	13548832	13549012	1.18e-59	233
NC_003071.7:10018073-10020456	NC_003076.8	90.055	181	10	2	1974	2154	19420152	19420324	5.47e-58	228
NC_003071.7:10018073-10020456	NC_003076.8	89.683	126	9	4	908	1029	14658553	14658428	7.28e-37	158
NC_003071.7:10018073-10020456	NC_003070.9	96.690	2387	70	8	2	2384	11706451	11708832	0.0	3962
NC_003071.7:10018073-10020456	NC_003070.9	96.188	2387	84	7	1	2384	16593135	16590753	0.0	3897
NC_003071.7:10018073-10020456	NC_003070.9	95.687	2388	72	6	1	2384	7281722	7284082	0.0	3810
NC_003071.7:10018073-10020456	NC_003070.9	96.711	2159	57	10	1	2157	11410300	11408154	0.0	3581
NC_003071.7:10018073-10020456	NC_003070.9	95.856	2003	61	9	1	1985	20972073	20974071	0.0	3219
NC_003071.7:10018073-10020456	NC_003070.9	89.163	2030	126	32	1	1983	16987734	16989716	0.0	2444
NC_003071.7:10018073-10020456	NC_003070.9	93.172	1611	56	24	1	1605	16968238	16966676	0.0	2316
NC_003071.7:10018073-10020456	NC_003070.9	95.764	1204	39	5	1154	2353	759310	760505	0.0	1930
NC_003071.7:10018073-10020456	NC_003070.9	96.163	886	28	5	1	882	26781147	26780264	0.0	1443
NC_003071.7:10018073-10020456	NC_003070.9	90.961	1051	49	22	1	1029	758590	759616	0.0	1373
NC_003071.7:10018073-10020456	NC_003070.9	94.927	749	36	2	1637	2384	11408506	11407759	0.0	1171
NC_003071.7:10018073-10020456	NC_003070.9	87.287	999	56	34	525	1462	16261098	16262086	0.0	1075
NC_003071.7:10018073-10020456	NC_003070.9	93.906	640	39	0	1744	2383	16966663	16966024	0.0	966
NC_003071.7:10018073-10020456	NC_003070.9	94.810	578	27	2	1805	2382	20973725	20974299	0.0	898
NC_003071.7:10018073-10020456	NC_003070.9	93.793	580	36	0	1805	2384	16989369	16989948	0.0	872
NC_003071.7:10018073-10020456	NC_003070.9	92.424	462	34	1	1922	2382	26779722	26779261	0.0	658
NC_003071.7:10018073-10020456	NC_003070.9	92.214	411	31	1	1974	2384	16262144	16262553	3.64e-164	580
NC_003071.7:10018073-10020456	NC_003070.9	86.729	535	41	11	1	533	16259818	16260324	2.84e-160	568
NC_003071.7:10018073-10020456	NC_003070.9	94.051	353	20	1	1805	2157	11408674	11408323	2.88e-150	534
NC_003071.7:10018073-10020456	NC_003070.9	94.000	350	20	1	1805	2154	7283335	7283683	1.34e-148	529
NC_003071.7:10018073-10020456	NC_003070.9	93.575	358	18	4	1253	1605	26780214	26779857	1.34e-148	529
NC_003071.7:10018073-10020456	NC_003070.9	93.714	350	21	1	1637	1985	7283503	7283852	6.23e-147	523
NC_003071.7:10018073-10020456	NC_003070.9	93.429	350	22	1	1637	1985	759956	760305	2.90e-145	518
NC_003071.7:10018073-10020456	NC_003070.9	93.201	353	23	1	1637	1988	11408337	11407985	2.90e-145	518
NC_003071.7:10018073-10020456	NC_003070.9	93.429	350	22	1	1637	1985	11708253	11708602	2.90e-145	518
NC_003071.7:10018073-10020456	NC_003070.9	92.857	350	17	2	1805	2154	759795	760136	2.92e-140	501
NC_003071.7:10018073-10020456	NC_003070.9	92.351	353	26	1	1637	1988	16591332	16590980	2.92e-140	501
NC_003071.7:10018073-10020456	NC_003070.9	92.286	350	26	1	1805	2154	11708085	11708433	1.36e-138	496
NC_003071.7:10018073-10020456	NC_003070.9	92.442	344	25	1	1814	2157	16591491	16591149	6.32e-137	490
NC_003071.7:10018073-10020456	NC_003070.9	90.368	353	33	1	1637	1988	16966602	16966250	1.38e-128	462
NC_003071.7:10018073-10020456	NC_003070.9	92.236	322	20	5	1	321	16699390	16699073	2.98e-125	451
NC_003071.7:10018073-10020456	NC_003070.9	95.816	239	10	0	1919	2157	16966657	16966419	8.52e-106	387
NC_003071.7:10018073-10020456	NC_003070.9	91.102	236	21	0	1753	1988	26779721	26779486	8.77e-86	320
NC_003071.7:10018073-10020456	NC_003070.9	88.664	247	18	7	1579	1816	16262079	16262324	1.91e-77	292
NC_003071.7:10018073-10020456	NC_003070.9	95.480	177	7	1	1974	2150	20973725	20973900	4.14e-74	281
NC_003071.7:10018073-10020456	NC_003070.9	94.022	184	11	0	1974	2157	16989369	16989552	1.49e-73	279
NC_003071.7:10018073-10020456	NC_003070.9	93.478	184	11	1	1974	2157	11408674	11408492	2.49e-71	272
NC_003071.7:10018073-10020456	NC_003070.9	93.370	181	11	1	1637	1816	11708422	11708602	1.16e-69	267
NC_003071.7:10018073-10020456	NC_003070.9	92.818	181	12	1	1974	2154	7283335	7283514	5.39e-68	261
NC_003071.7:10018073-10020456	NC_003070.9	91.848	184	14	1	1637	1819	16591163	16590980	2.51e-66	255
NC_003071.7:10018073-10020456	NC_003070.9	91.713	181	14	1	1637	1816	7283672	7283852	1.17e-64	250
NC_003071.7:10018073-10020456	NC_003070.9	91.304	184	15	1	1637	1819	16966433	16966250	1.17e-64	250
NC_003071.7:10018073-10020456	NC_003070.9	90.055	181	10	2	1974	2154	759795	759967	5.47e-58	228
NC_003071.7:10018073-10020456	NC_003070.9	89.130	184	19	1	1637	1819	26779669	26779486	5.47e-58	228
NC_003071.7:10018073-10020456	NC_003070.9	84.979	233	23	10	474	703	16967249	16967026	1.97e-57	226
NC_003071.7:10018073-10020456	NC_003070.9	88.950	181	20	0	1805	1985	16262144	16262324	7.07e-57	224
NC_003071.7:10018073-10020456	NC_003070.9	87.500	200	16	6	474	671	16988743	16988935	2.54e-56	222
NC_003071.7:10018073-10020456	NC_003070.9	95.455	132	5	1	1925	2055	26779832	26779701	1.98e-52	209
NC_003071.7:10018073-10020456	NC_003070.9	93.985	133	7	1	1755	1886	26779833	26779701	1.19e-49	200
NC_003071.7:10018073-10020456	NC_003075.7	96.107	2389	85	8	1	2384	1280625	1283010	0.0	3890
NC_003071.7:10018073-10020456	NC_003075.7	85.541	1812	163	44	3	1748	5443569	5441791	0.0	1803
NC_003071.7:10018073-10020456	NC_003075.7	87.048	857	77	23	172	1018	4696063	4695231	0.0	937
NC_003071.7:10018073-10020456	NC_003075.7	87.002	854	73	20	172	1020	4663787	4662967	0.0	928
NC_003071.7:10018073-10020456	NC_003075.7	93.143	350	23	1	1637	1985	1282431	1282780	1.35e-143	512
NC_003071.7:10018073-10020456	NC_003075.7	92.857	350	24	1	1805	2154	1282263	1282611	6.27e-142	507
NC_003071.7:10018073-10020456	NC_003075.7	91.160	181	15	1	1637	1816	1282600	1282780	5.43e-63	244
NC_003071.7:10018073-10020456	NC_003075.7	88.000	200	19	5	474	671	5442541	5442345	4.23e-59	231
NC_003071.7:10018073-10020456	NC_003075.7	85.417	192	23	4	1042	1229	5936590	5936400	5.55e-48	195
NC_003071.7:10018073-10020456	NC_003075.7	87.402	127	10	6	908	1029	4904890	4904765	7.33e-32	141
NC_003071.7:11128812-11129233	NC_003071.7	100.000	422	0	0	1	422	11129233	11128812	0.0	780
NC_003071.7:11128812-11129233	NC_003071.7	94.977	219	10	1	16	233	10406501	10406719	3.15e-93	342
NC_003071.7:11128812-11129233	NC_003071.7	94.570	221	10	2	15	233	19269201	19268981	1.13e-92	340
NC_003071.7:11128812-11129233	NC_003071.7	95.215	209	9	1	18	226	2820423	2820630	2.45e-89	329
NC_003071.7:11128812-11129233	NC_003071.7	93.427	213	13	1	14	225	510986	511198	6.87e-85	315
NC_003071.7:11128812-11129233	NC_003071.7	91.892	222	16	2	6	226	6946145	6946365	3.20e-83	309
NC_003071.7:11128812-11129233	NC_003071.7	91.667	216	16	2	15	229	2735216	2735002	6.92e-80	298
NC_003071.7:11128812-11129233	NC_003071.7	89.151	212	10	3	18	229	4307700	4307502	5.46e-66	252
NC_003071.7:11128812-11129233	NC_003071.7	88.506	174	18	2	250	422	19268770	19268598	3.34e-53	209
NC_003071.7:11128812-11129233	NC_003071.7	92.929	99	6	1	325	422	511241	511339	3.43e-33	143
NC_003071.7:11128812-11129233	NC_003071.7	92.929	99	6	1	325	422	2734876	2734778	3.43e-33	143
NC_003071.7:11128812-11129233	NC_003071.7	91.489	94	6	1	15	106	3211636	3211543	9.61e-29	128
NC_003071.7:11128812-11129233	NC_003070.9	92.086	417	24	5	15	422	16998812	16998396	2.21e-164	579
NC_003071.7:11128812-11129233	NC_003070.9	90.431	418	27	6	16	422	28750315	28749900	3.75e-152	538
NC_003071.7:11128812-11129233	NC_003070.9	87.990	408	27	12	16	422	11806173	11805787	2.32e-129	462
NC_003071.7:11128812-11129233	NC_003070.9	90.705	312	24	5	28	336	18126616	18126925	8.52e-114	411
NC_003071.7:11128812-11129233	NC_003070.9	95.133	226	9	2	9	233	8375157	8374933	4.05e-97	355
NC_003071.7:11128812-11129233	NC_003070.9	95.392	217	9	1	16	231	16822273	16822489	8.76e-94	344
NC_003071.7:11128812-11129233	NC_003070.9	93.088	217	15	0	13	229	8723516	8723300	5.31e-86	318
NC_003071.7:11128812-11129233	NC_003070.9	93.301	209	12	2	18	226	9062087	9062293	1.15e-82	307
NC_003071.7:11128812-11129233	NC_003070.9	90.698	215	20	0	15	229	10652931	10652717	1.50e-76	287
NC_003071.7:11128812-11129233	NC_003070.9	90.674	193	17	1	1	192	13808188	13808380	4.22e-67	255
NC_003071.7:11128812-11129233	NC_003070.9	90.341	176	17	0	247	422	16822713	16822888	7.12e-60	231
NC_003071.7:11128812-11129233	NC_003070.9	92.949	156	10	1	71	226	18287237	18287391	3.31e-58	226
NC_003071.7:11128812-11129233	NC_003070.9	95.960	99	3	1	325	422	13808510	13808608	3.41e-38	159
NC_003071.7:11128812-11129233	NC_003070.9	94.949	99	4	1	325	422	18287520	18287618	1.59e-36	154
NC_003071.7:11128812-11129233	NC_003070.9	93.939	99	5	1	325	422	9062422	9062520	7.38e-35	148
NC_003071.7:11128812-11129233	NC_003070.9	81.379	145	25	2	18	161	13496473	13496330	2.08e-25	117
NC_003071.7:11128812-11129233	NC_003074.8	89.786	421	29	7	16	422	9767683	9768103	8.11e-149	527
NC_003071.7:11128812-11129233	NC_003074.8	89.286	420	31	6	12	419	538776	539193	6.31e-145	514
NC_003071.7:11128812-11129233	NC_003074.8	82.540	441	42	21	15	422	19648581	19648143	4.05e-97	355
NC_003071.7:11128812-11129233	NC_003074.8	96.262	214	6	2	18	231	16851839	16851628	1.88e-95	350
NC_003071.7:11128812-11129233	NC_003074.8	95.794	214	7	2	18	231	15642916	15643127	8.76e-94	344
NC_003071.7:11128812-11129233	NC_003074.8	96.172	209	7	1	18	226	18976723	18976930	1.13e-92	340
NC_003071.7:11128812-11129233	NC_003074.8	92.925	212	14	1	18	229	10791546	10791336	1.15e-82	307
NC_003071.7:11128812-11129233	NC_003074.8	93.301	209	13	1	18	226	15783158	15783365	1.15e-82	307
NC_003071.7:11128812-11129233	NC_003074.8	92.453	212	16	0	14	225	10908476	10908265	1.49e-81	303
NC_003071.7:11128812-11129233	NC_003074.8	94.819	193	9	1	16	208	14785551	14785360	1.92e-80	300
NC_003071.7:11128812-11129233	NC_003074.8	88.889	144	12	3	283	422	14785338	14785195	1.22e-42	174
NC_003071.7:11128812-11129233	NC_003074.8	94.949	99	4	1	325	422	16851503	16851405	1.59e-36	154
NC_003071.7:11128812-11129233	NC_003074.8	92.857	98	7	0	325	422	15783495	15783592	3.43e-33	143
NC_003071.7:11128812-11129233	NC_003074.8	77.241	290	33	22	165	422	10908292	10908004	4.44e-32	139
NC_003071.7:11128812-11129233	NC_003074.8	91.919	99	7	1	325	422	18977058	18977156	1.60e-31	137
NC_003071.7:11128812-11129233	NC_003074.8	90.909	99	7	2	325	422	10791210	10791113	7.43e-30	132
NC_003071.7:11128812-11129233	NC_003074.8	90.385	104	5	3	5	106	12981853	12981753	7.43e-30	132
NC_003071.7:11128812-11129233	NC_003074.8	92.208	77	5	1	325	400	15643252	15643328	1.25e-22	108
NC_003071.7:11128812-11129233	NC_003076.8	89.524	420	28	10	16	422	13608296	13608712	4.88e-146	518
NC_003071.7:11128812-11129233	NC_003076.8	89.048	420	32	6	15	422	26233533	26233116	2.94e-143	508
NC_003071.7:11128812-11129233	NC_003076.8	87.073	410	38	6	17	414	16480782	16481188	1.81e-125	449
NC_003071.7:11128812-11129233	NC_003076.8	97.807	228	5	0	16	243	18113642	18113869	8.58e-109	394
NC_003071.7:11128812-11129233	NC_003076.8	83.102	432	47	20	13	422	15213326	15212899	1.45e-101	370
NC_003071.7:11128812-11129233	NC_003076.8	96.635	208	6	1	18	225	8178104	8177898	8.76e-94	344
NC_003071.7:11128812-11129233	NC_003076.8	95.755	212	9	0	15	226	17438314	17438525	3.15e-93	342
NC_003071.7:11128812-11129233	NC_003076.8	92.694	219	15	1	16	233	8808995	8809213	6.87e-85	315
NC_003071.7:11128812-11129233	NC_003076.8	93.458	214	10	4	14	225	14985234	14985023	6.87e-85	315
NC_003071.7:11128812-11129233	NC_003076.8	94.271	192	11	0	16	207	18147553	18147744	8.95e-79	294
NC_003071.7:11128812-11129233	NC_003076.8	92.045	176	13	1	18	193	16387694	16387868	2.54e-64	246
NC_003071.7:11128812-11129233	NC_003076.8	89.130	184	20	0	239	422	8809427	8809610	2.56e-59	230
NC_003071.7:11128812-11129233	NC_003076.8	93.506	154	7	2	269	422	18113853	18114003	3.31e-58	226
NC_003071.7:11128812-11129233	NC_003076.8	89.286	140	15	0	283	422	18147768	18147907	3.38e-43	176
NC_003071.7:11128812-11129233	NC_003076.8	94.624	93	3	2	325	415	8177768	8177676	3.43e-33	143
NC_003071.7:11128812-11129233	NC_003076.8	92.857	98	7	0	325	422	16387910	16388007	3.43e-33	143
NC_003071.7:11128812-11129233	NC_003076.8	88.889	99	10	1	325	422	14984894	14984796	1.61e-26	121
NC_003071.7:11128812-11129233	NC_003076.8	93.506	77	4	1	325	400	17438654	17438730	2.69e-24	113
NC_003071.7:11128812-11129233	NC_003075.7	95.283	212	10	0	15	226	4650109	4650320	1.47e-91	337
NC_003071.7:11128812-11129233	NC_003075.7	95.673	208	8	1	18	225	4909345	4909139	1.90e-90	333
NC_003071.7:11128812-11129233	NC_003075.7	93.396	212	14	0	15	226	4685637	4685848	6.87e-85	315
NC_003071.7:11128812-11129233	NC_003075.7	91.928	223	16	2	7	229	2316532	2316312	8.89e-84	311
NC_003071.7:11128812-11129233	NC_003075.7	92.925	212	14	1	18	229	12714133	12713923	1.15e-82	307
NC_003071.7:11128812-11129233	NC_003075.7	92.788	208	13	2	18	225	4906327	4906122	1.92e-80	300
NC_003071.7:11128812-11129233	NC_003075.7	92.857	196	13	1	14	208	4876063	4875868	1.94e-75	283
NC_003071.7:11128812-11129233	NC_003075.7	92.973	185	11	2	19	202	15592389	15592206	5.43e-71	268
NC_003071.7:11128812-11129233	NC_003075.7	86.857	175	20	3	250	422	4905590	4905417	3.36e-48	193
NC_003071.7:11128812-11129233	NC_003075.7	93.939	99	5	1	325	422	2316187	2316089	7.38e-35	148
NC_003071.7:11128812-11129233	NC_003075.7	93.939	99	5	1	325	422	4650449	4650547	7.38e-35	148
NC_003071.7:11128812-11129233	NC_003075.7	92.929	99	6	1	325	422	12713797	12713699	3.43e-33	143
NC_003071.7:11128812-11129233	NC_003075.7	89.623	106	11	0	283	388	4875847	4875742	5.74e-31	135
NC_003071.7:11128812-11129233	NC_003075.7	81.507	146	17	3	16	161	1357644	1357509	9.68e-24	111
NC_003071.7:6261940-6263204	NC_003071.7	100.000	1265	0	0	1	1265	6261940	6263204	0.0	2337
NC_003071.7:6261940-6263204	NC_003071.7	94.037	654	36	3	615	1265	8102846	8103499	0.0	989
NC_003071.7:6261940-6263204	NC_003071.7	92.966	654	41	3	616	1265	4759715	4759063	0.0	948
NC_003071.7:6261940-6263204	NC_003071.7	92.661	654	38	6	615	1265	6992297	6992943	0.0	933
NC_003071.7:6261940-6263204	NC_003071.7	100.000	32	0	0	1234	1265	6683082	6683113	1.11e-07	60.2
NC_003071.7:6261940-6263204	NC_003074.8	93.405	652	41	2	615	1265	16186022	16185372	0.0	965
NC_003071.7:6261940-6263204	NC_003074.8	92.802	653	44	3	615	1265	10417021	10417672	0.0	942
NC_003071.7:6261940-6263204	NC_003074.8	91.185	658	38	10	616	1265	12359367	12358722	0.0	876
NC_003071.7:6261940-6263204	NC_003074.8	93.007	572	38	2	695	1265	14559288	14559858	0.0	833
NC_003071.7:6261940-6263204	NC_003074.8	92.995	571	39	1	695	1265	15874529	15873960	0.0	832
NC_003071.7:6261940-6263204	NC_003074.8	90.679	633	48	4	615	1237	18928104	18928735	0.0	832
NC_003071.7:6261940-6263204	NC_003074.8	93.238	562	35	1	2	563	11199806	11200364	0.0	824
NC_003071.7:6261940-6263204	NC_003074.8	92.308	572	42	2	695	1265	8875105	8875675	0.0	811
NC_003071.7:6261940-6263204	NC_003074.8	89.107	661	55	14	615	1265	7714204	7713551	0.0	806
NC_003071.7:6261940-6263204	NC_003074.8	90.909	583	38	12	695	1265	8883486	8884065	0.0	769
NC_003071.7:6261940-6263204	NC_003074.8	91.336	554	35	8	714	1265	7766063	7765521	0.0	745
NC_003071.7:6261940-6263204	NC_003074.8	94.783	230	10	2	983	1211	12384110	12384338	3.51e-97	357
NC_003071.7:6261940-6263204	NC_003074.8	93.578	109	5	2	615	722	12383984	12384091	2.95e-38	161
NC_003071.7:6261940-6263204	NC_003074.8	98.246	57	1	0	614	670	14559236	14559292	6.53e-20	100
NC_003071.7:6261940-6263204	NC_003074.8	98.214	56	1	0	615	670	8875054	8875109	2.35e-19	99.0
NC_003071.7:6261940-6263204	NC_003074.8	96.667	60	1	1	611	670	15874583	15874525	2.35e-19	99.0
NC_003071.7:6261940-6263204	NC_003074.8	96.552	58	2	0	1208	1265	12398289	12398346	8.45e-19	97.1
NC_003071.7:6261940-6263204	NC_003074.8	94.643	56	3	0	615	670	8883435	8883490	5.09e-16	87.9
NC_003071.7:6261940-6263204	NC_003074.8	91.379	58	4	1	660	716	11203183	11203126	3.06e-13	78.7
NC_003071.7:6261940-6263204	NC_003074.8	86.364	66	3	6	1204	1265	11551026	11550963	6.62e-10	67.6
NC_003071.7:6261940-6263204	NC_003070.9	93.282	655	39	4	615	1265	3024136	3023483	0.0	961
NC_003071.7:6261940-6263204	NC_003070.9	92.627	651	44	3	615	1263	18632789	18632141	0.0	933
NC_003071.7:6261940-6263204	NC_003070.9	92.133	661	41	5	615	1265	19780959	19780300	0.0	922
NC_003071.7:6261940-6263204	NC_003070.9	91.324	657	47	8	615	1265	1194963	1194311	0.0	889
NC_003071.7:6261940-6263204	NC_003070.9	90.923	650	45	10	615	1263	5799376	5798740	0.0	861
NC_003071.7:6261940-6263204	NC_003070.9	90.534	655	43	6	615	1265	18320761	18321400	0.0	848
NC_003071.7:6261940-6263204	NC_003070.9	90.000	530	39	8	714	1240	26880722	26880204	0.0	673
NC_003071.7:6261940-6263204	NC_003070.9	96.884	353	8	2	915	1265	20704224	20704575	1.14e-166	588
NC_003071.7:6261940-6263204	NC_003070.9	97.484	318	7	1	1	318	20703909	20704225	9.03e-153	542
NC_003071.7:6261940-6263204	NC_003076.8	92.824	655	41	5	615	1265	5801932	5801280	0.0	944
NC_003071.7:6261940-6263204	NC_003076.8	92.508	654	44	4	615	1265	16211518	16212169	0.0	931
NC_003071.7:6261940-6263204	NC_003076.8	92.496	653	31	6	615	1265	21174582	21175218	0.0	918
NC_003071.7:6261940-6263204	NC_003076.8	91.884	653	45	5	615	1265	10187638	10188284	0.0	905
NC_003071.7:6261940-6263204	NC_003076.8	91.476	657	44	8	611	1265	13786692	13787338	0.0	893
NC_003071.7:6261940-6263204	NC_003076.8	93.194	573	36	2	695	1265	17359894	17359323	0.0	839
NC_003071.7:6261940-6263204	NC_003076.8	93.075	361	23	2	722	1080	19019275	19018915	2.53e-148	527
NC_003071.7:6261940-6263204	NC_003076.8	94.872	195	10	0	1071	1265	19018814	19018620	1.29e-81	305
NC_003071.7:6261940-6263204	NC_003076.8	92.969	128	7	2	615	741	19019410	19019284	1.75e-45	185
NC_003071.7:6261940-6263204	NC_003076.8	96.970	33	0	1	1234	1265	10372136	10372168	5.16e-06	54.7
NC_003071.7:6261940-6263204	NC_003075.7	92.824	655	40	4	614	1265	8421749	8421099	0.0	942
NC_003071.7:6261940-6263204	NC_003075.7	93.260	638	38	4	615	1249	18232966	18232331	0.0	935
NC_003071.7:6261940-6263204	NC_003075.7	92.073	656	46	6	615	1265	4948909	4948255	0.0	918
NC_003071.7:6261940-6263204	NC_003075.7	91.616	656	40	7	610	1263	6944405	6943763	0.0	893
NC_003071.7:6261940-6263204	NC_003075.7	91.525	649	44	6	615	1263	5837010	5836373	0.0	883
NC_003071.7:6261940-6263204	NC_003075.7	90.644	652	35	8	615	1265	5478969	5478343	0.0	843
NC_003071.7:6261940-6263204	NC_003075.7	93.281	253	16	1	615	866	1598602	1598854	1.25e-101	372
NC_003071.7:6297205-6297988	NC_003071.7	100.000	784	0	0	1	784	6297988	6297205	0.0	1448
NC_003071.7:6297205-6297988	NC_003071.7	94.930	789	28	5	1	783	15371880	15371098	0.0	1225
NC_003071.7:6297205-6297988	NC_003071.7	93.165	790	42	6	1	784	1902863	1903646	0.0	1149
NC_003071.7:6297205-6297988	NC_003071.7	96.759	648	18	3	138	784	17300066	17299421	0.0	1077
NC_003071.7:6297205-6297988	NC_003071.7	95.374	281	13	0	1	281	17300435	17300155	1.24e-124	448
NC_003071.7:6297205-6297988	NC_003071.7	92.903	155	7	3	1	152	17300155	17300002	8.18e-57	222
NC_003071.7:6297205-6297988	NC_003071.7	90.323	62	3	2	93	152	17300295	17300235	1.87e-13	78.7
NC_003071.7:6297205-6297988	NC_003071.7	84.615	65	8	2	721	783	1092223	1092287	5.25e-09	63.9
NC_003071.7:6297205-6297988	NC_003076.8	97.342	790	15	6	1	784	347804	347015	0.0	1338
NC_003071.7:6297205-6297988	NC_003076.8	94.109	679	32	4	1	677	7352033	7352705	0.0	1026
NC_003071.7:6297205-6297988	NC_003076.8	96.613	620	11	4	1	613	24345544	24344928	0.0	1020
NC_003071.7:6297205-6297988	NC_003076.8	94.453	649	27	5	138	784	15715035	15715676	0.0	990
NC_003071.7:6297205-6297988	NC_003076.8	98.020	505	9	1	278	781	24344596	24344092	0.0	876
NC_003071.7:6297205-6297988	NC_003076.8	97.067	341	5	2	278	613	24344932	24344592	2.54e-161	569
NC_003071.7:6297205-6297988	NC_003076.8	96.939	294	8	1	1	293	348367	348074	5.65e-138	492
NC_003071.7:6297205-6297988	NC_003076.8	96.454	282	10	0	1	282	348085	347804	3.42e-130	466
NC_003071.7:6297205-6297988	NC_003076.8	86.486	148	18	2	1	147	13676439	13676585	1.81e-38	161
NC_003071.7:6297205-6297988	NC_003076.8	85.417	144	19	1	6	147	10270527	10270384	1.41e-34	148
NC_003071.7:6297205-6297988	NC_003076.8	92.473	93	6	1	693	784	7352674	7352766	1.42e-29	132
NC_003071.7:6297205-6297988	NC_003076.8	83.688	141	21	2	1	139	9753625	9753765	1.42e-29	132
NC_003071.7:6297205-6297988	NC_003076.8	81.452	124	15	5	667	784	10072760	10072881	1.86e-18	95.3
NC_003071.7:6297205-6297988	NC_003076.8	81.034	116	17	4	667	781	18602172	18602283	3.11e-16	87.9
NC_003071.7:6297205-6297988	NC_003076.8	100.000	34	0	0	751	784	6072582	6072549	5.25e-09	63.9
NC_003071.7:6297205-6297988	NC_003076.8	96.875	32	1	0	1	32	17478665	17478696	3.16e-06	54.7
NC_003071.7:6297205-6297988	NC_003076.8	96.875	32	1	0	1	32	17482920	17482951	3.16e-06	54.7
NC_003071.7:6297205-6297988	NC_003070.9	95.839	793	15	5	1	783	6234720	6233936	0.0	1266
NC_003071.7:6297205-6297988	NC_003070.9	94.020	786	35	7	1	784	3771816	3771041	0.0	1181
NC_003071.7:6297205-6297988	NC_003070.9	95.216	648	23	4	138	783	12874279	12873638	0.0	1018
NC_003071.7:6297205-6297988	NC_003070.9	96.867	383	10	1	1	383	6235099	6234719	0.0	640
NC_003071.7:6297205-6297988	NC_003070.9	92.877	351	21	3	289	638	16341625	16341278	2.02e-142	507
NC_003071.7:6297205-6297988	NC_003070.9	92.045	352	22	6	289	638	16339904	16339557	2.03e-137	490
NC_003071.7:6297205-6297988	NC_003070.9	96.377	276	8	2	1	275	16342970	16342696	2.66e-126	453
NC_003071.7:6297205-6297988	NC_003070.9	93.200	250	14	3	27	275	16341245	16340998	1.28e-99	364
NC_003071.7:6297205-6297988	NC_003070.9	91.613	155	8	4	1	152	12874368	12874216	6.37e-53	209
NC_003071.7:6297205-6297988	NC_003070.9	85.235	149	20	2	1	147	14297749	14297601	1.09e-35	152
NC_003071.7:6297205-6297988	NC_003070.9	82.877	146	23	2	4	147	17107531	17107676	5.10e-29	130
NC_003071.7:6297205-6297988	NC_003070.9	91.250	80	7	0	1	80	17102189	17102268	6.64e-23	110
NC_003071.7:6297205-6297988	NC_003075.7	94.051	790	33	7	1	784	8769326	8768545	0.0	1186
NC_003071.7:6297205-6297988	NC_003075.7	93.577	794	34	7	1	784	7403992	7404778	0.0	1168
NC_003071.7:6297205-6297988	NC_003075.7	91.371	788	37	9	1	784	12845050	12844290	0.0	1050
NC_003071.7:6297205-6297988	NC_003075.7	93.207	633	31	7	138	767	418080	417457	0.0	920
NC_003071.7:6297205-6297988	NC_003075.7	93.548	124	4	3	31	152	418139	418018	1.39e-44	182
NC_003071.7:6297205-6297988	NC_003075.7	80.165	121	17	5	669	784	6626041	6626159	4.03e-15	84.2
NC_003071.7:6297205-6297988	NC_003074.8	93.121	785	43	5	1	783	3873815	3874590	0.0	1140
NC_003071.7:6297205-6297988	NC_003074.8	92.996	771	43	8	1	767	4217121	4216358	0.0	1114
NC_003071.7:6297205-6297988	NC_003074.8	90.764	812	40	12	1	784	7291968	7291164	0.0	1051
NC_003071.7:6297205-6297988	NC_003074.8	91.221	786	39	8	1	783	3988437	3987679	0.0	1042
NC_003071.7:6297205-6297988	NC_003074.8	79.610	461	61	23	344	783	17034241	17034689	3.67e-80	300
NC_003071.7:6297205-6297988	NC_003074.8	85.135	148	21	1	1	147	14272659	14272806	3.92e-35	150
NC_003071.7:7022287-7023790	NC_003071.7	100.000	1504	0	0	1	1504	7022287	7023790	0.0	2778
NC_003071.7:7022287-7023790	NC_003071.7	86.855	1027	77	27	10	984	4022898	4021878	0.0	1096
NC_003071.7:7022287-7023790	NC_003071.7	91.260	492	30	7	981	1471	4021797	4021318	0.0	658
NC_003071.7:7022287-7023790	NC_003071.7	87.073	410	33	8	333	726	6696942	6697347	8.69e-124	446
NC_003071.7:7022287-7023790	NC_003071.7	97.059	34	1	0	981	1014	2850365	2850398	4.76e-07	58.4
NC_003071.7:7022287-7023790	NC_003075.7	87.451	1028	77	23	6	984	4499951	4500975	0.0	1136
NC_003071.7:7022287-7023790	NC_003075.7	90.189	530	38	7	981	1504	4501055	4501576	0.0	678
NC_003071.7:7022287-7023790	NC_003075.7	84.860	535	46	18	982	1504	7910163	7909652	3.93e-142	507
NC_003071.7:7022287-7023790	NC_003075.7	82.287	621	76	22	6	603	7910817	7910208	3.93e-142	507
NC_003071.7:7022287-7023790	NC_003075.7	76.457	446	79	19	353	780	5936778	5936341	2.06e-55	219
NC_003071.7:7022287-7023790	NC_003075.7	80.451	266	46	6	990	1253	684924	684663	2.69e-49	198
NC_003071.7:7022287-7023790	NC_003076.8	87.488	1031	69	21	10	984	9840799	9839773	0.0	1134
NC_003071.7:7022287-7023790	NC_003076.8	93.293	164	10	1	981	1143	9839696	9839533	4.40e-62	241
NC_003071.7:7022287-7023790	NC_003076.8	79.323	266	42	12	511	769	9178630	9178371	4.53e-42	174
NC_003071.7:7022287-7023790	NC_003076.8	75.346	361	69	15	388	736	14266729	14267081	1.64e-36	156
NC_003071.7:7022287-7023790	NC_003074.8	84.417	738	54	21	1	704	11695886	11695176	0.0	669
NC_003071.7:7022287-7023790	NC_003074.8	89.885	524	39	10	981	1504	11694700	11694191	0.0	662
NC_003071.7:7022287-7023790	NC_003074.8	97.872	47	1	0	938	984	11694827	11694781	2.82e-14	82.4
NC_003071.7:7022287-7023790	NC_003074.8	97.500	40	1	0	945	984	11706929	11706890	2.20e-10	69.4
NC_003071.7:7022287-7023790	NC_003074.8	97.500	40	1	0	945	984	11708407	11708368	2.20e-10	69.4
NC_003071.7:7022287-7023790	NC_003074.8	97.500	40	1	0	945	984	11709921	11709882	2.20e-10	69.4
NC_003071.7:7022287-7023790	NC_003070.9	77.568	584	95	29	234	792	12635116	12635688	5.49e-86	320
NC_003071.7:7093820-7094574	NC_003071.7	100.000	755	0	0	1	755	7093820	7094574	0.0	1395
NC_003071.7:7093820-7094574	NC_003071.7	94.584	757	36	4	1	755	6901191	6901944	0.0	1166
NC_003071.7:7093820-7094574	NC_003071.7	93.333	750	33	3	1	734	9584607	9585355	0.0	1092
NC_003071.7:7093820-7094574	NC_003071.7	95.480	531	22	2	205	734	7177269	7176740	0.0	846
NC_003071.7:7093820-7094574	NC_003071.7	94.162	531	28	3	205	734	14572218	14572746	0.0	806
NC_003071.7:7093820-7094574	NC_003071.7	93.578	545	20	5	205	734	9030131	9030675	0.0	798
NC_003071.7:7093820-7094574	NC_003071.7	93.040	546	20	4	205	735	1347753	1347211	0.0	782
NC_003071.7:7093820-7094574	NC_003071.7	91.009	545	31	5	205	734	8173159	8173700	0.0	719
NC_003071.7:7093820-7094574	NC_003071.7	90.388	541	37	5	205	732	10070640	10070102	0.0	697
NC_003071.7:7093820-7094574	NC_003071.7	85.047	535	60	13	206	734	11909396	11908876	1.49e-148	527
NC_003071.7:7093820-7094574	NC_003071.7	86.596	470	54	8	205	671	9455638	9456101	1.50e-143	510
NC_003071.7:7093820-7094574	NC_003071.7	84.570	512	58	10	205	701	3198180	3197675	7.03e-137	488
NC_003071.7:7093820-7094574	NC_003071.7	84.440	482	55	9	205	671	1322534	1322058	1.98e-127	457
NC_003071.7:7093820-7094574	NC_003071.7	81.874	491	38	22	207	681	10996718	10996263	3.43e-100	366
NC_003071.7:7093820-7094574	NC_003071.7	96.020	201	8	0	1	201	9029807	9030007	1.62e-88	327
NC_003071.7:7093820-7094574	NC_003071.7	95.025	201	10	0	1	201	1348076	1347876	3.51e-85	316
NC_003071.7:7093820-7094574	NC_003071.7	94.000	200	12	0	1	200	8172835	8173034	2.73e-81	303
NC_003071.7:7093820-7094574	NC_003071.7	94.000	200	12	0	1	200	10070964	10070765	2.73e-81	303
NC_003071.7:7093820-7094574	NC_003071.7	93.500	200	12	1	2	201	2320063	2320261	4.57e-79	296
NC_003071.7:7093820-7094574	NC_003071.7	93.035	201	14	0	1	201	14571894	14572094	1.64e-78	294
NC_003071.7:7093820-7094574	NC_003071.7	92.574	202	14	1	1	201	1038913	1038712	7.65e-77	289
NC_003071.7:7093820-7094574	NC_003071.7	90.547	201	19	0	1	201	11909720	11909520	3.58e-70	267
NC_003071.7:7093820-7094574	NC_003074.8	94.511	747	27	4	1	734	11456304	11455559	0.0	1140
NC_003071.7:7093820-7094574	NC_003074.8	93.583	748	30	6	1	735	19529023	19529765	0.0	1099
NC_003071.7:7093820-7094574	NC_003074.8	92.895	760	36	6	1	745	4977268	4978024	0.0	1088
NC_003071.7:7093820-7094574	NC_003074.8	90.959	542	31	6	207	734	8596641	8596104	0.0	713
NC_003071.7:7093820-7094574	NC_003074.8	90.440	523	34	7	205	713	4467937	4468457	0.0	675
NC_003071.7:7093820-7094574	NC_003074.8	90.467	493	29	8	205	681	18171507	18171017	0.0	634
NC_003071.7:7093820-7094574	NC_003074.8	87.526	481	50	9	206	682	8328951	8329425	1.14e-154	547
NC_003071.7:7093820-7094574	NC_003074.8	86.448	487	56	9	205	688	16902651	16903130	5.35e-148	525
NC_003071.7:7093820-7094574	NC_003074.8	85.625	480	51	7	205	671	10901084	10901558	7.03e-137	488
NC_003071.7:7093820-7094574	NC_003074.8	85.714	483	46	11	205	671	16534971	16534496	7.03e-137	488
NC_003071.7:7093820-7094574	NC_003074.8	84.600	500	54	12	205	688	5591321	5590829	5.47e-133	475
NC_003071.7:7093820-7094574	NC_003074.8	87.028	424	52	3	205	627	6941163	6940742	5.47e-133	475
NC_003071.7:7093820-7094574	NC_003074.8	85.000	480	53	8	207	671	16677940	16678415	2.54e-131	470
NC_003071.7:7093820-7094574	NC_003074.8	86.998	423	48	5	207	627	18495708	18495291	2.54e-131	470
NC_003071.7:7093820-7094574	NC_003074.8	95.000	200	10	0	1	200	8596967	8596768	1.26e-84	315
NC_003071.7:7093820-7094574	NC_003074.8	91.045	201	18	0	1	201	6941484	6941284	7.70e-72	272
NC_003071.7:7093820-7094574	NC_003074.8	90.547	201	9	2	1	201	20770464	20770274	2.16e-67	257
NC_003071.7:7093820-7094574	NC_003070.9	93.867	750	31	2	1	735	20172809	20172060	0.0	1116
NC_003071.7:7093820-7094574	NC_003070.9	92.661	545	22	4	205	734	29774802	29774261	0.0	769
NC_003071.7:7093820-7094574	NC_003070.9	93.028	502	28	7	205	704	6514800	6515296	0.0	726
NC_003071.7:7093820-7094574	NC_003070.9	95.991	424	15	2	205	628	5437466	5437045	0.0	688
NC_003071.7:7093820-7094574	NC_003070.9	87.747	506	30	9	205	681	697052	696550	4.08e-159	562
NC_003071.7:7093820-7094574	NC_003070.9	86.420	486	56	7	206	686	3250928	3251408	1.93e-147	523
NC_003071.7:7093820-7094574	NC_003070.9	85.230	501	52	11	205	688	11669923	11669428	4.20e-139	496
NC_003071.7:7093820-7094574	NC_003070.9	85.655	481	49	8	205	671	9418625	9418151	7.03e-137	488
NC_003071.7:7093820-7094574	NC_003070.9	90.515	369	32	3	206	573	10239670	10240036	9.09e-136	484
NC_003071.7:7093820-7094574	NC_003070.9	85.563	471	48	8	205	661	21128311	21128775	5.47e-133	475
NC_003071.7:7093820-7094574	NC_003070.9	86.651	427	49	7	205	629	20167232	20166812	3.29e-130	466
NC_003071.7:7093820-7094574	NC_003070.9	86.014	429	55	4	202	629	12618958	12619382	7.13e-127	455
NC_003071.7:7093820-7094574	NC_003070.9	86.082	388	36	6	298	671	20560071	20559688	9.42e-111	401
NC_003071.7:7093820-7094574	NC_003070.9	82.262	451	59	9	244	681	14013896	14013454	2.66e-101	370
NC_003071.7:7093820-7094574	NC_003070.9	84.536	388	42	7	298	671	10579670	10580053	9.55e-101	368
NC_003071.7:7093820-7094574	NC_003070.9	81.059	491	36	26	206	681	8623284	8622836	7.49e-92	339
NC_003071.7:7093820-7094574	NC_003070.9	95.074	203	9	1	1	203	697374	697173	9.75e-86	318
NC_003071.7:7093820-7094574	NC_003070.9	94.527	201	9	1	1	201	5437788	5437590	5.87e-83	309
NC_003071.7:7093820-7094574	NC_003070.9	94.030	201	10	1	1	201	18301142	18300944	2.73e-81	303
NC_003071.7:7093820-7094574	NC_003070.9	93.532	201	11	1	1	201	9385033	9384835	1.27e-79	298
NC_003071.7:7093820-7094574	NC_003070.9	93.035	201	14	0	1	201	6514476	6514676	1.64e-78	294
NC_003071.7:7093820-7094574	NC_003070.9	93.035	201	14	0	1	201	8538889	8539089	1.64e-78	294
NC_003071.7:7093820-7094574	NC_003070.9	92.040	201	16	0	1	201	10239320	10239520	3.56e-75	283
NC_003071.7:7093820-7094574	NC_003070.9	91.045	201	17	1	1	201	20513679	20513878	2.77e-71	270
NC_003071.7:7093820-7094574	NC_003070.9	89.352	216	8	4	1	201	29775140	29774925	2.16e-67	257
NC_003071.7:7093820-7094574	NC_003070.9	89.055	201	22	0	1	201	8623608	8623408	3.61e-65	250
NC_003071.7:7093820-7094574	NC_003070.9	90.076	131	11	2	605	734	5437041	5436912	1.04e-40	169
NC_003071.7:7093820-7094574	NC_003076.8	94.227	537	26	4	200	734	16373318	16373851	0.0	815
NC_003071.7:7093820-7094574	NC_003076.8	92.844	545	23	3	205	734	24313952	24314495	0.0	776
NC_003071.7:7093820-7094574	NC_003076.8	90.775	542	34	6	207	734	26892860	26893399	0.0	710
NC_003071.7:7093820-7094574	NC_003076.8	90.257	544	32	8	207	734	9867168	9867706	0.0	691
NC_003071.7:7093820-7094574	NC_003076.8	89.924	526	33	10	205	711	17398425	17397901	0.0	660
NC_003071.7:7093820-7094574	NC_003076.8	85.772	499	51	9	205	688	7488656	7488163	1.50e-143	510
NC_003071.7:7093820-7094574	NC_003076.8	84.387	506	52	14	207	696	5648438	5647944	7.08e-132	472
NC_003071.7:7093820-7094574	NC_003076.8	86.854	426	50	5	205	629	15031490	15031070	7.08e-132	472
NC_003071.7:7093820-7094574	NC_003076.8	87.750	400	48	1	208	606	9298441	9298840	3.29e-130	466
NC_003071.7:7093820-7094574	NC_003076.8	84.400	500	50	14	205	688	15162564	15163051	3.29e-130	466
NC_003071.7:7093820-7094574	NC_003076.8	83.789	512	62	10	205	701	15535690	15535185	3.29e-130	466
NC_003071.7:7093820-7094574	NC_003076.8	84.318	491	55	11	205	681	20279176	20278694	1.53e-128	460
NC_003071.7:7093820-7094574	NC_003076.8	86.620	426	38	7	207	629	8602370	8601961	2.56e-126	453
NC_003071.7:7093820-7094574	NC_003076.8	86.118	425	53	5	205	627	22021295	22021715	2.56e-126	453
NC_003071.7:7093820-7094574	NC_003076.8	89.150	341	33	2	236	575	26891978	26892315	7.23e-117	422
NC_003071.7:7093820-7094574	NC_003076.8	81.538	520	70	12	238	734	19913031	19913547	7.28e-112	405
NC_003071.7:7093820-7094574	NC_003076.8	81.657	507	65	12	205	696	14079746	14080239	4.38e-109	396
NC_003071.7:7093820-7094574	NC_003076.8	87.941	340	35	3	236	575	17481492	17481825	4.38e-109	396
NC_003071.7:7093820-7094574	NC_003076.8	95.025	201	9	1	1	201	16372999	16373198	1.26e-84	315
NC_003071.7:7093820-7094574	NC_003076.8	94.527	201	11	0	1	201	24313641	24313841	1.63e-83	311
NC_003071.7:7093820-7094574	NC_003076.8	94.030	201	10	2	1	200	17398749	17398550	2.73e-81	303
NC_003071.7:7093820-7094574	NC_003076.8	94.180	189	11	0	12	200	26892545	26892733	7.65e-77	289
NC_003071.7:7093820-7094574	NC_003076.8	92.537	201	13	1	1	201	16031387	16031189	2.75e-76	287
NC_003071.7:7093820-7094574	NC_003076.8	91.542	201	17	0	1	201	23130214	23130014	1.66e-73	278
NC_003071.7:7093820-7094574	NC_003076.8	91.089	202	14	3	1	201	8602694	8602496	2.77e-71	270
NC_003071.7:7093820-7094574	NC_003076.8	90.500	200	17	1	1	200	9298126	9298323	4.64e-69	263
NC_003071.7:7093820-7094574	NC_003076.8	90.756	119	11	0	1	119	13204307	13204189	6.26e-38	159
NC_003071.7:7093820-7094574	NC_003075.7	93.382	544	22	1	205	734	7383958	7383415	0.0	793
NC_003071.7:7093820-7094574	NC_003075.7	91.328	542	33	6	205	734	12698823	12699362	0.0	728
NC_003071.7:7093820-7094574	NC_003075.7	87.607	468	52	5	205	671	1199263	1198801	6.88e-152	538
NC_003071.7:7093820-7094574	NC_003075.7	86.100	482	47	8	205	671	8820370	8819894	9.02e-141	501
NC_003071.7:7093820-7094574	NC_003075.7	86.071	481	48	8	205	671	8899400	8899875	3.25e-140	499
NC_003071.7:7093820-7094574	NC_003075.7	85.548	429	52	4	205	624	17501634	17502061	2.00e-122	440
NC_003071.7:7093820-7094574	NC_003075.7	86.410	390	41	7	208	596	1100594	1100972	3.36e-115	416
NC_003071.7:7093820-7094574	NC_003075.7	81.800	500	50	21	205	688	7231058	7231532	1.23e-104	381
NC_003071.7:7093820-7094574	NC_003075.7	94.527	201	11	0	1	201	7384282	7384082	1.63e-83	311
NC_003071.7:7093820-7094574	NC_003075.7	94.030	201	12	0	1	201	6169229	6169029	7.59e-82	305
NC_003071.7:7093820-7094574	NC_003075.7	92.500	200	14	1	1	200	12698500	12698698	9.89e-76	285
NC_003071.7:7093820-7094574	NC_003075.7	92.040	201	16	0	1	201	17501313	17501513	3.56e-75	283
NC_003071.7:7093820-7094574	NC_003075.7	90.547	201	17	1	1	201	1100279	1100477	1.29e-69	265
NC_003071.7:7093820-7094574	NC_003075.7	85.388	219	28	3	411	629	9193015	9193229	2.19e-57	224
