NC_003076.8:20398316-20399839	NC_003076.8	100.000	1524	0	0	1	1524	20398316	20399839	0.0	2815
NC_003076.8:20398316-20399839	NC_003076.8	97.676	1506	29	4	1	1500	19671321	19672826	0.0	2582
NC_003076.8:20398316-20399839	NC_003076.8	93.189	1527	90	10	1	1523	7711707	7713223	0.0	2231
NC_003076.8:20398316-20399839	NC_003076.8	92.544	1529	92	9	1	1523	354692	356204	0.0	2172
NC_003076.8:20398316-20399839	NC_003076.8	92.153	1542	100	10	1	1524	8683554	8685092	0.0	2158
NC_003076.8:20398316-20399839	NC_003076.8	94.444	846	40	3	1	846	13918220	13917382	0.0	1295
NC_003076.8:20398316-20399839	NC_003076.8	92.874	856	35	7	1	852	15342124	15341291	0.0	1219
NC_003076.8:20398316-20399839	NC_003076.8	92.563	632	44	2	892	1523	17956547	17957175	0.0	904
NC_003076.8:20398316-20399839	NC_003076.8	93.460	581	35	2	944	1524	19930787	19930210	0.0	859
NC_003076.8:20398316-20399839	NC_003076.8	91.083	628	45	6	278	903	13982657	13983275	0.0	839
NC_003076.8:20398316-20399839	NC_003076.8	90.581	637	53	6	889	1523	13983692	13984323	0.0	837
NC_003076.8:20398316-20399839	NC_003076.8	92.759	580	36	4	944	1523	5129065	5128492	0.0	833
NC_003076.8:20398316-20399839	NC_003076.8	93.989	549	30	2	1	547	14760609	14760062	0.0	828
NC_003076.8:20398316-20399839	NC_003076.8	95.472	265	12	0	1	265	3019788	3019524	4.13e-117	424
NC_003076.8:20398316-20399839	NC_003076.8	93.929	280	16	1	1	279	4313190	4313469	1.48e-116	422
NC_003076.8:20398316-20399839	NC_003076.8	93.929	280	16	1	1	279	17618028	17617749	1.48e-116	422
NC_003076.8:20398316-20399839	NC_003076.8	93.929	280	16	1	1	279	20681737	20681458	1.48e-116	422
NC_003076.8:20398316-20399839	NC_003076.8	94.182	275	15	1	6	279	4781569	4781295	1.92e-115	418
NC_003076.8:20398316-20399839	NC_003076.8	93.571	280	17	1	1	279	5429378	5429099	6.90e-115	416
NC_003076.8:20398316-20399839	NC_003076.8	93.571	280	17	1	1	279	14150627	14150348	6.90e-115	416
NC_003076.8:20398316-20399839	NC_003076.8	93.863	277	16	1	1	276	15605944	15605668	6.90e-115	416
NC_003076.8:20398316-20399839	NC_003076.8	93.863	277	16	1	1	276	17365699	17365975	6.90e-115	416
NC_003076.8:20398316-20399839	NC_003076.8	93.571	280	16	2	1	279	20281328	20281050	6.90e-115	416
NC_003076.8:20398316-20399839	NC_003076.8	93.841	276	16	1	1	275	19741938	19741663	2.48e-114	414
NC_003076.8:20398316-20399839	NC_003076.8	92.958	284	18	2	1	283	9591066	9591348	8.93e-114	412
NC_003076.8:20398316-20399839	NC_003076.8	93.214	280	18	1	1	279	8746043	8745764	3.21e-113	411
NC_003076.8:20398316-20399839	NC_003076.8	93.502	277	17	1	1	276	8766382	8766658	3.21e-113	411
NC_003076.8:20398316-20399839	NC_003076.8	93.214	280	18	1	1	279	9964361	9964082	3.21e-113	411
NC_003076.8:20398316-20399839	NC_003076.8	94.096	271	15	1	1	270	17776386	17776656	3.21e-113	411
NC_003076.8:20398316-20399839	NC_003076.8	93.455	275	17	1	1	274	24187243	24186969	4.16e-112	407
NC_003076.8:20398316-20399839	NC_003076.8	92.500	280	19	2	1	279	1897990	1897712	6.95e-110	399
NC_003076.8:20398316-20399839	NC_003076.8	92.780	277	16	2	1	273	18854622	18854898	2.50e-109	398
NC_003076.8:20398316-20399839	NC_003076.8	92.620	271	19	1	1	270	16357132	16357402	1.51e-106	388
NC_003076.8:20398316-20399839	NC_003076.8	91.071	280	23	2	1	279	14082180	14081902	3.26e-103	377
NC_003076.8:20398316-20399839	NC_003076.8	90.210	286	20	4	1	279	9558840	9558556	7.05e-100	366
NC_003076.8:20398316-20399839	NC_003076.8	87.805	287	29	6	1	284	9613265	9613548	2.57e-89	331
NC_003076.8:20398316-20399839	NC_003076.8	95.610	205	9	0	1	205	19930983	19930779	9.25e-89	329
NC_003076.8:20398316-20399839	NC_003076.8	94.634	205	11	0	1	205	5129261	5129057	2.00e-85	318
NC_003076.8:20398316-20399839	NC_003074.8	98.168	1528	22	4	1	1524	5622600	5624125	0.0	2662
NC_003076.8:20398316-20399839	NC_003074.8	96.986	1526	40	4	1	1523	20484568	20483046	0.0	2558
NC_003076.8:20398316-20399839	NC_003074.8	94.618	1505	65	6	1	1501	16880381	16881873	0.0	2316
NC_003076.8:20398316-20399839	NC_003074.8	89.601	1154	82	13	373	1523	20486738	20485620	0.0	1432
NC_003076.8:20398316-20399839	NC_003074.8	93.810	840	45	2	1	840	9559108	9558276	0.0	1256
NC_003076.8:20398316-20399839	NC_003074.8	92.389	854	52	8	373	1223	10862818	10863661	0.0	1205
NC_003076.8:20398316-20399839	NC_003074.8	90.071	846	44	10	1	846	1370601	1369796	0.0	1061
NC_003076.8:20398316-20399839	NC_003074.8	91.919	693	45	6	540	1226	17397020	17396333	0.0	959
NC_003076.8:20398316-20399839	NC_003074.8	93.133	466	24	5	381	846	2629029	2628572	0.0	676
NC_003076.8:20398316-20399839	NC_003074.8	95.487	421	18	1	1	421	2629453	2629034	0.0	671
NC_003076.8:20398316-20399839	NC_003074.8	91.328	369	30	1	1155	1523	17396345	17395979	5.15e-141	503
NC_003076.8:20398316-20399839	NC_003074.8	94.984	319	14	2	312	629	9385222	9385539	6.66e-140	499
NC_003076.8:20398316-20399839	NC_003074.8	94.014	284	15	2	1	283	18746859	18747141	8.87e-119	429
NC_003076.8:20398316-20399839	NC_003074.8	93.950	281	16	1	1	280	17300622	17300342	4.13e-117	424
NC_003076.8:20398316-20399839	NC_003074.8	93.571	280	17	1	1	279	10820770	10820491	6.90e-115	416
NC_003076.8:20398316-20399839	NC_003074.8	93.502	277	17	1	1	276	15937942	15938218	3.21e-113	411
NC_003076.8:20398316-20399839	NC_003074.8	93.727	271	16	1	1	270	22119248	22119518	1.49e-111	405
NC_003076.8:20398316-20399839	NC_003074.8	89.655	319	30	2	1205	1523	8188933	8189248	5.38e-111	403
NC_003076.8:20398316-20399839	NC_003074.8	93.116	276	17	2	3	276	9890692	9890967	5.38e-111	403
NC_003076.8:20398316-20399839	NC_003074.8	92.780	277	19	1	1	276	16562193	16562469	6.95e-110	399
NC_003076.8:20398316-20399839	NC_003074.8	92.780	277	19	1	1	276	17277157	17276881	6.95e-110	399
NC_003076.8:20398316-20399839	NC_003074.8	90.909	286	19	2	1	279	16172632	16172347	3.26e-103	377
NC_003076.8:20398316-20399839	NC_003074.8	90.253	277	24	3	1	276	10404959	10405233	1.18e-97	359
NC_003076.8:20398316-20399839	NC_003074.8	89.892	277	27	1	1	276	3716928	3717204	1.53e-96	355
NC_003076.8:20398316-20399839	NC_003074.8	91.566	249	18	3	1	248	20787056	20787302	4.27e-92	340
NC_003076.8:20398316-20399839	NC_003074.8	91.165	249	19	3	1	248	5745265	5745019	1.99e-90	335
NC_003076.8:20398316-20399839	NC_003074.8	91.165	249	19	3	1	248	17143847	17143601	1.99e-90	335
NC_003076.8:20398316-20399839	NC_003074.8	90.763	249	20	3	1	248	11536491	11536737	9.25e-89	329
NC_003076.8:20398316-20399839	NC_003074.8	92.661	218	15	1	32	248	15452795	15452578	9.32e-84	313
NC_003076.8:20398316-20399839	NC_003074.8	97.175	177	4	1	33	209	9385008	9385183	2.61e-79	298
NC_003076.8:20398316-20399839	NC_003074.8	87.850	214	19	7	1	210	7996002	7995792	3.45e-63	244
NC_003076.8:20398316-20399839	NC_003074.8	88.038	209	18	7	6	210	17062565	17062360	4.46e-62	241
NC_003076.8:20398316-20399839	NC_003074.8	95.205	146	7	0	1221	1366	10865705	10865850	2.68e-59	231
NC_003076.8:20398316-20399839	NC_003074.8	94.000	150	9	0	1	150	9385690	9385541	3.47e-58	228
NC_003076.8:20398316-20399839	NC_003074.8	94.558	147	7	1	131	276	9385005	9384859	1.25e-57	226
NC_003076.8:20398316-20399839	NC_003075.7	96.918	1525	42	3	1	1523	7060124	7058603	0.0	2551
NC_003076.8:20398316-20399839	NC_003075.7	92.464	1526	94	10	1	1523	313709	312202	0.0	2161
NC_003076.8:20398316-20399839	NC_003075.7	92.465	1075	70	6	454	1523	6280480	6281548	0.0	1526
NC_003076.8:20398316-20399839	NC_003075.7	92.897	901	53	10	598	1488	9439608	9440507	0.0	1299
NC_003076.8:20398316-20399839	NC_003075.7	93.504	585	35	2	940	1524	6178995	6179576	0.0	867
NC_003076.8:20398316-20399839	NC_003075.7	93.048	374	18	7	540	910	5354758	5355126	3.93e-152	540
NC_003076.8:20398316-20399839	NC_003075.7	89.702	369	27	3	1155	1523	5355366	5355723	3.15e-128	460
NC_003076.8:20398316-20399839	NC_003075.7	94.224	277	15	1	1	276	4146781	4147057	1.48e-116	422
NC_003076.8:20398316-20399839	NC_003075.7	95.094	265	12	1	1	264	9439346	9439610	6.90e-115	416
NC_003076.8:20398316-20399839	NC_003075.7	93.571	280	17	1	1	279	10396713	10396434	6.90e-115	416
NC_003076.8:20398316-20399839	NC_003075.7	94.096	271	15	1	1	270	11361528	11361798	3.21e-113	411
NC_003076.8:20398316-20399839	NC_003075.7	92.606	284	19	2	1	283	1350242	1350524	4.16e-112	407
NC_003076.8:20398316-20399839	NC_003075.7	93.141	277	18	1	1	276	8064281	8064557	1.49e-111	405
NC_003076.8:20398316-20399839	NC_003075.7	92.500	280	20	1	1	279	5540732	5540453	6.95e-110	399
NC_003076.8:20398316-20399839	NC_003075.7	92.500	280	18	2	1	279	1001333	1001056	2.50e-109	398
NC_003076.8:20398316-20399839	NC_003075.7	95.595	227	10	0	845	1071	6280052	6280278	2.54e-99	364
NC_003076.8:20398316-20399839	NC_003075.7	89.825	285	26	3	942	1226	5355097	5355378	9.12e-99	363
NC_003076.8:20398316-20399839	NC_003075.7	90.833	240	20	2	1	239	3893982	3893744	5.57e-86	320
NC_003076.8:20398316-20399839	NC_003075.7	89.697	165	15	2	114	276	5773070	5773234	1.26e-52	209
NC_003076.8:20398316-20399839	NC_003075.7	93.519	108	7	0	6	113	9763139	9763032	3.57e-38	161
NC_003076.8:20398316-20399839	NC_003075.7	96.809	94	3	0	35	128	6280372	6280465	4.62e-37	158
NC_003076.8:20398316-20399839	NC_003075.7	92.593	108	8	0	6	113	9841933	9841826	1.66e-36	156
NC_003076.8:20398316-20399839	NC_003075.7	95.789	95	3	1	540	633	5354032	5354126	2.15e-35	152
NC_003076.8:20398316-20399839	NC_003075.7	95.789	95	3	1	540	633	5354394	5354488	2.15e-35	152
NC_003076.8:20398316-20399839	NC_003071.7	94.771	1530	66	6	1	1523	5466445	5464923	0.0	2370
NC_003076.8:20398316-20399839	NC_003071.7	93.255	1527	76	11	1	1523	1460350	1458847	0.0	2224
NC_003076.8:20398316-20399839	NC_003071.7	91.905	1396	67	12	133	1524	6101375	6102728	0.0	1910
NC_003076.8:20398316-20399839	NC_003071.7	93.546	1193	68	8	336	1523	12555223	12554035	0.0	1768
NC_003076.8:20398316-20399839	NC_003071.7	93.219	988	58	6	541	1523	10468260	10467277	0.0	1445
NC_003076.8:20398316-20399839	NC_003071.7	93.172	952	56	7	413	1361	5843583	5842638	0.0	1389
NC_003076.8:20398316-20399839	NC_003071.7	91.996	912	68	4	312	1220	11398603	11397694	0.0	1275
NC_003076.8:20398316-20399839	NC_003071.7	92.908	846	40	5	1	846	6383651	6382826	0.0	1212
NC_003076.8:20398316-20399839	NC_003071.7	93.448	580	35	2	944	1523	19195986	19195410	0.0	857
NC_003076.8:20398316-20399839	NC_003071.7	95.690	348	13	2	1	347	12555631	12555285	1.08e-157	558
NC_003076.8:20398316-20399839	NC_003071.7	91.622	370	28	2	1155	1524	6084961	6085327	1.11e-142	508
NC_003076.8:20398316-20399839	NC_003071.7	89.305	374	19	7	540	910	6084371	6084726	6.81e-125	449
NC_003076.8:20398316-20399839	NC_003071.7	94.946	277	13	1	1	276	13337421	13337145	6.86e-120	433
NC_003076.8:20398316-20399839	NC_003071.7	94.585	277	14	1	1	276	13267587	13267863	3.19e-118	427
NC_003076.8:20398316-20399839	NC_003071.7	96.850	254	8	0	1	254	10468512	10468259	1.15e-117	425
NC_003076.8:20398316-20399839	NC_003071.7	93.594	281	17	1	1	280	500643	500923	1.92e-115	418
NC_003076.8:20398316-20399839	NC_003071.7	93.571	280	17	1	1	279	6924702	6924423	6.90e-115	416
NC_003076.8:20398316-20399839	NC_003071.7	92.857	280	19	1	1	279	7154079	7153800	1.49e-111	405
NC_003076.8:20398316-20399839	NC_003071.7	92.780	277	19	1	1	276	395998	395722	6.95e-110	399
NC_003076.8:20398316-20399839	NC_003071.7	92.780	277	19	1	1	276	12093766	12093490	6.95e-110	399
NC_003076.8:20398316-20399839	NC_003071.7	92.143	280	18	4	1	276	12801667	12801946	1.16e-107	392
NC_003076.8:20398316-20399839	NC_003071.7	91.166	283	21	2	1	279	11286483	11286201	2.52e-104	381
NC_003076.8:20398316-20399839	NC_003071.7	91.166	283	21	2	1	279	17254574	17254292	2.52e-104	381
NC_003076.8:20398316-20399839	NC_003071.7	90.877	285	18	6	942	1226	6084697	6084973	1.17e-102	375
NC_003076.8:20398316-20399839	NC_003071.7	95.610	205	9	0	1	205	19196182	19195978	9.25e-89	329
NC_003076.8:20398316-20399839	NC_003071.7	88.930	271	17	3	1	270	708100	708358	1.55e-86	322
NC_003076.8:20398316-20399839	NC_003071.7	92.891	211	15	0	1	211	11398831	11398621	4.34e-82	307
NC_003076.8:20398316-20399839	NC_003071.7	89.815	216	20	1	1308	1523	11397698	11397485	1.22e-72	276
NC_003076.8:20398316-20399839	NC_003071.7	89.372	207	17	5	1	203	14334458	14334663	1.59e-66	255
NC_003076.8:20398316-20399839	NC_003071.7	88.406	207	18	6	1	203	542981	543185	3.45e-63	244
NC_003076.8:20398316-20399839	NC_003071.7	96.992	133	4	0	1	133	6100100	6100232	4.49e-57	224
NC_003076.8:20398316-20399839	NC_003070.9	93.512	1526	78	10	1	1523	8291011	8289504	0.0	2250
NC_003076.8:20398316-20399839	NC_003070.9	93.574	1494	82	10	1	1490	18746443	18744960	0.0	2215
NC_003076.8:20398316-20399839	NC_003070.9	93.085	1504	96	6	1	1502	1976589	1975092	0.0	2194
NC_003076.8:20398316-20399839	NC_003070.9	92.726	1526	89	10	1	1524	12855441	12853936	0.0	2183
NC_003076.8:20398316-20399839	NC_003070.9	94.449	1135	57	5	305	1436	14298879	14297748	0.0	1742
NC_003076.8:20398316-20399839	NC_003070.9	92.814	988	63	5	541	1523	17552172	17551188	0.0	1424
NC_003076.8:20398316-20399839	NC_003070.9	94.181	928	48	4	598	1523	19172983	19172060	0.0	1410
NC_003076.8:20398316-20399839	NC_003070.9	93.534	928	54	4	598	1523	19085920	19086843	0.0	1376
NC_003076.8:20398316-20399839	NC_003070.9	95.035	846	34	5	1	846	29320157	29319320	0.0	1323
NC_003076.8:20398316-20399839	NC_003070.9	94.563	846	39	3	1	846	23174278	23175116	0.0	1301
NC_003076.8:20398316-20399839	NC_003070.9	94.444	846	39	5	1	846	17804	18641	0.0	1295
NC_003076.8:20398316-20399839	NC_003070.9	93.026	846	51	5	1	846	6736439	6737276	0.0	1229
NC_003076.8:20398316-20399839	NC_003070.9	92.706	850	50	9	1	849	3074148	3073310	0.0	1216
NC_003076.8:20398316-20399839	NC_003070.9	93.793	580	33	2	944	1523	2234396	2233820	0.0	869
NC_003076.8:20398316-20399839	NC_003070.9	96.447	394	12	2	1	394	14299268	14298877	0.0	649
NC_003076.8:20398316-20399839	NC_003070.9	95.833	264	10	1	1	264	19085660	19085922	1.15e-117	425
NC_003076.8:20398316-20399839	NC_003070.9	94.224	277	15	1	1	276	500728	500452	1.48e-116	422
NC_003076.8:20398316-20399839	NC_003070.9	93.929	280	16	1	1	279	12329397	12329118	1.48e-116	422
NC_003076.8:20398316-20399839	NC_003070.9	93.929	280	16	1	1	279	30252450	30252171	1.48e-116	422
NC_003076.8:20398316-20399839	NC_003070.9	96.457	254	9	0	1	254	17552424	17552171	5.34e-116	420
NC_003076.8:20398316-20399839	NC_003070.9	93.571	280	17	1	1	279	26170805	26170526	6.90e-115	416
NC_003076.8:20398316-20399839	NC_003070.9	93.502	277	17	1	1	276	13059479	13059755	3.21e-113	411
NC_003076.8:20398316-20399839	NC_003070.9	93.502	277	17	1	1	276	18791467	18791743	3.21e-113	411
NC_003076.8:20398316-20399839	NC_003070.9	93.141	277	18	1	1	276	8115426	8115702	1.49e-111	405
NC_003076.8:20398316-20399839	NC_003070.9	93.141	277	18	1	1	276	13017251	13016975	1.49e-111	405
NC_003076.8:20398316-20399839	NC_003070.9	93.141	277	18	1	1	276	19063316	19063592	1.49e-111	405
NC_003076.8:20398316-20399839	NC_003070.9	92.780	277	19	1	1	276	9816867	9817143	6.95e-110	399
NC_003076.8:20398316-20399839	NC_003070.9	92.500	280	20	1	1	279	19328595	19328316	6.95e-110	399
NC_003076.8:20398316-20399839	NC_003070.9	93.939	264	15	1	1	264	19173243	19172981	2.50e-109	398
NC_003076.8:20398316-20399839	NC_003070.9	92.419	277	20	1	1	276	19062622	19062898	3.24e-108	394
NC_003076.8:20398316-20399839	NC_003070.9	92.143	280	21	1	1	279	22993404	22993125	3.24e-108	394
NC_003076.8:20398316-20399839	NC_003070.9	92.058	277	20	2	1	276	7035865	7036140	1.51e-106	388
NC_003076.8:20398316-20399839	NC_003070.9	92.446	278	12	6	1	270	22450589	22450865	1.51e-106	388
NC_003076.8:20398316-20399839	NC_003070.9	93.774	257	15	1	15	270	15939781	15940037	1.95e-105	385
NC_003076.8:20398316-20399839	NC_003070.9	91.697	277	22	1	1	276	16904449	16904725	7.00e-105	383
NC_003076.8:20398316-20399839	NC_003070.9	91.727	278	20	3	1	276	17900535	17900811	7.00e-105	383
NC_003076.8:20398316-20399839	NC_003070.9	91.071	280	24	1	1	279	9866752	9866473	3.26e-103	377
NC_003076.8:20398316-20399839	NC_003070.9	93.625	251	15	1	1	250	11700353	11700603	4.21e-102	374
NC_003076.8:20398316-20399839	NC_003070.9	90.714	280	25	1	1	279	30254851	30254572	1.52e-101	372
NC_003076.8:20398316-20399839	NC_003070.9	89.892	277	27	1	1	276	16807671	16807947	1.53e-96	355
NC_003076.8:20398316-20399839	NC_003070.9	95.610	205	9	0	1	205	2234592	2234388	9.25e-89	329
NC_003076.8:20398316-20399839	NC_003070.9	88.889	207	18	5	1	203	16825186	16825391	7.41e-65	250
NC_003076.8:20398316-20399839	NC_003070.9	88.889	207	16	7	1	203	23214339	23214542	2.67e-64	248
NC_003076.8:20398316-20399839	NC_003070.9	88.406	207	19	5	1	203	12364807	12365012	3.45e-63	244
NC_003076.8:20398316-20399839	NC_003070.9	88.406	207	18	6	1	203	16326117	16326321	3.45e-63	244
NC_003076.8:20398316-20399839	NC_003070.9	88.670	203	18	5	1	199	19466275	19466074	1.24e-62	243
NC_003076.8:20398316-20399839	NC_003070.9	87.383	214	20	7	1	210	12563409	12563199	1.60e-61	239
NC_003076.8:20398316-20399839	NC_003070.9	89.714	175	17	1	1	174	16806827	16807001	1.62e-56	222
NC_003076.8:20398316-20399839	NC_003070.9	96.610	59	2	0	221	279	22621842	22621784	2.84e-19	99.0
NC_003076.8:20269558-20272986	NC_003076.8	100.000	3429	0	0	1	3429	20272986	20269558	0.0	6333
NC_003076.8:20269558-20272986	NC_003076.8	83.264	2880	330	89	1	2821	20262665	20259879	0.0	2508
NC_003076.8:20269558-20272986	NC_003076.8	91.046	927	74	6	1894	2815	20265312	20264390	0.0	1243
NC_003076.8:20269558-20272986	NC_003076.8	80.625	320	36	16	3134	3429	20259337	20259020	1.02e-56	224
NC_003076.8:20269558-20272986	NC_003076.8	75.627	279	46	16	1905	2177	15433678	15433416	4.95e-25	119
NC_003076.8:20269558-20272986	NC_003070.9	83.301	1024	128	29	1815	2811	19387615	19386608	0.0	904
NC_003076.8:20278613-20281984	NC_003076.8	100.000	3372	0	0	1	3372	20281984	20278613	0.0	6228
NC_003076.8:20278613-20281984	NC_003076.8	97.301	2112	50	7	1	2109	9590410	9592517	0.0	3578
NC_003076.8:20278613-20281984	NC_003076.8	95.532	1343	44	12	1	1332	8746701	8745364	0.0	2134
NC_003076.8:20278613-20281984	NC_003076.8	95.394	1346	42	8	1	1338	9965017	9963684	0.0	2124
NC_003076.8:20278613-20281984	NC_003076.8	94.718	1363	45	9	1	1338	8765709	8767069	0.0	2093
NC_003076.8:20278613-20281984	NC_003076.8	94.577	1346	53	9	1	1338	14082835	14081502	0.0	2063
NC_003076.8:20278613-20281984	NC_003076.8	94.733	1329	52	9	18	1338	17775746	17777064	0.0	2050
NC_003076.8:20278613-20281984	NC_003076.8	93.984	1363	50	10	1	1338	20682406	20681051	0.0	2034
NC_003076.8:20278613-20281984	NC_003076.8	93.805	1372	49	8	2	1338	5430061	5428691	0.0	2030
NC_003076.8:20278613-20281984	NC_003076.8	93.777	1366	54	10	1	1338	17365025	17366387	0.0	2023
NC_003076.8:20278613-20281984	NC_003076.8	93.745	1359	51	8	1	1334	14151294	14149945	0.0	2008
NC_003076.8:20278613-20281984	NC_003076.8	93.421	1368	57	8	1	1338	19742617	19741253	0.0	1997
NC_003076.8:20278613-20281984	NC_003076.8	93.690	1347	62	11	1	1338	16356475	16357807	0.0	1995
NC_003076.8:20278613-20281984	NC_003076.8	93.462	1346	67	10	1	1338	1898645	1897313	0.0	1978
NC_003076.8:20278613-20281984	NC_003076.8	93.111	1350	56	16	16	1338	24187899	24186560	0.0	1943
NC_003076.8:20278613-20281984	NC_003076.8	98.322	1073	15	3	52	1121	17618634	17617562	0.0	1879
NC_003076.8:20278613-20281984	NC_003076.8	92.457	1339	58	21	1	1312	9559507	9558185	0.0	1873
NC_003076.8:20278613-20281984	NC_003076.8	93.814	1261	47	17	1	1244	4782228	4780982	0.0	1868
NC_003076.8:20278613-20281984	NC_003076.8	94.852	1185	46	10	140	1314	4312671	4313850	0.0	1836
NC_003076.8:20278613-20281984	NC_003076.8	95.426	1115	38	6	1	1111	15606601	15605496	0.0	1764
NC_003076.8:20278613-20281984	NC_003076.8	92.282	1179	53	12	1	1157	11025336	11026498	0.0	1639
NC_003076.8:20278613-20281984	NC_003076.8	94.853	952	29	6	1	933	18853952	18854902	0.0	1469
NC_003076.8:20278613-20281984	NC_003076.8	94.283	892	44	6	2481	3369	13733605	13734492	0.0	1358
NC_003076.8:20278613-20281984	NC_003076.8	94.774	842	22	6	1	822	21530089	21530928	0.0	1291
NC_003076.8:20278613-20281984	NC_003076.8	92.058	894	60	7	2481	3372	14079419	14080303	0.0	1247
NC_003076.8:20278613-20281984	NC_003076.8	91.935	868	62	8	2485	3351	5648763	5647903	0.0	1208
NC_003076.8:20278613-20281984	NC_003076.8	89.113	891	85	11	2485	3369	7488977	7488093	0.0	1098
NC_003076.8:20278613-20281984	NC_003076.8	88.260	954	65	24	1	921	9612591	9613530	0.0	1098
NC_003076.8:20278613-20281984	NC_003076.8	88.877	908	73	13	2485	3372	15031812	15030913	0.0	1092
NC_003076.8:20278613-20281984	NC_003076.8	89.462	873	81	11	2481	3348	15536017	15535151	0.0	1092
NC_003076.8:20278613-20281984	NC_003076.8	88.690	893	86	14	2485	3369	22020973	22021858	0.0	1075
NC_003076.8:20278613-20281984	NC_003076.8	95.646	666	26	3	1	664	7154439	7153775	0.0	1066
NC_003076.8:20278613-20281984	NC_003076.8	88.354	893	83	11	2484	3372	23130215	23129340	0.0	1053
NC_003076.8:20278613-20281984	NC_003076.8	88.255	894	84	13	2483	3371	8602696	8601819	0.0	1050
NC_003076.8:20278613-20281984	NC_003076.8	88.777	891	55	14	2484	3372	19912701	19913548	0.0	1050
NC_003076.8:20278613-20281984	NC_003076.8	87.906	893	77	22	2485	3371	15162255	15163122	0.0	1022
NC_003076.8:20278613-20281984	NC_003076.8	91.460	726	45	10	2484	3208	17956549	17955840	0.0	981
NC_003076.8:20278613-20281984	NC_003076.8	91.643	718	34	9	235	932	8683118	8683829	0.0	970
NC_003076.8:20278613-20281984	NC_003076.8	94.728	626	29	4	1496	2121	17617744	17617123	0.0	970
NC_003076.8:20278613-20281984	NC_003076.8	91.915	705	38	7	2484	3186	26891637	26892324	0.0	968
NC_003076.8:20278613-20281984	NC_003076.8	89.017	783	78	7	2499	3275	26892547	26893327	0.0	963
NC_003076.8:20278613-20281984	NC_003076.8	91.513	707	40	9	2481	3186	17481147	17481834	0.0	955
NC_003076.8:20278613-20281984	NC_003076.8	91.061	716	43	6	235	932	7711270	7711982	0.0	948
NC_003076.8:20278613-20281984	NC_003076.8	88.235	799	84	10	2484	3275	9866840	9867635	0.0	946
NC_003076.8:20278613-20281984	NC_003076.8	88.065	796	86	8	2485	3275	17398749	17397958	0.0	935
NC_003076.8:20278613-20281984	NC_003076.8	90.782	716	40	9	235	930	14761045	14760336	0.0	933
NC_003076.8:20278613-20281984	NC_003076.8	90.403	719	44	9	237	935	15342559	15341846	0.0	922
NC_003076.8:20278613-20281984	NC_003076.8	89.598	721	51	8	235	935	13918658	13917942	0.0	894
NC_003076.8:20278613-20281984	NC_003076.8	87.170	795	83	10	2485	3275	16372999	16373778	0.0	885
NC_003076.8:20278613-20281984	NC_003076.8	86.951	797	83	11	2485	3275	24313641	24314422	0.0	876
NC_003076.8:20278613-20281984	NC_003076.8	88.340	729	67	12	2485	3208	9298126	9298841	0.0	859
NC_003076.8:20278613-20281984	NC_003076.8	89.014	710	42	16	246	932	354275	354971	0.0	846
NC_003076.8:20278613-20281984	NC_003076.8	90.373	644	40	6	235	859	19931420	19930780	0.0	826
NC_003076.8:20278613-20281984	NC_003076.8	90.373	644	39	7	235	859	5129697	5129058	0.0	824
NC_003076.8:20278613-20281984	NC_003076.8	90.190	632	34	11	322	932	19670974	19671598	0.0	798
NC_003076.8:20278613-20281984	NC_003076.8	82.979	893	94	31	2485	3372	16031387	16030548	0.0	754
NC_003076.8:20278613-20281984	NC_003076.8	93.580	405	18	4	940	1338	8354352	8353950	5.13e-169	597
NC_003076.8:20278613-20281984	NC_003076.8	93.580	405	16	4	940	1338	15043270	15042870	1.85e-168	595
NC_003076.8:20278613-20281984	NC_003076.8	93.103	406	20	4	940	1338	24476433	24476029	3.09e-166	588
NC_003076.8:20278613-20281984	NC_003076.8	93.300	403	17	4	945	1338	5977890	5977489	1.11e-165	586
NC_003076.8:20278613-20281984	NC_003076.8	93.103	406	19	3	940	1338	22232106	22231703	1.11e-165	586
NC_003076.8:20278613-20281984	NC_003076.8	92.611	406	19	6	940	1338	10714580	10714981	8.65e-162	573
NC_003076.8:20278613-20281984	NC_003076.8	92.965	398	19	5	947	1338	15577260	15576866	3.11e-161	571
NC_003076.8:20278613-20281984	NC_003076.8	87.426	509	42	9	1488	1982	15605668	15605168	1.45e-159	566
NC_003076.8:20278613-20281984	NC_003076.8	96.471	340	12	0	1339	1678	5978052	5977713	1.87e-158	562
NC_003076.8:20278613-20281984	NC_003076.8	96.221	344	11	2	1339	1681	15043427	15043085	1.87e-158	562
NC_003076.8:20278613-20281984	NC_003076.8	92.462	398	20	6	948	1338	21776866	21776472	6.73e-158	560
NC_003076.8:20278613-20281984	NC_003076.8	95.588	340	15	0	1339	1678	24476590	24476251	1.89e-153	545
NC_003076.8:20278613-20281984	NC_003076.8	94.767	344	17	1	1339	1681	9133954	9134297	4.08e-150	534
NC_003076.8:20278613-20281984	NC_003076.8	94.706	340	17	1	1339	1678	22232263	22231925	6.83e-148	527
NC_003076.8:20278613-20281984	NC_003076.8	94.412	340	19	0	1339	1678	8354509	8354170	8.83e-147	523
NC_003076.8:20278613-20281984	NC_003076.8	94.118	340	20	0	1339	1678	21777031	21776692	4.11e-145	518
NC_003076.8:20278613-20281984	NC_003076.8	92.997	357	20	5	1	355	4312436	4312789	1.48e-144	516
NC_003076.8:20278613-20281984	NC_003076.8	94.065	337	20	0	1342	1678	15577421	15577085	1.91e-143	512
NC_003076.8:20278613-20281984	NC_003076.8	93.235	340	21	2	1339	1678	10714425	10714762	1.49e-139	499
NC_003076.8:20278613-20281984	NC_003076.8	95.486	288	11	2	1694	1980	8767017	8767303	2.53e-127	459
NC_003076.8:20278613-20281984	NC_003076.8	91.202	341	25	5	235	573	25264649	25264986	2.53e-127	459
NC_003076.8:20278613-20281984	NC_003076.8	95.139	288	12	2	1694	1980	20681103	20680817	1.18e-125	453
NC_003076.8:20278613-20281984	NC_003076.8	95.139	288	13	1	1694	1980	24476081	24475794	1.18e-125	453
NC_003076.8:20278613-20281984	NC_003076.8	94.755	286	14	1	1696	1980	11027112	11027397	7.08e-123	444
NC_003076.8:20278613-20281984	NC_003076.8	94.158	291	15	2	1694	1982	1897365	1897075	2.54e-122	442
NC_003076.8:20278613-20281984	NC_003076.8	94.158	291	15	2	1694	1982	14081554	14081264	2.54e-122	442
NC_003076.8:20278613-20281984	NC_003076.8	94.444	288	15	1	1694	1980	15042922	15042635	2.54e-122	442
NC_003076.8:20278613-20281984	NC_003076.8	93.857	293	14	2	1694	1982	5977544	5977252	3.29e-121	438
NC_003076.8:20278613-20281984	NC_003076.8	92.810	306	17	4	1694	1996	17366334	17366637	3.29e-121	438
NC_003076.8:20278613-20281984	NC_003076.8	94.406	286	15	1	1696	1980	22231753	22231468	3.29e-121	438
NC_003076.8:20278613-20281984	NC_003076.8	93.750	288	16	2	1694	1980	5428743	5428457	5.51e-119	431
NC_003076.8:20278613-20281984	NC_003076.8	93.750	288	17	1	1694	1980	8354002	8353715	5.51e-119	431
NC_003076.8:20278613-20281984	NC_003076.8	93.471	291	17	1	1694	1982	9963736	9963446	5.51e-119	431
NC_003076.8:20278613-20281984	NC_003076.8	93.728	287	18	0	1694	1980	14149994	14149708	5.51e-119	431
NC_003076.8:20278613-20281984	NC_003076.8	93.471	291	17	2	1694	1982	18855128	18855418	5.51e-119	431
NC_003076.8:20278613-20281984	NC_003076.8	93.471	291	16	3	1694	1982	8745411	8745122	1.98e-118	429
NC_003076.8:20278613-20281984	NC_003076.8	93.426	289	17	2	1696	1982	19741303	19741015	7.13e-118	427
NC_003076.8:20278613-20281984	NC_003076.8	93.403	288	18	1	1694	1980	16357755	16358042	2.56e-117	425
NC_003076.8:20278613-20281984	NC_003076.8	94.056	286	7	5	1059	1338	18854899	18855180	2.56e-117	425
NC_003076.8:20278613-20281984	NC_003076.8	93.103	290	18	2	1694	1982	24186612	24186324	9.22e-117	424
NC_003076.8:20278613-20281984	NC_003076.8	93.286	283	17	2	640	921	3019805	3019524	1.54e-114	416
NC_003076.8:20278613-20281984	NC_003076.8	93.863	277	15	2	657	932	20398316	20398591	1.54e-114	416
NC_003076.8:20278613-20281984	NC_003076.8	93.640	283	10	4	1062	1338	21530929	21531209	1.54e-114	416
NC_003076.8:20278613-20281984	NC_003076.8	82.364	533	41	19	2869	3370	19408889	19408379	5.55e-114	414
NC_003076.8:20278613-20281984	NC_003076.8	96.047	253	9	1	1	253	17796785	17796534	7.18e-113	411
NC_003076.8:20278613-20281984	NC_003076.8	92.361	288	21	1	1694	1980	17777012	17777299	2.58e-112	409
NC_003076.8:20278613-20281984	NC_003076.8	92.096	291	20	3	1694	1982	4314079	4314368	9.28e-112	407
NC_003076.8:20278613-20281984	NC_003076.8	94.361	266	13	2	1694	1958	21531157	21531421	9.28e-112	407
NC_003076.8:20278613-20281984	NC_003076.8	93.333	270	16	2	1715	1982	4780980	4780711	5.59e-109	398
NC_003076.8:20278613-20281984	NC_003076.8	92.000	275	22	0	1344	1618	25904738	25905012	1.21e-105	387
NC_003076.8:20278613-20281984	NC_003076.8	91.538	260	17	5	1	256	3020196	3019938	1.23e-95	353
NC_003076.8:20278613-20281984	NC_003076.8	93.833	227	13	1	235	461	3020057	3019832	9.55e-92	340
NC_003076.8:20278613-20281984	NC_003076.8	91.016	256	14	4	1083	1332	4313874	4314126	1.24e-90	337
NC_003076.8:20278613-20281984	NC_003076.8	90.000	260	20	6	1	256	19931558	19931301	5.75e-89	331
NC_003076.8:20278613-20281984	NC_003076.8	91.949	236	16	3	3138	3372	19101876	19102109	7.43e-88	327
NC_003076.8:20278613-20281984	NC_003076.8	89.615	260	22	5	1	256	25264511	25264769	2.67e-87	326
NC_003076.8:20278613-20281984	NC_003076.8	89.615	260	19	6	1	256	15342696	15342441	9.62e-87	324
NC_003076.8:20278613-20281984	NC_003076.8	91.525	236	18	2	3137	3371	24449141	24449375	9.62e-87	324
NC_003076.8:20278613-20281984	NC_003076.8	91.489	235	18	2	3138	3371	17726752	17726985	3.46e-86	322
NC_003076.8:20278613-20281984	NC_003076.8	95.050	202	10	0	1694	1895	15576918	15576717	4.47e-85	318
NC_003076.8:20278613-20281984	NC_003076.8	91.139	237	17	4	3138	3371	22621413	22621178	4.47e-85	318
NC_003076.8:20278613-20281984	NC_003076.8	88.846	260	17	6	1	256	13918790	13918539	2.69e-82	309
NC_003076.8:20278613-20281984	NC_003076.8	94.059	202	12	0	1694	1895	21776524	21776323	9.69e-82	307
NC_003076.8:20278613-20281984	NC_003076.8	96.175	183	7	0	1496	1678	5429094	5428912	1.62e-79	300
NC_003076.8:20278613-20281984	NC_003076.8	96.175	183	7	0	1496	1678	8766666	8766848	1.62e-79	300
NC_003076.8:20278613-20281984	NC_003076.8	96.175	183	7	0	1496	1678	14150343	14150161	1.62e-79	300
NC_003076.8:20278613-20281984	NC_003076.8	95.722	187	7	1	1496	1681	19741654	19741468	1.62e-79	300
NC_003076.8:20278613-20281984	NC_003076.8	89.300	243	15	8	3138	3372	9068407	9068168	7.54e-78	294
NC_003076.8:20278613-20281984	NC_003076.8	95.628	183	7	1	1496	1678	4313474	4313655	2.71e-77	292
NC_003076.8:20278613-20281984	NC_003076.8	95.161	186	8	1	1496	1681	8745759	8745575	2.71e-77	292
NC_003076.8:20278613-20281984	NC_003076.8	86.301	292	13	12	1694	1982	10714928	10715195	2.71e-77	292
NC_003076.8:20278613-20281984	NC_003076.8	94.652	187	9	1	1496	1681	4781290	4781104	3.51e-76	289
NC_003076.8:20278613-20281984	NC_003076.8	88.382	241	27	1	2483	2723	5592789	5593028	3.51e-76	289
NC_003076.8:20278613-20281984	NC_003076.8	95.109	184	8	1	1155	1338	11026980	11027162	3.51e-76	289
NC_003076.8:20278613-20281984	NC_003076.8	95.109	184	8	1	1496	1678	17365983	17366166	3.51e-76	289
NC_003076.8:20278613-20281984	NC_003076.8	95.082	183	9	0	1496	1678	20681453	20681271	3.51e-76	289
NC_003076.8:20278613-20281984	NC_003076.8	95.082	183	8	1	1496	1678	9591350	9591531	1.26e-75	287
NC_003076.8:20278613-20281984	NC_003076.8	95.082	183	8	1	940	1121	20280489	20280307	1.26e-75	287
NC_003076.8:20278613-20281984	NC_003076.8	95.082	183	8	1	1496	1678	20281045	20280864	1.26e-75	287
NC_003076.8:20278613-20281984	NC_003076.8	92.893	197	13	1	1485	1681	24186970	24186775	4.54e-75	285
NC_003076.8:20278613-20281984	NC_003076.8	88.333	240	22	6	3138	3372	3566679	3566917	1.63e-74	283
NC_003076.8:20278613-20281984	NC_003076.8	94.536	183	10	0	1496	1678	11026281	11026463	1.63e-74	283
NC_003076.8:20278613-20281984	NC_003076.8	88.048	251	12	14	3138	3372	7417661	7417909	5.87e-74	281
NC_003076.8:20278613-20281984	NC_003076.8	94.505	182	9	1	940	1120	9591905	9592086	2.11e-73	279
NC_003076.8:20278613-20281984	NC_003076.8	93.478	184	11	1	940	1122	9134111	9134294	3.53e-71	272
NC_003076.8:20278613-20281984	NC_003076.8	93.548	186	4	1	1496	1681	9558551	9558374	1.27e-70	270
NC_003076.8:20278613-20281984	NC_003076.8	92.818	181	10	3	2	181	19670802	19670980	2.75e-67	259
NC_003076.8:20278613-20281984	NC_003076.8	91.979	187	6	2	1496	1681	9964077	9963899	1.28e-65	254
NC_003076.8:20278613-20281984	NC_003076.8	90.256	195	9	3	1488	1681	16357407	16357592	2.14e-63	246
NC_003076.8:20278613-20281984	NC_003076.8	90.256	195	10	4	1484	1678	17776658	17776843	2.14e-63	246
NC_003076.8:20278613-20281984	NC_003076.8	93.373	166	9	2	3138	3302	22335258	22335094	7.70e-63	244
NC_003076.8:20278613-20281984	NC_003076.8	85.484	248	18	7	1	246	354140	354371	2.77e-62	243
NC_003076.8:20278613-20281984	NC_003076.8	90.860	186	9	1	1496	1681	1897707	1897530	2.77e-62	243
NC_003076.8:20278613-20281984	NC_003076.8	86.076	237	20	4	3138	3372	9557883	9557658	2.77e-62	243
NC_003076.8:20278613-20281984	NC_003076.8	86.017	236	21	3	3138	3372	16871256	16871480	2.77e-62	243
NC_003076.8:20278613-20281984	NC_003076.8	87.671	219	11	10	3138	3341	26015634	26015851	9.96e-62	241
NC_003076.8:20278613-20281984	NC_003076.8	90.608	181	9	1	1496	1676	14081897	14081725	1.67e-59	233
NC_003076.8:20278613-20281984	NC_003076.8	89.617	183	16	3	3191	3372	13231894	13232074	2.16e-58	230
NC_003076.8:20278613-20281984	NC_003076.8	84.291	261	14	14	3138	3371	24118290	24118550	2.16e-58	230
NC_003076.8:20278613-20281984	NC_003076.8	89.535	172	17	1	3200	3371	14873883	14874053	1.68e-54	217
NC_003076.8:20278613-20281984	NC_003076.8	84.483	232	23	5	3138	3369	16713173	16713391	1.68e-54	217
NC_003076.8:20278613-20281984	NC_003076.8	84.681	235	14	7	3138	3371	24586843	24587056	6.04e-54	215
NC_003076.8:20278613-20281984	NC_003076.8	83.830	235	17	6	3138	3371	7700852	7700638	1.31e-50	204
NC_003076.8:20278613-20281984	NC_003076.8	83.404	235	16	4	3138	3371	14103879	14103667	2.19e-48	196
NC_003076.8:20278613-20281984	NC_003076.8	88.312	154	14	3	1339	1491	13982136	13982286	6.12e-44	182
NC_003076.8:20278613-20281984	NC_003076.8	91.057	123	11	0	940	1062	25904890	25905012	1.72e-39	167
NC_003076.8:20278613-20281984	NC_003076.8	88.060	134	14	2	3239	3371	7070385	7070517	1.03e-36	158
NC_003076.8:20278613-20281984	NC_003076.8	93.000	100	6	1	1	100	20398218	20398316	8.04e-33	145
NC_003076.8:20278613-20281984	NC_003076.8	95.455	88	3	1	1894	1980	7153774	7153687	3.74e-31	139
NC_003076.8:20278613-20281984	NC_003076.8	91.837	98	6	2	1884	1980	25905017	25905113	4.84e-30	135
NC_003076.8:20278613-20281984	NC_003076.8	93.750	80	5	0	1339	1418	7154438	7154359	1.35e-25	121
NC_003076.8:20278613-20281984	NC_003076.8	93.750	80	5	0	1339	1418	8746700	8746621	1.35e-25	121
NC_003076.8:20278613-20281984	NC_003076.8	93.750	80	5	0	1339	1418	9559506	9559427	1.35e-25	121
NC_003076.8:20278613-20281984	NC_003076.8	92.771	83	6	0	1336	1418	9590408	9590490	1.35e-25	121
NC_003076.8:20278613-20281984	NC_003076.8	93.750	80	5	0	1339	1418	9965016	9964937	1.35e-25	121
NC_003076.8:20278613-20281984	NC_003076.8	93.750	80	5	0	1339	1418	14082834	14082755	1.35e-25	121
NC_003076.8:20278613-20281984	NC_003076.8	93.750	80	5	0	1339	1418	14151293	14151214	1.35e-25	121
NC_003076.8:20278613-20281984	NC_003076.8	93.750	80	5	0	1339	1418	15606600	15606521	1.35e-25	121
NC_003076.8:20278613-20281984	NC_003076.8	93.750	80	5	0	1339	1418	17796784	17796705	1.35e-25	121
NC_003076.8:20278613-20281984	NC_003076.8	93.750	80	5	0	1339	1418	18853953	18854032	1.35e-25	121
NC_003076.8:20278613-20281984	NC_003076.8	100.000	64	0	0	1615	1678	18854899	18854962	4.87e-25	119
NC_003076.8:20278613-20281984	NC_003076.8	92.500	80	6	0	1339	1418	354141	354220	6.30e-24	115
NC_003076.8:20278613-20281984	NC_003076.8	92.500	80	6	0	1339	1418	11025337	11025416	6.30e-24	115
NC_003076.8:20278613-20281984	NC_003076.8	92.593	81	5	1	1339	1419	17365026	17365105	6.30e-24	115
NC_003076.8:20278613-20281984	NC_003076.8	92.500	80	6	0	1339	1418	19931557	19931478	6.30e-24	115
NC_003076.8:20278613-20281984	NC_003076.8	92.500	80	6	0	1339	1418	21530090	21530169	6.30e-24	115
NC_003076.8:20278613-20281984	NC_003076.8	91.250	80	7	0	1339	1418	3020195	3020116	2.93e-22	110
NC_003076.8:20278613-20281984	NC_003076.8	91.250	80	7	0	1339	1418	13918789	13918710	2.93e-22	110
NC_003076.8:20278613-20281984	NC_003076.8	91.250	80	7	0	1339	1418	25264512	25264591	2.93e-22	110
NC_003076.8:20278613-20281984	NC_003076.8	98.361	61	1	0	1618	1678	21530929	21530989	1.05e-21	108
NC_003076.8:20278613-20281984	NC_003076.8	90.123	81	8	0	1	81	5978053	5977973	3.79e-21	106
NC_003076.8:20278613-20281984	NC_003076.8	88.506	87	10	0	1332	1418	19742623	19742537	3.79e-21	106
NC_003076.8:20278613-20281984	NC_003076.8	98.305	59	1	0	1276	1334	15605466	15605408	1.36e-20	104
NC_003076.8:20278613-20281984	NC_003076.8	90.000	80	8	0	2	81	20280646	20280567	1.36e-20	104
NC_003076.8:20278613-20281984	NC_003076.8	90.000	80	8	0	1339	1418	20281983	20281904	1.36e-20	104
NC_003076.8:20278613-20281984	NC_003076.8	88.506	87	9	1	1333	1418	20398212	20398298	1.36e-20	104
NC_003076.8:20278613-20281984	NC_003076.8	95.312	64	3	0	1	64	15043428	15043365	4.91e-20	102
NC_003076.8:20278613-20281984	NC_003076.8	89.024	82	7	2	1	81	9133953	9134033	1.76e-19	100
NC_003076.8:20278613-20281984	NC_003076.8	87.500	88	10	1	1332	1418	15342702	15342615	1.76e-19	100
NC_003076.8:20278613-20281984	NC_003076.8	88.750	80	9	0	2	81	9591748	9591827	6.35e-19	99.0
NC_003076.8:20278613-20281984	NC_003076.8	88.750	80	9	0	1339	1418	19670802	19670881	6.35e-19	99.0
NC_003076.8:20278613-20281984	NC_003076.8	92.308	65	4	1	1	64	13982135	13982199	1.06e-16	91.6
NC_003076.8:20278613-20281984	NC_003076.8	92.188	64	5	0	1355	1418	17775746	17775809	1.06e-16	91.6
NC_003076.8:20278613-20281984	NC_003076.8	96.296	54	2	0	1922	1975	15576716	15576663	3.82e-16	89.8
NC_003076.8:20278613-20281984	NC_003076.8	89.231	65	7	0	3307	3371	24314431	24314495	6.39e-14	82.4
NC_003076.8:20278613-20281984	NC_003076.8	89.062	64	7	0	3308	3371	26893336	26893399	2.30e-13	80.5
NC_003076.8:20278613-20281984	NC_003076.8	100.000	40	0	0	1639	1678	4313874	4313913	1.07e-11	75.0
NC_003076.8:20278613-20281984	NC_003070.9	98.957	2110	19	3	1	2109	12330053	12327946	0.0	3771
NC_003076.8:20278613-20281984	NC_003070.9	97.539	2113	45	7	1	2109	22994060	22991951	0.0	3607
NC_003076.8:20278613-20281984	NC_003070.9	97.492	2113	47	6	1	2109	30253107	30250997	0.0	3603
NC_003076.8:20278613-20281984	NC_003070.9	98.462	1235	16	3	877	2109	22621842	22620609	0.0	2172
NC_003076.8:20278613-20281984	NC_003070.9	95.840	1346	46	6	1	1338	9816210	9817553	0.0	2167
NC_003076.8:20278613-20281984	NC_003070.9	95.672	1340	46	8	1	1332	13058823	13060158	0.0	2143
NC_003076.8:20278613-20281984	NC_003070.9	94.803	1347	49	10	1	1338	8114770	8116104	0.0	2080
NC_003076.8:20278613-20281984	NC_003070.9	94.412	1360	48	11	1	1334	26171480	26170123	0.0	2065
NC_003076.8:20278613-20281984	NC_003070.9	93.846	1365	52	12	1	1338	7035191	7036550	0.0	2026
NC_003076.8:20278613-20281984	NC_003070.9	93.690	1347	48	15	1	1338	19995734	19994416	0.0	1982
NC_003076.8:20278613-20281984	NC_003070.9	93.671	1343	54	9	1	1334	501372	500052	0.0	1980
NC_003076.8:20278613-20281984	NC_003070.9	93.477	1349	58	8	14	1338	30255510	30254168	0.0	1977
NC_003076.8:20278613-20281984	NC_003070.9	93.353	1354	59	12	1	1338	22449931	22451269	0.0	1973
NC_003076.8:20278613-20281984	NC_003070.9	93.119	1366	61	10	1	1338	17899863	17901223	0.0	1971
NC_003076.8:20278613-20281984	NC_003070.9	93.180	1349	53	17	1	1338	11737393	11736073	0.0	1945
NC_003076.8:20278613-20281984	NC_003070.9	92.538	1367	57	13	1	1338	9867414	9866064	0.0	1917
NC_003076.8:20278613-20281984	NC_003070.9	92.715	1359	46	14	1	1338	16903800	16905126	0.0	1912
NC_003076.8:20278613-20281984	NC_003070.9	93.291	1267	50	15	5	1246	19329256	19328000	0.0	1836
NC_003076.8:20278613-20281984	NC_003070.9	95.938	960	35	4	1	957	19061965	19062923	0.0	1554
NC_003076.8:20278613-20281984	NC_003070.9	96.913	907	26	2	1	906	11699698	11700603	0.0	1519
NC_003076.8:20278613-20281984	NC_003070.9	93.861	1010	43	8	337	1338	13017571	13016573	0.0	1504
NC_003076.8:20278613-20281984	NC_003070.9	94.824	850	33	4	265	1111	19062923	19063764	0.0	1315
NC_003076.8:20278613-20281984	NC_003070.9	94.768	841	23	6	1	822	12364135	12364973	0.0	1290
NC_003076.8:20278613-20281984	NC_003070.9	94.649	841	20	7	1	822	16824518	16825352	0.0	1280
NC_003076.8:20278613-20281984	NC_003070.9	94.431	844	20	9	1	822	23213666	23214504	0.0	1273
NC_003076.8:20278613-20281984	NC_003070.9	94.201	845	22	10	1	822	19466949	19466109	0.0	1264
NC_003076.8:20278613-20281984	NC_003070.9	93.720	844	27	9	1	822	16325444	16326283	0.0	1242
NC_003076.8:20278613-20281984	NC_003070.9	93.571	840	35	8	1	822	12564081	12563243	0.0	1234
NC_003076.8:20278613-20281984	NC_003070.9	94.438	809	29	4	1	808	4785461	4786254	0.0	1230
NC_003076.8:20278613-20281984	NC_003070.9	91.798	890	35	7	2485	3371	21616151	21615297	0.0	1205
NC_003076.8:20278613-20281984	NC_003070.9	92.317	833	27	11	514	1338	18791324	18792127	0.0	1149
NC_003076.8:20278613-20281984	NC_003070.9	88.386	973	72	17	1	939	16806989	16807954	0.0	1133
NC_003076.8:20278613-20281984	NC_003070.9	89.539	889	80	12	2488	3371	9418943	9418063	0.0	1114
NC_003076.8:20278613-20281984	NC_003070.9	89.286	896	75	18	2485	3372	21127989	21128871	0.0	1103
NC_003076.8:20278613-20281984	NC_003070.9	89.062	896	77	12	2481	3371	8538884	8539763	0.0	1092
NC_003076.8:20278613-20281984	NC_003070.9	88.616	896	86	15	2485	3371	11670245	11669357	0.0	1075
NC_003076.8:20278613-20281984	NC_003070.9	90.023	852	54	10	2484	3334	14014232	14013411	0.0	1074
NC_003076.8:20278613-20281984	NC_003070.9	88.690	893	81	16	2488	3371	20167552	20166671	0.0	1072
NC_003076.8:20278613-20281984	NC_003070.9	88.677	892	78	11	2485	3371	9385033	9384160	0.0	1066
NC_003076.8:20278613-20281984	NC_003070.9	88.432	899	84	17	2484	3372	12618637	12619525	0.0	1066
NC_003076.8:20278613-20281984	NC_003070.9	88.242	893	81	12	2485	3372	18301142	18300269	0.0	1046
NC_003076.8:20278613-20281984	NC_003070.9	87.431	907	88	15	2485	3371	697374	696474	0.0	1020
NC_003076.8:20278613-20281984	NC_003070.9	87.125	901	98	14	2484	3371	20513678	20514573	0.0	1005
NC_003076.8:20278613-20281984	NC_003070.9	87.656	883	84	15	2491	3366	3250610	3251474	0.0	1003
NC_003076.8:20278613-20281984	NC_003070.9	93.926	675	20	7	671	1338	15939781	15940441	0.0	1000
NC_003076.8:20278613-20281984	NC_003070.9	88.270	844	57	21	1	812	16806150	16806983	0.0	972
NC_003076.8:20278613-20281984	NC_003070.9	92.086	695	31	8	235	910	17552860	17552171	0.0	957
NC_003076.8:20278613-20281984	NC_003070.9	91.111	720	42	6	235	935	1977027	1976311	0.0	955
NC_003076.8:20278613-20281984	NC_003070.9	85.479	971	76	32	1	939	13262203	13261266	0.0	952
NC_003076.8:20278613-20281984	NC_003070.9	95.318	598	28	0	1385	1982	23876173	23876770	0.0	950
NC_003076.8:20278613-20281984	NC_003070.9	90.972	720	40	9	235	935	14299705	14298992	0.0	946
NC_003076.8:20278613-20281984	NC_003070.9	90.821	719	43	7	235	935	29320592	29319879	0.0	941
NC_003076.8:20278613-20281984	NC_003070.9	90.503	716	46	6	235	932	6736003	6736714	0.0	926
NC_003076.8:20278613-20281984	NC_003070.9	91.053	693	40	12	246	920	19085234	19085922	0.0	917
NC_003076.8:20278613-20281984	NC_003070.9	90.084	716	48	7	235	932	17368	18078	0.0	907
NC_003076.8:20278613-20281984	NC_003070.9	90.620	693	41	11	246	920	19173667	19172981	0.0	898
NC_003076.8:20278613-20281984	NC_003070.9	89.583	720	51	8	235	935	3074585	3073871	0.0	893
NC_003076.8:20278613-20281984	NC_003070.9	85.045	896	108	22	2484	3371	5437789	5436912	0.0	889
NC_003076.8:20278613-20281984	NC_003070.9	89.929	705	45	9	246	930	8291436	8290738	0.0	885
NC_003076.8:20278613-20281984	NC_003070.9	89.845	709	40	16	246	935	12855858	12855163	0.0	881
NC_003076.8:20278613-20281984	NC_003070.9	84.835	910	89	19	2484	3372	29775141	29774260	0.0	870
NC_003076.8:20278613-20281984	NC_003070.9	85.000	900	86	20	2481	3372	8623613	8622755	0.0	869
NC_003076.8:20278613-20281984	NC_003070.9	86.558	796	86	11	2484	3275	6514475	6515253	0.0	857
NC_003076.8:20278613-20281984	NC_003070.9	90.839	644	37	6	235	859	2235029	2234389	0.0	843
NC_003076.8:20278613-20281984	NC_003070.9	97.863	468	10	0	1	468	22622305	22621838	0.0	809
NC_003076.8:20278613-20281984	NC_003070.9	86.759	725	62	12	2481	3175	10239316	10240036	0.0	776
NC_003076.8:20278613-20281984	NC_003070.9	96.746	461	14	1	1	460	15939323	15939783	0.0	767
NC_003076.8:20278613-20281984	NC_003070.9	89.002	591	57	7	2481	3068	3762153	3762738	0.0	725
NC_003076.8:20278613-20281984	NC_003070.9	95.355	409	17	2	1	408	18790927	18791334	0.0	649
NC_003076.8:20278613-20281984	NC_003070.9	94.321	405	14	4	940	1338	12876772	12876371	1.83e-173	612
NC_003076.8:20278613-20281984	NC_003070.9	93.062	418	19	4	927	1338	16998398	16997985	1.10e-170	603
NC_003076.8:20278613-20281984	NC_003070.9	93.415	410	21	5	235	642	18746910	18746505	1.10e-170	603
NC_003076.8:20278613-20281984	NC_003070.9	89.565	460	40	7	2918	3372	10579686	10580142	6.69e-163	577
NC_003076.8:20278613-20281984	NC_003070.9	87.719	513	40	10	1485	1982	19063589	19064093	6.69e-163	577
NC_003076.8:20278613-20281984	NC_003070.9	89.565	460	40	8	2918	3372	20560055	20559599	6.69e-163	577
NC_003076.8:20278613-20281984	NC_003070.9	93.233	399	11	5	947	1338	11700603	11700992	8.65e-162	573
NC_003076.8:20278613-20281984	NC_003070.9	92.099	405	23	5	940	1338	28161194	28161595	1.87e-158	562
NC_003076.8:20278613-20281984	NC_003070.9	92.132	394	21	4	947	1334	3413718	3414107	5.24e-154	547
NC_003076.8:20278613-20281984	NC_003070.9	94.477	344	16	2	1339	1681	12876927	12876586	6.83e-148	527
NC_003076.8:20278613-20281984	NC_003070.9	94.169	343	20	0	1339	1681	3413554	3413896	8.83e-147	523
NC_003076.8:20278613-20281984	NC_003070.9	93.860	342	18	3	1339	1678	28161035	28161375	1.91e-143	512
NC_003076.8:20278613-20281984	NC_003070.9	89.448	417	23	5	534	932	23174140	23174553	8.90e-142	507
NC_003076.8:20278613-20281984	NC_003070.9	95.502	289	11	1	1694	1980	30254220	30253932	7.03e-128	460
NC_003076.8:20278613-20281984	NC_003070.9	95.156	289	12	1	1694	1980	16998037	16997749	3.27e-126	455
NC_003076.8:20278613-20281984	NC_003070.9	94.792	288	14	1	1694	1980	8116052	8116339	5.47e-124	448
NC_003076.8:20278613-20281984	NC_003070.9	94.792	288	14	1	1694	1980	13016625	13016338	5.47e-124	448
NC_003076.8:20278613-20281984	NC_003070.9	94.158	291	15	2	1694	1982	11700940	11701230	2.54e-122	442
NC_003076.8:20278613-20281984	NC_003070.9	94.444	288	15	1	1694	1980	12365214	12365501	2.54e-122	442
NC_003076.8:20278613-20281984	NC_003070.9	94.138	290	14	3	1694	1982	12563003	12562716	3.29e-121	438
NC_003076.8:20278613-20281984	NC_003070.9	93.836	292	16	2	640	930	18746460	18746170	3.29e-121	438
NC_003076.8:20278613-20281984	NC_003070.9	92.581	310	15	4	1032	1334	19769039	19768731	3.29e-121	438
NC_003076.8:20278613-20281984	NC_003070.9	94.097	288	16	1	1694	1980	3414058	3414345	1.18e-120	436
NC_003076.8:20278613-20281984	NC_003070.9	94.097	288	15	2	1694	1980	15940389	15940675	1.18e-120	436
NC_003076.8:20278613-20281984	NC_003070.9	94.097	288	16	1	1694	1980	16326523	16326810	1.18e-120	436
NC_003076.8:20278613-20281984	NC_003070.9	93.814	291	16	2	1694	1982	18792075	18792365	1.18e-120	436
NC_003076.8:20278613-20281984	NC_003070.9	94.097	288	16	1	1694	1980	19465868	19465581	1.18e-120	436
NC_003076.8:20278613-20281984	NC_003070.9	94.097	288	15	2	1694	1980	19768779	19768493	1.18e-120	436
NC_003076.8:20278613-20281984	NC_003070.9	94.056	286	16	1	1696	1980	23214744	23215029	1.53e-119	433
NC_003076.8:20278613-20281984	NC_003070.9	93.750	288	17	1	1694	1980	4786465	4786752	5.51e-119	431
NC_003076.8:20278613-20281984	NC_003070.9	93.750	288	17	1	1694	1980	19994468	19994181	5.51e-119	431
NC_003076.8:20278613-20281984	NC_003070.9	93.448	290	16	1	1694	1980	12876423	12876134	7.13e-118	427
NC_003076.8:20278613-20281984	NC_003070.9	93.403	288	18	1	1694	1980	16905074	16905361	2.56e-117	425
NC_003076.8:20278613-20281984	NC_003070.9	93.403	288	18	1	1694	1980	22451217	22451504	2.56e-117	425
NC_003076.8:20278613-20281984	NC_003070.9	93.127	291	16	1	1694	1980	7036498	7036788	9.22e-117	424
NC_003076.8:20278613-20281984	NC_003070.9	92.808	292	17	3	1694	1982	13060111	13060401	1.19e-115	420
NC_003076.8:20278613-20281984	NC_003070.9	96.094	256	8	2	1	255	25963257	25963003	1.54e-114	416
NC_003076.8:20278613-20281984	NC_003070.9	92.708	288	20	1	1694	1980	16825594	16825881	5.55e-114	414
NC_003076.8:20278613-20281984	NC_003070.9	96.063	254	8	2	1	253	23554439	23554187	2.00e-113	412
NC_003076.8:20278613-20281984	NC_003070.9	97.095	241	6	1	1	241	3910601	3910362	3.34e-111	405
NC_003076.8:20278613-20281984	NC_003070.9	91.930	285	18	4	1714	1996	19328001	19327720	7.23e-108	394
NC_003076.8:20278613-20281984	NC_003070.9	90.429	303	13	8	1694	1980	11736125	11735823	4.35e-105	385
NC_003076.8:20278613-20281984	NC_003070.9	93.870	261	7	5	1085	1338	16825388	16825646	4.35e-105	385
NC_003076.8:20278613-20281984	NC_003070.9	90.972	288	16	5	1694	1980	28161544	28161822	2.02e-103	379
NC_003076.8:20278613-20281984	NC_003070.9	93.774	257	7	4	1088	1338	12563204	12562951	7.28e-103	377
NC_003076.8:20278613-20281984	NC_003070.9	92.481	266	10	5	1079	1338	4786256	4786517	3.39e-101	372
NC_003076.8:20278613-20281984	NC_003070.9	92.509	267	8	5	1080	1338	23214532	23214794	3.39e-101	372
NC_003076.8:20278613-20281984	NC_003070.9	90.592	287	15	2	1694	1980	26170172	26169898	1.22e-100	370
NC_003076.8:20278613-20281984	NC_003070.9	92.692	260	11	4	1085	1338	12365009	12365266	4.38e-100	368
NC_003076.8:20278613-20281984	NC_003070.9	92.720	261	10	5	1085	1338	19466074	19465816	4.38e-100	368
NC_003076.8:20278613-20281984	NC_003070.9	92.941	255	8	2	1	255	8490194	8489950	2.04e-98	363
NC_003076.8:20278613-20281984	NC_003070.9	91.791	268	10	7	1080	1338	16326311	16326575	2.04e-98	363
NC_003076.8:20278613-20281984	NC_003070.9	91.538	260	16	6	1	256	17552998	17552741	1.23e-95	353
NC_003076.8:20278613-20281984	NC_003070.9	94.348	230	9	4	1339	1568	18790104	18790329	1.59e-94	350
NC_003076.8:20278613-20281984	NC_003070.9	91.188	261	16	7	1	256	6735864	6736122	5.71e-94	348
NC_003076.8:20278613-20281984	NC_003070.9	90.769	260	18	6	1	256	2235167	2234910	2.66e-92	342
NC_003076.8:20278613-20281984	NC_003070.9	91.051	257	17	6	4	256	18747045	18746791	2.66e-92	342
NC_003076.8:20278613-20281984	NC_003070.9	90.421	261	22	2	1341	1601	19769830	19769573	9.55e-92	340
NC_003076.8:20278613-20281984	NC_003070.9	88.660	291	16	6	1694	1982	9817501	9817776	3.43e-91	339
NC_003076.8:20278613-20281984	NC_003070.9	90.734	259	16	8	1	256	14299842	14299589	3.43e-91	339
NC_003076.8:20278613-20281984	NC_003070.9	88.055	293	24	9	2485	2771	10579424	10579711	1.24e-90	337
NC_003076.8:20278613-20281984	NC_003070.9	96.954	197	6	0	1485	1681	16998396	16998200	5.75e-89	331
NC_003076.8:20278613-20281984	NC_003070.9	87.931	290	17	7	1694	1980	9866118	9865844	2.67e-87	326
NC_003076.8:20278613-20281984	NC_003070.9	90.361	249	20	4	1	246	3074944	3074697	9.62e-87	324
NC_003076.8:20278613-20281984	NC_003070.9	98.361	183	3	0	1496	1678	9817151	9817333	3.46e-86	322
NC_003076.8:20278613-20281984	NC_003070.9	87.586	290	18	7	1694	1980	17901169	17901443	1.24e-85	320
NC_003076.8:20278613-20281984	NC_003070.9	91.139	237	17	4	3138	3371	5863277	5863512	4.47e-85	318
NC_003076.8:20278613-20281984	NC_003070.9	97.268	183	5	0	1496	1678	26170521	26170339	7.49e-83	311
NC_003076.8:20278613-20281984	NC_003070.9	88.716	257	20	7	2521	2771	20560283	20560030	3.48e-81	305
NC_003076.8:20278613-20281984	NC_003070.9	95.745	188	6	2	1496	1681	9866468	9866281	4.51e-80	302
NC_003076.8:20278613-20281984	NC_003070.9	95.745	188	6	2	1496	1681	17900819	17901006	4.51e-80	302
NC_003076.8:20278613-20281984	NC_003070.9	95.699	186	7	1	1496	1681	30254567	30254383	5.83e-79	298
NC_003076.8:20278613-20281984	NC_003070.9	89.583	240	15	8	3138	3372	19769340	19769574	2.10e-78	296
NC_003076.8:20278613-20281984	NC_003070.9	89.167	240	20	5	3138	3372	13495659	13495421	7.54e-78	294
NC_003076.8:20278613-20281984	NC_003070.9	95.628	183	7	1	1496	1678	13059763	13059944	2.71e-77	292
NC_003076.8:20278613-20281984	NC_003070.9	88.800	250	12	9	3138	3372	17502560	17502808	2.71e-77	292
NC_003076.8:20278613-20281984	NC_003070.9	95.628	183	7	1	940	1121	22992564	22992382	2.71e-77	292
NC_003076.8:20278613-20281984	NC_003070.9	94.149	188	9	2	1496	1681	19328311	19328124	4.54e-75	285
NC_003076.8:20278613-20281984	NC_003070.9	94.536	183	10	0	1496	1678	7036148	7036330	1.63e-74	283
NC_003076.8:20278613-20281984	NC_003070.9	94.536	183	9	1	940	1121	12328558	12328376	5.87e-74	281
NC_003076.8:20278613-20281984	NC_003070.9	94.536	183	9	1	940	1121	30251610	30251428	5.87e-74	281
NC_003076.8:20278613-20281984	NC_003070.9	94.536	183	9	1	1496	1678	30252166	30251985	5.87e-74	281
NC_003076.8:20278613-20281984	NC_003070.9	93.989	183	10	1	1496	1678	12329113	12328932	2.73e-72	276
NC_003076.8:20278613-20281984	NC_003070.9	93.989	183	10	1	940	1121	22621223	22621041	2.73e-72	276
NC_003076.8:20278613-20281984	NC_003070.9	93.989	183	10	1	1496	1678	22621779	22621598	2.73e-72	276
NC_003076.8:20278613-20281984	NC_003070.9	93.989	183	10	1	1496	1678	22993120	22992939	2.73e-72	276
NC_003076.8:20278613-20281984	NC_003070.9	86.873	259	16	6	1	256	19085099	19085342	9.82e-72	274
NC_003076.8:20278613-20281984	NC_003070.9	93.443	183	11	1	940	1121	23876284	23876466	1.27e-70	270
NC_003076.8:20278613-20281984	NC_003070.9	93.443	183	4	1	1496	1678	16904733	16904907	5.91e-69	265
NC_003076.8:20278613-20281984	NC_003070.9	90.099	202	19	1	2485	2686	20172809	20172609	7.65e-68	261
NC_003076.8:20278613-20281984	NC_003070.9	91.282	195	9	1	1484	1678	13016979	13016793	2.75e-67	259
NC_003076.8:20278613-20281984	NC_003070.9	90.909	198	10	1	1484	1681	15940039	15940228	2.75e-67	259
NC_003076.8:20278613-20281984	NC_003070.9	90.769	195	9	2	1484	1678	22450867	22451052	4.60e-65	252
NC_003076.8:20278613-20281984	NC_003070.9	86.809	235	19	3	3138	3371	26881053	26881276	4.60e-65	252
NC_003076.8:20278613-20281984	NC_003070.9	91.848	184	7	1	1496	1679	8115710	8115885	1.66e-64	250
NC_003076.8:20278613-20281984	NC_003070.9	85.328	259	18	8	1	256	19173802	19173561	1.66e-64	250
NC_003076.8:20278613-20281984	NC_003070.9	90.256	195	11	1	1484	1678	500456	500270	5.95e-64	248
NC_003076.8:20278613-20281984	NC_003070.9	91.444	187	7	2	1496	1681	11736466	11736288	5.95e-64	248
NC_003076.8:20278613-20281984	NC_003070.9	85.271	258	19	9	1	256	12855993	12855753	5.95e-64	248
NC_003076.8:20278613-20281984	NC_003070.9	86.555	238	15	6	3138	3372	2473121	2472898	2.14e-63	246
NC_003076.8:20278613-20281984	NC_003070.9	90.155	193	12	6	3138	3326	4583324	4583513	7.70e-63	244
NC_003076.8:20278613-20281984	NC_003070.9	87.225	227	13	9	3138	3349	6218813	6218588	7.70e-63	244
NC_003076.8:20278613-20281984	NC_003070.9	90.957	188	8	2	1492	1678	11700592	11700771	7.70e-63	244
NC_003076.8:20278613-20281984	NC_003070.9	90.909	187	8	2	1496	1681	19994809	19994631	2.77e-62	243
NC_003076.8:20278613-20281984	NC_003070.9	85.957	235	21	3	3138	3371	27241052	27241275	9.96e-62	241
NC_003076.8:20278613-20281984	NC_003070.9	86.017	236	17	5	3138	3372	5899425	5899205	3.58e-61	239
NC_003076.8:20278613-20281984	NC_003070.9	91.379	174	10	3	3200	3371	14012982	14012812	1.67e-59	233
NC_003076.8:20278613-20281984	NC_003070.9	93.210	162	5	4	1339	1500	16998954	16998799	1.67e-59	233
NC_003076.8:20278613-20281984	NC_003070.9	90.805	174	14	1	3201	3372	19741712	19741539	6.00e-59	231
NC_003076.8:20278613-20281984	NC_003070.9	85.470	234	21	4	3138	3371	24718818	24719038	6.00e-59	231
NC_003076.8:20278613-20281984	NC_003070.9	89.617	183	16	3	3191	3372	12240731	12240911	2.16e-58	230
NC_003076.8:20278613-20281984	NC_003070.9	93.168	161	3	1	1518	1678	18791754	18791906	2.16e-58	230
NC_003076.8:20278613-20281984	NC_003070.9	85.169	236	19	5	3138	3371	540654	540433	7.76e-58	228
NC_003076.8:20278613-20281984	NC_003070.9	89.535	172	18	0	3201	3372	12993166	12992995	4.67e-55	219
NC_003076.8:20278613-20281984	NC_003070.9	89.773	176	9	7	3201	3371	2588003	2587832	1.68e-54	217
NC_003076.8:20278613-20281984	NC_003070.9	89.412	170	18	0	3203	3372	29078845	29079014	6.04e-54	215
NC_003076.8:20278613-20281984	NC_003070.9	94.776	134	7	0	1694	1827	500101	499968	2.81e-52	209
NC_003076.8:20278613-20281984	NC_003070.9	88.889	171	18	1	3201	3371	3497921	3497752	2.81e-52	209
NC_003076.8:20278613-20281984	NC_003070.9	87.861	173	19	2	3201	3371	19718322	19718494	4.70e-50	202
NC_003076.8:20278613-20281984	NC_003070.9	87.283	173	20	2	3201	3372	12183575	12183404	2.19e-48	196
NC_003076.8:20278613-20281984	NC_003070.9	89.908	109	7	4	3138	3243	2587502	2587395	1.34e-30	137
NC_003076.8:20278613-20281984	NC_003070.9	93.478	92	5	1	1588	1678	19769039	19768948	4.84e-30	135
NC_003076.8:20278613-20281984	NC_003070.9	93.827	81	3	2	1339	1418	4785462	4785541	1.35e-25	121
NC_003076.8:20278613-20281984	NC_003070.9	93.750	80	5	0	1339	1418	8114771	8114850	1.35e-25	121
NC_003076.8:20278613-20281984	NC_003070.9	91.954	87	5	2	1339	1423	8490193	8490107	1.35e-25	121
NC_003076.8:20278613-20281984	NC_003070.9	93.750	80	5	0	1339	1418	9867413	9867334	1.35e-25	121
NC_003076.8:20278613-20281984	NC_003070.9	93.827	81	3	2	1339	1418	16903801	16903880	1.35e-25	121
NC_003076.8:20278613-20281984	NC_003070.9	93.750	80	5	0	1339	1418	18790928	18791007	1.35e-25	121
NC_003076.8:20278613-20281984	NC_003070.9	93.750	80	5	0	1339	1418	19061966	19062045	1.35e-25	121
NC_003076.8:20278613-20281984	NC_003070.9	93.750	80	5	0	1339	1418	19995733	19995654	1.35e-25	121
NC_003076.8:20278613-20281984	NC_003070.9	92.857	84	5	1	1339	1421	23554438	23554355	1.35e-25	121
NC_003076.8:20278613-20281984	NC_003070.9	93.750	80	5	0	1339	1418	30253106	30253027	1.35e-25	121
NC_003076.8:20278613-20281984	NC_003070.9	91.860	86	6	1	1887	1971	499960	499875	4.87e-25	119
NC_003076.8:20278613-20281984	NC_003070.9	92.683	82	4	2	1	81	3413553	3413633	1.75e-24	117
NC_003076.8:20278613-20281984	NC_003070.9	92.500	80	6	0	1339	1418	3910600	3910521	6.30e-24	115
NC_003076.8:20278613-20281984	NC_003070.9	92.500	80	6	0	1339	1418	7035192	7035271	6.30e-24	115
NC_003076.8:20278613-20281984	NC_003070.9	92.500	80	6	0	1339	1418	12330052	12329973	6.30e-24	115
NC_003076.8:20278613-20281984	NC_003070.9	92.500	80	6	0	1339	1418	12855992	12855913	6.30e-24	115
NC_003076.8:20278613-20281984	NC_003070.9	92.500	80	6	0	1339	1418	13058824	13058903	6.30e-24	115
NC_003076.8:20278613-20281984	NC_003070.9	92.500	80	6	0	1339	1418	15939324	15939403	6.30e-24	115
NC_003076.8:20278613-20281984	NC_003070.9	92.500	80	6	0	1339	1418	16325445	16325524	6.30e-24	115
NC_003076.8:20278613-20281984	NC_003070.9	92.500	80	6	0	1339	1418	17552997	17552918	6.30e-24	115
NC_003076.8:20278613-20281984	NC_003070.9	92.500	80	6	0	1339	1418	19085100	19085179	6.30e-24	115
NC_003076.8:20278613-20281984	NC_003070.9	92.500	80	6	0	1339	1418	19173801	19173722	6.30e-24	115
NC_003076.8:20278613-20281984	NC_003070.9	92.500	80	6	0	1339	1418	23213667	23213746	6.30e-24	115
NC_003076.8:20278613-20281984	NC_003070.9	92.500	80	5	1	1339	1418	14299841	14299763	2.27e-23	113
NC_003076.8:20278613-20281984	NC_003070.9	87.629	97	10	2	1323	1418	25963272	25963177	8.15e-23	111
NC_003076.8:20278613-20281984	NC_003070.9	91.250	80	7	0	1339	1418	2235166	2235087	2.93e-22	110
NC_003076.8:20278613-20281984	NC_003070.9	91.250	80	7	0	1339	1418	9816211	9816290	2.93e-22	110
NC_003076.8:20278613-20281984	NC_003070.9	91.250	80	7	0	1339	1418	11737392	11737313	2.93e-22	110
NC_003076.8:20278613-20281984	NC_003070.9	91.358	81	6	1	1339	1419	12364136	12364215	2.93e-22	110
NC_003076.8:20278613-20281984	NC_003070.9	90.476	84	7	1	1336	1419	16824516	16824598	2.93e-22	110
NC_003076.8:20278613-20281984	NC_003070.9	89.655	87	8	1	1332	1418	19466954	19466869	2.93e-22	110
NC_003076.8:20278613-20281984	NC_003070.9	90.476	84	6	2	1339	1421	19724756	19724838	2.93e-22	110
NC_003076.8:20278613-20281984	NC_003070.9	91.250	80	7	0	1339	1418	26171479	26171400	2.93e-22	110
NC_003076.8:20278613-20281984	NC_003070.9	89.286	84	9	0	1335	1418	12564084	12564001	3.79e-21	106
NC_003076.8:20278613-20281984	NC_003070.9	91.026	78	7	0	1341	1418	18747045	18746968	3.79e-21	106
NC_003076.8:20278613-20281984	NC_003070.9	90.123	81	8	0	1	81	18790103	18790183	3.79e-21	106
NC_003076.8:20278613-20281984	NC_003070.9	91.026	78	7	0	1339	1416	22622304	22622227	3.79e-21	106
NC_003076.8:20278613-20281984	NC_003070.9	96.825	63	1	1	1276	1338	19063794	19063855	1.36e-20	104
NC_003076.8:20278613-20281984	NC_003070.9	90.000	80	8	0	1339	1418	22449932	22450011	1.36e-20	104
NC_003076.8:20278613-20281984	NC_003070.9	90.000	80	8	0	2	81	30251767	30251688	1.36e-20	104
NC_003076.8:20278613-20281984	NC_003070.9	96.721	61	2	0	4	64	22621378	22621318	4.91e-20	102
NC_003076.8:20278613-20281984	NC_003070.9	88.506	87	7	3	1339	1423	22994059	22993974	4.91e-20	102
NC_003076.8:20278613-20281984	NC_003070.9	89.024	82	7	2	1	81	12876928	12876848	1.76e-19	100
NC_003076.8:20278613-20281984	NC_003070.9	88.889	81	9	0	1	81	16998955	16998875	1.76e-19	100
NC_003076.8:20278613-20281984	NC_003070.9	88.750	80	8	1	2	81	12328714	12328636	2.28e-18	97.1
NC_003076.8:20278613-20281984	NC_003070.9	88.462	78	8	1	1342	1419	19329256	19329180	2.95e-17	93.5
NC_003076.8:20278613-20281984	NC_003070.9	86.585	82	9	2	1	81	19724755	19724835	3.82e-16	89.8
NC_003076.8:20278613-20281984	NC_003070.9	86.250	80	11	0	1339	1418	3074943	3074864	1.37e-15	87.9
NC_003076.8:20278613-20281984	NC_003070.9	100.000	38	0	0	1641	1678	12365009	12365046	1.38e-10	71.3
NC_003076.8:20278613-20281984	NC_003070.9	97.619	42	0	1	1641	1681	12563207	12563166	1.38e-10	71.3
NC_003076.8:20278613-20281984	NC_003070.9	93.878	49	0	2	1636	1681	16326311	16326359	1.38e-10	71.3
NC_003076.8:20278613-20281984	NC_003070.9	93.750	48	1	1	1636	1681	23214532	23214579	1.38e-10	71.3
NC_003076.8:20278613-20281984	NC_003070.9	97.368	38	1	0	1644	1681	19466071	19466034	6.44e-09	65.8
NC_003076.8:20278613-20281984	NC_003074.8	97.726	2111	45	3	1	2109	17301278	17299169	0.0	3629
NC_003076.8:20278613-20281984	NC_003074.8	94.955	1348	53	10	1	1338	15937286	15938628	0.0	2098
NC_003076.8:20278613-20281984	NC_003074.8	94.436	1366	46	9	1	1338	10821446	10820083	0.0	2074
NC_003076.8:20278613-20281984	NC_003074.8	94.284	1347	57	9	1	1338	17277814	17276479	0.0	2043
NC_003076.8:20278613-20281984	NC_003074.8	93.239	1346	55	14	1	1338	20786399	20787716	0.0	1949
NC_003076.8:20278613-20281984	NC_003074.8	93.091	1346	46	15	1	1338	11535844	11537150	0.0	1927
NC_003076.8:20278613-20281984	NC_003074.8	92.873	1347	58	15	1	1338	5745923	5744606	0.0	1921
NC_003076.8:20278613-20281984	NC_003074.8	92.348	1346	63	13	1	1338	22118613	22119926	0.0	1879
NC_003076.8:20278613-20281984	NC_003074.8	92.045	1345	51	13	1	1338	17144490	17143195	0.0	1840
NC_003076.8:20278613-20281984	NC_003074.8	95.432	810	33	4	1	808	16450786	16451593	0.0	1288
NC_003076.8:20278613-20281984	NC_003074.8	95.155	805	34	5	4	805	9386343	9385541	0.0	1266
NC_003076.8:20278613-20281984	NC_003074.8	94.005	834	32	7	513	1338	16562049	16562872	0.0	1247
NC_003076.8:20278613-20281984	NC_003074.8	93.452	840	23	13	1	822	17063229	17062404	0.0	1218
NC_003076.8:20278613-20281984	NC_003074.8	89.174	896	88	8	2481	3372	6941488	6940598	0.0	1109
NC_003076.8:20278613-20281984	NC_003074.8	89.262	894	82	13	2485	3372	10900762	10901647	0.0	1107
NC_003076.8:20278613-20281984	NC_003074.8	89.064	887	88	9	2487	3369	18496030	18495149	0.0	1092
NC_003076.8:20278613-20281984	NC_003074.8	88.939	895	84	14	2485	3371	16677616	16678503	0.0	1090
NC_003076.8:20278613-20281984	NC_003074.8	89.359	874	74	17	2485	3348	16535294	16534430	0.0	1081
NC_003076.8:20278613-20281984	NC_003074.8	90.580	828	45	22	1	822	7996636	7995836	0.0	1066
NC_003076.8:20278613-20281984	NC_003074.8	91.343	797	41	12	168	943	18746356	18747145	0.0	1064
NC_003076.8:20278613-20281984	NC_003074.8	88.504	896	79	16	2485	3372	5591637	5590758	0.0	1062
NC_003076.8:20278613-20281984	NC_003074.8	90.132	831	48	13	141	939	9890146	9890974	0.0	1050
NC_003076.8:20278613-20281984	NC_003074.8	88.242	893	74	12	2485	3372	20770464	20769598	0.0	1038
NC_003076.8:20278613-20281984	NC_003074.8	95.652	644	26	2	1339	1980	13327435	13328078	0.0	1033
NC_003076.8:20278613-20281984	NC_003074.8	95.511	646	22	5	1339	1980	18412155	18412797	0.0	1026
NC_003076.8:20278613-20281984	NC_003074.8	95.201	646	24	5	1339	1980	18018782	18019424	0.0	1014
NC_003076.8:20278613-20281984	NC_003074.8	91.922	718	34	8	235	932	16879943	16880656	0.0	983
NC_003076.8:20278613-20281984	NC_003074.8	95.040	625	28	3	1358	1980	3965021	3965644	0.0	979
NC_003076.8:20278613-20281984	NC_003074.8	88.805	795	82	7	2485	3275	8596967	8596176	0.0	968
NC_003076.8:20278613-20281984	NC_003074.8	91.632	717	31	12	235	932	5622169	5622875	0.0	965
NC_003076.8:20278613-20281984	NC_003074.8	91.377	719	40	6	235	935	9559544	9558830	0.0	965
NC_003076.8:20278613-20281984	NC_003074.8	90.168	773	28	9	1339	2109	1571381	1572107	0.0	963
NC_003076.8:20278613-20281984	NC_003074.8	87.182	866	84	16	2505	3362	8328648	8329494	0.0	959
NC_003076.8:20278613-20281984	NC_003074.8	86.674	893	86	17	2485	3369	16902332	16903199	0.0	959
NC_003076.8:20278613-20281984	NC_003074.8	90.871	723	34	14	235	935	20485002	20484290	0.0	941
NC_003076.8:20278613-20281984	NC_003074.8	87.814	796	89	7	2485	3275	4467613	4468405	0.0	926
NC_003076.8:20278613-20281984	NC_003074.8	89.569	719	52	7	235	935	2629888	2629175	0.0	891
NC_003076.8:20278613-20281984	NC_003074.8	88.844	744	43	14	226	944	16173067	16172339	0.0	878
NC_003076.8:20278613-20281984	NC_003074.8	88.707	735	49	12	235	939	3716481	3717211	0.0	867
NC_003076.8:20278613-20281984	NC_003074.8	88.395	698	72	7	2662	3353	18171655	18170961	0.0	832
NC_003076.8:20278613-20281984	NC_003074.8	88.056	720	48	15	235	935	1371038	1370338	0.0	819
NC_003076.8:20278613-20281984	NC_003074.8	93.023	559	23	5	787	1338	9385005	9384456	0.0	802
NC_003076.8:20278613-20281984	NC_003074.8	87.500	656	22	20	690	1338	15452793	15452191	0.0	702
NC_003076.8:20278613-20281984	NC_003074.8	94.866	409	18	3	1	408	16561654	16562060	1.09e-180	636
NC_003076.8:20278613-20281984	NC_003074.8	94.568	405	15	3	940	1338	11503603	11503200	1.10e-175	619
NC_003076.8:20278613-20281984	NC_003074.8	93.333	405	19	4	940	1338	17730098	17730500	2.39e-167	592
NC_003076.8:20278613-20281984	NC_003074.8	93.103	406	20	5	940	1338	17776928	17777332	3.09e-166	588
NC_003076.8:20278613-20281984	NC_003074.8	92.840	405	19	4	940	1338	11967811	11968211	1.86e-163	579
NC_003076.8:20278613-20281984	NC_003074.8	97.059	340	10	0	1339	1678	11503760	11503421	8.65e-162	573
NC_003076.8:20278613-20281984	NC_003074.8	95.087	346	15	2	1332	1677	16419139	16419482	6.78e-153	544
NC_003076.8:20278613-20281984	NC_003074.8	95.322	342	14	2	1339	1678	15485749	15485408	2.44e-152	542
NC_003076.8:20278613-20281984	NC_003074.8	94.602	352	12	3	993	1338	10320599	10320949	3.15e-151	538
NC_003076.8:20278613-20281984	NC_003074.8	95.294	340	15	1	1339	1678	17729941	17730279	3.15e-151	538
NC_003076.8:20278613-20281984	NC_003074.8	95.000	340	17	0	1339	1678	10557345	10557006	4.08e-150	534
NC_003076.8:20278613-20281984	NC_003074.8	91.089	404	22	8	940	1338	16419302	16419696	4.08e-150	534
NC_003076.8:20278613-20281984	NC_003074.8	94.186	344	15	3	1339	1681	9767628	9767289	1.14e-145	520
NC_003076.8:20278613-20281984	NC_003074.8	93.824	340	20	1	1339	1677	17776770	17777109	6.88e-143	510
NC_003076.8:20278613-20281984	NC_003074.8	92.877	351	24	1	1332	1681	11967646	11967996	2.47e-142	508
NC_003076.8:20278613-20281984	NC_003074.8	93.884	327	13	4	1	320	11200624	11200950	1.16e-135	486
NC_003076.8:20278613-20281984	NC_003074.8	89.136	405	21	13	940	1338	9767475	9767088	1.50e-134	483
NC_003076.8:20278613-20281984	NC_003074.8	94.872	312	9	3	940	1244	15485591	15485280	5.39e-134	481
NC_003076.8:20278613-20281984	NC_003074.8	95.122	287	14	0	1694	1980	17777280	17777566	1.18e-125	453
NC_003076.8:20278613-20281984	NC_003074.8	86.874	419	33	7	540	939	10404825	10405240	1.52e-124	449
NC_003076.8:20278613-20281984	NC_003074.8	94.502	291	15	1	1388	1678	10575507	10575218	5.47e-124	448
NC_003076.8:20278613-20281984	NC_003074.8	94.792	288	13	2	1694	1980	10820135	10819849	5.47e-124	448
NC_003076.8:20278613-20281984	NC_003074.8	94.483	290	14	2	235	524	10862540	10862827	1.97e-123	446
NC_003076.8:20278613-20281984	NC_003074.8	94.444	288	14	2	1694	1980	10320897	10321183	2.54e-122	442
NC_003076.8:20278613-20281984	NC_003074.8	92.810	306	16	2	940	1239	10557188	10556883	3.29e-121	438
NC_003076.8:20278613-20281984	NC_003074.8	89.045	356	33	6	2679	3032	11589291	11588940	1.18e-120	436
NC_003076.8:20278613-20281984	NC_003074.8	94.097	288	16	1	1694	1980	17276531	17276244	1.18e-120	436
NC_003076.8:20278613-20281984	NC_003074.8	94.118	289	12	4	1694	1980	16419647	16419932	4.26e-120	435
NC_003076.8:20278613-20281984	NC_003074.8	91.277	321	20	4	940	1254	10575400	10575082	5.51e-119	431
NC_003076.8:20278613-20281984	NC_003074.8	93.471	291	17	2	1694	1982	15452243	15451953	5.51e-119	431
NC_003076.8:20278613-20281984	NC_003074.8	93.750	288	17	1	1694	1980	16451803	16452090	5.51e-119	431
NC_003076.8:20278613-20281984	NC_003074.8	93.448	290	15	4	1694	1982	9767140	9766854	7.13e-118	427
NC_003076.8:20278613-20281984	NC_003074.8	93.403	288	18	1	1694	1980	15938576	15938863	2.56e-117	425
NC_003076.8:20278613-20281984	NC_003074.8	93.403	288	18	1	1694	1980	17062163	17061876	2.56e-117	425
NC_003076.8:20278613-20281984	NC_003074.8	95.167	269	12	1	1715	1982	15485279	15485011	9.22e-117	424
NC_003076.8:20278613-20281984	NC_003074.8	93.080	289	18	1	1694	1980	7995595	7995307	3.32e-116	422
NC_003076.8:20278613-20281984	NC_003074.8	93.403	288	13	2	1694	1980	17730448	17730730	3.32e-116	422
NC_003076.8:20278613-20281984	NC_003074.8	92.361	288	16	2	1694	1980	20787664	20787946	3.34e-111	405
NC_003076.8:20278613-20281984	NC_003074.8	92.334	287	17	3	1694	1980	22119874	22120155	1.20e-110	403
NC_003076.8:20278613-20281984	NC_003074.8	88.529	340	15	4	1339	1678	10320413	10320728	9.35e-107	390
NC_003076.8:20278613-20281984	NC_003074.8	91.608	286	16	7	241	525	20487006	20486728	3.36e-106	388
NC_003076.8:20278613-20281984	NC_003074.8	92.701	274	7	6	1073	1338	16451587	16451855	1.56e-104	383
NC_003076.8:20278613-20281984	NC_003074.8	94.737	247	11	2	1694	1938	16562820	16563066	1.56e-104	383
NC_003076.8:20278613-20281984	NC_003074.8	93.774	257	8	4	1088	1338	7995797	7995543	2.02e-103	379
NC_003076.8:20278613-20281984	NC_003074.8	90.099	303	13	8	1694	1980	17143247	17142946	7.28e-103	377
NC_003076.8:20278613-20281984	NC_003074.8	95.000	240	11	1	1742	1980	10556871	10556632	2.62e-102	375
NC_003076.8:20278613-20281984	NC_003074.8	90.625	288	12	4	1694	1980	11503252	11502979	4.38e-100	368
NC_003076.8:20278613-20281984	NC_003074.8	92.996	257	10	4	1088	1338	17062365	17062111	4.38e-100	368
NC_003076.8:20278613-20281984	NC_003074.8	96.818	220	6	1	1742	1960	10575083	10574864	1.58e-99	366
NC_003076.8:20278613-20281984	NC_003074.8	88.779	303	18	10	1694	1980	11537098	11537400	9.48e-97	357
NC_003076.8:20278613-20281984	NC_003074.8	91.571	261	16	5	1	256	3716342	3716601	3.41e-96	355
NC_003076.8:20278613-20281984	NC_003074.8	90.347	259	21	4	1	256	17397300	17397043	1.24e-90	337
NC_003076.8:20278613-20281984	NC_003074.8	90.000	260	21	5	1	256	10862401	10862659	5.75e-89	331
NC_003076.8:20278613-20281984	NC_003074.8	91.453	234	18	2	3138	3371	23085859	23086090	1.24e-85	320
NC_003076.8:20278613-20281984	NC_003074.8	91.176	238	15	4	3138	3372	17402234	17402000	4.47e-85	318
NC_003076.8:20278613-20281984	NC_003074.8	90.795	239	18	4	3137	3372	3080261	3080024	1.61e-84	316
NC_003076.8:20278613-20281984	NC_003074.8	90.678	236	19	3	3138	3371	6729159	6728925	7.49e-83	311
NC_003076.8:20278613-20281984	NC_003074.8	97.268	183	5	0	1496	1678	15938226	15938408	7.49e-83	311
NC_003076.8:20278613-20281984	NC_003074.8	90.678	236	19	3	3138	3372	19740108	19740341	7.49e-83	311
NC_003076.8:20278613-20281984	NC_003074.8	96.721	183	6	0	1496	1678	10820486	10820304	3.48e-81	305
NC_003076.8:20278613-20281984	NC_003074.8	90.295	237	18	5	3138	3371	16723354	16723120	3.48e-81	305
NC_003076.8:20278613-20281984	NC_003074.8	90.295	237	18	5	3138	3372	18634175	18633942	3.48e-81	305
NC_003076.8:20278613-20281984	NC_003074.8	89.916	238	18	6	3138	3372	16485541	16485307	4.51e-80	302
NC_003076.8:20278613-20281984	NC_003074.8	89.076	238	18	6	3138	3371	5866196	5866429	3.51e-76	289
NC_003076.8:20278613-20281984	NC_003074.8	95.109	184	8	1	940	1122	17299782	17299599	3.51e-76	289
NC_003076.8:20278613-20281984	NC_003074.8	94.652	187	8	2	1493	1678	17300342	17300157	3.51e-76	289
NC_003076.8:20278613-20281984	NC_003074.8	94.180	189	9	2	940	1127	1571523	1571710	1.26e-75	287
NC_003076.8:20278613-20281984	NC_003074.8	95.402	174	8	0	1694	1867	11968159	11968332	7.59e-73	278
NC_003076.8:20278613-20281984	NC_003074.8	94.022	184	10	1	940	1122	13327592	13327775	7.59e-73	278
NC_003076.8:20278613-20281984	NC_003074.8	92.821	195	6	1	1484	1678	9384863	9384677	2.73e-72	276
NC_003076.8:20278613-20281984	NC_003074.8	93.478	184	10	2	940	1121	3965159	3965342	3.53e-71	272
NC_003076.8:20278613-20281984	NC_003074.8	93.407	182	9	3	690	869	9385009	9385189	1.64e-69	267
NC_003076.8:20278613-20281984	NC_003074.8	93.443	183	4	1	1496	1678	16562477	16562651	5.91e-69	265
NC_003076.8:20278613-20281984	NC_003074.8	92.063	189	11	4	940	1127	18412311	18412496	2.13e-68	263
NC_003076.8:20278613-20281984	NC_003074.8	90.099	202	19	1	2485	2686	11456304	11456104	7.65e-68	261
NC_003076.8:20278613-20281984	NC_003074.8	91.282	195	9	1	1484	1678	17276885	17276699	2.75e-67	259
NC_003076.8:20278613-20281984	NC_003074.8	91.935	186	7	1	1496	1681	11536758	11536935	1.28e-65	254
NC_003076.8:20278613-20281984	NC_003074.8	91.053	190	13	4	940	1128	18018938	18019124	1.28e-65	254
NC_003076.8:20278613-20281984	NC_003074.8	93.023	172	12	0	1694	1865	5744658	5744487	4.60e-65	252
NC_003076.8:20278613-20281984	NC_003074.8	86.864	236	15	3	3138	3371	10708958	10709179	1.66e-64	250
NC_003076.8:20278613-20281984	NC_003074.8	86.809	235	18	5	3138	3372	11132525	11132746	1.66e-64	250
NC_003076.8:20278613-20281984	NC_003074.8	86.864	236	16	10	3138	3372	11315331	11315552	1.66e-64	250
NC_003076.8:20278613-20281984	NC_003074.8	84.942	259	24	5	1	256	20487142	20486896	5.95e-64	248
NC_003076.8:20278613-20281984	NC_003074.8	90.860	186	9	1	1496	1681	5744998	5744821	2.77e-62	243
NC_003076.8:20278613-20281984	NC_003074.8	86.441	236	15	5	3138	3371	10718014	10717794	2.77e-62	243
NC_003076.8:20278613-20281984	NC_003074.8	90.860	186	9	1	1496	1681	15452557	15452380	2.77e-62	243
NC_003076.8:20278613-20281984	NC_003074.8	86.192	239	15	4	3138	3372	16405529	16405753	2.77e-62	243
NC_003076.8:20278613-20281984	NC_003074.8	85.957	235	21	3	3138	3371	7766394	7766617	9.96e-62	241
NC_003076.8:20278613-20281984	NC_003074.8	90.374	187	9	2	1496	1681	20787323	20787501	1.29e-60	237
NC_003076.8:20278613-20281984	NC_003074.8	90.805	174	12	4	3201	3372	19521057	19521228	2.16e-58	230
NC_003076.8:20278613-20281984	NC_003074.8	90.805	174	11	3	3201	3371	15918264	15918093	7.76e-58	228
NC_003076.8:20278613-20281984	NC_003074.8	87.129	202	22	3	2485	2686	19529023	19529220	2.79e-57	226
NC_003076.8:20278613-20281984	NC_003074.8	86.700	203	26	1	2484	2686	4977267	4977468	1.00e-56	224
NC_003076.8:20278613-20281984	NC_003074.8	88.205	195	14	2	1484	1678	22119520	22119705	1.00e-56	224
NC_003076.8:20278613-20281984	NC_003074.8	94.483	145	7	1	1839	1982	5744483	5744339	3.61e-56	222
NC_003076.8:20278613-20281984	NC_003074.8	96.063	127	5	0	1694	1820	9384508	9384382	1.01e-51	207
NC_003076.8:20278613-20281984	NC_003074.8	88.235	187	5	4	1496	1681	17143580	17143410	1.01e-51	207
NC_003076.8:20278613-20281984	NC_003074.8	84.434	212	17	5	3138	3349	422875	422680	7.87e-48	195
NC_003076.8:20278613-20281984	NC_003074.8	93.860	114	6	1	1868	1980	9384377	9384264	1.33e-40	171
NC_003076.8:20278613-20281984	NC_003074.8	94.340	106	5	1	1	106	16879751	16879855	7.98e-38	161
NC_003076.8:20278613-20281984	NC_003074.8	93.827	81	3	2	1339	1418	11200625	11200704	1.35e-25	121
NC_003076.8:20278613-20281984	NC_003074.8	93.750	80	5	0	1339	1418	11535845	11535924	1.35e-25	121
NC_003076.8:20278613-20281984	NC_003074.8	93.827	81	3	2	1339	1418	16450787	16450866	1.35e-25	121
NC_003076.8:20278613-20281984	NC_003074.8	93.750	80	5	0	1339	1418	16561655	16561734	1.35e-25	121
NC_003076.8:20278613-20281984	NC_003074.8	93.750	80	5	0	1339	1418	17144489	17144410	1.35e-25	121
NC_003076.8:20278613-20281984	NC_003074.8	88.119	101	10	2	1320	1418	17063249	17063149	4.87e-25	119
NC_003076.8:20278613-20281984	NC_003074.8	100.000	63	0	0	1339	1401	3716343	3716405	1.75e-24	117
NC_003076.8:20278613-20281984	NC_003074.8	91.860	86	4	3	1	85	11967653	11967736	1.75e-24	117
NC_003076.8:20278613-20281984	NC_003074.8	92.500	80	6	0	1339	1418	7996635	7996556	6.30e-24	115
NC_003076.8:20278613-20281984	NC_003074.8	92.500	80	6	0	1339	1418	10862402	10862481	6.30e-24	115
NC_003076.8:20278613-20281984	NC_003074.8	92.500	80	6	0	1339	1418	17277813	17277734	6.30e-24	115
NC_003076.8:20278613-20281984	NC_003074.8	92.500	80	6	0	1339	1418	17301277	17301198	6.30e-24	115
NC_003076.8:20278613-20281984	NC_003074.8	91.463	82	5	2	1	81	18018781	18018861	8.15e-23	111
NC_003076.8:20278613-20281984	NC_003074.8	91.250	80	7	0	1339	1418	10821445	10821366	2.93e-22	110
NC_003076.8:20278613-20281984	NC_003074.8	89.773	88	6	3	1339	1423	15937287	15937374	2.93e-22	110
NC_003076.8:20278613-20281984	NC_003074.8	91.250	80	7	0	1339	1418	16879752	16879831	2.93e-22	110
NC_003076.8:20278613-20281984	NC_003074.8	91.358	81	5	2	2	81	17299939	17299860	2.93e-22	110
NC_003076.8:20278613-20281984	NC_003074.8	91.139	79	7	0	1339	1417	20487141	20487063	1.05e-21	108
NC_003076.8:20278613-20281984	NC_003074.8	90.123	81	8	0	1	81	13327434	13327514	3.79e-21	106
NC_003076.8:20278613-20281984	NC_003074.8	90.123	81	8	0	1	81	18412154	18412234	3.79e-21	106
NC_003076.8:20278613-20281984	NC_003074.8	95.312	64	3	0	1	64	10557346	10557283	4.91e-20	102
NC_003076.8:20278613-20281984	NC_003074.8	90.000	80	7	1	1339	1418	17397299	17397221	4.91e-20	102
NC_003076.8:20278613-20281984	NC_003074.8	88.235	85	9	1	1	85	16419144	16419227	1.76e-19	100
NC_003076.8:20278613-20281984	NC_003074.8	94.828	58	3	0	1341	1398	22118616	22118673	1.06e-16	91.6
NC_003076.8:20278613-20281984	NC_003074.8	90.769	65	6	0	3308	3372	8596167	8596103	1.37e-15	87.9
NC_003076.8:20278613-20281984	NC_003074.8	94.643	56	0	2	1629	1681	16451587	16451642	1.78e-14	84.2
NC_003076.8:20278613-20281984	NC_003074.8	100.000	38	0	0	1641	1678	7995800	7995763	1.38e-10	71.3
NC_003076.8:20278613-20281984	NC_003074.8	100.000	38	0	0	1641	1678	17062368	17062331	1.38e-10	71.3
NC_003076.8:20278613-20281984	NC_003074.8	100.000	34	0	0	823	856	9385190	9385223	2.31e-08	63.9
NC_003076.8:20278613-20281984	NC_003071.7	94.651	1346	52	9	1	1338	13338077	13336744	0.0	2069
NC_003076.8:20278613-20281984	NC_003071.7	94.585	1348	53	9	1	1338	499985	501322	0.0	2067
NC_003076.8:20278613-20281984	NC_003071.7	94.408	1359	48	7	1	1334	13266915	13268270	0.0	2063
NC_003076.8:20278613-20281984	NC_003071.7	94.226	1351	52	11	1	1338	17255233	17253896	0.0	2039
NC_003076.8:20278613-20281984	NC_003071.7	94.044	1360	54	9	1	1334	6925377	6924019	0.0	2037
NC_003076.8:20278613-20281984	NC_003071.7	93.908	1346	46	14	1	1338	13908721	13907404	0.0	1999
NC_003076.8:20278613-20281984	NC_003071.7	93.207	1369	58	14	1	1338	12800994	12802358	0.0	1980
NC_003076.8:20278613-20281984	NC_003071.7	93.472	1348	52	9	1	1338	12094425	12093104	0.0	1969
NC_003076.8:20278613-20281984	NC_003071.7	93.076	1372	48	10	1	1338	11287161	11285803	0.0	1964
NC_003076.8:20278613-20281984	NC_003071.7	92.296	1350	69	15	1	1338	707442	708768	0.0	1884
NC_003076.8:20278613-20281984	NC_003071.7	93.966	1243	55	9	104	1338	396551	395321	0.0	1862
NC_003076.8:20278613-20281984	NC_003071.7	97.384	1032	25	2	1	1030	7154736	7153705	0.0	1755
NC_003076.8:20278613-20281984	NC_003071.7	97.040	777	20	3	1334	2109	4024197	4024971	0.0	1304
NC_003076.8:20278613-20281984	NC_003071.7	93.644	881	31	10	1	858	14333785	14334663	0.0	1293
NC_003076.8:20278613-20281984	NC_003071.7	96.114	772	28	2	1339	2109	980616	979846	0.0	1258
NC_003076.8:20278613-20281984	NC_003071.7	93.483	844	29	10	1	822	542308	543147	0.0	1230
NC_003076.8:20278613-20281984	NC_003071.7	89.336	919	57	16	2479	3372	7350646	7351548	0.0	1116
NC_003076.8:20278613-20281984	NC_003071.7	89.147	903	85	12	2476	3372	3198512	3197617	0.0	1112
NC_003076.8:20278613-20281984	NC_003071.7	89.062	896	82	14	2485	3372	1322856	1321969	0.0	1098
NC_003076.8:20278613-20281984	NC_003071.7	88.578	893	68	19	2485	3371	1038913	1038049	0.0	1053
NC_003076.8:20278613-20281984	NC_003071.7	87.919	894	80	13	2486	3372	2320063	2320935	0.0	1027
NC_003076.8:20278613-20281984	NC_003071.7	95.497	644	26	3	1339	1980	7111785	7112427	0.0	1026
NC_003076.8:20278613-20281984	NC_003071.7	87.374	895	76	18	2484	3372	1384415	1383552	0.0	992
NC_003076.8:20278613-20281984	NC_003071.7	91.944	720	35	7	235	935	12556068	12555353	0.0	987
NC_003076.8:20278613-20281984	NC_003071.7	88.972	798	79	9	2484	3275	8172834	8173628	0.0	977
NC_003076.8:20278613-20281984	NC_003071.7	87.854	848	74	13	2509	3348	9455339	9456165	0.0	968
NC_003076.8:20278613-20281984	NC_003071.7	91.341	716	37	9	235	930	1460787	1460077	0.0	955
NC_003076.8:20278613-20281984	NC_003071.7	86.674	893	81	19	2485	3371	10997043	10996183	0.0	955
NC_003076.8:20278613-20281984	NC_003071.7	86.480	895	89	13	2485	3372	9029807	9030676	0.0	953
NC_003076.8:20278613-20281984	NC_003071.7	88.317	796	85	7	2485	3275	10070964	10070172	0.0	948
NC_003076.8:20278613-20281984	NC_003071.7	91.896	691	29	11	241	910	10468943	10468259	0.0	941
NC_003076.8:20278613-20281984	NC_003071.7	90.973	709	40	8	246	935	5466870	5466167	0.0	933
NC_003076.8:20278613-20281984	NC_003071.7	86.002	893	91	16	2485	3371	1348076	1347212	0.0	926
NC_003076.8:20278613-20281984	NC_003071.7	86.772	824	84	16	2485	3304	11909720	11908918	0.0	894
NC_003076.8:20278613-20281984	NC_003071.7	88.054	745	81	7	2491	3229	7177587	7176845	0.0	876
NC_003076.8:20278613-20281984	NC_003071.7	87.785	745	82	9	2485	3223	14571894	14572635	0.0	863
NC_003076.8:20278613-20281984	NC_003071.7	90.683	644	38	6	235	859	19196619	19195979	0.0	837
NC_003076.8:20278613-20281984	NC_003071.7	88.906	649	57	11	1339	1980	6101375	6100735	0.0	785
NC_003076.8:20278613-20281984	NC_003071.7	91.434	572	27	6	235	789	6099666	6100232	0.0	765
NC_003076.8:20278613-20281984	NC_003071.7	88.837	645	40	26	231	867	11399241	11398621	0.0	763
NC_003076.8:20278613-20281984	NC_003071.7	90.864	405	22	7	940	1338	7814534	7814139	1.90e-148	529
NC_003076.8:20278613-20281984	NC_003071.7	89.630	405	33	4	940	1338	7169367	7168966	8.90e-142	507
NC_003076.8:20278613-20281984	NC_003071.7	94.225	329	18	1	1354	1681	7959807	7960135	4.14e-140	501
NC_003076.8:20278613-20281984	NC_003071.7	92.733	344	23	2	1339	1681	7169523	7169181	1.93e-138	496
NC_003076.8:20278613-20281984	NC_003071.7	93.235	340	16	2	1339	1678	7814690	7814358	6.93e-138	494
NC_003076.8:20278613-20281984	NC_003071.7	95.833	288	10	2	1696	1982	6803611	6803897	5.43e-129	464
NC_003076.8:20278613-20281984	NC_003071.7	84.926	471	53	8	2809	3275	7094024	7094480	7.03e-128	460
NC_003076.8:20278613-20281984	NC_003071.7	93.528	309	12	4	1037	1338	6663080	6663387	1.18e-125	453
NC_003076.8:20278613-20281984	NC_003071.7	82.363	567	57	16	2809	3371	6901395	6901922	1.18e-125	453
NC_003076.8:20278613-20281984	NC_003071.7	94.502	291	14	2	1694	1982	14334864	14335154	5.47e-124	448
NC_003076.8:20278613-20281984	NC_003071.7	94.444	288	15	1	1694	1980	501270	501557	2.54e-122	442
NC_003076.8:20278613-20281984	NC_003071.7	94.138	290	15	2	1694	1982	7169018	7168730	9.15e-122	440
NC_003076.8:20278613-20281984	NC_003071.7	94.118	289	15	2	1694	1980	12802305	12802593	3.29e-121	438
NC_003076.8:20278613-20281984	NC_003071.7	94.406	286	15	1	1696	1980	13336610	13336325	3.29e-121	438
NC_003076.8:20278613-20281984	NC_003071.7	94.097	288	16	1	1694	1980	395373	395086	1.18e-120	436
NC_003076.8:20278613-20281984	NC_003071.7	94.097	288	16	1	1694	1980	543388	543675	1.18e-120	436
NC_003076.8:20278613-20281984	NC_003071.7	94.097	288	16	1	1694	1980	13907456	13907169	1.18e-120	436
NC_003076.8:20278613-20281984	NC_003071.7	93.772	289	14	4	1696	1982	7814188	7813902	5.51e-119	431
NC_003076.8:20278613-20281984	NC_003071.7	93.403	288	18	1	1694	1980	11285855	11285568	2.56e-117	425
NC_003076.8:20278613-20281984	NC_003071.7	93.127	291	18	2	1694	1982	12093156	12092866	2.56e-117	425
NC_003076.8:20278613-20281984	NC_003071.7	93.403	288	16	3	1694	1980	7960770	7961055	9.22e-117	424
NC_003076.8:20278613-20281984	NC_003071.7	93.056	288	18	2	1694	1980	13268221	13268507	1.19e-115	420
NC_003076.8:20278613-20281984	NC_003071.7	92.784	291	19	2	1694	1982	17253948	17253658	1.19e-115	420
NC_003076.8:20278613-20281984	NC_003071.7	95.420	262	12	0	1339	1600	3213353	3213092	4.29e-115	418
NC_003076.8:20278613-20281984	NC_003071.7	94.757	267	13	1	1341	1607	3564385	3564650	5.55e-114	414
NC_003076.8:20278613-20281984	NC_003071.7	91.919	297	22	2	640	935	6383668	6383373	5.55e-114	414
NC_003076.8:20278613-20281984	NC_003071.7	92.632	285	20	1	1696	1980	6663337	6663620	2.58e-112	409
NC_003076.8:20278613-20281984	NC_003071.7	93.411	258	17	0	1344	1601	6660967	6661224	1.56e-104	383
NC_003076.8:20278613-20281984	NC_003071.7	93.156	263	9	4	1082	1338	14334657	14334916	7.28e-103	377
NC_003076.8:20278613-20281984	NC_003071.7	93.976	249	12	2	235	482	5843836	5843590	9.42e-102	374
NC_003076.8:20278613-20281984	NC_003071.7	94.850	233	12	0	1339	1571	2962804	2962572	5.67e-99	364
NC_003076.8:20278613-20281984	NC_003071.7	91.791	268	11	6	1080	1338	543175	543440	2.04e-98	363
NC_003076.8:20278613-20281984	NC_003071.7	89.931	288	15	3	1694	1980	6924068	6923794	2.64e-97	359
NC_003076.8:20278613-20281984	NC_003071.7	91.892	259	17	4	1	256	11399377	11399120	2.64e-97	359
NC_003076.8:20278613-20281984	NC_003071.7	91.538	260	14	7	1	256	6099530	6099785	4.41e-95	351
NC_003076.8:20278613-20281984	NC_003071.7	91.120	259	17	6	1	255	1460925	1460669	2.05e-93	346
NC_003076.8:20278613-20281984	NC_003071.7	90.769	260	18	6	1	256	19196757	19196500	2.66e-92	342
NC_003076.8:20278613-20281984	NC_003071.7	91.498	247	15	5	13	256	5843961	5843718	4.44e-90	335
NC_003076.8:20278613-20281984	NC_003071.7	93.333	225	14	1	237	461	6383918	6383695	5.75e-89	331
NC_003076.8:20278613-20281984	NC_003071.7	91.632	239	16	4	3137	3372	2139149	2139386	7.43e-88	327
NC_003076.8:20278613-20281984	NC_003071.7	89.575	259	17	8	1	255	6384054	6383802	1.24e-85	320
NC_003076.8:20278613-20281984	NC_003071.7	91.213	239	14	3	1105	1338	6803425	6803661	4.47e-85	318
NC_003076.8:20278613-20281984	NC_003071.7	92.342	222	16	1	1759	1979	3213046	3212825	5.79e-84	315
NC_003076.8:20278613-20281984	NC_003071.7	91.453	234	12	3	950	1177	7959959	7960190	5.79e-84	315
NC_003076.8:20278613-20281984	NC_003071.7	90.717	237	19	3	3137	3371	1597244	1597479	2.08e-83	313
NC_003076.8:20278613-20281984	NC_003071.7	90.678	236	20	2	3138	3372	5038080	5038314	2.08e-83	313
NC_003076.8:20278613-20281984	NC_003071.7	97.268	183	5	0	1496	1678	6924418	6924236	7.49e-83	311
NC_003076.8:20278613-20281984	NC_003071.7	96.721	183	6	0	1496	1678	13267871	13268053	3.48e-81	305
NC_003076.8:20278613-20281984	NC_003071.7	95.652	184	7	1	940	1122	4024359	4024542	7.54e-78	294
NC_003076.8:20278613-20281984	NC_003071.7	95.652	184	7	1	1496	1678	12801954	12802137	7.54e-78	294
NC_003076.8:20278613-20281984	NC_003071.7	88.655	238	21	6	3138	3371	5010322	5010087	4.54e-75	285
NC_003076.8:20278613-20281984	NC_003071.7	94.595	185	9	1	940	1123	7111941	7112125	4.54e-75	285
NC_003076.8:20278613-20281984	NC_003071.7	90.698	215	15	5	3138	3348	4025741	4025954	5.87e-74	281
NC_003076.8:20278613-20281984	NC_003071.7	93.989	183	10	1	940	1121	980459	980277	2.73e-72	276
NC_003076.8:20278613-20281984	NC_003071.7	94.413	179	9	1	945	1122	6101214	6101036	9.82e-72	274
NC_003076.8:20278613-20281984	NC_003071.7	87.500	240	19	10	2943	3175	9311223	9311458	1.64e-69	267
NC_003076.8:20278613-20281984	NC_003071.7	92.513	187	5	2	1496	1681	17254287	17254109	2.75e-67	259
NC_003076.8:20278613-20281984	NC_003071.7	91.282	195	8	2	1484	1678	395726	395541	9.89e-67	257
NC_003076.8:20278613-20281984	NC_003071.7	89.320	206	20	2	2482	2686	9584603	9584807	9.89e-67	257
NC_003076.8:20278613-20281984	NC_003071.7	90.909	198	8	3	1480	1677	13337152	13336965	9.89e-67	257
NC_003076.8:20278613-20281984	NC_003071.7	92.391	184	5	2	1496	1678	11286196	11286021	1.28e-65	254
NC_003076.8:20278613-20281984	NC_003071.7	91.979	187	6	2	1496	1681	13907797	13907619	1.28e-65	254
NC_003076.8:20278613-20281984	NC_003071.7	93.064	173	11	1	1809	1980	709400	709572	4.60e-65	252
NC_003076.8:20278613-20281984	NC_003071.7	89.163	203	19	3	2485	2686	6901191	6901391	1.66e-64	250
NC_003076.8:20278613-20281984	NC_003071.7	86.383	235	20	3	3138	3371	6206818	6206595	2.14e-63	246
NC_003076.8:20278613-20281984	NC_003071.7	90.909	187	8	2	1493	1678	500923	501101	2.77e-62	243
NC_003076.8:20278613-20281984	NC_003071.7	93.252	163	7	4	3138	3297	19172338	19172177	1.29e-60	237
NC_003076.8:20278613-20281984	NC_003071.7	91.875	160	9	4	776	932	6101360	6101518	1.30e-55	220
NC_003076.8:20278613-20281984	NC_003071.7	97.600	125	3	0	1694	1818	708716	708840	6.04e-54	215
NC_003076.8:20278613-20281984	NC_003071.7	84.188	234	24	4	3138	3371	19623426	19623646	6.04e-54	215
NC_003076.8:20278613-20281984	NC_003071.7	89.017	173	18	1	3200	3371	7178843	7179015	2.17e-53	213
NC_003076.8:20278613-20281984	NC_003071.7	97.600	125	2	1	1553	1677	12093447	12093324	2.17e-53	213
NC_003076.8:20278613-20281984	NC_003071.7	93.151	146	9	1	1193	1338	13336704	13336560	2.17e-53	213
NC_003076.8:20278613-20281984	NC_003071.7	83.830	235	25	6	3138	3372	1670011	1669790	7.81e-53	211
NC_003076.8:20278613-20281984	NC_003071.7	82.979	235	18	7	3138	3371	9228850	9228637	2.83e-47	193
NC_003076.8:20278613-20281984	NC_003071.7	82.427	239	25	6	3138	3372	15134548	15134773	2.83e-47	193
NC_003076.8:20278613-20281984	NC_003071.7	91.935	124	8	2	1215	1338	7960700	7960821	3.69e-41	172
NC_003076.8:20278613-20281984	NC_003071.7	91.964	112	9	0	940	1051	3564539	3564650	1.03e-36	158
NC_003076.8:20278613-20281984	NC_003071.7	93.333	105	7	0	940	1044	3213196	3213092	3.71e-36	156
NC_003076.8:20278613-20281984	NC_003071.7	100.000	84	0	0	1593	1676	6663080	6663163	3.71e-36	156
NC_003076.8:20278613-20281984	NC_003071.7	94.059	101	4	2	1884	1982	3564666	3564766	4.80e-35	152
NC_003076.8:20278613-20281984	NC_003071.7	95.699	93	4	0	1694	1786	13336796	13336704	1.73e-34	150
NC_003076.8:20278613-20281984	NC_003071.7	93.069	101	7	0	945	1045	6661124	6661224	6.21e-34	148
NC_003076.8:20278613-20281984	NC_003071.7	81.461	178	18	7	3138	3313	19242812	19242648	6.26e-29	132
NC_003076.8:20278613-20281984	NC_003071.7	91.209	91	8	0	1496	1586	7153795	7153705	1.05e-26	124
NC_003076.8:20278613-20281984	NC_003071.7	93.750	80	5	0	1339	1418	11287160	11287081	1.35e-25	121
NC_003076.8:20278613-20281984	NC_003071.7	93.750	80	5	0	1339	1418	13908720	13908641	1.35e-25	121
NC_003076.8:20278613-20281984	NC_003071.7	92.500	80	6	0	1339	1418	7154735	7154656	6.30e-24	115
NC_003076.8:20278613-20281984	NC_003071.7	92.593	81	5	1	1339	1418	12094424	12094344	6.30e-24	115
NC_003076.8:20278613-20281984	NC_003071.7	92.500	80	6	0	1339	1418	13338076	13337997	6.30e-24	115
NC_003076.8:20278613-20281984	NC_003071.7	92.500	80	6	0	1339	1418	17255232	17255153	6.30e-24	115
NC_003076.8:20278613-20281984	NC_003071.7	91.250	80	7	0	1339	1418	499986	500065	2.93e-22	110
NC_003076.8:20278613-20281984	NC_003071.7	91.250	80	7	0	1339	1418	542309	542388	2.93e-22	110
NC_003076.8:20278613-20281984	NC_003071.7	91.250	80	7	0	1339	1418	1460924	1460845	2.93e-22	110
NC_003076.8:20278613-20281984	NC_003071.7	91.250	80	7	0	1339	1418	6099531	6099610	2.93e-22	110
NC_003076.8:20278613-20281984	NC_003071.7	91.250	80	7	0	1339	1418	6925376	6925297	2.93e-22	110
NC_003076.8:20278613-20281984	NC_003071.7	91.250	80	7	0	1339	1418	11399376	11399297	2.93e-22	110
NC_003076.8:20278613-20281984	NC_003071.7	91.250	80	7	0	1339	1418	12800995	12801074	2.93e-22	110
NC_003076.8:20278613-20281984	NC_003071.7	91.250	80	7	0	1339	1418	19196756	19196677	2.93e-22	110
NC_003076.8:20278613-20281984	NC_003071.7	90.123	81	8	0	1	81	980617	980537	3.79e-21	106
NC_003076.8:20278613-20281984	NC_003071.7	90.123	81	8	0	1	81	3213354	3213274	3.79e-21	106
NC_003076.8:20278613-20281984	NC_003071.7	88.636	88	8	2	1	88	7814691	7814606	3.79e-21	106
NC_003076.8:20278613-20281984	NC_003071.7	90.909	77	7	0	940	1016	2962647	2962571	1.36e-20	104
NC_003076.8:20278613-20281984	NC_003071.7	90.000	80	8	0	1339	1418	6384053	6383974	1.36e-20	104
NC_003076.8:20278613-20281984	NC_003071.7	90.123	81	7	1	1	81	7111784	7111863	1.36e-20	104
NC_003076.8:20278613-20281984	NC_003071.7	95.312	64	3	0	1	64	2962805	2962742	4.91e-20	102
NC_003076.8:20278613-20281984	NC_003071.7	95.312	64	3	0	1	64	4024201	4024264	4.91e-20	102
NC_003076.8:20278613-20281984	NC_003071.7	95.312	64	3	0	1	64	7169524	7169461	4.91e-20	102
NC_003076.8:20278613-20281984	NC_003071.7	88.235	85	8	2	1	85	3564382	3564464	1.76e-19	100
NC_003076.8:20278613-20281984	NC_003071.7	88.750	80	9	0	1339	1418	14333786	14333865	6.35e-19	99.0
NC_003076.8:20278613-20281984	NC_003071.7	90.769	65	6	0	3308	3372	8173637	8173701	1.37e-15	87.9
NC_003076.8:20278613-20281984	NC_003071.7	93.103	58	4	0	1341	1398	13266918	13266975	4.94e-15	86.1
NC_003076.8:20278613-20281984	NC_003071.7	94.231	52	2	1	1396	1446	6803321	6803372	8.27e-13	78.7
NC_003076.8:20278613-20281984	NC_003071.7	79.825	114	14	7	3265	3371	7566660	7566549	1.07e-11	75.0
NC_003076.8:20278613-20281984	NC_003071.7	95.556	45	0	1	1636	1678	543175	543219	1.38e-10	71.3
NC_003076.8:20278613-20281984	NC_003071.7	95.556	45	1	1	1638	1681	14334657	14334701	1.38e-10	71.3
NC_003076.8:20278613-20281984	NC_003071.7	94.872	39	1	1	3334	3372	1367511	1367474	2.99e-07	60.2
NC_003076.8:20278613-20281984	NC_003075.7	94.585	1348	50	10	1	1338	5541389	5540055	0.0	2063
NC_003076.8:20278613-20281984	NC_003075.7	94.440	1349	53	11	1	1338	11360870	11362207	0.0	2056
NC_003076.8:20278613-20281984	NC_003075.7	94.209	1347	58	9	1	1338	1349585	1350920	0.0	2037
NC_003076.8:20278613-20281984	NC_003075.7	94.449	1333	50	8	1	1325	4146126	4147442	0.0	2030
NC_003076.8:20278613-20281984	NC_003075.7	93.910	1363	52	9	1	1338	1002007	1000651	0.0	2028
NC_003076.8:20278613-20281984	NC_003075.7	93.620	1348	47	17	1	1338	8730453	8729135	0.0	1977
NC_003076.8:20278613-20281984	NC_003075.7	93.584	1278	46	14	89	1338	8063697	8064966	0.0	1873
NC_003076.8:20278613-20281984	NC_003075.7	93.622	1270	51	9	1	1244	10397385	10396120	0.0	1869
NC_003076.8:20278613-20281984	NC_003075.7	95.921	809	30	3	1	808	16865070	16864264	0.0	1308
NC_003076.8:20278613-20281984	NC_003075.7	93.893	786	28	8	1	769	9763814	9763032	0.0	1168
NC_003076.8:20278613-20281984	NC_003075.7	93.520	787	29	9	1	769	9842608	9841826	0.0	1151
NC_003076.8:20278613-20281984	NC_003075.7	88.278	964	81	14	1	944	2622006	2621055	0.0	1125
NC_003076.8:20278613-20281984	NC_003075.7	89.369	903	80	14	2479	3372	8899071	8899966	0.0	1122
NC_003076.8:20278613-20281984	NC_003075.7	89.026	893	76	13	2484	3371	6169230	6168355	0.0	1086
NC_003076.8:20278613-20281984	NC_003075.7	88.457	901	85	13	2484	3371	17501312	17502206	0.0	1070
NC_003076.8:20278613-20281984	NC_003075.7	89.903	822	72	10	2484	3301	8820691	8819877	0.0	1048
NC_003076.8:20278613-20281984	NC_003075.7	88.268	895	75	18	2485	3371	1199585	1198713	0.0	1044
NC_003076.8:20278613-20281984	NC_003075.7	95.807	644	25	2	1339	1980	683214	683857	0.0	1038
NC_003076.8:20278613-20281984	NC_003075.7	87.821	895	77	21	2485	3372	7230735	7231604	0.0	1020
NC_003076.8:20278613-20281984	NC_003075.7	87.991	891	55	14	2485	3372	6242979	6243820	0.0	1005
NC_003076.8:20278613-20281984	NC_003075.7	91.250	720	38	12	235	935	314144	313431	0.0	957
NC_003076.8:20278613-20281984	NC_003075.7	86.874	899	54	34	2474	3371	9192533	9193368	0.0	948
NC_003076.8:20278613-20281984	NC_003075.7	88.331	797	83	9	2484	3275	12698499	12699290	0.0	948
NC_003076.8:20278613-20281984	NC_003075.7	90.884	724	33	14	235	935	7060559	7059846	0.0	941
NC_003076.8:20278613-20281984	NC_003075.7	86.226	893	92	13	2485	3371	7384282	7383415	0.0	939
NC_003076.8:20278613-20281984	NC_003075.7	90.791	695	40	11	246	920	9438920	9439610	0.0	907
NC_003076.8:20278613-20281984	NC_003075.7	87.273	715	67	15	2485	3197	1100279	1100971	0.0	795
NC_003076.8:20278613-20281984	NC_003075.7	93.627	408	22	4	235	641	6178585	6178989	8.53e-172	606
NC_003076.8:20278613-20281984	NC_003075.7	93.580	405	18	4	940	1338	6166306	6165904	5.13e-169	597
NC_003076.8:20278613-20281984	NC_003075.7	93.333	405	18	4	940	1338	11193412	11193011	8.59e-167	590
NC_003076.8:20278613-20281984	NC_003075.7	92.289	415	25	7	231	642	6279131	6279541	1.44e-164	582
NC_003076.8:20278613-20281984	NC_003075.7	92.269	401	25	2	940	1334	371928	371528	5.21e-159	564
NC_003076.8:20278613-20281984	NC_003075.7	96.210	343	10	3	1341	1681	11193567	11193226	2.42e-157	558
NC_003076.8:20278613-20281984	NC_003075.7	94.118	340	20	0	1339	1678	372085	371746	4.11e-145	518
NC_003076.8:20278613-20281984	NC_003075.7	93.878	343	20	1	1339	1681	965798	965457	1.48e-144	516
NC_003076.8:20278613-20281984	NC_003075.7	93.769	337	21	0	1342	1678	6166460	6166124	8.90e-142	507
NC_003076.8:20278613-20281984	NC_003075.7	95.139	288	13	1	1694	1980	8729187	8728900	1.18e-125	453
NC_003076.8:20278613-20281984	NC_003075.7	93.770	305	11	4	945	1243	965636	965334	4.23e-125	451
NC_003076.8:20278613-20281984	NC_003075.7	94.792	288	14	1	1694	1980	1000703	1000416	5.47e-124	448
NC_003076.8:20278613-20281984	NC_003075.7	94.097	288	16	1	1694	1980	11362155	11362442	1.18e-120	436
NC_003076.8:20278613-20281984	NC_003075.7	93.793	290	17	1	1694	1982	965003	964714	4.26e-120	435
NC_003076.8:20278613-20281984	NC_003075.7	93.750	288	17	1	1694	1980	11193063	11192776	5.51e-119	431
NC_003076.8:20278613-20281984	NC_003075.7	93.684	285	18	0	1696	1980	5540105	5539821	7.13e-118	427
NC_003076.8:20278613-20281984	NC_003075.7	93.403	288	18	1	1694	1980	1350868	1351155	2.56e-117	425
NC_003076.8:20278613-20281984	NC_003075.7	93.403	288	18	1	1694	1980	16864053	16863766	2.56e-117	425
NC_003076.8:20278613-20281984	NC_003075.7	96.850	254	6	2	1	253	7853533	7853281	9.22e-117	424
NC_003076.8:20278613-20281984	NC_003075.7	93.080	289	18	2	1694	1980	6165956	6165668	3.32e-116	422
NC_003076.8:20278613-20281984	NC_003075.7	93.056	288	19	1	1694	1980	8064914	8065201	1.19e-115	420
NC_003076.8:20278613-20281984	NC_003075.7	93.657	268	15	1	1715	1980	10396119	10395852	1.55e-109	399
NC_003076.8:20278613-20281984	NC_003075.7	91.667	288	23	1	1694	1980	371577	371290	5.59e-109	398
NC_003076.8:20278613-20281984	NC_003075.7	93.985	266	6	5	1079	1338	16864262	16864001	7.23e-108	394
NC_003076.8:20278613-20281984	NC_003075.7	90.068	292	15	6	1694	1982	4147402	4147682	1.58e-99	366
NC_003076.8:20278613-20281984	NC_003075.7	91.450	269	17	1	1339	1607	8802133	8802395	5.67e-99	364
NC_003076.8:20278613-20281984	NC_003075.7	92.340	235	15	3	3138	3371	1521587	1521819	5.75e-89	331
NC_003076.8:20278613-20281984	NC_003075.7	91.949	236	16	3	3138	3372	6115671	6115904	7.43e-88	327
NC_003076.8:20278613-20281984	NC_003075.7	89.615	260	20	7	1	256	6178448	6178704	9.62e-87	324
NC_003076.8:20278613-20281984	NC_003075.7	90.361	249	18	5	1	246	5354114	5354359	3.46e-86	322
NC_003076.8:20278613-20281984	NC_003075.7	89.575	259	19	8	1	256	7060698	7060445	3.46e-86	322
NC_003076.8:20278613-20281984	NC_003075.7	89.105	257	26	2	640	895	3893999	3893744	4.47e-85	318
NC_003076.8:20278613-20281984	NC_003075.7	97.268	183	5	0	1496	1678	10396429	10396247	7.49e-83	311
NC_003076.8:20278613-20281984	NC_003075.7	94.898	196	9	1	1342	1537	14390984	14390790	3.48e-81	305
NC_003076.8:20278613-20281984	NC_003075.7	95.722	187	6	2	1496	1681	1001051	1000866	1.62e-79	300
NC_003076.8:20278613-20281984	NC_003075.7	89.451	237	21	4	3138	3372	5391953	5391719	2.10e-78	296
NC_003076.8:20278613-20281984	NC_003075.7	95.628	183	8	0	1496	1678	8064563	8064745	7.54e-78	294
NC_003076.8:20278613-20281984	NC_003075.7	87.259	259	15	6	1	256	314269	314026	2.11e-73	279
NC_003076.8:20278613-20281984	NC_003075.7	94.972	179	8	1	945	1122	683376	683554	2.11e-73	279
NC_003076.8:20278613-20281984	NC_003075.7	91.220	205	14	4	3138	3340	823724	823522	2.73e-72	276
NC_003076.8:20278613-20281984	NC_003075.7	84.698	281	19	10	372	642	3897173	3896907	2.75e-67	259
NC_003076.8:20278613-20281984	NC_003075.7	92.935	184	4	2	1496	1678	5540448	5540273	2.75e-67	259
NC_003076.8:20278613-20281984	NC_003075.7	90.909	187	8	2	1496	1681	8729528	8729350	2.77e-62	243
NC_003076.8:20278613-20281984	NC_003075.7	84.884	258	14	7	1	256	6279022	6279256	1.29e-60	237
NC_003076.8:20278613-20281984	NC_003075.7	89.286	196	12	2	1484	1678	11361800	11361987	1.29e-60	237
NC_003076.8:20278613-20281984	NC_003075.7	91.228	171	15	0	3201	3371	7906198	7906368	1.67e-59	233
NC_003076.8:20278613-20281984	NC_003075.7	90.164	183	10	1	1496	1678	1350526	1350700	6.00e-59	231
NC_003076.8:20278613-20281984	NC_003075.7	85.356	239	15	9	3138	3371	6339695	6339472	2.16e-58	230
NC_003076.8:20278613-20281984	NC_003075.7	95.105	143	4	2	1	143	8063577	8063716	3.61e-56	222
NC_003076.8:20278613-20281984	NC_003075.7	89.071	183	6	2	1496	1678	4147065	4147233	6.04e-54	215
NC_003076.8:20278613-20281984	NC_003075.7	84.188	234	24	6	3138	3371	15441871	15441651	6.04e-54	215
NC_003076.8:20278613-20281984	NC_003075.7	95.420	131	4	2	1339	1468	2520885	2521014	1.01e-51	207
NC_003076.8:20278613-20281984	NC_003075.7	83.898	236	17	6	3138	3372	7034465	7034250	3.63e-51	206
NC_003076.8:20278613-20281984	NC_003075.7	87.209	172	20	2	770	939	5773070	5773241	7.87e-48	195
NC_003076.8:20278613-20281984	NC_003075.7	93.617	94	6	0	691	784	6280372	6280465	1.04e-31	141
NC_003076.8:20278613-20281984	NC_003075.7	89.286	112	12	0	2758	2869	17139870	17139981	1.04e-31	141
NC_003076.8:20278613-20281984	NC_003075.7	95.122	82	4	0	1339	1420	5541388	5541307	2.25e-28	130
NC_003076.8:20278613-20281984	NC_003075.7	94.118	85	3	2	1335	1418	4146123	4146206	8.09e-28	128
NC_003076.8:20278613-20281984	NC_003075.7	92.941	85	6	0	1334	1418	16865074	16864990	1.05e-26	124
NC_003076.8:20278613-20281984	NC_003075.7	93.750	80	5	0	1339	1418	7853532	7853453	1.35e-25	121
NC_003076.8:20278613-20281984	NC_003075.7	93.750	80	5	0	1339	1418	11360871	11360950	1.35e-25	121
NC_003076.8:20278613-20281984	NC_003075.7	83.088	136	18	3	1884	2015	8802411	8802545	4.87e-25	119
NC_003076.8:20278613-20281984	NC_003075.7	92.500	80	6	0	1339	1418	1349586	1349665	6.30e-24	115
NC_003076.8:20278613-20281984	NC_003075.7	92.500	80	6	0	1339	1418	8063578	8063657	6.30e-24	115
NC_003076.8:20278613-20281984	NC_003075.7	92.500	80	6	0	1339	1418	8730452	8730373	6.30e-24	115
NC_003076.8:20278613-20281984	NC_003075.7	92.405	79	6	0	1	79	965799	965721	2.27e-23	113
NC_003076.8:20278613-20281984	NC_003075.7	85.981	107	11	4	1333	1438	6178443	6178546	8.15e-23	111
NC_003076.8:20278613-20281984	NC_003075.7	91.250	80	7	0	1339	1418	1002006	1001927	2.93e-22	110
NC_003076.8:20278613-20281984	NC_003075.7	91.250	80	7	0	1339	1418	5354115	5354194	2.93e-22	110
NC_003076.8:20278613-20281984	NC_003075.7	91.250	80	7	0	1339	1418	9763813	9763734	2.93e-22	110
NC_003076.8:20278613-20281984	NC_003075.7	90.123	81	8	0	1	81	372086	372006	3.79e-21	106
NC_003076.8:20278613-20281984	NC_003075.7	90.244	82	6	2	1	81	2520884	2520964	3.79e-21	106
NC_003076.8:20278613-20281984	NC_003075.7	90.123	81	7	1	1339	1418	7060697	7060617	1.36e-20	104
NC_003076.8:20278613-20281984	NC_003075.7	90.909	77	7	0	1342	1418	9842604	9842528	1.36e-20	104
NC_003076.8:20278613-20281984	NC_003075.7	88.889	81	9	0	1	81	14390988	14390908	1.76e-19	100
NC_003076.8:20278613-20281984	NC_003075.7	88.750	80	9	0	1339	1418	314268	314189	6.35e-19	99.0
NC_003076.8:20278613-20281984	NC_003075.7	86.250	80	5	1	1339	1418	6279023	6279096	6.39e-14	82.4
NC_003076.8:20278613-20281984	NC_003075.7	100.000	44	0	0	1635	1678	16864262	16864219	6.39e-14	82.4
NC_003076.8:20278613-20281984	NC_003075.7	80.556	108	15	5	435	536	9566078	9565971	8.27e-13	78.7
NC_003076.8:20278613-20281984	NC_003075.7	90.000	50	3	2	3324	3372	1957656	1957704	2.31e-08	63.9
NC_003071.7:1458839-1460925	NC_003071.7	100.000	2087	0	0	1	2087	1460925	1458839	0.0	3855
NC_003071.7:1458839-1460925	NC_003071.7	92.796	2110	99	18	1	2082	5467004	5464920	0.0	3005
NC_003071.7:1458839-1460925	NC_003071.7	92.520	1377	74	10	708	2079	6101375	6102727	0.0	1945
NC_003071.7:1458839-1460925	NC_003071.7	92.121	1193	68	10	911	2080	12555223	12554034	0.0	1659
NC_003071.7:1458839-1460925	NC_003071.7	95.346	924	36	5	1	922	12556203	12555285	0.0	1461
NC_003071.7:1458839-1460925	NC_003071.7	93.284	953	55	7	1134	2079	10468227	10467277	0.0	1397
NC_003071.7:1458839-1460925	NC_003071.7	94.686	828	31	6	5	829	10469076	10468259	0.0	1273
NC_003071.7:1458839-1460925	NC_003071.7	89.683	1008	70	18	988	1969	5843583	5842584	0.0	1254
NC_003071.7:1458839-1460925	NC_003071.7	95.134	781	36	2	1	780	19196757	19195978	0.0	1230
NC_003071.7:1458839-1460925	NC_003071.7	95.910	709	22	6	1	708	6099530	6100232	0.0	1142
NC_003071.7:1458839-1460925	NC_003071.7	90.214	889	48	10	535	1405	6383692	6382825	0.0	1123
NC_003071.7:1458839-1460925	NC_003071.7	89.157	913	77	10	887	1780	11398603	11397694	0.0	1118
NC_003071.7:1458839-1460925	NC_003071.7	93.137	714	44	5	139	849	13267150	13267861	0.0	1042
NC_003071.7:1458839-1460925	NC_003071.7	93.007	715	46	4	139	849	6925142	6924428	0.0	1040
NC_003071.7:1458839-1460925	NC_003071.7	90.990	788	38	19	1	786	11399377	11398621	0.0	1031
NC_003071.7:1458839-1460925	NC_003071.7	92.105	722	45	12	137	849	12801226	12801944	0.0	1007
NC_003071.7:1458839-1460925	NC_003071.7	90.363	716	45	8	139	849	7154501	7153805	0.0	918
NC_003071.7:1458839-1460925	NC_003071.7	90.251	718	47	7	137	849	13337846	13337147	0.0	917
NC_003071.7:1458839-1460925	NC_003071.7	89.958	717	47	9	139	849	500220	500917	0.0	902
NC_003071.7:1458839-1460925	NC_003071.7	89.819	717	49	6	139	849	11286904	11286206	0.0	898
NC_003071.7:1458839-1460925	NC_003071.7	91.963	647	42	10	139	778	14334020	14334663	0.0	898
NC_003071.7:1458839-1460925	NC_003071.7	89.525	716	52	7	139	849	12094189	12093492	0.0	885
NC_003071.7:1458839-1460925	NC_003071.7	89.466	712	51	7	139	845	396420	395728	0.0	878
NC_003071.7:1458839-1460925	NC_003071.7	89.306	720	50	9	139	849	17254998	17254297	0.0	878
NC_003071.7:1458839-1460925	NC_003071.7	93.599	578	34	3	1504	2079	19195986	19195410	0.0	859
NC_003071.7:1458839-1460925	NC_003071.7	89.695	689	47	8	139	823	13908486	13907818	0.0	857
NC_003071.7:1458839-1460925	NC_003071.7	88.451	710	46	13	139	842	707676	708355	0.0	824
NC_003071.7:1458839-1460925	NC_003071.7	91.311	610	42	9	139	742	542543	543147	0.0	822
NC_003071.7:1458839-1460925	NC_003071.7	94.400	375	15	5	13	384	5843961	5843590	1.92e-161	571
NC_003071.7:1458839-1460925	NC_003071.7	84.828	580	66	20	1134	1701	6746402	6746971	3.21e-159	564
NC_003071.7:1458839-1460925	NC_003071.7	94.795	365	12	3	1	363	6384054	6383695	1.15e-158	562
NC_003071.7:1458839-1460925	NC_003071.7	84.712	556	69	16	1168	1712	6749825	6750375	1.50e-152	542
NC_003071.7:1458839-1460925	NC_003071.7	84.404	545	70	14	1168	1701	6753220	6753760	1.96e-146	521
NC_003071.7:1458839-1460925	NC_003071.7	91.689	373	27	4	1710	2079	6084955	6085326	3.28e-144	514
NC_003071.7:1458839-1460925	NC_003071.7	95.470	287	11	2	1	285	6084090	6084376	5.60e-127	457
NC_003071.7:1458839-1460925	NC_003071.7	89.877	326	13	6	1134	1457	6084405	6084712	2.66e-110	401
NC_003071.7:1458839-1460925	NC_003071.7	91.892	259	16	5	1	257	13908721	13908466	5.84e-97	357
NC_003071.7:1458839-1460925	NC_003071.7	91.506	259	15	7	1	257	13338077	13337824	9.77e-95	350
NC_003071.7:1458839-1460925	NC_003071.7	91.935	248	16	4	1	246	17255233	17254988	4.55e-93	344
NC_003071.7:1458839-1460925	NC_003071.7	90.769	260	18	6	1	257	12094425	12094169	1.64e-92	342
NC_003071.7:1458839-1460925	NC_003071.7	90.734	259	19	4	1	257	542308	542563	5.88e-92	340
NC_003071.7:1458839-1460925	NC_003071.7	90.734	259	19	5	1	257	6925377	6925122	5.88e-92	340
NC_003071.7:1458839-1460925	NC_003071.7	90.769	260	17	7	1	257	7154736	7154481	5.88e-92	340
NC_003071.7:1458839-1460925	NC_003071.7	93.953	215	12	1	1867	2080	11397698	11397484	5.92e-87	324
NC_003071.7:1458839-1460925	NC_003071.7	90.400	250	18	6	1	247	13266915	13267161	5.92e-87	324
NC_003071.7:1458839-1460925	NC_003071.7	89.615	260	20	7	1	257	14333785	14334040	5.92e-87	324
NC_003071.7:1458839-1460925	NC_003071.7	95.679	162	6	1	1	161	11287161	11287000	1.69e-67	259
NC_003071.7:1458839-1460925	NC_003071.7	96.429	112	4	0	2	113	6101375	6101264	2.92e-45	185
NC_003071.7:1458839-1460925	NC_003071.7	87.379	103	9	4	1	101	7814691	7814591	3.88e-24	115
NC_003071.7:1458839-1460925	NC_003071.7	91.358	81	7	0	1	81	980617	980537	5.02e-23	111
NC_003071.7:1458839-1460925	NC_003071.7	91.358	81	7	0	1	81	3213354	3213274	5.02e-23	111
NC_003071.7:1458839-1460925	NC_003071.7	95.652	69	3	0	26	94	12555280	12555212	5.02e-23	111
NC_003071.7:1458839-1460925	NC_003071.7	91.358	81	6	1	1	81	7111784	7111863	1.81e-22	110
NC_003071.7:1458839-1460925	NC_003071.7	87.500	96	7	5	1	94	2962805	2962713	2.34e-21	106
NC_003071.7:1458839-1460925	NC_003071.7	89.412	85	7	2	1	85	3564382	3564464	2.34e-21	106
NC_003071.7:1458839-1460925	NC_003071.7	90.123	81	8	0	1	81	4024201	4024281	2.34e-21	106
NC_003071.7:1458839-1460925	NC_003071.7	91.026	78	5	2	1	77	7169524	7169448	8.40e-21	104
NC_003071.7:1458839-1460925	NC_003071.7	90.769	65	6	0	17	81	7959807	7959871	8.46e-16	87.9
NC_003071.7:1458839-1460925	NC_003071.7	87.143	70	2	5	2010	2079	6382806	6382744	2.37e-11	73.1
NC_003071.7:1458839-1460925	NC_003071.7	100.000	33	0	0	744	776	11398634	11398602	5.13e-08	62.1
NC_003071.7:1458839-1460925	NC_003070.9	94.407	2092	62	11	4	2047	18747045	18744961	0.0	3164
NC_003071.7:1458839-1460925	NC_003070.9	94.185	2098	75	13	1	2080	8291571	8289503	0.0	3155
NC_003071.7:1458839-1460925	NC_003070.9	92.411	2082	129	18	1	2060	1977166	1975092	0.0	2942
NC_003071.7:1458839-1460925	NC_003070.9	90.671	2101	130	33	1	2079	12855993	12853937	0.0	2734
NC_003071.7:1458839-1460925	NC_003070.9	92.725	1402	70	17	24	1405	29320708	29319319	0.0	1995
NC_003071.7:1458839-1460925	NC_003070.9	92.000	1400	78	17	28	1405	17255	18642	0.0	1934
NC_003071.7:1458839-1460925	NC_003070.9	91.445	1426	89	16	1	1405	6735864	6737277	0.0	1927
NC_003071.7:1458839-1460925	NC_003070.9	91.429	1400	85	18	28	1405	3074698	3073312	0.0	1888
NC_003071.7:1458839-1460925	NC_003070.9	92.066	1147	67	9	880	2005	14298879	14297736	0.0	1592
NC_003071.7:1458839-1460925	NC_003070.9	94.748	971	44	7	1	969	14299842	14298877	0.0	1504
NC_003071.7:1458839-1460925	NC_003070.9	93.683	934	53	5	1158	2087	19172983	19172052	0.0	1393
NC_003071.7:1458839-1460925	NC_003070.9	93.469	934	55	5	1158	2087	19085920	19086851	0.0	1382
NC_003071.7:1458839-1460925	NC_003070.9	92.662	954	62	7	1134	2080	17552139	17551187	0.0	1367
NC_003071.7:1458839-1460925	NC_003070.9	96.265	830	28	3	1	829	17552998	17552171	0.0	1358
NC_003071.7:1458839-1460925	NC_003070.9	91.802	988	54	13	436	1405	23174139	23175117	0.0	1351
NC_003071.7:1458839-1460925	NC_003070.9	95.391	781	34	2	1	780	2235167	2234388	0.0	1242
NC_003071.7:1458839-1460925	NC_003070.9	93.571	840	37	4	1	839	19085099	19085922	0.0	1236
NC_003071.7:1458839-1460925	NC_003070.9	93.571	840	35	8	1	839	19173802	19172981	0.0	1234
NC_003071.7:1458839-1460925	NC_003070.9	93.287	715	44	4	139	849	26171245	26170531	0.0	1051
NC_003071.7:1458839-1460925	NC_003070.9	92.786	707	43	8	139	841	19329031	19328329	0.0	1016
NC_003071.7:1458839-1460925	NC_003070.9	92.061	718	49	7	137	849	17900095	17900809	0.0	1003
NC_003071.7:1458839-1460925	NC_003070.9	91.899	716	50	8	139	849	7035426	7036138	0.0	994
NC_003071.7:1458839-1460925	NC_003070.9	91.806	720	48	9	137	849	9867193	9866478	0.0	992
NC_003071.7:1458839-1460925	NC_003070.9	91.480	716	52	9	139	849	30255288	30254577	0.0	976
NC_003071.7:1458839-1460925	NC_003070.9	91.480	716	37	8	139	849	12329819	12329123	0.0	963
NC_003071.7:1458839-1460925	NC_003070.9	90.909	715	43	6	139	849	30252872	30252176	0.0	941
NC_003071.7:1458839-1460925	NC_003070.9	91.462	691	37	10	139	825	11699931	11700603	0.0	929
NC_003071.7:1458839-1460925	NC_003070.9	90.642	716	43	8	139	849	22993826	22993130	0.0	929
NC_003071.7:1458839-1460925	NC_003070.9	90.665	707	49	13	139	830	16807222	16807926	0.0	924
NC_003071.7:1458839-1460925	NC_003070.9	90.490	715	45	6	139	849	13059058	13059753	0.0	922
NC_003071.7:1458839-1460925	NC_003070.9	90.084	716	47	8	139	849	9816445	9817141	0.0	907
NC_003071.7:1458839-1460925	NC_003070.9	90.084	716	46	12	139	849	8115005	8115700	0.0	905
NC_003071.7:1458839-1460925	NC_003070.9	89.679	717	61	11	139	849	16904014	16904723	0.0	902
NC_003071.7:1458839-1460925	NC_003070.9	89.944	716	49	7	139	849	19062199	19062896	0.0	902
NC_003071.7:1458839-1460925	NC_003070.9	89.540	717	43	11	139	842	22450165	22450862	0.0	880
NC_003071.7:1458839-1460925	NC_003070.9	92.916	607	38	5	139	742	12563847	12563243	0.0	878
NC_003071.7:1458839-1460925	NC_003070.9	90.000	690	44	9	139	823	19995499	19994830	0.0	869
NC_003071.7:1458839-1460925	NC_003070.9	92.586	607	39	6	139	742	12364370	12364973	0.0	867
NC_003071.7:1458839-1460925	NC_003070.9	89.956	687	47	10	167	849	19062922	19063590	0.0	867
NC_003071.7:1458839-1460925	NC_003070.9	92.447	609	36	9	139	742	23213901	23214504	0.0	861
NC_003071.7:1458839-1460925	NC_003070.9	92.422	607	36	7	139	742	16824753	16825352	0.0	857
NC_003071.7:1458839-1460925	NC_003070.9	92.308	611	35	10	139	742	19466714	19466109	0.0	857
NC_003071.7:1458839-1460925	NC_003070.9	89.060	713	42	10	139	845	501140	500458	0.0	852
NC_003071.7:1458839-1460925	NC_003070.9	89.436	691	47	10	139	823	11737157	11736487	0.0	848
NC_003071.7:1458839-1460925	NC_003070.9	91.967	610	38	9	139	742	16325679	16326283	0.0	845
NC_003071.7:1458839-1460925	NC_003070.9	92.943	581	38	3	1504	2082	2234396	2233817	0.0	843
NC_003071.7:1458839-1460925	NC_003070.9	89.819	609	47	11	139	733	16806377	16806984	0.0	767
NC_003071.7:1458839-1460925	NC_003070.9	89.508	610	41	7	240	845	13017571	13016981	0.0	750
NC_003071.7:1458839-1460925	NC_003070.9	89.358	592	42	5	139	728	4785682	4786254	0.0	725
NC_003071.7:1458839-1460925	NC_003070.9	85.815	712	61	22	144	841	13261968	13261283	0.0	719
NC_003071.7:1458839-1460925	NC_003070.9	88.532	436	29	5	417	849	18791324	18791741	1.52e-142	508
NC_003071.7:1458839-1460925	NC_003070.9	96.000	250	9	1	1	249	17009	17258	2.06e-111	405
NC_003071.7:1458839-1460925	NC_003070.9	94.800	250	12	1	1	249	3074944	3074695	2.07e-106	388
NC_003071.7:1458839-1460925	NC_003070.9	94.071	253	14	1	590	841	15939781	15940033	9.64e-105	383
NC_003071.7:1458839-1460925	NC_003070.9	92.278	259	15	5	1	257	19995734	19995479	1.26e-98	363
NC_003071.7:1458839-1460925	NC_003070.9	92.278	259	15	5	1	257	23213666	23213921	1.26e-98	363
NC_003071.7:1458839-1460925	NC_003070.9	91.506	259	17	5	1	257	8114770	8115025	2.72e-95	351
NC_003071.7:1458839-1460925	NC_003070.9	91.506	259	16	6	1	257	12330053	12329799	2.72e-95	351
NC_003071.7:1458839-1460925	NC_003070.9	91.506	259	17	5	1	257	16824518	16824773	2.72e-95	351
NC_003071.7:1458839-1460925	NC_003070.9	91.506	259	16	6	1	257	19061965	19062219	2.72e-95	351
NC_003071.7:1458839-1460925	NC_003070.9	91.506	259	17	5	1	257	30253107	30252852	2.72e-95	351
NC_003071.7:1458839-1460925	NC_003070.9	93.644	236	12	3	1	234	3910601	3910367	9.77e-95	350
NC_003071.7:1458839-1460925	NC_003070.9	92.369	249	14	5	1	247	23554439	23554194	9.77e-95	350
NC_003071.7:1458839-1460925	NC_003070.9	91.154	260	17	6	1	257	11737393	11737137	3.52e-94	348
NC_003071.7:1458839-1460925	NC_003070.9	91.120	259	18	5	1	257	12364135	12364390	1.26e-93	346
NC_003071.7:1458839-1460925	NC_003070.9	91.120	259	18	5	1	257	17899863	17900118	1.26e-93	346
NC_003071.7:1458839-1460925	NC_003070.9	91.120	259	17	6	1	257	18790927	18791181	1.26e-93	346
NC_003071.7:1458839-1460925	NC_003070.9	91.120	259	18	5	1	257	19466949	19466694	1.26e-93	346
NC_003071.7:1458839-1460925	NC_003070.9	91.120	259	16	6	1	257	11699698	11699951	4.55e-93	344
NC_003071.7:1458839-1460925	NC_003070.9	90.734	259	19	5	1	257	7035191	7035446	5.88e-92	340
NC_003071.7:1458839-1460925	NC_003070.9	90.734	259	19	5	1	257	9816210	9816465	5.88e-92	340
NC_003071.7:1458839-1460925	NC_003070.9	90.734	259	19	5	1	257	15939323	15939578	5.88e-92	340
NC_003071.7:1458839-1460925	NC_003070.9	90.734	259	19	5	1	257	26171480	26171225	5.88e-92	340
NC_003071.7:1458839-1460925	NC_003070.9	92.735	234	15	2	139	370	22622071	22621838	7.61e-91	337
NC_003071.7:1458839-1460925	NC_003070.9	90.385	260	19	6	1	258	25963257	25963002	7.61e-91	337
NC_003071.7:1458839-1460925	NC_003070.9	89.961	259	21	5	1	257	13058823	13059078	1.27e-88	329
NC_003071.7:1458839-1460925	NC_003070.9	89.961	259	21	5	1	257	16325444	16325699	1.27e-88	329
NC_003071.7:1458839-1460925	NC_003070.9	89.961	259	20	6	1	257	22622305	22622051	1.27e-88	329
NC_003071.7:1458839-1460925	NC_003070.9	89.961	259	18	7	1	257	501372	501120	4.58e-88	327
NC_003071.7:1458839-1460925	NC_003070.9	92.920	226	14	2	139	362	15939558	15939783	4.58e-88	327
NC_003071.7:1458839-1460925	NC_003070.9	89.189	259	22	6	1	257	12564081	12563827	2.76e-85	318
NC_003071.7:1458839-1460925	NC_003070.9	89.243	251	18	8	1	247	13262203	13261958	2.15e-81	305
NC_003071.7:1458839-1460925	NC_003070.9	88.372	258	16	5	1	257	9867414	9867170	3.59e-79	298
NC_003071.7:1458839-1460925	NC_003070.9	86.590	261	24	10	1	257	16806989	16807242	4.68e-73	278
NC_003071.7:1458839-1460925	NC_003070.9	86.538	260	19	7	1	258	8490194	8489949	2.18e-71	272
NC_003071.7:1458839-1460925	NC_003070.9	85.000	260	18	10	1	255	4785461	4785704	4.74e-63	244
NC_003071.7:1458839-1460925	NC_003070.9	83.784	259	16	11	1	257	16903800	16904034	2.22e-56	222
NC_003071.7:1458839-1460925	NC_003070.9	94.118	102	3	3	1987	2087	14296525	14296426	2.96e-35	152
NC_003071.7:1458839-1460925	NC_003070.9	75.146	342	60	15	1756	2079	19736250	19736584	8.28e-31	137
NC_003071.7:1458839-1460925	NC_003070.9	97.183	71	2	0	2010	2080	23175136	23175206	8.34e-26	121
NC_003071.7:1458839-1460925	NC_003070.9	94.366	71	4	0	2010	2080	18661	18731	1.81e-22	110
NC_003071.7:1458839-1460925	NC_003070.9	92.308	78	5	1	2010	2087	6737296	6737372	1.81e-22	110
NC_003071.7:1458839-1460925	NC_003070.9	91.250	80	7	0	2	81	30251767	30251688	1.81e-22	110
NC_003071.7:1458839-1460925	NC_003070.9	90.244	82	6	2	1	81	12876928	12876848	2.34e-21	106
NC_003071.7:1458839-1460925	NC_003070.9	90.123	81	8	0	1	81	16998955	16998875	2.34e-21	106
NC_003071.7:1458839-1460925	NC_003070.9	90.123	81	8	0	1	81	18790103	18790183	2.34e-21	106
NC_003071.7:1458839-1460925	NC_003070.9	90.000	80	7	1	2	81	12328714	12328636	3.02e-20	102
NC_003071.7:1458839-1460925	NC_003070.9	89.024	82	7	2	1	81	3413553	3413633	1.09e-19	100
NC_003071.7:1458839-1460925	NC_003070.9	87.805	82	8	2	1	81	19724755	19724835	5.06e-18	95.3
NC_003071.7:1458839-1460925	NC_003070.9	87.209	86	8	3	4	89	22621378	22621296	5.06e-18	95.3
NC_003071.7:1458839-1460925	NC_003070.9	100.000	37	0	0	2010	2046	29319300	29319264	3.06e-10	69.4
NC_003071.7:1458839-1460925	NC_003074.8	93.673	2102	98	24	3	2079	5622033	5624124	0.0	3112
NC_003071.7:1458839-1460925	NC_003074.8	93.489	2104	105	17	1	2080	20485140	20483045	0.0	3097
NC_003071.7:1458839-1460925	NC_003074.8	93.571	2022	94	13	61	2059	16879865	16881873	0.0	2981
NC_003071.7:1458839-1460925	NC_003074.8	92.297	1415	79	15	4	1398	9559680	9558276	0.0	1982
NC_003071.7:1458839-1460925	NC_003074.8	91.546	1384	84	22	28	1405	1371151	1369795	0.0	1877
NC_003071.7:1458839-1460925	NC_003074.8	93.313	972	58	6	28	996	2630001	2629034	0.0	1428
NC_003071.7:1458839-1460925	NC_003074.8	88.408	1156	79	20	948	2082	20486738	20485617	0.0	1341
NC_003071.7:1458839-1460925	NC_003074.8	90.537	856	63	13	1	841	3716342	3717194	0.0	1116
NC_003071.7:1458839-1460925	NC_003074.8	89.825	855	57	14	948	1783	10862818	10863661	0.0	1070
NC_003071.7:1458839-1460925	NC_003074.8	93.436	716	37	10	139	849	18746423	18747133	0.0	1053
NC_003071.7:1458839-1460925	NC_003074.8	92.469	717	47	7	139	849	10821211	10820496	0.0	1018
NC_003071.7:1458839-1460925	NC_003074.8	90.947	718	49	12	139	841	9890241	9890957	0.0	952
NC_003071.7:1458839-1460925	NC_003074.8	90.720	722	43	12	139	855	17301044	17300342	0.0	941
NC_003071.7:1458839-1460925	NC_003074.8	90.590	712	45	12	139	841	16173058	16172360	0.0	924
NC_003071.7:1458839-1460925	NC_003074.8	90.210	715	47	8	139	849	15937521	15938216	0.0	911
NC_003071.7:1458839-1460925	NC_003074.8	89.747	712	50	7	139	845	17277580	17276887	0.0	889
NC_003071.7:1458839-1460925	NC_003074.8	92.916	607	38	5	139	742	17063008	17062404	0.0	878
NC_003071.7:1458839-1460925	NC_003074.8	90.131	689	44	8	139	823	11536069	11536737	0.0	874
NC_003071.7:1458839-1460925	NC_003074.8	90.526	665	52	6	1134	1792	17396986	17396327	0.0	869
NC_003071.7:1458839-1460925	NC_003074.8	89.840	689	46	8	139	823	20786634	20787302	0.0	863
NC_003071.7:1458839-1460925	NC_003074.8	89.695	689	47	8	139	823	5745687	5745019	0.0	857
NC_003071.7:1458839-1460925	NC_003074.8	89.405	689	49	12	139	823	17144269	17143601	0.0	846
NC_003071.7:1458839-1460925	NC_003074.8	88.293	709	47	13	139	842	22118838	22119515	0.0	817
NC_003071.7:1458839-1460925	NC_003074.8	89.509	591	40	6	139	725	9386113	9385541	0.0	728
NC_003071.7:1458839-1460925	NC_003074.8	88.851	592	45	5	139	728	16451021	16451593	0.0	708
NC_003071.7:1458839-1460925	NC_003074.8	95.571	429	15	4	1	427	10862401	10862827	0.0	684
NC_003071.7:1458839-1460925	NC_003074.8	90.951	431	20	9	1	428	20487142	20486728	1.15e-158	562
NC_003071.7:1458839-1460925	NC_003074.8	88.034	468	29	17	956	1405	2629029	2628571	1.17e-148	529
NC_003071.7:1458839-1460925	NC_003074.8	91.821	379	25	6	454	829	10404836	10405211	5.44e-147	523
NC_003071.7:1458839-1460925	NC_003074.8	91.711	374	28	3	1710	2080	17396351	17395978	9.11e-145	516
NC_003071.7:1458839-1460925	NC_003074.8	88.303	436	30	5	417	849	16562050	16562467	7.09e-141	503
NC_003071.7:1458839-1460925	NC_003074.8	94.483	290	15	1	454	742	7996125	7995836	1.21e-123	446
NC_003071.7:1458839-1460925	NC_003074.8	92.114	317	24	1	1765	2080	8188933	8189249	1.21e-123	446
NC_003071.7:1458839-1460925	NC_003074.8	94.774	287	12	3	1	285	17397300	17397015	4.36e-123	444
NC_003071.7:1458839-1460925	NC_003074.8	92.281	285	17	5	139	420	7996401	7996119	9.57e-110	399
NC_003071.7:1458839-1460925	NC_003074.8	95.219	251	10	2	1	249	1371398	1371148	1.24e-108	396
NC_003071.7:1458839-1460925	NC_003074.8	88.750	320	17	8	887	1189	9385222	9385539	5.80e-102	374
NC_003071.7:1458839-1460925	NC_003074.8	91.892	259	16	5	1	257	7996636	7996381	5.84e-97	357
NC_003071.7:1458839-1460925	NC_003074.8	91.506	259	17	5	1	257	15937286	15937541	2.72e-95	351
NC_003071.7:1458839-1460925	NC_003074.8	91.154	260	15	7	1	255	17277814	17277558	1.26e-93	346
NC_003071.7:1458839-1460925	NC_003074.8	90.734	259	18	5	1	257	17301278	17301024	5.88e-92	340
NC_003071.7:1458839-1460925	NC_003074.8	91.532	248	17	4	1	246	11200624	11200869	2.12e-91	339
NC_003071.7:1458839-1460925	NC_003074.8	90.347	259	19	6	1	257	16561654	16561908	2.74e-90	335
NC_003071.7:1458839-1460925	NC_003074.8	89.615	260	20	7	1	257	10821446	10821191	5.92e-87	324
NC_003071.7:1458839-1460925	NC_003074.8	92.661	218	15	1	607	823	15452795	15452578	1.28e-83	313
NC_003071.7:1458839-1460925	NC_003074.8	88.760	258	16	8	1	257	11535844	11536089	7.72e-81	303
NC_003071.7:1458839-1460925	NC_003074.8	96.610	177	5	1	608	784	9385008	9385183	1.67e-77	292
NC_003071.7:1458839-1460925	NC_003074.8	86.873	259	19	9	1	257	22118613	22118858	1.68e-72	276
NC_003071.7:1458839-1460925	NC_003074.8	86.100	259	17	6	1	257	17063229	17062988	4.71e-68	261
NC_003071.7:1458839-1460925	NC_003074.8	86.100	259	17	6	1	257	17144490	17144249	4.71e-68	261
NC_003071.7:1458839-1460925	NC_003074.8	92.899	169	11	1	1912	2079	10865881	10866049	4.74e-63	244
NC_003071.7:1458839-1460925	NC_003074.8	95.918	147	5	1	1781	1926	10865705	10865851	7.94e-61	237
NC_003071.7:1458839-1460925	NC_003074.8	95.035	141	6	1	706	845	9385005	9384865	8.00e-56	220
NC_003071.7:1458839-1460925	NC_003074.8	96.262	107	4	0	1	107	16879751	16879857	1.76e-42	176
NC_003071.7:1458839-1460925	NC_003074.8	76.068	351	60	13	1735	2079	15293231	15293563	4.92e-38	161
NC_003071.7:1458839-1460925	NC_003074.8	91.667	108	5	4	1	105	9890049	9890155	1.38e-33	147
NC_003071.7:1458839-1460925	NC_003074.8	98.529	68	1	0	2013	2080	9558269	9558202	8.34e-26	121
NC_003071.7:1458839-1460925	NC_003074.8	92.683	82	4	2	1	81	18018781	18018861	1.08e-24	117
NC_003071.7:1458839-1460925	NC_003074.8	92.593	81	4	2	2	81	17299939	17299860	3.88e-24	115
NC_003071.7:1458839-1460925	NC_003074.8	91.358	81	7	0	1	81	13327434	13327514	5.02e-23	111
NC_003071.7:1458839-1460925	NC_003074.8	91.358	81	7	0	1	81	18412154	18412234	5.02e-23	111
NC_003071.7:1458839-1460925	NC_003074.8	89.412	85	8	1	1	85	16419144	16419227	2.34e-21	106
NC_003071.7:1458839-1460925	NC_003074.8	95.312	64	3	0	1	64	10557346	10557283	3.02e-20	102
NC_003071.7:1458839-1460925	NC_003074.8	94.000	50	2	1	2010	2059	1369776	1369728	6.59e-12	75.0
NC_003071.7:1458839-1460925	NC_003074.8	100.000	33	0	0	744	776	9385191	9385223	5.13e-08	62.1
NC_003071.7:1458839-1460925	NC_003075.7	93.495	2106	102	18	1	2080	7060698	7058602	0.0	3097
NC_003071.7:1458839-1460925	NC_003075.7	91.738	2094	132	25	1	2079	314269	312202	0.0	2870
NC_003071.7:1458839-1460925	NC_003075.7	91.481	1080	64	10	1029	2085	6280480	6281554	0.0	1459
NC_003071.7:1458839-1460925	NC_003075.7	93.556	900	47	8	1158	2046	9439608	9440507	0.0	1330
NC_003071.7:1458839-1460925	NC_003075.7	93.112	842	39	6	1	839	9438785	9439610	0.0	1216
NC_003071.7:1458839-1460925	NC_003075.7	92.587	715	46	6	139	849	1001772	1001061	0.0	1020
NC_003071.7:1458839-1460925	NC_003075.7	92.308	715	47	7	139	849	8063845	8064555	0.0	1009
NC_003071.7:1458839-1460925	NC_003075.7	92.318	716	46	9	139	849	10397150	10396439	0.0	1009
NC_003071.7:1458839-1460925	NC_003075.7	90.490	715	44	7	139	849	4146361	4147055	0.0	922
NC_003071.7:1458839-1460925	NC_003075.7	90.240	707	57	10	139	841	2621774	2621076	0.0	913
NC_003071.7:1458839-1460925	NC_003075.7	90.282	710	45	8	139	842	11361104	11361795	0.0	907
NC_003071.7:1458839-1460925	NC_003075.7	90.240	707	45	8	139	840	1349820	1350507	0.0	902
NC_003071.7:1458839-1460925	NC_003075.7	89.665	716	50	8	139	849	5541154	5540458	0.0	891
NC_003071.7:1458839-1460925	NC_003075.7	90.145	690	43	15	139	823	8730218	8729549	0.0	874
NC_003071.7:1458839-1460925	NC_003075.7	93.643	582	34	3	1500	2079	6178995	6179575	0.0	867
NC_003071.7:1458839-1460925	NC_003075.7	94.928	552	25	3	1	551	6178448	6178997	0.0	861
NC_003071.7:1458839-1460925	NC_003075.7	91.368	614	26	13	1	612	6279022	6279610	0.0	815
NC_003071.7:1458839-1460925	NC_003075.7	92.058	554	34	8	139	688	9842373	9841826	0.0	771
NC_003071.7:1458839-1460925	NC_003075.7	91.906	556	36	8	137	688	9763582	9763032	0.0	769
NC_003071.7:1458839-1460925	NC_003075.7	89.189	592	43	5	139	728	16864836	16864264	0.0	719
NC_003071.7:1458839-1460925	NC_003075.7	92.920	339	15	8	1134	1468	5354792	5355125	2.57e-135	484
NC_003071.7:1458839-1460925	NC_003075.7	89.840	374	26	4	1710	2080	5355360	5355724	7.19e-131	470
NC_003071.7:1458839-1460925	NC_003075.7	94.097	288	14	3	1	285	5354476	5354763	2.62e-120	435
NC_003071.7:1458839-1460925	NC_003075.7	94.097	288	12	4	1	285	5354114	5354399	9.43e-120	433
NC_003071.7:1458839-1460925	NC_003075.7	93.793	290	13	3	1	285	5353748	5354037	3.39e-119	431
NC_003071.7:1458839-1460925	NC_003075.7	90.647	278	24	2	538	814	3894020	3893744	2.70e-100	368
NC_003071.7:1458839-1460925	NC_003075.7	91.892	259	16	5	1	257	1002007	1001752	5.84e-97	357
NC_003071.7:1458839-1460925	NC_003075.7	94.421	233	11	2	1405	1637	6280052	6280282	5.84e-97	357
NC_003071.7:1458839-1460925	NC_003075.7	92.771	249	13	5	1	247	7853533	7853288	2.10e-96	355
NC_003071.7:1458839-1460925	NC_003075.7	91.506	259	17	5	1	257	8730453	8730198	2.72e-95	351
NC_003071.7:1458839-1460925	NC_003075.7	91.120	259	18	5	1	257	9763814	9763559	1.26e-93	346
NC_003071.7:1458839-1460925	NC_003075.7	91.120	259	17	6	1	257	11360870	11361124	1.26e-93	346
NC_003071.7:1458839-1460925	NC_003075.7	90.769	260	16	7	1	255	16865070	16864814	5.88e-92	340
NC_003071.7:1458839-1460925	NC_003075.7	90.347	259	20	5	1	257	9842608	9842353	2.74e-90	335
NC_003071.7:1458839-1460925	NC_003075.7	90.038	261	17	8	1	257	4146126	4146381	1.27e-88	329
NC_003071.7:1458839-1460925	NC_003075.7	89.961	259	21	5	1	257	5541389	5541134	1.27e-88	329
NC_003071.7:1458839-1460925	NC_003075.7	89.575	259	19	8	1	257	2622006	2621754	2.13e-86	322
NC_003071.7:1458839-1460925	NC_003075.7	84.830	323	43	5	1502	1823	5355097	5355414	7.66e-86	320
NC_003071.7:1458839-1460925	NC_003075.7	83.217	286	20	14	274	547	3897173	3896904	7.94e-61	237
NC_003071.7:1458839-1460925	NC_003075.7	95.105	143	3	3	1	142	8063577	8063716	2.22e-56	222
NC_003071.7:1458839-1460925	NC_003075.7	89.677	155	14	2	689	841	5773070	5773224	1.35e-48	196
NC_003071.7:1458839-1460925	NC_003075.7	96.809	94	3	0	610	703	6280372	6280465	6.36e-37	158
NC_003071.7:1458839-1460925	NC_003075.7	91.463	82	5	2	1	81	2520884	2520964	5.02e-23	111
NC_003071.7:1458839-1460925	NC_003075.7	90.123	81	8	0	1	81	14390988	14390908	2.34e-21	106
NC_003071.7:1458839-1460925	NC_003075.7	88.889	81	9	0	1	81	372086	372006	1.09e-19	100
NC_003071.7:1458839-1460925	NC_003075.7	95.082	61	2	1	1134	1193	5354066	5354126	5.06e-18	95.3
NC_003071.7:1458839-1460925	NC_003075.7	95.082	61	2	1	1134	1193	5354428	5354488	5.06e-18	95.3
NC_003071.7:1458839-1460925	NC_003075.7	74.699	249	36	22	157	388	9566265	9566027	3.04e-15	86.1
NC_003071.7:1458839-1460925	NC_003076.8	92.264	2107	125	19	1	2081	7711131	7713225	0.0	2953
NC_003071.7:1458839-1460925	NC_003076.8	90.451	2105	135	39	1	2079	354140	356204	0.0	2713
NC_003071.7:1458839-1460925	NC_003076.8	92.581	1887	104	16	225	2086	19670974	19672849	0.0	2676
NC_003071.7:1458839-1460925	NC_003076.8	93.160	1535	78	11	576	2087	20398316	20399846	0.0	2228
NC_003071.7:1458839-1460925	NC_003076.8	93.108	1422	72	19	1	1412	15342696	15341291	0.0	2060
NC_003071.7:1458839-1460925	NC_003076.8	91.655	1426	82	14	1	1405	13918790	13917381	0.0	1940
NC_003071.7:1458839-1460925	NC_003076.8	97.064	1124	29	4	1	1122	14761183	14760062	0.0	1890
NC_003071.7:1458839-1460925	NC_003076.8	92.664	1145	77	7	1	1141	8682979	8684120	0.0	1642
NC_003071.7:1458839-1460925	NC_003076.8	91.684	950	74	4	1134	2079	8684143	8685091	0.0	1312
NC_003071.7:1458839-1460925	NC_003076.8	95.006	781	37	2	1	780	19931558	19930779	0.0	1225
NC_003071.7:1458839-1460925	NC_003076.8	95.006	781	35	4	1	780	5129834	5129057	0.0	1223
NC_003071.7:1458839-1460925	NC_003076.8	93.185	719	41	8	137	849	17365257	17365973	0.0	1050
NC_003071.7:1458839-1460925	NC_003076.8	93.147	715	43	6	139	849	8765944	8766656	0.0	1044
NC_003071.7:1458839-1460925	NC_003076.8	92.639	720	43	7	139	849	19742382	19741664	0.0	1027
NC_003071.7:1458839-1460925	NC_003076.8	92.577	714	46	6	139	849	20682172	20681463	0.0	1018
NC_003071.7:1458839-1460925	NC_003076.8	92.308	715	43	9	139	849	14151059	14150353	0.0	1005
NC_003071.7:1458839-1460925	NC_003076.8	91.643	718	50	8	139	849	11025557	11026271	0.0	985
NC_003071.7:1458839-1460925	NC_003076.8	91.888	715	39	12	139	849	4781999	4781300	0.0	981
NC_003071.7:1458839-1460925	NC_003076.8	91.460	726	45	12	139	849	5429827	5429104	0.0	981
NC_003071.7:1458839-1460925	NC_003076.8	91.620	716	49	8	139	849	24187678	24186969	0.0	979
NC_003071.7:1458839-1460925	NC_003076.8	91.341	716	37	9	139	849	20281750	20281055	0.0	955
NC_003071.7:1458839-1460925	NC_003076.8	91.049	715	42	6	139	849	17618450	17617754	0.0	946
NC_003071.7:1458839-1460925	NC_003076.8	90.503	716	45	7	139	849	15606367	15605670	0.0	924
NC_003071.7:1458839-1460925	NC_003076.8	90.291	721	46	7	139	854	4312768	4313469	0.0	922
NC_003071.7:1458839-1460925	NC_003076.8	90.377	717	44	7	139	848	18854200	18854898	0.0	918
NC_003071.7:1458839-1460925	NC_003076.8	90.665	707	41	9	139	840	9590645	9591331	0.0	917
NC_003071.7:1458839-1460925	NC_003076.8	90.350	715	46	7	139	849	9964782	9964087	0.0	917
NC_003071.7:1458839-1460925	NC_003076.8	90.550	709	44	7	139	842	17775963	17776653	0.0	917
NC_003071.7:1458839-1460925	NC_003076.8	90.268	709	43	9	139	841	8746465	8745777	0.0	904
NC_003071.7:1458839-1460925	NC_003076.8	93.215	619	32	10	131	742	21530313	21530928	0.0	902
NC_003071.7:1458839-1460925	NC_003076.8	92.381	630	45	3	1452	2079	17956547	17957175	0.0	894
NC_003071.7:1458839-1460925	NC_003076.8	88.919	740	56	22	139	859	9612816	9613548	0.0	889
NC_003071.7:1458839-1460925	NC_003076.8	89.650	715	50	9	139	849	14082601	14081907	0.0	889
NC_003071.7:1458839-1460925	NC_003076.8	89.859	710	47	9	139	842	16356709	16357399	0.0	889
NC_003071.7:1458839-1460925	NC_003076.8	89.106	716	52	10	139	849	1898411	1897717	0.0	867
NC_003071.7:1458839-1460925	NC_003076.8	92.907	578	38	3	1504	2079	19930787	19930211	0.0	837
NC_003071.7:1458839-1460925	NC_003076.8	90.551	635	53	7	1449	2079	13983692	13984323	0.0	833
NC_003071.7:1458839-1460925	NC_003076.8	92.599	581	37	4	1504	2082	5129065	5128489	0.0	830
NC_003071.7:1458839-1460925	NC_003076.8	88.145	717	56	11	139	845	9559262	9558565	0.0	826
NC_003071.7:1458839-1460925	NC_003076.8	87.599	629	50	11	853	1463	13982657	13983275	0.0	704
NC_003071.7:1458839-1460925	NC_003076.8	93.777	466	24	4	1	464	25264511	25264973	0.0	695
NC_003071.7:1458839-1460925	NC_003076.8	96.438	365	11	2	1	363	3020196	3019832	2.44e-170	601
NC_003071.7:1458839-1460925	NC_003076.8	90.732	410	32	6	139	544	7154204	7153797	1.50e-152	542
NC_003071.7:1458839-1460925	NC_003076.8	96.078	306	12	0	535	840	3019829	3019524	9.17e-140	499
NC_003071.7:1458839-1460925	NC_003076.8	95.865	266	8	3	1	264	17955555	17955819	4.39e-118	427
NC_003071.7:1458839-1460925	NC_003076.8	91.892	259	16	5	1	257	9590410	9590665	5.84e-97	357
NC_003071.7:1458839-1460925	NC_003076.8	91.892	259	16	5	1	257	9965017	9964762	5.84e-97	357
NC_003071.7:1458839-1460925	NC_003076.8	91.506	259	17	5	1	257	21530089	21530344	2.72e-95	351
NC_003071.7:1458839-1460925	NC_003076.8	91.154	260	16	6	1	255	7154439	7154182	1.26e-93	346
NC_003071.7:1458839-1460925	NC_003076.8	91.120	259	18	5	1	257	14151294	14151039	1.26e-93	346
NC_003071.7:1458839-1460925	NC_003076.8	91.120	259	17	6	1	257	20281984	20281730	1.26e-93	346
NC_003071.7:1458839-1460925	NC_003076.8	91.968	249	14	6	1	247	17796785	17796541	4.55e-93	344
NC_003071.7:1458839-1460925	NC_003076.8	90.734	259	18	6	1	257	14082835	14082581	5.88e-92	340
NC_003071.7:1458839-1460925	NC_003076.8	90.385	260	19	5	1	257	8746701	8746445	7.61e-91	337
NC_003071.7:1458839-1460925	NC_003076.8	90.347	259	19	6	1	257	15606601	15606347	2.74e-90	335
NC_003071.7:1458839-1460925	NC_003076.8	90.347	259	20	5	1	257	19742617	19742362	2.74e-90	335
NC_003071.7:1458839-1460925	NC_003076.8	90.310	258	20	5	2	257	5430061	5429807	9.84e-90	333
NC_003071.7:1458839-1460925	NC_003076.8	89.575	259	22	5	1	257	4312436	4312691	5.92e-87	324
NC_003071.7:1458839-1460925	NC_003076.8	89.575	259	22	5	1	257	17365025	17365280	5.92e-87	324
NC_003071.7:1458839-1460925	NC_003076.8	89.669	242	19	6	18	257	17775746	17775983	7.72e-81	303
NC_003071.7:1458839-1460925	NC_003076.8	90.541	222	18	3	16	234	24187899	24187678	6.01e-77	291
NC_003071.7:1458839-1460925	NC_003076.8	95.580	181	5	2	2	181	19670802	19670980	7.77e-76	287
NC_003071.7:1458839-1460925	NC_003076.8	86.667	270	19	7	1	255	9559507	9559240	1.01e-74	283
NC_003071.7:1458839-1460925	NC_003076.8	86.496	274	15	8	1	255	18853952	18854222	3.62e-74	281
NC_003071.7:1458839-1460925	NC_003076.8	84.942	259	20	7	1	257	11025336	11025577	4.74e-63	244
NC_003071.7:1458839-1460925	NC_003076.8	84.615	260	23	14	1	257	9612591	9612836	1.71e-62	243
NC_003071.7:1458839-1460925	NC_003076.8	94.949	99	5	0	1	99	20398218	20398316	2.29e-36	156
NC_003071.7:1458839-1460925	NC_003076.8	98.571	70	1	0	2010	2079	15341283	15341214	6.45e-27	124
NC_003071.7:1458839-1460925	NC_003076.8	91.358	81	7	0	1	81	5978053	5977973	5.02e-23	111
NC_003071.7:1458839-1460925	NC_003076.8	91.250	80	7	0	2	81	20280646	20280567	1.81e-22	110
NC_003071.7:1458839-1460925	NC_003076.8	90.244	82	6	2	1	81	9133953	9134033	2.34e-21	106
NC_003071.7:1458839-1460925	NC_003076.8	88.764	89	7	3	1	89	15043428	15043343	2.34e-21	106
NC_003071.7:1458839-1460925	NC_003076.8	90.000	80	8	0	2	81	9591748	9591827	8.40e-21	104
NC_003071.7:1458839-1460925	NC_003076.8	87.209	86	8	3	1	85	13982135	13982218	5.06e-18	95.3
NC_003071.7:1409568-1410155	NC_003071.7	100.000	588	0	0	1	588	1410155	1409568	0.0	1086
NC_003071.7:1409568-1410155	NC_003071.7	88.699	584	31	10	1	568	2139385	2138821	0.0	680
NC_003071.7:1409568-1410155	NC_003071.7	89.655	551	24	13	32	568	4025945	4025414	0.0	671
NC_003071.7:1409568-1410155	NC_003071.7	86.292	569	50	13	1	568	9228637	9229178	1.12e-168	593
NC_003071.7:1409568-1410155	NC_003071.7	84.870	575	61	12	1	568	6206595	6207150	1.46e-157	556
NC_003071.7:1409568-1410155	NC_003071.7	83.737	578	63	20	1	574	19623646	19623096	6.91e-146	518
NC_003071.7:1409568-1410155	NC_003071.7	83.684	570	64	16	1	568	1669791	1670333	1.16e-143	510
NC_003071.7:1409568-1410155	NC_003071.7	82.444	581	64	13	1	566	1597479	1596922	1.52e-132	473
NC_003071.7:1409568-1410155	NC_003071.7	82.676	583	53	19	1	568	13102360	13101811	1.52e-132	473
NC_003071.7:1409568-1410155	NC_003071.7	82.161	583	56	20	1	568	12557204	12556655	1.53e-127	457
NC_003071.7:1409568-1410155	NC_003071.7	81.803	588	60	24	1	568	7340942	7340382	2.56e-125	449
NC_003071.7:1409568-1410155	NC_003071.7	81.771	576	55	20	6	566	13886474	13885934	1.99e-121	436
NC_003071.7:1409568-1410155	NC_003071.7	81.359	574	72	22	3	568	9225478	9226024	7.16e-121	435
NC_003071.7:1409568-1410155	NC_003071.7	82.386	528	59	23	58	580	19242648	19243146	3.33e-119	429
NC_003071.7:1409568-1410155	NC_003071.7	80.342	585	72	23	1	568	9859955	9860513	2.02e-111	403
NC_003071.7:1409568-1410155	NC_003071.7	81.909	503	55	15	78	563	19172179	19172662	4.37e-108	392
NC_003071.7:1409568-1410155	NC_003071.7	84.884	344	34	7	1	329	4306290	4305950	9.66e-90	331
NC_003071.7:1409568-1410155	NC_003071.7	87.565	193	21	3	32	223	9456157	9455967	2.18e-56	220
NC_003071.7:1409568-1410155	NC_003071.7	84.454	238	20	6	1	222	1383553	1383789	7.85e-56	219
NC_003071.7:1409568-1410155	NC_003071.7	82.773	238	24	5	1	223	3197618	3197853	3.68e-49	196
NC_003071.7:1409568-1410155	NC_003071.7	88.095	168	17	3	1	167	9311618	9311453	3.68e-49	196
NC_003071.7:1409568-1410155	NC_003071.7	82.174	230	36	5	1	230	13113310	13113534	4.76e-48	193
NC_003071.7:1409568-1410155	NC_003071.7	82.174	230	30	8	1	223	2320934	2320709	2.21e-46	187
NC_003071.7:1409568-1410155	NC_003071.7	88.816	152	11	6	1	148	826274	826125	1.03e-44	182
NC_003071.7:1409568-1410155	NC_003071.7	88.667	150	11	5	1	147	4758101	4758247	1.33e-43	178
NC_003071.7:1409568-1410155	NC_003071.7	89.815	108	10	1	39	146	10238934	10239040	2.26e-31	137
NC_003071.7:1409568-1410155	NC_003071.7	92.135	89	6	1	481	568	825533	825445	1.76e-27	124
NC_003071.7:1409568-1410155	NC_003071.7	85.542	83	11	1	487	568	9091221	9091139	8.30e-16	86.1
NC_003071.7:1409568-1410155	NC_003071.7	76.510	149	22	12	82	223	11908929	11909071	8.36e-11	69.4
NC_003071.7:1409568-1410155	NC_003070.9	90.175	570	35	9	1	568	20205354	20205904	0.0	723
NC_003071.7:1409568-1410155	NC_003070.9	88.832	582	32	9	1	568	5863512	5862950	0.0	684
NC_003071.7:1409568-1410155	NC_003070.9	86.949	567	47	12	1	566	29244685	29244145	3.08e-174	612
NC_003071.7:1409568-1410155	NC_003070.9	86.667	570	49	14	1	568	22192552	22192008	1.43e-172	606
NC_003071.7:1409568-1410155	NC_003070.9	86.007	586	45	14	1	568	13495422	13495988	1.12e-168	593
NC_003071.7:1409568-1410155	NC_003070.9	85.043	575	60	15	1	568	27241275	27240720	3.15e-159	562
NC_003071.7:1409568-1410155	NC_003070.9	84.642	573	64	11	1	568	16400449	16401002	2.45e-155	549
NC_003071.7:1409568-1410155	NC_003070.9	84.696	575	61	12	1	568	26881276	26880722	2.45e-155	549
NC_003071.7:1409568-1410155	NC_003070.9	84.386	570	66	11	1	568	5899206	5899754	5.30e-152	538
NC_003071.7:1409568-1410155	NC_003070.9	83.733	584	56	17	1	568	12098017	12097457	2.48e-145	516
NC_003071.7:1409568-1410155	NC_003070.9	85.047	535	47	11	47	568	4583513	4582999	8.94e-145	514
NC_003071.7:1409568-1410155	NC_003070.9	83.362	583	61	14	1	568	23125131	23125692	1.50e-142	507
NC_003071.7:1409568-1410155	NC_003070.9	84.921	504	49	17	3	502	10931470	10930990	7.01e-136	484
NC_003071.7:1409568-1410155	NC_003070.9	82.534	584	58	19	1	568	26510670	26511225	1.52e-132	473
NC_003071.7:1409568-1410155	NC_003070.9	82.705	584	49	24	1	568	10021414	10021961	5.45e-132	472
NC_003071.7:1409568-1410155	NC_003070.9	82.807	570	56	22	3	568	10852668	10853199	5.45e-132	472
NC_003071.7:1409568-1410155	NC_003070.9	81.742	597	60	19	1	568	17502807	17502231	1.98e-126	453
NC_003071.7:1409568-1410155	NC_003070.9	81.818	583	57	20	1	566	11732905	11732355	1.19e-123	444
NC_003071.7:1409568-1410155	NC_003070.9	81.818	583	57	20	1	568	19769573	19769025	1.19e-123	444
NC_003071.7:1409568-1410155	NC_003070.9	81.607	560	53	24	37	568	6218602	6219139	7.21e-116	418
NC_003071.7:1409568-1410155	NC_003070.9	80.684	585	74	12	1	568	13810903	13811465	7.21e-116	418
NC_003071.7:1409568-1410155	NC_003070.9	80.645	589	64	20	1	566	24719038	24718477	1.21e-113	411
NC_003071.7:1409568-1410155	NC_003070.9	80.034	596	66	23	1	568	13870444	13869874	4.37e-108	392
NC_003071.7:1409568-1410155	NC_003070.9	80.470	553	68	20	33	568	587497	588026	2.03e-106	387
NC_003071.7:1409568-1410155	NC_003070.9	80.479	543	74	16	23	563	2986374	2986886	2.03e-106	387
NC_003071.7:1409568-1410155	NC_003070.9	91.216	148	11	2	1	148	14012812	14012957	2.84e-50	200
NC_003071.7:1409568-1410155	NC_003070.9	82.819	227	33	4	1	223	9384160	9384384	1.02e-49	198
NC_003071.7:1409568-1410155	NC_003070.9	82.895	228	30	8	1	223	8539763	8539540	3.68e-49	196
NC_003071.7:1409568-1410155	NC_003070.9	91.096	146	12	1	1	146	12992996	12993140	3.68e-49	196
NC_003071.7:1409568-1410155	NC_003070.9	91.216	148	8	5	1	146	25358422	25358278	3.68e-49	196
NC_003071.7:1409568-1410155	NC_003070.9	89.933	149	12	3	1	148	13313517	13313663	6.15e-47	189
NC_003071.7:1409568-1410155	NC_003070.9	89.865	148	14	1	1	148	18300270	18300416	6.15e-47	189
NC_003071.7:1409568-1410155	NC_003070.9	81.933	238	27	4	1	223	10580141	10579905	2.21e-46	187
NC_003071.7:1409568-1410155	NC_003070.9	81.933	238	27	4	1	223	11669357	11669593	2.21e-46	187
NC_003071.7:1409568-1410155	NC_003070.9	88.125	160	15	4	1	158	21336527	21336370	2.21e-46	187
NC_003071.7:1409568-1410155	NC_003070.9	89.726	146	13	2	1	146	9918453	9918596	7.96e-46	185
NC_003071.7:1409568-1410155	NC_003070.9	89.116	147	15	1	1	147	12458254	12458109	1.03e-44	182
NC_003071.7:1409568-1410155	NC_003070.9	87.671	146	17	1	1	146	5531892	5531748	8.01e-41	169
NC_003071.7:1409568-1410155	NC_003074.8	87.842	584	37	10	1	568	3080025	3080590	0.0	654
NC_003071.7:1409568-1410155	NC_003074.8	87.197	578	40	11	1	563	16723120	16723678	1.10e-178	627
NC_003071.7:1409568-1410155	NC_003074.8	86.467	569	48	16	1	568	4585297	4584757	8.63e-170	597
NC_003071.7:1409568-1410155	NC_003074.8	84.696	575	62	15	1	568	16405752	16405197	6.81e-156	551
NC_003071.7:1409568-1410155	NC_003074.8	84.348	575	63	12	1	568	7766617	7766063	5.30e-152	538
NC_003071.7:1409568-1410155	NC_003074.8	83.305	587	64	17	1	567	6728925	6729497	1.16e-143	510
NC_003071.7:1409568-1410155	NC_003074.8	83.187	571	65	18	1	568	11132745	11132203	1.16e-138	494
NC_003071.7:1409568-1410155	NC_003074.8	83.048	584	60	22	1	568	16485308	16485868	1.16e-138	494
NC_003071.7:1409568-1410155	NC_003074.8	82.872	578	64	11	1	563	11090440	11090997	1.95e-136	486
NC_003071.7:1409568-1410155	NC_003074.8	82.676	583	62	16	1	568	23086090	23085532	9.06e-135	481
NC_003071.7:1409568-1410155	NC_003074.8	83.394	548	58	18	23	568	422680	423196	1.17e-133	477
NC_003071.7:1409568-1410155	NC_003074.8	82.474	582	65	19	1	566	19437434	19436874	4.22e-133	475
NC_003071.7:1409568-1410155	NC_003074.8	82.705	584	51	21	1	568	7980083	7980632	1.52e-132	473
NC_003071.7:1409568-1410155	NC_003074.8	82.363	584	66	15	1	568	14057687	14057125	1.52e-132	473
NC_003071.7:1409568-1410155	NC_003074.8	82.283	587	63	18	1	568	5866429	5865865	1.96e-131	470
NC_003071.7:1409568-1410155	NC_003074.8	82.024	573	64	17	1	557	18633943	18634492	7.11e-126	451
NC_003071.7:1409568-1410155	NC_003074.8	81.488	605	53	20	1	568	19740340	19739758	4.28e-123	442
NC_003071.7:1409568-1410155	NC_003074.8	80.936	598	64	19	1	568	10758002	10758579	1.20e-118	427
NC_003071.7:1409568-1410155	NC_003074.8	83.422	374	44	9	1	358	15814491	15814120	9.66e-90	331
NC_003071.7:1409568-1410155	NC_003074.8	88.018	217	21	4	10	223	8329494	8329280	7.74e-66	252
NC_003071.7:1409568-1410155	NC_003074.8	86.222	225	20	8	2	223	17209573	17209789	2.80e-60	233
NC_003071.7:1409568-1410155	NC_003074.8	83.871	217	21	6	20	223	18170962	18171177	1.32e-48	195
NC_003071.7:1409568-1410155	NC_003074.8	88.435	147	7	7	1	147	10681392	10681528	8.01e-41	169
NC_003071.7:1409568-1410155	NC_003074.8	81.448	221	22	8	20	223	16534426	16534644	3.73e-39	163
NC_003071.7:1409568-1410155	NC_003074.8	86.395	147	11	6	1	147	18172274	18172411	8.07e-36	152
NC_003071.7:1409568-1410155	NC_003074.8	86.719	128	14	3	3	130	16281838	16281714	6.28e-32	139
NC_003071.7:1409568-1410155	NC_003074.8	92.500	40	3	0	529	568	11539863	11539902	1.81e-07	58.4
NC_003071.7:1409568-1410155	NC_003075.7	87.719	570	48	10	1	568	6339472	6340021	0.0	645
NC_003071.7:1409568-1410155	NC_003075.7	88.385	551	30	15	32	568	823522	824052	2.36e-180	632
NC_003071.7:1409568-1410155	NC_003075.7	86.467	569	49	15	1	568	7034251	7034792	2.40e-170	599
NC_003071.7:1409568-1410155	NC_003075.7	85.274	584	49	16	1	568	5391720	5392282	6.76e-161	568
NC_003071.7:1409568-1410155	NC_003075.7	84.035	570	62	16	1	568	15441651	15442193	5.34e-147	521
NC_003071.7:1409568-1410155	NC_003075.7	83.362	583	61	16	1	568	1521819	1521258	1.50e-142	507
NC_003071.7:1409568-1410155	NC_003075.7	85.039	508	43	12	76	568	6661477	6660988	1.95e-136	486
NC_003071.7:1409568-1410155	NC_003075.7	82.504	583	66	14	1	568	6115903	6115342	3.26e-134	479
NC_003071.7:1409568-1410155	NC_003075.7	82.363	584	53	20	1	568	9111580	9112129	3.28e-129	462
NC_003071.7:1409568-1410155	NC_003075.7	81.376	596	60	27	1	568	14457711	14458283	5.53e-122	438
NC_003071.7:1409568-1410155	NC_003075.7	79.866	596	66	24	1	568	12606477	12607046	2.03e-106	387
NC_003071.7:1409568-1410155	NC_003075.7	91.156	147	11	2	1	146	7155376	7155231	1.02e-49	198
NC_003071.7:1409568-1410155	NC_003075.7	89.726	146	14	1	1	146	7906368	7906224	7.96e-46	185
NC_003071.7:1409568-1410155	NC_003075.7	86.875	160	16	5	1	159	9147023	9146868	1.72e-42	174
NC_003071.7:1409568-1410155	NC_003075.7	82.383	193	20	5	45	223	8819850	8820042	6.24e-37	156
NC_003071.7:1409568-1410155	NC_003075.7	86.000	100	13	1	32	131	6343119	6343021	6.37e-22	106
NC_003071.7:1409568-1410155	NC_003075.7	86.022	93	11	2	477	568	1956703	1956612	1.07e-19	99.0
NC_003071.7:1409568-1410155	NC_003076.8	86.278	583	44	16	1	566	3566916	3566353	6.67e-171	601
NC_003071.7:1409568-1410155	NC_003076.8	86.231	581	48	11	1	568	22621178	22621739	6.67e-171	601
NC_003071.7:1409568-1410155	NC_003076.8	85.229	589	59	13	1	588	7700638	7701199	8.69e-165	580
NC_003071.7:1409568-1410155	NC_003076.8	85.590	576	56	16	1	568	9557659	9558215	3.12e-164	579
NC_003071.7:1409568-1410155	NC_003076.8	85.445	584	51	12	1	568	9068169	9068734	1.12e-163	577
NC_003071.7:1409568-1410155	NC_003076.8	84.870	575	61	12	1	568	16871479	16870924	1.46e-157	556
NC_003071.7:1409568-1410155	NC_003076.8	84.696	575	62	12	1	568	13892130	13892685	6.81e-156	551
NC_003071.7:1409568-1410155	NC_003076.8	83.362	583	62	10	1	568	17726985	17726423	1.50e-142	507
NC_003071.7:1409568-1410155	NC_003076.8	83.391	578	48	16	1	572	4937492	4936957	4.19e-138	492
NC_003071.7:1409568-1410155	NC_003076.8	82.818	582	66	15	1	568	5625620	5625059	1.51e-137	490
NC_003071.7:1409568-1410155	NC_003076.8	82.818	582	63	12	1	566	24449375	24448815	1.95e-136	486
NC_003071.7:1409568-1410155	NC_003076.8	82.847	583	50	24	1	568	26787106	26787653	1.17e-133	477
NC_003071.7:1409568-1410155	NC_003076.8	82.483	588	57	23	1	586	7070517	7069974	1.52e-132	473
NC_003071.7:1409568-1410155	NC_003076.8	82.383	579	57	15	1	568	8749470	8748926	3.28e-129	462
NC_003071.7:1409568-1410155	NC_003076.8	81.993	572	72	17	3	571	16713391	16712848	1.53e-127	457
NC_003071.7:1409568-1410155	NC_003076.8	82.211	579	54	23	1	563	6419827	6420372	1.98e-126	453
NC_003071.7:1409568-1410155	NC_003076.8	81.132	583	57	20	1	568	9854891	9854347	7.21e-116	418
NC_003071.7:1409568-1410155	NC_003076.8	87.896	347	33	7	1	343	14395033	14395374	2.61e-110	399
NC_003071.7:1409568-1410155	NC_003076.8	87.896	347	33	7	1	343	14454332	14454673	2.61e-110	399
NC_003071.7:1409568-1410155	NC_003076.8	81.331	541	50	24	32	543	26015850	26015332	4.37e-108	392
NC_003071.7:1409568-1410155	NC_003076.8	86.477	281	22	5	1	268	6701927	6702204	1.27e-78	294
NC_003071.7:1409568-1410155	NC_003076.8	88.584	219	23	2	131	348	13678734	13678951	9.94e-70	265
NC_003071.7:1409568-1410155	NC_003076.8	90.972	144	12	1	3	146	14880811	14880669	4.76e-48	193
NC_003071.7:1409568-1410155	NC_003076.8	90.278	144	13	1	3	146	9546331	9546189	2.21e-46	187
NC_003071.7:1409568-1410155	NC_003076.8	82.096	229	31	8	1	223	16030549	16030773	2.21e-46	187
NC_003071.7:1409568-1410155	NC_003076.8	89.726	146	14	1	1	146	350411	350267	7.96e-46	185
NC_003071.7:1409568-1410155	NC_003076.8	81.590	239	26	7	1	223	15163122	15162886	1.03e-44	182
NC_003071.7:1409568-1410155	NC_003076.8	89.796	147	6	6	1	147	10041812	10041949	3.70e-44	180
NC_003071.7:1409568-1410155	NC_003076.8	88.514	148	16	1	1	148	15030914	15031060	1.33e-43	178
NC_003071.7:1409568-1410155	NC_003076.8	88.435	147	17	0	1	147	23662004	23662150	1.33e-43	178
NC_003071.7:1409568-1410155	NC_003076.8	88.435	147	13	4	1	146	15658834	15658977	1.72e-42	174
NC_003071.7:1409568-1410155	NC_003076.8	84.066	182	22	2	29	209	17247704	17247879	8.01e-41	169
NC_003071.7:1409568-1410155	NC_003076.8	87.075	147	10	6	1	147	22464202	22464065	1.73e-37	158
NC_003071.7:1409568-1410155	NC_003076.8	84.286	140	8	5	98	223	9867635	9867496	1.76e-27	124
NC_003071.7:1409568-1410155	NC_003076.8	84.677	124	15	3	1	123	11383134	11383254	2.28e-26	121
NC_003071.7:1409568-1410155	NC_003076.8	85.542	83	11	1	487	568	9369027	9368945	8.30e-16	86.1
NC_003071.7:1947558-1948494	NC_003071.7	100.000	937	0	0	1	937	1948494	1947558	0.0	1731
NC_003071.7:1947558-1948494	NC_003071.7	93.722	908	49	7	1	901	1963674	1962768	0.0	1354
NC_003071.7:1947558-1948494	NC_003071.7	93.976	498	28	2	1	497	5836745	5837241	0.0	752
NC_003071.7:1947558-1948494	NC_003071.7	91.150	452	28	9	424	865	7348243	7348692	3.01e-171	603
NC_003071.7:1947558-1948494	NC_003071.7	90.909	429	33	5	1	427	6682171	6682595	8.47e-162	571
NC_003071.7:1947558-1948494	NC_003071.7	89.930	427	36	5	1	426	7347784	7348204	1.85e-153	544
NC_003071.7:1947558-1948494	NC_003071.7	91.512	377	23	7	570	937	5837232	5837608	1.87e-143	510
NC_003071.7:1947558-1948494	NC_003071.7	82.883	444	54	8	2	427	1691163	1691602	5.51e-104	379
NC_003071.7:1947558-1948494	NC_003071.7	80.843	522	66	20	424	911	1691641	1692162	5.51e-104	379
NC_003071.7:1947558-1948494	NC_003071.7	89.032	310	29	5	1	308	8538104	8537798	5.51e-104	379
NC_003071.7:1947558-1948494	NC_003071.7	84.574	376	43	11	424	796	6682634	6682997	7.18e-98	359
NC_003071.7:1947558-1948494	NC_003071.7	92.486	173	10	3	99	270	9736633	9736463	2.10e-63	244
NC_003071.7:1947558-1948494	NC_003071.7	76.298	443	76	21	1	427	4355713	4355284	7.65e-53	209
NC_003071.7:1947558-1948494	NC_003071.7	76.351	444	70	24	2	427	721903	722329	9.90e-52	206
NC_003071.7:1947558-1948494	NC_003071.7	84.699	183	20	2	2	184	4450809	4450983	7.76e-43	176
NC_003071.7:1947558-1948494	NC_003071.7	75.769	260	44	16	1	251	1127493	1127244	6.17e-24	113
NC_003071.7:1947558-1948494	NC_003070.9	92.657	926	50	13	1	917	8578068	8577152	0.0	1317
NC_003071.7:1947558-1948494	NC_003070.9	92.367	904	60	7	2	901	8169453	8170351	0.0	1279
NC_003071.7:1947558-1948494	NC_003070.9	93.750	496	28	3	2	495	1276614	1276120	0.0	741
NC_003071.7:1947558-1948494	NC_003070.9	94.231	468	22	3	424	886	16712574	16713041	0.0	710
NC_003071.7:1947558-1948494	NC_003070.9	90.930	430	34	5	1	427	11298494	11298921	2.36e-162	573
NC_003071.7:1947558-1948494	NC_003070.9	93.963	381	20	3	49	427	16712157	16712536	2.36e-162	573
NC_003071.7:1947558-1948494	NC_003070.9	87.449	494	50	8	428	911	13882132	13881641	6.60e-158	558
NC_003071.7:1947558-1948494	NC_003070.9	91.436	397	27	4	424	818	7833692	7833301	8.60e-152	538
NC_003071.7:1947558-1948494	NC_003070.9	88.863	431	31	6	1	427	7834147	7833730	1.45e-144	514
NC_003071.7:1947558-1948494	NC_003070.9	88.112	429	43	8	1	426	13882600	13882177	3.14e-141	503
NC_003071.7:1947558-1948494	NC_003070.9	92.711	343	22	3	570	909	1276127	1275785	6.79e-138	492
NC_003071.7:1947558-1948494	NC_003070.9	85.193	493	53	15	424	902	7132838	7132352	8.78e-137	488
NC_003071.7:1947558-1948494	NC_003070.9	92.490	253	18	1	3	255	16709990	16710241	2.00e-98	361
NC_003071.7:1947558-1948494	NC_003070.9	79.963	539	66	31	420	925	28312180	28311651	7.18e-98	359
NC_003071.7:1947558-1948494	NC_003070.9	78.090	534	66	30	424	911	11648396	11648924	2.66e-77	291
NC_003071.7:1947558-1948494	NC_003070.9	84.068	295	28	14	424	706	9587532	9587245	4.48e-70	267
NC_003071.7:1947558-1948494	NC_003070.9	80.851	235	35	7	444	670	16702776	16702544	7.76e-43	176
NC_003071.7:1947558-1948494	NC_003070.9	87.692	130	14	2	269	396	11517908	11517779	4.71e-35	150
NC_003071.7:1947558-1948494	NC_003074.8	94.824	483	22	3	431	911	10997653	10997172	0.0	750
NC_003071.7:1947558-1948494	NC_003074.8	89.437	426	38	5	5	427	15189169	15189590	1.44e-149	531
NC_003071.7:1947558-1948494	NC_003074.8	88.140	430	37	8	2	427	9256519	9256938	4.06e-140	499
NC_003071.7:1947558-1948494	NC_003074.8	87.471	431	46	6	2	427	10202621	10202194	2.44e-137	490
NC_003071.7:1947558-1948494	NC_003074.8	87.915	422	43	8	1	420	12061956	12062371	2.44e-137	490
NC_003071.7:1947558-1948494	NC_003074.8	81.750	537	55	22	420	923	12062410	12062936	7.03e-113	409
NC_003071.7:1947558-1948494	NC_003074.8	81.007	437	50	17	490	900	9257059	9257488	4.38e-85	316
NC_003071.7:1947558-1948494	NC_003074.8	77.889	398	62	19	2	384	11960295	11959909	2.73e-57	224
NC_003071.7:1947558-1948494	NC_003074.8	95.385	130	6	0	1	130	10997806	10997677	2.75e-52	207
NC_003071.7:1947558-1948494	NC_003076.8	92.857	490	29	5	428	913	11275847	11275360	0.0	706
NC_003071.7:1947558-1948494	NC_003076.8	91.340	485	32	9	424	905	13520373	13519896	0.0	654
NC_003071.7:1947558-1948494	NC_003076.8	91.121	428	32	5	2	427	13520835	13520412	6.55e-163	575
NC_003071.7:1947558-1948494	NC_003076.8	90.187	428	30	3	1	427	11276307	11275891	1.43e-154	547
NC_003071.7:1947558-1948494	NC_003076.8	88.180	423	47	3	7	427	13651962	13651541	1.13e-140	501
NC_003071.7:1947558-1948494	NC_003076.8	87.879	429	42	10	2	427	10369950	10370371	5.25e-139	496
NC_003071.7:1947558-1948494	NC_003076.8	86.744	430	43	13	1	427	3018685	3019103	4.11e-130	466
NC_003071.7:1947558-1948494	NC_003076.8	85.602	382	42	10	420	797	3019135	3019507	9.16e-107	388
NC_003071.7:1947558-1948494	NC_003076.8	84.884	258	22	8	134	390	12547694	12547935	2.10e-63	244
NC_003071.7:1947558-1948494	NC_003076.8	81.773	203	31	6	1	203	9222036	9222232	1.68e-39	165
NC_003071.7:1947558-1948494	NC_003076.8	90.816	98	9	0	1	98	3903104	3903201	1.70e-29	132
NC_003071.7:1947558-1948494	NC_003076.8	96.203	79	3	0	1	79	10271035	10270957	6.13e-29	130
NC_003071.7:1947558-1948494	NC_003076.8	93.671	79	5	0	1	79	17578476	17578554	1.33e-25	119
NC_003071.7:1947558-1948494	NC_003075.7	90.654	428	34	5	2	427	5604459	5604882	1.42e-159	564
NC_003071.7:1947558-1948494	NC_003075.7	88.084	428	43	8	2	427	11224159	11224580	1.13e-140	501
NC_003071.7:1947558-1948494	NC_003075.7	87.879	429	43	9	1	427	7348638	7348217	5.25e-139	496
NC_003071.7:1947558-1948494	NC_003075.7	87.731	432	42	11	1	427	2723755	2724180	1.89e-138	494
NC_003071.7:1947558-1948494	NC_003075.7	81.157	536	59	26	424	927	5604921	5605446	7.08e-108	392
NC_003071.7:1947558-1948494	NC_003075.7	80.483	538	61	22	420	923	11224612	11225139	9.23e-102	372
NC_003071.7:1947558-1948494	NC_003075.7	80.334	539	60	23	420	923	7348185	7347658	4.29e-100	366
NC_003071.7:1947558-1948494	NC_003075.7	82.766	441	45	22	445	878	12740413	12739997	1.54e-99	364
NC_003071.7:1947558-1948494	NC_003075.7	87.987	308	30	6	2	305	2336948	2337252	2.58e-97	357
NC_003071.7:1947558-1948494	NC_003075.7	78.522	433	82	11	2	426	7554558	7554987	2.68e-72	274
NC_003071.7:1947558-1948494	NC_003075.7	75.696	395	72	17	1	386	6033543	6033922	7.76e-43	176
NC_003071.7:1947558-1948494	NC_003075.7	88.889	99	11	0	1	99	6157518	6157616	1.03e-26	122
NC_003071.7:1286169-1286943	NC_003071.7	100.000	775	0	0	1	775	1286169	1286943	0.0	1432
NC_003071.7:1286169-1286943	NC_003071.7	88.942	416	36	7	1	408	2868065	2868478	7.17e-142	505
NC_003071.7:1286169-1286943	NC_003071.7	86.512	215	27	2	515	727	2869537	2869751	1.04e-60	235
NC_003071.7:1286169-1286943	NC_003070.9	90.818	795	51	8	1	775	11618278	11617486	0.0	1044
NC_003071.7:1280854-1281148	NC_003071.7	100.000	295	0	0	1	295	1281148	1280854	1.52e-154	545
NC_003071.7:1280854-1281148	NC_003071.7	90.747	281	25	1	1	280	2297479	2297759	7.60e-103	374
NC_003071.7:1280854-1281148	NC_003071.7	88.462	260	28	2	1	259	6288447	6288189	1.68e-84	313
NC_003071.7:1280854-1281148	NC_003071.7	84.880	291	35	8	1	284	686802	687090	3.66e-76	285
NC_003071.7:1280854-1281148	NC_003071.7	89.637	193	17	2	1	192	2961631	2961821	2.24e-63	243
NC_003071.7:1280854-1281148	NC_003071.7	90.066	151	15	0	1	151	8077833	8077683	1.77e-49	196
NC_003071.7:1280854-1281148	NC_003070.9	90.476	294	27	1	1	293	13624214	13623921	9.76e-107	387
NC_003071.7:1280854-1281148	NC_003070.9	88.514	296	31	3	1	295	10598034	10598327	2.75e-97	355
NC_003071.7:1280854-1281148	NC_003070.9	85.000	280	27	6	1	280	21428425	21428161	1.03e-71	270
NC_003071.7:1280854-1281148	NC_003070.9	92.308	182	11	3	113	292	13346861	13346681	2.87e-67	255
NC_003071.7:1280854-1281148	NC_003075.7	89.437	284	28	2	1	283	15816336	15816054	7.66e-98	357
NC_003071.7:1280854-1281148	NC_003075.7	87.900	281	33	1	1	280	9284134	9284414	1.67e-89	329
NC_003071.7:1280854-1281148	NC_003075.7	89.615	260	24	3	22	280	6173128	6172871	6.00e-89	327
NC_003071.7:1280854-1281148	NC_003076.8	88.732	284	28	4	1	280	15791449	15791732	5.96e-94	344
NC_003071.7:1280854-1281148	NC_003076.8	87.589	282	32	3	1	280	18919941	18920221	7.76e-88	324
NC_003071.7:1280854-1281148	NC_003076.8	85.646	209	25	4	1	205	12547443	12547650	4.88e-55	215
NC_003071.7:1280854-1281148	NC_003076.8	93.590	78	5	0	82	159	13905734	13905811	1.41e-25	117
NC_003071.7:1280854-1281148	NC_003074.8	85.830	247	33	2	1	246	16266884	16266639	6.17e-69	261
NC_003071.7:1280854-1281148	NC_003074.8	90.728	151	14	0	1	151	14127764	14127914	3.80e-51	202
NC_003071.7:1280854-1281148	NC_003074.8	90.728	151	14	0	1	151	14143353	14143503	3.80e-51	202
NC_003071.7:2734776-2735215	NC_003071.7	100.000	440	0	0	1	440	2735215	2734776	0.0	813
NC_003071.7:2734776-2735215	NC_003071.7	92.343	431	33	0	1	431	6946155	6946585	6.32e-175	614
NC_003071.7:2734776-2735215	NC_003071.7	91.800	439	35	1	1	439	2820420	2820857	8.18e-174	610
NC_003071.7:2734776-2735215	NC_003071.7	91.264	435	26	3	1	435	4307703	4307281	1.78e-165	582
NC_003071.7:2734776-2735215	NC_003071.7	91.628	215	17	1	1	214	10406501	10406715	2.60e-79	296
NC_003071.7:2734776-2735215	NC_003071.7	91.981	212	16	1	3	214	11129215	11129005	2.60e-79	296
NC_003071.7:2734776-2735215	NC_003071.7	96.622	148	5	0	293	440	511194	511341	2.66e-64	246
NC_003071.7:2734776-2735215	NC_003075.7	94.533	439	24	0	1	439	4650110	4650548	0.0	678
NC_003071.7:2734776-2735215	NC_003075.7	93.622	439	28	0	1	439	4685638	4686076	0.0	656
NC_003071.7:2734776-2735215	NC_003075.7	93.379	438	27	2	1	438	2316524	2316089	0.0	647
NC_003071.7:2734776-2735215	NC_003075.7	92.711	439	32	0	1	439	12714136	12713698	0.0	634
NC_003071.7:2734776-2735215	NC_003075.7	90.000	440	44	0	1	440	16705425	16705864	1.39e-161	569
NC_003071.7:2734776-2735215	NC_003075.7	92.669	341	23	2	1	340	4906330	4905991	1.11e-137	490
NC_003071.7:2734776-2735215	NC_003075.7	92.279	272	21	0	1	272	4909348	4909077	1.50e-106	387
NC_003071.7:2734776-2735215	NC_003075.7	90.374	187	17	1	1	187	15592391	15592206	9.56e-64	244
NC_003071.7:2734776-2735215	NC_003074.8	93.622	439	28	0	1	439	16851842	16851404	0.0	656
NC_003071.7:2734776-2735215	NC_003074.8	94.915	413	21	0	1	413	15642913	15643325	0.0	647
NC_003071.7:2734776-2735215	NC_003074.8	93.151	438	29	1	1	438	18976720	18977156	0.0	641
NC_003071.7:2734776-2735215	NC_003074.8	92.938	439	31	0	1	439	15783155	15783593	0.0	640
NC_003071.7:2734776-2735215	NC_003074.8	92.694	438	31	1	1	438	10791549	10791113	6.28e-180	630
NC_003071.7:2734776-2735215	NC_003074.8	90.909	440	40	0	1	440	19648580	19648141	2.96e-168	592
NC_003071.7:2734776-2735215	NC_003074.8	91.724	290	24	0	150	439	10908292	10908003	1.49e-111	403
NC_003071.7:2734776-2735215	NC_003074.8	82.045	440	50	19	3	439	538784	539197	7.08e-95	348
NC_003071.7:2734776-2735215	NC_003074.8	92.513	187	13	1	7	193	14785545	14785360	2.04e-70	267
NC_003071.7:2734776-2735215	NC_003076.8	93.197	441	28	2	1	439	8178107	8177667	0.0	647
NC_003071.7:2734776-2735215	NC_003076.8	94.915	413	21	0	1	413	17438315	17438727	0.0	647
NC_003071.7:2734776-2735215	NC_003076.8	91.879	431	32	3	9	438	14985224	14984796	1.77e-170	599
NC_003071.7:2734776-2735215	NC_003076.8	89.954	438	31	3	1	438	15213323	15212899	1.40e-156	553
NC_003071.7:2734776-2735215	NC_003076.8	80.822	438	58	19	3	438	26233529	26233116	1.54e-86	320
NC_003071.7:2734776-2735215	NC_003076.8	92.823	209	14	1	3	211	18113645	18113852	5.59e-81	302
NC_003071.7:2734776-2735215	NC_003076.8	91.943	211	16	1	1	211	13608296	13608505	9.36e-79	294
NC_003071.7:2734776-2735215	NC_003076.8	90.698	215	19	1	1	214	8808995	8809209	5.63e-76	285
NC_003071.7:2734776-2735215	NC_003076.8	90.104	192	19	0	1	192	18147553	18147744	2.05e-65	250
NC_003071.7:2734776-2735215	NC_003070.9	93.197	441	27	3	1	440	9062084	9062522	0.0	645
NC_003071.7:2734776-2735215	NC_003070.9	90.909	440	40	0	1	440	10652930	10652491	2.96e-168	592
NC_003071.7:2734776-2735215	NC_003070.9	91.980	399	30	1	1	399	8723513	8723117	3.01e-158	558
NC_003071.7:2734776-2735215	NC_003070.9	91.384	383	32	1	56	438	18287237	18287618	1.10e-147	523
NC_003071.7:2734776-2735215	NC_003070.9	96.094	256	10	0	183	438	13808353	13808608	5.32e-116	418
NC_003071.7:2734776-2735215	NC_003070.9	82.766	441	45	19	3	439	16998808	16998395	7.03e-100	364
NC_003071.7:2734776-2735215	NC_003070.9	82.232	439	51	18	3	439	28750312	28749899	1.52e-96	353
NC_003071.7:2734776-2735215	NC_003070.9	94.500	200	10	1	13	211	18126616	18126815	1.20e-82	307
NC_003071.7:2734776-2735215	NC_003070.9	92.344	209	15	1	7	214	8375145	8374937	2.60e-79	296
NC_003071.7:1792485-1793554	NC_003071.7	100.000	1070	0	0	1	1070	1793554	1792485	0.0	1977
NC_003071.7:1792485-1793554	NC_003076.8	85.870	1104	104	21	1	1070	9195849	9194764	0.0	1127
