NC_003070.9:13601689-13603051	NC_003070.9	100.000	1363	0	0	1	1363	13603051	13601689	0.0	2518
NC_003070.9:13601689-13603051	NC_003070.9	83.841	755	95	20	1	738	3552586	3551842	0.0	693
NC_003070.9:13601689-13603051	NC_003070.9	82.158	723	103	18	5	709	17465433	17466147	2.05e-169	597
NC_003070.9:13601689-13603051	NC_003071.7	79.934	1206	162	50	180	1363	127006	128153	0.0	813
NC_003070.9:13601689-13603051	NC_003071.7	81.167	754	104	22	6	741	4049676	4048943	1.24e-161	571
NC_003070.9:13601689-13603051	NC_003071.7	78.962	732	86	23	5	719	1929499	1930179	4.73e-121	436
NC_003070.9:13601689-13603051	NC_003071.7	84.223	431	51	15	940	1363	2653536	2653116	4.80e-111	403
NC_003070.9:13601689-13603051	NC_003074.8	84.565	771	99	15	606	1363	8614344	8613581	0.0	747
NC_003070.9:13601689-13603051	NC_003074.8	82.945	686	97	15	2	674	13070099	13070777	1.59e-170	601
NC_003070.9:13601689-13603051	NC_003074.8	83.214	560	64	26	782	1334	16355102	16354566	4.63e-136	486
NC_003070.9:13601689-13603051	NC_003074.8	78.214	560	87	27	819	1363	11694730	11694191	1.07e-87	326
NC_003070.9:13601689-13603051	NC_003074.8	83.491	212	30	4	1	208	8614552	8614342	1.13e-47	193
NC_003070.9:13601689-13603051	NC_003074.8	87.500	64	8	0	819	882	12813846	12813783	4.27e-12	75.0
NC_003070.9:13601689-13603051	NC_003075.7	82.561	734	98	20	5	719	9688989	9688267	4.38e-176	619
NC_003070.9:13601689-13603051	NC_003075.7	82.087	575	73	22	808	1363	9688274	9687711	2.17e-129	464
NC_003070.9:13601689-13603051	NC_003075.7	79.925	533	78	21	819	1333	4501025	4501546	2.26e-99	364
NC_003070.9:13601689-13603051	NC_003076.8	81.871	171	24	7	825	989	9839720	9839551	5.37e-31	137
NC_003070.9:13601689-13603051	NC_003076.8	84.615	65	10	0	819	883	15137997	15137933	2.57e-09	65.8
NC_003070.9:13211357-13214178	NC_003070.9	100.000	2822	0	0	1	2822	13214178	13211357	0.0	5212
NC_003070.9:13211357-13214178	NC_003070.9	87.166	374	44	4	1	372	11156606	11156235	2.77e-116	422
NC_003070.9:13211357-13214178	NC_003070.9	90.429	303	29	0	1	303	12231331	12231029	1.30e-109	399
NC_003070.9:13211357-13214178	NC_003070.9	93.722	223	12	2	1092	1312	15675938	15676160	1.34e-89	333
NC_003070.9:13211357-13214178	NC_003070.9	92.825	223	14	2	1092	1312	15664734	15664956	2.89e-86	322
NC_003070.9:13211357-13214178	NC_003070.9	80.270	370	63	6	1	368	13750339	13750700	1.06e-70	270
NC_003070.9:13211357-13214178	NC_003070.9	86.325	234	29	3	1	232	15663427	15663659	3.85e-65	252
NC_003070.9:13211357-13214178	NC_003070.9	86.325	234	29	3	1	232	15674643	15674875	3.85e-65	252
NC_003070.9:13211357-13214178	NC_003070.9	85.532	235	27	7	1	232	13371474	13371704	2.99e-61	239
NC_003070.9:13211357-13214178	NC_003070.9	96.739	92	3	0	2125	2216	15664949	15665040	1.12e-35	154
NC_003070.9:13211357-13214178	NC_003070.9	96.739	92	3	0	2125	2216	15676153	15676244	1.12e-35	154
NC_003070.9:13211357-13214178	NC_003076.8	91.534	1441	76	15	1400	2802	10035935	10034503	0.0	1943
NC_003070.9:13211357-13214178	NC_003076.8	91.220	1082	59	14	1	1063	11022152	11021088	0.0	1439
NC_003070.9:13211357-13214178	NC_003076.8	96.945	622	16	3	776	1395	10036603	10035983	0.0	1040
NC_003070.9:13211357-13214178	NC_003076.8	95.041	605	28	2	1	605	10037203	10036601	0.0	950
NC_003070.9:13211357-13214178	NC_003076.8	89.261	568	45	7	1873	2426	11020570	11020005	0.0	697
NC_003070.9:13211357-13214178	NC_003076.8	92.113	355	23	4	2473	2822	11019696	11019342	1.61e-138	496
NC_003070.9:13211357-13214178	NC_003076.8	92.121	330	24	1	1069	1398	11020925	11020598	4.54e-129	464
NC_003070.9:13211357-13214178	NC_003076.8	88.136	236	25	3	1	235	13252487	13252254	6.34e-73	278
NC_003070.9:13211357-13214178	NC_003071.7	83.838	792	76	30	1652	2426	6373175	6373931	0.0	706
NC_003070.9:13211357-13214178	NC_003071.7	85.493	517	47	15	1069	1560	6371711	6372224	4.44e-144	514
NC_003070.9:13211357-13214178	NC_003071.7	90.080	373	35	2	1	372	2517552	2517923	1.25e-134	483
NC_003070.9:13211357-13214178	NC_003071.7	89.916	357	33	3	1	356	4651691	4652045	7.59e-127	457
NC_003070.9:13211357-13214178	NC_003071.7	87.554	233	26	3	1	232	6148549	6148779	1.37e-69	267
NC_003070.9:13211357-13214178	NC_003071.7	93.519	108	6	1	266	372	2630647	2630540	2.40e-37	159
NC_003070.9:13211357-13214178	NC_003071.7	92.105	76	6	0	1580	1655	6372481	6372556	8.81e-22	108
NC_003070.9:13211357-13214178	NC_003074.8	91.291	333	27	2	1	332	14905187	14904856	9.82e-126	453
NC_003070.9:13211357-13214178	NC_003075.7	88.365	318	34	3	1	316	3894019	3894335	1.69e-103	379
NC_003070.9:13211357-13214178	NC_003075.7	81.034	406	32	23	1196	1560	17805459	17805058	4.90e-74	281
NC_003070.9:13211357-13214178	NC_003075.7	85.043	234	32	3	1	232	11191548	11191780	3.87e-60	235
NC_003070.9:13211357-13214178	NC_003075.7	89.583	96	10	0	1558	1653	17804575	17804480	3.15e-26	122
NC_003070.9:13507199-13515615	NC_003070.9	100.000	8417	0	0	1	8417	13507199	13515615	0.0	15544
NC_003070.9:13507199-13515615	NC_003070.9	92.592	4468	280	34	3975	8417	13664062	13659621	0.0	6370
NC_003070.9:13507199-13515615	NC_003070.9	93.296	3416	203	18	582	3978	13667557	13664149	0.0	5016
NC_003070.9:13507199-13515615	NC_003070.9	93.273	3419	201	21	579	3978	13890966	13887558	0.0	5012
NC_003070.9:13507199-13515615	NC_003070.9	91.767	3085	210	15	581	3648	16380110	16383167	0.0	4250
NC_003070.9:13507199-13515615	NC_003070.9	95.079	2662	118	7	1325	3978	16013226	16015882	0.0	4178
NC_003070.9:13507199-13515615	NC_003070.9	90.421	2610	211	20	4732	7328	16383679	16386262	0.0	3398
NC_003070.9:13507199-13515615	NC_003070.9	88.942	2695	245	34	582	3248	15807462	15804793	0.0	3277
NC_003070.9:13507199-13515615	NC_003070.9	91.022	2250	174	24	6186	8417	13885660	13883421	0.0	3011
NC_003070.9:13507199-13515615	NC_003070.9	93.861	1808	105	5	3975	5776	13887471	13885664	0.0	2719
NC_003070.9:13507199-13515615	NC_003070.9	87.060	2442	273	25	6004	8417	15802287	15799861	0.0	2719
NC_003070.9:13507199-13515615	NC_003070.9	91.008	1935	165	5	3976	5903	15804218	15802286	0.0	2601
NC_003070.9:13507199-13515615	NC_003070.9	89.931	2026	136	28	6186	8199	16017725	16019694	0.0	2549
NC_003070.9:13507199-13515615	NC_003070.9	93.802	1694	98	3	3976	5663	13830181	13828489	0.0	2540
NC_003070.9:13507199-13515615	NC_003070.9	94.498	1454	72	5	3975	5421	16015969	16017421	0.0	2235
NC_003070.9:13507199-13515615	NC_003070.9	94.261	1150	57	4	582	1724	13514817	13515964	0.0	1749
NC_003070.9:13507199-13515615	NC_003070.9	94.514	1039	56	1	2941	3978	13831307	13830269	0.0	1602
NC_003070.9:13507199-13515615	NC_003070.9	90.336	1159	94	12	582	1726	16360021	16361175	0.0	1504
NC_003070.9:13507199-13515615	NC_003070.9	89.854	1163	96	13	582	1727	13660427	13659270	0.0	1474
NC_003070.9:13507199-13515615	NC_003070.9	91.469	1055	79	9	7371	8417	16386269	16387320	0.0	1439
NC_003070.9:13507199-13515615	NC_003070.9	89.329	1162	101	15	582	1724	13884230	13883073	0.0	1437
NC_003070.9:13507199-13515615	NC_003070.9	89.097	1174	98	10	582	1728	16386517	16387687	0.0	1432
NC_003070.9:13507199-13515615	NC_003070.9	88.832	1173	100	19	582	1729	17714680	17713514	0.0	1411
NC_003070.9:13507199-13515615	NC_003070.9	95.000	800	39	1	7619	8417	13507780	13508579	0.0	1254
NC_003070.9:13507199-13515615	NC_003070.9	93.427	852	44	4	2059	2908	13832147	13831306	0.0	1253
NC_003070.9:13507199-13515615	NC_003070.9	83.991	1318	163	33	582	1868	15809636	15808336	0.0	1221
NC_003070.9:13507199-13515615	NC_003070.9	84.484	1173	142	23	582	1724	15800676	15799514	0.0	1122
NC_003070.9:13507199-13515615	NC_003070.9	90.741	810	62	12	7619	8417	13890962	13890155	0.0	1068
NC_003070.9:13507199-13515615	NC_003070.9	90.652	813	62	13	7615	8417	16360018	16360826	0.0	1068
NC_003070.9:13507199-13515615	NC_003070.9	90.283	813	61	16	7619	8417	13667557	13666749	0.0	1048
NC_003070.9:13507199-13515615	NC_003070.9	89.753	810	69	10	7619	8417	16380111	16380917	0.0	1024
NC_003070.9:13507199-13515615	NC_003070.9	88.971	816	70	13	7619	8417	17714680	17713868	0.0	990
NC_003070.9:13507199-13515615	NC_003070.9	89.032	775	70	10	964	1727	18895138	18894368	0.0	946
NC_003070.9:13507199-13515615	NC_003070.9	95.869	581	24	0	1	581	14361155	14361735	0.0	941
NC_003070.9:13507199-13515615	NC_003070.9	95.869	581	24	0	1	581	14406808	14407388	0.0	941
NC_003070.9:13507199-13515615	NC_003070.9	95.869	581	24	0	1	581	15741190	15741770	0.0	941
NC_003070.9:13507199-13515615	NC_003070.9	95.697	581	24	1	1	581	15735669	15736248	0.0	933
NC_003070.9:13507199-13515615	NC_003070.9	95.181	581	28	0	1	581	14471653	14472233	0.0	918
NC_003070.9:13507199-13515615	NC_003070.9	86.999	823	81	17	7614	8417	15807467	15806652	0.0	904
NC_003070.9:13507199-13515615	NC_003070.9	94.473	579	32	0	3	581	13779966	13780544	0.0	893
NC_003070.9:13507199-13515615	NC_003070.9	86.562	826	81	20	7614	8417	15809641	15808824	0.0	883
NC_003070.9:13507199-13515615	NC_003070.9	93.867	587	33	3	1	586	13594281	13593697	0.0	881
NC_003070.9:13507199-13515615	NC_003070.9	93.460	581	38	0	1	581	14715372	14714792	0.0	863
NC_003070.9:13507199-13515615	NC_003070.9	93.460	581	38	0	1	581	14749135	14749715	0.0	863
NC_003070.9:13507199-13515615	NC_003070.9	93.127	582	38	2	1	581	13599710	13599130	0.0	852
NC_003070.9:13507199-13515615	NC_003070.9	93.651	567	36	0	1	567	14664206	14664772	0.0	848
NC_003070.9:13507199-13515615	NC_003070.9	92.857	588	33	9	7697	8277	16012644	16013229	0.0	845
NC_003070.9:13507199-13515615	NC_003070.9	92.870	575	41	0	1	575	14661715	14662289	0.0	835
NC_003070.9:13507199-13515615	NC_003070.9	92.870	575	41	0	1	575	14717863	14717289	0.0	835
NC_003070.9:13507199-13515615	NC_003070.9	92.870	575	41	0	1	575	14746644	14747218	0.0	835
NC_003070.9:13507199-13515615	NC_003070.9	92.599	581	42	1	1	581	16051714	16051135	0.0	833
NC_003070.9:13507199-13515615	NC_003070.9	92.427	581	44	0	1	581	16046181	16045601	0.0	830
NC_003070.9:13507199-13515615	NC_003070.9	92.334	587	36	9	661	1240	16012644	16013228	0.0	826
NC_003070.9:13507199-13515615	NC_003070.9	91.424	583	46	4	1	581	13621517	13622097	0.0	797
NC_003070.9:13507199-13515615	NC_003070.9	89.573	585	54	7	1	581	15854122	15853541	0.0	736
NC_003070.9:13507199-13515615	NC_003070.9	89.420	586	53	9	1	581	16377780	16378361	0.0	730
NC_003070.9:13507199-13515615	NC_003070.9	90.977	532	41	3	4185	4709	16383163	16383694	0.0	710
NC_003070.9:13507199-13515615	NC_003070.9	90.239	543	44	9	628	1163	16019154	16019694	0.0	701
NC_003070.9:13507199-13515615	NC_003070.9	87.650	583	59	9	3	580	14208343	14207769	0.0	665
NC_003070.9:13507199-13515615	NC_003070.9	85.836	586	73	9	1	581	13300334	13300914	1.28e-173	614
NC_003070.9:13507199-13515615	NC_003070.9	85.666	586	74	9	1	581	13292855	13293435	5.95e-172	608
NC_003070.9:13507199-13515615	NC_003070.9	84.915	590	72	14	1	581	16406732	16407313	1.30e-163	580
NC_003070.9:13507199-13515615	NC_003070.9	90.736	421	35	4	8000	8417	18895138	18894719	6.07e-157	558
NC_003070.9:13507199-13515615	NC_003070.9	84.676	509	70	7	77	581	16080512	16080008	1.04e-139	501
NC_003070.9:13507199-13515615	NC_003070.9	81.897	580	86	19	10	580	15751426	15750857	8.14e-131	472
NC_003070.9:13507199-13515615	NC_003070.9	94.020	301	16	2	5477	5776	16017422	16017721	8.20e-126	455
NC_003070.9:13507199-13515615	NC_003070.9	80.952	588	87	22	10	580	15718128	15717549	6.38e-122	442
NC_003070.9:13507199-13515615	NC_003070.9	80.961	562	92	15	27	580	15755152	15754598	1.38e-118	431
NC_003070.9:13507199-13515615	NC_003070.9	87.433	374	44	3	208	580	15697674	15697303	1.79e-117	427
NC_003070.9:13507199-13515615	NC_003070.9	87.166	374	45	3	208	580	15693896	15693525	8.32e-116	422
NC_003070.9:13507199-13515615	NC_003070.9	94.961	258	13	0	3295	3552	15804794	15804537	8.37e-111	405
NC_003070.9:13507199-13515615	NC_003070.9	89.968	309	24	5	579	880	18895473	18895165	6.52e-107	392
NC_003070.9:13507199-13515615	NC_003070.9	84.483	406	49	9	8016	8417	10982866	10982471	8.43e-106	388
NC_003070.9:13507199-13515615	NC_003070.9	89.869	306	23	6	7619	7916	18895470	18895165	3.03e-105	387
NC_003070.9:13507199-13515615	NC_003070.9	83.990	406	58	6	181	581	16114784	16114381	3.92e-104	383
NC_003070.9:13507199-13515615	NC_003070.9	91.845	233	19	0	3745	3977	15804539	15804307	6.71e-87	326
NC_003070.9:13507199-13515615	NC_003070.9	76.054	593	119	20	1	581	17407876	17408457	3.16e-75	287
NC_003070.9:13507199-13515615	NC_003070.9	98.131	107	2	0	475	581	13784762	13784868	3.30e-45	187
NC_003070.9:13507199-13515615	NC_003070.9	76.758	327	59	14	210	531	15755501	15755187	4.30e-39	167
NC_003070.9:13507199-13515615	NC_003070.9	77.178	241	44	10	105	340	12848537	12848303	5.64e-28	130
NC_003070.9:13507199-13515615	NC_003070.9	88.571	70	2	1	582	645	16012583	16012652	5.77e-13	80.5
NC_003070.9:13507199-13515615	NC_003070.9	87.671	73	2	2	7616	7681	16012579	16012651	2.07e-12	78.7
NC_003070.9:13507199-13515615	NC_003070.9	95.833	48	1	1	599	645	16019148	16019195	7.46e-12	76.8
NC_003070.9:13507199-13515615	NC_003075.7	92.320	4466	295	34	3975	8417	1622945	1618505	0.0	6303
NC_003070.9:13507199-13515615	NC_003075.7	93.361	3419	199	19	581	3978	6529314	6532725	0.0	5031
NC_003070.9:13507199-13515615	NC_003075.7	92.026	3436	225	25	582	3978	2867757	2871182	0.0	4782
NC_003070.9:13507199-13515615	NC_003075.7	91.849	3423	245	21	582	3978	4097528	4100942	0.0	4745
NC_003070.9:13507199-13515615	NC_003075.7	91.853	3130	231	12	3975	7090	4679479	4682598	0.0	4346
NC_003070.9:13507199-13515615	NC_003075.7	88.140	3086	294	35	5364	8417	5024316	5027361	0.0	3605
NC_003070.9:13507199-13515615	NC_003075.7	92.395	2472	167	10	3975	6438	5130554	5133012	0.0	3504
NC_003070.9:13507199-13515615	NC_003075.7	92.495	2385	153	17	580	2945	5127099	5129476	0.0	3389
NC_003070.9:13507199-13515615	NC_003075.7	89.359	2575	237	28	606	3159	5013709	5016267	0.0	3203
NC_003070.9:13507199-13515615	NC_003075.7	88.710	2427	194	46	6004	8417	2873203	2875562	0.0	2891
NC_003070.9:13507199-13515615	NC_003075.7	92.769	1936	133	3	3975	5903	2871269	2873204	0.0	2793
NC_003070.9:13507199-13515615	NC_003075.7	93.916	1808	104	4	3975	5776	6532812	6534619	0.0	2724
NC_003070.9:13507199-13515615	NC_003075.7	90.539	1987	159	15	581	2543	4677141	4679122	0.0	2601
NC_003070.9:13507199-13515615	NC_003075.7	94.654	1646	79	5	2337	3978	4645968	4647608	0.0	2543
NC_003070.9:13507199-13515615	NC_003075.7	91.100	1809	129	26	6624	8417	5133013	5134804	0.0	2420
NC_003070.9:13507199-13515615	NC_003075.7	90.632	1804	124	25	6634	8417	6535034	6536812	0.0	2353
NC_003070.9:13507199-13515615	NC_003075.7	94.863	1129	57	1	2851	3978	1624160	1623032	0.0	1762
NC_003070.9:13507199-13515615	NC_003075.7	92.791	1193	80	2	3975	5161	4101029	4102221	0.0	1722
NC_003070.9:13507199-13515615	NC_003075.7	95.665	992	42	1	2988	3978	5129476	5130467	0.0	1592
NC_003070.9:13507199-13515615	NC_003075.7	90.423	1159	91	14	582	1725	1619310	1618157	0.0	1507
NC_003070.9:13507199-13515615	NC_003075.7	90.320	1157	97	10	582	1727	2874761	2875913	0.0	1502
NC_003070.9:13507199-13515615	NC_003075.7	88.440	1263	111	18	7170	8417	4682605	4683847	0.0	1491
NC_003070.9:13507199-13515615	NC_003075.7	90.413	1137	94	10	599	1724	5272870	5271738	0.0	1482
NC_003070.9:13507199-13515615	NC_003075.7	89.794	1166	95	14	579	1724	1644085	1645246	0.0	1472
NC_003070.9:13507199-13515615	NC_003075.7	89.828	1160	99	12	582	1725	5133997	5135153	0.0	1471
NC_003070.9:13507199-13515615	NC_003075.7	89.424	1163	97	15	582	1724	6536004	6537160	0.0	1443
NC_003070.9:13507199-13515615	NC_003075.7	87.177	1162	128	9	582	1724	4683036	4684195	0.0	1301
NC_003070.9:13507199-13515615	NC_003075.7	86.968	1174	123	15	582	1730	5026548	5027716	0.0	1293
NC_003070.9:13507199-13515615	NC_003075.7	84.991	1126	139	19	599	1700	4920182	4921301	0.0	1116
NC_003070.9:13507199-13515615	NC_003075.7	84.722	1152	126	24	599	1724	4718163	4717036	0.0	1107
NC_003070.9:13507199-13515615	NC_003075.7	91.439	806	58	11	7619	8417	2867757	2868558	0.0	1096
NC_003070.9:13507199-13515615	NC_003075.7	91.762	789	54	11	7636	8417	5272870	5272086	0.0	1086
NC_003070.9:13507199-13515615	NC_003075.7	90.629	811	62	12	7619	8417	5127101	5127909	0.0	1064
NC_003070.9:13507199-13515615	NC_003075.7	88.826	886	72	10	4140	5019	5023453	5024317	0.0	1062
NC_003070.9:13507199-13515615	NC_003075.7	90.086	817	64	8	7616	8417	4677138	4677952	0.0	1044
NC_003070.9:13507199-13515615	NC_003075.7	89.915	823	55	12	7616	8417	5219579	5220394	0.0	1035
NC_003070.9:13507199-13515615	NC_003075.7	89.926	814	65	12	7619	8417	1644088	1644899	0.0	1033
NC_003070.9:13507199-13515615	NC_003075.7	89.461	816	67	7	600	1403	5219608	5220416	0.0	1013
NC_003070.9:13507199-13515615	NC_003075.7	89.186	823	70	10	7612	8417	4097520	4098340	0.0	1009
NC_003070.9:13507199-13515615	NC_003075.7	89.409	812	71	12	7619	8417	6529315	6530124	0.0	1009
NC_003070.9:13507199-13515615	NC_003075.7	89.045	785	70	14	7644	8417	5013710	5014489	0.0	959
NC_003070.9:13507199-13515615	NC_003075.7	95.606	569	25	0	1	569	3333168	3333736	0.0	913
NC_003070.9:13507199-13515615	NC_003075.7	94.845	582	29	1	1	581	5021350	5020769	0.0	907
NC_003070.9:13507199-13515615	NC_003075.7	87.640	801	70	17	7636	8417	4718163	4717373	0.0	904
NC_003070.9:13507199-13515615	NC_003075.7	94.664	581	31	0	1	581	4155563	4156143	0.0	902
NC_003070.9:13507199-13515615	NC_003075.7	94.320	581	32	1	1	581	4126176	4126755	0.0	889
NC_003070.9:13507199-13515615	NC_003075.7	91.004	667	42	11	7616	8266	4645306	4645970	0.0	883
NC_003070.9:13507199-13515615	NC_003075.7	93.654	583	34	3	1	581	3613845	3613264	0.0	869
NC_003070.9:13507199-13515615	NC_003075.7	90.512	664	47	9	581	1230	4645309	4645970	0.0	863
NC_003070.9:13507199-13515615	NC_003075.7	86.591	798	86	16	7636	8415	4920181	4920975	0.0	861
NC_003070.9:13507199-13515615	NC_003075.7	93.287	581	39	0	1	581	3150102	3149522	0.0	857
NC_003070.9:13507199-13515615	NC_003075.7	92.796	583	38	4	1	581	5401824	5402404	0.0	841
NC_003070.9:13507199-13515615	NC_003075.7	91.724	580	48	0	1	580	3934640	3935219	0.0	806
NC_003070.9:13507199-13515615	NC_003075.7	86.376	734	95	5	6555	7285	4721577	4720846	0.0	797
NC_003070.9:13507199-13515615	NC_003075.7	91.537	579	45	3	3	581	5396708	5397282	0.0	795
NC_003070.9:13507199-13515615	NC_003075.7	91.081	583	47	5	1	581	4401157	4401736	0.0	784
NC_003070.9:13507199-13515615	NC_003075.7	91.050	581	47	5	3	581	4053615	4053038	0.0	780
NC_003070.9:13507199-13515615	NC_003075.7	90.361	581	56	0	1	581	3568451	3567871	0.0	763
NC_003070.9:13507199-13515615	NC_003075.7	90.189	581	41	5	1	581	3929252	3929816	0.0	743
NC_003070.9:13507199-13515615	NC_003075.7	88.908	586	54	11	1	580	4542939	4543519	0.0	712
NC_003070.9:13507199-13515615	NC_003075.7	92.842	475	33	1	1	475	4161055	4161528	0.0	688
NC_003070.9:13507199-13515615	NC_003075.7	85.347	662	90	4	1067	1722	4648156	4648816	0.0	678
NC_003070.9:13507199-13515615	NC_003075.7	87.895	570	62	7	14	580	3112309	3112874	0.0	664
NC_003070.9:13507199-13515615	NC_003075.7	86.847	593	61	12	1	580	4853947	4853359	0.0	647
NC_003070.9:13507199-13515615	NC_003075.7	88.113	530	56	6	6387	6910	4102518	4103046	2.12e-176	623
NC_003070.9:13507199-13515615	NC_003075.7	91.499	447	38	0	3975	4421	4647695	4648141	3.55e-174	616
NC_003070.9:13507199-13515615	NC_003075.7	90.828	447	38	3	136	581	3517888	3517444	4.63e-168	595
NC_003070.9:13507199-13515615	NC_003075.7	86.101	554	70	7	1	550	3085681	3085131	2.15e-166	590
NC_003070.9:13507199-13515615	NC_003075.7	85.034	588	74	12	1	581	4741291	4741871	2.79e-165	586
NC_003070.9:13507199-13515615	NC_003075.7	92.029	414	33	0	6186	6599	6534623	6535036	3.60e-164	582
NC_003070.9:13507199-13515615	NC_003075.7	89.952	418	34	8	167	580	4859554	4859141	3.68e-149	532
NC_003070.9:13507199-13515615	NC_003075.7	89.252	428	42	4	2	428	4944687	4944263	3.68e-149	532
NC_003070.9:13507199-13515615	NC_003075.7	90.451	377	34	2	1	376	4049685	4049310	4.83e-138	496
NC_003070.9:13507199-13515615	NC_003075.7	82.034	590	90	16	1	581	1742614	1743196	8.08e-136	488
NC_003070.9:13507199-13515615	NC_003075.7	82.564	585	73	15	1	581	3404018	3404577	8.08e-136	488
NC_003070.9:13507199-13515615	NC_003075.7	92.420	343	25	1	239	581	5033181	5032840	8.08e-136	488
NC_003070.9:13507199-13515615	NC_003075.7	88.857	350	32	3	1381	1724	5664090	5664438	2.31e-116	424
NC_003070.9:13507199-13515615	NC_003075.7	87.003	377	43	6	208	581	4442072	4442445	2.99e-115	420
NC_003070.9:13507199-13515615	NC_003075.7	94.182	275	16	0	3702	3976	4679116	4679390	2.99e-115	420
NC_003070.9:13507199-13515615	NC_003075.7	88.439	346	37	3	1	344	3584155	3583811	1.39e-113	414
NC_003070.9:13507199-13515615	NC_003075.7	91.611	298	22	3	285	581	4295554	4295259	6.47e-112	409
NC_003070.9:13507199-13515615	NC_003075.7	94.574	258	10	3	582	835	1624408	1624151	5.04e-108	396
NC_003070.9:13507199-13515615	NC_003075.7	90.397	302	27	2	5638	5938	4102220	4102520	5.04e-108	396
NC_003070.9:13507199-13515615	NC_003075.7	93.916	263	10	4	7614	7871	1624412	1624151	6.52e-107	392
NC_003070.9:13507199-13515615	NC_003075.7	88.254	315	37	0	8103	8417	4648156	4648470	1.83e-102	377
NC_003070.9:13507199-13515615	NC_003075.7	94.239	243	14	0	339	581	3572116	3571874	8.49e-101	372
NC_003070.9:13507199-13515615	NC_003075.7	78.982	452	77	14	2	440	5980666	5980220	6.80e-77	292
NC_003070.9:13507199-13515615	NC_003075.7	76.599	594	96	30	1	581	3000865	3000302	3.16e-75	287
NC_003070.9:13507199-13515615	NC_003075.7	86.752	234	25	2	1499	1726	5220415	5220648	8.93e-66	255
NC_003070.9:13507199-13515615	NC_003075.7	94.231	156	9	0	1	156	3191781	3191626	8.99e-61	239
NC_003070.9:13507199-13515615	NC_003075.7	77.311	357	64	13	233	580	2851775	2851427	1.97e-47	195
NC_003070.9:13507199-13515615	NC_003075.7	93.966	116	7	0	1	116	4124098	4124213	7.15e-42	176
NC_003070.9:13507199-13515615	NC_003075.7	90.598	117	11	0	369	485	3111859	3111743	9.31e-36	156
NC_003070.9:13507199-13515615	NC_003075.7	91.250	80	7	0	501	580	2000954	2000875	7.35e-22	110
NC_003070.9:13507199-13515615	NC_003075.7	95.588	68	3	0	514	581	4161528	4161595	7.35e-22	110
NC_003070.9:13507199-13515615	NC_003074.8	92.027	4465	298	36	3975	8417	12858371	12853943	0.0	6220
NC_003070.9:13507199-13515615	NC_003074.8	91.053	4482	330	41	3975	8417	16338554	16334105	0.0	5989
NC_003070.9:13507199-13515615	NC_003074.8	91.991	4233	283	27	3975	8183	11058158	11062358	0.0	5888
NC_003070.9:13507199-13515615	NC_003074.8	93.882	3416	183	19	582	3978	12486325	12482917	0.0	5127
NC_003070.9:13507199-13515615	NC_003074.8	93.761	3414	187	18	582	3978	12861862	12858458	0.0	5101
NC_003070.9:13507199-13515615	NC_003074.8	92.459	3554	225	17	3975	7515	12482830	12479307	0.0	5038
NC_003070.9:13507199-13515615	NC_003074.8	91.024	3732	284	31	4709	8417	13476641	13480344	0.0	4988
NC_003070.9:13507199-13515615	NC_003074.8	92.444	3388	207	23	606	3978	16341994	16338641	0.0	4793
NC_003070.9:13507199-13515615	NC_003074.8	94.641	2743	132	9	1246	3978	12613882	12616619	0.0	4237
NC_003070.9:13507199-13515615	NC_003074.8	90.870	3045	229	24	5388	8417	12965108	12968118	0.0	4037
NC_003070.9:13507199-13515615	NC_003074.8	90.094	3079	258	22	624	3669	12734818	12737882	0.0	3952
NC_003070.9:13507199-13515615	NC_003074.8	86.708	3423	329	69	582	3977	11639061	11635738	0.0	3685
NC_003070.9:13507199-13515615	NC_003074.8	90.707	2787	206	31	5656	8417	12259601	12256843	0.0	3663
NC_003070.9:13507199-13515615	NC_003074.8	95.407	2177	93	6	1808	3978	11055896	11058071	0.0	3459
NC_003070.9:13507199-13515615	NC_003074.8	93.870	2300	122	12	1691	3978	11334476	11332184	0.0	3448
NC_003070.9:13507199-13515615	NC_003074.8	90.392	2446	209	20	3975	6409	14467011	14464581	0.0	3192
NC_003070.9:13507199-13515615	NC_003074.8	90.799	2228	179	12	1753	3978	12824501	12826704	0.0	2955
NC_003070.9:13507199-13515615	NC_003074.8	91.992	2073	143	15	582	2638	12960374	12962439	0.0	2887
NC_003070.9:13507199-13515615	NC_003074.8	93.805	1808	106	2	3975	5776	12616706	12618513	0.0	2713
NC_003070.9:13507199-13515615	NC_003074.8	90.680	1824	146	10	2157	3978	13194565	13196366	0.0	2405
NC_003070.9:13507199-13515615	NC_003074.8	95.860	1401	57	1	2579	3978	12962434	12963834	0.0	2265
NC_003070.9:13507199-13515615	NC_003074.8	90.526	1636	147	4	3975	5604	11635650	11634017	0.0	2156
NC_003070.9:13507199-13515615	NC_003074.8	84.082	1891	260	19	5383	7268	14451350	14449496	0.0	1786
NC_003070.9:13507199-13515615	NC_003074.8	93.023	1204	65	6	3975	5171	12963921	12965112	0.0	1740
NC_003070.9:13507199-13515615	NC_003074.8	84.997	1613	163	37	583	2161	13184682	13186249	0.0	1565
NC_003070.9:13507199-13515615	NC_003074.8	90.336	1159	92	12	582	1724	12854749	12853595	0.0	1502
NC_003070.9:13507199-13515615	NC_003074.8	91.047	1117	87	12	7310	8417	14041762	14042874	0.0	1496
NC_003070.9:13507199-13515615	NC_003074.8	90.095	1161	94	13	582	1724	12479242	12478085	0.0	1487
NC_003070.9:13507199-13515615	NC_003074.8	90.061	1157	97	11	584	1725	12967314	12968467	0.0	1483
NC_003070.9:13507199-13515615	NC_003074.8	89.931	1162	96	12	582	1725	13169292	13168134	0.0	1478
NC_003070.9:13507199-13515615	NC_003074.8	89.854	1163	92	21	582	1726	11723075	11724229	0.0	1471
NC_003070.9:13507199-13515615	NC_003074.8	85.913	1441	129	36	6997	8417	14464581	14463195	0.0	1469
NC_003070.9:13507199-13515615	NC_003074.8	89.691	1164	100	12	582	1730	14042070	14043228	0.0	1467
NC_003070.9:13507199-13515615	NC_003074.8	90.000	1140	97	12	599	1724	12257631	12256495	0.0	1458
NC_003070.9:13507199-13515615	NC_003074.8	90.300	1134	80	9	6186	7317	12618517	12619622	0.0	1458
NC_003070.9:13507199-13515615	NC_003074.8	90.062	1127	94	13	611	1724	16334879	16333758	0.0	1445
NC_003070.9:13507199-13515615	NC_003074.8	89.406	1161	100	10	584	1724	13479534	13480691	0.0	1441
NC_003070.9:13507199-13515615	NC_003074.8	88.527	1168	102	16	579	1727	15477553	15476399	0.0	1386
NC_003070.9:13507199-13515615	NC_003074.8	88.781	1132	97	16	606	1724	15318945	15317831	0.0	1360
NC_003070.9:13507199-13515615	NC_003074.8	89.157	1079	100	11	661	1725	11205225	11206300	0.0	1328
NC_003070.9:13507199-13515615	NC_003074.8	91.803	915	71	3	3064	3978	14468008	14467098	0.0	1271
NC_003070.9:13507199-13515615	NC_003074.8	88.690	1008	85	10	582	1569	11329626	11328628	0.0	1203
NC_003070.9:13507199-13515615	NC_003074.8	93.382	816	41	12	7377	8182	12619644	12620456	0.0	1195
NC_003070.9:13507199-13515615	NC_003074.8	92.668	832	55	2	3978	4803	11332094	11331263	0.0	1194
NC_003070.9:13507199-13515615	NC_003074.8	90.414	918	62	13	7509	8410	11329735	11328828	0.0	1184
NC_003070.9:13507199-13515615	NC_003074.8	90.878	888	65	13	7543	8417	12479317	12478433	0.0	1177
NC_003070.9:13507199-13515615	NC_003074.8	92.346	810	47	13	7618	8417	11376935	11377739	0.0	1138
NC_003070.9:13507199-13515615	NC_003074.8	88.384	947	93	14	5455	6397	11331261	11330328	0.0	1123
NC_003070.9:13507199-13515615	NC_003074.8	91.304	828	60	11	582	1401	11376936	11377759	0.0	1120
NC_003070.9:13507199-13515615	NC_003074.8	85.689	1111	101	17	603	1668	11335561	11334464	0.0	1118
NC_003070.9:13507199-13515615	NC_003074.8	91.513	813	56	11	7615	8416	12486329	12485519	0.0	1107
NC_003070.9:13507199-13515615	NC_003074.8	84.319	1167	126	29	582	1725	14463978	14462846	0.0	1088
NC_003070.9:13507199-13515615	NC_003074.8	90.965	808	62	9	7619	8417	12861862	12861057	0.0	1077
NC_003070.9:13507199-13515615	NC_003074.8	90.875	811	60	14	7616	8417	11723072	11723877	0.0	1075
NC_003070.9:13507199-13515615	NC_003074.8	90.517	812	62	11	7619	8417	13169292	13168483	0.0	1059
NC_003070.9:13507199-13515615	NC_003074.8	90.358	809	66	10	7619	8417	12960374	12961180	0.0	1051
NC_003070.9:13507199-13515615	NC_003074.8	90.271	812	64	12	7619	8417	15477549	15476740	0.0	1048
NC_003070.9:13507199-13515615	NC_003074.8	85.506	1028	117	19	5912	6934	12072284	12071284	0.0	1044
NC_003070.9:13507199-13515615	NC_003074.8	90.026	782	68	10	7644	8417	16341993	16341214	0.0	1003
NC_003070.9:13507199-13515615	NC_003074.8	89.619	761	67	11	7666	8417	11205193	11205950	0.0	957
NC_003070.9:13507199-13515615	NC_003074.8	88.763	792	70	10	7641	8417	11335561	11334774	0.0	952
NC_003070.9:13507199-13515615	NC_003074.8	89.003	782	62	11	7644	8417	15318944	15318179	0.0	946
NC_003070.9:13507199-13515615	NC_003074.8	88.875	773	68	8	7661	8417	12734818	12735588	0.0	935
NC_003070.9:13507199-13515615	NC_003074.8	89.986	709	70	1	4850	5558	12072986	12072279	0.0	915
NC_003070.9:13507199-13515615	NC_003074.8	95.009	581	29	0	1	581	11495697	11496277	0.0	913
NC_003070.9:13507199-13515615	NC_003074.8	94.828	580	30	0	2	581	13426798	13427377	0.0	905
NC_003070.9:13507199-13515615	NC_003074.8	94.664	581	31	0	1	581	12712921	12712341	0.0	902
NC_003070.9:13507199-13515615	NC_003074.8	94.320	581	32	1	1	581	12758956	12759535	0.0	889
NC_003070.9:13507199-13515615	NC_003074.8	93.537	588	31	1	1	581	11488559	11489146	0.0	869
NC_003070.9:13507199-13515615	NC_003074.8	86.000	800	78	23	7644	8417	13184708	13185499	0.0	826
NC_003070.9:13507199-13515615	NC_003074.8	92.281	583	39	6	1	581	14119427	14118849	0.0	822
NC_003070.9:13507199-13515615	NC_003074.8	92.281	583	39	6	1	581	14141529	14140951	0.0	822
NC_003070.9:13507199-13515615	NC_003074.8	91.938	583	41	6	1	581	12172284	12171706	0.0	811
NC_003070.9:13507199-13515615	NC_003074.8	92.483	572	35	7	582	1146	12619886	12620456	0.0	811
NC_003070.9:13507199-13515615	NC_003074.8	91.566	581	48	1	1	581	13398863	13398284	0.0	800
NC_003070.9:13507199-13515615	NC_003074.8	86.963	721	73	10	1014	1725	15435442	15436150	0.0	791
NC_003070.9:13507199-13515615	NC_003074.8	91.081	583	46	6	1	581	14488958	14489536	0.0	784
NC_003070.9:13507199-13515615	NC_003074.8	92.491	546	38	3	6477	7019	11330316	11329771	0.0	778
NC_003070.9:13507199-13515615	NC_003074.8	92.674	546	31	9	7644	8182	12613339	12613882	0.0	778
NC_003070.9:13507199-13515615	NC_003074.8	91.319	576	39	7	582	1147	11061784	11062358	0.0	776
NC_003070.9:13507199-13515615	NC_003074.8	92.072	555	38	6	1	552	12403707	12404258	0.0	776
NC_003070.9:13507199-13515615	NC_003074.8	91.065	582	40	7	576	1146	12613302	12613882	0.0	776
NC_003070.9:13507199-13515615	NC_003074.8	89.915	585	52	7	1	581	11868683	11869264	0.0	747
NC_003070.9:13507199-13515615	NC_003074.8	89.384	584	56	6	1	581	12070182	12070762	0.0	730
NC_003070.9:13507199-13515615	NC_003074.8	92.079	505	39	1	1	504	15002511	15003015	0.0	710
NC_003070.9:13507199-13515615	NC_003074.8	88.699	584	61	5	1	581	14015925	14015344	0.0	708
NC_003070.9:13507199-13515615	NC_003074.8	93.249	474	26	6	7715	8183	11055896	11055424	0.0	693
NC_003070.9:13507199-13515615	NC_003074.8	88.356	584	58	10	3	580	12674776	12675355	0.0	693
NC_003070.9:13507199-13515615	NC_003074.8	92.812	473	28	6	680	1147	11055895	11055424	0.0	680
NC_003070.9:13507199-13515615	NC_003074.8	87.692	585	63	9	1	581	14446639	14446060	0.0	673
NC_003070.9:13507199-13515615	NC_003074.8	81.840	826	117	18	1154	1969	11430073	11429271	0.0	664
NC_003070.9:13507199-13515615	NC_003074.8	87.350	585	64	10	1	581	12427713	12428291	0.0	662
NC_003070.9:13507199-13515615	NC_003074.8	87.372	586	59	13	1	580	12322973	12322397	0.0	658
NC_003070.9:13507199-13515615	NC_003074.8	86.201	587	70	9	1	581	11606974	11607555	5.91e-177	625
NC_003070.9:13507199-13515615	NC_003074.8	85.714	588	70	12	1	580	14491515	14492096	5.95e-172	608
NC_003070.9:13507199-13515615	NC_003074.8	92.823	418	23	1	1	418	12714052	12713642	3.58e-169	599
NC_003070.9:13507199-13515615	NC_003074.8	88.664	494	48	3	1239	1725	11062351	11062843	4.63e-168	595
NC_003070.9:13507199-13515615	NC_003074.8	88.912	487	46	3	1245	1724	11055425	11054940	1.67e-167	593
NC_003070.9:13507199-13515615	NC_003074.8	88.866	485	47	2	1246	1724	12620456	12620939	2.15e-166	590
NC_003070.9:13507199-13515615	NC_003074.8	85.085	590	74	13	1	581	15790072	15789488	2.15e-166	590
NC_003070.9:13507199-13515615	NC_003074.8	90.580	414	39	0	6930	7343	14041340	14041753	3.66e-154	549
NC_003070.9:13507199-13515615	NC_003074.8	92.286	350	24	2	3975	4324	13196453	13196799	1.74e-137	494
NC_003070.9:13507199-13515615	NC_003074.8	91.714	350	26	2	3975	4324	12826791	12827137	3.76e-134	483
NC_003070.9:13507199-13515615	NC_003074.8	86.304	460	39	21	7618	8065	11639062	11638615	4.87e-133	479
NC_003070.9:13507199-13515615	NC_003074.8	81.940	598	76	29	1	581	11893176	11893758	1.75e-132	477
NC_003070.9:13507199-13515615	NC_003074.8	87.529	425	30	6	579	991	15435040	15435453	2.93e-130	470
NC_003070.9:13507199-13515615	NC_003074.8	87.500	424	29	16	7617	8027	15435041	15435453	1.05e-129	468
NC_003070.9:13507199-13515615	NC_003074.8	88.830	376	38	4	208	582	12938734	12938362	6.34e-127	459
NC_003070.9:13507199-13515615	NC_003074.8	81.281	609	76	27	1	581	14543209	14542611	6.34e-127	459
NC_003070.9:13507199-13515615	NC_003074.8	91.641	323	25	2	1	322	15315966	15315645	4.93e-123	446
NC_003070.9:13507199-13515615	NC_003074.8	87.766	376	42	4	208	581	14301804	14301431	2.97e-120	436
NC_003070.9:13507199-13515615	NC_003074.8	87.838	370	42	2	8050	8417	15435442	15435810	1.38e-118	431
NC_003070.9:13507199-13515615	NC_003074.8	87.467	375	44	3	208	581	12781498	12781870	4.97e-118	429
NC_003070.9:13507199-13515615	NC_003074.8	87.200	375	45	3	208	581	13139265	13139637	2.31e-116	424
NC_003070.9:13507199-13515615	NC_003074.8	87.200	375	45	3	208	581	13142922	13143294	2.31e-116	424
NC_003070.9:13507199-13515615	NC_003074.8	90.541	296	21	4	1435	1724	11377761	11378055	1.09e-104	385
NC_003070.9:13507199-13515615	NC_003074.8	79.496	595	80	34	10	581	15830091	15830666	1.09e-104	385
NC_003070.9:13507199-13515615	NC_003074.8	93.130	262	15	2	582	840	11369867	11370128	1.41e-103	381
NC_003070.9:13507199-13515615	NC_003074.8	92.424	264	16	3	7619	7878	11369867	11370130	2.36e-101	374
NC_003070.9:13507199-13515615	NC_003074.8	79.368	538	94	16	52	580	16437459	16437988	5.11e-98	363
NC_003070.9:13507199-13515615	NC_003074.8	95.154	227	11	0	355	581	15315655	15315429	6.61e-97	359
NC_003070.9:13507199-13515615	NC_003074.8	92.437	238	17	1	344	581	12323831	12323595	8.62e-91	339
NC_003070.9:13507199-13515615	NC_003074.8	84.123	359	46	9	9	361	14336563	14336916	3.10e-90	337
NC_003070.9:13507199-13515615	NC_003074.8	96.098	205	8	0	377	581	14019857	14019653	1.11e-89	335
NC_003070.9:13507199-13515615	NC_003074.8	93.333	195	13	0	1530	1724	11378314	11378508	8.80e-76	289
NC_003070.9:13507199-13515615	NC_003074.8	93.333	195	13	0	1530	1724	11378767	11378961	8.80e-76	289
NC_003070.9:13507199-13515615	NC_003074.8	92.857	196	14	0	1529	1724	11380126	11380321	1.14e-74	285
NC_003070.9:13507199-13515615	NC_003074.8	92.821	195	14	0	1530	1724	11379673	11379867	4.09e-74	283
NC_003070.9:13507199-13515615	NC_003074.8	92.308	195	15	0	1530	1724	11379220	11379414	1.90e-72	278
NC_003070.9:13507199-13515615	NC_003074.8	91.489	188	16	0	390	577	12324112	12324299	6.90e-67	259
NC_003070.9:13507199-13515615	NC_003074.8	93.548	155	10	0	1570	1724	11370418	11370572	1.50e-58	231
NC_003070.9:13507199-13515615	NC_003074.8	88.525	183	17	1	4369	4547	13196799	13196981	1.17e-54	219
NC_003070.9:13507199-13515615	NC_003074.8	79.514	288	49	7	208	490	12102495	12102213	5.49e-48	196
NC_003070.9:13507199-13515615	NC_003074.8	86.061	165	23	0	1239	1403	11370196	11370360	1.99e-42	178
NC_003070.9:13507199-13515615	NC_003074.8	72.817	607	112	39	10	581	15792817	15792229	2.59e-36	158
NC_003070.9:13507199-13515615	NC_003074.8	86.861	137	18	0	8281	8417	11370202	11370338	3.35e-35	154
NC_003070.9:13507199-13515615	NC_003074.8	86.765	136	18	0	8282	8417	12613882	12614017	1.20e-34	152
NC_003070.9:13507199-13515615	NC_003074.8	86.765	136	18	0	8282	8417	12620456	12620591	1.20e-34	152
NC_003070.9:13507199-13515615	NC_003074.8	86.131	137	19	0	8281	8417	11055425	11055289	1.56e-33	148
NC_003070.9:13507199-13515615	NC_003074.8	86.131	137	19	0	8281	8417	11062357	11062493	1.56e-33	148
NC_003070.9:13507199-13515615	NC_003074.8	74.504	353	72	18	1	344	14170229	14169886	3.37e-30	137
NC_003070.9:13507199-13515615	NC_003074.8	93.506	77	5	0	8107	8183	11370127	11370203	1.58e-23	115
NC_003070.9:13507199-13515615	NC_003074.8	96.154	52	2	0	776	827	14449473	14449422	1.24e-14	86.1
NC_003070.9:13507199-13515615	NC_003074.8	88.571	70	2	1	582	645	11205164	11205233	5.77e-13	80.5
NC_003070.9:13507199-13515615	NC_003074.8	91.837	49	4	0	416	464	14474027	14474075	1.25e-09	69.4
NC_003070.9:13507199-13515615	NC_003076.8	91.872	4466	296	33	3975	8417	10769012	10764591	0.0	6174
NC_003070.9:13507199-13515615	NC_003076.8	91.070	4468	331	37	3975	8417	12505441	12501017	0.0	5978
NC_003070.9:13507199-13515615	NC_003076.8	93.240	3417	194	26	582	3978	10772498	10769099	0.0	4996
NC_003070.9:13507199-13515615	NC_003076.8	93.093	3417	196	23	582	3978	15490820	15494216	0.0	4966
NC_003070.9:13507199-13515615	NC_003076.8	92.303	3417	217	21	582	3978	12508918	12505528	0.0	4811
NC_003070.9:13507199-13515615	NC_003076.8	89.717	3423	310	27	582	3978	12182967	12179561	0.0	4333
NC_003070.9:13507199-13515615	NC_003076.8	89.950	3423	245	34	582	3978	9890101	9893450	0.0	4324
NC_003070.9:13507199-13515615	NC_003076.8	88.207	3553	317	61	4906	8417	13375814	13379305	0.0	4146
NC_003070.9:13507199-13515615	NC_003076.8	89.199	3157	287	28	5286	8417	13072579	13069452	0.0	3892
NC_003070.9:13507199-13515615	NC_003076.8	94.539	2417	123	8	1565	3978	9188523	9186113	0.0	3723
NC_003070.9:13507199-13515615	NC_003076.8	90.012	2453	228	10	3975	6418	9893537	9895981	0.0	3157
NC_003070.9:13507199-13515615	NC_003076.8	90.664	2153	170	25	6280	8417	15496169	15498305	0.0	2833
NC_003070.9:13507199-13515615	NC_003076.8	89.159	2260	175	27	6186	8417	9184215	9181998	0.0	2752
NC_003070.9:13507199-13515615	NC_003076.8	92.671	1883	120	9	2098	3978	13373037	13374903	0.0	2697
NC_003070.9:13507199-13515615	NC_003076.8	93.308	1808	114	4	3975	5776	15494303	15496109	0.0	2662
NC_003070.9:13507199-13515615	NC_003076.8	93.252	1808	116	4	3975	5776	9186026	9184219	0.0	2658
NC_003070.9:13507199-13515615	NC_003076.8	92.220	1838	125	7	2144	3978	13075015	13073193	0.0	2586
NC_003070.9:13507199-13515615	NC_003076.8	90.347	1616	146	6	3975	5584	12179474	12177863	0.0	2111
NC_003070.9:13507199-13515615	NC_003076.8	87.476	1581	162	20	582	2151	13077139	13075584	0.0	1790
NC_003070.9:13507199-13515615	NC_003076.8	89.430	1211	111	13	849	2050	13371834	13373036	0.0	1511
NC_003070.9:13507199-13515615	NC_003076.8	88.667	1253	114	10	3975	5218	9996177	9997410	0.0	1502
NC_003070.9:13507199-13515615	NC_003076.8	89.870	1155	100	11	584	1724	12501819	12500668	0.0	1469
NC_003070.9:13507199-13515615	NC_003076.8	89.741	1160	95	18	582	1724	10765395	10764243	0.0	1461
NC_003070.9:13507199-13515615	NC_003076.8	89.387	1159	103	14	582	1724	15497499	15498653	0.0	1441
NC_003070.9:13507199-13515615	NC_003076.8	87.329	1168	120	11	582	1727	13070262	13069101	0.0	1312
NC_003070.9:13507199-13515615	NC_003076.8	87.285	1164	109	21	582	1724	9896891	9898036	0.0	1293
NC_003070.9:13507199-13515615	NC_003076.8	87.699	1130	109	16	611	1727	9182759	9181647	0.0	1290
NC_003070.9:13507199-13515615	NC_003076.8	86.824	1146	121	18	606	1730	13378523	13379659	0.0	1253
NC_003070.9:13507199-13515615	NC_003076.8	86.198	1181	123	16	581	1724	13802844	13804021	0.0	1242
NC_003070.9:13507199-13515615	NC_003076.8	88.959	951	73	17	7483	8417	9896756	9897690	0.0	1146
NC_003070.9:13507199-13515615	NC_003076.8	90.570	859	72	9	582	1435	13656285	13657139	0.0	1129
NC_003070.9:13507199-13515615	NC_003076.8	91.106	832	64	5	3975	4799	13374990	13375818	0.0	1118
NC_003070.9:13507199-13515615	NC_003076.8	91.358	810	58	11	7615	8417	13656281	13657085	0.0	1098
NC_003070.9:13507199-13515615	NC_003076.8	91.021	813	57	11	7618	8417	12508919	12508110	0.0	1083
NC_003070.9:13507199-13515615	NC_003076.8	89.939	815	66	14	7614	8417	10772503	10771694	0.0	1037
NC_003070.9:13507199-13515615	NC_003076.8	89.039	812	61	13	7619	8417	15490820	15491616	0.0	981
NC_003070.9:13507199-13515615	NC_003076.8	87.846	831	67	15	7619	8417	13802845	13803673	0.0	944
NC_003070.9:13507199-13515615	NC_003076.8	85.173	924	107	20	571	1482	9189428	9188523	0.0	920
NC_003070.9:13507199-13515615	NC_003076.8	95.606	569	25	0	1	569	12242362	12241794	0.0	913
NC_003070.9:13507199-13515615	NC_003076.8	87.179	819	79	17	7618	8417	12182968	12182157	0.0	907
NC_003070.9:13507199-13515615	NC_003076.8	94.828	580	30	0	1	580	11166120	11165541	0.0	905
NC_003070.9:13507199-13515615	NC_003076.8	94.664	581	31	0	1	581	11338237	11337657	0.0	902
NC_003070.9:13507199-13515615	NC_003076.8	94.320	581	32	1	1	580	11160714	11160134	0.0	889
NC_003070.9:13507199-13515615	NC_003076.8	87.042	818	60	16	7616	8417	9890098	9890885	0.0	881
NC_003070.9:13507199-13515615	NC_003076.8	83.661	967	124	23	775	1726	10696125	10695178	0.0	880
NC_003070.9:13507199-13515615	NC_003076.8	93.460	581	38	0	1	581	11101499	11102079	0.0	863
NC_003070.9:13507199-13515615	NC_003076.8	93.287	581	39	0	1	581	11073984	11074564	0.0	857
NC_003070.9:13507199-13515615	NC_003076.8	92.943	581	41	0	1	581	11134241	11134821	0.0	846
NC_003070.9:13507199-13515615	NC_003076.8	92.943	581	37	1	1	581	13147734	13148310	0.0	843
NC_003070.9:13507199-13515615	NC_003076.8	92.612	582	42	1	1	581	11972875	11973456	0.0	835
NC_003070.9:13507199-13515615	NC_003076.8	92.599	581	41	1	1	581	11146779	11147357	0.0	833
NC_003070.9:13507199-13515615	NC_003076.8	92.427	581	42	1	1	581	11600514	11599936	0.0	828
NC_003070.9:13507199-13515615	NC_003076.8	85.468	812	88	19	7619	8417	9189417	9188623	0.0	819
NC_003070.9:13507199-13515615	NC_003076.8	92.096	582	44	2	1	581	12321865	12322445	0.0	819
NC_003070.9:13507199-13515615	NC_003076.8	92.440	582	29	8	1	581	12316097	12316664	0.0	817
NC_003070.9:13507199-13515615	NC_003076.8	91.566	581	49	0	1	581	11606041	11605461	0.0	802
NC_003070.9:13507199-13515615	NC_003076.8	91.222	581	50	1	1	581	10589047	10588468	0.0	789
NC_003070.9:13507199-13515615	NC_003076.8	90.753	584	47	6	1	581	11318632	11318053	0.0	773
NC_003070.9:13507199-13515615	NC_003076.8	85.734	729	83	14	5582	6294	12113509	12112786	0.0	750
NC_003070.9:13507199-13515615	NC_003076.8	90.550	582	34	10	1	581	13142244	13142805	0.0	750
NC_003070.9:13507199-13515615	NC_003076.8	89.525	611	39	14	7618	8204	13371228	13371837	0.0	750
NC_003070.9:13507199-13515615	NC_003076.8	89.744	585	57	3	1	585	12299358	12299939	0.0	745
NC_003070.9:13507199-13515615	NC_003076.8	89.573	585	54	7	1	581	12789595	12790176	0.0	736
NC_003070.9:13507199-13515615	NC_003076.8	89.845	581	45	7	1	581	13226055	13225489	0.0	734
NC_003070.9:13507199-13515615	NC_003076.8	89.519	582	56	5	3	581	11489630	11489051	0.0	732
NC_003070.9:13507199-13515615	NC_003076.8	89.384	584	57	5	1	581	10088749	10088168	0.0	730
NC_003070.9:13507199-13515615	NC_003076.8	88.852	610	44	13	582	1168	13371229	13371837	0.0	728
NC_003070.9:13507199-13515615	NC_003076.8	89.231	585	55	8	1	580	10725637	10726218	0.0	725
NC_003070.9:13507199-13515615	NC_003076.8	90.036	562	52	3	7858	8417	13076917	13076358	0.0	725
NC_003070.9:13507199-13515615	NC_003076.8	89.078	586	53	11	1	581	12936567	12935988	0.0	717
NC_003070.9:13507199-13515615	NC_003076.8	88.776	588	61	5	1	585	11524265	11523680	0.0	715
NC_003070.9:13507199-13515615	NC_003076.8	89.520	563	55	4	21	581	12096709	12096149	0.0	710
NC_003070.9:13507199-13515615	NC_003076.8	90.857	525	43	3	3975	4495	13073106	13072583	0.0	699
NC_003070.9:13507199-13515615	NC_003076.8	88.468	581	50	9	1	581	10583645	10583082	0.0	686
NC_003070.9:13507199-13515615	NC_003076.8	88.619	536	52	7	7885	8417	13371834	13372363	0.0	643
NC_003070.9:13507199-13515615	NC_003076.8	85.528	615	65	16	7811	8417	10696125	10695527	7.64e-176	621
NC_003070.9:13507199-13515615	NC_003076.8	89.322	487	48	4	6805	7289	9896271	9896755	5.95e-172	608
NC_003070.9:13507199-13515615	NC_003076.8	85.059	589	75	12	1	581	13131967	13132550	7.75e-166	588
NC_003070.9:13507199-13515615	NC_003076.8	85.034	588	75	11	1	581	11375647	11376228	2.79e-165	586
NC_003070.9:13507199-13515615	NC_003076.8	90.025	401	35	4	183	581	11685621	11685224	1.33e-143	514
NC_003070.9:13507199-13515615	NC_003076.8	88.143	447	32	4	3532	3978	9995665	9996090	4.80e-143	512
NC_003070.9:13507199-13515615	NC_003076.8	89.313	393	40	2	189	580	11479710	11479319	6.25e-137	492
NC_003070.9:13507199-13515615	NC_003076.8	91.111	360	31	1	222	581	10939362	10939004	2.91e-135	486
NC_003070.9:13507199-13515615	NC_003076.8	88.512	383	35	8	1	380	11176878	11177254	8.20e-126	455
NC_003070.9:13507199-13515615	NC_003076.8	81.017	590	96	16	1	582	11288894	11289475	8.20e-126	455
NC_003070.9:13507199-13515615	NC_003076.8	88.856	341	35	3	241	580	12443642	12443304	3.87e-114	416
NC_003070.9:13507199-13515615	NC_003076.8	85.901	383	45	9	1	378	12946019	12945641	3.90e-109	399
NC_003070.9:13507199-13515615	NC_003076.8	93.182	264	18	0	1	264	11356446	11356183	8.43e-106	388
NC_003070.9:13507199-13515615	NC_003076.8	95.708	233	10	0	349	581	11356183	11355951	6.57e-102	375
NC_003070.9:13507199-13515615	NC_003076.8	88.333	300	22	6	6458	6757	9895987	9896273	1.43e-93	348
NC_003070.9:13507199-13515615	NC_003076.8	92.754	207	15	0	375	581	11205073	11205279	4.07e-79	300
NC_003070.9:13507199-13515615	NC_003076.8	93.529	170	10	1	412	581	12945642	12945474	1.15e-64	252
NC_003070.9:13507199-13515615	NC_003076.8	85.217	230	18	8	7617	7831	13077141	13076913	9.05e-56	222
NC_003070.9:13507199-13515615	NC_003076.8	86.228	167	21	2	1	167	12321458	12321622	5.53e-43	180
NC_003070.9:13507199-13515615	NC_003071.7	91.721	4469	302	29	3975	8417	4561356	4565782	0.0	6141
NC_003070.9:13507199-13515615	NC_003071.7	93.041	3420	192	26	582	3978	1629644	1633040	0.0	4955
NC_003070.9:13507199-13515615	NC_003071.7	91.370	3430	226	29	582	3978	5231248	5234640	0.0	4630
NC_003070.9:13507199-13515615	NC_003071.7	91.127	3426	260	28	584	3978	5780105	5783517	0.0	4602
NC_003070.9:13507199-13515615	NC_003071.7	90.417	3402	276	31	607	3978	5337793	5334412	0.0	4431
NC_003070.9:13507199-13515615	NC_003071.7	94.169	2744	146	9	1244	3978	4558531	4561269	0.0	4169
NC_003070.9:13507199-13515615	NC_003071.7	91.452	2831	222	8	3975	6796	5783604	5786423	0.0	3869
NC_003070.9:13507199-13515615	NC_003071.7	90.286	2872	239	23	4444	7305	5235133	5237974	0.0	3722
NC_003070.9:13507199-13515615	NC_003071.7	89.199	2935	232	45	5532	8417	5229167	5232065	0.0	3585
NC_003070.9:13507199-13515615	NC_003071.7	93.493	2136	131	4	3975	6102	6266734	6268869	0.0	3168
NC_003070.9:13507199-13515615	NC_003071.7	90.530	2228	161	21	582	2780	5220790	5222996	0.0	2900
NC_003070.9:13507199-13515615	NC_003071.7	90.884	2172	172	20	6262	8417	5812381	5814542	0.0	2891
NC_003070.9:13507199-13515615	NC_003071.7	89.893	2236	156	27	582	2783	5226030	5228229	0.0	2813
NC_003070.9:13507199-13515615	NC_003071.7	89.644	2250	161	31	6186	8417	1634938	1637133	0.0	2798
NC_003070.9:13507199-13515615	NC_003071.7	91.732	2032	129	21	606	2611	6263309	6265327	0.0	2785
NC_003070.9:13507199-13515615	NC_003071.7	91.687	2021	138	23	606	2611	5807680	5809685	0.0	2774
NC_003070.9:13507199-13515615	NC_003071.7	94.358	1808	96	3	3975	5776	1633127	1634934	0.0	2769
NC_003070.9:13507199-13515615	NC_003071.7	93.602	1813	109	3	3976	5781	5810574	5812386	0.0	2699
NC_003070.9:13507199-13515615	NC_003071.7	92.814	1809	91	14	3975	5776	11044	12820	0.0	2584
NC_003070.9:13507199-13515615	NC_003071.7	91.247	1828	132	23	6607	8415	6268931	6270749	0.0	2464
NC_003070.9:13507199-13515615	NC_003071.7	89.610	1819	152	16	5532	7343	5223937	5225725	0.0	2278
NC_003070.9:13507199-13515615	NC_003071.7	95.400	1326	60	1	2654	3978	6265322	6266647	0.0	2109
NC_003070.9:13507199-13515615	NC_003071.7	90.629	1526	123	4	4268	5787	5334081	5332570	0.0	2008
NC_003070.9:13507199-13515615	NC_003071.7	89.510	1163	100	12	582	1725	6269941	6271100	0.0	1452
NC_003070.9:13507199-13515615	NC_003071.7	91.819	1039	73	9	1625	2660	5058753	5059782	0.0	1437
NC_003070.9:13507199-13515615	NC_003071.7	90.018	1132	83	19	7310	8417	5225722	5226847	0.0	1437
NC_003070.9:13507199-13515615	NC_003071.7	88.803	1161	109	12	582	1725	5813735	5814891	0.0	1404
NC_003070.9:13507199-13515615	NC_003071.7	88.155	1165	101	20	582	1726	4564986	4566133	0.0	1352
NC_003070.9:13507199-13515615	NC_003071.7	89.247	1116	71	18	6428	7539	64005	65075	0.0	1351
NC_003070.9:13507199-13515615	NC_003071.7	88.038	1162	103	19	582	1724	1636337	1637481	0.0	1343
NC_003070.9:13507199-13515615	NC_003071.7	87.401	1135	119	17	611	1724	5780033	5778902	0.0	1282
NC_003070.9:13507199-13515615	NC_003071.7	94.796	807	42	0	3172	3978	5809681	5810487	0.0	1258
NC_003070.9:13507199-13515615	NC_003071.7	88.677	998	101	9	739	1728	5786739	5787732	0.0	1206
NC_003070.9:13507199-13515615	NC_003071.7	85.641	1177	129	17	582	1724	5278229	5277059	0.0	1201
NC_003070.9:13507199-13515615	NC_003071.7	87.486	895	100	9	842	1727	1413295	1412404	0.0	1022
NC_003070.9:13507199-13515615	NC_003071.7	92.350	719	51	3	4526	5241	5223224	5223941	0.0	1020
NC_003070.9:13507199-13515615	NC_003071.7	92.072	719	53	3	4526	5241	5228454	5229171	0.0	1009
NC_003070.9:13507199-13515615	NC_003071.7	89.757	781	66	10	7644	8417	5807681	5808454	0.0	987
NC_003070.9:13507199-13515615	NC_003071.7	88.767	819	69	15	7616	8415	5220787	5221601	0.0	981
NC_003070.9:13507199-13515615	NC_003071.7	88.725	816	69	15	7617	8415	5780101	5780910	0.0	976
NC_003070.9:13507199-13515615	NC_003071.7	89.029	793	60	16	7644	8417	6263310	6264094	0.0	957
NC_003070.9:13507199-13515615	NC_003071.7	87.665	835	80	16	7603	8417	5780082	5779251	0.0	950
NC_003070.9:13507199-13515615	NC_003071.7	88.608	790	72	8	7642	8417	5337795	5337010	0.0	944
NC_003070.9:13507199-13515615	NC_003071.7	87.849	823	70	13	7608	8417	1629633	1630438	0.0	939
NC_003070.9:13507199-13515615	NC_003071.7	87.440	828	74	10	7618	8417	5278230	5277405	0.0	926
NC_003070.9:13507199-13515615	NC_003071.7	95.353	581	27	0	1	581	4675499	4674919	0.0	924
NC_003070.9:13507199-13515615	NC_003071.7	94.991	579	29	0	3	581	2688362	2688940	0.0	909
NC_003070.9:13507199-13515615	NC_003071.7	94.483	580	32	0	2	581	4161051	4161630	0.0	894
NC_003070.9:13507199-13515615	NC_003071.7	94.148	581	34	0	1	581	4172767	4173347	0.0	885
NC_003070.9:13507199-13515615	NC_003071.7	93.976	581	34	1	1	581	4710896	4710317	0.0	878
NC_003070.9:13507199-13515615	NC_003071.7	83.661	967	120	22	582	1518	5057720	5058678	0.0	876
NC_003070.9:13507199-13515615	NC_003071.7	91.149	644	54	3	7775	8417	5786739	5787380	0.0	870
NC_003070.9:13507199-13515615	NC_003071.7	92.796	583	37	4	1	581	4370212	4370791	0.0	839
NC_003070.9:13507199-13515615	NC_003071.7	92.771	581	36	1	1	581	3143100	3143674	0.0	835
NC_003070.9:13507199-13515615	NC_003071.7	87.157	693	79	6	6964	7647	3900565	3901256	0.0	778
NC_003070.9:13507199-13515615	NC_003071.7	84.116	831	94	23	7618	8417	5057719	5058542	0.0	769
NC_003070.9:13507199-13515615	NC_003071.7	89.948	577	54	4	1	576	5139791	5139218	0.0	741
NC_003070.9:13507199-13515615	NC_003071.7	90.189	581	32	2	1	581	4716011	4715456	0.0	734
NC_003070.9:13507199-13515615	NC_003071.7	89.384	584	57	5	1	581	5431953	5432534	0.0	730
NC_003070.9:13507199-13515615	NC_003071.7	87.481	663	43	12	7532	8183	67092	67725	0.0	728
NC_003070.9:13507199-13515615	NC_003071.7	89.365	583	53	9	3	581	2375464	2374887	0.0	725
NC_003070.9:13507199-13515615	NC_003071.7	86.983	653	73	9	5838	6481	5332571	5331922	0.0	725
NC_003070.9:13507199-13515615	NC_003071.7	88.889	585	58	7	1	581	3813825	3814406	0.0	713
NC_003070.9:13507199-13515615	NC_003071.7	90.110	546	48	6	7875	8417	1413298	1412756	0.0	704
NC_003070.9:13507199-13515615	NC_003071.7	90.530	528	48	2	55	581	3977963	3977437	0.0	697
NC_003070.9:13507199-13515615	NC_003071.7	95.402	435	19	1	3543	3976	10521	10955	0.0	691
NC_003070.9:13507199-13515615	NC_003071.7	88.185	584	62	7	1	580	6178156	6177576	0.0	689
NC_003070.9:13507199-13515615	NC_003071.7	88.225	586	56	10	1	581	4468547	4467970	0.0	688
NC_003070.9:13507199-13515615	NC_003071.7	87.958	573	62	7	12	580	4404333	4403764	0.0	669
NC_003070.9:13507199-13515615	NC_003071.7	87.734	587	52	13	1	581	5726236	5726808	0.0	667
NC_003070.9:13507199-13515615	NC_003071.7	89.225	529	52	5	55	581	3558221	3558746	0.0	656
NC_003070.9:13507199-13515615	NC_003071.7	86.565	588	68	10	1	581	5033766	5033183	0.0	638
NC_003070.9:13507199-13515615	NC_003071.7	91.703	458	36	2	1	457	3945825	3945369	9.81e-180	634
NC_003070.9:13507199-13515615	NC_003071.7	84.427	655	78	14	1089	1724	5264260	5263611	2.12e-176	623
NC_003070.9:13507199-13515615	NC_003071.7	94.321	405	23	0	3975	4379	5234727	5235131	7.64e-176	621
NC_003070.9:13507199-13515615	NC_003071.7	84.689	627	83	7	1111	1729	5330194	5329573	1.28e-173	614
NC_003070.9:13507199-13515615	NC_003071.7	88.610	518	42	6	7649	8151	5331923	5331408	1.28e-173	614
NC_003070.9:13507199-13515615	NC_003071.7	84.122	655	80	14	1089	1724	5270985	5270336	4.60e-173	612
NC_003070.9:13507199-13515615	NC_003071.7	85.763	590	68	14	1	581	4783907	4784489	1.65e-172	610
NC_003070.9:13507199-13515615	NC_003071.7	88.417	518	44	11	612	1115	5331923	5331408	1.65e-172	610
NC_003070.9:13507199-13515615	NC_003071.7	86.806	576	38	10	582	1147	67178	67725	5.95e-172	608
NC_003070.9:13507199-13515615	NC_003071.7	85.558	547	64	10	1	543	2381365	2381900	6.07e-157	558
NC_003070.9:13507199-13515615	NC_003071.7	83.898	590	80	15	1	581	2747183	2746600	3.66e-154	549
NC_003070.9:13507199-13515615	NC_003071.7	87.660	470	49	9	77	543	3832853	3833316	7.91e-151	538
NC_003070.9:13507199-13515615	NC_003071.7	83.559	590	82	15	1	581	5492425	5491842	7.91e-151	538
NC_003070.9:13507199-13515615	NC_003071.7	83.649	581	80	15	10	581	5496072	5495498	3.68e-149	532
NC_003070.9:13507199-13515615	NC_003071.7	83.080	526	81	8	1	521	5161733	5162255	8.14e-131	472
NC_003070.9:13507199-13515615	NC_003071.7	81.186	590	88	22	3	581	2469091	2469668	2.95e-125	453
NC_003070.9:13507199-13515615	NC_003071.7	86.898	374	45	4	210	581	5141729	5141358	3.87e-114	416
NC_003070.9:13507199-13515615	NC_003071.7	90.476	315	27	3	1	314	3959397	3959085	5.00e-113	412
NC_003070.9:13507199-13515615	NC_003071.7	86.508	378	43	7	208	581	3824920	3824547	6.47e-112	409
NC_003070.9:13507199-13515615	NC_003071.7	88.889	324	33	3	6820	7141	5786417	5786739	5.04e-108	396
NC_003070.9:13507199-13515615	NC_003071.7	87.574	338	34	5	1393	1724	5237984	5238319	1.09e-104	385
NC_003070.9:13507199-13515615	NC_003071.7	87.500	312	38	1	270	581	4462721	4462411	6.61e-97	359
NC_003070.9:13507199-13515615	NC_003071.7	84.334	383	39	13	771	1146	3901476	3901844	8.55e-96	355
NC_003070.9:13507199-13515615	NC_003071.7	93.833	227	14	0	355	581	3959083	3958857	6.66e-92	342
NC_003070.9:13507199-13515615	NC_003071.7	91.736	242	20	0	3975	4216	5334325	5334084	3.10e-90	337
NC_003070.9:13507199-13515615	NC_003071.7	86.364	308	37	5	3	307	3531982	3532287	1.44e-88	331
NC_003070.9:13507199-13515615	NC_003071.7	92.576	229	13	1	4254	4478	5228228	5228456	6.71e-87	326
NC_003070.9:13507199-13515615	NC_003071.7	92.174	230	14	1	4253	4478	5222997	5223226	8.68e-86	322
NC_003070.9:13507199-13515615	NC_003071.7	89.139	267	15	5	7619	7872	1413623	1413358	3.12e-85	320
NC_003070.9:13507199-13515615	NC_003071.7	88.346	266	20	2	582	836	1413623	1413358	6.75e-82	309
NC_003070.9:13507199-13515615	NC_003071.7	93.301	209	14	0	373	581	3539391	3539599	6.75e-82	309
NC_003070.9:13507199-13515615	NC_003071.7	85.574	305	31	4	8125	8417	5264260	5263957	2.43e-81	307
NC_003070.9:13507199-13515615	NC_003071.7	85.246	305	32	4	8125	8417	5270985	5270682	1.13e-79	302
NC_003070.9:13507199-13515615	NC_003071.7	92.019	213	17	0	369	581	4848498	4848710	4.07e-79	300
NC_003070.9:13507199-13515615	NC_003071.7	88.936	235	19	2	1496	1724	67879	68112	4.09e-74	283
NC_003070.9:13507199-13515615	NC_003071.7	85.043	234	28	3	1499	1726	3902000	3902232	1.50e-58	231
NC_003070.9:13507199-13515615	NC_003071.7	96.875	128	4	0	1	128	5249727	5249854	1.51e-53	215
NC_003070.9:13507199-13515615	NC_003071.7	79.038	291	52	7	295	581	4195881	4196166	2.55e-46	191
NC_003070.9:13507199-13515615	NC_003071.7	85.987	157	21	1	1247	1403	3901846	3902001	4.30e-39	167
NC_003070.9:13507199-13515615	NC_003071.7	87.234	141	18	0	8277	8417	4558528	4558668	2.00e-37	161
NC_003070.9:13507199-13515615	NC_003071.7	83.636	165	27	0	1239	1403	67718	67882	9.31e-36	156
NC_003070.9:13507199-13515615	NC_003071.7	96.739	92	3	0	490	581	3963502	3963411	3.35e-35	154
NC_003070.9:13507199-13515615	NC_003071.7	86.667	135	17	1	8283	8417	3901846	3901979	1.56e-33	148
NC_003070.9:13507199-13515615	NC_003071.7	85.926	135	12	6	792	926	4134408	4134281	3.37e-30	137
NC_003070.9:13507199-13515615	NC_003071.7	84.615	143	14	5	7828	7969	4134408	4134273	1.21e-29	135
NC_003070.9:13507199-13515615	NC_003071.7	92.391	92	7	0	490	581	3945195	3945286	1.57e-28	132
NC_003070.9:13507199-13515615	NC_003071.7	80.220	91	14	4	252	340	4837409	4837497	1.61e-08	65.8
NC_003070.9:13507199-13515615	NC_003071.7	100.000	34	0	0	462	495	3965153	3965120	5.81e-08	63.9
NC_003070.9:13586647-13587386	NC_003070.9	100.000	740	0	0	1	740	13586647	13587386	0.0	1367
NC_003070.9:13586647-13587386	NC_003070.9	84.466	515	56	14	234	740	16863186	16862688	2.47e-136	486
NC_003070.9:13586647-13587386	NC_003070.9	85.921	277	33	5	468	740	18768122	18768396	2.08e-77	291
NC_003070.9:13586647-13587386	NC_003075.7	85.560	277	34	5	468	739	590641	590366	9.69e-76	285
NC_003070.9:13586647-13587386	NC_003075.7	85.199	277	36	4	468	740	11871039	11871314	4.51e-74	279
NC_003070.9:13586647-13587386	NC_003075.7	84.727	275	31	7	476	740	653821	653548	1.26e-69	265
NC_003070.9:13586647-13587386	NC_003075.7	82.915	199	24	6	1	192	11870287	11870482	2.83e-41	171
NC_003070.9:13980720-13981810	NC_003070.9	100.000	1091	0	0	1	1091	13981810	13980720	0.0	2015
NC_003070.9:13980720-13981810	NC_003070.9	87.948	614	57	11	257	859	13064980	13064373	0.0	708
NC_003070.9:13980720-13981810	NC_003070.9	87.986	283	24	5	811	1091	12136905	12136631	8.51e-88	326
NC_003070.9:13980720-13981810	NC_003070.9	85.305	279	32	6	811	1088	6403192	6402922	6.72e-74	279
NC_003070.9:13980720-13981810	NC_003070.9	87.912	91	8	3	3	92	12097456	12097544	4.34e-21	104
NC_003070.9:13980720-13981810	NC_003070.9	85.870	92	10	3	3	93	21616151	21616062	2.61e-18	95.3
NC_003070.9:13980720-13981810	NC_003070.9	89.189	74	8	0	3	76	12618638	12618711	9.39e-18	93.5
NC_003070.9:13980720-13981810	NC_003070.9	85.556	90	12	1	3	92	13313923	13313835	9.39e-18	93.5
NC_003070.9:13980720-13981810	NC_003070.9	86.207	87	9	3	3	88	6403657	6403573	3.38e-17	91.6
NC_003070.9:13980720-13981810	NC_003070.9	85.882	85	12	0	9	93	20167549	20167465	3.38e-17	91.6
NC_003070.9:13980720-13981810	NC_003070.9	92.188	64	4	1	3	66	697374	697312	1.22e-16	89.8
NC_003070.9:13980720-13981810	NC_003070.9	84.615	91	13	1	3	93	6514476	6514565	1.22e-16	89.8
NC_003070.9:13980720-13981810	NC_003070.9	83.696	92	13	2	2	93	9418947	9418858	1.57e-15	86.1
NC_003070.9:13980720-13981810	NC_003070.9	84.706	85	12	1	2	86	1160223	1160306	5.65e-15	84.2
NC_003070.9:13980720-13981810	NC_003070.9	83.516	91	14	1	3	93	10579424	10579513	5.65e-15	84.2
NC_003070.9:13980720-13981810	NC_003070.9	90.625	64	5	1	3	66	20513679	20513741	5.65e-15	84.2
NC_003070.9:13980720-13981810	NC_003070.9	84.337	83	11	2	3	85	10929426	10929506	7.31e-14	80.5
NC_003070.9:13980720-13981810	NC_003070.9	83.721	86	13	1	3	88	12137683	12137599	7.31e-14	80.5
NC_003070.9:13980720-13981810	NC_003070.9	100.000	29	0	0	3	31	13548432	13548460	4.43e-06	54.7
NC_003070.9:13980720-13981810	NC_003074.8	97.901	1096	16	2	1	1090	16553354	16554448	0.0	1890
NC_003070.9:13980720-13981810	NC_003074.8	94.198	1103	48	10	1	1091	16727565	16728663	0.0	1668
NC_003070.9:13980720-13981810	NC_003074.8	83.135	587	51	20	540	1091	11535844	11535271	7.93e-138	492
NC_003070.9:13980720-13981810	NC_003074.8	86.380	279	24	5	811	1088	21694644	21694909	8.63e-78	292
NC_003070.9:13980720-13981810	NC_003074.8	84.925	199	22	6	236	434	11539725	11539535	2.50e-48	195
NC_003070.9:13980720-13981810	NC_003074.8	89.011	91	9	1	2	92	4579236	4579325	2.59e-23	111
NC_003070.9:13980720-13981810	NC_003074.8	86.022	93	12	1	3	95	11287475	11287384	2.02e-19	99.0
NC_003070.9:13980720-13981810	NC_003074.8	85.714	91	12	1	3	93	16535294	16535205	2.61e-18	95.3
NC_003070.9:13980720-13981810	NC_003074.8	85.714	91	10	3	3	92	10758580	10758492	9.39e-18	93.5
NC_003070.9:13980720-13981810	NC_003074.8	81.667	120	14	7	3	120	16042283	16042170	9.39e-18	93.5
NC_003070.9:13980720-13981810	NC_003074.8	81.667	120	14	7	3	120	16224234	16224347	9.39e-18	93.5
NC_003070.9:13980720-13981810	NC_003074.8	84.615	91	13	1	3	93	16677616	16677705	1.22e-16	89.8
NC_003070.9:13980720-13981810	NC_003074.8	84.444	90	13	1	3	92	10405396	10405484	4.37e-16	87.9
NC_003070.9:13980720-13981810	NC_003074.8	80.833	120	15	7	3	120	16062887	16062774	4.37e-16	87.9
NC_003070.9:13980720-13981810	NC_003074.8	90.625	64	5	1	3	66	4467613	4467675	5.65e-15	84.2
NC_003070.9:13980720-13981810	NC_003074.8	86.842	76	9	1	3	78	7318502	7318576	5.65e-15	84.2
NC_003070.9:13980720-13981810	NC_003074.8	84.091	88	10	4	3	88	12354668	12354583	2.03e-14	82.4
NC_003070.9:13980720-13981810	NC_003074.8	89.394	66	6	1	1	66	19529021	19529085	2.03e-14	82.4
NC_003070.9:13980720-13981810	NC_003074.8	89.062	64	6	1	3	66	4977268	4977330	2.63e-13	78.7
NC_003070.9:13980720-13981810	NC_003074.8	81.720	93	16	1	1	93	10900760	10900851	9.46e-13	76.8
NC_003070.9:13980720-13981810	NC_003074.8	88.710	62	6	1	3	64	16902332	16902392	3.40e-12	75.0
NC_003070.9:13980720-13981810	NC_003074.8	100.000	29	0	0	3	31	11315007	11315035	4.43e-06	54.7
NC_003070.9:13980720-13981810	NC_003071.7	93.223	782	40	12	3	777	5347126	5347901	0.0	1138
NC_003070.9:13980720-13981810	NC_003071.7	85.009	1094	106	36	3	1069	5761056	5759994	0.0	1059
NC_003070.9:13980720-13981810	NC_003071.7	86.667	795	70	20	256	1039	5559011	5558242	0.0	848
NC_003070.9:13980720-13981810	NC_003071.7	87.917	629	51	20	471	1090	1789532	1788920	0.0	717
NC_003070.9:13980720-13981810	NC_003071.7	87.322	631	54	17	471	1091	9091509	9092123	0.0	699
NC_003070.9:13980720-13981810	NC_003071.7	89.680	281	22	4	811	1091	19414188	19413915	1.40e-95	351
NC_003070.9:13980720-13981810	NC_003071.7	86.525	282	27	4	811	1091	7439223	7438952	5.16e-80	300
NC_003070.9:13980720-13981810	NC_003071.7	89.362	235	16	7	858	1091	5347900	5348126	4.01e-76	287
NC_003070.9:13980720-13981810	NC_003071.7	86.070	201	20	3	236	434	6657674	6657868	8.94e-53	209
NC_003070.9:13980720-13981810	NC_003071.7	85.930	199	21	3	236	434	9091321	9091512	1.16e-51	206
NC_003070.9:13980720-13981810	NC_003071.7	84.500	200	23	4	236	434	1789721	1789529	3.24e-47	191
NC_003070.9:13980720-13981810	NC_003071.7	89.247	93	10	0	1	93	2443220	2443128	5.57e-25	117
NC_003070.9:13980720-13981810	NC_003071.7	86.813	91	11	1	3	93	1322856	1322767	5.61e-20	100
NC_003070.9:13980720-13981810	NC_003071.7	85.714	91	12	1	3	93	9029807	9029896	2.61e-18	95.3
NC_003070.9:13980720-13981810	NC_003071.7	86.905	84	10	1	3	86	6411149	6411231	9.39e-18	93.5
NC_003070.9:13980720-13981810	NC_003071.7	86.047	86	11	1	2	87	3198503	3198419	3.38e-17	91.6
NC_003070.9:13980720-13981810	NC_003071.7	86.207	87	9	3	3	88	7439723	7439639	3.38e-17	91.6
NC_003070.9:13980720-13981810	NC_003071.7	86.047	86	11	1	3	88	8046269	8046185	3.38e-17	91.6
NC_003070.9:13980720-13981810	NC_003071.7	88.158	76	8	1	2	77	1303114	1303040	1.22e-16	89.8
NC_003070.9:13980720-13981810	NC_003071.7	86.047	86	9	3	2	86	1618254	1618171	1.22e-16	89.8
NC_003070.9:13980720-13981810	NC_003071.7	84.783	92	11	3	2	92	5037750	5037839	1.22e-16	89.8
NC_003070.9:13980720-13981810	NC_003071.7	84.444	90	13	1	3	92	2262405	2262317	4.37e-16	87.9
NC_003070.9:13980720-13981810	NC_003071.7	90.625	64	5	1	3	66	6901191	6901253	5.65e-15	84.2
NC_003070.9:13980720-13981810	NC_003071.7	84.706	85	12	1	9	93	7177587	7177504	5.65e-15	84.2
NC_003070.9:13980720-13981810	NC_003071.7	83.333	90	14	1	3	92	5010652	5010564	2.03e-14	82.4
NC_003070.9:13980720-13981810	NC_003071.7	86.486	74	9	1	3	76	1955470	1955542	7.31e-14	80.5
NC_003070.9:13980720-13981810	NC_003076.8	88.339	626	48	17	475	1091	9369321	9369930	0.0	728
NC_003070.9:13980720-13981810	NC_003076.8	77.749	782	74	46	341	1091	13815157	13815869	1.07e-106	388
NC_003070.9:13980720-13981810	NC_003076.8	86.297	343	33	9	749	1091	9770410	9770082	2.33e-98	361
NC_003070.9:13980720-13981810	NC_003076.8	86.022	279	26	6	811	1088	21016103	21015837	4.01e-76	287
NC_003070.9:13980720-13981810	NC_003076.8	85.641	195	21	4	235	429	9369128	9369315	1.94e-49	198
NC_003070.9:13980720-13981810	NC_003076.8	89.286	84	8	1	3	86	10873661	10873743	4.34e-21	104
NC_003070.9:13980720-13981810	NC_003076.8	93.750	64	4	0	3	66	8280718	8280781	7.26e-19	97.1
NC_003070.9:13980720-13981810	NC_003076.8	85.714	91	12	1	3	93	15536012	15535923	2.61e-18	95.3
NC_003070.9:13980720-13981810	NC_003076.8	86.364	88	11	1	5	92	15882295	15882381	2.61e-18	95.3
NC_003070.9:13980720-13981810	NC_003076.8	86.047	86	10	2	3	88	9979173	9979090	3.38e-17	91.6
NC_003070.9:13980720-13981810	NC_003076.8	84.615	91	13	1	3	93	15162255	15162344	1.22e-16	89.8
NC_003070.9:13980720-13981810	NC_003076.8	88.889	72	7	1	3	74	7488977	7488907	4.37e-16	87.9
NC_003070.9:13980720-13981810	NC_003076.8	87.013	77	9	1	3	79	9763120	9763045	1.57e-15	86.1
NC_003070.9:13980720-13981810	NC_003076.8	87.179	78	7	3	2	78	15779043	15779118	1.57e-15	86.1
NC_003070.9:13980720-13981810	NC_003076.8	83.696	92	14	1	2	93	22020972	22021062	1.57e-15	86.1
NC_003070.9:13980720-13981810	NC_003076.8	84.444	90	9	1	3	92	9770643	9770559	5.65e-15	84.2
NC_003070.9:13980720-13981810	NC_003076.8	97.674	43	1	0	3	45	13733030	13733072	3.40e-12	75.0
NC_003070.9:13980720-13981810	NC_003076.8	84.848	66	10	0	3	68	21016569	21016504	5.69e-10	67.6
NC_003070.9:13980720-13981810	NC_003075.7	83.478	805	71	32	288	1090	1658835	1659579	0.0	693
NC_003070.9:13980720-13981810	NC_003075.7	86.667	90	11	1	3	92	13537670	13537582	2.02e-19	99.0
NC_003070.9:13980720-13981810	NC_003075.7	86.585	82	11	0	3	84	4293587	4293668	3.38e-17	91.6
NC_003070.9:13980720-13981810	NC_003075.7	84.615	91	14	0	3	93	8899077	8899167	3.38e-17	91.6
NC_003070.9:13980720-13981810	NC_003075.7	88.000	75	8	1	3	77	3897172	3897245	4.37e-16	87.9
NC_003070.9:13980720-13981810	NC_003075.7	83.721	86	12	2	3	88	6638805	6638888	7.31e-14	80.5
NC_003070.9:13980720-13981810	NC_003075.7	82.418	91	15	1	3	93	1199585	1199496	2.63e-13	78.7
NC_003070.9:13980720-13981810	NC_003075.7	89.062	64	6	1	3	66	7384282	7384220	2.63e-13	78.7
NC_003070.9:13980720-13981810	NC_003075.7	87.500	64	8	0	3	66	5431587	5431524	3.40e-12	75.0
NC_003070.9:13980720-13981810	NC_003075.7	81.111	90	16	1	3	92	12365606	12365518	4.40e-11	71.3
NC_003070.9:13940027-13940762	NC_003070.9	100.000	736	0	0	1	736	13940762	13940027	0.0	1360
NC_003070.9:13940027-13940762	NC_003070.9	84.435	681	97	9	1	676	15962390	15961714	0.0	662
NC_003070.9:13940027-13940762	NC_003070.9	83.748	683	72	19	1	675	13580734	13581385	1.40e-173	610
NC_003070.9:13940027-13940762	NC_003070.9	88.804	393	40	4	1	390	13631988	13632379	4.12e-134	479
NC_003070.9:13940027-13940762	NC_003070.9	80.567	247	42	5	433	676	13632389	13632632	1.01e-45	185
NC_003070.9:13940027-13940762	NC_003074.8	86.029	680	87	8	1	675	13198897	13198221	0.0	723
NC_003070.9:13940027-13940762	NC_003074.8	83.288	742	90	24	1	736	14745637	14746350	0.0	652
NC_003070.9:13940027-13940762	NC_003074.8	88.060	536	55	8	1	529	15100748	15100215	1.39e-178	627
NC_003070.9:13940027-13940762	NC_003074.8	83.626	684	88	14	1	676	12471206	12471873	6.47e-177	621
NC_003070.9:13940027-13940762	NC_003074.8	97.368	114	3	0	1	114	11944915	11945028	1.67e-48	195
NC_003070.9:13940027-13940762	NC_003074.8	90.370	135	13	0	1	135	15677418	15677284	1.68e-43	178
NC_003070.9:13940027-13940762	NC_003076.8	89.161	572	53	7	1	568	10819361	10818795	0.0	704
NC_003070.9:13940027-13940762	NC_003076.8	83.212	685	93	13	1	677	6350699	6351369	5.03e-173	608
NC_003070.9:13940027-13940762	NC_003076.8	84.191	544	78	8	137	676	10817308	10816769	6.75e-147	521
NC_003070.9:13940027-13940762	NC_003076.8	96.809	94	3	0	1	94	10817400	10817307	2.19e-37	158
NC_003070.9:13940027-13940762	NC_003071.7	84.118	680	89	12	1	676	5345483	5346147	0.0	640
NC_003075.7:683211-684358	NC_003075.7	100.000	1148	0	0	1	1148	683211	684358	0.0	2121
NC_003075.7:683211-684358	NC_003075.7	94.810	790	39	2	360	1148	11193063	11192275	0.0	1230
NC_003075.7:683211-684358	NC_003075.7	94.564	791	41	2	360	1148	8064914	8065704	0.0	1221
NC_003075.7:683211-684358	NC_003075.7	94.451	793	38	5	360	1148	11362155	11362945	0.0	1216
NC_003075.7:683211-684358	NC_003075.7	94.444	792	38	5	360	1148	1350868	1351656	0.0	1214
NC_003075.7:683211-684358	NC_003075.7	94.304	790	41	4	362	1148	5540105	5539317	0.0	1206
NC_003075.7:683211-684358	NC_003075.7	94.058	791	45	2	360	1148	16864053	16863263	0.0	1199
NC_003075.7:683211-684358	NC_003075.7	94.058	791	41	6	360	1148	8729187	8728401	0.0	1195
NC_003075.7:683211-684358	NC_003075.7	93.947	793	41	6	360	1148	371577	370788	0.0	1192
NC_003075.7:683211-684358	NC_003075.7	93.774	771	45	3	381	1148	10396119	10395349	0.0	1155
NC_003075.7:683211-684358	NC_003075.7	92.649	789	49	8	360	1146	1000703	999922	0.0	1127
NC_003075.7:683211-684358	NC_003075.7	92.172	792	58	4	360	1148	6165956	6165166	0.0	1116
NC_003075.7:683211-684358	NC_003075.7	92.308	793	45	9	360	1148	4147402	4148182	0.0	1112
NC_003075.7:683211-684358	NC_003075.7	94.509	601	30	3	360	960	965003	964406	0.0	924
NC_003075.7:683211-684358	NC_003075.7	91.353	532	31	11	622	1148	14390783	14390262	0.0	713
NC_003075.7:683211-684358	NC_003075.7	94.461	343	17	2	6	347	11193567	11193226	2.29e-148	527
NC_003075.7:683211-684358	NC_003075.7	93.660	347	18	4	3	347	965799	965455	4.96e-145	516
NC_003075.7:683211-684358	NC_003075.7	93.275	342	23	0	3	344	6166464	6166123	1.07e-141	505
NC_003075.7:683211-684358	NC_003075.7	92.754	345	25	0	3	347	372086	371742	4.99e-140	499
NC_003075.7:683211-684358	NC_003075.7	90.374	374	21	8	749	1119	7853284	7852923	2.34e-133	477
NC_003075.7:683211-684358	NC_003075.7	76.444	675	101	37	467	1127	7572217	7572847	6.98e-84	313
NC_003075.7:683211-684358	NC_003075.7	95.745	188	7	1	161	347	10396429	10396242	1.51e-80	302
NC_003075.7:683211-684358	NC_003075.7	94.652	187	9	1	161	347	1001051	1000866	1.18e-76	289
NC_003075.7:683211-684358	NC_003075.7	94.149	188	10	1	161	347	8064563	8064750	1.52e-75	285
NC_003075.7:683211-684358	NC_003075.7	89.474	228	19	5	925	1148	8802511	8802737	5.47e-75	283
NC_003075.7:683211-684358	NC_003075.7	77.756	508	80	26	566	1064	7593705	7593222	1.97e-74	281
NC_003075.7:683211-684358	NC_003075.7	91.935	186	6	2	161	345	5540448	5540271	1.54e-65	252
NC_003075.7:683211-684358	NC_003075.7	89.055	201	12	3	149	347	11361800	11361992	3.34e-62	241
NC_003075.7:683211-684358	NC_003075.7	89.840	187	11	1	161	347	8729528	8729350	5.59e-60	233
NC_003075.7:683211-684358	NC_003075.7	88.830	188	12	2	161	347	1350526	1350705	1.21e-56	222
NC_003075.7:683211-684358	NC_003075.7	75.699	465	83	20	658	1115	2262877	2262436	1.22e-51	206
NC_003075.7:683211-684358	NC_003075.7	88.043	184	8	2	161	344	4147065	4147234	1.22e-51	206
NC_003075.7:683211-684358	NC_003075.7	77.586	290	51	14	866	1148	12335548	12335830	7.44e-39	163
NC_003075.7:683211-684358	NC_003075.7	86.154	130	14	4	1023	1148	15441780	15441651	4.51e-31	137
NC_003075.7:683211-684358	NC_003075.7	93.902	82	5	0	3	84	5541389	5541308	3.51e-27	124
NC_003075.7:683211-684358	NC_003075.7	90.526	95	7	1	550	642	8802411	8802505	3.51e-27	124
NC_003075.7:683211-684358	NC_003075.7	93.902	82	3	2	3	83	4146126	4146206	1.26e-26	122
NC_003075.7:683211-684358	NC_003075.7	92.771	83	6	0	1	83	11360868	11360950	4.54e-26	121
NC_003075.7:683211-684358	NC_003075.7	92.593	81	6	0	3	83	7853533	7853453	5.87e-25	117
NC_003075.7:683211-684358	NC_003075.7	92.593	81	6	0	3	83	16865070	16864990	5.87e-25	117
NC_003075.7:683211-684358	NC_003075.7	91.566	83	7	0	1	83	8730455	8730373	2.11e-24	115
NC_003075.7:683211-684358	NC_003075.7	83.465	127	15	6	1023	1148	963984	963863	7.60e-24	113
NC_003075.7:683211-684358	NC_003075.7	91.358	81	7	0	3	83	1349585	1349665	2.73e-23	111
NC_003075.7:683211-684358	NC_003075.7	90.361	83	8	0	1	83	10397387	10397305	9.83e-23	110
NC_003075.7:683211-684358	NC_003075.7	88.889	81	9	0	3	83	9438785	9438865	5.91e-20	100
NC_003075.7:683211-684358	NC_003071.7	97.382	1146	29	1	3	1148	7111784	7112928	0.0	1949
NC_003075.7:683211-684358	NC_003071.7	90.674	1158	88	15	1	1148	6101379	6100232	0.0	1522
NC_003075.7:683211-684358	NC_003071.7	94.697	792	38	4	360	1148	501270	502060	0.0	1227
NC_003075.7:683211-684358	NC_003071.7	94.416	788	40	4	362	1148	6663337	6664121	0.0	1208
NC_003075.7:683211-684358	NC_003071.7	94.304	790	39	5	362	1148	13336610	13335824	0.0	1205
NC_003075.7:683211-684358	NC_003071.7	94.192	792	41	4	360	1148	12802305	12803094	0.0	1203
NC_003075.7:683211-684358	NC_003071.7	93.797	790	44	5	360	1146	13907456	13906669	0.0	1182
NC_003075.7:683211-684358	NC_003071.7	93.300	791	49	4	360	1148	7169018	7168230	0.0	1164
NC_003075.7:683211-684358	NC_003071.7	93.250	800	36	12	360	1148	7960770	7961562	0.0	1162
NC_003075.7:683211-684358	NC_003071.7	93.814	776	41	6	362	1135	6803611	6804381	0.0	1160
NC_003075.7:683211-684358	NC_003071.7	93.308	792	43	9	362	1148	7814188	7813402	0.0	1160
NC_003075.7:683211-684358	NC_003071.7	93.182	792	48	6	360	1148	395373	394585	0.0	1158
NC_003075.7:683211-684358	NC_003071.7	92.668	791	56	2	360	1148	17253948	17253158	0.0	1138
NC_003075.7:683211-684358	NC_003071.7	92.551	792	49	8	360	1148	13268221	13269005	0.0	1127
NC_003075.7:683211-684358	NC_003071.7	92.677	792	41	6	360	1148	6924068	6923291	0.0	1125
NC_003075.7:683211-684358	NC_003071.7	92.551	792	42	5	360	1148	543388	544165	0.0	1120
NC_003075.7:683211-684358	NC_003071.7	93.404	758	44	5	360	1114	12093156	12092402	0.0	1118
NC_003075.7:683211-684358	NC_003071.7	96.279	645	23	1	3	647	4024201	4024844	0.0	1057
NC_003075.7:683211-684358	NC_003071.7	91.963	759	45	11	360	1116	14334864	14335608	0.0	1050
NC_003075.7:683211-684358	NC_003071.7	92.720	728	43	9	425	1148	3213046	3212325	0.0	1042
NC_003075.7:683211-684358	NC_003071.7	94.554	661	33	3	3	662	980617	979959	0.0	1018
NC_003075.7:683211-684358	NC_003071.7	93.047	676	39	7	475	1146	709400	710071	0.0	981
NC_003075.7:683211-684358	NC_003071.7	94.286	595	33	1	360	954	11285855	11285262	0.0	909
NC_003075.7:683211-684358	NC_003071.7	94.143	461	22	5	550	1007	3564666	3565124	0.0	697
NC_003075.7:683211-684358	NC_003071.7	92.174	345	26	1	3	347	7169524	7169181	3.89e-136	486
NC_003075.7:683211-684358	NC_003071.7	93.009	329	23	0	19	347	7959807	7960135	1.81e-134	481
NC_003075.7:683211-684358	NC_003071.7	91.379	348	22	3	1	347	7814693	7814353	3.91e-131	470
NC_003075.7:683211-684358	NC_003071.7	94.677	263	14	0	3	265	3213354	3213092	8.65e-113	409
NC_003075.7:683211-684358	NC_003071.7	93.704	270	16	1	3	272	3564382	3564650	4.03e-111	403
NC_003075.7:683211-684358	NC_003071.7	91.786	280	21	2	871	1148	2962573	2962294	1.13e-106	388
NC_003075.7:683211-684358	NC_003071.7	93.487	261	15	2	866	1124	3565124	3565384	4.05e-106	387
NC_003075.7:683211-684358	NC_003071.7	93.617	235	15	0	3	237	2962805	2962571	1.48e-95	351
NC_003075.7:683211-684358	NC_003071.7	95.745	188	7	1	161	347	6924418	6924231	1.51e-80	302
NC_003075.7:683211-684358	NC_003071.7	95.213	188	8	1	161	347	13267871	13268058	7.03e-79	296
NC_003075.7:683211-684358	NC_003071.7	94.595	185	9	1	161	344	12801954	12802138	1.52e-75	285
NC_003075.7:683211-684358	NC_003071.7	90.000	200	10	3	149	347	395726	395536	5.55e-65	250
NC_003075.7:683211-684358	NC_003071.7	91.444	187	8	1	161	347	17254287	17254109	5.55e-65	250
NC_003075.7:683211-684358	NC_003071.7	91.005	189	7	3	161	347	11286196	11286016	7.18e-64	246
NC_003075.7:683211-684358	NC_003071.7	89.268	205	10	5	145	347	13337152	13336958	7.18e-64	246
NC_003075.7:683211-684358	NC_003071.7	90.909	187	9	1	161	347	13907797	13907619	2.58e-63	244
NC_003075.7:683211-684358	NC_003071.7	89.894	188	10	2	158	344	500923	501102	5.59e-60	233
NC_003075.7:683211-684358	NC_003071.7	93.082	159	10	1	991	1148	11285273	11285115	2.01e-59	231
NC_003075.7:683211-684358	NC_003071.7	98.276	116	2	0	227	342	12093439	12093324	4.38e-51	204
NC_003075.7:683211-684358	NC_003071.7	94.400	125	7	0	360	484	708716	708840	9.49e-48	193
NC_003075.7:683211-684358	NC_003071.7	82.203	236	31	10	917	1148	4024762	4024990	9.49e-48	193
NC_003075.7:683211-684358	NC_003071.7	96.591	88	2	1	258	344	6663080	6663167	2.69e-33	145
NC_003075.7:683211-684358	NC_003071.7	86.923	130	13	4	1023	1148	19623517	19623646	9.69e-33	143
NC_003075.7:683211-684358	NC_003071.7	93.617	94	6	0	360	453	13336796	13336703	3.48e-32	141
NC_003075.7:683211-684358	NC_003071.7	85.821	134	11	7	1023	1148	15134639	15134772	1.62e-30	135
NC_003075.7:683211-684358	NC_003071.7	85.385	130	14	5	1023	1148	1038177	1038049	7.54e-29	130
NC_003075.7:683211-684358	NC_003071.7	85.385	130	14	4	1023	1148	13102232	13102360	7.54e-29	130
NC_003075.7:683211-684358	NC_003071.7	94.048	84	5	0	168	251	7153788	7153705	2.71e-28	128
NC_003075.7:683211-684358	NC_003071.7	84.615	130	16	4	1023	1148	6206724	6206595	9.76e-28	126
NC_003075.7:683211-684358	NC_003071.7	84.375	128	15	5	1026	1148	2139258	2139385	4.54e-26	121
NC_003075.7:683211-684358	NC_003071.7	92.771	83	6	0	1	83	11287163	11287081	4.54e-26	121
NC_003075.7:683211-684358	NC_003071.7	92.593	81	6	0	3	83	13908721	13908641	5.87e-25	117
NC_003075.7:683211-684358	NC_003071.7	91.566	83	7	0	1	83	17255235	17255153	2.11e-24	115
NC_003075.7:683211-684358	NC_003071.7	91.463	82	7	0	2	83	7154737	7154656	7.60e-24	113
NC_003075.7:683211-684358	NC_003071.7	82.308	130	17	5	1023	1148	7340815	7340942	3.53e-22	108
NC_003075.7:683211-684358	NC_003071.7	90.123	81	8	0	3	83	499985	500065	1.27e-21	106
NC_003075.7:683211-684358	NC_003071.7	81.890	127	17	6	1023	1148	8907875	8907996	1.64e-20	102
NC_003075.7:683211-684358	NC_003071.7	95.082	61	3	0	149	209	6101274	6101214	7.65e-19	97.1
NC_003075.7:683211-684358	NC_003071.7	85.882	85	9	3	1065	1148	9585273	9585355	4.60e-16	87.9
NC_003075.7:683211-684358	NC_003071.7	87.500	48	6	0	1101	1148	7177637	7177590	1.30e-06	56.5
NC_003075.7:683211-684358	NC_003074.8	96.546	1129	34	5	23	1148	3965021	3966147	0.0	1864
NC_003075.7:683211-684358	NC_003074.8	94.961	1151	50	8	2	1148	18412153	18413299	0.0	1797
NC_003075.7:683211-684358	NC_003074.8	94.957	1150	51	7	3	1148	18018781	18019927	0.0	1796
NC_003075.7:683211-684358	NC_003074.8	94.705	1152	52	8	3	1148	13327434	13328582	0.0	1781
NC_003075.7:683211-684358	NC_003074.8	94.437	791	40	4	360	1148	17276531	17275743	0.0	1214
NC_003075.7:683211-684358	NC_003074.8	94.185	791	37	5	360	1148	9767140	9766357	0.0	1197
NC_003075.7:683211-684358	NC_003074.8	94.043	789	39	4	360	1146	17730448	17731230	0.0	1190
NC_003075.7:683211-684358	NC_003074.8	93.813	792	43	6	360	1148	15452243	15451455	0.0	1186
NC_003075.7:683211-684358	NC_003074.8	93.182	792	43	7	360	1148	20787664	20788447	0.0	1153
NC_003075.7:683211-684358	NC_003074.8	92.929	792	47	6	360	1148	17777280	17778065	0.0	1144
NC_003075.7:683211-684358	NC_003074.8	92.920	791	41	4	360	1148	16451803	16452580	0.0	1136
NC_003075.7:683211-684358	NC_003074.8	92.432	806	39	14	360	1148	17143247	17142447	0.0	1131
NC_003075.7:683211-684358	NC_003074.8	92.551	792	48	7	360	1148	22119874	22120657	0.0	1125
NC_003075.7:683211-684358	NC_003074.8	94.078	743	39	4	408	1148	10556871	10556132	0.0	1123
NC_003075.7:683211-684358	NC_003074.8	93.203	765	41	11	360	1116	10820135	10819374	0.0	1114
NC_003075.7:683211-684358	NC_003074.8	92.415	791	45	6	360	1148	17062163	17061386	0.0	1114
NC_003075.7:683211-684358	NC_003074.8	91.615	811	39	18	360	1146	16419647	16420452	0.0	1094
NC_003075.7:683211-684358	NC_003074.8	93.145	744	37	6	408	1148	10575083	10574351	0.0	1079
NC_003075.7:683211-684358	NC_003074.8	91.217	797	61	7	360	1148	15938576	15939371	0.0	1075
NC_003075.7:683211-684358	NC_003074.8	92.021	777	42	7	360	1119	11537098	11537871	0.0	1074
NC_003075.7:683211-684358	NC_003074.8	91.425	793	39	15	360	1148	16562820	16563587	0.0	1061
NC_003075.7:683211-684358	NC_003074.8	91.948	770	41	5	381	1148	15485279	15484529	0.0	1059
NC_003075.7:683211-684358	NC_003074.8	95.448	659	29	1	4	662	17299939	17299282	0.0	1050
NC_003075.7:683211-684358	NC_003074.8	91.035	792	43	5	360	1148	7995595	7994829	0.0	1044
NC_003075.7:683211-684358	NC_003074.8	94.118	646	31	7	505	1148	5744483	5743843	0.0	976
NC_003075.7:683211-684358	NC_003074.8	93.528	618	31	7	534	1148	9384377	9383766	0.0	911
NC_003075.7:683211-684358	NC_003074.8	92.335	561	28	4	360	920	11503252	11502707	0.0	784
NC_003075.7:683211-684358	NC_003074.8	89.043	648	25	15	1	647	1571378	1571980	0.0	761
NC_003075.7:683211-684358	NC_003074.8	95.343	408	18	1	360	767	10320897	10321303	0.0	647
NC_003075.7:683211-684358	NC_003074.8	95.322	342	16	0	3	344	11503761	11503420	2.27e-153	544
NC_003075.7:683211-684358	NC_003074.8	94.737	342	17	1	3	344	17729940	17730280	1.77e-149	531
NC_003075.7:683211-684358	NC_003074.8	94.220	346	18	2	1	344	15485752	15485407	2.29e-148	527
NC_003075.7:683211-684358	NC_003074.8	93.878	343	21	0	2	344	10557347	10557005	1.38e-145	518
NC_003075.7:683211-684358	NC_003074.8	93.860	342	20	1	1	342	16419142	16419482	1.78e-144	514
NC_003075.7:683211-684358	NC_003074.8	93.623	345	18	2	3	347	9767629	9767289	6.41e-144	512
NC_003075.7:683211-684358	NC_003074.8	93.275	342	22	1	2	342	17776768	17777109	3.86e-141	503
NC_003075.7:683211-684358	NC_003074.8	91.014	345	30	1	3	347	11967653	11967996	1.82e-129	464
NC_003075.7:683211-684358	NC_003074.8	93.493	292	18	1	53	344	10575507	10575217	5.13e-120	433
NC_003075.7:683211-684358	NC_003074.8	93.031	287	18	2	864	1148	11968331	11968617	1.44e-115	418
NC_003075.7:683211-684358	NC_003074.8	86.880	343	21	4	2	344	10320411	10320729	6.83e-99	363
NC_003075.7:683211-684358	NC_003074.8	94.783	230	10	2	885	1112	11200951	11201180	3.18e-97	357
NC_003075.7:683211-684358	NC_003074.8	95.745	188	7	1	161	347	15938226	15938413	1.51e-80	302
NC_003075.7:683211-684358	NC_003074.8	95.652	184	8	0	161	344	10820486	10820303	7.03e-79	296
NC_003075.7:683211-684358	NC_003074.8	88.095	252	18	3	909	1148	8757570	8757821	1.18e-76	289
NC_003075.7:683211-684358	NC_003074.8	95.977	174	7	0	360	533	11968159	11968332	5.47e-75	283
NC_003075.7:683211-684358	NC_003074.8	94.972	179	8	1	166	344	17300333	17300156	7.08e-74	279
NC_003075.7:683211-684358	NC_003074.8	91.837	196	8	1	149	344	9384863	9384676	5.51e-70	267
NC_003075.7:683211-684358	NC_003074.8	93.605	172	11	0	360	531	5744658	5744487	3.32e-67	257
NC_003075.7:683211-684358	NC_003074.8	92.391	184	6	1	161	344	16562477	16562652	1.19e-66	255
NC_003075.7:683211-684358	NC_003074.8	90.000	200	11	2	149	347	17276885	17276694	5.55e-65	250
NC_003075.7:683211-684358	NC_003074.8	91.209	182	8	1	161	342	11536758	11536931	3.34e-62	241
NC_003075.7:683211-684358	NC_003074.8	90.110	182	10	1	161	342	5744998	5744825	7.23e-59	230
NC_003075.7:683211-684358	NC_003074.8	90.110	182	10	1	161	342	15452557	15452384	7.23e-59	230
NC_003075.7:683211-684358	NC_003074.8	89.305	187	12	1	161	347	20787323	20787501	2.60e-58	228
NC_003075.7:683211-684358	NC_003074.8	87.755	196	15	2	149	344	22119520	22119706	4.35e-56	220
NC_003075.7:683211-684358	NC_003074.8	83.621	232	29	8	920	1148	1571901	1572126	9.42e-53	209
NC_003075.7:683211-684358	NC_003074.8	82.833	233	30	9	920	1148	17299376	17299150	5.67e-50	200
NC_003075.7:683211-684358	NC_003074.8	87.166	187	8	3	161	347	17143580	17143410	2.04e-49	198
NC_003075.7:683211-684358	NC_003074.8	92.913	127	9	0	360	486	9384508	9384382	1.59e-45	185
NC_003075.7:683211-684358	NC_003074.8	94.068	118	4	2	1033	1148	10321325	10321441	9.55e-43	176
NC_003075.7:683211-684358	NC_003074.8	87.692	130	12	4	1023	1148	11132616	11132745	2.08e-34	148
NC_003075.7:683211-684358	NC_003074.8	86.719	128	13	4	1025	1148	8645212	8645339	1.25e-31	139
NC_003075.7:683211-684358	NC_003074.8	84.615	130	16	4	1023	1148	6729054	6728925	9.76e-28	126
NC_003075.7:683211-684358	NC_003074.8	92.593	81	6	0	3	83	11535844	11535924	5.87e-25	117
NC_003075.7:683211-684358	NC_003074.8	92.683	82	4	2	3	83	16450786	16450866	5.87e-25	117
NC_003075.7:683211-684358	NC_003074.8	92.593	81	6	0	3	83	16561654	16561734	5.87e-25	117
NC_003075.7:683211-684358	NC_003074.8	92.593	81	6	0	3	83	17144490	17144410	5.87e-25	117
NC_003075.7:683211-684358	NC_003074.8	91.566	83	7	0	1	83	17277816	17277734	2.11e-24	115
NC_003075.7:683211-684358	NC_003074.8	91.566	83	7	0	1	83	17301280	17301198	2.11e-24	115
NC_003075.7:683211-684358	NC_003074.8	91.566	83	6	1	3	85	3716342	3716423	7.60e-24	113
NC_003075.7:683211-684358	NC_003074.8	82.540	126	17	5	1023	1148	10681512	10681392	1.27e-21	106
NC_003075.7:683211-684358	NC_003074.8	89.412	85	6	3	2	85	9386347	9386265	4.57e-21	104
NC_003075.7:683211-684358	NC_003070.9	94.823	1101	50	6	50	1148	23876173	23877268	0.0	1711
NC_003075.7:683211-684358	NC_003070.9	91.026	1014	66	12	150	1148	19063589	19064592	0.0	1345
NC_003075.7:683211-684358	NC_003070.9	95.076	792	34	5	360	1148	19768779	19767990	0.0	1242
NC_003075.7:683211-684358	NC_003070.9	94.437	791	41	3	360	1148	15940389	15941178	0.0	1214
NC_003075.7:683211-684358	NC_003070.9	94.311	791	41	4	360	1148	22451217	22452005	0.0	1208
NC_003075.7:683211-684358	NC_003070.9	94.081	794	41	4	360	1148	7036498	7037290	0.0	1201
NC_003075.7:683211-684358	NC_003070.9	94.058	791	42	4	360	1148	11700940	11701727	0.0	1195
NC_003075.7:683211-684358	NC_003070.9	93.679	791	48	2	360	1148	4786465	4787255	0.0	1182
NC_003075.7:683211-684358	NC_003070.9	93.805	791	42	6	360	1148	13060111	13060896	0.0	1182
NC_003075.7:683211-684358	NC_003070.9	94.423	771	38	5	360	1126	8116052	8116821	0.0	1181
NC_003075.7:683211-684358	NC_003070.9	93.671	790	42	6	360	1148	3414058	3414840	0.0	1175
NC_003075.7:683211-684358	NC_003070.9	93.561	792	44	7	360	1148	19994468	19993681	0.0	1173
NC_003075.7:683211-684358	NC_003070.9	93.443	793	45	7	360	1148	18792075	18792864	0.0	1170
NC_003075.7:683211-684358	NC_003070.9	92.929	792	52	4	360	1148	16905074	16905864	0.0	1149
NC_003075.7:683211-684358	NC_003070.9	92.929	792	40	4	360	1148	19465868	19465090	0.0	1138
NC_003075.7:683211-684358	NC_003070.9	92.803	792	37	7	360	1148	13016625	13015851	0.0	1129
NC_003075.7:683211-684358	NC_003070.9	93.256	771	44	8	380	1148	19328001	19327237	0.0	1129
NC_003075.7:683211-684358	NC_003070.9	92.668	791	44	8	360	1148	28161544	28162322	0.0	1127
NC_003075.7:683211-684358	NC_003070.9	92.560	793	40	8	360	1148	26170172	26169395	0.0	1120
NC_003075.7:683211-684358	NC_003070.9	92.462	796	38	8	360	1148	16326523	16327303	0.0	1118
NC_003075.7:683211-684358	NC_003070.9	92.298	792	45	4	360	1148	12365214	12365992	0.0	1110
NC_003075.7:683211-684358	NC_003070.9	92.288	791	45	4	360	1148	16825594	16826370	0.0	1109
NC_003075.7:683211-684358	NC_003070.9	92.035	791	45	6	360	1148	12563003	12562229	0.0	1096
NC_003075.7:683211-684358	NC_003070.9	91.899	790	47	5	362	1148	23214744	23215519	0.0	1088
NC_003075.7:683211-684358	NC_003070.9	91.656	791	47	4	360	1148	9817501	9818274	0.0	1077
NC_003075.7:683211-684358	NC_003070.9	95.606	660	26	3	4	662	22992721	22992064	0.0	1055
NC_003075.7:683211-684358	NC_003070.9	91.162	792	46	8	360	1146	9866118	9865346	0.0	1053
NC_003075.7:683211-684358	NC_003070.9	91.047	793	48	7	360	1148	17901169	17901942	0.0	1050
NC_003075.7:683211-684358	NC_003070.9	95.303	660	28	3	4	662	30251767	30251110	0.0	1044
NC_003075.7:683211-684358	NC_003070.9	95.497	644	26	3	4	647	12328714	12328074	0.0	1026
NC_003075.7:683211-684358	NC_003070.9	95.201	646	28	3	6	650	22621378	22620735	0.0	1018
NC_003075.7:683211-684358	NC_003070.9	92.558	645	35	5	514	1148	14309405	14308764	0.0	913
NC_003075.7:683211-684358	NC_003070.9	95.105	572	25	3	360	930	30254220	30253651	0.0	898
NC_003075.7:683211-684358	NC_003070.9	93.656	599	24	9	553	1148	499960	499373	0.0	883
NC_003075.7:683211-684358	NC_003070.9	93.346	541	29	7	612	1148	8489951	8489414	0.0	793
NC_003075.7:683211-684358	NC_003070.9	92.435	542	34	7	612	1148	25963004	25962465	0.0	767
NC_003075.7:683211-684358	NC_003070.9	91.392	546	28	9	360	890	11736125	11735584	0.0	730
NC_003075.7:683211-684358	NC_003070.9	92.000	525	26	7	626	1148	18790338	18790848	0.0	723
NC_003075.7:683211-684358	NC_003070.9	96.333	409	14	1	360	767	16998037	16997629	0.0	671
NC_003075.7:683211-684358	NC_003070.9	94.878	410	19	1	360	767	12876423	12876014	0.0	640
NC_003075.7:683211-684358	NC_003070.9	94.030	402	20	4	749	1148	23554190	23553791	2.86e-172	606
NC_003075.7:683211-684358	NC_003070.9	93.314	344	20	3	3	344	28161034	28161376	1.07e-141	505
NC_003075.7:683211-684358	NC_003070.9	92.754	345	23	1	3	347	12876928	12876586	1.80e-139	497
NC_003075.7:683211-684358	NC_003070.9	92.690	342	25	0	1	342	3413551	3413892	2.32e-138	494
NC_003075.7:683211-684358	NC_003070.9	90.602	266	20	4	2	266	19769834	19769573	1.91e-94	348
NC_003075.7:683211-684358	NC_003070.9	92.275	233	14	4	1	233	18790101	18790329	2.49e-88	327
NC_003075.7:683211-684358	NC_003070.9	96.373	193	7	0	150	342	16998396	16998204	1.50e-85	318
NC_003075.7:683211-684358	NC_003070.9	96.809	188	5	1	161	347	9817151	9817338	6.98e-84	313
NC_003075.7:683211-684358	NC_003070.9	95.745	188	7	1	161	347	26170521	26170334	1.51e-80	302
NC_003075.7:683211-684358	NC_003070.9	95.213	188	8	1	161	347	9866468	9866281	7.03e-79	296
NC_003075.7:683211-684358	NC_003070.9	94.681	188	9	1	161	347	17900819	17901006	3.27e-77	291
NC_003075.7:683211-684358	NC_003070.9	94.149	188	9	2	161	347	13059763	13059949	1.52e-75	285
NC_003075.7:683211-684358	NC_003070.9	95.055	182	8	1	161	342	30254567	30254387	1.52e-75	285
NC_003075.7:683211-684358	NC_003070.9	94.475	181	8	2	168	347	30252159	30251980	2.55e-73	278
NC_003075.7:683211-684358	NC_003070.9	93.478	184	12	0	161	344	7036148	7036331	3.29e-72	274
NC_003075.7:683211-684358	NC_003070.9	93.085	188	12	1	161	347	19328311	19328124	3.29e-72	274
NC_003075.7:683211-684358	NC_003070.9	94.318	176	9	1	169	344	12329105	12328931	1.53e-70	268
NC_003075.7:683211-684358	NC_003070.9	93.855	179	10	1	166	344	22621774	22621597	1.53e-70	268
NC_003075.7:683211-684358	NC_003070.9	93.855	179	10	1	166	344	22993115	22992938	1.53e-70	268
NC_003075.7:683211-684358	NC_003070.9	92.391	184	6	1	161	344	16904733	16904908	1.19e-66	255
NC_003075.7:683211-684358	NC_003070.9	90.000	200	11	2	149	347	13016979	13016788	5.55e-65	250
NC_003075.7:683211-684358	NC_003070.9	90.206	194	11	1	149	342	15940039	15940224	7.18e-64	246
NC_003075.7:683211-684358	NC_003070.9	89.500	200	11	3	149	347	22450867	22451057	2.58e-63	244
NC_003075.7:683211-684358	NC_003070.9	90.374	187	10	1	161	347	11736466	11736288	1.20e-61	239
NC_003075.7:683211-684358	NC_003070.9	90.710	183	9	1	161	343	8115710	8115884	4.32e-61	237
NC_003075.7:683211-684358	NC_003070.9	91.160	181	7	2	165	344	11700600	11700772	4.32e-61	237
NC_003075.7:683211-684358	NC_003070.9	89.840	187	11	1	161	347	19994809	19994631	5.59e-60	233
NC_003075.7:683211-684358	NC_003070.9	92.593	162	4	1	183	344	18791754	18791907	9.35e-58	226
NC_003075.7:683211-684358	NC_003070.9	92.617	149	9	1	2	150	16998956	16998810	7.28e-54	213
NC_003075.7:683211-684358	NC_003070.9	83.691	233	29	8	920	1148	22992159	22991932	2.62e-53	211
NC_003075.7:683211-684358	NC_003070.9	82.700	237	32	9	916	1148	30251209	30250978	1.58e-50	202
NC_003075.7:683211-684358	NC_003070.9	92.754	138	10	0	360	497	500101	499964	5.67e-50	200
NC_003075.7:683211-684358	NC_003070.9	95.200	125	4	2	1026	1148	12328051	12327927	7.33e-49	196
NC_003075.7:683211-684358	NC_003070.9	95.200	125	4	2	1026	1148	22620714	22620590	7.33e-49	196
NC_003075.7:683211-684358	NC_003070.9	85.938	128	15	3	1024	1148	4770242	4770115	5.83e-30	134
NC_003075.7:683211-684358	NC_003070.9	85.496	131	14	5	1023	1148	21739206	21739076	2.10e-29	132
NC_003075.7:683211-684358	NC_003070.9	84.615	130	15	5	1023	1148	10021542	10021414	3.51e-27	124
NC_003075.7:683211-684358	NC_003070.9	92.771	83	6	0	1	83	8114768	8114850	4.54e-26	121
NC_003075.7:683211-684358	NC_003070.9	92.683	82	6	0	2	83	8490195	8490114	1.63e-25	119
NC_003075.7:683211-684358	NC_003070.9	83.721	129	18	3	1023	1148	9918581	9918453	1.63e-25	119
NC_003075.7:683211-684358	NC_003070.9	92.683	82	6	0	2	83	18790926	18791007	1.63e-25	119
NC_003075.7:683211-684358	NC_003070.9	92.683	82	4	2	3	83	4785461	4785541	5.87e-25	117
NC_003075.7:683211-684358	NC_003070.9	92.593	81	6	0	3	83	9867414	9867334	5.87e-25	117
NC_003075.7:683211-684358	NC_003070.9	92.683	82	4	2	3	83	16903800	16903880	5.87e-25	117
NC_003075.7:683211-684358	NC_003070.9	92.593	81	6	0	3	83	19061965	19062045	5.87e-25	117
NC_003075.7:683211-684358	NC_003070.9	92.593	81	6	0	3	83	19995734	19995654	5.87e-25	117
NC_003075.7:683211-684358	NC_003070.9	92.593	81	6	0	3	83	23554439	23554359	5.87e-25	117
NC_003075.7:683211-684358	NC_003070.9	92.593	81	6	0	3	83	30253107	30253027	5.87e-25	117
NC_003075.7:683211-684358	NC_003070.9	91.358	81	7	0	3	83	1977166	1977086	2.73e-23	111
NC_003075.7:683211-684358	NC_003070.9	91.358	81	7	0	3	83	7035191	7035271	2.73e-23	111
NC_003075.7:683211-684358	NC_003070.9	91.358	81	7	0	3	83	13058823	13058903	2.73e-23	111
NC_003075.7:683211-684358	NC_003070.9	91.358	81	7	0	3	83	15939323	15939403	2.73e-23	111
NC_003075.7:683211-684358	NC_003070.9	91.358	81	7	0	3	83	22449931	22450011	2.73e-23	111
NC_003075.7:683211-684358	NC_003070.9	81.102	127	18	6	1023	1148	16858753	16858632	7.65e-19	97.1
NC_003075.7:683211-684358	NC_003070.9	79.389	131	20	7	1023	1148	20166799	20166671	1.66e-15	86.1
NC_003075.7:683211-684358	NC_003070.9	84.906	53	8	0	1096	1148	21103407	21103355	4.67e-06	54.7
NC_003075.7:683211-684358	NC_003076.8	90.504	1011	70	13	153	1148	15605668	15604669	0.0	1312
NC_003075.7:683211-684358	NC_003076.8	95.063	790	37	2	360	1148	15042922	15042134	0.0	1242
NC_003075.7:683211-684358	NC_003076.8	94.207	794	38	8	360	1148	24476081	24475291	0.0	1205
NC_003075.7:683211-684358	NC_003076.8	94.185	791	41	5	360	1148	20681103	20680316	0.0	1201
NC_003075.7:683211-684358	NC_003076.8	94.066	792	42	5	360	1148	1897365	1896576	0.0	1197
NC_003075.7:683211-684358	NC_003076.8	94.051	790	43	4	360	1148	8745411	8744625	0.0	1195
NC_003075.7:683211-684358	NC_003076.8	94.051	790	39	8	362	1148	11027112	11027896	0.0	1192
NC_003075.7:683211-684358	NC_003076.8	93.939	792	43	5	360	1148	16357755	16358544	0.0	1192
NC_003075.7:683211-684358	NC_003076.8	93.813	792	44	5	360	1148	9963736	9962947	0.0	1186
NC_003075.7:683211-684358	NC_003076.8	93.797	790	46	3	360	1148	4314079	4314866	0.0	1184
NC_003075.7:683211-684358	NC_003076.8	93.671	790	43	7	360	1146	24186612	24185827	0.0	1175
NC_003075.7:683211-684358	NC_003076.8	93.552	791	46	5	360	1148	5428743	5427956	0.0	1173
NC_003075.7:683211-684358	NC_003076.8	93.536	789	49	2	362	1148	19741303	19740515	0.0	1173
NC_003075.7:683211-684358	NC_003076.8	93.434	792	47	4	360	1148	17366334	17367123	0.0	1170
NC_003075.7:683211-684358	NC_003076.8	93.300	791	47	6	360	1148	8767017	8767803	0.0	1162
NC_003075.7:683211-684358	NC_003076.8	93.064	793	49	6	360	1148	17777012	17777802	0.0	1155
NC_003075.7:683211-684358	NC_003076.8	92.893	802	42	8	362	1148	22231753	22230952	0.0	1151
NC_003075.7:683211-684358	NC_003076.8	92.947	794	49	7	360	1148	14081554	14080763	0.0	1149
NC_003075.7:683211-684358	NC_003076.8	93.939	759	44	2	360	1116	18855128	18855886	0.0	1146
NC_003075.7:683211-684358	NC_003076.8	93.515	771	47	3	381	1148	4780980	4780210	0.0	1144
NC_003075.7:683211-684358	NC_003076.8	93.553	760	42	5	360	1113	5977544	5976786	0.0	1125
NC_003075.7:683211-684358	NC_003076.8	91.542	804	51	10	360	1148	8354002	8353201	0.0	1092
NC_003075.7:683211-684358	NC_003076.8	95.152	660	28	3	4	662	9591748	9592404	0.0	1038
NC_003075.7:683211-684358	NC_003076.8	95.807	644	25	2	4	647	20280646	20280005	0.0	1038
NC_003075.7:683211-684358	NC_003076.8	93.109	682	45	2	360	1040	14149994	14149314	0.0	998
NC_003075.7:683211-684358	NC_003076.8	89.128	791	45	18	360	1148	21531157	21531908	0.0	946
NC_003075.7:683211-684358	NC_003076.8	94.509	601	29	4	550	1148	25905017	25905615	0.0	924
NC_003075.7:683211-684358	NC_003076.8	94.772	593	27	4	559	1148	7153775	7153184	0.0	920
NC_003075.7:683211-684358	NC_003076.8	93.939	495	28	2	168	662	17617737	17617245	0.0	747
NC_003075.7:683211-684358	NC_003076.8	92.668	491	31	4	660	1148	15576667	15576180	0.0	702
NC_003075.7:683211-684358	NC_003076.8	92.698	493	26	9	660	1148	21776273	21775787	0.0	702
NC_003075.7:683211-684358	NC_003076.8	90.018	551	27	12	360	908	10714928	10715452	0.0	688
NC_003075.7:683211-684358	NC_003076.8	93.365	422	23	5	730	1148	21584595	21584176	3.67e-176	619
NC_003075.7:683211-684358	NC_003076.8	92.099	443	25	6	708	1148	9134290	9134724	4.75e-175	616
NC_003075.7:683211-684358	NC_003076.8	94.045	403	18	6	749	1148	17796537	17796138	2.86e-172	606
NC_003075.7:683211-684358	NC_003076.8	95.322	342	16	0	3	344	5978053	5977712	2.27e-153	544
NC_003075.7:683211-684358	NC_003076.8	94.752	343	16	2	1	342	15043430	15043089	4.92e-150	532
NC_003075.7:683211-684358	NC_003076.8	93.660	347	20	2	2	347	22232265	22231920	1.38e-145	518
NC_003075.7:683211-684358	NC_003076.8	93.623	345	22	0	3	347	24476591	24476247	4.96e-145	516
NC_003075.7:683211-684358	NC_003076.8	93.023	344	24	0	1	344	21777034	21776691	3.86e-141	503
NC_003075.7:683211-684358	NC_003076.8	92.775	346	25	0	2	347	9133952	9134297	1.39e-140	501
NC_003075.7:683211-684358	NC_003076.8	92.733	344	25	0	1	344	15577427	15577084	1.80e-139	497
NC_003075.7:683211-684358	NC_003076.8	92.486	346	25	1	3	347	8354510	8354165	2.32e-138	494
NC_003075.7:683211-684358	NC_003076.8	90.860	372	23	9	786	1148	25264968	25265337	1.08e-136	488
NC_003075.7:683211-684358	NC_003076.8	91.931	347	25	3	2	347	10714423	10714767	5.03e-135	483
NC_003075.7:683211-684358	NC_003076.8	90.747	281	26	0	3	283	25904732	25905012	8.78e-103	375
NC_003075.7:683211-684358	NC_003076.8	95.050	202	10	0	360	561	15576918	15576717	1.50e-85	318
NC_003075.7:683211-684358	NC_003076.8	94.059	202	12	0	360	561	21776524	21776323	3.25e-82	307
NC_003075.7:683211-684358	NC_003076.8	94.709	189	8	2	161	347	17365983	17366171	9.09e-78	292
NC_003075.7:683211-684358	NC_003076.8	95.109	184	9	0	161	344	5429094	5428911	3.27e-77	291
NC_003075.7:683211-684358	NC_003076.8	95.109	184	9	0	161	344	8766666	8766849	3.27e-77	291
NC_003075.7:683211-684358	NC_003076.8	94.681	188	9	1	161	347	14150343	14150156	3.27e-77	291
NC_003075.7:683211-684358	NC_003076.8	94.652	187	10	0	161	347	19741654	19741468	3.27e-77	291
NC_003075.7:683211-684358	NC_003076.8	94.149	188	9	2	161	347	4313474	4313660	1.52e-75	285
NC_003075.7:683211-684358	NC_003076.8	94.149	188	9	2	161	347	8745759	8745573	1.52e-75	285
NC_003075.7:683211-684358	NC_003076.8	93.583	187	12	0	161	347	4781290	4781104	7.08e-74	279
NC_003075.7:683211-684358	NC_003076.8	94.972	179	8	1	166	344	20281040	20280863	7.08e-74	279
NC_003075.7:683211-684358	NC_003076.8	93.617	188	11	1	161	347	20681453	20681266	7.08e-74	279
NC_003075.7:683211-684358	NC_003076.8	93.989	183	9	2	166	347	9591355	9591536	9.16e-73	276
NC_003075.7:683211-684358	NC_003076.8	93.478	184	12	0	161	344	11026281	11026464	3.29e-72	274
NC_003075.7:683211-684358	NC_003076.8	92.228	193	14	1	150	342	24186970	24186779	1.18e-71	272
NC_003075.7:683211-684358	NC_003076.8	92.857	182	5	1	161	342	9558551	9558378	3.32e-67	257
NC_003075.7:683211-684358	NC_003076.8	91.758	182	13	2	969	1148	10715441	10715622	1.54e-65	252
NC_003075.7:683211-684358	NC_003076.8	90.909	187	9	1	161	347	9964077	9963899	2.58e-63	244
NC_003075.7:683211-684358	NC_003076.8	89.286	196	12	4	149	344	17776658	17776844	4.32e-61	237
NC_003075.7:683211-684358	NC_003076.8	89.231	195	12	2	153	347	16357407	16357592	1.55e-60	235
NC_003075.7:683211-684358	NC_003076.8	89.894	188	10	2	161	347	1897707	1897528	5.59e-60	233
NC_003075.7:683211-684358	NC_003076.8	94.215	121	6	1	1029	1148	14143814	14143694	5.71e-45	183
NC_003075.7:683211-684358	NC_003076.8	86.923	130	13	4	1023	1148	17043772	17043901	9.69e-33	143
NC_003075.7:683211-684358	NC_003076.8	86.364	132	12	6	1023	1148	22621309	22621178	1.25e-31	139
NC_003075.7:683211-684358	NC_003076.8	85.385	130	14	5	1023	1148	26787234	26787106	7.54e-29	130
NC_003075.7:683211-684358	NC_003076.8	84.615	130	16	4	1023	1148	14810696	14810825	9.76e-28	126
NC_003075.7:683211-684358	NC_003076.8	84.496	129	16	4	1024	1148	9557787	9557659	3.51e-27	124
NC_003075.7:683211-684358	NC_003076.8	92.771	83	6	0	1	83	9559509	9559427	4.54e-26	121
NC_003075.7:683211-684358	NC_003076.8	92.683	82	6	0	2	83	7154440	7154359	1.63e-25	119
NC_003075.7:683211-684358	NC_003076.8	92.683	82	6	0	2	83	9965018	9964937	1.63e-25	119
NC_003075.7:683211-684358	NC_003076.8	92.683	82	6	0	2	83	15606602	15606521	1.63e-25	119
NC_003075.7:683211-684358	NC_003076.8	92.683	82	6	0	2	83	17796786	17796705	1.63e-25	119
NC_003075.7:683211-684358	NC_003076.8	92.593	81	6	0	3	83	8746701	8746621	5.87e-25	117
NC_003075.7:683211-684358	NC_003076.8	92.593	81	6	0	3	83	9590410	9590490	5.87e-25	117
NC_003075.7:683211-684358	NC_003076.8	92.593	81	6	0	3	83	14082835	14082755	5.87e-25	117
NC_003075.7:683211-684358	NC_003076.8	92.593	81	6	0	3	83	18853952	18854032	5.87e-25	117
NC_003075.7:683211-684358	NC_003076.8	91.566	83	7	0	1	83	11025334	11025416	2.11e-24	115
NC_003075.7:683211-684358	NC_003076.8	83.465	127	15	6	1023	1148	10041933	10041812	7.60e-24	113
NC_003075.7:683211-684358	NC_003076.8	91.463	82	6	1	3	84	17365025	17365105	2.73e-23	111
NC_003075.7:683211-684358	NC_003076.8	91.250	80	7	0	4	83	5430061	5429982	9.83e-23	110
NC_003075.7:683211-684358	NC_003076.8	95.652	69	2	1	280	347	18854899	18854967	9.83e-23	110
NC_003075.7:683211-684358	NC_003076.8	90.244	82	7	1	2	83	5129835	5129755	1.27e-21	106
NC_003075.7:683211-684358	NC_003076.8	90.625	64	6	0	20	83	17775746	17775809	1.66e-15	86.1
NC_003075.7:683211-684358	NC_003076.8	95.652	46	2	0	589	634	15576716	15576671	3.58e-12	75.0
NC_003075.7:683211-684358	NC_003076.8	82.353	85	13	2	1066	1148	15882682	15882766	1.29e-11	73.1
NC_003075.7:1301948-1302901	NC_003075.7	100.000	954	0	0	1	954	1302901	1301948	0.0	1762
NC_003075.7:1301948-1302901	NC_003075.7	88.679	742	53	14	222	954	6912236	6911517	0.0	876
NC_003075.7:1301948-1302901	NC_003075.7	88.503	748	43	20	222	954	1777453	1778172	0.0	865
NC_003075.7:1301948-1302901	NC_003075.7	88.092	739	50	13	222	954	11979427	11978721	0.0	843
NC_003075.7:1301948-1302901	NC_003075.7	84.357	684	40	16	276	922	18250817	18250164	6.58e-173	608
NC_003075.7:1301948-1302901	NC_003075.7	93.384	393	21	2	222	613	16055299	16054911	1.86e-163	577
NC_003075.7:1301948-1302901	NC_003075.7	84.413	494	27	17	438	917	6064534	6064991	2.54e-122	440
NC_003075.7:1301948-1302901	NC_003075.7	89.676	339	19	3	630	954	10871351	10871687	1.19e-115	418
NC_003075.7:1301948-1302901	NC_003075.7	83.896	385	23	17	1	354	7235160	7235536	1.59e-89	331
NC_003075.7:1301948-1302901	NC_003075.7	95.545	202	9	0	222	423	10870960	10871161	2.67e-87	324
NC_003075.7:1301948-1302901	NC_003075.7	85.113	309	24	10	629	922	6756920	6757221	5.82e-79	296
NC_003075.7:1301948-1302901	NC_003075.7	96.111	180	6	1	1	180	6912413	6912235	7.53e-78	292
NC_003075.7:1301948-1302901	NC_003075.7	96.111	180	6	1	1	180	16055476	16055298	7.53e-78	292
NC_003075.7:1301948-1302901	NC_003075.7	94.652	187	8	2	636	822	16054923	16054739	9.74e-77	289
NC_003075.7:1301948-1302901	NC_003075.7	96.023	176	6	1	5	180	11979600	11979426	1.26e-75	285
NC_003075.7:1301948-1302901	NC_003075.7	95.000	180	9	0	1	180	1777275	1777454	4.53e-75	283
NC_003075.7:1301948-1302901	NC_003075.7	95.930	172	6	1	1	172	16055644	16055474	2.11e-73	278
NC_003075.7:1301948-1302901	NC_003075.7	94.475	181	7	2	2	180	10870782	10870961	7.58e-73	276
NC_003075.7:1301948-1302901	NC_003075.7	82.286	350	22	22	200	546	6064220	6064532	4.56e-70	267
NC_003075.7:1301948-1302901	NC_003075.7	88.584	219	19	4	401	619	7235535	7235747	2.12e-68	261
NC_003075.7:1301948-1302901	NC_003075.7	94.643	168	8	1	1	167	6758031	6757864	7.63e-68	259
NC_003075.7:1301948-1302901	NC_003075.7	94.521	146	7	1	35	180	18251479	18251335	2.78e-57	224
NC_003075.7:1301948-1302901	NC_003075.7	89.941	169	15	2	2	170	18251649	18251483	4.66e-55	217
NC_003075.7:1301948-1302901	NC_003075.7	80.769	286	33	12	638	922	5634583	5634319	3.63e-51	204
NC_003075.7:1301948-1302901	NC_003075.7	90.299	134	12	1	822	954	16054646	16054513	2.84e-42	174
NC_003075.7:1301948-1302901	NC_003075.7	80.412	194	25	8	1	189	4801848	4801663	1.34e-30	135
NC_003075.7:1301948-1302901	NC_003075.7	92.857	70	5	0	222	291	7235337	7235406	1.36e-20	102
NC_003075.7:1301948-1302901	NC_003075.7	84.091	88	12	1	3	88	1096866	1096779	4.93e-15	84.2
NC_003075.7:1301948-1302901	NC_003075.7	100.000	31	0	0	150	180	18251226	18251196	2.99e-07	58.4
NC_003075.7:1301948-1302901	NC_003076.8	89.973	748	35	17	222	954	24436433	24435711	0.0	929
NC_003075.7:1301948-1302901	NC_003076.8	87.834	748	52	14	222	954	7834051	7834774	0.0	841
NC_003075.7:1301948-1302901	NC_003076.8	87.466	726	39	22	245	954	5063061	5062372	0.0	789
NC_003075.7:1301948-1302901	NC_003076.8	87.172	686	37	16	284	954	18555814	18556463	0.0	732
NC_003075.7:1301948-1302901	NC_003076.8	85.753	730	40	19	222	922	12091493	12090799	0.0	713
NC_003075.7:1301948-1302901	NC_003076.8	83.447	731	54	19	222	922	7075513	7076206	1.09e-175	617
NC_003075.7:1301948-1302901	NC_003076.8	95.515	379	13	4	222	600	18554483	18554857	3.06e-171	603
NC_003075.7:1301948-1302901	NC_003076.8	94.195	379	15	3	222	600	5063439	5063068	8.63e-162	571
NC_003075.7:1301948-1302901	NC_003076.8	93.077	390	21	2	222	610	19080724	19081108	4.02e-160	566
NC_003075.7:1301948-1302901	NC_003076.8	85.550	436	27	16	533	954	17275556	17275143	2.56e-117	424
NC_003075.7:1301948-1302901	NC_003076.8	96.250	240	9	0	222	461	17275823	17275584	2.01e-108	394
NC_003075.7:1301948-1302901	NC_003076.8	88.288	333	23	3	636	954	19081099	19081429	1.21e-105	385
NC_003075.7:1301948-1302901	NC_003076.8	86.486	333	29	3	636	954	6072880	6072550	1.22e-95	351
NC_003075.7:1301948-1302901	NC_003076.8	97.222	180	4	1	1	180	7833874	7834052	3.48e-81	303
NC_003075.7:1301948-1302901	NC_003076.8	96.196	184	6	1	222	404	6073389	6073572	4.50e-80	300
NC_003075.7:1301948-1302901	NC_003076.8	97.159	176	4	1	5	180	5063612	5063438	5.82e-79	296
NC_003075.7:1301948-1302901	NC_003076.8	96.648	179	5	1	2	180	18554307	18554484	5.82e-79	296
NC_003075.7:1301948-1302901	NC_003076.8	96.111	180	6	1	1	180	6073212	6073390	7.53e-78	292
NC_003075.7:1301948-1302901	NC_003076.8	96.111	180	6	1	1	180	17276000	17275822	7.53e-78	292
NC_003075.7:1301948-1302901	NC_003076.8	94.972	179	8	1	2	180	19080548	19080725	5.86e-74	279
NC_003075.7:1301948-1302901	NC_003076.8	94.944	178	8	1	1	178	6073038	6073214	2.11e-73	278
NC_003075.7:1301948-1302901	NC_003076.8	83.758	314	28	10	627	919	22491600	22491911	7.58e-73	276
NC_003075.7:1301948-1302901	NC_003076.8	93.889	180	9	1	1	180	24436609	24436432	3.53e-71	270
NC_003075.7:1301948-1302901	NC_003076.8	92.021	188	13	2	7	192	10270527	10270340	5.90e-69	263
NC_003075.7:1301948-1302901	NC_003076.8	91.667	180	14	1	1	180	7075336	7075514	1.65e-64	248
NC_003075.7:1301948-1302901	NC_003076.8	91.061	179	15	1	2	180	14732803	14732626	2.76e-62	241
NC_003075.7:1301948-1302901	NC_003076.8	91.477	176	11	3	438	613	6073039	6072868	9.94e-62	239
NC_003075.7:1301948-1302901	NC_003076.8	93.082	159	9	2	22	180	12091648	12091492	1.66e-59	231
NC_003075.7:1301948-1302901	NC_003076.8	93.571	140	8	1	1	140	6073725	6073587	2.80e-52	207
NC_003075.7:1301948-1302901	NC_003076.8	83.817	241	14	11	276	497	10269974	10269740	1.01e-51	206
NC_003075.7:1301948-1302901	NC_003076.8	85.143	175	23	1	1	175	9442639	9442810	7.91e-43	176
NC_003075.7:1301948-1302901	NC_003076.8	84.564	149	21	2	2	150	348085	347939	6.20e-34	147
NC_003075.7:1301948-1302901	NC_003076.8	83.221	149	23	2	2	150	347804	347658	1.34e-30	135
NC_003075.7:1301948-1302901	NC_003076.8	94.253	87	5	0	2	88	12091725	12091639	4.83e-30	134
NC_003075.7:1301948-1302901	NC_003076.8	82.550	149	24	2	2	150	24345544	24345398	6.24e-29	130
NC_003075.7:1301948-1302901	NC_003076.8	100.000	29	0	0	2	30	15181591	15181619	3.87e-06	54.7
NC_003075.7:1301948-1302901	NC_003074.8	90.000	740	36	10	222	946	5792674	5793390	0.0	922
NC_003075.7:1301948-1302901	NC_003074.8	88.509	731	49	11	238	954	5380047	5379338	0.0	852
NC_003075.7:1301948-1302901	NC_003074.8	86.047	731	36	21	222	922	17033487	17034181	0.0	725
NC_003075.7:1301948-1302901	NC_003074.8	83.911	721	46	19	222	922	15977957	15977287	6.53e-178	625
NC_003075.7:1301948-1302901	NC_003074.8	94.615	390	18	2	222	610	20875773	20876160	1.10e-170	601
NC_003075.7:1301948-1302901	NC_003074.8	84.041	683	41	21	276	922	14285833	14286483	5.12e-169	595
NC_003075.7:1301948-1302901	NC_003074.8	88.922	334	19	5	636	954	20876151	20876481	5.58e-109	396
NC_003075.7:1301948-1302901	NC_003074.8	83.853	353	23	13	276	607	10842240	10842579	9.67e-82	305
NC_003075.7:1301948-1302901	NC_003074.8	96.667	180	6	0	1	180	15978135	15977956	4.50e-80	300
NC_003075.7:1301948-1302901	NC_003074.8	85.113	309	24	8	629	922	10842567	10842868	5.82e-79	296
NC_003075.7:1301948-1302901	NC_003074.8	96.089	179	6	1	2	180	5380232	5380055	2.71e-77	291
NC_003075.7:1301948-1302901	NC_003074.8	95.556	180	7	1	1	180	14272658	14272836	3.50e-76	287
NC_003075.7:1301948-1302901	NC_003074.8	96.491	171	5	1	10	180	20875605	20875774	1.63e-74	281
NC_003075.7:1301948-1302901	NC_003074.8	93.889	180	11	0	1	180	5792496	5792675	9.80e-72	272
NC_003075.7:1301948-1302901	NC_003074.8	91.045	201	14	4	623	822	7921186	7920989	1.27e-70	268
NC_003075.7:1301948-1302901	NC_003074.8	94.578	166	9	0	2	167	7922197	7922032	2.75e-67	257
NC_003075.7:1301948-1302901	NC_003074.8	94.012	167	8	2	1	167	10841549	10841713	1.28e-65	252
NC_003075.7:1301948-1302901	NC_003074.8	93.373	166	11	0	2	167	7921928	7921763	5.94e-64	246
NC_003075.7:1301948-1302901	NC_003074.8	78.311	438	48	22	520	922	6771223	6771648	9.94e-62	239
NC_003075.7:1301948-1302901	NC_003074.8	85.470	234	23	10	276	501	10642947	10642717	4.63e-60	233
NC_003075.7:1301948-1302901	NC_003074.8	92.500	160	9	3	22	180	17033331	17033488	7.74e-58	226
NC_003075.7:1301948-1302901	NC_003074.8	91.946	149	9	2	32	180	10841717	10841862	1.01e-51	206
NC_003075.7:1301948-1302901	NC_003074.8	91.367	139	9	2	1	138	7922458	7922322	3.65e-46	187
NC_003075.7:1301948-1302901	NC_003074.8	91.304	138	9	2	2	138	7922327	7922192	1.31e-45	185
NC_003075.7:1301948-1302901	NC_003074.8	94.118	85	5	0	1	85	17033253	17033337	6.24e-29	130
NC_003075.7:1301948-1302901	NC_003074.8	77.297	185	28	10	2	181	11132804	11132979	6.33e-19	97.1
NC_003075.7:1301948-1302901	NC_003074.8	94.828	58	3	0	222	279	7921611	7921554	2.95e-17	91.6
NC_003075.7:1301948-1302901	NC_003071.7	89.439	748	32	20	222	954	10351746	10352461	0.0	900
NC_003075.7:1301948-1302901	NC_003071.7	89.424	747	31	20	222	954	8854550	8855262	0.0	898
NC_003075.7:1301948-1302901	NC_003071.7	88.353	747	51	12	222	954	11556126	11555402	0.0	865
NC_003075.7:1301948-1302901	NC_003071.7	93.846	390	20	2	222	610	241217	241603	1.11e-165	584
NC_003075.7:1301948-1302901	NC_003071.7	88.402	388	20	4	222	594	5607621	5607998	1.96e-123	444
NC_003075.7:1301948-1302901	NC_003071.7	90.090	333	17	3	636	954	241594	241924	1.19e-115	418
NC_003075.7:1301948-1302901	NC_003071.7	85.042	361	23	10	276	613	4086199	4085847	9.53e-92	339
NC_003075.7:1301948-1302901	NC_003071.7	96.535	202	7	0	222	423	19528105	19528306	1.23e-90	335
NC_003075.7:1301948-1302901	NC_003071.7	85.079	315	30	4	623	922	7977465	7977777	9.67e-82	305
NC_003075.7:1301948-1302901	NC_003071.7	85.437	309	23	8	629	922	4085865	4085564	1.25e-80	302
NC_003075.7:1301948-1302901	NC_003071.7	96.667	180	5	1	1	180	11556303	11556125	1.62e-79	298
NC_003075.7:1301948-1302901	NC_003071.7	96.133	181	6	1	1	180	8854371	8854551	2.09e-78	294
NC_003075.7:1301948-1302901	NC_003071.7	84.768	302	31	9	632	922	6249556	6249259	9.74e-77	289
NC_003075.7:1301948-1302901	NC_003071.7	95.531	179	5	2	2	180	10351572	10351747	4.53e-75	283
NC_003075.7:1301948-1302901	NC_003071.7	93.855	179	11	0	2	180	5607444	5607622	3.53e-71	270
NC_003075.7:1301948-1302901	NC_003071.7	92.473	186	14	0	7	192	10682759	10682944	4.56e-70	267
NC_003075.7:1301948-1302901	NC_003071.7	93.333	180	11	1	1	180	240845	241023	1.64e-69	265
NC_003075.7:1301948-1302901	NC_003071.7	85.062	241	11	9	276	497	10683312	10683546	1.00e-56	222
NC_003075.7:1301948-1302901	NC_003071.7	82.308	260	33	10	660	917	9643241	9643489	6.03e-54	213
NC_003075.7:1301948-1302901	NC_003071.7	88.950	181	5	7	1	180	19527940	19528106	7.80e-53	209
NC_003075.7:1301948-1302901	NC_003071.7	96.491	114	3	1	67	180	241106	241218	3.65e-46	187
NC_003075.7:1301948-1302901	NC_003071.7	85.165	182	22	5	2	181	17300155	17299977	1.70e-44	182
NC_003075.7:1301948-1302901	NC_003071.7	94.340	106	5	1	3	108	4086580	4086476	2.21e-38	161
NC_003075.7:1301948-1302901	NC_003071.7	92.553	94	5	1	525	616	6249631	6249538	4.83e-30	134
NC_003075.7:1301948-1302901	NC_003071.7	93.182	88	5	1	222	308	241022	241109	2.25e-28	128
NC_003075.7:1301948-1302901	NC_003071.7	84.884	86	13	0	2	87	5648340	5648255	3.81e-16	87.9
NC_003075.7:1301948-1302901	NC_003071.7	85.965	57	7	1	224	279	10682938	10682994	8.31e-08	60.2
NC_003075.7:1301948-1302901	NC_003070.9	88.503	748	36	22	222	954	11352226	11351514	0.0	859
NC_003075.7:1301948-1302901	NC_003070.9	87.567	748	39	22	222	954	21260323	21261031	0.0	817
NC_003075.7:1301948-1302901	NC_003070.9	85.196	716	42	20	236	922	5659134	5658454	0.0	676
NC_003075.7:1301948-1302901	NC_003070.9	84.561	706	48	25	222	918	13407603	13408256	0.0	643
NC_003075.7:1301948-1302901	NC_003070.9	86.231	581	40	7	356	922	13408253	13408807	1.84e-168	593
NC_003075.7:1301948-1302901	NC_003070.9	96.089	179	7	0	2	180	21260146	21260324	7.53e-78	292
NC_003075.7:1301948-1302901	NC_003070.9	95.556	180	8	0	1	180	11352404	11352225	9.74e-77	289
NC_003075.7:1301948-1302901	NC_003070.9	91.477	176	15	0	5	180	17107531	17107706	7.69e-63	243
NC_003075.7:1301948-1302901	NC_003070.9	91.429	175	15	0	6	180	17405753	17405579	2.76e-62	241
NC_003075.7:1301948-1302901	NC_003070.9	91.379	174	14	1	3	176	17102269	17102441	3.58e-61	237
NC_003075.7:1301948-1302901	NC_003070.9	94.118	153	8	1	28	180	13407453	13407604	1.66e-59	231
NC_003075.7:1301948-1302901	NC_003070.9	85.232	237	19	11	276	499	14297191	14296958	5.99e-59	230
NC_003075.7:1301948-1302901	NC_003070.9	90.698	172	16	0	9	180	17406188	17406017	5.99e-59	230
NC_003075.7:1301948-1302901	NC_003070.9	84.956	226	23	7	276	499	17108082	17108298	1.30e-55	219
NC_003075.7:1301948-1302901	NC_003070.9	91.195	159	8	6	347	502	16317439	16317594	2.17e-53	211
NC_003075.7:1301948-1302901	NC_003070.9	82.449	245	15	14	272	499	17110893	17111126	1.02e-46	189
NC_003075.7:1301948-1302901	NC_003070.9	85.235	149	19	3	2	150	16342970	16342825	4.79e-35	150
NC_003075.7:1301948-1302901	NC_003070.9	91.589	107	9	0	1	107	19403475	19403369	1.72e-34	148
NC_003075.7:1301948-1302901	NC_003070.9	84.000	150	22	2	1	150	6234721	6234574	8.02e-33	143
NC_003075.7:1301948-1302901	NC_003070.9	79.891	184	28	6	1	184	12904181	12904007	8.08e-28	126
NC_003075.7:1301948-1302901	NC_003070.9	83.178	107	17	1	5	111	17108400	17108505	6.33e-19	97.1
NC_003075.7:1301948-1302901	NC_003070.9	79.646	113	20	2	2	112	16865002	16864891	2.29e-13	78.7
NC_003075.7:1301948-1302901	NC_003070.9	97.143	35	1	0	245	279	14297547	14297513	8.31e-08	60.2
NC_003075.7:1301948-1302901	NC_003070.9	84.746	59	9	0	221	279	17102443	17102501	8.31e-08	60.2
NC_003075.7:1301948-1302901	NC_003070.9	97.143	35	1	0	245	279	17107726	17107760	8.31e-08	60.2
NC_003075.7:792040-793143	NC_003075.7	100.000	1104	0	0	1	1104	793143	792040	0.0	2039
NC_003075.7:792040-793143	NC_003075.7	90.523	1108	85	12	2	1104	1956611	1957703	0.0	1447
NC_003075.7:792040-793143	NC_003075.7	83.725	510	66	12	355	860	8777601	8777105	4.86e-130	466
NC_003075.7:792040-793143	NC_003071.7	96.756	1079	34	1	26	1104	4352611	4351534	0.0	1797
NC_003075.7:792040-793143	NC_003071.7	93.025	1104	49	5	2	1104	7567625	7566549	0.0	1587
NC_003075.7:792040-793143	NC_003071.7	91.045	67	6	0	1	67	5761057	5760991	3.42e-17	91.6
NC_003075.7:792040-793143	NC_003071.7	84.783	92	13	1	2	92	6657488	6657579	3.42e-17	91.6
NC_003075.7:792040-793143	NC_003070.9	93.909	1100	62	5	4	1102	24533331	24534426	0.0	1655
NC_003075.7:792040-793143	NC_003070.9	92.760	1105	49	7	1	1104	9836507	9837581	0.0	1568
NC_003075.7:792040-793143	NC_003070.9	86.043	695	52	17	370	1060	18450080	18449427	0.0	704
NC_003075.7:792040-793143	NC_003070.9	83.491	212	28	5	1	211	12618637	12618842	3.28e-47	191
NC_003075.7:792040-793143	NC_003070.9	83.412	211	27	6	5	214	20167552	20167349	1.18e-46	189
NC_003075.7:792040-793143	NC_003074.8	89.456	882	81	6	1	882	16276876	16276007	0.0	1103
NC_003075.7:792040-793143	NC_003074.8	86.321	753	57	17	355	1102	11287176	11286465	0.0	778
NC_003075.7:1280625-1283022	NC_003075.7	100.000	2398	0	0	1	2398	1280625	1283022	0.0	4429
NC_003075.7:1280625-1283022	NC_003075.7	85.226	1814	167	52	3	1750	5443569	5441791	0.0	1772
NC_003075.7:1280625-1283022	NC_003075.7	86.814	857	79	20	172	1018	4696063	4695231	0.0	926
NC_003075.7:1280625-1283022	NC_003075.7	85.965	855	80	23	172	1020	4663787	4662967	0.0	878
NC_003075.7:1280625-1283022	NC_003075.7	87.199	539	52	14	172	707	5936887	5936363	3.64e-169	597
NC_003075.7:1280625-1283022	NC_003075.7	93.143	350	23	1	1807	2156	1282263	1282611	1.36e-143	512
NC_003075.7:1280625-1283022	NC_003075.7	93.143	350	23	1	1639	1987	1282431	1282780	1.36e-143	512
NC_003075.7:1280625-1283022	NC_003075.7	80.035	566	80	22	127	682	2904754	2905296	2.38e-106	388
NC_003075.7:1280625-1283022	NC_003075.7	89.577	307	24	7	177	482	4904413	4904712	1.11e-104	383
NC_003075.7:1280625-1283022	NC_003075.7	86.154	195	22	4	1039	1229	5936593	5936400	2.58e-51	206
NC_003075.7:1280625-1283022	NC_003075.7	89.916	119	12	0	2	120	2088368	2088250	9.47e-36	154
NC_003075.7:1280625-1283022	NC_003075.7	87.302	126	12	4	908	1029	4904890	4904765	7.37e-32	141
NC_003075.7:1280625-1283022	NC_003075.7	87.069	116	15	0	1	116	4606228	4606343	4.44e-29	132
NC_003075.7:1280625-1283022	NC_003074.8	96.732	2387	73	5	1	2386	12661999	12659617	0.0	3971
NC_003075.7:1280625-1283022	NC_003074.8	93.797	1612	64	13	1	1608	10509520	10511099	0.0	2390
NC_003075.7:1280625-1283022	NC_003074.8	87.751	1894	121	44	1	1821	17070822	17068967	0.0	2109
NC_003075.7:1280625-1283022	NC_003074.8	98.163	980	16	2	1	979	16213447	16212469	0.0	1709
NC_003075.7:1280625-1283022	NC_003074.8	94.090	643	36	1	1746	2386	10511112	10511754	0.0	976
NC_003075.7:1280625-1283022	NC_003074.8	90.141	426	33	5	1976	2395	17069149	17068727	1.34e-153	545
NC_003075.7:1280625-1283022	NC_003074.8	93.768	353	21	1	1639	1990	12660195	12659843	1.35e-148	529
NC_003075.7:1280625-1283022	NC_003074.8	93.484	353	22	1	1807	2159	12660363	12660012	6.26e-147	523
NC_003075.7:1280625-1283022	NC_003074.8	91.714	350	28	1	1639	1987	10511173	10511522	2.96e-135	484
NC_003075.7:1280625-1283022	NC_003074.8	96.327	245	9	0	1915	2159	10511112	10511356	8.51e-111	403
NC_003075.7:1280625-1283022	NC_003074.8	92.391	184	13	1	1807	1990	17069149	17068967	5.42e-68	261
NC_003075.7:1280625-1283022	NC_003074.8	91.304	184	15	1	1976	2159	12660363	12660181	1.17e-64	250
NC_003075.7:1280625-1283022	NC_003074.8	85.020	247	23	12	461	704	10510518	10510753	2.54e-61	239
NC_003075.7:1280625-1283022	NC_003074.8	93.333	120	8	0	1	120	4289110	4288991	5.62e-43	178
NC_003075.7:1280625-1283022	NC_003074.8	95.890	73	3	0	2084	2156	10511112	10511184	3.45e-25	119
NC_003075.7:1280625-1283022	NC_003076.8	96.534	2395	76	7	1	2391	2603153	2605544	0.0	3956
NC_003075.7:1280625-1283022	NC_003076.8	96.647	2386	73	7	4	2386	26485402	26483021	0.0	3956
NC_003075.7:1280625-1283022	NC_003076.8	95.950	2395	81	11	1	2393	2189208	2186828	0.0	3871
NC_003075.7:1280625-1283022	NC_003076.8	95.689	2389	90	9	1	2386	13621995	13619617	0.0	3829
NC_003075.7:1280625-1283022	NC_003076.8	95.687	2388	81	8	1	2387	3116667	3114301	0.0	3819
NC_003075.7:1280625-1283022	NC_003076.8	96.439	1994	59	10	1	1987	14846589	14848577	0.0	3278
NC_003075.7:1280625-1283022	NC_003076.8	93.738	1613	69	21	2	1608	15387839	15386253	0.0	2390
NC_003075.7:1280625-1283022	NC_003076.8	93.457	1620	69	24	1	1608	14002784	14004378	0.0	2370
NC_003075.7:1280625-1283022	NC_003076.8	93.366	1613	68	14	1	1608	13547011	13548589	0.0	2350
NC_003075.7:1280625-1283022	NC_003076.8	95.910	1247	39	6	1154	2398	19419668	19420904	0.0	2010
NC_003075.7:1280625-1283022	NC_003076.8	90.200	1051	56	23	1	1029	19418948	19419973	0.0	1327
NC_003075.7:1280625-1283022	NC_003076.8	93.092	883	37	13	1	879	10210112	10210974	0.0	1271
NC_003075.7:1280625-1283022	NC_003076.8	94.688	640	34	0	1746	2385	10211397	10212036	0.0	994
NC_003075.7:1280625-1283022	NC_003076.8	94.401	643	36	0	1744	2386	15386242	15385600	0.0	989
NC_003075.7:1280625-1283022	NC_003076.8	94.072	641	38	0	1746	2386	13548602	13549242	0.0	974
NC_003075.7:1280625-1283022	NC_003076.8	91.888	641	42	2	1746	2386	14004391	14005021	0.0	887
NC_003075.7:1280625-1283022	NC_003076.8	93.934	577	31	4	1812	2386	14848232	14848806	0.0	869
NC_003075.7:1280625-1283022	NC_003076.8	87.385	650	68	10	190	833	13608020	13607379	0.0	734
NC_003075.7:1280625-1283022	NC_003076.8	95.143	350	16	1	1639	1987	19420313	19420662	2.87e-155	551
NC_003075.7:1280625-1283022	NC_003076.8	94.413	358	16	4	1253	1608	10211029	10211384	3.72e-154	547
NC_003075.7:1280625-1283022	NC_003076.8	82.353	680	71	31	186	855	9827928	9827288	1.34e-153	545
NC_003075.7:1280625-1283022	NC_003076.8	80.124	805	98	42	1	791	14266435	14267191	4.81e-153	544
NC_003075.7:1280625-1283022	NC_003076.8	95.072	345	14	3	1807	2151	2187579	2187238	6.22e-152	540
NC_003075.7:1280625-1283022	NC_003076.8	93.056	360	24	1	1639	1997	2604959	2605318	1.74e-147	525
NC_003075.7:1280625-1283022	NC_003076.8	93.201	353	23	1	1639	1990	26483600	26483248	2.91e-145	518
NC_003075.7:1280625-1283022	NC_003076.8	92.918	353	24	1	1639	1990	3114881	3114529	1.36e-143	512
NC_003075.7:1280625-1283022	NC_003076.8	92.918	353	23	2	1639	1990	13620195	13619844	1.36e-143	512
NC_003075.7:1280625-1283022	NC_003076.8	92.918	353	24	1	1807	2159	13620363	13620012	1.36e-143	512
NC_003075.7:1280625-1283022	NC_003076.8	92.676	355	25	1	1805	2159	3115051	3114698	4.88e-143	510
NC_003075.7:1280625-1283022	NC_003076.8	92.571	350	25	1	1807	2156	2604791	2605139	2.93e-140	501
NC_003075.7:1280625-1283022	NC_003076.8	92.571	350	25	1	1639	1987	10211458	10211807	2.93e-140	501
NC_003075.7:1280625-1283022	NC_003076.8	92.571	350	18	2	1807	2156	19420152	19420493	1.37e-138	496
NC_003075.7:1280625-1283022	NC_003076.8	92.068	353	27	1	1807	2159	26483768	26483417	1.37e-138	496
NC_003075.7:1280625-1283022	NC_003076.8	91.785	353	28	1	1639	1990	15386179	15385827	6.35e-137	490
NC_003075.7:1280625-1283022	NC_003076.8	91.570	344	25	3	1649	1990	2187404	2187063	2.30e-131	472
NC_003075.7:1280625-1283022	NC_003076.8	90.286	350	33	1	1639	1987	13548663	13549012	6.44e-127	457
NC_003075.7:1280625-1283022	NC_003076.8	89.548	354	36	1	1639	1991	14004452	14004805	3.88e-124	448
NC_003075.7:1280625-1283022	NC_003076.8	96.327	245	9	0	1915	2159	10211397	10211641	8.51e-111	403
NC_003075.7:1280625-1283022	NC_003076.8	95.142	247	12	0	1913	2159	15386242	15385996	6.63e-107	390
NC_003075.7:1280625-1283022	NC_003076.8	95.102	245	12	0	1915	2159	13548602	13548846	8.57e-106	387
NC_003075.7:1280625-1283022	NC_003076.8	92.653	245	18	0	1915	2159	14004391	14004635	8.70e-96	353
NC_003075.7:1280625-1283022	NC_003076.8	94.350	177	9	1	1976	2152	2187579	2187404	9.01e-71	270
NC_003075.7:1280625-1283022	NC_003076.8	93.370	181	11	1	1639	1818	10211627	10211807	1.17e-69	267
NC_003075.7:1280625-1283022	NC_003076.8	85.830	247	17	15	465	704	13548005	13548240	1.52e-63	246
NC_003075.7:1280625-1283022	NC_003076.8	90.761	184	16	1	1976	2159	13620363	13620181	5.46e-63	244
NC_003075.7:1280625-1283022	NC_003076.8	90.710	183	14	2	1976	2156	14848227	14848408	7.06e-62	241
NC_003075.7:1280625-1283022	NC_003076.8	90.608	181	16	1	1976	2156	2604791	2604970	2.54e-61	239
NC_003075.7:1280625-1283022	NC_003076.8	88.442	199	17	4	474	671	15386824	15386631	3.29e-60	235
NC_003075.7:1280625-1283022	NC_003076.8	88.043	184	21	1	1976	2159	26483768	26483586	1.19e-54	217
NC_003075.7:1280625-1283022	NC_003076.8	88.095	126	11	4	908	1029	14658553	14658428	1.58e-33	147
NC_003075.7:1280625-1283022	NC_003076.8	94.805	77	3	1	2084	2159	10211397	10211473	3.45e-25	119
NC_003075.7:1280625-1283022	NC_003076.8	93.590	78	5	0	2082	2159	15386242	15386165	1.24e-24	117
NC_003075.7:1280625-1283022	NC_003076.8	94.521	73	4	0	2084	2156	13548602	13548674	1.61e-23	113
NC_003075.7:1280625-1283022	NC_003076.8	94.521	73	4	0	2084	2156	14004391	14004463	1.61e-23	113
NC_003075.7:1280625-1283022	NC_003070.9	96.566	2388	75	7	2	2387	11706451	11708833	0.0	3949
NC_003075.7:1280625-1283022	NC_003070.9	95.792	2400	91	10	1	2397	16593135	16590743	0.0	3864
NC_003075.7:1280625-1283022	NC_003070.9	95.252	2401	82	8	1	2398	7281722	7284093	0.0	3773
NC_003075.7:1280625-1283022	NC_003070.9	96.483	2161	60	12	1	2159	11410300	11408154	0.0	3555
NC_003075.7:1280625-1283022	NC_003070.9	95.561	2005	65	8	1	1987	20972073	20974071	0.0	3188
NC_003075.7:1280625-1283022	NC_003070.9	88.774	2031	128	42	1	1982	16987734	16989713	0.0	2396
NC_003075.7:1280625-1283022	NC_003070.9	92.932	1613	59	31	1	1608	16968238	16966676	0.0	2296
NC_003075.7:1280625-1283022	NC_003070.9	96.672	1202	30	4	1154	2353	759310	760503	0.0	1989
NC_003075.7:1280625-1283022	NC_003070.9	95.130	883	36	6	1	879	26781147	26780268	0.0	1386
NC_003075.7:1280625-1283022	NC_003070.9	90.114	1052	56	24	1	1029	758590	759616	0.0	1323
NC_003075.7:1280625-1283022	NC_003070.9	95.467	750	32	2	1639	2387	11408506	11407758	0.0	1195
NC_003075.7:1280625-1283022	NC_003070.9	87.013	1001	56	34	525	1463	16261098	16262086	0.0	1061
NC_003075.7:1280625-1283022	NC_003070.9	94.505	637	35	0	1749	2385	16966660	16966024	0.0	983
NC_003075.7:1280625-1283022	NC_003070.9	95.076	589	26	3	1807	2395	20973725	20974310	0.0	924
NC_003075.7:1280625-1283022	NC_003070.9	92.347	588	44	1	1807	2394	16989369	16989955	0.0	835
NC_003075.7:1280625-1283022	NC_003070.9	92.857	462	33	0	1926	2387	26779719	26779258	0.0	671
NC_003075.7:1280625-1283022	NC_003070.9	91.971	411	32	1	1976	2386	16262144	16262553	1.70e-162	575
NC_003075.7:1280625-1283022	NC_003070.9	86.704	534	43	11	1	533	16259818	16260324	2.85e-160	568
NC_003075.7:1280625-1283022	NC_003070.9	94.571	350	18	1	1639	1987	7283503	7283852	6.22e-152	540
NC_003075.7:1280625-1283022	NC_003070.9	94.334	353	19	1	1807	2159	11408674	11408323	6.22e-152	540
NC_003075.7:1280625-1283022	NC_003070.9	93.593	359	19	3	1253	1608	26780214	26779857	1.04e-149	532
NC_003075.7:1280625-1283022	NC_003070.9	94.000	350	20	1	1639	1987	759956	760305	1.35e-148	529
NC_003075.7:1280625-1283022	NC_003070.9	93.768	353	21	1	1639	1990	11408337	11407985	1.35e-148	529
NC_003075.7:1280625-1283022	NC_003070.9	94.000	350	20	1	1639	1987	11708253	11708602	1.35e-148	529
NC_003075.7:1280625-1283022	NC_003070.9	93.714	350	21	1	1807	2156	7283335	7283683	6.26e-147	523
NC_003075.7:1280625-1283022	NC_003070.9	93.429	350	15	2	1807	2156	759795	760136	1.36e-143	512
NC_003075.7:1280625-1283022	NC_003070.9	92.918	353	24	1	1639	1990	16591332	16590980	1.36e-143	512
NC_003075.7:1280625-1283022	NC_003070.9	92.775	346	24	1	1814	2159	16591493	16591149	1.06e-139	499
NC_003075.7:1280625-1283022	NC_003070.9	92.286	350	26	1	1807	2156	11708085	11708433	1.37e-138	496
NC_003075.7:1280625-1283022	NC_003070.9	90.935	353	31	1	1639	1990	16966602	16966250	6.40e-132	473
NC_003075.7:1280625-1283022	NC_003070.9	92.835	321	20	3	1	321	16699390	16699073	1.38e-128	462
NC_003075.7:1280625-1283022	NC_003070.9	95.918	245	10	0	1915	2159	16966663	16966419	3.96e-109	398
NC_003075.7:1280625-1283022	NC_003070.9	92.797	236	17	0	1755	1990	26779721	26779486	1.88e-92	342
NC_003075.7:1280625-1283022	NC_003070.9	94.350	177	9	1	1976	2152	20973725	20973900	9.01e-71	270
NC_003075.7:1280625-1283022	NC_003070.9	92.935	184	13	0	1976	2159	16989369	16989552	3.24e-70	268
NC_003075.7:1280625-1283022	NC_003070.9	92.391	184	13	1	1976	2159	11408674	11408492	5.42e-68	261
NC_003075.7:1280625-1283022	NC_003070.9	91.848	184	14	1	1639	1821	16966433	16966250	2.52e-66	255
NC_003075.7:1280625-1283022	NC_003070.9	92.857	168	12	0	1815	1982	16262152	16262319	5.46e-63	244
NC_003075.7:1280625-1283022	NC_003070.9	90.909	176	15	1	1984	2159	16591492	16591318	3.29e-60	235
NC_003075.7:1280625-1283022	NC_003070.9	85.043	234	22	11	474	704	16967249	16967026	1.98e-57	226
NC_003075.7:1280625-1283022	NC_003070.9	88.950	181	12	2	1976	2156	759795	759967	1.19e-54	217
NC_003075.7:1280625-1283022	NC_003070.9	87.000	200	17	6	474	671	16988743	16988935	1.19e-54	217
NC_003075.7:1280625-1283022	NC_003070.9	94.326	141	7	1	1918	2057	26779841	26779701	4.28e-54	215
NC_003075.7:1280625-1283022	NC_003070.9	93.056	144	9	1	1746	1888	26779844	26779701	1.99e-52	209
NC_003075.7:1280625-1283022	NC_003070.9	94.737	76	4	0	2084	2159	16966663	16966588	3.45e-25	119
NC_003075.7:1280625-1283022	NC_003070.9	95.588	68	2	1	2093	2159	26779835	26779768	7.48e-22	108
NC_003075.7:1280625-1283022	NC_003070.9	95.385	65	3	0	2095	2159	26779719	26779655	9.67e-21	104
NC_003075.7:1280625-1283022	NC_003071.7	96.372	2398	74	9	1	2395	6680829	6678442	0.0	3934
NC_003075.7:1280625-1283022	NC_003071.7	96.107	2389	85	8	1	2386	10018073	10020456	0.0	3890
NC_003075.7:1280625-1283022	NC_003071.7	95.957	2399	79	7	1	2398	6855036	6852655	0.0	3877
NC_003075.7:1280625-1283022	NC_003071.7	95.879	2378	77	7	1	2363	8420556	8422927	0.0	3829
NC_003075.7:1280625-1283022	NC_003071.7	91.618	1539	69	23	77	1608	5872085	5870600	0.0	2073
NC_003075.7:1280625-1283022	NC_003071.7	82.489	1382	156	48	175	1514	3196026	3197363	0.0	1133
NC_003075.7:1280625-1283022	NC_003071.7	87.778	720	76	10	172	888	6205738	6206448	0.0	832
NC_003075.7:1280625-1283022	NC_003071.7	85.957	648	76	14	191	833	5114201	5113564	0.0	678
NC_003075.7:1280625-1283022	NC_003071.7	94.072	388	22	1	2000	2387	5869810	5869424	2.19e-166	588
NC_003075.7:1280625-1283022	NC_003071.7	94.618	353	18	1	1639	1990	6679030	6678678	1.34e-153	545
NC_003075.7:1280625-1283022	NC_003071.7	93.966	348	20	1	1812	2159	6853408	6853062	1.74e-147	525
NC_003075.7:1280625-1283022	NC_003071.7	93.484	353	22	1	1639	1990	6853245	6852893	6.26e-147	523
NC_003075.7:1280625-1283022	NC_003071.7	93.714	350	21	1	1807	2156	8422203	8422551	6.26e-147	523
NC_003075.7:1280625-1283022	NC_003071.7	93.714	350	21	1	1639	1987	8422371	8422720	6.26e-147	523
NC_003075.7:1280625-1283022	NC_003071.7	93.201	353	23	1	1807	2159	6679198	6678847	2.91e-145	518
NC_003075.7:1280625-1283022	NC_003071.7	93.143	350	23	1	1807	2156	10019709	10020057	1.36e-143	512
NC_003075.7:1280625-1283022	NC_003071.7	92.857	350	24	1	1639	1987	10019877	10020226	6.31e-142	507
NC_003075.7:1280625-1283022	NC_003071.7	77.249	778	114	50	272	1030	4022553	4021820	3.96e-109	398
NC_003075.7:1280625-1283022	NC_003071.7	94.850	233	12	0	1749	1981	5870584	5870352	4.02e-99	364
NC_003075.7:1280625-1283022	NC_003071.7	94.068	236	14	0	1915	2150	5870587	5870352	1.87e-97	359
NC_003075.7:1280625-1283022	NC_003071.7	98.758	161	2	0	507	667	7153706	7153546	8.95e-76	287
NC_003075.7:1280625-1283022	NC_003071.7	86.245	269	30	7	766	1029	3197042	3197308	3.22e-75	285
NC_003075.7:1280625-1283022	NC_003071.7	83.696	276	33	8	619	888	4097503	4097772	1.17e-64	250
NC_003075.7:1280625-1283022	NC_003071.7	91.713	181	14	1	1979	2159	6853410	6853231	1.17e-64	250
NC_003075.7:1280625-1283022	NC_003071.7	91.160	181	15	1	1976	2156	10019709	10019888	5.46e-63	244
NC_003075.7:1280625-1283022	NC_003071.7	85.532	235	23	10	474	704	3196870	3197097	3.29e-60	235
NC_003075.7:1280625-1283022	NC_003071.7	93.631	157	10	0	1834	1990	5869807	5869651	3.29e-60	235
NC_003075.7:1280625-1283022	NC_003071.7	89.674	184	18	1	1976	2159	6679198	6679016	1.18e-59	233
NC_003075.7:1280625-1283022	NC_003071.7	85.641	195	24	2	1039	1229	6206035	6206229	3.33e-50	202
NC_003075.7:1280625-1283022	NC_003071.7	90.476	126	8	4	908	1029	6207325	6207200	1.57e-38	163
NC_003075.7:1280625-1283022	NC_003071.7	91.892	111	6	3	921	1029	4099129	4099020	3.41e-35	152
NC_003075.7:1280625-1283022	NC_003071.7	90.789	76	7	0	2084	2159	5870587	5870512	3.48e-20	102
