NC_003076.8:9590410-9592551	NC_003076.8	100.000	2142	0	0	1	2142	9590410	9592551	0.0	3956
NC_003076.8:9590410-9592551	NC_003076.8	97.301	2112	50	7	1	2108	20281984	20279876	0.0	3578
NC_003076.8:9590410-9592551	NC_003076.8	95.007	1342	53	10	1	1332	8746701	8745364	0.0	2095
NC_003076.8:9590410-9592551	NC_003076.8	94.799	1346	50	9	1	1338	9965017	9963684	0.0	2080
NC_003076.8:9590410-9592551	NC_003076.8	94.131	1363	53	9	1	1338	8765709	8767069	0.0	2049
NC_003076.8:9590410-9592551	NC_003076.8	93.908	1346	62	9	1	1338	14082835	14081502	0.0	2013
NC_003076.8:9590410-9592551	NC_003076.8	94.211	1330	57	11	18	1338	17775746	17777064	0.0	2012
NC_003076.8:9590410-9592551	NC_003076.8	93.553	1365	59	8	1	1338	17365025	17366387	0.0	2006
NC_003076.8:9590410-9592551	NC_003076.8	93.520	1358	56	6	1	1334	14151294	14149945	0.0	1991
NC_003076.8:9590410-9592551	NC_003076.8	93.172	1362	63	8	1	1338	20682406	20681051	0.0	1973
NC_003076.8:9590410-9592551	NC_003076.8	93.003	1372	60	8	2	1338	5430061	5428691	0.0	1969
NC_003076.8:9590410-9592551	NC_003076.8	93.050	1367	64	7	1	1338	19742617	19741253	0.0	1969
NC_003076.8:9590410-9592551	NC_003076.8	93.239	1346	70	10	1	1338	16356475	16357807	0.0	1962
NC_003076.8:9590410-9592551	NC_003076.8	92.725	1347	75	12	1	1338	1898645	1897313	0.0	1923
NC_003076.8:9590410-9592551	NC_003076.8	92.519	1350	64	17	16	1338	24187899	24186560	0.0	1899
NC_003076.8:9590410-9592551	NC_003076.8	93.566	1259	54	14	1	1244	4782228	4780982	0.0	1851
NC_003076.8:9590410-9592551	NC_003076.8	92.078	1338	65	22	1	1312	9559507	9558185	0.0	1845
NC_003076.8:9590410-9592551	NC_003076.8	97.491	1076	25	2	52	1125	17618634	17617559	0.0	1836
NC_003076.8:9590410-9592551	NC_003076.8	94.595	1184	51	9	140	1314	4312671	4313850	0.0	1820
NC_003076.8:9590410-9592551	NC_003076.8	95.072	1116	41	7	1	1112	15606601	15605496	0.0	1744
NC_003076.8:9590410-9592551	NC_003076.8	91.518	1179	62	11	1	1157	11025336	11026498	0.0	1589
NC_003076.8:9590410-9592551	NC_003076.8	94.574	940	32	4	1	922	18853952	18854890	0.0	1435
NC_003076.8:9590410-9592551	NC_003076.8	94.181	842	28	5	1	823	21530089	21530928	0.0	1264
NC_003076.8:9590410-9592551	NC_003076.8	87.474	974	70	28	1	939	9612591	9613547	0.0	1075
NC_003076.8:9590410-9592551	NC_003076.8	95.652	667	24	5	1	664	7154439	7153775	0.0	1066
NC_003076.8:9590410-9592551	NC_003076.8	96.066	610	22	2	1496	2104	17617744	17617136	0.0	992
NC_003076.8:9590410-9592551	NC_003076.8	90.746	724	42	8	236	939	8683118	8683836	0.0	942
NC_003076.8:9590410-9592551	NC_003076.8	90.595	723	46	7	236	939	7711270	7711989	0.0	939
NC_003076.8:9590410-9592551	NC_003076.8	90.652	706	42	8	236	922	14761045	14760345	0.0	917
NC_003076.8:9590410-9592551	NC_003076.8	89.546	727	48	12	238	942	15342559	15341839	0.0	896
NC_003076.8:9590410-9592551	NC_003076.8	88.752	729	55	11	236	942	13918658	13917935	0.0	867
NC_003076.8:9590410-9592551	NC_003076.8	88.268	716	49	15	247	939	354275	354978	0.0	824
NC_003076.8:9590410-9592551	NC_003076.8	90.047	643	44	4	236	860	19931420	19930780	0.0	815
NC_003076.8:9590410-9592551	NC_003076.8	90.047	643	43	5	236	860	5129697	5129058	0.0	813
NC_003076.8:9590410-9592551	NC_003076.8	89.202	639	40	12	323	939	19670974	19671605	0.0	771
NC_003076.8:9590410-9592551	NC_003076.8	93.317	404	18	4	941	1338	15043270	15042870	1.95e-166	588
NC_003076.8:9590410-9592551	NC_003076.8	92.840	405	21	2	941	1338	22232106	22231703	3.27e-164	580
NC_003076.8:9590410-9592551	NC_003076.8	92.574	404	23	3	941	1338	8354352	8353950	5.47e-162	573
NC_003076.8:9590410-9592551	NC_003076.8	92.556	403	19	5	946	1338	5977890	5977489	2.55e-160	568
NC_003076.8:9590410-9592551	NC_003076.8	86.998	523	43	12	1488	1995	15605668	15605156	9.15e-160	566
NC_003076.8:9590410-9592551	NC_003076.8	92.099	405	22	5	941	1338	10714580	10714981	1.18e-158	562
NC_003076.8:9590410-9592551	NC_003076.8	92.443	397	22	4	948	1338	15577260	15576866	4.26e-158	560
NC_003076.8:9590410-9592551	NC_003076.8	96.165	339	13	0	1339	1677	5978052	5977714	1.98e-156	555
NC_003076.8:9590410-9592551	NC_003076.8	91.626	406	25	5	941	1338	24476433	24476029	7.13e-156	553
NC_003076.8:9590410-9592551	NC_003076.8	95.640	344	12	3	1339	1680	15043427	15043085	9.22e-155	549
NC_003076.8:9590410-9592551	NC_003076.8	91.940	397	23	5	949	1338	21776866	21776472	3.32e-154	547
NC_003076.8:9590410-9592551	NC_003076.8	94.985	339	17	0	1339	1677	24476590	24476252	9.28e-150	532
NC_003076.8:9590410-9592551	NC_003076.8	93.277	357	20	4	1	356	4312436	4312789	5.59e-147	523
NC_003076.8:9590410-9592551	NC_003076.8	94.100	339	20	0	1339	1677	9133954	9134292	9.35e-145	516
NC_003076.8:9590410-9592551	NC_003076.8	94.100	339	19	1	1339	1677	22232263	22231926	3.36e-144	514
NC_003076.8:9590410-9592551	NC_003076.8	93.805	339	21	0	1339	1677	8354509	8354171	4.35e-143	510
NC_003076.8:9590410-9592551	NC_003076.8	93.510	339	22	0	1339	1677	21777031	21776693	2.02e-141	505
NC_003076.8:9590410-9592551	NC_003076.8	93.452	336	22	0	1342	1677	15577421	15577086	9.42e-140	499
NC_003076.8:9590410-9592551	NC_003076.8	92.625	339	23	2	1339	1677	10714425	10714761	7.33e-136	486
NC_003076.8:9590410-9592551	NC_003076.8	95.066	304	12	3	1693	1995	8767017	8767318	1.59e-132	475
NC_003076.8:9590410-9592551	NC_003076.8	94.737	304	14	2	1693	1995	24476081	24475779	2.05e-131	472
NC_003076.8:9590410-9592551	NC_003076.8	94.408	304	15	2	1693	1995	15042922	15042620	9.55e-130	466
NC_003076.8:9590410-9592551	NC_003076.8	94.408	304	14	3	1693	1995	20681103	20680802	3.43e-129	464
NC_003076.8:9590410-9592551	NC_003076.8	94.371	302	15	2	1695	1995	11027112	11027412	1.24e-128	462
NC_003076.8:9590410-9592551	NC_003076.8	94.098	305	15	3	1693	1995	17366334	17366637	4.44e-128	460
NC_003076.8:9590410-9592551	NC_003076.8	93.750	304	17	2	1693	1995	1897365	1897063	2.07e-126	455
NC_003076.8:9590410-9592551	NC_003076.8	90.909	341	25	6	236	573	25264649	25264986	7.44e-126	453
NC_003076.8:9590410-9592551	NC_003076.8	93.443	305	16	4	1693	1995	14081554	14081252	9.62e-125	449
NC_003076.8:9590410-9592551	NC_003076.8	93.421	304	17	3	1693	1995	5428743	5428442	3.46e-124	448
NC_003076.8:9590410-9592551	NC_003076.8	93.399	303	19	1	1693	1995	14149994	14149693	3.46e-124	448
NC_003076.8:9590410-9592551	NC_003076.8	93.160	307	15	4	1693	1995	5977544	5977240	1.24e-123	446
NC_003076.8:9590410-9592551	NC_003076.8	93.377	302	18	2	1695	1995	19741303	19741003	1.24e-123	446
NC_003076.8:9590410-9592551	NC_003076.8	93.377	302	18	2	1695	1995	22231753	22231453	1.24e-123	446
NC_003076.8:9590410-9592551	NC_003076.8	94.464	289	15	1	1693	1980	8354002	8353714	4.47e-123	444
NC_003076.8:9590410-9592551	NC_003076.8	93.115	305	17	3	1693	1995	9963736	9963434	4.47e-123	444
NC_003076.8:9590410-9592551	NC_003076.8	93.092	304	19	2	1693	1995	16357755	16358057	4.47e-123	444
NC_003076.8:9590410-9592551	NC_003076.8	93.092	304	19	2	1693	1995	18855128	18855430	4.47e-123	444
NC_003076.8:9590410-9592551	NC_003076.8	93.092	304	18	3	1693	1995	8745411	8745110	1.61e-122	442
NC_003076.8:9590410-9592551	NC_003076.8	92.739	303	20	2	1693	1995	24186612	24186312	7.49e-121	436
NC_003076.8:9590410-9592551	NC_003076.8	93.772	289	17	1	1693	1980	17777012	17777300	9.69e-120	433
NC_003076.8:9590410-9592551	NC_003076.8	94.035	285	8	4	1060	1338	18854899	18855180	5.83e-117	424
NC_003076.8:9590410-9592551	NC_003076.8	93.640	283	16	2	1714	1995	4780980	4780699	2.10e-116	422
NC_003076.8:9590410-9592551	NC_003076.8	91.776	304	22	3	1693	1995	4314079	4314380	7.54e-116	420
NC_003076.8:9590410-9592551	NC_003076.8	95.113	266	11	2	1693	1957	21531157	21531421	2.71e-115	418
NC_003076.8:9590410-9592551	NC_003076.8	93.286	283	18	1	640	922	3019805	3019524	9.76e-115	416
NC_003076.8:9590410-9592551	NC_003076.8	96.063	254	8	2	1	254	17796785	17796534	1.26e-113	412
NC_003076.8:9590410-9592551	NC_003076.8	92.958	284	18	2	657	939	20398316	20398598	1.26e-113	412
NC_003076.8:9590410-9592551	NC_003076.8	92.908	282	13	3	1063	1338	21530929	21531209	7.59e-111	403
NC_003076.8:9590410-9592551	NC_003076.8	91.636	275	23	0	1344	1618	25904738	25905012	3.56e-104	381
NC_003076.8:9590410-9592551	NC_003076.8	92.692	260	14	5	1	257	17955555	17955812	7.70e-101	370
NC_003076.8:9590410-9592551	NC_003076.8	91.923	260	17	4	1	257	3020196	3019938	4.64e-98	361
NC_003076.8:9590410-9592551	NC_003076.8	91.538	260	16	6	1	257	5129834	5129578	7.76e-96	353
NC_003076.8:9590410-9592551	NC_003076.8	91.538	260	17	5	1	257	19931558	19931301	7.76e-96	353
NC_003076.8:9590410-9592551	NC_003076.8	91.154	260	18	5	1	257	14761183	14760926	3.61e-94	348
NC_003076.8:9590410-9592551	NC_003076.8	94.273	227	12	1	236	462	3020057	3019832	1.30e-93	346
NC_003076.8:9590410-9592551	NC_003076.8	90.769	260	20	4	1	257	25264511	25264769	4.67e-93	344
NC_003076.8:9590410-9592551	NC_003076.8	91.373	255	14	3	1084	1332	4313874	4314126	1.68e-92	342
NC_003076.8:9590410-9592551	NC_003076.8	90.038	261	17	6	1	257	15342696	15342441	1.31e-88	329
NC_003076.8:9590410-9592551	NC_003076.8	95.146	206	9	1	1693	1898	15576918	15576714	6.08e-87	324
NC_003076.8:9590410-9592551	NC_003076.8	89.231	260	17	5	1	257	13918790	13918539	3.66e-84	315
NC_003076.8:9590410-9592551	NC_003076.8	94.175	206	11	1	1693	1898	21776524	21776320	1.32e-83	313
NC_003076.8:9590410-9592551	NC_003076.8	96.154	182	7	0	1496	1677	19741654	19741473	3.69e-79	298
NC_003076.8:9590410-9592551	NC_003076.8	86.552	290	12	13	1693	1979	10714928	10715193	4.77e-78	294
NC_003076.8:9590410-9592551	NC_003076.8	95.604	182	8	0	1496	1677	5429094	5428913	1.72e-77	292
NC_003076.8:9590410-9592551	NC_003076.8	95.604	182	8	0	1496	1677	8766666	8766847	1.72e-77	292
NC_003076.8:9590410-9592551	NC_003076.8	95.604	182	8	0	1496	1677	14150343	14150162	1.72e-77	292
NC_003076.8:9590410-9592551	NC_003076.8	95.082	183	8	1	941	1122	20280489	20280307	7.98e-76	287
NC_003076.8:9590410-9592551	NC_003076.8	95.055	182	8	1	1496	1677	4313474	4313654	2.87e-75	285
NC_003076.8:9590410-9592551	NC_003076.8	95.055	182	8	1	1496	1677	8745759	8745579	2.87e-75	285
NC_003076.8:9590410-9592551	NC_003076.8	95.055	182	8	1	1496	1677	9591350	9591530	2.87e-75	285
NC_003076.8:9590410-9592551	NC_003076.8	95.055	182	8	1	941	1121	9591905	9592086	2.87e-75	285
NC_003076.8:9590410-9592551	NC_003076.8	94.505	182	10	0	1496	1677	4781290	4781109	3.71e-74	281
NC_003076.8:9590410-9592551	NC_003076.8	94.536	183	9	1	1496	1677	17365983	17366165	3.71e-74	281
NC_003076.8:9590410-9592551	NC_003076.8	94.505	182	10	0	1496	1677	20681453	20681272	3.71e-74	281
NC_003076.8:9590410-9592551	NC_003076.8	94.505	182	9	1	1496	1677	20281045	20280865	1.34e-73	279
NC_003076.8:9590410-9592551	NC_003076.8	92.386	197	13	2	1485	1680	24186970	24186775	1.34e-73	279
NC_003076.8:9590410-9592551	NC_003076.8	94.022	184	10	1	1155	1338	11026980	11027162	4.80e-73	278
NC_003076.8:9590410-9592551	NC_003076.8	93.956	182	11	0	1496	1677	11026281	11026462	1.73e-72	276
NC_003076.8:9590410-9592551	NC_003076.8	93.956	182	7	3	2	182	19670802	19670980	2.23e-71	272
NC_003076.8:9590410-9592551	NC_003076.8	92.593	189	12	2	941	1128	9134111	9134298	8.04e-71	270
NC_003076.8:9590410-9592551	NC_003076.8	93.011	186	4	2	1496	1680	9558551	9558374	1.34e-68	263
NC_003076.8:9590410-9592551	NC_003076.8	86.747	249	14	7	1	247	354140	354371	1.74e-67	259
NC_003076.8:9590410-9592551	NC_003076.8	91.758	182	7	1	1496	1677	9964077	9963904	1.35e-63	246
NC_003076.8:9590410-9592551	NC_003076.8	89.691	194	11	4	1484	1677	17776658	17776842	2.27e-61	239
NC_003076.8:9590410-9592551	NC_003076.8	90.000	190	10	2	1488	1677	16357407	16357587	8.15e-61	237
NC_003076.8:9590410-9592551	NC_003076.8	90.659	182	9	1	1496	1677	1897707	1897534	2.93e-60	235
NC_003076.8:9590410-9592551	NC_003076.8	90.055	181	10	1	1496	1676	14081897	14081725	4.91e-58	228
NC_003076.8:9590410-9592551	NC_003076.8	92.857	126	7	2	2003	2127	4780334	4780210	3.87e-44	182
NC_003076.8:9590410-9592551	NC_003076.8	87.662	154	15	3	1339	1491	13982136	13982286	1.80e-42	176
NC_003076.8:9590410-9592551	NC_003076.8	96.000	100	3	1	1	100	20398218	20398316	5.05e-38	161
NC_003076.8:9590410-9592551	NC_003076.8	90.244	123	12	0	941	1063	25904890	25905012	5.05e-38	161
NC_003076.8:9590410-9592551	NC_003076.8	84.615	130	15	5	2003	2128	23662131	23662003	6.62e-27	124
NC_003076.8:9590410-9592551	NC_003076.8	93.827	81	5	0	1	81	5978053	5977973	2.38e-26	122
NC_003076.8:9590410-9592551	NC_003076.8	93.750	80	5	0	2	81	20280646	20280567	8.57e-26	121
NC_003076.8:9590410-9592551	NC_003076.8	92.683	82	4	2	1	81	9133953	9134033	1.11e-24	117
NC_003076.8:9590410-9592551	NC_003076.8	91.011	89	5	3	1	89	15043428	15043343	1.11e-24	117
NC_003076.8:9590410-9592551	NC_003076.8	92.500	80	6	0	1339	1418	7154438	7154359	3.99e-24	115
NC_003076.8:9590410-9592551	NC_003076.8	92.500	80	6	0	1339	1418	8746700	8746621	3.99e-24	115
NC_003076.8:9590410-9592551	NC_003076.8	92.500	80	6	0	1339	1418	9559506	9559427	3.99e-24	115
NC_003076.8:9590410-9592551	NC_003076.8	91.566	83	7	0	1336	1418	9590408	9590490	3.99e-24	115
NC_003076.8:9590410-9592551	NC_003076.8	92.500	80	6	0	2	81	9591748	9591827	3.99e-24	115
NC_003076.8:9590410-9592551	NC_003076.8	92.500	80	6	0	1339	1418	9965016	9964937	3.99e-24	115
NC_003076.8:9590410-9592551	NC_003076.8	92.500	80	6	0	1339	1418	14082834	14082755	3.99e-24	115
NC_003076.8:9590410-9592551	NC_003076.8	92.500	80	6	0	1339	1418	14151293	14151214	3.99e-24	115
NC_003076.8:9590410-9592551	NC_003076.8	92.500	80	6	0	1339	1418	15606600	15606521	3.99e-24	115
NC_003076.8:9590410-9592551	NC_003076.8	92.500	80	6	0	1339	1418	17796784	17796705	3.99e-24	115
NC_003076.8:9590410-9592551	NC_003076.8	92.500	80	6	0	1339	1418	18853953	18854032	3.99e-24	115
NC_003076.8:9590410-9592551	NC_003076.8	98.413	63	1	0	1615	1677	18854899	18854961	5.16e-23	111
NC_003076.8:9590410-9592551	NC_003076.8	91.358	81	7	0	1	81	24476591	24476511	5.16e-23	111
NC_003076.8:9590410-9592551	NC_003076.8	91.250	80	7	0	1339	1418	354141	354220	1.85e-22	110
NC_003076.8:9590410-9592551	NC_003076.8	91.250	80	7	0	1339	1418	11025337	11025416	1.85e-22	110
NC_003076.8:9590410-9592551	NC_003076.8	91.358	81	6	1	1339	1419	17365026	17365105	1.85e-22	110
NC_003076.8:9590410-9592551	NC_003076.8	91.250	80	7	0	1339	1418	19931557	19931478	1.85e-22	110
NC_003076.8:9590410-9592551	NC_003076.8	91.250	80	7	0	1339	1418	21530090	21530169	1.85e-22	110
NC_003076.8:9590410-9592551	NC_003076.8	82.308	130	15	8	2006	2130	13892253	13892127	2.40e-21	106
NC_003076.8:9590410-9592551	NC_003076.8	90.000	80	8	0	1339	1418	3020195	3020116	8.63e-21	104
NC_003076.8:9590410-9592551	NC_003076.8	90.000	80	8	0	1339	1418	13918789	13918710	8.63e-21	104
NC_003076.8:9590410-9592551	NC_003076.8	98.305	59	1	0	1276	1334	15605466	15605408	8.63e-21	104
NC_003076.8:9590410-9592551	NC_003076.8	90.000	80	8	0	1339	1418	25264512	25264591	8.63e-21	104
NC_003076.8:9590410-9592551	NC_003076.8	95.312	64	3	0	1	64	10714424	10714487	3.10e-20	102
NC_003076.8:9590410-9592551	NC_003076.8	88.372	86	7	3	1	85	13982135	13982218	1.12e-19	100
NC_003076.8:9590410-9592551	NC_003076.8	100.000	54	0	0	1921	1974	15576716	15576663	1.12e-19	100
NC_003076.8:9590410-9592551	NC_003076.8	87.356	87	11	0	1332	1418	19742623	19742537	1.12e-19	100
NC_003076.8:9590410-9592551	NC_003076.8	96.667	60	2	0	1618	1677	21530929	21530988	1.12e-19	100
NC_003076.8:9590410-9592551	NC_003076.8	88.750	80	9	0	1339	1418	20281983	20281904	4.01e-19	99.0
NC_003076.8:9590410-9592551	NC_003076.8	87.356	87	10	1	1333	1418	20398212	20398298	4.01e-19	99.0
NC_003076.8:9590410-9592551	NC_003076.8	86.364	88	11	1	1332	1418	15342702	15342615	5.19e-18	95.3
NC_003076.8:9590410-9592551	NC_003076.8	87.500	80	10	0	1339	1418	19670802	19670881	1.87e-17	93.5
NC_003076.8:9590410-9592551	NC_003076.8	90.625	64	6	0	1355	1418	17775746	17775809	3.12e-15	86.1
NC_003076.8:9590410-9592551	NC_003076.8	97.436	39	1	0	1639	1677	4313874	4313912	1.13e-09	67.6
NC_003076.8:9590410-9592551	NC_003070.9	97.483	2145	49	5	1	2142	30253107	30250965	0.0	3657
NC_003076.8:9590410-9592551	NC_003070.9	97.280	2132	52	6	1	2128	22994060	22991931	0.0	3611
NC_003076.8:9590410-9592551	NC_003070.9	97.137	2131	55	6	1	2128	12330053	12327926	0.0	3592
NC_003076.8:9590410-9592551	NC_003070.9	95.390	1345	54	4	1	1338	9816210	9817553	0.0	2134
NC_003076.8:9590410-9592551	NC_003070.9	95.146	1339	55	6	1	1332	13058823	13060158	0.0	2104
NC_003076.8:9590410-9592551	NC_003070.9	96.651	1254	39	3	878	2128	22621842	22620589	0.0	2080
NC_003076.8:9590410-9592551	NC_003070.9	94.284	1347	56	10	1	1338	8114770	8116104	0.0	2041
NC_003076.8:9590410-9592551	NC_003070.9	93.893	1359	57	9	1	1334	26171480	26170123	0.0	2026
NC_003076.8:9590410-9592551	NC_003070.9	93.109	1364	64	10	1	1338	7035191	7036550	0.0	1971
NC_003076.8:9590410-9592551	NC_003070.9	93.393	1347	52	14	1	1338	19995734	19994416	0.0	1960
NC_003076.8:9590410-9592551	NC_003070.9	93.373	1343	58	9	1	1334	501372	500052	0.0	1958
NC_003076.8:9590410-9592551	NC_003070.9	92.821	1365	67	9	1	1338	17899863	17901223	0.0	1949
NC_003076.8:9590410-9592551	NC_003070.9	92.905	1353	67	10	1	1338	22449931	22451269	0.0	1940
NC_003076.8:9590410-9592551	NC_003070.9	92.730	1348	70	7	14	1338	30255510	30254168	0.0	1921
NC_003076.8:9590410-9592551	NC_003070.9	92.735	1349	59	16	1	1338	11737393	11736073	0.0	1912
NC_003076.8:9590410-9592551	NC_003070.9	92.313	1366	62	12	1	1338	9867414	9866064	0.0	1901
NC_003076.8:9590410-9592551	NC_003070.9	91.985	1360	54	13	1	1338	16903800	16905126	0.0	1857
NC_003076.8:9590410-9592551	NC_003070.9	92.964	1265	58	11	5	1246	19329256	19328000	0.0	1814
NC_003076.8:9590410-9592551	NC_003070.9	95.625	960	39	3	1	958	19061965	19062923	0.0	1537
NC_003076.8:9590410-9592551	NC_003070.9	96.810	909	24	4	1	907	11699698	11700603	0.0	1513
NC_003076.8:9590410-9592551	NC_003070.9	93.360	1009	49	7	338	1338	13017571	13016573	0.0	1476
NC_003076.8:9590410-9592551	NC_003070.9	94.530	841	26	5	1	823	12364135	12364973	0.0	1280
NC_003076.8:9590410-9592551	NC_003070.9	94.000	850	40	4	266	1112	19062923	19063764	0.0	1277
NC_003076.8:9590410-9592551	NC_003070.9	94.293	841	24	6	1	823	16824518	16825352	0.0	1266
NC_003076.8:9590410-9592551	NC_003070.9	94.076	844	24	8	1	823	23213666	23214504	0.0	1258
NC_003076.8:9590410-9592551	NC_003070.9	93.846	845	26	8	1	823	19466949	19466109	0.0	1249
NC_003076.8:9590410-9592551	NC_003070.9	94.321	810	29	4	1	809	4785461	4786254	0.0	1225
NC_003076.8:9590410-9592551	NC_003070.9	93.246	844	32	7	1	823	16325444	16326283	0.0	1219
NC_003076.8:9590410-9592551	NC_003070.9	93.112	842	36	11	1	823	12564081	12563243	0.0	1214
NC_003076.8:9590410-9592551	NC_003070.9	88.783	945	66	14	1	912	16806989	16807926	0.0	1122
NC_003076.8:9590410-9592551	NC_003070.9	91.466	832	34	13	515	1338	18791325	18792127	0.0	1109
NC_003076.8:9590410-9592551	NC_003070.9	93.027	674	28	6	671	1338	15939781	15940441	0.0	966
NC_003076.8:9590410-9592551	NC_003070.9	91.799	695	33	8	236	911	17552860	17552171	0.0	946
NC_003076.8:9590410-9592551	NC_003070.9	87.721	847	57	27	1	813	16806150	16806983	0.0	944
NC_003076.8:9590410-9592551	NC_003070.9	95.134	596	28	1	1385	1979	23876173	23876768	0.0	939
NC_003076.8:9590410-9592551	NC_003070.9	85.082	972	79	31	1	940	13262203	13261266	0.0	931
NC_003076.8:9590410-9592551	NC_003070.9	90.096	727	49	7	236	942	1977027	1976304	0.0	922
NC_003076.8:9590410-9592551	NC_003070.9	89.959	727	47	10	236	942	14299705	14298985	0.0	915
NC_003076.8:9590410-9592551	NC_003070.9	89.959	727	47	10	236	942	29320592	29319872	0.0	915
NC_003076.8:9590410-9592551	NC_003070.9	90.818	697	41	13	247	924	19085234	19085926	0.0	911
NC_003076.8:9590410-9592551	NC_003070.9	89.779	724	49	9	236	939	6736003	6736721	0.0	904
NC_003076.8:9590410-9592551	NC_003070.9	89.365	724	51	10	236	939	17368	18085	0.0	887
NC_003076.8:9590410-9592551	NC_003070.9	89.773	704	48	8	247	931	8291436	8290738	0.0	880
NC_003076.8:9590410-9592551	NC_003070.9	89.957	697	45	12	247	924	19173667	19172977	0.0	876
NC_003076.8:9590410-9592551	NC_003070.9	88.874	728	54	11	236	942	3074585	3073864	0.0	870
NC_003076.8:9590410-9592551	NC_003070.9	89.231	715	46	15	247	942	12855858	12855156	0.0	865
NC_003076.8:9590410-9592551	NC_003070.9	90.513	643	41	4	236	860	2235029	2234389	0.0	832
NC_003076.8:9590410-9592551	NC_003070.9	97.228	469	12	1	1	469	22622305	22621838	0.0	793
NC_003076.8:9590410-9592551	NC_003070.9	96.746	461	15	0	1	461	15939323	15939783	0.0	769
NC_003076.8:9590410-9592551	NC_003070.9	96.088	409	15	1	1	409	18790927	18791334	0.0	665
NC_003076.8:9590410-9592551	NC_003070.9	94.059	404	16	4	941	1338	12876772	12876371	5.39e-172	606
NC_003076.8:9590410-9592551	NC_003070.9	93.564	404	17	4	941	1338	16998385	16997985	4.20e-168	593
NC_003076.8:9590410-9592551	NC_003070.9	92.910	409	24	5	236	642	18746910	18746505	5.43e-167	590
NC_003076.8:9590410-9592551	NC_003070.9	87.452	526	42	11	1485	1995	19063589	19064105	2.53e-165	584
NC_003076.8:9590410-9592551	NC_003070.9	92.481	399	13	5	948	1338	11700603	11700992	1.98e-156	555
NC_003076.8:9590410-9592551	NC_003070.9	91.858	393	23	4	948	1334	3413718	3414107	5.55e-152	540
NC_003076.8:9590410-9592551	NC_003070.9	90.864	405	27	6	941	1338	28161194	28161595	2.58e-150	534
NC_003076.8:9590410-9592551	NC_003070.9	94.100	339	18	1	1339	1677	12876927	12876591	3.36e-144	514
NC_003076.8:9590410-9592551	NC_003070.9	93.586	343	21	1	1339	1680	3413554	3413896	4.35e-143	510
NC_003076.8:9590410-9592551	NC_003070.9	93.548	341	19	3	1339	1677	28161035	28161374	2.02e-141	505
NC_003076.8:9590410-9592551	NC_003070.9	95.082	305	12	2	1693	1995	16998037	16997734	4.41e-133	477
NC_003076.8:9590410-9592551	NC_003070.9	95.082	305	12	2	1693	1995	30254220	30253917	4.41e-133	477
NC_003076.8:9590410-9592551	NC_003070.9	87.736	424	31	5	534	939	23174140	23174560	1.59e-132	475
NC_003076.8:9590410-9592551	NC_003070.9	94.408	304	15	2	1693	1995	8116052	8116354	9.55e-130	466
NC_003076.8:9590410-9592551	NC_003070.9	94.408	304	15	2	1693	1995	12365214	12365516	9.55e-130	466
NC_003076.8:9590410-9592551	NC_003070.9	94.408	304	15	2	1693	1995	13016625	13016323	9.55e-130	466
NC_003076.8:9590410-9592551	NC_003070.9	94.079	304	16	2	1693	1995	16326523	16326825	4.44e-128	460
NC_003076.8:9590410-9592551	NC_003070.9	94.079	304	16	2	1693	1995	19465868	19465566	4.44e-128	460
NC_003076.8:9590410-9592551	NC_003070.9	94.079	304	15	3	1693	1995	15940389	15940690	1.60e-127	459
NC_003076.8:9590410-9592551	NC_003070.9	94.040	302	16	2	1695	1995	23214744	23215044	5.75e-127	457
NC_003076.8:9590410-9592551	NC_003070.9	93.750	304	17	2	1693	1995	11700940	11701242	2.07e-126	455
NC_003076.8:9590410-9592551	NC_003070.9	93.750	304	16	3	1693	1995	19768779	19768478	7.44e-126	453
NC_003076.8:9590410-9592551	NC_003070.9	94.828	290	14	1	1693	1981	3414058	3414347	2.67e-125	451
NC_003076.8:9590410-9592551	NC_003070.9	93.421	304	18	2	1693	1995	4786465	4786767	9.62e-125	449
NC_003076.8:9590410-9592551	NC_003070.9	93.421	304	18	2	1693	1995	19994468	19994166	9.62e-125	449
NC_003076.8:9590410-9592551	NC_003070.9	93.421	304	15	5	1693	1995	12563003	12562704	1.24e-123	446
NC_003076.8:9590410-9592551	NC_003070.9	93.092	304	19	2	1693	1995	16905074	16905376	4.47e-123	444
NC_003076.8:9590410-9592551	NC_003070.9	94.464	289	14	2	1693	1979	18792075	18792363	4.47e-123	444
NC_003076.8:9590410-9592551	NC_003070.9	93.092	304	19	2	1693	1995	22451217	22451519	4.47e-123	444
NC_003076.8:9590410-9592551	NC_003070.9	92.834	307	17	2	1693	1995	7036498	7036803	5.79e-122	440
NC_003076.8:9590410-9592551	NC_003070.9	92.810	306	18	2	1693	1995	12876423	12876119	5.79e-122	440
NC_003076.8:9590410-9592551	NC_003070.9	92.763	304	20	2	1693	1995	16825594	16825896	2.08e-121	438
NC_003076.8:9590410-9592551	NC_003070.9	94.700	283	14	1	640	922	18746460	18746179	2.08e-121	438
NC_003076.8:9590410-9592551	NC_003070.9	92.459	305	19	3	1693	1995	13060111	13060413	9.69e-120	433
NC_003076.8:9590410-9592551	NC_003070.9	94.014	284	14	3	1713	1995	19328001	19327720	4.51e-118	427
NC_003076.8:9590410-9592551	NC_003070.9	91.935	310	16	5	1033	1334	19769039	19768731	1.62e-117	425
NC_003076.8:9590410-9592551	NC_003070.9	96.850	254	7	1	1	254	23554439	23554187	5.83e-117	424
NC_003076.8:9590410-9592551	NC_003070.9	96.484	256	8	1	1	256	25963257	25963003	2.10e-116	422
NC_003076.8:9590410-9592551	NC_003070.9	96.281	242	7	2	1	242	3910601	3910362	1.27e-108	396
NC_003076.8:9590410-9592551	NC_003070.9	91.724	290	12	5	1693	1982	26170172	26169895	1.64e-107	392
NC_003076.8:9590410-9592551	NC_003070.9	89.655	319	16	8	1693	1995	11736125	11735808	5.91e-107	390
NC_003076.8:9590410-9592551	NC_003070.9	93.077	260	13	5	1	257	17552998	17552741	1.66e-102	375
NC_003076.8:9590410-9592551	NC_003070.9	93.077	260	10	4	1086	1338	16825388	16825646	5.95e-102	374
NC_003076.8:9590410-9592551	NC_003070.9	92.969	256	10	4	1089	1338	12563204	12562951	9.96e-100	366
NC_003076.8:9590410-9592551	NC_003070.9	92.308	260	15	5	1	257	2235167	2234910	3.58e-99	364
NC_003076.8:9590410-9592551	NC_003070.9	92.075	265	12	4	1080	1338	4786256	4786517	3.58e-99	364
NC_003076.8:9590410-9592551	NC_003070.9	92.969	256	7	2	1	256	8490194	8489950	1.29e-98	363
NC_003076.8:9590410-9592551	NC_003070.9	92.278	259	13	7	1	257	14299842	14299589	4.64e-98	361
NC_003076.8:9590410-9592551	NC_003070.9	91.729	266	11	5	1081	1338	23214532	23214794	1.67e-97	359
NC_003076.8:9590410-9592551	NC_003070.9	91.829	257	16	5	4	257	18747045	18746791	7.76e-96	353
NC_003076.8:9590410-9592551	NC_003070.9	91.538	260	14	4	1086	1338	19466074	19465816	2.79e-95	351
NC_003076.8:9590410-9592551	NC_003070.9	91.506	259	15	3	1086	1338	12365009	12365266	1.00e-94	350
NC_003076.8:9590410-9592551	NC_003070.9	91.011	267	13	6	1081	1338	16326311	16326575	1.00e-94	350
NC_003076.8:9590410-9592551	NC_003070.9	94.348	230	9	4	1339	1568	18790104	18790329	1.00e-94	350
NC_003076.8:9590410-9592551	NC_003070.9	91.968	249	17	3	1	247	17009	17256	1.30e-93	346
NC_003076.8:9590410-9592551	NC_003070.9	90.763	249	20	3	1	247	3074944	3074697	1.31e-88	329
NC_003076.8:9590410-9592551	NC_003070.9	87.713	293	18	3	1693	1982	9866118	9865841	1.69e-87	326
NC_003076.8:9590410-9592551	NC_003070.9	96.447	197	6	1	1485	1680	16998396	16998200	6.08e-87	324
NC_003076.8:9590410-9592551	NC_003070.9	87.372	293	19	3	1693	1982	17901169	17901446	7.87e-86	320
NC_003076.8:9590410-9592551	NC_003070.9	97.802	182	4	0	1496	1677	9817151	9817332	3.66e-84	315
NC_003076.8:9590410-9592551	NC_003070.9	91.026	234	16	5	28	257	17255	17487	4.74e-83	311
NC_003076.8:9590410-9592551	NC_003070.9	96.703	182	6	0	1496	1677	26170521	26170340	7.92e-81	303
NC_003076.8:9590410-9592551	NC_003070.9	96.237	186	5	2	1496	1680	30254567	30254383	7.92e-81	303
NC_003076.8:9590410-9592551	NC_003070.9	89.873	237	20	4	24	257	29320708	29320473	2.85e-80	302
NC_003076.8:9590410-9592551	NC_003070.9	90.171	234	18	5	28	257	3074698	3074466	1.03e-79	300
NC_003076.8:9590410-9592551	NC_003070.9	95.161	186	8	1	1496	1680	9866468	9866283	1.72e-77	292
NC_003076.8:9590410-9592551	NC_003070.9	95.628	183	7	1	1496	1677	17900819	17901001	1.72e-77	292
NC_003076.8:9590410-9592551	NC_003070.9	95.055	182	8	1	1496	1677	13059763	13059943	2.87e-75	285
NC_003076.8:9590410-9592551	NC_003070.9	87.692	260	13	6	1	257	19085099	19085342	2.87e-75	285
NC_003076.8:9590410-9592551	NC_003070.9	94.536	183	9	1	941	1122	12328558	12328376	3.71e-74	281
NC_003076.8:9590410-9592551	NC_003070.9	94.536	183	9	1	941	1122	22992564	22992382	3.71e-74	281
NC_003076.8:9590410-9592551	NC_003070.9	93.956	182	11	0	1496	1677	7036148	7036329	1.73e-72	276
NC_003076.8:9590410-9592551	NC_003070.9	93.989	183	10	1	1496	1677	19328311	19328129	1.73e-72	276
NC_003076.8:9590410-9592551	NC_003070.9	93.989	183	10	1	941	1122	22621223	22621041	1.73e-72	276
NC_003076.8:9590410-9592551	NC_003070.9	93.548	186	11	1	941	1125	30251610	30251425	1.73e-72	276
NC_003076.8:9590410-9592551	NC_003070.9	93.956	182	10	1	1496	1677	12329113	12328933	6.21e-72	274
NC_003076.8:9590410-9592551	NC_003070.9	93.956	182	10	1	1496	1677	30252166	30251986	6.21e-72	274
NC_003076.8:9590410-9592551	NC_003070.9	86.873	259	14	6	1	257	12855993	12855753	2.23e-71	272
NC_003076.8:9590410-9592551	NC_003070.9	93.407	182	11	1	1496	1677	22621779	22621599	2.89e-70	268
NC_003076.8:9590410-9592551	NC_003070.9	93.407	182	11	1	1496	1677	22993120	22992940	2.89e-70	268
NC_003076.8:9590410-9592551	NC_003070.9	92.896	183	12	1	941	1122	23876284	23876466	3.74e-69	265
NC_003076.8:9590410-9592551	NC_003070.9	86.154	260	15	8	1	257	19173802	19173561	4.84e-68	261
NC_003076.8:9590410-9592551	NC_003070.9	85.769	260	18	6	1	257	8291571	8291328	6.26e-67	257
NC_003076.8:9590410-9592551	NC_003070.9	92.857	182	5	1	1496	1677	16904733	16904906	6.26e-67	257
NC_003076.8:9590410-9592551	NC_003070.9	90.722	194	10	1	1484	1677	13016979	13016794	2.91e-65	252
NC_003076.8:9590410-9592551	NC_003070.9	90.404	198	10	2	1484	1680	15940039	15940228	2.91e-65	252
NC_003076.8:9590410-9592551	NC_003070.9	90.206	194	10	2	1484	1677	22450867	22451051	4.87e-63	244
NC_003076.8:9590410-9592551	NC_003070.9	89.691	194	12	1	1484	1677	500456	500271	6.30e-62	241
NC_003076.8:9590410-9592551	NC_003070.9	90.860	186	8	2	1496	1681	8115710	8115886	6.30e-62	241
NC_003076.8:9590410-9592551	NC_003070.9	91.209	182	8	1	1496	1677	11736466	11736293	6.30e-62	241
NC_003076.8:9590410-9592551	NC_003070.9	90.374	187	9	2	1492	1677	11700592	11700770	8.15e-61	237
NC_003076.8:9590410-9592551	NC_003070.9	90.659	182	9	1	1496	1677	19994809	19994636	2.93e-60	235
NC_003076.8:9590410-9592551	NC_003070.9	92.593	162	6	4	1339	1500	16998954	16998799	4.91e-58	228
NC_003076.8:9590410-9592551	NC_003070.9	92.500	160	4	1	1518	1677	18791754	18791905	2.28e-56	222
NC_003076.8:9590410-9592551	NC_003070.9	93.478	138	9	0	1693	1830	500101	499964	2.30e-51	206
NC_003076.8:9590410-9592551	NC_003070.9	91.333	150	11	2	1847	1995	14309405	14309257	8.27e-51	204
NC_003076.8:9590410-9592551	NC_003070.9	93.220	118	7	1	2010	2127	12875992	12875876	2.33e-41	172
NC_003076.8:9590410-9592551	NC_003070.9	96.386	83	2	1	1889	1970	499957	499875	3.06e-30	135
NC_003076.8:9590410-9592551	NC_003070.9	92.308	91	6	1	1588	1677	19769039	19768949	5.12e-28	128
NC_003076.8:9590410-9592551	NC_003070.9	95.062	81	2	2	1339	1418	4785462	4785541	1.84e-27	126
NC_003076.8:9590410-9592551	NC_003070.9	93.750	80	5	0	2	81	30251767	30251688	8.57e-26	121
NC_003076.8:9590410-9592551	NC_003070.9	82.734	139	19	5	2003	2138	11803669	11803533	3.08e-25	119
NC_003076.8:9590410-9592551	NC_003070.9	83.969	131	12	9	2003	2127	5863385	5863512	1.11e-24	117
NC_003076.8:9590410-9592551	NC_003070.9	92.683	82	4	2	1	81	12876928	12876848	1.11e-24	117
NC_003076.8:9590410-9592551	NC_003070.9	92.593	81	6	0	1	81	18790103	18790183	1.11e-24	117
NC_003076.8:9590410-9592551	NC_003070.9	92.500	80	6	0	1339	1418	2235166	2235087	3.99e-24	115
NC_003076.8:9590410-9592551	NC_003070.9	92.500	80	6	0	1339	1418	8114771	8114850	3.99e-24	115
NC_003076.8:9590410-9592551	NC_003070.9	90.805	87	6	2	1339	1423	8490193	8490107	3.99e-24	115
NC_003076.8:9590410-9592551	NC_003070.9	92.500	80	6	0	1339	1418	9867413	9867334	3.99e-24	115
NC_003076.8:9590410-9592551	NC_003070.9	92.593	81	4	2	1339	1418	16903801	16903880	3.99e-24	115
NC_003076.8:9590410-9592551	NC_003070.9	92.500	80	6	0	1339	1418	18790928	18791007	3.99e-24	115
NC_003076.8:9590410-9592551	NC_003070.9	92.500	80	6	0	1339	1418	19061966	19062045	3.99e-24	115
NC_003076.8:9590410-9592551	NC_003070.9	92.500	80	6	0	1339	1418	19995733	19995654	3.99e-24	115
NC_003076.8:9590410-9592551	NC_003070.9	92.500	80	6	0	2	81	22992721	22992642	3.99e-24	115
NC_003076.8:9590410-9592551	NC_003070.9	91.667	84	6	1	1339	1421	23554438	23554355	3.99e-24	115
NC_003076.8:9590410-9592551	NC_003070.9	92.500	80	6	0	1339	1418	30253106	30253027	3.99e-24	115
NC_003076.8:9590410-9592551	NC_003070.9	92.500	80	5	1	2	81	12328714	12328636	1.43e-23	113
NC_003076.8:9590410-9592551	NC_003070.9	91.463	82	5	2	1	81	3413553	3413633	5.16e-23	111
NC_003076.8:9590410-9592551	NC_003070.9	91.358	81	7	0	1	81	16998955	16998875	5.16e-23	111
NC_003076.8:9590410-9592551	NC_003070.9	91.250	80	7	0	1339	1418	3910600	3910521	1.85e-22	110
NC_003076.8:9590410-9592551	NC_003070.9	91.250	80	7	0	1339	1418	7035192	7035271	1.85e-22	110
NC_003076.8:9590410-9592551	NC_003070.9	91.250	80	7	0	1339	1418	12330052	12329973	1.85e-22	110
NC_003076.8:9590410-9592551	NC_003070.9	91.250	80	7	0	1339	1418	12855992	12855913	1.85e-22	110
NC_003076.8:9590410-9592551	NC_003070.9	91.250	80	7	0	1339	1418	13058824	13058903	1.85e-22	110
NC_003076.8:9590410-9592551	NC_003070.9	91.250	80	7	0	1339	1418	15939324	15939403	1.85e-22	110
NC_003076.8:9590410-9592551	NC_003070.9	91.250	80	7	0	1339	1418	16325445	16325524	1.85e-22	110
NC_003076.8:9590410-9592551	NC_003070.9	91.250	80	7	0	1339	1418	17552997	17552918	1.85e-22	110
NC_003076.8:9590410-9592551	NC_003070.9	91.250	80	7	0	1339	1418	19085100	19085179	1.85e-22	110
NC_003076.8:9590410-9592551	NC_003070.9	91.250	80	7	0	1339	1418	19173801	19173722	1.85e-22	110
NC_003076.8:9590410-9592551	NC_003070.9	91.250	80	7	0	1339	1418	22449932	22450011	1.85e-22	110
NC_003076.8:9590410-9592551	NC_003070.9	91.250	80	7	0	1339	1418	23213667	23213746	1.85e-22	110
NC_003076.8:9590410-9592551	NC_003070.9	91.250	80	6	1	1339	1418	14299841	14299763	6.67e-22	108
NC_003076.8:9590410-9592551	NC_003070.9	89.535	86	6	3	4	89	22621378	22621296	2.40e-21	106
NC_003076.8:9590410-9592551	NC_003070.9	86.598	97	11	2	1323	1418	25963272	25963177	2.40e-21	106
NC_003076.8:9590410-9592551	NC_003070.9	90.000	80	8	0	1339	1418	9816211	9816290	8.63e-21	104
NC_003076.8:9590410-9592551	NC_003070.9	90.000	80	8	0	1339	1418	11737392	11737313	8.63e-21	104
NC_003076.8:9590410-9592551	NC_003070.9	90.123	81	7	1	1339	1419	12364136	12364215	8.63e-21	104
NC_003076.8:9590410-9592551	NC_003070.9	89.535	86	4	4	1336	1419	16824516	16824598	8.63e-21	104
NC_003076.8:9590410-9592551	NC_003070.9	96.825	63	1	1	1276	1338	19063794	19063855	8.63e-21	104
NC_003076.8:9590410-9592551	NC_003070.9	88.506	87	9	1	1332	1418	19466954	19466869	8.63e-21	104
NC_003076.8:9590410-9592551	NC_003070.9	89.286	84	7	2	1339	1421	19724756	19724838	8.63e-21	104
NC_003076.8:9590410-9592551	NC_003070.9	90.000	80	8	0	1339	1418	26171479	26171400	8.63e-21	104
NC_003076.8:9590410-9592551	NC_003070.9	88.095	84	10	0	1335	1418	12564084	12564001	1.12e-19	100
NC_003076.8:9590410-9592551	NC_003070.9	89.744	78	8	0	1341	1418	18747045	18746968	1.12e-19	100
NC_003076.8:9590410-9592551	NC_003070.9	89.744	78	8	0	1339	1416	22622304	22622227	1.12e-19	100
NC_003076.8:9590410-9592551	NC_003070.9	89.744	78	7	1	1342	1419	19329256	19329180	4.01e-19	99.0
NC_003076.8:9590410-9592551	NC_003070.9	87.356	87	8	3	1339	1423	22994059	22993974	1.44e-18	97.1
NC_003076.8:9590410-9592551	NC_003070.9	87.805	82	8	2	1	81	19724755	19724835	5.19e-18	95.3
NC_003076.8:9590410-9592551	NC_003070.9	87.500	80	10	0	1339	1418	3074943	3074864	1.87e-17	93.5
NC_003076.8:9590410-9592551	NC_003070.9	97.674	43	1	0	1635	1677	4786256	4786298	6.76e-12	75.0
NC_003076.8:9590410-9592551	NC_003070.9	97.297	37	1	0	1641	1677	12365009	12365045	1.46e-08	63.9
NC_003076.8:9590410-9592551	NC_003070.9	97.297	37	1	0	1641	1677	12563207	12563171	1.46e-08	63.9
NC_003076.8:9590410-9592551	NC_003070.9	93.182	44	1	1	1636	1677	16326311	16326354	1.46e-08	63.9
NC_003076.8:9590410-9592551	NC_003070.9	97.368	38	0	1	1641	1677	16825388	16825425	1.46e-08	63.9
NC_003076.8:9590410-9592551	NC_003070.9	91.667	48	1	2	1636	1680	23214532	23214579	1.46e-08	63.9
NC_003076.8:9590410-9592551	NC_003070.9	97.059	34	1	0	1644	1677	19466071	19466038	6.81e-07	58.4
NC_003076.8:9590410-9592551	NC_003074.8	97.195	2139	54	5	1	2135	17301278	17299142	0.0	3613
NC_003076.8:9590410-9592551	NC_003074.8	94.428	1346	64	6	1	1338	15937286	15938628	0.0	2060
NC_003076.8:9590410-9592551	NC_003074.8	93.777	1366	55	9	1	1338	10821446	10820083	0.0	2025
NC_003076.8:9590410-9592551	NC_003074.8	93.685	1346	67	7	1	1338	17277814	17276479	0.0	1999
NC_003076.8:9590410-9592551	NC_003074.8	92.937	1345	61	11	1	1338	20786399	20787716	0.0	1927
NC_003076.8:9590410-9592551	NC_003074.8	92.571	1346	64	12	1	1338	5745923	5744606	0.0	1899
NC_003076.8:9590410-9592551	NC_003074.8	92.714	1345	53	12	1	1338	11535844	11537150	0.0	1899
NC_003076.8:9590410-9592551	NC_003074.8	91.605	1346	73	12	1	1338	22118613	22119926	0.0	1823
NC_003076.8:9590410-9592551	NC_003074.8	91.375	1345	60	16	1	1338	17144490	17143195	0.0	1790
NC_003076.8:9590410-9592551	NC_003074.8	95.309	810	35	3	1	809	16450786	16451593	0.0	1282
NC_003076.8:9590410-9592551	NC_003074.8	94.783	805	38	4	4	806	9386343	9385541	0.0	1251
NC_003076.8:9590410-9592551	NC_003074.8	93.029	832	40	7	515	1338	16562051	16562872	0.0	1199
NC_003076.8:9590410-9592551	NC_003074.8	92.628	841	29	8	1	823	17063229	17062404	0.0	1179
NC_003076.8:9590410-9592551	NC_003074.8	91.052	827	44	21	1	823	7996636	7995836	0.0	1090
NC_003076.8:9590410-9592551	NC_003074.8	90.559	805	49	11	161	944	18746347	18747145	0.0	1040
NC_003076.8:9590410-9592551	NC_003074.8	95.000	660	29	3	1339	1995	13327435	13328093	0.0	1033
NC_003076.8:9590410-9592551	NC_003074.8	95.015	662	24	6	1339	1995	18412155	18412812	0.0	1031
NC_003076.8:9590410-9592551	NC_003074.8	89.651	831	53	17	141	940	9890146	9890974	0.0	1027
NC_003076.8:9590410-9592551	NC_003074.8	90.806	794	24	10	1339	2129	1571381	1572128	0.0	1016
NC_003076.8:9590410-9592551	NC_003074.8	94.562	662	27	6	1339	1995	18018782	18019439	0.0	1014
NC_003076.8:9590410-9592551	NC_003074.8	94.384	641	31	5	1358	1995	3965021	3965659	0.0	979
NC_003076.8:9590410-9592551	NC_003074.8	91.022	724	42	7	236	939	16879943	16880663	0.0	955
NC_003076.8:9590410-9592551	NC_003074.8	90.746	724	37	13	236	939	5622169	5622882	0.0	939
NC_003076.8:9590410-9592551	NC_003074.8	90.509	727	44	9	236	942	9559544	9558823	0.0	937
NC_003076.8:9590410-9592551	NC_003074.8	89.986	729	42	14	236	942	20485002	20484283	0.0	913
NC_003076.8:9590410-9592551	NC_003074.8	88.705	726	58	8	236	942	2629888	2629168	0.0	865
NC_003076.8:9590410-9592551	NC_003074.8	88.441	744	46	14	227	945	16173067	16172339	0.0	861
NC_003076.8:9590410-9592551	NC_003074.8	87.755	735	56	12	236	940	3716481	3717211	0.0	828
NC_003076.8:9590410-9592551	NC_003074.8	87.363	728	51	18	236	942	1371038	1370331	0.0	797
NC_003076.8:9590410-9592551	NC_003074.8	92.129	559	28	5	787	1338	9385005	9384456	0.0	774
NC_003076.8:9590410-9592551	NC_003074.8	87.062	657	27	18	688	1338	15452795	15452191	0.0	689
NC_003076.8:9590410-9592551	NC_003074.8	95.599	409	16	2	1	409	16561654	16562060	0.0	654
NC_003076.8:9590410-9592551	NC_003074.8	93.580	405	18	4	941	1338	11503603	11503200	3.25e-169	597
NC_003076.8:9590410-9592551	NC_003074.8	92.574	404	21	4	941	1338	11967811	11968211	1.97e-161	571
NC_003076.8:9590410-9592551	NC_003074.8	92.099	405	23	5	941	1338	17730098	17730500	1.18e-158	562
NC_003076.8:9590410-9592551	NC_003074.8	96.460	339	12	0	1339	1677	11503760	11503422	4.26e-158	560
NC_003076.8:9590410-9592551	NC_003074.8	91.872	406	24	5	941	1338	17776928	17777332	1.53e-157	558
NC_003076.8:9590410-9592551	NC_003074.8	94.798	346	16	2	1332	1677	16419139	16419482	2.00e-151	538
NC_003076.8:9590410-9592551	NC_003074.8	95.015	341	15	2	1339	1677	15485749	15485409	2.58e-150	534
NC_003076.8:9590410-9592551	NC_003074.8	90.819	403	24	8	941	1338	16419302	16419696	4.32e-148	527
NC_003076.8:9590410-9592551	NC_003074.8	94.690	339	17	1	1339	1677	17729941	17730278	1.55e-147	525
NC_003076.8:9590410-9592551	NC_003074.8	93.750	352	14	4	994	1338	10320599	10320949	2.01e-146	521
NC_003076.8:9590410-9592551	NC_003074.8	94.395	339	19	0	1339	1677	10557345	10557007	2.01e-146	521
NC_003076.8:9590410-9592551	NC_003074.8	93.275	342	22	1	1339	1679	17776770	17777111	7.28e-141	503
NC_003076.8:9590410-9592551	NC_003074.8	92.982	342	20	2	1339	1680	9767628	9767291	1.22e-138	496
NC_003076.8:9590410-9592551	NC_003074.8	91.738	351	27	2	1332	1680	11967646	11967996	7.33e-136	486
NC_003076.8:9590410-9592551	NC_003074.8	89.109	404	22	12	941	1338	9767475	9767088	9.48e-135	483
NC_003076.8:9590410-9592551	NC_003074.8	93.578	327	15	3	1	321	11200624	11200950	9.48e-135	483
NC_003076.8:9590410-9592551	NC_003074.8	94.079	304	15	3	1693	1995	10320897	10321198	1.60e-127	459
NC_003076.8:9590410-9592551	NC_003074.8	93.590	312	12	3	941	1244	15485591	15485280	1.60e-127	459
NC_003076.8:9590410-9592551	NC_003074.8	94.059	303	17	1	1693	1995	17777280	17777581	1.60e-127	459
NC_003076.8:9590410-9592551	NC_003074.8	93.750	304	17	2	1693	1995	17276531	17276229	2.07e-126	455
NC_003076.8:9590410-9592551	NC_003074.8	93.750	304	16	3	1693	1995	10820135	10819834	7.44e-126	453
NC_003076.8:9590410-9592551	NC_003074.8	93.421	304	18	2	1693	1995	16451803	16452105	9.62e-125	449
NC_003076.8:9590410-9592551	NC_003074.8	93.443	305	14	5	1693	1995	16419647	16419947	3.46e-124	448
NC_003076.8:9590410-9592551	NC_003074.8	93.115	305	18	2	1693	1995	7995595	7995292	4.47e-123	444
NC_003076.8:9590410-9592551	NC_003074.8	93.092	304	19	2	1693	1995	15452243	15451941	4.47e-123	444
NC_003076.8:9590410-9592551	NC_003074.8	93.092	304	19	2	1693	1995	15938576	15938878	4.47e-123	444
NC_003076.8:9590410-9592551	NC_003074.8	93.092	304	19	2	1693	1995	17062163	17061861	4.47e-123	444
NC_003076.8:9590410-9592551	NC_003074.8	93.443	305	11	5	1693	1995	17730448	17730745	4.47e-123	444
NC_003076.8:9590410-9592551	NC_003074.8	94.138	290	14	3	236	524	10862540	10862827	2.08e-121	438
NC_003076.8:9590410-9592551	NC_003074.8	94.700	283	12	3	1714	1995	15485279	15484999	7.49e-121	436
NC_003076.8:9590410-9592551	NC_003074.8	93.793	290	17	1	1388	1677	10575507	10575219	2.69e-120	435
NC_003076.8:9590410-9592551	NC_003074.8	94.077	287	14	3	1693	1978	9767140	9766856	9.69e-120	433
NC_003076.8:9590410-9592551	NC_003074.8	86.158	419	37	6	540	940	10404825	10405240	9.69e-120	433
NC_003076.8:9590410-9592551	NC_003074.8	92.157	306	17	3	941	1239	10557188	10556883	1.62e-117	425
NC_003076.8:9590410-9592551	NC_003074.8	92.079	303	18	4	1693	1995	22119874	22120170	2.10e-116	422
NC_003076.8:9590410-9592551	NC_003074.8	91.776	304	18	3	1693	1995	20787664	20787961	9.76e-115	416
NC_003076.8:9590410-9592551	NC_003074.8	90.190	316	23	4	941	1249	10575400	10575086	2.11e-111	405
NC_003076.8:9590410-9592551	NC_003074.8	95.312	256	11	1	1	256	18584738	18584992	2.11e-111	405
NC_003076.8:9590410-9592551	NC_003074.8	94.922	256	11	2	1741	1995	10556871	10556617	9.82e-110	399
NC_003076.8:9590410-9592551	NC_003074.8	90.789	304	12	5	1693	1995	11503252	11502964	1.64e-107	392
NC_003076.8:9590410-9592551	NC_003074.8	89.655	319	15	9	1693	1995	17143247	17142931	5.91e-107	390
NC_003076.8:9590410-9592551	NC_003074.8	94.737	247	11	2	1693	1937	16562820	16563066	9.89e-105	383
NC_003076.8:9590410-9592551	NC_003074.8	91.259	286	16	8	242	525	20487006	20486728	3.56e-104	381
NC_003076.8:9590410-9592551	NC_003074.8	97.727	220	4	1	1741	1959	10575083	10574864	4.60e-103	377
NC_003076.8:9590410-9592551	NC_003074.8	87.611	339	18	4	1339	1677	10320413	10320727	2.14e-101	372
NC_003076.8:9590410-9592551	NC_003074.8	91.941	273	10	6	1074	1338	16451587	16451855	2.14e-101	372
NC_003076.8:9590410-9592551	NC_003074.8	88.401	319	20	5	1693	1995	11537098	11537415	2.77e-100	368
NC_003076.8:9590410-9592551	NC_003074.8	92.337	261	15	5	1	257	3716342	3716601	9.96e-100	366
NC_003076.8:9590410-9592551	NC_003074.8	92.969	256	11	3	1089	1338	7995797	7995543	9.96e-100	366
NC_003076.8:9590410-9592551	NC_003074.8	91.892	259	18	3	1	257	17397300	17397043	1.67e-97	359
NC_003076.8:9590410-9592551	NC_003074.8	92.188	256	13	3	1089	1338	17062365	17062111	2.16e-96	355
NC_003076.8:9590410-9592551	NC_003074.8	91.923	260	12	8	1	257	20485140	20484887	2.16e-96	355
NC_003076.8:9590410-9592551	NC_003074.8	91.440	257	18	4	4	257	9559680	9559425	1.00e-94	350
NC_003076.8:9590410-9592551	NC_003074.8	90.769	260	20	4	1	257	10862401	10862659	4.67e-93	344
NC_003076.8:9590410-9592551	NC_003074.8	96.703	182	6	0	1496	1677	15938226	15938407	7.92e-81	303
NC_003076.8:9590410-9592551	NC_003074.8	96.154	182	7	0	1496	1677	10820486	10820305	3.69e-79	298
NC_003076.8:9590410-9592551	NC_003074.8	90.043	231	17	5	28	255	2630001	2629774	4.77e-78	294
NC_003076.8:9590410-9592551	NC_003074.8	94.149	188	9	2	941	1127	17299782	17299596	2.87e-75	285
NC_003076.8:9590410-9592551	NC_003074.8	95.977	174	7	0	1693	1866	11968159	11968332	1.03e-74	283
NC_003076.8:9590410-9592551	NC_003074.8	94.536	183	8	2	689	870	9385008	9385189	3.71e-74	281
NC_003076.8:9590410-9592551	NC_003074.8	94.086	186	9	2	1493	1677	17300342	17300158	3.71e-74	281
NC_003076.8:9590410-9592551	NC_003074.8	93.617	188	11	1	941	1127	1571523	1571710	1.34e-73	279
NC_003076.8:9590410-9592551	NC_003074.8	93.085	188	11	2	941	1127	13327592	13327778	6.21e-72	274
NC_003076.8:9590410-9592551	NC_003074.8	92.268	194	7	1	1484	1677	9384863	9384678	2.89e-70	268
NC_003076.8:9590410-9592551	NC_003074.8	92.935	184	11	2	941	1122	3965159	3965342	1.04e-69	267
NC_003076.8:9590410-9592551	NC_003074.8	85.769	260	21	5	1	257	20487142	20486896	4.84e-68	261
NC_003076.8:9590410-9592551	NC_003074.8	93.605	172	11	0	1693	1864	5744658	5744487	6.26e-67	257
NC_003076.8:9590410-9592551	NC_003074.8	92.857	182	5	1	1496	1677	16562477	16562650	6.26e-67	257
NC_003076.8:9590410-9592551	NC_003074.8	91.489	188	13	3	941	1127	18412311	18412496	2.25e-66	255
NC_003076.8:9590410-9592551	NC_003074.8	90.722	194	10	1	1484	1677	17276885	17276700	2.91e-65	252
NC_003076.8:9590410-9592551	NC_003074.8	91.398	186	7	2	1496	1680	11536758	11536935	1.35e-63	246
NC_003076.8:9590410-9592551	NC_003074.8	92.045	176	12	2	61	236	16879865	16880038	1.35e-63	246
NC_003076.8:9590410-9592551	NC_003074.8	90.476	189	15	3	941	1128	18018938	18019124	1.35e-63	246
NC_003076.8:9590410-9592551	NC_003074.8	90.323	186	9	2	1496	1680	5744998	5744821	2.93e-60	235
NC_003076.8:9590410-9592551	NC_003074.8	90.323	186	9	2	1496	1680	15452557	15452380	2.93e-60	235
NC_003076.8:9590410-9592551	NC_003074.8	89.175	194	12	2	1484	1677	22119520	22119704	1.05e-59	233
NC_003076.8:9590410-9592551	NC_003074.8	93.082	159	8	3	1838	1995	5744483	5744327	1.36e-58	230
NC_003076.8:9590410-9592551	NC_003074.8	90.110	182	10	1	1496	1677	20787323	20787496	1.36e-58	230
NC_003076.8:9590410-9592551	NC_003074.8	87.912	182	6	3	1496	1677	17143580	17143415	1.07e-49	200
NC_003076.8:9590410-9592551	NC_003074.8	94.488	127	7	0	1693	1819	9384508	9384382	1.38e-48	196
NC_003076.8:9590410-9592551	NC_003074.8	97.170	106	2	1	1	106	16879751	16879855	5.01e-43	178
NC_003076.8:9590410-9592551	NC_003074.8	90.909	110	7	3	1	108	9890049	9890157	5.08e-33	145
NC_003076.8:9590410-9592551	NC_003074.8	95.122	82	2	2	1	81	18018781	18018861	5.12e-28	128
NC_003076.8:9590410-9592551	NC_003074.8	95.062	81	2	2	2	81	17299939	17299860	1.84e-27	126
NC_003076.8:9590410-9592551	NC_003074.8	93.827	81	5	0	1	81	13327434	13327514	2.38e-26	122
NC_003076.8:9590410-9592551	NC_003074.8	93.827	81	5	0	1	81	18412154	18412234	2.38e-26	122
NC_003076.8:9590410-9592551	NC_003074.8	93.750	80	5	0	1339	1418	17277813	17277734	8.57e-26	121
NC_003076.8:9590410-9592551	NC_003074.8	93.671	79	4	1	37	115	10392129	10392206	1.11e-24	117
NC_003076.8:9590410-9592551	NC_003074.8	91.765	85	6	1	1	85	16419144	16419227	1.11e-24	117
NC_003076.8:9590410-9592551	NC_003074.8	92.593	81	4	2	1339	1418	11200625	11200704	3.99e-24	115
NC_003076.8:9590410-9592551	NC_003074.8	92.500	80	6	0	1339	1418	11535845	11535924	3.99e-24	115
NC_003076.8:9590410-9592551	NC_003074.8	92.593	81	4	2	1339	1418	16450787	16450866	3.99e-24	115
NC_003076.8:9590410-9592551	NC_003074.8	92.500	80	6	0	1339	1418	16561655	16561734	3.99e-24	115
NC_003076.8:9590410-9592551	NC_003074.8	92.500	80	6	0	1339	1418	17144489	17144410	3.99e-24	115
NC_003076.8:9590410-9592551	NC_003074.8	98.438	64	1	0	1	64	10557346	10557283	1.43e-23	113
NC_003076.8:9590410-9592551	NC_003074.8	87.129	101	11	2	1320	1418	17063249	17063149	1.43e-23	113
NC_003076.8:9590410-9592551	NC_003074.8	100.000	60	0	0	1339	1398	3716343	3716402	5.16e-23	111
NC_003076.8:9590410-9592551	NC_003074.8	89.888	89	6	3	1	89	9767629	9767544	5.16e-23	111
NC_003076.8:9590410-9592551	NC_003074.8	91.358	81	7	0	1	81	11503761	11503681	5.16e-23	111
NC_003076.8:9590410-9592551	NC_003074.8	91.358	81	7	0	1	81	17729940	17730020	5.16e-23	111
NC_003076.8:9590410-9592551	NC_003074.8	91.250	80	7	0	1339	1418	7996635	7996556	1.85e-22	110
NC_003076.8:9590410-9592551	NC_003074.8	91.250	80	7	0	1339	1418	10862402	10862481	1.85e-22	110
NC_003076.8:9590410-9592551	NC_003074.8	91.250	80	7	0	1339	1418	17301277	17301198	1.85e-22	110
NC_003076.8:9590410-9592551	NC_003074.8	90.000	80	8	0	1339	1418	10821445	10821366	8.63e-21	104
NC_003076.8:9590410-9592551	NC_003074.8	88.636	88	7	3	1339	1423	15937287	15937374	8.63e-21	104
NC_003076.8:9590410-9592551	NC_003074.8	90.000	80	8	0	1339	1418	16879752	16879831	8.63e-21	104
NC_003076.8:9590410-9592551	NC_003074.8	89.873	79	8	0	1339	1417	20487141	20487063	3.10e-20	102
NC_003076.8:9590410-9592551	NC_003074.8	89.024	82	8	1	1	81	17776769	17776850	1.12e-19	100
NC_003076.8:9590410-9592551	NC_003074.8	88.750	80	8	1	1339	1418	17397299	17397221	1.44e-18	97.1
NC_003076.8:9590410-9592551	NC_003074.8	95.082	61	3	0	1341	1401	22118616	22118676	1.44e-18	97.1
NC_003076.8:9590410-9592551	NC_003074.8	94.118	51	1	1	1629	1677	16451587	16451637	1.88e-12	76.8
NC_003076.8:9590410-9592551	NC_003074.8	97.297	37	1	0	1641	1677	7995800	7995764	1.46e-08	63.9
NC_003076.8:9590410-9592551	NC_003074.8	100.000	34	0	0	824	857	9385190	9385223	1.46e-08	63.9
NC_003076.8:9590410-9592551	NC_003074.8	97.297	37	1	0	1641	1677	17062368	17062332	1.46e-08	63.9
NC_003076.8:9590410-9592551	NC_003074.8	86.441	59	5	2	2084	2142	16099545	16099490	5.27e-08	62.1
NC_003076.8:9590410-9592551	NC_003074.8	84.375	64	8	2	2080	2142	16213797	16213859	5.27e-08	62.1
NC_003076.8:9590410-9592551	NC_003074.8	88.000	50	5	1	2086	2134	16061557	16061508	6.81e-07	58.4
NC_003076.8:9590410-9592551	NC_003075.7	94.209	1347	58	9	1	1338	1349585	1350920	0.0	2037
NC_003076.8:9590410-9592551	NC_003075.7	94.209	1347	57	8	1	1338	5541389	5540055	0.0	2036
NC_003076.8:9590410-9592551	NC_003075.7	93.991	1348	61	9	1	1338	11360870	11362207	0.0	2023
NC_003076.8:9590410-9592551	NC_003075.7	93.392	1362	61	8	1	1338	1002007	1000651	0.0	1989
NC_003076.8:9590410-9592551	NC_003075.7	93.848	1333	58	8	1	1325	4146126	4147442	0.0	1986
NC_003076.8:9590410-9592551	NC_003075.7	93.323	1348	51	16	1	1338	8730453	8729135	0.0	1954
NC_003076.8:9590410-9592551	NC_003075.7	91.339	1397	55	28	1	1338	8063577	8064966	0.0	1849
NC_003076.8:9590410-9592551	NC_003075.7	93.297	1268	59	5	1	1244	10397385	10396120	0.0	1847
NC_003076.8:9590410-9592551	NC_003075.7	95.556	810	32	4	1	809	16865070	16864264	0.0	1293
NC_003076.8:9590410-9592551	NC_003075.7	94.013	785	29	6	1	769	9763814	9763032	0.0	1173
NC_003076.8:9590410-9592551	NC_003075.7	93.766	786	29	7	1	769	9842608	9841826	0.0	1162
NC_003076.8:9590410-9592551	NC_003075.7	88.187	965	81	15	1	945	2622006	2621055	0.0	1120
NC_003076.8:9590410-9592551	NC_003075.7	95.152	660	28	3	1339	1995	683214	683872	0.0	1038
NC_003076.8:9590410-9592551	NC_003075.7	90.771	726	43	11	236	942	314144	313424	0.0	948
NC_003076.8:9590410-9592551	NC_003075.7	90.590	712	36	13	236	925	7060559	7059857	0.0	915
NC_003076.8:9590410-9592551	NC_003075.7	90.272	699	43	13	247	924	9438920	9439614	0.0	891
NC_003076.8:9590410-9592551	NC_003075.7	92.875	407	26	3	236	641	6178585	6178989	1.95e-166	588
NC_003076.8:9590410-9592551	NC_003075.7	93.069	404	20	4	941	1338	11193412	11193011	2.53e-165	584
NC_003076.8:9590410-9592551	NC_003075.7	92.346	405	22	5	941	1338	6166306	6165904	2.55e-160	568
NC_003076.8:9590410-9592551	NC_003075.7	91.566	415	27	8	232	642	6279131	6279541	9.15e-160	566
NC_003076.8:9590410-9592551	NC_003075.7	91.521	401	27	3	941	1334	371928	371528	1.19e-153	545
NC_003076.8:9590410-9592551	NC_003075.7	95.858	338	12	2	1341	1677	11193567	11193231	1.19e-153	545
NC_003076.8:9590410-9592551	NC_003075.7	93.510	339	22	0	1339	1677	372085	371747	2.02e-141	505
NC_003076.8:9590410-9592551	NC_003075.7	93.510	339	21	1	1339	1677	965798	965461	7.28e-141	503
NC_003076.8:9590410-9592551	NC_003075.7	90.981	377	26	7	1	373	3898130	3897758	2.62e-140	501
NC_003076.8:9590410-9592551	NC_003075.7	93.452	336	22	0	1342	1677	6166460	6166125	9.42e-140	499
NC_003076.8:9590410-9592551	NC_003075.7	94.737	304	14	2	1693	1995	8729187	8728885	2.05e-131	472
NC_003076.8:9590410-9592551	NC_003075.7	94.079	304	16	2	1693	1995	11362155	11362457	4.44e-128	460
NC_003076.8:9590410-9592551	NC_003075.7	93.750	304	17	2	1693	1995	1000703	1000401	2.07e-126	455
NC_003076.8:9590410-9592551	NC_003075.7	93.092	304	19	2	1693	1995	1350868	1351170	4.47e-123	444
NC_003076.8:9590410-9592551	NC_003075.7	93.355	301	19	1	1695	1995	5540105	5539806	4.47e-123	444
NC_003076.8:9590410-9592551	NC_003075.7	93.092	304	19	2	1693	1995	16864053	16863751	4.47e-123	444
NC_003076.8:9590410-9592551	NC_003075.7	93.092	304	18	3	1693	1995	965003	964702	1.61e-122	442
NC_003076.8:9590410-9592551	NC_003075.7	92.763	304	20	2	1693	1995	8064914	8065216	2.08e-121	438
NC_003076.8:9590410-9592551	NC_003075.7	97.638	254	5	1	1	254	7853533	7853281	2.69e-120	435
NC_003076.8:9590410-9592551	NC_003075.7	92.763	304	15	3	946	1243	965636	965334	9.69e-120	433
NC_003076.8:9590410-9592551	NC_003075.7	92.459	305	20	3	1693	1995	6165956	6165653	9.69e-120	433
NC_003076.8:9590410-9592551	NC_003075.7	94.014	284	14	2	1714	1995	10396119	10395837	4.51e-118	427
NC_003076.8:9590410-9592551	NC_003075.7	91.447	304	24	2	1693	1995	371577	371275	9.76e-115	416
NC_003076.8:9590410-9592551	NC_003075.7	93.208	265	9	4	1080	1338	16864262	16864001	3.56e-104	381
NC_003076.8:9590410-9592551	NC_003075.7	89.836	305	17	6	1693	1995	4147402	4147694	1.28e-103	379
NC_003076.8:9590410-9592551	NC_003075.7	91.078	269	18	1	1339	1607	8802133	8802395	1.67e-97	359
NC_003076.8:9590410-9592551	NC_003075.7	91.154	260	17	6	1	257	6178448	6178704	3.61e-94	348
NC_003076.8:9590410-9592551	NC_003075.7	91.968	249	15	5	1	247	5354114	5354359	4.67e-93	344
NC_003076.8:9590410-9592551	NC_003075.7	90.805	261	19	5	1	257	5354476	5354735	4.67e-93	344
NC_003076.8:9590410-9592551	NC_003075.7	91.154	260	14	8	1	257	7060698	7060445	4.67e-93	344
NC_003076.8:9590410-9592551	NC_003075.7	90.661	257	23	1	640	896	3893999	3893744	6.04e-92	340
NC_003076.8:9590410-9592551	NC_003075.7	94.898	196	9	1	1342	1537	14390984	14390790	2.20e-81	305
NC_003076.8:9590410-9592551	NC_003075.7	96.703	182	6	0	1496	1677	10396429	10396248	7.92e-81	303
NC_003076.8:9590410-9592551	NC_003075.7	95.604	182	7	1	1496	1677	1001051	1000871	6.17e-77	291
NC_003076.8:9590410-9592551	NC_003075.7	95.055	182	9	0	1496	1677	8064563	8064744	7.98e-76	287
NC_003076.8:9590410-9592551	NC_003075.7	87.645	259	15	5	1	257	314269	314026	2.87e-75	285
NC_003076.8:9590410-9592551	NC_003075.7	93.989	183	9	2	946	1127	683376	683557	1.73e-72	276
NC_003076.8:9590410-9592551	NC_003075.7	86.111	252	16	6	1	252	9438785	9439017	8.09e-66	254
NC_003076.8:9590410-9592551	NC_003075.7	91.935	186	6	2	1496	1680	5540448	5540271	2.91e-65	252
NC_003076.8:9590410-9592551	NC_003075.7	90.256	195	10	2	1484	1677	11361800	11361986	1.35e-63	246
NC_003076.8:9590410-9592551	NC_003075.7	85.328	259	12	12	1	257	6279022	6279256	4.87e-63	244
NC_003076.8:9590410-9592551	NC_003075.7	91.209	182	8	1	1496	1677	8729528	8729355	6.30e-62	241
NC_003076.8:9590410-9592551	NC_003075.7	83.274	281	22	10	373	642	3897173	3896907	2.93e-60	235
NC_003076.8:9590410-9592551	NC_003075.7	89.560	182	11	1	1496	1677	1350526	1350699	6.35e-57	224
NC_003076.8:9590410-9592551	NC_003075.7	88.462	182	7	2	1496	1677	4147065	4147232	6.39e-52	207
NC_003076.8:9590410-9592551	NC_003075.7	94.656	131	5	2	1339	1468	2520885	2521014	2.97e-50	202
NC_003076.8:9590410-9592551	NC_003075.7	95.200	125	5	1	2003	2127	5539440	5539317	1.38e-48	196
NC_003076.8:9590410-9592551	NC_003075.7	85.465	172	24	1	770	940	5773070	5773241	5.01e-43	178
NC_003076.8:9590410-9592551	NC_003075.7	92.453	106	6	2	1234	1338	965055	964951	1.09e-34	150
NC_003076.8:9590410-9592551	NC_003075.7	94.681	94	5	0	691	784	6280372	6280465	1.41e-33	147
NC_003076.8:9590410-9592551	NC_003075.7	84.733	131	15	4	2003	2130	13123994	13123866	1.84e-27	126
NC_003076.8:9590410-9592551	NC_003075.7	93.902	82	5	0	1339	1420	5541388	5541307	6.62e-27	124
NC_003076.8:9590410-9592551	NC_003075.7	93.902	82	3	2	1	81	2520884	2520964	2.38e-26	122
NC_003076.8:9590410-9592551	NC_003075.7	92.941	85	4	2	1335	1418	4146123	4146206	2.38e-26	122
NC_003076.8:9590410-9592551	NC_003075.7	90.526	95	6	1	1883	1974	8802411	8802505	2.38e-26	122
NC_003076.8:9590410-9592551	NC_003075.7	91.765	85	7	0	1334	1418	16865074	16864990	3.08e-25	119
NC_003076.8:9590410-9592551	NC_003075.7	92.593	81	6	0	1	81	683213	683293	1.11e-24	117
NC_003076.8:9590410-9592551	NC_003075.7	92.500	80	6	0	1339	1418	7853532	7853453	3.99e-24	115
NC_003076.8:9590410-9592551	NC_003075.7	92.500	80	6	0	1339	1418	11360871	11360950	3.99e-24	115
NC_003076.8:9590410-9592551	NC_003075.7	91.358	81	7	0	1	81	372086	372006	5.16e-23	111
NC_003076.8:9590410-9592551	NC_003075.7	92.308	78	6	0	4	81	11193567	11193490	5.16e-23	111
NC_003076.8:9590410-9592551	NC_003075.7	91.250	80	7	0	1339	1418	1349586	1349665	1.85e-22	110
NC_003076.8:9590410-9592551	NC_003075.7	91.250	80	7	0	1339	1418	8063578	8063657	1.85e-22	110
NC_003076.8:9590410-9592551	NC_003075.7	91.250	80	7	0	1339	1418	8730452	8730373	1.85e-22	110
NC_003076.8:9590410-9592551	NC_003075.7	85.047	107	12	4	1333	1438	6178443	6178546	2.40e-21	106
NC_003076.8:9590410-9592551	NC_003075.7	90.123	81	8	0	1	81	14390988	14390908	2.40e-21	106
NC_003076.8:9590410-9592551	NC_003075.7	90.000	80	8	0	1339	1418	1002006	1001927	8.63e-21	104
NC_003076.8:9590410-9592551	NC_003075.7	90.000	80	8	0	1339	1418	5354115	5354194	8.63e-21	104
NC_003076.8:9590410-9592551	NC_003075.7	90.000	80	8	0	1339	1418	9763813	9763734	8.63e-21	104
NC_003076.8:9590410-9592551	NC_003075.7	88.889	81	8	1	1339	1418	7060697	7060617	4.01e-19	99.0
NC_003076.8:9590410-9592551	NC_003075.7	89.610	77	8	0	1342	1418	9842604	9842528	4.01e-19	99.0
NC_003076.8:9590410-9592551	NC_003075.7	87.654	81	10	0	1	81	6166464	6166384	5.19e-18	95.3
NC_003076.8:9590410-9592551	NC_003075.7	87.500	80	10	0	1339	1418	314268	314189	1.87e-17	93.5
NC_003076.8:9590410-9592551	NC_003075.7	75.598	209	27	18	348	536	9566175	9565971	4.04e-14	82.4
NC_003076.8:9590410-9592551	NC_003075.7	85.000	80	6	1	1339	1418	6279023	6279096	1.88e-12	76.8
NC_003076.8:9590410-9592551	NC_003075.7	97.674	43	1	0	1635	1677	16864262	16864220	6.76e-12	75.0
NC_003076.8:9590410-9592551	NC_003071.7	94.070	1349	58	11	1	1338	499985	501322	0.0	2028
NC_003076.8:9590410-9592551	NC_003071.7	93.778	1350	60	10	1	1338	17255233	17253896	0.0	2006
NC_003076.8:9590410-9592551	NC_003071.7	93.598	1359	62	7	1	1334	6925377	6924019	0.0	2004
NC_003076.8:9590410-9592551	NC_003071.7	93.759	1346	64	9	1	1338	13338077	13336744	0.0	2002
NC_003076.8:9590410-9592551	NC_003071.7	93.446	1358	63	5	1	1334	13266915	13268270	0.0	1991
NC_003076.8:9590410-9592551	NC_003071.7	93.606	1345	52	11	1	1338	13908721	13907404	0.0	1977
NC_003076.8:9590410-9592551	NC_003071.7	93.393	1347	55	17	1	1338	12094425	12093104	0.0	1964
NC_003076.8:9590410-9592551	NC_003071.7	92.836	1368	65	12	1	1338	12800994	12802358	0.0	1953
NC_003076.8:9590410-9592551	NC_003071.7	92.784	1372	52	14	1	1338	11287161	11285803	0.0	1941
NC_003076.8:9590410-9592551	NC_003071.7	91.556	1350	79	15	1	1338	707442	708768	0.0	1829
NC_003076.8:9590410-9592551	NC_003071.7	93.403	1243	62	8	104	1338	396551	395321	0.0	1823
NC_003076.8:9590410-9592551	NC_003071.7	96.221	1032	38	1	1	1031	7154736	7153705	0.0	1688
NC_003076.8:9590410-9592551	NC_003071.7	97.114	797	19	3	1334	2128	4024197	4024991	0.0	1341
NC_003076.8:9590410-9592551	NC_003071.7	96.460	791	27	1	1339	2128	980616	979826	0.0	1304
NC_003076.8:9590410-9592551	NC_003071.7	93.084	882	35	11	1	859	14333785	14334663	0.0	1267
NC_003076.8:9590410-9592551	NC_003071.7	93.128	844	33	8	1	823	542308	543147	0.0	1214
NC_003076.8:9590410-9592551	NC_003071.7	94.848	660	29	4	1339	1995	7111785	7112442	0.0	1026
NC_003076.8:9590410-9592551	NC_003071.7	91.047	726	43	6	236	942	12556068	12555346	0.0	961
NC_003076.8:9590410-9592551	NC_003071.7	91.763	692	28	13	242	911	10468943	10468259	0.0	935
NC_003076.8:9590410-9592551	NC_003071.7	90.665	707	41	9	236	922	1460787	1460086	0.0	917
NC_003076.8:9590410-9592551	NC_003071.7	90.070	715	48	7	247	942	5466870	5466160	0.0	905
NC_003076.8:9590410-9592551	NC_003071.7	90.358	643	42	4	236	860	19196619	19195979	0.0	826
NC_003076.8:9590410-9592551	NC_003071.7	88.722	665	58	12	1339	1995	6101375	6100720	0.0	797
NC_003076.8:9590410-9592551	NC_003071.7	88.992	645	39	24	232	868	11399241	11398621	0.0	769
NC_003076.8:9590410-9592551	NC_003071.7	91.068	571	30	6	236	789	6099666	6100232	0.0	752
NC_003076.8:9590410-9592551	NC_003071.7	90.842	404	23	6	941	1338	7814534	7814139	1.20e-148	529
NC_003076.8:9590410-9592551	NC_003071.7	89.356	404	35	4	941	1338	7169367	7168966	2.62e-140	501
NC_003076.8:9590410-9592551	NC_003071.7	94.444	324	18	0	1354	1677	7959807	7960130	9.42e-140	499
NC_003076.8:9590410-9592551	NC_003071.7	92.920	339	23	1	1339	1677	7169523	7169186	1.58e-137	492
NC_003076.8:9590410-9592551	NC_003071.7	95.364	302	10	4	1695	1995	6803611	6803909	4.41e-133	477
NC_003076.8:9590410-9592551	NC_003071.7	92.035	339	20	2	1339	1677	7814690	7814359	7.38e-131	470
NC_003076.8:9590410-9592551	NC_003071.7	94.408	304	15	2	1693	1995	14334864	14335166	9.55e-130	466
NC_003076.8:9590410-9592551	NC_003071.7	94.079	304	16	2	1693	1995	543388	543690	4.44e-128	460
NC_003076.8:9590410-9592551	NC_003071.7	94.040	302	16	2	1695	1995	13336610	13336310	5.75e-127	457
NC_003076.8:9590410-9592551	NC_003071.7	93.750	304	17	2	1693	1995	395373	395071	2.07e-126	455
NC_003076.8:9590410-9592551	NC_003071.7	93.750	304	17	2	1693	1995	13907456	13907154	2.07e-126	455
NC_003076.8:9590410-9592551	NC_003071.7	93.421	304	18	2	1693	1995	501270	501572	9.62e-125	449
NC_003076.8:9590410-9592551	NC_003071.7	93.377	302	16	4	1695	1995	7814188	7813890	4.47e-123	444
NC_003076.8:9590410-9592551	NC_003071.7	92.834	307	20	2	1693	1998	11285855	11285550	4.47e-123	444
NC_003076.8:9590410-9592551	NC_003071.7	92.163	319	18	6	1693	2004	12802305	12802623	4.47e-123	444
NC_003076.8:9590410-9592551	NC_003071.7	93.092	304	17	4	1693	1995	7960770	7961070	1.61e-122	442
NC_003076.8:9590410-9592551	NC_003071.7	92.880	309	13	5	1038	1338	6663080	6663387	5.79e-122	440
NC_003076.8:9590410-9592551	NC_003071.7	92.763	304	20	2	1693	1995	12093156	12092854	2.08e-121	438
NC_003076.8:9590410-9592551	NC_003071.7	92.763	304	20	2	1693	1995	17253948	17253646	2.08e-121	438
NC_003076.8:9590410-9592551	NC_003071.7	92.763	304	18	4	1693	1995	7169018	7168718	7.49e-121	436
NC_003076.8:9590410-9592551	NC_003071.7	93.814	291	16	2	1693	1982	13268221	13268510	7.49e-121	436
NC_003076.8:9590410-9592551	NC_003071.7	95.038	262	13	0	1339	1600	3213353	3213092	1.26e-113	412
NC_003076.8:9590410-9592551	NC_003071.7	94.382	267	14	1	1341	1607	3564385	3564650	1.63e-112	409
NC_003076.8:9590410-9592551	NC_003071.7	90.789	304	26	2	640	942	6383668	6383366	2.11e-111	405
NC_003076.8:9590410-9592551	NC_003071.7	93.798	258	16	0	1344	1601	6660967	6661224	2.13e-106	388
NC_003076.8:9590410-9592551	NC_003071.7	89.803	304	16	4	1693	1995	6924068	6923779	1.66e-102	375
NC_003076.8:9590410-9592551	NC_003071.7	92.664	259	16	3	1	257	11399377	11399120	7.70e-101	370
NC_003076.8:9590410-9592551	NC_003071.7	93.574	249	13	2	236	483	5843836	5843590	2.77e-100	368
NC_003076.8:9590410-9592551	NC_003071.7	94.872	234	12	0	1339	1572	2962804	2962571	9.96e-100	366
NC_003076.8:9590410-9592551	NC_003071.7	92.366	262	12	4	1083	1338	14334657	14334916	9.96e-100	366
NC_003076.8:9590410-9592551	NC_003071.7	92.308	260	15	5	1	257	19196757	19196500	3.58e-99	364
NC_003076.8:9590410-9592551	NC_003071.7	92.308	260	13	6	1	257	6099530	6099785	1.29e-98	363
NC_003076.8:9590410-9592551	NC_003071.7	91.892	259	16	5	1	256	1460925	1460669	6.00e-97	357
NC_003076.8:9590410-9592551	NC_003071.7	91.538	260	18	4	1	257	6084090	6084348	2.16e-96	355
NC_003076.8:9590410-9592551	NC_003071.7	90.637	267	15	5	1081	1338	543175	543440	1.30e-93	346
NC_003076.8:9590410-9592551	NC_003071.7	92.339	248	12	6	13	257	5843961	5843718	1.30e-93	346
NC_003076.8:9590410-9592551	NC_003071.7	93.778	225	13	1	238	462	6383918	6383695	7.81e-91	337
NC_003076.8:9590410-9592551	NC_003071.7	89.961	259	17	5	1	256	6384054	6383802	1.69e-87	326
NC_003076.8:9590410-9592551	NC_003071.7	91.176	238	15	2	1106	1338	6803425	6803661	2.83e-85	318
NC_003076.8:9590410-9592551	NC_003071.7	91.845	233	12	3	951	1177	7959959	7960190	2.83e-85	318
NC_003076.8:9590410-9592551	NC_003071.7	96.703	182	6	0	1496	1677	6924418	6924237	7.92e-81	303
NC_003076.8:9590410-9592551	NC_003071.7	96.154	182	7	0	1496	1677	13267871	13268052	3.69e-79	298
NC_003076.8:9590410-9592551	NC_003071.7	94.681	188	8	2	941	1127	4024359	4024545	6.17e-77	291
NC_003076.8:9590410-9592551	NC_003071.7	95.082	183	8	1	1496	1677	12801954	12802136	7.98e-76	287
NC_003076.8:9590410-9592551	NC_003071.7	93.651	189	10	2	1808	1995	709400	709587	3.71e-74	281
NC_003076.8:9590410-9592551	NC_003071.7	94.022	184	10	1	941	1123	7111941	7112124	4.80e-73	278
NC_003076.8:9590410-9592551	NC_003071.7	93.478	184	10	2	946	1128	6101214	6101032	2.23e-71	272
NC_003076.8:9590410-9592551	NC_003071.7	93.443	183	11	1	941	1122	980459	980277	8.04e-71	270
NC_003076.8:9590410-9592551	NC_003071.7	86.154	260	16	7	1	257	5467004	5466762	1.34e-68	263
NC_003076.8:9590410-9592551	NC_003071.7	90.404	198	9	3	1480	1677	13337152	13336965	2.91e-65	252
NC_003076.8:9590410-9592551	NC_003071.7	92.308	182	6	1	1496	1677	17254287	17254114	2.91e-65	252
NC_003076.8:9590410-9592551	NC_003071.7	90.722	194	9	2	1484	1677	395726	395542	1.05e-64	250
NC_003076.8:9590410-9592551	NC_003071.7	91.803	183	6	2	1496	1677	11286196	11286022	1.35e-63	246
NC_003076.8:9590410-9592551	NC_003071.7	91.758	182	7	1	1496	1677	13907797	13907624	1.35e-63	246
NC_003076.8:9590410-9592551	NC_003071.7	90.323	186	9	2	1493	1677	500923	501100	2.93e-60	235
NC_003076.8:9590410-9592551	NC_003071.7	93.571	140	8	1	1199	1338	13336698	13336560	6.39e-52	207
NC_003076.8:9590410-9592551	NC_003071.7	89.222	167	14	4	776	939	6101360	6101525	2.30e-51	206
NC_003076.8:9590410-9592551	NC_003071.7	96.000	125	5	0	1693	1817	708716	708840	8.27e-51	204
NC_003076.8:9590410-9592551	NC_003071.7	96.032	126	4	1	1553	1678	12093447	12093323	8.27e-51	204
NC_003076.8:9590410-9592551	NC_003071.7	94.690	113	5	1	2	114	6101375	6101264	6.48e-42	174
NC_003076.8:9590410-9592551	NC_003071.7	91.935	124	8	2	1215	1338	7960700	7960821	2.33e-41	172
NC_003076.8:9590410-9592551	NC_003071.7	92.105	114	7	2	1883	1995	3564666	3564778	1.82e-37	159
NC_003076.8:9590410-9592551	NC_003071.7	91.071	112	10	0	941	1052	3564539	3564650	3.04e-35	152
NC_003076.8:9590410-9592551	NC_003071.7	98.810	84	1	0	1593	1676	6663080	6663163	1.09e-34	150
NC_003076.8:9590410-9592551	NC_003071.7	93.548	93	6	0	1693	1785	13336796	13336704	2.36e-31	139
NC_003076.8:9590410-9592551	NC_003071.7	91.089	101	9	0	946	1046	6661124	6661224	8.51e-31	137
NC_003076.8:9590410-9592551	NC_003071.7	91.209	91	8	0	1496	1586	7153795	7153705	6.62e-27	124
NC_003076.8:9590410-9592551	NC_003071.7	93.827	81	5	0	1	81	3213354	3213274	2.38e-26	122
NC_003076.8:9590410-9592551	NC_003071.7	93.827	81	4	1	1	81	7111784	7111863	8.57e-26	121
NC_003076.8:9590410-9592551	NC_003071.7	91.111	90	3	5	1	89	2962805	2962720	1.11e-24	117
NC_003076.8:9590410-9592551	NC_003071.7	91.765	85	5	2	1	85	3564382	3564464	1.11e-24	117
NC_003076.8:9590410-9592551	NC_003071.7	92.593	81	6	0	1	81	4024201	4024281	1.11e-24	117
NC_003076.8:9590410-9592551	NC_003071.7	90.909	88	6	2	1	88	7814691	7814606	1.11e-24	117
NC_003076.8:9590410-9592551	NC_003071.7	92.500	80	6	0	1339	1418	499986	500065	3.99e-24	115
NC_003076.8:9590410-9592551	NC_003071.7	93.590	78	3	2	1	77	7169524	7169448	3.99e-24	115
NC_003076.8:9590410-9592551	NC_003071.7	92.500	80	6	0	1339	1418	11287160	11287081	3.99e-24	115
NC_003076.8:9590410-9592551	NC_003071.7	92.500	80	6	0	1339	1418	13908720	13908641	3.99e-24	115
NC_003076.8:9590410-9592551	NC_003071.7	91.358	81	7	0	1	81	980617	980537	5.16e-23	111
NC_003076.8:9590410-9592551	NC_003071.7	91.250	80	7	0	1339	1418	7154735	7154656	1.85e-22	110
NC_003076.8:9590410-9592551	NC_003071.7	91.358	81	6	1	1339	1418	12094424	12094344	1.85e-22	110
NC_003076.8:9590410-9592551	NC_003071.7	95.588	68	3	0	26	93	12555280	12555213	1.85e-22	110
NC_003076.8:9590410-9592551	NC_003071.7	91.250	80	7	0	1339	1418	13338076	13337997	1.85e-22	110
NC_003076.8:9590410-9592551	NC_003071.7	91.250	80	7	0	1339	1418	17255232	17255153	1.85e-22	110
NC_003076.8:9590410-9592551	NC_003071.7	90.000	80	8	0	1339	1418	542309	542388	8.63e-21	104
NC_003076.8:9590410-9592551	NC_003071.7	90.000	80	8	0	1339	1418	1460924	1460845	8.63e-21	104
NC_003076.8:9590410-9592551	NC_003071.7	90.909	77	7	0	941	1017	2962647	2962571	8.63e-21	104
NC_003076.8:9590410-9592551	NC_003071.7	90.000	80	8	0	1339	1418	6099531	6099610	8.63e-21	104
NC_003076.8:9590410-9592551	NC_003071.7	90.000	80	8	0	1339	1418	6925376	6925297	8.63e-21	104
NC_003076.8:9590410-9592551	NC_003071.7	90.000	80	8	0	1339	1418	11399376	11399297	8.63e-21	104
NC_003076.8:9590410-9592551	NC_003071.7	90.000	80	8	0	1339	1418	12800995	12801074	8.63e-21	104
NC_003076.8:9590410-9592551	NC_003071.7	90.000	80	8	0	1339	1418	19196756	19196677	8.63e-21	104
NC_003076.8:9590410-9592551	NC_003071.7	96.721	61	2	0	1484	1544	6101274	6101214	3.10e-20	102
NC_003076.8:9590410-9592551	NC_003071.7	88.750	80	9	0	1339	1418	6384053	6383974	4.01e-19	99.0
NC_003076.8:9590410-9592551	NC_003071.7	87.500	80	10	0	1339	1418	14333786	14333865	1.87e-17	93.5
NC_003076.8:9590410-9592551	NC_003071.7	93.443	61	4	0	1341	1401	13266918	13266978	6.72e-17	91.6
NC_003076.8:9590410-9592551	NC_003071.7	92.308	52	3	1	1396	1446	6803321	6803372	2.43e-11	73.1
NC_003076.8:9590410-9592551	NC_003071.7	93.182	44	1	1	1636	1677	543175	543218	1.46e-08	63.9
NC_003076.8:9590410-9592551	NC_003071.7	100.000	34	0	0	824	857	11398635	11398602	1.46e-08	63.9
NC_003076.8:9590410-9592551	NC_003071.7	95.000	40	2	0	1638	1677	14334657	14334696	1.46e-08	63.9
NC_003076.8:9557658-9559507	NC_003076.8	100.000	1850	0	0	1	1850	9559507	9557658	0.0	3417
NC_003076.8:9557658-9559507	NC_003076.8	94.206	1329	51	17	1	1323	9965017	9963709	0.0	2004
NC_003076.8:9557658-9559507	NC_003076.8	93.464	1331	57	19	1	1323	14082835	14081527	0.0	1949
NC_003076.8:9557658-9559507	NC_003076.8	93.308	1315	58	19	18	1323	17775746	17777039	0.0	1914
NC_003076.8:9557658-9559507	NC_003076.8	92.836	1340	57	25	1	1323	8746701	8745384	0.0	1906
NC_003076.8:9557658-9559507	NC_003076.8	92.637	1331	67	24	1	1323	16356475	16357782	0.0	1886
NC_003076.8:9557658-9559507	NC_003076.8	92.457	1339	58	21	1	1323	20281984	20280673	0.0	1873
NC_003076.8:9557658-9559507	NC_003076.8	92.354	1321	64	19	1	1307	9590410	9591707	0.0	1845
NC_003076.8:9557658-9559507	NC_003076.8	91.814	1356	58	20	1	1323	8765709	8767044	0.0	1840
NC_003076.8:9557658-9559507	NC_003076.8	91.798	1329	79	20	1	1322	1898645	1897340	0.0	1823
NC_003076.8:9557658-9559507	NC_003076.8	91.685	1347	59	22	1	1312	19742617	19741289	0.0	1818
NC_003076.8:9557658-9559507	NC_003076.8	91.304	1357	65	21	1	1323	17365025	17366362	0.0	1803
NC_003076.8:9557658-9559507	NC_003076.8	91.209	1365	58	21	2	1323	5430061	5428716	0.0	1799
NC_003076.8:9557658-9559507	NC_003076.8	91.292	1355	62	23	1	1323	20682406	20681076	0.0	1797
NC_003076.8:9557658-9559507	NC_003076.8	91.131	1353	61	20	1	1320	14151294	14149968	0.0	1779
NC_003076.8:9557658-9559507	NC_003076.8	90.522	1340	70	24	16	1323	24187899	24186585	0.0	1718
NC_003076.8:9557658-9559507	NC_003076.8	91.608	1275	58	25	1	1254	4782228	4780982	0.0	1716
NC_003076.8:9557658-9559507	NC_003076.8	93.767	1123	51	13	1	1121	15606601	15605496	0.0	1668
NC_003076.8:9557658-9559507	NC_003076.8	92.301	1195	59	19	133	1312	4312661	4313837	0.0	1666
NC_003076.8:9557658-9559507	NC_003076.8	93.474	1088	46	11	52	1130	17618634	17617563	0.0	1592
NC_003076.8:9557658-9559507	NC_003076.8	96.730	948	22	4	1	943	18853952	18854895	0.0	1570
NC_003076.8:9557658-9559507	NC_003076.8	89.609	1203	60	15	1	1170	11025336	11026506	0.0	1469
NC_003076.8:9557658-9559507	NC_003076.8	91.375	858	37	15	1	839	21530089	21530928	0.0	1140
NC_003076.8:9557658-9559507	NC_003076.8	93.787	676	30	9	1	675	7154439	7153775	0.0	1005
NC_003076.8:9557658-9559507	NC_003076.8	85.273	971	79	31	1	938	9612591	9613530	0.0	942
NC_003076.8:9557658-9559507	NC_003076.8	96.803	563	17	1	1288	1850	13892690	13892129	0.0	939
NC_003076.8:9557658-9559507	NC_003076.8	96.780	559	17	1	1292	1850	16870923	16871480	0.0	931
NC_003076.8:9557658-9559507	NC_003076.8	95.009	561	25	3	1290	1850	14810269	14810826	0.0	878
NC_003076.8:9557658-9559507	NC_003076.8	88.781	722	54	8	246	949	7711270	7711982	0.0	859
NC_003076.8:9557658-9559507	NC_003076.8	88.982	717	49	11	246	943	8683118	8683823	0.0	859
NC_003076.8:9557658-9559507	NC_003076.8	88.268	716	56	9	246	943	14761045	14760340	0.0	832
NC_003076.8:9557658-9559507	NC_003076.8	88.193	703	54	11	269	952	15342538	15341846	0.0	811
NC_003076.8:9557658-9559507	NC_003076.8	87.208	727	63	12	246	952	13918658	13917942	0.0	800
NC_003076.8:9557658-9559507	NC_003076.8	92.063	567	33	5	1292	1849	17726422	17726985	0.0	787
NC_003076.8:9557658-9559507	NC_003076.8	92.308	559	27	7	1291	1849	14104209	14103667	0.0	780
NC_003076.8:9557658-9559507	NC_003076.8	86.816	713	54	15	259	949	354277	354971	0.0	760
NC_003076.8:9557658-9559507	NC_003076.8	91.182	567	39	5	1291	1849	5625057	5625620	0.0	760
NC_003076.8:9557658-9559507	NC_003076.8	88.136	649	50	9	246	876	5129697	5129058	0.0	747
NC_003076.8:9557658-9559507	NC_003076.8	90.510	569	38	7	1292	1849	24448812	24449375	0.0	737
NC_003076.8:9557658-9559507	NC_003076.8	88.679	583	38	11	1292	1850	7417331	7417909	0.0	686
NC_003076.8:9557658-9559507	NC_003076.8	89.104	569	37	8	1291	1850	19101557	19102109	0.0	684
NC_003076.8:9557658-9559507	NC_003076.8	88.571	560	48	7	1291	1849	7701182	7700638	0.0	665
NC_003076.8:9557658-9559507	NC_003076.8	87.835	559	43	9	1292	1849	15580807	15581341	7.67e-180	632
NC_003076.8:9557658-9559507	NC_003076.8	86.911	573	58	9	1291	1850	3566349	3566917	3.57e-178	627
NC_003076.8:9557658-9559507	NC_003076.8	86.783	575	59	9	1286	1849	22621746	22621178	1.28e-177	625
NC_003076.8:9557658-9559507	NC_003076.8	87.302	567	42	15	1292	1849	8748925	8749470	1.66e-176	621
NC_003076.8:9557658-9559507	NC_003076.8	86.736	573	57	10	1292	1850	9068735	9068168	5.97e-176	619
NC_003076.8:9557658-9559507	NC_003076.8	86.409	596	40	14	1291	1849	24117959	24118550	2.78e-174	614
NC_003076.8:9557658-9559507	NC_003076.8	87.018	570	43	9	1292	1850	26787654	26787105	2.78e-174	614
NC_003076.8:9557658-9559507	NC_003076.8	86.738	558	60	6	1292	1849	17043358	17043901	1.29e-172	608
NC_003076.8:9557658-9559507	NC_003076.8	86.237	574	45	11	1291	1850	6420379	6419826	1.30e-167	592
NC_003076.8:9557658-9559507	NC_003076.8	86.121	562	61	8	1287	1847	16712846	16713391	4.68e-167	590
NC_003076.8:9557658-9559507	NC_003076.8	87.891	512	38	9	1292	1794	22335576	22335080	2.82e-164	580
NC_003076.8:9557658-9559507	NC_003076.8	92.822	404	21	5	1288	1686	15882287	15882687	1.01e-163	579
NC_003076.8:9557658-9559507	NC_003076.8	85.714	560	49	10	1291	1849	7069988	7070517	1.02e-158	562
NC_003076.8:9557658-9559507	NC_003076.8	86.882	526	39	13	1317	1818	26015331	26015850	1.02e-158	562
NC_003076.8:9557658-9559507	NC_003076.8	85.315	572	50	10	1290	1850	9854344	9854892	3.67e-158	560
NC_003076.8:9557658-9559507	NC_003076.8	93.140	379	11	6	957	1323	15043270	15042895	1.33e-152	542
NC_003076.8:9557658-9559507	NC_003076.8	84.752	564	52	13	1290	1849	4936959	4937492	2.22e-150	534
NC_003076.8:9557658-9559507	NC_003076.8	92.167	383	10	9	957	1323	22232106	22231728	4.82e-147	523
NC_003076.8:9557658-9559507	NC_003076.8	92.126	381	13	6	957	1322	5977895	5977517	1.73e-146	521
NC_003076.8:9557658-9559507	NC_003076.8	92.105	380	14	6	957	1323	10714580	10714956	1.73e-146	521
NC_003076.8:9557658-9559507	NC_003076.8	92.084	379	14	6	957	1321	8354352	8353976	6.23e-146	520
NC_003076.8:9557658-9559507	NC_003076.8	93.429	350	16	4	1501	1850	14395374	14395032	1.04e-143	512
NC_003076.8:9557658-9559507	NC_003076.8	93.429	350	16	4	1501	1850	14454673	14454331	1.04e-143	512
NC_003076.8:9557658-9559507	NC_003076.8	91.821	379	13	8	959	1323	15577265	15576891	1.04e-143	512
NC_003076.8:9557658-9559507	NC_003076.8	91.123	383	15	8	957	1323	24476433	24476054	2.26e-140	501
NC_003076.8:9557658-9559507	NC_003076.8	91.053	380	15	9	959	1323	21776872	21776497	1.05e-138	496
NC_003076.8:9557658-9559507	NC_003076.8	88.804	393	39	4	1292	1683	706997	706609	3.80e-133	477
NC_003076.8:9557658-9559507	NC_003076.8	89.101	367	26	6	1	366	4312436	4312789	3.86e-123	444
NC_003076.8:9557658-9559507	NC_003076.8	95.833	264	4	5	1064	1323	18854895	18855155	6.50e-116	420
NC_003076.8:9557658-9559507	NC_003076.8	91.259	286	12	10	1048	1323	21530902	21531184	3.97e-103	377
NC_003076.8:9557658-9559507	NC_003076.8	90.975	277	17	4	668	943	20398316	20398585	8.59e-100	366
NC_003076.8:9557658-9559507	NC_003076.8	89.619	289	22	4	651	938	3019805	3019524	4.00e-98	361
NC_003076.8:9557658-9559507	NC_003076.8	91.667	264	10	5	1	264	17796785	17796534	1.86e-96	355
NC_003076.8:9557658-9559507	NC_003076.8	90.943	265	13	4	1585	1849	24586803	24587056	1.12e-93	346
NC_003076.8:9557658-9559507	NC_003076.8	92.672	232	16	1	1291	1522	13231668	13231898	8.71e-90	333
NC_003076.8:9557658-9559507	NC_003076.8	87.889	289	20	6	1572	1850	6702209	6701926	1.46e-87	326
NC_003076.8:9557658-9559507	NC_003076.8	94.366	213	11	1	1290	1502	14395846	14395635	1.46e-87	326
NC_003076.8:9557658-9559507	NC_003076.8	94.366	213	11	1	1290	1502	14455145	14454934	1.46e-87	326
NC_003076.8:9557658-9559507	NC_003076.8	90.756	238	11	7	1092	1323	4313874	4314106	5.28e-82	307
NC_003076.8:9557658-9559507	NC_003076.8	91.071	224	13	5	1496	1719	13678951	13678735	1.14e-78	296
NC_003076.8:9557658-9559507	NC_003076.8	86.667	270	22	5	1	267	3020196	3019938	6.88e-76	287
NC_003076.8:9557658-9559507	NC_003076.8	90.741	216	19	1	1291	1506	6702419	6702205	6.88e-76	287
NC_003076.8:9557658-9559507	NC_003076.8	86.667	270	21	11	1	267	17955555	17955812	2.47e-75	285
NC_003076.8:9557658-9559507	NC_003076.8	86.347	271	21	7	1	267	25264511	25264769	3.20e-74	281
NC_003076.8:9557658-9559507	NC_003076.8	86.296	270	22	7	1	267	19931558	19931301	1.15e-73	279
NC_003076.8:9557658-9559507	NC_003076.8	85.926	270	23	6	1	267	14761183	14760926	5.36e-72	274
NC_003076.8:9557658-9559507	NC_003076.8	93.548	186	4	1	957	1134	20280489	20280304	6.93e-71	270
NC_003076.8:9557658-9559507	NC_003076.8	90.431	209	13	1	1371	1579	17885892	17885691	2.49e-70	268
NC_003076.8:9557658-9559507	NC_003076.8	94.253	174	9	1	1291	1464	24586630	24586802	3.22e-69	265
NC_003076.8:9557658-9559507	NC_003076.8	93.011	186	4	2	957	1134	9591905	9592089	1.16e-68	263
NC_003076.8:9557658-9559507	NC_003076.8	85.240	271	21	12	1	267	15342696	15342441	4.17e-68	261
NC_003076.8:9557658-9559507	NC_003076.8	87.234	235	20	3	1625	1849	8602053	8601819	1.50e-67	259
NC_003076.8:9557658-9559507	NC_003076.8	87.554	233	17	5	1625	1847	13734262	13734492	1.50e-67	259
NC_003076.8:9557658-9559507	NC_003076.8	86.475	244	18	6	1620	1850	14080062	14080303	6.98e-66	254
NC_003076.8:9557658-9559507	NC_003076.8	87.225	227	18	6	1625	1848	19408597	19408379	3.25e-64	248
NC_003076.8:9557658-9559507	NC_003076.8	84.444	270	21	7	1	267	13918790	13918539	1.17e-63	246
NC_003076.8:9557658-9559507	NC_003076.8	86.076	237	20	4	1625	1850	20278847	20278613	1.51e-62	243
NC_003076.8:9557658-9559507	NC_003076.8	91.209	182	8	1	957	1130	9134111	9134292	5.43e-62	241
NC_003076.8:9557658-9559507	NC_003076.8	93.168	161	10	1	2	162	19670802	19670961	2.53e-60	235
NC_003076.8:9557658-9559507	NC_003076.8	92.216	167	6	5	1161	1323	11026974	11027137	1.18e-58	230
NC_003076.8:9557658-9559507	NC_003076.8	87.379	206	16	3	1655	1850	23129545	23129340	4.23e-58	228
NC_003076.8:9557658-9559507	NC_003076.8	83.966	237	23	6	1625	1847	7488328	7488093	1.18e-53	213
NC_003076.8:9557658-9559507	NC_003076.8	85.990	207	18	3	1655	1850	16030754	16030548	4.26e-53	211
NC_003076.8:9557658-9559507	NC_003076.8	83.784	222	32	4	1626	1847	8671466	8671683	5.51e-52	207
NC_003076.8:9557658-9559507	NC_003076.8	91.892	148	11	1	1	148	354140	354286	1.98e-51	206
NC_003076.8:9557658-9559507	NC_003076.8	82.627	236	27	5	1625	1847	22021624	22021858	1.19e-48	196
NC_003076.8:9557658-9559507	NC_003076.8	84.186	215	19	6	1625	1826	15535363	15535151	4.29e-48	195
NC_003076.8:9557658-9559507	NC_003076.8	89.726	146	7	2	1704	1849	10041949	10041812	1.20e-43	180
NC_003076.8:9557658-9559507	NC_003076.8	81.423	253	18	8	1625	1850	15031163	15030913	1.20e-43	180
NC_003076.8:9557658-9559507	NC_003076.8	94.783	115	6	0	957	1071	25904890	25905004	1.20e-43	180
NC_003076.8:9557658-9559507	NC_003076.8	84.530	181	19	4	1639	1818	17247879	17247707	7.23e-41	171
NC_003076.8:9557658-9559507	NC_003076.8	96.000	100	3	1	1	100	20398218	20398316	4.35e-38	161
NC_003076.8:9557658-9559507	NC_003076.8	88.372	129	10	5	1721	1849	21775910	21775787	9.42e-35	150
NC_003076.8:9557658-9559507	NC_003076.8	86.429	140	8	4	1625	1753	9867496	9867635	1.58e-32	143
NC_003076.8:9557658-9559507	NC_003076.8	87.023	131	12	5	1721	1850	24185950	24185824	1.58e-32	143
NC_003076.8:9557658-9559507	NC_003076.8	86.154	130	15	3	1720	1849	7153310	7153184	7.33e-31	137
NC_003076.8:9557658-9559507	NC_003076.8	86.154	130	14	4	1721	1850	17796262	17796137	7.33e-31	137
NC_003076.8:9557658-9559507	NC_003076.8	85.714	140	9	2	1625	1753	24314283	24314422	7.33e-31	137
NC_003076.8:9557658-9559507	NC_003076.8	86.047	129	14	4	1721	1849	5428080	5427956	2.64e-30	135
NC_003076.8:9557658-9559507	NC_003076.8	94.318	88	3	2	1763	1850	15882682	15882767	9.48e-30	134
NC_003076.8:9557658-9559507	NC_003076.8	85.496	131	14	5	1721	1850	15042259	15042133	3.41e-29	132
NC_003076.8:9557658-9559507	NC_003076.8	85.000	140	10	4	1625	1753	26893188	26893327	3.41e-29	132
NC_003076.8:9557658-9559507	NC_003076.8	85.271	129	15	4	1721	1849	4314742	4314866	1.23e-28	130
NC_003076.8:9557658-9559507	NC_003076.8	85.271	129	16	3	1721	1849	15604794	15604669	1.23e-28	130
NC_003076.8:9557658-9559507	NC_003076.8	85.271	129	15	4	1721	1849	16358420	16358544	1.23e-28	130
NC_003076.8:9557658-9559507	NC_003076.8	84.783	138	12	3	1625	1753	17398095	17397958	1.23e-28	130
NC_003076.8:9557658-9559507	NC_003076.8	85.185	135	11	9	1722	1850	25265207	25265338	1.23e-28	130
NC_003076.8:9557658-9559507	NC_003076.8	85.714	126	13	5	1726	1850	14143814	14143693	4.41e-28	128
NC_003076.8:9557658-9559507	NC_003076.8	89.899	99	9	1	1289	1386	14880213	14880311	1.59e-27	126
NC_003076.8:9557658-9559507	NC_003076.8	93.103	87	4	2	1291	1376	15659432	15659347	1.59e-27	126
NC_003076.8:9557658-9559507	NC_003076.8	84.733	131	14	6	1721	1850	17777678	17777803	1.59e-27	126
NC_003076.8:9557658-9559507	NC_003076.8	93.827	81	5	0	1	81	5978053	5977973	2.05e-26	122
NC_003076.8:9557658-9559507	NC_003076.8	84.615	130	13	7	1721	1849	8744748	8744625	2.05e-26	122
NC_003076.8:9557658-9559507	NC_003076.8	93.750	80	5	0	2	81	20280646	20280567	7.38e-26	121
NC_003076.8:9557658-9559507	NC_003076.8	83.846	130	18	3	1721	1850	24475416	24475290	7.38e-26	121
NC_003076.8:9557658-9559507	NC_003076.8	83.721	129	18	3	1721	1849	10715497	10715622	2.66e-25	119
NC_003076.8:9557658-9559507	NC_003076.8	92.683	82	4	2	1	81	9133953	9134033	9.55e-25	117
NC_003076.8:9557658-9559507	NC_003076.8	91.011	89	5	3	1	89	15043428	15043343	9.55e-25	117
NC_003076.8:9557658-9559507	NC_003076.8	92.500	80	6	0	2	81	9591748	9591827	3.43e-24	115
NC_003076.8:9557658-9559507	NC_003076.8	86.111	108	10	4	1292	1395	14216354	14216248	4.44e-23	111
NC_003076.8:9557658-9559507	NC_003076.8	91.358	81	7	0	1	81	24476591	24476511	4.44e-23	111
NC_003076.8:9557658-9559507	NC_003076.8	94.444	72	2	2	1625	1696	17955910	17955841	1.60e-22	110
NC_003076.8:9557658-9559507	NC_003076.8	87.368	95	12	0	1292	1386	20674822	20674728	1.60e-22	110
NC_003076.8:9557658-9559507	NC_003076.8	88.172	93	10	1	1295	1386	22463661	22463753	1.60e-22	110
NC_003076.8:9557658-9559507	NC_003076.8	95.312	64	3	0	1	64	10714424	10714487	2.67e-20	102
NC_003076.8:9557658-9559507	NC_003076.8	88.372	86	7	3	1	85	13982135	13982218	9.62e-20	100
NC_003076.8:9557658-9559507	NC_003076.8	92.424	66	4	1	1291	1356	9866840	9866904	1.61e-17	93.5
NC_003076.8:9557658-9559507	NC_003076.8	86.585	82	9	2	1292	1372	19153746	19153666	2.08e-16	89.8
NC_003076.8:9557658-9559507	NC_003076.8	90.769	65	5	1	1292	1356	15162255	15162318	2.69e-15	86.1
NC_003076.8:9557658-9559507	NC_003076.8	97.959	49	1	0	1625	1673	17481786	17481834	2.69e-15	86.1
NC_003076.8:9557658-9559507	NC_003076.8	97.959	49	1	0	1625	1673	26892276	26892324	2.69e-15	86.1
NC_003076.8:9557658-9559507	NC_003076.8	89.394	66	6	1	1291	1356	15536013	15535949	3.48e-14	82.4
NC_003076.8:9557658-9559507	NC_003076.8	89.231	65	6	1	1292	1356	7488977	7488914	1.25e-13	80.5
NC_003076.8:9557658-9559507	NC_003076.8	87.879	66	8	0	1290	1355	8280716	8280781	4.51e-13	78.7
NC_003076.8:9557658-9559507	NC_003076.8	87.500	64	7	1	1292	1355	17481151	17481213	2.10e-11	73.1
NC_003076.8:9557658-9559507	NC_003076.8	84.615	65	9	1	1292	1356	22020973	22021036	1.26e-08	63.9
NC_003076.8:9557658-9559507	NC_003071.7	95.302	1341	38	15	1	1323	11287161	11285828	0.0	2104
NC_003076.8:9557658-9559507	NC_003071.7	95.331	1328	42	15	1	1323	17255233	17253921	0.0	2091
NC_003076.8:9557658-9559507	NC_003071.7	93.243	1332	58	21	1	1323	13338077	13336769	0.0	1932
NC_003076.8:9557658-9559507	NC_003071.7	93.158	1330	64	17	1	1322	499985	501295	0.0	1927
NC_003076.8:9557658-9559507	NC_003071.7	93.002	1329	51	26	1	1323	13908721	13907429	0.0	1901
NC_003076.8:9557658-9559507	NC_003071.7	91.519	1356	62	22	1	1324	13266915	13268249	0.0	1818
NC_003076.8:9557658-9559507	NC_003071.7	91.372	1356	65	21	1	1323	6925377	6924041	0.0	1808
NC_003076.8:9557658-9559507	NC_003071.7	90.943	1358	66	28	1	1322	12800994	12802330	0.0	1773
NC_003076.8:9557658-9559507	NC_003071.7	91.154	1334	75	29	1	1323	707442	708743	0.0	1770
NC_003076.8:9557658-9559507	NC_003071.7	91.038	1339	62	21	1	1323	12094425	12093129	0.0	1755
NC_003076.8:9557658-9559507	NC_003071.7	92.590	1228	61	20	104	1323	396551	395346	0.0	1736
NC_003076.8:9557658-9559507	NC_003071.7	92.557	1048	61	12	1	1047	7154736	7153705	0.0	1487
NC_003076.8:9557658-9559507	NC_003071.7	91.015	857	42	14	1	839	14333785	14334624	0.0	1123
NC_003076.8:9557658-9559507	NC_003071.7	90.116	860	44	20	1	839	542308	543147	0.0	1079
NC_003076.8:9557658-9559507	NC_003071.7	97.138	559	15	1	1291	1849	6207152	6206595	0.0	942
NC_003076.8:9557658-9559507	NC_003071.7	89.241	725	51	9	246	952	12556068	12555353	0.0	881
NC_003076.8:9557658-9559507	NC_003071.7	88.921	695	48	11	252	927	10468943	10468259	0.0	830
NC_003076.8:9557658-9559507	NC_003071.7	88.145	717	56	9	246	943	1460787	1460081	0.0	826
NC_003076.8:9557658-9559507	NC_003071.7	92.000	575	30	7	1287	1850	5037745	5038314	0.0	793
NC_003076.8:9557658-9559507	NC_003071.7	88.444	649	49	8	246	876	19196619	19195979	0.0	760
NC_003076.8:9557658-9559507	NC_003071.7	91.259	572	26	13	1292	1849	7340381	7340942	0.0	758
NC_003076.8:9557658-9559507	NC_003071.7	86.903	649	51	27	242	884	11399241	11398621	0.0	697
NC_003076.8:9557658-9559507	NC_003071.7	89.199	574	39	7	246	803	6099666	6100232	0.0	695
NC_003076.8:9557658-9559507	NC_003071.7	89.279	569	37	7	1290	1850	9226027	9225475	0.0	691
NC_003076.8:9557658-9559507	NC_003071.7	88.967	571	45	7	1292	1849	5010652	5010087	0.0	689
NC_003076.8:9557658-9559507	NC_003071.7	88.462	572	48	8	1292	1850	2138820	2139386	0.0	675
NC_003076.8:9557658-9559507	NC_003071.7	88.372	559	48	7	1292	1849	9229179	9228637	0.0	656
NC_003076.8:9557658-9559507	NC_003071.7	88.078	562	48	7	1299	1849	1596926	1597479	0.0	649
NC_003076.8:9557658-9559507	NC_003071.7	87.916	571	38	11	1291	1849	13101809	13102360	0.0	643
NC_003076.8:9557658-9559507	NC_003071.7	88.975	517	38	9	1310	1812	17147641	17147130	1.66e-176	621
NC_003076.8:9557658-9559507	NC_003071.7	86.911	573	44	8	1289	1849	12556651	12557204	2.78e-174	614
NC_003076.8:9557658-9559507	NC_003071.7	86.562	573	51	16	1291	1849	9860515	9859955	1.29e-172	608
NC_003076.8:9557658-9559507	NC_003071.7	87.080	565	40	14	1292	1844	13885931	13886474	1.29e-172	608
NC_003076.8:9557658-9559507	NC_003071.7	86.607	560	61	5	1291	1850	1670335	1669790	4.65e-172	606
NC_003076.8:9557658-9559507	NC_003071.7	86.655	562	56	10	1291	1849	19623101	19623646	1.67e-171	604
NC_003076.8:9557658-9559507	NC_003071.7	87.067	549	50	12	1292	1826	4025413	4025954	2.16e-170	601
NC_003076.8:9557658-9559507	NC_003071.7	88.577	499	41	6	1289	1775	19172671	19172177	1.30e-167	592
NC_003076.8:9557658-9559507	NC_003071.7	85.615	577	56	16	1293	1850	1409588	1410156	2.82e-164	580
NC_003076.8:9557658-9559507	NC_003071.7	85.487	565	62	10	1291	1850	15134224	15134773	1.70e-161	571
NC_003076.8:9557658-9559507	NC_003071.7	94.490	363	11	6	957	1312	7814534	7814174	2.21e-155	551
NC_003076.8:9557658-9559507	NC_003071.7	85.686	503	58	6	1291	1793	19243136	19242648	2.24e-145	518
NC_003076.8:9557658-9559507	NC_003071.7	90.463	367	23	4	957	1312	7169367	7169002	4.92e-132	473
NC_003076.8:9557658-9559507	NC_003071.7	92.395	263	9	6	1069	1323	6663103	6663362	3.09e-99	364
NC_003076.8:9557658-9559507	NC_003071.7	93.697	238	7	6	1091	1323	14334657	14334891	8.65e-95	350
NC_003076.8:9557658-9559507	NC_003071.7	84.746	354	37	8	1508	1850	4305944	4306291	1.87e-91	339
NC_003076.8:9557658-9559507	NC_003071.7	94.907	216	10	1	1292	1507	9433091	9433305	6.73e-91	337
NC_003076.8:9557658-9559507	NC_003071.7	88.849	278	23	4	1572	1849	9433300	9433569	2.42e-90	335
NC_003076.8:9557658-9559507	NC_003071.7	91.803	244	8	8	1089	1323	543175	543415	1.13e-88	329
NC_003076.8:9557658-9559507	NC_003071.7	91.322	242	12	2	957	1189	7959949	7960190	1.89e-86	322
NC_003076.8:9557658-9559507	NC_003071.7	87.732	269	20	10	1	267	11399377	11399120	2.46e-80	302
NC_003076.8:9557658-9559507	NC_003071.7	92.523	214	9	5	1115	1323	6803425	6803636	8.84e-80	300
NC_003076.8:9557658-9559507	NC_003071.7	87.037	270	21	10	1	267	6084090	6084348	1.48e-77	292
NC_003076.8:9557658-9559507	NC_003071.7	87.085	271	18	7	1	267	19196757	19196500	5.32e-77	291
NC_003076.8:9557658-9559507	NC_003071.7	87.037	270	18	7	1	267	6099530	6099785	1.91e-76	289
NC_003076.8:9557658-9559507	NC_003071.7	86.617	269	21	6	1	266	1460925	1460669	8.90e-75	283
NC_003076.8:9557658-9559507	NC_003071.7	88.559	236	15	2	1626	1849	10996418	10996183	1.49e-72	276
NC_003076.8:9557658-9559507	NC_003071.7	86.822	258	17	6	13	267	5843961	5843718	1.93e-71	272
NC_003076.8:9557658-9559507	NC_003071.7	93.956	182	3	1	957	1130	4024359	4024540	2.49e-70	268
NC_003076.8:9557658-9559507	NC_003071.7	93.956	182	3	1	957	1130	7111941	7112122	2.49e-70	268
NC_003076.8:9557658-9559507	NC_003071.7	87.815	238	16	3	1626	1850	1383789	1383552	8.96e-70	267
NC_003076.8:9557658-9559507	NC_003071.7	85.130	269	21	8	1	266	6384054	6383802	5.39e-67	257
NC_003076.8:9557658-9559507	NC_003071.7	91.935	186	7	1	957	1134	980459	980274	6.98e-66	254
NC_003076.8:9557658-9559507	NC_003071.7	92.090	177	6	1	962	1130	6101214	6101038	1.51e-62	243
NC_003076.8:9557658-9559507	NC_003071.7	87.981	208	18	5	1625	1830	9455967	9456169	1.95e-61	239
NC_003076.8:9557658-9559507	NC_003071.7	88.350	206	12	3	1655	1849	1038253	1038049	7.03e-61	237
NC_003076.8:9557658-9559507	NC_003071.7	85.356	239	20	6	1625	1850	3197853	3197617	9.09e-60	233
NC_003076.8:9557658-9559507	NC_003071.7	84.937	239	22	5	1625	1850	1322206	1321969	1.18e-58	230
NC_003076.8:9557658-9559507	NC_003071.7	87.500	208	14	4	1655	1850	2320728	2320935	1.18e-58	230
NC_003076.8:9557658-9559507	NC_003071.7	89.941	169	14	3	1681	1849	9311453	9311618	3.29e-54	215
NC_003076.8:9557658-9559507	NC_003071.7	91.892	148	10	2	1	148	5467004	5466859	1.98e-51	206
NC_003076.8:9557658-9559507	NC_003071.7	91.176	136	12	0	1715	1850	7351413	7351548	2.58e-45	185
NC_003076.8:9557658-9559507	NC_003071.7	89.116	147	8	2	1704	1850	8907859	8907997	1.55e-42	176
NC_003076.8:9557658-9559507	NC_003071.7	93.913	115	7	0	957	1071	3564539	3564653	5.59e-42	174
NC_003076.8:9557658-9559507	NC_003071.7	90.840	131	8	4	957	1085	3213196	3213068	2.01e-41	172
NC_003076.8:9557658-9559507	NC_003071.7	96.190	105	3	1	2	106	6101375	6101272	7.23e-41	171
NC_003076.8:9557658-9559507	NC_003071.7	94.340	106	6	0	957	1062	6661119	6661224	1.21e-38	163
NC_003076.8:9557658-9559507	NC_003071.7	91.057	123	6	4	1203	1323	13336704	13336585	4.35e-38	161
NC_003076.8:9557658-9559507	NC_003071.7	89.147	129	11	1	1625	1753	14572548	14572673	5.63e-37	158
NC_003076.8:9557658-9559507	NC_003071.7	79.295	227	33	9	1625	1850	9585143	9585356	1.22e-33	147
NC_003076.8:9557658-9559507	NC_003071.7	80.085	236	13	12	1625	1849	1347424	1347212	4.38e-33	145
NC_003076.8:9557658-9559507	NC_003071.7	86.822	129	14	3	1721	1849	3212450	3212325	5.67e-32	141
NC_003076.8:9557658-9559507	NC_003071.7	86.822	129	14	3	1721	1849	11285240	11285115	5.67e-32	141
NC_003076.8:9557658-9559507	NC_003071.7	86.614	127	14	3	1721	1847	13906792	13906669	7.33e-31	137
NC_003076.8:9557658-9559507	NC_003071.7	86.047	129	15	3	1722	1850	544041	544166	2.64e-30	135
NC_003076.8:9557658-9559507	NC_003071.7	86.154	130	13	5	1721	1850	7961439	7961563	2.64e-30	135
NC_003076.8:9557658-9559507	NC_003071.7	94.382	89	2	2	1225	1312	7960700	7960786	9.48e-30	134
NC_003076.8:9557658-9559507	NC_003071.7	85.507	138	9	4	1625	1751	9030463	9030600	9.48e-30	134
NC_003076.8:9557658-9559507	NC_003071.7	84.892	139	11	3	1625	1753	10070310	10070172	3.41e-29	132
NC_003076.8:9557658-9559507	NC_003071.7	89.423	104	9	1	1292	1395	1552862	1552761	1.23e-28	130
NC_003076.8:9557658-9559507	NC_003071.7	84.615	130	17	3	1721	1850	6663996	6664122	1.59e-27	126
NC_003076.8:9557658-9559507	NC_003071.7	84.615	130	16	4	1721	1850	7112804	7112929	1.59e-27	126
NC_003076.8:9557658-9559507	NC_003071.7	93.827	81	5	0	1	81	3213354	3213274	2.05e-26	122
NC_003076.8:9557658-9559507	NC_003071.7	86.486	111	13	2	1292	1400	6411149	6411259	7.38e-26	121
NC_003076.8:9557658-9559507	NC_003071.7	93.827	81	4	1	1	81	7111784	7111863	7.38e-26	121
NC_003076.8:9557658-9559507	NC_003071.7	93.671	79	5	0	1771	1849	11908954	11908876	2.66e-25	119
NC_003076.8:9557658-9559507	NC_003071.7	91.111	90	3	5	1	89	2962805	2962720	9.55e-25	117
NC_003076.8:9557658-9559507	NC_003071.7	91.765	85	5	2	1	85	3564382	3564464	9.55e-25	117
NC_003076.8:9557658-9559507	NC_003071.7	92.593	81	6	0	1	81	4024201	4024281	9.55e-25	117
NC_003076.8:9557658-9559507	NC_003071.7	90.909	88	6	2	1	88	7814691	7814606	9.55e-25	117
NC_003076.8:9557658-9559507	NC_003071.7	93.506	77	5	0	957	1033	2962647	2962571	3.43e-24	115
NC_003076.8:9557658-9559507	NC_003071.7	93.590	78	3	2	1	77	7169524	7169448	3.43e-24	115
NC_003076.8:9557658-9559507	NC_003071.7	91.358	81	7	0	1	81	980617	980537	4.44e-23	111
NC_003076.8:9557658-9559507	NC_003071.7	82.946	129	17	5	1723	1850	4024867	4024991	4.44e-23	111
NC_003076.8:9557658-9559507	NC_003071.7	95.588	68	3	0	26	93	12555280	12555213	1.60e-22	110
NC_003076.8:9557658-9559507	NC_003071.7	86.957	92	11	1	1296	1386	17993084	17992993	2.67e-20	102
NC_003076.8:9557658-9559507	NC_003071.7	90.625	64	5	1	1292	1355	6901191	6901253	9.69e-15	84.2
NC_003076.8:9557658-9559507	NC_003071.7	90.625	64	5	1	1292	1355	9029807	9029869	9.69e-15	84.2
NC_003076.8:9557658-9559507	NC_003071.7	89.062	64	6	1	1292	1355	10070964	10070902	4.51e-13	78.7
NC_003076.8:9557658-9559507	NC_003071.7	87.692	65	7	1	1292	1356	1322856	1322793	5.83e-12	75.0
NC_003076.8:9557658-9559507	NC_003071.7	87.692	65	7	1	1292	1356	3198502	3198439	5.83e-12	75.0
NC_003076.8:9557658-9559507	NC_003071.7	87.500	64	7	1	1292	1355	11909720	11909658	2.10e-11	73.1
NC_003076.8:9557658-9559507	NC_003071.7	87.302	63	7	1	1293	1355	2320063	2320124	7.54e-11	71.3
NC_003076.8:9557658-9559507	NC_003071.7	100.000	38	0	0	1625	1662	9311421	9311458	7.54e-11	71.3
NC_003076.8:9557658-9559507	NC_003071.7	100.000	30	0	0	1820	1849	7177619	7177590	2.11e-06	56.5
NC_003076.8:9557658-9559507	NC_003075.7	93.985	1330	53	18	1	1323	5541389	5540080	0.0	1988
NC_003076.8:9557658-9559507	NC_003075.7	93.248	1333	60	21	1	1323	11360870	11362182	0.0	1936
NC_003076.8:9557658-9559507	NC_003075.7	93.072	1328	67	17	1	1322	1349585	1350893	0.0	1919
NC_003076.8:9557658-9559507	NC_003075.7	93.252	1319	56	18	1	1312	4146126	4147418	0.0	1912
NC_003076.8:9557658-9559507	NC_003075.7	92.787	1331	51	28	1	1323	8730453	8729160	0.0	1884
NC_003076.8:9557658-9559507	NC_003075.7	91.648	1353	62	19	1	1323	1002007	1000676	0.0	1825
NC_003076.8:9557658-9559507	NC_003075.7	90.362	1380	61	30	1	1323	8063577	8064941	0.0	1746
NC_003076.8:9557658-9559507	NC_003075.7	91.440	1285	60	18	1	1254	10397385	10396120	0.0	1718
NC_003076.8:9557658-9559507	NC_003075.7	94.705	831	28	12	1	831	16865070	16864256	0.0	1277
NC_003076.8:9557658-9559507	NC_003075.7	90.977	798	42	19	1	783	9842608	9841826	0.0	1048
NC_003076.8:9557658-9559507	NC_003075.7	90.864	799	41	15	1	783	9763814	9763032	0.0	1042
NC_003076.8:9557658-9559507	NC_003075.7	86.035	981	86	28	1	960	2622006	2621056	0.0	1005
NC_003076.8:9557658-9559507	NC_003075.7	88.828	725	52	14	246	952	314144	313431	0.0	863
NC_003076.8:9557658-9559507	NC_003075.7	87.912	728	53	13	246	952	7060559	7059846	0.0	824
NC_003076.8:9557658-9559507	NC_003075.7	88.269	699	52	13	259	937	9438922	9439610	0.0	809
NC_003076.8:9557658-9559507	NC_003075.7	91.021	568	38	5	1291	1849	1521256	1521819	0.0	754
NC_003076.8:9557658-9559507	NC_003075.7	90.317	568	42	5	1292	1850	6115341	6115904	0.0	732
NC_003076.8:9557658-9559507	NC_003075.7	89.279	569	48	7	1290	1849	572761	572197	0.0	701
NC_003076.8:9557658-9559507	NC_003075.7	88.193	559	51	5	1292	1850	7034793	7034250	0.0	652
NC_003076.8:9557658-9559507	NC_003075.7	88.193	559	49	12	1292	1849	8947760	8947218	0.0	651
NC_003076.8:9557658-9559507	NC_003075.7	87.586	580	42	12	1293	1849	14458283	14457711	0.0	645
NC_003076.8:9557658-9559507	NC_003075.7	87.324	568	57	12	1286	1849	6340028	6339472	0.0	636
NC_003076.8:9557658-9559507	NC_003075.7	87.634	558	54	8	1292	1849	12365606	12365064	2.13e-180	634
NC_003076.8:9557658-9559507	NC_003075.7	87.299	559	57	5	1291	1849	15442195	15441651	3.57e-178	627
NC_003076.8:9557658-9559507	NC_003075.7	86.865	571	59	9	1291	1850	5392284	5391719	1.28e-177	625
NC_003076.8:9557658-9559507	NC_003075.7	87.260	573	42	11	1290	1850	9112132	9111579	1.28e-177	625
NC_003076.8:9557658-9559507	NC_003075.7	87.151	537	54	6	1292	1818	824053	823522	1.01e-168	595
NC_003076.8:9557658-9559507	NC_003075.7	85.911	582	49	14	1292	1850	12607047	12606476	4.68e-167	590
NC_003076.8:9557658-9559507	NC_003075.7	91.892	407	31	2	246	652	6178585	6178989	2.19e-160	568
NC_003076.8:9557658-9559507	NC_003075.7	87.449	494	47	7	1291	1773	6660986	6661475	1.71e-156	555
NC_003076.8:9557658-9559507	NC_003075.7	92.612	379	12	7	957	1322	11193412	11193037	2.88e-149	531
NC_003076.8:9557658-9559507	NC_003075.7	91.622	370	15	6	957	1312	371928	371561	2.92e-139	497
NC_003076.8:9557658-9559507	NC_003075.7	90.838	382	16	8	957	1323	6166306	6165929	3.78e-138	494
NC_003076.8:9557658-9559507	NC_003075.7	92.628	312	9	7	954	1253	965643	965334	6.45e-121	436
NC_003076.8:9557658-9559507	NC_003075.7	88.474	321	24	6	1536	1847	2553631	2553947	1.43e-102	375
NC_003076.8:9557658-9559507	NC_003075.7	95.417	240	4	5	1088	1323	16864262	16864026	1.43e-102	375
NC_003076.8:9557658-9559507	NC_003075.7	92.803	264	8	8	1	264	7853533	7853281	1.85e-101	372
NC_003076.8:9557658-9559507	NC_003075.7	87.452	263	25	5	651	912	3893999	3893744	1.14e-78	296
NC_003076.8:9557658-9559507	NC_003075.7	87.259	259	18	7	1	257	5354114	5354359	3.20e-74	281
NC_003076.8:9557658-9559507	NC_003075.7	85.926	270	22	7	1	267	6178448	6178704	5.36e-72	274
NC_003076.8:9557658-9559507	NC_003075.7	85.240	271	21	14	1	268	7060698	7060444	4.17e-68	261
NC_003076.8:9557658-9559507	NC_003075.7	92.857	182	5	1	957	1130	683371	683552	5.39e-67	257
NC_003076.8:9557658-9559507	NC_003075.7	86.864	236	15	5	1625	1849	9193138	9193368	9.02e-65	250
NC_003076.8:9557658-9559507	NC_003075.7	85.654	237	21	4	1625	1850	6243586	6243820	7.03e-61	237
NC_003076.8:9557658-9559507	NC_003075.7	85.062	241	20	6	1625	1850	8899727	8899966	3.27e-59	231
NC_003076.8:9557658-9559507	NC_003075.7	87.805	205	14	4	1655	1849	6168558	6168355	1.18e-58	230
NC_003076.8:9557658-9559507	NC_003075.7	82.900	269	19	12	1	267	314269	314026	9.15e-55	217
NC_003076.8:9557658-9559507	NC_003075.7	84.100	239	19	10	1625	1849	17501973	17502206	1.18e-53	213
NC_003076.8:9557658-9559507	NC_003075.7	83.264	239	24	6	1625	1850	7231369	7231604	1.98e-51	206
NC_003076.8:9557658-9559507	NC_003075.7	81.413	269	14	18	1	267	6279022	6279256	7.18e-46	187
NC_003076.8:9557658-9559507	NC_003075.7	86.986	146	11	2	1704	1849	964000	963863	5.63e-37	158
NC_003076.8:9557658-9559507	NC_003075.7	86.923	130	14	3	1721	1850	8065579	8065705	1.58e-32	143
NC_003076.8:9557658-9559507	NC_003075.7	86.154	130	15	3	1721	1850	370913	370787	7.33e-31	137
NC_003076.8:9557658-9559507	NC_003075.7	86.047	129	16	2	1721	1849	4148056	4148182	7.33e-31	137
NC_003076.8:9557658-9559507	NC_003075.7	85.507	138	11	4	1625	1753	12699153	12699290	2.64e-30	135
NC_003076.8:9557658-9559507	NC_003075.7	85.496	131	14	5	1721	1850	11192400	11192274	3.41e-29	132
NC_003076.8:9557658-9559507	NC_003075.7	84.615	130	16	4	1721	1850	684234	684359	1.59e-27	126
NC_003076.8:9557658-9559507	NC_003075.7	84.615	130	17	3	1721	1850	16863388	16863262	1.59e-27	126
NC_003076.8:9557658-9559507	NC_003075.7	89.796	98	8	2	1290	1386	7652562	7652658	5.71e-27	124
NC_003076.8:9557658-9559507	NC_003075.7	93.902	82	3	2	1	81	2520884	2520964	2.05e-26	122
NC_003076.8:9557658-9559507	NC_003075.7	89.583	96	9	1	1292	1386	7154779	7154874	7.38e-26	121
NC_003076.8:9557658-9559507	NC_003075.7	89.474	95	10	0	1292	1386	9146443	9146537	7.38e-26	121
NC_003076.8:9557658-9559507	NC_003075.7	92.593	81	6	0	1	81	683213	683293	9.55e-25	117
NC_003076.8:9557658-9559507	NC_003075.7	91.358	81	7	0	1	81	372086	372006	4.44e-23	111
NC_003076.8:9557658-9559507	NC_003075.7	92.308	78	6	0	4	81	11193567	11193490	4.44e-23	111
NC_003076.8:9557658-9559507	NC_003075.7	84.821	112	14	2	1292	1400	2040107	2040218	1.60e-22	110
NC_003076.8:9557658-9559507	NC_003075.7	87.500	96	11	1	1292	1386	6427216	6427121	1.60e-22	110
NC_003076.8:9557658-9559507	NC_003075.7	89.535	86	9	0	1291	1376	7905770	7905855	1.60e-22	110
NC_003076.8:9557658-9559507	NC_003075.7	87.500	96	10	2	1292	1386	12968438	12968344	1.60e-22	110
NC_003076.8:9557658-9559507	NC_003075.7	96.875	64	1	1	1625	1687	1100911	1100974	2.07e-21	106
NC_003076.8:9557658-9559507	NC_003075.7	90.123	81	8	0	1	81	14390988	14390908	2.07e-21	106
NC_003076.8:9557658-9559507	NC_003075.7	94.118	68	4	0	1625	1692	7572220	7572287	7.44e-21	104
NC_003076.8:9557658-9559507	NC_003075.7	86.022	93	10	3	1758	1850	14390350	14390261	1.24e-18	97.1
NC_003076.8:9557658-9559507	NC_003075.7	87.654	81	10	0	1	81	6166464	6166384	4.47e-18	95.3
NC_003076.8:9557658-9559507	NC_003075.7	88.312	77	5	3	1238	1312	965061	964987	2.08e-16	89.8
NC_003076.8:9557658-9559507	NC_003075.7	89.231	65	6	1	1291	1355	6169230	6169167	1.25e-13	80.5
NC_003076.8:9557658-9559507	NC_003075.7	89.231	65	6	1	1291	1355	9192542	9192605	1.25e-13	80.5
NC_003076.8:9557658-9559507	NC_003075.7	87.692	65	7	1	1292	1356	1199585	1199522	5.83e-12	75.0
NC_003076.8:9557658-9559507	NC_003075.7	87.500	64	7	1	1292	1355	7384282	7384220	2.10e-11	73.1
NC_003076.8:9557658-9559507	NC_003075.7	86.154	65	9	0	1292	1356	8899077	8899141	7.54e-11	71.3
NC_003076.8:9557658-9559507	NC_003075.7	86.154	65	8	1	1292	1356	7230735	7230798	2.71e-10	69.4
NC_003076.8:9557658-9559507	NC_003075.7	89.796	49	5	0	1801	1849	3359186	3359234	1.26e-08	63.9
NC_003076.8:9557658-9559507	NC_003070.9	93.599	1328	59	17	1	1322	8114770	8116077	0.0	1958
NC_003076.8:9557658-9559507	NC_003070.9	93.263	1336	57	16	1	1322	9816210	9817526	0.0	1938
NC_003076.8:9557658-9559507	NC_003070.9	93.187	1321	54	16	1	1307	30253107	30251809	0.0	1908
NC_003076.8:9557658-9559507	NC_003070.9	92.820	1337	61	16	1	1323	13058823	13060138	0.0	1905
NC_003076.8:9557658-9559507	NC_003070.9	92.782	1330	53	26	1	1323	19995734	19994441	0.0	1884
NC_003076.8:9557658-9559507	NC_003070.9	92.532	1339	58	21	1	1323	12330053	12328741	0.0	1881
NC_003076.8:9557658-9559507	NC_003070.9	92.637	1331	55	28	1	1323	11737393	11736098	0.0	1875
NC_003076.8:9557658-9559507	NC_003070.9	92.451	1338	62	21	1	1323	22449931	22451244	0.0	1875
NC_003076.8:9557658-9559507	NC_003070.9	92.500	1320	59	19	1	1312	501372	500085	0.0	1853
NC_003076.8:9557658-9559507	NC_003070.9	92.182	1343	44	13	1	1323	16903800	16905101	0.0	1842
NC_003076.8:9557658-9559507	NC_003070.9	91.740	1356	59	24	1	1323	26171480	26170145	0.0	1834
NC_003076.8:9557658-9559507	NC_003070.9	92.314	1314	64	17	1	1300	22994060	22992770	0.0	1832
NC_003076.8:9557658-9559507	NC_003070.9	90.983	1353	72	21	1	1322	17899863	17901196	0.0	1777
NC_003076.8:9557658-9559507	NC_003070.9	90.849	1355	72	21	1	1323	7035191	7036525	0.0	1768
NC_003076.8:9557658-9559507	NC_003070.9	90.522	1340	75	21	14	1323	30255510	30254193	0.0	1724
NC_003076.8:9557658-9559507	NC_003070.9	90.325	1354	69	26	1	1322	9867414	9866091	0.0	1718
NC_003076.8:9557658-9559507	NC_003070.9	91.186	1282	58	24	5	1256	19329256	19328000	0.0	1690
NC_003076.8:9557658-9559507	NC_003070.9	93.496	984	46	12	348	1323	13017571	13016598	0.0	1447
NC_003076.8:9557658-9559507	NC_003070.9	93.238	976	47	13	1	974	19061965	19062923	0.0	1419
NC_003076.8:9557658-9559507	NC_003070.9	93.723	924	39	12	1	923	11699698	11700603	0.0	1367
NC_003076.8:9557658-9559507	NC_003070.9	94.346	849	40	4	275	1121	19062922	19063764	0.0	1295
NC_003076.8:9557658-9559507	NC_003070.9	93.341	826	26	8	1	826	4785461	4786257	0.0	1194
NC_003076.8:9557658-9559507	NC_003070.9	92.262	840	33	12	1	823	12364135	12364959	0.0	1162
NC_003076.8:9557658-9559507	NC_003070.9	91.249	857	35	16	1	839	16824518	16825352	0.0	1131
NC_003076.8:9557658-9559507	NC_003070.9	91.047	860	35	18	1	839	23213666	23214504	0.0	1123
NC_003076.8:9557658-9559507	NC_003070.9	90.825	861	37	19	1	839	19466949	19466109	0.0	1114
NC_003076.8:9557658-9559507	NC_003070.9	90.665	857	44	16	1	839	12564081	12563243	0.0	1107
NC_003076.8:9557658-9559507	NC_003070.9	90.233	860	43	18	1	839	16325444	16326283	0.0	1085
NC_003076.8:9557658-9559507	NC_003070.9	91.460	808	31	13	525	1323	18791324	18792102	0.0	1075
NC_003076.8:9557658-9559507	NC_003070.9	86.032	988	84	25	1	956	16806989	16807954	0.0	1011
NC_003076.8:9557658-9559507	NC_003070.9	95.039	645	20	8	682	1323	15939781	15940416	0.0	1003
NC_003076.8:9557658-9559507	NC_003070.9	96.595	558	17	2	1292	1849	26880721	26881276	0.0	924
NC_003076.8:9557658-9559507	NC_003070.9	96.595	558	18	1	1292	1849	27240719	27241275	0.0	924
NC_003076.8:9557658-9559507	NC_003070.9	95.893	560	20	2	1290	1849	16401005	16400449	0.0	904
NC_003076.8:9557658-9559507	NC_003070.9	88.843	726	53	10	246	952	1977027	1976311	0.0	867
NC_003076.8:9557658-9559507	NC_003070.9	89.286	700	47	10	246	927	17552860	17552171	0.0	852
NC_003076.8:9557658-9559507	NC_003070.9	83.485	987	83	47	1	956	13262203	13261266	0.0	846
NC_003076.8:9557658-9559507	NC_003070.9	93.918	559	31	2	1291	1849	540988	540433	0.0	841
NC_003076.8:9557658-9559507	NC_003070.9	88.276	725	56	11	246	952	29320592	29319879	0.0	841
NC_003076.8:9557658-9559507	NC_003070.9	88.953	697	49	13	259	937	19085236	19085922	0.0	835
NC_003076.8:9557658-9559507	NC_003070.9	85.363	854	70	25	1	823	16806150	16806979	0.0	833
NC_003076.8:9557658-9559507	NC_003070.9	87.989	716	58	10	246	943	6736003	6736708	0.0	821
NC_003076.8:9557658-9559507	NC_003070.9	93.048	561	32	6	1291	1849	10591983	10591428	0.0	813
NC_003076.8:9557658-9559507	NC_003070.9	92.844	559	32	6	1292	1850	5899755	5899205	0.0	804
NC_003076.8:9557658-9559507	NC_003070.9	87.570	716	60	11	246	943	17368	18072	0.0	802
NC_003076.8:9557658-9559507	NC_003070.9	88.092	697	53	12	259	937	19173665	19172981	0.0	800
NC_003076.8:9557658-9559507	NC_003070.9	87.172	725	65	9	246	952	3074585	3073871	0.0	798
NC_003076.8:9557658-9559507	NC_003070.9	87.500	712	53	16	259	952	12855856	12855163	0.0	789
NC_003076.8:9557658-9559507	NC_003070.9	92.077	568	30	7	1292	1849	23125693	23125131	0.0	785
NC_003076.8:9557658-9559507	NC_003070.9	88.598	649	48	8	246	876	2235029	2234389	0.0	765
NC_003076.8:9557658-9559507	NC_003070.9	90.685	569	35	9	1292	1849	12097456	12098017	0.0	741
NC_003076.8:9557658-9559507	NC_003070.9	90.175	570	27	10	1291	1849	21918433	21918984	0.0	715
NC_003076.8:9557658-9559507	NC_003070.9	89.464	560	49	7	1292	1849	20205905	20205354	0.0	699
NC_003076.8:9557658-9559507	NC_003070.9	93.631	471	20	8	1	471	15939323	15939783	0.0	695
NC_003076.8:9557658-9559507	NC_003070.9	89.354	573	31	10	1289	1849	4770669	4770115	0.0	693
NC_003076.8:9557658-9559507	NC_003070.9	89.279	569	40	9	1291	1849	26511227	26510670	0.0	693
NC_003076.8:9557658-9559507	NC_003070.9	89.445	559	45	7	1291	1849	29244141	29244685	0.0	693
NC_003076.8:9557658-9559507	NC_003070.9	92.449	490	27	7	1359	1847	10930990	10931470	0.0	691
NC_003076.8:9557658-9559507	NC_003070.9	89.247	558	48	8	1292	1849	22192007	22192552	0.0	688
NC_003076.8:9557658-9559507	NC_003070.9	89.493	552	41	6	1311	1849	25779690	25780237	0.0	682
NC_003076.8:9557658-9559507	NC_003070.9	88.296	581	42	11	1293	1850	17502231	17502808	0.0	673
NC_003076.8:9557658-9559507	NC_003070.9	87.910	579	53	9	1286	1850	13495996	13495421	0.0	665
NC_003076.8:9557658-9559507	NC_003070.9	88.730	559	40	11	1292	1850	10853200	10852665	0.0	662
NC_003076.8:9557658-9559507	NC_003070.9	87.895	570	51	8	1292	1849	5862949	5863512	0.0	654
NC_003076.8:9557658-9559507	NC_003070.9	91.649	479	29	1	1	479	22622305	22621838	0.0	652
NC_003076.8:9557658-9559507	NC_003070.9	87.587	572	43	9	1290	1849	11732350	11732905	0.0	638
NC_003076.8:9557658-9559507	NC_003070.9	86.995	569	60	7	1292	1849	21739641	21739076	9.92e-179	628
NC_003076.8:9557658-9559507	NC_003070.9	86.842	570	59	9	1291	1849	13811467	13810903	4.62e-177	623
NC_003076.8:9557658-9559507	NC_003070.9	87.108	574	42	18	1289	1850	19769021	19769574	1.66e-176	621
NC_003076.8:9557658-9559507	NC_003070.9	87.018	570	45	12	1292	1850	11804094	11803543	7.72e-175	616
NC_003076.8:9557658-9559507	NC_003070.9	87.344	561	40	13	1291	1827	6219141	6218588	2.78e-174	614
NC_003076.8:9557658-9559507	NC_003070.9	86.621	583	44	14	1292	1850	13869873	13870445	2.78e-174	614
NC_003076.8:9557658-9559507	NC_003070.9	87.684	544	42	15	1292	1820	588027	587494	3.59e-173	610
NC_003076.8:9557658-9559507	NC_003070.9	86.667	570	43	10	1292	1849	10021962	10021414	2.16e-170	601
NC_003076.8:9557658-9559507	NC_003070.9	92.840	419	19	8	1	419	18790927	18791334	2.80e-169	597
NC_003076.8:9557658-9559507	NC_003070.9	87.061	541	53	11	1287	1827	2986897	2986374	1.01e-168	595
NC_003076.8:9557658-9559507	NC_003070.9	94.241	382	11	6	950	1323	11700589	11700967	4.71e-162	573
NC_003076.8:9557658-9559507	NC_003070.9	85.739	575	42	13	1290	1850	24645517	24646065	1.70e-161	571
NC_003076.8:9557658-9559507	NC_003070.9	90.541	444	20	9	894	1323	22621842	22621407	2.19e-160	568
NC_003076.8:9557658-9559507	NC_003070.9	85.792	549	57	13	1291	1826	4582997	4583537	1.02e-158	562
NC_003076.8:9557658-9559507	NC_003070.9	91.422	408	33	2	246	653	18746910	18746505	1.32e-157	558
NC_003076.8:9557658-9559507	NC_003070.9	93.668	379	9	6	957	1323	16998385	16998010	6.14e-156	553
NC_003076.8:9557658-9559507	NC_003070.9	84.790	572	56	18	1291	1850	28891931	28891379	1.03e-153	545
NC_003076.8:9557658-9559507	NC_003070.9	92.895	380	11	7	957	1323	12876772	12876396	1.72e-151	538
NC_003076.8:9557658-9559507	NC_003070.9	89.252	428	39	5	1293	1719	2587832	2587411	1.04e-148	529
NC_003076.8:9557658-9559507	NC_003070.9	83.882	577	64	6	1291	1849	24718473	24719038	4.82e-147	523
NC_003076.8:9557658-9559507	NC_003070.9	92.287	376	15	6	959	1323	3413713	3414085	1.73e-146	521
NC_003076.8:9557658-9559507	NC_003070.9	90.541	370	18	6	957	1312	28161194	28161560	4.92e-132	473
NC_003076.8:9557658-9559507	NC_003070.9	86.331	417	30	7	545	943	23174140	23174547	1.08e-118	429
NC_003076.8:9557658-9559507	NC_003070.9	93.976	249	9	4	1069	1312	19769010	19768763	1.85e-101	372
NC_003076.8:9557658-9559507	NC_003070.9	92.105	266	10	8	1	266	25963257	25963003	3.09e-99	364
NC_003076.8:9557658-9559507	NC_003070.9	92.045	264	10	8	1	264	23554439	23554187	4.00e-98	361
NC_003076.8:9557658-9559507	NC_003070.9	94.191	241	5	6	1089	1323	23214532	23214769	1.44e-97	359
NC_003076.8:9557658-9559507	NC_003070.9	94.468	235	5	6	1094	1323	12563207	12562976	1.86e-96	355
NC_003076.8:9557658-9559507	NC_003070.9	93.750	240	8	5	1088	1323	4786256	4786492	6.69e-96	353
NC_003076.8:9557658-9559507	NC_003070.9	93.249	237	12	2	1615	1850	2473131	2472898	1.12e-93	346
NC_003076.8:9557658-9559507	NC_003070.9	93.671	237	5	7	1094	1323	16825388	16825621	1.12e-93	346
NC_003076.8:9557658-9559507	NC_003070.9	91.270	252	10	2	1	252	3910601	3910362	8.71e-90	333
NC_003076.8:9557658-9559507	NC_003070.9	92.181	243	8	8	1089	1323	16326311	16326550	8.71e-90	333
NC_003076.8:9557658-9559507	NC_003070.9	92.373	236	9	6	1094	1323	12365009	12365241	4.05e-88	327
NC_003076.8:9557658-9559507	NC_003070.9	91.880	234	9	7	1097	1323	19466071	19465841	2.44e-85	318
NC_003076.8:9557658-9559507	NC_003070.9	90.638	235	22	0	1288	1522	12240501	12240735	1.13e-83	313
NC_003076.8:9557658-9559507	NC_003070.9	90.517	232	22	0	1291	1522	13313924	13313693	5.28e-82	307
NC_003076.8:9557658-9559507	NC_003070.9	88.722	266	9	5	1	266	8490194	8489950	1.90e-81	305
NC_003076.8:9557658-9559507	NC_003070.9	87.778	270	18	6	1	267	17552998	17552741	2.46e-80	302
NC_003076.8:9557658-9559507	NC_003070.9	87.085	271	18	7	1	267	2235167	2234910	5.32e-77	291
NC_003076.8:9557658-9559507	NC_003070.9	90.455	220	20	1	1625	1844	3251256	3251474	1.91e-76	289
NC_003076.8:9557658-9559507	NC_003070.9	87.037	270	18	8	1	268	14299842	14299588	1.91e-76	289
NC_003076.8:9557658-9559507	NC_003070.9	94.624	186	2	1	957	1134	22992564	22992379	3.20e-74	281
NC_003076.8:9557658-9559507	NC_003070.9	86.517	267	21	6	4	267	18747045	18746791	1.15e-73	279
NC_003076.8:9557658-9559507	NC_003070.9	86.486	259	22	4	1	257	17009	17256	1.93e-71	272
NC_003076.8:9557658-9559507	NC_003070.9	94.828	174	8	1	1291	1464	2473308	2473136	6.93e-71	270
NC_003076.8:9557658-9559507	NC_003070.9	87.866	239	15	2	1625	1849	20514335	20514573	2.49e-70	268
NC_003076.8:9557658-9559507	NC_003070.9	93.011	186	5	1	957	1134	12328558	12328373	3.22e-69	265
NC_003076.8:9557658-9559507	NC_003070.9	93.407	182	4	1	957	1130	30251610	30251429	1.16e-68	263
NC_003076.8:9557658-9559507	NC_003070.9	92.473	186	6	1	957	1134	22621223	22621038	1.50e-67	259
NC_003076.8:9557658-9559507	NC_003070.9	85.328	259	25	4	1	257	3074944	3074697	1.94e-66	255
NC_003076.8:9557658-9559507	NC_003070.9	91.935	186	7	1	957	1134	23876284	23876469	6.98e-66	254
NC_003076.8:9557658-9559507	NC_003070.9	86.134	238	21	4	1625	1850	8622992	8622755	1.17e-63	246
NC_003076.8:9557658-9559507	NC_003070.9	85.774	239	20	5	1625	1850	10579905	10580142	5.43e-62	241
NC_003076.8:9557658-9559507	NC_003070.9	85.774	239	18	7	1625	1850	21128636	21128871	1.95e-61	239
NC_003076.8:9557658-9559507	NC_003070.9	85.246	244	21	6	28	267	17255	17487	7.03e-61	237
NC_003076.8:9557658-9559507	NC_003070.9	87.864	206	14	5	1655	1849	9384365	9384160	3.27e-59	231
NC_003076.8:9557658-9559507	NC_003070.9	84.874	238	22	5	1625	1849	11669593	11669357	4.23e-58	228
NC_003076.8:9557658-9559507	NC_003070.9	93.919	148	8	1	1	148	19085099	19085245	1.97e-56	222
NC_003076.8:9557658-9559507	NC_003070.9	84.388	237	24	5	1625	1849	9418298	9418063	7.08e-56	220
NC_003076.8:9557658-9559507	NC_003070.9	93.243	148	9	1	1	148	8291571	8291425	9.15e-55	217
NC_003076.8:9557658-9559507	NC_003070.9	93.243	148	9	1	1	148	19173802	19173656	9.15e-55	217
NC_003076.8:9557658-9559507	NC_003070.9	92.568	148	10	1	1	148	12855993	12855847	4.26e-53	211
NC_003076.8:9557658-9559507	NC_003070.9	84.685	222	20	5	1625	1833	3762754	3762974	1.53e-52	209
NC_003076.8:9557658-9559507	NC_003070.9	88.824	170	16	2	1681	1850	10240031	10240197	1.98e-51	206
NC_003076.8:9557658-9559507	NC_003070.9	82.773	238	25	7	1625	1849	20166905	20166671	3.32e-49	198
NC_003076.8:9557658-9559507	NC_003070.9	85.128	195	16	4	1625	1808	14013607	14013415	7.18e-46	187
NC_003076.8:9557658-9559507	NC_003070.9	88.276	145	16	1	1705	1849	9918596	9918453	2.01e-41	172
NC_003076.8:9557658-9559507	NC_003070.9	88.356	146	9	2	1704	1849	16858769	16858632	2.60e-40	169
NC_003076.8:9557658-9559507	NC_003070.9	87.500	144	10	2	1704	1847	26307368	26307503	1.56e-37	159
NC_003076.8:9557658-9559507	NC_003070.9	80.169	237	13	12	1625	1850	29774473	29774260	1.22e-33	147
NC_003076.8:9557658-9559507	NC_003070.9	79.149	235	29	14	1625	1849	5437136	5436912	4.38e-33	145
NC_003076.8:9557658-9559507	NC_003070.9	86.822	129	14	3	1722	1850	12562353	12562228	5.67e-32	141
NC_003076.8:9557658-9559507	NC_003070.9	86.822	129	14	3	1722	1850	19465214	19465089	5.67e-32	141
NC_003076.8:9557658-9559507	NC_003070.9	86.822	129	12	5	1721	1849	11701604	11701727	2.04e-31	139
NC_003076.8:9557658-9559507	NC_003070.9	86.719	128	14	3	1722	1849	16327179	16327303	2.04e-31	139
NC_003076.8:9557658-9559507	NC_003070.9	86.719	128	14	3	1722	1849	16826246	16826370	2.04e-31	139
NC_003076.8:9557658-9559507	NC_003070.9	79.245	212	34	5	1638	1847	21602156	21601953	2.04e-31	139
NC_003076.8:9557658-9559507	NC_003070.9	86.154	130	14	4	1721	1850	8489538	8489413	7.33e-31	137
NC_003076.8:9557658-9559507	NC_003070.9	86.047	129	14	4	1721	1849	23553915	23553791	2.64e-30	135
NC_003076.8:9557658-9559507	NC_003070.9	85.385	130	15	4	1721	1850	14308888	14308763	3.41e-29	132
NC_003076.8:9557658-9559507	NC_003070.9	85.271	129	16	3	1721	1849	19064467	19064592	1.23e-28	130
NC_003076.8:9557658-9559507	NC_003070.9	90.722	97	8	1	1291	1386	11174209	11174305	4.41e-28	128
NC_003076.8:9557658-9559507	NC_003070.9	85.600	125	14	4	1725	1849	13015971	13015851	4.41e-28	128
NC_003076.8:9557658-9559507	NC_003070.9	87.500	112	10	4	1292	1400	1160224	1160334	1.59e-27	126
NC_003076.8:9557658-9559507	NC_003070.9	84.615	130	17	3	1721	1850	7037165	7037291	1.59e-27	126
NC_003076.8:9557658-9559507	NC_003070.9	84.733	131	15	5	1721	1850	18792739	18792865	1.59e-27	126
NC_003076.8:9557658-9559507	NC_003070.9	84.848	132	12	8	1721	1850	22451881	22452006	1.59e-27	126
NC_003076.8:9557658-9559507	NC_003070.9	88.462	104	10	2	1298	1399	12525587	12525690	5.71e-27	124
NC_003076.8:9557658-9559507	NC_003070.9	84.496	129	16	4	1723	1850	22992056	22991931	5.71e-27	124
NC_003076.8:9557658-9559507	NC_003070.9	84.496	129	16	4	1722	1850	25962588	25962464	5.71e-27	124
NC_003076.8:9557658-9559507	NC_003070.9	89.583	96	9	1	1292	1386	8189961	8190056	7.38e-26	121
NC_003076.8:9557658-9559507	NC_003070.9	89.583	96	9	1	1292	1386	9919332	9919237	7.38e-26	121
NC_003076.8:9557658-9559507	NC_003070.9	89.583	96	9	1	1292	1386	26306960	26307055	7.38e-26	121
NC_003076.8:9557658-9559507	NC_003070.9	93.750	80	5	0	2	81	30251767	30251688	7.38e-26	121
NC_003076.8:9557658-9559507	NC_003070.9	83.721	129	17	4	1723	1850	12328051	12327926	2.66e-25	119
NC_003076.8:9557658-9559507	NC_003070.9	88.889	99	8	3	1290	1386	12993597	12993500	2.66e-25	119
NC_003076.8:9557658-9559507	NC_003070.9	83.969	131	13	8	1723	1850	22620714	22620589	2.66e-25	119
NC_003076.8:9557658-9559507	NC_003070.9	83.969	131	13	8	1723	1850	30251102	30250977	2.66e-25	119
NC_003076.8:9557658-9559507	NC_003070.9	92.683	82	4	2	1	81	12876928	12876848	9.55e-25	117
NC_003076.8:9557658-9559507	NC_003070.9	92.593	81	6	0	1	81	18790103	18790183	9.55e-25	117
NC_003076.8:9557658-9559507	NC_003070.9	92.500	80	6	0	2	81	22992721	22992642	3.43e-24	115
NC_003076.8:9557658-9559507	NC_003070.9	92.500	80	5	1	2	81	12328714	12328636	1.24e-23	113
NC_003076.8:9557658-9559507	NC_003070.9	88.298	94	11	0	1293	1386	14013409	14013316	1.24e-23	113
NC_003076.8:9557658-9559507	NC_003070.9	91.463	82	5	2	1	81	3413553	3413633	4.44e-23	111
NC_003076.8:9557658-9559507	NC_003070.9	91.358	81	7	0	1	81	16998955	16998875	4.44e-23	111
NC_003076.8:9557658-9559507	NC_003070.9	86.598	97	13	0	1290	1386	17605548	17605644	5.75e-22	108
NC_003076.8:9557658-9559507	NC_003070.9	89.412	85	9	0	1292	1376	19742138	19742054	5.75e-22	108
NC_003076.8:9557658-9559507	NC_003070.9	89.535	86	6	3	4	89	22621378	22621296	2.07e-21	106
NC_003076.8:9557658-9559507	NC_003070.9	86.458	96	11	2	1292	1386	12183991	12183897	7.44e-21	104
NC_003076.8:9557658-9559507	NC_003070.9	89.610	77	8	0	1291	1367	18766619	18766543	3.46e-19	99.0
NC_003076.8:9557658-9559507	NC_003070.9	87.805	82	8	2	1	81	19724755	19724835	4.47e-18	95.3
NC_003076.8:9557658-9559507	NC_003070.9	90.909	66	5	1	1291	1356	6514475	6514539	7.49e-16	87.9
NC_003076.8:9557658-9559507	NC_003070.9	90.625	64	5	1	1292	1355	9385033	9384971	9.69e-15	84.2
NC_003076.8:9557658-9559507	NC_003070.9	89.394	66	7	0	1291	1356	12618637	12618702	9.69e-15	84.2
NC_003076.8:9557658-9559507	NC_003070.9	90.625	64	5	1	1292	1355	18301142	18301080	9.69e-15	84.2
NC_003076.8:9557658-9559507	NC_003070.9	87.097	62	7	1	1292	1353	10579424	10579484	2.71e-10	69.4
NC_003076.8:9557658-9559507	NC_003070.9	100.000	29	0	0	1822	1850	21103382	21103354	7.59e-06	54.7
NC_003076.8:9557658-9559507	NC_003074.8	93.163	1331	63	18	1	1323	17277814	17276504	0.0	1929
NC_003076.8:9557658-9559507	NC_003074.8	92.601	1338	59	20	1	1323	17301278	17299966	0.0	1886
NC_003076.8:9557658-9559507	NC_003074.8	92.537	1340	61	22	1	1323	15937286	15938603	0.0	1884
NC_003076.8:9557658-9559507	NC_003074.8	92.476	1329	58	25	1	1323	20786399	20787691	0.0	1862
NC_003076.8:9557658-9559507	NC_003074.8	92.470	1328	49	25	1	1323	11535844	11537125	0.0	1851
NC_003076.8:9557658-9559507	NC_003074.8	92.099	1329	63	25	1	1323	5745923	5744631	0.0	1834
NC_003076.8:9557658-9559507	NC_003074.8	91.464	1359	60	23	1	1323	10821446	10820108	0.0	1816
NC_003076.8:9557658-9559507	NC_003074.8	91.046	1329	55	24	1	1323	17144490	17143220	0.0	1736
NC_003076.8:9557658-9559507	NC_003074.8	90.834	1331	70	27	1	1322	22118613	22119900	0.0	1735
NC_003076.8:9557658-9559507	NC_003074.8	94.344	831	32	11	1	831	16450786	16451601	0.0	1260
NC_003076.8:9557658-9559507	NC_003074.8	93.449	809	34	11	524	1323	16562049	16562847	0.0	1182
NC_003076.8:9557658-9559507	NC_003074.8	92.665	818	44	12	4	820	9386343	9385541	0.0	1164
NC_003076.8:9557658-9559507	NC_003074.8	89.732	857	39	13	1	839	17063229	17062404	0.0	1050
NC_003076.8:9557658-9559507	NC_003074.8	88.667	803	57	16	179	960	18746356	18747145	0.0	948
NC_003076.8:9557658-9559507	NC_003074.8	96.595	558	17	2	1292	1849	7766062	7766617	0.0	924
NC_003076.8:9557658-9559507	NC_003074.8	87.039	841	67	31	1	839	7996636	7995836	0.0	911
NC_003076.8:9557658-9559507	NC_003074.8	96.078	561	17	2	1292	1850	16405196	16405753	0.0	909
NC_003076.8:9557658-9559507	NC_003074.8	95.699	558	21	1	1292	1849	10708625	10709179	0.0	894
NC_003076.8:9557658-9559507	NC_003074.8	89.121	717	50	10	246	943	16879943	16880650	0.0	867
NC_003076.8:9557658-9559507	NC_003074.8	88.552	725	55	10	246	952	9559544	9558830	0.0	854
NC_003076.8:9557658-9559507	NC_003074.8	88.687	716	48	19	246	943	5622169	5622869	0.0	843
NC_003076.8:9557658-9559507	NC_003074.8	87.758	727	55	13	246	952	20485002	20484290	0.0	819
NC_003076.8:9557658-9559507	NC_003074.8	87.310	725	63	11	246	952	2629888	2629175	0.0	802
NC_003076.8:9557658-9559507	NC_003074.8	86.782	749	53	16	237	960	16173067	16172340	0.0	793
NC_003076.8:9557658-9559507	NC_003074.8	91.986	574	27	6	1294	1849	6729497	6728925	0.0	787
NC_003076.8:9557658-9559507	NC_003074.8	86.622	740	61	16	246	956	3716481	3717211	0.0	784
NC_003076.8:9557658-9559507	NC_003074.8	93.597	531	20	8	801	1323	9385005	9384481	0.0	780
NC_003076.8:9557658-9559507	NC_003074.8	91.250	560	41	5	1291	1849	10718346	10717794	0.0	756
NC_003076.8:9557658-9559507	NC_003074.8	92.620	542	15	12	699	1236	15452795	15452275	0.0	756
NC_003076.8:9557658-9559507	NC_003074.8	90.669	568	41	4	1291	1849	10405395	10405959	0.0	745
NC_003076.8:9557658-9559507	NC_003074.8	90.351	570	41	5	1290	1849	14057122	14057687	0.0	736
NC_003076.8:9557658-9559507	NC_003074.8	90.442	565	40	5	1295	1849	11091000	11090440	0.0	732
NC_003076.8:9557658-9559507	NC_003074.8	85.675	726	60	20	246	952	1371038	1370338	0.0	725
NC_003076.8:9557658-9559507	NC_003074.8	90.141	568	40	8	1291	1849	23085530	23086090	0.0	725
NC_003076.8:9557658-9559507	NC_003074.8	89.842	571	46	4	1289	1850	19436868	19437435	0.0	723
NC_003076.8:9557658-9559507	NC_003074.8	89.456	588	32	7	1291	1850	19739756	19740341	0.0	715
NC_003076.8:9557658-9559507	NC_003074.8	89.667	571	43	8	1290	1850	16485871	16485307	0.0	713
NC_003076.8:9557658-9559507	NC_003074.8	89.041	584	33	9	1292	1849	10758580	10758002	0.0	695
NC_003076.8:9557658-9559507	NC_003074.8	89.388	556	45	6	1304	1850	18634492	18633942	0.0	688
NC_003076.8:9557658-9559507	NC_003074.8	88.772	570	50	6	1291	1849	5865863	5866429	0.0	686
NC_003076.8:9557658-9559507	NC_003074.8	89.085	568	38	8	1292	1850	17402552	17402000	0.0	684
NC_003076.8:9557658-9559507	NC_003074.8	88.057	561	51	11	1289	1849	4584753	4585297	0.0	651
NC_003076.8:9557658-9559507	NC_003074.8	87.762	572	37	13	1292	1850	7980633	7980082	0.0	638
NC_003076.8:9557658-9559507	NC_003074.8	87.108	574	55	9	1291	1850	3080592	3080024	7.67e-180	632
NC_003076.8:9557658-9559507	NC_003074.8	86.941	559	60	7	1292	1850	11315007	11315552	7.72e-175	616
NC_003076.8:9557658-9559507	NC_003074.8	86.420	567	59	9	1286	1850	11132196	11132746	1.67e-171	604
NC_003076.8:9557658-9559507	NC_003074.8	92.840	419	18	9	1	419	16561654	16562060	2.80e-169	597
NC_003076.8:9557658-9559507	NC_003074.8	86.018	565	60	9	1298	1849	16723678	16723120	1.68e-166	588
NC_003076.8:9557658-9559507	NC_003074.8	93.782	386	20	3	1292	1677	4579237	4579618	3.64e-163	577
NC_003076.8:9557658-9559507	NC_003074.8	85.793	542	59	9	1286	1827	423203	422680	1.32e-157	558
NC_003076.8:9557658-9559507	NC_003074.8	84.790	572	59	15	1292	1849	21552658	21552101	7.95e-155	549
NC_003076.8:9557658-9559507	NC_003074.8	93.194	382	8	9	957	1323	11503603	11503225	1.03e-153	545
NC_003076.8:9557658-9559507	NC_003074.8	92.084	379	15	6	957	1323	11967811	11968186	6.23e-146	520
NC_003076.8:9557658-9559507	NC_003074.8	91.553	367	15	8	957	1312	16419302	16419663	1.36e-137	492
NC_003076.8:9557658-9559507	NC_003074.8	90.789	380	17	8	957	1322	17730098	17730473	1.36e-137	492
NC_003076.8:9557658-9559507	NC_003074.8	90.601	383	17	7	957	1323	17776928	17777307	4.88e-137	490
NC_003076.8:9557658-9559507	NC_003074.8	94.231	312	4	3	957	1254	15485591	15485280	2.96e-129	464
NC_003076.8:9557658-9559507	NC_003074.8	92.097	329	8	7	1010	1323	10320599	10320924	2.98e-124	448
NC_003076.8:9557658-9559507	NC_003074.8	89.373	367	13	10	957	1312	9767475	9767124	1.79e-121	438
NC_003076.8:9557658-9559507	NC_003074.8	91.018	334	14	5	1	328	11200624	11200947	6.45e-121	436
NC_003076.8:9557658-9559507	NC_003074.8	92.157	306	11	3	957	1249	10557188	10556883	6.50e-116	420
NC_003076.8:9557658-9559507	NC_003074.8	91.139	316	14	4	957	1259	10575400	10575086	8.41e-115	416
NC_003076.8:9557658-9559507	NC_003074.8	92.069	290	21	2	246	535	10862540	10862827	5.06e-112	407
NC_003076.8:9557658-9559507	NC_003074.8	86.316	380	40	6	1475	1850	16235030	16234659	6.55e-111	403
NC_003076.8:9557658-9559507	NC_003074.8	86.154	390	32	6	1476	1850	15814110	15814492	2.35e-110	401
NC_003076.8:9557658-9559507	NC_003074.8	94.737	247	5	6	1082	1323	16451587	16451830	3.97e-103	377
NC_003076.8:9557658-9559507	NC_003074.8	94.068	236	5	6	1094	1323	7995800	7995568	8.65e-95	350
NC_003076.8:9557658-9559507	NC_003074.8	91.498	247	18	1	1603	1849	18885867	18885624	6.73e-91	337
NC_003076.8:9557658-9559507	NC_003074.8	92.373	236	9	6	1094	1323	17062368	17062136	4.05e-88	327
NC_003076.8:9557658-9559507	NC_003074.8	88.519	270	18	11	1	267	3716342	3716601	3.16e-84	315
NC_003076.8:9557658-9559507	NC_003074.8	92.166	217	14	3	1625	1840	8329280	8329494	6.83e-81	303
NC_003076.8:9557658-9559507	NC_003074.8	87.361	269	21	11	1	267	17397300	17397043	1.14e-78	296
NC_003076.8:9557658-9559507	NC_003074.8	86.716	271	17	9	1	268	20485140	20484886	8.90e-75	283
NC_003076.8:9557658-9559507	NC_003074.8	86.142	267	23	5	4	267	9559680	9559425	1.49e-72	276
NC_003076.8:9557658-9559507	NC_003074.8	92.228	193	13	2	1292	1483	15812961	15813152	1.93e-71	272
NC_003076.8:9557658-9559507	NC_003074.8	85.556	270	25	5	1	267	10862401	10862659	6.93e-71	270
NC_003076.8:9557658-9559507	NC_003074.8	93.956	182	3	2	957	1130	1571523	1571704	2.49e-70	268
NC_003076.8:9557658-9559507	NC_003074.8	93.956	182	3	1	957	1130	17299782	17299601	2.49e-70	268
NC_003076.8:9557658-9559507	NC_003074.8	93.048	187	4	2	957	1134	13327592	13327778	3.22e-69	265
NC_003076.8:9557658-9559507	NC_003074.8	88.000	225	21	3	1625	1847	16902979	16903199	4.17e-68	261
NC_003076.8:9557658-9559507	NC_003074.8	91.979	187	6	2	957	1134	3965159	3965345	6.98e-66	254
NC_003076.8:9557658-9559507	NC_003074.8	86.076	237	20	4	1625	1850	6940832	6940598	1.51e-62	243
NC_003076.8:9557658-9559507	NC_003074.8	90.659	182	7	3	957	1130	18412311	18412490	9.09e-60	233
NC_003076.8:9557658-9559507	NC_003074.8	87.923	207	14	5	1655	1850	20769804	20769598	9.09e-60	233
NC_003076.8:9557658-9559507	NC_003074.8	84.937	239	22	5	1625	1850	11588873	11588636	1.18e-58	230
NC_003076.8:9557658-9559507	NC_003074.8	84.874	238	23	5	1625	1850	10901411	10901647	4.23e-58	228
NC_003076.8:9557658-9559507	NC_003074.8	90.110	182	8	3	957	1130	18018938	18019117	4.23e-58	228
NC_003076.8:9557658-9559507	NC_003074.8	85.106	235	22	6	1625	1847	18495382	18495149	4.23e-58	228
NC_003076.8:9557658-9559507	NC_003074.8	92.810	153	11	0	1	153	20487142	20486990	1.97e-56	222
NC_003076.8:9557658-9559507	NC_003074.8	84.232	241	22	6	28	265	2630001	2629774	7.08e-56	220
NC_003076.8:9557658-9559507	NC_003074.8	85.714	217	21	3	1625	1831	18171177	18170961	7.08e-56	220
NC_003076.8:9557658-9559507	NC_003074.8	89.933	149	15	0	1701	1849	8645191	8645339	1.54e-47	193
NC_003076.8:9557658-9559507	NC_003074.8	89.796	147	6	3	1704	1850	10681528	10681391	1.20e-43	180
NC_003076.8:9557658-9559507	NC_003074.8	97.170	106	2	1	1	106	16879751	16879855	4.32e-43	178
NC_003076.8:9557658-9559507	NC_003074.8	94.495	109	6	0	1292	1400	7274660	7274768	2.60e-40	169
NC_003076.8:9557658-9559507	NC_003074.8	90.909	110	7	3	1	108	9890049	9890157	4.38e-33	145
NC_003076.8:9557658-9559507	NC_003074.8	87.500	128	13	3	1722	1849	17061510	17061386	4.38e-33	145
NC_003076.8:9557658-9559507	NC_003074.8	86.923	130	14	3	1720	1849	18019801	18019927	1.58e-32	143
NC_003076.8:9557658-9559507	NC_003074.8	86.822	129	14	3	1721	1849	13328457	13328582	5.67e-32	141
NC_003076.8:9557658-9559507	NC_003074.8	86.822	129	14	3	1721	1849	17142572	17142447	5.67e-32	141
NC_003076.8:9557658-9559507	NC_003074.8	85.385	130	16	3	1721	1850	10574476	10574350	3.41e-29	132
NC_003076.8:9557658-9559507	NC_003074.8	85.385	130	15	4	1721	1850	17275867	17275742	3.41e-29	132
NC_003076.8:9557658-9559507	NC_003074.8	95.122	82	2	2	1	81	18018781	18018861	4.41e-28	128
NC_003076.8:9557658-9559507	NC_003074.8	84.733	131	15	5	1721	1850	16563462	16563588	1.59e-27	126
NC_003076.8:9557658-9559507	NC_003074.8	95.062	81	2	2	2	81	17299939	17299860	1.59e-27	126
NC_003076.8:9557658-9559507	NC_003074.8	84.496	129	16	4	1723	1850	17299274	17299149	5.71e-27	124
NC_003076.8:9557658-9559507	NC_003074.8	84.375	128	17	3	1723	1850	1572003	1572127	2.05e-26	122
NC_003076.8:9557658-9559507	NC_003074.8	93.827	81	5	0	1	81	13327434	13327514	2.05e-26	122
NC_003076.8:9557658-9559507	NC_003074.8	93.827	81	5	0	1	81	18412154	18412234	2.05e-26	122
NC_003076.8:9557658-9559507	NC_003074.8	83.846	130	18	3	1721	1850	3966022	3966148	7.38e-26	121
NC_003076.8:9557658-9559507	NC_003074.8	83.571	140	12	4	1625	1753	4468266	4468405	7.38e-26	121
NC_003076.8:9557658-9559507	NC_003074.8	91.860	86	7	0	1291	1376	15918692	15918607	7.38e-26	121
NC_003076.8:9557658-9559507	NC_003074.8	91.765	85	6	1	1	85	16419144	16419227	9.55e-25	117
NC_003076.8:9557658-9559507	NC_003074.8	98.438	64	1	0	1	64	10557346	10557283	1.24e-23	113
NC_003076.8:9557658-9559507	NC_003074.8	89.888	89	6	3	1	89	9767629	9767544	4.44e-23	111
NC_003076.8:9557658-9559507	NC_003074.8	90.698	86	5	3	1292	1375	10082828	10082744	4.44e-23	111
NC_003076.8:9557658-9559507	NC_003074.8	91.358	81	7	0	1	81	11503761	11503681	4.44e-23	111
NC_003076.8:9557658-9559507	NC_003074.8	91.358	81	7	0	1	81	17729940	17730020	4.44e-23	111
NC_003076.8:9557658-9559507	NC_003074.8	83.607	122	15	5	1730	1850	10321325	10321442	1.60e-22	110
NC_003076.8:9557658-9559507	NC_003074.8	96.923	65	2	0	1293	1357	16235708	16235644	1.60e-22	110
NC_003076.8:9557658-9559507	NC_003074.8	86.735	98	10	3	1290	1385	7659523	7659427	2.07e-21	106
NC_003076.8:9557658-9559507	NC_003074.8	89.024	82	8	1	1	81	17776769	17776850	9.62e-20	100
NC_003076.8:9557658-9559507	NC_003074.8	86.207	87	9	3	1288	1372	19537821	19537736	5.79e-17	91.6
NC_003076.8:9557658-9559507	NC_003074.8	90.625	64	5	1	1292	1355	8596967	8596905	9.69e-15	84.2
NC_003076.8:9557658-9559507	NC_003074.8	85.897	78	9	2	1425	1502	16235636	16235561	3.48e-14	82.4
NC_003076.8:9557658-9559507	NC_003074.8	87.500	72	7	2	1285	1356	16535300	16535231	3.48e-14	82.4
NC_003076.8:9557658-9559507	NC_003074.8	88.235	68	7	1	1289	1356	16677613	16677679	1.25e-13	80.5
NC_003076.8:9557658-9559507	NC_003074.8	90.323	62	5	1	1292	1353	16902332	16902392	1.25e-13	80.5
NC_003076.8:9557658-9559507	NC_003074.8	89.231	65	5	2	1333	1395	21694228	21694292	1.25e-13	80.5
NC_003076.8:9557658-9559507	NC_003074.8	89.062	64	6	1	1292	1355	19529023	19529085	4.51e-13	78.7
NC_003076.8:9557658-9559507	NC_003074.8	89.062	64	6	1	1292	1355	20770464	20770402	4.51e-13	78.7
NC_003076.8:9557658-9559507	NC_003074.8	86.154	65	8	1	1292	1356	10900762	10900825	2.71e-10	69.4
NC_003076.8:9557658-9559507	NC_003074.8	89.362	47	3	2	1804	1849	4274975	4274930	5.87e-07	58.4
NC_003076.8:9557658-9559507	NC_003074.8	96.970	33	1	0	1292	1324	9540459	9540491	2.11e-06	56.5
NC_003076.8:9557658-9559507	NC_003074.8	100.000	30	0	0	1292	1321	18172792	18172763	2.11e-06	56.5
NC_003076.8:9544454-9545601	NC_003076.8	100.000	1148	0	0	1	1148	9545601	9544454	0.0	2121
NC_003076.8:9544454-9545601	NC_003076.8	82.176	1066	121	38	1	1029	14290586	14289553	0.0	852
NC_003076.8:9544454-9545601	NC_003076.8	95.238	42	2	0	1	42	10528775	10528734	6.00e-10	67.6
NC_003076.8:9544454-9545601	NC_003074.8	88.785	1177	82	18	1	1148	18087046	18088201	0.0	1397
NC_003076.8:9544454-9545601	NC_003070.9	83.181	874	102	24	2	861	20624862	20625704	0.0	758
NC_003076.8:9545738-9546340	NC_003076.8	100.000	603	0	0	1	603	9545738	9546340	0.0	1114
NC_003076.8:9545738-9546340	NC_003076.8	90.232	604	51	7	1	599	14880216	14880816	0.0	782
NC_003076.8:9545738-9546340	NC_003076.8	89.884	603	53	7	1	598	15659431	15658832	0.0	769
NC_003076.8:9545738-9546340	NC_003076.8	89.684	601	54	4	1	594	349810	350409	0.0	760
NC_003076.8:9545738-9546340	NC_003076.8	90.669	568	44	8	1	563	19479577	19480140	0.0	747
NC_003076.8:9545738-9546340	NC_003076.8	88.264	605	61	10	1	599	14873456	14874056	0.0	715
NC_003076.8:9545738-9546340	NC_003076.8	88.557	603	47	13	1	596	9979173	9978586	0.0	712
NC_003076.8:9545738-9546340	NC_003076.8	86.522	601	60	12	1	594	20674822	20674236	0.0	641
NC_003076.8:9545738-9546340	NC_003076.8	85.299	619	57	17	1	598	25178777	25179382	4.09e-173	608
NC_003076.8:9545738-9546340	NC_003076.8	85.476	599	58	14	1	594	23662580	23662006	8.86e-170	597
NC_003076.8:9545738-9546340	NC_003076.8	83.056	602	61	18	1	598	10042374	10041810	4.27e-143	508
NC_003076.8:9545738-9546340	NC_003076.8	81.647	583	69	19	18	594	19115133	19114583	2.62e-125	449
NC_003076.8:9545738-9546340	NC_003076.8	86.165	412	45	9	185	594	22463799	22464200	7.35e-121	435
NC_003076.8:9545738-9546340	NC_003076.8	87.500	88	11	0	295	382	14873619	14873706	8.46e-21	102
NC_003076.8:9545738-9546340	NC_003071.7	91.225	604	44	8	1	598	2299067	2299667	0.0	813
NC_003076.8:9545738-9546340	NC_003071.7	89.076	595	60	5	7	598	7178425	7179017	0.0	734
NC_003076.8:9545738-9546340	NC_003071.7	89.825	570	52	4	1	565	10239495	10238927	0.0	726
NC_003076.8:9545738-9546340	NC_003071.7	88.333	600	58	12	1	594	4758696	4758103	0.0	710
NC_003076.8:9545738-9546340	NC_003071.7	87.145	599	49	17	1	594	8046269	8045694	0.0	654
NC_003076.8:9545738-9546340	NC_003071.7	86.333	600	62	11	1	594	11597292	11597877	0.0	636
NC_003076.8:9545738-9546340	NC_003071.7	86.650	412	44	8	185	594	8907592	8907994	3.39e-124	446
NC_003076.8:9545738-9546340	NC_003071.7	86.650	412	44	8	191	600	9891644	9891242	3.39e-124	446
NC_003076.8:9545738-9546340	NC_003071.7	86.667	405	44	7	191	594	17992941	17992546	1.58e-122	440
NC_003076.8:9545738-9546340	NC_003071.7	85.714	287	33	8	314	594	825988	826272	3.62e-79	296
NC_003076.8:9545738-9546340	NC_003071.7	87.500	88	11	0	295	382	11597457	11597544	8.46e-21	102
NC_003076.8:9545738-9546340	NC_003071.7	87.500	88	9	2	295	382	4758533	4758448	3.04e-20	100
NC_003076.8:9545738-9546340	NC_003071.7	86.517	89	11	1	1	89	6004805	6004718	3.94e-19	97.1
NC_003076.8:9545738-9546340	NC_003075.7	90.017	601	56	4	1	597	6427216	6426616	0.0	774
NC_003076.8:9545738-9546340	NC_003075.7	89.867	602	55	5	1	598	7154779	7155378	0.0	769
NC_003076.8:9545738-9546340	NC_003075.7	89.112	597	61	4	1	594	7905771	7906366	0.0	739
NC_003076.8:9545738-9546340	NC_003075.7	88.226	603	59	11	1	597	6895543	6894947	0.0	710
NC_003076.8:9545738-9546340	NC_003075.7	87.000	600	57	12	1	594	3897172	3897756	0.0	656
NC_003076.8:9545738-9546340	NC_003075.7	87.000	600	57	12	1	594	6414640	6414056	0.0	656
NC_003076.8:9545738-9546340	NC_003075.7	86.733	603	57	12	1	599	9146443	9147026	0.0	649
NC_003076.8:9545738-9546340	NC_003075.7	86.281	605	64	10	1	601	13124454	13123865	0.0	640
NC_003076.8:9545738-9546340	NC_003075.7	86.000	600	59	11	1	597	8725655	8725078	1.89e-176	619
NC_003076.8:9545738-9546340	NC_003075.7	87.352	506	43	9	1	498	9188717	9189209	1.16e-158	560
NC_003076.8:9545738-9546340	NC_003075.7	86.732	407	41	10	191	594	964261	963865	1.58e-122	440
NC_003076.8:9545738-9546340	NC_003075.7	86.968	376	36	10	191	563	12968292	12967927	1.24e-113	411
NC_003076.8:9545738-9546340	NC_003075.7	87.283	173	21	1	425	597	2553779	2553950	3.77e-49	196
NC_003076.8:9545738-9546340	NC_003075.7	84.181	177	24	4	426	601	5391888	5391715	8.23e-41	169
NC_003076.8:9545738-9546340	NC_003075.7	86.897	145	13	4	1	141	12968438	12968296	1.78e-37	158
NC_003076.8:9545738-9546340	NC_003070.9	89.621	607	55	7	1	601	19742138	19741534	0.0	765
NC_003076.8:9545738-9546340	NC_003070.9	89.517	601	53	7	1	594	12993595	12992998	0.0	752
NC_003076.8:9545738-9546340	NC_003070.9	89.465	598	58	5	1	594	25357824	25358420	0.0	750
NC_003076.8:9545738-9546340	NC_003070.9	89.280	597	61	3	1	594	8189961	8190557	0.0	745
NC_003076.8:9545738-9546340	NC_003070.9	88.342	609	61	7	1	603	5531296	5531900	0.0	723
NC_003076.8:9545738-9546340	NC_003070.9	88.629	598	63	5	1	594	29078415	29079011	0.0	723
NC_003076.8:9545738-9546340	NC_003070.9	88.462	598	63	6	1	594	2588429	2587834	0.0	717
NC_003076.8:9545738-9546340	NC_003070.9	88.576	604	52	15	1	594	11174210	11174806	0.0	717
NC_003076.8:9545738-9546340	NC_003070.9	87.752	596	62	11	14	603	17632436	17633026	0.0	686
NC_003076.8:9545738-9546340	NC_003070.9	87.417	604	65	9	1	597	13879653	13879054	0.0	684
NC_003076.8:9545738-9546340	NC_003070.9	87.312	599	67	8	2	594	14013409	14012814	0.0	676
NC_003076.8:9545738-9546340	NC_003070.9	86.311	599	62	11	1	594	20509422	20508839	0.0	634
NC_003076.8:9545738-9546340	NC_003070.9	85.786	598	65	9	1	594	21335944	21336525	2.44e-175	616
NC_003076.8:9545738-9546340	NC_003070.9	88.703	478	50	4	127	601	3498222	3497746	8.92e-165	580
NC_003076.8:9545738-9546340	NC_003070.9	86.232	552	49	13	53	594	12457718	12458252	1.49e-162	573
NC_003076.8:9545738-9546340	NC_003070.9	90.716	377	32	3	219	594	9918829	9918455	2.57e-140	499
NC_003076.8:9545738-9546340	NC_003070.9	91.369	336	25	4	1	332	24027183	24027518	1.57e-127	457
NC_003076.8:9545738-9546340	NC_003070.9	86.797	409	43	8	191	597	16859030	16858631	3.39e-124	446
NC_003076.8:9545738-9546340	NC_003070.9	85.542	415	48	9	185	596	26307100	26307505	1.59e-117	424
NC_003076.8:9545738-9546340	NC_003070.9	85.882	170	20	4	426	594	28891548	28891382	1.37e-43	178
NC_003076.8:9545738-9546340	NC_003070.9	81.714	175	16	7	426	599	11732749	11732908	1.08e-29	132
NC_003076.8:9545738-9546340	NC_003070.9	87.500	88	11	0	295	382	12457833	12457920	8.46e-21	102
NC_003076.8:9545738-9546340	NC_003070.9	84.270	89	13	1	294	382	12993431	12993344	8.52e-16	86.1
NC_003076.8:9545738-9546340	NC_003070.9	100.000	29	0	0	294	322	9919170	9919142	2.40e-06	54.7
NC_003076.8:9545738-9546340	NC_003074.8	88.944	606	60	5	1	601	8644742	8645345	0.0	741
NC_003076.8:9545738-9546340	NC_003074.8	89.037	602	59	7	1	597	15918691	15918092	0.0	739
NC_003076.8:9545738-9546340	NC_003074.8	87.980	599	53	10	1	594	19520641	19521225	0.0	689
NC_003076.8:9545738-9546340	NC_003074.8	87.479	599	56	10	1	594	7659521	7658937	0.0	673
NC_003076.8:9545738-9546340	NC_003074.8	82.107	598	64	20	1	594	10681952	10681394	5.60e-132	472
NC_003076.8:9545738-9546340	NC_003074.8	87.248	149	17	2	452	599	10717938	10717791	8.23e-41	169
NC_003076.8:9545738-9546340	NC_003074.8	86.364	88	12	0	295	382	7937407	7937320	3.94e-19	97.1
NC_003076.8:9557623-9557883	NC_003076.8	100.000	261	0	0	1	261	9557883	9557623	1.06e-135	483
NC_003076.8:9557623-9557883	NC_003076.8	96.460	226	7	1	1	226	13892353	13892129	2.39e-102	372
NC_003076.8:9557623-9557883	NC_003076.8	96.460	226	7	1	1	226	16871256	16871480	2.39e-102	372
NC_003076.8:9557623-9557883	NC_003076.8	95.575	226	8	2	1	226	14810603	14810826	5.17e-99	361
NC_003076.8:9557623-9557883	NC_003076.8	90.123	243	15	6	1	241	14395250	14395015	6.84e-83	307
NC_003076.8:9557623-9557883	NC_003076.8	90.123	243	15	6	1	241	14454549	14454314	6.84e-83	307
NC_003076.8:9557623-9557883	NC_003076.8	89.388	245	16	4	1	235	17726752	17726996	1.14e-80	300
NC_003076.8:9557623-9557883	NC_003076.8	89.362	235	15	3	1	226	19101876	19102109	8.90e-77	287
NC_003076.8:9557623-9557883	NC_003076.8	88.843	242	15	5	1	230	22621413	22621172	8.90e-77	287
NC_003076.8:9557623-9557883	NC_003076.8	89.451	237	12	6	1	235	24586843	24587068	8.90e-77	287
NC_003076.8:9557623-9557883	NC_003076.8	89.778	225	20	2	1	225	15581120	15581341	3.20e-76	285
NC_003076.8:9557623-9557883	NC_003076.8	88.841	233	18	3	1	225	5625388	5625620	1.49e-74	279
NC_003076.8:9557623-9557883	NC_003076.8	86.364	264	24	8	1	256	8749241	8749500	5.36e-74	278
NC_003076.8:9557623-9557883	NC_003076.8	88.889	225	13	4	1	225	14103879	14103667	1.16e-70	267
NC_003076.8:9557623-9557883	NC_003076.8	87.815	238	15	5	1	227	26787338	26787104	1.16e-70	267
NC_003076.8:9557623-9557883	NC_003076.8	87.712	236	17	4	1	226	6702159	6701926	4.17e-70	265
NC_003076.8:9557623-9557883	NC_003076.8	87.500	240	16	6	1	226	9068407	9068168	4.17e-70	265
NC_003076.8:9557623-9557883	NC_003076.8	86.975	238	21	3	1	228	8602053	8601816	1.94e-68	259
NC_003076.8:9557623-9557883	NC_003076.8	87.342	237	17	6	1	227	13734262	13734495	1.94e-68	259
NC_003076.8:9557623-9557883	NC_003076.8	86.975	238	18	4	1	227	14080069	14080304	2.51e-67	255
NC_003076.8:9557623-9557883	NC_003076.8	87.225	227	18	6	1	224	19408597	19408379	4.20e-65	248
NC_003076.8:9557623-9557883	NC_003076.8	86.192	239	20	6	1	226	3566679	3566917	1.51e-64	246
NC_003076.8:9557623-9557883	NC_003076.8	85.484	248	21	7	1	234	6420064	6419818	5.44e-64	244
NC_003076.8:9557623-9557883	NC_003076.8	86.076	237	20	4	1	226	20278847	20278613	1.96e-63	243
NC_003076.8:9557623-9557883	NC_003076.8	83.895	267	17	10	1	244	7417661	7417924	4.23e-60	231
NC_003076.8:9557623-9557883	NC_003076.8	87.440	207	16	3	31	227	23129545	23129339	1.52e-59	230
NC_003076.8:9557623-9557883	NC_003076.8	83.817	241	23	7	1	227	7488328	7488090	4.26e-55	215
NC_003076.8:9557623-9557883	NC_003076.8	84.000	225	32	2	1	225	17043681	17043901	1.53e-54	213
NC_003076.8:9557623-9557883	NC_003076.8	85.990	207	18	3	31	226	16030754	16030548	5.51e-54	211
NC_003076.8:9557623-9557883	NC_003076.8	82.979	235	35	5	2	235	8671466	8671696	7.13e-53	207
NC_003076.8:9557623-9557883	NC_003076.8	83.036	224	32	4	1	223	16713173	16713391	4.29e-50	198
NC_003076.8:9557623-9557883	NC_003076.8	82.627	236	27	5	1	223	22021624	22021858	1.54e-49	196
NC_003076.8:9557623-9557883	NC_003076.8	84.186	215	19	6	1	202	15535363	15535151	5.55e-49	195
NC_003076.8:9557623-9557883	NC_003076.8	82.743	226	19	7	1	225	7070311	7070517	1.20e-45	183
NC_003076.8:9557623-9557883	NC_003076.8	81.395	258	19	8	1	231	15031163	15030908	1.20e-45	183
NC_003076.8:9557623-9557883	NC_003076.8	89.726	146	7	2	80	225	10041949	10041812	1.55e-44	180
NC_003076.8:9557623-9557883	NC_003076.8	91.603	131	8	2	98	225	4937362	4937492	5.59e-44	178
NC_003076.8:9557623-9557883	NC_003076.8	84.530	181	19	4	15	194	17247879	17247707	9.36e-42	171
NC_003076.8:9557623-9557883	NC_003076.8	82.110	218	14	10	1	194	26015634	26015850	1.57e-39	163
NC_003076.8:9557623-9557883	NC_003076.8	80.077	261	16	10	1	225	24118290	24118550	5.63e-39	161
NC_003076.8:9557623-9557883	NC_003076.8	87.591	137	12	5	97	233	21775910	21775779	9.42e-37	154
NC_003076.8:9557623-9557883	NC_003076.8	86.429	140	8	4	1	129	9867496	9867635	2.04e-33	143
NC_003076.8:9557623-9557883	NC_003076.8	87.023	131	12	5	97	226	24185950	24185824	2.04e-33	143
NC_003076.8:9557623-9557883	NC_003076.8	85.612	139	15	5	97	235	17796262	17796129	7.34e-33	141
NC_003076.8:9557623-9557883	NC_003076.8	86.154	130	15	3	96	225	7153310	7153184	9.49e-32	137
NC_003076.8:9557623-9557883	NC_003076.8	85.714	140	9	2	1	129	24314283	24314422	9.49e-32	137
NC_003076.8:9557623-9557883	NC_003076.8	84.892	139	15	6	97	234	5428080	5427947	3.41e-31	135
NC_003076.8:9557623-9557883	NC_003076.8	94.382	89	3	2	139	227	15882682	15882768	3.41e-31	135
NC_003076.8:9557623-9557883	NC_003076.8	84.397	141	15	7	97	235	15042259	15042124	4.42e-30	132
NC_003076.8:9557623-9557883	NC_003076.8	85.000	140	10	4	1	129	26893188	26893327	4.42e-30	132
NC_003076.8:9557623-9557883	NC_003076.8	85.271	129	15	4	97	225	4314742	4314866	1.59e-29	130
NC_003076.8:9557623-9557883	NC_003076.8	85.271	129	16	3	97	225	15604794	15604669	1.59e-29	130
NC_003076.8:9557623-9557883	NC_003076.8	85.271	129	15	4	97	225	16358420	16358544	1.59e-29	130
NC_003076.8:9557623-9557883	NC_003076.8	84.783	138	12	3	1	129	17398095	17397958	1.59e-29	130
NC_003076.8:9557623-9557883	NC_003076.8	85.185	135	11	9	98	226	25265207	25265338	1.59e-29	130
NC_003076.8:9557623-9557883	NC_003076.8	85.714	126	13	5	102	226	14143814	14143693	5.71e-29	128
NC_003076.8:9557623-9557883	NC_003076.8	84.733	131	14	6	97	226	17777678	17777803	2.05e-28	126
NC_003076.8:9557623-9557883	NC_003076.8	84.615	130	13	7	97	225	8744748	8744625	2.66e-27	122
NC_003076.8:9557623-9557883	NC_003076.8	83.969	131	18	3	97	227	24475416	24475289	2.66e-27	122
NC_003076.8:9557623-9557883	NC_003076.8	83.721	129	18	3	97	225	10715497	10715622	3.44e-26	119
NC_003076.8:9557623-9557883	NC_003076.8	95.890	73	2	1	1	73	4937292	4937363	1.24e-25	117
NC_003076.8:9557623-9557883	NC_003076.8	94.444	72	2	2	1	72	17955910	17955841	2.07e-23	110
NC_003076.8:9557623-9557883	NC_003076.8	96.610	59	2	0	1	59	706667	706609	4.48e-20	99.0
NC_003076.8:9557623-9557883	NC_003076.8	92.308	65	2	2	1	62	15882623	15882687	2.70e-17	89.8
NC_003076.8:9557623-9557883	NC_003076.8	97.959	49	1	0	1	49	17481786	17481834	3.49e-16	86.1
NC_003076.8:9557623-9557883	NC_003076.8	97.959	49	1	0	1	49	26892276	26892324	3.49e-16	86.1
NC_003076.8:9557623-9557883	NC_003074.8	97.333	225	5	1	1	225	7766394	7766617	3.97e-105	381
NC_003076.8:9557623-9557883	NC_003074.8	95.259	232	5	3	1	229	16405529	16405757	1.44e-99	363
NC_003076.8:9557623-9557883	NC_003074.8	95.197	229	7	2	1	228	10708958	10709183	1.86e-98	359
NC_003076.8:9557623-9557883	NC_003074.8	90.612	245	11	6	1	233	6729159	6728915	4.08e-85	315
NC_003076.8:9557623-9557883	NC_003074.8	91.556	225	16	1	1	225	18885845	18885624	6.84e-83	307
NC_003076.8:9557623-9557883	NC_003074.8	92.166	217	14	3	1	216	8329280	8329494	8.84e-82	303
NC_003076.8:9557623-9557883	NC_003074.8	89.362	235	15	4	1	226	19740108	19740341	8.90e-77	287
NC_003076.8:9557623-9557883	NC_003074.8	88.889	234	17	2	1	225	10405726	10405959	1.49e-74	279
NC_003076.8:9557623-9557883	NC_003074.8	87.903	248	14	7	1	234	7980317	7980072	5.36e-74	278
NC_003076.8:9557623-9557883	NC_003074.8	87.160	257	17	5	1	242	11090673	11090418	5.36e-74	278
NC_003076.8:9557623-9557883	NC_003074.8	88.559	236	16	2	1	226	17402234	17402000	1.93e-73	276
NC_003076.8:9557623-9557883	NC_003074.8	87.603	242	18	4	1	232	14057454	14057693	8.97e-72	270
NC_003076.8:9557623-9557883	NC_003074.8	86.939	245	19	5	1	233	3080260	3080017	1.50e-69	263
NC_003076.8:9557623-9557883	NC_003074.8	86.100	259	18	5	1	244	15814257	15814512	1.50e-69	263
NC_003076.8:9557623-9557883	NC_003074.8	88.000	225	21	3	1	223	16902979	16903199	5.40e-69	261
NC_003076.8:9557623-9557883	NC_003074.8	87.342	237	18	6	1	225	21552337	21552101	5.40e-69	261
NC_003076.8:9557623-9557883	NC_003074.8	86.864	236	18	5	1	225	5866196	5866429	3.25e-66	252
NC_003076.8:9557623-9557883	NC_003074.8	86.076	237	20	4	1	226	6940832	6940598	1.96e-63	243
NC_003076.8:9557623-9557883	NC_003074.8	85.654	237	20	5	1	225	16723354	16723120	9.10e-62	237
NC_003076.8:9557623-9557883	NC_003074.8	87.923	207	14	5	31	226	20769804	20769598	1.18e-60	233
NC_003076.8:9557623-9557883	NC_003074.8	84.553	246	23	6	1	233	11588873	11588630	1.52e-59	230
NC_003076.8:9557623-9557883	NC_003074.8	84.874	238	23	5	1	226	10901411	10901647	5.47e-59	228
NC_003076.8:9557623-9557883	NC_003074.8	85.106	235	22	6	1	223	18495382	18495149	5.47e-59	228
NC_003076.8:9557623-9557883	NC_003074.8	84.513	226	31	2	1	226	11132525	11132746	9.16e-57	220
NC_003076.8:9557623-9557883	NC_003074.8	85.714	217	21	3	1	207	18171177	18170961	9.16e-57	220
NC_003076.8:9557623-9557883	NC_003074.8	83.628	226	33	3	1	226	11315331	11315552	1.98e-53	209
NC_003076.8:9557623-9557883	NC_003074.8	82.917	240	31	5	1	234	16234884	16234649	7.13e-53	207
NC_003076.8:9557623-9557883	NC_003074.8	89.103	156	16	1	77	232	8645191	8645345	2.00e-48	193
NC_003076.8:9557623-9557883	NC_003074.8	89.796	147	6	3	80	226	10681528	10681391	1.55e-44	180
NC_003076.8:9557623-9557883	NC_003074.8	81.773	203	30	5	1	203	422875	422680	1.57e-39	163
NC_003076.8:9557623-9557883	NC_003074.8	87.500	128	13	3	98	225	17061510	17061386	5.67e-34	145
NC_003076.8:9557623-9557883	NC_003074.8	85.714	140	15	5	97	235	17142572	17142437	2.04e-33	143
NC_003076.8:9557623-9557883	NC_003074.8	86.923	130	14	3	96	225	18019801	18019927	2.04e-33	143
NC_003076.8:9557623-9557883	NC_003074.8	86.822	129	14	3	97	225	13328457	13328582	7.34e-33	141
NC_003076.8:9557623-9557883	NC_003074.8	85.385	130	16	3	97	226	10574476	10574350	4.42e-30	132
NC_003076.8:9557623-9557883	NC_003074.8	85.385	130	15	4	97	226	17275867	17275742	4.42e-30	132
NC_003076.8:9557623-9557883	NC_003074.8	84.848	132	15	5	97	227	16563462	16563589	5.71e-29	128
NC_003076.8:9557623-9557883	NC_003074.8	83.824	136	18	4	99	233	1572003	1572135	2.05e-28	126
NC_003076.8:9557623-9557883	NC_003074.8	84.496	129	16	4	99	226	17299274	17299149	7.39e-28	124
NC_003076.8:9557623-9557883	NC_003074.8	83.846	130	18	3	97	226	3966022	3966148	9.56e-27	121
NC_003076.8:9557623-9557883	NC_003074.8	83.571	140	12	4	1	129	4468266	4468405	9.56e-27	121
NC_003076.8:9557623-9557883	NC_003074.8	83.607	122	15	5	106	226	10321325	10321442	2.07e-23	110
NC_003076.8:9557623-9557883	NC_003074.8	96.226	53	2	0	1	53	4579566	4579618	9.69e-17	87.9
NC_003076.8:9557623-9557883	NC_003074.8	77.372	137	20	11	97	226	15939240	15939372	9.76e-12	71.3
NC_003076.8:9557623-9557883	NC_003074.8	89.362	47	3	2	180	225	4274975	4274930	7.60e-08	58.4
NC_003076.8:9557623-9557883	NC_003071.7	96.154	234	6	3	1	234	6206818	6206588	1.43e-104	379
NC_003076.8:9557623-9557883	NC_003071.7	90.749	227	17	3	1	226	1409933	1410156	1.14e-80	300
NC_003076.8:9557623-9557883	NC_003071.7	90.254	236	12	2	1	226	5038080	5038314	4.11e-80	298
NC_003076.8:9557623-9557883	NC_003071.7	89.344	244	12	5	1	232	2139150	2139391	5.32e-79	294
NC_003076.8:9557623-9557883	NC_003071.7	89.333	225	19	2	1	225	9433350	9433569	5.36e-74	278
NC_003076.8:9557623-9557883	NC_003071.7	88.559	236	15	2	2	225	10996418	10996183	1.93e-73	276
NC_003076.8:9557623-9557883	NC_003071.7	88.608	237	13	5	1	225	13102126	13102360	1.93e-73	276
NC_003076.8:9557623-9557883	NC_003071.7	87.815	238	16	3	2	226	1383789	1383552	1.16e-70	267
NC_003076.8:9557623-9557883	NC_003071.7	87.712	236	17	3	1	225	1597245	1597479	4.17e-70	265
NC_003076.8:9557623-9557883	NC_003071.7	88.362	232	11	8	1	220	13886247	13886474	4.17e-70	265
NC_003076.8:9557623-9557883	NC_003071.7	87.815	238	12	5	1	225	7340709	7340942	1.50e-69	263
NC_003076.8:9557623-9557883	NC_003071.7	86.975	238	16	5	1	225	5010322	5010087	9.03e-67	254
NC_003076.8:9557623-9557883	NC_003071.7	87.963	216	12	5	31	234	1038253	1038040	1.96e-63	243
NC_003076.8:9557623-9557883	NC_003071.7	85.425	247	21	6	1	234	3197853	3197609	1.96e-63	243
NC_003076.8:9557623-9557883	NC_003071.7	87.981	208	18	5	1	206	9455967	9456169	2.53e-62	239
NC_003076.8:9557623-9557883	NC_003071.7	87.442	215	13	6	1	202	4025741	4025954	3.27e-61	235
NC_003076.8:9557623-9557883	NC_003071.7	84.615	247	22	6	1	234	4306056	4306299	4.23e-60	231
NC_003076.8:9557623-9557883	NC_003071.7	84.937	239	22	5	1	226	1322206	1321969	1.52e-59	230
NC_003076.8:9557623-9557883	NC_003071.7	87.500	208	14	4	31	226	2320728	2320935	1.52e-59	230
NC_003076.8:9557623-9557883	NC_003071.7	89.941	169	14	3	57	225	9311453	9311618	4.26e-55	215
NC_003076.8:9557623-9557883	NC_003071.7	83.913	230	31	4	1	229	19623426	19623650	4.26e-55	215
NC_003076.8:9557623-9557883	NC_003071.7	83.478	230	30	4	1	226	15134548	15134773	7.13e-53	207
NC_003076.8:9557623-9557883	NC_003071.7	86.364	198	15	5	1	188	17147325	17147130	2.57e-52	206
NC_003076.8:9557623-9557883	NC_003071.7	83.186	226	34	2	1	226	1670011	1669790	9.23e-52	204
NC_003076.8:9557623-9557883	NC_003071.7	83.333	234	19	4	1	226	9225696	9225475	4.29e-50	198
NC_003076.8:9557623-9557883	NC_003071.7	91.241	137	12	0	91	227	7351413	7351549	9.29e-47	187
NC_003076.8:9557623-9557883	NC_003071.7	82.589	224	26	7	14	225	9860177	9859955	3.34e-46	185
NC_003076.8:9557623-9557883	NC_003071.7	89.116	147	8	2	80	226	8907859	8907997	2.01e-43	176
NC_003076.8:9557623-9557883	NC_003071.7	86.503	163	9	4	1	151	19172338	19172177	1.21e-40	167
NC_003076.8:9557623-9557883	NC_003071.7	89.147	129	11	1	1	129	14572548	14572673	7.28e-38	158
NC_003076.8:9557623-9557883	NC_003071.7	79.295	227	33	9	1	226	9585143	9585356	1.58e-34	147
NC_003076.8:9557623-9557883	NC_003071.7	80.085	236	13	12	1	225	1347424	1347212	5.67e-34	145
NC_003076.8:9557623-9557883	NC_003071.7	86.567	134	15	3	97	230	3212450	3212320	5.67e-34	145
NC_003076.8:9557623-9557883	NC_003071.7	85.612	139	15	5	97	233	11285240	11285105	7.34e-33	141
NC_003076.8:9557623-9557883	NC_003071.7	86.154	130	15	3	98	227	544041	544167	9.49e-32	137
NC_003076.8:9557623-9557883	NC_003071.7	86.260	131	13	5	97	227	7961439	7961564	9.49e-32	137
NC_003076.8:9557623-9557883	NC_003071.7	86.614	127	14	3	97	223	13906792	13906669	9.49e-32	137
NC_003076.8:9557623-9557883	NC_003071.7	85.507	138	9	4	1	127	9030463	9030600	1.23e-30	134
NC_003076.8:9557623-9557883	NC_003071.7	84.286	140	17	5	97	235	7112804	7112939	4.42e-30	132
NC_003076.8:9557623-9557883	NC_003071.7	84.892	139	11	3	1	129	10070310	10070172	4.42e-30	132
NC_003076.8:9557623-9557883	NC_003071.7	84.615	130	17	3	97	226	6663996	6664122	2.05e-28	126
NC_003076.8:9557623-9557883	NC_003071.7	91.209	91	5	3	147	235	11908954	11908865	9.56e-27	121
NC_003076.8:9557623-9557883	NC_003071.7	83.088	136	18	5	99	233	4024867	4024998	3.44e-26	119
NC_003076.8:9557623-9557883	NC_003071.7	78.698	169	32	2	1	169	19242812	19242648	2.07e-23	110
NC_003076.8:9557623-9557883	NC_003071.7	100.000	38	0	0	1	38	9311421	9311458	9.76e-12	71.3
NC_003076.8:9557623-9557883	NC_003071.7	94.872	39	0	2	196	234	7177619	7177583	2.11e-08	60.2
NC_003076.8:9557623-9557883	NC_003070.9	96.444	225	7	1	1	225	26881053	26881276	8.60e-102	370
NC_003076.8:9557623-9557883	NC_003070.9	96.000	225	6	1	1	225	16400670	16400449	1.44e-99	363
NC_003076.8:9557623-9557883	NC_003070.9	94.167	240	10	4	1	238	27241052	27241289	1.44e-99	363
NC_003076.8:9557623-9557883	NC_003070.9	92.373	236	13	3	1	234	2473121	2472889	4.06e-90	331
NC_003076.8:9557623-9557883	NC_003070.9	93.333	225	12	1	1	225	540654	540433	1.46e-89	329
NC_003076.8:9557623-9557883	NC_003070.9	91.102	236	16	5	1	234	10591649	10591417	4.08e-85	315
NC_003076.8:9557623-9557883	NC_003070.9	91.630	227	13	5	1	225	20205576	20205354	1.90e-83	309
NC_003076.8:9557623-9557883	NC_003070.9	90.625	224	14	4	1	223	10931253	10931470	6.88e-78	291
NC_003076.8:9557623-9557883	NC_003070.9	89.787	235	13	4	1	225	23125364	23125131	6.88e-78	291
NC_003076.8:9557623-9557883	NC_003070.9	90.455	220	20	1	1	220	3251256	3251474	2.48e-77	289
NC_003076.8:9557623-9557883	NC_003070.9	89.212	241	11	5	1	227	13495659	13495420	8.90e-77	287
NC_003076.8:9557623-9557883	NC_003070.9	88.571	245	17	3	1	235	25780004	25780247	8.90e-77	287
NC_003076.8:9557623-9557883	NC_003070.9	88.048	251	14	8	1	239	19769340	19769586	1.15e-75	283
NC_003076.8:9557623-9557883	NC_003070.9	89.030	237	13	4	1	225	5863277	5863512	4.14e-75	281
NC_003076.8:9557623-9557883	NC_003070.9	88.983	236	12	5	1	225	4770347	4770115	1.49e-74	279
NC_003076.8:9557623-9557883	NC_003070.9	87.209	258	16	8	1	245	21918751	21919004	5.36e-74	278
NC_003076.8:9557623-9557883	NC_003070.9	88.511	235	16	2	1	225	12097784	12098017	6.93e-73	274
NC_003076.8:9557623-9557883	NC_003070.9	87.866	239	15	2	1	225	20514335	20514573	3.23e-71	268
NC_003076.8:9557623-9557883	NC_003070.9	88.034	234	19	3	1	226	24645833	24646065	3.23e-71	268
NC_003076.8:9557623-9557883	NC_003070.9	88.889	225	15	3	1	225	29244471	29244685	3.23e-71	268
NC_003076.8:9557623-9557883	NC_003070.9	87.607	234	20	3	1	225	26510903	26510670	1.50e-69	263
NC_003076.8:9557623-9557883	NC_003070.9	87.288	236	18	3	1	225	10021648	10021414	1.94e-68	259
NC_003076.8:9557623-9557883	NC_003070.9	86.920	237	19	3	1	226	11803778	11803543	2.51e-67	255
NC_003076.8:9557623-9557883	NC_003070.9	85.950	242	21	5	1	230	8622992	8622752	1.51e-64	246
NC_003076.8:9557623-9557883	NC_003070.9	85.774	239	20	5	1	226	10579905	10580142	7.03e-63	241
NC_003076.8:9557623-9557883	NC_003070.9	85.833	240	18	7	1	227	21128636	21128872	7.03e-63	241
NC_003076.8:9557623-9557883	NC_003070.9	84.959	246	25	7	1	235	21739311	21739067	2.53e-62	239
NC_003076.8:9557623-9557883	NC_003070.9	84.836	244	24	4	2	232	13811138	13810895	1.18e-60	233
NC_003076.8:9557623-9557883	NC_003070.9	87.864	206	14	5	31	225	9384365	9384160	4.23e-60	231
NC_003076.8:9557623-9557883	NC_003070.9	83.858	254	25	7	1	241	11669593	11669343	5.47e-59	228
NC_003076.8:9557623-9557883	NC_003070.9	84.400	250	16	9	1	227	17502560	17502809	7.08e-58	224
NC_003076.8:9557623-9557883	NC_003070.9	84.388	237	24	5	1	225	9418298	9418063	9.16e-57	220
NC_003076.8:9557623-9557883	NC_003070.9	86.047	215	16	7	1	202	4583324	4583537	3.29e-56	219
NC_003076.8:9557623-9557883	NC_003070.9	84.956	226	16	8	1	226	10852872	10852665	1.53e-54	213
NC_003076.8:9557623-9557883	NC_003070.9	84.685	222	20	5	1	209	3762754	3762974	1.98e-53	209
NC_003076.8:9557623-9557883	NC_003070.9	87.845	181	17	4	57	235	10240031	10240208	7.13e-53	207
NC_003076.8:9557623-9557883	NC_003070.9	83.556	225	33	2	1	225	24718818	24719038	7.13e-53	207
NC_003076.8:9557623-9557883	NC_003070.9	82.773	238	25	7	1	225	20166905	20166671	4.29e-50	198
NC_003076.8:9557623-9557883	NC_003070.9	82.400	250	17	11	14	239	13870210	13870456	2.00e-48	193
NC_003076.8:9557623-9557883	NC_003070.9	85.128	195	16	4	1	184	14013607	14013415	9.29e-47	187
NC_003076.8:9557623-9557883	NC_003070.9	87.582	153	17	2	81	232	9918596	9918445	2.01e-43	176
NC_003076.8:9557623-9557883	NC_003070.9	82.379	227	15	9	1	203	6218813	6218588	7.23e-43	174
NC_003076.8:9557623-9557883	NC_003070.9	87.097	155	12	2	80	234	16858769	16858623	3.37e-41	169
NC_003076.8:9557623-9557883	NC_003070.9	87.500	144	10	2	80	223	26307368	26307503	2.03e-38	159
NC_003076.8:9557623-9557883	NC_003070.9	77.941	272	37	17	1	261	5437136	5436877	4.38e-35	148
NC_003076.8:9557623-9557883	NC_003070.9	80.169	237	13	12	1	226	29774473	29774260	1.58e-34	147
NC_003076.8:9557623-9557883	NC_003070.9	85.612	139	16	4	98	235	12562353	12562218	2.04e-33	143
NC_003076.8:9557623-9557883	NC_003070.9	85.507	138	16	4	97	234	8489538	8489405	7.34e-33	141
NC_003076.8:9557623-9557883	NC_003070.9	86.822	129	14	3	98	226	19465214	19465089	7.34e-33	141
NC_003076.8:9557623-9557883	NC_003070.9	86.822	129	12	5	97	225	11701604	11701727	2.64e-32	139
NC_003076.8:9557623-9557883	NC_003070.9	86.719	128	14	3	98	225	16327179	16327303	2.64e-32	139
NC_003076.8:9557623-9557883	NC_003070.9	86.719	128	14	3	98	225	16826246	16826370	2.64e-32	139
NC_003076.8:9557623-9557883	NC_003070.9	79.245	212	34	5	14	223	21602156	21601953	2.64e-32	139
NC_003076.8:9557623-9557883	NC_003070.9	86.047	129	14	4	97	225	23553915	23553791	3.41e-31	135
NC_003076.8:9557623-9557883	NC_003070.9	85.496	131	15	4	97	227	14308888	14308762	1.23e-30	134
NC_003076.8:9557623-9557883	NC_003070.9	84.507	142	15	6	97	235	18792739	18792876	1.23e-30	134
NC_003076.8:9557623-9557883	NC_003070.9	85.271	129	16	3	97	225	19064467	19064592	1.59e-29	130
NC_003076.8:9557623-9557883	NC_003070.9	85.600	125	14	4	101	225	13015971	13015851	5.71e-29	128
NC_003076.8:9557623-9557883	NC_003070.9	84.615	130	17	3	97	226	7037165	7037291	2.05e-28	126
NC_003076.8:9557623-9557883	NC_003070.9	84.848	132	12	8	97	226	22451881	22452006	2.05e-28	126
NC_003076.8:9557623-9557883	NC_003070.9	84.496	129	16	4	99	226	22992056	22991931	7.39e-28	124
NC_003076.8:9557623-9557883	NC_003070.9	84.496	129	16	4	98	226	25962588	25962464	7.39e-28	124
NC_003076.8:9557623-9557883	NC_003070.9	83.212	137	19	4	99	234	12328051	12327918	2.66e-27	122
NC_003076.8:9557623-9557883	NC_003070.9	83.942	137	13	9	99	231	22620714	22620583	2.66e-27	122
NC_003076.8:9557623-9557883	NC_003070.9	83.969	131	13	8	99	226	30251102	30250977	3.44e-26	119
NC_003076.8:9557623-9557883	NC_003070.9	88.421	95	8	2	1	95	2587502	2587411	5.75e-24	111
NC_003076.8:9557623-9557883	NC_003070.9	100.000	30	0	0	198	227	21103382	21103353	2.73e-07	56.5
NC_003076.8:9557623-9557883	NC_003070.9	100.000	28	0	0	200	227	16965872	16965845	3.54e-06	52.8
NC_003076.8:9557623-9557883	NC_003075.7	88.703	239	16	8	1	235	6339695	6339464	4.14e-75	281
NC_003076.8:9557623-9557883	NC_003075.7	87.866	239	15	5	1	227	9111814	9111578	3.23e-71	268
NC_003076.8:9557623-9557883	NC_003075.7	87.554	233	17	3	1	223	2553717	2553947	1.94e-68	259
NC_003076.8:9557623-9557883	NC_003075.7	87.288	236	19	5	1	226	5391953	5391719	1.94e-68	259
NC_003076.8:9557623-9557883	NC_003075.7	86.864	236	15	5	1	225	9193138	9193368	1.17e-65	250
NC_003076.8:9557623-9557883	NC_003075.7	85.654	237	21	4	1	226	6243586	6243820	9.10e-62	237
NC_003076.8:9557623-9557883	NC_003075.7	85.470	234	25	4	1	225	572430	572197	3.27e-61	235
NC_003076.8:9557623-9557883	NC_003075.7	85.124	242	20	6	1	227	8899727	8899967	1.18e-60	233
NC_003076.8:9557623-9557883	NC_003075.7	87.805	205	14	4	31	225	6168558	6168355	1.52e-59	230
NC_003076.8:9557623-9557883	NC_003075.7	84.889	225	30	2	1	225	12365284	12365064	7.08e-58	224
NC_003076.8:9557623-9557883	NC_003075.7	84.100	239	19	10	1	225	17501973	17502206	1.53e-54	213
NC_003076.8:9557623-9557883	NC_003075.7	86.275	204	17	3	1	194	823724	823522	5.51e-54	211
NC_003076.8:9557623-9557883	NC_003075.7	83.471	242	24	6	1	229	7231369	7231607	5.51e-54	211
NC_003076.8:9557623-9557883	NC_003075.7	82.576	264	20	11	1	240	14457957	14457696	1.98e-53	209
NC_003076.8:9557623-9557883	NC_003075.7	83.556	225	33	2	1	225	15441871	15441651	7.13e-53	207
NC_003076.8:9557623-9557883	NC_003075.7	81.933	238	19	9	14	228	12606710	12606474	1.55e-44	180
NC_003076.8:9557623-9557883	NC_003075.7	80.658	243	31	10	1	239	8947431	8947201	7.23e-43	174
NC_003076.8:9557623-9557883	NC_003075.7	86.986	146	11	2	80	225	964000	963863	7.28e-38	158
NC_003076.8:9557623-9557883	NC_003075.7	84.906	159	14	3	1	149	6661317	6661475	3.39e-36	152
NC_003076.8:9557623-9557883	NC_003075.7	86.923	130	14	3	97	226	8065579	8065705	2.04e-33	143
NC_003076.8:9557623-9557883	NC_003075.7	86.260	131	15	3	97	227	370913	370786	2.64e-32	139
NC_003076.8:9557623-9557883	NC_003075.7	86.047	129	16	2	97	225	4148056	4148182	9.49e-32	137
NC_003076.8:9557623-9557883	NC_003075.7	85.507	138	11	4	1	129	12699153	12699290	3.41e-31	135
NC_003076.8:9557623-9557883	NC_003075.7	85.496	131	14	5	97	226	11192400	11192274	4.42e-30	132
NC_003076.8:9557623-9557883	NC_003075.7	84.615	130	16	4	97	226	684234	684359	2.05e-28	126
NC_003076.8:9557623-9557883	NC_003075.7	84.615	130	17	3	97	226	16863388	16863262	2.05e-28	126
NC_003076.8:9557623-9557883	NC_003075.7	96.875	64	1	1	1	63	1100911	1100974	2.68e-22	106
NC_003076.8:9557623-9557883	NC_003075.7	94.118	68	4	0	1	68	7572220	7572287	9.63e-22	104
NC_003076.8:9557623-9557883	NC_003075.7	86.022	93	10	3	134	226	14390350	14390261	1.61e-19	97.1
NC_003076.8:9557623-9557883	NC_003075.7	87.719	57	6	1	177	232	3359186	3359242	4.54e-10	65.8
NC_003076.8:9937716-9940693	NC_003076.8	100.000	2978	0	0	1	2978	9940693	9937716	0.0	5500
NC_003076.8:9937716-9940693	NC_003076.8	89.801	402	39	2	535	935	9939587	9939187	4.69e-144	514
NC_003076.8:9937716-9940693	NC_003076.8	89.801	402	39	2	1107	1507	9940159	9939759	4.69e-144	514
NC_003076.8:9937716-9940693	NC_003076.8	87.105	380	38	10	1505	1879	15742127	15741754	1.05e-115	420
NC_003076.8:9937716-9940693	NC_003076.8	82.105	190	27	6	1547	1735	17753714	17753897	3.28e-36	156
NC_003076.8:9937716-9940693	NC_003076.8	97.143	35	1	0	1645	1679	20527433	20527467	2.64e-07	60.2
NC_003076.8:9937716-9940693	NC_003075.7	89.965	1734	126	19	1	1705	4642194	4640480	0.0	2194
NC_003076.8:9937716-9940693	NC_003075.7	86.979	576	59	6	2005	2566	4640193	4639620	3.45e-180	634
NC_003076.8:9937716-9940693	NC_003075.7	82.416	654	73	18	2184	2831	4638665	4638048	1.29e-149	532
NC_003076.8:9937716-9940693	NC_003075.7	90.000	400	39	1	1109	1507	4641670	4641271	1.30e-144	516
NC_003076.8:9937716-9940693	NC_003075.7	87.980	391	47	0	545	935	4641066	4640676	1.72e-128	462
NC_003076.8:9937716-9940693	NC_003075.7	88.550	262	29	1	2178	2438	4639204	4638943	1.42e-84	316
NC_003076.8:9937716-9940693	NC_003075.7	90.179	224	20	2	2757	2978	4638008	4637785	8.60e-77	291
NC_003076.8:9937716-9940693	NC_003075.7	95.918	98	3	1	1608	1705	4640372	4640276	9.11e-37	158
NC_003076.8:9937716-9940693	NC_003075.7	92.405	79	6	0	1881	1959	4640450	4640372	2.00e-23	113
NC_003076.8:9937716-9940693	NC_003075.7	92.308	52	4	0	1881	1932	4640246	4640195	9.43e-12	75.0
NC_003076.8:9937716-9940693	NC_003070.9	91.069	1310	86	17	422	1702	17313254	17314561	0.0	1742
NC_003076.8:9937716-9940693	NC_003070.9	90.160	813	48	20	919	1700	13287583	13286772	0.0	1029
NC_003076.8:9937716-9940693	NC_003070.9	93.023	516	35	1	422	936	13288111	13287596	0.0	752
NC_003076.8:9937716-9940693	NC_003070.9	86.828	577	60	5	2005	2566	17314853	17315428	4.46e-179	630
NC_003076.8:9937716-9940693	NC_003070.9	86.458	576	64	3	2005	2566	13286479	13285904	9.66e-176	619
NC_003076.8:9937716-9940693	NC_003070.9	82.774	656	79	17	2179	2831	17316911	17317535	2.76e-156	555
NC_003076.8:9937716-9940693	NC_003070.9	90.299	402	38	1	1107	1507	17313367	17313768	2.17e-147	525
NC_003076.8:9937716-9940693	NC_003070.9	81.627	664	85	15	2178	2831	13285486	13284850	1.30e-144	516
NC_003076.8:9937716-9940693	NC_003070.9	89.750	400	40	1	537	935	13287370	13286971	6.07e-143	510
NC_003076.8:9937716-9940693	NC_003070.9	89.750	400	39	2	537	935	17313964	17314362	6.07e-143	510
NC_003076.8:9937716-9940693	NC_003070.9	81.279	657	88	18	2179	2831	13284433	13283808	1.31e-139	499
NC_003076.8:9937716-9940693	NC_003070.9	82.638	599	67	12	2178	2774	17315845	17316408	1.70e-138	496
NC_003076.8:9937716-9940693	NC_003070.9	90.625	224	19	2	2757	2978	13283768	13283545	1.85e-78	296
NC_003076.8:9937716-9940693	NC_003070.9	88.839	224	23	2	2757	2978	17317575	17317798	8.67e-72	274
NC_003076.8:9937716-9940693	NC_003070.9	78.800	250	39	9	1547	1794	21532967	21533204	3.28e-36	156
NC_003076.8:9937716-9940693	NC_003070.9	93.878	98	5	1	1608	1705	13286659	13286563	1.97e-33	147
NC_003076.8:9937716-9940693	NC_003070.9	93.750	96	4	2	1608	1702	17314672	17314766	2.55e-32	143
NC_003076.8:9937716-9940693	NC_003070.9	92.405	79	6	0	1881	1959	13286737	13286659	2.00e-23	113
NC_003076.8:9937716-9940693	NC_003070.9	91.463	82	7	0	1878	1959	17314591	17314672	2.00e-23	113
NC_003076.8:9937716-9940693	NC_003070.9	90.566	53	4	1	1881	1932	13286533	13286481	4.39e-10	69.4
NC_003076.8:9978580-9979202	NC_003076.8	100.000	623	0	0	1	623	9979202	9978580	0.0	1151
NC_003076.8:9978580-9979202	NC_003076.8	91.919	594	45	3	30	621	20674822	20674230	0.0	828
NC_003076.8:9978580-9979202	NC_003076.8	90.713	603	38	11	30	615	25178777	25179378	0.0	787
NC_003076.8:9978580-9979202	NC_003076.8	88.525	610	50	6	24	617	14880208	14880813	0.0	721
NC_003076.8:9978580-9979202	NC_003076.8	88.595	605	47	13	28	617	9545736	9546333	0.0	715
NC_003076.8:9978580-9979202	NC_003076.8	88.226	603	53	7	29	615	349809	350409	0.0	704
NC_003076.8:9978580-9979202	NC_003076.8	89.081	577	44	7	25	587	19479572	19480143	0.0	699
NC_003076.8:9978580-9979202	NC_003076.8	87.874	602	51	12	30	615	15659431	15658836	0.0	688
NC_003076.8:9978580-9979202	NC_003076.8	86.455	598	61	7	30	612	14873456	14874048	0.0	638
NC_003076.8:9978580-9979202	NC_003076.8	85.714	140	19	1	33	171	22463661	22463800	3.99e-34	147
NC_003076.8:9978580-9979202	NC_003076.8	96.250	80	3	0	30	109	9763120	9763041	1.12e-29	132
NC_003076.8:9978580-9979202	NC_003076.8	93.182	88	5	1	194	280	10042104	10042017	1.44e-28	128
NC_003076.8:9978580-9979202	NC_003076.8	92.045	88	6	1	194	280	19114874	19114787	6.72e-27	122
NC_003076.8:9978580-9979202	NC_003076.8	89.583	96	9	1	29	123	13892687	13892592	2.42e-26	121
NC_003076.8:9978580-9979202	NC_003076.8	93.750	80	4	1	30	108	15779044	15779123	8.70e-26	119
NC_003076.8:9978580-9979202	NC_003076.8	84.167	120	17	2	5	123	7417306	7417424	1.12e-24	115
NC_003076.8:9978580-9979202	NC_003076.8	88.542	96	10	1	29	123	24448811	24448906	1.12e-24	115
NC_003076.8:9978580-9979202	NC_003076.8	85.981	107	13	2	19	123	6702430	6702324	4.05e-24	113
NC_003076.8:9978580-9979202	NC_003076.8	87.129	101	12	1	24	123	16870917	16871017	4.05e-24	113
NC_003076.8:9978580-9979202	NC_003076.8	89.011	91	8	2	28	117	10873659	10873748	1.46e-23	111
NC_003076.8:9978580-9979202	NC_003076.8	88.889	90	9	1	29	117	21016570	21016481	5.23e-23	110
NC_003076.8:9978580-9979202	NC_003076.8	87.368	95	11	1	30	123	13231669	13231763	1.88e-22	108
NC_003076.8:9978580-9979202	NC_003076.8	84.762	105	14	2	20	123	7701190	7701087	2.43e-21	104
NC_003076.8:9978580-9979202	NC_003076.8	90.385	52	5	0	30	81	13733030	13733081	8.88e-11	69.4
NC_003076.8:9978580-9979202	NC_003076.8	88.462	52	6	0	28	79	9770645	9770594	4.13e-09	63.9
NC_003076.8:9978580-9979202	NC_003070.9	92.773	595	40	3	26	619	12183995	12183403	0.0	857
NC_003076.8:9978580-9979202	NC_003070.9	91.823	587	44	3	30	615	17605550	17606133	0.0	815
NC_003076.8:9978580-9979202	NC_003070.9	91.525	590	46	4	30	618	20509422	20508836	0.0	809
NC_003076.8:9978580-9979202	NC_003070.9	92.321	560	40	3	36	594	18805107	18804550	0.0	793
NC_003076.8:9978580-9979202	NC_003070.9	91.667	576	42	6	50	621	19717926	19718499	0.0	793
NC_003076.8:9978580-9979202	NC_003070.9	87.705	610	55	10	30	623	12993595	12992990	0.0	693
NC_003076.8:9978580-9979202	NC_003070.9	87.644	607	54	12	29	619	19742139	19741538	0.0	686
NC_003076.8:9978580-9979202	NC_003070.9	86.470	643	61	15	1	623	2588460	2587824	0.0	682
NC_003076.8:9978580-9979202	NC_003070.9	86.786	613	57	10	29	623	8189960	8190566	0.0	662
NC_003076.8:9978580-9979202	NC_003070.9	87.145	599	56	10	30	613	5531296	5531888	0.0	660
NC_003076.8:9978580-9979202	NC_003070.9	88.029	543	56	7	82	619	12457718	12458256	0.0	634
NC_003076.8:9978580-9979202	NC_003070.9	85.738	610	66	12	31	623	14013409	14012804	4.20e-178	625
NC_003076.8:9978580-9979202	NC_003070.9	86.441	590	57	14	43	617	17632436	17633017	4.20e-178	625
NC_003076.8:9978580-9979202	NC_003070.9	85.880	602	64	6	30	615	13879653	13879057	5.44e-177	621
NC_003076.8:9978580-9979202	NC_003070.9	84.000	600	87	9	25	622	21335939	21336531	7.18e-161	568
NC_003076.8:9978580-9979202	NC_003070.9	94.152	342	18	2	27	366	24027179	24027520	2.04e-146	520
NC_003076.8:9978580-9979202	NC_003070.9	86.772	378	34	6	251	615	9918829	9918455	1.66e-112	407
NC_003076.8:9978580-9979202	NC_003070.9	90.155	193	17	2	30	221	9919332	9919141	2.96e-65	250
NC_003076.8:9978580-9979202	NC_003070.9	88.811	143	14	2	30	171	26306960	26307101	1.83e-42	174
NC_003076.8:9978580-9979202	NC_003070.9	88.112	143	16	1	30	171	16859177	16859035	8.51e-41	169
NC_003076.8:9978580-9979202	NC_003070.9	91.089	101	7	2	29	128	6403658	6403559	8.63e-31	135
NC_003076.8:9978580-9979202	NC_003070.9	91.667	96	5	3	30	123	1160224	1160318	4.02e-29	130
NC_003076.8:9978580-9979202	NC_003070.9	88.785	107	10	2	24	128	12137690	12137584	4.02e-29	130
NC_003076.8:9978580-9979202	NC_003070.9	93.182	88	5	1	194	280	16858925	16858838	1.44e-28	128
NC_003076.8:9978580-9979202	NC_003070.9	92.135	89	6	1	193	280	21336240	21336328	1.87e-27	124
NC_003076.8:9978580-9979202	NC_003070.9	89.000	100	9	2	26	123	12097451	12097550	6.72e-27	122
NC_003076.8:9978580-9979202	NC_003070.9	88.889	99	9	2	27	123	21918430	21918528	2.42e-26	121
NC_003076.8:9978580-9979202	NC_003070.9	89.474	95	9	1	30	123	16401003	16400909	8.70e-26	119
NC_003076.8:9978580-9979202	NC_003070.9	91.954	87	4	3	30	113	18766618	18766532	8.70e-26	119
NC_003076.8:9978580-9979202	NC_003070.9	91.111	90	5	3	29	115	19665947	19666036	8.70e-26	119
NC_003076.8:9978580-9979202	NC_003070.9	89.474	95	7	3	31	123	12525582	12525675	3.13e-25	117
NC_003076.8:9978580-9979202	NC_003070.9	88.421	95	10	1	30	123	5899755	5899661	4.05e-24	113
NC_003076.8:9978580-9979202	NC_003070.9	89.888	89	8	1	193	280	17632718	17632806	4.05e-24	113
NC_003076.8:9978580-9979202	NC_003070.9	93.421	76	4	1	30	105	2473307	2473233	1.46e-23	111
NC_003076.8:9978580-9979202	NC_003070.9	87.500	96	10	2	29	123	26880720	26880814	5.23e-23	110
NC_003076.8:9978580-9979202	NC_003070.9	86.869	99	9	4	27	123	9367445	9367541	1.88e-22	108
NC_003076.8:9978580-9979202	NC_003070.9	87.368	95	11	1	30	123	13313923	13313829	1.88e-22	108
NC_003076.8:9978580-9979202	NC_003070.9	90.244	82	7	1	30	110	10929426	10929507	6.77e-22	106
NC_003076.8:9978580-9979202	NC_003070.9	85.437	103	12	2	24	123	23125701	23125599	2.43e-21	104
NC_003076.8:9978580-9979202	NC_003070.9	87.640	89	10	1	327	415	29078577	29078664	8.76e-21	102
NC_003076.8:9978580-9979202	NC_003070.9	92.308	65	4	1	29	93	697375	697312	1.90e-17	91.6
NC_003076.8:9978580-9979202	NC_003070.9	86.047	86	10	2	30	113	13981808	13981723	1.90e-17	91.6
NC_003076.8:9978580-9979202	NC_003070.9	92.063	63	5	0	33	95	18450393	18450331	6.82e-17	89.8
NC_003076.8:9978580-9979202	NC_003070.9	90.000	70	5	2	25	93	20513673	20513741	6.82e-17	89.8
NC_003076.8:9978580-9979202	NC_003070.9	89.552	67	6	1	27	93	21616154	21616089	3.17e-15	84.2
NC_003076.8:9978580-9979202	NC_003070.9	90.164	61	5	1	30	89	13548432	13548492	1.48e-13	78.7
NC_003076.8:9978580-9979202	NC_003070.9	100.000	28	0	0	30	57	12457684	12457711	8.95e-06	52.8
NC_003076.8:9978580-9979202	NC_003075.7	92.881	590	39	3	30	618	6414640	6414053	0.0	854
NC_003076.8:9978580-9979202	NC_003075.7	91.554	592	46	4	26	615	3897167	3897756	0.0	813
NC_003076.8:9978580-9979202	NC_003075.7	93.827	486	27	2	30	512	9188717	9189202	0.0	728
NC_003076.8:9978580-9979202	NC_003075.7	88.889	594	41	9	30	621	7652564	7653134	0.0	708
NC_003076.8:9978580-9979202	NC_003075.7	88.020	601	52	7	30	615	7154779	7155374	0.0	693
NC_003076.8:9978580-9979202	NC_003075.7	87.296	614	54	14	29	623	6427217	6426609	0.0	680
NC_003076.8:9978580-9979202	NC_003075.7	86.833	600	61	6	30	615	7905771	7906366	0.0	654
NC_003076.8:9978580-9979202	NC_003075.7	84.211	608	54	16	30	622	8725655	8725075	2.01e-156	553
NC_003076.8:9978580-9979202	NC_003075.7	86.713	143	17	2	30	171	12968438	12968297	1.84e-37	158
NC_003076.8:9978580-9979202	NC_003075.7	93.258	89	5	1	193	280	13124157	13124069	4.02e-29	130
NC_003076.8:9978580-9979202	NC_003075.7	91.489	94	6	2	31	123	14458283	14458191	1.44e-28	128
NC_003076.8:9978580-9979202	NC_003075.7	92.222	90	5	2	29	117	13537671	13537583	5.20e-28	126
NC_003076.8:9978580-9979202	NC_003075.7	90.526	95	7	2	24	117	6638799	6638892	1.87e-27	124
NC_003076.8:9978580-9979202	NC_003075.7	92.045	88	6	1	194	280	12968187	12968100	6.72e-27	122
NC_003076.8:9978580-9979202	NC_003075.7	98.529	68	1	0	36	103	2987152	2987219	2.42e-26	121
NC_003076.8:9978580-9979202	NC_003075.7	91.111	90	5	3	327	415	9146605	9146692	8.70e-26	119
NC_003076.8:9978580-9979202	NC_003075.7	86.486	111	12	3	15	123	12607063	12606954	8.70e-26	119
NC_003076.8:9978580-9979202	NC_003075.7	90.909	88	7	1	194	280	964156	964069	3.13e-25	117
NC_003076.8:9978580-9979202	NC_003075.7	88.660	97	8	3	29	123	2040106	2040201	1.12e-24	115
NC_003076.8:9978580-9979202	NC_003075.7	87.629	97	10	2	28	123	12365608	12365513	1.46e-23	111
NC_003076.8:9978580-9979202	NC_003075.7	93.846	65	4	0	29	93	5431588	5431524	1.13e-19	99.0
NC_003076.8:9978580-9979202	NC_003074.8	92.593	594	42	2	29	621	7937572	7936980	0.0	852
NC_003076.8:9978580-9979202	NC_003074.8	92.164	587	43	3	30	615	19520641	19521225	0.0	826
NC_003076.8:9978580-9979202	NC_003074.8	91.709	591	46	3	30	619	7659521	7658933	0.0	817
NC_003076.8:9978580-9979202	NC_003074.8	89.748	595	58	3	30	623	18147108	18146516	0.0	758
NC_003076.8:9978580-9979202	NC_003074.8	86.846	631	61	12	3	615	15918721	15918095	0.0	686
NC_003076.8:9978580-9979202	NC_003074.8	87.167	600	59	6	30	615	8644742	8645337	0.0	665
NC_003076.8:9978580-9979202	NC_003074.8	87.931	116	10	3	12	123	10758601	10758486	3.11e-30	134
NC_003076.8:9978580-9979202	NC_003074.8	89.720	107	6	5	26	128	9186741	9186636	1.12e-29	132
NC_003076.8:9978580-9979202	NC_003074.8	91.579	95	7	1	30	123	4579237	4579331	4.02e-29	130
NC_003076.8:9978580-9979202	NC_003074.8	93.103	87	6	0	194	280	10681682	10681596	1.44e-28	128
NC_003076.8:9978580-9979202	NC_003074.8	93.103	87	5	1	194	279	18172566	18172480	5.20e-28	126
NC_003076.8:9978580-9979202	NC_003074.8	95.000	80	3	1	30	108	7318502	7318581	1.87e-27	124
NC_003076.8:9978580-9979202	NC_003074.8	89.796	98	8	2	27	123	10405393	10405489	1.87e-27	124
NC_003076.8:9978580-9979202	NC_003074.8	91.860	86	5	2	29	112	4551548	4551633	8.70e-26	119
NC_003076.8:9978580-9979202	NC_003074.8	88.542	96	9	2	29	123	7766061	7766155	1.12e-24	115
NC_003076.8:9978580-9979202	NC_003074.8	90.805	87	6	2	28	112	10082830	10082744	1.12e-24	115
NC_003076.8:9978580-9979202	NC_003074.8	86.538	104	12	2	21	123	7274652	7274754	4.05e-24	113
NC_003076.8:9978580-9979202	NC_003074.8	93.506	77	4	1	30	105	7981208	7981284	4.05e-24	113
NC_003076.8:9978580-9979202	NC_003074.8	88.421	95	10	1	30	123	14057124	14057218	4.05e-24	113
NC_003076.8:9978580-9979202	NC_003074.8	88.172	93	10	1	32	123	6729497	6729405	5.23e-23	110
NC_003076.8:9978580-9979202	NC_003074.8	87.500	96	9	3	24	117	11287480	11287386	1.88e-22	108
NC_003076.8:9978580-9979202	NC_003074.8	92.208	77	5	1	30	105	15812961	15813037	1.88e-22	108
NC_003076.8:9978580-9979202	NC_003074.8	86.316	95	12	1	30	123	19739757	19739851	8.76e-21	102
NC_003076.8:9978580-9979202	NC_003074.8	93.939	66	4	0	26	91	16224230	16224295	3.15e-20	100
NC_003076.8:9978580-9979202	NC_003074.8	92.424	66	5	0	26	91	16042287	16042222	1.47e-18	95.3
NC_003076.8:9978580-9979202	NC_003074.8	92.424	66	5	0	26	91	16062891	16062826	1.47e-18	95.3
NC_003076.8:9978580-9979202	NC_003074.8	92.308	65	5	0	31	95	16235708	16235644	5.27e-18	93.5
NC_003076.8:9978580-9979202	NC_003074.8	92.308	65	4	1	29	93	4467612	4467675	1.90e-17	91.6
NC_003076.8:9978580-9979202	NC_003074.8	94.828	58	1	2	26	81	11315002	11315059	6.82e-17	89.8
NC_003076.8:9978580-9979202	NC_003074.8	84.884	86	11	2	30	113	16553356	16553441	8.82e-16	86.1
NC_003076.8:9978580-9979202	NC_003074.8	82.979	94	11	5	3	93	12354696	12354605	4.10e-14	80.5
NC_003076.8:9978580-9979202	NC_003074.8	84.337	83	12	1	42	123	18634492	18634410	4.10e-14	80.5
NC_003076.8:9978580-9979202	NC_003071.7	91.148	610	42	3	15	623	8046284	8045686	0.0	817
NC_003076.8:9978580-9979202	NC_003071.7	91.137	598	48	5	21	615	11597282	11597877	0.0	806
NC_003076.8:9978580-9979202	NC_003071.7	89.274	606	44	9	26	615	2299063	2299663	0.0	739
NC_003076.8:9978580-9979202	NC_003071.7	87.710	594	54	10	36	615	7178425	7179013	0.0	675
NC_003076.8:9978580-9979202	NC_003071.7	88.112	572	52	6	27	584	10239498	10238929	0.0	665
NC_003076.8:9978580-9979202	NC_003071.7	85.900	617	66	10	17	618	4758710	4758100	0.0	638
NC_003076.8:9978580-9979202	NC_003071.7	81.315	289	33	9	345	615	825987	826272	1.08e-54	215
NC_003076.8:9978580-9979202	NC_003071.7	91.753	97	5	3	29	123	4796346	4796441	1.12e-29	132
NC_003076.8:9978580-9979202	NC_003071.7	90.000	100	8	2	29	127	7439724	7439626	1.44e-28	128
NC_003076.8:9978580-9979202	NC_003071.7	90.526	95	8	1	30	123	5037751	5037845	1.87e-27	124
NC_003076.8:9978580-9979202	NC_003071.7	90.526	95	7	2	30	123	9860514	9860421	1.87e-27	124
NC_003076.8:9978580-9979202	NC_003071.7	89.796	98	7	3	28	123	6411147	6411243	6.72e-27	122
NC_003076.8:9978580-9979202	NC_003071.7	95.946	74	3	0	30	103	1303113	1303040	2.42e-26	121
NC_003076.8:9978580-9979202	NC_003071.7	89.583	96	9	1	29	123	1552863	1552768	2.42e-26	121
NC_003076.8:9978580-9979202	NC_003071.7	89.583	96	7	3	30	123	2262405	2262311	8.70e-26	119
NC_003076.8:9978580-9979202	NC_003071.7	86.916	107	13	1	18	123	9433079	9433185	8.70e-26	119
NC_003076.8:9978580-9979202	NC_003071.7	91.011	89	6	2	194	280	9891539	9891451	8.70e-26	119
NC_003076.8:9978580-9979202	NC_003071.7	88.660	97	9	2	28	123	7340379	7340474	3.13e-25	117
NC_003076.8:9978580-9979202	NC_003071.7	90.909	88	7	1	194	280	8907703	8907790	3.13e-25	117
NC_003076.8:9978580-9979202	NC_003071.7	87.629	97	11	1	28	123	5010654	5010558	1.46e-23	111
NC_003076.8:9978580-9979202	NC_003071.7	96.875	64	2	0	30	93	1955470	1955533	1.88e-22	108
NC_003076.8:9978580-9979202	NC_003071.7	86.458	96	12	1	29	123	9229180	9229085	2.43e-21	104
NC_003076.8:9978580-9979202	NC_003071.7	88.710	62	7	0	30	91	1618253	1618192	5.31e-13	76.8
NC_003076.8:9962927-9963543	NC_003076.8	100.000	617	0	0	1	617	9963543	9962927	0.0	1140
NC_003076.8:9962927-9963543	NC_003076.8	95.500	600	22	5	1	598	15042729	15042133	0.0	953
NC_003076.8:9962927-9963543	NC_003076.8	94.975	597	24	6	3	597	8745217	8744625	0.0	931
NC_003076.8:9962927-9963543	NC_003076.8	94.949	594	25	5	7	597	7153775	7153184	0.0	926
NC_003076.8:9962927-9963543	NC_003076.8	94.667	600	26	5	1	598	24186419	24185824	0.0	926
NC_003076.8:9962927-9963543	NC_003076.8	94.253	609	28	7	1	606	20680911	20680307	0.0	924
NC_003076.8:9962927-9963543	NC_003076.8	94.500	600	27	6	1	597	1897172	1896576	0.0	920
NC_003076.8:9962927-9963543	NC_003076.8	94.491	599	30	3	1	597	19741112	19740515	0.0	920
NC_003076.8:9962927-9963543	NC_003076.8	94.509	601	24	8	1	598	11027303	11027897	0.0	918
NC_003076.8:9962927-9963543	NC_003076.8	94.333	600	28	6	1	597	16357948	16358544	0.0	915
NC_003076.8:9962927-9963543	NC_003076.8	94.305	597	29	5	3	597	4314273	4314866	0.0	909
NC_003076.8:9962927-9963543	NC_003076.8	94.020	602	29	7	1	598	24475888	24475290	0.0	905
NC_003076.8:9962927-9963543	NC_003076.8	93.990	599	31	4	1	597	15605264	15604669	0.0	902
NC_003076.8:9962927-9963543	NC_003076.8	93.970	597	32	4	4	597	4780805	4780210	0.0	900
NC_003076.8:9962927-9963543	NC_003076.8	93.823	599	32	5	1	597	5428551	5427956	0.0	896
NC_003076.8:9962927-9963543	NC_003076.8	93.688	602	31	7	1	598	17777205	17777803	0.0	894
NC_003076.8:9962927-9963543	NC_003076.8	93.500	600	34	5	1	598	17366528	17367124	0.0	887
NC_003076.8:9962927-9963543	NC_003076.8	93.344	601	34	6	1	597	14081361	14080763	0.0	883
NC_003076.8:9962927-9963543	NC_003076.8	93.344	601	33	7	1	598	25905020	25905616	0.0	881
NC_003076.8:9962927-9963543	NC_003076.8	94.561	570	28	3	1	568	18855321	18855889	0.0	878
NC_003076.8:9962927-9963543	NC_003076.8	92.822	613	28	6	1	598	22231562	22230951	0.0	874
NC_003076.8:9962927-9963543	NC_003076.8	94.681	564	27	3	1	562	5977348	5976786	0.0	872
NC_003076.8:9962927-9963543	NC_003076.8	92.821	599	37	6	1	597	8767209	8767803	0.0	863
NC_003076.8:9962927-9963543	NC_003076.8	90.307	619	40	11	1	603	8353809	8353195	0.0	793
NC_003076.8:9962927-9963543	NC_003076.8	93.699	492	25	5	108	597	15576667	15576180	0.0	732
NC_003076.8:9962927-9963543	NC_003076.8	93.265	490	29	3	1	488	14149801	14149314	0.0	719
NC_003076.8:9962927-9963543	NC_003076.8	93.293	492	26	6	108	597	21776273	21775787	0.0	719
NC_003076.8:9962927-9963543	NC_003076.8	89.130	598	26	10	1	597	21531349	21531908	0.0	708
NC_003076.8:9962927-9963543	NC_003076.8	93.002	443	22	5	156	597	9134290	9134724	0.0	638
NC_003076.8:9962927-9963543	NC_003076.8	95.050	404	15	5	197	598	17796537	17796137	8.94e-180	630
NC_003076.8:9962927-9963543	NC_003076.8	92.671	423	27	4	178	598	21584595	21584175	1.51e-172	606
NC_003076.8:9962927-9963543	NC_003076.8	93.258	356	19	5	1	355	10715101	10715452	2.02e-146	520
NC_003076.8:9962927-9963543	NC_003076.8	90.617	373	25	7	234	598	25264968	25265338	2.05e-136	486
NC_003076.8:9962927-9963543	NC_003076.8	93.258	178	11	1	421	597	10715445	10715622	1.35e-68	261
NC_003076.8:9962927-9963543	NC_003076.8	91.837	49	0	4	568	613	14004992	14005039	1.14e-09	65.8
NC_003076.8:9962927-9963543	NC_003071.7	95.833	600	20	5	1	597	501463	502060	0.0	965
NC_003076.8:9962927-9963543	NC_003071.7	94.491	599	29	3	1	597	6100828	6100232	0.0	920
NC_003076.8:9962927-9963543	NC_003071.7	94.500	600	26	6	1	598	6663528	6664122	0.0	918
NC_003076.8:9962927-9963543	NC_003071.7	94.500	600	26	6	1	597	13336419	13335824	0.0	918
NC_003076.8:9962927-9963543	NC_003071.7	94.333	600	29	5	1	597	6923888	6923291	0.0	915
NC_003076.8:9962927-9963543	NC_003071.7	94.314	598	28	6	1	595	13907263	13906669	0.0	911
NC_003076.8:9962927-9963543	NC_003071.7	94.176	601	28	7	1	598	395180	394584	0.0	909
NC_003076.8:9962927-9963543	NC_003071.7	94.167	600	25	8	1	597	13268413	13269005	0.0	905
NC_003076.8:9962927-9963543	NC_003071.7	93.990	599	31	4	1	597	12802499	12803094	0.0	902
NC_003076.8:9962927-9963543	NC_003071.7	93.833	600	32	5	1	598	7112333	7112929	0.0	898
NC_003076.8:9962927-9963543	NC_003071.7	93.322	599	37	3	1	597	17253755	17253158	0.0	881
NC_003076.8:9962927-9963543	NC_003071.7	93.675	585	31	6	1	584	6803802	6804381	0.0	870
NC_003076.8:9962927-9963543	NC_003071.7	93.178	601	23	9	1	598	543581	544166	0.0	867
NC_003076.8:9962927-9963543	NC_003071.7	93.144	598	30	10	3	595	709480	710071	0.0	867
NC_003076.8:9962927-9963543	NC_003071.7	92.763	608	29	10	1	598	7960961	7961563	0.0	865
NC_003076.8:9962927-9963543	NC_003071.7	92.131	610	40	8	1	606	7813999	7813394	0.0	854
NC_003076.8:9962927-9963543	NC_003071.7	92.321	599	41	5	1	597	7168825	7168230	0.0	846
NC_003076.8:9962927-9963543	NC_003071.7	92.359	602	33	11	1	597	3212918	3212325	0.0	845
NC_003076.8:9962927-9963543	NC_003071.7	93.805	565	30	5	1	563	12092963	12092402	0.0	845
NC_003076.8:9962927-9963543	NC_003071.7	92.147	573	28	8	1	571	14335057	14335614	0.0	793
NC_003076.8:9962927-9963543	NC_003071.7	93.450	458	22	6	1	454	3564669	3565122	0.0	673
NC_003076.8:9962927-9963543	NC_003071.7	94.293	403	19	4	1	401	11285662	11285262	9.01e-175	614
NC_003076.8:9962927-9963543	NC_003071.7	95.294	255	12	0	313	567	3565124	3565378	5.90e-112	405
NC_003076.8:9962927-9963543	NC_003071.7	92.500	280	21	0	318	597	2962573	2962294	7.63e-111	401
NC_003076.8:9962927-9963543	NC_003071.7	91.892	111	6	2	1	110	4024751	4024859	8.49e-36	152
NC_003076.8:9962927-9963543	NC_003071.7	91.071	112	6	3	1	110	980068	979959	1.10e-34	148
NC_003076.8:9962927-9963543	NC_003075.7	95.515	602	20	6	1	599	1351061	1351658	0.0	955
NC_003076.8:9962927-9963543	NC_003075.7	95.215	606	23	5	1	603	5539914	5539312	0.0	953
NC_003076.8:9962927-9963543	NC_003075.7	95.050	606	24	6	1	603	11192870	11192268	0.0	948
NC_003076.8:9962927-9963543	NC_003075.7	95.000	600	27	3	1	598	8065107	8065705	0.0	939
NC_003076.8:9962927-9963543	NC_003075.7	95.134	596	27	2	4	597	10395944	10395349	0.0	939
NC_003076.8:9962927-9963543	NC_003075.7	94.500	600	30	3	1	598	16863860	16863262	0.0	922
NC_003076.8:9962927-9963543	NC_003075.7	94.324	599	27	7	1	597	8728994	8728401	0.0	911
NC_003076.8:9962927-9963543	NC_003075.7	93.617	611	32	7	1	607	683763	684370	0.0	905
NC_003076.8:9962927-9963543	NC_003075.7	94.000	600	32	4	1	597	4147584	4148182	0.0	905
NC_003076.8:9962927-9963543	NC_003075.7	94.020	602	29	6	1	598	11362348	11362946	0.0	905
NC_003076.8:9962927-9963543	NC_003075.7	93.511	601	33	5	1	598	371384	370787	0.0	889
NC_003076.8:9962927-9963543	NC_003075.7	92.667	600	38	6	1	597	6165762	6165166	0.0	859
NC_003076.8:9962927-9963543	NC_003075.7	93.063	591	31	5	7	595	1000504	999922	0.0	856
NC_003076.8:9962927-9963543	NC_003075.7	91.353	532	33	9	71	598	14390783	14390261	0.0	715
NC_003076.8:9962927-9963543	NC_003075.7	94.118	408	20	4	1	407	964810	964406	6.96e-176	617
NC_003076.8:9962927-9963543	NC_003075.7	92.000	375	16	7	197	569	7853284	7852922	9.40e-145	514
NC_003076.8:9962927-9963543	NC_003075.7	79.216	510	69	26	14	512	7593705	7593222	2.20e-86	320
NC_003076.8:9962927-9963543	NC_003075.7	90.830	229	18	3	372	598	8802511	8802738	2.21e-81	303
NC_003076.8:9962927-9963543	NC_003075.7	76.511	579	92	24	5	576	7572306	7572847	4.83e-73	276
NC_003076.8:9962927-9963543	NC_003075.7	91.099	191	16	1	407	597	963863	963674	1.75e-67	257
NC_003076.8:9962927-9963543	NC_003075.7	75.322	466	84	26	106	564	2262877	2262436	1.39e-48	195
NC_003076.8:9962927-9963543	NC_003075.7	77.097	310	62	9	292	597	12335526	12335830	2.34e-41	171
NC_003076.8:9962927-9963543	NC_003070.9	95.175	601	26	2	1	598	7036691	7037291	0.0	946
NC_003076.8:9962927-9963543	NC_003070.9	95.159	599	25	4	1	597	15940582	15941178	0.0	942
NC_003076.8:9962927-9963543	NC_003070.9	94.590	610	26	6	1	607	19063996	19064601	0.0	937
NC_003076.8:9962927-9963543	NC_003070.9	95.142	597	22	7	3	597	13060305	13060896	0.0	935
NC_003076.8:9962927-9963543	NC_003070.9	94.825	599	26	4	1	598	23876675	23877269	0.0	929
NC_003076.8:9962927-9963543	NC_003070.9	94.667	600	27	5	1	597	19768587	19767990	0.0	926
NC_003076.8:9962927-9963543	NC_003070.9	94.649	598	28	3	1	597	11701133	11701727	0.0	924
NC_003076.8:9962927-9963543	NC_003070.9	94.333	600	29	5	1	598	22451410	22452006	0.0	915
NC_003076.8:9962927-9963543	NC_003070.9	94.167	600	32	3	1	598	4786658	4787256	0.0	911
NC_003076.8:9962927-9963543	NC_003070.9	93.617	611	29	10	1	606	19994275	19993670	0.0	904
NC_003076.8:9962927-9963543	NC_003070.9	94.000	600	29	5	1	598	17901349	17901943	0.0	902
NC_003076.8:9962927-9963543	NC_003070.9	93.844	601	32	5	1	599	9817679	9818276	0.0	900
NC_003076.8:9962927-9963543	NC_003070.9	93.709	604	32	4	1	602	9865938	9865339	0.0	900
NC_003076.8:9962927-9963543	NC_003070.9	94.819	579	24	6	1	575	8116245	8116821	0.0	898
NC_003076.8:9962927-9963543	NC_003070.9	93.065	620	29	10	1	617	499960	499352	0.0	894
NC_003076.8:9962927-9963543	NC_003070.9	93.960	596	28	8	4	597	19327826	19327237	0.0	894
NC_003076.8:9962927-9963543	NC_003070.9	93.677	601	30	6	1	597	26169991	26169395	0.0	893
NC_003076.8:9962927-9963543	NC_003070.9	93.813	598	28	6	1	597	3414251	3414840	0.0	891
NC_003076.8:9962927-9963543	NC_003070.9	93.500	600	34	5	1	597	16905267	16905864	0.0	887
NC_003076.8:9962927-9963543	NC_003070.9	92.880	618	23	12	1	613	19465675	19465074	0.0	878
NC_003076.8:9962927-9963543	NC_003070.9	92.988	599	26	7	1	598	12562811	12562228	0.0	859
NC_003076.8:9962927-9963543	NC_003070.9	92.409	606	32	6	3	598	14309364	14308763	0.0	852
NC_003076.8:9962927-9963543	NC_003070.9	92.654	599	32	7	1	597	28161734	28162322	0.0	852
NC_003076.8:9962927-9963543	NC_003070.9	92.654	599	27	8	1	597	16825787	16826370	0.0	846
NC_003076.8:9962927-9963543	NC_003070.9	92.525	602	26	9	1	597	16326716	16327303	0.0	845
NC_003076.8:9962927-9963543	NC_003070.9	92.512	601	27	9	1	598	23214935	23215520	0.0	845
NC_003076.8:9962927-9963543	NC_003070.9	92.346	601	29	8	1	598	12365407	12365993	0.0	839
NC_003076.8:9962927-9963543	NC_003070.9	92.333	600	25	10	1	597	13016432	13015851	0.0	833
NC_003076.8:9962927-9963543	NC_003070.9	93.911	542	26	7	61	598	8489951	8489413	0.0	811
NC_003076.8:9962927-9963543	NC_003070.9	92.545	550	32	8	61	604	25963004	25962458	0.0	780
NC_003076.8:9962927-9963543	NC_003070.9	92.762	525	22	6	75	597	18790338	18790848	0.0	745
NC_003076.8:9962927-9963543	NC_003070.9	94.033	419	20	5	197	613	23554190	23553775	8.94e-180	630
NC_003076.8:9962927-9963543	NC_003070.9	94.987	379	15	4	1	377	30254027	30253651	4.22e-168	592
NC_003076.8:9962927-9963543	NC_003070.9	92.625	339	18	7	1	337	11735917	11735584	9.53e-135	481
NC_003076.8:9962927-9963543	NC_003070.9	96.413	223	8	0	375	597	30253364	30253142	7.74e-101	368
NC_003076.8:9962927-9963543	NC_003070.9	97.222	216	5	1	1	215	16997844	16997629	1.00e-99	364
NC_003076.8:9962927-9963543	NC_003070.9	94.470	217	10	2	1	215	12876230	12876014	2.82e-90	333
NC_003076.8:9962927-9963543	NC_003070.9	92.661	109	4	3	4	110	22992170	22992064	2.36e-36	154
NC_003076.8:9962927-9963543	NC_003070.9	93.750	96	4	1	1	96	22620831	22620738	5.11e-33	143
NC_003076.8:9962927-9963543	NC_003070.9	91.837	98	6	1	1	98	12328167	12328072	8.55e-31	135
NC_003076.8:9962927-9963543	NC_003074.8	95.159	599	26	3	1	597	18412702	18413299	0.0	942
NC_003076.8:9962927-9963543	NC_003074.8	94.825	599	29	2	1	597	18019329	18019927	0.0	933
NC_003076.8:9962927-9963543	NC_003074.8	94.658	599	25	7	1	597	17143040	17142447	0.0	922
NC_003076.8:9962927-9963543	NC_003074.8	94.500	600	28	5	1	598	17276338	17275742	0.0	920
NC_003076.8:9962927-9963543	NC_003074.8	94.324	599	28	6	1	598	5744435	5743842	0.0	913
NC_003076.8:9962927-9963543	NC_003074.8	93.760	609	32	6	1	607	10556726	10556122	0.0	909
NC_003076.8:9962927-9963543	NC_003074.8	94.176	601	28	7	1	598	15452050	15451454	0.0	909
NC_003076.8:9962927-9963543	NC_003074.8	93.464	612	32	8	1	607	13327984	13328592	0.0	902
NC_003076.8:9962927-9963543	NC_003074.8	93.833	600	30	7	1	597	20787852	20788447	0.0	896
NC_003076.8:9962927-9963543	NC_003074.8	93.279	610	31	8	1	607	9384358	9383756	0.0	891
NC_003076.8:9962927-9963543	NC_003074.8	93.782	595	33	4	3	595	17730638	17731230	0.0	891
NC_003076.8:9962927-9963543	NC_003074.8	93.268	609	32	7	1	607	9766947	9766346	0.0	889
NC_003076.8:9962927-9963543	NC_003074.8	93.322	599	24	7	1	597	17061970	17061386	0.0	870
NC_003076.8:9962927-9963543	NC_003074.8	93.924	576	29	6	1	574	11537306	11537877	0.0	865
NC_003076.8:9962927-9963543	NC_003074.8	92.988	599	26	6	1	597	16451996	16452580	0.0	859
NC_003076.8:9962927-9963543	NC_003074.8	92.679	601	32	7	1	598	22120067	22120658	0.0	856
NC_003076.8:9962927-9963543	NC_003074.8	91.993	612	43	6	1	608	3965550	3966159	0.0	854
NC_003076.8:9962927-9963543	NC_003074.8	92.118	609	35	10	1	607	10574938	10574341	0.0	846
NC_003076.8:9962927-9963543	NC_003074.8	92.359	602	34	8	1	598	17777473	17778066	0.0	846
NC_003076.8:9962927-9963543	NC_003074.8	92.624	583	33	10	1	575	10819943	10819363	0.0	830
NC_003076.8:9962927-9963543	NC_003074.8	92.154	599	27	6	1	598	15485107	15484528	0.0	828
NC_003076.8:9962927-9963543	NC_003074.8	92.110	583	36	5	1	581	15938769	15939343	0.0	813
NC_003076.8:9962927-9963543	NC_003074.8	91.115	619	28	12	1	595	16419837	16420452	0.0	813
NC_003076.8:9962927-9963543	NC_003074.8	94.253	522	26	4	79	598	16563069	16563588	0.0	795
NC_003076.8:9962927-9963543	NC_003074.8	91.319	599	25	7	1	597	7995402	7994829	0.0	793
NC_003076.8:9962927-9963543	NC_003074.8	93.277	357	20	4	13	367	11503061	11502707	1.56e-147	523
NC_003076.8:9962927-9963543	NC_003074.8	93.399	303	19	1	311	612	11968331	11968633	9.67e-125	448
NC_003076.8:9962927-9963543	NC_003074.8	93.939	231	14	0	331	561	11200950	11201180	2.80e-95	350
NC_003076.8:9962927-9963543	NC_003074.8	90.873	252	13	1	356	597	8757570	8757821	3.65e-89	329
NC_003076.8:9962927-9963543	NC_003074.8	93.519	216	12	2	1	215	10321089	10321303	2.20e-86	320
NC_003076.8:11019342-11022152	NC_003076.8	100.000	2811	0	0	1	2811	11022152	11019342	0.0	5192
NC_003076.8:11019342-11022152	NC_003076.8	90.530	623	28	10	1	612	10037203	10036601	0.0	795
NC_003076.8:11019342-11022152	NC_003076.8	88.007	567	50	6	1583	2148	10035432	10034883	0.0	654
NC_003076.8:11019342-11022152	NC_003076.8	91.484	364	23	4	1228	1583	10036309	10035946	5.76e-138	494
NC_003076.8:11019342-11022152	NC_003076.8	93.080	289	17	2	780	1065	10036603	10036315	9.92e-116	420
NC_003076.8:11019342-11022152	NC_003076.8	84.277	318	36	11	1	311	13252487	13252177	4.85e-79	298
NC_003076.8:11019342-11022152	NC_003076.8	93.103	58	4	0	2204	2261	14440064	14440121	4.11e-15	86.1
NC_003076.8:11019342-11022152	NC_003076.8	93.103	58	4	0	2204	2261	14499364	14499421	4.11e-15	86.1
NC_003076.8:11019342-11022152	NC_003070.9	91.220	1082	59	14	1	1065	13214178	13213116	0.0	1439
NC_003076.8:11019342-11022152	NC_003070.9	89.261	568	45	7	1583	2148	13212306	13211753	0.0	697
NC_003076.8:11019342-11022152	NC_003070.9	92.113	355	23	4	2457	2811	13211706	13211357	1.60e-138	496
NC_003076.8:11019342-11022152	NC_003070.9	92.121	330	24	1	1228	1555	13213110	13212781	4.52e-129	464
NC_003076.8:11019342-11022152	NC_003070.9	87.887	388	42	5	1	386	11156606	11156222	3.52e-125	451
NC_003076.8:11019342-11022152	NC_003070.9	90.789	304	27	1	1	304	12231331	12231029	2.78e-111	405
NC_003076.8:11019342-11022152	NC_003070.9	87.660	235	25	4	1	233	15663427	15663659	1.06e-70	270
NC_003076.8:11019342-11022152	NC_003070.9	87.660	235	25	4	1	233	15674643	15674875	1.06e-70	270
NC_003076.8:11019342-11022152	NC_003070.9	79.515	371	65	7	1	369	13750339	13750700	1.07e-65	254
NC_003076.8:11019342-11022152	NC_003070.9	87.097	217	22	5	1	215	13371474	13371686	8.29e-62	241
NC_003076.8:11019342-11022152	NC_003070.9	90.055	181	16	1	1020	1200	22851758	22851936	1.39e-59	233
NC_003076.8:11019342-11022152	NC_003071.7	87.726	831	86	11	1584	2408	6373374	6374194	0.0	955
NC_003076.8:11019342-11022152	NC_003071.7	88.753	738	59	14	856	1583	6371351	6372074	0.0	881
NC_003076.8:11019342-11022152	NC_003071.7	89.922	387	36	3	1	386	2517552	2517936	1.60e-138	496
NC_003076.8:11019342-11022152	NC_003071.7	90.223	358	31	4	1	357	4651691	4652045	4.52e-129	464
NC_003076.8:11019342-11022152	NC_003071.7	83.596	317	39	11	1	311	6148549	6148858	3.78e-75	285
NC_003076.8:11019342-11022152	NC_003071.7	93.519	108	6	1	267	373	2630647	2630540	2.39e-37	159
NC_003076.8:11019342-11022152	NC_003071.7	93.519	108	6	1	267	373	2658964	2658857	2.39e-37	159
NC_003076.8:11019342-11022152	NC_003071.7	79.787	94	14	5	2719	2811	5080935	5080846	1.93e-08	63.9
NC_003076.8:11019342-11022152	NC_003071.7	83.824	68	8	3	2745	2811	3721454	3721519	6.93e-08	62.1
NC_003076.8:11019342-11022152	NC_003075.7	86.400	500	51	8	857	1352	5276624	5277110	4.39e-149	531
NC_003076.8:11019342-11022152	NC_003075.7	84.639	319	47	2	1	318	3894019	3894336	1.34e-84	316
NC_003076.8:11019342-11022152	NC_003075.7	88.462	234	20	1	1353	1579	17805459	17805226	2.27e-72	276
NC_003076.8:11019342-11022152	NC_003075.7	82.132	319	42	13	1	311	11191548	11191859	2.29e-67	259
NC_003076.8:11019342-11022152	NC_003075.7	79.605	152	20	9	2204	2350	5275197	5275342	5.28e-19	99.0
NC_003076.8:11019342-11022152	NC_003075.7	93.750	48	3	0	2764	2811	3896866	3896913	3.20e-11	73.1
NC_003076.8:11019342-11022152	NC_003074.8	88.471	399	34	4	1	388	14905187	14904790	2.70e-131	472
NC_003076.8:11019342-11022152	NC_003074.8	81.944	216	38	1	2596	2811	13483504	13483718	5.10e-44	182
NC_003076.8:11019342-11022152	NC_003074.8	84.058	69	8	3	2745	2811	11112248	11112315	1.93e-08	63.9
NC_003076.8:11025317-11027899	NC_003076.8	100.000	2583	0	0	1	2583	11025317	11027899	0.0	4771
NC_003076.8:11025317-11027899	NC_003076.8	93.608	1189	52	8	20	1190	17365025	17366207	0.0	1753
NC_003076.8:11025317-11027899	NC_003076.8	93.289	1192	57	7	16	1190	8765705	8766890	0.0	1736
NC_003076.8:11025317-11027899	NC_003076.8	92.857	1190	59	8	17	1190	20682409	20681230	0.0	1703
NC_003076.8:11025317-11027899	NC_003076.8	92.785	1192	59	7	20	1190	19742617	19741432	0.0	1700
NC_003076.8:11025317-11027899	NC_003076.8	92.321	1198	58	9	21	1190	5430061	5428870	0.0	1672
NC_003076.8:11025317-11027899	NC_003076.8	92.418	1187	61	9	20	1190	14151294	14150121	0.0	1666
NC_003076.8:11025317-11027899	NC_003076.8	92.180	1202	46	10	6	1190	9965031	9963861	0.0	1655
NC_003076.8:11025317-11027899	NC_003076.8	92.282	1179	53	12	20	1182	20281984	20280828	0.0	1639
NC_003076.8:11025317-11027899	NC_003076.8	92.101	1190	49	17	20	1190	8746701	8745538	0.0	1635
NC_003076.8:11025317-11027899	NC_003076.8	91.828	1187	55	16	20	1190	4782228	4781068	0.0	1616
NC_003076.8:11025317-11027899	NC_003076.8	91.652	1174	67	12	35	1190	24187899	24186739	0.0	1596
NC_003076.8:11025317-11027899	NC_003076.8	91.518	1179	62	11	20	1182	9590410	9591566	0.0	1589
NC_003076.8:11025317-11027899	NC_003076.8	91.077	1188	56	13	20	1190	14082835	14081681	0.0	1561
NC_003076.8:11025317-11027899	NC_003076.8	91.806	1135	49	7	19	1137	15606602	15605496	0.0	1541
NC_003076.8:11025317-11027899	NC_003076.8	92.406	1093	47	5	71	1147	17618634	17617562	0.0	1526
NC_003076.8:11025317-11027899	NC_003076.8	90.863	1171	59	12	37	1190	17775746	17776885	0.0	1526
NC_003076.8:11025317-11027899	NC_003076.8	90.488	1188	62	13	20	1190	16356475	16357628	0.0	1520
NC_003076.8:11025317-11027899	NC_003076.8	90.051	1186	71	17	20	1190	1898645	1897492	0.0	1493
NC_003076.8:11025317-11027899	NC_003076.8	92.967	1038	45	10	156	1190	4312682	4313694	0.0	1487
NC_003076.8:11025317-11027899	NC_003076.8	89.627	1205	60	15	18	1190	9559509	9558338	0.0	1472
NC_003076.8:11025317-11027899	NC_003076.8	94.946	930	38	8	1658	2581	9963872	9962946	0.0	1448
NC_003076.8:11025317-11027899	NC_003076.8	94.919	925	43	3	1661	2582	15043055	15042132	0.0	1445
NC_003076.8:11025317-11027899	NC_003076.8	94.697	924	44	4	1661	2581	20681236	20680315	0.0	1430
NC_003076.8:11025317-11027899	NC_003076.8	94.384	926	46	5	1661	2581	24476214	24475290	0.0	1417
NC_003076.8:11025317-11027899	NC_003076.8	94.384	926	45	6	1661	2582	24186745	24185823	0.0	1415
NC_003076.8:11025317-11027899	NC_003076.8	94.023	937	47	8	1648	2580	8745556	8744625	0.0	1411
NC_003076.8:11025317-11027899	NC_003076.8	94.264	924	48	4	1661	2580	1897498	1896576	0.0	1408
NC_003076.8:11025317-11027899	NC_003076.8	94.067	927	50	5	1658	2580	16357619	16358544	0.0	1402
NC_003076.8:11025317-11027899	NC_003076.8	94.060	926	49	5	1658	2580	8766881	8767803	0.0	1400
NC_003076.8:11025317-11027899	NC_003076.8	93.830	940	41	6	1661	2583	22231888	22230949	0.0	1399
NC_003076.8:11025317-11027899	NC_003076.8	93.851	927	53	3	1661	2583	19741438	19740512	0.0	1393
NC_003076.8:11025317-11027899	NC_003076.8	93.933	923	51	4	1661	2580	5428876	5427956	0.0	1389
NC_003076.8:11025317-11027899	NC_003076.8	93.642	928	54	4	1658	2581	17366198	17367124	0.0	1382
NC_003076.8:11025317-11027899	NC_003076.8	94.537	897	43	4	1658	2550	18854994	18855888	0.0	1380
NC_003076.8:11025317-11027899	NC_003076.8	93.170	937	58	5	1647	2580	4313933	4314866	0.0	1371
NC_003076.8:11025317-11027899	NC_003076.8	93.333	930	56	5	1658	2582	17776876	17777804	0.0	1369
NC_003076.8:11025317-11027899	NC_003076.8	93.204	927	54	8	1661	2580	14081687	14080763	0.0	1354
NC_003076.8:11025317-11027899	NC_003076.8	93.841	893	46	5	1661	2545	5977677	5976786	0.0	1336
NC_003076.8:11025317-11027899	NC_003076.8	92.094	936	57	10	1661	2580	8354135	8353201	0.0	1303
NC_003076.8:11025317-11027899	NC_003076.8	93.846	845	30	10	20	847	21530089	21530928	0.0	1253
NC_003076.8:11025317-11027899	NC_003076.8	93.865	815	47	3	1661	2473	14150127	14149314	0.0	1225
NC_003076.8:11025317-11027899	NC_003076.8	89.875	958	69	26	9	946	9612581	9613530	0.0	1206
NC_003076.8:11025317-11027899	NC_003076.8	89.928	973	42	19	20	958	18853952	18854902	0.0	1203
NC_003076.8:11025317-11027899	NC_003076.8	93.250	800	48	5	1785	2580	15605466	15604669	0.0	1173
NC_003076.8:11025317-11027899	NC_003076.8	90.173	926	50	19	1658	2580	21531021	21531908	0.0	1168
NC_003076.8:11025317-11027899	NC_003076.8	93.653	772	42	6	1815	2580	4780980	4780210	0.0	1147
NC_003076.8:11025317-11027899	NC_003076.8	92.083	720	47	8	241	957	7711270	7711982	0.0	1005
NC_003076.8:11025317-11027899	NC_003076.8	92.083	720	46	8	241	957	8683118	8683829	0.0	1003
NC_003076.8:11025317-11027899	NC_003076.8	91.353	717	53	7	241	955	14761045	14760336	0.0	972
NC_003076.8:11025317-11027899	NC_003076.8	90.720	722	55	10	243	960	15342559	15341846	0.0	952
NC_003076.8:11025317-11027899	NC_003076.8	90.470	724	58	9	241	960	13918658	13917942	0.0	944
NC_003076.8:11025317-11027899	NC_003076.8	94.764	592	27	3	1993	2580	7153775	7153184	0.0	918
NC_003076.8:11025317-11027899	NC_003076.8	90.182	713	47	12	252	957	354275	354971	0.0	907
NC_003076.8:11025317-11027899	NC_003076.8	92.284	648	30	6	19	650	7154440	7153797	0.0	902
NC_003076.8:11025317-11027899	NC_003076.8	90.922	683	35	13	1658	2338	10714792	10715449	0.0	893
NC_003076.8:11025317-11027899	NC_003076.8	93.532	603	33	4	1984	2582	25905017	25905617	0.0	893
NC_003076.8:11025317-11027899	NC_003076.8	91.641	646	46	6	241	884	5129697	5129058	0.0	887
NC_003076.8:11025317-11027899	NC_003076.8	91.641	646	47	5	241	884	19931420	19930780	0.0	887
NC_003076.8:11025317-11027899	NC_003076.8	91.325	634	42	10	328	957	19670974	19671598	0.0	854
NC_003076.8:11025317-11027899	NC_003076.8	93.865	489	26	4	2094	2580	21776273	21775787	0.0	734
NC_003076.8:11025317-11027899	NC_003076.8	93.061	490	29	4	2094	2580	15576667	15576180	0.0	712
NC_003076.8:11025317-11027899	NC_003076.8	92.986	442	21	5	2142	2580	9134290	9134724	0.0	636
NC_003076.8:11025317-11027899	NC_003076.8	94.045	403	18	6	2183	2581	17796537	17796137	6.52e-172	606
NC_003076.8:11025317-11027899	NC_003076.8	91.943	422	29	3	2164	2581	21584595	21584175	8.49e-166	586
NC_003076.8:11025317-11027899	NC_003076.8	94.925	335	16	1	1661	1995	15577050	15576717	6.75e-147	523
NC_003076.8:11025317-11027899	NC_003076.8	94.328	335	19	0	1661	1995	21776657	21776323	4.06e-144	514
NC_003076.8:11025317-11027899	NC_003076.8	90.133	375	22	11	2220	2582	25264968	25265339	6.89e-132	473
NC_003076.8:11025317-11027899	NC_003076.8	94.371	302	15	2	1796	2096	9592104	9592404	1.49e-128	462
NC_003076.8:11025317-11027899	NC_003076.8	91.279	344	21	6	241	581	25264649	25264986	5.37e-128	460
NC_003076.8:11025317-11027899	NC_003076.8	93.355	301	19	1	1796	2096	17617544	17617245	5.41e-123	444
NC_003076.8:11025317-11027899	NC_003076.8	94.755	286	14	1	1796	2081	20280289	20280005	5.41e-123	444
NC_003076.8:11025317-11027899	NC_003076.8	90.274	329	28	4	620	946	3019850	3019524	5.44e-118	427
NC_003076.8:11025317-11027899	NC_003076.8	88.827	358	22	5	19	361	4312435	4312789	7.04e-117	424
NC_003076.8:11025317-11027899	NC_003076.8	93.805	226	13	1	965	1190	22232106	22231882	2.62e-91	339
NC_003076.8:11025317-11027899	NC_003076.8	93.304	224	13	1	965	1188	8354352	8354131	1.58e-88	329
NC_003076.8:11025317-11027899	NC_003076.8	90.909	253	11	2	19	259	17796786	17796534	1.58e-88	329
NC_003076.8:11025317-11027899	NC_003076.8	92.609	230	12	3	241	469	3020057	3019832	2.04e-87	326
NC_003076.8:11025317-11027899	NC_003076.8	92.857	224	14	1	967	1190	15577265	15577044	7.35e-87	324
NC_003076.8:11025317-11027899	NC_003076.8	92.544	228	13	4	965	1190	24476433	24476208	7.35e-87	324
NC_003076.8:11025317-11027899	NC_003076.8	92.478	226	13	3	965	1190	10714580	10714801	9.51e-86	320
NC_003076.8:11025317-11027899	NC_003076.8	92.478	226	13	2	965	1190	15043270	15043049	9.51e-86	320
NC_003076.8:11025317-11027899	NC_003076.8	92.070	227	15	2	965	1190	5977895	5977671	1.23e-84	316
NC_003076.8:11025317-11027899	NC_003076.8	91.556	225	15	3	967	1190	21776872	21776651	7.40e-82	307
NC_003076.8:11025317-11027899	NC_003076.8	89.873	237	19	5	18	252	354138	354371	1.24e-79	300
NC_003076.8:11025317-11027899	NC_003076.8	95.109	184	8	1	1664	1846	20280830	20280647	2.68e-76	289
NC_003076.8:11025317-11027899	NC_003076.8	94.536	183	10	0	965	1147	20280489	20280307	1.25e-74	283
NC_003076.8:11025317-11027899	NC_003076.8	94.022	184	11	0	965	1148	9134111	9134294	1.61e-73	279
NC_003076.8:11025317-11027899	NC_003076.8	94.022	184	10	1	1664	1846	9591564	9591747	5.80e-73	278
NC_003076.8:11025317-11027899	NC_003076.8	93.956	182	11	0	965	1146	9591905	9592086	2.09e-72	276
NC_003076.8:11025317-11027899	NC_003076.8	87.008	254	22	9	19	262	13918791	13918539	2.09e-72	276
NC_003076.8:11025317-11027899	NC_003076.8	86.822	258	19	7	19	262	15342697	15342441	7.51e-72	274
NC_003076.8:11025317-11027899	NC_003076.8	85.878	262	19	6	18	262	3020198	3019938	1.62e-68	263
NC_003076.8:11025317-11027899	NC_003076.8	85.227	264	19	8	17	262	19931562	19931301	9.78e-66	254
NC_003076.8:11025317-11027899	NC_003076.8	92.090	177	13	1	1647	1823	4313675	4313850	4.55e-64	248
NC_003076.8:11025317-11027899	NC_003076.8	92.135	178	11	2	2406	2580	10715445	10715622	4.55e-64	248
NC_003076.8:11025317-11027899	NC_003076.8	84.191	272	22	8	9	262	25264501	25264769	5.88e-63	244
NC_003076.8:11025317-11027899	NC_003076.8	84.615	260	21	6	20	262	14761183	14760926	7.61e-62	241
NC_003076.8:11025317-11027899	NC_003076.8	84.400	250	23	4	18	252	8682977	8683225	4.58e-59	231
NC_003076.8:11025317-11027899	NC_003076.8	92.683	164	5	5	1661	1821	9558344	9558185	1.65e-58	230
NC_003076.8:11025317-11027899	NC_003076.8	83.658	257	22	6	14	252	7711125	7711379	7.67e-57	224
NC_003076.8:11025317-11027899	NC_003076.8	93.197	147	9	1	21	167	19670802	19670947	4.61e-54	215
NC_003076.8:11025317-11027899	NC_003076.8	91.057	123	11	0	965	1087	25904890	25905012	1.31e-39	167
NC_003076.8:11025317-11027899	NC_003076.8	97.849	93	2	0	1661	1753	4781074	4780982	6.10e-38	161
NC_003076.8:11025317-11027899	NC_003076.8	93.458	107	5	1	1084	1190	18854899	18855003	7.89e-37	158
NC_003076.8:11025317-11027899	NC_003076.8	90.517	116	8	3	5	119	20398203	20398316	1.32e-34	150
NC_003076.8:11025317-11027899	NC_003076.8	92.308	104	6	1	1087	1190	21530929	21531030	1.71e-33	147
NC_003076.8:11025317-11027899	NC_003076.8	83.019	159	11	8	1267	1414	10643504	10643657	1.72e-28	130
NC_003076.8:11025317-11027899	NC_003076.8	93.976	83	3	2	2	83	15043446	15043365	8.00e-27	124
NC_003076.8:11025317-11027899	NC_003076.8	92.593	81	6	0	20	100	5978053	5977973	1.34e-24	117
NC_003076.8:11025317-11027899	NC_003076.8	86.486	111	10	5	156	262	14082590	14082481	1.34e-24	117
NC_003076.8:11025317-11027899	NC_003076.8	92.500	80	6	0	21	100	20280646	20280567	4.81e-24	115
NC_003076.8:11025317-11027899	NC_003076.8	86.239	109	10	5	158	262	4781987	4781880	1.73e-23	113
NC_003076.8:11025317-11027899	NC_003076.8	91.566	83	5	2	19	100	9133952	9134033	1.73e-23	113
NC_003076.8:11025317-11027899	NC_003076.8	85.586	111	11	5	156	262	18854211	18854320	6.23e-23	111
NC_003076.8:11025317-11027899	NC_003076.8	91.250	80	7	0	21	100	9591748	9591827	2.24e-22	110
NC_003076.8:11025317-11027899	NC_003076.8	85.455	110	10	6	156	262	15606356	15606250	2.24e-22	110
NC_003076.8:11025317-11027899	NC_003076.8	84.545	110	13	4	156	262	16356720	16356828	2.90e-21	106
NC_003076.8:11025317-11027899	NC_003076.8	84.685	111	12	5	156	262	17775974	17776083	2.90e-21	106
NC_003076.8:11025317-11027899	NC_003076.8	90.123	81	8	0	20	100	24476591	24476511	2.90e-21	106
NC_003076.8:11025317-11027899	NC_003076.8	95.385	65	3	0	19	83	10714423	10714487	1.04e-20	104
NC_003076.8:11025317-11027899	NC_003076.8	84.404	109	12	5	158	262	9559249	9559142	3.75e-20	102
NC_003076.8:11025317-11027899	NC_003076.8	89.157	83	5	3	1108	1190	4313874	4313952	1.35e-19	100
NC_003076.8:11025317-11027899	NC_003076.8	83.784	111	13	5	156	262	24187667	24187558	1.35e-19	100
NC_003076.8:11025317-11027899	NC_003076.8	93.939	66	3	1	19	83	13982134	13982199	4.85e-19	99.0
NC_003076.8:11025317-11027899	NC_003076.8	98.148	54	1	0	2023	2076	15576716	15576663	6.27e-18	95.3
NC_003076.8:11025317-11027899	NC_003076.8	83.784	74	8	4	1215	1285	15443268	15443196	1.37e-09	67.6
NC_003076.8:11025317-11027899	NC_003070.9	95.194	1186	39	4	15	1184	7035184	7036367	0.0	1858
NC_003076.8:11025317-11027899	NC_003070.9	93.451	1191	56	6	17	1190	26171483	26170298	0.0	1748
NC_003076.8:11025317-11027899	NC_003070.9	93.215	1179	63	13	20	1190	9867414	9866245	0.0	1718
NC_003076.8:11025317-11027899	NC_003070.9	93.103	1189	55	11	20	1190	17899863	17901042	0.0	1716
NC_003076.8:11025317-11027899	NC_003070.9	92.504	1174	62	9	33	1190	30255510	30254347	0.0	1657
NC_003076.8:11025317-11027899	NC_003070.9	92.536	1179	51	10	20	1182	30253107	30251950	0.0	1655
NC_003076.8:11025317-11027899	NC_003070.9	92.268	1177	73	11	24	1190	19329256	19328088	0.0	1653
NC_003076.8:11025317-11027899	NC_003070.9	92.003	1188	57	10	19	1190	9816209	9817374	0.0	1633
NC_003076.8:11025317-11027899	NC_003070.9	92.125	1181	56	7	18	1182	12330055	12328896	0.0	1631
NC_003076.8:11025317-11027899	NC_003070.9	91.687	1203	58	14	4	1190	13058808	13059984	0.0	1629
NC_003076.8:11025317-11027899	NC_003070.9	91.837	1176	65	14	20	1190	16903800	16904949	0.0	1611
NC_003076.8:11025317-11027899	NC_003070.9	91.716	1183	57	13	18	1182	22994062	22992903	0.0	1604
NC_003076.8:11025317-11027899	NC_003070.9	91.250	1200	57	19	7	1190	8114758	8115925	0.0	1591
NC_003076.8:11025317-11027899	NC_003070.9	97.106	933	19	5	1658	2583	7036362	7037293	0.0	1567
NC_003076.8:11025317-11027899	NC_003070.9	90.460	1195	58	13	20	1190	22449931	22451093	0.0	1524
NC_003076.8:11025317-11027899	NC_003070.9	90.183	1202	52	13	8	1190	19995749	19994595	0.0	1506
NC_003076.8:11025317-11027899	NC_003070.9	90.152	1188	57	18	20	1190	501372	500228	0.0	1491
NC_003076.8:11025317-11027899	NC_003070.9	90.076	1189	53	11	20	1190	11737393	11736252	0.0	1482
NC_003076.8:11025317-11027899	NC_003070.9	95.351	925	40	3	1658	2580	11700804	11701727	0.0	1467
NC_003076.8:11025317-11027899	NC_003070.9	94.822	927	41	5	1658	2580	15940255	15941178	0.0	1439
NC_003076.8:11025317-11027899	NC_003070.9	94.289	928	44	7	1661	2583	19994601	19993678	0.0	1411
NC_003076.8:11025317-11027899	NC_003070.9	94.092	931	49	5	1658	2583	19768915	19767986	0.0	1410
NC_003076.8:11025317-11027899	NC_003070.9	94.818	907	40	6	1658	2558	8115916	8116821	0.0	1408
NC_003076.8:11025317-11027899	NC_003070.9	93.917	937	47	8	1648	2580	13059966	13060896	0.0	1406
NC_003076.8:11025317-11027899	NC_003070.9	94.264	924	46	5	1661	2581	22451087	22452006	0.0	1406
NC_003076.8:11025317-11027899	NC_003070.9	93.864	929	51	4	1658	2582	4786331	4787257	0.0	1395
NC_003076.8:11025317-11027899	NC_003070.9	93.635	927	53	4	1658	2580	16904940	16905864	0.0	1380
NC_003076.8:11025317-11027899	NC_003070.9	93.305	926	51	8	1658	2580	3413923	3414840	0.0	1356
NC_003076.8:11025317-11027899	NC_003070.9	93.290	924	55	6	1663	2581	18791944	18792865	0.0	1356
NC_003076.8:11025317-11027899	NC_003070.9	93.305	926	44	8	1661	2581	19466001	19465089	0.0	1351
NC_003076.8:11025317-11027899	NC_003070.9	93.126	931	46	9	1658	2583	12365078	12365995	0.0	1349
NC_003076.8:11025317-11027899	NC_003070.9	93.118	930	44	9	1658	2580	16326387	16327303	0.0	1345
NC_003076.8:11025317-11027899	NC_003070.9	93.089	926	48	7	1658	2580	16825458	16826370	0.0	1341
NC_003076.8:11025317-11027899	NC_003070.9	93.011	930	46	9	1658	2582	23214606	23215521	0.0	1339
NC_003076.8:11025317-11027899	NC_003070.9	91.760	983	44	7	16	982	19061962	19062923	0.0	1332
NC_003076.8:11025317-11027899	NC_003070.9	92.873	926	46	11	1661	2582	12563136	12562227	0.0	1327
NC_003076.8:11025317-11027899	NC_003070.9	92.857	924	46	11	1661	2580	13016758	13015851	0.0	1323
NC_003076.8:11025317-11027899	NC_003070.9	92.557	927	53	9	1658	2580	28161408	28162322	0.0	1315
NC_003076.8:11025317-11027899	NC_003070.9	92.549	926	47	10	1661	2580	26170304	26169395	0.0	1308
NC_003076.8:11025317-11027899	NC_003070.9	92.457	928	49	6	1658	2581	9817365	9818275	0.0	1306
NC_003076.8:11025317-11027899	NC_003070.9	92.432	925	36	9	20	930	11699698	11700602	0.0	1290
NC_003076.8:11025317-11027899	NC_003070.9	91.927	929	51	11	1661	2583	9866251	9865341	0.0	1279
NC_003076.8:11025317-11027899	NC_003070.9	91.845	932	51	12	1658	2583	17901033	17901945	0.0	1277
NC_003076.8:11025317-11027899	NC_003070.9	93.179	865	34	10	1	847	12364116	12364973	0.0	1247
NC_003076.8:11025317-11027899	NC_003070.9	93.602	844	29	6	20	847	16824518	16825352	0.0	1236
NC_003076.8:11025317-11027899	NC_003070.9	93.514	848	28	10	19	847	23213665	23214504	0.0	1236
NC_003076.8:11025317-11027899	NC_003070.9	93.278	848	30	10	20	847	19466949	19466109	0.0	1225
NC_003076.8:11025317-11027899	NC_003070.9	94.125	800	42	4	1785	2580	19063794	19064592	0.0	1212
NC_003076.8:11025317-11027899	NC_003070.9	92.883	843	41	13	20	847	12564081	12563243	0.0	1206
NC_003076.8:11025317-11027899	NC_003070.9	94.297	789	39	5	1796	2581	23876484	23877269	0.0	1203
NC_003076.8:11025317-11027899	NC_003070.9	92.571	848	37	8	19	847	16325443	16326283	0.0	1194
NC_003076.8:11025317-11027899	NC_003070.9	91.848	871	40	6	270	1137	19062922	19063764	0.0	1186
NC_003076.8:11025317-11027899	NC_003070.9	93.006	815	35	4	20	833	4785461	4786254	0.0	1170
NC_003076.8:11025317-11027899	NC_003070.9	88.410	975	78	16	18	964	16806987	16807954	0.0	1142
NC_003076.8:11025317-11027899	NC_003070.9	96.011	702	26	2	1663	2363	30254351	30253651	0.0	1140
NC_003076.8:11025317-11027899	NC_003070.9	93.498	769	44	6	1814	2580	19328001	19327237	0.0	1138
NC_003076.8:11025317-11027899	NC_003070.9	91.069	851	42	16	343	1190	13017571	13016752	0.0	1120
NC_003076.8:11025317-11027899	NC_003070.9	89.511	839	66	16	18	837	16806148	16806983	0.0	1042
NC_003076.8:11025317-11027899	NC_003070.9	92.980	698	40	6	241	936	17552860	17552170	0.0	1009
NC_003076.8:11025317-11027899	NC_003070.9	91.978	723	49	7	241	960	1977027	1976311	0.0	1005
NC_003076.8:11025317-11027899	NC_003070.9	91.690	722	50	8	241	960	29320592	29319879	0.0	992
NC_003076.8:11025317-11027899	NC_003070.9	91.563	723	49	10	241	960	14299705	14298992	0.0	987
NC_003076.8:11025317-11027899	NC_003070.9	85.817	973	75	30	20	964	13262203	13261266	0.0	974
NC_003076.8:11025317-11027899	NC_003070.9	91.954	696	47	7	252	945	19085234	19085922	0.0	966
NC_003076.8:11025317-11027899	NC_003070.9	90.960	719	56	7	241	957	6736003	6736714	0.0	959
NC_003076.8:11025317-11027899	NC_003070.9	91.360	706	52	7	252	955	8291436	8290738	0.0	957
NC_003076.8:11025317-11027899	NC_003070.9	91.667	696	47	8	252	945	19173667	19172981	0.0	953
NC_003076.8:11025317-11027899	NC_003070.9	90.542	719	58	8	241	957	17368	18078	0.0	942
NC_003076.8:11025317-11027899	NC_003070.9	90.456	723	58	9	241	960	3074585	3073871	0.0	942
NC_003076.8:11025317-11027899	NC_003070.9	91.740	678	38	9	1661	2323	11736258	11735584	0.0	926
NC_003076.8:11025317-11027899	NC_003070.9	90.449	712	49	11	252	960	12855858	12855163	0.0	920
NC_003076.8:11025317-11027899	NC_003070.9	92.415	646	42	5	241	884	2235029	2234389	0.0	915
NC_003076.8:11025317-11027899	NC_003070.9	92.093	645	38	6	1948	2581	14309405	14308763	0.0	896
NC_003076.8:11025317-11027899	NC_003070.9	93.833	600	23	9	1987	2582	499960	499371	0.0	891
NC_003076.8:11025317-11027899	NC_003070.9	95.572	542	23	1	1661	2201	16998170	16997629	0.0	867
NC_003076.8:11025317-11027899	NC_003070.9	94.659	543	27	1	1661	2201	12876556	12876014	0.0	841
NC_003076.8:11025317-11027899	NC_003070.9	87.818	747	53	18	241	955	18746910	18746170	0.0	841
NC_003076.8:11025317-11027899	NC_003070.9	88.095	672	30	13	522	1190	18791324	18791948	0.0	752
NC_003076.8:11025317-11027899	NC_003070.9	91.841	527	26	7	2058	2580	18790335	18790848	0.0	719
NC_003076.8:11025317-11027899	NC_003070.9	92.540	496	24	4	696	1190	15939781	15940264	0.0	699
NC_003076.8:11025317-11027899	NC_003070.9	92.521	468	16	6	16	468	15939320	15939783	0.0	652
NC_003076.8:11025317-11027899	NC_003070.9	90.870	471	26	3	20	476	22622305	22621838	1.08e-174	616
NC_003076.8:11025317-11027899	NC_003070.9	94.264	401	19	3	2183	2580	23554190	23553791	5.04e-173	610
NC_003076.8:11025317-11027899	NC_003070.9	91.607	417	31	4	542	957	23174140	23174553	6.61e-162	573
NC_003076.8:11025317-11027899	NC_003070.9	92.439	410	16	2	19	414	18790926	18791334	2.38e-161	571
NC_003076.8:11025317-11027899	NC_003070.9	94.702	302	14	2	1796	2096	22992364	22992064	3.21e-130	468
NC_003076.8:11025317-11027899	NC_003070.9	94.828	290	13	2	1796	2084	22621023	22620735	3.23e-125	451
NC_003076.8:11025317-11027899	NC_003070.9	93.046	302	19	2	1796	2096	30251410	30251110	6.99e-122	440
NC_003076.8:11025317-11027899	NC_003070.9	94.406	286	15	1	1796	2081	12328358	12328074	2.52e-121	438
NC_003076.8:11025317-11027899	NC_003070.9	95.203	271	13	0	1661	1931	500234	499964	1.51e-118	429
NC_003076.8:11025317-11027899	NC_003070.9	92.553	282	19	2	902	1182	22621842	22621562	9.17e-111	403
NC_003076.8:11025317-11027899	NC_003070.9	93.522	247	11	3	19	261	8490195	8489950	1.56e-98	363
NC_003076.8:11025317-11027899	NC_003070.9	91.532	248	16	5	18	262	19085097	19085342	9.44e-91	337
NC_003076.8:11025317-11027899	NC_003070.9	94.860	214	9	1	2369	2580	30253355	30253142	1.22e-89	333
NC_003076.8:11025317-11027899	NC_003070.9	92.920	226	12	2	965	1190	16998385	16998164	2.04e-87	326
NC_003076.8:11025317-11027899	NC_003070.9	90.272	257	12	2	18	261	25963259	25963003	7.35e-87	324
NC_003076.8:11025317-11027899	NC_003070.9	90.514	253	11	2	20	259	23554439	23554187	2.64e-86	322
NC_003076.8:11025317-11027899	NC_003070.9	92.478	226	14	2	965	1190	12876772	12876550	9.51e-86	320
NC_003076.8:11025317-11027899	NC_003070.9	89.919	248	19	5	17	262	12855996	12855753	4.42e-84	315
NC_003076.8:11025317-11027899	NC_003070.9	92.308	221	15	2	965	1184	28161194	28161413	1.59e-83	313
NC_003076.8:11025317-11027899	NC_003070.9	90.871	241	8	2	20	247	3910601	3910362	5.72e-83	311
NC_003076.8:11025317-11027899	NC_003070.9	89.837	246	18	7	20	262	19173802	19173561	2.06e-82	309
NC_003076.8:11025317-11027899	NC_003070.9	91.518	224	15	2	967	1190	3413713	3413932	2.66e-81	305
NC_003076.8:11025317-11027899	NC_003070.9	95.652	184	7	1	1664	1846	12328898	12328715	5.76e-78	294
NC_003076.8:11025317-11027899	NC_003070.9	95.628	183	8	0	965	1147	22992564	22992382	5.76e-78	294
NC_003076.8:11025317-11027899	NC_003070.9	95.109	184	8	1	1664	1846	22621564	22621381	2.68e-76	289
NC_003076.8:11025317-11027899	NC_003070.9	95.082	183	9	0	965	1147	30251610	30251428	2.68e-76	289
NC_003076.8:11025317-11027899	NC_003070.9	94.595	185	8	2	1664	1846	30251952	30251768	3.47e-75	285
NC_003076.8:11025317-11027899	NC_003070.9	94.565	184	9	1	1664	1846	22992905	22992722	1.25e-74	283
NC_003076.8:11025317-11027899	NC_003070.9	93.989	183	11	0	965	1147	12328558	12328376	5.80e-73	278
NC_003076.8:11025317-11027899	NC_003070.9	93.989	183	11	0	965	1147	23876284	23876466	5.80e-73	278
NC_003076.8:11025317-11027899	NC_003070.9	88.511	235	15	3	958	1190	11700589	11700813	7.51e-72	274
NC_003076.8:11025317-11027899	NC_003070.9	86.923	260	15	7	20	262	17552998	17552741	7.51e-72	274
NC_003076.8:11025317-11027899	NC_003070.9	93.443	183	12	0	965	1147	22621223	22621041	2.70e-71	272
NC_003076.8:11025317-11027899	NC_003070.9	85.609	271	18	9	10	262	2235177	2234910	4.52e-69	265
NC_003076.8:11025317-11027899	NC_003070.9	85.714	259	16	9	20	262	14299842	14299589	9.78e-66	254
NC_003076.8:11025317-11027899	NC_003070.9	85.214	257	19	7	23	262	18747045	18746791	1.64e-63	246
NC_003076.8:11025317-11027899	NC_003070.9	85.542	249	19	4	20	252	17009	17256	5.88e-63	244
NC_003076.8:11025317-11027899	NC_003070.9	84.291	261	21	7	20	262	6735864	6736122	9.85e-61	237
NC_003076.8:11025317-11027899	NC_003070.9	84.337	249	22	5	20	252	3074944	3074697	5.93e-58	228
NC_003076.8:11025317-11027899	NC_003070.9	84.188	234	18	6	47	262	17255	17487	2.15e-52	209
NC_003076.8:11025317-11027899	NC_003070.9	83.544	237	21	6	43	262	29320708	29320473	2.78e-51	206
NC_003076.8:11025317-11027899	NC_003070.9	83.333	234	20	6	47	262	3074698	3074466	4.65e-49	198
NC_003076.8:11025317-11027899	NC_003070.9	90.441	136	11	2	1057	1190	19769039	19768904	6.05e-43	178
NC_003076.8:11025317-11027899	NC_003070.9	94.340	106	6	0	965	1070	19769678	19769573	1.70e-38	163
NC_003076.8:11025317-11027899	NC_003070.9	95.789	95	4	0	1661	1755	19328094	19328000	1.02e-35	154
NC_003076.8:11025317-11027899	NC_003070.9	87.387	111	9	5	156	262	9816456	9816565	2.88e-26	122
NC_003076.8:11025317-11027899	NC_003070.9	93.902	82	3	2	20	100	12876928	12876848	2.88e-26	122
NC_003076.8:11025317-11027899	NC_003070.9	91.398	93	2	4	1102	1190	16825377	16825467	2.88e-26	122
NC_003076.8:11025317-11027899	NC_003070.9	93.902	82	1	3	1110	1190	12563208	12563130	1.03e-25	121
NC_003076.8:11025317-11027899	NC_003070.9	86.486	111	10	5	156	262	11699942	11700051	1.34e-24	117
NC_003076.8:11025317-11027899	NC_003070.9	86.486	111	10	5	156	262	12563836	12563727	1.34e-24	117
NC_003076.8:11025317-11027899	NC_003070.9	86.486	111	10	5	156	262	15939569	15939678	1.34e-24	117
NC_003076.8:11025317-11027899	NC_003070.9	86.486	111	10	5	156	262	16807233	16807342	1.34e-24	117
NC_003076.8:11025317-11027899	NC_003070.9	86.486	111	10	5	156	262	16824764	16824873	1.34e-24	117
NC_003076.8:11025317-11027899	NC_003070.9	86.486	111	10	5	156	262	19995488	19995379	1.34e-24	117
NC_003076.8:11025317-11027899	NC_003070.9	86.486	111	10	5	156	262	23213912	23214021	1.34e-24	117
NC_003076.8:11025317-11027899	NC_003070.9	86.486	111	10	5	156	262	30255277	30255168	1.34e-24	117
NC_003076.8:11025317-11027899	NC_003070.9	86.364	110	9	6	156	262	11737146	11737040	4.81e-24	115
NC_003076.8:11025317-11027899	NC_003070.9	91.566	83	7	0	18	100	18790101	18790183	4.81e-24	115
NC_003076.8:11025317-11027899	NC_003070.9	92.500	80	6	0	21	100	30251767	30251688	4.81e-24	115
NC_003076.8:11025317-11027899	NC_003070.9	90.110	91	3	3	1102	1190	23214529	23214615	1.73e-23	113
NC_003076.8:11025317-11027899	NC_003070.9	85.586	111	11	5	156	262	12364381	12364490	6.23e-23	111
NC_003076.8:11025317-11027899	NC_003070.9	85.586	111	11	5	156	262	18791172	18791281	6.23e-23	111
NC_003076.8:11025317-11027899	NC_003070.9	85.586	111	11	5	156	262	19329020	19328911	6.23e-23	111
NC_003076.8:11025317-11027899	NC_003070.9	90.476	84	6	2	18	100	3413551	3413633	2.24e-22	110
NC_003076.8:11025317-11027899	NC_003070.9	89.130	92	5	3	1102	1190	12364998	12365087	2.24e-22	110
NC_003076.8:11025317-11027899	NC_003070.9	87.000	100	9	4	156	252	19062210	19062308	2.24e-22	110
NC_003076.8:11025317-11027899	NC_003070.9	91.250	80	7	0	21	100	22992721	22992642	2.24e-22	110
NC_003076.8:11025317-11027899	NC_003070.9	91.250	80	6	1	21	100	12328714	12328636	8.06e-22	108
NC_003076.8:11025317-11027899	NC_003070.9	90.244	82	8	0	19	100	16998956	16998875	8.06e-22	108
NC_003076.8:11025317-11027899	NC_003070.9	93.151	73	4	1	965	1037	18790258	18790329	2.90e-21	106
NC_003076.8:11025317-11027899	NC_003070.9	88.043	92	5	4	1102	1190	16326308	16326396	1.04e-20	104
NC_003076.8:11025317-11027899	NC_003070.9	91.139	79	4	2	1113	1190	19466071	19465995	1.04e-20	104
NC_003076.8:11025317-11027899	NC_003070.9	96.721	61	2	0	23	83	22621378	22621318	3.75e-20	102
NC_003076.8:11025317-11027899	NC_003070.9	86.585	82	9	2	20	100	19724755	19724835	2.92e-16	89.8
NC_003076.8:11025317-11027899	NC_003074.8	93.792	1192	48	11	19	1190	10821447	10820262	0.0	1768
NC_003076.8:11025317-11027899	NC_003074.8	92.334	1187	52	10	20	1190	15937286	15938449	0.0	1652
NC_003076.8:11025317-11027899	NC_003074.8	92.379	1181	53	10	18	1182	17301280	17300121	0.0	1648
NC_003076.8:11025317-11027899	NC_003074.8	91.253	1189	58	8	18	1190	17277816	17276658	0.0	1578
NC_003076.8:11025317-11027899	NC_003074.8	91.041	1172	49	18	20	1190	17144490	17143374	0.0	1531
NC_003076.8:11025317-11027899	NC_003074.8	90.314	1177	54	11	19	1180	20786398	20787529	0.0	1487
NC_003076.8:11025317-11027899	NC_003074.8	89.816	1198	61	22	2	1190	11535826	11536971	0.0	1480
NC_003076.8:11025317-11027899	NC_003074.8	89.722	1187	58	13	20	1190	5745923	5744785	0.0	1458
NC_003076.8:11025317-11027899	NC_003074.8	94.816	926	42	6	1661	2582	17276664	17275741	0.0	1439
NC_003076.8:11025317-11027899	NC_003074.8	88.805	1188	63	21	20	1190	22118613	22119747	0.0	1393
NC_003076.8:11025317-11027899	NC_003074.8	93.622	925	49	5	1658	2578	17730312	17731230	0.0	1373
NC_003076.8:11025317-11027899	NC_003074.8	93.506	924	47	7	1662	2580	20787532	20788447	0.0	1362
NC_003076.8:11025317-11027899	NC_003074.8	93.290	924	45	8	1661	2580	17062296	17061386	0.0	1347
NC_003076.8:11025317-11027899	NC_003074.8	92.964	938	44	12	1661	2580	17143380	17142447	0.0	1347
NC_003076.8:11025317-11027899	NC_003074.8	93.612	908	46	11	1661	2558	10820268	10819363	0.0	1345
NC_003076.8:11025317-11027899	NC_003074.8	93.204	927	44	6	1658	2580	16451669	16452580	0.0	1345
NC_003076.8:11025317-11027899	NC_003074.8	92.918	932	53	8	1658	2583	17777144	17778068	0.0	1343
NC_003076.8:11025317-11027899	NC_003074.8	92.680	929	57	8	1658	2582	22119738	22120659	0.0	1328
NC_003076.8:11025317-11027899	NC_003074.8	95.542	830	31	4	20	847	17063229	17062404	0.0	1323
NC_003076.8:11025317-11027899	NC_003074.8	92.849	909	45	10	1658	2548	11536962	11537868	0.0	1301
NC_003076.8:11025317-11027899	NC_003074.8	91.979	935	64	9	1658	2582	15938440	15939373	0.0	1301
NC_003076.8:11025317-11027899	NC_003074.8	92.136	941	44	13	1663	2578	16419517	16420452	0.0	1301
NC_003076.8:11025317-11027899	NC_003074.8	92.017	927	50	9	1661	2583	9767259	9766353	0.0	1280
NC_003076.8:11025317-11027899	NC_003074.8	91.784	925	46	10	1661	2580	7995728	7994829	0.0	1260
NC_003076.8:11025317-11027899	NC_003074.8	91.361	926	48	15	1661	2582	15452350	15451453	0.0	1238
NC_003076.8:11025317-11027899	NC_003074.8	91.342	924	51	16	1663	2581	16562689	16563588	0.0	1236
NC_003076.8:11025317-11027899	NC_003074.8	94.677	789	38	3	1796	2580	18412511	18413299	0.0	1221
NC_003076.8:11025317-11027899	NC_003074.8	94.304	790	40	4	1796	2580	18019138	18019927	0.0	1205
NC_003076.8:11025317-11027899	NC_003074.8	93.939	792	39	9	1796	2580	13327793	13328582	0.0	1188
NC_003076.8:11025317-11027899	NC_003074.8	92.794	791	50	7	1796	2581	3965360	3966148	0.0	1138
NC_003076.8:11025317-11027899	NC_003074.8	93.817	744	39	5	1842	2581	10556871	10556131	0.0	1112
NC_003076.8:11025317-11027899	NC_003074.8	92.010	801	47	14	174	968	18746356	18747145	0.0	1109
NC_003076.8:11025317-11027899	NC_003074.8	90.987	821	60	12	156	964	9890156	9890974	0.0	1094
NC_003076.8:11025317-11027899	NC_003074.8	87.929	961	74	31	2	957	16879733	16880656	0.0	1094
NC_003076.8:11025317-11027899	NC_003074.8	90.953	829	39	5	20	833	16450786	16451593	0.0	1083
NC_003076.8:11025317-11027899	NC_003074.8	93.011	744	38	5	1842	2581	10575083	10574350	0.0	1074
NC_003076.8:11025317-11027899	NC_003074.8	92.218	771	37	12	1815	2581	15485279	15484528	0.0	1070
NC_003076.8:11025317-11027899	NC_003074.8	90.097	828	45	7	19	830	9386347	9385541	0.0	1040
NC_003076.8:11025317-11027899	NC_003074.8	91.781	730	50	8	233	960	9559551	9558830	0.0	1007
NC_003076.8:11025317-11027899	NC_003074.8	92.929	693	35	1	1661	2353	11503385	11502707	0.0	996
NC_003076.8:11025317-11027899	NC_003074.8	91.724	725	43	14	241	960	20485002	20484290	0.0	990
NC_003076.8:11025317-11027899	NC_003074.8	91.794	719	45	10	241	957	5622169	5622875	0.0	989
NC_003076.8:11025317-11027899	NC_003074.8	90.736	734	55	11	241	964	3716481	3717211	0.0	966
NC_003076.8:11025317-11027899	NC_003074.8	93.692	650	34	6	1936	2582	5744486	5743841	0.0	966
NC_003076.8:11025317-11027899	NC_003074.8	90.483	746	44	12	232	968	16173067	16172340	0.0	959
NC_003076.8:11025317-11027899	NC_003074.8	90.305	722	60	8	241	960	2629888	2629175	0.0	937
NC_003076.8:11025317-11027899	NC_003074.8	93.042	618	34	7	1968	2581	9384377	9383765	0.0	894
NC_003076.8:11025317-11027899	NC_003074.8	90.788	673	31	12	521	1190	16562049	16562693	0.0	870
NC_003076.8:11025317-11027899	NC_003074.8	88.797	723	56	14	241	960	1371038	1370338	0.0	863
NC_003076.8:11025317-11027899	NC_003074.8	95.037	544	26	1	1658	2201	10320761	10321303	0.0	854
NC_003076.8:11025317-11027899	NC_003074.8	92.442	516	21	4	18	518	7996638	7996126	0.0	721
NC_003076.8:11025317-11027899	NC_003074.8	90.188	479	20	7	712	1190	15452795	15452344	1.09e-169	599
NC_003076.8:11025317-11027899	NC_003074.8	91.443	409	19	3	20	414	16561654	16562060	4.01e-154	547
NC_003076.8:11025317-11027899	NC_003074.8	92.126	381	19	3	811	1190	9385005	9384635	5.22e-148	527
NC_003076.8:11025317-11027899	NC_003074.8	96.622	296	9	1	553	847	7996131	7995836	6.85e-137	490
NC_003076.8:11025317-11027899	NC_003074.8	95.410	305	14	0	1661	1965	5744791	5744487	8.86e-136	486
NC_003076.8:11025317-11027899	NC_003074.8	95.114	307	15	0	1661	1967	11968026	11968332	3.19e-135	484
NC_003076.8:11025317-11027899	NC_003074.8	94.631	298	15	1	1799	2096	17299578	17299282	5.37e-128	460
NC_003076.8:11025317-11027899	NC_003074.8	93.515	293	13	3	241	532	10862540	10862827	4.21e-119	431
NC_003076.8:11025317-11027899	NC_003074.8	92.708	288	18	2	2297	2581	11968331	11968618	1.52e-113	412
NC_003076.8:11025317-11027899	NC_003074.8	95.000	260	13	0	1661	1920	9384641	9384382	1.97e-112	409
NC_003076.8:11025317-11027899	NC_003074.8	88.150	346	18	9	2	326	11200607	11200950	7.14e-107	390
NC_003076.8:11025317-11027899	NC_003074.8	91.003	289	14	8	247	533	20487006	20486728	1.55e-103	379
NC_003076.8:11025317-11027899	NC_003074.8	94.273	227	10	2	965	1190	10557188	10556964	5.64e-93	344
NC_003076.8:11025317-11027899	NC_003074.8	94.273	227	10	2	965	1190	11503603	11503379	5.64e-93	344
NC_003076.8:11025317-11027899	NC_003074.8	93.074	231	13	2	2317	2544	11200950	11201180	3.39e-90	335
NC_003076.8:11025317-11027899	NC_003074.8	93.421	228	11	2	965	1190	15485591	15485366	3.39e-90	335
NC_003076.8:11025317-11027899	NC_003074.8	92.511	227	13	3	965	1190	17730098	17730321	2.64e-86	322
NC_003076.8:11025317-11027899	NC_003074.8	92.478	226	14	2	965	1190	9767475	9767253	9.51e-86	320
NC_003076.8:11025317-11027899	NC_003074.8	93.119	218	13	1	965	1180	17776928	17777145	3.42e-85	318
NC_003076.8:11025317-11027899	NC_003074.8	92.593	216	13	3	965	1180	16419302	16419514	7.40e-82	307
NC_003076.8:11025317-11027899	NC_003074.8	91.189	227	17	2	965	1190	10575400	10575176	2.66e-81	305
NC_003076.8:11025317-11027899	NC_003074.8	90.708	226	17	2	965	1190	11967811	11968032	4.45e-79	298
NC_003076.8:11025317-11027899	NC_003074.8	94.565	184	10	0	965	1148	17299782	17299599	3.47e-75	285
NC_003076.8:11025317-11027899	NC_003074.8	87.698	252	18	3	2342	2580	8757570	8757821	4.49e-74	281
NC_003076.8:11025317-11027899	NC_003074.8	94.022	184	11	0	965	1148	1571523	1571706	1.61e-73	279
NC_003076.8:11025317-11027899	NC_003074.8	94.022	184	10	1	1664	1846	17300123	17299940	5.80e-73	278
NC_003076.8:11025317-11027899	NC_003074.8	92.935	184	12	1	965	1147	3965159	3965342	1.26e-69	267
NC_003076.8:11025317-11027899	NC_003074.8	92.935	184	11	2	965	1148	18412311	18412492	1.26e-69	267
NC_003076.8:11025317-11027899	NC_003074.8	86.207	261	17	7	20	262	3716342	3716601	4.52e-69	265
NC_003076.8:11025317-11027899	NC_003074.8	84.965	286	13	3	1796	2081	1571725	1571980	1.62e-68	263
NC_003076.8:11025317-11027899	NC_003074.8	85.660	265	18	8	15	262	5622026	5622287	5.84e-68	261
NC_003076.8:11025317-11027899	NC_003074.8	91.848	184	13	2	965	1148	18018938	18019119	2.72e-66	255
NC_003076.8:11025317-11027899	NC_003074.8	85.433	254	26	7	16	262	20487145	20486896	9.78e-66	254
NC_003076.8:11025317-11027899	NC_003074.8	85.328	259	21	5	20	262	17397300	17397043	3.52e-65	252
NC_003076.8:11025317-11027899	NC_003074.8	85.214	257	20	11	23	262	9559680	9559425	4.55e-64	248
NC_003076.8:11025317-11027899	NC_003074.8	84.307	274	22	14	8	262	10862388	10862659	4.55e-64	248
NC_003076.8:11025317-11027899	NC_003074.8	91.954	174	11	2	1018	1190	10320599	10320770	7.61e-62	241
NC_003076.8:11025317-11027899	NC_003074.8	84.000	250	23	10	19	252	2630248	2630000	7.67e-57	224
NC_003076.8:11025317-11027899	NC_003074.8	83.117	231	19	6	47	260	2630001	2629774	2.16e-47	193
NC_003076.8:11025317-11027899	NC_003074.8	98.925	93	1	0	1661	1753	15485372	15485280	1.31e-39	167
NC_003076.8:11025317-11027899	NC_003074.8	92.857	98	6	1	1661	1758	10575182	10575086	7.94e-32	141
NC_003076.8:11025317-11027899	NC_003074.8	94.318	88	5	0	1661	1748	10556970	10556883	3.70e-30	135
NC_003076.8:11025317-11027899	NC_003074.8	95.122	82	1	2	1110	1190	7995801	7995722	2.22e-27	126
NC_003076.8:11025317-11027899	NC_003074.8	91.489	94	5	2	1097	1190	16451588	16451678	2.22e-27	126
NC_003076.8:11025317-11027899	NC_003074.8	93.902	82	3	2	20	100	18018781	18018861	2.88e-26	122
NC_003076.8:11025317-11027899	NC_003074.8	93.902	82	2	2	1110	1190	17062369	17062290	1.03e-25	121
NC_003076.8:11025317-11027899	NC_003074.8	93.827	81	3	2	21	100	17299939	17299860	1.03e-25	121
NC_003076.8:11025317-11027899	NC_003074.8	92.683	82	6	0	19	100	18412153	18412234	3.72e-25	119
NC_003076.8:11025317-11027899	NC_003074.8	86.486	111	10	5	156	262	11536080	11536189	1.34e-24	117
NC_003076.8:11025317-11027899	NC_003074.8	92.593	81	6	0	20	100	13327434	13327514	1.34e-24	117
NC_003076.8:11025317-11027899	NC_003074.8	86.486	111	10	5	156	262	16173047	16172938	1.34e-24	117
NC_003076.8:11025317-11027899	NC_003074.8	86.486	111	10	5	156	262	17062997	17062888	1.34e-24	117
NC_003076.8:11025317-11027899	NC_003074.8	98.462	65	1	0	19	83	10557347	10557283	4.81e-24	115
NC_003076.8:11025317-11027899	NC_003074.8	90.805	87	7	1	18	104	16419142	16419227	4.81e-24	115
NC_003076.8:11025317-11027899	NC_003074.8	85.586	111	11	5	156	262	17277569	17277460	6.23e-23	111
NC_003076.8:11025317-11027899	NC_003074.8	96.875	64	2	0	20	83	9767629	9767566	8.06e-22	108
NC_003076.8:11025317-11027899	NC_003074.8	96.875	64	2	0	20	83	17729940	17730003	8.06e-22	108
NC_003076.8:11025317-11027899	NC_003074.8	90.123	81	8	0	20	100	11503761	11503681	2.90e-21	106
NC_003076.8:11025317-11027899	NC_003074.8	84.685	111	11	5	156	262	16561899	16562007	2.90e-21	106
NC_003076.8:11025317-11027899	NC_003074.8	94.030	67	3	1	19	84	17776768	17776834	1.35e-19	100
NC_003076.8:11025317-11027899	NC_003074.8	82.883	111	14	5	156	262	9386102	9385993	6.27e-18	95.3
NC_003076.8:11025317-11027899	NC_003075.7	93.429	1187	53	8	20	1190	1002007	1000830	0.0	1736
NC_003076.8:11025317-11027899	NC_003075.7	93.193	1190	56	8	18	1190	10397387	10396206	0.0	1725
NC_003076.8:11025317-11027899	NC_003075.7	92.870	1108	49	12	101	1190	8063691	8064786	0.0	1581
NC_003076.8:11025317-11027899	NC_003075.7	91.115	1193	58	10	16	1190	11360866	11362028	0.0	1572
NC_003076.8:11025317-11027899	NC_003075.7	91.001	1189	58	11	20	1190	5541389	5540232	0.0	1557
NC_003076.8:11025317-11027899	NC_003075.7	90.563	1208	64	11	2	1190	1349565	1350741	0.0	1554
NC_003076.8:11025317-11027899	NC_003075.7	90.909	1188	53	12	20	1190	4146126	4147275	0.0	1544
NC_003076.8:11025317-11027899	NC_003075.7	90.496	1189	50	16	18	1190	8730455	8729314	0.0	1511
NC_003076.8:11025317-11027899	NC_003075.7	94.697	924	45	3	1661	2581	11193196	11192274	0.0	1432
NC_003076.8:11025317-11027899	NC_003075.7	94.703	925	41	5	1661	2580	5540238	5539317	0.0	1430
NC_003076.8:11025317-11027899	NC_003075.7	94.415	931	47	4	1658	2583	8064777	8065707	0.0	1426
NC_003076.8:11025317-11027899	NC_003075.7	94.384	926	46	4	1661	2582	16864184	16863261	0.0	1417
NC_003076.8:11025317-11027899	NC_003075.7	94.289	928	47	5	1658	2581	1350732	1351657	0.0	1415
NC_003076.8:11025317-11027899	NC_003075.7	94.360	922	48	4	1661	2580	8729320	8728401	0.0	1411
NC_003076.8:11025317-11027899	NC_003075.7	94.080	929	49	5	1658	2581	11362019	11362946	0.0	1406
NC_003076.8:11025317-11027899	NC_003075.7	93.622	925	54	4	1661	2581	371710	370787	0.0	1376
NC_003076.8:11025317-11027899	NC_003075.7	92.981	926	47	10	1661	2580	4147269	4148182	0.0	1334
NC_003076.8:11025317-11027899	NC_003075.7	92.942	921	56	5	1661	2578	1000836	999922	0.0	1332
NC_003076.8:11025317-11027899	NC_003075.7	92.649	925	61	7	1661	2580	6166088	6165166	0.0	1325
NC_003076.8:11025317-11027899	NC_003075.7	94.058	791	39	8	1796	2581	683572	684359	0.0	1194
NC_003076.8:11025317-11027899	NC_003075.7	94.171	772	38	6	1815	2580	10396119	10395349	0.0	1170
NC_003076.8:11025317-11027899	NC_003075.7	88.363	971	78	19	17	968	2622010	2621056	0.0	1134
NC_003076.8:11025317-11027899	NC_003075.7	92.029	828	31	5	20	833	16865070	16864264	0.0	1131
NC_003076.8:11025317-11027899	NC_003075.7	92.668	791	33	9	20	793	9842608	9841826	0.0	1116
NC_003076.8:11025317-11027899	NC_003075.7	92.288	791	38	7	19	793	9763815	9763032	0.0	1101
NC_003076.8:11025317-11027899	NC_003075.7	91.967	722	48	8	241	960	314144	313431	0.0	1003
NC_003076.8:11025317-11027899	NC_003075.7	91.172	725	48	11	241	960	7060559	7059846	0.0	970
NC_003076.8:11025317-11027899	NC_003075.7	93.313	658	40	4	1737	2392	965061	964406	0.0	968
NC_003076.8:11025317-11027899	NC_003075.7	91.691	698	47	9	252	945	9438920	9439610	0.0	957
NC_003076.8:11025317-11027899	NC_003075.7	92.181	486	25	11	237	716	6279131	6279609	0.0	675
NC_003076.8:11025317-11027899	NC_003075.7	83.784	481	46	11	1195	1659	2206337	2205873	5.44e-118	427
NC_003076.8:11025317-11027899	NC_003075.7	93.833	227	11	2	965	1190	6166306	6166082	2.62e-91	339
NC_003076.8:11025317-11027899	NC_003075.7	91.304	253	9	2	20	259	7853533	7853281	1.22e-89	333
NC_003076.8:11025317-11027899	NC_003075.7	92.140	229	14	3	962	1190	965643	965419	9.51e-86	320
NC_003076.8:11025317-11027899	NC_003075.7	92.478	226	14	2	965	1190	11193412	11193190	9.51e-86	320
NC_003076.8:11025317-11027899	NC_003075.7	91.630	227	16	2	965	1190	371928	371704	5.72e-83	311
NC_003076.8:11025317-11027899	NC_003075.7	89.069	247	15	6	18	262	6279020	6279256	1.60e-78	296
NC_003076.8:11025317-11027899	NC_003075.7	91.080	213	14	3	2373	2581	8802527	8802738	1.25e-74	283
NC_003076.8:11025317-11027899	NC_003075.7	93.478	184	12	0	965	1148	683371	683554	7.51e-72	274
NC_003076.8:11025317-11027899	NC_003075.7	84.880	291	23	10	1195	1479	2214909	2214634	7.51e-72	274
NC_003076.8:11025317-11027899	NC_003075.7	86.047	258	17	9	20	262	7060698	7060445	2.10e-67	259
NC_003076.8:11025317-11027899	NC_003075.7	91.099	191	14	2	2392	2580	963863	963674	2.72e-66	255
NC_003076.8:11025317-11027899	NC_003075.7	83.860	285	22	10	378	653	3897173	3896904	1.26e-64	250
NC_003076.8:11025317-11027899	NC_003075.7	85.000	260	19	9	20	262	6178448	6178704	1.64e-63	246
NC_003076.8:11025317-11027899	NC_003075.7	84.337	249	20	7	20	252	5354114	5354359	2.13e-57	226
NC_003076.8:11025317-11027899	NC_003075.7	83.534	249	32	9	19	262	314270	314026	7.67e-57	224
NC_003076.8:11025317-11027899	NC_003075.7	94.406	143	5	2	20	162	8063577	8063716	1.28e-54	217
NC_003076.8:11025317-11027899	NC_003075.7	89.032	155	17	0	1505	1659	2214634	2214480	2.16e-47	193
NC_003076.8:11025317-11027899	NC_003075.7	96.429	112	4	0	965	1076	8802284	8802395	3.62e-45	185
NC_003076.8:11025317-11027899	NC_003075.7	100.000	93	0	0	1661	1753	10396212	10396120	2.82e-41	172
NC_003076.8:11025317-11027899	NC_003075.7	96.739	92	3	0	1661	1752	965425	965334	1.02e-35	154
NC_003076.8:11025317-11027899	NC_003075.7	94.382	89	3	1	1102	1190	16864264	16864178	3.70e-30	135
NC_003076.8:11025317-11027899	NC_003075.7	91.579	95	6	1	1984	2076	8802411	8802505	1.72e-28	130
NC_003076.8:11025317-11027899	NC_003075.7	88.119	101	10	2	2	100	683193	683293	3.72e-25	119
NC_003076.8:11025317-11027899	NC_003075.7	92.771	83	4	2	19	100	2520883	2520964	3.72e-25	119
NC_003076.8:11025317-11027899	NC_003075.7	86.486	111	11	4	156	262	2621763	2621653	3.72e-25	119
NC_003076.8:11025317-11027899	NC_003075.7	86.486	111	10	5	156	262	8730207	8730098	1.34e-24	117
NC_003076.8:11025317-11027899	NC_003075.7	86.486	111	10	5	156	262	9842362	9842253	1.34e-24	117
NC_003076.8:11025317-11027899	NC_003075.7	85.586	111	10	6	156	262	4146372	4146480	6.23e-23	111
NC_003076.8:11025317-11027899	NC_003075.7	85.586	111	11	5	156	262	8063856	8063965	6.23e-23	111
NC_003076.8:11025317-11027899	NC_003075.7	96.875	64	2	0	20	83	372086	372023	8.06e-22	108
NC_003076.8:11025317-11027899	NC_003075.7	84.685	111	12	5	156	262	9763568	9763459	2.90e-21	106
NC_003076.8:11025317-11027899	NC_003075.7	88.636	88	9	1	14	100	11193577	11193490	2.90e-21	106
NC_003076.8:11025317-11027899	NC_003075.7	86.000	100	10	4	156	252	11361115	11361213	1.04e-20	104
NC_003076.8:11025317-11027899	NC_003075.7	88.889	81	9	0	20	100	14390988	14390908	1.35e-19	100
NC_003076.8:11025317-11027899	NC_003075.7	91.549	71	4	2	9	78	6166475	6166406	1.74e-18	97.1
NC_003076.8:11025317-11027899	NC_003075.7	97.619	42	1	0	965	1006	14390831	14390790	2.94e-11	73.1
NC_003076.8:11025317-11027899	NC_003071.7	93.266	1188	57	7	19	1190	13266914	13268094	0.0	1729
NC_003076.8:11025317-11027899	NC_003071.7	92.982	1197	61	7	11	1190	6925385	6924195	0.0	1724
NC_003076.8:11025317-11027899	NC_003071.7	93.037	1192	55	11	20	1190	12800994	12802178	0.0	1716
NC_003076.8:11025317-11027899	NC_003071.7	90.993	1188	57	12	20	1190	13338077	13336923	0.0	1555
NC_003076.8:11025317-11027899	NC_003071.7	90.863	1193	61	9	18	1190	17255235	17254071	0.0	1555
NC_003076.8:11025317-11027899	NC_003071.7	90.917	1189	60	18	20	1190	499985	501143	0.0	1554
NC_003076.8:11025317-11027899	NC_003071.7	90.304	1186	53	9	20	1190	13908721	13907583	0.0	1496
NC_003076.8:11025317-11027899	NC_003071.7	89.739	1189	58	15	20	1190	12094425	12093283	0.0	1461
NC_003076.8:11025317-11027899	NC_003071.7	95.038	927	42	3	1658	2580	501134	502060	0.0	1454
NC_003076.8:11025317-11027899	NC_003071.7	89.169	1191	66	22	20	1190	707442	708589	0.0	1426
NC_003076.8:11025317-11027899	NC_003071.7	94.252	922	48	4	1661	2578	13907589	13906669	0.0	1404
NC_003076.8:11025317-11027899	NC_003071.7	91.538	1040	50	10	157	1190	11286987	11285980	0.0	1399
NC_003076.8:11025317-11027899	NC_003071.7	91.522	1038	53	9	156	1190	396505	395500	0.0	1397
NC_003076.8:11025317-11027899	NC_003071.7	93.959	927	51	4	1658	2580	12802169	12803094	0.0	1397
NC_003076.8:11025317-11027899	NC_003071.7	94.041	923	49	5	1663	2582	6663204	6664123	0.0	1395
NC_003076.8:11025317-11027899	NC_003071.7	93.737	926	52	6	1661	2582	395506	394583	0.0	1384
NC_003076.8:11025317-11027899	NC_003071.7	90.883	1053	60	5	19	1055	7154737	7153705	0.0	1380
NC_003076.8:11025317-11027899	NC_003071.7	93.312	927	52	7	1658	2580	13268085	13269005	0.0	1360
NC_003076.8:11025317-11027899	NC_003071.7	93.290	924	56	4	1661	2580	17254079	17253158	0.0	1358
NC_003076.8:11025317-11027899	NC_003071.7	93.326	929	43	9	1658	2581	543252	544166	0.0	1354
NC_003076.8:11025317-11027899	NC_003071.7	93.197	926	53	8	1661	2580	7814323	7813402	0.0	1352
NC_003076.8:11025317-11027899	NC_003071.7	94.045	890	47	5	1661	2546	12093289	12092402	0.0	1345
NC_003076.8:11025317-11027899	NC_003071.7	94.111	883	46	6	1702	2580	13336704	13335824	0.0	1338
NC_003076.8:11025317-11027899	NC_003071.7	93.217	914	53	7	1658	2567	6803473	6804381	0.0	1336
NC_003076.8:11025317-11027899	NC_003071.7	92.857	924	49	5	1661	2580	6924201	6923291	0.0	1325
NC_003076.8:11025317-11027899	NC_003071.7	93.333	900	44	10	1658	2554	14334728	14335614	0.0	1315
NC_003076.8:11025317-11027899	NC_003071.7	92.324	925	63	6	1661	2580	7169151	7168230	0.0	1308
NC_003076.8:11025317-11027899	NC_003071.7	93.426	867	45	7	1724	2581	7960700	7961563	0.0	1275
NC_003076.8:11025317-11027899	NC_003071.7	93.609	845	34	10	19	847	14333784	14334624	0.0	1243
NC_003076.8:11025317-11027899	NC_003071.7	94.043	789	41	5	1796	2580	6101018	6100232	0.0	1192
NC_003076.8:11025317-11027899	NC_003071.7	93.939	792	42	6	1796	2583	7112142	7112931	0.0	1192
NC_003076.8:11025317-11027899	NC_003071.7	92.326	847	39	16	20	847	542308	543147	0.0	1181
NC_003076.8:11025317-11027899	NC_003071.7	94.505	728	35	4	1661	2386	11285986	11285262	0.0	1118
NC_003076.8:11025317-11027899	NC_003071.7	92.659	722	45	6	241	960	12556068	12555353	0.0	1033
NC_003076.8:11025317-11027899	NC_003071.7	92.033	728	46	9	1859	2580	3213046	3212325	0.0	1013
NC_003076.8:11025317-11027899	NC_003071.7	92.264	711	46	7	252	960	5466870	5466167	0.0	1000
NC_003076.8:11025317-11027899	NC_003071.7	91.643	718	50	8	241	955	1460787	1460077	0.0	985
NC_003076.8:11025317-11027899	NC_003071.7	92.352	693	43	7	247	936	10468943	10468258	0.0	977
NC_003076.8:11025317-11027899	NC_003071.7	92.741	675	41	7	1909	2578	709400	710071	0.0	968
NC_003076.8:11025317-11027899	NC_003071.7	92.260	646	43	5	241	884	19196619	19195979	0.0	909
NC_003076.8:11025317-11027899	NC_003071.7	92.348	575	34	7	241	813	6099666	6100232	0.0	809
NC_003076.8:11025317-11027899	NC_003071.7	87.915	662	41	13	233	892	11399245	11398621	0.0	743
NC_003076.8:11025317-11027899	NC_003071.7	93.668	458	26	3	1984	2439	3564666	3565122	0.0	682
NC_003076.8:11025317-11027899	NC_003071.7	96.154	286	10	1	1796	2081	4024560	4024844	1.15e-129	466
NC_003076.8:11025317-11027899	NC_003071.7	93.377	302	18	2	1796	2096	980259	979959	1.50e-123	446
NC_003076.8:11025317-11027899	NC_003071.7	89.504	343	32	4	620	960	6383713	6383373	4.21e-119	431
NC_003076.8:11025317-11027899	NC_003071.7	95.402	261	12	0	1658	1918	708580	708840	1.18e-114	416
NC_003076.8:11025317-11027899	NC_003071.7	93.893	262	11	3	2299	2556	3565124	3565384	7.14e-107	390
NC_003076.8:11025317-11027899	NC_003071.7	94.690	226	12	0	1661	1886	13336929	13336704	3.37e-95	351
NC_003076.8:11025317-11027899	NC_003071.7	92.063	252	13	4	241	490	5843836	5843590	4.36e-94	348
NC_003076.8:11025317-11027899	NC_003071.7	91.593	226	16	2	965	1190	7959949	7960171	2.06e-82	309
NC_003076.8:11025317-11027899	NC_003071.7	90.789	228	13	2	965	1192	7814534	7814315	4.45e-79	298
NC_003076.8:11025317-11027899	NC_003071.7	87.500	256	19	10	18	261	6384056	6383802	1.25e-74	283
NC_003076.8:11025317-11027899	NC_003071.7	94.022	184	11	0	965	1148	4024359	4024542	1.61e-73	279
NC_003076.8:11025317-11027899	NC_003071.7	93.617	188	11	1	965	1152	7111941	7112127	1.61e-73	279
NC_003076.8:11025317-11027899	NC_003071.7	93.855	179	11	0	970	1148	6101214	6101036	9.71e-71	270
NC_003076.8:11025317-11027899	NC_003071.7	92.896	183	13	0	965	1147	980459	980277	1.26e-69	267
NC_003076.8:11025317-11027899	NC_003071.7	86.434	258	18	13	20	262	6099530	6099785	1.26e-69	267
NC_003076.8:11025317-11027899	NC_003071.7	85.985	264	18	7	16	262	19196761	19196500	4.52e-69	265
NC_003076.8:11025317-11027899	NC_003071.7	85.328	259	21	11	20	262	11399377	11399120	3.52e-65	252
NC_003076.8:11025317-11027899	NC_003071.7	84.942	259	20	7	20	261	1460925	1460669	5.88e-63	244
NC_003076.8:11025317-11027899	NC_003071.7	95.455	154	6	1	14	167	11287166	11287014	5.88e-63	244
NC_003076.8:11025317-11027899	NC_003071.7	85.425	247	17	7	32	262	5843961	5843718	2.74e-61	239
NC_003076.8:11025317-11027899	NC_003071.7	92.366	131	6	3	1062	1190	6663080	6663208	1.30e-44	183
NC_003076.8:11025317-11027899	NC_003071.7	94.286	105	6	0	965	1069	3213196	3213092	6.10e-38	161
NC_003076.8:11025317-11027899	NC_003071.7	92.453	106	8	0	965	1070	6661119	6661224	3.67e-35	152
NC_003076.8:11025317-11027899	NC_003071.7	92.045	88	5	2	14	100	4024195	4024281	2.88e-26	122
NC_003076.8:11025317-11027899	NC_003071.7	87.273	110	10	4	156	262	11286893	11286785	2.88e-26	122
NC_003076.8:11025317-11027899	NC_003071.7	92.593	81	6	0	20	100	3213354	3213274	1.34e-24	117
NC_003076.8:11025317-11027899	NC_003071.7	86.486	111	10	5	156	262	12094178	12094069	1.34e-24	117
NC_003076.8:11025317-11027899	NC_003071.7	86.486	111	10	5	156	262	14334031	14334140	1.34e-24	117
NC_003076.8:11025317-11027899	NC_003071.7	92.593	81	5	1	20	100	7111784	7111863	4.81e-24	115
NC_003076.8:11025317-11027899	NC_003071.7	98.438	64	1	0	20	83	2962805	2962742	1.73e-23	113
NC_003076.8:11025317-11027899	NC_003071.7	98.438	64	1	0	20	83	7169524	7169461	1.73e-23	113
NC_003076.8:11025317-11027899	NC_003071.7	86.239	109	9	6	157	262	17254986	17254881	1.73e-23	113
NC_003076.8:11025317-11027899	NC_003071.7	90.588	85	6	2	20	104	3564382	3564464	6.23e-23	111
NC_003076.8:11025317-11027899	NC_003071.7	89.773	88	7	2	18	105	7814693	7814608	6.23e-23	111
NC_003076.8:11025317-11027899	NC_003071.7	85.586	111	11	5	156	262	13908475	13908366	6.23e-23	111
NC_003076.8:11025317-11027899	NC_003071.7	89.130	92	5	3	1102	1190	543172	543261	2.24e-22	110
NC_003076.8:11025317-11027899	NC_003071.7	85.455	110	11	5	156	262	707687	707794	2.24e-22	110
NC_003076.8:11025317-11027899	NC_003071.7	89.130	92	4	4	1102	1190	14334649	14334737	2.24e-22	110
NC_003076.8:11025317-11027899	NC_003071.7	90.123	81	8	0	20	100	980617	980537	2.90e-21	106
NC_003076.8:11025317-11027899	NC_003071.7	83.784	111	13	5	156	262	396409	396300	1.35e-19	100
