NC_003070.9:19465089-19466975	NC_003070.9	100.000	1887	0	0	1	1887	19466975	19465089	0.0	3485
NC_003070.9:19465089-19466975	NC_003070.9	98.818	1862	18	3	27	1886	16325444	16327303	0.0	3314
NC_003070.9:19465089-19466975	NC_003070.9	97.207	1862	44	7	27	1887	23213666	23215520	0.0	3144
NC_003070.9:19465089-19466975	NC_003070.9	97.106	1866	42	10	27	1887	12364135	12365993	0.0	3136
NC_003070.9:19465089-19466975	NC_003070.9	96.788	1868	45	10	23	1886	16824514	16826370	0.0	3103
NC_003070.9:19465089-19466975	NC_003070.9	96.302	1866	54	13	26	1887	12564082	12562228	0.0	3049
NC_003070.9:19465089-19466975	NC_003070.9	93.347	1007	45	8	895	1886	11700728	11701727	0.0	1469
NC_003070.9:19465089-19466975	NC_003070.9	93.234	1005	46	7	895	1886	15940183	15941178	0.0	1459
NC_003070.9:19465089-19466975	NC_003070.9	93.293	999	50	4	902	1887	4786262	4787256	0.0	1458
NC_003070.9:19465089-19466975	NC_003070.9	92.885	1012	51	6	892	1887	7036285	7037291	0.0	1450
NC_003070.9:19465089-19466975	NC_003070.9	93.166	995	51	6	905	1887	19994669	19993680	0.0	1445
NC_003070.9:19465089-19466975	NC_003070.9	93.401	985	45	11	895	1864	8115842	8116821	0.0	1441
NC_003070.9:19465089-19466975	NC_003070.9	92.942	1006	46	8	895	1886	13059902	13060896	0.0	1441
NC_003070.9:19465089-19466975	NC_003070.9	92.900	1000	52	7	902	1886	19768985	19767990	0.0	1435
NC_003070.9:19465089-19466975	NC_003070.9	92.560	1008	51	9	895	1886	16904865	16905864	0.0	1424
NC_003070.9:19465089-19466975	NC_003070.9	92.879	997	38	9	905	1886	26170373	26169395	0.0	1417
NC_003070.9:19465089-19466975	NC_003070.9	92.369	1009	54	7	892	1887	22451008	22452006	0.0	1415
NC_003070.9:19465089-19466975	NC_003070.9	91.650	1006	54	11	895	1886	3413851	3414840	0.0	1365
NC_003070.9:19465089-19466975	NC_003070.9	91.968	996	47	10	905	1886	13016827	13015851	0.0	1365
NC_003070.9:19465089-19466975	NC_003070.9	91.477	1009	63	9	895	1887	18791864	18792865	0.0	1365
NC_003070.9:19465089-19466975	NC_003070.9	95.745	846	27	6	27	867	26171480	26170639	0.0	1354
NC_003070.9:19465089-19466975	NC_003070.9	91.153	1006	59	10	895	1886	28161333	28162322	0.0	1338
NC_003070.9:19465089-19466975	NC_003070.9	94.394	874	36	11	1	869	7035167	7036032	0.0	1330
NC_003070.9:19465089-19466975	NC_003070.9	90.855	1006	58	10	895	1887	9817291	9818275	0.0	1317
NC_003070.9:19465089-19466975	NC_003070.9	94.342	866	36	11	26	887	17899862	17900718	0.0	1315
NC_003070.9:19465089-19466975	NC_003070.9	90.782	998	56	6	905	1887	9866319	9865343	0.0	1301
NC_003070.9:19465089-19466975	NC_003070.9	90.575	1008	56	8	895	1887	17900960	17901943	0.0	1299
NC_003070.9:19465089-19466975	NC_003070.9	94.464	849	21	9	23	867	30253110	30252284	0.0	1284
NC_003070.9:19465089-19466975	NC_003070.9	94.504	837	33	7	31	865	19329256	19328431	0.0	1279
NC_003070.9:19465089-19466975	NC_003070.9	94.585	831	37	6	40	867	30255510	30254685	0.0	1279
NC_003070.9:19465089-19466975	NC_003070.9	94.320	845	22	9	27	867	12330053	12329231	0.0	1271
NC_003070.9:19465089-19466975	NC_003070.9	93.993	849	29	11	24	867	9867417	9866586	0.0	1266
NC_003070.9:19465089-19466975	NC_003070.9	94.111	849	23	13	23	867	11699694	11700519	0.0	1266
NC_003070.9:19465089-19466975	NC_003070.9	93.735	846	29	7	25	867	13058821	13059645	0.0	1247
NC_003070.9:19465089-19466975	NC_003070.9	93.357	858	28	12	15	867	19995746	19994913	0.0	1242
NC_003070.9:19465089-19466975	NC_003070.9	93.609	845	29	7	27	867	19061965	19062788	0.0	1238
NC_003070.9:19465089-19466975	NC_003070.9	93.617	846	26	11	27	867	22994060	22993238	0.0	1238
NC_003070.9:19465089-19466975	NC_003070.9	92.605	879	33	15	27	899	11737393	11736541	0.0	1234
NC_003070.9:19465089-19466975	NC_003070.9	93.404	849	28	13	24	867	8114767	8115592	0.0	1232
NC_003070.9:19465089-19466975	NC_003070.9	93.373	845	31	7	27	867	9816210	9817033	0.0	1227
NC_003070.9:19465089-19466975	NC_003070.9	93.112	813	24	9	868	1666	30254445	30253651	0.0	1162
NC_003070.9:19465089-19466975	NC_003070.9	91.686	854	35	11	27	867	22449931	22450761	0.0	1151
NC_003070.9:19465089-19466975	NC_003070.9	91.834	845	31	9	27	867	501372	500562	0.0	1144
NC_003070.9:19465089-19466975	NC_003070.9	92.643	802	42	3	1099	1886	19063794	19064592	0.0	1138
NC_003070.9:19465089-19466975	NC_003070.9	92.686	793	40	5	1108	1887	23876482	23877269	0.0	1127
NC_003070.9:19465089-19466975	NC_003070.9	91.145	847	38	17	27	867	16903800	16904615	0.0	1114
NC_003070.9:19465089-19466975	NC_003070.9	91.336	831	31	11	27	853	4785461	4786254	0.0	1098
NC_003070.9:19465089-19466975	NC_003070.9	89.988	859	58	21	27	867	16806989	16807837	0.0	1085
NC_003070.9:19465089-19466975	NC_003070.9	91.580	772	45	8	1128	1886	19328001	19327237	0.0	1048
NC_003070.9:19465089-19466975	NC_003070.9	89.123	855	60	21	21	857	16806144	16806983	0.0	1033
NC_003070.9:19465089-19466975	NC_003070.9	89.269	848	57	24	26	856	13262204	13261374	0.0	1031
NC_003070.9:19465089-19466975	NC_003070.9	90.254	749	40	12	905	1626	11736326	11735584	0.0	948
NC_003070.9:19465089-19466975	NC_003070.9	95.017	602	25	4	902	1502	16998240	16997643	0.0	941
NC_003070.9:19465089-19466975	NC_003070.9	94.196	603	30	4	902	1502	12876627	12876028	0.0	915
NC_003070.9:19465089-19466975	NC_003070.9	93.596	609	30	8	262	867	17552860	17552258	0.0	900
NC_003070.9:19465089-19466975	NC_003070.9	92.787	610	35	8	262	867	1977027	1976423	0.0	874
NC_003070.9:19465089-19466975	NC_003070.9	90.895	659	44	15	262	913	2235029	2234380	0.0	870
NC_003070.9:19465089-19466975	NC_003070.9	92.611	609	37	7	262	867	14299705	14299102	0.0	869
NC_003070.9:19465089-19466975	NC_003070.9	92.282	609	37	9	262	867	29320592	29319991	0.0	856
NC_003070.9:19465089-19466975	NC_003070.9	91.803	610	39	10	262	867	6736003	6736605	0.0	839
NC_003070.9:19465089-19466975	NC_003070.9	91.776	608	39	10	273	877	8291436	8290837	0.0	835
NC_003070.9:19465089-19466975	NC_003070.9	90.572	647	36	9	1262	1887	14309405	14308763	0.0	833
NC_003070.9:19465089-19466975	NC_003070.9	91.987	599	37	9	273	867	19085234	19085825	0.0	830
NC_003070.9:19465089-19466975	NC_003070.9	91.987	599	35	11	273	867	19173667	19173078	0.0	828
NC_003070.9:19465089-19466975	NC_003070.9	91.340	612	37	15	262	867	17368	17969	0.0	822
NC_003070.9:19465089-19466975	NC_003070.9	92.599	581	19	10	291	867	19062922	19063482	0.0	813
NC_003070.9:19465089-19466975	NC_003070.9	91.681	601	24	8	1301	1887	499960	499372	0.0	809
NC_003070.9:19465089-19466975	NC_003070.9	90.954	608	43	10	262	864	3074585	3073985	0.0	808
NC_003070.9:19465089-19466975	NC_003070.9	90.803	598	38	12	273	867	12855858	12855275	0.0	784
NC_003070.9:19465089-19466975	NC_003070.9	95.671	462	17	3	27	486	15939323	15939783	0.0	739
NC_003070.9:19465089-19466975	NC_003070.9	95.117	471	18	5	27	495	22622305	22621838	0.0	737
NC_003070.9:19465089-19466975	NC_003070.9	91.713	543	26	5	1360	1887	8489951	8489413	0.0	736
NC_003070.9:19465089-19466975	NC_003070.9	88.438	640	34	21	262	867	18746910	18746277	0.0	736
NC_003070.9:19465089-19466975	NC_003070.9	92.293	519	26	10	1374	1886	18790338	18790848	0.0	725
NC_003070.9:19465089-19466975	NC_003070.9	91.176	544	29	6	1360	1887	25963004	25962464	0.0	721
NC_003070.9:19465089-19466975	NC_003070.9	90.642	545	19	14	364	902	13017571	13017053	0.0	695
NC_003070.9:19465089-19466975	NC_003070.9	95.610	410	15	3	27	435	18790927	18791334	0.0	654
NC_003070.9:19465089-19466975	NC_003070.9	94.207	397	20	2	1490	1886	23554184	23553791	6.14e-171	603
NC_003070.9:19465089-19466975	NC_003070.9	93.275	342	21	2	905	1245	500304	499964	6.40e-141	503
NC_003070.9:19465089-19466975	NC_003070.9	94.463	307	14	3	562	867	23174140	23174444	6.49e-131	470
NC_003070.9:19465089-19466975	NC_003070.9	94.079	304	16	2	1108	1410	22992366	22992064	3.91e-128	460
NC_003070.9:19465089-19466975	NC_003070.9	94.521	292	14	2	1108	1398	22621025	22620735	8.46e-125	449
NC_003070.9:19465089-19466975	NC_003070.9	93.092	304	19	2	1108	1410	30251412	30251110	3.94e-123	444
NC_003070.9:19465089-19466975	NC_003070.9	93.750	288	17	1	1108	1395	12328360	12328074	3.06e-119	431
NC_003070.9:19465089-19466975	NC_003070.9	91.159	328	9	4	542	867	18791324	18791633	3.96e-118	427
NC_003070.9:19465089-19466975	NC_003070.9	96.094	256	9	1	27	282	25963257	25963003	8.58e-115	416
NC_003070.9:19465089-19466975	NC_003070.9	96.063	254	9	1	27	280	23554439	23554187	1.11e-113	412
NC_003070.9:19465089-19466975	NC_003070.9	97.107	242	5	2	27	268	3910601	3910362	5.16e-112	407
NC_003070.9:19465089-19466975	NC_003070.9	93.103	261	9	5	902	1160	12328968	12328715	5.24e-102	374
NC_003070.9:19465089-19466975	NC_003070.9	96.413	223	8	0	1664	1886	30253364	30253142	2.44e-100	368
NC_003070.9:19465089-19466975	NC_003070.9	91.954	261	12	5	902	1160	22621634	22621381	5.27e-97	357
NC_003070.9:19465089-19466975	NC_003070.9	91.954	261	12	5	902	1160	22992975	22992722	5.27e-97	357
NC_003070.9:19465089-19466975	NC_003070.9	91.288	264	17	6	23	283	2235170	2234910	1.90e-96	355
NC_003070.9:19465089-19466975	NC_003070.9	91.288	264	17	6	23	283	17553001	17552741	1.90e-96	355
NC_003070.9:19465089-19466975	NC_003070.9	92.188	256	9	2	27	282	8490194	8489950	2.45e-95	351
NC_003070.9:19465089-19466975	NC_003070.9	91.571	261	13	5	902	1160	30252021	30251768	2.45e-95	351
NC_003070.9:19465089-19466975	NC_003070.9	90.840	262	19	5	25	283	18747050	18746791	1.14e-93	346
NC_003070.9:19465089-19466975	NC_003070.9	90.734	259	17	7	27	283	14299842	14299589	1.91e-91	339
NC_003070.9:19465089-19466975	NC_003070.9	89.960	249	22	3	27	273	3074944	3074697	2.49e-85	318
NC_003070.9:19465089-19466975	NC_003070.9	98.693	153	2	0	715	867	15939781	15939933	1.97e-71	272
NC_003070.9:19465089-19466975	NC_003070.9	86.154	260	17	6	27	283	19085099	19085342	1.18e-68	263
NC_003070.9:19465089-19466975	NC_003070.9	85.385	260	17	8	27	283	19173802	19173561	9.21e-65	250
NC_003070.9:19465089-19466975	NC_003070.9	92.353	170	12	1	900	1069	19328168	19328000	5.54e-62	241
NC_003070.9:19465089-19466975	NC_003070.9	84.556	259	20	9	27	283	12855993	12855753	1.99e-61	239
NC_003070.9:19465089-19466975	NC_003070.9	96.032	126	4	1	1763	1887	22992056	22991931	7.27e-51	204
NC_003070.9:19465089-19466975	NC_003070.9	82.427	239	33	8	1652	1887	30251209	30250977	9.41e-50	200
NC_003070.9:19465089-19466975	NC_003070.9	95.238	126	5	1	1763	1887	12328051	12327926	3.38e-49	198
NC_003070.9:19465089-19466975	NC_003070.9	95.238	126	5	1	1763	1887	22620714	22620589	3.38e-49	198
NC_003070.9:19465089-19466975	NC_003070.9	94.643	112	5	1	262	373	17148	17258	2.05e-41	172
NC_003070.9:19465089-19466975	NC_003070.9	93.750	112	6	1	262	373	3074805	3074695	9.54e-40	167
NC_003070.9:19465089-19466975	NC_003070.9	86.822	129	13	4	1762	1886	21739204	21739076	5.78e-32	141
NC_003070.9:19465089-19466975	NC_003070.9	86.614	127	15	2	1762	1886	4770241	4770115	2.08e-31	139
NC_003070.9:19465089-19466975	NC_003070.9	85.938	128	14	4	1762	1886	10021540	10021414	9.68e-30	134
NC_003070.9:19465089-19466975	NC_003070.9	84.252	127	18	2	1762	1886	9918579	9918453	2.09e-26	122
NC_003070.9:19465089-19466975	NC_003070.9	83.333	126	16	5	1765	1886	20166795	20166671	4.53e-23	111
NC_003070.9:19465089-19466975	NC_003070.9	89.655	87	8	1	22	107	30251774	30251688	1.63e-22	110
NC_003070.9:19465089-19466975	NC_003070.9	89.412	85	9	0	23	107	18790099	18790183	5.86e-22	108
NC_003070.9:19465089-19466975	NC_003070.9	90.244	82	6	2	27	107	12876928	12876848	2.11e-21	106
NC_003070.9:19465089-19466975	NC_003070.9	90.123	81	8	0	27	107	16998955	16998875	2.11e-21	106
NC_003070.9:19465089-19466975	NC_003070.9	88.506	87	8	2	22	107	12328721	12328636	7.59e-21	104
NC_003070.9:19465089-19466975	NC_003070.9	82.540	126	15	5	1762	1886	16858751	16858632	7.59e-21	104
NC_003070.9:19465089-19466975	NC_003070.9	88.372	86	8	2	23	107	3413549	3413633	2.73e-20	102
NC_003070.9:19465089-19466975	NC_003070.9	88.235	85	8	2	24	107	19724752	19724835	9.81e-20	100
NC_003070.9:19465089-19466975	NC_003070.9	89.024	82	8	1	30	111	19769830	19769750	9.81e-20	100
NC_003070.9:19465089-19466975	NC_003070.9	82.258	124	15	5	1762	1884	26307386	26307503	9.81e-20	100
NC_003070.9:19465089-19466975	NC_003070.9	87.209	86	8	3	30	115	22621378	22621296	4.57e-18	95.3
NC_003070.9:19465089-19466975	NC_003070.9	100.000	36	0	0	868	903	8115824	8115859	9.95e-10	67.6
NC_003070.9:19465089-19466975	NC_003070.9	100.000	36	0	0	868	903	11700710	11700745	9.95e-10	67.6
NC_003070.9:19465089-19466975	NC_003070.9	100.000	36	0	0	868	903	19994695	19994660	9.95e-10	67.6
NC_003070.9:19465089-19466975	NC_003070.9	100.000	36	0	0	868	903	26170399	26170364	9.95e-10	67.6
NC_003070.9:19465089-19466975	NC_003070.9	97.368	38	1	0	905	942	12328410	12328373	3.58e-09	65.8
NC_003070.9:19465089-19466975	NC_003070.9	97.368	38	1	0	905	942	22621075	22621038	3.58e-09	65.8
NC_003070.9:19465089-19466975	NC_003070.9	97.368	38	1	0	905	942	22992416	22992379	3.58e-09	65.8
NC_003070.9:19465089-19466975	NC_003070.9	97.368	38	1	0	902	939	23876429	23876466	3.58e-09	65.8
NC_003070.9:19465089-19466975	NC_003070.9	100.000	35	0	0	905	939	30251462	30251428	3.58e-09	65.8
NC_003070.9:19465089-19466975	NC_003070.9	85.185	54	8	0	1834	1887	21103407	21103354	2.15e-06	56.5
NC_003070.9:19465089-19466975	NC_003071.7	98.818	1861	20	2	27	1887	542308	544166	0.0	3314
NC_003070.9:19465089-19466975	NC_003071.7	96.627	1838	50	9	27	1860	14333785	14335614	0.0	3040
NC_003070.9:19465089-19466975	NC_003071.7	93.545	1007	45	6	895	1886	501059	502060	0.0	1482
NC_003070.9:19465089-19466975	NC_003071.7	93.426	1004	45	8	895	1886	13268011	13269005	0.0	1469
NC_003070.9:19465089-19466975	NC_003071.7	92.857	1008	49	14	895	1887	6663123	6664122	0.0	1441
NC_003070.9:19465089-19466975	NC_003071.7	93.273	996	37	6	905	1886	6924270	6923291	0.0	1441
NC_003070.9:19465089-19466975	NC_003071.7	93.051	993	52	5	905	1884	13907657	13906669	0.0	1435
NC_003070.9:19465089-19466975	NC_003071.7	92.786	998	50	9	905	1887	395574	394584	0.0	1424
NC_003070.9:19465089-19466975	NC_003071.7	92.545	1006	55	5	895	1886	12802095	12803094	0.0	1424
NC_003070.9:19465089-19466975	NC_003071.7	91.976	997	59	7	905	1886	7814392	7813402	0.0	1378
NC_003070.9:19465089-19466975	NC_003071.7	91.960	995	62	5	905	1886	17254147	17253158	0.0	1378
NC_003070.9:19465089-19466975	NC_003071.7	91.767	996	62	13	905	1886	7169219	7168230	0.0	1367
NC_003070.9:19465089-19466975	NC_003071.7	95.412	850	30	6	23	867	6925381	6924536	0.0	1345
NC_003070.9:19465089-19466975	NC_003071.7	91.988	961	59	4	905	1852	12093357	12092402	0.0	1332
NC_003070.9:19465089-19466975	NC_003071.7	95.148	845	31	8	27	867	13266915	13267753	0.0	1325
NC_003070.9:19465089-19466975	NC_003071.7	95.030	845	33	8	27	867	12800994	12801833	0.0	1319
NC_003070.9:19465089-19466975	NC_003071.7	91.615	966	57	10	923	1873	6803425	6804381	0.0	1314
NC_003070.9:19465089-19466975	NC_003071.7	92.542	885	48	4	1016	1886	13336704	13335824	0.0	1253
NC_003070.9:19465089-19466975	NC_003071.7	93.435	853	27	11	19	867	13908727	13907900	0.0	1238
NC_003070.9:19465089-19466975	NC_003071.7	93.491	845	30	7	27	867	7154736	7153913	0.0	1232
NC_003070.9:19465089-19466975	NC_003071.7	93.099	855	29	12	19	867	499979	500809	0.0	1225
NC_003070.9:19465089-19466975	NC_003071.7	93.168	849	30	7	27	867	17255233	17254405	0.0	1221
NC_003070.9:19465089-19466975	NC_003071.7	93.034	847	32	9	27	867	12094425	12093600	0.0	1212
NC_003070.9:19465089-19466975	NC_003071.7	93.026	846	31	9	27	867	13338077	13337255	0.0	1210
NC_003070.9:19465089-19466975	NC_003071.7	92.317	846	37	9	26	865	707441	708264	0.0	1177
NC_003070.9:19465089-19466975	NC_003071.7	91.160	871	49	9	1038	1887	7960700	7961563	0.0	1157
NC_003070.9:19465089-19466975	NC_003071.7	93.125	800	36	6	905	1690	11286056	11285262	0.0	1155
NC_003070.9:19465089-19466975	NC_003071.7	93.056	792	39	4	1108	1886	6101020	6100232	0.0	1144
NC_003070.9:19465089-19466975	NC_003071.7	92.938	793	40	4	1108	1887	7112140	7112929	0.0	1140
NC_003070.9:19465089-19466975	NC_003071.7	90.460	870	32	11	27	867	11287161	11286314	0.0	1099
NC_003070.9:19465089-19466975	NC_003071.7	91.914	742	34	7	130	867	396551	395832	0.0	1014
NC_003070.9:19465089-19466975	NC_003071.7	90.629	747	44	12	1156	1886	3213061	3212325	0.0	968
NC_003070.9:19465089-19466975	NC_003071.7	94.426	610	24	10	262	867	12556068	12555465	0.0	929
NC_003070.9:19465089-19466975	NC_003071.7	91.740	678	34	8	1223	1884	709400	710071	0.0	922
NC_003070.9:19465089-19466975	NC_003071.7	93.212	604	31	8	268	867	10468943	10468346	0.0	880
NC_003070.9:19465089-19466975	NC_003071.7	92.977	598	33	8	273	867	5466870	5466279	0.0	863
NC_003070.9:19465089-19466975	NC_003071.7	90.951	652	44	14	262	907	19196619	19195977	0.0	863
NC_003070.9:19465089-19466975	NC_003071.7	92.308	611	35	10	262	867	1460787	1460184	0.0	857
NC_003070.9:19465089-19466975	NC_003071.7	93.043	575	29	10	262	833	6099666	6100232	0.0	830
NC_003070.9:19465089-19466975	NC_003071.7	89.198	611	31	10	258	867	11399241	11398665	0.0	730
NC_003070.9:19465089-19466975	NC_003071.7	90.889	461	23	5	1298	1743	3564666	3565122	2.21e-170	601
NC_003070.9:19465089-19466975	NC_003071.7	93.114	334	22	1	900	1232	708507	708840	1.79e-136	488
NC_003070.9:19465089-19466975	NC_003071.7	95.486	288	12	1	1108	1395	4024558	4024844	1.41e-127	459
NC_003070.9:19465089-19466975	NC_003071.7	93.092	304	19	2	1108	1410	980261	979959	3.94e-123	444
NC_003070.9:19465089-19466975	NC_003071.7	92.517	294	18	3	905	1197	13336997	13336707	2.39e-115	418
NC_003070.9:19465089-19466975	NC_003071.7	92.620	271	20	0	1616	1886	2962564	2962294	5.20e-107	390
NC_003070.9:19465089-19466975	NC_003071.7	94.118	255	15	0	1602	1856	3565124	3565378	1.87e-106	388
NC_003070.9:19465089-19466975	NC_003071.7	90.071	282	20	7	5	283	19196776	19196500	1.47e-97	359
NC_003070.9:19465089-19466975	NC_003071.7	91.538	260	15	6	27	283	6099530	6099785	2.45e-95	351
NC_003070.9:19465089-19466975	NC_003071.7	91.120	259	20	3	27	283	11399377	11399120	3.17e-94	348
NC_003070.9:19465089-19466975	NC_003071.7	91.120	259	18	5	27	282	1460925	1460669	1.14e-93	346
NC_003070.9:19465089-19466975	NC_003071.7	92.827	237	11	4	262	495	5843836	5843603	1.91e-91	339
NC_003070.9:19465089-19466975	NC_003071.7	93.363	226	11	4	264	487	6383918	6383695	3.20e-89	331
NC_003070.9:19465089-19466975	NC_003071.7	89.189	259	19	5	27	282	6384054	6383802	3.22e-84	315
NC_003070.9:19465089-19466975	NC_003071.7	93.780	209	11	2	660	867	6383692	6383485	1.16e-83	313
NC_003070.9:19465089-19466975	NC_003071.7	94.340	159	9	0	1728	1886	11285273	11285115	4.28e-63	244
NC_003070.9:19465089-19466975	NC_003071.7	94.667	150	6	2	262	411	6084229	6084376	3.34e-59	231
NC_003070.9:19465089-19466975	NC_003071.7	93.651	126	6	2	1763	1887	4024867	4024991	7.32e-46	187
NC_003070.9:19465089-19466975	NC_003071.7	87.500	128	12	4	1762	1886	1038175	1038049	4.47e-33	145
NC_003070.9:19465089-19466975	NC_003071.7	87.500	128	12	3	1762	1886	13102234	13102360	4.47e-33	145
NC_003070.9:19465089-19466975	NC_003071.7	87.500	128	13	3	1762	1886	19623519	19623646	4.47e-33	145
NC_003070.9:19465089-19466975	NC_003071.7	86.822	129	13	4	1763	1887	2139258	2139386	5.78e-32	141
NC_003070.9:19465089-19466975	NC_003071.7	92.079	101	6	2	900	1000	7960092	7960190	5.78e-32	141
NC_003070.9:19465089-19466975	NC_003071.7	85.714	133	12	5	1762	1887	15134641	15134773	9.68e-30	134
NC_003070.9:19465089-19466975	NC_003071.7	85.156	128	16	3	1762	1886	6206722	6206595	4.50e-28	128
NC_003070.9:19465089-19466975	NC_003071.7	89.362	94	7	3	15	107	3213365	3213274	3.50e-24	115
NC_003070.9:19465089-19466975	NC_003071.7	83.594	128	16	4	1762	1886	7340817	7340942	3.50e-24	115
NC_003070.9:19465089-19466975	NC_003071.7	91.358	81	7	0	27	107	980617	980537	4.53e-23	111
NC_003070.9:19465089-19466975	NC_003071.7	90.588	85	6	2	23	107	7111781	7111863	4.53e-23	111
NC_003070.9:19465089-19466975	NC_003071.7	82.353	136	16	7	27	157	7814691	7814559	4.53e-23	111
NC_003070.9:19465089-19466975	NC_003071.7	83.465	127	14	5	1762	1887	8907877	8907997	4.53e-23	111
NC_003070.9:19465089-19466975	NC_003071.7	89.011	91	5	5	26	115	2962806	2962720	5.86e-22	108
NC_003070.9:19465089-19466975	NC_003071.7	90.244	82	8	0	26	107	4024200	4024281	5.86e-22	108
NC_003070.9:19465089-19466975	NC_003071.7	89.412	85	7	2	27	111	3564382	3564464	2.11e-21	106
NC_003070.9:19465089-19466975	NC_003071.7	91.026	78	5	2	27	103	7169524	7169448	7.59e-21	104
NC_003070.9:19465089-19466975	NC_003071.7	88.506	87	6	3	1802	1887	9585273	9585356	2.73e-20	102
NC_003070.9:19465089-19466975	NC_003071.7	90.769	65	6	0	43	107	7959807	7959871	7.64e-16	87.9
NC_003070.9:19465089-19466975	NC_003071.7	100.000	36	0	0	868	903	4024481	4024516	9.95e-10	67.6
NC_003070.9:19465089-19466975	NC_003071.7	92.000	50	1	2	895	944	4024499	4024545	9.95e-10	67.6
NC_003070.9:19465089-19466975	NC_003071.7	100.000	36	0	0	868	903	6924296	6924261	9.95e-10	67.6
NC_003070.9:19465089-19466975	NC_003071.7	100.000	36	0	0	868	903	13267993	13268028	9.95e-10	67.6
NC_003070.9:19465089-19466975	NC_003071.7	100.000	36	0	0	868	903	13907683	13907648	9.95e-10	67.6
NC_003070.9:19465089-19466975	NC_003071.7	89.583	48	5	0	1839	1886	7177637	7177590	4.63e-08	62.1
NC_003070.9:19465089-19466975	NC_003074.8	96.139	1865	48	13	26	1886	17063230	17061386	0.0	3024
NC_003070.9:19465089-19466975	NC_003074.8	96.203	1317	33	6	573	1886	7996131	7994829	0.0	2139
NC_003070.9:19465089-19466975	NC_003074.8	93.273	996	50	4	905	1887	17276733	17275742	0.0	1452
NC_003070.9:19465089-19466975	NC_003074.8	92.560	1008	42	8	892	1886	16451593	16452580	0.0	1415
NC_003070.9:19465089-19466975	NC_003074.8	92.555	994	52	6	905	1884	17730245	17731230	0.0	1406
NC_003070.9:19465089-19466975	NC_003074.8	92.048	1006	60	14	895	1887	17777068	17778066	0.0	1397
NC_003070.9:19465089-19466975	NC_003074.8	92.071	1009	46	14	905	1886	17143448	17142447	0.0	1389
NC_003070.9:19465089-19466975	NC_003074.8	91.700	1012	60	9	895	1887	15938366	15939372	0.0	1382
NC_003070.9:19465089-19466975	NC_003074.8	91.841	1005	57	8	895	1886	20787455	20788447	0.0	1378
NC_003070.9:19465089-19466975	NC_003074.8	92.355	981	49	15	905	1864	10820338	10819363	0.0	1373
NC_003070.9:19465089-19466975	NC_003074.8	91.494	1011	58	10	892	1887	22119661	22120658	0.0	1365
NC_003070.9:19465089-19466975	NC_003074.8	95.165	848	29	11	27	867	10821446	10820604	0.0	1328
NC_003070.9:19465089-19466975	NC_003074.8	91.055	995	52	9	905	1886	9767327	9766357	0.0	1310
NC_003070.9:19465089-19466975	NC_003074.8	90.370	1028	51	18	892	1884	16419438	16420452	0.0	1306
NC_003070.9:19465089-19466975	NC_003074.8	90.863	996	56	9	895	1863	11536890	11537877	0.0	1303
NC_003070.9:19465089-19466975	NC_003074.8	90.663	996	48	7	905	1887	15452417	15451454	0.0	1282
NC_003070.9:19465089-19466975	NC_003074.8	94.222	848	23	9	24	867	15937283	15938108	0.0	1271
NC_003070.9:19465089-19466975	NC_003074.8	93.964	845	25	13	27	867	17301278	17300456	0.0	1254
NC_003070.9:19465089-19466975	NC_003074.8	89.693	1009	59	17	895	1887	16562609	16563588	0.0	1245
NC_003070.9:19465089-19466975	NC_003074.8	93.018	845	32	9	27	867	20786399	20787220	0.0	1208
NC_003070.9:19465089-19466975	NC_003074.8	93.018	845	22	11	27	867	11535844	11536655	0.0	1199
NC_003070.9:19465089-19466975	NC_003074.8	94.199	793	30	3	1108	1886	18412509	18413299	0.0	1195
NC_003070.9:19465089-19466975	NC_003074.8	92.671	846	35	9	27	867	17277814	17276991	0.0	1194
NC_003070.9:19465089-19466975	NC_003074.8	92.353	850	37	11	23	867	5745927	5745101	0.0	1184
NC_003070.9:19465089-19466975	NC_003074.8	93.703	794	33	5	1108	1886	18019136	18019927	0.0	1173
NC_003070.9:19465089-19466975	NC_003074.8	92.118	850	35	12	6	850	9386363	9385541	0.0	1170
NC_003070.9:19465089-19466975	NC_003074.8	92.539	831	35	9	27	853	16450786	16451593	0.0	1166
NC_003070.9:19465089-19466975	NC_003074.8	91.402	849	32	15	23	867	17144494	17143683	0.0	1125
NC_003070.9:19465089-19466975	NC_003074.8	92.462	796	39	7	1108	1886	13327791	13328582	0.0	1118
NC_003070.9:19465089-19466975	NC_003074.8	91.562	794	50	5	1108	1887	3965358	3966148	0.0	1079
NC_003070.9:19465089-19466975	NC_003074.8	90.284	844	37	16	27	867	22118613	22119414	0.0	1062
NC_003070.9:19465089-19466975	NC_003074.8	92.215	745	41	3	1156	1887	10556871	10556131	0.0	1038
NC_003070.9:19465089-19466975	NC_003074.8	90.992	766	38	11	905	1656	11503455	11502707	0.0	1003
NC_003070.9:19465089-19466975	NC_003074.8	90.815	773	36	10	1129	1887	15485279	15484528	0.0	1002
NC_003070.9:19465089-19466975	NC_003074.8	91.421	746	38	9	1156	1887	10575083	10574350	0.0	1000
NC_003070.9:19465089-19466975	NC_003074.8	93.205	677	35	9	195	867	18746356	18747025	0.0	985
NC_003070.9:19465089-19466975	NC_003074.8	91.086	718	41	14	167	867	9890146	9890857	0.0	950
NC_003070.9:19465089-19466975	NC_003074.8	94.417	609	28	5	895	1502	10320686	10321289	0.0	931
NC_003070.9:19465089-19466975	NC_003074.8	92.769	650	30	8	1250	1887	5744486	5743842	0.0	924
NC_003070.9:19465089-19466975	NC_003074.8	93.607	610	30	7	262	867	16879943	16880547	0.0	902
NC_003070.9:19465089-19466975	NC_003074.8	93.092	608	33	6	262	867	20485002	20484402	0.0	881
NC_003070.9:19465089-19466975	NC_003074.8	93.081	607	32	6	262	867	5622169	5622766	0.0	880
NC_003070.9:19465089-19466975	NC_003074.8	92.623	610	34	10	262	867	9559544	9558942	0.0	867
NC_003070.9:19465089-19466975	NC_003074.8	92.097	620	28	5	1282	1887	9384377	9383765	0.0	854
NC_003070.9:19465089-19466975	NC_003074.8	95.472	530	16	5	14	540	7996648	7996124	0.0	839
NC_003070.9:19465089-19466975	NC_003074.8	91.326	611	41	9	262	867	1371038	1370435	0.0	824
NC_003070.9:19465089-19466975	NC_003074.8	90.984	610	43	11	262	867	2629888	2629287	0.0	811
NC_003070.9:19465089-19466975	NC_003074.8	90.575	626	30	12	253	867	16173067	16172460	0.0	802
NC_003070.9:19465089-19466975	NC_003074.8	89.855	621	41	17	262	867	3716481	3717094	0.0	778
NC_003070.9:19465089-19466975	NC_003074.8	94.686	414	17	5	23	435	16561651	16562060	0.0	638
NC_003070.9:19465089-19466975	NC_003074.8	93.023	387	22	3	895	1281	11967951	11968332	3.75e-158	560
NC_003070.9:19465089-19466975	NC_003074.8	93.067	375	23	2	905	1279	5744858	5744487	1.05e-153	545
NC_003070.9:19465089-19466975	NC_003074.8	93.656	331	19	2	905	1234	9384711	9384382	3.85e-138	494
NC_003070.9:19465089-19466975	NC_003074.8	92.749	331	17	4	23	347	11200621	11200950	1.81e-131	472
NC_003070.9:19465089-19466975	NC_003074.8	93.729	303	18	1	1108	1410	17299583	17299282	6.54e-126	453
NC_003070.9:19465089-19466975	NC_003074.8	93.857	293	11	5	262	552	10862540	10862827	2.37e-120	435
NC_003070.9:19465089-19466975	NC_003074.8	93.403	288	19	0	1600	1887	11968331	11968618	3.96e-118	427
NC_003070.9:19465089-19466975	NC_003074.8	90.881	329	10	4	541	867	16562049	16562359	5.13e-117	424
NC_003070.9:19465089-19466975	NC_003074.8	90.941	287	17	7	268	553	20487006	20486728	4.05e-103	377
NC_003070.9:19465089-19466975	NC_003074.8	91.571	261	17	5	27	283	3716342	3716601	1.90e-96	355
NC_003070.9:19465089-19466975	NC_003074.8	91.571	261	13	5	902	1160	17300193	17299940	2.45e-95	351
NC_003070.9:19465089-19466975	NC_003074.8	93.534	232	13	2	1620	1850	11200950	11201180	4.11e-93	344
NC_003070.9:19465089-19466975	NC_003074.8	90.189	265	23	3	21	283	17397306	17397043	1.48e-92	342
NC_003070.9:19465089-19466975	NC_003074.8	90.152	264	22	4	23	283	10862397	10862659	5.31e-92	340
NC_003070.9:19465089-19466975	NC_003074.8	90.873	252	13	4	1645	1886	8757570	8757821	1.15e-88	329
NC_003070.9:19465089-19466975	NC_003074.8	86.111	288	10	5	1108	1395	1571723	1571980	9.08e-75	283
NC_003070.9:19465089-19466975	NC_003074.8	95.152	165	5	3	905	1067	15485443	15485280	5.50e-67	257
NC_003070.9:19465089-19466975	NC_003074.8	85.000	260	23	5	27	283	20487142	20486896	9.21e-65	250
NC_003070.9:19465089-19466975	NC_003074.8	98.529	136	2	0	732	867	15452795	15452660	5.54e-62	241
NC_003070.9:19465089-19466975	NC_003074.8	93.082	159	9	2	905	1062	10557040	10556883	3.34e-59	231
NC_003070.9:19465089-19466975	NC_003074.8	91.716	169	11	3	905	1072	10575252	10575086	3.34e-59	231
NC_003070.9:19465089-19466975	NC_003074.8	94.667	150	5	2	262	411	17397161	17397015	1.20e-58	230
NC_003070.9:19465089-19466975	NC_003074.8	95.556	135	6	0	733	867	9385008	9385142	9.34e-55	217
NC_003070.9:19465089-19466975	NC_003074.8	96.800	125	4	0	1763	1887	1572003	1572127	1.56e-52	209
NC_003070.9:19465089-19466975	NC_003074.8	95.238	126	5	1	1763	1887	17299274	17299149	3.38e-49	198
NC_003070.9:19465089-19466975	NC_003074.8	95.798	119	3	2	1770	1887	10321325	10321442	5.66e-47	191
NC_003070.9:19465089-19466975	NC_003074.8	93.750	112	6	1	262	373	1371258	1371148	9.54e-40	167
NC_003070.9:19465089-19466975	NC_003074.8	93.750	112	6	1	262	373	2630108	2629998	9.54e-40	167
NC_003070.9:19465089-19466975	NC_003074.8	95.283	106	4	1	27	132	16879751	16879855	9.54e-40	167
NC_003070.9:19465089-19466975	NC_003074.8	89.147	129	11	3	1762	1887	11132618	11132746	5.74e-37	158
NC_003070.9:19465089-19466975	NC_003074.8	88.281	128	12	3	1762	1886	8645212	8645339	9.61e-35	150
NC_003070.9:19465089-19466975	NC_003074.8	85.714	133	12	7	1762	1887	16234791	16234659	9.68e-30	134
NC_003070.9:19465089-19466975	NC_003074.8	85.156	128	16	3	1762	1886	6729052	6728925	4.50e-28	128
NC_003070.9:19465089-19466975	NC_003074.8	93.023	86	4	2	23	107	18018777	18018861	5.82e-27	124
NC_003070.9:19465089-19466975	NC_003074.8	88.119	101	11	1	11	111	16419128	16419227	2.71e-25	119
NC_003070.9:19465089-19466975	NC_003074.8	84.127	126	14	4	1762	1887	10681510	10681391	9.74e-25	117
NC_003070.9:19465089-19466975	NC_003074.8	90.909	88	5	3	22	107	17299946	17299860	3.50e-24	115
NC_003070.9:19465089-19466975	NC_003074.8	91.358	81	7	0	27	107	13327434	13327514	4.53e-23	111
NC_003070.9:19465089-19466975	NC_003074.8	91.358	81	7	0	27	107	18412154	18412234	4.53e-23	111
NC_003070.9:19465089-19466975	NC_003074.8	95.312	64	3	0	27	90	10557346	10557283	2.73e-20	102
NC_003070.9:19465089-19466975	NC_003074.8	97.727	44	1	0	902	945	18019081	18019124	1.65e-12	76.8
NC_003070.9:19465089-19466975	NC_003074.8	94.000	50	1	1	895	944	1571663	1571710	5.95e-12	75.0
NC_003070.9:19465089-19466975	NC_003074.8	97.674	43	1	0	902	944	18412454	18412496	5.95e-12	75.0
NC_003070.9:19465089-19466975	NC_003074.8	80.180	111	8	9	1364	1473	15667806	15667709	7.69e-11	71.3
NC_003070.9:19465089-19466975	NC_003074.8	100.000	36	0	0	868	903	15938348	15938383	9.95e-10	67.6
NC_003070.9:19465089-19466975	NC_003074.8	100.000	36	0	0	868	903	17299660	17299625	9.95e-10	67.6
NC_003070.9:19465089-19466975	NC_003074.8	100.000	36	0	0	868	903	17777050	17777085	9.95e-10	67.6
NC_003070.9:19465089-19466975	NC_003074.8	89.130	46	4	1	1842	1886	4274975	4274930	2.15e-06	56.5
NC_003070.9:19465089-19466975	NC_003076.8	95.394	1867	40	12	23	1886	21530085	21531908	0.0	2929
NC_003070.9:19465089-19466975	NC_003076.8	94.578	996	36	5	905	1887	20681305	20680315	0.0	1524
NC_003070.9:19465089-19466975	NC_003076.8	93.869	995	45	4	905	1886	19741506	19740515	0.0	1485
NC_003070.9:19465089-19466975	NC_003076.8	93.964	994	40	6	907	1887	24186810	24185824	0.0	1485
NC_003070.9:19465089-19466975	NC_003076.8	93.876	996	42	6	905	1886	5428946	5427956	0.0	1483
NC_003070.9:19465089-19466975	NC_003076.8	93.638	1006	42	8	895	1886	8766806	8767803	0.0	1483
NC_003070.9:19465089-19466975	NC_003076.8	93.681	997	44	8	905	1887	9963937	9962946	0.0	1474
NC_003070.9:19465089-19466975	NC_003076.8	93.574	996	46	5	905	1886	1897567	1896576	0.0	1469
NC_003070.9:19465089-19466975	NC_003076.8	93.474	996	46	10	905	1887	15043122	15042133	0.0	1461
NC_003070.9:19465089-19466975	NC_003076.8	93.166	995	48	6	905	1886	8745612	8744625	0.0	1443
NC_003070.9:19465089-19466975	NC_003076.8	92.893	999	52	12	905	1887	24476285	24475290	0.0	1434
NC_003070.9:19465089-19466975	NC_003076.8	93.238	976	47	5	895	1857	18854920	18855889	0.0	1419
NC_003070.9:19465089-19466975	NC_003076.8	92.254	1007	58	6	895	1887	17366124	17367124	0.0	1410
NC_003070.9:19465089-19466975	NC_003076.8	92.292	999	57	7	902	1886	16357552	16358544	0.0	1400
NC_003070.9:19465089-19466975	NC_003076.8	92.186	1011	48	12	905	1887	22231958	22230951	0.0	1400
NC_003070.9:19465089-19466975	NC_003076.8	92.092	999	58	8	905	1886	14081757	14080763	0.0	1387
NC_003070.9:19465089-19466975	NC_003076.8	91.798	1012	60	9	892	1887	17776799	17777803	0.0	1387
NC_003070.9:19465089-19466975	NC_003076.8	91.984	998	60	5	902	1886	4313876	4314866	0.0	1382
NC_003070.9:19465089-19466975	NC_003076.8	92.842	964	50	5	905	1851	5977747	5976786	0.0	1380
NC_003070.9:19465089-19466975	NC_003076.8	96.095	845	24	7	27	867	8765709	8766548	0.0	1369
NC_003070.9:19465089-19466975	NC_003076.8	93.219	929	45	8	972	1887	11026974	11027897	0.0	1351
NC_003070.9:19465089-19466975	NC_003076.8	95.272	846	30	9	27	867	17365025	17365865	0.0	1332
NC_003070.9:19465089-19466975	NC_003076.8	90.972	1008	61	14	905	1886	8354204	8353201	0.0	1330
NC_003070.9:19465089-19466975	NC_003076.8	95.059	850	29	8	27	867	19742617	19741772	0.0	1325
NC_003070.9:19465089-19466975	NC_003076.8	94.848	854	29	10	18	867	20682413	20681571	0.0	1319
NC_003070.9:19465089-19466975	NC_003076.8	94.848	854	26	12	28	867	5430061	5429212	0.0	1317
NC_003070.9:19465089-19466975	NC_003076.8	94.693	848	31	11	23	867	14151297	14150461	0.0	1304
NC_003070.9:19465089-19466975	NC_003076.8	93.530	881	26	14	27	902	9965017	9964163	0.0	1282
NC_003070.9:19465089-19466975	NC_003076.8	93.779	868	24	10	4	867	15606619	15605778	0.0	1277
NC_003070.9:19465089-19466975	NC_003076.8	94.692	829	31	10	42	865	24187899	24187079	0.0	1275
NC_003070.9:19465089-19466975	NC_003076.8	92.889	886	46	5	905	1777	14150195	14149314	0.0	1271
NC_003070.9:19465089-19466975	NC_003076.8	94.021	853	25	8	20	867	8746708	8745877	0.0	1269
NC_003070.9:19465089-19466975	NC_003076.8	94.021	853	24	10	19	867	20281992	20281163	0.0	1267
NC_003070.9:19465089-19466975	NC_003076.8	93.853	846	26	8	26	867	9590409	9591232	0.0	1251
NC_003070.9:19465089-19466975	NC_003076.8	93.632	848	27	14	23	867	4782231	4781408	0.0	1242
NC_003070.9:19465089-19466975	NC_003076.8	93.278	848	30	10	27	867	11025336	11026163	0.0	1225
NC_003070.9:19465089-19466975	NC_003076.8	93.373	845	28	12	27	867	14082835	14082015	0.0	1225
NC_003070.9:19465089-19466975	NC_003076.8	94.836	794	16	8	78	867	17618634	17617862	0.0	1216
NC_003070.9:19465089-19466975	NC_003076.8	92.308	871	24	18	17	867	18853944	18854791	0.0	1197
NC_003070.9:19465089-19466975	NC_003076.8	92.415	857	35	10	17	867	16356466	16357298	0.0	1195
NC_003070.9:19465089-19466975	NC_003076.8	93.245	829	29	8	44	867	17775746	17776552	0.0	1195
NC_003070.9:19465089-19466975	NC_003076.8	91.755	849	42	10	23	867	1898648	1897824	0.0	1155
NC_003070.9:19465089-19466975	NC_003076.8	90.751	865	38	19	23	867	9559511	9558669	0.0	1116
NC_003070.9:19465089-19466975	NC_003076.8	92.020	802	46	4	1099	1886	15605466	15604669	0.0	1110
NC_003070.9:19465089-19466975	NC_003076.8	92.487	772	43	7	1129	1886	4780980	4780210	0.0	1090
NC_003070.9:19465089-19466975	NC_003076.8	89.906	852	55	22	27	862	9612591	9613427	0.0	1068
NC_003070.9:19465089-19466975	NC_003076.8	93.352	707	21	8	166	867	4312671	4313356	0.0	1022
NC_003070.9:19465089-19466975	NC_003076.8	94.444	648	26	8	27	669	7154439	7153797	0.0	989
NC_003070.9:19465089-19466975	NC_003076.8	89.801	755	32	19	905	1644	10714728	10715452	0.0	926
NC_003070.9:19465089-19466975	NC_003076.8	93.740	607	29	6	262	865	8683118	8683718	0.0	902
NC_003070.9:19465089-19466975	NC_003076.8	93.939	594	20	3	1307	1886	7153775	7153184	0.0	883
NC_003070.9:19465089-19466975	NC_003076.8	91.433	642	42	12	262	899	7711270	7711902	0.0	869
NC_003070.9:19465089-19466975	NC_003076.8	92.295	610	36	10	262	867	14761045	14760443	0.0	856
NC_003070.9:19465089-19466975	NC_003076.8	90.644	652	45	15	262	907	5129697	5129056	0.0	852
NC_003070.9:19465089-19466975	NC_003076.8	90.644	652	46	14	262	907	19931420	19930778	0.0	852
NC_003070.9:19465089-19466975	NC_003076.8	91.542	603	35	3	1298	1887	25905017	25905616	0.0	817
NC_003070.9:19465089-19466975	NC_003076.8	91.133	609	42	10	264	867	15342559	15341958	0.0	815
NC_003070.9:19465089-19466975	NC_003076.8	90.835	611	45	10	262	867	13918658	13918054	0.0	808
NC_003070.9:19465089-19466975	NC_003076.8	90.365	602	37	12	273	867	354275	354862	0.0	771
NC_003070.9:19465089-19466975	NC_003076.8	92.543	523	28	8	349	867	19670974	19671489	0.0	739
NC_003070.9:19465089-19466975	NC_003076.8	90.486	494	25	8	1408	1886	21776273	21775787	7.83e-180	632
NC_003070.9:19465089-19466975	NC_003076.8	90.264	493	29	5	1408	1886	15576667	15576180	3.64e-178	627
NC_003070.9:19465089-19466975	NC_003076.8	94.236	399	18	4	1490	1887	17796531	17796137	1.71e-171	604
NC_003070.9:19465089-19466975	NC_003076.8	93.333	405	25	2	905	1309	15577119	15576717	2.85e-169	597
NC_003070.9:19465089-19466975	NC_003076.8	92.593	405	29	1	905	1309	21776726	21776323	2.87e-164	580
NC_003070.9:19465089-19466975	NC_003076.8	92.191	397	22	5	1490	1886	9134337	9134724	6.27e-156	553
NC_003070.9:19465089-19466975	NC_003076.8	91.206	398	33	1	1490	1887	21584570	21584175	4.88e-152	540
NC_003070.9:19465089-19466975	NC_003076.8	91.247	377	21	10	1519	1887	25264966	25265338	6.40e-141	503
NC_003070.9:19465089-19466975	NC_003076.8	94.079	304	16	2	1108	1410	9592102	9592404	3.91e-128	460
NC_003070.9:19465089-19466975	NC_003076.8	90.671	343	23	7	262	600	25264649	25264986	3.04e-124	448
NC_003070.9:19465089-19466975	NC_003076.8	92.739	303	21	1	1108	1410	17617546	17617245	6.59e-121	436
NC_003070.9:19465089-19466975	NC_003076.8	94.097	288	16	1	1108	1395	20280291	20280005	6.59e-121	436
NC_003070.9:19465089-19466975	NC_003076.8	96.063	254	8	2	27	280	17796785	17796534	1.11e-113	412
NC_003070.9:19465089-19466975	NC_003076.8	92.720	261	10	5	902	1160	20280900	20280647	2.44e-100	368
NC_003070.9:19465089-19466975	NC_003076.8	91.011	267	14	5	895	1160	9591490	9591747	2.45e-95	351
NC_003070.9:19465089-19466975	NC_003076.8	91.154	260	19	4	27	283	3020196	3019938	8.83e-95	350
NC_003070.9:19465089-19466975	NC_003076.8	93.860	228	10	4	262	487	3020057	3019832	5.31e-92	340
NC_003070.9:19465089-19466975	NC_003076.8	90.189	265	21	5	22	283	25264507	25264769	5.31e-92	340
NC_003070.9:19465089-19466975	NC_003076.8	90.385	260	20	5	27	283	14761183	14760926	6.87e-91	337
NC_003070.9:19465089-19466975	NC_003076.8	90.000	260	21	5	27	283	19931558	19931301	3.20e-89	331
NC_003070.9:19465089-19466975	NC_003076.8	90.650	246	18	2	892	1137	4313610	4313850	1.92e-86	322
NC_003070.9:19465089-19466975	NC_003076.8	88.806	268	20	7	21	283	15342703	15342441	6.92e-86	320
NC_003070.9:19465089-19466975	NC_003076.8	91.880	234	9	7	905	1135	9558411	9558185	2.49e-85	318
NC_003070.9:19465089-19466975	NC_003076.8	93.750	208	13	0	660	867	3019829	3019622	1.16e-83	313
NC_003070.9:19465089-19466975	NC_003076.8	88.462	260	19	5	27	283	13918790	13918539	6.97e-81	303
NC_003070.9:19465089-19466975	NC_003076.8	91.667	192	11	4	25	214	19670799	19670987	4.25e-68	261
NC_003070.9:19465089-19466975	NC_003076.8	94.048	168	8	2	900	1067	4781147	4780982	7.12e-66	254
NC_003070.9:19465089-19466975	NC_003076.8	92.090	177	13	1	1711	1886	10715446	10715622	3.31e-64	248
NC_003070.9:19465089-19466975	NC_003076.8	90.374	187	15	3	701	887	20398316	20398499	1.54e-62	243
NC_003070.9:19465089-19466975	NC_003076.8	84.375	256	21	7	20	273	354133	354371	9.27e-60	233
NC_003070.9:19465089-19466975	NC_003076.8	95.902	122	5	0	1766	1887	14143814	14143693	3.38e-49	198
NC_003070.9:19465089-19466975	NC_003076.8	93.077	130	6	2	262	391	17955694	17955820	7.32e-46	187
NC_003070.9:19465089-19466975	NC_003076.8	91.525	118	7	3	11	126	20398200	20398316	1.60e-37	159
NC_003070.9:19465089-19466975	NC_003076.8	88.462	130	10	5	1762	1886	22621307	22621178	2.67e-35	152
NC_003070.9:19465089-19466975	NC_003076.8	88.281	128	12	3	1762	1886	17043774	17043901	9.61e-35	150
NC_003070.9:19465089-19466975	NC_003076.8	86.822	129	14	3	1762	1887	9557786	9557658	5.78e-32	141
NC_003070.9:19465089-19466975	NC_003076.8	86.822	129	14	3	1762	1887	14810698	14810826	5.78e-32	141
NC_003070.9:19465089-19466975	NC_003076.8	86.047	129	14	4	1762	1887	26787232	26787105	2.69e-30	135
NC_003070.9:19465089-19466975	NC_003076.8	84.127	126	13	5	1762	1886	10041931	10041812	3.50e-24	115
NC_003070.9:19465089-19466975	NC_003076.8	91.358	81	7	0	27	107	5978053	5977973	4.53e-23	111
NC_003070.9:19465089-19466975	NC_003076.8	89.655	87	8	1	22	107	20280653	20280567	1.63e-22	110
NC_003070.9:19465089-19466975	NC_003076.8	89.535	86	6	3	24	107	9133949	9134033	2.11e-21	106
NC_003070.9:19465089-19466975	NC_003076.8	88.764	89	7	3	27	115	15043428	15043343	2.11e-21	106
NC_003070.9:19465089-19466975	NC_003076.8	88.506	87	9	1	22	107	9591741	9591827	7.59e-21	104
NC_003070.9:19465089-19466975	NC_003076.8	88.043	92	6	3	892	981	11026418	11026506	7.59e-21	104
NC_003070.9:19465089-19466975	NC_003076.8	86.170	94	9	4	20	111	13982127	13982218	3.53e-19	99.0
NC_003070.9:19465089-19466975	NC_003076.8	87.209	86	10	1	1803	1887	15882682	15882767	1.27e-18	97.1
NC_003070.9:19465089-19466975	NC_003076.8	98.148	54	1	0	1337	1390	15576716	15576663	4.57e-18	95.3
NC_003070.9:19465089-19466975	NC_003076.8	94.444	54	3	0	1337	1390	21776322	21776269	9.88e-15	84.2
NC_003070.9:19465089-19466975	NC_003076.8	92.157	51	1	2	895	945	9134251	9134298	2.77e-10	69.4
NC_003070.9:19465089-19466975	NC_003076.8	100.000	36	0	0	868	903	8766788	8766823	9.95e-10	67.6
NC_003070.9:19465089-19466975	NC_003076.8	100.000	36	0	0	868	903	14081783	14081748	9.95e-10	67.6
NC_003070.9:19465089-19466975	NC_003076.8	100.000	36	0	0	868	903	14150221	14150186	9.95e-10	67.6
NC_003070.9:19465089-19466975	NC_003076.8	100.000	36	0	0	868	903	17617622	17617587	9.95e-10	67.6
NC_003070.9:19465089-19466975	NC_003076.8	100.000	36	0	0	868	903	19741532	19741497	9.95e-10	67.6
NC_003070.9:19465089-19466975	NC_003076.8	100.000	35	0	0	905	939	17617596	17617562	3.58e-09	65.8
NC_003070.9:19465089-19466975	NC_003076.8	97.368	38	1	0	905	942	20280341	20280304	3.58e-09	65.8
NC_003070.9:19465089-19466975	NC_003076.8	100.000	29	0	0	868	896	24186837	24186809	7.75e-06	54.7
NC_003070.9:19465089-19466975	NC_003075.7	93.843	1007	44	5	895	1887	8064703	8065705	0.0	1500
NC_003070.9:19465089-19466975	NC_003075.7	92.829	1032	47	8	868	1886	5540334	5539317	0.0	1471
NC_003070.9:19465089-19466975	NC_003075.7	93.247	1007	47	6	895	1887	1350658	1351657	0.0	1463
NC_003070.9:19465089-19466975	NC_003075.7	93.474	996	48	4	905	1887	16864253	16863262	0.0	1463
NC_003070.9:19465089-19466975	NC_003075.7	93.373	996	48	10	905	1887	11193264	11192274	0.0	1458
NC_003070.9:19465089-19466975	NC_003075.7	93.058	994	51	10	905	1886	8729388	8728401	0.0	1437
NC_003070.9:19465089-19466975	NC_003075.7	91.981	1035	54	9	868	1887	11361926	11362946	0.0	1424
NC_003070.9:19465089-19466975	NC_003075.7	92.749	993	49	13	905	1884	1000904	999922	0.0	1413
NC_003070.9:19465089-19466975	NC_003075.7	92.084	998	60	5	905	1887	371780	370787	0.0	1387
NC_003070.9:19465089-19466975	NC_003075.7	91.873	1009	48	15	895	1886	4147191	4148182	0.0	1378
NC_003070.9:19465089-19466975	NC_003075.7	95.976	845	26	7	27	867	1002007	1001167	0.0	1365
NC_003070.9:19465089-19466975	NC_003075.7	91.525	1003	64	12	900	1886	6166163	6165166	0.0	1362
NC_003070.9:19465089-19466975	NC_003075.7	94.556	845	36	8	27	867	10397385	10396547	0.0	1297
NC_003070.9:19465089-19466975	NC_003075.7	93.218	870	32	9	3	867	4146100	4146947	0.0	1254
NC_003070.9:19465089-19466975	NC_003075.7	93.735	846	27	7	27	867	11360870	11361694	0.0	1245
NC_003070.9:19465089-19466975	NC_003075.7	96.301	757	19	8	115	867	8063697	8064448	0.0	1234
NC_003070.9:19465089-19466975	NC_003075.7	93.491	845	28	16	27	867	8730453	8729632	0.0	1230
NC_003070.9:19465089-19466975	NC_003075.7	93.381	846	29	10	27	867	1349585	1350408	0.0	1227
NC_003070.9:19465089-19466975	NC_003075.7	94.690	791	30	9	27	813	9842608	9841826	0.0	1218
NC_003070.9:19465089-19466975	NC_003075.7	93.018	845	34	7	27	867	5541389	5540566	0.0	1210
NC_003070.9:19465089-19466975	NC_003075.7	94.437	791	32	10	27	813	9763814	9763032	0.0	1206
NC_003070.9:19465089-19466975	NC_003075.7	93.269	832	28	11	26	853	16865071	16864264	0.0	1201
NC_003070.9:19465089-19466975	NC_003075.7	92.938	793	40	4	1108	1887	683570	684359	0.0	1140
NC_003070.9:19465089-19466975	NC_003075.7	92.876	772	40	7	1129	1886	10396119	10395349	0.0	1107
NC_003070.9:19465089-19466975	NC_003075.7	90.258	852	63	18	21	867	2622011	2621175	0.0	1096
NC_003070.9:19465089-19466975	NC_003075.7	92.401	658	32	8	1053	1696	965059	964406	0.0	922
NC_003070.9:19465089-19466975	NC_003075.7	92.611	609	35	8	262	867	314144	313543	0.0	867
NC_003070.9:19465089-19466975	NC_003075.7	92.447	609	36	7	262	867	7060559	7059958	0.0	861
NC_003070.9:19465089-19466975	NC_003075.7	92.000	600	37	9	273	867	9438920	9439513	0.0	832
NC_003070.9:19465089-19466975	NC_003075.7	91.564	486	27	13	258	736	6279131	6279609	0.0	658
NC_003070.9:19465089-19466975	NC_003075.7	89.139	534	31	6	1370	1887	14390783	14390261	0.0	640
NC_003070.9:19465089-19466975	NC_003075.7	92.363	419	22	9	262	676	6178585	6178997	1.72e-166	588
NC_003070.9:19465089-19466975	NC_003075.7	91.557	379	25	7	25	400	3898132	3897758	8.22e-145	516
NC_003070.9:19465089-19466975	NC_003075.7	90.811	370	20	6	1490	1858	7853278	7852922	8.34e-135	483
NC_003070.9:19465089-19466975	NC_003075.7	96.850	254	7	1	27	280	7853533	7853281	5.13e-117	424
NC_003070.9:19465089-19466975	NC_003075.7	90.385	260	19	6	27	283	6178448	6178704	6.87e-91	337
NC_003070.9:19465089-19466975	NC_003075.7	76.372	656	125	27	1215	1865	7572217	7572847	1.49e-87	326
NC_003070.9:19465089-19466975	NC_003075.7	90.119	253	19	5	23	273	5354111	5354359	5.35e-87	324
NC_003070.9:19465089-19466975	NC_003075.7	89.655	261	18	8	26	283	7060699	7060445	5.35e-87	324
NC_003070.9:19465089-19466975	NC_003075.7	89.565	230	19	5	1661	1887	8802511	8802738	7.02e-76	287
NC_003070.9:19465089-19466975	NC_003075.7	86.100	259	19	8	27	283	314269	314026	1.18e-68	263
NC_003070.9:19465089-19466975	NC_003075.7	89.268	205	22	0	663	867	3894020	3893816	5.50e-67	257
NC_003070.9:19465089-19466975	NC_003075.7	90.576	191	17	1	1696	1886	963863	963674	2.56e-65	252
NC_003070.9:19465089-19466975	NC_003075.7	78.894	398	65	15	1314	1697	7593705	7593313	2.56e-65	252
NC_003070.9:19465089-19466975	NC_003075.7	94.479	163	8	1	905	1067	10396281	10396120	9.21e-65	250
NC_003070.9:19465089-19466975	NC_003075.7	94.444	162	8	1	905	1066	965494	965334	3.31e-64	248
NC_003070.9:19465089-19466975	NC_003075.7	84.942	259	13	11	27	283	6279022	6279256	1.99e-61	239
NC_003070.9:19465089-19466975	NC_003075.7	93.421	152	7	2	262	411	5353887	5354037	2.01e-56	222
NC_003070.9:19465089-19466975	NC_003075.7	93.333	150	8	2	262	411	5354616	5354763	7.22e-56	220
NC_003070.9:19465089-19466975	NC_003075.7	92.667	150	10	1	262	411	5354251	5354399	3.36e-54	215
NC_003070.9:19465089-19466975	NC_003075.7	93.750	144	7	2	1	143	8063551	8063693	3.36e-54	215
NC_003070.9:19465089-19466975	NC_003075.7	74.892	462	82	22	1406	1853	2262877	2262436	1.23e-43	180
NC_003070.9:19465089-19466975	NC_003075.7	78.148	270	52	7	1620	1886	12335565	12335830	3.43e-39	165
NC_003070.9:19465089-19466975	NC_003075.7	93.617	94	6	0	735	828	6280372	6280465	5.78e-32	141
NC_003070.9:19465089-19466975	NC_003075.7	93.684	95	4	1	1298	1390	8802411	8802505	5.78e-32	141
NC_003070.9:19465089-19466975	NC_003075.7	85.938	128	15	2	1762	1886	15441778	15441651	9.68e-30	134
NC_003070.9:19465089-19466975	NC_003075.7	87.500	104	8	4	8	107	2520862	2520964	3.50e-24	115
NC_003070.9:19465089-19466975	NC_003075.7	90.123	81	8	0	27	107	14390988	14390908	2.11e-21	106
NC_003070.9:19465089-19466975	NC_003075.7	88.889	81	9	0	27	107	372086	372006	9.81e-20	100
NC_003070.9:19465089-19466975	NC_003075.7	81.746	126	16	5	1762	1886	963982	963863	3.53e-19	99.0
NC_003070.9:19465089-19466975	NC_003075.7	100.000	36	0	0	868	903	1000930	1000895	9.95e-10	67.6
NC_003070.9:19465089-19466975	NC_003075.7	100.000	35	0	0	868	902	965520	965486	3.58e-09	65.8
NC_003070.9:19465089-19466975	NC_003075.7	91.667	48	3	1	1840	1886	3359187	3359234	3.58e-09	65.8
NC_003070.9:19465089-19466975	NC_003075.7	97.222	36	1	0	868	903	8064685	8064720	4.63e-08	62.1
NC_003070.9:19731889-19736584	NC_003070.9	100.000	4696	0	0	1	4696	19731889	19736584	0.0	8672
NC_003070.9:19731889-19736584	NC_003070.9	98.311	3789	52	5	910	4696	23928995	23925217	0.0	6632
NC_003070.9:19731889-19736584	NC_003070.9	98.111	900	14	2	1	899	23930296	23929399	0.0	1565
NC_003070.9:19731889-19736584	NC_003070.9	92.337	522	31	3	4175	4696	13634925	13634413	0.0	734
NC_003070.9:19731889-19736584	NC_003070.9	94.536	183	5	4	3974	4154	13636665	13636486	1.06e-72	278
NC_003070.9:19731889-19736584	NC_003070.9	75.068	369	55	19	4341	4696	2234164	2233820	1.88e-30	137
NC_003070.9:19731889-19736584	NC_003070.9	76.371	237	44	10	4468	4696	8289736	8289504	2.45e-24	117
NC_003070.9:19731889-19736584	NC_003070.9	76.050	238	44	7	4463	4696	12854165	12853937	1.14e-22	111
NC_003070.9:19731889-19736584	NC_003070.9	92.857	70	5	0	4627	4696	23175136	23175205	6.85e-20	102
NC_003070.9:19731889-19736584	NC_003070.9	89.610	77	8	0	4620	4696	14296509	14296433	8.86e-19	99.0
NC_003070.9:19731889-19736584	NC_003074.8	95.982	2887	94	10	910	3780	15286704	15289584	0.0	4669
NC_003070.9:19731889-19736584	NC_003074.8	96.399	1222	42	2	2934	4154	15290426	15291646	0.0	2012
NC_003070.9:19731889-19736584	NC_003074.8	91.638	1459	86	7	2074	3517	14487521	14488958	0.0	1986
NC_003070.9:19731889-19736584	NC_003074.8	96.205	896	30	4	1	896	15282385	15283276	0.0	1463
NC_003070.9:19731889-19736584	NC_003074.8	95.755	848	34	2	2934	3780	15289582	15290428	0.0	1365
NC_003070.9:19731889-19736584	NC_003074.8	91.527	897	73	3	1	896	14480782	14479888	0.0	1232
NC_003070.9:19731889-19736584	NC_003074.8	93.769	642	39	1	910	1551	14479562	14478922	0.0	963
NC_003070.9:19731889-19736584	NC_003074.8	91.345	647	50	6	3511	4154	14490185	14490828	0.0	880
NC_003070.9:19731889-19736584	NC_003074.8	91.270	504	21	3	4193	4696	15293083	15293563	0.0	665
NC_003070.9:19731889-19736584	NC_003074.8	91.009	456	38	3	1599	2051	14487074	14487529	2.56e-173	612
NC_003070.9:19731889-19736584	NC_003074.8	75.477	367	58	20	4341	4696	20483391	20483046	2.41e-34	150
NC_003070.9:19731889-19736584	NC_003074.8	78.279	244	35	5	4464	4696	17396215	17395979	1.45e-31	141
NC_003070.9:19731889-19736584	NC_003074.8	76.955	243	39	6	4464	4696	8189013	8189248	5.26e-26	122
NC_003070.9:19731889-19736584	NC_003074.8	76.735	245	39	7	4463	4696	5623887	5624124	1.89e-25	121
NC_003070.9:19731889-19736584	NC_003074.8	91.045	67	6	0	4630	4696	9558269	9558203	1.48e-16	91.6
NC_003070.9:19731889-19736584	NC_003071.7	86.361	1459	154	33	2598	4033	4787557	4786121	0.0	1550
NC_003070.9:19731889-19736584	NC_003071.7	77.966	236	41	9	4468	4696	1459078	1458847	1.88e-30	137
NC_003070.9:19731889-19736584	NC_003071.7	75.068	369	55	16	4341	4696	19195754	19195410	1.88e-30	137
NC_003070.9:19731889-19736584	NC_003071.7	77.959	245	35	6	4463	4696	6085090	6085326	6.75e-30	135
NC_003070.9:19731889-19736584	NC_003071.7	77.551	245	32	8	4468	4696	5465160	5464923	4.06e-27	126
NC_003070.9:19731889-19736584	NC_003071.7	76.543	243	37	5	4465	4696	6102494	6102727	8.80e-24	115
NC_003070.9:19731889-19736584	NC_003076.8	75.610	369	53	17	4341	4696	19930555	19930211	8.67e-34	148
NC_003070.9:19731889-19736584	NC_003076.8	76.471	238	43	8	4463	4696	355976	356204	2.45e-24	117
NC_003070.9:19731889-19736584	NC_003076.8	91.429	70	6	0	4627	4696	15341283	15341214	3.19e-18	97.1
NC_003070.9:19731889-19736584	NC_003075.7	78.862	246	32	9	4463	4696	7058840	7058603	8.67e-34	148
NC_003070.9:19731889-19736584	NC_003075.7	74.656	363	68	13	4341	4696	6179230	6179575	5.22e-31	139
NC_003070.9:19731889-19736584	NC_003075.7	77.593	241	33	10	4468	4696	312433	312202	4.06e-27	126
NC_003070.9:19767983-19769834	NC_003070.9	100.000	1852	0	0	1	1852	19769834	19767983	0.0	3421
NC_003070.9:19767983-19769834	NC_003070.9	94.051	1059	53	8	796	1849	7036240	7037293	0.0	1598
NC_003070.9:19767983-19769834	NC_003070.9	94.829	1025	44	7	824	1846	15940162	15941179	0.0	1591
NC_003070.9:19767983-19769834	NC_003070.9	94.439	1025	50	6	825	1846	11700708	11701728	0.0	1570
NC_003070.9:19767983-19769834	NC_003070.9	93.637	1053	55	12	796	1846	13059855	13060897	0.0	1563
NC_003070.9:19767983-19769834	NC_003070.9	93.289	1058	57	10	796	1852	3413803	3414847	0.0	1548
NC_003070.9:19767983-19769834	NC_003070.9	93.957	1026	57	5	824	1847	16904844	16905866	0.0	1546
NC_003070.9:19767983-19769834	NC_003070.9	93.895	1032	52	10	824	1852	19994698	19993675	0.0	1546
NC_003070.9:19767983-19769834	NC_003070.9	94.758	992	48	4	824	1813	8115821	8116810	0.0	1541
NC_003070.9:19767983-19769834	NC_003070.9	93.939	1023	54	6	824	1845	22450990	22452005	0.0	1539
NC_003070.9:19767983-19769834	NC_003070.9	93.210	1031	65	5	824	1851	18791843	18792871	0.0	1511
NC_003070.9:19767983-19769834	NC_003070.9	92.830	1046	64	6	801	1846	28161289	28162323	0.0	1506
NC_003070.9:19767983-19769834	NC_003070.9	92.410	1054	59	15	796	1846	26170429	26169394	0.0	1483
NC_003070.9:19767983-19769834	NC_003070.9	92.989	1027	52	9	824	1848	13016856	13015848	0.0	1480
NC_003070.9:19767983-19769834	NC_003070.9	93.327	1004	61	6	844	1845	4786256	4787255	0.0	1478
NC_003070.9:19767983-19769834	NC_003070.9	92.293	1051	61	6	796	1845	9817243	9818274	0.0	1474
NC_003070.9:19767983-19769834	NC_003070.9	92.900	1000	52	7	850	1845	19466074	19465090	0.0	1435
NC_003070.9:19767983-19769834	NC_003070.9	91.643	1053	61	11	796	1843	9866376	9865346	0.0	1432
NC_003070.9:19767983-19769834	NC_003070.9	91.493	1058	63	11	796	1849	17900911	17901945	0.0	1430
NC_003070.9:19767983-19769834	NC_003070.9	92.429	1017	52	9	845	1852	16326311	16327311	0.0	1428
NC_003070.9:19767983-19769834	NC_003070.9	92.685	998	56	5	850	1845	16825388	16826370	0.0	1423
NC_003070.9:19767983-19769834	NC_003070.9	92.423	1003	57	7	850	1849	12365009	12365995	0.0	1413
NC_003070.9:19767983-19769834	NC_003070.9	92.663	995	52	8	853	1845	12563204	12562229	0.0	1413
NC_003070.9:19767983-19769834	NC_003070.9	92.247	1006	55	8	845	1845	23214532	23215519	0.0	1404
NC_003070.9:19767983-19769834	NC_003070.9	93.863	831	43	6	796	1624	30254475	30253651	0.0	1245
NC_003070.9:19767983-19769834	NC_003070.9	94.817	791	36	5	1056	1845	23876482	23877268	0.0	1229
NC_003070.9:19767983-19769834	NC_003070.9	94.161	805	43	4	1043	1845	19063790	19064592	0.0	1223
NC_003070.9:19767983-19769834	NC_003070.9	93.273	773	43	9	1076	1846	19328001	19327236	0.0	1131
NC_003070.9:19767983-19769834	NC_003070.9	95.815	669	22	4	796	1462	16998293	16997629	0.0	1075
NC_003070.9:19767983-19769834	NC_003070.9	91.634	777	44	10	824	1584	11736355	11735584	0.0	1055
NC_003070.9:19767983-19769834	NC_003070.9	94.030	670	34	4	796	1462	12876680	12876014	0.0	1011
NC_003070.9:19767983-19769834	NC_003070.9	92.403	645	38	4	1209	1845	14309405	14308764	0.0	909
NC_003070.9:19767983-19769834	NC_003070.9	94.157	599	23	7	1248	1845	499960	499373	0.0	902
NC_003070.9:19767983-19769834	NC_003070.9	93.490	553	35	1	261	812	28891379	28891931	0.0	821
NC_003070.9:19767983-19769834	NC_003070.9	93.784	547	28	6	1307	1851	8489951	8489409	0.0	817
NC_003070.9:19767983-19769834	NC_003070.9	93.466	551	33	2	262	811	10021414	10021962	0.0	815
NC_003070.9:19767983-19769834	NC_003070.9	91.667	564	43	4	251	811	11803532	11804094	0.0	778
NC_003070.9:19767983-19769834	NC_003070.9	92.620	542	35	5	1307	1845	25963004	25962465	0.0	774
NC_003070.9:19767983-19769834	NC_003070.9	92.600	527	25	4	1321	1847	18790338	18790850	0.0	745
NC_003070.9:19767983-19769834	NC_003070.9	91.250	560	28	11	252	792	25780247	25779690	0.0	743
NC_003070.9:19767983-19769834	NC_003070.9	90.088	565	39	10	262	811	23125131	23125693	0.0	717
NC_003070.9:19767983-19769834	NC_003070.9	88.693	566	44	10	262	811	12098017	12097456	0.0	673
NC_003070.9:19767983-19769834	NC_003070.9	88.339	566	48	9	262	811	5863512	5862949	0.0	664
NC_003070.9:19767983-19769834	NC_003070.9	87.631	574	51	12	261	815	13495421	13495993	0.0	649
NC_003070.9:19767983-19769834	NC_003070.9	87.676	568	50	13	262	811	21739076	21739641	0.0	643
NC_003070.9:19767983-19769834	NC_003070.9	87.201	586	48	13	244	812	26510652	26511227	0.0	641
NC_003070.9:19767983-19769834	NC_003070.9	87.370	578	45	17	261	810	17502808	17502231	0.0	638
NC_003070.9:19767983-19769834	NC_003070.9	87.676	568	38	9	260	811	5899204	5899755	7.68e-180	632
NC_003070.9:19767983-19769834	NC_003070.9	87.435	573	40	17	258	811	26881280	26880721	2.76e-179	630
NC_003070.9:19767983-19769834	NC_003070.9	87.478	567	40	14	262	812	21918984	21918433	1.28e-177	625
NC_003070.9:19767983-19769834	NC_003070.9	86.678	593	44	18	240	811	27241297	27240719	1.28e-177	625
NC_003070.9:19767983-19769834	NC_003070.9	87.391	571	38	14	262	818	29244685	29244135	1.28e-177	625
NC_003070.9:19767983-19769834	NC_003070.9	87.792	557	37	14	284	812	6218588	6219141	4.62e-177	623
NC_003070.9:19767983-19769834	NC_003070.9	86.897	580	44	15	253	815	4770106	4770670	1.66e-176	621
NC_003070.9:19767983-19769834	NC_003070.9	94.307	404	21	2	1444	1847	23554190	23553789	2.15e-175	617
NC_003070.9:19767983-19769834	NC_003070.9	86.294	591	46	15	249	811	13870456	13869873	3.60e-173	610
NC_003070.9:19767983-19769834	NC_003070.9	86.702	564	43	13	262	811	22192552	22192007	2.80e-169	597
NC_003070.9:19767983-19769834	NC_003070.9	85.812	585	48	14	262	827	16400449	16401017	1.69e-166	588
NC_003070.9:19767983-19769834	NC_003070.9	85.563	568	54	5	262	813	11732905	11732350	6.11e-161	569
NC_003070.9:19767983-19769834	NC_003070.9	85.614	570	49	13	262	812	540433	540988	2.20e-160	568
NC_003070.9:19767983-19769834	NC_003070.9	94.054	370	21	1	824	1192	500333	499964	3.67e-158	560
NC_003070.9:19767983-19769834	NC_003070.9	85.362	567	51	12	262	811	20205354	20205905	1.32e-157	558
NC_003070.9:19767983-19769834	NC_003070.9	88.057	494	27	12	264	741	10931470	10930993	4.75e-157	556
NC_003070.9:19767983-19769834	NC_003070.9	85.688	538	56	10	291	811	587494	588027	2.86e-154	547
NC_003070.9:19767983-19769834	NC_003070.9	86.004	543	39	11	284	812	2986374	2986893	2.86e-154	547
NC_003070.9:19767983-19769834	NC_003070.9	85.273	550	59	13	285	816	4583537	4582992	2.86e-154	547
NC_003070.9:19767983-19769834	NC_003070.9	84.682	581	52	21	253	812	10591419	10591983	1.03e-153	545
NC_003070.9:19767983-19769834	NC_003070.9	83.910	578	46	18	249	811	10852655	10853200	1.35e-142	508
NC_003070.9:19767983-19769834	NC_003070.9	82.890	602	54	18	259	838	24646067	24645493	1.05e-138	496
NC_003070.9:19767983-19769834	NC_003070.9	86.530	438	44	5	388	810	2587395	2587832	2.29e-130	468
NC_003070.9:19767983-19769834	NC_003070.9	82.414	580	59	23	262	812	24719038	24718473	8.24e-130	466
NC_003070.9:19767983-19769834	NC_003070.9	94.408	304	14	3	1056	1357	22992366	22992064	2.96e-129	464
NC_003070.9:19767983-19769834	NC_003070.9	94.521	292	13	3	1056	1345	22621025	22620735	2.98e-124	448
NC_003070.9:19767983-19769834	NC_003070.9	92.903	310	14	4	796	1104	12329021	12328719	3.86e-123	444
NC_003070.9:19767983-19769834	NC_003070.9	92.258	310	16	4	796	1104	22993028	22992726	8.36e-120	433
NC_003070.9:19767983-19769834	NC_003070.9	93.750	288	16	2	1056	1342	12328360	12328074	3.01e-119	431
NC_003070.9:19767983-19769834	NC_003070.9	91.935	310	17	4	796	1104	22621687	22621385	3.89e-118	427
NC_003070.9:19767983-19769834	NC_003070.9	91.640	311	16	6	796	1104	30252074	30251772	1.81e-116	422
NC_003070.9:19767983-19769834	NC_003070.9	95.111	225	10	1	1622	1846	30253364	30253141	6.69e-96	353
NC_003070.9:19767983-19769834	NC_003070.9	90.805	261	21	2	5	262	30251765	30251505	1.12e-93	346
NC_003070.9:19767983-19769834	NC_003070.9	89.591	269	20	8	231	495	21615266	21615530	2.42e-90	335
NC_003070.9:19767983-19769834	NC_003070.9	90.038	261	23	2	5	262	22992719	22992459	2.42e-90	335
NC_003070.9:19767983-19769834	NC_003070.9	89.098	266	23	4	2	262	28161034	28161298	1.46e-87	326
NC_003070.9:19767983-19769834	NC_003070.9	92.342	222	15	2	796	1017	19328219	19328000	3.16e-84	315
NC_003070.9:19767983-19769834	NC_003070.9	88.976	254	23	5	246	495	8622740	8622992	1.47e-82	309
NC_003070.9:19767983-19769834	NC_003070.9	87.547	265	30	1	1	262	3413552	3413816	6.84e-81	303
NC_003070.9:19767983-19769834	NC_003070.9	89.167	240	19	7	261	495	10580142	10579905	1.48e-77	292
NC_003070.9:19767983-19769834	NC_003070.9	88.841	233	24	2	581	812	12240735	12240504	2.48e-75	285
NC_003070.9:19767983-19769834	NC_003070.9	88.306	248	12	6	261	505	2472898	2473131	3.20e-74	281
NC_003070.9:19767983-19769834	NC_003070.9	88.285	239	20	7	262	495	9418063	9418298	1.15e-73	279
NC_003070.9:19767983-19769834	NC_003070.9	88.333	240	19	9	261	495	21128871	21128636	1.15e-73	279
NC_003070.9:19767983-19769834	NC_003070.9	87.917	240	21	7	261	495	12619525	12619289	1.49e-72	276
NC_003070.9:19767983-19769834	NC_003070.9	87.866	239	19	8	262	495	696474	696707	1.93e-71	272
NC_003070.9:19767983-19769834	NC_003070.9	87.448	239	23	7	262	495	11669357	11669593	2.49e-70	268
NC_003070.9:19767983-19769834	NC_003070.9	88.789	223	18	7	278	495	3762974	3762754	8.97e-70	267
NC_003070.9:19767983-19769834	NC_003070.9	90.338	207	15	5	262	465	8539763	8539559	8.97e-70	267
NC_003070.9:19767983-19769834	NC_003070.9	87.069	232	30	0	581	812	13313693	13313924	1.16e-68	263
NC_003070.9:19767983-19769834	NC_003070.9	88.889	216	21	2	49	261	23876173	23876388	1.16e-68	263
NC_003070.9:19767983-19769834	NC_003070.9	91.005	189	11	6	256	442	12240915	12240731	9.03e-65	250
NC_003070.9:19767983-19769834	NC_003070.9	85.714	231	19	6	267	495	3251474	3251256	3.27e-59	231
NC_003070.9:19767983-19769834	NC_003070.9	90.230	174	14	3	261	431	12992995	12993168	5.48e-57	224
NC_003070.9:19767983-19769834	NC_003070.9	90.588	170	14	2	262	429	14012812	14012981	5.48e-57	224
NC_003070.9:19767983-19769834	NC_003070.9	90.058	171	15	2	262	430	3497752	3497922	7.08e-56	220
NC_003070.9:19767983-19769834	NC_003070.9	89.714	175	14	4	261	431	29079014	29078840	7.08e-56	220
NC_003070.9:19767983-19769834	NC_003070.9	87.701	187	18	5	249	430	2587818	2588004	1.19e-53	213
NC_003070.9:19767983-19769834	NC_003070.9	87.766	188	15	7	248	429	11174823	11174638	1.19e-53	213
NC_003070.9:19767983-19769834	NC_003070.9	86.857	175	22	1	638	812	2473135	2473308	4.29e-48	195
NC_003070.9:19767983-19769834	NC_003070.9	94.068	118	7	0	145	262	22450867	22450984	1.20e-43	180
NC_003070.9:19767983-19769834	NC_003070.9	81.933	238	18	8	260	495	29774259	29774473	4.32e-43	178
NC_003070.9:19767983-19769834	NC_003070.9	96.226	106	4	0	157	262	9817151	9817256	5.59e-42	174
NC_003070.9:19767983-19769834	NC_003070.9	93.220	118	8	0	145	262	15940039	15940156	5.59e-42	174
NC_003070.9:19767983-19769834	NC_003070.9	96.226	106	4	0	157	262	16904733	16904838	5.59e-42	174
NC_003070.9:19767983-19769834	NC_003070.9	92.373	118	9	0	145	262	13016979	13016862	2.60e-40	169
NC_003070.9:19767983-19769834	NC_003070.9	95.283	106	5	0	157	262	26170521	26170416	2.60e-40	169
NC_003070.9:19767983-19769834	NC_003070.9	95.283	106	5	0	157	262	30254567	30254462	2.60e-40	169
NC_003070.9:19767983-19769834	NC_003070.9	94.340	106	6	0	157	262	7036148	7036253	1.21e-38	163
NC_003070.9:19767983-19769834	NC_003070.9	94.340	106	6	0	157	262	8115710	8115815	1.21e-38	163
NC_003070.9:19767983-19769834	NC_003070.9	92.727	110	8	0	153	262	11700592	11700701	1.57e-37	159
NC_003070.9:19767983-19769834	NC_003070.9	86.923	130	15	2	1720	1847	4770242	4770113	4.39e-33	145
NC_003070.9:19767983-19769834	NC_003070.9	93.478	92	5	1	796	887	22621131	22621041	2.64e-30	135
NC_003070.9:19767983-19769834	NC_003070.9	93.478	92	5	1	796	887	22992472	22992382	2.64e-30	135
NC_003070.9:19767983-19769834	NC_003070.9	93.478	92	5	1	796	887	30251518	30251428	2.64e-30	135
NC_003070.9:19767983-19769834	NC_003070.9	92.391	92	6	1	796	887	12328466	12328376	1.23e-28	130
NC_003070.9:19767983-19769834	NC_003070.9	96.104	77	3	0	811	887	23876390	23876466	1.59e-27	126
NC_003070.9:19767983-19769834	NC_003070.9	89.535	86	8	1	1	85	12330054	12329969	5.75e-22	108
NC_003070.9:19767983-19769834	NC_003070.9	89.535	86	8	1	1	85	16325443	16325528	5.75e-22	108
NC_003070.9:19767983-19769834	NC_003070.9	89.535	86	8	1	1	85	23213665	23213750	5.75e-22	108
NC_003070.9:19767983-19769834	NC_003070.9	90.244	82	7	1	5	85	3910598	3910517	2.07e-21	106
NC_003070.9:19767983-19769834	NC_003070.9	95.455	66	3	0	1	66	12364134	12364199	2.07e-21	106
NC_003070.9:19767983-19769834	NC_003070.9	90.244	82	7	1	5	85	22622302	22622221	2.07e-21	106
NC_003070.9:19767983-19769834	NC_003070.9	95.385	65	3	0	2	66	16824518	16824582	7.44e-21	104
NC_003070.9:19767983-19769834	NC_003070.9	88.372	86	9	1	1	85	26171481	26171396	2.68e-20	102
NC_003070.9:19767983-19769834	NC_003070.9	89.024	82	8	1	5	85	19466946	19466865	9.63e-20	100
NC_003070.9:19767983-19769834	NC_003070.9	88.750	80	8	1	7	85	17899868	17899947	1.25e-18	97.1
NC_003070.9:19767983-19769834	NC_003070.9	80.620	129	18	5	1719	1846	16858753	16858631	1.61e-17	93.5
NC_003070.9:19767983-19769834	NC_003070.9	79.699	133	21	6	1719	1847	20166799	20166669	5.79e-17	91.6
NC_003070.9:19767983-19769834	NC_003070.9	91.045	67	3	3	21	85	30255504	30255439	7.50e-16	87.9
NC_003070.9:19767983-19769834	NC_003071.7	95.593	1021	41	4	826	1845	7814419	7813402	0.0	1633
NC_003070.9:19767983-19769834	NC_003071.7	95.215	1024	46	3	824	1845	501038	502060	0.0	1616
NC_003070.9:19767983-19769834	NC_003071.7	94.412	1038	52	6	810	1845	6663088	6664121	0.0	1591
NC_003070.9:19767983-19769834	NC_003071.7	93.738	1054	59	7	796	1846	12802046	12803095	0.0	1574
NC_003070.9:19767983-19769834	NC_003071.7	93.643	1054	56	9	796	1847	13267963	13269007	0.0	1565
NC_003070.9:19767983-19769834	NC_003071.7	93.957	1026	54	7	824	1846	13907686	13906666	0.0	1544
NC_003070.9:19767983-19769834	NC_003071.7	93.210	1031	62	8	824	1852	395603	394579	0.0	1509
NC_003070.9:19767983-19769834	NC_003071.7	93.177	1026	63	6	824	1847	17254176	17253156	0.0	1500
NC_003070.9:19767983-19769834	NC_003071.7	93.314	1017	62	5	796	1811	12093413	12092402	0.0	1496
NC_003070.9:19767983-19769834	NC_003071.7	92.410	1054	62	12	796	1847	6924326	6923289	0.0	1487
NC_003070.9:19767983-19769834	NC_003071.7	92.226	1042	72	8	810	1848	7169262	7168227	0.0	1467
NC_003070.9:19767983-19769834	NC_003071.7	92.850	1007	50	9	845	1845	543175	544165	0.0	1441
NC_003070.9:19767983-19769834	NC_003071.7	93.769	963	53	7	871	1832	6803425	6804381	0.0	1439
NC_003070.9:19767983-19769834	NC_003071.7	92.791	971	53	11	847	1816	14334657	14335611	0.0	1389
NC_003070.9:19767983-19769834	NC_003071.7	94.011	885	48	5	964	1846	13336704	13335823	0.0	1336
NC_003070.9:19767983-19769834	NC_003071.7	94.009	868	39	7	986	1845	7960700	7961562	0.0	1303
NC_003070.9:19767983-19769834	NC_003071.7	93.727	829	44	8	824	1649	11286085	11285262	0.0	1236
NC_003070.9:19767983-19769834	NC_003071.7	94.605	797	37	6	1056	1850	7112140	7112932	0.0	1229
NC_003070.9:19767983-19769834	NC_003071.7	94.361	798	42	3	1056	1852	6101020	6100225	0.0	1221
NC_003070.9:19767983-19769834	NC_003071.7	93.151	730	40	9	1120	1846	3213046	3212324	0.0	1062
NC_003070.9:19767983-19769834	NC_003071.7	93.639	676	37	5	1170	1843	709400	710071	0.0	1005
NC_003070.9:19767983-19769834	NC_003071.7	98.165	545	9	1	267	811	13886474	13885931	0.0	950
NC_003070.9:19767983-19769834	NC_003071.7	94.565	552	29	1	262	812	13102360	13101809	0.0	852
NC_003070.9:19767983-19769834	NC_003071.7	93.405	561	36	1	262	821	12557204	12556644	0.0	830
NC_003070.9:19767983-19769834	NC_003071.7	89.703	573	37	12	260	814	5038315	5037747	0.0	712
NC_003070.9:19767983-19769834	NC_003071.7	94.336	459	23	3	1245	1702	3564666	3565122	0.0	701
NC_003070.9:19767983-19769834	NC_003071.7	88.225	569	47	9	261	811	2139386	2138820	0.0	662
NC_003070.9:19767983-19769834	NC_003071.7	87.326	576	47	16	255	811	7340949	7340381	0.0	636
NC_003070.9:19767983-19769834	NC_003071.7	87.346	569	42	14	260	813	9225474	9226027	1.28e-177	625
NC_003070.9:19767983-19769834	NC_003071.7	86.926	566	58	8	262	811	5010087	5010652	1.66e-176	621
NC_003070.9:19767983-19769834	NC_003071.7	87.316	544	50	11	285	811	4025954	4025413	1.67e-171	604
NC_003070.9:19767983-19769834	NC_003071.7	86.667	570	45	14	262	812	6206595	6207152	6.02e-171	603
NC_003070.9:19767983-19769834	NC_003071.7	88.934	497	40	7	335	816	19172177	19172673	7.79e-170	599
NC_003070.9:19767983-19769834	NC_003071.7	86.268	568	40	9	261	812	1669790	1670335	7.84e-165	582
NC_003070.9:19767983-19769834	NC_003071.7	86.116	569	44	19	257	811	9228632	9229179	2.82e-164	580
NC_003070.9:19767983-19769834	NC_003071.7	85.639	571	59	12	252	804	1597491	1596926	1.01e-163	579
NC_003070.9:19767983-19769834	NC_003071.7	87.379	515	42	11	299	793	17147130	17147641	6.11e-161	569
NC_003070.9:19767983-19769834	NC_003071.7	85.413	569	42	12	262	812	19623646	19623101	6.15e-156	553
NC_003070.9:19767983-19769834	NC_003071.7	84.991	573	42	14	261	812	15134773	15134224	1.33e-152	542
NC_003070.9:19767983-19769834	NC_003071.7	92.737	358	24	2	824	1179	708483	708840	8.07e-145	516
NC_003070.9:19767983-19769834	NC_003071.7	85.352	512	36	11	317	812	19242648	19243136	3.78e-138	494
NC_003070.9:19767983-19769834	NC_003071.7	82.759	580	52	17	262	812	9859955	9860515	4.92e-132	473
NC_003070.9:19767983-19769834	NC_003071.7	92.615	325	21	3	824	1147	13337026	13336704	2.96e-129	464
NC_003070.9:19767983-19769834	NC_003071.7	95.486	288	11	2	1056	1342	4024558	4024844	1.38e-127	459
NC_003070.9:19767983-19769834	NC_003071.7	93.750	304	16	3	1056	1357	980261	979959	6.42e-126	453
NC_003070.9:19767983-19769834	NC_003071.7	81.911	586	57	20	259	810	1410158	1409588	8.30e-125	449
NC_003070.9:19767983-19769834	NC_003071.7	95.312	256	11	1	1560	1815	3565124	3565378	1.82e-111	405
NC_003070.9:19767983-19769834	NC_003071.7	93.182	264	16	1	1	262	7814692	7814429	6.60e-106	387
NC_003070.9:19767983-19769834	NC_003071.7	89.078	293	29	3	261	551	4306291	4306000	4.00e-98	361
NC_003070.9:19767983-19769834	NC_003071.7	91.321	265	17	5	2	262	7111784	7112046	5.17e-97	357
NC_003070.9:19767983-19769834	NC_003071.7	90.909	264	20	2	2	262	3564382	3564644	2.41e-95	351
NC_003070.9:19767983-19769834	NC_003071.7	90.909	264	21	2	2	262	4024201	4024464	2.41e-95	351
NC_003070.9:19767983-19769834	NC_003071.7	90.769	260	21	2	5	261	3213351	3213092	4.03e-93	344
NC_003070.9:19767983-19769834	NC_003071.7	89.434	265	23	4	1	262	6660962	6661224	1.13e-88	329
NC_003070.9:19767983-19769834	NC_003071.7	90.323	248	21	1	18	262	7959807	7960054	1.89e-86	322
NC_003070.9:19767983-19769834	NC_003071.7	91.525	236	17	3	262	494	10996183	10996418	1.89e-86	322
NC_003070.9:19767983-19769834	NC_003071.7	88.889	261	25	4	5	262	7169521	7169262	2.44e-85	318
NC_003070.9:19767983-19769834	NC_003071.7	89.837	246	21	3	253	494	1383544	1383789	1.14e-83	313
NC_003070.9:19767983-19769834	NC_003071.7	86.441	295	22	6	262	554	9433569	9433291	5.29e-82	307
NC_003070.9:19767983-19769834	NC_003071.7	90.086	232	20	2	5	233	2962802	2962571	3.18e-79	298
NC_003070.9:19767983-19769834	NC_003071.7	88.571	245	20	8	256	495	1321965	1322206	5.32e-77	291
NC_003070.9:19767983-19769834	NC_003071.7	91.469	211	11	5	260	465	2320936	2320728	8.91e-75	283
NC_003070.9:19767983-19769834	NC_003071.7	86.434	258	27	8	243	495	3197599	3197853	1.49e-72	276
NC_003070.9:19767983-19769834	NC_003071.7	88.889	216	23	1	596	811	9433305	9433091	3.23e-69	265
NC_003070.9:19767983-19769834	NC_003071.7	88.235	204	18	6	261	461	7351548	7351348	1.96e-61	239
NC_003070.9:19767983-19769834	NC_003071.7	89.189	185	16	4	251	431	7179027	7178843	4.23e-58	228
NC_003070.9:19767983-19769834	NC_003071.7	91.503	153	10	2	796	948	7960041	7960190	5.51e-52	207
NC_003070.9:19767983-19769834	NC_003071.7	83.721	215	15	9	285	495	9456165	9455967	2.58e-45	185
NC_003070.9:19767983-19769834	NC_003071.7	90.071	141	12	2	356	495	8173628	8173489	3.34e-44	182
NC_003070.9:19767983-19769834	NC_003071.7	81.349	252	20	10	247	495	1347197	1347424	1.20e-43	180
NC_003070.9:19767983-19769834	NC_003071.7	93.220	118	8	0	145	262	395726	395609	5.59e-42	174
NC_003070.9:19767983-19769834	NC_003071.7	92.623	122	8	1	141	262	13337152	13337032	5.59e-42	174
NC_003070.9:19767983-19769834	NC_003071.7	89.209	139	13	2	358	495	9030600	9030463	2.01e-41	172
NC_003070.9:19767983-19769834	NC_003071.7	92.373	118	9	0	145	262	708360	708477	2.60e-40	169
NC_003070.9:19767983-19769834	NC_003071.7	95.283	106	5	0	157	262	6924418	6924313	2.60e-40	169
NC_003070.9:19767983-19769834	NC_003071.7	94.340	106	6	0	157	262	13267871	13267976	1.21e-38	163
NC_003070.9:19767983-19769834	NC_003071.7	94.340	106	6	0	157	262	13907797	13907692	1.21e-38	163
NC_003070.9:19767983-19769834	NC_003071.7	87.786	131	13	3	1719	1846	19623517	19623647	9.43e-35	150
NC_003070.9:19767983-19769834	NC_003071.7	85.606	132	15	4	1719	1847	1038177	1038047	2.64e-30	135
NC_003070.9:19767983-19769834	NC_003071.7	85.606	132	15	3	1719	1847	13102232	13102362	2.64e-30	135
NC_003070.9:19767983-19769834	NC_003071.7	91.398	93	7	1	796	888	4024451	4024542	1.59e-27	126
NC_003070.9:19767983-19769834	NC_003071.7	83.333	138	18	5	1719	1852	6206724	6206588	2.05e-26	122
NC_003070.9:19767983-19769834	NC_003071.7	82.576	132	18	4	1719	1847	7340815	7340944	4.45e-23	111
NC_003070.9:19767983-19769834	NC_003071.7	90.244	82	7	1	5	85	13338074	13337993	2.07e-21	106
NC_003070.9:19767983-19769834	NC_003071.7	88.372	86	9	1	1	85	6925378	6925293	2.68e-20	102
NC_003070.9:19767983-19769834	NC_003071.7	88.235	85	9	1	2	85	542308	542392	9.63e-20	100
NC_003070.9:19767983-19769834	NC_003071.7	81.429	140	10	5	356	495	6901849	6901726	9.63e-20	100
NC_003070.9:19767983-19769834	NC_003071.7	88.235	85	9	1	2	85	12800994	12801078	9.63e-20	100
NC_003070.9:19767983-19769834	NC_003071.7	87.179	78	8	2	2	78	707442	707518	7.50e-16	87.9
NC_003070.9:19767983-19769834	NC_003071.7	100.000	41	0	0	157	197	12093482	12093442	1.62e-12	76.8
NC_003070.9:19767983-19769834	NC_003071.7	93.878	49	1	2	262	309	7566549	7566596	2.10e-11	73.1
NC_003070.9:19767983-19769834	NC_003071.7	94.872	39	1	1	261	299	1367474	1367511	1.63e-07	60.2
NC_003070.9:19767983-19769834	NC_003075.7	94.577	1051	51	5	796	1845	11193320	11192275	0.0	1620
NC_003070.9:19767983-19769834	NC_003075.7	94.040	1057	56	7	796	1849	8064655	8065707	0.0	1596
NC_003070.9:19767983-19769834	NC_003075.7	93.631	1052	62	5	796	1845	371836	370788	0.0	1567
NC_003070.9:19767983-19769834	NC_003075.7	94.336	1024	52	6	824	1845	1350637	1351656	0.0	1565
NC_003070.9:19767983-19769834	NC_003075.7	94.055	1026	52	9	824	1845	5540337	5539317	0.0	1548
NC_003070.9:19767983-19769834	NC_003075.7	93.951	1025	55	6	824	1847	8729417	8728399	0.0	1543
NC_003070.9:19767983-19769834	NC_003075.7	93.762	1026	57	6	824	1845	11361923	11362945	0.0	1533
NC_003070.9:19767983-19769834	NC_003075.7	94.141	1007	53	6	844	1848	16864262	16863260	0.0	1528
NC_003070.9:19767983-19769834	NC_003075.7	92.796	1055	69	7	796	1847	6166214	6165164	0.0	1520
NC_003070.9:19767983-19769834	NC_003075.7	92.884	1054	62	7	797	1848	1000959	999917	0.0	1519
NC_003070.9:19767983-19769834	NC_003075.7	93.275	1026	52	11	824	1845	4147170	4148182	0.0	1496
NC_003070.9:19767983-19769834	NC_003075.7	95.076	792	34	5	1056	1845	683570	684358	0.0	1242
NC_003070.9:19767983-19769834	NC_003075.7	94.179	773	41	4	1077	1846	10396119	10395348	0.0	1175
NC_003070.9:19767983-19769834	NC_003075.7	93.930	659	35	5	999	1655	965061	964406	0.0	990
NC_003070.9:19767983-19769834	NC_003075.7	94.224	554	31	1	261	813	9111579	9112132	0.0	845
NC_003070.9:19767983-19769834	NC_003075.7	91.589	535	32	9	1317	1848	14390783	14390259	0.0	726
NC_003070.9:19767983-19769834	NC_003075.7	89.065	567	43	11	262	812	1521819	1521256	0.0	686
NC_003070.9:19767983-19769834	NC_003075.7	88.360	567	47	11	261	811	6115904	6115341	0.0	664
NC_003070.9:19767983-19769834	NC_003075.7	87.652	575	55	11	253	812	5391711	5392284	0.0	654
NC_003070.9:19767983-19769834	NC_003075.7	87.831	567	52	10	262	813	572197	572761	0.0	649
NC_003070.9:19767983-19769834	NC_003075.7	86.585	574	51	15	262	810	14457711	14458283	3.60e-173	610
NC_003070.9:19767983-19769834	NC_003075.7	86.702	564	42	16	261	811	7034250	7034793	1.01e-168	595
NC_003070.9:19767983-19769834	NC_003075.7	86.243	567	40	9	262	812	15441651	15442195	2.82e-164	580
NC_003070.9:19767983-19769834	NC_003075.7	85.279	591	52	16	249	811	12606464	12607047	3.65e-163	577
NC_003070.9:19767983-19769834	NC_003075.7	86.542	535	53	11	293	811	823522	824053	1.70e-161	571
NC_003070.9:19767983-19769834	NC_003075.7	87.984	491	43	8	337	812	6661475	6660986	7.90e-160	566
NC_003070.9:19767983-19769834	NC_003075.7	85.062	569	48	14	258	811	8947214	8947760	1.03e-153	545
NC_003070.9:19767983-19769834	NC_003075.7	84.561	570	53	16	262	813	6339472	6340024	8.01e-150	532
NC_003070.9:19767983-19769834	NC_003075.7	84.276	566	50	13	262	811	12365064	12365606	8.07e-145	516
NC_003070.9:19767983-19769834	NC_003075.7	91.724	290	19	4	264	551	2553947	2553661	3.05e-109	398
NC_003070.9:19767983-19769834	NC_003075.7	90.602	266	20	4	1	262	683212	683476	3.11e-94	348
NC_003070.9:19767983-19769834	NC_003075.7	94.545	220	10	2	796	1015	10396337	10396120	1.87e-91	339
NC_003070.9:19767983-19769834	NC_003075.7	90.114	263	23	2	3	262	11193569	11193307	1.87e-91	339
NC_003070.9:19767983-19769834	NC_003075.7	90.076	262	21	3	5	262	965796	965536	2.42e-90	335
NC_003070.9:19767983-19769834	NC_003075.7	89.179	268	25	4	5	269	372083	371817	3.14e-89	331
NC_003070.9:19767983-19769834	NC_003075.7	92.544	228	15	2	1619	1845	8802511	8802737	1.46e-87	326
NC_003070.9:19767983-19769834	NC_003075.7	89.231	260	25	2	6	262	6166460	6166201	1.89e-86	322
NC_003070.9:19767983-19769834	NC_003075.7	94.581	203	10	1	812	1014	965535	965334	1.14e-83	313
NC_003070.9:19767983-19769834	NC_003075.7	87.879	264	23	3	2	262	8802132	8802389	2.46e-80	302
NC_003070.9:19767983-19769834	NC_003075.7	78.125	512	72	30	1261	1760	7593705	7593222	1.91e-76	289
NC_003070.9:19767983-19769834	NC_003075.7	88.843	242	18	8	261	495	8899966	8899727	1.91e-76	289
NC_003070.9:19767983-19769834	NC_003075.7	92.308	195	13	1	6	198	14390984	14390790	1.49e-72	276
NC_003070.9:19767983-19769834	NC_003075.7	91.710	193	15	1	1655	1847	963863	963672	8.97e-70	267
NC_003070.9:19767983-19769834	NC_003075.7	87.083	240	22	7	261	495	7231604	7231369	1.16e-68	263
NC_003070.9:19767983-19769834	NC_003075.7	85.169	236	31	4	262	495	17502206	17501973	1.96e-61	239
NC_003070.9:19767983-19769834	NC_003075.7	90.230	174	14	3	262	432	7906368	7906195	5.48e-57	224
NC_003070.9:19767983-19769834	NC_003075.7	96.226	106	4	0	157	262	5540448	5540343	5.59e-42	174
NC_003070.9:19767983-19769834	NC_003075.7	89.362	141	11	4	356	495	12699290	12699153	5.59e-42	174
NC_003070.9:19767983-19769834	NC_003075.7	87.838	148	15	3	356	501	7383488	7383634	7.24e-41	171
NC_003070.9:19767983-19769834	NC_003075.7	95.283	106	5	0	157	262	10396429	10396324	2.60e-40	169
NC_003070.9:19767983-19769834	NC_003075.7	93.396	106	7	0	157	262	8064563	8064668	5.63e-37	158
NC_003070.9:19767983-19769834	NC_003075.7	93.396	106	6	1	157	262	1001051	1000947	2.03e-36	156
NC_003070.9:19767983-19769834	NC_003075.7	86.822	129	14	3	1721	1846	8725206	8725078	5.67e-32	141
NC_003070.9:19767983-19769834	NC_003075.7	93.684	95	4	1	1245	1337	8802411	8802505	5.67e-32	141
NC_003070.9:19767983-19769834	NC_003075.7	84.733	131	17	2	1719	1846	15441780	15441650	4.42e-28	128
NC_003070.9:19767983-19769834	NC_003075.7	83.212	137	18	5	1719	1852	6168483	6168349	7.39e-26	121
NC_003070.9:19767983-19769834	NC_003075.7	91.463	82	6	1	5	85	1002004	1001923	4.45e-23	111
NC_003070.9:19767983-19769834	NC_003075.7	89.412	85	8	1	2	85	8063577	8063661	2.07e-21	106
NC_003070.9:19767983-19769834	NC_003075.7	91.781	73	4	2	424	495	1100982	1100911	9.63e-20	100
NC_003070.9:19767983-19769834	NC_003075.7	87.097	62	5	3	249	309	1957715	1957656	9.77e-10	67.6
NC_003070.9:19767983-19769834	NC_003076.8	94.577	1051	50	5	796	1845	15043178	15042134	0.0	1618
NC_003070.9:19767983-19769834	NC_003076.8	94.006	1051	57	6	796	1845	20681361	20680316	0.0	1587
NC_003070.9:19767983-19769834	NC_003076.8	93.839	1055	56	9	796	1845	24476341	24475291	0.0	1580
NC_003070.9:19767983-19769834	NC_003076.8	93.738	1054	60	6	796	1848	8766758	8767806	0.0	1576
NC_003070.9:19767983-19769834	NC_003076.8	94.341	1025	50	7	824	1845	9963966	9962947	0.0	1565
NC_003070.9:19767983-19769834	NC_003076.8	93.708	1049	57	7	796	1843	24186867	24185827	0.0	1563
NC_003070.9:19767983-19769834	NC_003076.8	93.536	1052	63	5	796	1846	5429002	5427955	0.0	1561
NC_003070.9:19767983-19769834	NC_003076.8	93.542	1053	59	9	796	1847	8745667	8744623	0.0	1559
NC_003070.9:19767983-19769834	NC_003076.8	93.441	1052	63	5	796	1845	19741562	19740515	0.0	1555
NC_003070.9:19767983-19769834	NC_003076.8	94.141	1024	55	5	824	1845	1897596	1896576	0.0	1554
NC_003070.9:19767983-19769834	NC_003076.8	93.162	1053	65	7	796	1845	17366075	17367123	0.0	1539
NC_003070.9:19767983-19769834	NC_003076.8	92.910	1072	54	11	796	1850	22232014	22230948	0.0	1539
NC_003070.9:19767983-19769834	NC_003076.8	93.665	1026	61	4	824	1846	14081786	14080762	0.0	1531
NC_003070.9:19767983-19769834	NC_003076.8	93.659	1025	59	6	824	1845	17776781	17777802	0.0	1528
NC_003070.9:19767983-19769834	NC_003076.8	94.141	1007	51	6	810	1810	5977790	5976786	0.0	1526
NC_003070.9:19767983-19769834	NC_003076.8	94.271	995	51	6	824	1816	18854899	18855889	0.0	1517
NC_003070.9:19767983-19769834	NC_003076.8	93.359	1024	61	7	824	1845	16357526	16358544	0.0	1507
NC_003070.9:19767983-19769834	NC_003076.8	92.105	1064	66	11	796	1845	8354260	8353201	0.0	1483
NC_003070.9:19767983-19769834	NC_003076.8	93.193	999	61	6	848	1845	4313874	4314866	0.0	1461
NC_003070.9:19767983-19769834	NC_003076.8	94.092	931	49	5	920	1849	11026974	11027899	0.0	1410
NC_003070.9:19767983-19769834	NC_003076.8	92.895	943	60	7	796	1736	14150251	14149314	0.0	1363
NC_003070.9:19767983-19769834	NC_003076.8	90.000	1020	61	15	827	1845	21530929	21531908	0.0	1280
NC_003070.9:19767983-19769834	NC_003076.8	93.516	802	47	5	1046	1845	15605467	15604669	0.0	1188
NC_003070.9:19767983-19769834	NC_003076.8	93.325	779	48	4	1077	1852	4780980	4780203	0.0	1147
NC_003070.9:19767983-19769834	NC_003076.8	90.617	810	44	15	796	1602	10714672	10715452	0.0	1046
NC_003070.9:19767983-19769834	NC_003076.8	95.638	596	24	2	1254	1848	7153775	7153181	0.0	955
NC_003070.9:19767983-19769834	NC_003076.8	94.176	601	33	2	1245	1845	25905017	25905615	0.0	915
NC_003070.9:19767983-19769834	NC_003076.8	93.841	552	31	3	261	811	26787105	26787654	0.0	828
NC_003070.9:19767983-19769834	NC_003076.8	92.870	561	34	4	252	811	8749480	8748925	0.0	809
NC_003070.9:19767983-19769834	NC_003076.8	91.754	570	38	8	253	816	6419816	6420382	0.0	784
NC_003070.9:19767983-19769834	NC_003076.8	91.534	567	40	4	249	813	9854904	9854344	0.0	774
NC_003070.9:19767983-19769834	NC_003076.8	91.213	569	31	7	245	811	15581358	15580807	0.0	756
NC_003070.9:19767983-19769834	NC_003076.8	90.106	566	38	12	262	811	17726985	17726422	0.0	719
NC_003070.9:19767983-19769834	NC_003076.8	92.742	496	32	4	1355	1849	15576667	15576175	0.0	713
NC_003070.9:19767983-19769834	NC_003076.8	92.901	493	29	6	1355	1846	21776273	21775786	0.0	712
NC_003070.9:19767983-19769834	NC_003076.8	88.869	566	45	11	262	811	24449375	24448812	0.0	680
NC_003070.9:19767983-19769834	NC_003076.8	93.074	462	28	4	796	1256	15577175	15576717	0.0	673
NC_003070.9:19767983-19769834	NC_003076.8	92.641	462	31	3	796	1256	21776782	21776323	0.0	662
NC_003070.9:19767983-19769834	NC_003076.8	88.007	567	49	6	262	812	5625620	5625057	0.0	652
NC_003070.9:19767983-19769834	NC_003076.8	87.267	589	52	17	250	819	3566926	3566342	0.0	651
NC_003070.9:19767983-19769834	NC_003076.8	87.140	591	47	12	249	811	7417920	7417331	0.0	643
NC_003070.9:19767983-19769834	NC_003076.8	87.346	569	51	12	262	813	22621178	22621742	7.68e-180	632
NC_003070.9:19767983-19769834	NC_003076.8	86.882	587	44	19	249	814	9557645	9558219	3.57e-178	627
NC_003070.9:19767983-19769834	NC_003076.8	87.500	568	40	13	261	812	19102109	19101557	3.57e-178	627
NC_003070.9:19767983-19769834	NC_003076.8	86.842	570	54	11	261	811	9068168	9068735	2.15e-175	617
NC_003070.9:19767983-19769834	NC_003076.8	86.678	578	45	15	260	817	13892128	13892693	1.00e-173	612
NC_003070.9:19767983-19769834	NC_003076.8	86.783	575	44	15	256	811	16871484	16870923	1.00e-173	612
NC_003070.9:19767983-19769834	NC_003076.8	92.654	422	28	3	1425	1845	21584595	21584176	1.67e-171	604
NC_003070.9:19767983-19769834	NC_003076.8	86.926	566	36	10	262	811	17043901	17043358	2.17e-170	601
NC_003070.9:19767983-19769834	NC_003076.8	86.213	573	46	13	260	813	14810827	14810269	4.69e-167	590
NC_003070.9:19767983-19769834	NC_003076.8	85.739	589	45	10	240	812	14103644	14104209	6.06e-166	586
NC_003070.9:19767983-19769834	NC_003076.8	86.195	565	44	17	262	812	7700638	7701182	2.82e-164	580
NC_003070.9:19767983-19769834	NC_003076.8	85.689	566	42	12	264	813	16713391	16712849	3.67e-158	560
NC_003070.9:19767983-19769834	NC_003076.8	84.823	593	47	19	262	812	24118550	24117959	4.75e-157	556
NC_003070.9:19767983-19769834	NC_003076.8	88.841	466	35	8	335	785	26015795	26015332	4.75e-157	556
NC_003070.9:19767983-19769834	NC_003076.8	85.938	512	41	18	316	811	22335080	22335576	2.24e-145	518
NC_003070.9:19767983-19769834	NC_003076.8	83.821	581	35	21	252	812	7070529	7069988	2.92e-139	497
NC_003070.9:19767983-19769834	NC_003076.8	91.153	373	22	9	1481	1845	25264968	25265337	1.05e-138	496
NC_003070.9:19767983-19769834	NC_003076.8	93.750	304	16	3	1056	1357	9592102	9592404	6.42e-126	453
NC_003070.9:19767983-19769834	NC_003076.8	87.010	408	37	8	421	813	4937365	4936959	1.07e-123	446
NC_003070.9:19767983-19769834	NC_003076.8	87.661	389	34	7	437	811	706609	706997	4.99e-122	440
NC_003070.9:19767983-19769834	NC_003076.8	92.581	310	15	4	796	1104	20280953	20280651	1.80e-121	438
NC_003070.9:19767983-19769834	NC_003076.8	94.097	288	15	2	1056	1342	20280291	20280005	6.46e-121	436
NC_003070.9:19767983-19769834	NC_003076.8	86.750	400	34	7	434	814	15882687	15882288	3.89e-118	427
NC_003070.9:19767983-19769834	NC_003076.8	91.935	310	16	5	796	1104	9591442	9591743	1.40e-117	425
NC_003070.9:19767983-19769834	NC_003076.8	91.186	295	21	5	253	545	6701918	6702209	1.10e-108	396
NC_003070.9:19767983-19769834	NC_003076.8	93.976	249	9	4	825	1072	9558439	9558196	1.85e-101	372
NC_003070.9:19767983-19769834	NC_003076.8	90.175	285	23	5	796	1080	4313566	4313845	8.60e-100	366
NC_003070.9:19767983-19769834	NC_003076.8	90.943	265	21	2	1	262	9133952	9134216	6.69e-96	353
NC_003070.9:19767983-19769834	NC_003076.8	90.566	265	22	2	1	262	15043429	15043165	3.11e-94	348
NC_003070.9:19767983-19769834	NC_003076.8	90.421	261	22	2	5	262	8354507	8354247	5.21e-92	340
NC_003070.9:19767983-19769834	NC_003076.8	90.421	261	22	2	5	262	20280644	20280384	5.21e-92	340
NC_003070.9:19767983-19769834	NC_003076.8	85.278	360	18	11	261	602	14395032	14395374	1.87e-91	339
NC_003070.9:19767983-19769834	NC_003076.8	85.278	360	18	11	261	602	14454331	14454673	1.87e-91	339
NC_003070.9:19767983-19769834	NC_003076.8	89.811	265	24	1	1	262	22232265	22232001	6.74e-91	337
NC_003070.9:19767983-19769834	NC_003076.8	90.038	261	23	1	5	262	5978050	5977790	2.42e-90	335
NC_003070.9:19767983-19769834	NC_003076.8	89.434	265	23	5	1	262	10714423	10714685	1.13e-88	329
NC_003070.9:19767983-19769834	NC_003076.8	89.272	261	25	2	5	262	24476588	24476328	5.25e-87	324
NC_003070.9:19767983-19769834	NC_003076.8	89.535	258	24	2	8	262	25904738	25904995	5.25e-87	324
NC_003070.9:19767983-19769834	NC_003076.8	93.182	220	12	2	796	1015	4781198	4780982	6.79e-86	320
NC_003070.9:19767983-19769834	NC_003076.8	91.139	237	16	5	262	495	8601819	8602053	8.78e-85	316
NC_003070.9:19767983-19769834	NC_003076.8	88.302	265	28	2	1	262	21777033	21776769	3.16e-84	315
NC_003070.9:19767983-19769834	NC_003076.8	87.692	260	29	2	6	262	15577421	15577162	8.84e-80	300
NC_003070.9:19767983-19769834	NC_003076.8	88.980	245	19	8	261	500	14080303	14080062	1.14e-78	296
NC_003070.9:19767983-19769834	NC_003076.8	89.344	244	15	9	258	495	20278609	20278847	1.14e-78	296
NC_003070.9:19767983-19769834	NC_003076.8	89.224	232	24	1	581	812	13231898	13231668	1.91e-76	289
NC_003070.9:19767983-19769834	NC_003076.8	89.686	223	21	2	601	822	14395635	14395856	8.91e-75	283
NC_003070.9:19767983-19769834	NC_003076.8	89.686	223	21	2	601	822	14454934	14455155	8.91e-75	283
NC_003070.9:19767983-19769834	NC_003076.8	86.891	267	11	8	262	526	24587056	24586812	4.14e-73	278
NC_003070.9:19767983-19769834	NC_003076.8	89.091	220	19	5	278	495	5647897	5648113	2.49e-70	268
NC_003070.9:19767983-19769834	NC_003076.8	93.820	178	10	1	1669	1845	10715445	10715622	8.97e-70	267
NC_003070.9:19767983-19769834	NC_003076.8	87.815	238	14	8	384	607	13678715	13678951	3.23e-69	265
NC_003070.9:19767983-19769834	NC_003076.8	86.555	238	24	8	264	495	7488093	7488328	1.94e-66	255
NC_003070.9:19767983-19769834	NC_003076.8	86.307	241	26	6	260	495	22021862	22021624	1.94e-66	255
NC_003070.9:19767983-19769834	NC_003076.8	91.351	185	11	5	260	442	13232075	13231894	3.25e-64	248
NC_003070.9:19767983-19769834	NC_003076.8	87.037	216	27	1	597	812	6702205	6702419	1.51e-62	243
NC_003070.9:19767983-19769834	NC_003076.8	84.921	252	20	9	261	495	15030913	15031163	1.96e-61	239
NC_003070.9:19767983-19769834	NC_003076.8	87.037	216	20	8	285	495	15535151	15535363	7.03e-61	237
NC_003070.9:19767983-19769834	NC_003076.8	88.442	199	16	4	545	743	17885712	17885903	9.10e-60	233
NC_003070.9:19767983-19769834	NC_003076.8	94.853	136	7	0	677	812	20119735	20119600	1.19e-53	213
NC_003070.9:19767983-19769834	NC_003076.8	83.544	237	17	12	263	495	19408379	19408597	2.57e-50	202
NC_003070.9:19767983-19769834	NC_003076.8	86.364	176	21	3	638	812	24586803	24586630	2.00e-46	189
NC_003070.9:19767983-19769834	NC_003076.8	90.071	141	12	2	356	495	24314422	24314283	3.34e-44	182
NC_003070.9:19767983-19769834	NC_003076.8	90.071	141	12	2	356	495	26893327	26893188	3.34e-44	182
NC_003070.9:19767983-19769834	NC_003076.8	91.538	130	9	2	796	925	11026373	11026500	4.32e-43	178
NC_003070.9:19767983-19769834	NC_003076.8	93.220	118	8	0	145	262	17776658	17776775	5.59e-42	174
NC_003070.9:19767983-19769834	NC_003076.8	93.860	114	7	0	149	262	16357407	16357520	2.01e-41	172
NC_003070.9:19767983-19769834	NC_003076.8	95.283	106	5	0	157	262	5429094	5428989	2.60e-40	169
NC_003070.9:19767983-19769834	NC_003076.8	95.283	106	5	0	157	262	20681453	20681348	2.60e-40	169
NC_003070.9:19767983-19769834	NC_003076.8	94.340	106	6	0	157	262	4313474	4313579	1.21e-38	163
NC_003070.9:19767983-19769834	NC_003076.8	94.340	106	6	0	157	262	11026281	11026386	1.21e-38	163
NC_003070.9:19767983-19769834	NC_003076.8	93.396	106	7	0	157	262	4781290	4781185	5.63e-37	158
NC_003070.9:19767983-19769834	NC_003076.8	93.396	106	7	0	157	262	8745759	8745654	5.63e-37	158
NC_003070.9:19767983-19769834	NC_003076.8	93.396	106	7	0	157	262	8766666	8766771	5.63e-37	158
NC_003070.9:19767983-19769834	NC_003076.8	92.453	106	8	0	157	262	1897707	1897602	2.62e-35	152
NC_003070.9:19767983-19769834	NC_003076.8	86.331	139	14	5	1719	1852	22621309	22621171	1.22e-33	147
NC_003070.9:19767983-19769834	NC_003076.8	91.509	106	9	0	157	262	24186959	24186854	1.22e-33	147
NC_003070.9:19767983-19769834	NC_003076.8	93.478	92	5	1	796	887	20280397	20280307	2.64e-30	135
NC_003070.9:19767983-19769834	NC_003076.8	92.473	93	6	1	796	888	9134203	9134294	3.41e-29	132
NC_003070.9:19767983-19769834	NC_003076.8	92.391	92	6	1	796	887	17617652	17617562	1.23e-28	130
NC_003070.9:19767983-19769834	NC_003076.8	89.362	94	9	1	719	811	11416177	11416084	9.56e-25	117
NC_003070.9:19767983-19769834	NC_003076.8	88.542	96	10	1	717	811	10042279	10042374	3.44e-24	115
NC_003070.9:19767983-19769834	NC_003076.8	90.698	86	7	1	1	85	8765708	8765793	1.24e-23	113
NC_003070.9:19767983-19769834	NC_003076.8	91.463	82	6	1	5	85	1898642	1898561	4.45e-23	111
NC_003070.9:19767983-19769834	NC_003076.8	83.077	130	15	5	1719	1847	10041933	10041810	4.45e-23	111
NC_003070.9:19767983-19769834	NC_003076.8	91.463	82	6	1	5	85	14151291	14151210	4.45e-23	111
NC_003070.9:19767983-19769834	NC_003076.8	82.677	127	15	5	1720	1845	19114701	19114581	2.07e-21	106
NC_003070.9:19767983-19769834	NC_003076.8	89.412	85	8	1	2	85	21530089	21530173	2.07e-21	106
NC_003070.9:19767983-19769834	NC_003076.8	100.000	54	0	0	1284	1337	15576716	15576663	9.63e-20	100
NC_003070.9:19767983-19769834	NC_003076.8	96.296	54	2	0	1284	1337	21776322	21776269	2.08e-16	89.8
NC_003070.9:19767983-19769834	NC_003074.8	94.286	1050	49	7	796	1843	17730190	17731230	0.0	1596
NC_003070.9:19767983-19769834	NC_003074.8	94.135	1023	56	4	824	1845	17276762	17275743	0.0	1554
NC_003070.9:19767983-19769834	NC_003074.8	93.671	1027	54	9	796	1815	10820394	10819372	0.0	1526
NC_003070.9:19767983-19769834	NC_003074.8	92.621	1057	67	8	796	1849	17777020	17778068	0.0	1509
NC_003070.9:19767983-19769834	NC_003074.8	92.885	1040	51	14	824	1847	17143477	17142445	0.0	1489
NC_003070.9:19767983-19769834	NC_003074.8	93.073	1025	59	7	824	1846	20787434	20788448	0.0	1489
NC_003070.9:19767983-19769834	NC_003074.8	92.417	1055	55	11	796	1849	9767383	9766353	0.0	1482
NC_003070.9:19767983-19769834	NC_003074.8	92.578	1024	65	7	824	1845	22119643	22120657	0.0	1459
NC_003070.9:19767983-19769834	NC_003074.8	91.682	1058	76	9	796	1845	15938318	15939371	0.0	1456
NC_003070.9:19767983-19769834	NC_003074.8	91.495	1070	59	15	796	1843	16419393	16420452	0.0	1443
NC_003070.9:19767983-19769834	NC_003074.8	92.596	1013	53	9	838	1846	16451587	16452581	0.0	1435
NC_003070.9:19767983-19769834	NC_003074.8	92.545	1006	53	7	824	1813	11536869	11537868	0.0	1423
NC_003070.9:19767983-19769834	NC_003074.8	92.663	995	56	5	853	1845	17062365	17061386	0.0	1417
NC_003070.9:19767983-19769834	NC_003074.8	91.512	1025	59	11	824	1845	16562588	16563587	0.0	1386
NC_003070.9:19767983-19769834	NC_003074.8	92.169	996	48	9	853	1845	7995797	7994829	0.0	1380
NC_003070.9:19767983-19769834	NC_003074.8	91.504	1024	53	7	824	1845	15452446	15451455	0.0	1378
NC_003070.9:19767983-19769834	NC_003074.8	95.334	793	33	4	1056	1845	18019136	18019927	0.0	1256
NC_003070.9:19767983-19769834	NC_003074.8	94.697	792	39	3	1056	1845	18412509	18413299	0.0	1227
NC_003070.9:19767983-19769834	NC_003074.8	93.955	794	42	5	1056	1845	13327791	13328582	0.0	1195
NC_003070.9:19767983-19769834	NC_003074.8	93.443	793	46	6	1056	1845	3965358	3966147	0.0	1171
NC_003070.9:19767983-19769834	NC_003074.8	92.683	820	44	5	796	1614	11503511	11502707	0.0	1168
NC_003070.9:19767983-19769834	NC_003074.8	94.886	743	35	3	1103	1845	10556871	10556132	0.0	1158
NC_003070.9:19767983-19769834	NC_003074.8	93.280	744	38	4	1103	1845	10575083	10574351	0.0	1086
NC_003070.9:19767983-19769834	NC_003074.8	92.278	777	38	11	1077	1852	15485279	15484524	0.0	1083
NC_003070.9:19767983-19769834	NC_003074.8	94.611	668	33	3	796	1462	10320638	10321303	0.0	1031
NC_003070.9:19767983-19769834	NC_003074.8	94.582	646	30	5	1200	1845	5744483	5743843	0.0	994
NC_003070.9:19767983-19769834	NC_003074.8	93.720	621	31	8	1230	1848	9384376	9383762	0.0	924
NC_003070.9:19767983-19769834	NC_003074.8	94.384	552	30	1	261	811	7980082	7980633	0.0	846
NC_003070.9:19767983-19769834	NC_003074.8	89.437	568	42	8	262	812	5866429	5865863	0.0	701
NC_003070.9:19767983-19769834	NC_003074.8	89.242	567	43	9	262	812	10405959	10405395	0.0	693
NC_003070.9:19767983-19769834	NC_003074.8	88.632	563	46	11	262	808	11090440	11091000	0.0	669
NC_003070.9:19767983-19769834	NC_003074.8	88.215	577	46	13	252	812	23086100	23085530	0.0	669
NC_003070.9:19767983-19769834	NC_003074.8	87.822	583	51	10	255	821	14057693	14057115	0.0	665
NC_003070.9:19767983-19769834	NC_003074.8	87.479	583	52	9	249	812	3080012	3080592	0.0	652
NC_003070.9:19767983-19769834	NC_003074.8	87.692	585	41	15	253	809	6728916	6729497	0.0	652
NC_003070.9:19767983-19769834	NC_003074.8	87.906	554	49	11	261	799	18633942	18634492	0.0	636
NC_003070.9:19767983-19769834	NC_003074.8	93.103	435	25	3	796	1229	11967903	11968333	7.68e-180	632
NC_003070.9:19767983-19769834	NC_003074.8	87.091	581	42	11	262	811	10758002	10758580	3.57e-178	627
NC_003070.9:19767983-19769834	NC_003074.8	86.995	569	54	8	261	813	16485307	16485871	4.62e-177	623
NC_003070.9:19767983-19769834	NC_003074.8	87.346	569	39	13	262	811	10709179	10708625	1.66e-176	621
NC_003070.9:19767983-19769834	NC_003074.8	86.449	583	59	10	261	825	19437435	19436855	1.66e-176	621
NC_003070.9:19767983-19769834	NC_003074.8	87.086	573	42	17	258	811	7766621	7766062	5.98e-176	619
NC_003070.9:19767983-19769834	NC_003074.8	86.780	590	36	20	261	812	19740341	19739756	5.98e-176	619
NC_003070.9:19767983-19769834	NC_003074.8	87.063	572	43	16	256	811	17401996	17402552	2.15e-175	617
NC_003070.9:19767983-19769834	NC_003074.8	87.108	574	37	15	260	811	16405754	16405196	7.73e-175	616
NC_003070.9:19767983-19769834	NC_003074.8	86.341	593	46	14	238	812	10717771	10718346	2.78e-174	614
NC_003070.9:19767983-19769834	NC_003074.8	86.458	576	37	17	253	811	11132753	11132202	3.62e-168	593
NC_003070.9:19767983-19769834	NC_003074.8	93.069	404	24	2	824	1226	5744887	5744487	1.69e-166	588
NC_003070.9:19767983-19769834	NC_003074.8	86.292	569	40	19	262	815	4585297	4584752	2.18e-165	584
NC_003070.9:19767983-19769834	NC_003074.8	85.965	570	48	19	262	811	21552101	21552658	2.82e-164	580
NC_003070.9:19767983-19769834	NC_003074.8	85.765	562	59	12	262	805	16723120	16723678	1.31e-162	575
NC_003070.9:19767983-19769834	NC_003074.8	85.009	567	48	15	261	811	11315552	11315007	1.33e-152	542
NC_003070.9:19767983-19769834	NC_003074.8	93.872	359	21	1	824	1181	9384740	9384382	4.79e-152	540
NC_003070.9:19767983-19769834	NC_003074.8	85.662	544	36	13	284	811	422680	423197	2.23e-150	534
NC_003070.9:19767983-19769834	NC_003074.8	93.729	303	17	2	1056	1357	17299583	17299282	6.42e-126	453
NC_003070.9:19767983-19769834	NC_003074.8	92.880	309	14	6	797	1104	17300245	17299944	1.39e-122	442
NC_003070.9:19767983-19769834	NC_003074.8	87.824	386	27	11	260	627	15814493	15814110	2.32e-120	435
NC_003070.9:19767983-19769834	NC_003074.8	93.728	287	17	1	1559	1845	11968332	11968617	1.08e-118	429
NC_003070.9:19767983-19769834	NC_003074.8	86.614	381	36	5	445	811	4579616	4579237	5.07e-112	407
NC_003070.9:19767983-19769834	NC_003074.8	85.090	389	22	17	260	628	16234658	16235030	3.09e-99	364
NC_003070.9:19767983-19769834	NC_003074.8	90.943	265	21	1	1	262	10557347	10557083	6.69e-96	353
NC_003070.9:19767983-19769834	NC_003074.8	91.188	261	20	2	5	262	17299937	17299677	2.41e-95	351
NC_003070.9:19767983-19769834	NC_003074.8	90.602	266	21	3	1	262	17776768	17777033	8.66e-95	350
NC_003070.9:19767983-19769834	NC_003074.8	90.805	261	21	2	5	262	11503758	11503498	1.12e-93	346
NC_003070.9:19767983-19769834	NC_003074.8	95.023	221	9	2	796	1015	15485499	15485280	1.12e-93	346
NC_003070.9:19767983-19769834	NC_003074.8	89.706	272	23	3	1	269	16419143	16419412	1.45e-92	342
NC_003070.9:19767983-19769834	NC_003074.8	90.152	264	23	2	2	262	13327434	13327697	5.21e-92	340
NC_003070.9:19767983-19769834	NC_003074.8	89.850	266	23	3	1	262	15485751	15485486	1.87e-91	339
NC_003070.9:19767983-19769834	NC_003074.8	89.773	264	24	2	2	262	17729940	17730203	2.42e-90	335
NC_003070.9:19767983-19769834	NC_003074.8	89.773	264	21	5	1	261	18412153	18412413	8.72e-90	333
NC_003070.9:19767983-19769834	NC_003074.8	89.615	260	22	3	5	262	9767626	9767370	1.46e-87	326
NC_003070.9:19767983-19769834	NC_003074.8	89.354	263	22	5	2	261	18018781	18019040	1.46e-87	326
NC_003070.9:19767983-19769834	NC_003074.8	92.000	225	16	2	796	1020	10575308	10575086	3.16e-84	315
NC_003070.9:19767983-19769834	NC_003074.8	89.723	253	15	2	1603	1845	8757570	8757821	1.14e-83	313
NC_003070.9:19767983-19769834	NC_003074.8	93.023	215	14	1	796	1010	10557096	10556883	1.14e-83	313
NC_003070.9:19767983-19769834	NC_003074.8	89.796	245	20	5	22	262	3965021	3965264	1.47e-82	309
NC_003070.9:19767983-19769834	NC_003074.8	91.364	220	13	6	249	465	20769588	20769804	1.14e-78	296
NC_003070.9:19767983-19769834	NC_003074.8	88.525	244	21	7	257	495	11588632	11588873	1.91e-76	289
NC_003070.9:19767983-19769834	NC_003074.8	86.792	265	19	4	255	517	18885617	18885867	3.20e-74	281
NC_003070.9:19767983-19769834	NC_003074.8	87.395	238	26	3	260	495	6940597	6940832	6.94e-71	270
NC_003070.9:19767983-19769834	NC_003074.8	86.508	252	26	7	249	495	10901659	10901411	6.94e-71	270
NC_003070.9:19767983-19769834	NC_003074.8	85.502	269	28	11	235	495	18495117	18495382	6.94e-71	270
NC_003070.9:19767983-19769834	NC_003074.8	85.069	288	12	10	1056	1342	1571723	1571980	3.23e-69	265
NC_003070.9:19767983-19769834	NC_003074.8	89.202	213	21	1	52	262	10575507	10575295	3.23e-69	265
NC_003070.9:19767983-19769834	NC_003074.8	88.106	227	13	5	271	495	8329494	8329280	5.40e-67	257
NC_003070.9:19767983-19769834	NC_003074.8	89.231	195	19	2	1	194	10320411	10320604	1.51e-62	243
NC_003070.9:19767983-19769834	NC_003074.8	89.655	174	14	4	262	431	15918093	15918266	2.55e-55	219
NC_003070.9:19767983-19769834	NC_003074.8	83.475	236	20	10	264	495	16903199	16902979	2.57e-50	202
NC_003070.9:19767983-19769834	NC_003074.8	94.915	118	6	0	145	262	9384863	9384746	2.58e-45	185
NC_003070.9:19767983-19769834	NC_003074.8	80.545	257	21	12	243	495	8596084	8596315	7.24e-41	171
NC_003070.9:19767983-19769834	NC_003074.8	95.283	106	5	0	157	262	15938226	15938331	2.60e-40	169
NC_003070.9:19767983-19769834	NC_003074.8	92.373	118	9	0	145	262	17276885	17276768	2.60e-40	169
NC_003070.9:19767983-19769834	NC_003074.8	93.396	106	7	0	157	262	15452557	15452452	5.63e-37	158
NC_003070.9:19767983-19769834	NC_003074.8	87.970	133	12	3	541	671	18887305	18887435	7.29e-36	154
NC_003070.9:19767983-19769834	NC_003074.8	86.923	130	14	3	1721	1847	8645212	8645341	1.58e-32	143
NC_003070.9:19767983-19769834	NC_003074.8	91.837	98	6	2	796	893	1571615	1571710	2.64e-30	135
NC_003070.9:19767983-19769834	NC_003074.8	95.181	83	3	1	811	893	18412415	18412496	1.23e-28	130
NC_003070.9:19767983-19769834	NC_003074.8	94.048	84	4	1	811	894	18019042	18019124	1.59e-27	126
NC_003070.9:19767983-19769834	NC_003074.8	84.328	134	14	7	1719	1845	16234793	16234660	5.71e-27	124
NC_003070.9:19767983-19769834	NC_003074.8	83.333	132	19	3	1719	1847	6729054	6728923	2.66e-25	119
NC_003070.9:19767983-19769834	NC_003074.8	89.535	86	8	1	1	85	7996637	7996552	5.75e-22	108
NC_003070.9:19767983-19769834	NC_003074.8	89.412	85	8	1	2	85	15937286	15937370	2.07e-21	106
NC_003070.9:19767983-19769834	NC_003074.8	90.244	82	7	1	5	85	17063226	17063145	2.07e-21	106
NC_003070.9:19767983-19769834	NC_003074.8	95.385	65	3	0	2	66	3716342	3716406	7.44e-21	104
NC_003070.9:19767983-19769834	NC_003074.8	77.848	158	11	16	1311	1464	15667806	15667669	1.62e-12	76.8
NC_003070.9:19767983-19769834	NC_003074.8	89.130	46	1	2	1801	1846	4274970	4274929	7.60e-06	54.7
NC_003070.9:20172057-20172809	NC_003070.9	100.000	753	0	0	1	753	20172809	20172057	0.0	1391
NC_003070.9:20172057-20172809	NC_003070.9	95.620	548	21	2	205	752	29774802	29774258	0.0	876
NC_003070.9:20172057-20172809	NC_003070.9	93.560	559	18	10	205	749	5437466	5436912	0.0	817
NC_003070.9:20172057-20172809	NC_003070.9	90.504	516	29	7	205	719	6514800	6515296	0.0	664
NC_003070.9:20172057-20172809	NC_003070.9	87.671	584	30	11	205	750	697052	696473	0.0	641
NC_003070.9:20172057-20172809	NC_003070.9	88.866	476	44	7	207	676	20514002	20514474	1.45e-163	577
NC_003070.9:20172057-20172809	NC_003070.9	89.195	472	36	4	205	676	9384712	9384256	5.23e-163	575
NC_003070.9:20172057-20172809	NC_003070.9	88.771	472	37	5	205	676	18300821	18300366	1.13e-159	564
NC_003070.9:20172057-20172809	NC_003070.9	86.498	474	54	7	205	676	9418625	9418160	4.16e-144	512
NC_003070.9:20172057-20172809	NC_003070.9	86.469	473	55	7	205	676	21128311	21128775	1.50e-143	510
NC_003070.9:20172057-20172809	NC_003070.9	86.047	473	59	5	205	676	21615859	21615393	9.00e-141	501
NC_003070.9:20172057-20172809	NC_003070.9	83.544	553	71	17	206	744	3250928	3251474	3.24e-140	499
NC_003070.9:20172057-20172809	NC_003070.9	85.865	474	57	8	205	676	20167232	20166767	4.19e-139	496
NC_003070.9:20172057-20172809	NC_003070.9	85.504	476	62	6	202	676	12618958	12619427	1.95e-137	490
NC_003070.9:20172057-20172809	NC_003070.9	87.368	380	42	5	298	676	20560071	20559697	1.20e-119	431
NC_003070.9:20172057-20172809	NC_003070.9	83.641	434	63	6	244	676	14013896	14013470	9.39e-111	401
NC_003070.9:20172057-20172809	NC_003070.9	85.789	380	48	5	298	676	10579670	10580044	1.21e-109	398
NC_003070.9:20172057-20172809	NC_003070.9	82.664	473	40	23	206	676	8623284	8622852	1.22e-104	381
NC_003070.9:20172057-20172809	NC_003070.9	95.074	203	9	1	1	203	697374	697173	9.73e-86	318
NC_003070.9:20172057-20172809	NC_003070.9	95.025	201	10	0	1	201	8538889	8539089	3.50e-85	316
NC_003070.9:20172057-20172809	NC_003070.9	94.527	201	9	1	1	201	5437788	5437590	5.85e-83	309
NC_003070.9:20172057-20172809	NC_003070.9	93.532	201	13	0	1	201	10239320	10239520	3.52e-80	300
NC_003070.9:20172057-20172809	NC_003070.9	93.035	201	14	0	1	201	6514476	6514676	1.64e-78	294
NC_003070.9:20172057-20172809	NC_003070.9	89.055	201	22	0	1	201	8623608	8623408	3.60e-65	250
NC_003070.9:20172057-20172809	NC_003070.9	93.293	164	11	0	1	164	29775140	29774977	6.02e-63	243
NC_003070.9:20172057-20172809	NC_003070.9	87.065	201	12	3	1	201	14014231	14014045	1.31e-54	215
NC_003070.9:20172057-20172809	NC_003070.9	81.690	213	29	9	537	747	10852872	10852668	1.04e-40	169
NC_003070.9:20172057-20172809	NC_003070.9	77.876	226	32	16	537	751	22192336	22192554	2.28e-27	124
NC_003070.9:20172057-20172809	NC_003070.9	91.026	78	6	1	673	749	8190482	8190559	2.97e-21	104
NC_003070.9:20172057-20172809	NC_003070.9	89.062	64	6	1	1	63	4770665	4770602	1.80e-13	78.7
NC_003070.9:20172057-20172809	NC_003074.8	96.547	753	23	3	1	753	11456304	11455555	0.0	1243
NC_003070.9:20172057-20172809	NC_003074.8	95.219	753	29	6	1	753	19529023	19529768	0.0	1184
NC_003070.9:20172057-20172809	NC_003074.8	94.274	751	36	6	1	749	4977268	4978013	0.0	1142
NC_003070.9:20172057-20172809	NC_003074.8	93.053	547	32	6	207	752	8596641	8596100	0.0	795
NC_003070.9:20172057-20172809	NC_003074.8	93.511	524	31	3	205	728	4467937	4468457	0.0	776
NC_003070.9:20172057-20172809	NC_003074.8	93.235	473	27	4	205	676	18171507	18171039	0.0	691
NC_003070.9:20172057-20172809	NC_003074.8	86.014	572	41	13	205	752	20770151	20769595	1.45e-163	577
NC_003070.9:20172057-20172809	NC_003074.8	84.517	549	66	16	206	740	8328951	8329494	5.34e-148	525
NC_003070.9:20172057-20172809	NC_003074.8	86.653	472	61	2	205	676	6941163	6940694	6.91e-147	521
NC_003070.9:20172057-20172809	NC_003074.8	86.709	474	54	7	205	676	16534971	16534505	8.94e-146	518
NC_003070.9:20172057-20172809	NC_003074.8	86.469	473	56	6	205	676	10901084	10901549	4.16e-144	512
NC_003070.9:20172057-20172809	NC_003074.8	86.287	474	56	8	205	676	5591321	5590855	1.93e-142	507
NC_003070.9:20172057-20172809	NC_003074.8	86.229	472	58	6	207	676	16677940	16678406	6.96e-142	505
NC_003070.9:20172057-20172809	NC_003074.8	86.017	472	58	6	207	676	18495708	18495243	3.24e-140	499
NC_003070.9:20172057-20172809	NC_003074.8	86.449	428	50	7	205	630	16902651	16903072	4.25e-129	462
NC_003070.9:20172057-20172809	NC_003074.8	84.881	377	41	10	265	630	17210070	17209699	3.43e-100	366
NC_003070.9:20172057-20172809	NC_003074.8	95.500	200	9	0	1	200	8596967	8596768	2.70e-86	320
NC_003070.9:20172057-20172809	NC_003074.8	92.040	201	16	0	1	201	6941484	6941284	3.55e-75	283
NC_003070.9:20172057-20172809	NC_003074.8	88.571	140	14	2	537	676	19437201	19437338	1.04e-40	169
NC_003070.9:20172057-20172809	NC_003074.8	96.610	59	2	0	673	731	18171019	18170961	1.38e-19	99.0
NC_003070.9:20172057-20172809	NC_003074.8	90.625	64	5	1	1	63	7937571	7937508	3.86e-15	84.2
NC_003070.9:20172057-20172809	NC_003071.7	96.026	755	25	4	1	753	9584607	9585358	0.0	1223
NC_003070.9:20172057-20172809	NC_003071.7	94.400	750	23	5	1	749	6901191	6901922	0.0	1134
NC_003070.9:20172057-20172809	NC_003071.7	93.867	750	31	2	1	750	7093820	7094554	0.0	1116
NC_003070.9:20172057-20172809	NC_003071.7	96.703	546	16	2	205	749	9030131	9030675	0.0	907
NC_003070.9:20172057-20172809	NC_003071.7	96.168	548	18	2	205	752	1347753	1347209	0.0	893
NC_003070.9:20172057-20172809	NC_003071.7	94.364	550	13	5	205	753	7177269	7176737	0.0	828
NC_003070.9:20172057-20172809	NC_003071.7	93.945	545	30	3	205	749	8173159	8173700	0.0	821
NC_003070.9:20172057-20172809	NC_003071.7	93.186	543	33	4	205	747	10070640	10070102	0.0	795
NC_003070.9:20172057-20172809	NC_003071.7	92.909	550	22	4	205	753	14572218	14572751	0.0	784
NC_003070.9:20172057-20172809	NC_003071.7	86.076	474	58	7	205	676	1322534	1322067	2.50e-141	503
NC_003070.9:20172057-20172809	NC_003071.7	82.686	566	48	18	207	749	1038587	1038049	1.98e-127	457
NC_003070.9:20172057-20172809	NC_003071.7	85.548	429	53	8	205	630	9455638	9456060	1.99e-122	440
NC_003070.9:20172057-20172809	NC_003071.7	84.534	472	39	17	207	676	10996718	10996279	2.57e-121	436
NC_003070.9:20172057-20172809	NC_003071.7	84.388	474	38	17	207	676	1384091	1383650	3.33e-120	433
NC_003070.9:20172057-20172809	NC_003071.7	95.522	201	9	0	1	201	9029807	9030007	7.52e-87	322
NC_003070.9:20172057-20172809	NC_003071.7	94.500	200	11	0	1	200	8172835	8173034	5.85e-83	309
NC_003070.9:20172057-20172809	NC_003071.7	94.500	200	11	0	1	200	10070964	10070765	5.85e-83	309
NC_003070.9:20172057-20172809	NC_003071.7	94.059	202	11	1	1	201	1038913	1038712	7.57e-82	305
NC_003070.9:20172057-20172809	NC_003071.7	94.030	201	12	0	1	201	1348076	1347876	7.57e-82	305
NC_003070.9:20172057-20172809	NC_003071.7	93.532	201	13	0	1	201	14571894	14572094	3.52e-80	300
NC_003070.9:20172057-20172809	NC_003071.7	91.045	201	18	0	1	201	11909720	11909520	7.68e-72	272
NC_003070.9:20172057-20172809	NC_003071.7	88.584	219	21	4	359	574	9311241	9311458	4.62e-69	263
NC_003070.9:20172057-20172809	NC_003076.8	96.154	546	18	3	205	749	24313952	24314495	0.0	889
NC_003070.9:20172057-20172809	NC_003076.8	93.554	543	32	3	207	749	26892860	26893399	0.0	806
NC_003070.9:20172057-20172809	NC_003076.8	92.634	543	36	4	207	749	9867168	9867706	0.0	778
NC_003070.9:20172057-20172809	NC_003076.8	92.364	550	26	6	200	749	16373318	16373851	0.0	769
NC_003070.9:20172057-20172809	NC_003076.8	92.250	529	30	7	205	726	17398425	17397901	0.0	739
NC_003070.9:20172057-20172809	NC_003076.8	86.051	509	61	9	205	710	7488656	7488155	6.86e-152	538
NC_003070.9:20172057-20172809	NC_003076.8	85.996	507	57	11	207	711	5648438	5647944	1.15e-149	531
NC_003070.9:20172057-20172809	NC_003076.8	84.359	569	46	17	207	749	8602370	8601819	8.94e-146	518
NC_003070.9:20172057-20172809	NC_003076.8	86.047	473	54	9	205	676	15162564	15163025	1.16e-139	497
NC_003070.9:20172057-20172809	NC_003076.8	85.835	473	60	6	205	676	15535690	15535224	4.19e-139	496
NC_003070.9:20172057-20172809	NC_003076.8	85.021	474	64	6	205	676	22021295	22021763	5.45e-133	475
NC_003070.9:20172057-20172809	NC_003076.8	88.030	401	46	2	208	607	9298441	9298840	1.96e-132	473
NC_003070.9:20172057-20172809	NC_003076.8	84.774	486	55	7	205	676	15031490	15031010	2.54e-131	470
NC_003070.9:20172057-20172809	NC_003076.8	83.898	472	65	5	205	676	14079746	14080206	1.99e-122	440
NC_003070.9:20172057-20172809	NC_003076.8	88.986	345	33	3	236	579	26891978	26892318	7.21e-117	422
NC_003070.9:20172057-20172809	NC_003076.8	87.791	344	35	4	236	579	17481492	17481828	4.37e-109	396
NC_003070.9:20172057-20172809	NC_003076.8	94.527	201	11	0	1	201	24313641	24313841	1.63e-83	311
NC_003070.9:20172057-20172809	NC_003076.8	94.527	201	10	1	1	201	16372999	16373198	5.85e-83	309
NC_003070.9:20172057-20172809	NC_003076.8	94.000	200	12	0	1	200	17398749	17398550	2.72e-81	303
NC_003070.9:20172057-20172809	NC_003076.8	94.709	189	10	0	12	200	26892545	26892733	1.64e-78	294
NC_003070.9:20172057-20172809	NC_003076.8	92.537	201	15	0	1	201	23130214	23130014	7.63e-77	289
NC_003070.9:20172057-20172809	NC_003076.8	90.594	202	15	3	1	201	8602694	8602496	1.29e-69	265
NC_003070.9:20172057-20172809	NC_003076.8	90.000	200	18	2	1	200	9298126	9298323	2.15e-67	257
NC_003070.9:20172057-20172809	NC_003076.8	86.429	140	16	3	537	676	5625388	5625524	3.76e-35	150
NC_003070.9:20172057-20172809	NC_003076.8	82.759	87	14	1	4	90	10049092	10049007	6.46e-13	76.8
NC_003070.9:20172057-20172809	NC_003075.7	96.147	545	20	1	205	749	7383958	7383415	0.0	889
NC_003070.9:20172057-20172809	NC_003075.7	93.761	545	29	5	205	749	12698823	12699362	0.0	813
NC_003070.9:20172057-20172809	NC_003075.7	87.315	473	53	6	205	676	8899400	8899866	8.87e-151	534
NC_003070.9:20172057-20172809	NC_003075.7	87.131	474	53	6	205	676	8820370	8819903	1.15e-149	531
NC_003070.9:20172057-20172809	NC_003075.7	86.885	427	50	5	205	630	1199263	1198842	1.96e-132	473
NC_003070.9:20172057-20172809	NC_003075.7	84.823	481	62	5	205	676	17501634	17502112	1.96e-132	473
NC_003070.9:20172057-20172809	NC_003075.7	85.682	440	54	7	238	676	6243292	6243723	7.11e-127	455
NC_003070.9:20172057-20172809	NC_003075.7	86.816	402	39	9	208	608	1100594	1100982	2.57e-121	436
NC_003070.9:20172057-20172809	NC_003075.7	95.000	200	9	1	1	200	12698500	12698698	4.53e-84	313
NC_003070.9:20172057-20172809	NC_003075.7	94.030	201	12	0	1	201	7384282	7384082	7.57e-82	305
NC_003070.9:20172057-20172809	NC_003075.7	93.035	201	14	0	1	201	17501313	17501513	1.64e-78	294
NC_003070.9:20172057-20172809	NC_003075.7	91.045	201	16	2	1	201	1100279	1100477	2.76e-71	270
NC_003070.9:20172057-20172809	NC_003075.7	82.128	235	18	8	537	749	6115671	6115903	4.79e-44	180
NC_003070.9:20172057-20172809	NC_003075.7	92.188	64	4	1	1	63	964407	964344	8.30e-17	89.8
NC_003070.9:20172057-20172809	NC_003075.7	85.366	82	11	1	1	81	5114008	5114089	3.86e-15	84.2
NC_003070.9:20172057-20172809	NC_003075.7	91.667	60	4	1	1	59	9188717	9188776	1.39e-14	82.4
NC_003070.9:20172057-20172809	NC_003075.7	83.721	86	12	2	1	85	8725655	8725571	5.00e-14	80.5
NC_003070.9:20172057-20172809	NC_003075.7	90.164	61	5	1	1	60	5433225	5433285	1.80e-13	78.7
NC_003070.9:19234708-19237401	NC_003070.9	100.000	2694	0	0	1	2694	19237401	19234708	0.0	4975
NC_003070.9:19234708-19237401	NC_003070.9	90.402	969	57	20	1690	2632	17513562	17514520	0.0	1242
NC_003070.9:19234708-19237401	NC_003070.9	84.431	668	48	21	371	1015	17512575	17513209	6.80e-172	606
NC_003070.9:19234708-19237401	NC_003070.9	93.141	277	17	2	1	275	12333648	12333924	2.66e-111	405
NC_003070.9:19234708-19237401	NC_003070.9	93.116	276	17	2	1	274	19941384	19941659	9.57e-111	403
NC_003070.9:19234708-19237401	NC_003070.9	85.751	393	33	13	1	385	10524717	10525094	5.76e-108	394
NC_003070.9:19234708-19237401	NC_003070.9	91.697	277	21	2	1	275	9551057	9550781	1.25e-104	383
NC_003070.9:19234708-19237401	NC_003070.9	89.493	276	23	5	1822	2097	19235225	19234956	5.89e-93	344
NC_003070.9:19234708-19237401	NC_003070.9	89.493	276	23	5	2177	2446	19235580	19235305	5.89e-93	344
NC_003070.9:19234708-19237401	NC_003070.9	89.259	270	22	6	1823	2089	17514061	17514326	4.58e-89	331
NC_003070.9:19234708-19237401	NC_003070.9	92.308	208	10	5	47	252	12620781	12620984	7.78e-77	291
NC_003070.9:19234708-19237401	NC_003070.9	93.711	159	9	1	16	173	12618481	12618639	1.03e-60	237
NC_003070.9:19234708-19237401	NC_003070.9	93.103	145	8	2	1018	1162	17513094	17513236	6.23e-53	211
NC_003070.9:19234708-19237401	NC_003070.9	94.215	121	6	1	899	1018	19236384	19236264	1.36e-44	183
NC_003070.9:19234708-19237401	NC_003070.9	94.215	121	6	1	1018	1138	19236503	19236384	1.36e-44	183
NC_003070.9:19234708-19237401	NC_003070.9	95.294	85	4	0	2610	2694	9547217	9547133	3.86e-30	135
NC_003070.9:19234708-19237401	NC_003070.9	82.390	159	19	5	532	681	19236616	19236458	1.79e-28	130
NC_003070.9:19234708-19237401	NC_003070.9	82.390	159	19	5	786	944	19236870	19236721	1.79e-28	130
NC_003070.9:19234708-19237401	NC_003070.9	88.750	80	8	1	1	79	21786995	21787074	1.82e-18	97.1
NC_003070.9:19234708-19237401	NC_003070.9	88.750	80	8	1	1	79	21823253	21823332	1.82e-18	97.1
NC_003070.9:19234708-19237401	NC_003070.9	78.261	161	15	9	532	681	17512987	17513138	3.94e-15	86.1
NC_003070.9:19234708-19237401	NC_003070.9	97.222	36	1	0	24	59	12620746	12620781	6.64e-08	62.1
NC_003070.9:19234708-19237401	NC_003070.9	100.000	32	0	0	1606	1637	11212526	11212557	2.39e-07	60.2
NC_003070.9:19234708-19237401	NC_003076.8	94.673	657	26	8	1996	2646	15196034	15195381	0.0	1011
NC_003070.9:19234708-19237401	NC_003076.8	90.758	660	35	9	383	1018	10152043	10152700	0.0	857
NC_003070.9:19234708-19237401	NC_003076.8	93.590	390	18	7	1	385	15198078	15197691	1.92e-162	575
NC_003070.9:19234708-19237401	NC_003076.8	91.837	294	13	6	1018	1311	15196691	15196409	1.24e-109	399
NC_003070.9:19234708-19237401	NC_003076.8	91.497	294	10	2	1018	1311	10152580	10152858	7.45e-107	390
NC_003070.9:19234708-19237401	NC_003076.8	85.095	369	44	8	22	385	20266957	20266595	1.26e-99	366
NC_003070.9:19234708-19237401	NC_003076.8	85.013	387	21	22	1	385	10151177	10151528	2.10e-97	359
NC_003070.9:19234708-19237401	NC_003076.8	89.493	276	24	5	1822	2097	15195851	15195581	5.89e-93	344
NC_003070.9:19234708-19237401	NC_003076.8	90.950	221	19	1	1418	1637	26161625	26161405	1.67e-78	296
NC_003070.9:19234708-19237401	NC_003076.8	88.710	248	11	5	583	813	15196969	15196722	1.01e-75	287
NC_003070.9:19234708-19237401	NC_003076.8	89.545	220	23	0	1418	1637	7430788	7431007	1.68e-73	279
NC_003070.9:19234708-19237401	NC_003076.8	94.022	184	8	2	1639	1819	15196265	15196082	2.18e-72	276
NC_003070.9:19234708-19237401	NC_003076.8	96.599	147	5	0	378	524	15197116	15196970	6.14e-63	244
NC_003070.9:19234708-19237401	NC_003076.8	92.949	156	8	3	864	1018	15196726	15196573	8.00e-57	224
NC_003070.9:19234708-19237401	NC_003076.8	85.268	224	26	2	1408	1631	26290610	26290826	8.00e-57	224
NC_003070.9:19234708-19237401	NC_003076.8	87.037	162	18	3	786	944	10152192	10152353	1.76e-43	180
NC_003070.9:19234708-19237401	NC_003076.8	98.958	96	0	1	1908	2002	10161017	10161112	1.06e-40	171
NC_003070.9:19234708-19237401	NC_003076.8	85.890	163	2	8	1639	1799	10152887	10153030	1.06e-35	154
NC_003070.9:19234708-19237401	NC_003076.8	97.403	77	2	0	2610	2686	10162432	10162508	4.99e-29	132
NC_003070.9:19234708-19237401	NC_003076.8	95.082	61	3	0	1820	1880	10160968	10161028	1.82e-18	97.1
NC_003070.9:19234708-19237401	NC_003076.8	92.308	52	2	1	637	686	15196690	15196639	3.07e-11	73.1
NC_003070.9:19234708-19237401	NC_003071.7	92.598	662	32	6	371	1018	10037525	10038183	0.0	935
NC_003070.9:19234708-19237401	NC_003071.7	88.906	658	36	10	371	1015	13065467	13066100	0.0	776
NC_003070.9:19234708-19237401	NC_003071.7	88.604	623	28	25	1639	2224	13066304	13066920	0.0	717
NC_003070.9:19234708-19237401	NC_003071.7	94.180	378	16	5	2	376	10036535	10036909	2.48e-161	571
NC_003070.9:19234708-19237401	NC_003071.7	90.838	382	27	4	1	376	13064507	13064886	2.55e-141	505
NC_003070.9:19234708-19237401	NC_003071.7	96.610	295	8	2	1018	1311	13065982	13066275	2.57e-136	488
NC_003070.9:19234708-19237401	NC_003071.7	95.918	294	9	3	1018	1311	10038065	10038355	7.19e-132	473
NC_003070.9:19234708-19237401	NC_003071.7	89.238	223	23	1	1411	1633	14415317	14415538	6.05e-73	278
NC_003070.9:19234708-19237401	NC_003071.7	88.182	220	22	2	1418	1637	2197076	2197291	2.19e-67	259
NC_003070.9:19234708-19237401	NC_003071.7	90.909	187	14	3	1	184	1321671	1321857	4.75e-64	248
NC_003070.9:19234708-19237401	NC_003071.7	89.759	166	17	0	1418	1583	424764	424929	1.73e-53	213
NC_003070.9:19234708-19237401	NC_003071.7	89.308	159	16	1	786	944	13065609	13065766	4.85e-49	198
NC_003070.9:19234708-19237401	NC_003071.7	95.041	121	4	2	1639	1757	10038384	10038504	2.92e-46	189
NC_003070.9:19234708-19237401	NC_003071.7	86.503	163	18	4	786	944	10037685	10037847	2.27e-42	176
NC_003070.9:19234708-19237401	NC_003071.7	96.907	97	1	1	1908	2002	10038544	10038640	6.36e-38	161
NC_003070.9:19234708-19237401	NC_003071.7	96.386	83	2	1	2610	2691	10039944	10040026	3.86e-30	135
NC_003070.9:19234708-19237401	NC_003071.7	89.524	105	10	1	216	320	1321858	1321961	4.99e-29	132
NC_003070.9:19234708-19237401	NC_003071.7	94.186	86	4	1	2610	2694	13068313	13068398	1.79e-28	130
NC_003070.9:19234708-19237401	NC_003071.7	96.296	54	2	0	1827	1880	10038502	10038555	3.04e-16	89.8
NC_003070.9:19234708-19237401	NC_003071.7	94.872	39	2	0	1605	1643	2197109	2197071	6.64e-08	62.1
NC_003070.9:19234708-19237401	NC_003071.7	100.000	33	0	0	1605	1637	2197635	2197603	6.64e-08	62.1
NC_003070.9:19234708-19237401	NC_003074.8	91.244	434	22	4	598	1018	16993690	16993260	5.33e-163	577
NC_003070.9:19234708-19237401	NC_003074.8	91.774	389	16	11	1	385	16995868	16995492	5.44e-148	527
NC_003070.9:19234708-19237401	NC_003074.8	96.259	294	10	1	1018	1311	16993380	16993088	4.30e-134	481
NC_003070.9:19234708-19237401	NC_003074.8	94.326	282	11	4	98	376	16994740	16994461	5.68e-118	427
NC_003070.9:19234708-19237401	NC_003074.8	88.579	359	27	10	22	376	18725709	18725361	7.35e-117	424
NC_003070.9:19234708-19237401	NC_003074.8	92.177	294	15	7	98	385	16995435	16995144	2.06e-112	409
NC_003070.9:19234708-19237401	NC_003074.8	93.165	278	17	2	1	276	18727104	18726827	7.40e-112	407
NC_003070.9:19234708-19237401	NC_003074.8	89.091	220	24	0	1418	1637	16169771	16169552	7.83e-72	274
NC_003070.9:19234708-19237401	NC_003074.8	94.611	167	8	1	374	540	16993857	16993692	7.89e-67	257
NC_003070.9:19234708-19237401	NC_003074.8	96.154	78	3	0	2610	2687	16992641	16992564	6.45e-28	128
NC_003070.9:19234708-19237401	NC_003074.8	91.860	86	4	3	2610	2694	18723781	18723698	1.40e-24	117
NC_003070.9:19234708-19237401	NC_003074.8	89.130	92	7	3	853	944	16993684	16993596	6.50e-23	111
NC_003070.9:19234708-19237401	NC_003075.7	91.705	217	18	0	1421	1637	11769214	11768998	3.59e-80	302
NC_003070.9:19234708-19237401	NC_003075.7	87.952	249	24	6	1066	1311	9493348	9493593	2.80e-76	289
NC_003070.9:19234708-19237401	NC_003075.7	85.211	284	24	10	1820	2097	9494022	9494293	2.18e-72	276
NC_003070.9:19234708-19237401	NC_003075.7	89.333	75	3	5	947	1018	9493349	9493421	3.04e-16	89.8
NC_003070.9:19290345-19292787	NC_003070.9	100.000	2443	0	0	1	2443	19290345	19292787	0.0	4512
NC_003070.9:19290345-19292787	NC_003070.9	98.343	1750	23	4	390	2134	10593357	10595105	0.0	3066
NC_003070.9:19290345-19292787	NC_003070.9	98.462	390	6	0	3	392	10592060	10592449	0.0	688
NC_003070.9:19290345-19292787	NC_003070.9	93.168	322	5	11	2118	2437	10595144	10595450	6.56e-127	457
NC_003070.9:19290345-19292787	NC_003070.9	92.593	216	13	3	1327	1539	8288731	8288946	6.99e-82	307
NC_003070.9:19290345-19292787	NC_003070.9	90.104	192	18	1	691	882	8288107	8288297	4.30e-64	248
NC_003070.9:19290345-19292787	NC_003075.7	98.571	1749	23	2	390	2137	8743015	8741268	0.0	3090
NC_003070.9:19290345-19292787	NC_003075.7	98.724	392	5	0	1	392	8744316	8743925	0.0	697
NC_003070.9:19290345-19292787	NC_003075.7	95.732	328	5	4	2118	2443	8741232	8740912	8.25e-146	520
NC_003070.9:19290345-19292787	NC_003071.7	87.027	185	20	4	3	185	1824699	1824881	2.62e-51	206
NC_003070.9:19290345-19292787	NC_003071.7	89.726	146	11	2	19	163	4197017	4197159	1.23e-44	183
NC_003070.9:20703909-20704575	NC_003070.9	100.000	667	0	0	1	667	20703909	20704575	0.0	1232
NC_003070.9:20703909-20704575	NC_003070.9	92.351	353	25	2	316	667	1194662	1194311	7.93e-141	501
NC_003070.9:20703909-20704575	NC_003070.9	91.967	361	18	6	316	667	19780658	19780300	3.69e-139	496
NC_003070.9:20703909-20704575	NC_003070.9	91.808	354	27	2	316	667	3023836	3023483	4.78e-138	492
NC_003070.9:20703909-20704575	NC_003070.9	91.738	351	27	2	316	665	18632490	18632141	2.22e-136	486
NC_003070.9:20703909-20704575	NC_003070.9	91.243	354	28	3	316	667	18321048	18321400	3.72e-134	479
NC_003070.9:20703909-20704575	NC_003070.9	90.517	348	26	5	320	665	5799082	5798740	2.25e-126	453
NC_003070.9:20703909-20704575	NC_003070.9	89.394	330	30	5	316	642	26880531	26880204	1.38e-113	411
NC_003070.9:20703909-20704575	NC_003071.7	96.884	353	8	2	316	667	6262854	6263204	5.92e-167	588
NC_003070.9:20703909-20704575	NC_003071.7	97.484	318	7	1	1	317	6261940	6262257	4.68e-153	542
NC_003070.9:20703909-20704575	NC_003071.7	93.220	354	22	2	316	667	4759416	4759063	2.19e-146	520
NC_003070.9:20703909-20704575	NC_003071.7	92.938	354	22	3	316	667	8103147	8103499	3.67e-144	512
NC_003070.9:20703909-20704575	NC_003071.7	92.351	353	25	2	316	667	6992592	6992943	7.93e-141	501
NC_003070.9:20703909-20704575	NC_003071.7	100.000	32	0	0	636	667	6683082	6683113	5.74e-08	60.2
NC_003070.9:20703909-20704575	NC_003076.8	92.635	353	23	2	316	667	13786988	13787338	6.13e-142	505
NC_003070.9:20703909-20704575	NC_003076.8	92.068	353	27	1	316	667	5801632	5801280	3.69e-139	496
NC_003070.9:20703909-20704575	NC_003076.8	90.935	353	31	1	316	667	16211817	16212169	1.73e-132	473
NC_003070.9:20703909-20704575	NC_003076.8	90.935	353	30	2	316	667	17359674	17359323	1.73e-132	473
NC_003070.9:20703909-20704575	NC_003076.8	89.518	353	29	5	316	667	10187939	10188284	1.75e-122	440
NC_003070.9:20703909-20704575	NC_003076.8	88.701	354	21	6	316	667	21174882	21175218	1.06e-114	414
NC_003070.9:20703909-20704575	NC_003076.8	96.410	195	7	0	473	667	19018814	19018620	6.63e-87	322
NC_003070.9:20703909-20704575	NC_003076.8	96.970	33	0	1	636	667	10372136	10372168	2.67e-06	54.7
NC_003070.9:20703909-20704575	NC_003075.7	92.394	355	23	4	316	667	4948608	4948255	2.21e-141	503
NC_003070.9:20703909-20704575	NC_003075.7	92.857	336	23	1	316	651	18232665	18232331	2.22e-136	486
NC_003070.9:20703909-20704575	NC_003075.7	92.683	328	21	2	341	667	5478668	5478343	2.24e-131	470
NC_003070.9:20703909-20704575	NC_003075.7	90.935	353	27	3	316	667	8421447	8421099	2.24e-131	470
NC_003070.9:20703909-20704575	NC_003075.7	90.368	353	17	7	316	665	6944101	6943763	1.05e-124	448
NC_003070.9:20703909-20704575	NC_003075.7	89.744	351	22	4	316	665	5836710	5836373	2.27e-121	436
NC_003070.9:20703909-20704575	NC_003075.7	100.000	28	0	0	640	667	7346953	7346926	9.60e-06	52.8
NC_003070.9:20703909-20704575	NC_003075.7	100.000	28	0	0	640	667	11225843	11225870	9.60e-06	52.8
NC_003070.9:20703909-20704575	NC_003074.8	92.351	353	24	2	316	667	16185722	16185372	2.85e-140	499
NC_003070.9:20703909-20704575	NC_003074.8	92.068	353	25	2	316	667	10417322	10417672	1.33e-138	494
NC_003070.9:20703909-20704575	NC_003074.8	92.197	346	22	5	324	667	12359064	12358722	7.99e-136	484
NC_003070.9:20703909-20704575	NC_003074.8	91.667	348	27	1	320	667	7713896	7713551	1.03e-134	481
NC_003070.9:20703909-20704575	NC_003074.8	91.218	353	28	3	316	667	8875325	8875675	1.34e-133	477
NC_003070.9:20703909-20704575	NC_003074.8	91.243	354	26	5	316	667	8883715	8884065	1.34e-133	477
NC_003070.9:20703909-20704575	NC_003074.8	94.231	312	18	0	6	317	11199811	11200122	1.34e-133	477
NC_003070.9:20703909-20704575	NC_003074.8	91.143	350	29	2	319	667	7765869	7765521	1.73e-132	473
NC_003070.9:20703909-20704575	NC_003074.8	90.085	353	31	3	316	667	15874309	15873960	6.27e-127	455
NC_003070.9:20703909-20704575	NC_003074.8	91.077	325	28	1	316	639	18928411	18928735	6.31e-122	438
NC_003070.9:20703909-20704575	NC_003074.8	93.478	230	14	1	384	613	12384110	12384338	1.83e-92	340
NC_003070.9:20703909-20704575	NC_003074.8	96.552	58	2	0	610	667	12398289	12398346	4.37e-19	97.1
NC_003070.9:20703909-20704575	NC_003074.8	86.364	66	3	6	606	667	11551026	11550963	3.43e-10	67.6
NC_003070.9:20624862-20626082	NC_003070.9	100.000	1221	0	0	1	1221	20624862	20626082	0.0	2255
NC_003070.9:20624862-20626082	NC_003076.8	95.086	1221	30	4	1	1221	14290585	14289395	0.0	1895
NC_003070.9:20624862-20626082	NC_003076.8	83.181	874	102	24	1	843	9545600	9544741	0.0	758
NC_003070.9:20624862-20626082	NC_003074.8	84.254	978	121	22	1	958	18087047	18088011	0.0	922
NC_003070.9:20624862-20626082	NC_003074.8	94.776	134	7	0	1	134	16669736	16669869	1.00e-52	209
NC_003070.9:20624862-20626082	NC_003074.8	87.786	131	6	6	1096	1221	18088075	18088200	2.87e-33	145
NC_003074.8:9646878-9648571	NC_003074.8	100.000	1694	0	0	1	1694	9646878	9648571	0.0	3129
NC_003074.8:9646878-9648571	NC_003074.8	86.295	1722	199	22	1	1694	9644388	9646100	0.0	1838
NC_003074.8:9646878-9648571	NC_003074.8	77.592	1678	322	41	5	1663	9636710	9638352	0.0	966
NC_003074.8:9646878-9648571	NC_003074.8	80.079	1270	231	20	18	1271	9641114	9642377	0.0	924
NC_003074.8:9646878-9648571	NC_003074.8	78.157	586	118	9	678	1258	9633477	9634057	2.82e-99	364
NC_003074.8:9646878-9648571	NC_003071.7	82.262	1680	265	28	5	1661	703652	701983	0.0	1421
NC_003074.8:9766357-9767630	NC_003074.8	100.000	1274	0	0	1	1274	9767630	9766357	0.0	2353
NC_003074.8:9766357-9767630	NC_003074.8	92.598	1297	64	12	2	1272	17729940	17731230	0.0	1834
NC_003074.8:9766357-9767630	NC_003074.8	91.398	1302	78	15	2	1274	17776769	17778065	0.0	1753
NC_003074.8:9766357-9767630	NC_003074.8	90.433	1317	72	27	2	1272	16419144	16420452	0.0	1685
NC_003074.8:9766357-9767630	NC_003074.8	92.105	1140	60	10	156	1274	17276873	17275743	0.0	1580
NC_003074.8:9766357-9767630	NC_003074.8	92.007	1126	60	11	156	1274	15452557	15451455	0.0	1554
NC_003074.8:9766357-9767630	NC_003074.8	91.404	1140	62	13	156	1274	20787323	20788447	0.0	1530
NC_003074.8:9766357-9767630	NC_003074.8	91.764	1117	62	16	156	1244	10820486	10819372	0.0	1526
NC_003074.8:9766357-9767630	NC_003074.8	90.846	1147	76	13	156	1274	15938226	15939371	0.0	1509
NC_003074.8:9766357-9767630	NC_003074.8	90.957	1139	55	20	156	1274	16562477	16563587	0.0	1489
NC_003074.8:9766357-9767630	NC_003074.8	90.601	1149	67	17	151	1274	22119525	22120657	0.0	1485
NC_003074.8:9766357-9767630	NC_003074.8	90.381	1154	56	24	156	1274	17143580	17142447	0.0	1465
NC_003074.8:9766357-9767630	NC_003074.8	90.731	1122	58	15	156	1242	11536758	11537868	0.0	1454
NC_003074.8:9766357-9767630	NC_003074.8	91.300	1069	53	9	2	1044	11503761	11502707	0.0	1423
NC_003074.8:9766357-9767630	NC_003074.8	91.071	1008	52	16	290	1274	16451588	16452580	0.0	1328
NC_003074.8:9766357-9767630	NC_003074.8	90.863	996	56	8	301	1274	17062368	17061386	0.0	1303
NC_003074.8:9766357-9767630	NC_003074.8	89.870	997	53	11	301	1274	7995800	7994829	0.0	1238
NC_003074.8:9766357-9767630	NC_003074.8	94.437	791	37	3	491	1274	18412509	18413299	0.0	1210
NC_003074.8:9766357-9767630	NC_003074.8	94.192	792	38	3	491	1274	18019136	18019927	0.0	1201
NC_003074.8:9766357-9767630	NC_003074.8	95.007	741	31	3	539	1274	10556871	10556132	0.0	1158
NC_003074.8:9766357-9767630	NC_003074.8	93.056	792	47	4	491	1274	13327791	13328582	0.0	1151
NC_003074.8:9766357-9767630	NC_003074.8	89.847	916	46	17	2	894	10320412	10321303	0.0	1133
NC_003074.8:9766357-9767630	NC_003074.8	94.452	739	32	7	539	1274	10575083	10574351	0.0	1129
NC_003074.8:9766357-9767630	NC_003074.8	92.424	792	50	6	491	1274	3965358	3966147	0.0	1122
NC_003074.8:9766357-9767630	NC_003074.8	92.298	766	37	4	514	1274	15485277	15484529	0.0	1068
NC_003074.8:9766357-9767630	NC_003074.8	93.653	646	32	7	634	1274	5744484	5743843	0.0	957
NC_003074.8:9766357-9767630	NC_003074.8	90.896	681	43	9	2	664	11967653	11968332	0.0	896
NC_003074.8:9766357-9767630	NC_003074.8	92.683	615	37	5	665	1274	9384377	9383766	0.0	880
NC_003074.8:9766357-9767630	NC_003074.8	93.819	453	20	6	2	446	15485750	15485298	0.0	675
NC_003074.8:9766357-9767630	NC_003074.8	93.126	451	25	3	2	446	10557346	10556896	0.0	656
NC_003074.8:9766357-9767630	NC_003074.8	89.827	521	30	7	156	662	5744998	5744487	0.0	647
NC_003074.8:9766357-9767630	NC_003074.8	90.408	490	23	9	144	617	9384863	9384382	3.16e-177	623
NC_003074.8:9766357-9767630	NC_003074.8	93.000	400	23	2	52	446	10575507	10575108	6.93e-164	579
NC_003074.8:9766357-9767630	NC_003074.8	93.314	344	19	2	3	342	17299939	17299596	1.19e-141	505
NC_003074.8:9766357-9767630	NC_003074.8	92.464	345	22	2	2	342	13327434	13327778	3.34e-137	490
NC_003074.8:9766357-9767630	NC_003074.8	91.884	345	22	5	2	342	18412154	18412496	2.60e-133	477
NC_003074.8:9766357-9767630	NC_003074.8	88.509	409	23	14	153	543	17300342	17299940	3.37e-132	473
NC_003074.8:9766357-9767630	NC_003074.8	91.618	346	23	5	2	343	18018781	18019124	3.37e-132	473
NC_003074.8:9766357-9767630	NC_003074.8	91.718	326	21	4	22	342	3965021	3965345	2.04e-124	448
NC_003074.8:9766357-9767630	NC_003074.8	93.069	303	16	5	491	789	17299583	17299282	1.23e-121	438
NC_003074.8:9766357-9767630	NC_003074.8	92.683	287	21	0	988	1274	11968331	11968617	2.07e-114	414
NC_003074.8:9766357-9767630	NC_003074.8	90.645	310	18	5	38	342	1571407	1571710	1.61e-110	401
NC_003074.8:9766357-9767630	NC_003074.8	93.478	230	15	0	1009	1238	11200951	11201180	9.90e-93	342
NC_003074.8:9766357-9767630	NC_003074.8	89.286	252	17	3	1033	1274	8757570	8757821	3.61e-82	307
NC_003074.8:9766357-9767630	NC_003074.8	92.593	81	6	0	2	82	3716342	3716422	6.53e-25	117
NC_003074.8:9766357-9767630	NC_003074.8	88.660	97	6	5	2	95	16450786	16450880	8.45e-24	113
NC_003074.8:9766357-9767630	NC_003074.8	89.888	89	6	3	2	87	11535844	11535932	3.04e-23	111
NC_003074.8:9766357-9767630	NC_003074.8	89.888	89	6	3	2	87	16561654	16561742	3.04e-23	111
NC_003074.8:9766357-9767630	NC_003074.8	89.888	89	6	3	2	87	17144490	17144402	3.04e-23	111
NC_003074.8:9766357-9767630	NC_003074.8	82.443	131	18	5	1149	1274	21552231	21552101	1.09e-22	110
NC_003074.8:9766357-9767630	NC_003074.8	88.764	89	7	3	2	87	17277814	17277726	1.41e-21	106
NC_003074.8:9766357-9767630	NC_003074.8	88.043	92	7	3	2	89	17301278	17301187	1.41e-21	106
NC_003074.8:9766357-9767630	NC_003076.8	92.989	1298	63	15	2	1274	15043428	15042134	0.0	1868
NC_003074.8:9766357-9767630	NC_003076.8	92.018	1303	74	15	1	1274	24476592	24475291	0.0	1803
NC_003074.8:9766357-9767630	NC_003076.8	92.350	1268	67	10	2	1239	5978053	5976786	0.0	1777
NC_003074.8:9766357-9767630	NC_003076.8	91.553	1314	69	18	2	1274	22232264	22230952	0.0	1773
NC_003074.8:9766357-9767630	NC_003076.8	90.694	1311	83	15	2	1274	8354510	8353201	0.0	1709
NC_003074.8:9766357-9767630	NC_003076.8	92.544	1140	64	9	156	1274	19741654	19740515	0.0	1615
NC_003074.8:9766357-9767630	NC_003076.8	92.463	1141	62	8	156	1274	5429094	5427956	0.0	1609
NC_003074.8:9766357-9767630	NC_003076.8	92.368	1140	64	9	156	1274	20681453	20680316	0.0	1602
NC_003074.8:9766357-9767630	NC_003076.8	92.281	1140	65	9	156	1274	8766666	8767803	0.0	1596
NC_003074.8:9766357-9767630	NC_003076.8	92.281	1140	62	15	156	1274	8745759	8744625	0.0	1594
NC_003074.8:9766357-9767630	NC_003076.8	92.193	1140	59	12	156	1274	9964077	9962947	0.0	1585
NC_003074.8:9766357-9767630	NC_003076.8	91.899	1148	69	12	145	1272	24186970	24185827	0.0	1583
NC_003074.8:9766357-9767630	NC_003076.8	91.849	1141	71	6	156	1274	17365983	17367123	0.0	1572
NC_003074.8:9766357-9767630	NC_003076.8	91.937	1141	61	13	156	1274	1897707	1896576	0.0	1568
NC_003074.8:9766357-9767630	NC_003076.8	91.514	1143	65	15	156	1274	14081897	14080763	0.0	1544
NC_003074.8:9766357-9767630	NC_003076.8	91.369	1147	66	13	151	1274	16357408	16358544	0.0	1539
NC_003074.8:9766357-9767630	NC_003076.8	90.736	1155	73	15	144	1274	17776658	17777802	0.0	1509
NC_003074.8:9766357-9767630	NC_003076.8	92.248	1032	56	10	156	1165	14150343	14149314	0.0	1441
NC_003074.8:9766357-9767630	NC_003076.8	92.540	992	50	11	276	1245	18854900	18855889	0.0	1400
NC_003074.8:9766357-9767630	NC_003076.8	90.978	1053	49	18	2	1032	10714424	10715452	0.0	1376
NC_003074.8:9766357-9767630	NC_003076.8	91.675	997	58	13	299	1274	4313874	4314866	0.0	1358
NC_003074.8:9766357-9767630	NC_003076.8	92.009	926	51	8	369	1274	11026974	11027896	0.0	1279
NC_003074.8:9766357-9767630	NC_003076.8	90.039	1014	50	16	278	1274	21530929	21531908	0.0	1266
NC_003074.8:9766357-9767630	NC_003076.8	92.857	798	52	4	482	1274	15605466	15604669	0.0	1153
NC_003074.8:9766357-9767630	NC_003076.8	92.848	769	47	5	514	1274	4780978	4780210	0.0	1109
NC_003074.8:9766357-9767630	NC_003076.8	91.408	710	41	7	2	692	15577425	15576717	0.0	955
NC_003074.8:9766357-9767630	NC_003076.8	91.280	711	41	8	2	692	21777032	21776323	0.0	950
NC_003074.8:9766357-9767630	NC_003076.8	94.088	592	28	3	690	1274	7153775	7153184	0.0	893
NC_003074.8:9766357-9767630	NC_003076.8	93.656	599	33	4	681	1274	25905017	25905615	0.0	891
NC_003074.8:9766357-9767630	NC_003076.8	93.661	489	29	2	787	1274	15576667	15576180	0.0	730
NC_003074.8:9766357-9767630	NC_003076.8	93.469	490	27	4	787	1274	21776273	21775787	0.0	723
NC_003074.8:9766357-9767630	NC_003076.8	92.760	442	23	4	835	1274	9134290	9134724	1.89e-179	630
NC_003074.8:9766357-9767630	NC_003076.8	93.349	421	24	4	857	1274	21584595	21584176	4.08e-176	619
NC_003074.8:9766357-9767630	NC_003076.8	94.527	402	17	4	876	1274	17796537	17796138	5.28e-175	616
NC_003074.8:9766357-9767630	NC_003076.8	94.186	344	15	3	3	342	20280646	20280304	4.26e-146	520
NC_003074.8:9766357-9767630	NC_003076.8	91.421	373	18	10	913	1274	25264968	25265337	5.55e-140	499
NC_003074.8:9766357-9767630	NC_003076.8	93.215	339	19	2	3	337	9591748	9592086	7.18e-139	496
NC_003074.8:9766357-9767630	NC_003076.8	89.109	404	22	12	156	543	9591350	9591747	5.59e-135	483
NC_003074.8:9766357-9767630	NC_003076.8	89.136	405	21	13	156	543	20281045	20280647	5.59e-135	483
NC_003074.8:9766357-9767630	NC_003076.8	91.908	346	24	2	2	343	9133953	9134298	2.01e-134	481
NC_003074.8:9766357-9767630	NC_003076.8	89.211	380	23	4	156	520	4313474	4313850	9.42e-128	459
NC_003074.8:9766357-9767630	NC_003076.8	94.158	291	17	0	156	446	4781290	4781000	2.64e-123	444
NC_003074.8:9766357-9767630	NC_003076.8	89.373	367	13	10	156	507	9558551	9558196	1.23e-121	438
NC_003074.8:9766357-9767630	NC_003076.8	94.077	287	14	3	491	775	9592102	9592387	5.71e-120	433
NC_003074.8:9766357-9767630	NC_003076.8	93.448	290	15	4	491	777	20280291	20280003	2.66e-118	427
NC_003074.8:9766357-9767630	NC_003076.8	92.079	303	19	5	491	789	17617546	17617245	1.24e-116	422
NC_003074.8:9766357-9767630	NC_003076.8	92.593	270	16	2	2	267	25904732	25905001	1.62e-105	385
NC_003074.8:9766357-9767630	NC_003076.8	92.478	226	14	2	156	378	11026281	11026506	4.64e-86	320
NC_003074.8:9766357-9767630	NC_003076.8	93.989	183	11	0	156	338	17617744	17617562	2.83e-73	278
NC_003074.8:9766357-9767630	NC_003076.8	92.135	178	13	1	1098	1274	10715445	10715622	6.17e-65	250
NC_003074.8:9766357-9767630	NC_003076.8	91.329	173	7	2	156	328	15605660	15605496	8.04e-59	230
NC_003074.8:9766357-9767630	NC_003076.8	92.593	81	6	0	2	82	17365025	17365105	6.53e-25	117
NC_003074.8:9766357-9767630	NC_003076.8	87.255	102	10	3	2	101	7154439	7154339	8.45e-24	113
NC_003074.8:9766357-9767630	NC_003076.8	87.255	102	10	3	2	101	8746701	8746601	8.45e-24	113
NC_003074.8:9766357-9767630	NC_003076.8	87.255	102	10	3	2	101	15606601	15606501	8.45e-24	113
NC_003074.8:9766357-9767630	NC_003076.8	89.888	89	6	3	2	87	9559507	9559419	3.04e-23	111
NC_003074.8:9766357-9767630	NC_003076.8	89.888	89	6	3	2	87	9590410	9590498	3.04e-23	111
NC_003074.8:9766357-9767630	NC_003076.8	89.130	92	6	3	2	89	9965017	9964926	3.04e-23	111
NC_003074.8:9766357-9767630	NC_003076.8	89.888	89	6	3	2	87	14082835	14082747	3.04e-23	111
NC_003074.8:9766357-9767630	NC_003076.8	89.888	89	6	3	2	87	17796785	17796697	3.04e-23	111
NC_003074.8:9766357-9767630	NC_003076.8	89.888	89	6	3	2	87	18853952	18854040	3.04e-23	111
NC_003074.8:9766357-9767630	NC_003076.8	96.875	64	2	0	2	65	11025336	11025399	3.93e-22	108
NC_003074.8:9766357-9767630	NC_003076.8	79.856	139	15	9	1140	1274	22464073	22464202	1.42e-16	89.8
NC_003074.8:9766357-9767630	NC_003076.8	87.500	72	6	3	19	87	17775746	17775817	8.57e-14	80.5
NC_003074.8:9766357-9767630	NC_003076.8	87.234	47	6	0	1228	1274	8281675	8281721	5.20e-06	54.7
NC_003074.8:9766357-9767630	NC_003071.7	92.747	1296	70	9	2	1274	7169524	7168230	0.0	1851
NC_003074.8:9766357-9767630	NC_003071.7	92.142	1298	69	14	2	1274	7814691	7813402	0.0	1801
NC_003074.8:9766357-9767630	NC_003071.7	92.200	1141	67	9	156	1274	12801954	12803094	0.0	1594
NC_003074.8:9766357-9767630	NC_003071.7	92.059	1146	59	11	153	1274	500923	502060	0.0	1583
NC_003074.8:9766357-9767630	NC_003071.7	92.105	1140	64	11	156	1274	13267871	13269005	0.0	1583
NC_003074.8:9766357-9767630	NC_003071.7	92.004	1138	61	10	156	1272	13907797	13906669	0.0	1570
NC_003074.8:9766357-9767630	NC_003071.7	91.674	1141	60	9	156	1274	6924418	6923291	0.0	1548
NC_003074.8:9766357-9767630	NC_003071.7	91.586	1141	63	13	156	1274	395714	394585	0.0	1544
NC_003074.8:9766357-9767630	NC_003071.7	91.140	1140	70	12	156	1274	17254287	17253158	0.0	1517
NC_003074.8:9766357-9767630	NC_003071.7	92.678	1038	57	13	222	1240	12093439	12092402	0.0	1478
NC_003074.8:9766357-9767630	NC_003071.7	92.161	1046	54	15	253	1274	6663080	6664121	0.0	1452
NC_003074.8:9766357-9767630	NC_003071.7	92.701	959	49	12	322	1261	6803425	6804381	0.0	1363
NC_003074.8:9766357-9767630	NC_003071.7	90.647	1005	54	12	296	1274	543175	544165	0.0	1299
NC_003074.8:9766357-9767630	NC_003071.7	91.125	969	51	18	298	1245	14334657	14335611	0.0	1280
NC_003074.8:9766357-9767630	NC_003071.7	91.649	946	45	13	156	1078	11286196	11285262	0.0	1279
NC_003074.8:9766357-9767630	NC_003071.7	93.846	845	45	4	436	1274	13336667	13335824	0.0	1266
NC_003074.8:9766357-9767630	NC_003071.7	92.974	854	39	12	436	1274	7960715	7961562	0.0	1225
NC_003074.8:9766357-9767630	NC_003071.7	93.552	791	42	5	491	1274	7112140	7112928	0.0	1170
NC_003074.8:9766357-9767630	NC_003071.7	93.426	791	43	5	491	1274	6101020	6100232	0.0	1164
NC_003074.8:9766357-9767630	NC_003071.7	92.424	726	44	7	556	1274	3213046	3212325	0.0	1026
NC_003074.8:9766357-9767630	NC_003071.7	92.000	675	43	6	606	1272	709400	710071	0.0	937
NC_003074.8:9766357-9767630	NC_003071.7	94.118	459	17	9	681	1131	3564666	3565122	0.0	689
NC_003074.8:9766357-9767630	NC_003071.7	88.753	489	30	8	144	615	708360	708840	8.97e-163	575
NC_003074.8:9766357-9767630	NC_003071.7	92.708	384	24	2	18	397	7959807	7960190	1.51e-155	551
NC_003074.8:9766357-9767630	NC_003071.7	88.696	460	25	13	140	583	13337152	13336704	4.23e-151	536
NC_003074.8:9766357-9767630	NC_003071.7	93.333	345	19	2	2	342	4024201	4024545	3.32e-142	507
NC_003074.8:9766357-9767630	NC_003071.7	92.982	342	19	3	2	339	7111784	7112124	2.58e-138	494
NC_003074.8:9766357-9767630	NC_003071.7	92.174	345	22	3	2	342	980617	980274	5.59e-135	483
NC_003074.8:9766357-9767630	NC_003071.7	94.774	287	12	3	491	775	4024558	4024843	2.64e-123	444
NC_003074.8:9766357-9767630	NC_003071.7	93.907	279	16	1	491	769	980261	979984	4.45e-116	420
NC_003074.8:9766357-9767630	NC_003071.7	95.057	263	9	2	2	260	3213354	3213092	2.68e-113	411
NC_003074.8:9766357-9767630	NC_003071.7	94.636	261	14	0	990	1250	3565124	3565384	1.25e-111	405
NC_003074.8:9766357-9767630	NC_003071.7	92.620	271	20	0	1004	1274	2962564	2962294	3.49e-107	390
NC_003074.8:9766357-9767630	NC_003071.7	92.620	271	15	3	1	267	3564381	3564650	1.62e-105	385
NC_003074.8:9766357-9767630	NC_003071.7	94.043	235	10	2	2	232	2962805	2962571	4.57e-96	353
NC_003074.8:9766357-9767630	NC_003071.7	82.421	347	52	7	3	343	6101375	6101032	2.81e-78	294
NC_003074.8:9766357-9767630	NC_003071.7	90.110	91	9	0	156	246	7153795	7153705	1.82e-25	119
NC_003074.8:9766357-9767630	NC_003071.7	89.888	89	6	3	2	87	11287161	11287073	3.04e-23	111
NC_003074.8:9766357-9767630	NC_003071.7	89.888	89	6	3	2	87	13908721	13908633	3.04e-23	111
NC_003074.8:9766357-9767630	NC_003071.7	88.764	89	7	3	2	87	7154736	7154648	1.41e-21	106
NC_003074.8:9766357-9767630	NC_003071.7	88.764	89	7	3	2	87	17255233	17255145	1.41e-21	106
NC_003074.8:9766357-9767630	NC_003071.7	87.640	89	8	3	2	87	499985	500073	6.58e-20	100
NC_003074.8:9766357-9767630	NC_003075.7	92.587	1295	69	14	5	1274	11193567	11192275	0.0	1834
NC_003074.8:9766357-9767630	NC_003075.7	91.532	1299	84	13	2	1274	372086	370788	0.0	1766
NC_003074.8:9766357-9767630	NC_003075.7	91.398	1302	80	15	2	1274	6166464	6165166	0.0	1755
NC_003074.8:9766357-9767630	NC_003075.7	92.382	1142	64	7	156	1274	8064563	8065704	0.0	1605
NC_003074.8:9766357-9767630	NC_003075.7	92.362	1139	56	11	156	1274	8729528	8728401	0.0	1592
NC_003074.8:9766357-9767630	NC_003075.7	92.281	1140	58	11	156	1274	1350526	1351656	0.0	1591
NC_003074.8:9766357-9767630	NC_003075.7	92.045	1144	54	15	156	1274	5540448	5539317	0.0	1574
NC_003074.8:9766357-9767630	NC_003075.7	91.688	1155	63	12	144	1274	11361800	11362945	0.0	1570
NC_003074.8:9766357-9767630	NC_003075.7	91.388	1138	69	12	156	1272	1001051	999922	0.0	1531
NC_003074.8:9766357-9767630	NC_003075.7	90.647	1144	56	20	156	1274	4147065	4148182	0.0	1472
NC_003074.8:9766357-9767630	NC_003075.7	92.016	1002	56	9	295	1274	16864262	16863263	0.0	1386
NC_003074.8:9766357-9767630	NC_003075.7	94.185	791	37	5	491	1274	683570	684358	0.0	1197
NC_003074.8:9766357-9767630	NC_003075.7	93.108	769	45	3	514	1274	10396117	10395349	0.0	1120
NC_003074.8:9766357-9767630	NC_003075.7	93.578	654	37	4	436	1084	965059	964406	0.0	970
NC_003074.8:9766357-9767630	NC_003075.7	91.871	529	29	7	753	1274	14390783	14390262	0.0	726
NC_003074.8:9766357-9767630	NC_003075.7	92.889	450	26	4	2	446	965799	965351	0.0	649
NC_003074.8:9766357-9767630	NC_003075.7	93.623	345	18	2	2	342	683213	683557	7.13e-144	512
NC_003074.8:9766357-9767630	NC_003075.7	91.421	373	18	7	876	1245	7853284	7852923	5.55e-140	499
NC_003074.8:9766357-9767630	NC_003075.7	95.548	292	12	1	156	446	10396429	10396138	5.63e-130	466
NC_003074.8:9766357-9767630	NC_003075.7	90.789	228	18	3	1049	1274	8802511	8802737	1.68e-80	302
NC_003074.8:9766357-9767630	NC_003075.7	75.904	664	109	28	600	1250	7572219	7572844	1.01e-77	292
NC_003074.8:9766357-9767630	NC_003075.7	92.462	199	12	1	2	197	14390988	14390790	2.19e-74	281
NC_003074.8:9766357-9767630	NC_003075.7	77.165	508	77	28	697	1189	7593705	7593222	1.03e-67	259
NC_003074.8:9766357-9767630	NC_003075.7	89.362	188	19	1	1087	1274	963860	963674	1.73e-60	235
NC_003074.8:9766357-9767630	NC_003075.7	75.647	464	84	19	785	1241	2262877	2262436	4.87e-51	204
NC_003074.8:9766357-9767630	NC_003075.7	77.055	292	51	15	990	1274	12335548	12335830	4.98e-36	154
NC_003074.8:9766357-9767630	NC_003075.7	84.496	129	17	3	1149	1274	12365192	12365064	3.90e-27	124
NC_003074.8:9766357-9767630	NC_003075.7	92.857	84	5	1	2	84	5541389	5541306	5.05e-26	121
NC_003074.8:9766357-9767630	NC_003075.7	91.860	86	3	4	2	84	4146126	4146210	6.53e-25	117
NC_003074.8:9766357-9767630	NC_003075.7	89.888	89	6	3	2	87	7853533	7853445	3.04e-23	111
NC_003074.8:9766357-9767630	NC_003075.7	89.888	89	6	3	2	87	11360870	11360958	3.04e-23	111
NC_003074.8:9766357-9767630	NC_003075.7	89.888	89	6	3	2	87	16865070	16864982	3.04e-23	111
NC_003074.8:9766357-9767630	NC_003075.7	87.500	96	9	3	2	95	1349585	1349679	3.93e-22	108
NC_003074.8:9766357-9767630	NC_003075.7	96.875	64	2	0	2	65	8730453	8730390	3.93e-22	108
NC_003074.8:9766357-9767630	NC_003070.9	91.462	1300	73	18	2	1274	28161034	28162322	0.0	1751
NC_003074.8:9766357-9767630	NC_003070.9	91.429	1295	82	11	2	1274	3413553	3414840	0.0	1749
NC_003074.8:9766357-9767630	NC_003070.9	92.308	1144	62	9	156	1274	7036148	7037290	0.0	1602
NC_003074.8:9766357-9767630	NC_003070.9	92.281	1140	61	17	156	1274	13059763	13060896	0.0	1592
NC_003074.8:9766357-9767630	NC_003070.9	91.927	1152	60	12	144	1274	15940039	15941178	0.0	1581
NC_003074.8:9766357-9767630	NC_003070.9	91.892	1147	58	14	152	1274	11700592	11701727	0.0	1570
NC_003074.8:9766357-9767630	NC_003070.9	91.645	1149	68	17	144	1274	22450867	22452005	0.0	1565
NC_003074.8:9766357-9767630	NC_003070.9	91.842	1140	61	11	156	1274	19994809	19993681	0.0	1561
NC_003074.8:9766357-9767630	NC_003070.9	92.294	1116	56	10	156	1249	8115710	8116817	0.0	1557
NC_003074.8:9766357-9767630	NC_003070.9	91.769	1142	61	11	156	1274	16904733	16905864	0.0	1557
NC_003074.8:9766357-9767630	NC_003070.9	92.232	1120	55	14	178	1274	18791754	18792864	0.0	1557
NC_003074.8:9766357-9767630	NC_003070.9	91.572	1139	61	14	156	1274	9817151	9818274	0.0	1539
NC_003074.8:9766357-9767630	NC_003070.9	91.419	1142	60	17	156	1274	26170521	26169395	0.0	1531
NC_003074.8:9766357-9767630	NC_003070.9	91.236	1141	54	14	156	1274	13016967	13015851	0.0	1511
NC_003074.8:9766357-9767630	NC_003070.9	90.694	1139	68	10	156	1272	9866468	9865346	0.0	1482
NC_003074.8:9766357-9767630	NC_003070.9	92.388	1051	55	11	248	1274	19769039	19767990	0.0	1474
NC_003074.8:9766357-9767630	NC_003070.9	90.439	1140	72	14	156	1274	17900819	17901942	0.0	1467
NC_003074.8:9766357-9767630	NC_003070.9	91.617	1002	60	11	295	1274	4786256	4787255	0.0	1363
NC_003074.8:9766357-9767630	NC_003070.9	91.174	997	52	11	301	1274	12365009	12365992	0.0	1321
NC_003074.8:9766357-9767630	NC_003070.9	92.935	920	41	9	156	1054	30254567	30253651	0.0	1317
NC_003074.8:9766357-9767630	NC_003070.9	91.055	995	52	9	304	1274	19466071	19465090	0.0	1310
NC_003074.8:9766357-9767630	NC_003070.9	90.973	997	53	12	301	1274	16825388	16826370	0.0	1308
NC_003074.8:9766357-9767630	NC_003070.9	90.755	1006	53	12	296	1274	16326311	16327303	0.0	1306
NC_003074.8:9766357-9767630	NC_003070.9	90.744	994	57	11	301	1274	12563207	12562229	0.0	1293
NC_003074.8:9766357-9767630	NC_003070.9	90.339	1004	56	12	296	1274	23214532	23215519	0.0	1279
NC_003074.8:9766357-9767630	NC_003070.9	91.603	917	51	11	2	894	12876928	12876014	0.0	1243
NC_003074.8:9766357-9767630	NC_003070.9	94.289	788	40	4	491	1274	23876482	23877268	0.0	1201
NC_003074.8:9766357-9767630	NC_003070.9	93.617	799	45	5	482	1274	19063794	19064592	0.0	1188
NC_003074.8:9766357-9767630	NC_003070.9	92.708	768	43	7	514	1274	19327998	19327237	0.0	1096
NC_003074.8:9766357-9767630	NC_003070.9	89.485	894	48	16	156	1014	11736466	11735584	0.0	1088
NC_003074.8:9766357-9767630	NC_003070.9	92.328	769	39	7	145	894	16998396	16997629	0.0	1075
NC_003074.8:9766357-9767630	NC_003070.9	93.939	594	27	5	684	1274	499960	499373	0.0	889
NC_003074.8:9766357-9767630	NC_003070.9	91.446	643	41	4	645	1274	14309405	14308764	0.0	870
NC_003074.8:9766357-9767630	NC_003070.9	92.764	539	31	5	743	1274	8489951	8489414	0.0	773
NC_003074.8:9766357-9767630	NC_003070.9	92.052	541	33	7	743	1274	25963004	25962465	0.0	752
NC_003074.8:9766357-9767630	NC_003070.9	92.368	511	23	5	767	1274	18790351	18790848	0.0	713
NC_003074.8:9766357-9767630	NC_003070.9	90.184	489	24	7	156	628	500444	499964	5.28e-175	616
NC_003074.8:9766357-9767630	NC_003070.9	94.015	401	21	2	876	1274	23554190	23553791	1.14e-171	604
NC_003074.8:9766357-9767630	NC_003070.9	93.895	344	16	3	3	342	22992721	22992379	1.98e-144	514
NC_003074.8:9766357-9767630	NC_003070.9	93.567	342	17	3	5	342	22621378	22621038	1.19e-141	505
NC_003074.8:9766357-9767630	NC_003070.9	93.314	344	17	5	3	342	12328714	12328373	4.29e-141	503
NC_003074.8:9766357-9767630	NC_003070.9	93.529	340	18	2	3	338	30251767	30251428	4.29e-141	503
NC_003074.8:9766357-9767630	NC_003070.9	88.889	405	22	13	156	543	12329113	12328715	2.60e-133	477
NC_003074.8:9766357-9767630	NC_003070.9	88.642	405	23	13	156	543	22621779	22621381	1.21e-131	472
NC_003074.8:9766357-9767630	NC_003070.9	88.642	405	23	8	156	543	22993120	22992722	1.21e-131	472
NC_003074.8:9766357-9767630	NC_003070.9	88.642	405	23	11	156	543	30252166	30251768	1.21e-131	472
NC_003074.8:9766357-9767630	NC_003070.9	93.836	292	17	1	156	446	19328311	19328020	1.23e-121	438
NC_003074.8:9766357-9767630	NC_003070.9	94.425	287	13	3	491	775	22992366	22992081	1.23e-121	438
NC_003074.8:9766357-9767630	NC_003070.9	93.793	290	14	4	491	777	12328360	12328072	5.71e-120	433
NC_003074.8:9766357-9767630	NC_003070.9	93.426	289	14	5	491	775	22621025	22620738	3.44e-117	424
NC_003074.8:9766357-9767630	NC_003070.9	92.683	287	18	3	491	775	30251412	30251127	2.68e-113	411
NC_003074.8:9766357-9767630	NC_003070.9	90.940	298	22	3	49	342	23876173	23876469	7.49e-109	396
NC_003074.8:9766357-9767630	NC_003070.9	93.722	223	14	0	1052	1274	30253364	30253142	1.66e-90	335
NC_003074.8:9766357-9767630	NC_003070.9	89.615	260	22	3	5	261	19769830	19769573	9.97e-88	326
NC_003074.8:9766357-9767630	NC_003070.9	92.174	230	12	4	2	228	18790103	18790329	4.64e-86	320
NC_003074.8:9766357-9767630	NC_003070.9	90.556	180	7	4	151	328	19063593	19063764	8.04e-59	230
NC_003074.8:9766357-9767630	NC_003070.9	83.721	129	18	3	1149	1274	27241147	27241275	1.82e-25	119
NC_003074.8:9766357-9767630	NC_003070.9	90.909	88	6	2	2	87	8490194	8490107	6.53e-25	117
NC_003074.8:9766357-9767630	NC_003070.9	90.110	91	6	3	2	89	9867414	9867324	2.35e-24	115
NC_003074.8:9766357-9767630	NC_003070.9	90.110	91	4	5	1	87	4785460	4785549	8.45e-24	113
NC_003074.8:9766357-9767630	NC_003070.9	90.110	91	4	5	1	87	16903799	16903888	8.45e-24	113
NC_003074.8:9766357-9767630	NC_003070.9	88.542	96	8	3	2	95	19061965	19062059	8.45e-24	113
NC_003074.8:9766357-9767630	NC_003070.9	90.000	90	6	3	1	87	19995735	19995646	8.45e-24	113
NC_003074.8:9766357-9767630	NC_003070.9	87.379	103	8	4	2	101	23554439	23554339	8.45e-24	113
NC_003074.8:9766357-9767630	NC_003070.9	89.888	89	6	3	2	87	8114770	8114858	3.04e-23	111
NC_003074.8:9766357-9767630	NC_003070.9	89.888	89	6	3	2	87	18790927	18791015	3.04e-23	111
NC_003074.8:9766357-9767630	NC_003070.9	89.888	89	6	3	2	87	30253107	30253019	3.04e-23	111
NC_003074.8:9766357-9767630	NC_003070.9	86.275	102	11	3	2	101	13058823	13058923	3.93e-22	108
NC_003074.8:9766357-9767630	NC_003070.9	96.875	64	2	0	2	65	15939323	15939386	3.93e-22	108
NC_003074.8:9766357-9767630	NC_003070.9	88.764	89	7	3	2	87	7035191	7035279	1.41e-21	106
NC_003074.8:9766357-9767630	NC_003070.9	86.458	96	10	3	2	95	22449931	22450025	1.83e-20	102
