NC_003070.9:8374551-8375151	NC_003070.9	100.000	601	0	0	1	601	8375151	8374551	0.0	1110
NC_003070.9:8374551-8375151	NC_003070.9	92.407	619	27	6	1	601	16822273	16822889	0.0	865
NC_003070.9:8374551-8375151	NC_003070.9	94.521	219	11	1	1	219	28750315	28750098	2.12e-91	337
NC_003070.9:8374551-8375151	NC_003070.9	93.013	229	15	1	1	229	8723513	8723286	2.75e-90	333
NC_003070.9:8374551-8375151	NC_003070.9	94.064	219	12	1	1	219	16998811	16998594	9.88e-90	331
NC_003070.9:8374551-8375151	NC_003070.9	93.023	215	11	4	5	219	18126612	18126822	1.29e-83	311
NC_003070.9:8374551-8375151	NC_003070.9	92.130	216	13	4	1	215	9062084	9062296	7.75e-81	302
NC_003070.9:8374551-8375151	NC_003070.9	90.393	229	21	1	1	229	10652930	10652703	2.79e-80	300
NC_003070.9:8374551-8375151	NC_003070.9	94.681	188	8	1	416	601	16998582	16998395	1.68e-77	291
NC_003070.9:8374551-8375151	NC_003070.9	91.935	186	14	1	416	601	28750083	28749899	4.73e-68	259
NC_003070.9:8374551-8375151	NC_003070.9	86.977	215	15	2	1	215	18287193	18287394	3.71e-59	230
NC_003070.9:8374551-8375151	NC_003070.9	84.831	178	7	9	424	601	11805943	11805786	1.37e-38	161
NC_003070.9:8374551-8375151	NC_003070.9	93.458	107	6	1	495	601	9062416	9062521	1.77e-37	158
NC_003070.9:8374551-8375151	NC_003070.9	93.396	106	6	1	495	600	13808504	13808608	6.38e-37	156
NC_003070.9:8374551-8375151	NC_003070.9	89.855	69	6	1	493	561	8723184	8723117	2.36e-16	87.9
NC_003070.9:8374551-8375151	NC_003071.7	96.339	601	14	3	1	600	10406501	10407094	0.0	981
NC_003070.9:8374551-8375151	NC_003071.7	95.199	604	26	3	1	601	19269200	19268597	0.0	952
NC_003070.9:8374551-8375151	NC_003071.7	95.434	219	9	1	1	219	11129218	11129001	9.81e-95	348
NC_003070.9:8374551-8375151	NC_003071.7	95.261	211	9	1	1	210	510988	511198	2.75e-90	333
NC_003070.9:8374551-8375151	NC_003071.7	92.558	215	15	1	1	215	2820420	2820633	1.67e-82	307
NC_003070.9:8374551-8375151	NC_003071.7	92.344	209	15	1	7	215	2735209	2735002	3.60e-79	296
NC_003070.9:8374551-8375151	NC_003071.7	89.302	215	10	2	1	215	4307703	4307502	1.70e-67	257
NC_003070.9:8374551-8375151	NC_003071.7	93.458	107	6	1	495	601	511235	511340	1.77e-37	158
NC_003070.9:8374551-8375151	NC_003071.7	92.523	107	7	1	495	601	2820752	2820857	8.26e-36	152
NC_003070.9:8374551-8375151	NC_003071.7	93.939	99	5	1	495	593	6946488	6946585	1.07e-34	148
NC_003070.9:8374551-8375151	NC_003071.7	84.034	119	17	2	1	118	2868065	2868182	3.90e-24	113
NC_003070.9:8374551-8375151	NC_003076.8	91.115	619	35	5	1	601	8808995	8809611	0.0	821
NC_003070.9:8374551-8375151	NC_003076.8	96.190	210	8	0	1	210	8178107	8177898	1.27e-93	344
NC_003070.9:8374551-8375151	NC_003076.8	93.886	229	13	1	1	229	17438315	17438542	1.27e-93	344
NC_003070.9:8374551-8375151	NC_003076.8	94.064	219	12	1	1	219	18113642	18113859	9.88e-90	331
NC_003070.9:8374551-8375151	NC_003076.8	94.064	219	12	1	1	219	26233532	26233315	9.88e-90	331
NC_003070.9:8374551-8375151	NC_003076.8	94.393	214	10	2	6	219	13608301	13608512	1.28e-88	327
NC_003070.9:8374551-8375151	NC_003076.8	91.892	222	15	3	9	229	14985224	14985005	1.67e-82	307
NC_003070.9:8374551-8375151	NC_003076.8	92.593	216	13	3	1	215	15213323	15213110	1.67e-82	307
NC_003070.9:8374551-8375151	NC_003076.8	92.188	192	15	0	1	192	18147553	18147744	6.08e-72	272
NC_003070.9:8374551-8375151	NC_003076.8	88.991	218	22	2	2	219	16480782	16480997	7.86e-71	268
NC_003070.9:8374551-8375151	NC_003076.8	91.011	178	14	2	416	592	16481012	16481188	6.16e-62	239
NC_003070.9:8374551-8375151	NC_003076.8	89.785	186	17	2	416	600	26233300	26233116	2.22e-61	237
NC_003070.9:8374551-8375151	NC_003076.8	93.464	153	8	1	448	600	18113853	18114003	4.80e-58	226
NC_003070.9:8374551-8375151	NC_003076.8	92.199	141	11	0	460	600	18147767	18147907	2.91e-50	200
NC_003070.9:8374551-8375151	NC_003076.8	94.175	103	5	1	498	600	15213000	15212899	6.38e-37	156
NC_003070.9:8374551-8375151	NC_003076.8	94.118	102	4	2	493	593	8177776	8177676	2.30e-36	154
NC_003070.9:8374551-8375151	NC_003076.8	93.023	86	5	1	493	578	17438646	17438730	1.80e-27	124
NC_003070.9:8374551-8375151	NC_003075.7	88.406	345	25	8	269	600	4905759	4905417	7.43e-111	401
NC_003070.9:8374551-8375151	NC_003075.7	94.884	215	10	1	1	215	4650110	4650323	7.64e-91	335
NC_003070.9:8374551-8375151	NC_003075.7	87.973	291	18	4	7	295	15592385	15592110	1.28e-88	327
NC_003070.9:8374551-8375151	NC_003075.7	94.286	210	12	0	1	210	4909348	4909139	5.95e-87	322
NC_003070.9:8374551-8375151	NC_003075.7	93.023	215	14	1	1	215	4685638	4685851	3.58e-84	313
NC_003070.9:8374551-8375151	NC_003075.7	92.558	215	15	1	1	215	12714136	12713923	1.67e-82	307
NC_003070.9:8374551-8375151	NC_003075.7	92.857	210	14	1	1	210	4906330	4906122	2.15e-81	303
NC_003070.9:8374551-8375151	NC_003075.7	91.753	194	15	1	1	193	4876061	4875868	7.86e-71	268
NC_003070.9:8374551-8375151	NC_003075.7	93.458	107	6	1	495	601	4650443	4650548	1.77e-37	158
NC_003070.9:8374551-8375151	NC_003075.7	94.175	103	5	1	498	600	2316190	2316089	6.38e-37	156
NC_003070.9:8374551-8375151	NC_003075.7	92.593	108	8	0	459	566	4875849	4875742	6.38e-37	156
NC_003070.9:8374551-8375151	NC_003075.7	93.269	104	6	1	498	601	12713800	12713698	8.26e-36	152
NC_003070.9:8374551-8375151	NC_003075.7	91.589	107	8	1	495	601	4685971	4686076	3.84e-34	147
NC_003070.9:8374551-8375151	NC_003075.7	89.720	107	10	1	495	601	16705758	16705863	8.32e-31	135
NC_003070.9:8374551-8375151	NC_003074.8	96.209	211	8	0	1	211	16851842	16851632	3.53e-94	346
NC_003070.9:8374551-8375151	NC_003074.8	95.735	211	9	0	1	211	15642913	15643123	1.64e-92	340
NC_003070.9:8374551-8375151	NC_003074.8	95.349	215	9	1	1	215	18976720	18976933	1.64e-92	340
NC_003070.9:8374551-8375151	NC_003074.8	92.694	219	14	2	1	219	538781	538997	9.95e-85	315
NC_003070.9:8374551-8375151	NC_003074.8	93.023	215	14	1	1	215	15783155	15783368	3.58e-84	313
NC_003070.9:8374551-8375151	NC_003074.8	92.093	215	16	1	1	215	10791549	10791336	7.75e-81	302
NC_003070.9:8374551-8375151	NC_003074.8	90.435	230	21	1	1	230	19648580	19648352	7.75e-81	302
NC_003070.9:8374551-8375151	NC_003074.8	94.819	193	9	1	1	193	14785551	14785360	2.79e-80	300
NC_003070.9:8374551-8375151	NC_003074.8	91.979	187	15	0	415	601	539011	539197	3.66e-69	263
NC_003070.9:8374551-8375151	NC_003074.8	91.579	190	13	2	415	601	9767915	9768104	4.73e-68	259
NC_003070.9:8374551-8375151	NC_003074.8	94.495	109	5	1	493	601	16851511	16851404	2.95e-40	167
NC_003070.9:8374551-8375151	NC_003074.8	92.523	107	7	1	495	601	15783488	15783593	8.26e-36	152
NC_003070.9:8374551-8375151	NC_003074.8	92.308	104	7	1	498	601	19648244	19648142	3.84e-34	147
NC_003070.9:8374551-8375151	NC_003074.8	90.826	109	9	1	493	601	10908110	10908003	1.38e-33	145
NC_003070.9:8374551-8375151	NC_003074.8	91.026	78	4	3	153	229	10908289	10908214	8.43e-21	102
NC_003070.9:11980302-11982101	NC_003070.9	100.000	1800	0	0	1	1800	11980302	11982101	0.0	3325
NC_003070.9:11980302-11982101	NC_003070.9	95.417	1200	46	5	609	1800	16160580	16159382	0.0	1903
NC_003070.9:11980302-11982101	NC_003070.9	91.379	1160	71	14	650	1788	11721294	11722445	0.0	1561
NC_003070.9:11980302-11982101	NC_003070.9	86.944	720	64	17	1084	1783	19393609	19394318	0.0	782
NC_003070.9:11980302-11982101	NC_003070.9	89.951	617	29	15	1	589	16161459	16160848	0.0	765
NC_003070.9:11980302-11982101	NC_003070.9	93.269	520	31	4	650	1167	16700414	16700931	0.0	763
NC_003070.9:11980302-11982101	NC_003070.9	91.182	533	30	3	1266	1781	16701425	16701957	0.0	708
NC_003070.9:11980302-11982101	NC_003070.9	84.779	611	45	20	8	585	16699411	16700006	5.93e-161	569
NC_003070.9:11980302-11982101	NC_003070.9	83.570	633	60	24	6	602	19392183	19392807	5.97e-156	553
NC_003070.9:11980302-11982101	NC_003070.9	89.695	262	21	4	816	1074	19393177	19393435	1.10e-88	329
NC_003070.9:11980302-11982101	NC_003070.9	79.832	119	22	2	1281	1398	22851204	22851321	2.62e-15	86.1
NC_003070.9:11980302-11982101	NC_003070.9	97.143	35	1	0	1738	1772	11992622	11992656	1.59e-07	60.2
NC_003070.9:11980302-11982101	NC_003076.8	92.108	1153	65	10	650	1782	13729506	13728360	0.0	1602
NC_003070.9:11980302-11982101	NC_003076.8	91.460	1171	71	18	650	1799	14096038	14094876	0.0	1581
NC_003070.9:11980302-11982101	NC_003076.8	91.263	1156	61	12	650	1784	13618430	13617294	0.0	1539
NC_003070.9:11980302-11982101	NC_003076.8	89.141	838	51	12	879	1710	7508046	7507243	0.0	1007
NC_003070.9:11980302-11982101	NC_003076.8	91.570	688	49	8	650	1330	13514020	13513335	0.0	941
NC_003070.9:11980302-11982101	NC_003076.8	90.512	664	40	15	853	1513	14153184	14152541	0.0	856
NC_003070.9:11980302-11982101	NC_003076.8	88.515	714	61	6	1084	1781	9372680	9371972	0.0	845
NC_003070.9:11980302-11982101	NC_003076.8	89.449	635	58	9	1084	1715	9031095	9031723	0.0	793
NC_003070.9:11980302-11982101	NC_003076.8	89.761	586	39	6	1215	1782	21100672	21100090	0.0	730
NC_003070.9:11980302-11982101	NC_003076.8	86.634	621	42	11	8	593	13515103	13514489	0.0	649
NC_003070.9:11980302-11982101	NC_003076.8	85.940	633	48	21	7	602	14097108	14096480	0.0	638
NC_003070.9:11980302-11982101	NC_003076.8	85.191	628	43	18	8	602	13619432	13618822	7.57e-170	599
NC_003070.9:11980302-11982101	NC_003076.8	84.810	632	53	25	9	602	9029704	9030330	9.79e-169	595
NC_003070.9:11980302-11982101	NC_003076.8	84.700	634	53	25	9	602	9374094	9373465	3.52e-168	593
NC_003070.9:11980302-11982101	NC_003076.8	91.429	420	28	6	9	425	14155653	14155239	5.93e-161	569
NC_003070.9:11980302-11982101	NC_003076.8	90.141	426	24	4	1370	1779	13513334	13512911	1.67e-151	538
NC_003070.9:11980302-11982101	NC_003076.8	81.463	588	61	28	15	590	13730464	13729913	1.75e-121	438
NC_003070.9:11980302-11982101	NC_003076.8	88.611	360	32	4	9	368	7509307	7508957	1.05e-118	429
NC_003070.9:11980302-11982101	NC_003076.8	94.388	196	10	1	1511	1705	14151488	14151293	8.59e-80	300
NC_003070.9:11980302-11982101	NC_003076.8	92.965	199	9	3	650	845	14154566	14154370	2.41e-75	285
NC_003070.9:11980302-11982101	NC_003076.8	92.073	164	11	2	664	826	7508213	7508051	1.14e-58	230
NC_003070.9:11980302-11982101	NC_003076.8	86.528	193	18	6	417	602	14155218	14155027	1.93e-51	206
NC_003070.9:11980302-11982101	NC_003076.8	92.437	119	7	2	708	824	9372965	9372847	2.53e-40	169
NC_003070.9:11980302-11982101	NC_003076.8	82.569	109	15	4	1334	1440	14267721	14267827	1.57e-17	93.5
NC_003070.9:11980302-11982101	NC_003076.8	97.778	45	1	0	609	653	13729640	13729596	4.38e-13	78.7
NC_003070.9:11980302-11982101	NC_003076.8	100.000	35	0	0	1711	1745	7507227	7507193	3.41e-09	65.8
NC_003070.9:11980302-11982101	NC_003074.8	90.800	1163	73	13	650	1790	11346510	11347660	0.0	1524
NC_003070.9:11980302-11982101	NC_003074.8	90.378	1164	63	20	650	1784	11824947	11823804	0.0	1483
NC_003070.9:11980302-11982101	NC_003074.8	90.385	1144	89	14	650	1784	16853367	16852236	0.0	1483
NC_003070.9:11980302-11982101	NC_003074.8	89.217	1150	95	10	650	1781	6053777	6054915	0.0	1410
NC_003070.9:11980302-11982101	NC_003074.8	93.096	927	53	6	650	1570	11202096	11201175	0.0	1347
NC_003070.9:11980302-11982101	NC_003074.8	89.810	844	66	12	650	1490	10584890	10584064	0.0	1064
NC_003070.9:11980302-11982101	NC_003074.8	87.208	727	71	8	1084	1791	16106840	16107563	0.0	808
NC_003070.9:11980302-11982101	NC_003074.8	86.371	631	43	16	8	602	11826030	11825407	0.0	649
NC_003070.9:11980302-11982101	NC_003074.8	86.076	632	48	16	6	602	6052692	6053318	0.0	643
NC_003070.9:11980302-11982101	NC_003074.8	85.990	621	51	23	9	602	10585975	10585364	7.46e-180	632
NC_003070.9:11980302-11982101	NC_003074.8	90.845	426	32	5	9	432	11202773	11202353	2.76e-159	564
NC_003070.9:11980302-11982101	NC_003074.8	83.993	581	76	12	1084	1656	14473041	14472470	1.29e-152	542
NC_003070.9:11980302-11982101	NC_003074.8	88.089	403	41	4	5	405	16085427	16085824	1.72e-131	472
NC_003070.9:11980302-11982101	NC_003074.8	92.614	176	10	2	650	824	16106499	16106672	8.78e-65	250
NC_003070.9:11980302-11982101	NC_003074.8	86.339	183	19	4	7	187	16854249	16854071	4.17e-48	195
NC_003070.9:11980302-11982101	NC_003074.8	84.211	171	10	7	1627	1781	11200623	11200454	9.16e-35	150
NC_003070.9:11980302-11982101	NC_003074.8	95.000	80	3	1	1711	1790	11243563	11243485	5.55e-27	124
NC_003070.9:11980302-11982101	NC_003074.8	82.581	155	8	9	1654	1789	11539326	11539480	2.58e-25	119
NC_003070.9:11980302-11982101	NC_003071.7	90.967	1096	74	16	706	1781	4475191	4476281	0.0	1452
NC_003070.9:11980302-11982101	NC_003071.7	88.147	734	57	13	1084	1793	5841838	5841111	0.0	846
NC_003070.9:11980302-11982101	NC_003071.7	90.625	608	38	5	1187	1777	3193355	3193960	0.0	789
NC_003070.9:11980302-11982101	NC_003071.7	87.068	665	61	15	1146	1792	12877321	12876664	0.0	728
NC_003070.9:11980302-11982101	NC_003071.7	85.008	627	47	19	9	602	3192432	3193044	3.52e-168	593
NC_003070.9:11980302-11982101	NC_003071.7	90.654	428	29	7	650	1074	5842431	5842012	1.28e-157	558
NC_003070.9:11980302-11982101	NC_003071.7	89.781	411	34	3	3	413	4474416	4474818	6.06e-146	520
NC_003070.9:11980302-11982101	NC_003071.7	89.552	335	29	4	9	339	6469095	6469427	6.32e-116	420
NC_003070.9:11980302-11982101	NC_003071.7	88.000	325	22	12	1480	1788	6469478	6469801	2.32e-100	368
NC_003070.9:11980302-11982101	NC_003071.7	86.379	301	23	4	1510	1793	3195713	3196012	1.10e-83	313
NC_003070.9:11980302-11982101	NC_003071.7	81.295	139	20	6	1285	1420	5592373	5592508	5.59e-22	108
NC_003070.9:11980302-11982101	NC_003071.7	82.609	115	18	1	9	123	7149805	7149693	9.35e-20	100
NC_003070.9:11980302-11982101	NC_003071.7	96.491	57	1	1	1735	1790	5011211	5011155	1.57e-17	93.5
NC_003070.9:11980302-11982101	NC_003075.7	90.717	851	57	12	650	1485	7033408	7034251	0.0	1114
NC_003070.9:11980302-11982101	NC_003075.7	88.579	718	60	9	1084	1782	6809182	6809896	0.0	852
NC_003070.9:11980302-11982101	NC_003075.7	87.500	720	68	7	1084	1786	9762603	9761889	0.0	811
NC_003070.9:11980302-11982101	NC_003075.7	87.431	724	61	14	1084	1787	9841398	9840685	0.0	806
NC_003070.9:11980302-11982101	NC_003075.7	84.138	580	50	25	5	546	6808232	6808807	4.68e-147	523
NC_003070.9:11980302-11982101	NC_003075.7	87.366	467	40	4	1332	1781	5541885	5541421	2.18e-145	518
NC_003070.9:11980302-11982101	NC_003075.7	90.226	399	29	5	9	405	5227439	5227829	1.01e-143	512
NC_003070.9:11980302-11982101	NC_003075.7	85.657	495	28	16	126	589	7032555	7033037	2.86e-134	481
NC_003070.9:11980302-11982101	NC_003075.7	87.685	406	45	4	9	413	5546455	5546054	2.23e-130	468
NC_003070.9:11980302-11982101	NC_003075.7	89.506	324	16	4	1476	1782	7034783	7035105	3.83e-108	394
NC_003070.9:11980302-11982101	NC_003075.7	92.614	176	9	3	650	824	6808843	6809015	8.78e-65	250
NC_003070.9:11980302-11982101	NC_003075.7	92.045	176	11	2	650	824	9762943	9762770	4.08e-63	244
NC_003070.9:11980302-11982101	NC_003075.7	90.341	176	14	2	650	824	9841737	9841564	4.11e-58	228
NC_003070.9:11980302-11982101	NC_003075.7	89.683	126	11	2	7	132	5548714	5548591	1.52e-37	159
NC_003070.9:11980302-11982101	NC_003075.7	89.873	79	7	1	1704	1782	563585	563508	9.35e-20	100
NC_003070.9:11987777-11988423	NC_003070.9	100.000	647	0	0	1	647	11987777	11988423	0.0	1195
NC_003070.9:11987777-11988423	NC_003070.9	89.860	641	47	5	2	639	13624552	13623927	0.0	808
NC_003070.9:11987777-11988423	NC_003070.9	88.316	659	55	13	1	639	10597666	10598322	0.0	771
NC_003070.9:11987777-11988423	NC_003070.9	89.627	617	49	8	1	611	26551573	26552180	0.0	771
NC_003070.9:11987777-11988423	NC_003070.9	87.671	657	55	5	1	632	22828616	22829271	0.0	741
NC_003070.9:11987777-11988423	NC_003070.9	85.803	641	49	21	1	638	21428756	21428155	0.0	641
NC_003070.9:11987777-11988423	NC_003070.9	84.025	482	49	11	128	605	5657778	5657321	6.11e-122	438
NC_003070.9:11987777-11988423	NC_003070.9	87.937	315	19	4	8	305	16477700	16478012	2.28e-96	353
NC_003070.9:11987777-11988423	NC_003070.9	89.326	178	17	2	462	638	13346864	13346688	6.70e-57	222
NC_003070.9:11987777-11988423	NC_003075.7	97.310	632	16	1	1	632	15816687	15816057	0.0	1072
NC_003070.9:11987777-11988423	NC_003075.7	90.091	656	50	11	1	647	6506269	6505620	0.0	837
NC_003070.9:11987777-11988423	NC_003075.7	89.862	651	54	8	1	645	8837147	8836503	0.0	826
NC_003070.9:11987777-11988423	NC_003075.7	87.692	650	60	12	1	632	9283767	9284414	0.0	739
NC_003070.9:11987777-11988423	NC_003075.7	85.803	641	46	21	25	645	6173473	6172858	0.0	638
NC_003070.9:11987777-11988423	NC_003075.7	85.122	410	37	5	236	644	6140569	6140955	1.04e-109	398
NC_003070.9:11987777-11988423	NC_003075.7	88.509	322	33	4	328	647	9079275	9078956	2.25e-106	387
NC_003070.9:11987777-11988423	NC_003075.7	86.928	306	37	3	1	306	6339152	6339454	1.77e-92	340
NC_003070.9:11987777-11988423	NC_003075.7	91.667	132	10	1	1	132	9079468	9079338	1.14e-44	182
NC_003070.9:11987777-11988423	NC_003076.8	93.997	633	34	4	1	632	18919592	18920221	0.0	955
NC_003070.9:11987777-11988423	NC_003076.8	88.702	655	48	9	1	632	13829286	13828635	0.0	776
NC_003070.9:11987777-11988423	NC_003076.8	84.894	662	55	25	1	642	15791105	15791741	1.22e-178	627
NC_003070.9:11987777-11988423	NC_003076.8	90.633	395	35	2	239	632	14956468	14956075	1.64e-147	523
NC_003070.9:11987777-11988423	NC_003076.8	84.138	580	42	19	1	557	12547098	12547650	2.75e-145	516
NC_003070.9:11987777-11988423	NC_003076.8	80.609	624	62	35	1	594	14994461	14995055	1.32e-118	427
NC_003070.9:11987777-11988423	NC_003076.8	82.851	484	55	16	128	610	7644086	7644542	4.79e-113	409
NC_003070.9:11987777-11988423	NC_003076.8	92.308	78	5	1	434	510	13905734	13905811	5.44e-23	110
NC_003070.9:11987777-11988423	NC_003074.8	93.049	633	38	4	5	632	10049547	10048916	0.0	920
NC_003070.9:11987777-11988423	NC_003074.8	89.498	638	56	7	1	632	22215960	22215328	0.0	797
NC_003070.9:11987777-11988423	NC_003074.8	92.308	507	34	3	1	503	14127409	14127914	0.0	715
NC_003070.9:11987777-11988423	NC_003074.8	92.308	507	34	3	1	503	14142998	14143503	0.0	715
NC_003070.9:11987777-11988423	NC_003074.8	87.479	599	59	9	1	598	16267222	16266639	0.0	676
NC_003070.9:11987777-11988423	NC_003074.8	81.972	649	70	19	1	632	10825142	10825760	1.65e-142	507
NC_003070.9:11987777-11988423	NC_003071.7	89.385	650	50	12	1	632	2297111	2297759	0.0	800
NC_003070.9:11987777-11988423	NC_003071.7	87.994	658	52	17	1	635	2241232	2240579	0.0	752
NC_003070.9:11987777-11988423	NC_003071.7	87.538	650	56	15	1	632	3598086	3598728	0.0	728
NC_003070.9:11987777-11988423	NC_003071.7	86.099	669	60	22	2	645	4471815	4472475	0.0	689
NC_003070.9:11987777-11988423	NC_003071.7	86.265	648	60	15	1	644	3191789	3191167	0.0	676
NC_003070.9:11987777-11988423	NC_003071.7	85.068	663	64	23	1	634	1281523	1280867	0.0	643
NC_003070.9:11987777-11988423	NC_003071.7	88.807	545	34	8	1	542	10256048	10255528	0.0	643
NC_003070.9:11987777-11988423	NC_003071.7	87.211	563	49	6	1	543	2961261	2961820	2.03e-176	619
NC_003070.9:11987777-11988423	NC_003071.7	88.719	523	32	11	5	503	8078202	8077683	9.46e-175	614
NC_003070.9:11987777-11988423	NC_003071.7	84.056	646	59	8	1	604	6288838	6288195	2.67e-165	582
NC_003074.8:18885624-18887517	NC_003074.8	100.000	1894	0	0	1	1894	18887517	18885624	0.0	3498
NC_003074.8:18885624-18887517	NC_003074.8	93.033	244	17	0	1651	1894	10708936	10709179	5.29e-97	357
NC_003074.8:18885624-18887517	NC_003074.8	90.650	246	21	1	1651	1894	7766372	7766617	1.49e-87	326
NC_003074.8:18885624-18887517	NC_003074.8	90.650	246	21	1	1651	1894	16405507	16405752	1.49e-87	326
NC_003074.8:18885624-18887517	NC_003074.8	88.327	257	17	1	1651	1894	6729181	6728925	1.17e-78	296
NC_003074.8:18885624-18887517	NC_003074.8	86.822	258	19	3	1651	1894	7980339	7980083	5.48e-72	274
NC_003074.8:18885624-18887517	NC_003074.8	86.957	253	18	4	1657	1894	21552353	21552101	7.09e-71	270
NC_003074.8:18885624-18887517	NC_003074.8	89.352	216	19	2	1673	1885	8329280	8329494	2.55e-70	268
NC_003074.8:18885624-18887517	NC_003074.8	86.381	257	21	2	1651	1894	10405704	10405959	2.55e-70	268
NC_003074.8:18885624-18887517	NC_003074.8	85.992	257	21	5	1651	1894	19740086	19740340	4.27e-68	261
NC_003074.8:18885624-18887517	NC_003074.8	93.220	177	11	1	83	259	423064	422889	1.54e-67	259
NC_003074.8:18885624-18887517	NC_003074.8	85.603	257	24	5	1651	1894	15814235	15814491	5.52e-67	257
NC_003074.8:18885624-18887517	NC_003074.8	85.714	252	22	3	1657	1894	3080276	3080025	7.14e-66	254
NC_003074.8:18885624-18887517	NC_003074.8	92.090	177	14	0	83	259	11132335	11132511	9.24e-65	250
NC_003074.8:18885624-18887517	NC_003074.8	86.937	222	26	3	1673	1892	16902979	16903199	1.20e-63	246
NC_003074.8:18885624-18887517	NC_003074.8	90.395	177	17	0	83	259	23085669	23085845	9.31e-60	233
NC_003074.8:18885624-18887517	NC_003074.8	90.395	177	16	1	83	259	18634364	18634189	3.35e-59	231
NC_003074.8:18885624-18887517	NC_003074.8	92.073	164	13	0	83	246	19739896	19740059	3.35e-59	231
NC_003074.8:18885624-18887517	NC_003074.8	90.116	172	16	1	89	259	10718199	10718028	2.01e-56	222
NC_003074.8:18885624-18887517	NC_003074.8	84.322	236	21	6	1673	1894	6940832	6940599	9.37e-55	217
NC_003074.8:18885624-18887517	NC_003074.8	86.473	207	12	3	1703	1894	20769804	20769599	1.21e-53	213
NC_003074.8:18885624-18887517	NC_003074.8	85.377	212	16	3	1673	1870	18171177	18170967	2.03e-51	206
NC_003074.8:18885624-18887517	NC_003074.8	82.773	238	24	6	1673	1894	11588873	11588637	1.22e-48	196
NC_003074.8:18885624-18887517	NC_003074.8	82.627	236	23	7	1673	1892	18495382	18495149	1.58e-47	193
NC_003074.8:18885624-18887517	NC_003074.8	82.353	238	24	7	1673	1894	10901411	10901646	5.68e-47	191
NC_003074.8:18885624-18887517	NC_003074.8	93.258	89	5	1	1	88	10708625	10708713	1.26e-28	130
NC_003074.8:18885624-18887517	NC_003074.8	92.135	89	6	1	1	88	19739757	19739845	5.85e-27	124
NC_003074.8:18885624-18887517	NC_003074.8	77.000	200	33	10	1673	1870	4468266	4468454	2.74e-20	102
NC_003074.8:18885624-18887517	NC_003074.8	88.235	85	9	1	1	84	4551549	4551633	9.85e-20	100
NC_003074.8:18885624-18887517	NC_003074.8	90.667	75	7	0	1651	1725	4579544	4579618	9.85e-20	100
NC_003074.8:18885624-18887517	NC_003074.8	86.047	86	12	0	1	86	8644742	8644827	1.65e-17	93.5
NC_003074.8:18885624-18887517	NC_003074.8	86.250	80	9	2	7	85	16723678	16723600	2.76e-15	86.1
NC_003074.8:18885624-18887517	NC_003074.8	91.525	59	5	0	1699	1757	7981817	7981875	3.57e-14	82.4
NC_003074.8:18885624-18887517	NC_003074.8	88.889	63	7	0	1	63	10905318	10905380	4.62e-13	78.7
NC_003074.8:18885624-18887517	NC_003074.8	84.375	64	6	3	1	62	16100860	16100799	1.67e-07	60.2
NC_003074.8:18885624-18887517	NC_003070.9	97.915	1391	29	0	260	1650	1613272	1614662	0.0	2409
NC_003074.8:18885624-18887517	NC_003070.9	97.281	993	27	0	260	1252	20330666	20329674	0.0	1685
NC_003074.8:18885624-18887517	NC_003070.9	96.053	304	12	0	1342	1645	20329677	20329374	1.08e-138	496
NC_003074.8:18885624-18887517	NC_003070.9	91.803	244	20	0	1651	1894	16400692	16400449	5.33e-92	340
NC_003074.8:18885624-18887517	NC_003070.9	91.463	246	19	1	1651	1894	27241030	27241275	6.90e-91	337
NC_003074.8:18885624-18887517	NC_003070.9	91.393	244	21	0	1651	1894	540676	540433	2.48e-90	335
NC_003074.8:18885624-18887517	NC_003070.9	91.093	247	18	3	1651	1894	26881031	26881276	3.21e-89	331
NC_003074.8:18885624-18887517	NC_003070.9	89.958	239	23	1	1657	1894	20205592	20205354	5.41e-82	307
NC_003074.8:18885624-18887517	NC_003070.9	90.129	233	22	1	1663	1894	2473131	2472899	2.52e-80	302
NC_003074.8:18885624-18887517	NC_003070.9	88.843	242	25	2	1651	1892	10931231	10931470	1.17e-78	296
NC_003074.8:18885624-18887517	NC_003070.9	87.209	258	18	4	1651	1894	10021670	10021414	1.18e-73	279
NC_003074.8:18885624-18887517	NC_003070.9	87.755	245	21	4	1651	1894	29244449	29244685	4.24e-73	278
NC_003074.8:18885624-18887517	NC_003070.9	86.434	258	20	8	1651	1894	11803800	11803544	2.55e-70	268
NC_003074.8:18885624-18887517	NC_003070.9	86.381	257	21	3	1651	1894	21918729	21918984	2.55e-70	268
NC_003074.8:18885624-18887517	NC_003070.9	86.434	258	19	4	1651	1894	23125386	23125131	2.55e-70	268
NC_003074.8:18885624-18887517	NC_003070.9	85.714	259	21	4	1651	1894	5863255	5863512	1.54e-67	259
NC_003074.8:18885624-18887517	NC_003070.9	85.603	257	23	5	1651	1894	25779982	25780237	5.52e-67	257
NC_003074.8:18885624-18887517	NC_003070.9	85.603	257	23	2	1651	1894	26510925	26510670	5.52e-67	257
NC_003074.8:18885624-18887517	NC_003070.9	85.603	257	22	4	1651	1894	4770369	4770115	1.99e-66	255
NC_003074.8:18885624-18887517	NC_003070.9	85.328	259	18	9	1651	1894	24645811	24646064	9.24e-65	250
NC_003074.8:18885624-18887517	NC_003070.9	88.780	205	19	2	1673	1874	3251256	3251459	3.32e-64	248
NC_003074.8:18885624-18887517	NC_003070.9	91.525	177	15	0	83	259	10931063	10931239	4.30e-63	244
NC_003074.8:18885624-18887517	NC_003070.9	91.908	173	14	0	83	255	26511093	26510921	1.55e-62	243
NC_003074.8:18885624-18887517	NC_003070.9	84.109	258	26	7	1651	1894	28891636	28891380	2.59e-60	235
NC_003074.8:18885624-18887517	NC_003070.9	89.888	178	17	1	83	259	11732492	11732669	4.33e-58	228
NC_003074.8:18885624-18887517	NC_003070.9	94.000	150	9	0	83	232	24718607	24718756	4.33e-58	228
NC_003074.8:18885624-18887517	NC_003070.9	85.106	235	20	5	1651	1870	4583302	4583536	1.56e-57	226
NC_003074.8:18885624-18887517	NC_003070.9	84.298	242	23	7	1651	1892	10852894	10852668	2.01e-56	222
NC_003074.8:18885624-18887517	NC_003070.9	92.308	156	9	3	1506	1660	20330522	20330675	2.61e-55	219
NC_003074.8:18885624-18887517	NC_003070.9	88.701	177	19	1	83	259	587887	587712	3.37e-54	215
NC_003074.8:18885624-18887517	NC_003070.9	89.017	173	19	0	87	259	13495845	13495673	3.37e-54	215
NC_003074.8:18885624-18887517	NC_003070.9	82.593	270	21	8	1651	1894	17502538	17502807	3.37e-54	215
NC_003074.8:18885624-18887517	NC_003070.9	92.414	145	11	0	260	404	1614662	1614518	5.64e-52	207
NC_003074.8:18885624-18887517	NC_003070.9	85.990	207	13	3	1703	1894	9384365	9384160	5.64e-52	207
NC_003074.8:18885624-18887517	NC_003070.9	83.193	238	21	8	1673	1894	21128636	21128870	9.44e-50	200
NC_003074.8:18885624-18887517	NC_003070.9	82.773	238	23	7	1673	1894	9418298	9418063	1.22e-48	196
NC_003074.8:18885624-18887517	NC_003070.9	82.773	238	24	6	1673	1894	10579905	10580141	1.22e-48	196
NC_003074.8:18885624-18887517	NC_003070.9	82.520	246	17	8	1651	1870	6218835	6218590	1.58e-47	193
NC_003074.8:18885624-18887517	NC_003070.9	86.705	173	23	0	87	259	21739497	21739325	1.58e-47	193
NC_003074.8:18885624-18887517	NC_003070.9	82.353	238	25	6	1673	1894	11669593	11669357	5.68e-47	191
NC_003074.8:18885624-18887517	NC_003070.9	83.645	214	18	5	1673	1870	3762754	3762966	2.64e-45	185
NC_003074.8:18885624-18887517	NC_003070.9	88.966	145	16	0	1506	1650	1613416	1613272	1.23e-43	180
NC_003074.8:18885624-18887517	NC_003070.9	82.128	235	16	9	1686	1894	13870210	13870444	4.42e-43	178
NC_003074.8:18885624-18887517	NC_003070.9	81.421	183	27	5	1685	1863	21602157	21601978	1.61e-32	143
NC_003074.8:18885624-18887517	NC_003070.9	93.407	91	6	0	83	173	12240645	12240735	2.70e-30	135
NC_003074.8:18885624-18887517	NC_003070.9	93.258	89	5	1	1	88	23125693	23125605	1.26e-28	130
NC_003074.8:18885624-18887517	NC_003070.9	92.135	89	6	1	1	88	13869873	13869961	5.85e-27	124
NC_003074.8:18885624-18887517	NC_003070.9	91.765	85	7	0	1	85	540987	540903	2.72e-25	119
NC_003074.8:18885624-18887517	NC_003070.9	77.333	225	36	12	1673	1894	29774473	29774261	2.72e-25	119
NC_003074.8:18885624-18887517	NC_003070.9	88.172	93	10	1	1673	1765	5437136	5437045	1.64e-22	110
NC_003074.8:18885624-18887517	NC_003070.9	89.412	85	9	0	2	86	14013409	14013325	5.89e-22	108
NC_003074.8:18885624-18887517	NC_003070.9	87.209	86	11	0	1	86	21335944	21336029	3.54e-19	99.0
NC_003074.8:18885624-18887517	NC_003070.9	87.500	64	7	1	1	64	5437788	5437726	2.15e-11	73.1
NC_003074.8:18885624-18887517	NC_003076.8	92.245	245	18	1	1651	1894	14810581	14810825	1.15e-93	346
NC_003074.8:18885624-18887517	NC_003076.8	91.498	247	18	1	1651	1894	9557905	9557659	6.90e-91	337
NC_003074.8:18885624-18887517	NC_003076.8	91.093	247	18	2	1651	1894	16871234	16871479	3.21e-89	331
NC_003074.8:18885624-18887517	NC_003076.8	90.650	246	21	1	1651	1894	13892375	13892130	1.49e-87	326
NC_003074.8:18885624-18887517	NC_003076.8	88.934	244	25	2	1652	1894	15581099	15581341	9.05e-80	300
NC_003074.8:18885624-18887517	NC_003076.8	88.430	242	19	5	1654	1894	24586823	24587056	9.11e-75	283
NC_003074.8:18885624-18887517	NC_003076.8	87.402	254	20	7	1651	1894	8749219	8749470	3.28e-74	281
NC_003074.8:18885624-18887517	NC_003076.8	86.957	253	17	4	1657	1894	22621429	22621178	7.09e-71	270
NC_003074.8:18885624-18887517	NC_003076.8	93.258	178	12	0	82	259	17043490	17043667	1.19e-68	263
NC_003074.8:18885624-18887517	NC_003076.8	85.992	257	21	6	1651	1894	5625366	5625620	4.27e-68	261
NC_003074.8:18885624-18887517	NC_003076.8	93.605	172	11	0	1483	1654	16048660	16048831	5.52e-67	257
NC_003074.8:18885624-18887517	NC_003076.8	85.385	260	22	4	1651	1894	6420086	6419827	1.99e-66	255
NC_003074.8:18885624-18887517	NC_003076.8	85.882	255	19	7	1657	1894	9068423	9068169	1.99e-66	255
NC_003074.8:18885624-18887517	NC_003076.8	87.168	226	17	9	1673	1893	19408597	19408379	1.20e-63	246
NC_003074.8:18885624-18887517	NC_003076.8	91.525	177	14	1	83	259	7070122	7070297	1.55e-62	243
NC_003074.8:18885624-18887517	NC_003076.8	91.525	177	14	1	83	259	16712984	16713159	1.55e-62	243
NC_003074.8:18885624-18887517	NC_003076.8	83.333	270	19	8	1651	1894	7417639	7417908	1.56e-57	226
NC_003074.8:18885624-18887517	NC_003076.8	89.205	176	19	0	84	259	3566490	3566665	7.25e-56	220
NC_003074.8:18885624-18887517	NC_003076.8	93.243	148	10	0	257	404	16048830	16048683	2.61e-55	219
NC_003074.8:18885624-18887517	NC_003076.8	87.571	177	21	1	84	259	4937102	4937278	7.30e-51	204
NC_003074.8:18885624-18887517	NC_003076.8	91.333	150	11	2	252	400	16048507	16048655	7.30e-51	204
NC_003074.8:18885624-18887517	NC_003076.8	84.951	206	17	2	1703	1894	16030754	16030549	1.22e-48	196
NC_003074.8:18885624-18887517	NC_003076.8	84.021	194	29	2	1700	1892	8671491	8671683	2.64e-45	185
NC_003074.8:18885624-18887517	NC_003076.8	83.645	214	17	7	1673	1870	15535363	15535152	2.64e-45	185
NC_003074.8:18885624-18887517	NC_003076.8	81.857	237	25	7	1673	1892	7488328	7488093	9.51e-45	183
NC_003074.8:18885624-18887517	NC_003076.8	85.326	184	13	3	1651	1820	26015612	26015795	4.42e-43	178
NC_003074.8:18885624-18887517	NC_003076.8	81.377	247	19	4	1651	1894	4937270	4937492	1.59e-42	176
NC_003074.8:18885624-18887517	NC_003076.8	80.932	236	28	6	1673	1892	22021624	22021858	7.40e-41	171
NC_003074.8:18885624-18887517	NC_003076.8	83.511	188	21	8	1679	1863	17247887	17247707	9.58e-40	167
NC_003074.8:18885624-18887517	NC_003076.8	92.035	113	9	0	147	259	13678951	13678839	1.60e-37	159
NC_003074.8:18885624-18887517	NC_003076.8	91.892	111	7	2	1651	1760	24118268	24118377	7.45e-36	154
NC_003074.8:18885624-18887517	NC_003076.8	93.407	91	6	0	83	173	13231808	13231898	2.70e-30	135
NC_003074.8:18885624-18887517	NC_003076.8	92.135	89	6	1	1	88	17726422	17726510	5.85e-27	124
NC_003074.8:18885624-18887517	NC_003076.8	83.571	140	9	2	1673	1798	9867496	9867635	2.72e-25	119
NC_003074.8:18885624-18887517	NC_003076.8	91.765	85	7	0	1	85	13679030	13678946	2.72e-25	119
NC_003074.8:18885624-18887517	NC_003076.8	89.474	95	8	2	1673	1766	15031163	15031070	2.72e-25	119
NC_003074.8:18885624-18887517	NC_003076.8	76.889	225	37	12	1673	1894	24314283	24314495	1.27e-23	113
NC_003074.8:18885624-18887517	NC_003076.8	82.857	140	10	2	1673	1798	26893188	26893327	1.27e-23	113
NC_003074.8:18885624-18887517	NC_003076.8	82.609	138	12	2	1673	1798	17398095	17397958	4.55e-23	111
NC_003074.8:18885624-18887517	NC_003076.8	89.535	86	9	0	1	86	349810	349895	1.64e-22	110
NC_003074.8:18885624-18887517	NC_003076.8	96.875	64	2	0	1	64	14265609	14265546	5.89e-22	108
NC_003074.8:18885624-18887517	NC_003076.8	88.372	86	10	0	1	86	10042374	10042289	7.61e-21	104
NC_003074.8:18885624-18887517	NC_003076.8	88.506	87	8	2	1	86	25178777	25178862	7.61e-21	104
NC_003074.8:18885624-18887517	NC_003076.8	88.506	87	7	2	1651	1734	15882601	15882687	2.74e-20	102
NC_003074.8:18885624-18887517	NC_003076.8	87.356	87	10	1	3	88	14395843	14395757	3.54e-19	99.0
NC_003074.8:18885624-18887517	NC_003076.8	87.356	87	10	1	3	88	14455142	14455056	3.54e-19	99.0
NC_003074.8:18885624-18887517	NC_003071.7	91.870	246	18	1	1651	1894	6206840	6206595	1.48e-92	342
NC_003074.8:18885624-18887517	NC_003071.7	87.597	258	17	3	1651	1894	13102104	13102360	2.53e-75	285
NC_003074.8:18885624-18887517	NC_003071.7	87.160	257	19	6	1651	1894	5038058	5038313	1.18e-73	279
NC_003074.8:18885624-18887517	NC_003071.7	86.434	258	19	7	1651	1894	7340687	7340942	2.55e-70	268
NC_003074.8:18885624-18887517	NC_003071.7	85.714	259	21	4	1651	1894	2139128	2139385	1.54e-67	259
NC_003074.8:18885624-18887517	NC_003071.7	86.166	253	18	5	1651	1889	13886225	13886474	5.52e-67	257
NC_003074.8:18885624-18887517	NC_003071.7	92.655	177	13	0	83	259	1670201	1670025	1.99e-66	255
NC_003074.8:18885624-18887517	NC_003071.7	92.697	178	12	1	83	259	19623235	19623412	1.99e-66	255
NC_003074.8:18885624-18887517	NC_003071.7	92.090	177	14	0	83	259	5037890	5038066	9.24e-65	250
NC_003074.8:18885624-18887517	NC_003071.7	91.573	178	15	0	82	259	15134357	15134534	1.20e-63	246
NC_003074.8:18885624-18887517	NC_003071.7	91.573	178	15	0	82	259	19243003	19242826	1.20e-63	246
NC_003074.8:18885624-18887517	NC_003071.7	85.317	252	20	5	1658	1894	1597230	1597479	4.30e-63	244
NC_003074.8:18885624-18887517	NC_003071.7	91.525	177	15	0	83	259	17147515	17147339	4.30e-63	244
NC_003074.8:18885624-18887517	NC_003071.7	90.960	177	16	0	83	259	9225886	9225710	2.00e-61	239
NC_003074.8:18885624-18887517	NC_003071.7	86.017	236	18	2	1674	1894	10996418	10996183	2.00e-61	239
NC_003074.8:18885624-18887517	NC_003071.7	88.000	200	20	4	1673	1870	9455967	9456164	9.31e-60	233
NC_003074.8:18885624-18887517	NC_003071.7	90.173	173	17	0	83	255	1597059	1597231	1.56e-57	226
NC_003074.8:18885624-18887517	NC_003071.7	85.106	235	20	4	1651	1870	4025719	4025953	1.56e-57	226
NC_003074.8:18885624-18887517	NC_003071.7	88.701	177	20	0	83	259	5010512	5010336	9.37e-55	217
NC_003074.8:18885624-18887517	NC_003071.7	85.990	207	12	5	1703	1894	1038253	1038049	2.03e-51	206
NC_003074.8:18885624-18887517	NC_003071.7	83.193	238	22	7	1673	1894	3197853	3197618	2.62e-50	202
NC_003074.8:18885624-18887517	NC_003071.7	82.258	248	31	11	1651	1892	9225718	9225478	2.62e-50	202
NC_003074.8:18885624-18887517	NC_003071.7	82.773	238	24	6	1673	1894	1322206	1321970	1.22e-48	196
NC_003074.8:18885624-18887517	NC_003071.7	85.024	207	16	3	1703	1894	2320728	2320934	1.22e-48	196
NC_003074.8:18885624-18887517	NC_003071.7	86.413	184	11	3	1651	1820	19172360	19172177	2.04e-46	189
NC_003074.8:18885624-18887517	NC_003071.7	82.063	223	26	6	1686	1894	9860177	9859955	4.42e-43	178
NC_003074.8:18885624-18887517	NC_003071.7	88.189	127	13	2	1673	1798	14572548	14572673	9.64e-35	150
NC_003074.8:18885624-18887517	NC_003071.7	77.333	225	36	12	1673	1894	1347424	1347212	2.72e-25	119
NC_003074.8:18885624-18887517	NC_003071.7	87.368	95	10	2	1673	1766	9030463	9030556	5.89e-22	108
NC_003074.8:18885624-18887517	NC_003071.7	92.105	76	6	0	83	158	9433230	9433305	5.89e-22	108
NC_003074.8:18885624-18887517	NC_003071.7	82.143	140	10	3	1673	1798	10070310	10070172	2.12e-21	106
NC_003074.8:18885624-18887517	NC_003071.7	82.558	86	14	1	1	86	1368502	1368418	5.97e-12	75.0
NC_003074.8:18885624-18887517	NC_003071.7	87.500	64	8	0	1	64	6004805	6004742	5.97e-12	75.0
NC_003074.8:18885624-18887517	NC_003071.7	86.364	66	9	0	1	66	5761056	5760991	2.15e-11	73.1
NC_003074.8:18885624-18887517	NC_003075.7	88.797	241	23	3	1657	1894	6339711	6339472	1.51e-77	292
NC_003074.8:18885624-18887517	NC_003075.7	87.209	258	18	2	1651	1894	9111836	9111580	1.18e-73	279
NC_003074.8:18885624-18887517	NC_003075.7	93.220	177	12	0	83	259	15442061	15441885	4.27e-68	261
NC_003074.8:18885624-18887517	NC_003075.7	85.714	252	20	8	1657	1894	5391969	5391720	2.57e-65	252
NC_003074.8:18885624-18887517	NC_003075.7	84.556	259	22	5	1651	1894	572452	572197	5.56e-62	241
NC_003074.8:18885624-18887517	NC_003075.7	83.643	269	19	11	1651	1894	14457979	14457711	1.20e-58	230
NC_003074.8:18885624-18887517	NC_003075.7	89.831	177	18	0	83	259	12365474	12365298	4.33e-58	228
NC_003074.8:18885624-18887517	NC_003075.7	89.773	176	18	0	84	259	5392142	5391967	1.56e-57	226
NC_003074.8:18885624-18887517	NC_003075.7	89.266	177	19	0	83	259	1521397	1521573	2.01e-56	222
NC_003074.8:18885624-18887517	NC_003075.7	89.266	177	18	1	83	259	572619	572444	7.25e-56	220
NC_003074.8:18885624-18887517	NC_003075.7	83.898	236	22	5	1673	1894	17501973	17502206	4.36e-53	211
NC_003074.8:18885624-18887517	NC_003075.7	87.500	176	22	0	84	259	6661128	6661303	7.30e-51	204
NC_003074.8:18885624-18887517	NC_003075.7	83.333	240	21	7	1673	1894	8899727	8899965	7.30e-51	204
NC_003074.8:18885624-18887517	NC_003075.7	80.408	245	38	8	1651	1894	8947453	8947218	4.42e-43	178
NC_003074.8:18885624-18887517	NC_003075.7	82.051	234	17	7	1686	1894	12606710	12606477	1.59e-42	176
NC_003074.8:18885624-18887517	NC_003075.7	84.066	182	16	5	1650	1818	6661294	6661475	1.24e-38	163
NC_003074.8:18885624-18887517	NC_003075.7	80.335	239	26	8	1673	1894	7231369	7231603	4.46e-38	161
NC_003074.8:18885624-18887517	NC_003075.7	82.734	139	10	3	1673	1798	12699153	12699290	4.55e-23	111
NC_003074.8:18885624-18887517	NC_003075.7	90.541	74	5	2	1673	1745	1100911	1100983	1.27e-18	97.1
NC_003074.8:18885624-18887517	NC_003075.7	88.571	70	7	1	1673	1742	7572220	7572288	9.92e-15	84.2
NC_003074.8:18885624-18887517	NC_003075.7	85.938	64	9	0	1	64	5199121	5199184	2.78e-10	69.4
NC_003074.8:19776681-19779665	NC_003074.8	100.000	2985	0	0	1	2985	19776681	19779665	0.0	5513
NC_003074.8:19776681-19779665	NC_003074.8	91.426	1248	66	19	709	1918	11848616	11849860	0.0	1674
NC_003074.8:19776681-19779665	NC_003074.8	91.871	1021	64	7	1976	2984	11850300	11851313	0.0	1408
NC_003074.8:19776681-19779665	NC_003074.8	93.255	341	16	3	131	465	11848256	11848595	1.70e-138	496
NC_003074.8:19776681-19779665	NC_003074.8	97.490	239	5	1	466	703	19884381	19884619	8.21e-112	407
NC_003074.8:19776681-19779665	NC_003074.8	83.469	369	31	21	2284	2649	16347548	16347889	1.42e-84	316
NC_003074.8:19776681-19779665	NC_003074.8	83.955	268	26	8	1507	1758	11432439	11432173	8.81e-62	241
NC_003074.8:19776681-19779665	NC_003075.7	97.901	2859	35	5	131	2985	10284126	10286963	0.0	4924
NC_003074.8:19776681-19779665	NC_003075.7	92.857	84	6	0	1	84	6197337	6197254	3.33e-26	122
NC_003074.8:19776681-19779665	NC_003071.7	97.796	2858	36	7	131	2985	3583486	3580653	0.0	4903
NC_003074.8:19776681-19779665	NC_003071.7	81.076	502	73	12	1490	1975	5159542	5159047	4.98e-104	381
NC_003074.8:19776681-19779665	NC_003071.7	77.873	583	74	33	2427	2985	1790541	1789990	6.62e-83	311
NC_003074.8:19776681-19779665	NC_003071.7	96.992	133	4	0	1	133	3584074	3583942	8.87e-57	224
NC_003074.8:19776681-19779665	NC_003070.9	97.551	2858	34	9	131	2985	20826465	20823641	0.0	4857
NC_003074.8:19776681-19779665	NC_003070.9	96.241	133	4	1	1	133	20827227	20827096	1.48e-54	217
NC_003074.8:19776681-19779665	NC_003070.9	95.798	119	4	1	15	133	20827039	20826922	9.00e-47	191
NC_003074.8:19776681-19779665	NC_003076.8	81.871	684	81	22	2284	2937	15087297	15086627	1.00e-150	536
NC_003074.8:19739757-19740371	NC_003074.8	100.000	615	0	0	1	615	19739757	19740371	0.0	1136
NC_003074.8:19739757-19740371	NC_003074.8	91.186	590	27	5	1	587	10405396	10405963	0.0	778
NC_003074.8:19739757-19740371	NC_003074.8	91.252	583	27	4	4	584	11091000	11090440	0.0	773
NC_003074.8:19739757-19740371	NC_003074.8	90.787	597	25	8	1	595	23085531	23086099	0.0	771
NC_003074.8:19739757-19740371	NC_003074.8	90.785	586	30	12	1	584	14057124	14057687	0.0	761
NC_003074.8:19739757-19740371	NC_003074.8	89.934	606	31	12	3	598	6729497	6728912	0.0	754
NC_003074.8:19739757-19740371	NC_003074.8	90.206	582	29	9	13	592	18634492	18633937	0.0	734
NC_003074.8:19739757-19740371	NC_003074.8	89.779	587	36	13	1	585	19436871	19437435	0.0	730
NC_003074.8:19739757-19740371	NC_003074.8	89.590	586	37	12	1	585	16485869	16485307	0.0	723
NC_003074.8:19739757-19740371	NC_003074.8	89.420	586	29	6	1	584	10708625	10709179	0.0	708
NC_003074.8:19739757-19740371	NC_003074.8	89.018	601	27	15	1	584	10758580	10758002	0.0	708
NC_003074.8:19739757-19740371	NC_003074.8	88.629	598	42	14	1	594	5865864	5866439	0.0	704
NC_003074.8:19739757-19740371	NC_003074.8	88.927	587	29	16	1	585	17402552	17402000	0.0	691
NC_003074.8:19739757-19740371	NC_003074.8	88.927	587	27	18	1	584	10718345	10717794	0.0	689
NC_003074.8:19739757-19740371	NC_003074.8	88.737	586	34	8	1	584	7766062	7766617	0.0	688
NC_003074.8:19739757-19740371	NC_003074.8	88.625	589	32	7	1	585	16405196	16405753	0.0	684
NC_003074.8:19739757-19740371	NC_003074.8	86.655	592	48	12	1	585	3080591	3080024	1.15e-178	627
NC_003074.8:19739757-19740371	NC_003074.8	85.788	584	52	13	7	584	16723678	16723120	1.51e-167	590
NC_003074.8:19739757-19740371	NC_003074.8	85.739	589	43	19	1	585	7980633	7980082	7.04e-166	584
NC_003074.8:19739757-19740371	NC_003074.8	85.260	597	45	21	1	595	11315007	11315562	4.24e-163	575
NC_003074.8:19739757-19740371	NC_003074.8	84.941	591	49	15	1	584	21552658	21552101	3.30e-159	562
NC_003074.8:19739757-19740371	NC_003074.8	84.808	599	44	13	1	595	11132202	11132757	4.27e-158	558
NC_003074.8:19739757-19740371	NC_003074.8	84.642	586	44	23	1	584	4584756	4585297	4.30e-153	542
NC_003074.8:19739757-19740371	NC_003074.8	84.043	564	42	21	1	562	423197	422680	2.62e-140	499
NC_003074.8:19739757-19740371	NC_003074.8	89.851	404	19	10	1	404	4579237	4579618	2.62e-140	499
NC_003074.8:19739757-19740371	NC_003074.8	86.473	414	32	8	184	595	15814110	15814501	2.70e-120	433
NC_003074.8:19739757-19740371	NC_003074.8	83.532	419	26	18	183	594	16235030	16234648	7.77e-96	351
NC_003074.8:19739757-19740371	NC_003074.8	89.796	245	20	5	352	592	11588873	11588630	4.74e-83	309
NC_003074.8:19739757-19740371	NC_003074.8	87.891	256	24	7	352	602	10901411	10901664	1.33e-78	294
NC_003074.8:19739757-19740371	NC_003074.8	88.353	249	23	6	352	594	16678267	16678515	1.33e-78	294
NC_003074.8:19739757-19740371	NC_003074.8	88.936	235	21	5	352	582	18495382	18495149	7.99e-76	285
NC_003074.8:19739757-19740371	NC_003074.8	91.787	207	14	3	382	585	20769804	20769598	7.99e-76	285
NC_003074.8:19739757-19740371	NC_003074.8	87.712	236	26	3	352	585	6940832	6940598	6.22e-72	272
NC_003074.8:19739757-19740371	NC_003074.8	91.667	192	13	3	1	190	15812961	15813151	3.75e-69	263
NC_003074.8:19739757-19740371	NC_003074.8	85.992	257	21	5	330	584	18885867	18885624	1.35e-68	261
NC_003074.8:19739757-19740371	NC_003074.8	88.018	217	24	2	352	566	18171177	18170961	6.27e-67	255
NC_003074.8:19739757-19740371	NC_003074.8	88.426	216	18	7	352	561	16534644	16534430	2.25e-66	254
NC_003074.8:19739757-19740371	NC_003074.8	87.168	226	16	6	352	575	8329280	8329494	1.36e-63	244
NC_003074.8:19739757-19740371	NC_003074.8	92.073	164	13	0	140	303	18887435	18887272	1.06e-59	231
NC_003074.8:19739757-19740371	NC_003074.8	83.333	234	23	9	352	582	16902979	16903199	8.28e-51	202
NC_003074.8:19739757-19740371	NC_003074.8	87.006	177	21	2	428	602	15918251	15918075	1.07e-49	198
NC_003074.8:19739757-19740371	NC_003074.8	83.262	233	22	8	352	583	17209789	17209573	1.07e-49	198
NC_003074.8:19739757-19740371	NC_003074.8	87.719	171	12	7	416	585	10681553	10681391	1.79e-47	191
NC_003074.8:19739757-19740371	NC_003074.8	84.795	171	18	6	416	585	18172436	18172273	1.09e-39	165
NC_003074.8:19739757-19740371	NC_003074.8	87.857	140	15	2	352	489	4468266	4468405	3.91e-39	163
NC_003074.8:19739757-19740371	NC_003074.8	88.722	133	13	2	352	482	8596315	8596183	1.41e-38	161
NC_003074.8:19739757-19740371	NC_003074.8	93.458	107	7	0	1	107	7274660	7274766	5.05e-38	159
NC_003074.8:19739757-19740371	NC_003074.8	92.308	91	6	1	492	582	4579615	4579704	1.43e-28	128
NC_003074.8:19739757-19740371	NC_003074.8	92.941	85	6	0	1	85	15918691	15918607	1.84e-27	124
NC_003074.8:19739757-19740371	NC_003074.8	92.135	89	6	1	1	89	18887517	18887430	1.84e-27	124
NC_003074.8:19739757-19740371	NC_003074.8	98.462	65	1	0	2	66	16235708	16235644	1.11e-24	115
NC_003074.8:19739757-19740371	NC_003074.8	93.421	76	5	0	1	76	10082828	10082753	3.99e-24	113
NC_003074.8:19739757-19740371	NC_003074.8	87.368	95	11	1	1	94	7659521	7659427	1.86e-22	108
NC_003074.8:19739757-19740371	NC_003074.8	90.667	75	7	0	1	75	7318502	7318576	3.11e-20	100
NC_003074.8:19739757-19740371	NC_003074.8	89.231	65	6	1	1	65	16535294	16535231	4.05e-14	80.5
NC_003074.8:19739757-19740371	NC_003074.8	89.231	65	6	1	1	65	16677616	16677679	4.05e-14	80.5
NC_003074.8:19739757-19740371	NC_003074.8	89.062	64	6	1	1	64	20770464	20770402	1.46e-13	78.7
NC_003074.8:19739757-19740371	NC_003074.8	88.710	62	6	1	1	62	16902332	16902392	1.88e-12	75.0
NC_003074.8:19739757-19740371	NC_003074.8	87.500	64	7	1	1	64	8596967	8596905	6.77e-12	73.1
NC_003074.8:19739757-19740371	NC_003074.8	86.154	65	8	1	1	65	10900762	10900825	8.76e-11	69.4
NC_003074.8:19739757-19740371	NC_003074.8	87.097	62	7	1	1	62	19537816	19537756	8.76e-11	69.4
NC_003074.8:19739757-19740371	NC_003074.8	85.938	64	8	1	1	64	19529023	19529085	3.15e-10	67.6
NC_003074.8:19739757-19740371	NC_003074.8	100.000	33	0	0	1	33	9540459	9540491	1.47e-08	62.1
NC_003074.8:19739757-19740371	NC_003074.8	100.000	29	0	0	1	29	18172792	18172764	2.45e-06	54.7
NC_003074.8:19739757-19740371	NC_003070.9	92.991	585	18	11	1	584	23125693	23125131	0.0	832
NC_003074.8:19739757-19740371	NC_003070.9	90.956	586	27	14	1	584	12097456	12098017	0.0	765
NC_003074.8:19739757-19740371	NC_003070.9	90.290	587	19	20	1	585	5899755	5899205	0.0	734
NC_003074.8:19739757-19740371	NC_003070.9	89.915	585	24	6	1	584	21918434	21918984	0.0	721
NC_003074.8:19739757-19740371	NC_003070.9	89.456	588	27	18	1	584	26511226	26510670	0.0	710
NC_003074.8:19739757-19740371	NC_003070.9	88.963	598	29	9	1	596	4770665	4770103	0.0	704
NC_003074.8:19739757-19740371	NC_003070.9	88.889	594	35	7	1	592	27240719	27241283	0.0	702
NC_003074.8:19739757-19740371	NC_003070.9	88.908	586	33	8	1	584	26880721	26881276	0.0	693
NC_003074.8:19739757-19740371	NC_003070.9	88.567	586	34	7	1	584	16401003	16400449	0.0	680
NC_003074.8:19739757-19740371	NC_003070.9	88.811	572	33	15	20	584	25779690	25780237	0.0	673
NC_003074.8:19739757-19740371	NC_003070.9	87.437	597	42	16	1	595	10591982	10591417	0.0	656
NC_003074.8:19739757-19740371	NC_003070.9	87.734	587	37	8	1	584	540987	540433	0.0	652
NC_003074.8:19739757-19740371	NC_003070.9	87.375	602	34	16	2	585	17502231	17502808	0.0	652
NC_003074.8:19739757-19740371	NC_003070.9	87.162	592	50	11	1	589	24718474	24719042	0.0	649
NC_003074.8:19739757-19740371	NC_003070.9	86.151	621	56	9	1	615	13495989	13495393	0.0	643
NC_003074.8:19739757-19740371	NC_003070.9	86.913	596	48	11	1	592	13811466	13810897	0.0	641
NC_003074.8:19739757-19740371	NC_003070.9	86.757	589	36	20	1	585	19769024	19769574	6.94e-176	617
NC_003074.8:19739757-19740371	NC_003070.9	86.224	588	55	8	1	584	21739641	21739076	8.98e-175	614
NC_003074.8:19739757-19740371	NC_003070.9	86.224	588	53	10	1	584	5862949	5863512	3.23e-174	612
NC_003074.8:19739757-19740371	NC_003070.9	86.874	579	33	22	1	562	6219140	6218588	4.18e-173	608
NC_003074.8:19739757-19740371	NC_003070.9	87.074	557	47	12	1	555	588027	587494	1.50e-172	606
NC_003074.8:19739757-19740371	NC_003070.9	88.975	517	19	16	68	582	10930990	10931470	5.40e-172	604
NC_003074.8:19739757-19740371	NC_003070.9	85.833	600	46	19	1	595	11732352	11732917	6.99e-171	601
NC_003074.8:19739757-19740371	NC_003070.9	85.526	608	43	23	1	591	13869873	13870452	1.17e-168	593
NC_003074.8:19739757-19740371	NC_003070.9	85.930	597	37	21	1	592	29244142	29244696	1.17e-168	593
NC_003074.8:19739757-19740371	NC_003070.9	85.690	594	29	13	1	585	24645519	24646065	4.24e-163	575
NC_003074.8:19739757-19740371	NC_003070.9	85.324	586	44	18	1	584	22192007	22192552	7.09e-161	568
NC_003074.8:19739757-19740371	NC_003070.9	84.474	599	49	26	1	593	11804094	11803534	7.14e-156	551
NC_003074.8:19739757-19740371	NC_003070.9	84.668	587	52	10	1	584	20205905	20205354	7.14e-156	551
NC_003074.8:19739757-19740371	NC_003070.9	84.694	588	47	20	1	584	10021962	10021414	9.23e-155	547
NC_003074.8:19739757-19740371	NC_003070.9	85.205	561	36	22	4	562	2986889	2986374	2.59e-150	532
NC_003074.8:19739757-19740371	NC_003070.9	84.060	596	41	27	1	594	10853200	10852657	4.33e-148	525
NC_003074.8:19739757-19740371	NC_003070.9	84.127	567	57	22	1	561	4582998	4583537	7.24e-146	518
NC_003074.8:19739757-19740371	NC_003070.9	83.729	590	53	16	1	585	28891930	28891379	7.24e-146	518
NC_003074.8:19739757-19740371	NC_003070.9	87.391	460	32	15	2	457	2587832	2587395	5.64e-142	505
NC_003074.8:19739757-19740371	NC_003070.9	92.641	231	16	1	1	230	12240505	12240735	1.01e-89	331
NC_003074.8:19739757-19740371	NC_003070.9	92.340	235	15	3	352	584	21615530	21615297	1.01e-89	331
NC_003074.8:19739757-19740371	NC_003070.9	91.775	231	18	1	1	230	13313923	13313693	2.19e-86	320
NC_003074.8:19739757-19740371	NC_003070.9	90.336	238	19	4	352	585	10579905	10580142	4.74e-83	309
NC_003074.8:19739757-19740371	NC_003070.9	90.336	238	17	6	352	585	21128636	21128871	1.71e-82	307
NC_003074.8:19739757-19740371	NC_003070.9	89.167	240	22	4	352	587	11669593	11669354	3.69e-79	296
NC_003074.8:19739757-19740371	NC_003070.9	88.797	241	23	3	352	588	8622992	8622752	4.78e-78	292
NC_003074.8:19739757-19740371	NC_003070.9	87.891	256	16	6	342	595	2473131	2472889	2.22e-76	287
NC_003074.8:19739757-19740371	NC_003070.9	88.608	237	22	5	352	584	9418298	9418063	2.87e-75	283
NC_003074.8:19739757-19740371	NC_003070.9	86.957	253	28	5	352	600	20559836	20559585	3.72e-74	279
NC_003074.8:19739757-19740371	NC_003070.9	87.815	238	24	5	352	585	12619289	12619525	1.73e-72	274
NC_003074.8:19739757-19740371	NC_003070.9	89.140	221	20	4	352	568	3762754	3762974	6.22e-72	272
NC_003074.8:19739757-19740371	NC_003070.9	89.401	217	19	4	382	595	9384365	9384150	2.24e-71	270
NC_003074.8:19739757-19740371	NC_003070.9	93.407	182	10	2	405	585	12240731	12240911	8.05e-71	268
NC_003074.8:19739757-19740371	NC_003070.9	90.244	205	18	2	382	584	8539559	8539763	2.90e-70	267
NC_003074.8:19739757-19740371	NC_003070.9	89.855	207	18	3	382	585	18300475	18300269	3.75e-69	263
NC_003074.8:19739757-19740371	NC_003070.9	91.713	181	14	1	405	584	13313697	13313517	2.92e-65	250
NC_003074.8:19739757-19740371	NC_003070.9	85.714	245	24	7	352	590	696707	696468	1.05e-64	248
NC_003074.8:19739757-19740371	NC_003070.9	92.486	173	11	2	1	172	2473307	2473136	3.77e-64	246
NC_003074.8:19739757-19740371	NC_003070.9	88.889	198	19	3	352	547	14013607	14013411	1.75e-62	241
NC_003074.8:19739757-19740371	NC_003070.9	85.153	229	23	5	352	579	3251256	3251474	1.77e-57	224
NC_003074.8:19739757-19740371	NC_003070.9	87.374	198	19	6	416	610	12993166	12992972	6.36e-57	222
NC_003074.8:19739757-19740371	NC_003070.9	88.298	188	16	6	415	599	14012982	14012798	2.29e-56	220
NC_003074.8:19739757-19740371	NC_003070.9	88.889	171	16	3	416	584	3497921	3497752	1.78e-52	207
NC_003074.8:19739757-19740371	NC_003070.9	87.151	179	19	4	416	590	8190388	8190566	2.98e-50	200
NC_003074.8:19739757-19740371	NC_003070.9	87.791	172	19	2	416	585	25358252	25358423	2.98e-50	200
NC_003074.8:19739757-19740371	NC_003070.9	86.170	188	20	6	416	599	2588003	2587818	1.07e-49	198
NC_003074.8:19739757-19740371	NC_003070.9	86.782	174	20	3	417	588	29078845	29079017	1.79e-47	191
NC_003074.8:19739757-19740371	NC_003070.9	88.312	154	15	3	433	584	21336375	21336527	1.08e-44	182
NC_003074.8:19739757-19740371	NC_003070.9	84.456	193	19	9	415	601	11174637	11174824	3.88e-44	180
NC_003074.8:19739757-19740371	NC_003070.9	85.714	175	20	4	415	588	13879221	13879051	3.88e-44	180
NC_003074.8:19739757-19740371	NC_003070.9	81.633	245	19	10	352	592	29774473	29774251	3.88e-44	180
NC_003074.8:19739757-19740371	NC_003070.9	85.465	172	17	6	416	586	26307343	26307507	6.49e-42	172
NC_003074.8:19739757-19740371	NC_003070.9	77.872	235	40	11	352	584	5437136	5436912	8.52e-31	135
NC_003074.8:19739757-19740371	NC_003070.9	81.818	165	17	4	433	584	2587377	2587213	5.13e-28	126
NC_003074.8:19739757-19740371	NC_003070.9	90.625	96	8	1	1	95	16859177	16859082	5.13e-28	126
NC_003074.8:19739757-19740371	NC_003070.9	89.583	96	9	1	1	95	9919332	9919237	2.39e-26	121
NC_003074.8:19739757-19740371	NC_003070.9	88.542	96	10	1	1	95	8189961	8190056	1.11e-24	115
NC_003074.8:19739757-19740371	NC_003070.9	88.542	96	10	1	1	95	26306960	26307055	1.11e-24	115
NC_003074.8:19739757-19740371	NC_003070.9	88.421	95	10	1	1	94	1160224	1160318	3.99e-24	113
NC_003074.8:19739757-19740371	NC_003070.9	87.368	95	12	0	1	95	17605550	17605644	5.16e-23	110
NC_003074.8:19739757-19740371	NC_003070.9	90.244	82	8	0	1	82	10929426	10929507	1.86e-22	108
NC_003074.8:19739757-19740371	NC_003070.9	89.412	85	9	0	1	85	19742138	19742054	1.86e-22	108
NC_003074.8:19739757-19740371	NC_003070.9	94.203	69	4	0	7	75	12525587	12525655	6.68e-22	106
NC_003074.8:19739757-19740371	NC_003070.9	86.316	95	13	0	1	95	12183991	12183897	2.40e-21	104
NC_003074.8:19739757-19740371	NC_003070.9	94.030	67	4	0	1	67	18766618	18766552	8.64e-21	102
NC_003074.8:19739757-19740371	NC_003070.9	85.417	96	13	1	1	95	12993595	12993500	1.12e-19	99.0
NC_003074.8:19739757-19740371	NC_003070.9	85.263	95	14	0	1	95	20509422	20509328	1.12e-19	99.0
NC_003074.8:19739757-19740371	NC_003070.9	89.231	65	7	0	1	65	12618638	12618702	1.13e-14	82.4
NC_003074.8:19739757-19740371	NC_003070.9	87.692	65	7	1	1	65	6514476	6514539	1.88e-12	75.0
NC_003074.8:19739757-19740371	NC_003070.9	87.500	64	7	1	1	64	9385033	9384971	6.77e-12	73.1
NC_003074.8:19739757-19740371	NC_003070.9	87.500	64	7	1	1	64	18301142	18301080	6.77e-12	73.1
NC_003074.8:19739757-19740371	NC_003070.9	76.220	164	24	8	365	526	21602156	21602006	6.77e-12	73.1
NC_003074.8:19739757-19740371	NC_003070.9	87.097	62	7	1	1	62	10579424	10579484	8.76e-11	69.4
NC_003074.8:19739757-19740371	NC_003070.9	86.885	61	7	1	1	60	13548432	13548492	3.15e-10	67.6
NC_003074.8:19739757-19740371	NC_003070.9	100.000	30	0	0	564	593	10161815	10161844	6.82e-07	56.5
NC_003074.8:19739757-19740371	NC_003076.8	92.114	596	22	13	1	593	17726422	17726995	0.0	817
NC_003074.8:19739757-19740371	NC_003076.8	90.620	597	32	12	1	595	24448812	24449386	0.0	771
NC_003074.8:19739757-19740371	NC_003076.8	89.748	595	34	15	1	591	5625058	5625629	0.0	736
NC_003074.8:19739757-19740371	NC_003076.8	89.112	597	33	9	1	595	9558216	9557650	0.0	713
NC_003074.8:19739757-19740371	NC_003076.8	89.608	587	24	15	1	585	19101558	19102109	0.0	712
NC_003074.8:19739757-19740371	NC_003076.8	89.267	587	32	7	1	585	13892686	13892129	0.0	706
NC_003074.8:19739757-19740371	NC_003076.8	89.267	587	32	7	1	585	16870923	16871480	0.0	706
NC_003074.8:19739757-19740371	NC_003076.8	88.756	587	33	9	1	585	14810271	14810826	0.0	688
NC_003074.8:19739757-19740371	NC_003076.8	88.079	604	26	9	1	602	14104208	14103649	0.0	675
NC_003074.8:19739757-19740371	NC_003076.8	87.188	601	39	19	1	585	7417331	7417909	0.0	649
NC_003074.8:19739757-19740371	NC_003076.8	86.633	591	50	12	1	585	3566350	3566917	1.15e-178	627
NC_003074.8:19739757-19740371	NC_003076.8	85.884	588	54	12	1	584	22621740	22621178	2.51e-170	599
NC_003074.8:19739757-19740371	NC_003076.8	85.473	592	55	10	1	585	9068735	9068168	5.44e-167	588
NC_003074.8:19739757-19740371	NC_003076.8	85.884	588	42	20	1	585	26787654	26787105	5.44e-167	588
NC_003074.8:19739757-19740371	NC_003076.8	87.571	531	30	7	1	529	22335576	22335080	2.53e-165	582
NC_003074.8:19739757-19740371	NC_003076.8	88.548	489	28	6	26	510	26015331	26015795	7.09e-161	568
NC_003074.8:19739757-19740371	NC_003076.8	85.324	586	42	10	1	584	17043358	17043901	2.55e-160	566
NC_003074.8:19739757-19740371	NC_003076.8	85.179	587	41	23	1	584	7701181	7700638	1.19e-158	560
NC_003074.8:19739757-19740371	NC_003076.8	84.502	613	44	20	1	584	24117960	24118550	4.27e-158	558
NC_003074.8:19739757-19740371	NC_003076.8	83.920	597	50	22	1	594	16712851	16713404	3.34e-149	529
NC_003074.8:19739757-19740371	NC_003076.8	83.806	599	51	21	4	594	6420375	6419815	1.20e-148	527
NC_003074.8:19739757-19740371	NC_003076.8	83.844	588	49	17	1	584	8748925	8749470	7.24e-146	518
NC_003074.8:19739757-19740371	NC_003076.8	83.471	605	51	24	1	600	9854346	9854906	7.24e-146	518
NC_003074.8:19739757-19740371	NC_003076.8	89.663	416	17	14	3	414	15882295	15882688	1.57e-142	507
NC_003074.8:19739757-19740371	NC_003076.8	83.531	589	38	23	1	584	15580807	15581341	3.39e-139	496
NC_003074.8:19739757-19740371	NC_003076.8	82.453	587	42	14	1	584	7069989	7070517	1.60e-127	457
NC_003074.8:19739757-19740371	NC_003076.8	93.127	291	18	2	305	594	6702206	6701917	4.51e-118	425
NC_003074.8:19739757-19740371	NC_003076.8	85.437	412	35	14	1	410	706997	706609	5.88e-112	405
NC_003074.8:19739757-19740371	NC_003076.8	84.798	421	40	11	1	419	4936961	4937359	7.61e-111	401
NC_003074.8:19739757-19740371	NC_003076.8	85.788	387	20	10	209	595	14395374	14395023	1.28e-103	377
NC_003074.8:19739757-19740371	NC_003076.8	85.788	387	20	10	209	595	14454673	14454322	1.28e-103	377
NC_003074.8:19739757-19740371	NC_003076.8	94.783	230	12	0	1	230	13231669	13231898	4.64e-98	359
NC_003074.8:19739757-19740371	NC_003076.8	90.717	237	19	3	352	586	20278847	20278612	3.67e-84	313
NC_003074.8:19739757-19740371	NC_003076.8	90.638	235	20	2	352	584	8602053	8601819	1.32e-83	311
NC_003074.8:19739757-19740371	NC_003076.8	90.987	233	17	4	352	582	13734262	13734492	1.32e-83	311
NC_003074.8:19739757-19740371	NC_003076.8	92.523	214	16	0	1	214	6702418	6702205	1.71e-82	307
NC_003074.8:19739757-19740371	NC_003076.8	93.301	209	13	1	3	210	14395843	14395635	1.71e-82	307
NC_003074.8:19739757-19740371	NC_003076.8	93.301	209	13	1	3	210	14455142	14454934	1.71e-82	307
NC_003074.8:19739757-19740371	NC_003076.8	89.712	243	20	5	347	585	14080062	14080303	6.14e-82	305
NC_003074.8:19739757-19740371	NC_003076.8	90.367	218	19	2	352	568	5648113	5647897	7.99e-76	285
NC_003074.8:19739757-19740371	NC_003076.8	88.031	259	8	2	204	461	13678951	13678715	7.99e-76	285
NC_003074.8:19739757-19740371	NC_003076.8	88.655	238	21	6	352	584	15162886	15163122	7.99e-76	285
NC_003074.8:19739757-19740371	NC_003076.8	85.866	283	18	8	315	595	24586805	24587067	1.03e-74	281
NC_003074.8:19739757-19740371	NC_003076.8	91.388	209	10	2	80	287	17885892	17885691	3.72e-74	279
NC_003074.8:19739757-19740371	NC_003076.8	88.136	236	23	5	352	582	7488328	7488093	4.81e-73	276
NC_003074.8:19739757-19740371	NC_003076.8	93.407	182	10	2	405	585	13231894	13232074	8.05e-71	268
NC_003074.8:19739757-19740371	NC_003076.8	86.400	250	28	5	352	595	22021624	22021873	8.05e-71	268
NC_003074.8:19739757-19740371	NC_003076.8	85.714	252	17	7	352	585	15031163	15030913	1.05e-64	248
NC_003074.8:19739757-19740371	NC_003076.8	87.850	214	21	5	352	561	15535363	15535151	3.77e-64	246
NC_003074.8:19739757-19740371	NC_003076.8	87.500	208	21	4	382	585	16030754	16030548	8.16e-61	235
NC_003074.8:19739757-19740371	NC_003076.8	84.615	234	19	9	352	583	19408597	19408379	2.96e-55	217
NC_003074.8:19739757-19740371	NC_003076.8	88.439	173	15	5	414	582	14880640	14880811	2.30e-51	204
NC_003074.8:19739757-19740371	NC_003076.8	90.714	140	11	2	352	489	9867496	9867635	8.34e-46	185
NC_003074.8:19739757-19740371	NC_003076.8	90.714	140	11	2	352	489	24314283	24314422	8.34e-46	185
NC_003074.8:19739757-19740371	NC_003076.8	86.550	171	15	6	416	585	22464040	22464203	1.08e-44	182
NC_003074.8:19739757-19740371	NC_003076.8	88.816	152	10	5	433	584	10041956	10041812	3.88e-44	180
NC_003074.8:19739757-19740371	NC_003076.8	89.855	138	14	0	352	489	17398095	17397958	1.40e-43	178
NC_003074.8:19739757-19740371	NC_003076.8	89.286	140	13	2	352	489	26893188	26893327	1.81e-42	174
NC_003074.8:19739757-19740371	NC_003076.8	84.706	170	24	2	415	582	9546162	9546331	8.40e-41	169
NC_003074.8:19739757-19740371	NC_003076.8	87.857	140	15	2	416	553	19480003	19480142	3.91e-39	163
NC_003074.8:19739757-19740371	NC_003076.8	88.550	131	11	3	458	584	4937362	4937492	6.54e-37	156
NC_003074.8:19739757-19740371	NC_003076.8	78.355	231	36	7	353	582	8671466	8671683	2.37e-31	137
NC_003074.8:19739757-19740371	NC_003076.8	85.507	138	10	3	352	489	16373651	16373778	8.52e-31	135
NC_003074.8:19739757-19740371	NC_003076.8	81.283	187	16	11	369	553	17247876	17247707	3.06e-30	134
NC_003074.8:19739757-19740371	NC_003076.8	88.073	109	9	4	498	605	15882682	15882787	5.13e-28	126
NC_003074.8:19739757-19740371	NC_003076.8	89.583	96	9	1	1	95	14880216	14880311	2.39e-26	121
NC_003074.8:19739757-19740371	NC_003076.8	91.765	85	7	0	1	85	13679030	13678946	8.58e-26	119
NC_003074.8:19739757-19740371	NC_003076.8	91.765	85	7	0	1	85	15659431	15659347	8.58e-26	119
NC_003074.8:19739757-19740371	NC_003076.8	88.421	95	11	0	1	95	20674822	20674728	1.11e-24	115
NC_003074.8:19739757-19740371	NC_003076.8	89.773	88	7	2	1	86	9763120	9763033	1.44e-23	111
NC_003074.8:19739757-19740371	NC_003076.8	86.316	95	12	1	1	95	9979173	9979080	8.64e-21	102
NC_003074.8:19739757-19740371	NC_003076.8	89.024	82	8	1	1	81	10873661	10873742	3.11e-20	100
NC_003074.8:19739757-19740371	NC_003076.8	86.022	93	12	1	4	95	22463661	22463753	1.12e-19	99.0
NC_003074.8:19739757-19740371	NC_003076.8	89.231	65	6	1	1	65	7488977	7488914	4.05e-14	80.5
NC_003074.8:19739757-19740371	NC_003076.8	89.062	64	7	0	1	64	8280718	8280781	4.05e-14	80.5
NC_003074.8:19739757-19740371	NC_003076.8	89.231	65	6	1	1	65	9866841	9866904	4.05e-14	80.5
NC_003074.8:19739757-19740371	NC_003076.8	89.231	65	6	1	1	65	15536012	15535949	4.05e-14	80.5
NC_003074.8:19739757-19740371	NC_003076.8	87.692	65	7	1	1	65	15162255	15162318	1.88e-12	75.0
NC_003074.8:19739757-19740371	NC_003076.8	87.500	64	7	1	1	64	17481151	17481213	6.77e-12	73.1
NC_003074.8:19739757-19740371	NC_003076.8	87.097	62	7	1	1	62	19153746	19153686	8.76e-11	69.4
NC_003074.8:19739757-19740371	NC_003076.8	86.154	65	8	1	1	65	22020973	22021036	8.76e-11	69.4
NC_003074.8:19739757-19740371	NC_003076.8	84.058	69	11	0	516	584	24314427	24314495	3.15e-10	67.6
NC_003074.8:19739757-19740371	NC_003076.8	82.609	69	11	1	516	584	26893332	26893399	5.27e-08	60.2
NC_003074.8:19739757-19740371	NC_003071.7	91.993	587	22	13	1	585	5037751	5038314	0.0	800
NC_003074.8:19739757-19740371	NC_003071.7	89.590	586	25	20	1	585	9226025	9225475	0.0	712
NC_003074.8:19739757-19740371	NC_003071.7	89.304	589	31	14	1	584	7340381	7340942	0.0	710
NC_003074.8:19739757-19740371	NC_003071.7	89.249	586	32	7	1	584	6207151	6206595	0.0	704
NC_003074.8:19739757-19740371	NC_003071.7	88.095	588	44	6	1	584	5010652	5010087	0.0	675
NC_003074.8:19739757-19740371	NC_003071.7	89.924	526	25	13	19	539	17147641	17147139	0.0	652
NC_003074.8:19739757-19740371	NC_003071.7	86.780	590	50	10	1	585	2138820	2139386	2.48e-180	632
NC_003074.8:19739757-19740371	NC_003071.7	87.069	580	46	8	8	584	1596926	1597479	3.21e-179	628
NC_003074.8:19739757-19740371	NC_003071.7	85.950	605	39	23	1	601	13885931	13886493	5.40e-172	604
NC_003074.8:19739757-19740371	NC_003071.7	86.796	568	42	15	1	561	4025413	4025954	1.94e-171	603
NC_003074.8:19739757-19740371	NC_003071.7	86.224	588	40	19	1	584	13101810	13102360	2.51e-170	599
NC_003074.8:19739757-19740371	NC_003071.7	85.884	588	42	19	1	584	12556654	12557204	5.44e-167	588
NC_003074.8:19739757-19740371	NC_003071.7	87.867	511	36	12	4	510	19172665	19172177	1.18e-163	577
NC_003074.8:19739757-19740371	NC_003071.7	84.757	597	47	18	1	595	1670334	1669780	4.27e-158	558
NC_003074.8:19739757-19740371	NC_003071.7	84.812	586	44	22	1	584	9229179	9228637	9.23e-155	547
NC_003074.8:19739757-19740371	NC_003071.7	84.327	587	47	12	1	584	19623102	19623646	2.59e-150	532
NC_003074.8:19739757-19740371	NC_003071.7	83.713	614	44	24	1	599	9860514	9859942	3.34e-149	529
NC_003074.8:19739757-19740371	NC_003071.7	82.741	591	54	20	1	585	15134225	15134773	2.64e-135	483
NC_003074.8:19739757-19740371	NC_003071.7	83.810	525	41	10	4	526	19243132	19242650	4.45e-128	459
NC_003074.8:19739757-19740371	NC_003071.7	81.518	606	53	20	2	585	1409588	1410156	1.25e-123	444
NC_003074.8:19739757-19740371	NC_003071.7	96.279	215	8	0	1	215	9433091	9433305	2.16e-96	353
NC_003074.8:19739757-19740371	NC_003071.7	89.362	282	26	4	307	585	4306011	4306291	7.77e-96	351
NC_003074.8:19739757-19740371	NC_003071.7	90.336	238	19	4	352	585	1322206	1321969	4.74e-83	309
NC_003074.8:19739757-19740371	NC_003071.7	89.712	243	20	5	353	591	10996418	10996177	6.14e-82	305
NC_003074.8:19739757-19740371	NC_003071.7	88.095	252	23	7	352	599	3197853	3197605	4.78e-78	292
NC_003074.8:19739757-19740371	NC_003071.7	88.211	246	24	3	353	593	1383789	1383544	6.18e-77	289
NC_003074.8:19739757-19740371	NC_003071.7	89.815	216	18	4	382	594	1038253	1038039	1.73e-72	274
NC_003074.8:19739757-19740371	NC_003071.7	89.904	208	17	3	382	585	2320728	2320935	1.04e-69	265
NC_003074.8:19739757-19740371	NC_003071.7	89.109	202	19	3	386	585	7351348	7351548	1.05e-64	248
NC_003074.8:19739757-19740371	NC_003071.7	88.304	171	17	3	416	584	7178846	7179015	8.28e-51	202
NC_003074.8:19739757-19740371	NC_003071.7	84.507	213	16	7	352	561	9455967	9456165	1.39e-48	195
NC_003074.8:19739757-19740371	NC_003071.7	90.411	146	12	2	440	584	9311474	9311618	1.79e-47	191
NC_003074.8:19739757-19740371	NC_003071.7	87.135	171	14	6	416	585	8907834	8907997	2.32e-46	187
NC_003074.8:19739757-19740371	NC_003071.7	90.714	140	11	2	352	489	8173489	8173628	8.34e-46	185
NC_003074.8:19739757-19740371	NC_003071.7	86.207	174	19	4	416	584	826101	826274	3.00e-45	183
NC_003074.8:19739757-19740371	NC_003071.7	90.714	140	10	3	352	489	10070310	10070172	3.00e-45	183
NC_003074.8:19739757-19740371	NC_003071.7	90.000	140	12	2	352	489	1347424	1347285	3.88e-44	180
NC_003074.8:19739757-19740371	NC_003071.7	89.855	138	12	2	352	487	9030463	9030600	5.02e-43	176
NC_003074.8:19739757-19740371	NC_003071.7	85.882	170	16	6	416	584	9891408	9891246	1.81e-42	174
NC_003074.8:19739757-19740371	NC_003071.7	84.783	138	9	4	352	489	14572548	14572673	1.43e-28	128
NC_003074.8:19739757-19740371	NC_003071.7	88.350	103	10	2	1	101	1552862	1552760	6.63e-27	122
NC_003074.8:19739757-19740371	NC_003071.7	89.691	97	8	2	1	95	7439723	7439627	6.63e-27	122
NC_003074.8:19739757-19740371	NC_003071.7	94.667	75	4	0	1	75	6411149	6411223	3.09e-25	117
NC_003074.8:19739757-19740371	NC_003071.7	88.421	95	11	0	1	95	8046269	8046175	1.11e-24	115
NC_003074.8:19739757-19740371	NC_003071.7	83.333	126	16	5	382	504	11909052	11908929	1.44e-23	111
NC_003074.8:19739757-19740371	NC_003071.7	88.172	93	9	2	5	95	7178423	7178515	5.16e-23	110
NC_003074.8:19739757-19740371	NC_003071.7	83.206	131	8	5	352	482	6901726	6901842	1.86e-22	108
NC_003074.8:19739757-19740371	NC_003071.7	87.500	88	9	2	1	86	1303113	1303026	3.11e-20	100
NC_003074.8:19739757-19740371	NC_003071.7	90.667	75	7	0	1	75	2262405	2262331	3.11e-20	100
NC_003074.8:19739757-19740371	NC_003071.7	88.406	69	8	0	516	584	1347280	1347212	3.13e-15	84.2
NC_003074.8:19739757-19740371	NC_003071.7	89.062	64	7	0	1	64	1955470	1955533	4.05e-14	80.5
NC_003074.8:19739757-19740371	NC_003071.7	87.692	65	7	1	1	65	1322856	1322793	1.88e-12	75.0
NC_003074.8:19739757-19740371	NC_003071.7	87.692	65	7	1	1	65	3198502	3198439	1.88e-12	75.0
NC_003074.8:19739757-19740371	NC_003071.7	87.500	64	7	1	1	64	6901191	6901253	6.77e-12	73.1
NC_003074.8:19739757-19740371	NC_003071.7	87.500	64	7	1	1	64	9029807	9029869	6.77e-12	73.1
NC_003074.8:19739757-19740371	NC_003071.7	87.500	64	7	1	1	64	10070964	10070902	6.77e-12	73.1
NC_003074.8:19739757-19740371	NC_003071.7	87.302	63	7	1	2	64	2320063	2320124	2.44e-11	71.3
NC_003074.8:19739757-19740371	NC_003071.7	93.617	47	2	1	543	589	1367515	1367470	8.76e-11	69.4
NC_003074.8:19739757-19740371	NC_003071.7	82.716	81	10	4	516	595	8173633	8173710	8.76e-11	69.4
NC_003074.8:19739757-19740371	NC_003071.7	81.609	87	13	3	516	601	9030607	9030691	8.76e-11	69.4
NC_003074.8:19739757-19740371	NC_003071.7	93.023	43	2	1	542	584	7566590	7566549	1.47e-08	62.1
NC_003074.8:19739757-19740371	NC_003071.7	84.615	65	7	2	1	64	11909720	11909658	1.47e-08	62.1
NC_003074.8:19739757-19740371	NC_003075.7	91.126	586	27	4	1	584	1521257	1521819	0.0	771
NC_003074.8:19739757-19740371	NC_003075.7	90.630	587	30	4	1	585	6115341	6115904	0.0	756
NC_003074.8:19739757-19740371	NC_003075.7	89.882	593	34	15	1	591	572759	572191	0.0	739
NC_003074.8:19739757-19740371	NC_003075.7	86.667	600	36	16	2	584	14458283	14457711	4.15e-178	625
NC_003074.8:19739757-19740371	NC_003075.7	85.906	596	58	9	1	593	5392283	5391711	3.23e-174	612
NC_003074.8:19739757-19740371	NC_003075.7	86.023	601	43	19	1	597	9112130	9111567	1.50e-172	606
NC_003074.8:19739757-19740371	NC_003075.7	85.500	600	44	22	1	585	12607047	12606476	1.96e-166	586
NC_003074.8:19739757-19740371	NC_003075.7	85.812	585	40	18	1	584	8947760	8947218	9.10e-165	580
NC_003074.8:19739757-19740371	NC_003075.7	86.176	557	48	10	1	553	824053	823522	4.24e-163	575
NC_003074.8:19739757-19740371	NC_003075.7	85.495	586	40	12	1	584	12365606	12365064	1.97e-161	569
NC_003074.8:19739757-19740371	NC_003075.7	87.280	511	40	14	1	508	6660987	6661475	1.19e-158	560
NC_003074.8:19739757-19740371	NC_003075.7	84.983	586	44	18	1	584	15442194	15441651	5.52e-157	555
NC_003074.8:19739757-19740371	NC_003075.7	84.615	598	45	23	1	595	7034793	7034240	7.14e-156	551
NC_003074.8:19739757-19740371	NC_003075.7	83.306	599	53	24	1	593	6340022	6339465	4.36e-143	508
NC_003074.8:19739757-19740371	NC_003075.7	93.190	279	17	2	305	582	2553670	2553947	4.55e-113	409
NC_003074.8:19739757-19740371	NC_003075.7	88.934	244	21	5	352	589	8899727	8899970	3.69e-79	296
NC_003074.8:19739757-19740371	NC_003075.7	86.555	238	26	5	352	585	7231369	7231604	1.74e-67	257
NC_003074.8:19739757-19740371	NC_003075.7	85.593	236	29	5	352	584	17501973	17502206	4.88e-63	243
NC_003074.8:19739757-19740371	NC_003075.7	88.542	192	19	3	352	540	8820042	8819851	3.80e-59	230
NC_003074.8:19739757-19740371	NC_003075.7	86.911	191	20	5	415	602	6426788	6426600	4.95e-53	209
NC_003074.8:19739757-19740371	NC_003075.7	88.372	172	16	4	416	584	7906198	7906368	2.30e-51	204
NC_003074.8:19739757-19740371	NC_003075.7	85.561	187	19	6	414	595	7155203	7155386	6.45e-47	189
NC_003074.8:19739757-19740371	NC_003075.7	90.647	139	11	2	352	489	12699153	12699290	3.00e-45	183
NC_003074.8:19739757-19740371	NC_003075.7	88.591	149	15	2	438	585	13124015	13123868	3.88e-44	180
NC_003074.8:19739757-19740371	NC_003075.7	87.838	148	15	3	438	584	9146878	9147023	2.34e-41	171
NC_003074.8:19739757-19740371	NC_003075.7	88.571	140	13	3	346	482	7383634	7383495	3.02e-40	167
NC_003074.8:19739757-19740371	NC_003075.7	90.625	96	8	1	1	95	7154779	7154874	5.13e-28	126
NC_003074.8:19739757-19740371	NC_003075.7	90.526	95	8	1	1	94	2040107	2040201	1.84e-27	124
NC_003074.8:19739757-19740371	NC_003075.7	88.542	96	10	1	1	95	6427216	6427121	1.11e-24	115
NC_003074.8:19739757-19740371	NC_003075.7	90.588	85	8	0	1	85	7905771	7905855	3.99e-24	113
NC_003074.8:19739757-19740371	NC_003075.7	91.463	82	6	1	1	81	13537670	13537589	1.44e-23	111
NC_003074.8:19739757-19740371	NC_003075.7	87.368	95	12	0	1	95	7652564	7652658	5.16e-23	110
NC_003074.8:19739757-19740371	NC_003075.7	92.857	70	4	1	1	70	2987147	2987215	3.11e-20	100
NC_003074.8:19739757-19740371	NC_003075.7	88.235	85	9	1	1	85	6638805	6638888	3.11e-20	100
NC_003074.8:19739757-19740371	NC_003075.7	95.238	63	2	1	352	413	1100911	1100973	1.12e-19	99.0
NC_003074.8:19739757-19740371	NC_003075.7	92.647	68	5	0	352	419	7572220	7572287	1.12e-19	99.0
NC_003074.8:19739757-19740371	NC_003075.7	90.141	71	7	0	1	71	3897172	3897242	5.20e-18	93.5
NC_003074.8:19739757-19740371	NC_003075.7	84.375	96	13	2	1	95	12968438	12968344	5.20e-18	93.5
NC_003074.8:19739757-19740371	NC_003075.7	90.625	64	5	1	1	64	6169229	6169167	3.13e-15	84.2
NC_003074.8:19739757-19740371	NC_003075.7	89.231	65	7	0	1	65	8899077	8899141	1.13e-14	82.4
NC_003074.8:19739757-19740371	NC_003075.7	89.062	64	6	1	1	64	9192543	9192605	1.46e-13	78.7
NC_003074.8:19739757-19740371	NC_003075.7	86.957	69	8	1	516	584	12699295	12699362	5.24e-13	76.8
NC_003074.8:19739757-19740371	NC_003075.7	87.692	65	7	1	1	65	1199585	1199522	1.88e-12	75.0
NC_003074.8:19739757-19740371	NC_003075.7	87.500	64	8	0	1	64	5431587	5431524	1.88e-12	75.0
NC_003074.8:19739757-19740371	NC_003075.7	86.154	65	8	1	1	65	7230735	7230798	8.76e-11	69.4
NC_003074.8:19739757-19740371	NC_003075.7	85.938	64	8	1	1	64	7384282	7384220	3.15e-10	67.6
NC_003074.8:19739757-19740371	NC_003075.7	90.909	44	2	2	542	585	1957663	1957704	1.90e-07	58.4
NC_003074.8:19648140-19648587	NC_003074.8	100.000	448	0	0	1	448	19648587	19648140	0.0	828
NC_003074.8:19648140-19648587	NC_003074.8	92.377	446	33	1	2	446	16851849	16851404	0.0	634
NC_003074.8:19648140-19648587	NC_003074.8	92.483	439	33	0	8	446	15783155	15783593	2.30e-179	628
NC_003074.8:19648140-19648587	NC_003074.8	93.349	421	28	0	3	423	15642908	15643328	1.07e-177	623
NC_003074.8:19648140-19648587	NC_003074.8	92.237	438	33	1	8	445	18976720	18977156	1.39e-176	619
NC_003074.8:19648140-19648587	NC_003074.8	91.324	438	37	1	8	445	10791549	10791113	6.49e-170	597
NC_003074.8:19648140-19648587	NC_003074.8	91.379	290	25	0	157	446	10908292	10908003	7.07e-110	398
NC_003074.8:19648140-19648587	NC_003074.8	81.941	443	52	18	7	446	538780	539197	2.01e-95	350
NC_003074.8:19648140-19648587	NC_003074.8	91.469	211	18	0	7	217	10908475	10908265	1.23e-77	291
NC_003074.8:19648140-19648587	NC_003074.8	93.814	194	11	1	8	201	14785551	14785359	1.23e-77	291
NC_003074.8:19648140-19648587	NC_003075.7	93.651	441	28	0	6	446	4650108	4650548	0.0	660
NC_003074.8:19648140-19648587	NC_003075.7	92.290	441	34	0	6	446	4685636	4686076	8.28e-179	627
NC_003074.8:19648140-19648587	NC_003075.7	92.466	438	31	2	8	445	2316524	2316089	2.98e-178	625
NC_003074.8:19648140-19648587	NC_003075.7	91.344	439	38	0	8	446	12714136	12713698	5.02e-171	601
NC_003074.8:19648140-19648587	NC_003075.7	90.000	440	44	0	8	447	16705425	16705864	1.42e-161	569
NC_003074.8:19648140-19648587	NC_003075.7	92.647	340	22	3	8	346	4906330	4905993	1.47e-136	486
NC_003074.8:19648140-19648587	NC_003075.7	94.118	272	16	0	8	279	4909348	4909077	7.02e-115	414
NC_003074.8:19648140-19648587	NC_003075.7	91.979	187	14	1	8	194	15592391	15592206	9.67e-69	261
NC_003074.8:19648140-19648587	NC_003075.7	92.647	68	5	0	344	411	4875809	4875742	8.03e-20	99.0
NC_003074.8:19648140-19648587	NC_003070.9	92.634	448	31	2	1	448	9062078	9062523	0.0	643
NC_003074.8:19648140-19648587	NC_003070.9	90.498	442	42	0	6	447	10652932	10652491	5.05e-166	584
NC_003074.8:19648140-19648587	NC_003070.9	90.750	400	35	1	7	406	8723514	8723117	1.86e-150	532
NC_003074.8:19648140-19648587	NC_003070.9	88.662	441	38	4	5	445	18287190	18287618	8.64e-149	527
NC_003074.8:19648140-19648587	NC_003070.9	83.108	444	47	17	6	446	16998813	16998395	2.56e-104	379
NC_003074.8:19648140-19648587	NC_003070.9	82.727	440	47	21	11	446	28750313	28749899	7.17e-100	364
NC_003074.8:19648140-19648587	NC_003070.9	91.797	256	21	0	190	445	13808353	13808608	1.20e-97	357
NC_003074.8:19648140-19648587	NC_003070.9	94.762	210	11	0	8	217	16822273	16822482	9.40e-89	327
NC_003074.8:19648140-19648587	NC_003070.9	90.476	231	21	1	7	236	8375152	8374922	1.58e-81	303
NC_003074.8:19648140-19648587	NC_003070.9	91.960	199	15	1	20	217	18126616	18126814	9.61e-74	278
NC_003074.8:19648140-19648587	NC_003070.9	91.525	177	15	0	8	184	13808204	13808380	9.74e-64	244
NC_003074.8:19648140-19648587	NC_003070.9	87.421	159	16	4	27	183	6102899	6102743	2.79e-44	180
NC_003074.8:19648140-19648587	NC_003070.9	92.308	104	7	1	344	446	8374654	8374551	2.83e-34	147
NC_003074.8:19648140-19648587	NC_003076.8	93.287	432	28	1	8	438	8178107	8177676	0.0	636
NC_003074.8:19648140-19648587	NC_003076.8	93.541	418	27	0	6	423	17438313	17438730	1.07e-177	623
NC_003074.8:19648140-19648587	NC_003076.8	90.909	440	37	3	7	445	14985233	14984796	3.91e-167	588
NC_003074.8:19648140-19648587	NC_003076.8	89.977	439	31	6	7	445	15213324	15212899	3.96e-157	555
NC_003074.8:19648140-19648587	NC_003076.8	81.818	440	47	24	14	447	13608302	13608714	4.34e-92	339
NC_003074.8:19648140-19648587	NC_003076.8	81.448	442	55	19	7	445	26233533	26233116	1.56e-91	337
NC_003074.8:19648140-19648587	NC_003076.8	91.589	214	18	0	4	217	18113638	18113851	2.65e-79	296
NC_003074.8:19648140-19648587	NC_003076.8	91.429	210	18	0	8	217	8808995	8809204	4.44e-77	289
NC_003074.8:19648140-19648587	NC_003076.8	91.146	192	17	0	8	199	18147553	18147744	9.67e-69	261
NC_003074.8:19648140-19648587	NC_003076.8	93.333	105	7	0	341	445	18113899	18114003	4.70e-37	156
NC_003074.8:19648140-19648587	NC_003076.8	90.196	102	10	0	344	445	18147806	18147907	2.20e-30	134
NC_003074.8:19648140-19648587	NC_003071.7	91.800	439	35	1	8	446	2820420	2820857	8.34e-174	610
NC_003074.8:19648140-19648587	NC_003071.7	90.971	443	40	0	5	447	2735218	2734776	6.49e-170	597
NC_003074.8:19648140-19648587	NC_003071.7	91.435	432	37	0	7	438	6946154	6946585	8.40e-169	593
NC_003074.8:19648140-19648587	NC_003071.7	90.682	440	28	4	3	442	4307707	4307281	1.09e-162	573
NC_003074.8:19648140-19648587	NC_003071.7	82.540	441	42	21	7	445	11129219	11128812	4.31e-97	355
NC_003074.8:19648140-19648587	NC_003071.7	93.396	212	13	1	7	217	510987	511198	2.63e-84	313
NC_003074.8:19648140-19648587	NC_003071.7	91.905	210	17	0	8	217	10406501	10406710	9.54e-79	294
NC_003074.8:19648140-19648587	NC_003071.7	91.509	212	17	1	7	217	19269201	19268990	1.23e-77	291
NC_003074.8:19648140-19648587	NC_003071.7	91.216	148	13	0	300	447	511194	511341	5.95e-51	202
NC_003074.8:19648140-19648587	NC_003071.7	90.566	106	9	1	341	445	10406989	10407094	4.73e-32	139
NC_003074.8:19623030-19623361	NC_003074.8	100.000	332	0	0	1	332	19623030	19623361	4.68e-175	614
NC_003074.8:19623030-19623361	NC_003074.8	91.857	307	19	5	2	302	16280145	16280451	8.46e-118	424
NC_003074.8:19623030-19623361	NC_003074.8	85.455	330	23	9	2	307	15021540	15021868	1.14e-86	320
NC_003074.8:19623030-19623361	NC_003074.8	92.025	163	13	0	149	311	15026904	15026742	1.98e-59	230
NC_003074.8:19623030-19623361	NC_003075.7	95.783	332	5	4	1	332	11000525	11000847	6.27e-149	527
NC_003074.8:19623030-19623361	NC_003070.9	98.282	291	5	0	5	295	24027642	24027932	6.31e-144	510
NC_003074.8:19623030-19623361	NC_003070.9	91.503	306	18	7	8	307	11522218	11521915	5.09e-115	414
NC_003074.8:19623030-19623361	NC_003070.9	81.495	281	28	16	22	283	1706124	1706399	2.58e-53	209
NC_003074.8:19623030-19623361	NC_003076.8	91.720	314	18	2	1	306	13734623	13734936	1.82e-119	429
NC_003074.8:19623030-19623361	NC_003076.8	91.667	312	20	5	2	307	10537023	10537334	6.54e-119	427
NC_003074.8:19623030-19623361	NC_003076.8	91.262	309	21	5	5	307	15137961	15137653	1.42e-115	416
NC_003074.8:19623030-19623361	NC_003076.8	89.610	308	23	9	2	306	9354426	9354727	1.44e-105	383
NC_003074.8:19623030-19623361	NC_003076.8	90.476	294	22	5	8	295	13436416	13436123	1.44e-105	383
NC_003074.8:19623030-19623361	NC_003076.8	91.053	190	11	5	108	294	13602606	13602420	4.23e-66	252
NC_003074.8:19623030-19623361	NC_003071.7	90.076	262	19	6	48	306	1862733	1862476	1.47e-90	333
NC_003074.8:19623030-19623361	NC_003071.7	87.736	212	22	3	69	279	7177843	7177635	7.07e-64	244
NC_003074.8:19623030-19623361	NC_003071.7	80.142	282	28	15	20	279	17904690	17904415	4.35e-46	185
NC_003074.8:21552101-21552658	NC_003074.8	100.000	558	0	0	1	558	21552658	21552101	0.0	1031
NC_003074.8:21552101-21552658	NC_003074.8	88.266	571	50	10	1	558	3080591	3080025	0.0	667
NC_003074.8:21552101-21552658	NC_003074.8	87.873	569	53	10	1	558	10405396	10405959	0.0	654
NC_003074.8:21552101-21552658	NC_003074.8	87.522	569	55	9	1	558	14057124	14057687	0.0	643
NC_003074.8:21552101-21552658	NC_003074.8	87.346	569	56	10	1	558	19436871	19437434	0.0	638
NC_003074.8:21552101-21552658	NC_003074.8	87.211	563	56	10	7	558	11090997	11090440	1.04e-178	627
NC_003074.8:21552101-21552658	NC_003074.8	87.234	564	55	8	7	558	16723678	16723120	1.04e-178	627
NC_003074.8:21552101-21552658	NC_003074.8	87.074	557	54	11	13	558	18634492	18633943	8.11e-175	614
NC_003074.8:21552101-21552658	NC_003074.8	86.643	569	56	14	1	558	23085531	23086090	2.92e-174	612
NC_003074.8:21552101-21552658	NC_003074.8	85.640	578	56	14	3	558	6729497	6728925	2.29e-165	582
NC_003074.8:21552101-21552658	NC_003074.8	85.965	570	49	15	1	558	7980633	7980083	8.22e-165	580
NC_003074.8:21552101-21552658	NC_003074.8	85.968	563	56	13	1	558	11315007	11315551	8.22e-165	580
NC_003074.8:21552101-21552658	NC_003074.8	85.839	572	50	11	1	558	10708625	10709179	2.96e-164	579
NC_003074.8:21552101-21552658	NC_003074.8	85.445	584	54	15	1	558	10758580	10758002	2.96e-164	579
NC_003074.8:21552101-21552658	NC_003074.8	85.764	569	43	17	1	558	4584756	4585297	6.40e-161	568
NC_003074.8:21552101-21552658	NC_003074.8	85.017	574	62	16	1	558	5865864	5866429	2.98e-159	562
NC_003074.8:21552101-21552658	NC_003074.8	84.941	591	49	15	1	558	19739757	19740340	2.98e-159	562
NC_003074.8:21552101-21552658	NC_003074.8	85.237	569	56	18	1	558	17402552	17402001	1.07e-158	560
NC_003074.8:21552101-21552658	NC_003074.8	84.912	570	56	16	1	558	10718345	10717794	2.32e-155	549
NC_003074.8:21552101-21552658	NC_003074.8	84.266	572	60	15	1	558	7766062	7766617	8.40e-150	531
NC_003074.8:21552101-21552658	NC_003074.8	83.972	574	59	13	1	558	16405196	16405752	1.82e-146	520
NC_003074.8:21552101-21552658	NC_003074.8	84.220	545	46	13	1	534	423197	422682	1.10e-138	494
NC_003074.8:21552101-21552658	NC_003074.8	88.831	385	37	5	177	558	15814110	15814491	6.68e-131	468
NC_003074.8:21552101-21552658	NC_003074.8	86.118	389	32	11	175	558	16235031	16234660	2.47e-110	399
NC_003074.8:21552101-21552658	NC_003074.8	85.455	385	42	9	1	374	4579237	4579618	5.35e-107	388
NC_003074.8:21552101-21552658	NC_003074.8	89.540	239	21	4	322	558	11588873	11588637	2.58e-80	300
NC_003074.8:21552101-21552658	NC_003074.8	92.788	208	12	3	352	558	20769804	20769599	9.27e-80	298
NC_003074.8:21552101-21552658	NC_003074.8	89.121	239	19	6	322	558	6940832	6940599	1.55e-77	291
NC_003074.8:21552101-21552658	NC_003074.8	88.703	239	22	5	322	558	10901411	10901646	2.01e-76	287
NC_003074.8:21552101-21552658	NC_003074.8	87.866	239	25	4	322	558	16678267	16678503	1.21e-73	278
NC_003074.8:21552101-21552658	NC_003074.8	87.764	237	24	5	322	556	18495382	18495149	5.62e-72	272
NC_003074.8:21552101-21552658	NC_003074.8	86.957	253	18	6	306	558	18885861	18885624	2.02e-71	270
NC_003074.8:21552101-21552658	NC_003074.8	88.636	220	21	4	322	540	18171177	18170961	9.41e-70	265
NC_003074.8:21552101-21552658	NC_003074.8	88.038	209	19	6	322	527	16534644	16534439	4.41e-63	243
NC_003074.8:21552101-21552658	NC_003074.8	85.526	228	20	4	322	549	8329280	8329494	4.44e-58	226
NC_003074.8:21552101-21552658	NC_003074.8	84.810	237	15	11	322	557	17209789	17209573	7.43e-56	219
NC_003074.8:21552101-21552658	NC_003074.8	83.475	236	23	9	322	556	16902979	16903199	5.78e-52	206
NC_003074.8:21552101-21552658	NC_003074.8	88.506	174	15	4	387	558	19521057	19521227	5.78e-52	206
NC_003074.8:21552101-21552658	NC_003074.8	87.500	176	19	3	384	558	8645166	8645339	2.69e-50	200
NC_003074.8:21552101-21552658	NC_003074.8	88.439	173	8	8	387	558	10681553	10681392	9.68e-50	198
NC_003074.8:21552101-21552658	NC_003074.8	87.283	173	11	7	387	558	18172436	18172274	2.09e-46	187
NC_003074.8:21552101-21552658	NC_003074.8	88.571	140	15	1	322	460	4468266	4468405	7.59e-41	169
NC_003074.8:21552101-21552658	NC_003074.8	85.606	132	13	5	427	558	22120532	22120657	2.77e-30	134
NC_003074.8:21552101-21552658	NC_003074.8	82.443	131	18	5	428	558	9766482	9766357	4.66e-23	110
NC_003074.8:21552101-21552658	NC_003070.9	90.334	569	41	6	1	558	21739641	21739076	0.0	734
NC_003074.8:21552101-21552658	NC_003070.9	90.210	572	38	7	1	558	13495989	13495422	0.0	730
NC_003074.8:21552101-21552658	NC_003070.9	88.049	569	52	6	1	558	5862949	5863512	0.0	660
NC_003074.8:21552101-21552658	NC_003070.9	88.049	569	51	10	1	558	23125693	23125131	0.0	658
NC_003074.8:21552101-21552658	NC_003070.9	87.900	562	59	6	1	558	26511226	26510670	0.0	652
NC_003074.8:21552101-21552658	NC_003070.9	86.995	569	56	12	1	558	12097456	12098017	3.75e-178	625
NC_003074.8:21552101-21552658	NC_003070.9	87.273	550	49	14	24	558	25779694	25780237	3.77e-173	608
NC_003074.8:21552101-21552658	NC_003070.9	86.995	569	38	10	1	558	29244142	29244685	3.77e-173	608
NC_003074.8:21552101-21552658	NC_003070.9	86.059	581	53	13	2	558	17502231	17502807	2.27e-170	599
NC_003074.8:21552101-21552658	NC_003070.9	86.467	569	49	7	1	558	20205905	20205354	2.27e-170	599
NC_003074.8:21552101-21552658	NC_003070.9	86.491	570	41	12	1	558	22192007	22192552	1.06e-168	593
NC_003074.8:21552101-21552658	NC_003070.9	86.511	556	48	14	1	534	6219140	6218590	1.77e-166	586
NC_003074.8:21552101-21552658	NC_003070.9	85.965	570	48	19	1	558	19769024	19769573	8.22e-165	580
NC_003074.8:21552101-21552658	NC_003070.9	86.239	545	58	9	1	534	4582998	4583536	3.83e-163	575
NC_003074.8:21552101-21552658	NC_003070.9	85.764	569	52	19	1	558	21918434	21918984	3.83e-163	575
NC_003074.8:21552101-21552658	NC_003070.9	85.223	582	52	19	1	558	13869873	13870444	6.40e-161	568
NC_003074.8:21552101-21552658	NC_003070.9	85.366	574	51	15	1	558	27240719	27241275	8.28e-160	564
NC_003074.8:21552101-21552658	NC_003070.9	85.237	569	55	19	1	558	4770665	4770115	3.85e-158	558
NC_003074.8:21552101-21552658	NC_003070.9	85.237	569	54	12	1	558	5899755	5899206	3.85e-158	558
NC_003074.8:21552101-21552658	NC_003070.9	85.289	571	49	20	1	558	10021962	10021414	1.39e-157	556
NC_003074.8:21552101-21552658	NC_003070.9	87.910	488	39	10	70	556	10931002	10931470	1.39e-157	556
NC_003074.8:21552101-21552658	NC_003070.9	84.965	572	56	15	1	558	26880721	26881276	1.79e-156	553
NC_003074.8:21552101-21552658	NC_003070.9	84.534	569	72	11	1	558	13811466	13810903	2.32e-155	549
NC_003074.8:21552101-21552658	NC_003070.9	84.266	572	59	12	1	558	540987	540433	3.02e-149	529
NC_003074.8:21552101-21552658	NC_003070.9	84.238	571	60	11	1	558	11732352	11732905	3.02e-149	529
NC_003074.8:21552101-21552658	NC_003070.9	84.266	572	59	13	1	558	16401003	16400449	3.02e-149	529
NC_003074.8:21552101-21552658	NC_003070.9	84.035	570	60	14	1	558	11804094	11803544	1.82e-146	520
NC_003074.8:21552101-21552658	NC_003070.9	84.601	539	62	15	1	526	588027	587497	2.35e-145	516
NC_003074.8:21552101-21552658	NC_003070.9	83.624	574	59	19	1	558	10591982	10591428	1.42e-142	507
NC_003074.8:21552101-21552658	NC_003070.9	83.449	574	51	22	1	558	24645519	24646064	1.10e-138	494
NC_003074.8:21552101-21552658	NC_003070.9	82.982	570	66	15	1	558	28891930	28891380	1.84e-136	486
NC_003074.8:21552101-21552658	NC_003070.9	82.892	567	52	19	1	556	10853200	10852668	6.68e-131	468
NC_003074.8:21552101-21552658	NC_003070.9	85.421	439	51	7	2	428	2587832	2587395	1.13e-123	444
NC_003074.8:21552101-21552658	NC_003070.9	85.550	436	49	8	7	431	2986886	2986454	1.13e-123	444
NC_003074.8:21552101-21552658	NC_003070.9	91.597	238	15	5	322	558	21615530	21615297	1.53e-87	324
NC_003074.8:21552101-21552658	NC_003070.9	89.121	239	22	4	322	558	10579905	10580141	1.20e-78	294
NC_003074.8:21552101-21552658	NC_003070.9	91.827	208	13	4	352	558	8539559	8539763	2.01e-76	287
NC_003074.8:21552101-21552658	NC_003070.9	88.703	239	22	5	322	558	9418298	9418063	2.01e-76	287
NC_003074.8:21552101-21552658	NC_003070.9	88.608	237	23	4	322	556	8622992	8622758	7.22e-76	285
NC_003074.8:21552101-21552658	NC_003070.9	88.285	239	24	4	322	558	11669593	11669357	2.60e-75	283
NC_003074.8:21552101-21552658	NC_003070.9	91.346	208	15	3	352	558	9384365	9384160	9.34e-75	281
NC_003074.8:21552101-21552658	NC_003070.9	90.865	208	16	3	352	558	18300475	18300270	4.35e-73	276
NC_003074.8:21552101-21552658	NC_003070.9	87.866	239	23	6	322	558	21128636	21128870	4.35e-73	276
NC_003074.8:21552101-21552658	NC_003070.9	87.097	248	16	8	312	558	2473131	2472899	2.62e-70	267
NC_003074.8:21552101-21552658	NC_003070.9	87.029	239	27	4	322	558	20559836	20559600	2.62e-70	267
NC_003074.8:21552101-21552658	NC_003070.9	88.341	223	22	4	322	542	3762754	3762974	9.41e-70	265
NC_003074.8:21552101-21552658	NC_003070.9	86.611	239	25	5	322	558	696707	696474	1.57e-67	257
NC_003074.8:21552101-21552658	NC_003070.9	89.674	184	15	4	375	558	12240731	12240910	9.54e-60	231
NC_003074.8:21552101-21552658	NC_003070.9	85.345	232	21	5	322	553	3251256	3251474	1.23e-58	228
NC_003074.8:21552101-21552658	NC_003070.9	88.587	184	18	2	375	558	13313697	13313517	2.06e-56	220
NC_003074.8:21552101-21552658	NC_003070.9	89.595	173	16	2	387	558	2588003	2587832	7.43e-56	219
NC_003074.8:21552101-21552658	NC_003070.9	88.571	175	16	3	385	558	14012983	14012812	4.47e-53	209
NC_003074.8:21552101-21552658	NC_003070.9	88.136	177	17	4	384	558	8190385	8190559	1.61e-52	207
NC_003074.8:21552101-21552658	NC_003070.9	88.571	175	15	4	387	558	19741712	19741540	1.61e-52	207
NC_003074.8:21552101-21552658	NC_003070.9	88.439	173	17	3	387	558	25358252	25358422	5.78e-52	206
NC_003074.8:21552101-21552658	NC_003070.9	87.500	176	19	3	384	558	12458081	12458254	2.69e-50	200
NC_003074.8:21552101-21552658	NC_003070.9	87.571	177	16	6	384	558	17605963	17606135	2.69e-50	200
NC_003074.8:21552101-21552658	NC_003070.9	89.744	156	12	4	404	558	21336375	21336527	3.48e-49	196
NC_003074.8:21552101-21552658	NC_003070.9	87.356	174	17	3	386	558	20509006	20508837	1.25e-48	195
NC_003074.8:21552101-21552658	NC_003070.9	85.632	174	20	4	387	558	12183575	12183405	1.26e-43	178
NC_003074.8:21552101-21552658	NC_003070.9	89.286	140	14	1	322	460	29774473	29774334	1.63e-42	174
NC_003074.8:21552101-21552658	NC_003070.9	85.465	172	18	6	388	558	13879220	13879055	5.86e-42	172
NC_003074.8:21552101-21552658	NC_003070.9	85.965	171	13	7	387	556	26307343	26307503	5.86e-42	172
NC_003074.8:21552101-21552658	NC_003070.9	84.270	178	19	8	385	558	11174636	11174808	9.81e-40	165
NC_003074.8:21552101-21552658	NC_003070.9	83.616	177	14	9	395	558	2587387	2587213	7.64e-36	152
NC_003074.8:21552101-21552658	NC_003070.9	78.838	241	31	16	322	558	5437136	5436912	1.28e-33	145
NC_003074.8:21552101-21552658	NC_003070.9	84.848	132	14	5	427	558	499498	499373	1.29e-28	128
NC_003074.8:21552101-21552658	NC_003070.9	84.091	132	11	9	427	558	3414719	3414840	7.75e-26	119
NC_003074.8:21552101-21552658	NC_003070.9	76.786	224	30	14	335	556	21602156	21601953	6.03e-22	106
NC_003074.8:21552101-21552658	NC_003076.8	90.018	571	40	7	1	558	3566350	3566916	0.0	723
NC_003074.8:21552101-21552658	NC_003076.8	88.752	569	48	10	1	558	17726422	17726985	0.0	682
NC_003074.8:21552101-21552658	NC_003076.8	88.752	569	47	9	1	558	22621740	22621178	0.0	680
NC_003074.8:21552101-21552658	NC_003076.8	88.266	571	50	8	1	558	9068735	9068169	0.0	667
NC_003074.8:21552101-21552658	NC_003076.8	86.995	569	58	10	1	558	24448812	24449375	1.04e-178	627
NC_003074.8:21552101-21552658	NC_003076.8	86.819	569	58	11	1	558	5625058	5625620	1.74e-176	619
NC_003074.8:21552101-21552658	NC_003076.8	86.254	582	52	14	1	558	7417331	7417908	1.36e-172	606
NC_003074.8:21552101-21552658	NC_003076.8	85.764	569	50	18	1	558	26787654	26787106	1.38e-162	573
NC_003074.8:21552101-21552658	NC_003076.8	85.589	569	46	13	1	558	7701181	7700638	8.28e-160	564
NC_003074.8:21552101-21552658	NC_003076.8	85.237	569	55	17	1	558	19101558	19102108	3.85e-158	558
NC_003074.8:21552101-21552658	NC_003076.8	85.017	574	53	14	1	558	16870923	16871479	1.79e-156	553
NC_003074.8:21552101-21552658	NC_003076.8	84.790	572	59	15	1	558	9558216	9557659	2.32e-155	549
NC_003074.8:21552101-21552658	NC_003076.8	84.790	572	56	15	1	558	14810271	14810825	3.00e-154	545
NC_003074.8:21552101-21552658	NC_003076.8	84.912	570	50	21	1	558	8748925	8749470	1.08e-153	544
NC_003074.8:21552101-21552658	NC_003076.8	84.615	572	59	15	1	558	13892686	13892130	3.88e-153	542
NC_003074.8:21552101-21552658	NC_003076.8	87.983	466	44	7	27	482	26015332	26015795	1.40e-152	540
NC_003074.8:21552101-21552658	NC_003076.8	84.602	565	55	15	7	558	6420372	6419827	2.34e-150	532
NC_003074.8:21552101-21552658	NC_003076.8	84.561	570	52	17	1	558	9854346	9854891	2.34e-150	532
NC_003074.8:21552101-21552658	NC_003076.8	83.697	595	56	18	1	558	24117960	24118550	1.41e-147	523
NC_003074.8:21552101-21552658	NC_003076.8	84.007	569	53	17	1	558	14104208	14103667	3.04e-144	512
NC_003074.8:21552101-21552658	NC_003076.8	90.793	391	23	6	1	380	706997	706609	1.09e-143	510
NC_003074.8:21552101-21552658	NC_003076.8	89.189	407	30	5	1	395	4936961	4937365	3.06e-139	496
NC_003074.8:21552101-21552658	NC_003076.8	84.766	512	52	15	1	501	22335576	22335080	1.43e-137	490
NC_003074.8:21552101-21552658	NC_003076.8	83.012	571	48	18	1	558	15580807	15581341	5.16e-132	472
NC_003074.8:21552101-21552658	NC_003076.8	85.354	396	42	9	3	384	15882295	15882688	3.20e-109	396
NC_003074.8:21552101-21552658	NC_003076.8	91.579	285	20	4	274	558	6702207	6701927	1.49e-107	390
NC_003074.8:21552101-21552658	NC_003076.8	86.127	346	26	11	216	558	14395359	14395033	1.95e-96	353
NC_003074.8:21552101-21552658	NC_003076.8	86.127	346	26	11	216	558	14454658	14454332	1.95e-96	353
NC_003074.8:21552101-21552658	NC_003076.8	90.295	237	22	1	197	432	13678951	13678715	4.28e-83	309
NC_003074.8:21552101-21552658	NC_003076.8	89.796	245	18	7	317	558	14080062	14080302	1.54e-82	307
NC_003074.8:21552101-21552658	NC_003076.8	89.916	238	20	4	322	558	8602053	8601819	1.99e-81	303
NC_003074.8:21552101-21552658	NC_003076.8	88.285	239	24	4	322	558	15162886	15163122	2.60e-75	283
NC_003074.8:21552101-21552658	NC_003076.8	88.235	238	23	5	322	556	7488328	7488093	3.36e-74	279
NC_003074.8:21552101-21552658	NC_003076.8	90.777	206	14	5	322	525	5648113	5647911	2.02e-71	270
NC_003074.8:21552101-21552658	NC_003076.8	90.431	209	15	5	352	558	16030754	16030549	2.02e-71	270
NC_003074.8:21552101-21552658	NC_003076.8	86.920	237	27	4	322	556	22021624	22021858	3.38e-69	263
NC_003074.8:21552101-21552658	NC_003076.8	88.837	215	19	5	322	534	15535363	15535152	4.38e-68	259
NC_003074.8:21552101-21552658	NC_003076.8	85.091	275	17	10	285	558	24586805	24587056	4.38e-68	259
NC_003074.8:21552101-21552658	NC_003076.8	86.498	237	13	8	322	557	19408597	19408379	4.41e-63	243
NC_003074.8:21552101-21552658	NC_003076.8	84.980	253	19	7	322	558	15031163	15030914	5.70e-62	239
NC_003074.8:21552101-21552658	NC_003076.8	89.674	184	15	4	375	558	13231894	13232073	9.54e-60	231
NC_003074.8:21552101-21552658	NC_003076.8	89.595	173	14	4	386	556	14880641	14880811	2.67e-55	217
NC_003074.8:21552101-21552658	NC_003076.8	87.861	173	10	6	387	558	22464040	22464202	4.50e-48	193
NC_003074.8:21552101-21552658	NC_003076.8	92.366	131	9	1	429	558	4937362	4937492	7.53e-46	185
NC_003074.8:21552101-21552658	NC_003076.8	90.714	140	12	1	322	460	9867496	9867635	7.53e-46	185
NC_003074.8:21552101-21552658	NC_003076.8	90.714	140	12	1	322	460	24314283	24314422	7.53e-46	185
NC_003074.8:21552101-21552658	NC_003076.8	86.705	173	12	7	387	558	10041974	10041812	9.74e-45	182
NC_003074.8:21552101-21552658	NC_003076.8	89.583	144	11	4	387	528	19480002	19480143	3.50e-44	180
NC_003074.8:21552101-21552658	NC_003076.8	85.632	174	21	3	387	558	20674405	20674234	3.50e-44	180
NC_003074.8:21552101-21552658	NC_003076.8	90.000	140	13	1	322	460	26893188	26893327	3.50e-44	180
NC_003074.8:21552101-21552658	NC_003076.8	85.714	175	18	7	385	556	9546161	9546331	1.26e-43	178
NC_003074.8:21552101-21552658	NC_003076.8	89.928	139	13	1	322	460	17398095	17397958	1.26e-43	178
NC_003074.8:21552101-21552658	NC_003076.8	84.971	173	15	7	387	558	19114743	19114581	9.81e-40	165
NC_003074.8:21552101-21552658	NC_003076.8	82.081	173	26	5	387	556	9978758	9978588	4.60e-33	143
NC_003074.8:21552101-21552658	NC_003076.8	86.614	127	13	3	432	558	13677934	13677812	2.14e-31	137
NC_003074.8:21552101-21552658	NC_003076.8	78.298	235	33	8	323	556	8671466	8671683	7.69e-31	135
NC_003074.8:21552101-21552658	NC_003076.8	80.729	192	19	10	384	558	25179190	25179380	2.77e-30	134
NC_003074.8:21552101-21552658	NC_003076.8	85.385	130	14	5	429	558	21531784	21531908	3.58e-29	130
NC_003074.8:21552101-21552658	NC_003076.8	90.000	100	9	1	429	528	17247804	17247706	1.29e-28	128
NC_003074.8:21552101-21552658	NC_003076.8	90.000	50	4	1	509	558	8281673	8281721	3.68e-09	63.9
NC_003074.8:21552101-21552658	NC_003075.7	89.455	569	44	5	1	558	5392283	5391720	0.0	704
NC_003074.8:21552101-21552658	NC_003075.7	87.522	569	54	12	1	558	1521257	1521819	0.0	641
NC_003074.8:21552101-21552658	NC_003075.7	90.428	491	34	5	1	480	6660987	6661475	0.0	634
NC_003074.8:21552101-21552658	NC_003075.7	88.180	533	48	5	1	522	824053	823525	4.84e-177	621
NC_003074.8:21552101-21552658	NC_003075.7	86.643	569	59	12	1	558	572759	572197	8.11e-175	614
NC_003074.8:21552101-21552658	NC_003075.7	86.467	569	60	11	1	558	6115341	6115903	3.77e-173	608
NC_003074.8:21552101-21552658	NC_003075.7	86.842	570	44	9	1	558	6340022	6339472	3.77e-173	608
NC_003074.8:21552101-21552658	NC_003075.7	86.034	580	51	17	2	558	14458283	14457711	2.94e-169	595
NC_003074.8:21552101-21552658	NC_003075.7	86.340	571	37	14	1	558	7034793	7034251	6.36e-166	584
NC_003074.8:21552101-21552658	NC_003075.7	85.965	570	49	15	1	558	9112130	9111580	8.22e-165	580
NC_003074.8:21552101-21552658	NC_003075.7	84.337	581	58	17	1	558	12607047	12606477	5.02e-152	538
NC_003074.8:21552101-21552658	NC_003075.7	83.451	568	59	15	1	558	12365606	12365064	3.06e-139	496
NC_003074.8:21552101-21552658	NC_003075.7	82.953	569	60	17	1	558	8947760	8947218	3.09e-134	479
NC_003074.8:21552101-21552658	NC_003075.7	89.408	321	30	3	236	556	2553631	2553947	6.87e-111	401
NC_003074.8:21552101-21552658	NC_003075.7	89.212	241	20	6	322	558	8899727	8899965	3.34e-79	296
NC_003074.8:21552101-21552658	NC_003075.7	86.611	239	25	7	322	558	17501973	17502206	1.57e-67	257
NC_003074.8:21552101-21552658	NC_003075.7	86.192	239	27	5	322	558	7231369	7231603	2.04e-66	254
NC_003074.8:21552101-21552658	NC_003075.7	88.177	203	20	4	322	522	8820042	8819842	5.70e-62	239
NC_003074.8:21552101-21552658	NC_003075.7	89.773	176	15	3	384	558	7906195	7906368	5.74e-57	222
NC_003074.8:21552101-21552658	NC_003075.7	89.773	176	13	5	385	558	6426789	6426617	2.06e-56	220
NC_003074.8:21552101-21552658	NC_003075.7	89.655	174	16	2	386	558	7155204	7155376	2.06e-56	220
NC_003074.8:21552101-21552658	NC_003075.7	86.207	174	21	3	386	558	6414225	6414054	7.53e-46	185
NC_003074.8:21552101-21552658	NC_003075.7	86.047	172	20	4	388	558	6895116	6894948	9.74e-45	182
NC_003074.8:21552101-21552658	NC_003075.7	89.583	144	9	5	416	558	9146885	9147023	1.26e-43	178
NC_003074.8:21552101-21552658	NC_003075.7	90.000	140	11	3	322	460	12699153	12699290	1.26e-43	178
NC_003074.8:21552101-21552658	NC_003075.7	88.966	145	13	3	414	558	13124010	13123869	4.53e-43	176
NC_003074.8:21552101-21552658	NC_003075.7	84.564	149	13	6	408	556	7652989	7653127	5.95e-32	139
NC_003074.8:21552101-21552658	NC_003075.7	84.848	132	14	5	427	558	11362820	11362945	1.29e-28	128
NC_003074.8:21552101-21552658	NC_003075.7	82.993	147	14	7	387	532	12968056	12967920	5.99e-27	122
NC_003074.8:21552101-21552658	NC_003075.7	91.892	74	4	2	322	394	1100911	1100983	7.80e-21	102
NC_003074.8:21552101-21552658	NC_003075.7	91.429	70	5	1	322	391	7572220	7572288	1.31e-18	95.3
NC_003074.8:21552101-21552658	NC_003071.7	88.421	570	50	6	1	558	2138820	2139385	0.0	673
NC_003074.8:21552101-21552658	NC_003071.7	89.054	539	41	7	1	527	4025413	4025945	0.0	652
NC_003074.8:21552101-21552658	NC_003071.7	87.698	569	53	11	1	558	5037751	5038313	0.0	647
NC_003074.8:21552101-21552658	NC_003071.7	86.667	570	45	15	1	558	13101810	13102360	1.75e-171	603
NC_003074.8:21552101-21552658	NC_003071.7	85.891	567	50	16	1	556	9226025	9225478	1.06e-163	577
NC_003074.8:21552101-21552658	NC_003071.7	86.042	566	44	18	1	553	13885931	13886474	3.83e-163	575
NC_003074.8:21552101-21552658	NC_003071.7	85.940	569	43	15	1	558	9229179	9228637	1.38e-162	573
NC_003074.8:21552101-21552658	NC_003071.7	84.912	570	70	10	1	558	5010652	5010087	2.98e-159	562
NC_003074.8:21552101-21552658	NC_003071.7	87.052	502	56	6	58	558	1596986	1597479	3.85e-158	558
NC_003074.8:21552101-21552658	NC_003071.7	85.192	574	52	13	1	558	6207151	6206595	3.85e-158	558
NC_003074.8:21552101-21552658	NC_003071.7	85.289	571	51	16	1	558	12556654	12557204	3.85e-158	558
NC_003074.8:21552101-21552658	NC_003071.7	87.705	488	46	7	7	482	19172662	19172177	1.39e-157	556
NC_003074.8:21552101-21552658	NC_003071.7	88.987	454	40	6	70	518	17147580	17147132	1.79e-156	553
NC_003074.8:21552101-21552658	NC_003071.7	84.615	572	64	17	1	558	7340381	7340942	8.34e-155	547
NC_003074.8:21552101-21552658	NC_003071.7	83.831	569	56	8	1	558	1670334	1669791	3.94e-143	508
NC_003074.8:21552101-21552658	NC_003071.7	83.392	572	57	16	1	558	15134225	15134772	3.06e-139	496
NC_003074.8:21552101-21552658	NC_003071.7	82.444	581	58	18	1	558	9860514	9859955	6.68e-131	468
NC_003074.8:21552101-21552658	NC_003071.7	86.804	341	41	4	219	558	4305953	4306290	1.16e-103	377
NC_003074.8:21552101-21552658	NC_003071.7	87.018	285	20	6	274	558	9433302	9433569	5.54e-82	305
NC_003074.8:21552101-21552658	NC_003071.7	89.540	239	21	4	322	558	1322206	1321970	2.58e-80	300
NC_003074.8:21552101-21552658	NC_003071.7	89.076	238	22	4	323	558	10996418	10996183	4.31e-78	292
NC_003074.8:21552101-21552658	NC_003071.7	91.388	209	12	6	352	558	1038253	1038049	9.34e-75	281
NC_003074.8:21552101-21552658	NC_003071.7	88.285	239	23	5	323	558	1383789	1383553	9.34e-75	281
NC_003074.8:21552101-21552658	NC_003071.7	90.952	210	13	5	352	558	2320728	2320934	1.21e-73	278
NC_003074.8:21552101-21552658	NC_003071.7	87.866	239	24	5	322	558	3197853	3197618	4.35e-73	276
NC_003074.8:21552101-21552658	NC_003071.7	88.268	179	16	5	384	558	826097	826274	4.47e-53	209
NC_003074.8:21552101-21552658	NC_003071.7	88.571	175	16	4	386	558	7178843	7179015	4.47e-53	209
NC_003074.8:21552101-21552658	NC_003071.7	84.579	214	16	6	322	534	9455967	9456164	3.48e-49	196
NC_003074.8:21552101-21552658	NC_003071.7	87.719	171	17	3	389	558	11597712	11597879	3.48e-49	196
NC_003074.8:21552101-21552658	NC_003071.7	87.283	173	11	7	387	558	8907834	8907996	2.09e-46	187
NC_003074.8:21552101-21552658	NC_003071.7	86.047	172	22	2	388	558	4758271	4758101	2.71e-45	183
NC_003074.8:21552101-21552658	NC_003071.7	90.000	140	12	2	322	460	10070310	10070172	3.50e-44	180
NC_003074.8:21552101-21552658	NC_003071.7	89.855	138	13	1	322	458	9030463	9030600	4.53e-43	176
NC_003074.8:21552101-21552658	NC_003071.7	88.966	145	13	3	414	558	9311477	9311618	4.53e-43	176
NC_003074.8:21552101-21552658	NC_003071.7	89.286	140	14	1	322	460	1347424	1347285	1.63e-42	174
NC_003074.8:21552101-21552658	NC_003071.7	84.971	173	15	7	387	558	9891408	9891246	9.81e-40	165
NC_003074.8:21552101-21552658	NC_003071.7	84.971	173	15	7	387	558	17992706	17992544	9.81e-40	165
NC_003074.8:21552101-21552658	NC_003071.7	87.786	131	13	3	428	558	1242847	1242974	2.75e-35	150
NC_003074.8:21552101-21552658	NC_003071.7	84.173	139	9	4	322	460	14572548	14572673	5.99e-27	122
NC_003074.8:21552101-21552658	NC_003071.7	82.716	81	13	1	427	507	6626757	6626678	2.20e-11	71.3
NC_003074.8:22064330-22069124	NC_003074.8	100.000	4795	0	0	1	4795	22069124	22064330	0.0	8855
NC_003074.8:22064330-22069124	NC_003074.8	84.242	2310	290	48	1	2279	22071888	22069622	0.0	2182
NC_003074.8:22064330-22069124	NC_003074.8	86.730	1801	207	21	258	2048	22052355	22054133	0.0	1973
NC_003074.8:22064330-22069124	NC_003074.8	85.758	1622	204	21	7	1610	22065942	22064330	0.0	1690
NC_003074.8:22064330-22069124	NC_003074.8	85.758	1622	204	21	3183	4795	22069118	22067515	0.0	1690
NC_003074.8:22064330-22069124	NC_003074.8	84.087	1615	222	18	3187	4795	22071876	22070291	0.0	1526
NC_003074.8:22064330-22069124	NC_003074.8	86.790	1355	155	14	3447	4795	22052359	22053695	0.0	1489
