NC_003076.8:6701927-6702439	NC_003076.8	100.000	513	0	0	1	513	6702439	6701927	0.0	948
NC_003076.8:6701927-6702439	NC_003076.8	95.775	284	11	1	231	513	24449092	24449375	1.32e-127	457
NC_003076.8:6701927-6702439	NC_003076.8	95.070	284	13	1	231	513	17726702	17726985	2.86e-124	446
NC_003076.8:6701927-6702439	NC_003076.8	94.718	284	13	2	231	513	19101826	19102108	1.33e-122	440
NC_003076.8:6701927-6702439	NC_003076.8	92.958	284	18	2	231	513	5625338	5625620	2.91e-114	412
NC_003076.8:6701927-6702439	NC_003076.8	92.982	285	16	4	231	513	26787388	26787106	2.91e-114	412
NC_003076.8:6701927-6702439	NC_003076.8	91.901	284	20	2	233	513	22621461	22621178	1.05e-108	394
NC_003076.8:6701927-6702439	NC_003076.8	89.895	287	18	9	231	513	8749191	8749470	3.84e-98	359
NC_003076.8:6701927-6702439	NC_003076.8	94.323	229	12	1	231	458	22335308	22335080	2.31e-95	350
NC_003076.8:6701927-6702439	NC_003076.8	88.629	299	17	8	231	513	7417611	7417908	8.31e-95	348
NC_003076.8:6701927-6702439	NC_003076.8	89.199	287	16	6	231	513	14810550	14810825	1.08e-93	344
NC_003076.8:6701927-6702439	NC_003076.8	88.462	286	24	7	231	513	9854612	9854891	1.80e-91	337
NC_003076.8:6701927-6702439	NC_003076.8	87.847	288	20	6	231	513	9557936	9557659	1.40e-87	324
NC_003076.8:6701927-6702439	NC_003076.8	87.805	287	21	5	231	513	13892406	13892130	1.40e-87	324
NC_003076.8:6701927-6702439	NC_003076.8	92.694	219	15	1	18	235	14104212	14103994	8.43e-85	315
NC_003076.8:6701927-6702439	NC_003076.8	93.023	215	14	1	22	235	7417331	7417545	3.03e-84	313
NC_003076.8:6701927-6702439	NC_003076.8	93.023	215	14	1	22	235	13892686	13892472	3.03e-84	313
NC_003076.8:6701927-6702439	NC_003076.8	87.108	287	23	6	231	513	16871203	16871479	3.03e-84	313
NC_003076.8:6701927-6702439	NC_003076.8	87.324	284	22	3	231	513	17043631	17043901	3.03e-84	313
NC_003076.8:6701927-6702439	NC_003076.8	91.964	224	17	1	13	235	17726413	17726636	3.03e-84	313
NC_003076.8:6701927-6702439	NC_003076.8	94.608	204	8	3	231	431	26015584	26015787	3.03e-84	313
NC_003076.8:6701927-6702439	NC_003076.8	87.676	284	13	6	231	513	14103929	14103667	1.09e-83	311
NC_003076.8:6701927-6702439	NC_003076.8	92.093	215	17	0	21	235	13231668	13231882	1.82e-81	303
NC_003076.8:6701927-6702439	NC_003076.8	91.403	221	17	2	16	235	24117955	24118174	6.56e-81	302
NC_003076.8:6701927-6702439	NC_003076.8	91.705	217	17	1	20	235	5625056	5625272	2.36e-80	300
NC_003076.8:6701927-6702439	NC_003076.8	91.284	218	18	1	19	235	15882290	15882507	3.05e-79	296
NC_003076.8:6701927-6702439	NC_003076.8	90.541	222	19	2	15	235	16870917	16871137	3.95e-78	292
NC_003076.8:6701927-6702439	NC_003076.8	91.163	215	18	1	22	235	24448812	24449026	1.42e-77	291
NC_003076.8:6701927-6702439	NC_003076.8	84.887	311	19	9	231	513	24118240	24118550	5.11e-77	289
NC_003076.8:6701927-6702439	NC_003076.8	90.741	216	19	1	21	235	9558217	9558002	1.84e-76	287
NC_003076.8:6701927-6702439	NC_003076.8	85.714	287	21	7	231	513	14395303	14395033	6.61e-76	285
NC_003076.8:6701927-6702439	NC_003076.8	85.714	287	21	7	231	513	14454602	14454332	6.61e-76	285
NC_003076.8:6701927-6702439	NC_003076.8	89.381	226	20	4	12	235	7701190	7700967	8.55e-75	281
NC_003076.8:6701927-6702439	NC_003076.8	89.381	226	20	4	12	235	14810261	14810484	8.55e-75	281
NC_003076.8:6701927-6702439	NC_003076.8	89.474	209	21	1	24	231	14395843	14395635	3.10e-69	263
NC_003076.8:6701927-6702439	NC_003076.8	89.474	209	21	1	24	231	14455142	14454934	3.10e-69	263
NC_003076.8:6701927-6702439	NC_003076.8	88.426	216	23	2	22	235	15580807	15581022	4.01e-68	259
NC_003076.8:6701927-6702439	NC_003076.8	87.264	212	26	1	22	232	8748925	8749136	1.45e-62	241
NC_003076.8:6701927-6702439	NC_003076.8	85.259	251	18	5	281	513	15031163	15030914	1.45e-62	241
NC_003076.8:6701927-6702439	NC_003076.8	86.161	224	28	3	15	235	26787663	26787440	5.22e-62	239
NC_003076.8:6701927-6702439	NC_003076.8	86.697	218	24	5	21	235	9854345	9854560	1.88e-61	237
NC_003076.8:6701927-6702439	NC_003076.8	86.878	221	16	7	16	235	19101552	19101760	6.75e-61	235
NC_003076.8:6701927-6702439	NC_003076.8	86.977	215	15	7	22	235	22335576	22335374	3.14e-59	230
NC_003076.8:6701927-6702439	NC_003076.8	85.714	217	29	2	20	235	3566348	3566563	1.13e-58	228
NC_003076.8:6701927-6702439	NC_003076.8	85.648	216	30	1	21	235	6420379	6420164	4.06e-58	226
NC_003076.8:6701927-6702439	NC_003076.8	84.722	216	29	4	22	235	9068735	9068522	3.16e-54	213
NC_003076.8:6701927-6702439	NC_003076.8	84.475	219	26	2	18	235	7069985	7070196	4.09e-53	209
NC_003076.8:6701927-6702439	NC_003076.8	84.722	216	24	3	21	235	16712850	16713057	1.47e-52	207
NC_003076.8:6701927-6702439	NC_003076.8	83.784	222	31	5	16	235	22621745	22621527	5.29e-52	206
NC_003076.8:6701927-6702439	NC_003076.8	83.784	222	27	4	15	235	17043352	17043565	6.85e-51	202
NC_003076.8:6701927-6702439	NC_003076.8	86.875	160	15	4	281	434	9867496	9867655	1.49e-42	174
NC_003076.8:6701927-6702439	NC_003076.8	87.857	140	14	3	281	417	26893188	26893327	1.16e-38	161
NC_003076.8:6701927-6702439	NC_003076.8	87.143	140	17	1	17	155	20119596	20119735	1.50e-37	158
NC_003076.8:6701927-6702439	NC_003076.8	93.103	87	4	2	427	513	15882682	15882766	4.24e-28	126
NC_003076.8:6701927-6702439	NC_003076.8	89.691	97	7	3	22	116	14880216	14880311	1.97e-26	121
NC_003076.8:6701927-6702439	NC_003076.8	90.805	87	6	2	21	106	15659432	15659347	9.18e-25	115
NC_003076.8:6701927-6702439	NC_003076.8	85.981	107	13	2	10	116	9979184	9979080	3.30e-24	113
NC_003076.8:6701927-6702439	NC_003076.8	88.172	93	9	2	17	107	9763125	9763033	4.27e-23	110
NC_003076.8:6701927-6702439	NC_003076.8	86.275	102	11	3	17	116	20674828	20674728	1.54e-22	108
NC_003076.8:6701927-6702439	NC_003076.8	85.437	103	11	4	3	102	10873641	10873742	1.99e-21	104
NC_003076.8:6701927-6702439	NC_003076.8	85.106	94	11	3	25	116	22463661	22463753	4.30e-18	93.5
NC_003076.8:6701927-6702439	NC_003076.8	88.158	76	7	2	12	86	15536023	15535949	5.56e-17	89.8
NC_003076.8:6701927-6702439	NC_003076.8	89.552	67	6	1	20	86	9866839	9866904	2.59e-15	84.2
NC_003076.8:6701927-6702439	NC_003076.8	85.714	77	8	3	10	85	17481139	17481213	1.20e-13	78.7
NC_003076.8:6701927-6702439	NC_003076.8	87.692	65	7	1	22	86	7488977	7488914	1.56e-12	75.0
NC_003076.8:6701927-6702439	NC_003076.8	87.692	65	7	1	22	86	15162255	15162318	1.56e-12	75.0
NC_003076.8:6701927-6702439	NC_003076.8	82.143	84	12	3	22	104	19153746	19153665	7.25e-11	69.4
NC_003076.8:6701927-6702439	NC_003076.8	84.615	65	10	0	21	85	8280717	8280781	9.37e-10	65.8
NC_003076.8:6701927-6702439	NC_003076.8	92.683	41	3	0	22	62	22020973	22021013	4.36e-08	60.2
NC_003076.8:6701927-6702439	NC_003071.7	91.068	515	31	4	1	513	9433068	9433569	0.0	682
NC_003076.8:6701927-6702439	NC_003071.7	94.366	284	15	1	231	513	5038030	5038313	6.20e-121	435
NC_003076.8:6701927-6702439	NC_003071.7	92.657	286	17	4	231	513	13102076	13102360	3.76e-113	409
NC_003076.8:6701927-6702439	NC_003071.7	91.608	286	20	4	231	513	12556920	12557204	3.79e-108	392
NC_003076.8:6701927-6702439	NC_003071.7	91.549	284	21	3	233	513	2139102	2139385	4.90e-107	388
NC_003076.8:6701927-6702439	NC_003071.7	90.909	286	23	3	231	513	5010372	5010087	8.19e-105	381
NC_003076.8:6701927-6702439	NC_003071.7	91.459	281	18	6	231	508	13886197	13886474	8.19e-105	381
NC_003076.8:6701927-6702439	NC_003071.7	93.676	253	13	3	233	482	4025693	4025945	3.81e-103	375
NC_003076.8:6701927-6702439	NC_003071.7	90.378	291	20	5	227	513	7340656	7340942	3.81e-103	375
NC_003076.8:6701927-6702439	NC_003071.7	93.548	248	12	4	231	476	17147375	17147130	2.29e-100	366
NC_003076.8:6701927-6702439	NC_003071.7	88.421	285	27	3	231	513	1597199	1597479	5.00e-92	339
NC_003076.8:6701927-6702439	NC_003071.7	88.652	282	18	7	231	511	9225746	9225478	8.37e-90	331
NC_003076.8:6701927-6702439	NC_003071.7	88.194	288	18	7	231	513	6206871	6206595	3.01e-89	329
NC_003076.8:6701927-6702439	NC_003071.7	93.868	212	10	3	231	439	19172388	19172177	2.34e-85	316
NC_003076.8:6701927-6702439	NC_003071.7	92.558	215	14	2	22	235	5037751	5037964	1.41e-82	307
NC_003076.8:6701927-6702439	NC_003071.7	90.295	237	18	5	281	513	3197853	3197618	5.07e-82	305
NC_003076.8:6701927-6702439	NC_003071.7	91.364	220	17	2	21	239	9226026	9225808	2.36e-80	300
NC_003076.8:6701927-6702439	NC_003071.7	86.268	284	25	3	231	513	1670061	1669791	3.05e-79	296
NC_003076.8:6701927-6702439	NC_003071.7	91.244	217	18	1	20	235	9860516	9860300	1.10e-78	294
NC_003076.8:6701927-6702439	NC_003071.7	90.868	219	16	4	18	235	7340377	7340592	1.42e-77	291
NC_003076.8:6701927-6702439	NC_003071.7	90.455	220	20	1	17	235	5010657	5010438	5.11e-77	289
NC_003076.8:6701927-6702439	NC_003071.7	89.427	227	22	2	11	235	6207163	6206937	6.61e-76	285
NC_003076.8:6701927-6702439	NC_003071.7	90.278	216	20	1	21	235	19172669	19172454	8.55e-75	281
NC_003076.8:6701927-6702439	NC_003071.7	85.069	288	25	4	231	513	15134498	15134772	1.11e-73	278
NC_003076.8:6701927-6702439	NC_003071.7	88.688	221	21	4	18	235	9229184	9228965	2.39e-70	267
NC_003076.8:6701927-6702439	NC_003071.7	90.547	201	14	2	40	235	17147641	17147441	1.11e-68	261
NC_003076.8:6701927-6702439	NC_003071.7	87.615	218	24	3	20	235	1596917	1597133	2.41e-65	250
NC_003076.8:6701927-6702439	NC_003071.7	87.850	214	25	1	20	232	13101808	13102021	2.41e-65	250
NC_003076.8:6701927-6702439	NC_003071.7	87.442	215	26	1	22	235	12556654	12556868	3.12e-64	246
NC_003076.8:6701927-6702439	NC_003071.7	82.770	296	22	11	231	513	9860234	9859955	1.88e-61	237
NC_003076.8:6701927-6702439	NC_003071.7	86.047	215	29	1	22	235	13885931	13886145	3.14e-59	230
NC_003076.8:6701927-6702439	NC_003071.7	85.321	218	24	2	19	235	1670337	1670127	6.80e-56	219
NC_003076.8:6701927-6702439	NC_003071.7	87.429	175	15	6	345	513	826101	826274	1.15e-48	195
NC_003076.8:6701927-6702439	NC_003071.7	83.486	218	25	5	16	230	19623096	19623305	4.12e-48	193
NC_003076.8:6701927-6702439	NC_003071.7	82.488	217	28	5	21	235	15134224	15134432	8.92e-45	182
NC_003076.8:6701927-6702439	NC_003071.7	86.875	160	15	4	281	434	8173489	8173648	1.49e-42	174
NC_003076.8:6701927-6702439	NC_003071.7	88.571	140	12	4	281	417	10070310	10070172	2.50e-40	167
NC_003076.8:6701927-6702439	NC_003071.7	90.722	97	7	2	22	116	7439723	7439627	1.18e-28	128
NC_003076.8:6701927-6702439	NC_003071.7	88.073	109	10	3	11	116	7178407	7178515	4.24e-28	126
NC_003076.8:6701927-6702439	NC_003071.7	92.135	89	5	2	311	397	11909052	11908964	1.52e-27	124
NC_003076.8:6701927-6702439	NC_003071.7	88.350	103	10	2	22	122	1552862	1552760	5.48e-27	122
NC_003076.8:6701927-6702439	NC_003071.7	89.000	100	8	3	18	115	2262409	2262311	1.97e-26	121
NC_003076.8:6701927-6702439	NC_003071.7	85.841	113	13	3	7	116	8046287	8046175	2.55e-25	117
NC_003076.8:6701927-6702439	NC_003071.7	86.275	102	11	3	16	115	6411143	6411243	1.54e-22	108
NC_003076.8:6701927-6702439	NC_003071.7	90.541	74	7	0	22	95	1303113	1303040	9.24e-20	99.0
NC_003076.8:6701927-6702439	NC_003071.7	87.356	87	10	1	16	101	1955464	1955550	9.24e-20	99.0
NC_003076.8:6701927-6702439	NC_003071.7	87.500	64	7	1	22	85	6901191	6901253	5.60e-12	73.1
NC_003076.8:6701927-6702439	NC_003071.7	87.500	64	7	1	22	85	9029807	9029869	5.60e-12	73.1
NC_003076.8:6701927-6702439	NC_003071.7	86.154	65	8	1	22	86	1322856	1322793	7.25e-11	69.4
NC_003076.8:6701927-6702439	NC_003071.7	83.333	78	10	3	10	85	2320048	2320124	7.25e-11	69.4
NC_003076.8:6701927-6702439	NC_003071.7	86.154	65	8	1	22	86	3198502	3198439	7.25e-11	69.4
NC_003076.8:6701927-6702439	NC_003071.7	85.294	68	8	2	18	85	10070967	10070902	7.25e-11	69.4
NC_003076.8:6701927-6702439	NC_003071.7	78.431	102	17	5	15	115	11909726	11909629	1.21e-08	62.1
NC_003076.8:6701927-6702439	NC_003070.9	95.070	284	13	1	231	513	12097734	12098017	2.86e-124	446
NC_003076.8:6701927-6702439	NC_003070.9	94.718	284	14	1	231	513	25779954	25780237	1.33e-122	440
NC_003076.8:6701927-6702439	NC_003070.9	94.326	282	14	2	233	513	4770395	4770115	8.02e-120	431
NC_003076.8:6701927-6702439	NC_003070.9	94.014	284	14	3	231	513	24645783	24646064	1.04e-118	427
NC_003076.8:6701927-6702439	NC_003070.9	93.662	284	17	1	231	513	21918701	21918984	1.34e-117	424
NC_003076.8:6701927-6702439	NC_003070.9	93.706	286	13	5	231	513	23125414	23125131	1.34e-117	424
NC_003076.8:6701927-6702439	NC_003070.9	91.958	286	19	4	231	513	10021698	10021414	8.14e-110	398
NC_003076.8:6701927-6702439	NC_003070.9	90.847	295	22	5	222	513	19769281	19769573	1.36e-107	390
NC_003076.8:6701927-6702439	NC_003070.9	91.549	284	21	3	233	513	5863229	5863512	4.90e-107	388
NC_003076.8:6701927-6702439	NC_003070.9	94.048	252	14	1	231	481	587748	587497	8.19e-105	381
NC_003076.8:6701927-6702439	NC_003070.9	89.369	301	16	10	229	513	17502507	17502807	8.25e-100	364
NC_003076.8:6701927-6702439	NC_003070.9	90.809	272	19	6	246	513	28891649	28891380	3.84e-98	359
NC_003076.8:6701927-6702439	NC_003070.9	88.811	286	29	3	231	513	13811188	13810903	8.31e-95	348
NC_003076.8:6701927-6702439	NC_003070.9	89.399	283	13	7	231	511	10931203	10931470	1.39e-92	340
NC_003076.8:6701927-6702439	NC_003070.9	88.380	284	18	6	231	513	5899475	5899206	1.08e-88	327
NC_003076.8:6701927-6702439	NC_003070.9	89.695	262	12	7	231	477	6218863	6218602	1.81e-86	320
NC_003076.8:6701927-6702439	NC_003070.9	93.488	215	13	1	22	235	5899755	5899541	6.52e-86	318
NC_003076.8:6701927-6702439	NC_003070.9	87.456	287	22	6	231	513	26881000	26881276	6.52e-86	318
NC_003076.8:6701927-6702439	NC_003070.9	87.456	287	20	7	231	513	16400723	16400449	2.34e-85	316
NC_003076.8:6701927-6702439	NC_003070.9	92.558	215	15	1	22	235	13869873	13870087	1.41e-82	307
NC_003076.8:6701927-6702439	NC_003070.9	86.972	284	23	3	231	513	24718768	24719038	1.41e-82	307
NC_003076.8:6701927-6702439	NC_003070.9	86.806	288	22	7	231	513	27240999	27241275	1.41e-82	307
NC_003076.8:6701927-6702439	NC_003070.9	91.818	220	16	2	18	235	540992	540773	5.07e-82	305
NC_003076.8:6701927-6702439	NC_003070.9	92.093	215	15	1	21	235	6219141	6218929	6.56e-81	302
NC_003076.8:6701927-6702439	NC_003070.9	91.071	224	19	1	13	235	23125703	23125480	6.56e-81	302
NC_003076.8:6701927-6702439	NC_003070.9	92.056	214	16	1	23	235	17502231	17502444	2.36e-80	300
NC_003076.8:6701927-6702439	NC_003070.9	91.667	216	17	1	21	235	16401004	16400789	8.49e-80	298
NC_003076.8:6701927-6702439	NC_003070.9	89.451	237	21	4	281	513	10579905	10580141	3.05e-79	296
NC_003076.8:6701927-6702439	NC_003070.9	90.583	223	20	1	14	235	13313931	13313709	1.10e-78	294
NC_003076.8:6701927-6702439	NC_003070.9	91.163	215	17	2	22	235	26880721	26880934	1.42e-77	291
NC_003076.8:6701927-6702439	NC_003070.9	91.163	215	16	3	22	235	12097456	12097668	5.11e-77	289
NC_003076.8:6701927-6702439	NC_003070.9	89.868	227	20	3	12	235	12240493	12240719	5.11e-77	289
NC_003076.8:6701927-6702439	NC_003070.9	88.608	237	23	4	281	513	11669593	11669357	6.61e-76	285
NC_003076.8:6701927-6702439	NC_003070.9	90.367	218	20	1	19	235	27240716	27240933	6.61e-76	285
NC_003076.8:6701927-6702439	NC_003070.9	89.593	221	20	3	17	235	10591987	10591768	1.11e-73	278
NC_003076.8:6701927-6702439	NC_003070.9	84.564	298	25	14	231	513	13870153	13870444	3.98e-73	276
NC_003076.8:6701927-6702439	NC_003070.9	88.991	218	14	6	20	235	26511228	26511019	1.11e-68	261
NC_003076.8:6701927-6702439	NC_003070.9	87.892	223	23	4	15	235	22192001	22192221	4.01e-68	259
NC_003076.8:6701927-6702439	NC_003070.9	88.073	218	23	3	20	235	2986894	2986678	5.18e-67	255
NC_003076.8:6701927-6702439	NC_003070.9	87.444	223	24	4	15	235	11804100	11803880	1.86e-66	254
NC_003076.8:6701927-6702439	NC_003070.9	87.727	220	24	3	18	235	29244138	29244356	1.86e-66	254
NC_003076.8:6701927-6702439	NC_003070.9	84.397	282	16	9	231	511	10852922	10852668	6.70e-66	252
NC_003076.8:6701927-6702439	NC_003070.9	87.907	215	23	3	22	235	10853200	10852988	2.41e-65	250
NC_003076.8:6701927-6702439	NC_003070.9	87.963	216	14	5	20	235	21918432	21918635	1.12e-63	244
NC_003076.8:6701927-6702439	NC_003070.9	87.037	216	27	1	21	235	19769023	19769238	4.03e-63	243
NC_003076.8:6701927-6702439	NC_003070.9	87.907	215	13	6	22	235	4770665	4770463	1.45e-62	241
NC_003076.8:6701927-6702439	NC_003070.9	90.805	174	14	2	21	193	2473308	2473136	8.73e-60	231
NC_003076.8:6701927-6702439	NC_003070.9	85.586	222	31	1	15	235	21739648	21739427	8.73e-60	231
NC_003076.8:6701927-6702439	NC_003070.9	86.111	216	27	3	22	235	10021962	10021748	3.14e-59	230
NC_003076.8:6701927-6702439	NC_003070.9	90.230	174	12	5	343	513	14012983	14012812	5.26e-57	222
NC_003076.8:6701927-6702439	NC_003070.9	93.878	147	8	1	90	235	10930991	10931137	1.89e-56	220
NC_003076.8:6701927-6702439	NC_003070.9	85.185	216	29	3	22	235	13495989	13495775	6.80e-56	219
NC_003076.8:6701927-6702439	NC_003070.9	84.753	223	28	6	16	235	28891935	28891716	6.80e-56	219
NC_003076.8:6701927-6702439	NC_003070.9	84.475	219	30	4	19	235	4582995	4583211	3.16e-54	213
NC_003076.8:6701927-6702439	NC_003070.9	84.793	217	27	6	22	235	20205905	20205692	3.16e-54	213
NC_003076.8:6701927-6702439	NC_003070.9	86.294	197	24	3	41	235	25779690	25779885	1.14e-53	211
NC_003076.8:6701927-6702439	NC_003070.9	83.486	218	15	10	21	230	24645518	24645722	2.48e-45	183
NC_003076.8:6701927-6702439	NC_003070.9	92.941	85	6	0	19	103	10929423	10929507	1.52e-27	124
NC_003076.8:6701927-6702439	NC_003070.9	87.500	104	9	4	15	116	12993601	12993500	2.55e-25	117
NC_003076.8:6701927-6702439	NC_003070.9	88.660	97	8	3	22	116	8189961	8190056	9.18e-25	115
NC_003076.8:6701927-6702439	NC_003070.9	88.542	96	10	1	22	116	9919332	9919237	9.18e-25	115
NC_003076.8:6701927-6702439	NC_003070.9	86.667	105	12	2	14	116	17605540	17605644	9.18e-25	115
NC_003076.8:6701927-6702439	NC_003070.9	88.660	97	8	3	22	116	26306960	26307055	9.18e-25	115
NC_003076.8:6701927-6702439	NC_003070.9	86.408	103	12	2	15	115	1160216	1160318	1.19e-23	111
NC_003076.8:6701927-6702439	NC_003070.9	87.629	97	11	1	21	116	16859178	16859082	1.19e-23	111
NC_003076.8:6701927-6702439	NC_003070.9	88.764	89	9	1	18	106	19742141	19742054	1.54e-22	108
NC_003076.8:6701927-6702439	NC_003070.9	94.203	69	4	0	20	88	18766620	18766552	5.52e-22	106
NC_003076.8:6701927-6702439	NC_003070.9	87.640	89	10	1	28	115	12525587	12525675	7.14e-21	102
NC_003076.8:6701927-6702439	NC_003070.9	84.211	95	15	0	22	116	12183991	12183897	4.30e-18	93.5
NC_003076.8:6701927-6702439	NC_003070.9	82.692	104	17	1	13	116	20509430	20509328	1.55e-17	91.6
NC_003076.8:6701927-6702439	NC_003070.9	86.667	75	9	1	5	78	13548414	13548488	9.31e-15	82.4
NC_003076.8:6701927-6702439	NC_003070.9	84.615	78	9	2	12	86	12618625	12618702	1.56e-12	75.0
NC_003076.8:6701927-6702439	NC_003070.9	87.500	64	7	1	22	85	9385033	9384971	5.60e-12	73.1
NC_003076.8:6701927-6702439	NC_003070.9	87.500	64	7	1	22	85	18301142	18301080	5.60e-12	73.1
NC_003076.8:6701927-6702439	NC_003070.9	85.507	69	9	1	18	86	6514472	6514539	2.01e-11	71.3
NC_003076.8:6701927-6702439	NC_003070.9	84.286	70	9	2	14	83	10579417	10579484	2.61e-10	67.6
NC_003076.8:6701927-6702439	NC_003075.7	94.014	284	15	2	231	513	1521537	1521819	2.89e-119	429
NC_003076.8:6701927-6702439	NC_003075.7	94.014	284	15	2	231	513	6115621	6115903	2.89e-119	429
NC_003076.8:6701927-6702439	NC_003075.7	92.657	286	17	4	231	513	9111864	9111580	3.76e-113	409
NC_003076.8:6701927-6702439	NC_003075.7	92.143	280	20	2	233	511	2553669	2553947	1.05e-108	394
NC_003076.8:6701927-6702439	NC_003075.7	88.255	298	19	9	231	513	14458007	14457711	3.87e-93	342
NC_003076.8:6701927-6702439	NC_003075.7	92.627	217	15	1	20	235	1521255	1521471	1.09e-83	311
NC_003076.8:6701927-6702439	NC_003075.7	92.991	214	14	1	23	235	14458283	14458070	1.09e-83	311
NC_003076.8:6701927-6702439	NC_003075.7	92.627	217	13	3	21	235	572760	572545	3.92e-83	309
NC_003076.8:6701927-6702439	NC_003075.7	92.558	215	15	1	22	235	12607047	12606833	1.41e-82	307
NC_003076.8:6701927-6702439	NC_003075.7	86.620	284	24	3	231	513	15441921	15441651	6.56e-81	302
NC_003076.8:6701927-6702439	NC_003075.7	91.628	215	17	1	22	235	6115341	6115555	3.05e-79	296
NC_003076.8:6701927-6702439	NC_003075.7	86.268	284	25	3	231	513	12365334	12365064	3.05e-79	296
NC_003076.8:6701927-6702439	NC_003075.7	84.848	297	25	11	231	513	12606767	12606477	8.55e-75	281
NC_003076.8:6701927-6702439	NC_003075.7	89.302	215	22	1	22	235	8947760	8947546	6.66e-71	268
NC_003076.8:6701927-6702439	NC_003075.7	84.806	283	23	8	231	513	8947480	8947218	2.39e-70	267
NC_003076.8:6701927-6702439	NC_003075.7	87.558	217	26	1	20	235	6660985	6661201	2.41e-65	250
NC_003076.8:6701927-6702439	NC_003075.7	89.691	194	17	3	281	471	8820042	8819849	1.12e-63	244
NC_003076.8:6701927-6702439	NC_003075.7	86.425	221	28	2	16	235	5392288	5392069	1.45e-62	241
NC_003076.8:6701927-6702439	NC_003075.7	86.574	216	28	1	21	235	9112131	9111916	1.88e-61	237
NC_003076.8:6701927-6702439	NC_003075.7	86.512	215	20	4	22	235	12365606	12365400	1.13e-58	228
NC_003076.8:6701927-6702439	NC_003075.7	84.234	222	29	6	16	235	6340027	6339810	1.14e-53	211
NC_003076.8:6701927-6702439	NC_003075.7	84.862	218	23	4	20	235	15442196	15441987	1.14e-53	211
NC_003076.8:6701927-6702439	NC_003075.7	86.164	159	16	4	281	434	12699153	12699310	2.50e-40	167
NC_003076.8:6701927-6702439	NC_003075.7	90.323	93	7	2	14	106	6638798	6638888	1.97e-26	121
NC_003076.8:6701927-6702439	NC_003075.7	89.583	96	9	1	22	116	7154779	7154874	1.97e-26	121
NC_003076.8:6701927-6702439	NC_003075.7	90.909	88	8	0	19	106	7905768	7905855	7.09e-26	119
NC_003076.8:6701927-6702439	NC_003075.7	87.000	100	11	2	18	116	6427219	6427121	1.19e-23	111
NC_003076.8:6701927-6702439	NC_003075.7	87.368	95	11	1	22	115	2040107	2040201	1.54e-22	108
NC_003076.8:6701927-6702439	NC_003075.7	86.598	97	11	2	21	116	7652563	7652658	5.52e-22	106
NC_003076.8:6701927-6702439	NC_003075.7	90.244	82	7	1	22	102	13537670	13537589	5.52e-22	106
NC_003076.8:6701927-6702439	NC_003075.7	90.667	75	6	1	21	95	2987146	2987219	9.24e-20	99.0
NC_003076.8:6701927-6702439	NC_003075.7	85.567	97	10	4	22	116	12968438	12968344	9.24e-20	99.0
NC_003076.8:6701927-6702439	NC_003075.7	89.189	74	8	0	22	95	3897172	3897245	4.30e-18	93.5
NC_003076.8:6701927-6702439	NC_003075.7	86.667	75	9	1	11	85	9192532	9192605	9.31e-15	82.4
NC_003076.8:6701927-6702439	NC_003075.7	89.062	64	7	0	22	85	5431587	5431524	3.35e-14	80.5
NC_003076.8:6701927-6702439	NC_003075.7	86.154	65	9	0	22	86	8899077	8899141	2.01e-11	71.3
NC_003076.8:6701927-6702439	NC_003075.7	83.333	78	10	3	11	86	1199598	1199522	7.25e-11	69.4
NC_003076.8:6701927-6702439	NC_003075.7	86.154	65	8	1	21	85	6169230	6169167	7.25e-11	69.4
NC_003076.8:6701927-6702439	NC_003075.7	85.938	64	8	1	22	85	7384282	7384220	2.61e-10	67.6
NC_003076.8:6701927-6702439	NC_003075.7	84.615	65	9	1	22	86	7230735	7230798	3.37e-09	63.9
NC_003076.8:6701927-6702439	NC_003074.8	94.014	284	16	1	231	513	14057404	14057687	2.89e-119	429
NC_003076.8:6701927-6702439	NC_003074.8	93.662	284	17	1	231	513	10405676	10405959	1.34e-117	424
NC_003076.8:6701927-6702439	NC_003074.8	93.357	286	14	4	231	513	11090723	11090440	6.25e-116	418
NC_003076.8:6701927-6702439	NC_003074.8	93.310	284	16	3	231	513	23085809	23086090	2.25e-115	416
NC_003076.8:6701927-6702439	NC_003074.8	93.238	281	17	2	234	513	19740061	19740340	2.91e-114	412
NC_003076.8:6701927-6702439	NC_003074.8	92.708	288	16	5	231	513	6729212	6728925	1.05e-113	411
NC_003076.8:6701927-6702439	NC_003074.8	92.632	285	17	4	231	513	18634225	18633943	1.35e-112	407
NC_003076.8:6701927-6702439	NC_003074.8	92.308	286	18	4	231	513	7980367	7980083	1.75e-111	403
NC_003076.8:6701927-6702439	NC_003074.8	92.527	281	17	4	236	513	16723399	16723120	2.26e-110	399
NC_003076.8:6701927-6702439	NC_003074.8	91.468	293	19	6	224	513	16485597	16485308	8.14e-110	398
NC_003076.8:6701927-6702439	NC_003074.8	91.275	298	11	3	231	513	10758299	10758002	3.79e-108	392
NC_003076.8:6701927-6702439	NC_003074.8	90.747	281	23	3	236	513	3080305	3080025	4.93e-102	372
NC_003076.8:6701927-6702439	NC_003074.8	88.542	288	15	4	231	513	10708905	10709179	2.33e-90	333
NC_003076.8:6701927-6702439	NC_003074.8	93.548	217	13	1	20	235	10405394	10405610	5.04e-87	322
NC_003076.8:6701927-6702439	NC_003074.8	87.324	284	22	9	231	513	11315281	11315551	3.03e-84	313
NC_003076.8:6701927-6702439	NC_003074.8	92.593	216	16	0	20	235	19739755	19739970	1.09e-83	311
NC_003076.8:6701927-6702439	NC_003074.8	92.593	216	14	2	22	235	10758580	10758365	3.92e-83	309
NC_003076.8:6701927-6702439	NC_003074.8	86.897	290	18	8	231	513	16405476	16405752	1.41e-82	307
NC_003076.8:6701927-6702439	NC_003074.8	86.806	288	20	5	231	513	16234934	16234660	5.07e-82	305
NC_003076.8:6701927-6702439	NC_003074.8	92.093	215	16	1	22	235	10708625	10708839	6.56e-81	302
NC_003076.8:6701927-6702439	NC_003074.8	91.364	220	16	3	17	235	23085526	23085743	8.49e-80	298
NC_003076.8:6701927-6702439	NC_003074.8	91.628	215	16	2	22	235	7766062	7766275	3.05e-79	296
NC_003076.8:6701927-6702439	NC_003074.8	91.204	216	18	1	21	235	14057123	14057338	3.95e-78	292
NC_003076.8:6701927-6702439	NC_003074.8	90.654	214	20	0	22	235	4579237	4579450	6.61e-76	285
NC_003076.8:6701927-6702439	NC_003074.8	90.698	215	19	1	21	235	16485870	16485657	6.61e-76	285
NC_003076.8:6701927-6702439	NC_003074.8	92.118	203	15	1	34	235	18634492	18634290	6.61e-76	285
NC_003076.8:6701927-6702439	NC_003074.8	90.455	220	13	2	24	235	6729497	6729278	2.38e-75	283
NC_003076.8:6701927-6702439	NC_003074.8	90.323	217	19	2	21	235	10718346	10718130	2.38e-75	283
NC_003076.8:6701927-6702439	NC_003074.8	89.640	222	21	2	16	235	11091010	11090789	8.55e-75	281
NC_003076.8:6701927-6702439	NC_003074.8	89.498	219	22	1	18	235	16405192	16405410	3.98e-73	276
NC_003076.8:6701927-6702439	NC_003074.8	88.393	224	18	3	13	235	11314999	11315215	3.10e-69	263
NC_003076.8:6701927-6702439	NC_003074.8	89.855	207	15	6	281	482	16534644	16534439	1.11e-68	261
NC_003076.8:6701927-6702439	NC_003074.8	87.097	217	26	2	281	495	18171177	18170961	1.12e-63	244
NC_003076.8:6701927-6702439	NC_003074.8	85.526	228	29	4	10	235	3080603	3080378	6.75e-61	235
NC_003076.8:6701927-6702439	NC_003074.8	89.062	192	18	3	22	211	15812961	15813151	6.75e-61	235
NC_003076.8:6701927-6702439	NC_003074.8	85.068	221	29	4	22	240	4584756	4584974	5.26e-57	222
NC_003076.8:6701927-6702439	NC_003074.8	84.279	229	25	5	9	235	423209	422990	3.16e-54	213
NC_003076.8:6701927-6702439	NC_003074.8	84.722	216	30	3	22	235	7980633	7980419	3.16e-54	213
NC_003076.8:6701927-6702439	NC_003074.8	83.810	210	30	4	28	235	16723678	16723471	3.19e-49	196
NC_003076.8:6701927-6702439	NC_003074.8	95.146	103	5	0	231	333	4579516	4579618	3.23e-39	163
NC_003076.8:6701927-6702439	NC_003074.8	90.826	109	10	0	19	127	7274657	7274765	3.25e-34	147
NC_003076.8:6701927-6702439	NC_003074.8	87.288	118	10	4	396	511	4579590	4579704	3.28e-29	130
NC_003076.8:6701927-6702439	NC_003074.8	91.111	90	8	0	17	106	15918696	15918607	5.48e-27	122
NC_003076.8:6701927-6702439	NC_003074.8	89.011	91	8	2	19	107	7318499	7318589	1.19e-23	111
NC_003076.8:6701927-6702439	NC_003074.8	95.385	65	3	0	23	87	16235708	16235644	1.99e-21	104
NC_003076.8:6701927-6702439	NC_003074.8	85.000	100	13	2	17	115	7659525	7659427	2.57e-20	100
NC_003076.8:6701927-6702439	NC_003074.8	88.372	86	7	3	22	105	10082828	10082744	2.57e-20	100
NC_003076.8:6701927-6702439	NC_003074.8	90.769	65	6	0	171	235	18887425	18887361	2.00e-16	87.9
NC_003076.8:6701927-6702439	NC_003074.8	85.542	83	8	4	6	86	16535311	16535231	2.59e-15	84.2
NC_003076.8:6701927-6702439	NC_003074.8	86.486	74	7	3	15	86	16677607	16677679	1.20e-13	78.7
NC_003076.8:6701927-6702439	NC_003074.8	88.710	62	6	1	22	83	16902332	16902392	1.56e-12	75.0
NC_003076.8:6701927-6702439	NC_003074.8	82.759	87	12	3	19	104	19537819	19537735	1.56e-12	75.0
NC_003076.8:6701927-6702439	NC_003074.8	87.500	64	7	1	22	85	8596967	8596905	5.60e-12	73.1
NC_003076.8:6701927-6702439	NC_003074.8	87.500	64	7	1	22	85	19529023	19529085	5.60e-12	73.1
NC_003076.8:6701927-6702439	NC_003074.8	87.500	64	7	1	22	85	20770464	20770402	5.60e-12	73.1
NC_003076.8:6701927-6702439	NC_003074.8	97.222	36	1	0	19	54	9540456	9540491	1.21e-08	62.1
NC_003076.8:6701927-6702439	NC_003074.8	81.579	76	11	3	11	86	10900753	10900825	4.36e-08	60.2
NC_003076.8:6701927-6702439	NC_003074.8	100.000	29	0	0	22	50	18172792	18172764	2.03e-06	54.7
NC_003076.8:6171146-6171682	NC_003076.8	100.000	537	0	0	1	537	6171682	6171146	0.0	992
NC_003076.8:6171146-6171682	NC_003076.8	86.667	120	12	3	419	537	9770199	9770083	3.44e-29	130
NC_003076.8:6171146-6171682	NC_003070.9	94.796	538	24	4	1	537	10221838	10222372	0.0	835
NC_003076.8:6171146-6171682	NC_003070.9	90.353	539	38	8	1	537	11783038	11782512	0.0	695
NC_003076.8:6171146-6171682	NC_003071.7	90.167	539	40	8	2	537	9837019	9836491	0.0	689
NC_003076.8:6171146-6171682	NC_003071.7	87.778	90	9	2	2	91	2844642	2844729	2.08e-21	104
NC_003076.8:6171146-6171682	NC_003071.7	96.000	50	2	0	1	50	2129293	2129244	9.77e-15	82.4
NC_003076.8:6171146-6171682	NC_003071.7	95.455	44	2	0	1	44	5866739	5866696	2.11e-11	71.3
NC_003076.8:6171146-6171682	NC_003075.7	90.018	541	39	9	2	537	11751722	11752252	0.0	686
NC_003076.8:6171146-6171682	NC_003075.7	90.164	244	20	4	1	244	5414504	5414743	8.84e-85	315
NC_003076.8:6171146-6171682	NC_003075.7	84.946	186	19	4	2	184	185286	185465	3.37e-44	180
NC_003076.8:6171146-6171682	NC_003075.7	95.745	47	2	0	5	51	3771628	3771582	4.54e-13	76.8
NC_003076.8:6171146-6171682	NC_003074.8	83.455	550	52	25	5	537	1342239	1341712	3.83e-133	475
NC_003076.8:6171146-6171682	NC_003074.8	83.401	247	26	13	295	537	2920165	2919930	9.23e-55	215
NC_003076.8:6171146-6171682	NC_003074.8	79.495	317	24	19	260	537	16728348	16728662	2.01e-46	187
NC_003076.8:6171146-6171682	NC_003074.8	86.735	98	9	4	3	100	14398466	14398373	5.79e-22	106
NC_003076.8:6072545-6073037	NC_003076.8	100.000	493	0	0	1	493	6073037	6072545	0.0	911
NC_003076.8:6072545-6073037	NC_003076.8	92.886	492	32	3	1	491	19080943	19081432	0.0	712
NC_003076.8:6072545-6073037	NC_003076.8	91.165	498	34	5	1	490	18555970	18556465	0.0	667
NC_003076.8:6072545-6073037	NC_003076.8	90.688	494	36	5	3	488	5062863	5062372	0.0	649
NC_003076.8:6072545-6073037	NC_003076.8	89.648	512	32	7	1	493	24436215	24435706	1.96e-180	632
NC_003076.8:6072545-6073037	NC_003076.8	90.929	463	34	4	1	456	12091260	12090799	1.98e-175	616
NC_003076.8:6072545-6073037	NC_003076.8	88.911	514	34	10	1	493	7834268	7834779	2.56e-174	612
NC_003076.8:6072545-6073037	NC_003076.8	90.693	462	35	5	2	456	7075746	7076206	3.31e-173	608
NC_003076.8:6072545-6073037	NC_003076.8	91.789	341	25	3	152	490	17275480	17275141	4.53e-132	472
NC_003076.8:6072545-6073037	NC_003076.8	86.162	383	36	10	82	448	22491525	22491906	7.80e-110	398
NC_003076.8:6072545-6073037	NC_003076.8	91.613	155	11	2	1	154	18554701	18554854	3.03e-54	213
NC_003076.8:6072545-6073037	NC_003076.8	90.260	154	10	3	1	153	5063221	5063072	3.05e-49	196
NC_003076.8:6072545-6073037	NC_003076.8	93.548	62	3	1	1	62	10269800	10269740	1.48e-17	91.6
NC_003076.8:6072545-6073037	NC_003076.8	97.436	39	0	1	456	493	347048	347010	8.99e-10	65.8
NC_003076.8:6072545-6073037	NC_003076.8	100.000	35	0	0	459	493	10072851	10072885	8.99e-10	65.8
NC_003076.8:6072545-6073037	NC_003076.8	97.368	38	1	0	456	493	15715643	15715680	8.99e-10	65.8
NC_003076.8:6072545-6073037	NC_003076.8	100.000	34	0	0	456	489	7352733	7352766	3.23e-09	63.9
NC_003076.8:6072545-6073037	NC_003076.8	100.000	31	0	0	456	486	24344122	24344092	1.50e-07	58.4
NC_003076.8:6072545-6073037	NC_003074.8	94.567	497	22	5	1	493	20875992	20876487	0.0	763
NC_003076.8:6072545-6073037	NC_003074.8	89.800	500	29	9	1	480	5792893	5793390	4.25e-177	621
NC_003076.8:6072545-6073037	NC_003074.8	91.145	463	33	4	1	456	17033720	17034181	4.25e-177	621
NC_003076.8:6072545-6073037	NC_003074.8	89.105	514	34	9	1	493	5379845	5379333	1.53e-176	619
NC_003076.8:6072545-6073037	NC_003074.8	87.257	463	38	11	1	456	10842420	10842868	3.45e-143	508
NC_003076.8:6072545-6073037	NC_003074.8	86.765	476	38	12	1	456	14286013	14286483	1.24e-142	507
NC_003076.8:6072545-6073037	NC_003074.8	86.437	435	33	10	47	456	15977720	15977287	1.64e-126	453
NC_003076.8:6072545-6073037	NC_003074.8	90.476	63	5	1	1	62	10642779	10642717	8.92e-15	82.4
NC_003076.8:6072545-6073037	NC_003071.7	94.501	491	22	3	1	488	241436	241924	0.0	752
NC_003076.8:6072545-6073037	NC_003071.7	91.270	504	28	8	1	491	10351964	10352464	0.0	673
NC_003076.8:6072545-6073037	NC_003071.7	90.855	503	33	4	1	493	8854768	8855267	0.0	662
NC_003076.8:6072545-6073037	NC_003071.7	88.867	512	35	9	1	491	11555909	11555399	9.21e-174	610
NC_003076.8:6072545-6073037	NC_003071.7	87.554	466	38	9	1	456	4086019	4085564	4.44e-147	521
NC_003076.8:6072545-6073037	NC_003071.7	91.304	345	26	4	152	493	19528511	19528854	5.86e-131	468
NC_003076.8:6072545-6073037	NC_003071.7	88.654	379	32	7	83	456	6249631	6249259	5.90e-126	451
NC_003076.8:6072545-6073037	NC_003071.7	86.472	377	41	6	89	456	7977402	7977777	4.66e-112	405
NC_003076.8:6072545-6073037	NC_003071.7	86.176	340	32	9	71	395	1679004	1678665	1.71e-96	353
NC_003076.8:6072545-6073037	NC_003071.7	90.789	152	12	2	1	151	5607848	5607998	6.57e-51	202
NC_003076.8:6072545-6073037	NC_003071.7	93.548	62	3	1	1	62	10683486	10683546	1.48e-17	91.6
NC_003076.8:6072545-6073037	NC_003071.7	100.000	34	0	0	456	489	6297238	6297205	3.23e-09	63.9
NC_003076.8:6072545-6073037	NC_003071.7	100.000	31	0	0	458	488	1092257	1092287	1.50e-07	58.4
NC_003076.8:6072545-6073037	NC_003071.7	96.970	33	1	0	456	488	15371130	15371098	5.41e-07	56.5
NC_003076.8:6072545-6073037	NC_003070.9	90.713	463	35	4	1	456	5658915	5658454	9.21e-174	610
NC_003076.8:6072545-6073037	NC_003070.9	88.978	499	42	9	1	489	21260537	21261032	4.28e-172	604
NC_003076.8:6072545-6073037	NC_003070.9	88.386	508	40	10	1	493	11352013	11351510	9.27e-169	593
NC_003076.8:6072545-6073037	NC_003070.9	88.771	472	36	8	1	456	13408337	13408807	2.61e-159	562
NC_003076.8:6072545-6073037	NC_003070.9	89.151	424	19	11	47	451	13407840	13408255	1.61e-141	503
NC_003076.8:6072545-6073037	NC_003070.9	95.161	62	3	0	1	62	14297018	14296957	8.86e-20	99.0
NC_003076.8:6072545-6073037	NC_003070.9	90.476	63	5	1	1	62	17108237	17108299	8.92e-15	82.4
NC_003076.8:6072545-6073037	NC_003075.7	90.733	464	32	7	1	456	6064536	6064996	3.31e-173	608
NC_003076.8:6072545-6073037	NC_003075.7	89.020	510	30	10	1	490	6912018	6911515	3.31e-173	608
NC_003076.8:6072545-6073037	NC_003075.7	87.109	512	28	11	1	491	11979212	11978718	2.63e-154	545
NC_003076.8:6072545-6073037	NC_003075.7	95.349	344	14	2	1	343	16055080	16054738	2.63e-154	545
NC_003076.8:6072545-6073037	NC_003075.7	87.841	477	33	11	1	456	18250636	18250164	1.58e-151	536
NC_003076.8:6072545-6073037	NC_003075.7	86.910	466	41	11	1	456	6756766	6757221	4.47e-142	505
NC_003076.8:6072545-6073037	NC_003075.7	91.789	341	24	4	156	493	10871354	10871693	4.53e-132	472
NC_003076.8:6072545-6073037	NC_003075.7	86.350	337	30	3	158	492	1302266	1301944	1.71e-96	353
NC_003076.8:6072545-6073037	NC_003075.7	91.379	174	11	3	1	170	1302462	1302289	6.47e-61	235
NC_003076.8:6072545-6073037	NC_003075.7	79.505	283	26	13	175	456	5634570	5634319	5.15e-42	172
NC_003076.8:6072545-6073037	NC_003075.7	100.000	35	0	0	456	490	6626126	6626160	8.99e-10	65.8
NC_003075.7:8725077-8730455	NC_003075.7	100.000	5379	0	0	1	5379	8730455	8725077	0.0	9934
NC_003075.7:8725077-8730455	NC_003075.7	94.332	2082	87	21	1	2055	11360868	11362945	0.0	3162
NC_003075.7:8725077-8730455	NC_003075.7	94.367	2077	88	17	3	2055	1349585	1351656	0.0	3160
NC_003075.7:8725077-8730455	NC_003075.7	94.324	2079	86	17	3	2055	5541389	5539317	0.0	3157
NC_003075.7:8725077-8730455	NC_003075.7	93.423	2083	89	18	3	2059	4146126	4148186	0.0	3044
NC_003075.7:8725077-8730455	NC_003075.7	92.264	2107	107	21	3	2063	1002007	999911	0.0	2937
NC_003075.7:8725077-8730455	NC_003075.7	92.999	2014	86	29	91	2055	8063697	8065704	0.0	2887
NC_003075.7:8725077-8730455	NC_003075.7	91.981	1272	54	16	1	1228	10397387	10396120	0.0	1740
NC_003075.7:8725077-8730455	NC_003075.7	93.942	1139	57	5	928	2055	11193412	11192275	0.0	1711
NC_003075.7:8725077-8730455	NC_003075.7	92.388	1143	70	10	928	2055	371928	370788	0.0	1613
NC_003075.7:8725077-8730455	NC_003075.7	92.241	1147	72	9	928	2059	6166306	6165162	0.0	1609
NC_003075.7:8725077-8730455	NC_003075.7	94.311	1002	50	6	1059	2055	16864262	16863263	0.0	1528
NC_003075.7:8725077-8730455	NC_003075.7	95.926	810	28	5	3	810	16865070	16864264	0.0	1308
NC_003075.7:8725077-8730455	NC_003075.7	94.058	791	41	6	1269	2055	683570	684358	0.0	1195
NC_003075.7:8725077-8730455	NC_003075.7	94.171	772	40	5	1290	2056	10396119	10395348	0.0	1171
NC_003075.7:8725077-8730455	NC_003075.7	93.121	785	37	13	2	770	9763815	9763032	0.0	1134
NC_003075.7:8725077-8730455	NC_003075.7	92.994	785	36	14	3	770	9842608	9841826	0.0	1127
NC_003075.7:8725077-8730455	NC_003075.7	88.541	925	74	21	3	907	2622006	2621094	0.0	1092
NC_003075.7:8725077-8730455	NC_003075.7	93.617	658	37	5	1212	1866	965061	964406	0.0	977
NC_003075.7:8725077-8730455	NC_003075.7	90.131	689	43	15	238	907	314144	313462	0.0	872
NC_003075.7:8725077-8730455	NC_003075.7	89.265	680	47	16	249	907	9438920	9439594	0.0	828
NC_003075.7:8725077-8730455	NC_003075.7	88.138	607	49	7	4794	5378	7154772	7155377	0.0	701
NC_003075.7:8725077-8730455	NC_003075.7	87.874	602	48	9	4801	5378	6427216	6426616	0.0	684
NC_003075.7:8725077-8730455	NC_003075.7	87.813	599	52	5	4800	5377	7905770	7906368	0.0	682
NC_003075.7:8725077-8730455	NC_003075.7	90.019	531	38	10	1531	2055	14390783	14390262	0.0	673
NC_003075.7:8725077-8730455	NC_003075.7	86.711	602	55	15	4800	5379	6895544	6894946	0.0	645
NC_003075.7:8725077-8730455	NC_003075.7	92.771	415	22	8	234	644	6279131	6279541	1.06e-167	593
NC_003075.7:8725077-8730455	NC_003075.7	85.142	599	54	15	4801	5377	13124454	13123869	8.27e-164	580
NC_003075.7:8725077-8730455	NC_003075.7	84.667	600	52	17	4801	5378	9146443	9147024	3.00e-158	562
NC_003075.7:8725077-8730455	NC_003075.7	84.118	510	42	10	4790	5273	9188706	9189202	1.45e-126	457
NC_003075.7:8725077-8730455	NC_003075.7	89.333	375	23	10	1658	2027	7853284	7852922	5.23e-126	455
NC_003075.7:8725077-8730455	NC_003075.7	81.667	600	51	22	4800	5375	7652563	7653127	1.13e-122	444
NC_003075.7:8725077-8730455	NC_003075.7	97.638	254	5	1	3	256	7853533	7853281	6.81e-120	435
NC_003075.7:8725077-8730455	NC_003075.7	91.961	311	16	3	925	1227	965643	965334	1.14e-117	427
NC_003075.7:8725077-8730455	NC_003075.7	85.049	408	31	14	4992	5377	964262	963863	5.38e-106	388
NC_003075.7:8725077-8730455	NC_003075.7	92.000	250	13	6	3	249	5354114	5354359	1.18e-92	344
NC_003075.7:8725077-8730455	NC_003075.7	90.769	260	18	6	3	259	6178448	6178704	4.25e-92	342
NC_003075.7:8725077-8730455	NC_003075.7	83.896	385	30	16	4992	5354	12968293	12967919	5.50e-91	339
NC_003075.7:8725077-8730455	NC_003075.7	90.000	260	17	8	3	259	7060698	7060445	1.19e-87	327
NC_003075.7:8725077-8730455	NC_003075.7	76.541	665	100	35	1376	2026	7572217	7572839	3.33e-83	313
NC_003075.7:8725077-8730455	NC_003075.7	89.474	228	20	4	1831	2055	8802511	8802737	7.26e-75	285
NC_003075.7:8725077-8730455	NC_003075.7	77.843	510	74	29	1475	1971	7593705	7593222	3.38e-73	279
NC_003075.7:8725077-8730455	NC_003075.7	86.538	260	18	5	2	259	314270	314026	2.03e-70	270
NC_003075.7:8725077-8730455	NC_003075.7	89.474	190	18	2	1869	2057	963860	963672	5.73e-61	239
NC_003075.7:8725077-8730455	NC_003075.7	84.674	261	14	11	1	259	6279020	6279256	2.06e-60	237
NC_003075.7:8725077-8730455	NC_003075.7	89.840	187	11	1	928	1106	683371	683557	2.67e-59	233
NC_003075.7:8725077-8730455	NC_003075.7	95.804	143	3	2	3	145	8063577	8063716	1.24e-57	228
NC_003075.7:8725077-8730455	NC_003075.7	90.751	173	13	3	5207	5378	15441820	15441650	1.24e-57	228
NC_003075.7:8725077-8730455	NC_003075.7	77.949	390	66	19	2467	2849	4456172	4456548	4.46e-57	226
NC_003075.7:8725077-8730455	NC_003075.7	75.431	464	84	24	1567	2022	2262877	2262436	9.73e-49	198
NC_003075.7:8725077-8730455	NC_003075.7	95.652	115	5	0	928	1042	8802284	8802398	7.58e-45	185
NC_003075.7:8725077-8730455	NC_003075.7	88.194	144	16	1	4800	4942	964408	964265	2.12e-40	171
NC_003075.7:8725077-8730455	NC_003075.7	77.627	295	48	17	1774	2059	12335549	12335834	3.55e-38	163
NC_003075.7:8725077-8730455	NC_003075.7	93.684	95	4	1	1459	1551	8802411	8802505	1.66e-31	141
NC_003075.7:8725077-8730455	NC_003075.7	92.771	83	4	2	2	83	2520883	2520964	7.79e-25	119
NC_003075.7:8725077-8730455	NC_003075.7	91.765	85	7	0	4801	4885	5433225	5433309	7.79e-25	119
NC_003075.7:8725077-8730455	NC_003075.7	91.566	83	7	0	1	83	683211	683293	1.01e-23	115
NC_003075.7:8725077-8730455	NC_003075.7	96.875	64	2	0	3	66	372086	372023	1.69e-21	108
NC_003075.7:8725077-8730455	NC_003075.7	91.026	78	7	0	6	83	11193567	11193490	6.07e-21	106
NC_003075.7:8725077-8730455	NC_003075.7	88.372	86	10	0	4800	4885	572760	572675	2.18e-20	104
NC_003075.7:8725077-8730455	NC_003075.7	88.889	81	9	0	3	83	14390988	14390908	2.82e-19	100
NC_003075.7:8725077-8730455	NC_003075.7	94.915	59	3	0	3	61	6166464	6166406	4.72e-17	93.5
NC_003075.7:8725077-8730455	NC_003075.7	74.800	250	35	23	256	488	9566265	9566027	2.20e-15	87.9
NC_003075.7:8725077-8730455	NC_003075.7	95.745	47	1	1	928	973	14390831	14390785	1.71e-11	75.0
NC_003075.7:8725077-8730455	NC_003075.7	81.176	85	15	1	4800	4883	5114007	5114091	2.86e-09	67.6
NC_003075.7:8725077-8730455	NC_003070.9	98.152	2056	33	5	3	2055	19995734	19993681	0.0	3581
NC_003075.7:8725077-8730455	NC_003070.9	94.834	2052	78	14	1	2028	8114768	8116815	0.0	3177
NC_003075.7:8725077-8730455	NC_003070.9	94.183	2063	79	25	3	2056	11699698	11701728	0.0	3107
NC_003075.7:8725077-8730455	NC_003070.9	93.762	2084	91	18	3	2056	13058823	13060897	0.0	3092
NC_003075.7:8725077-8730455	NC_003070.9	93.570	2084	94	23	3	2055	22449931	22452005	0.0	3070
NC_003075.7:8725077-8730455	NC_003070.9	97.296	1812	29	6	3	1796	11737393	11735584	0.0	3057
NC_003075.7:8725077-8730455	NC_003070.9	93.153	2103	91	24	3	2055	7035191	7037290	0.0	3037
NC_003075.7:8725077-8730455	NC_003070.9	93.285	2085	90	18	2	2055	9816209	9818274	0.0	3029
NC_003075.7:8725077-8730455	NC_003070.9	92.929	2093	86	19	3	2058	16903800	16905867	0.0	2988
NC_003075.7:8725077-8730455	NC_003070.9	92.589	2105	91	26	1	2056	26171482	26169394	0.0	2963
NC_003075.7:8725077-8730455	NC_003070.9	91.247	2125	117	27	3	2079	17899863	17901966	0.0	2830
NC_003075.7:8725077-8730455	NC_003070.9	91.190	2100	105	34	3	2053	9867414	9865346	0.0	2780
NC_003075.7:8725077-8730455	NC_003070.9	92.819	1866	83	20	16	1836	30255510	30253651	0.0	2656
NC_003075.7:8725077-8730455	NC_003070.9	92.939	1742	80	18	340	2057	13017571	13015849	0.0	2495
NC_003075.7:8725077-8730455	NC_003070.9	92.880	1559	76	27	515	2055	18791323	18792864	0.0	2231
NC_003075.7:8725077-8730455	NC_003070.9	94.130	1414	56	17	663	2056	15939773	15941179	0.0	2126
NC_003075.7:8725077-8730455	NC_003070.9	93.474	1425	56	16	3	1406	501372	499964	0.0	2082
NC_003075.7:8725077-8730455	NC_003070.9	93.769	1348	47	12	3	1321	30253107	30251768	0.0	1989
NC_003075.7:8725077-8730455	NC_003070.9	93.630	1350	48	16	1	1321	12330055	12328715	0.0	1982
NC_003075.7:8725077-8730455	NC_003070.9	93.338	1351	50	14	1	1321	22994062	22992722	0.0	1960
NC_003075.7:8725077-8730455	NC_003070.9	91.956	1268	47	22	7	1230	19329256	19328000	0.0	1725
NC_003075.7:8725077-8730455	NC_003070.9	93.064	1139	59	11	930	2057	3413713	3414842	0.0	1648
NC_003075.7:8725077-8730455	NC_003070.9	91.681	1142	70	12	928	2056	28161194	28162323	0.0	1559
NC_003075.7:8725077-8730455	NC_003070.9	93.951	1025	55	6	1039	2057	19769011	19767988	0.0	1543
NC_003075.7:8725077-8730455	NC_003070.9	94.036	1006	53	6	1059	2059	4786256	4787259	0.0	1519
NC_003075.7:8725077-8730455	NC_003070.9	93.141	1006	51	11	1065	2067	12563207	12562217	0.0	1459
NC_003075.7:8725077-8730455	NC_003070.9	93.134	1005	48	11	1060	2055	16326311	16327303	0.0	1454
NC_003075.7:8725077-8730455	NC_003070.9	93.166	995	52	9	1065	2055	16825388	16826370	0.0	1447
NC_003075.7:8725077-8730455	NC_003070.9	95.490	909	34	7	3	907	19061965	19062870	0.0	1445
NC_003075.7:8725077-8730455	NC_003070.9	93.072	996	52	10	1065	2055	12365009	12365992	0.0	1441
NC_003075.7:8725077-8730455	NC_003070.9	92.843	1006	52	11	1060	2059	23214532	23215523	0.0	1441
NC_003075.7:8725077-8730455	NC_003070.9	93.058	994	51	10	1068	2055	19466071	19465090	0.0	1437
NC_003075.7:8725077-8730455	NC_003070.9	94.069	843	29	11	1	824	12364133	12364973	0.0	1260
NC_003075.7:8725077-8730455	NC_003070.9	93.846	845	31	7	267	1092	19062922	19063764	0.0	1253
NC_003075.7:8725077-8730455	NC_003070.9	93.817	841	27	12	3	824	16824518	16825352	0.0	1242
NC_003075.7:8725077-8730455	NC_003070.9	93.609	845	27	15	2	824	23213665	23214504	0.0	1236
NC_003075.7:8725077-8730455	NC_003070.9	93.491	845	28	16	3	824	19466949	19466109	0.0	1230
NC_003075.7:8725077-8730455	NC_003070.9	94.375	800	40	5	1260	2055	19063794	19064592	0.0	1223
NC_003075.7:8725077-8730455	NC_003070.9	93.222	841	36	12	3	824	12564081	12563243	0.0	1218
NC_003075.7:8725077-8730455	NC_003070.9	93.018	845	33	15	2	824	16325443	16326283	0.0	1210
NC_003075.7:8725077-8730455	NC_003070.9	93.951	810	31	5	3	810	4785461	4786254	0.0	1208
NC_003075.7:8725077-8730455	NC_003070.9	94.177	790	40	6	1269	2055	23876482	23877268	0.0	1199
NC_003075.7:8725077-8730455	NC_003070.9	94.862	759	26	6	928	1675	16998385	16997629	0.0	1173
NC_003075.7:8725077-8730455	NC_003070.9	94.203	759	33	3	928	1675	12876772	12876014	0.0	1147
NC_003075.7:8725077-8730455	NC_003070.9	93.117	770	47	6	1289	2056	19328001	19327236	0.0	1123
NC_003075.7:8725077-8730455	NC_003070.9	88.417	941	67	24	1	907	16806987	16807919	0.0	1096
NC_003075.7:8725077-8730455	NC_003070.9	87.500	848	60	26	1	814	16806148	16806983	0.0	937
NC_003075.7:8725077-8730455	NC_003070.9	92.283	635	36	5	1432	2055	14309396	14308764	0.0	889
NC_003075.7:8725077-8730455	NC_003070.9	90.290	690	43	14	238	907	1977027	1976342	0.0	881
NC_003075.7:8725077-8730455	NC_003070.9	93.311	598	26	9	1462	2055	499960	499373	0.0	870
NC_003075.7:8725077-8730455	NC_003070.9	89.695	689	46	15	238	907	29320592	29319910	0.0	856
NC_003075.7:8725077-8730455	NC_003070.9	89.260	689	50	14	238	907	6736003	6736686	0.0	841
NC_003075.7:8725077-8730455	NC_003070.9	89.528	678	47	14	249	907	19085234	19085906	0.0	837
NC_003075.7:8725077-8730455	NC_003070.9	89.381	678	46	15	249	907	19173667	19172997	0.0	830
NC_003075.7:8725077-8730455	NC_003070.9	89.233	678	49	14	249	907	8291436	8290764	0.0	826
NC_003075.7:8725077-8730455	NC_003070.9	88.857	691	48	19	238	907	17368	18050	0.0	822
NC_003075.7:8725077-8730455	NC_003070.9	88.696	690	52	16	238	907	3074585	3073902	0.0	819
NC_003075.7:8725077-8730455	NC_003070.9	89.891	643	44	11	238	861	2235029	2234389	0.0	808
NC_003075.7:8725077-8730455	NC_003070.9	88.922	677	45	16	249	907	12855858	12855194	0.0	808
NC_003075.7:8725077-8730455	NC_003070.9	97.397	461	11	1	3	462	15939323	15939783	0.0	784
NC_003075.7:8725077-8730455	NC_003070.9	92.593	540	33	7	1521	2055	8489951	8489414	0.0	769
NC_003075.7:8725077-8730455	NC_003070.9	95.736	469	18	2	3	470	22622305	22621838	0.0	754
NC_003075.7:8725077-8730455	NC_003070.9	91.351	555	39	9	1521	2067	25963004	25962451	0.0	750
NC_003075.7:8725077-8730455	NC_003070.9	97.073	410	11	1	2	411	18790926	18791334	0.0	689
NC_003075.7:8725077-8730455	NC_003070.9	90.702	527	33	7	1535	2058	18790338	18790851	0.0	688
NC_003075.7:8725077-8730455	NC_003070.9	88.000	600	48	7	4801	5377	19742138	19741540	0.0	688
NC_003075.7:8725077-8730455	NC_003070.9	87.833	600	49	7	4801	5377	8189961	8190559	0.0	682
NC_003075.7:8725077-8730455	NC_003070.9	87.312	599	54	7	4801	5377	25357824	25358422	0.0	665
NC_003075.7:8725077-8730455	NC_003070.9	87.333	600	51	9	4801	5377	2588429	2587832	0.0	664
NC_003075.7:8725077-8730455	NC_003070.9	87.000	600	54	7	4801	5377	29078415	29079013	0.0	654
NC_003075.7:8725077-8730455	NC_003070.9	85.596	604	62	8	4798	5377	14013414	14012812	1.05e-172	610
NC_003075.7:8725077-8730455	NC_003070.9	85.833	600	56	12	4800	5375	17632421	17633015	1.05e-172	610
NC_003075.7:8725077-8730455	NC_003070.9	85.362	608	65	8	4793	5378	5531288	5531893	3.79e-172	608
NC_003075.7:8725077-8730455	NC_003070.9	85.434	611	57	19	4795	5377	11174202	11174808	1.36e-171	606
NC_003075.7:8725077-8730455	NC_003070.9	85.548	602	62	9	4800	5377	12993596	12992996	1.36e-171	606
NC_003075.7:8725077-8730455	NC_003070.9	93.627	408	23	3	238	644	18746910	18746505	1.36e-171	606
NC_003075.7:8725077-8730455	NC_003070.9	87.296	551	30	8	4853	5377	12457718	12458254	1.06e-167	593
NC_003075.7:8725077-8730455	NC_003070.9	85.548	602	48	13	4800	5377	17605549	17606135	1.06e-167	593
NC_003075.7:8725077-8730455	NC_003070.9	85.124	605	60	9	4800	5378	13879654	13879054	3.82e-167	592
NC_003075.7:8725077-8730455	NC_003070.9	92.804	403	25	4	1658	2057	23554190	23553789	8.27e-164	580
NC_003075.7:8725077-8730455	NC_003070.9	91.549	426	21	4	906	1321	22621801	22621381	1.38e-161	573
NC_003075.7:8725077-8730455	NC_003070.9	84.220	583	52	14	4821	5377	19717926	19718494	8.45e-149	531
NC_003075.7:8725077-8730455	NC_003070.9	83.527	601	62	16	4801	5379	21335944	21336529	1.09e-147	527
NC_003075.7:8725077-8730455	NC_003070.9	84.111	579	54	13	4800	5354	18805114	18804550	3.93e-147	525
NC_003075.7:8725077-8730455	NC_003070.9	85.625	480	43	7	4923	5378	3498228	3497751	8.63e-134	481
NC_003075.7:8725077-8730455	NC_003070.9	95.066	304	13	2	1269	1571	22992366	22992064	1.12e-132	477
NC_003075.7:8725077-8730455	NC_003070.9	95.205	292	12	2	1269	1559	22621025	22620735	1.12e-127	460
NC_003075.7:8725077-8730455	NC_003070.9	95.486	288	12	1	1269	1556	12328360	12328074	4.04e-127	459
NC_003075.7:8725077-8730455	NC_003070.9	93.421	304	18	2	1269	1571	30251412	30251110	2.43e-124	449
NC_003075.7:8725077-8730455	NC_003070.9	96.512	258	8	1	1	258	25963259	25963003	4.10e-117	425
NC_003075.7:8725077-8730455	NC_003070.9	96.850	254	7	1	3	256	23554439	23554187	1.47e-116	424
NC_003075.7:8725077-8730455	NC_003070.9	86.064	409	27	14	4992	5378	16859031	16858631	3.19e-113	412
NC_003075.7:8725077-8730455	NC_003070.9	87.037	378	27	8	5021	5377	9918829	9918453	1.49e-111	407
NC_003075.7:8725077-8730455	NC_003070.9	96.281	242	7	2	3	244	3910601	3910362	3.22e-108	396
NC_003075.7:8725077-8730455	NC_003070.9	84.521	407	32	15	4992	5375	26307105	26307503	1.51e-101	374
NC_003075.7:8725077-8730455	NC_003070.9	92.692	260	14	5	3	259	17552998	17552741	1.95e-100	370
NC_003075.7:8725077-8730455	NC_003070.9	92.996	257	7	2	2	258	8490195	8489950	9.07e-99	364
NC_003075.7:8725077-8730455	NC_003070.9	91.923	260	16	5	3	259	2235167	2234910	4.22e-97	359
NC_003075.7:8725077-8730455	NC_003070.9	91.892	259	14	7	3	259	14299842	14299589	5.46e-96	355
NC_003075.7:8725077-8730455	NC_003070.9	91.440	257	17	5	6	259	18747045	18746791	9.13e-94	348
NC_003075.7:8725077-8730455	NC_003070.9	90.361	249	21	3	3	249	3074944	3074697	1.54e-86	324
NC_003075.7:8725077-8730455	NC_003070.9	87.405	262	14	6	1	259	19085097	19085342	2.61e-74	283
NC_003075.7:8725077-8730455	NC_003070.9	85.824	261	17	9	1	259	12855995	12855753	4.40e-67	259
NC_003075.7:8725077-8730455	NC_003070.9	85.769	260	16	8	3	259	19173802	19173561	5.69e-66	255
NC_003075.7:8725077-8730455	NC_003070.9	91.979	187	6	2	928	1106	22992564	22992379	2.05e-65	254
NC_003075.7:8725077-8730455	NC_003070.9	91.803	183	7	1	928	1102	30251610	30251428	9.53e-64	248
NC_003075.7:8725077-8730455	NC_003070.9	90.374	187	9	2	928	1106	12328558	12328373	2.06e-60	237
NC_003075.7:8725077-8730455	NC_003070.9	89.840	187	10	2	928	1106	22621223	22621038	9.60e-59	231
NC_003075.7:8725077-8730455	NC_003070.9	90.173	173	13	4	5207	5378	4770283	4770114	5.77e-56	222
NC_003075.7:8725077-8730455	NC_003070.9	84.971	173	23	3	5207	5378	20166840	20166670	5.90e-41	172
NC_003075.7:8725077-8730455	NC_003070.9	86.822	129	14	3	5250	5378	19768114	19767989	1.66e-31	141
NC_003075.7:8725077-8730455	NC_003070.9	86.822	129	13	4	5250	5378	23553914	23553790	1.66e-31	141
NC_003075.7:8725077-8730455	NC_003070.9	86.260	131	11	7	5250	5379	11701605	11701729	7.74e-30	135
NC_003075.7:8725077-8730455	NC_003070.9	86.508	126	13	4	5253	5378	13015971	13015850	7.74e-30	135
NC_003075.7:8725077-8730455	NC_003070.9	85.606	132	14	5	5250	5379	26169521	26169393	2.78e-29	134
NC_003075.7:8725077-8730455	NC_003070.9	92.045	88	6	1	4964	5050	17632719	17632806	6.03e-26	122
NC_003075.7:8725077-8730455	NC_003070.9	91.566	83	7	0	1	83	18790101	18790183	1.01e-23	115
NC_003075.7:8725077-8730455	NC_003070.9	92.500	80	6	0	4	83	30251767	30251688	1.01e-23	115
NC_003075.7:8725077-8730455	NC_003070.9	91.463	82	5	2	3	83	12876928	12876848	1.30e-22	111
NC_003075.7:8725077-8730455	NC_003070.9	90.476	84	6	2	1	83	3413551	3413633	4.69e-22	110
NC_003075.7:8725077-8730455	NC_003070.9	91.250	80	7	0	4	83	22992721	22992642	4.69e-22	110
NC_003075.7:8725077-8730455	NC_003070.9	91.250	80	6	1	4	83	12328714	12328636	1.69e-21	108
NC_003075.7:8725077-8730455	NC_003070.9	90.244	82	8	0	2	83	16998956	16998875	1.69e-21	108
NC_003075.7:8725077-8730455	NC_003070.9	95.455	66	2	1	5099	5164	12457856	12457920	2.18e-20	104
NC_003075.7:8725077-8730455	NC_003070.9	96.721	61	2	0	6	66	22621378	22621318	7.85e-20	102
NC_003075.7:8725077-8730455	NC_003070.9	91.781	73	5	1	928	1000	18790258	18790329	2.82e-19	100
NC_003075.7:8725077-8730455	NC_003070.9	87.059	85	11	0	4801	4885	4770665	4770581	3.65e-18	97.1
NC_003075.7:8725077-8730455	NC_003070.9	86.047	86	12	0	4800	4885	10591983	10591898	4.72e-17	93.5
NC_003075.7:8725077-8730455	NC_003070.9	86.585	82	9	2	3	83	19724755	19724835	6.11e-16	89.8
NC_003075.7:8725077-8730455	NC_003070.9	90.323	62	6	0	4800	4861	26511227	26511166	1.02e-13	82.4
NC_003075.7:8725077-8730455	NC_003070.9	83.721	86	12	2	4801	4885	20172809	20172725	3.68e-13	80.5
NC_003075.7:8725077-8730455	NC_003070.9	87.879	66	8	0	4800	4865	12240504	12240569	1.32e-12	78.7
NC_003075.7:8725077-8730455	NC_003071.7	97.862	2058	38	6	3	2056	13908721	13906666	0.0	3552
NC_003075.7:8725077-8730455	NC_003071.7	94.613	2079	83	14	3	2055	499985	502060	0.0	3192
NC_003075.7:8725077-8730455	NC_003071.7	93.957	2085	95	14	1	2058	17255235	17253155	0.0	3123
NC_003075.7:8725077-8730455	NC_003071.7	92.549	2107	95	23	1	2059	6925379	6923287	0.0	2964
NC_003075.7:8725077-8730455	NC_003071.7	92.494	2105	104	21	3	2056	12800994	12803095	0.0	2963
NC_003075.7:8725077-8730455	NC_003071.7	92.443	2104	103	22	2	2058	13266914	13269008	0.0	2953
NC_003075.7:8725077-8730455	NC_003071.7	92.770	2047	91	15	3	2018	12094425	12092405	0.0	2907
NC_003075.7:8725077-8730455	NC_003071.7	93.424	1977	99	22	106	2058	396551	394582	0.0	2902
NC_003075.7:8725077-8730455	NC_003071.7	93.501	1908	70	16	1	1860	11287163	11285262	0.0	2787
NC_003075.7:8725077-8730455	NC_003071.7	94.207	1381	51	19	3	1361	13338077	13336704	0.0	2080
NC_003075.7:8725077-8730455	NC_003071.7	92.433	1414	67	22	3	1392	707442	708839	0.0	1982
NC_003075.7:8725077-8730455	NC_003071.7	93.134	1136	67	11	928	2055	7814534	7813402	0.0	1655
NC_003075.7:8725077-8730455	NC_003071.7	91.842	1140	79	8	928	2055	7169367	7168230	0.0	1578
NC_003075.7:8725077-8730455	NC_003071.7	93.842	1023	54	7	1039	2055	6663102	6664121	0.0	1531
NC_003075.7:8725077-8730455	NC_003071.7	93.333	1035	49	10	2	1018	7154737	7153705	0.0	1511
NC_003075.7:8725077-8730455	NC_003071.7	92.864	1009	50	14	1060	2060	543175	544169	0.0	1445
NC_003075.7:8725077-8730455	NC_003071.7	93.395	969	50	10	1062	2028	14334657	14335613	0.0	1423
NC_003075.7:8725077-8730455	NC_003071.7	93.444	961	55	8	1086	2042	6803425	6804381	0.0	1419
NC_003075.7:8725077-8730455	NC_003071.7	95.336	879	34	7	1182	2056	13336698	13335823	0.0	1389
NC_003075.7:8725077-8730455	NC_003071.7	93.943	842	31	10	2	824	14333784	14334624	0.0	1254
NC_003075.7:8725077-8730455	NC_003071.7	92.221	887	54	10	1199	2075	7960700	7961581	0.0	1242
NC_003075.7:8725077-8730455	NC_003071.7	92.773	844	35	15	3	824	542308	543147	0.0	1197
NC_003075.7:8725077-8730455	NC_003071.7	93.695	793	44	6	1269	2057	6101020	6100230	0.0	1182
NC_003075.7:8725077-8730455	NC_003071.7	93.679	791	44	6	1269	2055	7112140	7112928	0.0	1179
NC_003075.7:8725077-8730455	NC_003071.7	91.484	728	52	9	1334	2056	3213046	3212324	0.0	992
NC_003075.7:8725077-8730455	NC_003071.7	93.215	678	32	12	1384	2053	709400	710071	0.0	985
NC_003075.7:8725077-8730455	NC_003071.7	91.292	689	37	13	238	907	12556068	12555384	0.0	918
NC_003075.7:8725077-8730455	NC_003071.7	90.643	684	39	15	244	907	10468943	10468265	0.0	885
NC_003075.7:8725077-8730455	NC_003071.7	90.145	690	43	15	238	907	1460787	1460103	0.0	874
NC_003075.7:8725077-8730455	NC_003071.7	89.971	678	44	14	249	907	5466870	5466198	0.0	854
NC_003075.7:8725077-8730455	NC_003071.7	89.736	643	45	11	238	861	19196619	19195979	0.0	802
NC_003075.7:8725077-8730455	NC_003071.7	88.043	644	46	26	234	869	11399241	11398621	0.0	734
NC_003075.7:8725077-8730455	NC_003071.7	90.193	571	34	11	238	790	6099666	6100232	0.0	725
NC_003075.7:8725077-8730455	NC_003071.7	88.519	601	42	10	4800	5377	4758697	4758101	0.0	702
NC_003075.7:8725077-8730455	NC_003071.7	88.040	602	46	10	4801	5378	2299067	2299666	0.0	689
NC_003075.7:8725077-8730455	NC_003071.7	87.731	595	51	6	4805	5378	7178423	7179016	0.0	675
NC_003075.7:8725077-8730455	NC_003071.7	92.576	458	30	4	1459	1913	3564666	3565122	0.0	654
NC_003075.7:8725077-8730455	NC_003071.7	85.868	559	54	8	4801	5335	10239495	10238938	4.98e-161	571
NC_003075.7:8725077-8730455	NC_003071.7	84.551	602	54	12	4801	5377	11597292	11597879	1.08e-157	560
NC_003075.7:8725077-8730455	NC_003071.7	83.667	600	51	16	4800	5375	8046270	8045694	5.08e-146	521
NC_003075.7:8725077-8730455	NC_003071.7	96.528	288	9	1	1269	1556	4024558	4024844	4.01e-132	475
NC_003075.7:8725077-8730455	NC_003071.7	93.750	304	17	2	1269	1571	980261	979959	5.23e-126	455
NC_003075.7:8725077-8730455	NC_003071.7	85.539	408	29	14	4992	5377	8907597	8907996	2.49e-109	399
NC_003075.7:8725077-8730455	NC_003071.7	85.258	407	31	13	4992	5377	17992942	17992544	4.16e-107	392
NC_003075.7:8725077-8730455	NC_003071.7	84.841	409	32	14	4992	5378	9891645	9891245	6.96e-105	385
NC_003075.7:8725077-8730455	NC_003071.7	90.657	289	24	3	1776	2063	2962573	2962287	9.00e-104	381
NC_003075.7:8725077-8730455	NC_003071.7	93.333	255	16	1	1772	2025	3565124	3565378	4.19e-102	375
NC_003075.7:8725077-8730455	NC_003071.7	93.574	249	12	3	238	484	5843836	5843590	7.01e-100	368
NC_003075.7:8725077-8730455	NC_003071.7	92.278	259	17	3	3	259	11399377	11399120	9.07e-99	364
NC_003075.7:8725077-8730455	NC_003071.7	91.923	260	16	5	3	259	19196757	19196500	4.22e-97	359
NC_003075.7:8725077-8730455	NC_003071.7	91.923	260	14	6	3	259	6099530	6099785	1.52e-96	357
NC_003075.7:8725077-8730455	NC_003071.7	91.506	259	17	5	3	258	1460925	1460669	7.06e-95	351
NC_003075.7:8725077-8730455	NC_003071.7	91.935	248	13	6	15	259	5843961	5843718	1.53e-91	340
NC_003075.7:8725077-8730455	NC_003071.7	88.070	285	30	4	5099	5379	825992	826276	7.11e-90	335
NC_003075.7:8725077-8730455	NC_003071.7	89.655	261	18	5	1	258	6384056	6383802	1.54e-86	324
NC_003075.7:8725077-8730455	NC_003071.7	90.083	242	16	1	928	1161	7959949	7960190	1.55e-81	307
NC_003075.7:8725077-8730455	NC_003071.7	90.909	187	9	1	928	1106	4024359	4024545	1.23e-62	244
NC_003075.7:8725077-8730455	NC_003071.7	93.865	163	9	1	1898	2059	11285273	11285111	1.23e-62	244
NC_003075.7:8725077-8730455	NC_003071.7	91.257	183	8	2	928	1102	7111941	7112123	4.43e-62	243
NC_003075.7:8725077-8730455	NC_003071.7	90.395	177	14	3	5204	5379	19623474	19623648	3.45e-58	230
NC_003075.7:8725077-8730455	NC_003071.7	89.071	183	12	1	933	1107	6101214	6101032	2.08e-55	220
NC_003075.7:8725077-8730455	NC_003071.7	88.571	175	18	2	5204	5378	13102189	13102361	1.25e-52	211
NC_003075.7:8725077-8730455	NC_003071.7	88.439	173	17	3	5207	5378	1038218	1038048	5.82e-51	206
NC_003075.7:8725077-8730455	NC_003071.7	86.127	173	20	4	5207	5378	7340774	7340943	2.73e-44	183
NC_003075.7:8725077-8730455	NC_003071.7	87.919	149	16	2	5232	5379	6206740	6206593	1.64e-41	174
NC_003075.7:8725077-8730455	NC_003071.7	89.313	131	10	4	928	1056	3213196	3213068	1.28e-37	161
NC_003075.7:8725077-8730455	NC_003071.7	91.304	115	10	0	928	1042	3564539	3564653	1.65e-36	158
NC_003075.7:8725077-8730455	NC_003071.7	92.453	106	8	0	928	1033	6661119	6661224	7.68e-35	152
NC_003075.7:8725077-8730455	NC_003071.7	87.023	131	12	5	5250	5379	3212449	3212323	4.62e-32	143
NC_003075.7:8725077-8730455	NC_003071.7	86.822	129	14	3	5250	5378	6100356	6100231	1.66e-31	141
NC_003075.7:8725077-8730455	NC_003071.7	94.382	89	3	2	4964	5050	17992837	17992749	7.74e-30	135
NC_003075.7:8725077-8730455	NC_003071.7	91.011	89	5	3	3	91	2962805	2962720	2.80e-24	117
NC_003075.7:8725077-8730455	NC_003071.7	92.593	81	6	0	3	83	3213354	3213274	2.80e-24	117
NC_003075.7:8725077-8730455	NC_003071.7	92.593	81	5	1	3	83	7111784	7111863	1.01e-23	115
NC_003075.7:8725077-8730455	NC_003071.7	93.506	77	5	0	3	79	7169524	7169448	1.01e-23	115
NC_003075.7:8725077-8730455	NC_003071.7	90.000	90	7	2	1	90	7814693	7814606	1.01e-23	115
NC_003075.7:8725077-8730455	NC_003071.7	98.438	64	1	0	3	66	4024201	4024264	3.63e-23	113
NC_003075.7:8725077-8730455	NC_003071.7	90.588	85	6	2	3	87	3564382	3564464	1.30e-22	111
NC_003075.7:8725077-8730455	NC_003071.7	90.123	81	8	0	3	83	980617	980537	6.07e-21	106
NC_003075.7:8725077-8730455	NC_003071.7	92.424	66	2	2	5099	5164	4758510	4758448	1.70e-16	91.6
NC_003075.7:8725077-8730455	NC_003071.7	85.938	64	8	1	4801	4864	9584607	9584669	2.86e-09	67.6
NC_003075.7:8725077-8730455	NC_003074.8	96.987	2058	52	6	2	2056	20786398	20788448	0.0	3448
NC_003075.7:8725077-8730455	NC_003074.8	96.530	2046	41	7	3	2031	11535844	11537876	0.0	3358
NC_003075.7:8725077-8730455	NC_003074.8	95.612	2074	48	10	3	2059	17144490	17142443	0.0	3286
NC_003075.7:8725077-8730455	NC_003074.8	94.282	2081	92	18	1	2058	17277816	17275740	0.0	3158
NC_003075.7:8725077-8730455	NC_003074.8	93.109	2046	102	20	3	2015	15937286	15939325	0.0	2961
NC_003075.7:8725077-8730455	NC_003074.8	92.614	2085	90	25	2	2028	10821447	10819369	0.0	2939
NC_003075.7:8725077-8730455	NC_003074.8	92.252	2078	103	31	3	2055	22118613	22120657	0.0	2892
NC_003075.7:8725077-8730455	NC_003074.8	96.600	1441	44	5	3	1441	5745923	5744486	0.0	2385
NC_003075.7:8725077-8730455	NC_003074.8	95.242	1387	34	7	684	2067	15452801	15451444	0.0	2167
NC_003075.7:8725077-8730455	NC_003074.8	91.959	1567	73	26	518	2058	16562052	16563591	0.0	2146
NC_003075.7:8725077-8730455	NC_003074.8	93.407	1350	51	12	1	1321	17301280	17299940	0.0	1965
NC_003075.7:8725077-8730455	NC_003074.8	92.801	1139	63	7	928	2053	17730098	17731230	0.0	1631
NC_003075.7:8725077-8730455	NC_003074.8	92.375	1141	56	11	928	2057	9767475	9766355	0.0	1596
NC_003075.7:8725077-8730455	NC_003074.8	92.119	1142	72	9	928	2055	17776928	17778065	0.0	1594
NC_003075.7:8725077-8730455	NC_003074.8	91.544	1159	57	19	928	2053	16419302	16420452	0.0	1559
NC_003075.7:8725077-8730455	NC_003074.8	93.762	1010	42	9	1053	2056	16451587	16452581	0.0	1496
NC_003075.7:8725077-8730455	NC_003074.8	93.266	995	51	9	1065	2055	17062368	17061386	0.0	1452
NC_003075.7:8725077-8730455	NC_003074.8	92.369	996	47	12	1065	2055	7995800	7994829	0.0	1391
NC_003075.7:8725077-8730455	NC_003074.8	92.536	911	42	10	928	1826	11503603	11502707	0.0	1282
NC_003075.7:8725077-8730455	NC_003074.8	95.309	810	34	4	3	810	16450786	16451593	0.0	1282
NC_003075.7:8725077-8730455	NC_003074.8	94.815	810	35	7	2	807	9386347	9385541	0.0	1256
NC_003075.7:8725077-8730455	NC_003074.8	94.690	791	38	4	1269	2055	18412509	18413299	0.0	1225
NC_003075.7:8725077-8730455	NC_003074.8	94.192	792	41	5	1269	2055	18019136	18019927	0.0	1203
NC_003075.7:8725077-8730455	NC_003074.8	93.577	794	42	9	1269	2055	13327791	13328582	0.0	1175
NC_003075.7:8725077-8730455	NC_003074.8	92.271	841	31	13	3	824	17063229	17062404	0.0	1162
NC_003075.7:8725077-8730455	NC_003074.8	92.551	792	52	7	1269	2055	3965358	3966147	0.0	1129
NC_003075.7:8725077-8730455	NC_003074.8	93.935	742	40	5	1317	2055	10556871	10556132	0.0	1116
NC_003075.7:8725077-8730455	NC_003074.8	96.918	649	17	3	1411	2058	5744486	5743840	0.0	1085
NC_003075.7:8725077-8730455	NC_003074.8	94.476	706	27	5	981	1675	10320599	10321303	0.0	1077
NC_003075.7:8725077-8730455	NC_003074.8	91.678	769	43	5	1290	2055	15485279	15484529	0.0	1046
NC_003075.7:8725077-8730455	NC_003074.8	92.194	743	44	6	1317	2055	10575083	10574351	0.0	1038
NC_003075.7:8725077-8730455	NC_003074.8	89.892	831	49	25	1	824	7996638	7995836	0.0	1037
NC_003075.7:8725077-8730455	NC_003074.8	89.335	797	50	17	143	907	9890146	9890939	0.0	968
NC_003075.7:8725077-8730455	NC_003074.8	90.250	759	45	19	171	907	18746356	18747107	0.0	965
NC_003075.7:8725077-8730455	NC_003074.8	93.600	625	22	8	788	1395	9385005	9384382	0.0	917
NC_003075.7:8725077-8730455	NC_003074.8	92.915	621	34	9	1443	2059	9384377	9383763	0.0	894
NC_003075.7:8725077-8730455	NC_003074.8	90.580	690	41	16	238	907	16879943	16880628	0.0	893
NC_003075.7:8725077-8730455	NC_003074.8	90.276	689	43	14	238	907	9559544	9558861	0.0	880
NC_003075.7:8725077-8730455	NC_003074.8	90.000	690	38	14	238	907	5622169	5622847	0.0	863
NC_003075.7:8725077-8730455	NC_003074.8	89.580	691	42	19	238	907	20485002	20484321	0.0	850
NC_003075.7:8725077-8730455	NC_003074.8	88.824	689	52	15	238	907	2629888	2629206	0.0	822
NC_003075.7:8725077-8730455	NC_003074.8	88.652	705	39	15	229	907	16173067	16172378	0.0	821
NC_003075.7:8725077-8730455	NC_003074.8	88.000	700	50	19	238	907	3716481	3717176	0.0	797
NC_003075.7:8725077-8730455	NC_003074.8	93.474	521	25	3	928	1440	11967811	11968330	0.0	765
NC_003075.7:8725077-8730455	NC_003074.8	88.995	627	44	15	238	843	1371038	1370416	0.0	752
NC_003075.7:8725077-8730455	NC_003074.8	89.369	602	39	5	4800	5378	8644741	8645340	0.0	734
NC_003075.7:8725077-8730455	NC_003074.8	96.577	409	12	2	3	411	16561654	16562060	0.0	676
NC_003075.7:8725077-8730455	NC_003074.8	87.521	601	53	7	4800	5378	15918692	15918092	0.0	675
NC_003075.7:8725077-8730455	NC_003074.8	85.240	603	51	12	4799	5377	19520639	19521227	1.78e-165	586
NC_003075.7:8725077-8730455	NC_003074.8	84.884	602	52	17	4801	5377	7937571	7936984	4.98e-161	571
NC_003075.7:8725077-8730455	NC_003074.8	94.495	327	12	3	3	323	11200624	11200950	2.38e-139	499
NC_003075.7:8725077-8730455	NC_003074.8	94.719	303	15	1	1269	1571	17299583	17299282	1.87e-130	470
NC_003075.7:8725077-8730455	NC_003074.8	93.590	312	9	2	928	1228	15485591	15485280	5.23e-126	455
NC_003075.7:8725077-8730455	NC_003074.8	81.506	611	50	28	4791	5377	10681963	10681392	1.13e-122	444
NC_003075.7:8725077-8730455	NC_003074.8	93.137	306	11	2	928	1223	10557188	10556883	1.46e-121	440
NC_003075.7:8725077-8730455	NC_003074.8	93.380	287	18	1	1770	2055	11968331	11968617	1.47e-116	424
NC_003075.7:8725077-8730455	NC_003074.8	90.506	316	19	3	928	1233	10575400	10575086	1.49e-111	407
NC_003075.7:8725077-8730455	NC_003074.8	92.720	261	14	5	3	259	3716342	3716601	5.42e-101	372
NC_003075.7:8725077-8730455	NC_003074.8	91.506	259	19	3	3	259	17397300	17397043	1.96e-95	353
NC_003075.7:8725077-8730455	NC_003074.8	93.913	230	13	1	1791	2019	11200951	11201180	3.28e-93	346
NC_003075.7:8725077-8730455	NC_003074.8	90.385	260	21	4	3	259	10862401	10862659	5.50e-91	339
NC_003075.7:8725077-8730455	NC_003074.8	90.000	250	14	2	1817	2055	8757572	8757821	3.33e-83	313
NC_003075.7:8725077-8730455	NC_003074.8	85.764	288	11	10	1269	1556	1571723	1571980	1.22e-72	278
NC_003075.7:8725077-8730455	NC_003074.8	85.385	260	22	5	3	259	20487142	20486896	5.69e-66	255
NC_003075.7:8725077-8730455	NC_003074.8	90.909	187	9	1	928	1106	17299782	17299596	1.23e-62	244
NC_003075.7:8725077-8730455	NC_003074.8	91.257	183	8	3	928	1102	1571523	1571705	4.43e-62	243
NC_003075.7:8725077-8730455	NC_003074.8	89.362	188	10	3	928	1106	3965159	3965345	1.24e-57	228
NC_003075.7:8725077-8730455	NC_003074.8	88.000	175	18	3	5205	5378	6729096	6728924	2.09e-50	204
NC_003075.7:8725077-8730455	NC_003074.8	96.262	107	3	1	2	108	16879750	16879855	1.64e-41	174
NC_003075.7:8725077-8730455	NC_003074.8	87.597	129	13	3	5250	5378	17142571	17142446	3.58e-33	147
NC_003075.7:8725077-8730455	NC_003074.8	93.902	82	3	2	3	83	18018781	18018861	6.03e-26	122
NC_003075.7:8725077-8730455	NC_003074.8	93.827	81	3	2	4	83	17299939	17299860	2.17e-25	121
NC_003075.7:8725077-8730455	NC_003074.8	92.683	82	6	0	2	83	18412153	18412234	7.79e-25	119
NC_003075.7:8725077-8730455	NC_003074.8	92.593	81	6	0	3	83	13327434	13327514	2.80e-24	117
NC_003075.7:8725077-8730455	NC_003074.8	98.462	65	1	0	2	66	10557347	10557283	1.01e-23	115
NC_003075.7:8725077-8730455	NC_003074.8	90.805	87	7	1	1	87	16419142	16419227	1.01e-23	115
NC_003075.7:8725077-8730455	NC_003074.8	96.875	64	2	0	3	66	9767629	9767566	1.69e-21	108
NC_003075.7:8725077-8730455	NC_003074.8	96.875	64	2	0	3	66	17729940	17730003	1.69e-21	108
NC_003075.7:8725077-8730455	NC_003074.8	90.123	81	8	0	3	83	11503761	11503681	6.07e-21	106
NC_003075.7:8725077-8730455	NC_003074.8	94.030	67	3	1	2	67	17776768	17776834	2.82e-19	100
NC_003075.7:8725077-8730455	NC_003074.8	80.180	111	8	9	1525	1634	15667806	15667709	2.21e-10	71.3
NC_003075.7:8725077-8730455	NC_003076.8	95.089	2077	74	14	2	2055	9965018	9962947	0.0	3245
NC_003075.7:8725077-8730455	NC_003076.8	93.942	2080	94	17	3	2056	14082835	14080762	0.0	3114
NC_003075.7:8725077-8730455	NC_003076.8	93.501	2108	97	22	3	2078	8746701	8744602	0.0	3097
NC_003075.7:8725077-8730455	NC_003076.8	93.889	2062	95	21	20	2055	17775746	17777802	0.0	3081
NC_003075.7:8725077-8730455	NC_003076.8	93.593	2076	104	22	3	2055	16356475	16358544	0.0	3070
NC_003075.7:8725077-8730455	NC_003076.8	93.513	2081	103	21	3	2058	1898645	1896572	0.0	3066
NC_003075.7:8725077-8730455	NC_003076.8	92.867	2103	98	20	2	2057	8765708	8767805	0.0	3005
NC_003075.7:8725077-8730455	NC_003076.8	92.912	2102	93	23	1	2055	20682408	20680316	0.0	3005
NC_003075.7:8725077-8730455	NC_003076.8	92.776	2104	100	20	3	2055	19742617	19740515	0.0	2996
NC_003075.7:8725077-8730455	NC_003076.8	92.712	2113	94	22	4	2059	5430061	5427952	0.0	2994
NC_003075.7:8725077-8730455	NC_003076.8	92.575	2101	106	18	3	2055	17365025	17367123	0.0	2970
NC_003075.7:8725077-8730455	NC_003076.8	92.344	2090	101	29	18	2059	24187899	24185821	0.0	2918
NC_003075.7:8725077-8730455	NC_003076.8	92.667	1991	90	25	3	1947	14151294	14149314	0.0	2817
NC_003075.7:8725077-8730455	NC_003076.8	93.620	1348	47	17	3	1321	20281984	20280647	0.0	1977
NC_003075.7:8725077-8730455	NC_003076.8	93.323	1348	51	16	3	1321	9590410	9591747	0.0	1954
NC_003075.7:8725077-8730455	NC_003076.8	92.798	1333	51	28	1	1296	9559509	9558185	0.0	1888
NC_003075.7:8725077-8730455	NC_003076.8	92.228	1261	49	19	3	1228	4782228	4780982	0.0	1740
NC_003075.7:8725077-8730455	NC_003076.8	94.087	1150	54	7	928	2066	15043270	15042124	0.0	1735
NC_003075.7:8725077-8730455	NC_003076.8	94.955	1110	34	8	2	1092	15606602	15605496	0.0	1720
NC_003075.7:8725077-8730455	NC_003076.8	92.658	1185	54	13	142	1298	4312671	4313850	0.0	1676
NC_003075.7:8725077-8730455	NC_003076.8	93.001	1143	65	7	928	2055	24476433	24475291	0.0	1653
NC_003075.7:8725077-8730455	NC_003076.8	92.647	1156	56	12	928	2055	22232106	22230952	0.0	1637
NC_003075.7:8725077-8730455	NC_003076.8	93.514	1110	53	9	928	2019	5977895	5976787	0.0	1633
NC_003075.7:8725077-8730455	NC_003076.8	94.047	1075	36	7	54	1102	17618634	17617562	0.0	1605
NC_003075.7:8725077-8730455	NC_003076.8	95.085	997	42	6	1035	2026	18854895	18855889	0.0	1563
NC_003075.7:8725077-8730455	NC_003076.8	91.414	1153	73	15	928	2055	8354352	8353201	0.0	1557
NC_003075.7:8725077-8730455	NC_003076.8	90.496	1189	50	16	1	1142	11025334	11026506	0.0	1511
NC_003075.7:8725077-8730455	NC_003076.8	93.480	997	57	7	1063	2055	4313874	4314866	0.0	1474
NC_003075.7:8725077-8730455	NC_003076.8	94.270	925	49	4	1133	2055	11026974	11027896	0.0	1411
NC_003075.7:8725077-8730455	NC_003076.8	94.595	925	27	9	3	907	18853952	18854873	0.0	1410
NC_003075.7:8725077-8730455	NC_003076.8	90.793	1021	54	19	1042	2059	21530929	21531912	0.0	1328
NC_003075.7:8725077-8730455	NC_003076.8	94.174	841	29	10	3	824	21530089	21530928	0.0	1264
NC_003075.7:8725077-8730455	NC_003076.8	93.540	805	45	7	1260	2059	15605466	15604664	0.0	1192
NC_003075.7:8725077-8730455	NC_003076.8	93.782	772	43	5	1290	2056	4780980	4780209	0.0	1155
NC_003075.7:8725077-8730455	NC_003076.8	90.455	901	44	21	928	1814	10714580	10715452	0.0	1149
NC_003075.7:8725077-8730455	NC_003076.8	95.808	668	24	4	2	667	7154440	7153775	0.0	1075
NC_003075.7:8725077-8730455	NC_003076.8	96.021	578	21	2	4801	5377	23662580	23662004	0.0	939
NC_003075.7:8725077-8730455	NC_003076.8	94.276	594	30	4	1468	2057	7153775	7153182	0.0	905
NC_003075.7:8725077-8730455	NC_003076.8	90.435	690	40	15	238	907	8683118	8683801	0.0	885
NC_003075.7:8725077-8730455	NC_003076.8	90.131	689	45	14	238	907	7711270	7711954	0.0	874
NC_003075.7:8725077-8730455	NC_003076.8	90.116	688	46	12	238	907	14761045	14760362	0.0	874
NC_003075.7:8725077-8730455	NC_003076.8	92.244	606	39	8	1459	2059	25905017	25905619	0.0	852
NC_003075.7:8725077-8730455	NC_003076.8	89.115	689	48	17	240	907	15342559	15341877	0.0	832
NC_003075.7:8725077-8730455	NC_003076.8	88.857	691	51	16	238	907	13918658	13917973	0.0	826
NC_003075.7:8725077-8730455	NC_003076.8	89.736	643	45	11	238	861	19931420	19930780	0.0	802
NC_003075.7:8725077-8730455	NC_003076.8	93.091	550	28	3	930	1470	15577265	15576717	0.0	797
NC_003075.7:8725077-8730455	NC_003076.8	89.425	643	46	12	238	861	5129697	5129058	0.0	791
NC_003075.7:8725077-8730455	NC_003076.8	92.545	550	32	2	930	1470	21776872	21776323	0.0	780
NC_003075.7:8725077-8730455	NC_003076.8	87.977	682	46	21	249	907	354275	354943	0.0	773
NC_003075.7:8725077-8730455	NC_003076.8	88.576	604	41	17	325	907	19670974	19671570	0.0	708
NC_003075.7:8725077-8730455	NC_003076.8	88.591	596	47	5	4801	5375	14880216	14880811	0.0	704
NC_003075.7:8725077-8730455	NC_003076.8	91.853	491	35	5	1569	2056	15576667	15576179	0.0	680
NC_003075.7:8725077-8730455	NC_003076.8	91.853	491	34	6	1569	2056	21776273	21775786	0.0	680
NC_003075.7:8725077-8730455	NC_003076.8	87.521	601	52	4	4800	5378	14873455	14874054	0.0	673
NC_003075.7:8725077-8730455	NC_003076.8	88.070	570	42	10	4801	5347	19479577	19480143	0.0	652
NC_003075.7:8725077-8730455	NC_003076.8	86.043	609	58	9	4795	5377	349804	350411	2.91e-178	628
NC_003075.7:8725077-8730455	NC_003076.8	86.047	602	59	10	4800	5378	15659432	15658833	1.35e-176	623
NC_003075.7:8725077-8730455	NC_003076.8	86.097	597	58	11	4801	5375	9545738	9546331	1.75e-175	619
NC_003075.7:8725077-8730455	NC_003076.8	90.991	444	30	6	1617	2057	9134290	9134726	1.37e-166	590
NC_003075.7:8725077-8730455	NC_003076.8	85.075	603	50	14	4801	5377	20674822	20674234	2.97e-163	579
NC_003075.7:8725077-8730455	NC_003076.8	92.060	403	24	8	1658	2055	17796537	17796138	1.08e-157	560
NC_003075.7:8725077-8730455	NC_003076.8	84.333	600	55	13	4801	5375	9979173	9978588	6.48e-155	551
NC_003075.7:8725077-8730455	NC_003076.8	90.499	421	35	5	1639	2055	21584595	21584176	6.48e-155	551
NC_003075.7:8725077-8730455	NC_003076.8	93.017	358	21	4	2	358	4312435	4312789	1.83e-145	520
NC_003075.7:8725077-8730455	NC_003076.8	82.229	619	57	19	4800	5378	25178776	25179381	6.67e-135	484
NC_003075.7:8725077-8730455	NC_003076.8	94.737	304	14	2	1269	1571	9592102	9592404	5.19e-131	472
NC_003075.7:8725077-8730455	NC_003076.8	81.789	615	55	24	4786	5378	10042390	10041811	3.13e-128	462
NC_003075.7:8725077-8730455	NC_003076.8	93.729	303	18	1	1269	1571	17617546	17617245	1.88e-125	453
NC_003075.7:8725077-8730455	NC_003076.8	95.139	288	13	1	1269	1556	20280291	20280005	1.88e-125	453
NC_003075.7:8725077-8730455	NC_003076.8	90.909	341	25	6	238	575	25264649	25264986	1.88e-125	453
NC_003075.7:8725077-8730455	NC_003076.8	88.710	372	30	10	1694	2055	25264968	25265337	1.13e-122	444
NC_003075.7:8725077-8730455	NC_003076.8	81.368	585	52	25	4818	5377	19115133	19114581	1.47e-116	424
NC_003075.7:8725077-8730455	NC_003076.8	96.078	255	8	2	2	256	17796786	17796534	8.88e-114	414
NC_003075.7:8725077-8730455	NC_003076.8	84.767	407	33	13	4992	5377	22463804	22464202	9.00e-104	381
NC_003075.7:8725077-8730455	NC_003076.8	91.603	262	18	4	1	259	3020198	3019938	4.22e-97	359
NC_003075.7:8725077-8730455	NC_003076.8	94.714	227	10	2	238	463	3020057	3019832	7.06e-95	351
NC_003075.7:8725077-8730455	NC_003076.8	91.154	260	18	5	3	259	19931558	19931301	9.13e-94	348
NC_003075.7:8725077-8730455	NC_003076.8	90.769	260	20	4	3	259	25264511	25264769	1.18e-92	344
NC_003075.7:8725077-8730455	NC_003076.8	89.695	262	18	6	2	259	15342697	15342441	4.28e-87	326
NC_003075.7:8725077-8730455	NC_003076.8	88.889	261	18	5	2	259	13918791	13918539	1.20e-82	311
NC_003075.7:8725077-8730455	NC_003076.8	92.857	182	9	3	4	184	19670802	19670980	1.22e-67	261
NC_003075.7:8725077-8730455	NC_003076.8	86.056	251	16	7	1	249	354138	354371	7.37e-65	252
NC_003075.7:8725077-8730455	NC_003076.8	90.909	187	8	2	928	1106	20280489	20280304	4.43e-62	243
NC_003075.7:8725077-8730455	NC_003076.8	90.426	188	10	1	928	1107	9134111	9134298	1.59e-61	241
NC_003075.7:8725077-8730455	NC_003076.8	91.209	182	8	1	928	1101	9591905	9592086	1.59e-61	241
NC_003075.7:8725077-8730455	NC_003076.8	90.395	177	13	3	5204	5378	22621351	22621177	3.45e-58	230
NC_003075.7:8725077-8730455	NC_003076.8	92.174	115	9	0	928	1042	25904890	25905004	3.55e-38	163
NC_003075.7:8725077-8730455	NC_003076.8	95.000	100	4	1	3	102	20398218	20398316	5.94e-36	156
NC_003075.7:8725077-8730455	NC_003076.8	88.550	131	8	7	5250	5379	21775909	21775785	7.68e-35	152
NC_003075.7:8725077-8730455	NC_003076.8	86.923	130	13	4	5250	5379	5428079	5427954	4.62e-32	143
NC_003075.7:8725077-8730455	NC_003076.8	86.822	129	14	3	5250	5378	7153308	7153183	1.66e-31	141
NC_003075.7:8725077-8730455	NC_003076.8	85.271	129	14	3	5250	5378	8744747	8744624	1.30e-27	128
NC_003075.7:8725077-8730455	NC_003076.8	92.135	89	5	2	4964	5050	22463908	22463996	1.68e-26	124
NC_003075.7:8725077-8730455	NC_003076.8	92.593	81	6	0	3	83	5978053	5977973	2.80e-24	117
NC_003075.7:8725077-8730455	NC_003076.8	98.485	66	1	0	1	66	15043430	15043365	2.80e-24	117
NC_003075.7:8725077-8730455	NC_003076.8	92.500	80	6	0	4	83	20280646	20280567	1.01e-23	115
NC_003075.7:8725077-8730455	NC_003076.8	91.566	83	5	2	2	83	9133952	9134033	3.63e-23	113
NC_003075.7:8725077-8730455	NC_003076.8	91.250	80	7	0	4	83	9591748	9591827	4.69e-22	110
NC_003075.7:8725077-8730455	NC_003076.8	90.123	81	8	0	3	83	24476591	24476511	6.07e-21	106
NC_003075.7:8725077-8730455	NC_003076.8	95.385	65	3	0	2	66	10714423	10714487	2.18e-20	104
NC_003075.7:8725077-8730455	NC_003076.8	100.000	54	0	0	1498	1551	15576716	15576663	2.82e-19	100
NC_003075.7:8725077-8730455	NC_003076.8	93.939	66	3	1	2	66	13982134	13982199	1.02e-18	99.0
NC_003075.7:8725077-8730455	NC_003076.8	93.939	66	3	1	5099	5164	14873642	14873706	1.02e-18	99.0
NC_003075.7:8725077-8730455	NC_003076.8	96.296	54	2	0	1498	1551	21776322	21776269	6.11e-16	89.8
NC_003075.7:8740912-8744316	NC_003075.7	100.000	3405	0	0	1	3405	8744316	8740912	0.0	6288
NC_003075.7:8740912-8744316	NC_003070.9	98.383	3401	41	7	3	3399	10592060	10595450	0.0	5963
NC_003075.7:8740912-8744316	NC_003070.9	98.625	1746	22	2	1302	3046	19290734	19292478	0.0	3090
NC_003075.7:8740912-8744316	NC_003070.9	98.724	392	5	0	1	392	19290345	19290736	0.0	697
NC_003075.7:8740912-8744316	NC_003070.9	95.732	328	5	4	3085	3405	19292462	19292787	1.15e-145	520
NC_003075.7:8740912-8744316	NC_003070.9	92.130	216	14	3	2238	2450	8288731	8288946	4.55e-80	302
NC_003075.7:8740912-8744316	NC_003070.9	90.104	192	18	1	1602	1793	8288107	8288297	6.01e-64	248
NC_003075.7:8740912-8744316	NC_003071.7	87.027	185	20	4	3	185	1824699	1824881	3.67e-51	206
NC_003075.7:8740912-8744316	NC_003071.7	89.474	152	12	2	19	169	4197017	4197165	3.70e-46	189
NC_003075.7:8768536-8769326	NC_003075.7	100.000	791	0	0	1	791	8769326	8768536	0.0	1461
NC_003075.7:8768536-8769326	NC_003075.7	95.244	799	22	6	1	788	7403992	7404785	0.0	1251
NC_003075.7:8768536-8769326	NC_003075.7	93.291	790	24	8	1	786	12845050	12844286	0.0	1138
NC_003075.7:8768536-8769326	NC_003075.7	94.660	618	24	9	138	753	418080	417470	0.0	950
NC_003075.7:8768536-8769326	NC_003075.7	93.077	130	5	3	25	152	418145	418018	3.01e-46	187
NC_003075.7:8768536-8769326	NC_003071.7	98.340	783	11	2	1	781	15371880	15371098	0.0	1373
NC_003075.7:8768536-8769326	NC_003071.7	95.051	788	29	4	1	782	1902863	1903646	0.0	1230
NC_003075.7:8768536-8769326	NC_003071.7	93.860	798	33	9	1	788	6297988	6297197	0.0	1188
NC_003075.7:8768536-8769326	NC_003071.7	93.262	653	31	8	138	783	17300066	17299420	0.0	950
NC_003075.7:8768536-8769326	NC_003071.7	81.333	150	25	2	1	147	8854372	8854521	1.11e-25	119
NC_003075.7:8768536-8769326	NC_003071.7	83.871	93	13	1	1	91	6374366	6374458	3.14e-16	87.9
NC_003075.7:8768536-8769326	NC_003070.9	95.340	794	24	9	1	791	3771816	3771033	0.0	1249
NC_003075.7:8768536-8769326	NC_003070.9	91.855	798	35	10	1	781	6234720	6233936	0.0	1086
NC_003075.7:8768536-8769326	NC_003070.9	96.749	646	15	3	138	781	12874279	12873638	0.0	1072
NC_003075.7:8768536-8769326	NC_003070.9	94.226	381	19	2	1	378	6235099	6234719	4.25e-164	579
NC_003075.7:8768536-8769326	NC_003070.9	92.351	353	22	5	284	636	16341625	16341278	1.22e-139	497
NC_003075.7:8768536-8769326	NC_003070.9	91.808	354	22	7	284	636	16339904	16339557	2.65e-136	486
NC_003075.7:8768536-8769326	NC_003070.9	94.613	297	10	5	1	293	16342970	16342676	7.48e-127	455
NC_003075.7:8768536-8769326	NC_003070.9	91.176	272	16	7	27	293	16341246	16340978	4.66e-99	363
NC_003075.7:8768536-8769326	NC_003070.9	94.805	154	5	2	1	152	12874368	12874216	2.95e-61	237
NC_003075.7:8768536-8769326	NC_003070.9	82.734	139	15	7	1	139	12875588	12875459	1.44e-24	115
NC_003075.7:8768536-8769326	NC_003070.9	87.356	87	11	0	1	87	5659269	5659183	4.04e-20	100
NC_003075.7:8768536-8769326	NC_003074.8	95.275	783	28	5	1	781	3873815	3874590	0.0	1232
NC_003075.7:8768536-8769326	NC_003074.8	94.188	757	38	3	1	756	4217121	4216370	0.0	1149
NC_003075.7:8768536-8769326	NC_003074.8	92.938	793	28	7	1	790	3988437	3987670	0.0	1129
NC_003075.7:8768536-8769326	NC_003074.8	93.333	660	31	9	127	782	7291814	7291164	0.0	963
NC_003075.7:8768536-8769326	NC_003074.8	79.258	458	71	21	339	781	17034241	17034689	1.33e-79	298
NC_003075.7:8768536-8769326	NC_003076.8	93.284	804	33	15	1	789	347804	347007	0.0	1166
NC_003075.7:8768536-8769326	NC_003076.8	96.012	677	21	3	1	675	7352033	7352705	0.0	1096
NC_003075.7:8768536-8769326	NC_003076.8	95.413	654	23	4	138	789	15715035	15715683	0.0	1035
NC_003075.7:8768536-8769326	NC_003076.8	93.590	624	24	5	1	613	24345544	24344926	0.0	917
NC_003075.7:8768536-8769326	NC_003076.8	93.738	511	24	7	272	779	24344597	24344092	0.0	760
NC_003075.7:8768536-8769326	NC_003076.8	93.103	348	14	2	272	613	24344933	24344590	9.47e-141	501
NC_003075.7:8768536-8769326	NC_003076.8	94.245	278	15	1	1	277	348085	347808	2.11e-117	424
NC_003075.7:8768536-8769326	NC_003076.8	93.885	278	16	1	1	277	348367	348090	9.81e-116	418
NC_003075.7:8768536-8769326	NC_003076.8	94.805	154	5	2	1	152	15714946	15715098	2.95e-61	237
NC_003075.7:8768536-8769326	NC_003076.8	81.818	154	19	9	1	147	14098107	14097956	3.10e-26	121
NC_003075.7:10870769-10871696	NC_003075.7	100.000	928	0	0	1	928	10870769	10871696	0.0	1714
NC_003075.7:10870769-10871696	NC_003075.7	95.526	380	15	1	14	393	6912412	6912035	2.30e-172	606
NC_003075.7:10870769-10871696	NC_003075.7	95.538	381	14	2	14	393	16055475	16055097	2.30e-172	606
NC_003075.7:10870769-10871696	NC_003075.7	95.082	366	15	2	17	381	11979600	11979237	2.33e-162	573
NC_003075.7:10870769-10871696	NC_003075.7	92.932	382	19	5	14	393	1777276	1777651	3.93e-155	549
NC_003075.7:10870769-10871696	NC_003075.7	91.354	347	20	5	585	928	6911847	6911508	4.07e-130	466
NC_003075.7:10870769-10871696	NC_003075.7	91.471	340	22	6	585	920	1777837	1778173	1.89e-128	460
NC_003075.7:10870769-10871696	NC_003075.7	94.539	293	13	3	591	882	6064701	6064991	4.10e-125	449
NC_003075.7:10870769-10871696	NC_003075.7	93.160	307	19	2	583	887	18250470	18250164	4.10e-125	449
NC_003075.7:10870769-10871696	NC_003075.7	91.098	337	13	5	585	919	11979042	11978721	2.47e-122	440
NC_003075.7:10870769-10871696	NC_003075.7	88.854	314	26	6	576	887	6756915	6757221	1.96e-103	377
NC_003075.7:10870769-10871696	NC_003075.7	91.165	249	18	3	14	261	7235161	7235406	1.20e-90	335
NC_003075.7:10870769-10871696	NC_003075.7	95.545	202	9	0	192	393	1302680	1302479	2.59e-87	324
NC_003075.7:10870769-10871696	NC_003075.7	95.789	190	5	3	586	774	16054925	16054738	3.38e-81	303
NC_003075.7:10870769-10871696	NC_003075.7	94.475	181	7	2	14	193	1302900	1302722	7.37e-73	276
NC_003075.7:10870769-10871696	NC_003075.7	95.906	171	5	2	49	218	18251479	18251310	7.37e-73	276
NC_003075.7:10870769-10871696	NC_003075.7	93.989	183	7	3	14	195	16055643	16055464	2.65e-72	274
NC_003075.7:10870769-10871696	NC_003075.7	91.667	180	13	2	583	761	7235729	7235907	1.61e-64	248
NC_003075.7:10870769-10871696	NC_003075.7	89.055	201	17	3	388	583	2318499	2318699	2.08e-63	244
NC_003075.7:10870769-10871696	NC_003075.7	92.899	169	8	3	14	180	6758030	6757864	7.47e-63	243
NC_003075.7:10870769-10871696	NC_003075.7	89.535	172	13	4	13	183	18251650	18251483	5.86e-54	213
NC_003075.7:10870769-10871696	NC_003075.7	88.415	164	2	3	246	392	18250817	18250654	1.65e-44	182
NC_003075.7:10870769-10871696	NC_003075.7	100.000	33	0	0	887	919	6065475	6065507	2.25e-08	62.1
NC_003075.7:10870769-10871696	NC_003071.7	95.805	882	18	3	65	927	19527977	19528858	0.0	1406
NC_003075.7:10870769-10871696	NC_003071.7	95.789	380	12	3	14	393	10351572	10351947	1.78e-173	610
NC_003075.7:10870769-10871696	NC_003071.7	95.550	382	13	2	14	393	8854372	8854751	6.40e-173	608
NC_003075.7:10870769-10871696	NC_003071.7	95.526	380	14	2	14	393	11556302	11555926	8.27e-172	604
NC_003075.7:10870769-10871696	NC_003071.7	95.238	336	13	3	586	920	241592	241925	5.12e-149	529
NC_003075.7:10870769-10871696	NC_003071.7	93.983	349	15	6	583	928	10352126	10352471	2.38e-147	523
NC_003075.7:10870769-10871696	NC_003071.7	95.925	319	12	1	76	393	241101	241419	3.99e-145	516
NC_003075.7:10870769-10871696	NC_003071.7	93.084	347	18	6	583	927	8854929	8855271	3.10e-141	503
NC_003075.7:10870769-10871696	NC_003071.7	92.775	346	21	4	585	926	11555738	11555393	1.44e-139	497
NC_003075.7:10870769-10871696	NC_003071.7	89.394	396	18	4	14	393	5607444	5607831	1.88e-133	477
NC_003075.7:10870769-10871696	NC_003071.7	89.711	311	23	6	579	887	4085867	4085564	9.07e-107	388
NC_003075.7:10870769-10871696	NC_003071.7	92.857	266	16	2	14	278	240846	241109	4.22e-105	383
NC_003075.7:10870769-10871696	NC_003071.7	92.437	238	15	3	592	827	1678900	1678664	3.33e-91	337
NC_003075.7:10870769-10871696	NC_003071.7	88.655	238	18	7	19	249	10682759	10682994	1.58e-74	281
NC_003075.7:10870769-10871696	NC_003071.7	89.796	196	15	3	393	583	1260427	1260232	5.78e-64	246
NC_003075.7:10870769-10871696	NC_003071.7	87.730	163	4	3	246	392	4086199	4086037	7.69e-43	176
NC_003075.7:10870769-10871696	NC_003071.7	90.741	108	7	3	15	122	4086580	4086476	2.80e-32	141
NC_003075.7:10870769-10871696	NC_003071.7	84.472	161	5	5	246	391	10683312	10683467	2.80e-32	141
NC_003075.7:10870769-10871696	NC_003071.7	90.769	65	6	0	428	492	6566144	6566208	3.70e-16	87.9
NC_003075.7:10870769-10871696	NC_003071.7	95.238	42	2	0	887	928	5608560	5608601	4.83e-10	67.6
NC_003075.7:10870769-10871696	NC_003071.7	94.872	39	2	0	890	928	4085103	4085065	2.25e-08	62.1
NC_003075.7:10870769-10871696	NC_003076.8	96.842	380	10	1	14	393	17275999	17275622	1.06e-180	634
NC_003075.7:10870769-10871696	NC_003076.8	95.674	393	15	1	1	393	5063628	5063238	1.36e-179	630
NC_003075.7:10870769-10871696	NC_003076.8	96.316	380	12	1	14	393	18554307	18554684	2.28e-177	623
NC_003075.7:10870769-10871696	NC_003076.8	95.801	381	13	3	14	393	19080548	19080926	4.94e-174	612
NC_003075.7:10870769-10871696	NC_003076.8	95.526	380	14	2	14	393	7833875	7834251	8.27e-172	604
NC_003075.7:10870769-10871696	NC_003076.8	95.526	380	14	2	14	393	24436608	24436232	8.27e-172	604
NC_003075.7:10870769-10871696	NC_003076.8	95.856	362	12	2	14	374	6073213	6073572	3.88e-165	582
NC_003075.7:10870769-10871696	NC_003076.8	94.524	347	13	6	585	927	17275477	17275133	1.42e-149	531
NC_003075.7:10870769-10871696	NC_003076.8	95.015	341	11	6	590	927	24436039	24435702	1.42e-149	531
NC_003075.7:10870769-10871696	NC_003076.8	93.410	349	19	4	583	928	5062709	5062362	1.43e-144	514
NC_003075.7:10870769-10871696	NC_003076.8	94.100	339	17	3	583	919	18556126	18556463	5.16e-144	512
NC_003075.7:10870769-10871696	NC_003076.8	90.404	396	19	6	14	393	7075337	7075729	3.10e-141	503
NC_003075.7:10870769-10871696	NC_003076.8	93.510	339	18	4	586	923	19081097	19081432	1.12e-140	501
NC_003075.7:10870769-10871696	NC_003076.8	92.507	347	21	5	585	927	7834438	7834783	6.72e-138	492
NC_003075.7:10870769-10871696	NC_003076.8	91.860	344	24	4	586	927	6072882	6072541	1.88e-133	477
NC_003075.7:10870769-10871696	NC_003076.8	90.374	374	18	5	36	393	12091648	12091277	6.77e-133	475
NC_003075.7:10870769-10871696	NC_003076.8	93.791	306	17	2	583	887	12091103	12090799	6.82e-128	459
NC_003075.7:10870769-10871696	NC_003076.8	96.216	185	7	0	209	393	5063067	5062883	3.38e-81	303
NC_003075.7:10870769-10871696	NC_003076.8	88.608	237	19	7	19	249	10270527	10270293	1.58e-74	281
NC_003075.7:10870769-10871696	NC_003076.8	92.670	191	10	3	14	202	6073039	6073227	9.53e-72	272
NC_003075.7:10870769-10871696	NC_003076.8	89.552	201	19	1	14	214	14732803	14732605	3.45e-66	254
NC_003075.7:10870769-10871696	NC_003076.8	95.172	145	7	0	249	393	18555809	18555953	5.82e-59	230
NC_003075.7:10870769-10871696	NC_003076.8	81.857	237	30	10	14	242	13676439	13676670	3.55e-46	187
NC_003075.7:10870769-10871696	NC_003076.8	84.076	157	14	6	246	392	9754558	9754713	2.80e-32	141
NC_003075.7:10870769-10871696	NC_003076.8	83.230	161	7	4	246	391	10269974	10269819	6.07e-29	130
NC_003075.7:10870769-10871696	NC_003076.8	96.429	56	2	0	209	264	18554858	18554913	7.96e-18	93.5
NC_003075.7:10870769-10871696	NC_003076.8	95.349	43	1	1	887	928	14694059	14694101	4.83e-10	67.6
NC_003075.7:10870769-10871696	NC_003074.8	95.979	373	12	3	22	393	20875605	20875975	2.98e-171	603
NC_003075.7:10870769-10871696	NC_003074.8	94.751	381	17	2	14	393	15978134	15977756	2.32e-167	590
NC_003075.7:10870769-10871696	NC_003074.8	93.979	382	19	3	14	393	5792497	5792876	6.49e-163	575
NC_003075.7:10870769-10871696	NC_003074.8	93.158	380	17	2	14	393	5380232	5379862	3.93e-155	549
NC_003075.7:10870769-10871696	NC_003074.8	94.767	344	13	5	586	927	20876149	20876489	1.42e-149	531
NC_003075.7:10870769-10871696	NC_003074.8	94.529	329	16	2	585	911	5793062	5793390	2.40e-142	507
NC_003075.7:10870769-10871696	NC_003074.8	92.464	345	23	3	585	926	5379674	5379330	2.42e-137	490
NC_003075.7:10870769-10871696	NC_003074.8	90.400	375	17	6	36	393	17033331	17033703	6.77e-133	475
NC_003075.7:10870769-10871696	NC_003074.8	93.464	306	18	2	583	887	17033877	17034181	3.17e-126	453
NC_003075.7:10870769-10871696	NC_003074.8	91.531	307	23	3	583	887	14286178	14286483	3.22e-116	420
NC_003075.7:10870769-10871696	NC_003074.8	90.554	307	21	5	588	887	15977592	15977287	4.19e-110	399
NC_003075.7:10870769-10871696	NC_003074.8	89.490	314	24	6	576	887	10842562	10842868	9.07e-107	388
NC_003075.7:10870769-10871696	NC_003074.8	93.249	237	12	3	14	249	14272659	14272892	5.54e-94	346
NC_003075.7:10870769-10871696	NC_003074.8	94.581	203	9	1	49	249	7921756	7921554	5.62e-84	313
NC_003075.7:10870769-10871696	NC_003074.8	93.000	200	11	3	583	780	7921180	7920982	9.46e-77	289
NC_003075.7:10870769-10871696	NC_003074.8	91.500	200	11	3	393	586	21609082	21608883	3.43e-71	270
NC_003075.7:10870769-10871696	NC_003074.8	93.413	167	8	2	14	180	10841550	10841713	2.08e-63	244
NC_003075.7:10870769-10871696	NC_003074.8	92.857	168	9	2	14	180	7922197	7922032	2.69e-62	241
NC_003075.7:10870769-10871696	NC_003074.8	91.667	168	11	2	14	180	7921928	7921763	5.82e-59	230
NC_003075.7:10870769-10871696	NC_003074.8	87.692	195	20	3	393	583	16418839	16418645	2.71e-57	224
NC_003075.7:10870769-10871696	NC_003074.8	87.117	163	5	3	246	392	10842240	10842402	3.58e-41	171
NC_003075.7:10870769-10871696	NC_003074.8	86.503	163	6	3	246	392	14285833	14285995	1.66e-39	165
NC_003075.7:10870769-10871696	NC_003074.8	85.161	155	13	10	246	393	10642947	10642796	4.66e-35	150
NC_003075.7:10870769-10871696	NC_003074.8	95.238	42	1	1	887	927	14286941	14286982	1.74e-09	65.8
NC_003075.7:10870769-10871696	NC_003070.9	93.979	382	15	5	14	393	21260146	21260521	8.39e-162	571
NC_003075.7:10870769-10871696	NC_003070.9	93.979	382	14	6	14	393	11352403	11352029	3.02e-161	569
NC_003075.7:10870769-10871696	NC_003070.9	95.455	352	16	0	42	393	13407453	13407804	5.05e-159	562
NC_003075.7:10870769-10871696	NC_003070.9	92.151	344	21	5	583	923	11351850	11351510	1.45e-134	481
NC_003075.7:10870769-10871696	NC_003070.9	92.082	341	20	6	583	919	21260694	21261031	2.43e-132	473
NC_003075.7:10870769-10871696	NC_003070.9	93.137	306	19	2	583	887	5658758	5658454	1.48e-124	448
NC_003075.7:10870769-10871696	NC_003070.9	91.919	297	15	6	588	883	13407968	13408256	2.50e-112	407
NC_003075.7:10870769-10871696	NC_003070.9	90.714	280	23	3	583	859	13156011	13156290	3.29e-101	370
NC_003075.7:10870769-10871696	NC_003070.9	89.700	233	21	2	18	249	17405753	17405523	2.03e-78	294
NC_003075.7:10870769-10871696	NC_003070.9	89.565	230	21	2	21	249	17406188	17405961	9.46e-77	289
NC_003075.7:10870769-10871696	NC_003070.9	90.000	200	16	2	388	583	22592623	22592822	9.60e-67	255
NC_003075.7:10870769-10871696	NC_003070.9	88.945	199	17	3	389	583	16163788	16163985	2.69e-62	241
NC_003075.7:10870769-10871696	NC_003070.9	88.670	203	8	3	206	393	5659134	5658932	4.50e-60	233
NC_003075.7:10870769-10871696	NC_003070.9	83.333	198	22	7	392	583	11088833	11089025	9.94e-42	172
NC_003075.7:10870769-10871696	NC_003070.9	82.927	205	16	8	386	586	15857019	15856830	4.63e-40	167
NC_003075.7:10870769-10871696	NC_003070.9	84.906	159	12	7	246	393	14297191	14297034	4.66e-35	150
NC_003075.7:10870769-10871696	NC_003070.9	83.832	167	6	8	242	393	17110893	17111053	1.01e-31	139
NC_003075.7:10870769-10871696	NC_003070.9	83.784	148	16	4	246	393	17108082	17108221	4.69e-30	134
NC_003075.7:10870769-10871696	NC_003070.9	97.059	68	1	1	326	393	16317447	16317513	6.11e-24	113
NC_003075.7:10870769-10871696	NC_003070.9	90.411	73	2	1	246	318	17405357	17405290	2.86e-17	91.6
NC_003075.7:10870769-10871696	NC_003070.9	88.462	78	4	2	246	323	17102823	17102895	1.03e-16	89.8
NC_003075.7:10870769-10871696	NC_003070.9	95.349	43	0	2	887	928	13409285	13409326	4.83e-10	67.6
NC_003075.7:10870769-10871696	NC_003070.9	95.238	42	2	0	246	287	17405795	17405754	4.83e-10	67.6
NC_003075.7:10870769-10871696	NC_003070.9	97.436	39	0	1	890	927	5657973	5657935	1.74e-09	65.8
NC_003075.7:10744394-10744646	NC_003075.7	100.000	253	0	0	1	253	10744394	10744646	2.86e-131	468
NC_003075.7:10744394-10744646	NC_003074.8	79.070	258	46	8	1	253	16934426	16934172	9.04e-42	171
NC_003075.7:10744394-10744646	NC_003074.8	80.000	230	37	7	26	253	17623431	17623209	5.44e-39	161
NC_003075.7:10744394-10744646	NC_003076.8	79.832	238	41	6	21	253	21425478	21425243	1.17e-40	167
NC_003075.7:10744394-10744646	NC_003071.7	80.645	217	37	5	6	219	1976778	1976564	1.51e-39	163
NC_003076.8:8353201-8354510	NC_003076.8	100.000	1310	0	0	1	1310	8354510	8353201	0.0	2420
NC_003076.8:8353201-8354510	NC_003076.8	92.754	1311	78	8	1	1310	15043428	15042134	0.0	1879
NC_003076.8:8353201-8354510	NC_003076.8	92.466	1314	82	12	1	1310	24476591	24475291	0.0	1862
NC_003076.8:8353201-8354510	NC_003076.8	91.704	1326	81	15	1	1310	22232264	22230952	0.0	1812
NC_003076.8:8353201-8354510	NC_003076.8	92.278	1282	79	9	1	1276	5978053	5976786	0.0	1801
NC_003076.8:8353201-8354510	NC_003076.8	92.715	1153	68	9	159	1310	20681453	20680316	0.0	1650
NC_003076.8:8353201-8354510	NC_003076.8	92.461	1154	69	12	159	1310	8766666	8767803	0.0	1633
NC_003076.8:8353201-8354510	NC_003076.8	92.368	1153	69	14	159	1310	8745759	8744625	0.0	1624
NC_003076.8:8353201-8354510	NC_003076.8	92.288	1154	73	14	159	1310	19741654	19740515	0.0	1624
NC_003076.8:8353201-8354510	NC_003076.8	92.288	1154	72	15	159	1310	5429094	5427956	0.0	1622
NC_003076.8:8353201-8354510	NC_003076.8	91.997	1162	74	10	148	1308	24186970	24185827	0.0	1613
NC_003076.8:8353201-8354510	NC_003076.8	91.948	1155	66	13	159	1310	9964077	9962947	0.0	1592
NC_003076.8:8353201-8354510	NC_003076.8	91.768	1154	71	11	159	1310	1897707	1896576	0.0	1583
NC_003076.8:8353201-8354510	NC_003076.8	91.473	1161	75	11	151	1310	16357407	16358544	0.0	1574
NC_003076.8:8353201-8354510	NC_003076.8	91.522	1156	79	12	159	1310	17365983	17367123	0.0	1574
NC_003076.8:8353201-8354510	NC_003076.8	91.530	1157	71	13	159	1310	14081897	14080763	0.0	1568
NC_003076.8:8353201-8354510	NC_003076.8	91.260	1167	77	12	147	1310	17776658	17777802	0.0	1567
NC_003076.8:8353201-8354510	NC_003076.8	93.241	1006	50	15	279	1282	18854900	18855889	0.0	1465
NC_003076.8:8353201-8354510	NC_003076.8	91.866	1045	69	9	159	1202	14150343	14149314	0.0	1445
NC_003076.8:8353201-8354510	NC_003076.8	91.485	1010	68	12	302	1310	4313874	4314866	0.0	1373
NC_003076.8:8353201-8354510	NC_003076.8	92.013	939	58	10	373	1310	11026974	11027896	0.0	1303
NC_003076.8:8353201-8354510	NC_003076.8	88.972	1070	75	19	1	1068	10714424	10715452	0.0	1282
NC_003076.8:8353201-8354510	NC_003076.8	88.566	1032	64	27	281	1310	21530929	21531908	0.0	1203
NC_003076.8:8353201-8354510	NC_003076.8	90.887	812	59	12	500	1310	15605466	15604669	0.0	1075
NC_003076.8:8353201-8354510	NC_003076.8	92.958	710	49	1	1	710	15577425	15576717	0.0	1033
NC_003076.8:8353201-8354510	NC_003076.8	92.817	710	51	0	1	710	21777032	21776323	0.0	1029
NC_003076.8:8353201-8354510	NC_003076.8	90.421	783	59	8	531	1310	4780979	4780210	0.0	1016
NC_003076.8:8353201-8354510	NC_003076.8	90.759	606	41	7	707	1310	7153776	7153184	0.0	795
NC_003076.8:8353201-8354510	NC_003076.8	90.212	613	45	7	699	1310	25905017	25905615	0.0	785
NC_003076.8:8353201-8354510	NC_003076.8	90.141	497	34	11	815	1310	21776269	21775787	5.40e-180	632
NC_003076.8:8353201-8354510	NC_003076.8	89.738	497	37	6	815	1310	15576663	15576180	3.25e-177	623
NC_003076.8:8353201-8354510	NC_003076.8	93.580	405	18	4	159	561	20281045	20280647	1.97e-169	597
NC_003076.8:8353201-8354510	NC_003076.8	92.574	404	23	3	159	561	9591350	9591747	3.32e-162	573
NC_003076.8:8353201-8354510	NC_003076.8	91.525	413	29	6	899	1310	17796545	17796138	2.00e-159	564
NC_003076.8:8353201-8354510	NC_003076.8	92.895	380	24	3	159	538	4313474	4313850	5.59e-155	549
NC_003076.8:8353201-8354510	NC_003076.8	89.183	453	30	8	859	1310	9134290	9134724	2.01e-154	547
NC_003076.8:8353201-8354510	NC_003076.8	89.302	430	35	3	882	1310	21584595	21584176	7.29e-149	529
NC_003076.8:8353201-8354510	NC_003076.8	94.412	340	19	0	2	341	20280646	20280307	3.39e-147	523
NC_003076.8:8353201-8354510	NC_003076.8	92.084	379	14	6	159	535	9558551	9558187	4.38e-146	520
NC_003076.8:8353201-8354510	NC_003076.8	93.805	339	21	0	2	340	9591748	9592086	2.64e-143	510
NC_003076.8:8353201-8354510	NC_003076.8	95.484	310	13	1	159	468	4781290	4780982	2.66e-138	494
NC_003076.8:8353201-8354510	NC_003076.8	92.219	347	26	1	1	347	9133953	9134298	3.44e-137	490
NC_003076.8:8353201-8354510	NC_003076.8	89.812	373	26	12	947	1310	25264968	25265337	1.61e-130	468
NC_003076.8:8353201-8354510	NC_003076.8	94.097	288	16	1	509	796	17617546	17617260	4.54e-121	436
NC_003076.8:8353201-8354510	NC_003076.8	93.750	288	17	1	509	796	20280291	20280005	2.11e-119	431
NC_003076.8:8353201-8354510	NC_003076.8	92.593	270	20	0	1	270	25904732	25905001	1.29e-106	388
NC_003076.8:8353201-8354510	NC_003076.8	93.304	224	13	1	159	380	11026281	11026504	7.93e-89	329
NC_003076.8:8353201-8354510	NC_003076.8	94.086	186	11	0	159	344	17617744	17617559	6.26e-75	283
NC_003076.8:8353201-8354510	NC_003076.8	91.620	179	12	3	1134	1310	10715445	10715622	2.96e-63	244
NC_003076.8:8353201-8354510	NC_003076.8	90.608	181	9	5	151	331	15605668	15605496	6.40e-60	233
NC_003076.8:8353201-8354510	NC_003075.7	92.813	1308	78	8	4	1310	11193567	11192275	0.0	1881
NC_003076.8:8353201-8354510	NC_003075.7	91.318	1313	97	10	1	1310	372086	370788	0.0	1777
NC_003076.8:8353201-8354510	NC_003075.7	91.103	1315	96	13	1	1310	6166464	6165166	0.0	1760
NC_003076.8:8353201-8354510	NC_003075.7	92.900	1155	66	8	159	1310	8064563	8065704	0.0	1664
NC_003076.8:8353201-8354510	NC_003075.7	91.955	1156	65	13	159	1310	5540448	5539317	0.0	1594
NC_003076.8:8353201-8354510	NC_003075.7	91.602	1167	74	10	147	1310	11361800	11362945	0.0	1591
NC_003076.8:8353201-8354510	NC_003075.7	91.508	1154	73	12	159	1310	1350526	1351656	0.0	1565
NC_003076.8:8353201-8354510	NC_003075.7	91.414	1153	73	15	159	1310	8729528	8728401	0.0	1557
NC_003076.8:8353201-8354510	NC_003075.7	91.146	1152	78	17	159	1308	1001051	999922	0.0	1541
NC_003076.8:8353201-8354510	NC_003075.7	90.579	1157	65	24	159	1310	4147065	4148182	0.0	1493
NC_003076.8:8353201-8354510	NC_003075.7	91.921	1015	65	9	298	1310	16864262	16863263	0.0	1404
NC_003076.8:8353201-8354510	NC_003075.7	91.542	804	51	10	509	1310	683570	684358	0.0	1092
NC_003076.8:8353201-8354510	NC_003075.7	91.315	783	52	11	531	1310	10396118	10395349	0.0	1055
NC_003076.8:8353201-8354510	NC_003075.7	90.299	670	50	7	452	1120	965061	964406	0.0	863
NC_003076.8:8353201-8354510	NC_003075.7	92.934	467	32	1	1	467	965799	965334	0.0	678
NC_003076.8:8353201-8354510	NC_003075.7	88.126	539	44	10	773	1310	14390781	14390262	3.25e-177	623
NC_003076.8:8353201-8354510	NC_003075.7	97.097	310	9	0	159	468	10396429	10396120	3.39e-147	523
NC_003076.8:8353201-8354510	NC_003075.7	92.486	346	25	1	1	346	683213	683557	2.66e-138	494
NC_003076.8:8353201-8354510	NC_003075.7	88.052	385	32	7	899	1283	7853292	7852922	2.71e-123	444
NC_003076.8:8353201-8354510	NC_003075.7	91.111	270	18	1	1	270	8802132	8802395	2.81e-98	361
NC_003076.8:8353201-8354510	NC_003075.7	93.000	200	13	1	1	200	14390988	14390790	3.74e-77	291
NC_003076.8:8353201-8354510	NC_003075.7	90.476	189	15	3	1123	1310	963860	963674	8.22e-64	246
NC_003076.8:8353201-8354510	NC_003075.7	90.840	131	12	0	1	131	2520884	2521014	1.09e-42	176
NC_003076.8:8353201-8354510	NC_003074.8	91.756	1310	87	12	1	1308	17729940	17731230	0.0	1801
NC_003076.8:8353201-8354510	NC_003074.8	91.483	1315	89	14	1	1310	17776769	17778065	0.0	1786
NC_003076.8:8353201-8354510	NC_003074.8	90.834	1331	77	20	1	1308	16419144	16420452	0.0	1740
NC_003076.8:8353201-8354510	NC_003074.8	90.694	1311	83	15	1	1310	9767629	9766357	0.0	1709
NC_003076.8:8353201-8354510	NC_003074.8	91.845	1165	72	9	147	1310	17276885	17275743	0.0	1604
NC_003076.8:8353201-8354510	NC_003074.8	92.098	1139	67	18	159	1289	10820486	10819363	0.0	1583
NC_003076.8:8353201-8354510	NC_003074.8	91.021	1136	81	11	159	1293	15938226	15939341	0.0	1513
NC_003076.8:8353201-8354510	NC_003074.8	90.480	1166	81	14	147	1310	22119520	22120657	0.0	1511
NC_003076.8:8353201-8354510	NC_003074.8	90.468	1154	79	14	159	1310	20787323	20788447	0.0	1493
NC_003076.8:8353201-8354510	NC_003074.8	91.859	1081	61	9	1	1080	11503761	11502707	0.0	1483
NC_003076.8:8353201-8354510	NC_003074.8	90.068	1168	66	23	159	1310	17143580	17142447	0.0	1469
NC_003076.8:8353201-8354510	NC_003074.8	90.225	1156	64	24	159	1310	16562477	16563587	0.0	1463
NC_003076.8:8353201-8354510	NC_003074.8	89.869	1145	76	13	159	1288	11536758	11537877	0.0	1435
NC_003076.8:8353201-8354510	NC_003074.8	88.995	1154	74	14	159	1310	15452557	15451455	0.0	1378
NC_003076.8:8353201-8354510	NC_003074.8	90.909	1023	60	13	292	1310	16451587	16452580	0.0	1343
NC_003076.8:8353201-8354510	NC_003074.8	90.981	1009	63	13	304	1310	17062368	17061386	0.0	1334
NC_003076.8:8353201-8354510	NC_003074.8	90.099	1010	59	20	304	1310	7995800	7994829	0.0	1273
NC_003076.8:8353201-8354510	NC_003074.8	91.612	918	48	9	1	917	10320412	10321301	0.0	1242
NC_003076.8:8353201-8354510	NC_003074.8	92.413	804	46	7	509	1310	18412509	18413299	0.0	1133
NC_003076.8:8353201-8354510	NC_003074.8	92.174	805	47	8	509	1310	18019136	18019927	0.0	1123
NC_003076.8:8353201-8354510	NC_003074.8	91.315	806	52	10	509	1310	13327791	13328582	0.0	1085
NC_003076.8:8353201-8354510	NC_003074.8	90.683	805	57	13	509	1310	3965358	3966147	0.0	1055
NC_003076.8:8353201-8354510	NC_003074.8	91.921	755	45	9	557	1310	10556871	10556132	0.0	1042
NC_003076.8:8353201-8354510	NC_003074.8	93.988	682	39	1	1	682	11967653	11968332	0.0	1031
NC_003076.8:8353201-8354510	NC_003074.8	90.596	755	48	7	557	1310	10575083	10574351	0.0	979
NC_003076.8:8353201-8354510	NC_003074.8	89.885	781	47	7	531	1310	15485278	15484529	0.0	976
NC_003076.8:8353201-8354510	NC_003074.8	90.107	657	49	11	654	1310	5744483	5743843	0.0	839
NC_003076.8:8353201-8354510	NC_003074.8	92.529	522	29	3	159	680	5744998	5744487	0.0	739
NC_003076.8:8353201-8354510	NC_003074.8	94.082	490	20	6	147	635	9384863	9384382	0.0	736
NC_003076.8:8353201-8354510	NC_003074.8	94.480	471	23	3	1	468	15485750	15485280	0.0	723
NC_003076.8:8353201-8354510	NC_003074.8	93.319	464	30	1	1	463	10557346	10556883	0.0	684
NC_003076.8:8353201-8354510	NC_003074.8	93.853	423	23	3	52	473	10575506	10575086	1.50e-180	634
NC_003076.8:8353201-8354510	NC_003074.8	92.910	409	20	5	156	561	17300342	17299940	4.26e-166	586
NC_003076.8:8353201-8354510	NC_003074.8	93.623	345	21	1	2	346	17299939	17299596	2.04e-144	514
NC_003076.8:8353201-8354510	NC_003074.8	92.775	346	24	1	1	346	13327434	13327778	5.71e-140	499
NC_003076.8:8353201-8354510	NC_003074.8	92.197	346	24	3	1	346	18412154	18412496	4.45e-136	486
NC_003076.8:8353201-8354510	NC_003074.8	91.931	347	25	3	1	347	18018781	18019124	5.75e-135	483
NC_003076.8:8353201-8354510	NC_003074.8	92.570	323	23	1	20	341	3965020	3965342	7.49e-129	462
NC_003076.8:8353201-8354510	NC_003074.8	94.792	288	14	1	509	796	17299583	17299297	2.10e-124	448
NC_003076.8:8353201-8354510	NC_003074.8	90.173	346	19	6	1	346	1571380	1571710	4.54e-121	436
NC_003076.8:8353201-8354510	NC_003074.8	93.571	280	16	2	1032	1310	11968339	11968617	5.92e-115	416
NC_003076.8:8353201-8354510	NC_003074.8	93.103	232	15	1	1044	1275	11200950	11201180	1.32e-91	339
NC_003076.8:8353201-8354510	NC_003074.8	88.538	253	17	7	1069	1310	8757570	8757821	8.04e-79	296
NC_003076.8:8353201-8354510	NC_003071.7	91.546	1313	85	15	1	1310	7814691	7813402	0.0	1786
NC_003076.8:8353201-8354510	NC_003071.7	90.930	1312	100	12	1	1310	7169524	7168230	0.0	1746
NC_003076.8:8353201-8354510	NC_003071.7	92.042	1156	73	12	159	1310	12801954	12803094	0.0	1607
NC_003076.8:8353201-8354510	NC_003071.7	91.845	1165	71	11	147	1310	395726	394585	0.0	1604
NC_003076.8:8353201-8354510	NC_003071.7	91.890	1159	69	12	156	1310	500923	502060	0.0	1596
NC_003076.8:8353201-8354510	NC_003071.7	91.768	1154	74	12	159	1310	13267871	13269005	0.0	1585
NC_003076.8:8353201-8354510	NC_003071.7	91.580	1152	72	12	159	1308	13907797	13906669	0.0	1567
NC_003076.8:8353201-8354510	NC_003071.7	91.421	1154	71	15	159	1310	6924418	6923291	0.0	1557
NC_003076.8:8353201-8354510	NC_003071.7	90.996	1155	76	14	159	1310	17254287	17253158	0.0	1531
NC_003076.8:8353201-8354510	NC_003071.7	91.871	1058	67	10	256	1310	6663080	6664121	0.0	1459
NC_003076.8:8353201-8354510	NC_003071.7	91.714	1062	72	9	216	1277	12093447	12092402	0.0	1459
NC_003076.8:8353201-8354510	NC_003071.7	91.950	969	61	9	325	1293	6803425	6804376	0.0	1341
NC_003076.8:8353201-8354510	NC_003071.7	90.864	1018	60	15	299	1310	543175	544165	0.0	1334
NC_003076.8:8353201-8354510	NC_003071.7	91.929	954	52	11	159	1109	11286196	11285265	0.0	1312
NC_003076.8:8353201-8354510	NC_003071.7	91.168	985	60	12	301	1285	14334657	14335614	0.0	1312
NC_003076.8:8353201-8354510	NC_003071.7	92.067	895	56	7	417	1310	13336704	13335824	0.0	1245
NC_003076.8:8353201-8354510	NC_003071.7	91.364	880	51	15	439	1310	7960700	7961562	0.0	1181
NC_003076.8:8353201-8354510	NC_003071.7	91.915	804	48	13	509	1310	6101020	6100232	0.0	1109
NC_003076.8:8353201-8354510	NC_003071.7	91.791	804	49	10	509	1310	7112140	7112928	0.0	1103
NC_003076.8:8353201-8354510	NC_003071.7	89.716	739	57	10	574	1310	3213046	3212325	0.0	926
NC_003076.8:8353201-8354510	NC_003071.7	89.665	687	54	9	624	1308	709400	710071	0.0	859
NC_003076.8:8353201-8354510	NC_003071.7	91.820	489	30	4	147	633	708360	708840	0.0	673
NC_003076.8:8353201-8354510	NC_003071.7	92.609	460	22	9	143	601	13337152	13336704	0.0	651
NC_003076.8:8353201-8354510	NC_003071.7	89.407	472	33	8	699	1168	3564666	3565122	7.13e-164	579
NC_003076.8:8353201-8354510	NC_003071.7	92.208	385	29	1	17	401	7959807	7960190	2.60e-153	544
NC_003076.8:8353201-8354510	NC_003071.7	94.169	343	18	2	1	342	7111784	7112125	1.22e-146	521
NC_003076.8:8353201-8354510	NC_003071.7	93.642	346	21	1	1	346	4024201	4024545	5.67e-145	516
NC_003076.8:8353201-8354510	NC_003071.7	92.962	341	24	0	1	341	980617	980277	2.05e-139	497
NC_003076.8:8353201-8354510	NC_003071.7	95.833	288	11	1	509	796	4024558	4024844	2.08e-129	464
NC_003076.8:8353201-8354510	NC_003071.7	94.118	289	16	1	509	797	980261	979974	1.26e-121	438
NC_003076.8:8353201-8354510	NC_003071.7	94.297	263	15	0	1	263	3213354	3213092	4.61e-111	403
NC_003076.8:8353201-8354510	NC_003071.7	92.171	281	20	2	1031	1310	2962573	2962294	7.71e-109	396
NC_003076.8:8353201-8354510	NC_003071.7	94.488	254	13	1	1028	1281	3565126	3565378	3.59e-107	390
NC_003076.8:8353201-8354510	NC_003071.7	92.593	270	19	1	1	270	3564382	3564650	4.64e-106	387
NC_003076.8:8353201-8354510	NC_003071.7	92.636	258	19	0	7	264	6660967	6661224	1.30e-101	372
NC_003076.8:8353201-8354510	NC_003071.7	81.766	351	52	9	2	347	6101375	6101032	6.26e-75	283
NC_003076.8:8353201-8354510	NC_003071.7	93.407	91	6	0	159	249	7153795	7153705	1.86e-30	135
NC_003076.8:8353201-8354510	NC_003071.7	95.000	60	3	0	147	206	6101274	6101215	3.15e-18	95.3
NC_003076.8:8353201-8354510	NC_003071.7	94.000	50	3	0	59	108	6803321	6803370	1.14e-12	76.8
NC_003076.8:8353201-8354510	NC_003071.7	97.561	41	1	0	159	199	12093482	12093442	5.31e-11	71.3
NC_003076.8:8353201-8354510	NC_003070.9	91.324	1314	85	17	1	1310	28161034	28162322	0.0	1768
NC_003076.8:8353201-8354510	NC_003070.9	91.235	1312	89	15	1	1310	3413553	3414840	0.0	1762
NC_003076.8:8353201-8354510	NC_003070.9	92.394	1157	69	10	159	1310	7036148	7037290	0.0	1631
NC_003076.8:8353201-8354510	NC_003070.9	92.461	1154	65	16	159	1310	13059763	13060896	0.0	1629
NC_003076.8:8353201-8354510	NC_003070.9	92.110	1166	64	13	147	1310	15940039	15941178	0.0	1618
NC_003076.8:8353201-8354510	NC_003070.9	92.155	1160	63	13	155	1310	11700592	11701727	0.0	1613
NC_003076.8:8353201-8354510	NC_003070.9	91.854	1154	70	10	159	1310	16904733	16905864	0.0	1589
NC_003076.8:8353201-8354510	NC_003070.9	91.674	1165	70	12	147	1310	22450867	22452005	0.0	1589
NC_003076.8:8353201-8354510	NC_003070.9	92.145	1133	66	10	159	1289	8115710	8116821	0.0	1578
NC_003076.8:8353201-8354510	NC_003070.9	91.594	1154	70	13	159	1310	19994809	19993681	0.0	1568
NC_003076.8:8353201-8354510	NC_003070.9	91.587	1153	67	10	159	1310	9817151	9818274	0.0	1565
NC_003076.8:8353201-8354510	NC_003070.9	91.429	1155	68	22	159	1310	26170521	26169395	0.0	1555
NC_003076.8:8353201-8354510	NC_003070.9	91.799	1134	66	13	181	1310	18791754	18792864	0.0	1554
NC_003076.8:8353201-8354510	NC_003070.9	90.644	1165	72	13	147	1310	13016979	13015851	0.0	1513
NC_003076.8:8353201-8354510	NC_003070.9	92.105	1064	66	11	251	1310	19769039	19767990	0.0	1483
NC_003076.8:8353201-8354510	NC_003070.9	90.061	1157	77	14	159	1310	17900819	17901942	0.0	1465
NC_003076.8:8353201-8354510	NC_003070.9	89.870	1155	80	19	159	1308	9866468	9865346	0.0	1450
NC_003076.8:8353201-8354510	NC_003070.9	91.429	1015	70	9	298	1310	4786256	4787255	0.0	1376
NC_003076.8:8353201-8354510	NC_003070.9	93.033	933	48	9	159	1090	30254567	30253651	0.0	1347
NC_003076.8:8353201-8354510	NC_003070.9	93.036	919	56	6	1	917	12876928	12876016	0.0	1336
NC_003076.8:8353201-8354510	NC_003070.9	90.981	1009	63	13	304	1310	16825388	16826370	0.0	1334
NC_003076.8:8353201-8354510	NC_003070.9	90.972	1008	61	14	307	1310	19466071	19465090	0.0	1330
NC_003076.8:8353201-8354510	NC_003070.9	90.891	1010	63	14	304	1310	12365009	12365992	0.0	1328
NC_003076.8:8353201-8354510	NC_003070.9	90.686	1020	60	17	299	1310	16326311	16327303	0.0	1325
NC_003076.8:8353201-8354510	NC_003070.9	90.783	1009	61	16	304	1310	12563207	12562229	0.0	1319
NC_003076.8:8353201-8354510	NC_003070.9	90.462	1017	63	16	299	1310	23214532	23215519	0.0	1310
NC_003076.8:8353201-8354510	NC_003070.9	94.682	771	35	5	148	917	16998396	16997631	0.0	1192
NC_003076.8:8353201-8354510	NC_003070.9	91.656	803	50	8	509	1310	23876482	23877268	0.0	1096
NC_003076.8:8353201-8354510	NC_003070.9	91.256	812	57	7	500	1310	19063794	19064592	0.0	1094
NC_003076.8:8353201-8354510	NC_003070.9	88.975	907	61	17	159	1050	11736466	11735584	0.0	1085
NC_003076.8:8353201-8354510	NC_003070.9	90.665	782	52	12	531	1310	19327999	19327237	0.0	1020
NC_003076.8:8353201-8354510	NC_003070.9	89.836	610	39	9	702	1310	499960	499373	0.0	761
NC_003076.8:8353201-8354510	NC_003070.9	90.433	554	33	14	761	1310	8489951	8489414	0.0	712
NC_003076.8:8353201-8354510	NC_003070.9	92.415	501	29	3	147	646	500456	499964	0.0	706
NC_003076.8:8353201-8354510	NC_003070.9	89.170	554	42	9	761	1310	25963004	25962465	0.0	675
NC_003076.8:8353201-8354510	NC_003070.9	88.082	537	37	12	775	1310	18790338	18790848	7.03e-174	612
NC_003076.8:8353201-8354510	NC_003070.9	93.333	405	19	4	159	561	12329113	12328715	9.16e-168	592
NC_003076.8:8353201-8354510	NC_003070.9	93.086	405	20	4	159	561	22621779	22621381	4.26e-166	586
NC_003076.8:8353201-8354510	NC_003070.9	92.593	405	22	4	159	561	22993120	22992722	9.23e-163	575
NC_003076.8:8353201-8354510	NC_003070.9	92.593	405	22	4	159	561	30252166	30251768	9.23e-163	575
NC_003076.8:8353201-8354510	NC_003070.9	91.041	413	31	6	899	1310	23554198	23553791	4.32e-156	553
NC_003076.8:8353201-8354510	NC_003070.9	94.118	340	20	0	2	341	22992721	22992382	1.58e-145	518
NC_003076.8:8353201-8354510	NC_003070.9	93.878	343	21	0	2	344	30251767	30251425	1.58e-145	518
NC_003076.8:8353201-8354510	NC_003070.9	93.529	340	21	1	2	341	12328714	12328376	1.23e-141	505
NC_003076.8:8353201-8354510	NC_003070.9	95.513	312	14	0	159	470	19328311	19328000	5.71e-140	499
NC_003076.8:8353201-8354510	NC_003070.9	93.195	338	23	0	4	341	22621378	22621041	2.05e-139	497
NC_003076.8:8353201-8354510	NC_003070.9	94.810	289	14	1	509	797	22992366	22992079	5.83e-125	449
NC_003076.8:8353201-8354510	NC_003070.9	94.483	290	14	2	509	797	22621025	22620737	7.55e-124	446
NC_003076.8:8353201-8354510	NC_003070.9	93.772	289	17	1	509	797	30251412	30251125	5.88e-120	433
NC_003076.8:8353201-8354510	NC_003070.9	93.750	288	17	1	509	796	12328360	12328074	2.11e-119	431
NC_003076.8:8353201-8354510	NC_003070.9	91.919	297	24	0	45	341	23876170	23876466	5.92e-115	416
NC_003076.8:8353201-8354510	NC_003070.9	90.421	261	22	2	4	264	19769830	19769573	3.66e-92	340
NC_003076.8:8353201-8354510	NC_003070.9	92.208	231	14	4	1	231	18790103	18790329	3.69e-87	324
NC_003076.8:8353201-8354510	NC_003070.9	92.857	224	14	2	1088	1310	30253364	30253142	3.69e-87	324
NC_003076.8:8353201-8354510	NC_003070.9	90.217	184	10	5	148	331	19063589	19063764	6.40e-60	233
NC_003076.8:8353201-8354510	NC_003070.9	90.184	163	10	4	1	163	16998955	16998799	3.88e-52	207
NC_003076.8:8353201-8354510	NC_003070.9	90.123	81	8	0	1	81	8291571	8291491	1.45e-21	106
NC_003076.8:8682979-8685091	NC_003076.8	100.000	2113	0	0	1	2113	8682979	8685091	0.0	3903
NC_003076.8:8682979-8685091	NC_003076.8	93.340	2117	113	11	1	2113	7711131	7713223	0.0	3103
NC_003076.8:8682979-8685091	NC_003076.8	91.592	2117	122	34	1	2113	354140	356204	0.0	2872
NC_003076.8:8682979-8685091	NC_003076.8	91.763	1894	126	16	225	2113	19670974	19672842	0.0	2606
NC_003076.8:8682979-8685091	NC_003076.8	92.148	1541	100	10	576	2113	20398316	20399838	0.0	2156
NC_003076.8:8682979-8685091	NC_003076.8	91.395	1441	89	14	1	1437	13918790	13917381	0.0	1941
NC_003076.8:8682979-8685091	NC_003076.8	92.851	1147	70	8	1	1142	15342696	15341557	0.0	1653
NC_003076.8:8682979-8685091	NC_003076.8	92.274	1126	80	7	1	1123	14761183	14760062	0.0	1591
NC_003076.8:8682979-8685091	NC_003076.8	93.478	782	47	4	1	780	19931558	19930779	0.0	1158
NC_003076.8:8682979-8685091	NC_003076.8	93.478	782	45	6	1	780	5129834	5129057	0.0	1157
NC_003076.8:8682979-8685091	NC_003076.8	93.863	717	37	5	140	851	8765944	8766658	0.0	1074
NC_003076.8:8682979-8685091	NC_003076.8	93.759	721	36	8	138	851	17365257	17365975	0.0	1074
NC_003076.8:8682979-8685091	NC_003076.8	93.733	718	39	5	140	854	20682172	20681458	0.0	1072
NC_003076.8:8682979-8685091	NC_003076.8	93.065	721	39	6	140	850	19742382	19741663	0.0	1044
NC_003076.8:8682979-8685091	NC_003076.8	92.877	716	39	8	140	849	24187678	24186969	0.0	1029
NC_003076.8:8682979-8685091	NC_003076.8	92.192	730	41	10	140	854	5429827	5429099	0.0	1018
NC_003076.8:8682979-8685091	NC_003076.8	92.083	720	46	8	140	851	11025557	11026273	0.0	1003
NC_003076.8:8682979-8685091	NC_003076.8	92.083	720	44	9	140	854	14151059	14150348	0.0	1002
NC_003076.8:8682979-8685091	NC_003076.8	91.944	720	38	11	140	854	4781999	4781295	0.0	990
NC_003076.8:8682979-8685091	NC_003076.8	91.806	720	36	6	140	854	17618450	17617749	0.0	981
NC_003076.8:8682979-8685091	NC_003076.8	91.632	717	38	5	140	851	15606367	15605668	0.0	972
NC_003076.8:8682979-8685091	NC_003076.8	91.540	721	36	8	140	854	4312768	4313469	0.0	970
NC_003076.8:8682979-8685091	NC_003076.8	91.528	720	37	7	140	854	20281750	20281050	0.0	970
NC_003076.8:8682979-8685091	NC_003076.8	91.262	721	38	8	140	854	8746465	8745764	0.0	959
NC_003076.8:8682979-8685091	NC_003076.8	91.353	717	36	7	140	848	18854200	18854898	0.0	957
NC_003076.8:8682979-8685091	NC_003076.8	91.111	720	40	7	140	854	9964782	9964082	0.0	953
NC_003076.8:8682979-8685091	NC_003076.8	90.746	724	42	8	140	858	9590645	9591348	0.0	942
NC_003076.8:8682979-8685091	NC_003076.8	91.011	712	40	7	140	845	17775963	17776656	0.0	939
NC_003076.8:8682979-8685091	NC_003076.8	90.082	736	54	12	140	859	9612816	9613548	0.0	937
NC_003076.8:8682979-8685091	NC_003076.8	90.278	720	45	9	140	854	14082601	14081902	0.0	918
NC_003076.8:8682979-8685091	NC_003076.8	93.821	615	31	6	132	740	21530313	21530926	0.0	918
NC_003076.8:8682979-8685091	NC_003076.8	90.463	713	42	8	140	845	16356709	16357402	0.0	917
NC_003076.8:8682979-8685091	NC_003076.8	90.014	721	45	10	140	854	1898411	1897712	0.0	907
NC_003076.8:8682979-8685091	NC_003076.8	92.063	630	49	1	1484	2113	17956547	17957175	0.0	885
NC_003076.8:8682979-8685091	NC_003076.8	88.705	726	52	11	140	854	9559262	9558556	0.0	859
NC_003076.8:8682979-8685091	NC_003076.8	91.024	635	52	5	1481	2113	13983692	13984323	0.0	852
NC_003076.8:8682979-8685091	NC_003076.8	91.522	578	48	1	1536	2113	19930787	19930211	0.0	795
NC_003076.8:8682979-8685091	NC_003076.8	91.003	578	48	2	1536	2113	5129065	5128492	0.0	776
NC_003076.8:8682979-8685091	NC_003076.8	88.509	644	48	13	853	1495	13982657	13983275	0.0	756
NC_003076.8:8682979-8685091	NC_003076.8	91.951	410	26	6	140	544	7154204	7153797	2.51e-160	568
NC_003076.8:8682979-8685091	NC_003076.8	93.169	366	22	3	1	364	3020196	3019832	2.55e-150	534
NC_003076.8:8682979-8685091	NC_003076.8	95.425	306	14	0	535	840	3019829	3019524	2.01e-136	488
NC_003076.8:8682979-8685091	NC_003076.8	92.171	281	14	4	1165	1444	15341564	15341291	5.83e-107	390
NC_003076.8:8682979-8685091	NC_003076.8	94.030	67	4	0	2047	2113	13917359	13917293	3.06e-20	102
NC_003076.8:8682979-8685091	NC_003070.9	92.884	2094	126	8	1	2092	1977166	1975094	0.0	3020
NC_003076.8:8682979-8685091	NC_003070.9	91.718	2113	119	31	1	2113	12855993	12853937	0.0	2881
NC_003076.8:8682979-8685091	NC_003070.9	90.686	2115	148	16	1	2113	8291571	8289504	0.0	2769
NC_003076.8:8682979-8685091	NC_003070.9	89.716	2110	158	32	5	2081	18747044	18744961	0.0	2639
NC_003076.8:8682979-8685091	NC_003070.9	92.923	1413	72	14	27	1437	29320705	29319319	0.0	2030
NC_003076.8:8682979-8685091	NC_003070.9	92.090	1416	78	19	28	1437	17255	18642	0.0	1964
NC_003076.8:8682979-8685091	NC_003070.9	91.187	1441	96	17	1	1437	6735864	6737277	0.0	1929
NC_003076.8:8682979-8685091	NC_003070.9	91.089	1414	95	15	28	1437	3074698	3073312	0.0	1884
NC_003076.8:8682979-8685091	NC_003070.9	91.817	1161	77	9	880	2039	14298879	14297736	0.0	1602
NC_003076.8:8682979-8685091	NC_003070.9	94.336	971	49	6	1	970	14299842	14298877	0.0	1483
NC_003076.8:8682979-8685091	NC_003070.9	92.607	1001	51	9	437	1437	23174140	23175117	0.0	1417
NC_003076.8:8682979-8685091	NC_003070.9	92.141	967	73	1	1150	2113	17552154	17551188	0.0	1362
NC_003076.8:8682979-8685091	NC_003070.9	92.973	925	64	1	1189	2113	19085920	19086843	0.0	1347
NC_003076.8:8682979-8685091	NC_003070.9	92.973	925	64	1	1189	2113	19172983	19172060	0.0	1347
NC_003076.8:8682979-8685091	NC_003070.9	94.826	831	38	5	1	829	17552998	17552171	0.0	1291
NC_003076.8:8682979-8685091	NC_003070.9	94.373	782	40	4	1	780	2235167	2234388	0.0	1197
NC_003076.8:8682979-8685091	NC_003070.9	92.619	840	45	5	1	839	19085099	19085922	0.0	1192
NC_003076.8:8682979-8685091	NC_003070.9	92.619	840	43	9	1	839	19173802	19172981	0.0	1190
NC_003076.8:8682979-8685091	NC_003070.9	93.481	721	40	6	140	854	26171245	26170526	0.0	1064
NC_003076.8:8682979-8685091	NC_003070.9	93.324	719	41	6	140	854	19329031	19328316	0.0	1055
NC_003076.8:8682979-8685091	NC_003070.9	92.500	720	45	7	138	851	17900095	17900811	0.0	1022
NC_003076.8:8682979-8685091	NC_003070.9	92.361	720	47	7	140	854	30255288	30254572	0.0	1018
NC_003076.8:8682979-8685091	NC_003070.9	92.340	718	46	8	140	851	7035426	7036140	0.0	1013
NC_003076.8:8682979-8685091	NC_003070.9	92.127	724	47	7	138	854	9867193	9866473	0.0	1013
NC_003076.8:8682979-8685091	NC_003070.9	91.667	720	37	6	140	854	12329819	12329118	0.0	976
NC_003076.8:8682979-8685091	NC_003070.9	91.667	720	37	6	140	854	30252872	30252171	0.0	976
NC_003076.8:8682979-8685091	NC_003070.9	91.492	717	39	5	140	851	19062199	19062898	0.0	966
NC_003076.8:8682979-8685091	NC_003070.9	91.365	718	36	9	140	851	13059058	13059755	0.0	959
NC_003076.8:8682979-8685091	NC_003070.9	91.262	721	38	8	140	854	22993826	22993125	0.0	959
NC_003076.8:8682979-8685091	NC_003070.9	90.960	719	51	11	140	851	16904014	16904725	0.0	955
NC_003076.8:8682979-8685091	NC_003070.9	91.942	695	32	11	140	828	11699931	11700607	0.0	952
NC_003076.8:8682979-8685091	NC_003070.9	90.934	717	42	6	140	851	9816445	9817143	0.0	942
NC_003076.8:8682979-8685091	NC_003070.9	91.860	688	36	8	167	851	19062922	19063592	0.0	942
NC_003076.8:8682979-8685091	NC_003070.9	90.808	718	40	11	140	851	8115005	8115702	0.0	937
NC_003076.8:8682979-8685091	NC_003070.9	90.948	707	46	10	140	830	16807222	16807926	0.0	935
NC_003076.8:8682979-8685091	NC_003070.9	94.463	596	28	4	140	732	12364370	12364963	0.0	913
NC_003076.8:8682979-8685091	NC_003070.9	90.139	720	38	11	140	845	22450165	22450865	0.0	905
NC_003076.8:8682979-8685091	NC_003070.9	93.740	607	29	6	140	740	19466714	19466111	0.0	902
NC_003076.8:8682979-8685091	NC_003070.9	92.105	646	37	10	140	778	16824753	16825391	0.0	898
NC_003076.8:8682979-8685091	NC_003070.9	93.564	606	30	7	140	740	23213901	23214502	0.0	894
NC_003076.8:8682979-8685091	NC_003070.9	93.624	596	34	3	140	732	12563847	12563253	0.0	887
NC_003076.8:8682979-8685091	NC_003070.9	92.916	607	33	8	140	740	16325679	16326281	0.0	874
NC_003076.8:8682979-8685091	NC_003070.9	90.000	690	44	8	140	823	11737157	11736487	0.0	869
NC_003076.8:8682979-8685091	NC_003070.9	90.000	690	43	9	140	823	19995499	19994830	0.0	869
NC_003076.8:8682979-8685091	NC_003070.9	89.136	718	43	8	140	851	501140	500452	0.0	861
NC_003076.8:8682979-8685091	NC_003070.9	91.118	608	40	7	140	733	16806377	16806984	0.0	811
NC_003076.8:8682979-8685091	NC_003070.9	90.260	616	37	7	240	851	13017571	13016975	0.0	784
NC_003076.8:8682979-8685091	NC_003070.9	86.933	727	56	25	140	854	13261969	13261270	0.0	780
NC_003076.8:8682979-8685091	NC_003070.9	90.709	592	33	6	140	728	4785682	4786254	0.0	769
NC_003076.8:8682979-8685091	NC_003070.9	89.954	438	23	5	417	851	18791324	18791743	1.18e-153	545
NC_003076.8:8682979-8685091	NC_003070.9	93.774	257	15	1	590	845	15939781	15940037	2.71e-105	385
NC_003076.8:8682979-8685091	NC_003070.9	93.617	235	11	3	140	371	22622071	22621838	3.56e-94	348
NC_003076.8:8682979-8685091	NC_003070.9	93.392	227	11	3	140	363	15939558	15939783	9.97e-90	333
NC_003076.8:8682979-8685091	NC_003070.9	93.714	175	7	3	140	311	18791161	18791334	1.72e-67	259
NC_003076.8:8682979-8685091	NC_003074.8	92.566	2112	132	15	5	2113	5622035	5624124	0.0	3007
NC_003076.8:8682979-8685091	NC_003074.8	92.439	2116	136	13	1	2113	20485140	20483046	0.0	3000
NC_003076.8:8682979-8685091	NC_003074.8	93.195	2028	106	13	63	2086	16879867	16881866	0.0	2952
NC_003076.8:8682979-8685091	NC_003074.8	92.399	1434	81	12	5	1434	9559679	9558270	0.0	2019
NC_003076.8:8682979-8685091	NC_003074.8	91.332	1119	73	15	28	1142	1371151	1370053	0.0	1507
NC_003076.8:8682979-8685091	NC_003074.8	92.703	973	63	8	28	997	2630001	2629034	0.0	1397
NC_003076.8:8682979-8685091	NC_003074.8	88.735	1154	84	18	961	2113	20486728	20485620	0.0	1369
NC_003076.8:8682979-8685091	NC_003074.8	91.119	867	53	12	948	1814	10862818	10863660	0.0	1153
NC_003076.8:8682979-8685091	NC_003074.8	89.735	867	69	14	1	851	3716342	3717204	0.0	1090
NC_003076.8:8682979-8685091	NC_003074.8	93.223	723	41	7	140	858	18746423	18747141	0.0	1057
NC_003076.8:8682979-8685091	NC_003074.8	92.936	722	43	7	140	854	10821211	10820491	0.0	1044
NC_003076.8:8682979-8685091	NC_003074.8	94.162	668	32	3	1150	1813	17397001	17396337	0.0	1011
NC_003076.8:8682979-8685091	NC_003074.8	91.551	722	36	13	140	855	17301044	17300342	0.0	972
NC_003076.8:8682979-8685091	NC_003074.8	90.934	728	49	12	140	851	9890241	9890967	0.0	963
NC_003076.8:8682979-8685091	NC_003074.8	90.634	726	43	8	140	854	16173058	16172347	0.0	941
NC_003076.8:8682979-8685091	NC_003074.8	90.656	717	43	8	140	851	15937521	15938218	0.0	931
NC_003076.8:8682979-8685091	NC_003074.8	92.343	653	39	10	140	785	17063008	17062360	0.0	918
NC_003076.8:8682979-8685091	NC_003074.8	90.251	718	46	7	140	851	17277580	17276881	0.0	917
NC_003076.8:8682979-8685091	NC_003074.8	90.421	689	41	8	140	823	11536069	11536737	0.0	883
NC_003076.8:8682979-8685091	NC_003074.8	90.421	689	41	8	140	823	20786634	20787302	0.0	883
NC_003076.8:8682979-8685091	NC_003074.8	90.131	689	43	8	140	823	5745687	5745019	0.0	872
NC_003076.8:8682979-8685091	NC_003074.8	89.695	689	46	12	140	823	17144269	17143601	0.0	856
NC_003076.8:8682979-8685091	NC_003074.8	88.608	711	46	14	140	845	22118838	22119518	0.0	832
NC_003076.8:8682979-8685091	NC_003074.8	90.694	591	32	6	140	725	9386113	9385541	0.0	765
NC_003076.8:8682979-8685091	NC_003074.8	89.865	592	38	6	140	728	16451021	16451593	0.0	741
NC_003076.8:8682979-8685091	NC_003074.8	89.583	480	28	8	958	1437	2629028	2628571	5.36e-167	590
NC_003076.8:8682979-8685091	NC_003074.8	89.726	438	24	5	417	851	16562050	16562469	5.47e-152	540
NC_003076.8:8682979-8685091	NC_003074.8	92.761	373	26	1	1742	2113	17396351	17395979	1.97e-151	538
NC_003076.8:8682979-8685091	NC_003074.8	90.049	412	35	6	443	851	10404825	10405233	1.18e-148	529
NC_003076.8:8682979-8685091	NC_003074.8	89.510	429	30	6	1	428	20487142	20486728	1.18e-148	529
NC_003076.8:8682979-8685091	NC_003074.8	96.099	282	10	1	452	732	7996127	7995846	1.58e-127	459
NC_003076.8:8682979-8685091	NC_003074.8	93.310	284	15	3	140	420	7996401	7996119	9.62e-115	416
NC_003076.8:8682979-8685091	NC_003074.8	90.476	315	29	1	1799	2113	8188935	8189248	3.46e-114	414
NC_003076.8:8682979-8685091	NC_003074.8	89.254	335	18	7	887	1220	9385222	9385539	7.49e-111	403
NC_003076.8:8682979-8685091	NC_003074.8	91.209	273	17	3	1165	1437	1370060	1369795	3.53e-99	364
NC_003076.8:8682979-8685091	NC_003074.8	93.119	218	14	1	607	823	15452795	15452578	2.79e-85	318
NC_003076.8:8682979-8685091	NC_003074.8	97.175	177	4	1	608	784	9385008	9385183	3.64e-79	298
NC_003076.8:8682979-8685091	NC_003074.8	90.533	169	16	0	1945	2113	10865881	10866049	6.26e-57	224
NC_003076.8:8682979-8685091	NC_003074.8	93.197	147	9	1	706	851	9385005	9384859	3.77e-54	215
NC_003076.8:8682979-8685091	NC_003074.8	94.872	39	2	0	738	776	9385185	9385223	5.19e-08	62.1
NC_003076.8:8682979-8685091	NC_003075.7	92.406	2107	111	14	9	2113	314261	312202	0.0	2959
NC_003076.8:8682979-8685091	NC_003075.7	92.064	2117	143	14	1	2113	7060698	7058603	0.0	2955
NC_003076.8:8682979-8685091	NC_003075.7	89.604	1087	92	9	1030	2113	6280480	6281548	0.0	1362
NC_003076.8:8682979-8685091	NC_003075.7	91.676	901	65	8	1189	2080	9439608	9440507	0.0	1240
NC_003076.8:8682979-8685091	NC_003075.7	92.464	836	46	5	6	839	9438790	9439610	0.0	1179
NC_003076.8:8682979-8685091	NC_003075.7	93.436	716	40	6	140	851	8063845	8064557	0.0	1055
NC_003076.8:8682979-8685091	NC_003075.7	92.788	721	42	9	140	854	10397150	10396434	0.0	1035
NC_003076.8:8682979-8685091	NC_003075.7	92.639	720	45	6	140	854	1001772	1001056	0.0	1029
NC_003076.8:8682979-8685091	NC_003075.7	91.632	717	35	8	140	851	4146361	4147057	0.0	968
NC_003076.8:8682979-8685091	NC_003075.7	91.152	712	40	6	140	845	11361104	11361798	0.0	944
NC_003076.8:8682979-8685091	NC_003075.7	90.621	725	42	9	140	858	1349820	1350524	0.0	939
NC_003076.8:8682979-8685091	NC_003075.7	90.694	720	44	6	140	854	5541154	5540453	0.0	937
NC_003076.8:8682979-8685091	NC_003075.7	90.490	715	55	11	140	849	2621774	2621068	0.0	931
NC_003076.8:8682979-8685091	NC_003075.7	90.435	690	40	15	140	823	8730218	8729549	0.0	885
NC_003076.8:8682979-8685091	NC_003075.7	92.440	582	43	1	1532	2113	6178995	6179575	0.0	830
NC_003076.8:8682979-8685091	NC_003075.7	93.165	556	28	8	138	688	9763582	9763032	0.0	808
NC_003076.8:8682979-8685091	NC_003075.7	93.128	553	33	5	1	551	6178448	6178997	0.0	806
NC_003076.8:8682979-8685091	NC_003075.7	92.780	554	29	9	140	688	9842373	9841826	0.0	791
NC_003076.8:8682979-8685091	NC_003075.7	89.886	613	35	9	1	611	6279022	6279609	0.0	763
NC_003076.8:8682979-8685091	NC_003075.7	90.541	592	34	6	140	728	16864836	16864264	0.0	763
NC_003076.8:8682979-8685091	NC_003075.7	95.211	355	10	7	1150	1502	5354777	5355126	1.95e-156	555
NC_003076.8:8682979-8685091	NC_003075.7	92.784	291	16	2	1	287	5353748	5354037	9.62e-115	416
NC_003076.8:8682979-8685091	NC_003075.7	92.361	288	19	2	1	287	5354114	5354399	5.79e-112	407
NC_003076.8:8682979-8685091	NC_003075.7	91.429	280	22	2	1534	1813	5355097	5355374	9.76e-105	383
NC_003076.8:8682979-8685091	NC_003075.7	91.007	278	23	2	538	814	3894020	3893744	5.87e-102	374
NC_003076.8:8682979-8685091	NC_003075.7	94.273	227	13	0	1437	1663	6280052	6280278	3.56e-94	348
NC_003076.8:8682979-8685091	NC_003075.7	96.809	94	3	0	610	703	6280372	6280465	6.44e-37	158
NC_003076.8:8682979-8685091	NC_003075.7	96.053	76	2	1	1150	1224	5354051	5354126	2.35e-26	122
NC_003076.8:8682979-8685091	NC_003075.7	96.053	76	2	1	1150	1224	5354413	5354488	2.35e-26	122
NC_003076.8:8682979-8685091	NC_003071.7	91.745	2120	130	16	1	2113	5467004	5464923	0.0	2904
NC_003076.8:8682979-8685091	NC_003071.7	92.664	1145	77	7	1	1142	1460925	1459785	0.0	1642
NC_003076.8:8682979-8685091	NC_003071.7	91.142	1208	83	14	911	2113	12555223	12554035	0.0	1616
NC_003076.8:8682979-8685091	NC_003071.7	94.162	925	45	7	1	922	12556203	12555285	0.0	1400
NC_003076.8:8682979-8685091	NC_003071.7	92.761	967	66	2	1150	2113	10468242	10467277	0.0	1395
NC_003076.8:8682979-8685091	NC_003071.7	91.684	950	74	4	1165	2113	1459792	1458847	0.0	1312
NC_003076.8:8682979-8685091	NC_003071.7	90.909	979	65	15	989	1963	5843583	5842625	0.0	1293
NC_003076.8:8682979-8685091	NC_003071.7	93.486	829	39	9	5	829	10469076	10468259	0.0	1218
NC_003076.8:8682979-8685091	NC_003071.7	89.673	949	75	8	1165	2113	6101802	6102727	0.0	1188
NC_003076.8:8682979-8685091	NC_003071.7	90.919	903	47	9	535	1437	6383692	6382825	0.0	1181
NC_003076.8:8682979-8685091	NC_003071.7	94.186	774	41	4	9	780	19196749	19195978	0.0	1177
NC_003076.8:8682979-8685091	NC_003071.7	89.752	927	77	9	887	1812	11398603	11397694	0.0	1170
NC_003076.8:8682979-8685091	NC_003071.7	93.986	715	39	4	140	851	13267150	13267863	0.0	1079
NC_003076.8:8682979-8685091	NC_003071.7	94.085	710	33	8	1	708	6099530	6100232	0.0	1070
NC_003076.8:8682979-8685091	NC_003071.7	93.481	721	40	6	140	854	6925142	6924423	0.0	1064
NC_003076.8:8682979-8685091	NC_003071.7	90.990	788	38	6	1	786	11399377	11398621	0.0	1031
NC_003076.8:8682979-8685091	NC_003071.7	92.680	724	40	12	138	851	12801226	12801946	0.0	1031
NC_003076.8:8682979-8685091	NC_003071.7	90.846	721	41	8	140	854	7154501	7153800	0.0	942
NC_003076.8:8682979-8685091	NC_003071.7	90.733	723	41	9	140	855	500220	500923	0.0	941
NC_003076.8:8682979-8685091	NC_003071.7	90.694	720	43	7	138	851	13337846	13337145	0.0	937
NC_003076.8:8682979-8685091	NC_003071.7	90.470	724	43	7	140	854	17254998	17254292	0.0	931
NC_003076.8:8682979-8685091	NC_003071.7	90.529	718	44	7	140	851	12094189	12093490	0.0	928
NC_003076.8:8682979-8685091	NC_003071.7	92.724	646	38	8	140	778	14334020	14334663	0.0	924
NC_003076.8:8682979-8685091	NC_003071.7	90.028	722	47	7	140	854	11286904	11286201	0.0	911
NC_003076.8:8682979-8685091	NC_003071.7	89.972	718	47	8	140	851	396420	395722	0.0	904
NC_003076.8:8682979-8685091	NC_003071.7	90.131	689	43	8	140	823	13908486	13907818	0.0	872
NC_003076.8:8682979-8685091	NC_003071.7	92.751	607	34	8	140	740	542543	543145	0.0	869
NC_003076.8:8682979-8685091	NC_003071.7	89.185	712	42	10	140	845	707676	708358	0.0	856
NC_003076.8:8682979-8685091	NC_003071.7	92.661	436	30	2	708	1142	6101375	6101809	4.08e-178	627
NC_003076.8:8682979-8685091	NC_003071.7	93.280	372	20	3	13	382	5843961	5843593	4.23e-153	544
NC_003076.8:8682979-8685091	NC_003071.7	90.885	373	32	2	1742	2113	6084955	6085326	9.29e-140	499
NC_003076.8:8682979-8685091	NC_003071.7	92.113	355	8	9	1150	1502	6084390	6084726	9.35e-135	483
NC_003076.8:8682979-8685091	NC_003071.7	93.056	288	18	2	1	287	6084090	6084376	7.44e-116	420
NC_003076.8:8682979-8685091	NC_003071.7	93.214	280	12	5	1534	1813	6084697	6084969	2.08e-111	405
NC_003076.8:8682979-8685091	NC_003071.7	91.121	214	19	0	1900	2113	11397698	11397485	6.08e-77	291
