NC_003071.7:13266915-13269005	NC_003071.7	100.000	2091	0	0	1	2091	13266915	13269005	0.0	3862
NC_003071.7:13266915-13269005	NC_003071.7	94.948	2098	82	16	4	2091	6925374	6923291	0.0	3265
NC_003071.7:13266915-13269005	NC_003071.7	93.967	2105	109	15	1	2091	12800994	12803094	0.0	3168
NC_003071.7:13266915-13269005	NC_003071.7	93.622	2101	99	18	1	2091	499985	502060	0.0	3105
NC_003071.7:13266915-13269005	NC_003071.7	92.721	2102	110	15	4	2091	17255230	17253158	0.0	2994
NC_003071.7:13266915-13269005	NC_003071.7	92.458	2095	104	15	4	2089	13908718	13906669	0.0	2944
NC_003071.7:13266915-13269005	NC_003071.7	92.390	2063	106	16	4	2057	12094422	12092402	0.0	2892
NC_003071.7:13266915-13269005	NC_003071.7	92.693	1998	105	15	104	2091	396551	394585	0.0	2843
NC_003071.7:13266915-13269005	NC_003071.7	92.052	1925	91	25	4	1894	11287158	11285262	0.0	2651
NC_003071.7:13266915-13269005	NC_003071.7	92.705	1412	66	12	4	1409	13338074	13336694	0.0	2002
NC_003071.7:13266915-13269005	NC_003071.7	91.794	1438	71	14	1	1430	707442	708840	0.0	1958
NC_003071.7:13266915-13269005	NC_003071.7	92.126	1143	72	12	957	2091	7814534	7813402	0.0	1596
NC_003071.7:13266915-13269005	NC_003071.7	91.594	1142	85	8	957	2091	7169367	7168230	0.0	1567
NC_003071.7:13266915-13269005	NC_003071.7	93.601	1047	53	12	1054	2091	6663080	6664121	0.0	1550
NC_003071.7:13266915-13269005	NC_003071.7	93.117	1046	53	2	4	1047	7154733	7153705	0.0	1515
NC_003071.7:13266915-13269005	NC_003071.7	93.725	1004	41	9	1097	2091	543175	544165	0.0	1485
NC_003071.7:13266915-13269005	NC_003071.7	93.395	969	47	6	1099	2063	14334657	14335612	0.0	1419
NC_003071.7:13266915-13269005	NC_003071.7	92.820	961	60	7	1123	2078	6803425	6804381	0.0	1384
NC_003071.7:13266915-13269005	NC_003071.7	94.779	881	38	7	1	875	14333785	14334663	0.0	1365
NC_003071.7:13266915-13269005	NC_003071.7	92.986	884	52	8	1215	2091	13336704	13335824	0.0	1280
NC_003071.7:13266915-13269005	NC_003071.7	94.194	844	40	7	1	839	542308	543147	0.0	1279
NC_003071.7:13266915-13269005	NC_003071.7	91.830	869	51	12	1237	2091	7960700	7961562	0.0	1194
NC_003071.7:13266915-13269005	NC_003071.7	93.308	792	43	8	1307	2091	6101020	6100232	0.0	1160
NC_003071.7:13266915-13269005	NC_003071.7	92.677	792	48	9	1307	2091	7112140	7112928	0.0	1133
NC_003071.7:13266915-13269005	NC_003071.7	94.150	718	39	3	236	952	12556068	12555353	0.0	1090
NC_003071.7:13266915-13269005	NC_003071.7	93.137	714	44	5	236	947	1460787	1460077	0.0	1042
NC_003071.7:13266915-13269005	NC_003071.7	93.352	707	43	4	247	952	5466870	5466167	0.0	1042
NC_003071.7:13266915-13269005	NC_003071.7	94.041	688	36	5	242	927	10468943	10468259	0.0	1038
NC_003071.7:13266915-13269005	NC_003071.7	91.609	727	49	9	1372	2091	3213046	3212325	0.0	994
NC_003071.7:13266915-13269005	NC_003071.7	93.614	642	39	2	236	876	19196619	19195979	0.0	957
NC_003071.7:13266915-13269005	NC_003071.7	92.467	677	38	11	1421	2089	709400	710071	0.0	955
NC_003071.7:13266915-13269005	NC_003071.7	93.520	571	32	5	236	805	6099666	6100232	0.0	845
NC_003071.7:13266915-13269005	NC_003071.7	89.618	655	32	13	232	884	11399241	11398621	0.0	800
NC_003071.7:13266915-13269005	NC_003071.7	92.157	459	29	6	1495	1947	3564665	3565122	0.0	641
NC_003071.7:13266915-13269005	NC_003071.7	92.835	321	22	1	632	952	6383692	6383373	3.35e-129	464
NC_003071.7:13266915-13269005	NC_003071.7	94.792	288	13	2	1307	1593	4024558	4024844	3.38e-124	448
NC_003071.7:13266915-13269005	NC_003071.7	93.836	292	14	4	1307	1596	980261	979972	7.31e-121	436
NC_003071.7:13266915-13269005	NC_003071.7	93.750	256	15	1	1806	2061	3565124	3565378	9.66e-105	383
NC_003071.7:13266915-13269005	NC_003071.7	94.650	243	12	1	957	1199	7959949	7960190	1.62e-102	375
NC_003071.7:13266915-13269005	NC_003071.7	90.441	272	25	1	1820	2091	2962564	2962294	5.85e-97	357
NC_003071.7:13266915-13269005	NC_003071.7	90.688	247	17	6	4	247	1460922	1460679	5.94e-87	324
NC_003071.7:13266915-13269005	NC_003071.7	96.809	188	5	1	957	1144	4024359	4024545	1.28e-83	313
NC_003071.7:13266915-13269005	NC_003071.7	89.837	246	22	3	4	247	11399374	11399130	1.28e-83	313
NC_003071.7:13266915-13269005	NC_003071.7	89.712	243	21	4	7	247	19196751	19196511	5.98e-82	307
NC_003071.7:13266915-13269005	NC_003071.7	89.157	249	21	5	1	247	6099530	6099774	2.15e-81	305
NC_003071.7:13266915-13269005	NC_003071.7	96.216	185	7	0	957	1141	7111941	7112125	7.73e-81	303
NC_003071.7:13266915-13269005	NC_003071.7	94.624	186	10	0	957	1142	980459	980274	2.17e-76	289
NC_003071.7:13266915-13269005	NC_003071.7	94.565	184	9	1	962	1145	6101214	6101032	1.01e-74	283
NC_003071.7:13266915-13269005	NC_003071.7	87.805	246	22	4	4	247	6384051	6383812	3.62e-74	281
NC_003071.7:13266915-13269005	NC_003071.7	93.125	160	8	3	792	949	6101360	6101518	3.70e-59	231
NC_003071.7:13266915-13269005	NC_003071.7	93.750	112	7	0	957	1068	3564539	3564650	2.94e-40	169
NC_003071.7:13266915-13269005	NC_003071.7	94.286	105	6	0	957	1061	3213196	3213092	4.93e-38	161
NC_003071.7:13266915-13269005	NC_003071.7	93.506	77	5	0	957	1033	2962647	2962571	3.89e-24	115
NC_003071.7:13266915-13269005	NC_003071.7	95.082	61	3	0	4	64	980614	980554	1.41e-18	97.1
NC_003071.7:13266915-13269005	NC_003071.7	85.882	85	10	2	1	85	3564382	3564464	2.36e-16	89.8
NC_003071.7:13266915-13269005	NC_003071.7	83.333	102	10	7	4	102	7814688	7814591	8.48e-16	87.9
NC_003071.7:13266915-13269005	NC_003071.7	91.803	61	5	0	4	64	2962802	2962742	3.05e-15	86.1
NC_003071.7:13266915-13269005	NC_003071.7	91.803	61	5	0	4	64	3213351	3213291	3.05e-15	86.1
NC_003071.7:13266915-13269005	NC_003071.7	91.803	61	5	0	1	61	4024201	4024261	3.05e-15	86.1
NC_003071.7:13266915-13269005	NC_003071.7	91.803	61	5	0	4	64	7169521	7169461	3.05e-15	86.1
NC_003071.7:13266915-13269005	NC_003071.7	85.185	81	11	1	1	81	7111784	7111863	3.94e-14	82.4
NC_003071.7:13266915-13269005	NC_003071.7	95.918	49	2	0	957	1005	6101262	6101214	1.42e-13	80.5
NC_003071.7:13266915-13269005	NC_003071.7	100.000	37	0	0	1079	1115	543148	543184	3.07e-10	69.4
NC_003071.7:13266915-13269005	NC_003071.7	100.000	32	0	0	1079	1110	14334625	14334656	1.85e-07	60.2
NC_003071.7:13266915-13269005	NC_003076.8	96.654	2092	62	7	4	2091	20682403	20680316	0.0	3469
NC_003071.7:13266915-13269005	NC_003076.8	96.137	2097	73	7	1	2091	8765709	8767803	0.0	3417
NC_003071.7:13266915-13269005	NC_003076.8	95.161	2108	78	13	4	2091	5430059	5427956	0.0	3306
NC_003071.7:13266915-13269005	NC_003076.8	94.857	2100	92	10	6	2091	19742612	19740515	0.0	3265
NC_003071.7:13266915-13269005	NC_003076.8	94.866	2084	86	14	16	2089	24187899	24185827	0.0	3236
NC_003071.7:13266915-13269005	NC_003076.8	94.053	2102	111	11	1	2091	17365025	17367123	0.0	3177
NC_003071.7:13266915-13269005	NC_003076.8	94.042	2098	85	15	4	2091	9965014	9962947	0.0	3145
NC_003071.7:13266915-13269005	NC_003076.8	95.207	1982	77	9	4	1976	14151291	14149319	0.0	3118
NC_003071.7:13266915-13269005	NC_003076.8	93.568	2099	99	17	4	2091	8746698	8744625	0.0	3096
NC_003071.7:13266915-13269005	NC_003076.8	92.905	2100	104	27	4	2091	1898642	1896576	0.0	3011
NC_003071.7:13266915-13269005	NC_003076.8	92.854	2099	110	15	4	2091	14082832	14080763	0.0	3009
NC_003071.7:13266915-13269005	NC_003076.8	92.761	2086	110	17	18	2091	17775746	17777802	0.0	2977
NC_003071.7:13266915-13269005	NC_003076.8	92.531	2102	114	17	1	2091	16356475	16358544	0.0	2972
NC_003071.7:13266915-13269005	NC_003076.8	94.469	1356	47	7	4	1356	20281981	20280651	0.0	2063
NC_003071.7:13266915-13269005	NC_003076.8	93.446	1358	63	5	1	1356	9590410	9591743	0.0	1991
NC_003071.7:13266915-13269005	NC_003076.8	94.387	1265	48	11	4	1266	4782225	4780982	0.0	1921
NC_003071.7:13266915-13269005	NC_003076.8	91.574	1353	61	22	4	1335	9559504	9558184	0.0	1818
NC_003071.7:13266915-13269005	NC_003076.8	94.078	1199	46	9	140	1334	4312671	4313848	0.0	1797
NC_003071.7:13266915-13269005	NC_003076.8	94.391	1141	54	7	957	2091	15043270	15042134	0.0	1744
NC_003071.7:13266915-13269005	NC_003076.8	93.260	1187	57	7	1	1180	11025336	11026506	0.0	1727
NC_003071.7:13266915-13269005	NC_003076.8	95.229	1090	33	3	52	1139	17618634	17617562	0.0	1707
NC_003071.7:13266915-13269005	NC_003076.8	94.065	1112	52	9	957	2056	5977895	5976786	0.0	1676
NC_003071.7:13266915-13269005	NC_003076.8	92.913	1157	58	11	957	2091	22232106	22230952	0.0	1661
NC_003071.7:13266915-13269005	NC_003076.8	93.019	1146	66	12	957	2091	24476433	24475291	0.0	1661
NC_003071.7:13266915-13269005	NC_003076.8	93.180	1129	48	5	4	1129	15606598	15605496	0.0	1631
NC_003071.7:13266915-13269005	NC_003076.8	91.768	1154	74	12	957	2091	8354352	8353201	0.0	1585
NC_003071.7:13266915-13269005	NC_003076.8	94.064	994	49	8	1076	2062	18854899	18855889	0.0	1500
NC_003071.7:13266915-13269005	NC_003076.8	92.585	998	63	8	1100	2091	4313874	4314866	0.0	1423
NC_003071.7:13266915-13269005	NC_003076.8	93.312	927	52	7	1171	2091	11026974	11027896	0.0	1360
NC_003071.7:13266915-13269005	NC_003076.8	91.339	1016	49	15	1079	2091	21530929	21531908	0.0	1352
NC_003071.7:13266915-13269005	NC_003076.8	95.724	842	31	4	1	839	21530089	21530928	0.0	1351
NC_003071.7:13266915-13269005	NC_003076.8	92.355	968	39	11	1	950	18853952	18854902	0.0	1345
NC_003071.7:13266915-13269005	NC_003076.8	91.324	899	45	15	957	1848	10714580	10715452	0.0	1197
NC_003071.7:13266915-13269005	NC_003076.8	88.901	955	74	23	1	938	9612591	9613530	0.0	1147
NC_003071.7:13266915-13269005	NC_003076.8	91.885	801	55	8	1298	2091	15605466	15604669	0.0	1110
NC_003071.7:13266915-13269005	NC_003076.8	92.358	772	50	7	1328	2091	4780980	4780210	0.0	1090
NC_003071.7:13266915-13269005	NC_003076.8	93.986	715	39	4	236	949	8683118	8683829	0.0	1079
NC_003071.7:13266915-13269005	NC_003076.8	93.166	717	42	7	236	949	7711270	7711982	0.0	1046
NC_003071.7:13266915-13269005	NC_003076.8	92.997	714	44	6	236	947	14761045	14760336	0.0	1037
NC_003071.7:13266915-13269005	NC_003076.8	92.350	719	46	9	238	952	15342559	15341846	0.0	1014
NC_003071.7:13266915-13269005	NC_003076.8	91.956	721	50	8	236	952	13918658	13917942	0.0	1003
NC_003071.7:13266915-13269005	NC_003076.8	94.081	642	32	6	4	641	7154436	7153797	0.0	970
NC_003071.7:13266915-13269005	NC_003076.8	91.667	708	43	7	247	949	354275	354971	0.0	966
NC_003071.7:13266915-13269005	NC_003076.8	93.302	642	41	2	236	876	19931420	19930780	0.0	946
NC_003071.7:13266915-13269005	NC_003076.8	93.302	642	40	3	236	876	5129697	5129058	0.0	944
NC_003071.7:13266915-13269005	NC_003076.8	93.513	632	31	9	321	949	19670974	19671598	0.0	931
NC_003071.7:13266915-13269005	NC_003076.8	93.929	593	29	5	1505	2091	7153775	7153184	0.0	889
NC_003071.7:13266915-13269005	NC_003076.8	94.182	550	30	2	959	1507	15577265	15576717	0.0	837
NC_003071.7:13266915-13269005	NC_003076.8	91.860	602	42	6	1495	2091	25905016	25905615	0.0	833
NC_003071.7:13266915-13269005	NC_003076.8	93.636	550	34	1	959	1507	21776872	21776323	0.0	821
NC_003071.7:13266915-13269005	NC_003076.8	91.242	491	35	6	1606	2091	15576667	15576180	0.0	662
NC_003071.7:13266915-13269005	NC_003076.8	90.854	492	34	9	1606	2091	21776273	21775787	0.0	649
NC_003071.7:13266915-13269005	NC_003076.8	91.383	441	27	6	1655	2091	9134291	9134724	4.10e-168	593
NC_003071.7:13266915-13269005	NC_003076.8	93.284	402	22	5	1693	2091	17796537	17796138	1.91e-166	588
NC_003071.7:13266915-13269005	NC_003076.8	91.727	411	30	3	1684	2091	21584585	21584176	2.48e-160	568
NC_003071.7:13266915-13269005	NC_003076.8	94.463	307	16	1	632	938	3019829	3019524	2.00e-131	472
NC_003071.7:13266915-13269005	NC_003076.8	91.176	340	25	5	236	572	25264649	25264986	5.61e-127	457
NC_003071.7:13266915-13269005	NC_003076.8	93.814	291	16	2	1307	1596	9592102	9592391	7.31e-121	436
NC_003071.7:13266915-13269005	NC_003076.8	94.585	277	14	1	673	949	20398316	20398591	4.40e-118	427
NC_003071.7:13266915-13269005	NC_003076.8	93.056	288	18	2	1307	1593	17617546	17617260	7.36e-116	420
NC_003071.7:13266915-13269005	NC_003076.8	93.056	288	18	2	1307	1593	20280291	20280005	7.36e-116	420
NC_003071.7:13266915-13269005	NC_003076.8	93.227	251	15	2	4	254	17796782	17796534	2.70e-100	368
NC_003071.7:13266915-13269005	NC_003076.8	89.558	249	23	3	1	247	25264511	25264758	1.28e-83	313
NC_003071.7:13266915-13269005	NC_003076.8	96.237	186	7	0	957	1142	20280489	20280304	2.15e-81	305
NC_003071.7:13266915-13269005	NC_003076.8	89.024	246	24	3	4	247	3020193	3019949	2.78e-80	302
NC_003071.7:13266915-13269005	NC_003076.8	96.154	182	7	0	957	1138	9591905	9592086	3.60e-79	298
NC_003071.7:13266915-13269005	NC_003076.8	94.709	189	9	1	957	1145	9134111	9134298	1.67e-77	292
NC_003071.7:13266915-13269005	NC_003076.8	87.805	246	26	4	4	247	19931555	19931312	2.80e-75	285
NC_003071.7:13266915-13269005	NC_003076.8	87.045	247	24	5	4	247	15342693	15342452	2.18e-71	272
NC_003071.7:13266915-13269005	NC_003076.8	86.585	246	23	4	4	247	13918787	13918550	1.31e-68	263
NC_003071.7:13266915-13269005	NC_003076.8	90.556	180	13	3	4	182	19670804	19670980	2.86e-60	235
NC_003071.7:13266915-13269005	NC_003076.8	83.534	249	22	14	1	247	354140	354371	3.73e-54	215
NC_003071.7:13266915-13269005	NC_003076.8	92.683	123	9	0	957	1079	25904890	25905012	4.89e-43	178
NC_003071.7:13266915-13269005	NC_003076.8	88.000	100	11	1	1	100	20398218	20398316	1.08e-24	117
NC_003071.7:13266915-13269005	NC_003076.8	100.000	54	0	0	1535	1588	15576716	15576663	1.09e-19	100
NC_003071.7:13266915-13269005	NC_003076.8	93.443	61	4	0	4	64	9591750	9591810	6.55e-17	91.6
NC_003071.7:13266915-13269005	NC_003076.8	96.296	54	2	0	1535	1588	21776322	21776269	2.36e-16	89.8
NC_003071.7:13266915-13269005	NC_003076.8	91.803	61	5	0	4	64	5978050	5977990	3.05e-15	86.1
NC_003071.7:13266915-13269005	NC_003076.8	91.803	61	5	0	4	64	15043425	15043365	3.05e-15	86.1
NC_003071.7:13266915-13269005	NC_003076.8	91.803	61	5	0	4	64	20280644	20280584	3.05e-15	86.1
NC_003071.7:13266915-13269005	NC_003076.8	90.164	61	6	0	1	61	9133953	9134013	1.42e-13	80.5
NC_003071.7:13266915-13269005	NC_003076.8	88.710	62	6	1	1	61	13982135	13982196	6.60e-12	75.0
NC_003071.7:13266915-13269005	NC_003070.9	95.138	2098	77	18	4	2091	26171477	26169395	0.0	3286
NC_003071.7:13266915-13269005	NC_003070.9	94.011	2104	109	13	1	2091	7035191	7037290	0.0	3171
NC_003071.7:13266915-13269005	NC_003070.9	93.848	2097	100	11	1	2091	13058823	13060896	0.0	3131
NC_003071.7:13266915-13269005	NC_003070.9	93.729	2073	92	14	1	2063	8114770	8116814	0.0	3073
NC_003071.7:13266915-13269005	NC_003070.9	93.184	2098	108	15	6	2091	17899868	17901942	0.0	3049
NC_003071.7:13266915-13269005	NC_003070.9	92.850	2098	110	7	1	2091	9816210	9818274	0.0	3007
NC_003071.7:13266915-13269005	NC_003070.9	92.707	2098	109	17	4	2089	9867411	9865346	0.0	2987
NC_003071.7:13266915-13269005	NC_003070.9	92.552	2108	107	17	1	2091	22449931	22452005	0.0	2977
NC_003071.7:13266915-13269005	NC_003070.9	92.582	2103	106	20	1	2091	16903800	16905864	0.0	2974
NC_003071.7:13266915-13269005	NC_003070.9	95.343	1868	68	14	14	1870	30255510	30253651	0.0	2950
NC_003071.7:13266915-13269005	NC_003070.9	92.374	2098	103	17	4	2091	19995731	19993681	0.0	2935
NC_003071.7:13266915-13269005	NC_003070.9	92.574	1764	80	14	336	2091	13017571	13015851	0.0	2484
NC_003071.7:13266915-13269005	NC_003070.9	91.220	1845	90	24	4	1822	11737390	11735592	0.0	2444
NC_003071.7:13266915-13269005	NC_003070.9	94.334	1412	59	10	687	2091	15939781	15941178	0.0	2145
NC_003071.7:13266915-13269005	NC_003070.9	91.378	1589	79	15	513	2091	18791324	18792864	0.0	2122
NC_003071.7:13266915-13269005	NC_003070.9	94.395	1356	50	5	4	1356	30253104	30251772	0.0	2060
NC_003071.7:13266915-13269005	NC_003070.9	94.027	1356	54	6	4	1356	12330050	12328719	0.0	2030
NC_003071.7:13266915-13269005	NC_003070.9	92.249	1445	68	9	4	1443	501369	499964	0.0	2008
NC_003071.7:13266915-13269005	NC_003070.9	93.736	1357	56	8	4	1356	22994057	22992726	0.0	2008
NC_003071.7:13266915-13269005	NC_003070.9	94.567	1270	58	6	1	1268	19329260	19328000	0.0	1953
NC_003071.7:13266915-13269005	NC_003070.9	93.397	1151	55	11	950	2091	11700589	11701727	0.0	1685
NC_003071.7:13266915-13269005	NC_003070.9	93.240	1139	60	11	959	2091	3413713	3414840	0.0	1661
NC_003071.7:13266915-13269005	NC_003070.9	92.119	1142	70	13	957	2091	28161194	28162322	0.0	1592
NC_003071.7:13266915-13269005	NC_003070.9	93.631	1052	56	9	1049	2091	19769039	19767990	0.0	1561
NC_003071.7:13266915-13269005	NC_003070.9	93.769	995	45	6	1102	2091	16825388	16826370	0.0	1478
NC_003071.7:13266915-13269005	NC_003070.9	93.675	996	45	6	1102	2091	12365009	12365992	0.0	1474
NC_003071.7:13266915-13269005	NC_003070.9	93.662	994	44	7	1105	2091	19466071	19465090	0.0	1469
NC_003071.7:13266915-13269005	NC_003070.9	93.568	995	43	10	1102	2091	12563207	12562229	0.0	1463
NC_003071.7:13266915-13269005	NC_003070.9	93.241	1006	44	10	1097	2091	16326311	16327303	0.0	1459
NC_003071.7:13266915-13269005	NC_003070.9	93.100	1000	59	7	1099	2091	4786259	4787255	0.0	1456
NC_003071.7:13266915-13269005	NC_003070.9	93.121	1003	46	9	1097	2091	23214532	23215519	0.0	1448
NC_003071.7:13266915-13269005	NC_003070.9	93.552	977	42	4	1	974	19061965	19062923	0.0	1435
NC_003071.7:13266915-13269005	NC_003070.9	93.946	925	35	7	1	923	11699698	11700603	0.0	1378
NC_003071.7:13266915-13269005	NC_003070.9	95.957	841	30	3	1	839	12364135	12364973	0.0	1362
NC_003071.7:13266915-13269005	NC_003070.9	95.600	841	29	4	1	839	16824518	16825352	0.0	1341
NC_003071.7:13266915-13269005	NC_003070.9	95.498	844	28	8	1	839	23213666	23214504	0.0	1339
NC_003071.7:13266915-13269005	NC_003070.9	95.249	842	30	8	4	839	19466946	19466109	0.0	1325
NC_003071.7:13266915-13269005	NC_003070.9	94.850	835	39	3	7	839	12564075	12563243	0.0	1301
NC_003071.7:13266915-13269005	NC_003070.9	94.431	844	38	7	1	839	16325444	16326283	0.0	1290
NC_003071.7:13266915-13269005	NC_003070.9	93.426	867	31	8	264	1129	19062923	19063764	0.0	1262
NC_003071.7:13266915-13269005	NC_003070.9	89.723	973	76	18	1	956	16806989	16807954	0.0	1221
NC_003071.7:13266915-13269005	NC_003070.9	94.993	759	32	4	957	1711	16998385	16997629	0.0	1186
NC_003071.7:13266915-13269005	NC_003070.9	94.211	760	38	4	957	1711	12876772	12876014	0.0	1155
NC_003071.7:13266915-13269005	NC_003070.9	93.173	791	44	8	1307	2091	23876482	23877268	0.0	1153
NC_003071.7:13266915-13269005	NC_003070.9	92.634	801	50	7	1298	2091	19063794	19064592	0.0	1144
NC_003071.7:13266915-13269005	NC_003070.9	91.525	826	37	10	1	825	4785461	4786254	0.0	1107
NC_003071.7:13266915-13269005	NC_003070.9	93.324	719	44	4	236	952	1977027	1976311	0.0	1059
NC_003071.7:13266915-13269005	NC_003070.9	89.822	845	59	19	1	829	16806150	16806983	0.0	1059
NC_003071.7:13266915-13269005	NC_003070.9	94.228	693	36	4	236	927	17552860	17552171	0.0	1055
NC_003071.7:13266915-13269005	NC_003070.9	91.580	772	51	12	1327	2091	19328001	19327237	0.0	1053
NC_003071.7:13266915-13269005	NC_003070.9	93.185	719	42	7	236	952	14299705	14298992	0.0	1050
NC_003071.7:13266915-13269005	NC_003070.9	87.083	960	80	23	10	956	13262194	13261266	0.0	1046
NC_003071.7:13266915-13269005	NC_003070.9	93.046	719	43	7	236	952	29320592	29319879	0.0	1044
NC_003071.7:13266915-13269005	NC_003070.9	92.598	716	47	6	236	949	6736003	6736714	0.0	1024
NC_003071.7:13266915-13269005	NC_003070.9	93.343	691	42	4	247	937	19173667	19172981	0.0	1018
NC_003071.7:13266915-13269005	NC_003070.9	93.064	692	44	4	247	937	19085234	19085922	0.0	1009
NC_003071.7:13266915-13269005	NC_003070.9	92.083	720	49	8	236	952	3074585	3073871	0.0	1007
NC_003071.7:13266915-13269005	NC_003070.9	92.179	716	49	7	236	949	17368	18078	0.0	1005
NC_003071.7:13266915-13269005	NC_003070.9	92.461	703	47	6	247	947	8291436	8290738	0.0	1000
NC_003071.7:13266915-13269005	NC_003070.9	91.678	709	43	10	247	952	12855858	12855163	0.0	968
NC_003071.7:13266915-13269005	NC_003070.9	93.769	642	38	2	236	876	2235029	2234389	0.0	963
NC_003071.7:13266915-13269005	NC_003070.9	89.651	744	42	20	236	947	18746910	18746170	0.0	915
NC_003071.7:13266915-13269005	NC_003070.9	90.698	645	44	7	1460	2091	14309405	14308764	0.0	845
NC_003071.7:13266915-13269005	NC_003070.9	92.321	599	29	10	1499	2091	499960	499373	0.0	835
NC_003071.7:13266915-13269005	NC_003070.9	92.222	540	34	6	1558	2091	8489951	8489414	0.0	758
NC_003071.7:13266915-13269005	NC_003070.9	91.144	542	38	8	1558	2091	25963004	25962465	0.0	726
NC_003071.7:13266915-13269005	NC_003070.9	91.587	523	29	5	1572	2091	18790338	18790848	0.0	708
NC_003071.7:13266915-13269005	NC_003070.9	94.181	464	20	3	894	1356	22621842	22621385	0.0	701
NC_003071.7:13266915-13269005	NC_003070.9	93.492	461	28	1	1	459	15939323	15939783	0.0	684
NC_003071.7:13266915-13269005	NC_003070.9	92.489	466	32	2	4	467	22622302	22621838	0.0	664
NC_003071.7:13266915-13269005	NC_003070.9	93.285	417	25	3	533	949	23174140	23174553	1.13e-173	612
NC_003071.7:13266915-13269005	NC_003070.9	93.154	409	25	2	1	407	18790927	18791334	3.17e-169	597
NC_003071.7:13266915-13269005	NC_003070.9	93.035	402	23	4	1693	2091	23554190	23553791	8.87e-165	582
NC_003071.7:13266915-13269005	NC_003070.9	94.158	291	15	2	1307	1596	22992366	22992077	1.57e-122	442
NC_003071.7:13266915-13269005	NC_003070.9	93.493	292	16	3	1307	1596	22621025	22620735	3.40e-119	431
NC_003071.7:13266915-13269005	NC_003070.9	92.708	288	19	2	1307	1593	12328360	12328074	3.42e-114	414
NC_003071.7:13266915-13269005	NC_003070.9	92.440	291	20	2	1307	1596	30251412	30251123	3.42e-114	414
NC_003071.7:13266915-13269005	NC_003070.9	93.227	251	16	1	4	254	23554436	23554187	2.70e-100	368
NC_003071.7:13266915-13269005	NC_003070.9	93.227	251	16	1	5	255	25963253	25963004	2.70e-100	368
NC_003071.7:13266915-13269005	NC_003070.9	94.142	239	12	2	4	242	3910598	3910362	1.26e-98	363
NC_003071.7:13266915-13269005	NC_003070.9	95.536	224	9	1	1868	2091	30253364	30253142	5.85e-97	357
NC_003071.7:13266915-13269005	NC_003070.9	90.400	250	18	6	1	247	18747048	18746802	5.94e-87	324
NC_003071.7:13266915-13269005	NC_003070.9	90.244	246	20	4	4	247	2235164	2234921	2.76e-85	318
NC_003071.7:13266915-13269005	NC_003070.9	89.431	246	22	4	4	247	17552995	17552752	5.98e-82	307
NC_003071.7:13266915-13269005	NC_003070.9	96.237	186	7	0	957	1142	22992564	22992379	2.15e-81	305
NC_003071.7:13266915-13269005	NC_003070.9	88.889	252	17	2	4	255	8490191	8489951	1.00e-79	300
NC_003071.7:13266915-13269005	NC_003070.9	95.699	186	8	0	957	1142	12328558	12328373	1.00e-79	300
NC_003071.7:13266915-13269005	NC_003070.9	96.175	183	7	0	957	1139	23876284	23876466	1.00e-79	300
NC_003071.7:13266915-13269005	NC_003070.9	96.175	183	7	0	957	1139	30251610	30251428	1.00e-79	300
NC_003071.7:13266915-13269005	NC_003070.9	88.618	246	23	5	4	247	14299839	14299597	4.65e-78	294
NC_003071.7:13266915-13269005	NC_003070.9	95.161	186	9	0	957	1142	22621223	22621038	4.65e-78	294
NC_003071.7:13266915-13269005	NC_003070.9	84.146	246	21	14	4	247	12855990	12855761	2.23e-56	222
NC_003071.7:13266915-13269005	NC_003070.9	83.936	249	22	5	1	247	19085099	19085331	2.23e-56	222
NC_003071.7:13266915-13269005	NC_003070.9	83.333	246	21	7	4	247	19173799	19173572	1.73e-52	209
NC_003071.7:13266915-13269005	NC_003070.9	94.340	106	6	0	957	1062	19769678	19769573	1.37e-38	163
NC_003071.7:13266915-13269005	NC_003070.9	95.588	68	3	0	957	1024	18790258	18790325	1.81e-22	110
NC_003071.7:13266915-13269005	NC_003070.9	87.805	82	8	2	1	81	3413553	3413633	5.07e-18	95.3
NC_003071.7:13266915-13269005	NC_003070.9	93.651	63	4	0	2	64	22621380	22621318	5.07e-18	95.3
NC_003071.7:13266915-13269005	NC_003070.9	91.803	61	5	0	1	61	18790103	18790163	3.05e-15	86.1
NC_003071.7:13266915-13269005	NC_003070.9	91.803	61	5	0	4	64	30251765	30251705	3.05e-15	86.1
NC_003071.7:13266915-13269005	NC_003070.9	86.250	80	7	4	4	81	12876925	12876848	1.10e-14	84.2
NC_003071.7:13266915-13269005	NC_003070.9	90.164	61	6	0	4	64	16998952	16998892	1.42e-13	80.5
NC_003071.7:13266915-13269005	NC_003070.9	90.164	61	5	1	4	64	12328712	12328653	5.10e-13	78.7
NC_003071.7:13266915-13269005	NC_003070.9	86.364	66	7	2	1	65	19724755	19724819	8.54e-11	71.3
NC_003071.7:13266915-13269005	NC_003070.9	100.000	37	0	0	1079	1115	16326284	16326320	3.07e-10	69.4
NC_003071.7:13266915-13269005	NC_003070.9	100.000	36	0	0	1079	1114	12364974	12365009	1.10e-09	67.6
NC_003071.7:13266915-13269005	NC_003070.9	100.000	36	0	0	1079	1114	12563242	12563207	1.10e-09	67.6
NC_003071.7:13266915-13269005	NC_003070.9	100.000	36	0	0	1079	1114	16825353	16825388	1.10e-09	67.6
NC_003071.7:13266915-13269005	NC_003070.9	100.000	36	0	0	1079	1114	19466108	19466073	1.10e-09	67.6
NC_003071.7:13266915-13269005	NC_003075.7	94.988	2095	84	13	4	2089	1002004	999922	0.0	3267
NC_003071.7:13266915-13269005	NC_003075.7	95.533	2015	71	15	89	2091	8063697	8065704	0.0	3205
NC_003071.7:13266915-13269005	NC_003075.7	93.337	2101	101	13	1	2091	1349585	1351656	0.0	3068
NC_003071.7:13266915-13269005	NC_003075.7	93.241	2101	98	16	4	2091	5541386	5539317	0.0	3053
NC_003071.7:13266915-13269005	NC_003075.7	92.966	2104	107	15	1	2091	11360870	11362945	0.0	3027
NC_003071.7:13266915-13269005	NC_003075.7	92.531	2102	101	18	1	2091	4146126	4148182	0.0	2961
NC_003071.7:13266915-13269005	NC_003075.7	92.465	2097	102	23	4	2091	8730450	8728401	0.0	2946
NC_003071.7:13266915-13269005	NC_003075.7	95.419	1266	52	5	4	1266	10397382	10396120	0.0	2012
NC_003071.7:13266915-13269005	NC_003075.7	94.303	1141	56	7	957	2091	11193412	11192275	0.0	1738
NC_003071.7:13266915-13269005	NC_003075.7	92.913	1143	71	9	957	2091	371928	370788	0.0	1653
NC_003071.7:13266915-13269005	NC_003075.7	92.563	1143	75	9	957	2091	6166306	6165166	0.0	1631
NC_003071.7:13266915-13269005	NC_003075.7	93.613	1002	54	7	1097	2091	16864261	16863263	0.0	1487
NC_003071.7:13266915-13269005	NC_003075.7	90.252	954	78	13	10	960	2621997	2621056	0.0	1232
NC_003071.7:13266915-13269005	NC_003075.7	94.388	784	38	4	4	785	9763811	9763032	0.0	1199
NC_003071.7:13266915-13269005	NC_003075.7	94.388	784	36	6	5	785	9842604	9841826	0.0	1197
NC_003071.7:13266915-13269005	NC_003075.7	93.074	823	37	4	4	825	16865067	16864264	0.0	1186
NC_003071.7:13266915-13269005	NC_003075.7	92.551	792	49	8	1307	2091	683570	684358	0.0	1127
NC_003071.7:13266915-13269005	NC_003075.7	92.746	772	47	7	1328	2091	10396119	10395349	0.0	1107
NC_003071.7:13266915-13269005	NC_003075.7	93.454	718	42	5	236	952	314144	313431	0.0	1061
NC_003071.7:13266915-13269005	NC_003075.7	92.917	720	42	9	236	952	7060559	7059846	0.0	1038
NC_003071.7:13266915-13269005	NC_003075.7	93.228	694	41	6	247	937	9438920	9439610	0.0	1016
NC_003071.7:13266915-13269005	NC_003075.7	92.857	658	38	7	1250	1900	965061	964406	0.0	946
NC_003071.7:13266915-13269005	NC_003075.7	92.324	482	29	8	232	708	6279131	6279609	0.0	678
NC_003071.7:13266915-13269005	NC_003075.7	89.681	533	35	14	1568	2091	14390783	14390262	0.0	662
NC_003071.7:13266915-13269005	NC_003075.7	92.995	414	27	2	236	648	6178585	6178997	6.81e-171	603
NC_003071.7:13266915-13269005	NC_003075.7	96.795	312	8	2	954	1265	965643	965334	7.05e-146	520
NC_003071.7:13266915-13269005	NC_003075.7	90.667	375	19	8	1693	2063	7853284	7852922	2.57e-135	484
NC_003071.7:13266915-13269005	NC_003075.7	90.647	278	25	1	635	912	3894020	3893744	2.70e-100	368
NC_003071.7:13266915-13269005	NC_003075.7	93.227	251	16	1	4	254	7853530	7853281	2.70e-100	368
NC_003071.7:13266915-13269005	NC_003075.7	76.506	664	111	25	1413	2067	7572217	7572844	7.68e-86	320
NC_003071.7:13266915-13269005	NC_003075.7	95.213	188	8	1	957	1144	683371	683557	1.29e-78	296
NC_003071.7:13266915-13269005	NC_003075.7	88.000	250	24	6	1	247	6178448	6178694	6.02e-77	291
NC_003071.7:13266915-13269005	NC_003075.7	87.149	249	27	4	1	247	5354114	5354359	4.69e-73	278
NC_003071.7:13266915-13269005	NC_003075.7	86.640	247	26	6	4	247	7060695	7060453	1.01e-69	267
NC_003071.7:13266915-13269005	NC_003075.7	84.859	284	19	10	371	644	3897173	3896904	3.65e-69	265
NC_003071.7:13266915-13269005	NC_003075.7	77.014	509	77	32	1512	2005	7593705	7593222	2.20e-66	255
NC_003071.7:13266915-13269005	NC_003075.7	84.553	246	21	5	4	247	314266	314036	4.79e-58	228
NC_003071.7:13266915-13269005	NC_003075.7	89.535	172	17	1	786	956	5773070	5773241	1.04e-54	217
NC_003071.7:13266915-13269005	NC_003075.7	92.308	143	8	3	1	143	8063577	8063716	1.04e-49	200
NC_003071.7:13266915-13269005	NC_003075.7	81.855	248	20	9	1	247	6279022	6279245	2.92e-45	185
NC_003071.7:13266915-13269005	NC_003075.7	93.750	112	7	0	957	1068	8802284	8802395	2.94e-40	169
NC_003071.7:13266915-13269005	NC_003075.7	74.249	466	85	25	1604	2058	2262877	2262436	1.37e-38	163
NC_003071.7:13266915-13269005	NC_003075.7	77.163	289	57	9	1806	2091	12335548	12335830	1.77e-37	159
NC_003071.7:13266915-13269005	NC_003075.7	93.750	96	4	1	1495	1588	8802410	8802505	1.78e-32	143
NC_003071.7:13266915-13269005	NC_003075.7	93.617	94	6	0	707	800	6280372	6280465	6.42e-32	141
NC_003071.7:13266915-13269005	NC_003075.7	75.641	234	32	20	346	559	9566175	9565947	1.82e-17	93.5
NC_003071.7:13266915-13269005	NC_003075.7	94.737	57	3	0	5	61	14390984	14390928	2.36e-16	89.8
NC_003071.7:13266915-13269005	NC_003075.7	85.897	78	11	0	4	81	372083	372006	1.10e-14	84.2
NC_003071.7:13266915-13269005	NC_003075.7	85.542	83	8	4	1	81	2520884	2520964	1.10e-14	84.2
NC_003071.7:13266915-13269005	NC_003075.7	100.000	42	0	0	957	998	14390831	14390790	5.10e-13	78.7
NC_003071.7:13266915-13269005	NC_003074.8	94.316	2076	96	14	4	2061	10821443	10819372	0.0	3160
NC_003071.7:13266915-13269005	NC_003074.8	93.875	2106	94	15	1	2091	15937286	15939371	0.0	3142
NC_003071.7:13266915-13269005	NC_003074.8	93.085	2097	108	12	4	2091	17277811	17275743	0.0	3035
NC_003071.7:13266915-13269005	NC_003074.8	91.762	2100	113	18	1	2091	20786399	20788447	0.0	2865
NC_003071.7:13266915-13269005	NC_003074.8	91.532	2102	110	21	1	2091	22118613	22120657	0.0	2833
NC_003071.7:13266915-13269005	NC_003074.8	91.131	2086	105	21	1	2063	11535844	11537872	0.0	2754
NC_003071.7:13266915-13269005	NC_003074.8	90.478	2111	108	35	4	2091	17144487	17142447	0.0	2699
NC_003071.7:13266915-13269005	NC_003074.8	91.321	1590	77	24	512	2091	16562049	16563587	0.0	2115
NC_003071.7:13266915-13269005	NC_003074.8	93.953	1356	55	7	4	1356	17301275	17299944	0.0	2025
NC_003071.7:13266915-13269005	NC_003074.8	91.610	1478	76	10	4	1477	5745920	5744487	0.0	1999
NC_003071.7:13266915-13269005	NC_003074.8	90.609	1395	70	25	704	2091	15452795	15451455	0.0	1794
NC_003071.7:13266915-13269005	NC_003074.8	92.832	1144	67	10	957	2091	17776928	17778065	0.0	1644
NC_003071.7:13266915-13269005	NC_003074.8	92.719	1140	69	8	957	2089	17730098	17731230	0.0	1633
NC_003071.7:13266915-13269005	NC_003074.8	92.105	1140	64	11	957	2091	9767475	9766357	0.0	1583
NC_003071.7:13266915-13269005	NC_003074.8	91.552	1160	62	15	957	2089	16419302	16420452	0.0	1567
NC_003071.7:13266915-13269005	NC_003074.8	93.568	995	47	6	1102	2091	17062368	17061386	0.0	1467
NC_003071.7:13266915-13269005	NC_003074.8	92.384	1011	51	12	1090	2091	16451587	16452580	0.0	1417
NC_003071.7:13266915-13269005	NC_003074.8	92.757	994	46	7	1102	2091	7995800	7994829	0.0	1413
NC_003071.7:13266915-13269005	NC_003074.8	93.085	911	42	9	957	1860	11503603	11502707	0.0	1314
NC_003071.7:13266915-13269005	NC_003074.8	94.630	838	28	5	4	839	17063226	17062404	0.0	1282
NC_003071.7:13266915-13269005	NC_003074.8	93.703	794	38	10	1307	2091	18412509	18413299	0.0	1179
NC_003071.7:13266915-13269005	NC_003074.8	92.615	826	42	3	1	825	16450786	16451593	0.0	1170
NC_003071.7:13266915-13269005	NC_003074.8	92.178	831	48	13	141	956	9890146	9890974	0.0	1158
NC_003071.7:13266915-13269005	NC_003074.8	93.190	793	45	8	1307	2091	18019136	18019927	0.0	1157
NC_003071.7:13266915-13269005	NC_003074.8	92.242	825	42	5	1	822	9386346	9385541	0.0	1149
NC_003071.7:13266915-13269005	NC_003074.8	92.848	797	45	11	169	960	18746356	18747145	0.0	1146
NC_003071.7:13266915-13269005	NC_003074.8	92.075	795	50	10	1307	2091	13327791	13328582	0.0	1107
NC_003071.7:13266915-13269005	NC_003074.8	92.055	793	52	9	1307	2091	3965358	3966147	0.0	1105
NC_003071.7:13266915-13269005	NC_003074.8	94.134	716	38	4	236	949	16879943	16880656	0.0	1086
NC_003071.7:13266915-13269005	NC_003074.8	93.741	719	39	6	236	952	9559544	9558830	0.0	1074
NC_003071.7:13266915-13269005	NC_003074.8	94.193	706	36	4	1010	1711	10320599	10321303	0.0	1072
NC_003071.7:13266915-13269005	NC_003074.8	92.663	736	47	5	1361	2091	10556865	10556132	0.0	1053
NC_003071.7:13266915-13269005	NC_003074.8	93.427	715	38	9	236	949	5622169	5622875	0.0	1051
NC_003071.7:13266915-13269005	NC_003074.8	92.926	721	39	12	236	952	20485002	20484290	0.0	1038
NC_003071.7:13266915-13269005	NC_003074.8	92.211	719	49	7	236	952	2629888	2629175	0.0	1011
NC_003071.7:13266915-13269005	NC_003074.8	91.599	738	44	8	1361	2091	10575077	10574351	0.0	1003
NC_003071.7:13266915-13269005	NC_003074.8	90.390	770	49	8	1328	2091	15485279	15484529	0.0	989
NC_003071.7:13266915-13269005	NC_003074.8	91.144	734	49	10	236	956	3716481	3717211	0.0	981
NC_003071.7:13266915-13269005	NC_003074.8	90.983	743	43	9	227	960	16173067	16172340	0.0	979
NC_003071.7:13266915-13269005	NC_003074.8	94.462	632	25	3	803	1432	9385005	9384382	0.0	965
NC_003071.7:13266915-13269005	NC_003074.8	92.758	649	37	9	1448	2091	5744486	5743843	0.0	929
NC_003071.7:13266915-13269005	NC_003074.8	90.278	720	48	12	236	952	1371038	1370338	0.0	922
NC_003071.7:13266915-13269005	NC_003074.8	91.896	617	40	8	1480	2091	9384377	9383766	0.0	854
NC_003071.7:13266915-13269005	NC_003074.8	94.847	524	24	2	957	1479	11967811	11968332	0.0	815
NC_003071.7:13266915-13269005	NC_003074.8	94.716	511	23	3	4	511	7996633	7996124	0.0	791
NC_003071.7:13266915-13269005	NC_003074.8	92.665	409	26	4	1	407	16561654	16562060	6.86e-166	586
NC_003071.7:13266915-13269005	NC_003074.8	91.169	419	33	4	539	956	10404825	10405240	8.93e-160	566
NC_003071.7:13266915-13269005	NC_003074.8	97.436	312	6	2	957	1266	15485591	15485280	3.26e-149	531
NC_003071.7:13266915-13269005	NC_003074.8	98.311	296	5	0	544	839	7996131	7995836	7.05e-146	520
NC_003071.7:13266915-13269005	NC_003074.8	94.620	316	15	2	957	1271	10575400	10575086	1.99e-136	488
NC_003071.7:13266915-13269005	NC_003074.8	95.425	306	13	1	957	1261	10557188	10556883	7.15e-136	486
NC_003071.7:13266915-13269005	NC_003074.8	94.118	289	15	2	236	523	10862540	10862827	2.03e-121	438
NC_003071.7:13266915-13269005	NC_003074.8	94.097	288	15	2	1307	1593	17299583	17299297	7.31e-121	436
NC_003071.7:13266915-13269005	NC_003074.8	89.908	327	25	4	1	319	11200624	11200950	3.42e-114	414
NC_003071.7:13266915-13269005	NC_003074.8	92.708	288	20	1	1804	2091	11968331	11968617	3.42e-114	414
NC_003071.7:13266915-13269005	NC_003074.8	90.526	285	19	7	242	524	20487006	20486728	7.52e-101	370
NC_003071.7:13266915-13269005	NC_003074.8	90.909	253	12	6	1849	2091	8757570	8757821	1.28e-88	329
NC_003071.7:13266915-13269005	NC_003074.8	92.241	232	17	1	1824	2055	11200950	11201180	4.59e-88	327
NC_003071.7:13266915-13269005	NC_003074.8	97.340	188	4	1	957	1144	17299782	17299596	2.76e-85	318
NC_003071.7:13266915-13269005	NC_003074.8	96.277	188	7	0	957	1144	1571523	1571710	1.66e-82	309
NC_003071.7:13266915-13269005	NC_003074.8	89.200	250	23	4	1	247	3716342	3716590	1.66e-82	309
NC_003071.7:13266915-13269005	NC_003074.8	89.157	249	24	3	1	247	10862401	10862648	5.98e-82	307
NC_003071.7:13266915-13269005	NC_003074.8	94.681	188	9	1	957	1144	13327592	13327778	6.02e-77	291
NC_003071.7:13266915-13269005	NC_003074.8	88.211	246	26	3	4	247	17397297	17397053	6.02e-77	291
NC_003071.7:13266915-13269005	NC_003074.8	95.109	184	8	1	957	1139	3965159	3965342	2.17e-76	289
NC_003071.7:13266915-13269005	NC_003074.8	94.180	189	9	2	957	1145	18018938	18019124	7.79e-76	287
NC_003071.7:13266915-13269005	NC_003074.8	94.536	183	8	2	705	886	9385008	9385189	3.62e-74	281
NC_003071.7:13266915-13269005	NC_003074.8	93.617	188	10	2	957	1144	18412311	18412496	1.30e-73	279
NC_003071.7:13266915-13269005	NC_003074.8	85.417	288	11	11	1307	1593	1571723	1571980	7.84e-71	270
NC_003071.7:13266915-13269005	NC_003074.8	83.333	246	26	4	4	247	20487139	20486907	1.34e-53	213
NC_003071.7:13266915-13269005	NC_003074.8	87.500	80	6	4	4	81	17299937	17299860	2.36e-16	89.8
NC_003071.7:13266915-13269005	NC_003074.8	86.747	83	7	4	1	81	18018781	18018861	2.36e-16	89.8
NC_003071.7:13266915-13269005	NC_003074.8	91.803	61	5	0	4	64	10557343	10557283	3.05e-15	86.1
NC_003071.7:13266915-13269005	NC_003074.8	91.803	61	5	0	1	61	13327434	13327494	3.05e-15	86.1
NC_003071.7:13266915-13269005	NC_003074.8	91.803	61	5	0	1	61	18412154	18412214	3.05e-15	86.1
NC_003071.7:13266915-13269005	NC_003074.8	90.164	61	6	0	1	61	16419144	16419204	1.42e-13	80.5
NC_003071.7:13266915-13269005	NC_003074.8	77.419	155	15	16	1562	1713	15667806	15667669	6.60e-12	75.0
NC_003071.7:13266915-13269005	NC_003074.8	100.000	36	0	0	1079	1114	7995835	7995800	1.10e-09	67.6
NC_003071.7:13266915-13269005	NC_003074.8	100.000	36	0	0	1079	1114	17062403	17062368	1.10e-09	67.6
NC_003071.7:13266915-13269005	NC_003074.8	100.000	34	0	0	840	873	9385190	9385223	1.43e-08	63.9
NC_003071.7:17253158-17255233	NC_003071.7	100.000	2076	0	0	1	2076	17255233	17253158	0.0	3834
NC_003071.7:17253158-17255233	NC_003071.7	94.623	2083	98	10	1	2076	499985	502060	0.0	3214
NC_003071.7:17253158-17255233	NC_003071.7	94.126	2077	95	10	1	2074	13908721	13906669	0.0	3134
NC_003071.7:17253158-17255233	NC_003071.7	95.641	1904	55	7	1	1880	11287161	11285262	0.0	3031
NC_003071.7:17253158-17255233	NC_003071.7	92.684	2105	111	15	1	2076	13266915	13269005	0.0	2994
NC_003071.7:17253158-17255233	NC_003071.7	92.593	2106	107	16	1	2076	6925377	6923291	0.0	2979
NC_003071.7:17253158-17255233	NC_003071.7	92.370	2110	118	16	1	2076	12800994	12803094	0.0	2964
NC_003071.7:17253158-17255233	NC_003071.7	92.843	2054	105	10	1	2042	12094425	12092402	0.0	2940
NC_003071.7:17253158-17255233	NC_003071.7	93.529	1978	112	13	104	2076	396551	394585	0.0	2929
NC_003071.7:17253158-17255233	NC_003071.7	94.649	1383	60	10	1	1378	13338077	13336704	0.0	2132
NC_003071.7:17253158-17255233	NC_003071.7	93.281	1414	70	15	1	1407	707442	708837	0.0	2061
NC_003071.7:17253158-17255233	NC_003071.7	94.503	1037	52	3	1	1037	7154736	7153705	0.0	1594
NC_003071.7:17253158-17255233	NC_003071.7	91.996	1137	80	10	947	2076	7814534	7813402	0.0	1585
NC_003071.7:17253158-17255233	NC_003071.7	90.789	1140	93	5	947	2076	7169367	7168230	0.0	1513
NC_003071.7:17253158-17255233	NC_003071.7	92.773	1024	65	6	1058	2076	6663102	6664121	0.0	1472
NC_003071.7:17253158-17255233	NC_003071.7	92.931	962	60	7	1105	2063	6803425	6804381	0.0	1393
NC_003071.7:17253158-17255233	NC_003071.7	91.642	1005	63	7	1079	2076	543175	544165	0.0	1371
NC_003071.7:17253158-17255233	NC_003071.7	92.078	972	61	9	1081	2050	14334657	14335614	0.0	1354
NC_003071.7:17253158-17255233	NC_003071.7	94.005	884	49	4	1194	2076	13336704	13335824	0.0	1336
NC_003071.7:17253158-17255233	NC_003071.7	93.381	846	33	6	1	829	14333785	14334624	0.0	1230
NC_003071.7:17253158-17255233	NC_003071.7	91.830	869	57	8	1216	2076	7960700	7961562	0.0	1199
NC_003071.7:17253158-17255233	NC_003071.7	92.226	849	37	9	1	829	542308	543147	0.0	1175
NC_003071.7:17253158-17255233	NC_003071.7	92.668	791	56	2	1286	2076	6101020	6100232	0.0	1138
NC_003071.7:17253158-17255233	NC_003071.7	92.541	791	57	2	1286	2076	7112140	7112928	0.0	1133
NC_003071.7:17253158-17255233	NC_003071.7	90.934	728	58	7	1351	2076	3213046	3212325	0.0	972
NC_003071.7:17253158-17255233	NC_003071.7	92.319	677	42	7	1402	2074	709401	710071	0.0	953
NC_003071.7:17253158-17255233	NC_003071.7	90.331	724	45	7	236	942	12556068	12555353	0.0	926
NC_003071.7:17253158-17255233	NC_003071.7	90.346	694	40	8	242	917	10468943	10468259	0.0	885
NC_003071.7:17253158-17255233	NC_003071.7	89.607	712	48	8	248	942	5466869	5466167	0.0	881
NC_003071.7:17253158-17255233	NC_003071.7	89.306	720	50	9	236	937	1460787	1460077	0.0	878
NC_003071.7:17253158-17255233	NC_003071.7	89.506	648	44	6	236	866	19196619	19195979	0.0	798
NC_003071.7:17253158-17255233	NC_003071.7	90.576	573	32	6	236	792	6099666	6100232	0.0	739
NC_003071.7:17253158-17255233	NC_003071.7	87.827	649	45	24	232	874	11399241	11398621	0.0	730
NC_003071.7:17253158-17255233	NC_003071.7	92.810	459	30	3	1476	1933	3564666	3565122	0.0	662
NC_003071.7:17253158-17255233	NC_003071.7	94.079	304	15	3	1286	1588	4024558	4024859	1.55e-127	459
NC_003071.7:17253158-17255233	NC_003071.7	91.776	304	23	2	1286	1588	980261	979959	2.03e-116	422
NC_003071.7:17253158-17255233	NC_003071.7	94.510	255	14	0	1792	2046	3565124	3565378	4.43e-108	394
NC_003071.7:17253158-17255233	NC_003071.7	89.680	281	28	1	1796	2076	2962573	2962294	5.81e-97	357
NC_003071.7:17253158-17255233	NC_003071.7	92.430	251	14	4	236	485	5843836	5843590	7.52e-96	353
NC_003071.7:17253158-17255233	NC_003071.7	92.369	249	13	5	1	246	19196757	19196512	9.72e-95	350
NC_003071.7:17253158-17255233	NC_003071.7	92.339	248	13	5	1	246	6099530	6099773	3.50e-94	348
NC_003071.7:17253158-17255233	NC_003071.7	91.935	248	16	4	1	246	1460925	1460680	4.52e-93	344
NC_003071.7:17253158-17255233	NC_003071.7	92.373	236	17	1	1	236	6084090	6084324	2.72e-90	335
NC_003071.7:17253158-17255233	NC_003071.7	93.392	227	12	3	238	464	6383918	6383695	9.79e-90	333
NC_003071.7:17253158-17255233	NC_003071.7	91.949	236	13	5	13	246	5843961	5843730	1.64e-87	326
NC_003071.7:17253158-17255233	NC_003071.7	90.496	242	15	1	947	1180	7959949	7960190	1.28e-83	313
NC_003071.7:17253158-17255233	NC_003071.7	87.097	248	13	6	1	246	5467004	5466774	1.30e-68	263
NC_003071.7:17253158-17255233	NC_003071.7	92.513	187	6	1	947	1125	4024359	4024545	4.69e-68	261
NC_003071.7:17253158-17255233	NC_003071.7	92.896	183	5	2	947	1121	7111941	7112123	1.69e-67	259
NC_003071.7:17253158-17255233	NC_003071.7	94.340	159	9	0	1918	2076	11285273	11285115	4.72e-63	244
NC_003071.7:17253158-17255233	NC_003071.7	90.909	187	8	2	947	1125	980459	980274	1.70e-62	243
NC_003071.7:17253158-17255233	NC_003071.7	95.333	150	5	2	236	385	6084229	6084376	7.90e-61	237
NC_003071.7:17253158-17255233	NC_003071.7	90.710	183	9	1	952	1126	6101214	6101032	7.90e-61	237
NC_003071.7:17253158-17255233	NC_003071.7	92.500	120	7	2	2	121	6101375	6101258	8.12e-41	171
NC_003071.7:17253158-17255233	NC_003071.7	93.043	115	8	0	947	1061	3564539	3564653	2.92e-40	169
NC_003071.7:17253158-17255233	NC_003071.7	93.396	106	7	0	947	1052	6661119	6661224	6.32e-37	158
NC_003071.7:17253158-17255233	NC_003071.7	94.805	77	4	0	947	1023	2962647	2962571	8.30e-26	121
NC_003071.7:17253158-17255233	NC_003071.7	92.593	81	6	0	1	81	3213354	3213274	1.07e-24	117
NC_003071.7:17253158-17255233	NC_003071.7	90.000	90	4	5	1	89	2962805	2962720	4.99e-23	111
NC_003071.7:17253158-17255233	NC_003071.7	91.358	81	7	0	1	81	4024201	4024281	4.99e-23	111
NC_003071.7:17253158-17255233	NC_003071.7	92.308	78	4	2	1	77	7169524	7169448	1.80e-22	110
NC_003071.7:17253158-17255233	NC_003071.7	95.522	67	3	0	27	93	12555279	12555213	6.46e-22	108
NC_003071.7:17253158-17255233	NC_003071.7	97.959	49	1	0	947	995	6101262	6101214	3.03e-15	86.1
NC_003071.7:17253158-17255233	NC_003075.7	95.527	2079	84	7	1	2076	5541389	5539317	0.0	3315
NC_003071.7:17253158-17255233	NC_003075.7	94.810	2081	94	11	1	2076	1349585	1351656	0.0	3232
NC_003071.7:17253158-17255233	NC_003075.7	94.527	2083	100	10	1	2076	11360870	11362945	0.0	3203
NC_003071.7:17253158-17255233	NC_003075.7	93.942	2080	95	14	1	2076	8730453	8728401	0.0	3114
NC_003071.7:17253158-17255233	NC_003075.7	93.804	2082	98	15	1	2076	4146126	4148182	0.0	3101
NC_003071.7:17253158-17255233	NC_003075.7	92.531	2102	113	11	1	2074	1002007	999922	0.0	2972
NC_003071.7:17253158-17255233	NC_003075.7	92.818	2019	103	15	89	2076	8063697	8065704	0.0	2887
NC_003071.7:17253158-17255233	NC_003075.7	92.622	1274	57	9	1	1245	10397385	10396120	0.0	1797
NC_003071.7:17253158-17255233	NC_003075.7	93.421	1140	63	4	947	2076	11193412	11192275	0.0	1679
NC_003071.7:17253158-17255233	NC_003075.7	95.300	1000	46	1	1078	2076	16864262	16863263	0.0	1585
NC_003071.7:17253158-17255233	NC_003075.7	91.514	1143	82	7	947	2076	371928	370788	0.0	1559
NC_003071.7:17253158-17255233	NC_003075.7	90.997	1144	86	8	947	2076	6166306	6165166	0.0	1526
NC_003071.7:17253158-17255233	NC_003075.7	96.951	820	20	5	1	820	16865070	16864256	0.0	1371
NC_003071.7:17253158-17255233	NC_003075.7	92.668	791	56	2	1286	2076	683570	684358	0.0	1138
NC_003071.7:17253158-17255233	NC_003075.7	92.893	788	35	9	1	772	9763814	9763032	0.0	1125
NC_003071.7:17253158-17255233	NC_003075.7	92.757	787	38	13	1	772	9842608	9841826	0.0	1120
NC_003071.7:17253158-17255233	NC_003075.7	92.866	771	54	1	1307	2076	10396119	10395349	0.0	1118
NC_003071.7:17253158-17255233	NC_003075.7	87.732	970	80	20	1	950	2622006	2621056	0.0	1096
NC_003071.7:17253158-17255233	NC_003075.7	93.627	659	38	4	1229	1886	965061	964406	0.0	981
NC_003071.7:17253158-17255233	NC_003075.7	89.779	724	47	11	236	942	314144	313431	0.0	902
NC_003071.7:17253158-17255233	NC_003075.7	89.394	726	46	11	236	942	7060559	7059846	0.0	885
NC_003071.7:17253158-17255233	NC_003075.7	89.398	698	48	12	248	927	9438921	9439610	0.0	856
NC_003071.7:17253158-17255233	NC_003075.7	90.807	533	34	11	1548	2076	14390783	14390262	0.0	699
NC_003071.7:17253158-17255233	NC_003075.7	93.154	409	24	4	236	644	6178585	6178989	3.14e-169	597
NC_003071.7:17253158-17255233	NC_003075.7	92.965	398	22	6	248	645	6279150	6279541	1.47e-162	575
NC_003071.7:17253158-17255233	NC_003075.7	90.716	377	28	6	1	374	3898130	3897758	1.18e-138	496
NC_003071.7:17253158-17255233	NC_003075.7	90.667	375	22	7	1675	2048	7853284	7852922	7.10e-136	486
NC_003071.7:17253158-17255233	NC_003075.7	92.283	311	13	4	944	1244	965643	965334	3.38e-119	431
NC_003071.7:17253158-17255233	NC_003075.7	96.850	254	7	1	1	254	7853533	7853281	5.65e-117	424
NC_003071.7:17253158-17255233	NC_003075.7	92.373	236	15	3	1	236	6178448	6178680	9.79e-90	333
NC_003071.7:17253158-17255233	NC_003075.7	90.726	248	18	5	1	246	5354114	5354358	1.64e-87	326
NC_003071.7:17253158-17255233	NC_003075.7	90.361	249	20	4	1	246	5354476	5354723	5.89e-87	324
NC_003071.7:17253158-17255233	NC_003075.7	88.462	260	26	3	643	902	3893999	3893744	4.59e-83	311
NC_003071.7:17253158-17255233	NC_003075.7	75.680	662	115	24	1393	2047	7572217	7572839	2.15e-76	289
NC_003071.7:17253158-17255233	NC_003075.7	80.149	403	61	16	1492	1886	7593705	7593314	1.00e-74	283
NC_003071.7:17253158-17255233	NC_003075.7	86.694	248	16	5	1	246	314269	314037	1.69e-67	259
NC_003071.7:17253158-17255233	NC_003075.7	91.444	187	8	1	947	1125	683371	683557	1.01e-64	250
NC_003071.7:17253158-17255233	NC_003075.7	83.986	281	22	12	374	645	3897173	3896907	3.65e-64	248
NC_003071.7:17253158-17255233	NC_003075.7	86.017	236	16	4	1	236	9438785	9439003	7.90e-61	237
NC_003071.7:17253158-17255233	NC_003075.7	94.079	152	6	2	236	385	5353887	5354037	4.75e-58	228
NC_003071.7:17253158-17255233	NC_003075.7	95.804	143	3	2	1	143	8063577	8063716	4.75e-58	228
NC_003071.7:17253158-17255233	NC_003075.7	94.000	150	7	2	236	385	5354616	5354763	1.71e-57	226
NC_003071.7:17253158-17255233	NC_003075.7	93.333	150	9	1	236	385	5354251	5354399	7.95e-56	220
NC_003071.7:17253158-17255233	NC_003075.7	75.322	466	85	21	1584	2043	2262877	2262436	1.34e-48	196
NC_003071.7:17253158-17255233	NC_003075.7	92.632	95	5	1	1476	1568	8802411	8802505	2.96e-30	135
NC_003071.7:17253158-17255233	NC_003075.7	79.126	206	36	7	1841	2043	12335596	12335797	2.96e-30	135
NC_003071.7:17253158-17255233	NC_003075.7	91.358	81	7	0	1	81	683213	683293	4.99e-23	111
NC_003071.7:17253158-17255233	NC_003075.7	90.123	81	8	0	1	81	8802132	8802212	2.32e-21	106
NC_003071.7:17253158-17255233	NC_003075.7	91.026	78	7	0	4	81	11193567	11193490	2.32e-21	106
NC_003071.7:17253158-17255233	NC_003075.7	86.420	81	11	0	1	81	6166464	6166384	2.34e-16	89.8
NC_003071.7:17253158-17255233	NC_003075.7	96.226	53	2	0	643	695	6279557	6279609	8.42e-16	87.9
NC_003071.7:17253158-17255233	NC_003076.8	95.046	2079	92	8	1	2076	9965017	9962947	0.0	3258
NC_003071.7:17253158-17255233	NC_003076.8	94.061	2088	101	14	1	2076	8746701	8744625	0.0	3147
NC_003071.7:17253158-17255233	NC_003076.8	93.999	2083	108	13	1	2076	14082835	14080763	0.0	3138
NC_003071.7:17253158-17255233	NC_003076.8	93.897	2081	111	13	1	2076	16356475	16358544	0.0	3125
NC_003071.7:17253158-17255233	NC_003076.8	93.705	2081	115	13	1	2076	1898645	1896576	0.0	3103
NC_003071.7:17253158-17255233	NC_003076.8	93.853	2066	111	12	18	2076	17775746	17777802	0.0	3097
NC_003071.7:17253158-17255233	NC_003076.8	92.969	2105	109	11	1	2076	8765709	8767803	0.0	3031
NC_003071.7:17253158-17255233	NC_003076.8	92.901	2113	105	14	2	2076	5430061	5427956	0.0	3029
NC_003071.7:17253158-17255233	NC_003076.8	92.871	2104	109	13	1	2076	20682406	20680316	0.0	3016
NC_003071.7:17253158-17255233	NC_003076.8	92.738	2107	114	12	1	2076	17365025	17367123	0.0	3007
NC_003071.7:17253158-17255233	NC_003076.8	92.410	2108	123	7	1	2076	19742617	19740515	0.0	2972
NC_003071.7:17253158-17255233	NC_003076.8	92.385	2088	115	19	16	2074	24187899	24185827	0.0	2935
NC_003071.7:17253158-17255233	NC_003076.8	92.682	1995	104	10	1	1967	14151294	14149314	0.0	2837
NC_003071.7:17253158-17255233	NC_003076.8	95.331	1328	42	15	1	1313	9559507	9558185	0.0	2091
NC_003071.7:17253158-17255233	NC_003076.8	94.226	1351	52	11	1	1338	20281984	20280647	0.0	2039
NC_003071.7:17253158-17255233	NC_003076.8	93.778	1350	60	10	1	1338	9590410	9591747	0.0	2006
NC_003071.7:17253158-17255233	NC_003076.8	92.722	1264	56	16	1	1245	4782228	4780982	0.0	1792
NC_003071.7:17253158-17255233	NC_003076.8	95.582	1109	44	3	1	1109	15606601	15605498	0.0	1772
NC_003071.7:17253158-17255233	NC_003076.8	93.513	1187	59	9	140	1315	4312671	4313850	0.0	1749
NC_003071.7:17253158-17255233	NC_003076.8	95.362	1078	37	4	52	1121	17618634	17617562	0.0	1701
NC_003071.7:17253158-17255233	NC_003076.8	97.487	995	24	1	1054	2047	18854895	18855889	0.0	1698
NC_003071.7:17253158-17255233	NC_003076.8	93.421	1140	62	5	947	2076	15043270	15042134	0.0	1677
NC_003071.7:17253158-17255233	NC_003076.8	92.734	1156	57	9	947	2076	22232106	22230952	0.0	1644
NC_003071.7:17253158-17255233	NC_003076.8	93.339	1111	57	7	947	2041	5977895	5976786	0.0	1626
NC_003071.7:17253158-17255233	NC_003076.8	92.052	1145	74	8	947	2076	24476433	24475291	0.0	1594
NC_003071.7:17253158-17255233	NC_003076.8	96.960	954	12	5	1	940	18853952	18854902	0.0	1585
NC_003071.7:17253158-17255233	NC_003076.8	90.970	1185	59	9	1	1157	11025336	11026500	0.0	1552
NC_003071.7:17253158-17255233	NC_003076.8	90.996	1155	76	14	947	2076	8354352	8353201	0.0	1531
NC_003071.7:17253158-17255233	NC_003076.8	92.685	998	65	6	1082	2076	4313874	4314866	0.0	1432
NC_003071.7:17253158-17255233	NC_003076.8	93.204	927	57	4	1152	2076	11026974	11027896	0.0	1358
NC_003071.7:17253158-17255233	NC_003076.8	89.892	1019	61	10	1061	2076	21530929	21531908	0.0	1273
NC_003071.7:17253158-17255233	NC_003076.8	93.853	846	29	5	1	829	21530089	21530928	0.0	1253
NC_003071.7:17253158-17255233	NC_003076.8	93.258	801	50	4	1277	2076	15605466	15604669	0.0	1177
NC_003071.7:17253158-17255233	NC_003076.8	90.233	901	47	18	947	1834	10714580	10715452	0.0	1138
NC_003071.7:17253158-17255233	NC_003076.8	96.108	668	22	4	1	667	7154439	7153775	0.0	1086
NC_003071.7:17253158-17255233	NC_003076.8	92.088	771	60	1	1307	2076	4780980	4780210	0.0	1085
NC_003071.7:17253158-17255233	NC_003076.8	87.278	959	72	24	1	928	9612591	9613530	0.0	1050
NC_003071.7:17253158-17255233	NC_003076.8	90.569	721	42	7	236	939	8683118	8683829	0.0	931
NC_003071.7:17253158-17255233	NC_003076.8	90.278	720	47	6	236	939	7711270	7711982	0.0	920
NC_003071.7:17253158-17255233	NC_003076.8	93.771	594	35	2	1484	2076	7153776	7153184	0.0	891
NC_003071.7:17253158-17255233	NC_003076.8	89.430	719	50	9	236	937	14761045	14760336	0.0	883
NC_003071.7:17253158-17255233	NC_003076.8	88.950	724	51	11	238	942	15342559	15341846	0.0	867
NC_003071.7:17253158-17255233	NC_003076.8	88.430	726	56	11	236	942	13918658	13917942	0.0	850
NC_003071.7:17253158-17255233	NC_003076.8	91.681	601	48	2	1476	2076	25905017	25905615	0.0	832
NC_003071.7:17253158-17255233	NC_003076.8	88.343	712	47	11	248	939	354276	354971	0.0	822
NC_003071.7:17253158-17255233	NC_003076.8	89.198	648	46	6	236	866	19931420	19930780	0.0	787
NC_003071.7:17253158-17255233	NC_003076.8	89.198	648	45	7	236	866	5129697	5129058	0.0	785
NC_003071.7:17253158-17255233	NC_003076.8	92.727	550	28	4	949	1487	15577265	15576717	0.0	784
NC_003071.7:17253158-17255233	NC_003076.8	92.000	550	33	3	949	1487	21776872	21776323	0.0	761
NC_003071.7:17253158-17255233	NC_003076.8	88.522	636	43	11	323	939	19670974	19671598	0.0	743
NC_003071.7:17253158-17255233	NC_003076.8	91.853	491	37	3	1586	2076	15576667	15576180	0.0	682
NC_003071.7:17253158-17255233	NC_003076.8	91.463	492	36	6	1586	2076	21776273	21775787	0.0	671
NC_003071.7:17253158-17255233	NC_003076.8	91.648	443	29	4	1634	2076	9134290	9134724	5.22e-172	606
NC_003071.7:17253158-17255233	NC_003076.8	92.556	403	26	4	1675	2076	17796537	17796138	1.47e-162	575
NC_003071.7:17253158-17255233	NC_003076.8	90.758	422	36	3	1656	2076	21584595	21584176	4.13e-158	560
NC_003071.7:17253158-17255233	NC_003076.8	93.353	346	20	3	1	345	4312436	4312779	1.52e-142	508
NC_003071.7:17253158-17255233	NC_003076.8	91.617	334	21	6	236	567	25264649	25264977	2.00e-126	455
NC_003071.7:17253158-17255233	NC_003076.8	92.763	304	20	2	1286	1588	9592102	9592404	2.02e-121	438
NC_003071.7:17253158-17255233	NC_003076.8	87.903	372	36	9	1712	2076	25264968	25265337	1.21e-118	429
NC_003071.7:17253158-17255233	NC_003076.8	92.105	304	21	3	1286	1588	17617546	17617245	1.57e-117	425
NC_003071.7:17253158-17255233	NC_003076.8	92.784	291	19	2	1286	1576	20280291	20280003	7.31e-116	420
NC_003071.7:17253158-17255233	NC_003076.8	95.276	254	10	2	1	254	17796785	17796534	2.65e-110	401
NC_003071.7:17253158-17255233	NC_003076.8	92.339	248	15	4	1	246	17955555	17955800	9.72e-95	350
NC_003071.7:17253158-17255233	NC_003076.8	91.935	248	17	3	1	246	3020196	3019950	4.52e-93	344
NC_003071.7:17253158-17255233	NC_003076.8	93.886	229	11	3	236	464	3020057	3019832	1.63e-92	342
NC_003071.7:17253158-17255233	NC_003076.8	91.566	249	16	5	1	246	25264511	25264757	2.10e-91	339
NC_003071.7:17253158-17255233	NC_003076.8	91.532	248	16	5	1	246	5129834	5129590	7.57e-91	337
NC_003071.7:17253158-17255233	NC_003076.8	91.129	248	18	4	1	246	14761183	14760938	9.79e-90	333
NC_003071.7:17253158-17255233	NC_003076.8	90.800	250	17	5	1	246	7711131	7711378	1.27e-88	329
NC_003071.7:17253158-17255233	NC_003076.8	89.960	249	17	5	1	246	15342696	15342453	3.55e-84	315
NC_003071.7:17253158-17255233	NC_003076.8	89.113	248	17	4	1	246	13918790	13918551	9.93e-80	300
NC_003071.7:17253158-17255233	NC_003076.8	92.513	187	5	2	947	1125	20280489	20280304	1.69e-67	259
NC_003071.7:17253158-17255233	NC_003076.8	92.697	178	10	2	2	179	19670802	19670976	7.84e-66	254
NC_003071.7:17253158-17255233	NC_003076.8	92.308	182	6	1	947	1120	9591905	9592086	2.82e-65	252
NC_003071.7:17253158-17255233	NC_003076.8	85.887	248	16	13	1	246	354140	354370	1.31e-63	246
NC_003071.7:17253158-17255233	NC_003076.8	89.894	188	11	1	947	1126	9134111	9134298	2.84e-60	235
NC_003071.7:17253158-17255233	NC_003076.8	93.077	130	6	2	236	365	17955694	17955820	8.07e-46	187
NC_003071.7:17253158-17255233	NC_003076.8	93.913	115	7	0	947	1061	25904890	25905004	6.28e-42	174
NC_003071.7:17253158-17255233	NC_003076.8	95.000	100	4	1	1	100	20398218	20398316	2.27e-36	156
NC_003071.7:17253158-17255233	NC_003076.8	92.593	81	6	0	1	81	5978053	5977973	1.07e-24	117
NC_003071.7:17253158-17255233	NC_003076.8	92.500	80	6	0	2	81	20280646	20280567	3.86e-24	115
NC_003071.7:17253158-17255233	NC_003076.8	91.463	82	5	2	1	81	9133953	9134033	4.99e-23	111
NC_003071.7:17253158-17255233	NC_003076.8	89.888	89	6	3	1	89	15043428	15043343	4.99e-23	111
NC_003071.7:17253158-17255233	NC_003076.8	91.250	80	7	0	2	81	9591748	9591827	1.80e-22	110
NC_003071.7:17253158-17255233	NC_003076.8	98.148	54	1	0	1515	1568	15576716	15576663	5.03e-18	95.3
NC_003071.7:17253158-17255233	NC_003076.8	94.444	54	3	0	1515	1568	21776322	21776269	1.09e-14	84.2
NC_003071.7:17253158-17255233	NC_003070.9	95.136	2056	87	10	1	2051	8114770	8116817	0.0	3230
NC_003071.7:17253158-17255233	NC_003070.9	94.298	2087	95	14	1	2076	13058823	13060896	0.0	3173
NC_003071.7:17253158-17255233	NC_003070.9	93.942	2080	96	13	1	2076	19995734	19993681	0.0	3116
NC_003071.7:17253158-17255233	NC_003070.9	93.819	2087	96	12	1	2076	9816210	9818274	0.0	3109
NC_003071.7:17253158-17255233	NC_003070.9	93.726	2088	106	14	1	2076	22449931	22452005	0.0	3107
NC_003071.7:17253158-17255233	NC_003070.9	93.792	2094	83	15	1	2076	16903800	16905864	0.0	3103
NC_003071.7:17253158-17255233	NC_003070.9	92.644	2107	117	10	1	2076	7035191	7037290	0.0	2998
NC_003071.7:17253158-17255233	NC_003070.9	92.691	2107	102	20	1	2076	26171480	26169395	0.0	2990
NC_003071.7:17253158-17255233	NC_003070.9	91.694	2107	117	22	1	2076	17899863	17901942	0.0	2868
NC_003071.7:17253158-17255233	NC_003070.9	91.263	2106	115	27	1	2074	9867414	9865346	0.0	2806
NC_003071.7:17253158-17255233	NC_003070.9	92.838	1871	95	13	14	1856	30255510	30253651	0.0	2676
NC_003071.7:17253158-17255233	NC_003070.9	92.861	1835	87	19	1	1816	11737393	11735584	0.0	2623
NC_003071.7:17253158-17255233	NC_003070.9	93.463	1744	86	15	338	2076	13017571	13015851	0.0	2564
NC_003071.7:17253158-17255233	NC_003070.9	92.597	1567	83	11	517	2076	18791324	18792864	0.0	2220
NC_003071.7:17253158-17255233	NC_003070.9	95.225	1403	62	3	674	2076	15939781	15941178	0.0	2215
NC_003071.7:17253158-17255233	NC_003070.9	94.048	1428	61	8	1	1423	501372	499964	0.0	2145
NC_003071.7:17253158-17255233	NC_003070.9	94.745	1351	47	10	1	1338	30253107	30251768	0.0	2080
NC_003071.7:17253158-17255233	NC_003070.9	94.152	1351	54	10	1	1338	12330053	12328715	0.0	2034
NC_003071.7:17253158-17255233	NC_003070.9	93.787	1352	57	12	1	1338	22994060	22992722	0.0	2006
NC_003071.7:17253158-17255233	NC_003070.9	92.604	1271	52	16	5	1247	19329256	19328000	0.0	1788
NC_003071.7:17253158-17255233	NC_003070.9	94.396	1142	56	6	940	2076	11700589	11701727	0.0	1748
NC_003071.7:17253158-17255233	NC_003070.9	92.267	1138	68	10	949	2076	3413713	3414840	0.0	1596
NC_003071.7:17253158-17255233	NC_003070.9	94.810	1002	47	4	1078	2076	4786256	4787255	0.0	1557
NC_003071.7:17253158-17255233	NC_003070.9	95.643	964	37	3	1	964	19061965	19062923	0.0	1543
NC_003071.7:17253158-17255233	NC_003070.9	91.419	1142	73	11	947	2076	28161194	28162322	0.0	1543
NC_003071.7:17253158-17255233	NC_003070.9	93.164	1024	63	6	1058	2076	19769011	19767990	0.0	1496
NC_003071.7:17253158-17255233	NC_003070.9	95.947	913	30	4	1	913	11699698	11700603	0.0	1474
NC_003071.7:17253158-17255233	NC_003070.9	92.076	997	62	4	1084	2076	12365009	12365992	0.0	1387
NC_003071.7:17253158-17255233	NC_003070.9	92.137	992	60	5	1087	2076	12563204	12562229	0.0	1384
NC_003071.7:17253158-17255233	NC_003070.9	91.976	997	62	5	1084	2076	16825388	16826370	0.0	1382
NC_003071.7:17253158-17255233	NC_003070.9	91.960	995	62	5	1087	2076	19466071	19465090	0.0	1378
NC_003071.7:17253158-17255233	NC_003070.9	91.725	1003	63	6	1079	2076	23214532	23215519	0.0	1375
NC_003071.7:17253158-17255233	NC_003070.9	91.650	1006	63	6	1079	2076	16326311	16327303	0.0	1373
NC_003071.7:17253158-17255233	NC_003070.9	95.385	845	35	2	265	1109	19062922	19063762	0.0	1341
NC_003071.7:17253158-17255233	NC_003070.9	95.460	815	19	5	1	815	4785461	4786257	0.0	1284
NC_003071.7:17253158-17255233	NC_003070.9	93.853	846	28	7	1	829	12364135	12364973	0.0	1253
NC_003071.7:17253158-17255233	NC_003070.9	93.522	849	25	10	1	829	23213666	23214504	0.0	1236
NC_003071.7:17253158-17255233	NC_003070.9	93.499	846	27	8	1	829	16824518	16825352	0.0	1232
NC_003071.7:17253158-17255233	NC_003070.9	93.168	849	30	7	1	829	19466949	19466109	0.0	1221
NC_003071.7:17253158-17255233	NC_003070.9	93.758	801	47	3	1277	2076	19063794	19064592	0.0	1199
NC_003071.7:17253158-17255233	NC_003070.9	92.435	846	40	11	1	829	12564081	12563243	0.0	1186
NC_003071.7:17253158-17255233	NC_003070.9	92.344	849	36	8	1	829	16325444	16326283	0.0	1181
NC_003071.7:17253158-17255233	NC_003070.9	93.047	791	51	4	1286	2076	23876482	23877268	0.0	1153
NC_003071.7:17253158-17255233	NC_003070.9	94.063	758	33	4	947	1693	16998385	16997629	0.0	1140
NC_003071.7:17253158-17255233	NC_003070.9	92.866	771	49	6	1306	2076	19328001	19327237	0.0	1114
NC_003071.7:17253158-17255233	NC_003070.9	93.281	759	39	3	947	1693	12876772	12876014	0.0	1109
NC_003071.7:17253158-17255233	NC_003070.9	87.526	978	78	18	1	946	16806989	16807954	0.0	1090
NC_003071.7:17253158-17255233	NC_003070.9	85.143	976	77	33	1	946	13262203	13261266	0.0	937
NC_003071.7:17253158-17255233	NC_003070.9	87.189	843	64	19	1	812	16806150	16806979	0.0	918
NC_003071.7:17253158-17255233	NC_003070.9	90.055	724	48	6	236	942	1977027	1976311	0.0	917
NC_003071.7:17253158-17255233	NC_003070.9	89.917	724	46	9	236	942	14299705	14298992	0.0	907
NC_003071.7:17253158-17255233	NC_003070.9	90.701	699	39	8	236	917	17552860	17552171	0.0	907
NC_003071.7:17253158-17255233	NC_003070.9	89.503	724	49	9	236	942	29320592	29319879	0.0	891
NC_003071.7:17253158-17255233	NC_003070.9	89.182	721	52	8	236	939	6736003	6736714	0.0	876
NC_003071.7:17253158-17255233	NC_003070.9	89.670	697	46	14	248	927	19085235	19085922	0.0	865
NC_003071.7:17253158-17255233	NC_003070.9	88.627	721	55	9	236	939	17368	18078	0.0	852
NC_003071.7:17253158-17255233	NC_003070.9	90.698	645	49	8	1440	2076	14309405	14308764	0.0	848
NC_003071.7:17253158-17255233	NC_003070.9	92.487	599	33	8	1479	2076	499960	499373	0.0	846
NC_003071.7:17253158-17255233	NC_003070.9	89.240	697	47	13	248	927	19173666	19172981	0.0	846
NC_003071.7:17253158-17255233	NC_003070.9	88.276	725	57	11	236	942	3074585	3073871	0.0	843
NC_003071.7:17253158-17255233	NC_003070.9	88.608	711	49	12	248	942	12855857	12855163	0.0	835
NC_003071.7:17253158-17255233	NC_003070.9	88.543	707	55	8	248	937	8291435	8290738	0.0	833
NC_003071.7:17253158-17255233	NC_003070.9	89.660	648	43	6	236	866	2235029	2234389	0.0	804
NC_003071.7:17253158-17255233	NC_003070.9	92.237	541	37	5	1538	2076	8489951	8489414	0.0	761
NC_003071.7:17253158-17255233	NC_003070.9	96.328	463	15	2	1	463	15939323	15939783	0.0	760
NC_003071.7:17253158-17255233	NC_003070.9	91.513	542	41	5	1538	2076	25963004	25962465	0.0	741
NC_003071.7:17253158-17255233	NC_003070.9	94.692	471	22	3	1	471	22622305	22621838	0.0	728
NC_003071.7:17253158-17255233	NC_003070.9	90.476	525	36	4	1552	2076	18790338	18790848	0.0	680
NC_003071.7:17253158-17255233	NC_003070.9	96.098	410	14	2	1	410	18790927	18791334	0.0	667
NC_003071.7:17253158-17255233	NC_003070.9	91.435	467	23	5	884	1338	22621842	22621381	1.44e-177	625
NC_003071.7:17253158-17255233	NC_003070.9	92.683	410	26	4	236	645	18746910	18746505	1.89e-166	588
NC_003071.7:17253158-17255233	NC_003070.9	92.786	402	27	2	1675	2076	23554190	23553791	3.17e-164	580
NC_003071.7:17253158-17255233	NC_003070.9	93.092	304	19	2	1286	1588	22992366	22992064	4.34e-123	444
NC_003071.7:17253158-17255233	NC_003070.9	92.105	304	22	2	1286	1588	30251412	30251110	4.37e-118	427
NC_003071.7:17253158-17255233	NC_003070.9	91.803	305	22	3	1286	1588	22621025	22620722	2.03e-116	422
NC_003071.7:17253158-17255233	NC_003070.9	91.447	304	23	3	1286	1588	12328360	12328059	3.40e-114	414
NC_003071.7:17253158-17255233	NC_003070.9	96.063	254	9	1	1	254	23554439	23554187	1.22e-113	412
NC_003071.7:17253158-17255233	NC_003070.9	95.703	256	10	1	1	256	25963257	25963003	4.40e-113	411
NC_003071.7:17253158-17255233	NC_003070.9	96.281	242	7	2	1	242	3910601	3910362	1.23e-108	396
NC_003071.7:17253158-17255233	NC_003070.9	93.145	248	13	4	1	246	17552998	17552753	4.49e-98	361
NC_003071.7:17253158-17255233	NC_003070.9	92.188	256	9	2	1	256	8490194	8489950	2.70e-95	351
NC_003071.7:17253158-17255233	NC_003070.9	92.339	248	14	5	1	246	14299842	14299598	3.50e-94	348
NC_003071.7:17253158-17255233	NC_003070.9	91.837	245	16	4	4	246	18747045	18746803	2.10e-91	339
NC_003071.7:17253158-17255233	NC_003070.9	91.129	248	19	3	1	246	17009	17255	9.79e-90	333
NC_003071.7:17253158-17255233	NC_003070.9	89.919	248	22	3	1	246	3074944	3074698	9.86e-85	316
NC_003071.7:17253158-17255233	NC_003070.9	91.441	222	15	4	28	246	17255	17475	2.76e-80	302
NC_003071.7:17253158-17255233	NC_003070.9	90.541	222	17	4	28	246	3074698	3074478	5.98e-77	291
NC_003071.7:17253158-17255233	NC_003070.9	90.090	222	19	3	27	246	29320705	29320485	2.78e-75	285
NC_003071.7:17253158-17255233	NC_003070.9	87.500	248	13	5	1	246	19085099	19085330	7.79e-71	270
NC_003071.7:17253158-17255233	NC_003070.9	92.513	187	5	2	947	1125	22992564	22992379	1.69e-67	259
NC_003071.7:17253158-17255233	NC_003070.9	91.979	187	6	2	947	1125	12328558	12328373	7.84e-66	254
NC_003071.7:17253158-17255233	NC_003070.9	86.290	248	16	12	1	246	12855993	12855762	7.84e-66	254
NC_003071.7:17253158-17255233	NC_003070.9	92.350	183	6	1	947	1121	30251610	30251428	7.84e-66	254
NC_003071.7:17253158-17255233	NC_003070.9	85.887	248	17	12	1	246	8291571	8291340	3.65e-64	248
NC_003071.7:17253158-17255233	NC_003070.9	91.444	187	7	2	947	1125	22621223	22621038	3.65e-64	248
NC_003071.7:17253158-17255233	NC_003070.9	90.909	187	8	2	947	1125	23876284	23876469	1.70e-62	243
NC_003071.7:17253158-17255233	NC_003070.9	95.536	112	4	1	236	347	17148	17258	4.85e-43	178
NC_003071.7:17253158-17255233	NC_003070.9	94.643	112	5	1	236	347	3074805	3074695	2.26e-41	172
NC_003071.7:17253158-17255233	NC_003070.9	92.500	80	6	0	2	81	30251767	30251688	3.86e-24	115
NC_003071.7:17253158-17255233	NC_003070.9	91.250	80	7	0	2	81	22992721	22992642	1.80e-22	110
NC_003071.7:17253158-17255233	NC_003074.8	94.519	2080	102	9	1	2076	17277814	17275743	0.0	3199
NC_003071.7:17253158-17255233	NC_003074.8	93.362	2079	105	15	1	2076	20786399	20788447	0.0	3044
NC_003071.7:17253158-17255233	NC_003074.8	93.311	2048	117	9	1	2036	15937286	15939325	0.0	3005
NC_003071.7:17253158-17255233	NC_003074.8	92.724	2089	105	20	1	2051	10821446	10819367	0.0	2972
NC_003071.7:17253158-17255233	NC_003074.8	93.030	2066	91	16	1	2049	11535844	11537873	0.0	2968
NC_003071.7:17253158-17255233	NC_003074.8	92.267	2082	118	20	1	2076	22118613	22120657	0.0	2913
NC_003071.7:17253158-17255233	NC_003074.8	92.117	2093	99	25	1	2076	17144490	17142447	0.0	2891
NC_003071.7:17253158-17255233	NC_003074.8	92.411	1568	83	17	516	2076	16562049	16563587	0.0	2204
NC_003071.7:17253158-17255233	NC_003074.8	93.288	1460	72	10	1	1457	5745923	5744487	0.0	2130
NC_003071.7:17253158-17255233	NC_003074.8	94.449	1351	50	10	1	1338	17301278	17299940	0.0	2056
NC_003071.7:17253158-17255233	NC_003074.8	91.217	1389	71	22	691	2076	15452795	15451455	0.0	1842
NC_003071.7:17253158-17255233	NC_003074.8	92.018	1140	72	7	947	2074	17730098	17731230	0.0	1583
NC_003071.7:17253158-17255233	NC_003074.8	91.259	1144	80	8	947	2076	17776928	17778065	0.0	1541
NC_003071.7:17253158-17255233	NC_003074.8	94.240	1007	43	3	1072	2076	16451587	16452580	0.0	1524
NC_003071.7:17253158-17255233	NC_003074.8	91.140	1140	70	12	947	2076	9767475	9766357	0.0	1517
NC_003071.7:17253158-17255233	NC_003074.8	90.690	1160	67	17	947	2074	16419302	16420452	0.0	1506
NC_003071.7:17253158-17255233	NC_003074.8	92.044	993	63	3	1087	2076	17062365	17061386	0.0	1382
NC_003071.7:17253158-17255233	NC_003074.8	96.585	820	24	4	1	820	16450786	16451601	0.0	1356
NC_003071.7:17253158-17255233	NC_003074.8	91.449	994	56	6	1087	2076	7995797	7994829	0.0	1338
NC_003071.7:17253158-17255233	NC_003074.8	92.105	912	45	8	947	1846	11503603	11502707	0.0	1260
NC_003071.7:17253158-17255233	NC_003074.8	94.672	807	38	5	4	809	9386343	9385541	0.0	1247
NC_003071.7:17253158-17255233	NC_003074.8	93.308	792	51	2	1286	2076	18412509	18413299	0.0	1168
NC_003071.7:17253158-17255233	NC_003074.8	92.199	846	29	8	1	829	17063229	17062404	0.0	1162
NC_003071.7:17253158-17255233	NC_003074.8	93.056	792	54	1	1286	2076	18019136	18019927	0.0	1157
NC_003071.7:17253158-17255233	NC_003074.8	92.579	795	52	7	1286	2076	13327791	13328582	0.0	1134
NC_003071.7:17253158-17255233	NC_003074.8	91.162	792	67	3	1286	2076	3965358	3966147	0.0	1072
NC_003071.7:17253158-17255233	NC_003074.8	92.742	744	51	3	1333	2076	10556872	10556132	0.0	1072
NC_003071.7:17253158-17255233	NC_003074.8	91.812	745	49	9	1333	2076	10575084	10574351	0.0	1027
NC_003071.7:17253158-17255233	NC_003074.8	93.201	706	35	5	1000	1693	10320599	10321303	0.0	1026
NC_003071.7:17253158-17255233	NC_003074.8	89.183	832	56	23	1	829	7996636	7995836	0.0	1007
NC_003071.7:17253158-17255233	NC_003074.8	90.649	770	53	6	1307	2076	15485279	15484529	0.0	1005
NC_003071.7:17253158-17255233	NC_003074.8	89.763	801	52	11	169	950	18746356	18747145	0.0	998
NC_003071.7:17253158-17255233	NC_003074.8	88.623	835	60	22	141	946	9890146	9890974	0.0	983
NC_003071.7:17253158-17255233	NC_003074.8	93.529	649	37	5	1428	2076	5744486	5743843	0.0	961
NC_003071.7:17253158-17255233	NC_003074.8	94.258	627	29	3	790	1412	9385005	9384382	0.0	952
NC_003071.7:17253158-17255233	NC_003074.8	90.846	721	42	6	236	939	16879943	16880656	0.0	944
NC_003071.7:17253158-17255233	NC_003074.8	90.055	724	46	8	236	942	9559544	9558830	0.0	915
NC_003071.7:17253158-17255233	NC_003074.8	90.014	721	41	11	236	939	5622169	5622875	0.0	904
NC_003071.7:17253158-17255233	NC_003074.8	89.517	725	46	10	236	942	20485002	20484290	0.0	891
NC_003071.7:17253158-17255233	NC_003074.8	91.948	621	43	6	1457	2076	9384380	9383766	0.0	863
NC_003071.7:17253158-17255233	NC_003074.8	88.260	724	58	9	236	942	2629888	2629175	0.0	841
NC_003071.7:17253158-17255233	NC_003074.8	87.940	738	55	12	236	946	3716481	3717211	0.0	839
NC_003071.7:17253158-17255233	NC_003074.8	87.834	748	47	19	227	950	16173067	16172340	0.0	837
NC_003071.7:17253158-17255233	NC_003074.8	86.897	725	53	17	236	942	1371038	1370338	0.0	774
NC_003071.7:17253158-17255233	NC_003074.8	92.337	522	29	4	947	1458	11967811	11968331	0.0	732
NC_003071.7:17253158-17255233	NC_003074.8	95.610	410	15	3	1	410	16561654	16562060	0.0	654
NC_003071.7:17253158-17255233	NC_003074.8	95.107	327	10	1	1	321	11200624	11200950	4.21e-143	510
NC_003071.7:17253158-17255233	NC_003074.8	86.967	422	31	7	543	946	10404825	10405240	7.20e-126	453
NC_003071.7:17253158-17255233	NC_003074.8	93.269	312	8	3	947	1245	15485591	15485280	3.35e-124	448
NC_003071.7:17253158-17255233	NC_003074.8	93.092	304	18	3	1286	1588	17299583	17299282	1.56e-122	442
NC_003071.7:17253158-17255233	NC_003074.8	93.493	292	15	3	236	527	10862540	10862827	3.38e-119	431
NC_003071.7:17253158-17255233	NC_003074.8	91.176	306	15	3	947	1240	10557188	10556883	2.05e-111	405
NC_003071.7:17253158-17255233	NC_003074.8	90.190	316	18	4	947	1250	10575400	10575086	9.52e-110	399
NC_003071.7:17253158-17255233	NC_003074.8	94.531	256	13	1	1	256	18584738	18584992	4.43e-108	394
NC_003071.7:17253158-17255233	NC_003074.8	90.592	287	27	0	1790	2076	11968331	11968617	3.45e-104	381
NC_003071.7:17253158-17255233	NC_003074.8	89.931	288	19	8	242	528	20487006	20486728	1.25e-98	363
NC_003071.7:17253158-17255233	NC_003074.8	94.783	230	12	0	1811	2040	11200951	11201180	1.62e-97	359
NC_003071.7:17253158-17255233	NC_003074.8	92.771	249	14	4	1	246	3716342	3716589	5.81e-97	357
NC_003071.7:17253158-17255233	NC_003074.8	91.935	248	17	3	1	246	17397300	17397054	4.52e-93	344
NC_003071.7:17253158-17255233	NC_003074.8	91.968	249	13	6	1	246	20485140	20484896	1.63e-92	342
NC_003071.7:17253158-17255233	NC_003074.8	91.429	245	18	3	4	246	9559680	9559437	9.79e-90	333
NC_003071.7:17253158-17255233	NC_003074.8	88.095	252	20	2	1835	2076	8757570	8757821	5.98e-77	291
NC_003071.7:17253158-17255233	NC_003074.8	90.090	222	18	4	28	246	2630001	2629781	2.78e-75	285
NC_003071.7:17253158-17255233	NC_003074.8	84.539	304	15	9	1286	1588	1571723	1571995	2.16e-71	272
NC_003071.7:17253158-17255233	NC_003074.8	93.048	187	5	1	947	1125	13327592	13327778	1.01e-69	267
NC_003071.7:17253158-17255233	NC_003074.8	93.048	187	5	1	947	1125	17299782	17299596	1.01e-69	267
NC_003071.7:17253158-17255233	NC_003074.8	92.896	183	5	3	947	1121	1571523	1571705	1.69e-67	259
NC_003071.7:17253158-17255233	NC_003074.8	90.957	188	7	3	947	1125	3965159	3965345	4.72e-63	244
NC_003071.7:17253158-17255233	NC_003074.8	90.710	183	7	3	947	1121	18412311	18412491	2.84e-60	235
NC_003071.7:17253158-17255233	NC_003074.8	90.341	176	15	2	61	236	16879865	16880038	1.32e-58	230
NC_003071.7:17253158-17255233	NC_003074.8	94.667	150	5	2	236	385	17397161	17397015	1.32e-58	230
NC_003071.7:17253158-17255233	NC_003074.8	89.071	183	10	3	947	1121	18018938	18019118	2.86e-55	219
NC_003071.7:17253158-17255233	NC_003074.8	94.643	112	5	1	236	347	1371258	1371148	2.26e-41	172
NC_003071.7:17253158-17255233	NC_003074.8	96.226	106	3	1	1	106	16879751	16879855	2.26e-41	172
NC_003071.7:17253158-17255233	NC_003074.8	90.000	110	8	3	1	108	9890049	9890157	2.29e-31	139
NC_003071.7:17253158-17255233	NC_003074.8	89.908	109	9	2	237	345	9890146	9890252	2.29e-31	139
NC_003071.7:17253158-17255233	NC_003074.8	92.045	88	6	1	37	124	10392129	10392215	2.31e-26	122
NC_003071.7:17253158-17255233	NC_003074.8	93.902	82	3	2	1	81	18018781	18018861	2.31e-26	122
NC_003071.7:17253158-17255233	NC_003074.8	93.827	81	3	2	2	81	17299939	17299860	8.30e-26	121
NC_003071.7:17253158-17255233	NC_003074.8	92.593	81	6	0	1	81	13327434	13327514	1.07e-24	117
NC_003071.7:17253158-17255233	NC_003074.8	92.593	81	6	0	1	81	18412154	18412234	1.07e-24	117
NC_003071.7:17253158-17255233	NC_003074.8	90.588	85	7	1	1	85	16419144	16419227	4.99e-23	111
NC_003071.7:17253158-17255233	NC_003074.8	96.875	64	2	0	1	64	10557346	10557283	6.46e-22	108
NC_003071.7:17253158-17255233	NC_003074.8	88.764	89	7	3	1	89	9767629	9767544	2.32e-21	106
NC_003071.7:17253158-17255233	NC_003074.8	90.123	81	8	0	1	81	11503761	11503681	2.32e-21	106
NC_003071.7:17253158-17255233	NC_003074.8	90.123	81	8	0	1	81	17729940	17730020	2.32e-21	106
NC_003071.7:17253158-17255233	NC_003074.8	77.215	158	12	16	1542	1695	15667806	15667669	8.48e-11	71.3
NC_003071.7:17299420-17300000	NC_003071.7	100.000	581	0	0	1	581	17300000	17299420	0.0	1074
NC_003071.7:17299420-17300000	NC_003071.7	97.256	583	14	2	1	581	6297786	6297204	0.0	987
NC_003071.7:17299420-17300000	NC_003071.7	94.359	585	23	7	1	579	15371678	15371098	0.0	889
NC_003071.7:17299420-17300000	NC_003071.7	94.027	586	25	7	1	580	1903065	1903646	0.0	880
NC_003071.7:17299420-17300000	NC_003071.7	98.718	78	1	0	1	78	17300233	17300156	6.21e-32	139
NC_003071.7:17299420-17300000	NC_003071.7	76.087	230	42	10	359	580	7730347	7730571	1.75e-22	108
NC_003071.7:17299420-17300000	NC_003076.8	96.259	588	14	4	1	580	347602	347015	0.0	957
NC_003071.7:17299420-17300000	NC_003076.8	93.814	582	29	5	1	580	15715100	15715676	0.0	869
NC_003071.7:17299420-17300000	NC_003076.8	97.436	507	10	3	72	577	24344596	24344092	0.0	861
NC_003071.7:17299420-17300000	NC_003076.8	94.526	475	20	4	1	473	7352235	7352705	0.0	728
NC_003071.7:17299420-17300000	NC_003076.8	95.673	416	10	3	1	409	24345342	24344928	0.0	662
NC_003071.7:17299420-17300000	NC_003076.8	96.210	343	6	4	72	409	24344932	24344592	5.20e-157	555
NC_003071.7:17299420-17300000	NC_003076.8	97.436	78	2	0	1	78	348165	348088	2.89e-30	134
NC_003071.7:17299420-17300000	NC_003076.8	97.403	77	2	0	1	77	347883	347807	1.04e-29	132
NC_003071.7:17299420-17300000	NC_003076.8	91.489	94	7	1	489	581	7352674	7352767	1.34e-28	128
NC_003071.7:17299420-17300000	NC_003070.9	94.836	581	24	4	1	579	12874214	12873638	0.0	902
NC_003071.7:17299420-17300000	NC_003070.9	94.683	583	23	7	1	581	3771616	3771040	0.0	898
NC_003071.7:17299420-17300000	NC_003070.9	94.576	590	14	5	1	579	6234518	6233936	0.0	896
NC_003071.7:17299420-17300000	NC_003070.9	92.308	351	23	4	85	434	16341625	16341278	3.20e-139	496
NC_003071.7:17299420-17300000	NC_003070.9	91.477	352	24	6	85	434	16339904	16339557	3.22e-134	479
NC_003071.7:17299420-17300000	NC_003070.9	97.765	179	4	0	1	179	6234897	6234719	4.47e-83	309
NC_003071.7:17299420-17300000	NC_003070.9	98.630	73	1	0	1	73	16342768	16342696	3.73e-29	130
NC_003071.7:17299420-17300000	NC_003070.9	97.260	73	2	0	1	73	16341070	16340998	1.74e-27	124
NC_003071.7:17299420-17300000	NC_003074.8	93.804	581	27	5	1	579	3874017	3874590	0.0	865
NC_003071.7:17299420-17300000	NC_003074.8	93.471	582	31	4	1	580	7291740	7291164	0.0	857
NC_003071.7:17299420-17300000	NC_003074.8	93.122	567	30	8	1	563	4216919	4216358	0.0	822
NC_003071.7:17299420-17300000	NC_003074.8	90.534	581	29	6	1	579	3988235	3987679	0.0	745
NC_003071.7:17299420-17300000	NC_003074.8	79.393	461	62	25	140	579	17034241	17034689	1.25e-78	294
NC_003071.7:17299420-17300000	NC_003075.7	93.526	587	26	7	1	581	8769124	8768544	0.0	863
NC_003071.7:17299420-17300000	NC_003075.7	93.870	571	28	5	12	580	7404213	7404778	0.0	854
NC_003071.7:17299420-17300000	NC_003075.7	93.286	566	29	8	1	563	418016	417457	0.0	826
NC_003071.7:17299420-17300000	NC_003075.7	90.411	584	27	9	1	580	12844848	12844290	0.0	741
NC_003071.7:17292547-17292780	NC_003071.7	100.000	234	0	0	1	234	17292780	17292547	9.57e-121	433
NC_003071.7:17292547-17292780	NC_003071.7	88.285	239	20	4	1	234	17364823	17365058	1.32e-74	279
NC_003071.7:18957695-18957943	NC_003071.7	100.000	249	0	0	1	249	18957695	18957943	4.71e-129	460
NC_003071.7:18957695-18957943	NC_003071.7	81.295	278	22	5	2	249	1850847	1851124	4.07e-50	198
NC_003071.7:18957695-18957943	NC_003071.7	80.364	275	21	15	4	247	15402123	15402395	5.31e-44	178
NC_003071.7:18957695-18957943	NC_003071.7	90.551	127	8	4	1	123	6250687	6250561	4.13e-40	165
NC_003071.7:18957695-18957943	NC_003071.7	88.889	126	11	3	123	247	13404421	13404298	3.22e-36	152
NC_003071.7:18957695-18957943	NC_003071.7	90.598	117	8	2	9	122	13404567	13404451	3.22e-36	152
NC_003071.7:18957695-18957943	NC_003071.7	86.719	128	15	2	123	249	6250532	6250406	6.96e-33	141
NC_003071.7:18957695-18957943	NC_003070.9	79.787	282	22	16	1	249	15760707	15760986	2.47e-42	172
NC_003071.7:18957695-18957943	NC_003070.9	86.992	123	16	0	123	245	23521745	23521623	2.50e-32	139
NC_003071.7:18957695-18957943	NC_003070.9	93.750	64	4	0	59	122	23521838	23521775	1.53e-19	97.1
NC_003071.7:18957695-18957943	NC_003074.8	85.714	126	16	2	123	247	2998518	2998642	4.19e-30	132
NC_003071.7:18127187-18128080	NC_003071.7	100.000	894	0	0	1	894	18128080	18127187	0.0	1652
NC_003071.7:18127187-18128080	NC_003071.7	82.071	396	42	20	1	394	18125846	18125478	1.94e-83	311
NC_003071.7:18127187-18128080	NC_003071.7	78.880	393	47	24	523	894	18125392	18125015	4.33e-60	233
NC_003071.7:19413916-19414655	NC_003071.7	100.000	740	0	0	1	740	19414655	19413916	0.0	1367
NC_003071.7:19413916-19414655	NC_003071.7	89.456	588	49	9	160	740	7439534	7438953	0.0	730
NC_003071.7:19413916-19414655	NC_003071.7	89.610	462	42	3	1	461	1552863	1552407	3.07e-165	582
NC_003071.7:19413916-19414655	NC_003071.7	87.365	277	24	10	468	740	1789189	1788920	2.07e-82	307
NC_003071.7:19413916-19414655	NC_003071.7	86.282	277	26	9	468	740	9091854	9092122	2.08e-77	291
NC_003071.7:19413916-19414655	NC_003071.7	87.368	190	17	6	520	704	5558418	5558231	1.67e-53	211
NC_003071.7:19413916-19414655	NC_003071.7	90.722	97	8	1	1	97	4796346	4796441	1.73e-28	128
NC_003071.7:19413916-19414655	NC_003076.8	92.558	739	49	5	1	738	21016570	21015837	0.0	1055
NC_003071.7:19413916-19414655	NC_003076.8	89.233	678	53	5	2	674	14216354	14215692	0.0	830
NC_003071.7:19413916-19414655	NC_003076.8	87.114	745	74	14	2	740	23050691	23049963	0.0	824
NC_003071.7:19413916-19414655	NC_003076.8	88.809	277	20	8	468	740	9369660	9369929	4.41e-89	329
NC_003071.7:19413916-19414655	NC_003076.8	85.401	274	25	9	471	740	9770345	9770083	2.71e-71	270
NC_003071.7:19413916-19414655	NC_003076.8	90.099	101	10	0	1	101	349809	349909	1.34e-29	132
NC_003071.7:19413916-19414655	NC_003076.8	86.154	65	8	1	2	66	15031812	15031749	1.06e-10	69.4
NC_003071.7:19413916-19414655	NC_003074.8	94.397	696	23	6	44	738	21694229	21694909	0.0	1055
NC_003071.7:19413916-19414655	NC_003074.8	89.706	748	62	9	1	740	8772146	8772886	0.0	941
NC_003071.7:19413916-19414655	NC_003074.8	87.413	286	23	7	468	740	16554163	16554448	3.44e-85	316
NC_003071.7:19413916-19414655	NC_003074.8	87.050	278	24	10	468	740	11535542	11535272	2.68e-81	303
NC_003071.7:19413916-19414655	NC_003074.8	91.099	191	10	6	551	740	1341896	1341712	9.83e-66	252
NC_003071.7:19413916-19414655	NC_003074.8	90.667	75	7	0	2	76	7318502	7318576	3.77e-20	100
NC_003071.7:19413916-19414655	NC_003075.7	90.400	750	50	17	1	734	6638804	6639547	0.0	966
NC_003071.7:19413916-19414655	NC_003075.7	89.453	749	67	10	1	740	7830149	7830894	0.0	935
NC_003071.7:19413916-19414655	NC_003075.7	89.617	366	34	4	2	366	6379410	6379048	4.17e-129	462
NC_003071.7:19413916-19414655	NC_003075.7	86.760	287	25	7	463	740	6376539	6376257	2.07e-82	307
NC_003071.7:19413916-19414655	NC_003075.7	86.038	265	23	11	468	726	16378574	16378830	7.54e-72	272
NC_003071.7:19413916-19414655	NC_003075.7	88.235	204	17	7	542	740	1659378	1659579	2.75e-61	237
NC_003071.7:19413916-19414655	NC_003075.7	91.279	172	11	2	468	635	6168182	6168353	1.28e-59	231
NC_003071.7:19413916-19414655	NC_003070.9	90.040	743	63	9	1	738	6403658	6402922	0.0	952
NC_003071.7:19413916-19414655	NC_003070.9	89.651	744	66	8	1	740	18981378	18980642	0.0	937
NC_003071.7:19413916-19414655	NC_003070.9	91.271	653	46	9	94	740	12137279	12136632	0.0	880
NC_003071.7:19413916-19414655	NC_003070.9	88.376	628	53	14	118	740	15642445	15643057	0.0	737
NC_003071.7:19413916-19414655	NC_003070.9	91.521	401	33	1	2	401	12137683	12137283	8.65e-156	551
NC_003071.7:19413916-19414655	NC_003070.9	89.643	280	22	4	468	740	13981000	13980721	3.39e-95	350
NC_003071.7:19413916-19414655	NC_003070.9	87.050	278	25	9	468	740	13064350	13064079	2.68e-81	303
NC_003071.7:19413916-19414655	NC_003070.9	93.333	90	6	0	1	90	19742139	19742050	3.71e-30	134
NC_003071.7:19413916-19414655	NC_003070.9	90.909	99	8	1	1	99	2588430	2588333	1.34e-29	132
NC_003071.7:17904369-17905415	NC_003071.7	100.000	1047	0	0	1	1047	17905415	17904369	0.0	1934
NC_003071.7:17904369-17905415	NC_003071.7	92.897	718	30	6	331	1047	7178286	7177589	0.0	1024
NC_003071.7:17904369-17905415	NC_003071.7	80.877	1072	127	50	10	1046	1368503	1367475	0.0	773
NC_003071.7:17904369-17905415	NC_003071.7	82.742	620	78	20	11	613	2219859	2219252	7.49e-148	525
NC_003071.7:17904369-17905415	NC_003071.7	84.277	477	59	12	269	735	7567297	7566827	1.29e-125	451
NC_003071.7:17904369-17905415	NC_003071.7	81.562	461	57	20	286	739	1302938	1302499	1.04e-96	355
NC_003071.7:17904369-17905415	NC_003071.7	77.346	437	71	19	1	432	7178435	7178022	5.09e-60	233
NC_003071.7:17904369-17905415	NC_003070.9	90.848	1049	73	13	11	1046	1705401	1706439	0.0	1384
NC_003071.7:17904369-17905415	NC_003070.9	84.785	861	86	28	182	1015	16890453	16889611	0.0	822
NC_003071.7:17904369-17905415	NC_003070.9	83.912	634	80	21	11	636	13480113	13479494	3.39e-166	586
NC_003071.7:17904369-17905415	NC_003070.9	86.186	485	53	12	187	663	18450184	18449706	5.83e-144	512
NC_003071.7:17904369-17905415	NC_003070.9	84.906	477	55	13	269	735	9836836	9837305	4.61e-130	466
NC_003071.7:17904369-17905415	NC_003070.9	82.937	463	58	18	286	739	19666115	19666565	1.70e-109	398
NC_003071.7:17904369-17905415	NC_003070.9	81.798	456	69	10	286	739	17333026	17332583	3.71e-101	370
NC_003071.7:17904369-17905415	NC_003070.9	81.441	458	72	12	286	739	18766442	18765994	6.22e-99	363
NC_003071.7:17904369-17905415	NC_003070.9	77.681	345	57	16	58	387	19385910	19386249	8.63e-48	193
NC_003071.7:17904369-17905415	NC_003070.9	93.333	45	3	0	646	690	16890247	16890203	5.46e-10	67.6
NC_003071.7:17904369-17905415	NC_003075.7	94.027	904	41	7	157	1047	6158780	6157877	0.0	1358
NC_003071.7:17904369-17905415	NC_003075.7	83.880	1067	119	27	11	1047	5110649	5111692	0.0	968
NC_003071.7:17904369-17905415	NC_003075.7	81.209	1075	138	38	10	1046	10999799	11000847	0.0	808
NC_003071.7:17904369-17905415	NC_003075.7	80.513	1052	121	46	11	1008	5199121	5200142	0.0	730
NC_003071.7:17904369-17905415	NC_003075.7	81.639	915	117	42	12	887	2120180	2121082	0.0	712
NC_003071.7:17904369-17905415	NC_003075.7	86.258	473	51	12	269	735	1956960	1957424	1.26e-140	501
NC_003071.7:17904369-17905415	NC_003075.7	83.473	478	63	12	269	735	792789	792317	1.68e-119	431
NC_003071.7:17904369-17905415	NC_003075.7	83.117	462	59	16	286	739	8564773	8564323	3.66e-111	403
NC_003071.7:17904369-17905415	NC_003075.7	83.117	462	58	17	286	739	8958157	8958606	3.66e-111	403
NC_003071.7:17904369-17905415	NC_003076.8	83.725	1063	117	32	14	1046	10049092	10048056	0.0	953
NC_003071.7:17904369-17905415	NC_003076.8	96.250	480	18	0	9	488	10042929	10043408	0.0	787
NC_003071.7:17904369-17905415	NC_003076.8	92.336	535	36	5	14	546	4737897	4737366	0.0	756
NC_003071.7:17904369-17905415	NC_003076.8	91.636	538	39	6	11	546	8280718	8281251	0.0	739
NC_003071.7:17904369-17905415	NC_003076.8	84.800	750	81	28	11	739	13603358	13602621	0.0	723
NC_003071.7:17904369-17905415	NC_003076.8	79.981	1044	148	42	34	1047	9223204	9224216	0.0	713
NC_003071.7:17904369-17905415	NC_003076.8	92.600	473	24	9	580	1046	8281254	8281721	0.0	669
NC_003071.7:17904369-17905415	NC_003076.8	90.519	443	21	9	580	1020	4737363	4736940	4.41e-160	566
NC_003071.7:17904369-17905415	NC_003076.8	81.709	585	80	21	11	577	13437122	13436547	5.96e-129	462
NC_003071.7:17904369-17905415	NC_003076.8	83.766	462	56	16	286	739	4970433	4970883	3.64e-116	420
NC_003071.7:17904369-17905415	NC_003076.8	82.721	463	60	18	286	739	9762944	9762493	2.20e-108	394
NC_003071.7:17904369-17905415	NC_003076.8	82.505	463	60	17	286	739	14211992	14211542	3.69e-106	387
NC_003071.7:17904369-17905415	NC_003076.8	81.188	505	67	22	286	775	15779220	15779711	1.72e-104	381
NC_003071.7:17904369-17905415	NC_003076.8	82.073	463	62	18	286	739	25845188	25844738	7.98e-103	375
NC_003071.7:17904369-17905415	NC_003076.8	80.228	263	33	16	156	408	10680112	10679859	6.72e-44	180
NC_003071.7:17904369-17905415	NC_003074.8	85.342	805	86	24	106	887	10905396	10906191	0.0	804
NC_003071.7:17904369-17905415	NC_003074.8	81.415	721	87	27	302	998	19622608	19623305	5.75e-154	545
NC_003071.7:17904369-17905415	NC_003074.8	86.515	482	52	10	189	663	11287261	11286786	1.25e-145	518
NC_003071.7:17904369-17905415	NC_003074.8	82.900	462	60	16	286	739	4551724	4552174	1.70e-109	398
NC_003071.7:17904369-17905415	NC_003074.8	80.970	536	60	36	490	1000	12354378	12353860	3.69e-106	387
NC_003071.7:17904369-17905415	NC_003074.8	81.400	500	66	24	286	775	7318677	7319159	4.77e-105	383
NC_003071.7:17904369-17905415	NC_003074.8	82.251	462	63	16	286	738	9540654	9541105	1.72e-104	381
NC_003071.7:19268594-19269201	NC_003071.7	100.000	608	0	0	1	608	19269201	19268594	0.0	1123
NC_003071.7:19268594-19269201	NC_003071.7	94.371	604	23	5	2	604	10406501	10407094	0.0	917
NC_003071.7:19268594-19269201	NC_003071.7	94.570	221	10	2	1	221	11129219	11129001	1.66e-92	340
NC_003071.7:19268594-19269201	NC_003071.7	93.427	213	12	2	1	212	510987	511198	1.01e-84	315
NC_003071.7:19268594-19269201	NC_003071.7	92.593	216	14	2	2	217	2820420	2820633	4.69e-83	309
NC_003071.7:19268594-19269201	NC_003071.7	87.963	216	12	3	2	217	4307703	4307502	4.82e-63	243
NC_003071.7:19268594-19269201	NC_003071.7	87.368	95	9	2	1	93	3211636	3211543	6.60e-22	106
NC_003071.7:19268594-19269201	NC_003070.9	95.074	609	26	4	1	608	8375152	8374547	0.0	955
NC_003071.7:19268594-19269201	NC_003070.9	91.787	621	30	7	2	605	16822273	16822889	0.0	845
NC_003071.7:19268594-19269201	NC_003070.9	92.727	220	14	2	2	221	28750315	28750098	2.80e-85	316
NC_003071.7:19268594-19269201	NC_003070.9	92.308	221	15	2	1	221	16998812	16998594	3.62e-84	313
NC_003071.7:19268594-19269201	NC_003070.9	91.705	217	16	2	1	217	8723514	8723300	2.82e-80	300
NC_003071.7:19268594-19269201	NC_003070.9	90.909	220	18	2	2	221	11806173	11805956	1.31e-78	294
NC_003071.7:19268594-19269201	NC_003070.9	90.783	217	15	5	2	217	9062084	9062296	7.90e-76	285
NC_003071.7:19268594-19269201	NC_003070.9	92.500	200	14	1	22	221	18126624	18126822	7.90e-76	285
NC_003071.7:19268594-19269201	NC_003070.9	88.940	217	22	2	1	217	10652931	10652717	2.86e-70	267
NC_003071.7:19268594-19269201	NC_003070.9	90.449	178	16	1	2	179	13808204	13808380	2.90e-60	233
NC_003071.7:19268594-19269201	NC_003070.9	88.889	171	16	3	47	217	18287227	18287394	1.76e-52	207
NC_003071.7:19268594-19269201	NC_003076.8	89.839	620	44	10	2	605	8808995	8809611	0.0	778
NC_003071.7:19268594-19269201	NC_003076.8	94.009	217	11	2	1	217	17438314	17438528	1.29e-88	327
NC_003071.7:19268594-19269201	NC_003076.8	94.313	211	11	1	2	212	8178107	8177898	6.02e-87	322
NC_003071.7:19268594-19269201	NC_003076.8	92.273	220	15	2	2	221	18113642	18113859	1.30e-83	311
NC_003071.7:19268594-19269201	NC_003076.8	91.855	221	16	2	1	221	26233533	26233315	1.69e-82	307
NC_003071.7:19268594-19269201	NC_003076.8	92.558	215	13	3	7	221	13608301	13608512	6.06e-82	305
NC_003071.7:19268594-19269201	NC_003076.8	92.683	205	10	5	10	212	14985224	14985023	1.70e-77	291
NC_003071.7:19268594-19269201	NC_003076.8	90.826	218	16	4	1	217	15213324	15213110	6.11e-77	289
NC_003071.7:19268594-19269201	NC_003076.8	86.818	220	24	4	3	221	16480782	16480997	1.73e-62	241
NC_003071.7:19268594-19269201	NC_003076.8	88.827	179	19	1	2	180	16387691	16387868	8.12e-56	219
NC_003071.7:19268594-19269201	NC_003075.7	88.696	345	26	9	271	604	4905759	4905417	4.49e-113	409
NC_003071.7:19268594-19269201	NC_003075.7	87.671	292	18	5	8	297	15592385	15592110	1.67e-87	324
NC_003071.7:19268594-19269201	NC_003075.7	93.088	217	13	2	1	217	4650109	4650323	2.80e-85	316
NC_003071.7:19268594-19269201	NC_003075.7	93.868	212	10	3	2	212	4909348	4909139	2.80e-85	316
NC_003071.7:19268594-19269201	NC_003075.7	91.244	217	17	2	1	217	4685637	4685851	1.31e-78	294
NC_003071.7:19268594-19269201	NC_003075.7	91.204	216	17	2	2	217	12714136	12713923	4.72e-78	292
NC_003071.7:19268594-19269201	NC_003075.7	91.469	211	16	2	2	212	4906330	4906122	6.11e-77	289
NC_003071.7:19268594-19269201	NC_003075.7	90.278	216	18	3	2	217	2316524	2316312	3.67e-74	279
NC_003071.7:19268594-19269201	NC_003074.8	94.340	212	11	1	2	213	16851842	16851632	1.67e-87	324
NC_003071.7:19268594-19269201	NC_003074.8	93.519	216	12	2	2	217	18976720	18976933	2.17e-86	320
NC_003071.7:19268594-19269201	NC_003074.8	93.868	212	12	1	2	213	15642913	15643123	7.79e-86	318
NC_003071.7:19268594-19269201	NC_003074.8	92.273	220	15	2	2	221	9767683	9767900	1.30e-83	311
NC_003071.7:19268594-19269201	NC_003074.8	91.705	217	14	4	2	217	10791549	10791336	1.01e-79	298
NC_003071.7:19268594-19269201	NC_003074.8	91.667	216	16	2	2	217	15783155	15783368	1.01e-79	298
NC_003071.7:19268594-19269201	NC_003074.8	91.509	212	17	1	1	212	19648581	19648371	1.70e-77	291
NC_003071.7:19268594-19269201	NC_003074.8	90.498	221	18	3	1	221	538780	538997	6.11e-77	289
NC_003071.7:19268594-19269201	NC_003074.8	92.784	194	12	2	2	195	14785551	14785360	3.67e-74	279
NC_003071.7:19268594-19269201	NC_003074.8	88.298	94	8	2	2	93	12981845	12981753	5.10e-23	110
NC_003071.7:19268594-19269201	NC_003074.8	98.246	57	1	0	155	211	10908289	10908233	3.07e-20	100
NC_003071.7:19195410-19196784	NC_003071.7	100.000	1375	0	0	1	1375	19196784	19195410	0.0	2540
NC_003071.7:19195410-19196784	NC_003071.7	95.769	780	30	1	28	807	12556203	12555427	0.0	1254
NC_003071.7:19195410-19196784	NC_003071.7	95.134	781	36	2	28	807	1460925	1460146	0.0	1230
NC_003071.7:19195410-19196784	NC_003071.7	93.982	781	33	7	31	807	10469078	10468308	0.0	1170
NC_003071.7:19195410-19196784	NC_003071.7	93.846	780	32	3	28	807	5467004	5466241	0.0	1160
NC_003071.7:19195410-19196784	NC_003071.7	95.543	718	26	5	18	735	6099521	6100232	0.0	1144
NC_003071.7:19195410-19196784	NC_003071.7	90.828	785	41	12	28	811	11399377	11398623	0.0	1022
NC_003071.7:19195410-19196784	NC_003071.7	93.740	639	38	2	166	803	13267150	13267787	0.0	957
NC_003071.7:19195410-19196784	NC_003071.7	92.547	644	45	3	166	806	6925142	6924499	0.0	920
NC_003071.7:19195410-19196784	NC_003071.7	92.391	644	43	6	164	803	12801226	12801867	0.0	913
NC_003071.7:19195410-19196784	NC_003071.7	92.142	649	42	9	166	808	14334020	14334665	0.0	907
NC_003071.7:19195410-19196784	NC_003071.7	94.464	578	30	2	799	1375	12554611	12554035	0.0	889
NC_003071.7:19195410-19196784	NC_003071.7	94.148	581	29	3	799	1375	10467856	10467277	0.0	880
NC_003071.7:19195410-19196784	NC_003071.7	93.997	583	25	4	799	1375	5465501	5464923	0.0	874
NC_003071.7:19195410-19196784	NC_003071.7	93.599	578	34	3	799	1375	1459422	1458847	0.0	859
NC_003071.7:19195410-19196784	NC_003071.7	90.476	651	48	13	166	808	542543	543187	0.0	846
NC_003071.7:19195410-19196784	NC_003071.7	89.907	644	44	5	166	806	7154501	7153876	0.0	809
NC_003071.7:19195410-19196784	NC_003071.7	89.720	642	44	6	166	803	500220	500843	0.0	800
NC_003071.7:19195410-19196784	NC_003071.7	89.612	645	46	5	166	806	12094189	12093562	0.0	800
NC_003071.7:19195410-19196784	NC_003071.7	89.474	646	48	4	164	806	13337846	13337218	0.0	798
NC_003071.7:19195410-19196784	NC_003071.7	89.506	648	44	6	166	806	17254998	17254368	0.0	798
NC_003071.7:19195410-19196784	NC_003071.7	89.302	645	48	3	166	806	11286904	11286277	0.0	789
NC_003071.7:19195410-19196784	NC_003071.7	88.820	644	51	5	166	806	396420	395795	0.0	771
NC_003071.7:19195410-19196784	NC_003071.7	91.493	576	26	4	801	1375	6102174	6102727	0.0	771
NC_003071.7:19195410-19196784	NC_003071.7	89.456	607	41	6	166	767	707676	708264	0.0	745
NC_003071.7:19195410-19196784	NC_003071.7	93.556	419	25	2	799	1216	5843055	5842638	3.41e-177	623
NC_003071.7:19195410-19196784	NC_003071.7	94.667	375	15	4	40	412	5843961	5843590	2.70e-163	577
NC_003071.7:19195410-19196784	NC_003071.7	94.536	366	20	0	1010	1375	6084961	6085326	5.83e-160	566
NC_003071.7:19195410-19196784	NC_003071.7	94.766	363	13	2	28	389	6384054	6383697	2.71e-158	560
NC_003071.7:19195410-19196784	NC_003071.7	95.122	287	13	1	28	313	6084090	6084376	1.70e-125	451
NC_003071.7:19195410-19196784	NC_003071.7	95.122	246	12	0	562	807	6383692	6383447	1.36e-106	388
NC_003071.7:19195410-19196784	NC_003071.7	91.103	281	18	4	801	1081	6084700	6084973	3.80e-102	374
NC_003071.7:19195410-19196784	NC_003071.7	92.308	260	15	5	28	285	13908721	13908465	2.28e-99	364
NC_003071.7:19195410-19196784	NC_003071.7	91.538	260	17	5	28	285	499985	500241	4.94e-96	353
NC_003071.7:19195410-19196784	NC_003071.7	91.538	260	17	5	28	285	7154736	7154480	4.94e-96	353
NC_003071.7:19195410-19196784	NC_003071.7	91.188	261	17	6	28	285	12094425	12094168	6.40e-95	350
NC_003071.7:19195410-19196784	NC_003071.7	92.369	249	13	5	28	273	17255233	17254988	6.40e-95	350
NC_003071.7:19195410-19196784	NC_003071.7	91.154	260	18	4	28	285	542308	542564	2.30e-94	348
NC_003071.7:19195410-19196784	NC_003071.7	91.154	260	18	5	28	285	6925377	6925121	2.30e-94	348
NC_003071.7:19195410-19196784	NC_003071.7	90.769	260	17	7	28	285	13338077	13337823	3.85e-92	340
NC_003071.7:19195410-19196784	NC_003071.7	89.615	260	22	5	28	285	14333785	14334041	1.08e-87	326
NC_003071.7:19195410-19196784	NC_003071.7	88.060	268	26	6	11	274	13266896	13267161	8.39e-84	313
NC_003071.7:19195410-19196784	NC_003071.7	92.056	214	16	1	1163	1375	11397698	11397485	6.53e-80	300
NC_003071.7:19195410-19196784	NC_003071.7	84.452	283	15	7	28	285	11287161	11286883	1.86e-65	252
NC_003071.7:19195410-19196784	NC_003071.7	95.536	112	5	0	29	140	6101375	6101264	8.88e-44	180
NC_003071.7:19195410-19196784	NC_003071.7	97.059	68	1	1	53	119	12555280	12555213	9.14e-24	113
NC_003071.7:19195410-19196784	NC_003071.7	89.247	93	5	5	27	118	2962806	2962718	3.29e-23	111
NC_003071.7:19195410-19196784	NC_003071.7	91.358	81	7	0	28	108	3213354	3213274	3.29e-23	111
NC_003071.7:19195410-19196784	NC_003071.7	91.358	81	6	1	28	108	7111784	7111863	1.18e-22	110
NC_003071.7:19195410-19196784	NC_003071.7	90.244	82	8	0	27	108	4024200	4024281	4.25e-22	108
NC_003071.7:19195410-19196784	NC_003071.7	89.412	85	7	2	28	112	3564382	3564464	1.53e-21	106
NC_003071.7:19195410-19196784	NC_003071.7	86.735	98	10	3	19	115	7814701	7814606	1.53e-21	106
NC_003071.7:19195410-19196784	NC_003071.7	91.026	78	5	2	28	104	7169524	7169448	5.50e-21	104
NC_003071.7:19195410-19196784	NC_003071.7	88.889	81	9	0	28	108	980617	980537	7.11e-20	100
NC_003071.7:19195410-19196784	NC_003071.7	88.571	70	1	4	1306	1375	6382806	6382744	3.33e-13	78.7
NC_003071.7:19195410-19196784	NC_003070.9	99.258	1348	10	0	28	1375	2235167	2233820	0.0	2435
NC_003071.7:19195410-19196784	NC_003070.9	96.026	780	30	1	28	807	17552998	17552220	0.0	1267
NC_003071.7:19195410-19196784	NC_003070.9	95.134	781	34	4	28	807	14299842	14299065	0.0	1229
NC_003071.7:19195410-19196784	NC_003070.9	95.383	758	32	3	51	807	29320708	29319953	0.0	1203
NC_003071.7:19195410-19196784	NC_003070.9	94.133	784	42	4	26	807	6735862	6736643	0.0	1190
NC_003071.7:19195410-19196784	NC_003070.9	93.606	782	48	2	28	807	1977166	1976385	0.0	1166
NC_003071.7:19195410-19196784	NC_003070.9	94.570	755	37	4	55	807	17255	18007	0.0	1164
NC_003071.7:19195410-19196784	NC_003070.9	94.577	756	36	5	55	807	3074698	3073945	0.0	1164
NC_003071.7:19195410-19196784	NC_003070.9	93.718	780	32	6	28	807	19173802	19173040	0.0	1153
NC_003071.7:19195410-19196784	NC_003070.9	93.029	789	40	2	19	807	19085090	19085863	0.0	1138
NC_003071.7:19195410-19196784	NC_003070.9	93.205	780	38	2	28	807	8291571	8290807	0.0	1133
NC_003071.7:19195410-19196784	NC_003070.9	91.410	780	42	14	28	806	12855993	12855238	0.0	1046
NC_003071.7:19195410-19196784	NC_003070.9	92.857	644	43	3	166	806	26171245	26170602	0.0	931
NC_003071.7:19195410-19196784	NC_003070.9	92.691	643	42	5	166	806	19329031	19328392	0.0	922
NC_003071.7:19195410-19196784	NC_003070.9	92.224	643	46	4	166	806	30255288	30254648	0.0	907
NC_003071.7:19195410-19196784	NC_003070.9	94.810	578	27	3	799	1375	8290079	8289504	0.0	898
NC_003071.7:19195410-19196784	NC_003070.9	91.913	643	47	4	164	803	17900095	17900735	0.0	894
NC_003071.7:19195410-19196784	NC_003070.9	94.464	578	31	1	799	1375	19086266	19086843	0.0	889
NC_003071.7:19195410-19196784	NC_003070.9	91.525	649	45	10	166	808	12364370	12365014	0.0	885
NC_003071.7:19195410-19196784	NC_003070.9	91.576	641	49	5	166	803	7035426	7036064	0.0	880
NC_003071.7:19195410-19196784	NC_003070.9	91.345	647	50	4	164	806	9867193	9866549	0.0	880
NC_003071.7:19195410-19196784	NC_003070.9	91.371	649	47	9	166	808	12563847	12563202	0.0	880
NC_003071.7:19195410-19196784	NC_003070.9	94.118	578	33	1	799	1375	19172637	19172060	0.0	878
NC_003071.7:19195410-19196784	NC_003070.9	91.398	651	41	14	166	808	23213901	23214544	0.0	878
NC_003071.7:19195410-19196784	NC_003070.9	91.371	649	42	11	166	808	16824753	16825393	0.0	876
NC_003071.7:19195410-19196784	NC_003070.9	93.976	581	31	4	799	1375	17551768	17551188	0.0	876
NC_003071.7:19195410-19196784	NC_003070.9	95.290	552	26	0	25	576	18747051	18746500	0.0	876
NC_003071.7:19195410-19196784	NC_003070.9	90.951	652	44	14	166	808	19466714	19466069	0.0	863
NC_003071.7:19195410-19196784	NC_003070.9	90.534	655	48	9	166	807	16807222	16807875	0.0	854
NC_003071.7:19195410-19196784	NC_003070.9	90.630	651	47	12	166	808	16325679	16326323	0.0	852
NC_003071.7:19195410-19196784	NC_003070.9	91.094	640	38	7	166	803	11699931	11700553	0.0	848
NC_003071.7:19195410-19196784	NC_003070.9	90.824	643	40	3	166	806	30252872	30252247	0.0	843
NC_003071.7:19195410-19196784	NC_003070.9	94.333	547	29	2	799	1344	18745505	18744960	0.0	837
NC_003071.7:19195410-19196784	NC_003070.9	90.683	644	39	5	166	806	22993826	22993201	0.0	837
NC_003071.7:19195410-19196784	NC_003070.9	93.560	559	34	2	799	1356	1975649	1975092	0.0	832
NC_003071.7:19195410-19196784	NC_003070.9	90.528	644	40	5	166	806	12329819	12329194	0.0	832
NC_003071.7:19195410-19196784	NC_003070.9	90.328	641	40	6	166	803	13059058	13059679	0.0	821
NC_003071.7:19195410-19196784	NC_003070.9	89.875	642	55	8	166	803	16904014	16904649	0.0	817
NC_003071.7:19195410-19196784	NC_003070.9	90.016	641	44	4	166	803	19062199	19062822	0.0	811
NC_003071.7:19195410-19196784	NC_003070.9	90.016	641	42	9	166	803	8115005	8115626	0.0	809
NC_003071.7:19195410-19196784	NC_003070.9	89.752	644	46	4	166	806	9816445	9817071	0.0	806
NC_003071.7:19195410-19196784	NC_003070.9	89.596	644	45	6	166	806	11737157	11736533	0.0	798
NC_003071.7:19195410-19196784	NC_003070.9	91.869	578	35	3	799	1375	12854503	12853937	0.0	797
NC_003071.7:19195410-19196784	NC_003070.9	89.580	643	46	5	166	806	19995499	19994876	0.0	797
NC_003071.7:19195410-19196784	NC_003070.9	90.523	612	39	7	194	803	19062922	19063516	0.0	791
NC_003071.7:19195410-19196784	NC_003070.9	89.600	625	51	9	166	776	16806377	16807001	0.0	782
NC_003071.7:19195410-19196784	NC_003070.9	94.257	505	26	3	799	1301	14298239	14297736	0.0	769
NC_003071.7:19195410-19196784	NC_003070.9	88.752	649	44	8	166	803	22450165	22450795	0.0	767
NC_003071.7:19195410-19196784	NC_003070.9	88.509	644	43	5	166	806	501140	500525	0.0	750
NC_003071.7:19195410-19196784	NC_003070.9	89.679	591	42	3	166	755	4785682	4786254	0.0	736
NC_003071.7:19195410-19196784	NC_003070.9	88.833	600	50	12	171	758	13261968	13261374	0.0	721
NC_003071.7:19195410-19196784	NC_003070.9	89.668	542	36	4	267	806	13017571	13017048	0.0	673
NC_003071.7:19195410-19196784	NC_003070.9	94.783	345	17	1	463	807	23174139	23174482	4.57e-151	536
NC_003071.7:19195410-19196784	NC_003070.9	97.177	248	7	0	560	807	18746486	18746239	4.81e-116	420
NC_003071.7:19195410-19196784	NC_003070.9	87.569	362	25	4	444	803	18791324	18791667	1.74e-110	401
NC_003071.7:19195410-19196784	NC_003070.9	95.200	250	11	1	28	276	17009	17258	2.91e-108	394
NC_003071.7:19195410-19196784	NC_003070.9	94.000	250	14	1	28	276	3074944	3074695	2.93e-103	377
NC_003071.7:19195410-19196784	NC_003070.9	92.692	260	14	5	28	285	19995734	19995478	4.91e-101	370
NC_003071.7:19195410-19196784	NC_003070.9	92.692	260	14	5	28	285	23213666	23213922	4.91e-101	370
NC_003071.7:19195410-19196784	NC_003070.9	91.954	261	16	5	27	285	16824517	16824774	2.95e-98	361
NC_003071.7:19195410-19196784	NC_003070.9	91.923	260	16	5	28	285	8114770	8115026	1.06e-97	359
NC_003071.7:19195410-19196784	NC_003070.9	90.071	282	20	7	9	285	19466971	19466693	1.06e-97	359
NC_003071.7:19195410-19196784	NC_003070.9	91.923	260	16	5	28	285	30253107	30252851	1.06e-97	359
NC_003071.7:19195410-19196784	NC_003070.9	94.068	236	11	3	28	261	3910601	3910367	1.37e-96	355
NC_003071.7:19195410-19196784	NC_003070.9	91.538	260	17	5	28	285	12364135	12364391	4.94e-96	353
NC_003071.7:19195410-19196784	NC_003070.9	91.288	264	16	7	24	285	19061962	19062220	4.94e-96	353
NC_003071.7:19195410-19196784	NC_003070.9	90.943	265	18	6	23	285	15939319	15939579	1.78e-95	351
NC_003071.7:19195410-19196784	NC_003070.9	91.188	261	17	6	28	285	11737393	11737136	6.40e-95	350
NC_003071.7:19195410-19196784	NC_003070.9	90.909	264	19	5	24	285	17899859	17900119	6.40e-95	350
NC_003071.7:19195410-19196784	NC_003070.9	91.154	260	18	5	28	285	7035191	7035447	2.30e-94	348
NC_003071.7:19195410-19196784	NC_003070.9	91.188	261	16	6	28	285	9816210	9816466	2.30e-94	348
NC_003071.7:19195410-19196784	NC_003070.9	91.154	260	17	6	28	285	12330053	12329798	2.30e-94	348
NC_003071.7:19195410-19196784	NC_003070.9	91.154	260	18	5	28	285	26171480	26171224	2.30e-94	348
NC_003071.7:19195410-19196784	NC_003070.9	90.494	263	20	5	25	285	13058820	13059079	1.07e-92	342
NC_003071.7:19195410-19196784	NC_003070.9	90.769	260	18	6	28	285	18790927	18791182	1.07e-92	342
NC_003071.7:19195410-19196784	NC_003070.9	93.162	234	15	1	166	398	22622071	22621838	1.07e-92	342
NC_003071.7:19195410-19196784	NC_003070.9	91.051	257	16	7	31	284	25963255	25963003	3.85e-92	340
NC_003071.7:19195410-19196784	NC_003070.9	90.421	261	19	6	27	285	12564082	12563826	1.38e-91	339
NC_003071.7:19195410-19196784	NC_003070.9	91.566	249	16	5	28	274	23554439	23554194	1.38e-91	339
NC_003071.7:19195410-19196784	NC_003070.9	94.144	222	12	1	166	386	15939558	15939779	4.98e-91	337
NC_003071.7:19195410-19196784	NC_003070.9	90.385	260	20	5	28	285	16325444	16325700	4.98e-91	337
NC_003071.7:19195410-19196784	NC_003070.9	90.385	260	17	7	28	285	501372	501119	1.79e-90	335
NC_003071.7:19195410-19196784	NC_003070.9	89.615	260	21	6	28	285	22622305	22622050	1.08e-87	326
NC_003071.7:19195410-19196784	NC_003070.9	89.655	261	13	5	26	285	9867416	9867169	5.01e-86	320
NC_003071.7:19195410-19196784	NC_003070.9	89.272	261	20	8	28	285	22994060	22993805	5.01e-86	320
NC_003071.7:19195410-19196784	NC_003070.9	88.889	252	19	9	27	274	13262204	13261958	1.82e-80	302
NC_003071.7:19195410-19196784	NC_003070.9	88.845	251	17	6	37	285	19329251	19329010	2.35e-79	298
NC_003071.7:19195410-19196784	NC_003070.9	87.984	258	17	5	28	284	8490194	8489950	1.09e-77	292
NC_003071.7:19195410-19196784	NC_003070.9	87.747	253	20	10	37	285	16806998	16807243	1.83e-75	285
NC_003071.7:19195410-19196784	NC_003070.9	93.678	174	10	1	166	338	18791161	18791334	1.11e-67	259
NC_003071.7:19195410-19196784	NC_003070.9	85.769	260	18	9	28	285	4785461	4785703	3.99e-67	257
NC_003071.7:19195410-19196784	NC_003070.9	84.231	260	15	9	28	285	16903800	16904035	8.69e-59	230
NC_003071.7:19195410-19196784	NC_003070.9	76.694	369	57	13	1023	1375	13634768	13634413	3.19e-43	178
NC_003071.7:19195410-19196784	NC_003070.9	95.745	94	2	2	1283	1375	14296525	14296433	6.96e-35	150
NC_003071.7:19195410-19196784	NC_003070.9	75.068	369	55	16	1031	1375	19736229	19736584	5.42e-31	137
NC_003071.7:19195410-19196784	NC_003070.9	100.000	70	0	0	1306	1375	23175136	23175205	9.07e-29	130
NC_003071.7:19195410-19196784	NC_003070.9	97.143	70	2	0	1306	1375	18661	18730	1.96e-25	119
NC_003071.7:19195410-19196784	NC_003070.9	91.250	80	7	0	29	108	30251767	30251688	1.18e-22	110
NC_003071.7:19195410-19196784	NC_003070.9	94.286	70	4	0	1306	1375	6737296	6737365	4.25e-22	108
NC_003071.7:19195410-19196784	NC_003070.9	90.244	82	6	2	28	108	3413553	3413633	1.53e-21	106
NC_003071.7:19195410-19196784	NC_003070.9	90.244	82	6	2	28	108	12876928	12876848	1.53e-21	106
NC_003071.7:19195410-19196784	NC_003070.9	90.123	81	8	0	28	108	18790103	18790183	1.53e-21	106
NC_003071.7:19195410-19196784	NC_003070.9	90.000	80	8	0	29	108	22992721	22992642	5.50e-21	104
NC_003071.7:19195410-19196784	NC_003070.9	90.000	80	7	1	29	108	12328714	12328636	1.98e-20	102
NC_003071.7:19195410-19196784	NC_003070.9	88.889	81	9	0	28	108	16998955	16998875	7.11e-20	100
NC_003071.7:19195410-19196784	NC_003070.9	88.235	85	7	3	34	118	22621375	22621294	2.56e-19	99.0
NC_003071.7:19195410-19196784	NC_003070.9	85.393	89	10	3	21	108	19724749	19724835	1.54e-16	89.8
NC_003071.7:19195410-19196784	NC_003070.9	97.297	37	1	0	1306	1342	29319300	29319264	9.33e-09	63.9
NC_003071.7:19195410-19196784	NC_003076.8	98.442	1348	21	0	28	1375	19931558	19930211	0.0	2374
NC_003071.7:19195410-19196784	NC_003076.8	98.145	1348	20	3	28	1375	5129834	5128492	0.0	2346
NC_003071.7:19195410-19196784	NC_003076.8	95.000	780	38	1	28	807	14761183	14760405	0.0	1223
NC_003071.7:19195410-19196784	NC_003076.8	94.381	783	35	6	28	807	15342696	15341920	0.0	1194
NC_003071.7:19195410-19196784	NC_003076.8	94.186	774	41	4	36	807	8682987	8683758	0.0	1177
NC_003071.7:19195410-19196784	NC_003076.8	93.248	785	48	5	26	807	7711129	7711911	0.0	1151
NC_003071.7:19195410-19196784	NC_003076.8	93.350	782	41	5	28	806	13918790	13918017	0.0	1146
NC_003071.7:19195410-19196784	NC_003076.8	91.037	781	41	17	28	803	354140	354896	0.0	1027
NC_003071.7:19195410-19196784	NC_003076.8	93.438	640	39	3	166	803	8765944	8766582	0.0	946
NC_003071.7:19195410-19196784	NC_003076.8	93.168	644	39	5	164	803	17365257	17365899	0.0	941
NC_003071.7:19195410-19196784	NC_003076.8	93.056	648	38	6	166	806	19742382	19741735	0.0	941
NC_003071.7:19195410-19196784	NC_003076.8	92.991	642	41	3	166	806	20682172	20681534	0.0	933
NC_003071.7:19195410-19196784	NC_003076.8	92.379	643	42	5	166	803	11025557	11026197	0.0	909
NC_003071.7:19195410-19196784	NC_003076.8	92.068	643	42	5	166	806	14151059	14150424	0.0	896
NC_003071.7:19195410-19196784	NC_003076.8	91.590	654	41	5	166	806	5429827	5429175	0.0	891
NC_003071.7:19195410-19196784	NC_003076.8	92.006	638	40	11	158	786	21530313	21530948	0.0	885
NC_003071.7:19195410-19196784	NC_003076.8	94.118	578	32	2	799	1375	17956599	17957175	0.0	878
NC_003071.7:19195410-19196784	NC_003076.8	91.460	644	47	5	166	806	24187678	24187040	0.0	878
NC_003071.7:19195410-19196784	NC_003076.8	91.446	643	39	8	166	806	4781999	4781371	0.0	869
NC_003071.7:19195410-19196784	NC_003076.8	93.448	580	35	2	799	1375	20399259	20399838	0.0	857
NC_003071.7:19195410-19196784	NC_003076.8	90.980	643	38	4	166	806	9964782	9964158	0.0	848
NC_003071.7:19195410-19196784	NC_003076.8	90.980	643	39	3	166	806	17618450	17617825	0.0	848
NC_003071.7:19195410-19196784	NC_003076.8	94.265	558	26	5	252	807	19670974	19671527	0.0	848
NC_003071.7:19195410-19196784	NC_003076.8	90.259	657	47	12	166	807	9612816	9613470	0.0	843
NC_003071.7:19195410-19196784	NC_003076.8	90.683	644	38	6	166	806	20281750	20281126	0.0	837
NC_003071.7:19195410-19196784	NC_003076.8	92.759	580	36	5	799	1375	13983747	13984323	0.0	833
NC_003071.7:19195410-19196784	NC_003076.8	92.734	578	39	3	799	1375	7712648	7713223	0.0	832
NC_003071.7:19195410-19196784	NC_003076.8	90.513	643	39	4	166	803	18854200	18854825	0.0	830
NC_003071.7:19195410-19196784	NC_003076.8	90.484	641	40	5	166	803	4312768	4313390	0.0	826
NC_003071.7:19195410-19196784	NC_003076.8	90.469	640	41	4	166	803	9590645	9591266	0.0	826
NC_003071.7:19195410-19196784	NC_003076.8	92.561	578	37	2	799	1375	19672270	19672842	0.0	824
NC_003071.7:19195410-19196784	NC_003076.8	90.202	643	42	6	166	806	14082601	14081978	0.0	819
NC_003071.7:19195410-19196784	NC_003076.8	90.062	644	44	4	166	806	15606367	15605741	0.0	817
NC_003071.7:19195410-19196784	NC_003076.8	90.172	641	43	4	166	803	17775963	17776586	0.0	817
NC_003071.7:19195410-19196784	NC_003076.8	90.078	645	41	7	166	806	8746465	8745840	0.0	815
NC_003071.7:19195410-19196784	NC_003076.8	89.875	642	43	6	166	803	16356709	16357332	0.0	806
NC_003071.7:19195410-19196784	NC_003076.8	91.869	578	37	2	799	1375	355636	356204	0.0	798
NC_003071.7:19195410-19196784	NC_003076.8	91.522	578	48	1	799	1375	8684514	8685091	0.0	795
NC_003071.7:19195410-19196784	NC_003076.8	88.837	645	47	8	166	806	1898411	1897788	0.0	769
NC_003071.7:19195410-19196784	NC_003076.8	88.444	649	49	8	166	806	9559262	9558632	0.0	760
NC_003071.7:19195410-19196784	NC_003076.8	93.933	478	24	4	28	502	25264511	25264986	0.0	717
NC_003071.7:19195410-19196784	NC_003076.8	96.694	363	11	1	28	389	3020196	3019834	4.45e-171	603
NC_003071.7:19195410-19196784	NC_003076.8	91.463	410	29	6	166	571	7154204	7153797	9.76e-158	558
NC_003071.7:19195410-19196784	NC_003076.8	94.485	272	13	2	28	298	17955555	17955825	1.73e-115	418
NC_003071.7:19195410-19196784	NC_003076.8	95.935	246	10	0	562	807	3019829	3019584	6.26e-110	399
NC_003071.7:19195410-19196784	NC_003076.8	92.692	260	14	5	28	285	9965017	9964761	4.91e-101	370
NC_003071.7:19195410-19196784	NC_003076.8	92.337	261	15	5	27	285	9590409	9590666	6.35e-100	366
NC_003071.7:19195410-19196784	NC_003076.8	91.985	262	16	5	26	285	21530087	21530345	8.22e-99	363
NC_003071.7:19195410-19196784	NC_003076.8	91.255	263	17	5	26	285	8746703	8746444	4.94e-96	353
NC_003071.7:19195410-19196784	NC_003076.8	91.538	260	17	5	28	285	14151294	14151038	4.94e-96	353
NC_003071.7:19195410-19196784	NC_003076.8	91.538	260	16	6	28	285	15606601	15606346	4.94e-96	353
NC_003071.7:19195410-19196784	NC_003076.8	91.154	260	18	5	28	285	7154439	7154183	2.30e-94	348
NC_003071.7:19195410-19196784	NC_003076.8	90.805	261	18	6	27	285	20281985	20281729	2.98e-93	344
NC_003071.7:19195410-19196784	NC_003076.8	90.769	260	18	6	28	285	14082835	14082580	1.07e-92	342
NC_003071.7:19195410-19196784	NC_003076.8	90.734	259	19	5	29	285	5430061	5429806	3.85e-92	340
NC_003071.7:19195410-19196784	NC_003076.8	91.566	249	15	6	28	274	17796785	17796541	1.38e-91	339
NC_003071.7:19195410-19196784	NC_003076.8	90.385	260	20	5	28	285	17365025	17365281	4.98e-91	337
NC_003071.7:19195410-19196784	NC_003076.8	90.000	260	21	5	28	285	4312436	4312692	2.32e-89	331
NC_003071.7:19195410-19196784	NC_003076.8	90.551	254	19	5	34	285	19742611	19742361	2.32e-89	331
NC_003071.7:19195410-19196784	NC_003076.8	95.610	205	9	0	603	807	20398316	20398520	8.33e-89	329
NC_003071.7:19195410-19196784	NC_003076.8	91.358	243	15	6	45	285	17775746	17775984	3.00e-88	327
NC_003071.7:19195410-19196784	NC_003076.8	90.991	222	17	3	43	261	24187899	24187678	8.45e-79	296
NC_003071.7:19195410-19196784	NC_003076.8	87.085	271	18	7	28	285	9559507	9559241	3.93e-77	291
NC_003071.7:19195410-19196784	NC_003076.8	86.909	275	14	8	28	285	18853952	18854221	1.41e-76	289
NC_003071.7:19195410-19196784	NC_003076.8	93.717	191	8	3	26	214	19670799	19670987	6.58e-75	283
NC_003071.7:19195410-19196784	NC_003076.8	85.985	264	18	7	24	285	11025332	11025578	2.38e-69	265
NC_003071.7:19195410-19196784	NC_003076.8	84.674	261	23	14	28	285	9612591	9612837	3.10e-63	244
NC_003071.7:19195410-19196784	NC_003076.8	97.030	101	3	0	26	126	20398216	20398316	5.34e-41	171
NC_003071.7:19195410-19196784	NC_003076.8	98.571	70	1	0	1306	1375	15341283	15341214	4.22e-27	124
NC_003071.7:19195410-19196784	NC_003076.8	95.714	70	3	0	1306	1375	13917362	13917293	9.14e-24	113
NC_003071.7:19195410-19196784	NC_003076.8	91.358	81	7	0	28	108	5978053	5977973	3.29e-23	111
NC_003071.7:19195410-19196784	NC_003076.8	88.421	95	8	3	24	118	15043432	15043341	3.29e-23	111
NC_003071.7:19195410-19196784	NC_003076.8	91.358	81	7	0	28	108	21777032	21776952	3.29e-23	111
NC_003071.7:19195410-19196784	NC_003076.8	91.250	80	7	0	29	108	20280646	20280567	1.18e-22	110
NC_003071.7:19195410-19196784	NC_003076.8	90.244	82	6	2	28	108	9133953	9134033	1.53e-21	106
NC_003071.7:19195410-19196784	NC_003076.8	90.000	80	8	0	29	108	9591748	9591827	5.50e-21	104
NC_003071.7:19195410-19196784	NC_003076.8	83.495	103	11	6	12	112	13982120	13982218	4.28e-17	91.6
NC_003071.7:19195410-19196784	NC_003074.8	95.391	781	34	2	27	806	9559684	9558905	0.0	1242
NC_003071.7:19195410-19196784	NC_003074.8	95.141	782	31	7	28	807	20485140	20484364	0.0	1227
NC_003071.7:19195410-19196784	NC_003074.8	94.859	778	34	6	30	807	5622033	5622804	0.0	1210
NC_003071.7:19195410-19196784	NC_003074.8	95.978	721	28	1	88	807	16879865	16880585	0.0	1170
NC_003071.7:19195410-19196784	NC_003074.8	94.708	737	35	4	55	788	1371151	1370416	0.0	1142
NC_003071.7:19195410-19196784	NC_003074.8	93.907	755	42	4	55	807	2630001	2629249	0.0	1136
NC_003071.7:19195410-19196784	NC_003074.8	89.617	809	66	13	12	807	3716329	3717132	0.0	1013
NC_003071.7:19195410-19196784	NC_003074.8	93.344	646	34	9	166	807	18746423	18747063	0.0	946
NC_003071.7:19195410-19196784	NC_003074.8	92.868	645	42	4	166	806	10821211	10820567	0.0	933
NC_003071.7:19195410-19196784	NC_003074.8	91.834	649	44	9	166	808	17063008	17062363	0.0	896
NC_003071.7:19195410-19196784	NC_003074.8	91.145	655	45	5	166	807	9890241	9890895	0.0	876
NC_003071.7:19195410-19196784	NC_003074.8	93.772	578	35	1	799	1375	5623547	5624124	0.0	867
NC_003071.7:19195410-19196784	NC_003074.8	93.599	578	36	1	799	1375	20483623	20483046	0.0	861
NC_003071.7:19195410-19196784	NC_003074.8	90.615	650	40	5	166	807	16173058	16172422	0.0	843
NC_003071.7:19195410-19196784	NC_003074.8	93.907	558	30	3	799	1355	16881319	16881873	0.0	839
NC_003071.7:19195410-19196784	NC_003074.8	90.469	640	41	6	166	803	15937521	15938142	0.0	826
NC_003071.7:19195410-19196784	NC_003074.8	90.373	644	41	9	166	806	17301044	17300419	0.0	826
NC_003071.7:19195410-19196784	NC_003074.8	90.312	640	41	5	166	803	11536069	11536689	0.0	819
NC_003071.7:19195410-19196784	NC_003074.8	89.596	644	47	4	166	806	17277580	17276954	0.0	800
NC_003071.7:19195410-19196784	NC_003074.8	89.688	640	45	5	166	803	20786634	20787254	0.0	797
NC_003071.7:19195410-19196784	NC_003074.8	89.425	643	47	5	166	806	5745687	5745064	0.0	791
NC_003071.7:19195410-19196784	NC_003074.8	88.958	643	50	9	166	806	17144269	17143646	0.0	774
NC_003071.7:19195410-19196784	NC_003074.8	90.138	578	40	5	799	1375	20486181	20485620	0.0	736
NC_003071.7:19195410-19196784	NC_003074.8	89.492	590	42	4	166	752	9386113	9385541	0.0	728
NC_003071.7:19195410-19196784	NC_003074.8	89.171	591	45	3	166	755	16451021	16451593	0.0	719
NC_003071.7:19195410-19196784	NC_003074.8	87.520	641	47	10	166	803	22118838	22119448	0.0	710
NC_003071.7:19195410-19196784	NC_003074.8	95.814	430	16	2	26	454	10862399	10862827	0.0	693
NC_003071.7:19195410-19196784	NC_003074.8	86.462	650	38	34	166	808	7996401	7995795	0.0	667
NC_003071.7:19195410-19196784	NC_003074.8	90.217	460	24	10	1	455	20487171	20486728	2.08e-164	580
NC_003071.7:19195410-19196784	NC_003074.8	94.823	367	18	1	1010	1375	17396345	17395979	1.25e-161	571
NC_003071.7:19195410-19196784	NC_003074.8	93.375	317	19	2	1060	1375	8188933	8189248	1.69e-130	468
NC_003071.7:19195410-19196784	NC_003074.8	91.471	340	25	4	470	807	10404825	10405162	2.19e-129	464
NC_003071.7:19195410-19196784	NC_003074.8	94.774	287	13	2	28	313	17397300	17397015	7.93e-124	446
NC_003071.7:19195410-19196784	NC_003074.8	94.286	280	16	0	799	1078	10863382	10863661	7.99e-119	429
NC_003071.7:19195410-19196784	NC_003074.8	87.293	362	26	4	444	803	16562050	16562393	8.10e-109	396
NC_003071.7:19195410-19196784	NC_003074.8	94.024	251	13	2	28	276	1371398	1371148	8.16e-104	379
NC_003071.7:19195410-19196784	NC_003074.8	93.600	250	15	1	28	276	2630247	2629998	1.37e-101	372
NC_003071.7:19195410-19196784	NC_003074.8	92.308	260	15	5	28	285	7996636	7996380	2.28e-99	364
NC_003071.7:19195410-19196784	NC_003074.8	91.923	260	16	5	28	285	15937286	15937542	1.06e-97	359
NC_003071.7:19195410-19196784	NC_003074.8	89.199	287	27	3	801	1087	17396609	17396327	1.37e-96	355
NC_003071.7:19195410-19196784	NC_003074.8	91.538	260	16	6	28	285	17277814	17277559	4.94e-96	353
NC_003071.7:19195410-19196784	NC_003074.8	91.538	260	16	5	28	285	17301278	17301023	4.94e-96	353
NC_003071.7:19195410-19196784	NC_003074.8	91.968	249	14	5	28	273	11200624	11200869	2.98e-93	344
NC_003071.7:19195410-19196784	NC_003074.8	90.038	261	19	7	28	285	10821446	10821190	2.32e-89	331
NC_003071.7:19195410-19196784	NC_003074.8	90.000	260	20	6	28	285	16561654	16561909	2.32e-89	331
NC_003071.7:19195410-19196784	NC_003074.8	89.231	260	13	8	28	285	11535844	11536090	3.02e-83	311
NC_003071.7:19195410-19196784	NC_003074.8	87.308	260	18	10	28	285	22118613	22118859	6.58e-75	283
NC_003071.7:19195410-19196784	NC_003074.8	95.954	173	6	1	635	807	9385008	9385179	8.51e-74	279
NC_003071.7:19195410-19196784	NC_003074.8	87.023	262	15	6	26	285	17144492	17144248	3.06e-73	278
NC_003071.7:19195410-19196784	NC_003074.8	86.973	261	15	6	27	285	17063230	17062987	1.10e-72	276
NC_003071.7:19195410-19196784	NC_003074.8	94.083	169	9	1	1208	1375	10865881	10866049	1.43e-66	255
NC_003071.7:19195410-19196784	NC_003074.8	95.238	147	7	0	1076	1222	10865705	10865851	6.72e-60	233
NC_003071.7:19195410-19196784	NC_003074.8	97.297	111	2	1	28	137	16879751	16879861	5.31e-46	187
NC_003071.7:19195410-19196784	NC_003074.8	76.111	360	57	12	1024	1375	15293225	15293563	3.22e-38	161
NC_003071.7:19195410-19196784	NC_003074.8	90.000	110	7	4	26	132	9890047	9890155	1.51e-31	139
NC_003071.7:19195410-19196784	NC_003074.8	92.857	84	4	2	26	108	18018779	18018861	5.46e-26	121
NC_003071.7:19195410-19196784	NC_003074.8	98.507	67	1	0	1309	1375	9558269	9558203	1.96e-25	119
NC_003071.7:19195410-19196784	NC_003074.8	92.593	81	4	2	29	108	17299939	17299860	2.54e-24	115
NC_003071.7:19195410-19196784	NC_003074.8	89.130	92	7	2	28	119	13327434	13327522	3.29e-23	111
NC_003071.7:19195410-19196784	NC_003074.8	91.358	81	7	0	28	108	18412154	18412234	3.29e-23	111
NC_003071.7:19195410-19196784	NC_003074.8	89.412	85	8	1	28	112	16419144	16419227	1.53e-21	106
NC_003071.7:19195410-19196784	NC_003074.8	95.312	64	3	0	28	91	10557346	10557283	1.98e-20	102
NC_003071.7:19195410-19196784	NC_003074.8	94.000	50	2	1	1306	1355	1369776	1369728	4.31e-12	75.0
NC_003071.7:19195410-19196784	NC_003075.7	94.529	786	32	10	27	807	7060699	7059920	0.0	1203
NC_003071.7:19195410-19196784	NC_003075.7	93.086	781	37	4	28	807	314269	313505	0.0	1127
NC_003071.7:19195410-19196784	NC_003075.7	93.282	774	35	4	36	807	9438793	9439551	0.0	1125
NC_003071.7:19195410-19196784	NC_003075.7	92.846	643	44	2	166	806	1001772	1001130	0.0	931
NC_003071.7:19195410-19196784	NC_003075.7	92.812	640	40	6	166	802	8063845	8064481	0.0	922
NC_003071.7:19195410-19196784	NC_003075.7	92.547	644	42	6	166	806	10397150	10396510	0.0	918
NC_003071.7:19195410-19196784	NC_003075.7	95.329	578	25	2	799	1375	6178999	6179575	0.0	917
NC_003071.7:19195410-19196784	NC_003075.7	94.983	578	28	1	799	1375	7059180	7058603	0.0	905
NC_003071.7:19195410-19196784	NC_003075.7	91.615	644	45	7	166	807	2621774	2621138	0.0	881
NC_003071.7:19195410-19196784	NC_003075.7	94.918	551	27	1	28	578	6178448	6178997	0.0	861
NC_003071.7:19195410-19196784	NC_003075.7	93.264	579	37	2	799	1375	6280970	6281548	0.0	852
NC_003071.7:19195410-19196784	NC_003075.7	93.092	579	36	3	799	1375	312778	312202	0.0	845
NC_003071.7:19195410-19196784	NC_003075.7	90.625	640	39	5	166	803	4146361	4146981	0.0	830
NC_003071.7:19195410-19196784	NC_003075.7	90.328	641	41	5	166	803	1349820	1350442	0.0	821
NC_003071.7:19195410-19196784	NC_003075.7	91.354	613	28	6	28	639	6279022	6279610	0.0	815
NC_003071.7:19195410-19196784	NC_003075.7	93.478	552	28	8	799	1342	9439956	9440507	0.0	813
NC_003071.7:19195410-19196784	NC_003075.7	89.875	642	44	5	166	803	11361104	11361728	0.0	806
NC_003071.7:19195410-19196784	NC_003075.7	89.736	643	45	11	166	806	8730218	8729595	0.0	802
NC_003071.7:19195410-19196784	NC_003075.7	89.596	644	46	5	166	806	5541154	5540529	0.0	798
NC_003071.7:19195410-19196784	NC_003075.7	92.432	555	35	6	164	715	9763582	9763032	0.0	785
NC_003071.7:19195410-19196784	NC_003075.7	92.405	553	34	7	166	715	9842373	9841826	0.0	782
NC_003071.7:19195410-19196784	NC_003075.7	89.848	591	41	3	166	755	16864836	16864264	0.0	741
NC_003071.7:19195410-19196784	NC_003075.7	92.350	366	20	1	1010	1375	5355366	5355723	2.14e-144	514
NC_003071.7:19195410-19196784	NC_003075.7	94.097	288	13	3	28	313	5354114	5354399	1.72e-120	435
NC_003071.7:19195410-19196784	NC_003075.7	93.750	288	16	2	28	313	5354476	5354763	2.22e-119	431
NC_003071.7:19195410-19196784	NC_003075.7	93.448	290	15	2	28	313	5353748	5354037	2.87e-118	427
NC_003071.7:19195410-19196784	NC_003075.7	92.308	260	15	5	28	285	1002007	1001751	2.28e-99	364
NC_003071.7:19195410-19196784	NC_003075.7	90.036	281	26	2	801	1081	5355100	5355378	8.22e-99	363
NC_003071.7:19195410-19196784	NC_003075.7	91.923	260	16	5	28	285	8730453	8730197	1.06e-97	359
NC_003071.7:19195410-19196784	NC_003075.7	91.288	264	17	6	24	285	11360866	11361125	1.37e-96	355
NC_003071.7:19195410-19196784	NC_003075.7	92.369	249	14	5	28	274	7853533	7853288	6.40e-95	350
NC_003071.7:19195410-19196784	NC_003075.7	91.221	262	15	7	27	285	16865071	16864815	6.40e-95	350
NC_003071.7:19195410-19196784	NC_003075.7	91.154	260	18	5	28	285	9763814	9763558	2.30e-94	348
NC_003071.7:19195410-19196784	NC_003075.7	91.085	258	17	6	31	285	9842606	9842352	2.98e-93	344
NC_003071.7:19195410-19196784	NC_003075.7	90.769	260	19	5	28	285	5541389	5541133	1.07e-92	342
NC_003071.7:19195410-19196784	NC_003075.7	90.421	261	20	5	27	285	4146125	4146382	1.38e-91	339
NC_003071.7:19195410-19196784	NC_003075.7	88.400	250	23	6	37	285	2621997	2621753	8.45e-79	296
NC_003071.7:19195410-19196784	NC_003075.7	83.746	283	23	14	302	574	3897173	3896904	8.63e-64	246
NC_003071.7:19195410-19196784	NC_003075.7	93.007	143	6	3	28	169	8063577	8063716	1.47e-51	206
NC_003071.7:19195410-19196784	NC_003075.7	96.809	94	3	0	637	730	6280372	6280465	4.16e-37	158
NC_003071.7:19195410-19196784	NC_003075.7	91.463	82	5	2	28	108	2520884	2520964	3.29e-23	111
NC_003071.7:19195410-19196784	NC_003075.7	88.889	81	9	0	28	108	372086	372006	7.11e-20	100
NC_003071.7:19195410-19196784	NC_003075.7	88.608	79	8	1	31	108	14390986	14390908	3.31e-18	95.3
NC_003071.7:19195410-19196784	NC_003075.7	85.542	83	12	0	26	108	6166466	6166384	5.54e-16	87.9
