NC_003076.8:1896576-1898645	NC_003076.8	100.000	2070	0	0	1	2070	1898645	1896576	0.0	3823
NC_003076.8:1896576-1898645	NC_003076.8	94.608	2077	99	13	1	2070	9965017	9962947	0.0	3203
NC_003076.8:1896576-1898645	NC_003076.8	93.993	2081	106	18	1	2070	14082835	14080763	0.0	3133
NC_003076.8:1896576-1898645	NC_003076.8	93.813	2085	106	17	1	2070	8746701	8744625	0.0	3114
NC_003076.8:1896576-1898645	NC_003076.8	93.696	2078	115	16	1	2070	16356475	16358544	0.0	3097
NC_003076.8:1896576-1898645	NC_003076.8	93.695	2062	116	13	18	2070	17775746	17777802	0.0	3075
NC_003076.8:1896576-1898645	NC_003076.8	93.003	2101	106	24	1	2070	20682406	20680316	0.0	3027
NC_003076.8:1896576-1898645	NC_003076.8	92.952	2100	113	21	1	2070	8765709	8767803	0.0	3025
NC_003076.8:1896576-1898645	NC_003076.8	92.556	2109	114	22	2	2070	5430061	5427956	0.0	2985
NC_003076.8:1896576-1898645	NC_003076.8	92.658	2084	111	25	16	2068	24187899	24185827	0.0	2963
NC_003076.8:1896576-1898645	NC_003076.8	92.293	2102	127	20	1	2070	17365025	17367123	0.0	2952
NC_003076.8:1896576-1898645	NC_003076.8	92.114	2105	129	19	1	2070	19742617	19740515	0.0	2933
NC_003076.8:1896576-1898645	NC_003076.8	92.215	1991	115	20	1	1961	14151294	14149314	0.0	2782
NC_003076.8:1896576-1898645	NC_003076.8	93.462	1346	67	10	1	1333	20281984	20280647	0.0	1978
NC_003076.8:1896576-1898645	NC_003076.8	92.725	1347	75	12	1	1333	9590410	9591747	0.0	1923
NC_003076.8:1896576-1898645	NC_003076.8	91.798	1329	79	20	1	1306	9559507	9558186	0.0	1823
NC_003076.8:1896576-1898645	NC_003076.8	91.978	1259	70	17	1	1240	4782228	4780982	0.0	1736
NC_003076.8:1896576-1898645	NC_003076.8	93.159	1184	64	9	140	1310	4312671	4313850	0.0	1722
NC_003076.8:1896576-1898645	NC_003076.8	93.777	1141	58	4	939	2070	15043270	15042134	0.0	1701
NC_003076.8:1896576-1898645	NC_003076.8	94.134	1108	58	7	1	1103	15606601	15605496	0.0	1679
NC_003076.8:1896576-1898645	NC_003076.8	92.751	1145	68	8	939	2070	24476433	24475291	0.0	1640
NC_003076.8:1896576-1898645	NC_003076.8	92.567	1157	59	9	939	2070	22232106	22230952	0.0	1635
NC_003076.8:1896576-1898645	NC_003076.8	93.345	1112	57	8	939	2035	5977895	5976786	0.0	1628
NC_003076.8:1896576-1898645	NC_003076.8	93.948	1074	52	6	52	1113	17618634	17617562	0.0	1611
NC_003076.8:1896576-1898645	NC_003076.8	91.768	1154	71	11	939	2070	8354352	8353201	0.0	1583
NC_003076.8:1896576-1898645	NC_003076.8	94.890	998	46	4	1046	2041	18854895	18855889	0.0	1555
NC_003076.8:1896576-1898645	NC_003076.8	90.051	1186	71	17	1	1154	11025336	11026506	0.0	1493
NC_003076.8:1896576-1898645	NC_003076.8	93.587	998	58	5	1074	2070	4313874	4314866	0.0	1483
NC_003076.8:1896576-1898645	NC_003076.8	94.175	927	49	4	1145	2070	11026974	11027896	0.0	1408
NC_003076.8:1896576-1898645	NC_003076.8	92.445	953	49	9	1	932	18853952	18854902	0.0	1339
NC_003076.8:1896576-1898645	NC_003076.8	90.579	1019	56	14	1053	2070	21530929	21531908	0.0	1314
NC_003076.8:1896576-1898645	NC_003076.8	94.007	801	43	5	1272	2070	15605466	15604669	0.0	1208
NC_003076.8:1896576-1898645	NC_003076.8	91.111	900	42	17	939	1827	10714580	10715452	0.0	1184
NC_003076.8:1896576-1898645	NC_003076.8	92.408	843	40	8	1	822	21530089	21530928	0.0	1181
NC_003076.8:1896576-1898645	NC_003076.8	93.790	773	44	4	1301	2070	4780981	4780210	0.0	1158
NC_003076.8:1896576-1898645	NC_003076.8	96.241	665	23	2	1	663	7154439	7153775	0.0	1088
NC_003076.8:1896576-1898645	NC_003076.8	86.268	954	83	36	1	920	9612591	9613530	0.0	992
NC_003076.8:1896576-1898645	NC_003076.8	96.453	592	20	1	1480	2070	7153775	7153184	0.0	976
NC_003076.8:1896576-1898645	NC_003076.8	90.111	718	44	10	235	931	8683118	8683829	0.0	907
NC_003076.8:1896576-1898645	NC_003076.8	89.540	717	51	9	235	931	7711270	7711982	0.0	887
NC_003076.8:1896576-1898645	NC_003076.8	93.178	601	38	3	1471	2070	25905017	25905615	0.0	880
NC_003076.8:1896576-1898645	NC_003076.8	88.811	715	55	9	235	929	14761045	14760336	0.0	854
NC_003076.8:1896576-1898645	NC_003076.8	88.194	720	57	12	237	934	15342559	15341846	0.0	833
NC_003076.8:1896576-1898645	NC_003076.8	87.950	722	60	11	235	934	13918658	13917942	0.0	826
NC_003076.8:1896576-1898645	NC_003076.8	87.887	710	49	15	246	931	354275	354971	0.0	800
NC_003076.8:1896576-1898645	NC_003076.8	92.463	544	32	2	947	1482	15577259	15576717	0.0	769
NC_003076.8:1896576-1898645	NC_003076.8	88.837	645	47	8	235	858	19931420	19930780	0.0	769
NC_003076.8:1896576-1898645	NC_003076.8	92.015	551	34	3	941	1482	21776872	21776323	0.0	765
NC_003076.8:1896576-1898645	NC_003076.8	88.527	645	48	9	235	858	5129697	5129058	0.0	758
NC_003076.8:1896576-1898645	NC_003076.8	88.748	631	44	19	322	931	19670974	19671598	0.0	747
NC_003076.8:1896576-1898645	NC_003076.8	92.261	491	34	4	1581	2070	15576667	15576180	0.0	693
NC_003076.8:1896576-1898645	NC_003076.8	92.073	492	32	7	1581	2070	21776273	21775787	0.0	686
NC_003076.8:1896576-1898645	NC_003076.8	94.541	403	17	5	1670	2070	17796537	17796138	2.41e-175	617
NC_003076.8:1896576-1898645	NC_003076.8	91.910	445	23	9	1629	2070	9134290	9134724	4.03e-173	610
NC_003076.8:1896576-1898645	NC_003076.8	91.449	421	34	2	1651	2070	21584595	21584176	4.08e-163	577
NC_003076.8:1896576-1898645	NC_003076.8	89.276	373	28	10	1707	2070	25264968	25265337	5.55e-127	457
NC_003076.8:1896576-1898645	NC_003076.8	93.750	304	17	2	1281	1583	9592102	9592404	2.00e-126	455
NC_003076.8:1896576-1898645	NC_003076.8	93.092	304	18	3	1281	1583	17617546	17617245	1.55e-122	442
NC_003076.8:1896576-1898645	NC_003076.8	94.158	291	15	2	1281	1571	20280291	20280003	1.55e-122	442
NC_003076.8:1896576-1898645	NC_003076.8	89.412	340	31	5	235	571	25264649	25264986	5.63e-117	424
NC_003076.8:1896576-1898645	NC_003076.8	92.226	283	20	2	639	920	3019805	3019524	9.49e-110	399
NC_003076.8:1896576-1898645	NC_003076.8	92.780	277	18	2	656	931	20398316	20398591	9.49e-110	399
NC_003076.8:1896576-1898645	NC_003076.8	92.070	227	16	2	235	460	3020057	3019832	2.73e-85	318
NC_003076.8:1896576-1898645	NC_003076.8	90.860	186	9	1	939	1116	20280489	20280304	1.69e-62	243
NC_003076.8:1896576-1898645	NC_003076.8	90.000	190	8	4	939	1119	9134111	9134298	2.83e-60	235
NC_003076.8:1896576-1898645	NC_003076.8	90.659	182	9	1	939	1112	9591905	9592086	2.83e-60	235
NC_003076.8:1896576-1898645	NC_003076.8	91.473	129	9	1	235	363	17955694	17955820	1.74e-42	176
NC_003076.8:1896576-1898645	NC_003076.8	91.304	115	10	0	939	1053	25904890	25905004	6.31e-37	158
NC_003076.8:1896576-1898645	NC_003076.8	91.358	81	7	0	1	81	21777032	21776952	4.98e-23	111
NC_003076.8:1896576-1898645	NC_003076.8	91.358	81	7	0	1	81	24476591	24476511	4.98e-23	111
NC_003076.8:1896576-1898645	NC_003076.8	98.148	54	1	0	1510	1563	15576716	15576663	5.01e-18	95.3
NC_003076.8:1896576-1898645	NC_003076.8	84.314	102	11	4	1	100	25904732	25904830	5.01e-18	95.3
NC_003076.8:1896576-1898645	NC_003076.8	94.444	54	3	0	1510	1563	21776322	21776269	1.09e-14	84.2
NC_003076.8:1896576-1898645	NC_003071.7	96.291	2076	71	6	1	2070	499985	502060	0.0	3402
NC_003076.8:1896576-1898645	NC_003071.7	93.705	2081	115	13	1	2070	17255233	17253158	0.0	3103
NC_003076.8:1896576-1898645	NC_003071.7	93.684	2074	104	16	1	2068	13908721	13906669	0.0	3079
NC_003076.8:1896576-1898645	NC_003071.7	92.867	2103	105	27	1	2070	13266915	13269005	0.0	3011
NC_003076.8:1896576-1898645	NC_003071.7	94.124	1974	102	14	104	2070	396551	394585	0.0	2990
NC_003076.8:1896576-1898645	NC_003071.7	92.399	2105	121	24	1	2070	12800994	12803094	0.0	2964
NC_003076.8:1896576-1898645	NC_003071.7	92.480	2101	113	20	1	2070	6925377	6923291	0.0	2963
NC_003076.8:1896576-1898645	NC_003071.7	92.319	2044	129	21	1	2036	12094425	12092402	0.0	2880
NC_003076.8:1896576-1898645	NC_003071.7	93.176	1905	93	12	1	1873	11287161	11285262	0.0	2763
NC_003076.8:1896576-1898645	NC_003071.7	93.909	1379	73	11	1	1373	13338077	13336704	0.0	2071
NC_003076.8:1896576-1898645	NC_003071.7	92.711	1413	81	14	1	1405	707442	708840	0.0	2019
NC_003076.8:1896576-1898645	NC_003071.7	93.234	1138	66	11	939	2070	7814534	7813402	0.0	1664
NC_003076.8:1896576-1898645	NC_003071.7	91.331	1142	85	8	939	2070	7169367	7168230	0.0	1548
NC_003076.8:1896576-1898645	NC_003071.7	94.043	1024	54	6	1050	2070	6663102	6664121	0.0	1546
NC_003076.8:1896576-1898645	NC_003071.7	92.836	1033	69	5	1	1029	7154736	7153705	0.0	1493
NC_003076.8:1896576-1898645	NC_003071.7	93.241	1006	47	7	1071	2070	543175	544165	0.0	1461
NC_003076.8:1896576-1898645	NC_003071.7	93.422	973	48	11	1073	2044	14334657	14335614	0.0	1428
NC_003076.8:1896576-1898645	NC_003071.7	93.118	959	60	6	1097	2054	6803425	6804378	0.0	1400
NC_003076.8:1896576-1898645	NC_003071.7	95.249	884	37	5	1189	2070	13336704	13335824	0.0	1395
NC_003076.8:1896576-1898645	NC_003071.7	92.980	869	46	9	1211	2070	7960700	7961562	0.0	1253
NC_003076.8:1896576-1898645	NC_003071.7	93.939	792	43	5	1281	2070	7112140	7112928	0.0	1192
NC_003076.8:1896576-1898645	NC_003071.7	92.399	842	42	7	1	822	14333785	14334624	0.0	1181
NC_003076.8:1896576-1898645	NC_003071.7	93.434	792	47	5	1281	2070	6101020	6100232	0.0	1170
NC_003076.8:1896576-1898645	NC_003071.7	91.114	844	49	10	1	822	542308	543147	0.0	1120
NC_003076.8:1896576-1898645	NC_003071.7	94.092	677	31	8	1396	2068	709400	710071	0.0	1020
NC_003076.8:1896576-1898645	NC_003071.7	92.033	728	49	8	1346	2070	3213046	3212325	0.0	1014
NC_003076.8:1896576-1898645	NC_003071.7	90.278	720	46	8	235	934	12556068	12555353	0.0	920
NC_003076.8:1896576-1898645	NC_003071.7	90.000	690	43	10	241	909	10468943	10468259	0.0	869
NC_003076.8:1896576-1898645	NC_003071.7	89.106	716	52	10	235	929	1460787	1460077	0.0	867
NC_003076.8:1896576-1898645	NC_003071.7	89.140	709	52	9	246	934	5466870	5466167	0.0	859
NC_003076.8:1896576-1898645	NC_003071.7	88.837	645	47	8	235	858	19196619	19195979	0.0	769
NC_003076.8:1896576-1898645	NC_003071.7	87.994	633	52	18	231	858	11399241	11398628	0.0	726
NC_003076.8:1896576-1898645	NC_003071.7	89.667	571	38	6	235	788	6099666	6100232	0.0	708
NC_003076.8:1896576-1898645	NC_003071.7	93.900	459	24	4	1471	1927	3564666	3565122	0.0	689
NC_003076.8:1896576-1898645	NC_003071.7	94.408	304	14	3	1281	1583	4024558	4024859	3.32e-129	464
NC_003076.8:1896576-1898645	NC_003071.7	92.763	304	20	2	1281	1583	980261	979959	2.01e-121	438
NC_003076.8:1896576-1898645	NC_003071.7	90.572	297	26	2	639	934	6383668	6383373	1.59e-107	392
NC_003076.8:1896576-1898645	NC_003071.7	93.774	257	14	2	1785	2040	3565123	3565378	2.66e-105	385
NC_003076.8:1896576-1898645	NC_003071.7	91.463	246	17	3	235	478	5843836	5843593	2.71e-90	335
NC_003076.8:1896576-1898645	NC_003071.7	89.300	243	17	2	939	1173	7959949	7960190	1.28e-78	296
NC_003076.8:1896576-1898645	NC_003071.7	91.351	185	8	2	939	1115	7111941	7112125	1.31e-63	246
NC_003076.8:1896576-1898645	NC_003071.7	90.957	188	8	2	939	1118	4024359	4024545	4.71e-63	244
NC_003076.8:1896576-1898645	NC_003071.7	89.247	186	12	1	939	1116	980459	980274	1.70e-57	226
NC_003076.8:1896576-1898645	NC_003071.7	89.503	181	10	2	947	1119	6101211	6101032	7.93e-56	220
NC_003076.8:1896576-1898645	NC_003071.7	90.435	115	11	0	939	1053	3564539	3564653	2.93e-35	152
NC_003076.8:1896576-1898645	NC_003071.7	97.959	49	1	0	939	987	6101262	6101214	3.02e-15	86.1
NC_003076.8:1896576-1898645	NC_003075.7	95.998	2074	77	6	1	2070	1349585	1351656	0.0	3365
NC_003076.8:1896576-1898645	NC_003075.7	94.372	2079	102	13	1	2070	5541389	5539317	0.0	3177
NC_003076.8:1896576-1898645	NC_003075.7	94.231	2080	106	13	1	2070	11360870	11362945	0.0	3164
NC_003076.8:1896576-1898645	NC_003075.7	93.747	2079	99	16	1	2070	4146126	4148182	0.0	3090
NC_003076.8:1896576-1898645	NC_003075.7	93.548	2077	103	20	1	2070	8730453	8728401	0.0	3064
NC_003076.8:1896576-1898645	NC_003075.7	92.231	2098	121	23	1	2068	1002007	999922	0.0	2933
NC_003076.8:1896576-1898645	NC_003075.7	93.056	2016	98	25	89	2070	8063697	8065704	0.0	2909
NC_003076.8:1896576-1898645	NC_003075.7	91.883	1269	71	8	1	1240	10397385	10396120	0.0	1744
NC_003076.8:1896576-1898645	NC_003075.7	93.777	1141	59	5	939	2070	11193412	11192275	0.0	1703
NC_003076.8:1896576-1898645	NC_003075.7	92.563	1143	72	7	939	2070	371928	370788	0.0	1628
NC_003076.8:1896576-1898645	NC_003075.7	92.220	1144	74	8	939	2070	6166306	6165166	0.0	1605
NC_003076.8:1896576-1898645	NC_003075.7	94.516	1003	50	4	1070	2070	16864262	16863263	0.0	1543
NC_003076.8:1896576-1898645	NC_003075.7	94.074	810	43	5	1	808	16865070	16864264	0.0	1225
NC_003076.8:1896576-1898645	NC_003075.7	94.066	792	42	5	1281	2070	683570	684358	0.0	1197
NC_003076.8:1896576-1898645	NC_003075.7	94.041	772	42	4	1302	2070	10396119	10395349	0.0	1168
NC_003076.8:1896576-1898645	NC_003075.7	87.137	964	89	27	1	942	2622006	2621056	0.0	1061
NC_003076.8:1896576-1898645	NC_003075.7	91.487	787	44	11	1	768	9763814	9763032	0.0	1061
NC_003076.8:1896576-1898645	NC_003075.7	91.360	787	45	16	1	768	9842608	9841826	0.0	1055
NC_003076.8:1896576-1898645	NC_003075.7	93.921	658	36	4	1224	1879	965061	964406	0.0	990
NC_003076.8:1896576-1898645	NC_003075.7	89.569	719	51	17	235	934	314144	313431	0.0	891
NC_003076.8:1896576-1898645	NC_003075.7	89.212	723	46	14	235	934	7060559	7059846	0.0	874
NC_003076.8:1896576-1898645	NC_003075.7	89.224	696	48	15	246	919	9438920	9439610	0.0	845
NC_003076.8:1896576-1898645	NC_003075.7	90.994	533	32	12	1543	2070	14390783	14390262	0.0	704
NC_003076.8:1896576-1898645	NC_003075.7	87.629	485	32	11	231	692	6279131	6279610	1.93e-151	538
NC_003076.8:1896576-1898645	NC_003075.7	92.000	375	16	11	1670	2042	7853284	7852922	3.25e-144	514
NC_003076.8:1896576-1898645	NC_003075.7	91.961	311	17	2	936	1239	965643	965334	1.21e-118	429
NC_003076.8:1896576-1898645	NC_003075.7	88.213	263	23	5	1	256	5353748	5354009	5.92e-82	307
NC_003076.8:1896576-1898645	NC_003075.7	80.000	405	58	19	1487	1880	7593705	7593313	4.64e-73	278
NC_003076.8:1896576-1898645	NC_003075.7	88.210	229	23	4	1844	2070	8802511	8802737	7.76e-71	270
NC_003076.8:1896576-1898645	NC_003075.7	89.894	188	10	2	939	1118	683371	683557	1.02e-59	233
NC_003076.8:1896576-1898645	NC_003075.7	88.542	192	20	2	1879	2070	963863	963674	3.66e-59	231
NC_003076.8:1896576-1898645	NC_003075.7	91.391	151	11	2	235	383	5353887	5354037	2.22e-51	206
NC_003076.8:1896576-1898645	NC_003075.7	90.604	149	13	1	235	383	5354616	5354763	1.34e-48	196
NC_003076.8:1896576-1898645	NC_003075.7	92.632	95	5	1	1471	1563	8802411	8802505	2.95e-30	135
NC_003076.8:1896576-1898645	NC_003075.7	91.489	94	8	0	690	783	6280372	6280465	1.37e-28	130
NC_003076.8:1896576-1898645	NC_003075.7	92.308	78	6	0	4	81	11193567	11193490	4.98e-23	111
NC_003076.8:1896576-1898645	NC_003075.7	78.082	146	14	13	347	478	9566175	9566034	1.82e-12	76.8
NC_003076.8:1896576-1898645	NC_003075.7	97.619	42	1	0	939	980	14390831	14390790	2.35e-11	73.1
NC_003076.8:1896576-1898645	NC_003070.9	96.298	2053	70	6	1	2048	8114770	8116821	0.0	3365
NC_003076.8:1896576-1898645	NC_003070.9	93.999	2083	103	15	1	2070	13058823	13060896	0.0	3134
NC_003076.8:1896576-1898645	NC_003070.9	93.522	2084	112	15	1	2070	22449931	22452005	0.0	3079
NC_003076.8:1896576-1898645	NC_003070.9	93.359	2078	106	20	1	2070	19995734	19993681	0.0	3044
NC_003076.8:1896576-1898645	NC_003070.9	93.094	2085	109	16	1	2070	9816210	9818274	0.0	3020
NC_003076.8:1896576-1898645	NC_003070.9	92.538	2104	119	21	1	2070	7035191	7037290	0.0	2981
NC_003076.8:1896576-1898645	NC_003070.9	92.578	2102	108	28	1	2070	26171480	26169395	0.0	2974
NC_003076.8:1896576-1898645	NC_003070.9	92.536	2090	111	17	1	2070	16903800	16905864	0.0	2953
NC_003076.8:1896576-1898645	NC_003070.9	91.445	2104	122	23	1	2070	17899863	17901942	0.0	2835
NC_003076.8:1896576-1898645	NC_003070.9	90.909	2101	126	25	1	2068	9867414	9865346	0.0	2761
NC_003076.8:1896576-1898645	NC_003070.9	92.872	1866	97	21	14	1849	30255510	30253651	0.0	2676
NC_003076.8:1896576-1898645	NC_003070.9	93.908	1740	81	16	337	2070	13017571	13015851	0.0	2603
NC_003076.8:1896576-1898645	NC_003070.9	92.467	1832	94	20	1	1810	11737393	11735584	0.0	2579
NC_003076.8:1896576-1898645	NC_003070.9	92.907	1565	81	16	512	2070	18791324	18792864	0.0	2248
NC_003076.8:1896576-1898645	NC_003070.9	94.587	1404	67	7	670	2070	15939781	15941178	0.0	2163
NC_003076.8:1896576-1898645	NC_003070.9	93.394	1423	75	9	1	1418	501372	499964	0.0	2089
NC_003076.8:1896576-1898645	NC_003070.9	93.462	1346	68	9	1	1333	12330053	12328715	0.0	1980
NC_003076.8:1896576-1898645	NC_003070.9	93.244	1347	70	10	1	1333	30253107	30251768	0.0	1964
NC_003076.8:1896576-1898645	NC_003070.9	92.582	1348	76	13	1	1333	22994060	22992722	0.0	1914
NC_003076.8:1896576-1898645	NC_003070.9	94.138	1143	59	7	932	2070	11700589	11701727	0.0	1733
NC_003076.8:1896576-1898645	NC_003070.9	91.449	1263	73	20	5	1240	19329256	19328002	0.0	1701
NC_003076.8:1896576-1898645	NC_003070.9	92.362	1139	67	11	941	2070	3413713	3414840	0.0	1604
NC_003076.8:1896576-1898645	NC_003070.9	91.864	1143	68	15	939	2070	28161194	28162322	0.0	1572
NC_003076.8:1896576-1898645	NC_003070.9	94.726	1005	44	7	1070	2070	4786256	4787255	0.0	1554
NC_003076.8:1896576-1898645	NC_003070.9	94.141	1024	55	5	1050	2070	19769011	19767990	0.0	1554
NC_003076.8:1896576-1898645	NC_003070.9	93.574	996	46	5	1079	2070	19466071	19465090	0.0	1469
NC_003076.8:1896576-1898645	NC_003070.9	93.254	1008	45	8	1071	2070	16326311	16327303	0.0	1463
NC_003076.8:1896576-1898645	NC_003070.9	93.387	998	49	5	1076	2070	12365009	12365992	0.0	1461
NC_003076.8:1896576-1898645	NC_003070.9	93.965	961	51	7	1	956	19061965	19062923	0.0	1447
NC_003076.8:1896576-1898645	NC_003070.9	93.079	997	53	4	1076	2070	16825388	16826370	0.0	1445
NC_003076.8:1896576-1898645	NC_003070.9	92.979	997	50	8	1076	2070	12563207	12562229	0.0	1435
NC_003076.8:1896576-1898645	NC_003070.9	92.552	1007	49	11	1071	2070	23214532	23215519	0.0	1421
NC_003076.8:1896576-1898645	NC_003070.9	94.824	908	42	5	1	905	11699698	11700603	0.0	1411
NC_003076.8:1896576-1898645	NC_003070.9	94.069	843	45	5	265	1103	19062923	19063764	0.0	1275
NC_003076.8:1896576-1898645	NC_003070.9	94.632	801	39	4	1272	2070	19063794	19064592	0.0	1238
NC_003076.8:1896576-1898645	NC_003070.9	92.764	843	36	8	1	822	12364135	12364973	0.0	1195
NC_003076.8:1896576-1898645	NC_003070.9	93.939	792	41	7	1281	2070	23876482	23877268	0.0	1190
NC_003076.8:1896576-1898645	NC_003070.9	92.628	841	37	7	1	822	16824518	16825352	0.0	1186
NC_003076.8:1896576-1898645	NC_003070.9	92.536	844	36	9	1	822	23213666	23214504	0.0	1184
NC_003076.8:1896576-1898645	NC_003070.9	93.210	810	37	11	1	808	4785461	4786254	0.0	1175
NC_003076.8:1896576-1898645	NC_003070.9	94.342	760	30	5	939	1688	16998385	16997629	0.0	1153
NC_003076.8:1896576-1898645	NC_003070.9	91.834	845	42	9	1	822	19466949	19466109	0.0	1153
NC_003076.8:1896576-1898645	NC_003070.9	91.677	841	49	10	1	822	12564081	12563243	0.0	1146
NC_003076.8:1896576-1898645	NC_003070.9	91.469	844	46	8	1	822	16325444	16326283	0.0	1136
NC_003076.8:1896576-1898645	NC_003070.9	93.126	771	44	9	1302	2070	19328000	19327237	0.0	1122
NC_003076.8:1896576-1898645	NC_003070.9	93.430	761	37	5	939	1688	12876772	12876014	0.0	1116
NC_003076.8:1896576-1898645	NC_003070.9	86.345	974	89	18	1	938	16806989	16807954	0.0	1022
NC_003076.8:1896576-1898645	NC_003070.9	94.324	599	21	6	1474	2070	499960	499373	0.0	905
NC_003076.8:1896576-1898645	NC_003070.9	86.746	845	68	22	1	812	16806150	16806983	0.0	900
NC_003076.8:1896576-1898645	NC_003070.9	89.459	721	51	9	235	934	1977027	1976311	0.0	887
NC_003076.8:1896576-1898645	NC_003070.9	90.202	694	45	7	235	909	17552860	17552171	0.0	883
NC_003076.8:1896576-1898645	NC_003070.9	91.473	645	43	5	1435	2070	14309405	14308764	0.0	876
NC_003076.8:1896576-1898645	NC_003070.9	89.152	719	54	17	235	934	14299705	14298992	0.0	874
NC_003076.8:1896576-1898645	NC_003070.9	88.611	720	56	10	235	934	29320592	29319879	0.0	852
NC_003076.8:1896576-1898645	NC_003070.9	89.337	694	49	15	246	919	19085234	19085922	0.0	848
NC_003076.8:1896576-1898645	NC_003070.9	88.145	717	60	9	235	931	6736003	6736714	0.0	830
NC_003076.8:1896576-1898645	NC_003070.9	88.761	694	51	14	246	919	19173667	19172981	0.0	824
NC_003076.8:1896576-1898645	NC_003070.9	94.280	542	23	8	1533	2070	8489951	8489414	0.0	822
NC_003076.8:1896576-1898645	NC_003070.9	88.227	705	56	11	246	929	8291436	8290738	0.0	817
NC_003076.8:1896576-1898645	NC_003070.9	87.727	717	62	10	235	931	17368	18078	0.0	813
NC_003076.8:1896576-1898645	NC_003070.9	87.517	721	63	11	235	934	3074585	3073871	0.0	808
NC_003076.8:1896576-1898645	NC_003070.9	88.011	709	52	15	246	934	12855858	12855163	0.0	808
NC_003076.8:1896576-1898645	NC_003070.9	93.358	542	30	6	1533	2070	25963004	25962465	0.0	797
NC_003076.8:1896576-1898645	NC_003070.9	88.992	645	46	8	235	858	2235029	2234389	0.0	774
NC_003076.8:1896576-1898645	NC_003070.9	92.000	525	27	6	1547	2070	18790338	18790848	0.0	723
NC_003076.8:1896576-1898645	NC_003070.9	94.577	461	23	2	1	459	15939323	15939783	0.0	712
NC_003076.8:1896576-1898645	NC_003070.9	93.803	468	28	1	1	467	22622305	22621838	0.0	702
NC_003076.8:1896576-1898645	NC_003070.9	94.527	402	19	3	1670	2070	23554190	23553791	2.41e-175	617
NC_003076.8:1896576-1898645	NC_003070.9	90.812	468	27	5	876	1333	22621842	22621381	1.12e-173	612
NC_003076.8:1896576-1898645	NC_003070.9	90.709	409	33	5	235	641	18746910	18746505	5.36e-152	540
NC_003076.8:1896576-1898645	NC_003070.9	87.530	417	32	14	532	931	23174140	23174553	3.32e-129	464
NC_003076.8:1896576-1898645	NC_003070.9	94.079	304	16	2	1281	1583	22992366	22992064	4.29e-128	460
NC_003076.8:1896576-1898645	NC_003070.9	94.502	291	14	2	1281	1571	12328360	12328072	3.34e-124	448
NC_003076.8:1896576-1898645	NC_003070.9	94.178	292	15	2	1281	1571	22621025	22620735	4.32e-123	444
NC_003076.8:1896576-1898645	NC_003070.9	92.434	304	21	2	1281	1583	30251412	30251110	9.36e-120	433
NC_003076.8:1896576-1898645	NC_003070.9	92.466	292	20	2	639	929	18746460	18746170	9.42e-115	416
NC_003076.8:1896576-1898645	NC_003070.9	92.411	224	16	1	1847	2070	30253364	30253142	2.73e-85	318
NC_003076.8:1896576-1898645	NC_003070.9	90.860	186	9	1	939	1116	22992564	22992379	1.69e-62	243
NC_003076.8:1896576-1898645	NC_003070.9	90.323	186	10	1	939	1116	12328558	12328373	7.87e-61	237
NC_003076.8:1896576-1898645	NC_003070.9	90.710	183	9	1	939	1113	23876284	23876466	7.87e-61	237
NC_003076.8:1896576-1898645	NC_003070.9	90.710	183	9	1	939	1113	30251610	30251428	7.87e-61	237
NC_003076.8:1896576-1898645	NC_003070.9	89.785	186	11	1	939	1116	22621223	22621038	3.66e-59	231
NC_003076.8:1896576-1898645	NC_003070.9	92.453	106	8	0	939	1044	19769678	19769573	2.93e-35	152
NC_003076.8:1896576-1898645	NC_003074.8	94.461	2076	105	10	1	2070	17277814	17275743	0.0	3188
NC_003076.8:1896576-1898645	NC_003074.8	92.974	2078	109	22	1	2070	20786399	20788447	0.0	2994
NC_003076.8:1896576-1898645	NC_003074.8	92.757	2071	124	14	1	2056	15937286	15939345	0.0	2970
NC_003076.8:1896576-1898645	NC_003074.8	92.685	2078	111	21	1	2070	22118613	22120657	0.0	2957
NC_003076.8:1896576-1898645	NC_003074.8	92.529	2088	112	28	1	2048	10821446	10819363	0.0	2952
NC_003076.8:1896576-1898645	NC_003074.8	92.453	2067	103	21	1	2047	11535844	11537877	0.0	2904
NC_003076.8:1896576-1898645	NC_003074.8	91.910	2089	105	26	1	2070	17144490	17142447	0.0	2863
NC_003076.8:1896576-1898645	NC_003074.8	92.529	1566	84	21	511	2070	16562049	16563587	0.0	2213
NC_003076.8:1896576-1898645	NC_003074.8	93.141	1458	75	12	1	1453	5745923	5744486	0.0	2115
NC_003076.8:1896576-1898645	NC_003074.8	93.016	1346	74	9	1	1333	17301278	17299940	0.0	1947
NC_003076.8:1896576-1898645	NC_003074.8	91.276	1387	72	20	687	2070	15452795	15451455	0.0	1845
NC_003076.8:1896576-1898645	NC_003074.8	93.158	1140	61	6	939	2068	17730098	17731230	0.0	1657
NC_003076.8:1896576-1898645	NC_003074.8	92.227	1145	69	10	939	2070	17776928	17778065	0.0	1604
NC_003076.8:1896576-1898645	NC_003074.8	91.937	1141	61	13	939	2070	9767475	9766357	0.0	1568
NC_003076.8:1896576-1898645	NC_003074.8	91.042	1161	63	19	939	2068	16419302	16420452	0.0	1530
NC_003076.8:1896576-1898645	NC_003074.8	93.583	1013	40	12	1064	2070	16451587	16452580	0.0	1487
NC_003076.8:1896576-1898645	NC_003074.8	92.879	997	55	4	1076	2070	17062368	17061386	0.0	1434
NC_003076.8:1896576-1898645	NC_003074.8	92.184	998	49	6	1076	2070	7995800	7994829	0.0	1384
NC_003076.8:1896576-1898645	NC_003074.8	92.316	911	46	9	939	1839	11503603	11502707	0.0	1273
NC_003076.8:1896576-1898645	NC_003074.8	94.328	811	40	6	1	808	16450786	16451593	0.0	1238
NC_003076.8:1896576-1898645	NC_003074.8	94.830	793	36	5	1281	2070	18412509	18413299	0.0	1232
NC_003076.8:1896576-1898645	NC_003074.8	94.584	794	37	6	1281	2070	18019136	18019927	0.0	1223
NC_003076.8:1896576-1898645	NC_003074.8	93.680	807	42	9	4	805	9386343	9385541	0.0	1199
NC_003076.8:1896576-1898645	NC_003074.8	93.208	795	46	8	1281	2070	13327791	13328582	0.0	1162
NC_003076.8:1896576-1898645	NC_003074.8	94.347	743	38	4	1329	2070	10556871	10556132	0.0	1136
NC_003076.8:1896576-1898645	NC_003074.8	91.548	840	39	22	1	822	17063229	17062404	0.0	1129
NC_003076.8:1896576-1898645	NC_003074.8	92.308	793	55	6	1281	2070	3965358	3966147	0.0	1122
NC_003076.8:1896576-1898645	NC_003074.8	93.414	744	36	10	1329	2070	10575083	10574351	0.0	1090
NC_003076.8:1896576-1898645	NC_003074.8	92.588	769	39	6	1302	2070	15485279	15484529	0.0	1088
NC_003076.8:1896576-1898645	NC_003074.8	93.909	706	33	4	992	1688	10320599	10321303	0.0	1057
NC_003076.8:1896576-1898645	NC_003074.8	89.686	795	57	18	168	942	18746356	18747145	0.0	990
NC_003076.8:1896576-1898645	NC_003074.8	94.000	650	31	8	1423	2070	5744486	5743843	0.0	977
NC_003076.8:1896576-1898645	NC_003074.8	94.872	624	30	2	786	1407	9385005	9384382	0.0	974
NC_003076.8:1896576-1898645	NC_003074.8	88.540	829	60	23	1	822	7996636	7995836	0.0	972
NC_003076.8:1896576-1898645	NC_003074.8	88.221	832	61	21	141	938	9890146	9890974	0.0	959
NC_003076.8:1896576-1898645	NC_003074.8	93.689	618	31	6	1455	2070	9384377	9383766	0.0	918
NC_003076.8:1896576-1898645	NC_003074.8	90.111	718	46	9	235	931	16879943	16880656	0.0	909
NC_003076.8:1896576-1898645	NC_003074.8	89.665	716	46	11	235	931	5622169	5622875	0.0	887
NC_003076.8:1896576-1898645	NC_003074.8	89.167	720	53	9	235	934	9559544	9558830	0.0	874
NC_003076.8:1896576-1898645	NC_003074.8	89.043	721	50	12	235	934	20485002	20484290	0.0	867
NC_003076.8:1896576-1898645	NC_003074.8	87.903	744	47	17	226	942	16173067	16172340	0.0	835
NC_003076.8:1896576-1898645	NC_003074.8	87.900	719	63	18	235	934	2629888	2629175	0.0	824
NC_003076.8:1896576-1898645	NC_003074.8	86.531	735	64	13	235	938	3716481	3717211	0.0	776
NC_003076.8:1896576-1898645	NC_003074.8	86.250	720	60	18	235	934	1371038	1370338	0.0	745
NC_003076.8:1896576-1898645	NC_003074.8	92.337	522	30	3	939	1452	11967811	11968330	0.0	734
NC_003076.8:1896576-1898645	NC_003074.8	94.132	409	21	3	1	408	16561654	16562060	6.69e-176	619
NC_003076.8:1896576-1898645	NC_003074.8	94.079	304	15	3	1281	1583	17299583	17299282	1.54e-127	459
NC_003076.8:1896576-1898645	NC_003074.8	93.269	312	11	3	939	1240	15485591	15485280	2.58e-125	451
NC_003076.8:1896576-1898645	NC_003074.8	85.476	420	38	8	538	938	10404825	10405240	9.42e-115	416
NC_003076.8:1896576-1898645	NC_003074.8	91.503	306	17	2	939	1235	10575400	10575095	1.22e-113	412
NC_003076.8:1896576-1898645	NC_003074.8	91.176	306	18	2	939	1235	10557188	10556883	5.67e-112	407
NC_003076.8:1896576-1898645	NC_003074.8	91.696	289	22	2	235	522	10862540	10862827	9.49e-110	399
NC_003076.8:1896576-1898645	NC_003074.8	90.972	288	20	6	1786	2070	11968333	11968617	9.56e-105	383
NC_003076.8:1896576-1898645	NC_003074.8	90.661	257	19	5	3	256	5622033	5622287	7.55e-91	337
NC_003076.8:1896576-1898645	NC_003074.8	88.421	285	25	7	241	523	20487006	20486728	7.55e-91	337
NC_003076.8:1896576-1898645	NC_003074.8	92.641	231	15	2	1805	2034	11200951	11201180	3.51e-89	331
NC_003076.8:1896576-1898645	NC_003074.8	90.000	260	16	9	1	256	20485140	20484887	4.54e-88	327
NC_003076.8:1896576-1898645	NC_003074.8	89.883	257	21	5	4	256	9559680	9559425	1.63e-87	326
NC_003076.8:1896576-1898645	NC_003074.8	88.933	253	17	2	1828	2070	8757570	8757821	2.75e-80	302
NC_003076.8:1896576-1898645	NC_003074.8	84.539	304	15	12	1281	1583	1571723	1571995	2.16e-71	272
NC_003076.8:1896576-1898645	NC_003074.8	92.021	188	7	3	939	1118	1571523	1571710	6.04e-67	257
NC_003076.8:1896576-1898645	NC_003074.8	91.489	188	7	2	939	1118	13327592	13327778	1.01e-64	250
NC_003076.8:1896576-1898645	NC_003074.8	92.442	172	11	2	688	858	9385008	9385178	4.71e-63	244
NC_003076.8:1896576-1898645	NC_003074.8	90.957	188	8	2	939	1118	17299782	17299596	4.71e-63	244
NC_003076.8:1896576-1898645	NC_003074.8	89.362	188	10	3	939	1118	18412311	18412496	4.74e-58	228
NC_003076.8:1896576-1898645	NC_003074.8	89.674	184	10	2	939	1113	3965159	3965342	1.70e-57	226
NC_003076.8:1896576-1898645	NC_003074.8	88.889	189	11	3	939	1119	18018938	18019124	6.13e-57	224
NC_003076.8:1896576-1898645	NC_003074.8	91.946	149	10	2	235	383	17397161	17397015	6.17e-52	207
NC_003076.8:1896576-1898645	NC_003074.8	90.476	84	3	5	1	81	15485750	15485669	2.32e-21	106
NC_003076.8:1896576-1898645	NC_003074.8	77.848	158	11	16	1537	1690	15667806	15667669	1.82e-12	76.8
NC_003076.8:2898078-2898972	NC_003076.8	100.000	895	0	0	1	895	2898078	2898972	0.0	1653
NC_003076.8:2898078-2898972	NC_003076.8	81.263	934	80	44	1	895	2412003	2411126	0.0	667
NC_003076.8:2898078-2898972	NC_003076.8	91.589	107	8	1	779	885	16638260	16638155	5.81e-34	147
NC_003076.8:2898078-2898972	NC_003076.8	92.233	103	8	0	777	879	21300867	21300969	5.81e-34	147
NC_003076.8:2898078-2898972	NC_003076.8	94.318	88	5	0	787	874	8906502	8906415	1.26e-30	135
NC_003076.8:2898078-2898972	NC_003070.9	94.118	102	6	0	781	882	23802645	23802544	9.65e-37	156
NC_003076.8:2898078-2898972	NC_003070.9	91.837	98	8	0	776	873	6948846	6948943	3.49e-31	137
NC_003076.8:2898078-2898972	NC_003075.7	92.233	103	7	1	773	875	12320209	12320108	2.09e-33	145
NC_003076.8:2898078-2898972	NC_003075.7	88.596	114	9	3	774	883	6837755	6837868	1.26e-30	135
NC_003076.8:2898078-2898972	NC_003075.7	91.753	97	8	0	777	873	13076561	13076657	1.26e-30	135
NC_003075.7:14457710-14458284	NC_003075.7	100.000	575	0	0	1	575	14458284	14457710	0.0	1062
NC_003075.7:14457710-14458284	NC_003075.7	93.241	577	28	6	2	574	12607046	12606477	0.0	839
NC_003075.7:14457710-14458284	NC_003075.7	90.468	577	38	5	2	575	1521258	1521820	0.0	745
NC_003075.7:14457710-14458284	NC_003075.7	89.757	576	42	5	2	574	6115342	6115903	0.0	721
NC_003075.7:14457710-14458284	NC_003075.7	88.215	577	51	12	2	575	572758	572196	0.0	673
NC_003075.7:14457710-14458284	NC_003075.7	87.260	573	50	15	2	574	9112129	9111580	2.31e-180	632
NC_003075.7:14457710-14458284	NC_003075.7	86.806	576	60	9	2	574	5392282	5391720	2.99e-179	628
NC_003075.7:14457710-14458284	NC_003075.7	90.672	461	37	3	2	459	8947759	8947302	3.89e-173	608
NC_003075.7:14457710-14458284	NC_003075.7	86.332	578	40	12	2	575	12365605	12365063	1.09e-168	593
NC_003075.7:14457710-14458284	NC_003075.7	85.962	577	45	11	2	575	15442193	15441650	6.56e-166	584
NC_003075.7:14457710-14458284	NC_003075.7	86.556	543	55	11	2	540	824052	823524	2.36e-165	582
NC_003075.7:14457710-14458284	NC_003075.7	87.549	506	57	5	2	503	6660988	6661491	8.49e-165	580
NC_003075.7:14457710-14458284	NC_003075.7	85.243	576	48	17	2	574	7034792	7034251	3.98e-158	558
NC_003075.7:14457710-14458284	NC_003075.7	84.655	580	54	17	2	575	6340021	6339471	3.10e-154	545
NC_003075.7:14457710-14458284	NC_003075.7	86.095	338	31	7	236	572	2553625	2553947	2.60e-95	350
NC_003075.7:14457710-14458284	NC_003075.7	86.345	249	16	12	328	575	9193138	9193369	5.84e-67	255
NC_003075.7:14457710-14458284	NC_003075.7	82.000	250	15	14	328	574	1198935	1198713	7.77e-46	185
NC_003075.7:14457710-14458284	NC_003075.7	90.071	141	10	4	328	467	12699153	12699290	3.62e-44	180
NC_003075.7:14457710-14458284	NC_003075.7	91.579	95	7	1	2	95	7154780	7154874	3.69e-29	130
NC_003075.7:14457710-14458284	NC_003075.7	91.111	90	6	2	2	90	6638806	6638894	2.22e-26	121
NC_003075.7:14457710-14458284	NC_003075.7	89.474	95	9	1	2	95	6427215	6427121	8.00e-26	119
NC_003075.7:14457710-14458284	NC_003075.7	89.362	94	9	1	2	94	2040108	2040201	2.88e-25	117
NC_003075.7:14457710-14458284	NC_003075.7	90.909	88	7	1	2	88	7905772	7905859	2.88e-25	117
NC_003075.7:14457710-14458284	NC_003075.7	89.130	92	9	1	2	92	13537669	13537578	3.72e-24	113
NC_003075.7:14457710-14458284	NC_003075.7	87.234	94	12	0	2	95	7652565	7652658	1.73e-22	108
NC_003075.7:14457710-14458284	NC_003075.7	93.151	73	4	1	2	74	2987148	2987219	6.23e-22	106
NC_003075.7:14457710-14458284	NC_003075.7	86.316	95	11	2	2	95	12968437	12968344	8.05e-21	102
NC_003075.7:14457710-14458284	NC_003075.7	91.781	73	4	2	328	399	1100911	1100982	2.90e-20	100
NC_003075.7:14457710-14458284	NC_003075.7	89.041	73	8	0	2	74	3897173	3897245	1.74e-17	91.6
NC_003075.7:14457710-14458284	NC_003075.7	90.000	70	6	1	328	397	7572220	7572288	6.27e-17	89.8
NC_003075.7:14457710-14458284	NC_003075.7	88.889	63	7	0	2	64	5431586	5431524	1.36e-13	78.7
NC_003075.7:14457710-14458284	NC_003075.7	88.889	63	6	1	2	64	9192544	9192605	4.88e-13	76.8
NC_003075.7:14457710-14458284	NC_003075.7	87.500	64	8	0	2	65	8899078	8899141	1.76e-12	75.0
NC_003075.7:14457710-14458284	NC_003075.7	87.302	63	7	1	2	64	6169228	6169167	2.27e-11	71.3
NC_003075.7:14457710-14458284	NC_003075.7	87.302	63	7	1	2	64	7384281	7384220	2.27e-11	71.3
NC_003075.7:14457710-14458284	NC_003075.7	85.938	64	8	1	2	65	1199584	1199522	2.94e-10	67.6
NC_003075.7:14457710-14458284	NC_003075.7	85.938	64	8	1	2	65	7230736	7230798	2.94e-10	67.6
NC_003075.7:14457710-14458284	NC_003070.9	96.194	578	18	2	1	574	17502230	17502807	0.0	942
NC_003075.7:14457710-14458284	NC_003070.9	95.856	555	16	4	2	552	6219139	6218588	0.0	891
NC_003075.7:14457710-14458284	NC_003070.9	94.627	577	21	6	2	574	13869874	13870444	0.0	885
NC_003075.7:14457710-14458284	NC_003070.9	90.972	576	35	9	2	574	23125692	23125131	0.0	760
NC_003075.7:14457710-14458284	NC_003070.9	89.062	576	45	10	2	574	12097457	12098017	0.0	699
NC_003075.7:14457710-14458284	NC_003070.9	88.715	576	36	15	2	574	21918435	21918984	0.0	676
NC_003075.7:14457710-14458284	NC_003070.9	94.305	439	21	2	1	435	2587833	2587395	0.0	669
NC_003075.7:14457710-14458284	NC_003070.9	88.235	578	43	11	2	575	26511225	26510669	0.0	667
NC_003075.7:14457710-14458284	NC_003070.9	88.194	576	38	12	2	574	5899754	5899206	0.0	660
NC_003075.7:14457710-14458284	NC_003070.9	87.759	580	40	12	2	574	27240720	27241275	0.0	649
NC_003075.7:14457710-14458284	NC_003070.9	88.099	563	44	15	20	574	25779690	25780237	0.0	647
NC_003075.7:14457710-14458284	NC_003070.9	87.695	577	42	17	2	575	4770664	4770114	0.0	645
NC_003075.7:14457710-14458284	NC_003070.9	87.586	580	42	12	2	575	26880722	26881277	0.0	645
NC_003075.7:14457710-14458284	NC_003070.9	87.241	580	43	14	2	575	16401002	16400448	2.31e-180	632
NC_003075.7:14457710-14458284	NC_003070.9	86.874	579	56	13	2	575	5862950	5863513	8.31e-180	630
NC_003075.7:14457710-14458284	NC_003070.9	86.874	579	45	11	2	574	540986	540433	1.80e-176	619
NC_003075.7:14457710-14458284	NC_003070.9	86.562	573	53	13	2	574	19769025	19769573	1.08e-173	610
NC_003075.7:14457710-14458284	NC_003070.9	86.159	578	62	10	2	574	21739640	21739076	3.89e-173	608
NC_003075.7:14457710-14458284	NC_003070.9	86.278	583	43	17	2	575	10591981	10591427	2.34e-170	599
NC_003075.7:14457710-14458284	NC_003070.9	89.936	467	43	4	4	466	11732355	11732821	2.34e-170	599
NC_003075.7:14457710-14458284	NC_003070.9	85.889	574	56	14	2	574	11804093	11803544	5.07e-167	588
NC_003075.7:14457710-14458284	NC_003070.9	85.889	574	54	14	2	574	10021961	10021414	1.82e-166	586
NC_003075.7:14457710-14458284	NC_003070.9	86.106	547	53	14	2	542	588026	587497	6.61e-161	568
NC_003075.7:14457710-14458284	NC_003070.9	85.391	575	48	16	4	575	29244145	29244686	8.55e-160	564
NC_003075.7:14457710-14458284	NC_003070.9	87.377	507	34	16	69	572	10930991	10931470	5.14e-157	555
NC_003075.7:14457710-14458284	NC_003070.9	84.775	578	58	13	2	575	20205904	20205353	1.85e-156	553
NC_003075.7:14457710-14458284	NC_003070.9	84.896	576	53	14	2	574	22192008	22192552	6.65e-156	551
NC_003075.7:14457710-14458284	NC_003070.9	84.642	573	65	13	2	574	28891929	28891380	2.39e-155	549
NC_003075.7:14457710-14458284	NC_003070.9	89.269	438	42	3	4	438	2986889	2986454	1.11e-153	544
NC_003075.7:14457710-14458284	NC_003070.9	87.764	474	39	7	2	472	10853199	10852742	1.86e-151	536
NC_003075.7:14457710-14458284	NC_003070.9	84.075	584	43	26	2	574	24645520	24646064	6.75e-146	518
NC_003075.7:14457710-14458284	NC_003070.9	83.389	596	40	16	4	574	24718477	24719038	8.79e-140	497
NC_003075.7:14457710-14458284	NC_003070.9	91.775	231	17	2	2	231	13313922	13313693	2.04e-86	320
NC_003075.7:14457710-14458284	NC_003070.9	91.304	230	20	0	2	231	12240506	12240735	9.50e-85	315
NC_003075.7:14457710-14458284	NC_003070.9	93.103	174	10	2	404	575	2587385	2587212	2.10e-66	254
NC_003075.7:14457710-14458284	NC_003070.9	86.056	251	17	13	328	574	20559836	20559600	2.10e-66	254
NC_003075.7:14457710-14458284	NC_003070.9	93.023	172	11	1	2	173	2473306	2473136	2.72e-65	250
NC_003075.7:14457710-14458284	NC_003070.9	83.721	258	16	8	318	574	2473131	2472899	2.13e-56	220
NC_003075.7:14457710-14458284	NC_003070.9	86.111	216	17	7	360	574	9384363	9384160	2.13e-56	220
NC_003075.7:14457710-14458284	NC_003070.9	85.567	194	14	8	381	574	12240731	12240910	1.67e-47	191
NC_003075.7:14457710-14458284	NC_003070.9	85.128	195	16	10	381	575	13313697	13313516	2.16e-46	187
NC_003075.7:14457710-14458284	NC_003070.9	89.362	141	13	2	328	467	29774473	29774334	4.68e-43	176
NC_003075.7:14457710-14458284	NC_003070.9	83.117	154	11	6	328	467	5437136	5436984	4.78e-28	126
NC_003075.7:14457710-14458284	NC_003070.9	90.625	96	7	2	2	95	19742137	19742042	4.78e-28	126
NC_003075.7:14457710-14458284	NC_003070.9	90.526	95	8	1	2	95	9919331	9919237	1.72e-27	124
NC_003075.7:14457710-14458284	NC_003070.9	89.474	95	9	1	2	95	8189962	8190056	8.00e-26	119
NC_003075.7:14457710-14458284	NC_003070.9	89.362	94	9	1	2	94	1160225	1160318	2.88e-25	117
NC_003075.7:14457710-14458284	NC_003070.9	88.776	98	8	3	7	101	21335950	21336047	2.88e-25	117
NC_003075.7:14457710-14458284	NC_003070.9	88.421	95	10	1	2	95	16859176	16859082	3.72e-24	113
NC_003075.7:14457710-14458284	NC_003070.9	90.698	86	6	2	2	85	18766617	18766532	3.72e-24	113
NC_003075.7:14457710-14458284	NC_003070.9	88.421	95	10	1	2	95	26306961	26307055	3.72e-24	113
NC_003075.7:14457710-14458284	NC_003070.9	91.358	81	7	0	2	82	10929427	10929507	1.34e-23	111
NC_003075.7:14457710-14458284	NC_003070.9	87.368	95	11	1	1	94	12525581	12525675	1.73e-22	108
NC_003075.7:14457710-14458284	NC_003070.9	87.500	96	9	3	2	95	12993594	12993500	1.73e-22	108
NC_003075.7:14457710-14458284	NC_003070.9	87.234	94	10	2	2	94	9367449	9367541	6.23e-22	106
NC_003075.7:14457710-14458284	NC_003070.9	86.170	94	13	0	2	95	17605551	17605644	8.05e-21	102
NC_003075.7:14457710-14458284	NC_003070.9	86.170	94	12	1	2	94	12183990	12183897	2.90e-20	100
NC_003075.7:14457710-14458284	NC_003070.9	85.106	94	13	1	2	94	20509421	20509328	1.35e-18	95.3
NC_003075.7:14457710-14458284	NC_003070.9	90.476	63	5	1	2	64	9385032	9384971	1.05e-14	82.4
NC_003075.7:14457710-14458284	NC_003070.9	90.476	63	5	1	2	64	18301141	18301080	1.05e-14	82.4
NC_003075.7:14457710-14458284	NC_003070.9	89.062	64	6	1	2	65	6514477	6514539	1.36e-13	78.7
NC_003075.7:14457710-14458284	NC_003070.9	87.500	64	8	0	2	65	12618639	12618702	1.76e-12	75.0
NC_003075.7:14457710-14458284	NC_003070.9	88.333	60	6	1	2	60	13548433	13548492	2.27e-11	71.3
NC_003075.7:14457710-14458284	NC_003070.9	86.885	61	7	1	2	62	10579425	10579484	2.94e-10	67.6
NC_003075.7:14457710-14458284	NC_003070.9	96.774	31	1	0	436	466	13015358	13015388	8.23e-06	52.8
NC_003075.7:14457710-14458284	NC_003076.8	95.841	577	20	2	2	574	7417332	7417908	0.0	929
NC_003075.7:14457710-14458284	NC_003076.8	93.232	591	23	4	2	575	24117961	24118551	0.0	854
NC_003075.7:14457710-14458284	NC_003076.8	95.411	523	18	3	26	544	26015331	26015851	0.0	828
NC_003075.7:14457710-14458284	NC_003076.8	90.799	576	37	9	2	574	17726423	17726985	0.0	756
NC_003075.7:14457710-14458284	NC_003076.8	89.583	576	42	10	4	575	24448815	24449376	0.0	715
NC_003075.7:14457710-14458284	NC_003076.8	89.081	577	46	10	2	575	5625059	5625621	0.0	701
NC_003075.7:14457710-14458284	NC_003076.8	87.910	579	39	12	2	574	14810272	14810825	0.0	652
NC_003075.7:14457710-14458284	NC_003076.8	87.847	576	41	15	2	574	19101559	19102108	0.0	649
NC_003075.7:14457710-14458284	NC_003076.8	87.586	580	42	12	2	574	9558215	9557659	0.0	645
NC_003075.7:14457710-14458284	NC_003076.8	87.565	579	43	13	2	574	13892685	13892130	0.0	643
NC_003075.7:14457710-14458284	NC_003076.8	87.565	579	43	11	2	574	16870924	16871479	0.0	643
NC_003075.7:14457710-14458284	NC_003076.8	86.655	577	58	13	4	574	3566353	3566916	5.00e-177	621
NC_003075.7:14457710-14458284	NC_003076.8	87.153	576	38	17	2	575	14104207	14103666	5.00e-177	621
NC_003075.7:14457710-14458284	NC_003076.8	86.911	573	50	15	2	574	26787653	26787106	1.80e-176	619
NC_003075.7:14457710-14458284	NC_003076.8	86.562	573	51	14	4	574	6420375	6419827	3.89e-173	608
NC_003075.7:14457710-14458284	NC_003076.8	88.415	492	37	12	2	488	22335575	22335099	3.95e-163	575
NC_003075.7:14457710-14458284	NC_003076.8	85.640	578	45	19	2	575	7701180	7700637	1.42e-162	573
NC_003075.7:14457710-14458284	NC_003076.8	85.714	574	45	11	2	572	16712852	16713391	5.11e-162	571
NC_003075.7:14457710-14458284	NC_003076.8	85.615	577	45	11	2	574	17043359	17043901	5.11e-162	571
NC_003075.7:14457710-14458284	NC_003076.8	85.391	575	54	16	2	575	8748926	8749471	1.84e-161	569
NC_003075.7:14457710-14458284	NC_003076.8	87.935	489	45	7	2	488	9854347	9854823	8.55e-160	564
NC_003075.7:14457710-14458284	NC_003076.8	91.349	393	28	3	3	389	15882295	15882687	2.41e-150	532
NC_003075.7:14457710-14458284	NC_003076.8	84.348	575	49	20	2	575	15580808	15581342	4.03e-148	525
NC_003075.7:14457710-14458284	NC_003076.8	83.362	577	45	15	2	575	7069990	7070518	1.90e-136	486
NC_003075.7:14457710-14458284	NC_003076.8	87.901	405	44	4	2	402	4936962	4937365	5.33e-132	472
NC_003075.7:14457710-14458284	NC_003076.8	87.113	388	47	3	2	386	706996	706609	1.94e-121	436
NC_003075.7:14457710-14458284	NC_003076.8	88.255	298	19	9	278	574	6702209	6701927	4.36e-93	342
NC_003075.7:14457710-14458284	NC_003076.8	92.609	230	16	1	2	231	13231670	13231898	3.39e-89	329
NC_003075.7:14457710-14458284	NC_003076.8	91.176	238	17	3	205	439	13678951	13678715	2.04e-86	320
NC_003075.7:14457710-14458284	NC_003076.8	83.558	371	26	16	210	574	14395374	14395033	9.50e-85	315
NC_003075.7:14457710-14458284	NC_003076.8	83.558	371	26	16	210	574	14454673	14454332	9.50e-85	315
NC_003075.7:14457710-14458284	NC_003076.8	92.991	214	14	1	2	215	6702417	6702205	1.23e-83	311
NC_003075.7:14457710-14458284	NC_003076.8	90.909	209	19	0	3	211	14395843	14395635	9.64e-75	281
NC_003075.7:14457710-14458284	NC_003076.8	90.909	209	19	0	3	211	14455142	14454934	9.64e-75	281
NC_003075.7:14457710-14458284	NC_003076.8	87.398	246	15	9	328	572	13734262	13734492	7.50e-71	268
NC_003075.7:14457710-14458284	NC_003076.8	87.149	249	15	10	328	574	20278847	20278614	2.70e-70	267
NC_003075.7:14457710-14458284	NC_003076.8	88.517	209	14	2	80	285	17885892	17885691	1.26e-63	244
NC_003075.7:14457710-14458284	NC_003076.8	87.442	215	11	13	328	541	5648113	5647914	2.74e-60	233
NC_003075.7:14457710-14458284	NC_003076.8	91.279	172	14	1	2	173	24586632	24586802	2.74e-60	233
NC_003075.7:14457710-14458284	NC_003076.8	82.168	286	17	10	291	575	24586805	24587057	9.91e-55	215
NC_003075.7:14457710-14458284	NC_003076.8	85.253	217	17	8	360	574	16030752	16030549	4.61e-53	209
NC_003075.7:14457710-14458284	NC_003076.8	84.651	215	16	10	362	574	17481847	17482046	9.98e-50	198
NC_003075.7:14457710-14458284	NC_003076.8	85.567	194	14	8	381	574	13231894	13232073	1.67e-47	191
NC_003075.7:14457710-14458284	NC_003076.8	90.780	141	11	2	328	467	9867496	9867635	2.16e-46	187
NC_003075.7:14457710-14458284	NC_003076.8	90.780	141	11	2	328	467	24314283	24314422	2.16e-46	187
NC_003075.7:14457710-14458284	NC_003076.8	90.071	141	12	2	328	467	26893188	26893327	1.01e-44	182
NC_003075.7:14457710-14458284	NC_003076.8	90.000	140	12	2	328	467	17398095	17397958	3.62e-44	180
NC_003075.7:14457710-14458284	NC_003076.8	80.242	248	18	12	328	573	19408597	19408379	1.69e-37	158
NC_003075.7:14457710-14458284	NC_003076.8	91.489	94	6	2	2	94	9979172	9979080	1.33e-28	128
NC_003075.7:14457710-14458284	NC_003076.8	90.526	95	8	1	2	95	14880217	14880311	1.72e-27	124
NC_003075.7:14457710-14458284	NC_003076.8	89.773	88	8	1	2	88	15659430	15659343	1.34e-23	111
NC_003075.7:14457710-14458284	NC_003076.8	91.250	80	6	1	2	81	9763119	9763041	1.73e-22	108
NC_003075.7:14457710-14458284	NC_003076.8	88.043	92	10	1	2	92	10873662	10873753	1.73e-22	108
NC_003075.7:14457710-14458284	NC_003076.8	86.170	94	13	0	2	95	20674821	20674728	8.05e-21	102
NC_003075.7:14457710-14458284	NC_003076.8	84.946	93	13	1	4	95	22463661	22463753	4.85e-18	93.5
NC_003075.7:14457710-14458284	NC_003076.8	92.188	64	4	1	2	65	9866842	9866904	6.27e-17	89.8
NC_003075.7:14457710-14458284	NC_003076.8	90.625	64	5	1	2	65	15162256	15162318	2.92e-15	84.2
NC_003075.7:14457710-14458284	NC_003076.8	89.062	64	6	1	2	65	7488976	7488914	1.36e-13	78.7
NC_003075.7:14457710-14458284	NC_003076.8	89.062	64	6	1	2	65	15536011	15535949	1.36e-13	78.7
NC_003075.7:14457710-14458284	NC_003076.8	76.842	190	12	18	342	530	17247879	17247721	1.36e-13	78.7
NC_003075.7:14457710-14458284	NC_003076.8	90.164	61	5	1	2	62	19153745	19153686	1.36e-13	78.7
NC_003075.7:14457710-14458284	NC_003076.8	75.000	220	26	13	355	572	8671491	8671683	1.76e-12	75.0
NC_003075.7:14457710-14458284	NC_003076.8	87.302	63	7	1	2	64	17481152	17481213	2.27e-11	71.3
NC_003075.7:14457710-14458284	NC_003076.8	85.714	63	9	0	2	64	8280719	8280781	2.94e-10	67.6
NC_003075.7:14457710-14458284	NC_003076.8	84.375	64	9	1	2	65	22020974	22021036	1.37e-08	62.1
NC_003075.7:14457710-14458284	NC_003071.7	94.636	522	24	2	4	521	19172665	19172144	0.0	806
NC_003075.7:14457710-14458284	NC_003071.7	91.349	578	28	6	2	575	9860513	9859954	0.0	771
NC_003075.7:14457710-14458284	NC_003071.7	90.104	576	40	9	2	574	5037752	5038313	0.0	732
NC_003075.7:14457710-14458284	NC_003071.7	88.296	581	42	16	2	575	7340382	7340943	0.0	673
NC_003075.7:14457710-14458284	NC_003071.7	88.062	578	53	9	2	575	5010651	5010086	0.0	671
NC_003075.7:14457710-14458284	NC_003071.7	88.153	574	38	17	2	572	9226024	9225478	0.0	656
NC_003075.7:14457710-14458284	NC_003071.7	87.916	571	50	10	8	575	1596926	1597480	0.0	654
NC_003075.7:14457710-14458284	NC_003071.7	87.805	574	47	13	2	575	13101811	13102361	0.0	651
NC_003075.7:14457710-14458284	NC_003071.7	87.219	579	54	13	2	574	2138821	2139385	0.0	641
NC_003075.7:14457710-14458284	NC_003071.7	87.435	581	42	11	2	575	6207150	6206594	0.0	640
NC_003075.7:14457710-14458284	NC_003071.7	87.614	549	44	17	2	543	4025414	4025945	2.33e-175	616
NC_003075.7:14457710-14458284	NC_003071.7	90.147	477	37	5	19	488	17147641	17147168	3.01e-174	612
NC_003075.7:14457710-14458284	NC_003071.7	86.213	573	56	13	2	574	12556655	12557204	2.34e-170	599
NC_003075.7:14457710-14458284	NC_003071.7	86.219	566	53	14	4	569	13885934	13886474	1.41e-167	590
NC_003075.7:14457710-14458284	NC_003071.7	85.764	576	46	11	2	574	1670333	1669791	1.10e-163	577
NC_003075.7:14457710-14458284	NC_003071.7	85.095	577	49	17	2	575	9229178	9228636	5.14e-157	555
NC_003075.7:14457710-14458284	NC_003071.7	84.801	579	49	11	2	575	19623103	19623647	3.10e-154	545
NC_003075.7:14457710-14458284	NC_003071.7	83.993	581	51	17	2	574	15134226	15134772	1.88e-146	520
NC_003075.7:14457710-14458284	NC_003071.7	85.921	483	42	5	4	482	19243132	19242672	4.09e-138	492
NC_003075.7:14457710-14458284	NC_003071.7	81.376	596	60	27	2	574	1409588	1410155	5.40e-122	438
NC_003075.7:14457710-14458284	NC_003071.7	94.419	215	11	1	2	216	9433092	9433305	3.39e-89	329
NC_003075.7:14457710-14458284	NC_003071.7	83.657	361	42	10	217	574	4305944	4306290	1.58e-87	324
NC_003075.7:14457710-14458284	NC_003071.7	83.893	298	21	8	278	575	9433300	9433570	4.52e-68	259
NC_003075.7:14457710-14458284	NC_003071.7	85.887	248	23	6	329	575	10996418	10996182	2.10e-66	254
NC_003075.7:14457710-14458284	NC_003071.7	86.636	217	15	8	360	575	1038251	1038048	1.27e-58	228
NC_003075.7:14457710-14458284	NC_003071.7	86.175	217	16	8	360	574	2320730	2320934	5.92e-57	222
NC_003075.7:14457710-14458284	NC_003071.7	86.512	215	12	10	362	574	7351348	7351547	2.13e-56	220
NC_003075.7:14457710-14458284	NC_003071.7	90.071	141	11	3	328	467	10070310	10070172	3.62e-44	180
NC_003075.7:14457710-14458284	NC_003071.7	89.928	139	12	2	328	465	9030463	9030600	1.30e-43	178
NC_003075.7:14457710-14458284	NC_003071.7	89.362	141	13	2	328	467	1347424	1347285	4.68e-43	176
NC_003075.7:14457710-14458284	NC_003071.7	91.346	104	7	2	2	103	19414653	19414550	1.71e-32	141
NC_003075.7:14457710-14458284	NC_003071.7	90.625	96	7	2	8	101	1552855	1552760	4.78e-28	126
NC_003075.7:14457710-14458284	NC_003071.7	91.398	93	6	2	5	95	7178423	7178515	4.78e-28	126
NC_003075.7:14457710-14458284	NC_003071.7	90.625	96	7	2	2	95	7439722	7439627	4.78e-28	126
NC_003075.7:14457710-14458284	NC_003071.7	83.571	140	9	4	328	467	14572548	14572673	8.00e-26	119
NC_003075.7:14457710-14458284	NC_003071.7	87.234	94	12	0	2	95	8046268	8046175	1.73e-22	108
NC_003075.7:14457710-14458284	NC_003071.7	87.234	94	11	1	2	94	2262404	2262311	6.23e-22	106
NC_003075.7:14457710-14458284	NC_003071.7	87.234	94	11	1	2	94	6411150	6411243	6.23e-22	106
NC_003075.7:14457710-14458284	NC_003071.7	87.209	86	9	2	2	85	1303112	1303027	3.75e-19	97.1
NC_003075.7:14457710-14458284	NC_003071.7	92.063	63	5	0	2	64	1955471	1955533	6.27e-17	89.8
NC_003075.7:14457710-14458284	NC_003071.7	90.476	63	5	1	2	64	6901192	6901253	1.05e-14	82.4
NC_003075.7:14457710-14458284	NC_003071.7	90.476	63	5	1	2	64	9029808	9029869	1.05e-14	82.4
NC_003075.7:14457710-14458284	NC_003071.7	88.889	63	6	1	2	64	10070963	10070902	4.88e-13	76.8
NC_003075.7:14457710-14458284	NC_003071.7	87.500	64	7	1	2	65	1322855	1322793	6.31e-12	73.1
NC_003075.7:14457710-14458284	NC_003071.7	87.500	64	7	1	2	65	3198501	3198439	6.31e-12	73.1
NC_003075.7:14457710-14458284	NC_003071.7	87.302	63	7	1	2	64	2320063	2320124	2.27e-11	71.3
NC_003075.7:14457710-14458284	NC_003071.7	85.714	63	8	1	2	64	11909719	11909658	1.06e-09	65.8
NC_003075.7:14457710-14458284	NC_003074.8	91.161	577	35	8	2	575	10405397	10405960	0.0	769
NC_003075.7:14457710-14458284	NC_003074.8	89.739	575	43	9	4	575	11091000	11090439	0.0	721
NC_003075.7:14457710-14458284	NC_003074.8	90.071	564	40	6	13	574	18634492	18633943	0.0	717
NC_003075.7:14457710-14458284	NC_003074.8	89.948	577	21	10	2	574	11315008	11315551	0.0	710
NC_003075.7:14457710-14458284	NC_003074.8	89.428	577	41	8	2	575	23085532	23086091	0.0	710
NC_003075.7:14457710-14458284	NC_003074.8	89.255	577	46	8	2	575	14057125	14057688	0.0	708
NC_003075.7:14457710-14458284	NC_003074.8	89.097	587	37	15	3	575	6729497	6728924	0.0	704
NC_003075.7:14457710-14458284	NC_003074.8	89.236	576	42	11	4	574	19436874	19437434	0.0	702
NC_003075.7:14457710-14458284	NC_003074.8	88.908	577	44	12	2	574	16485868	16485308	0.0	693
NC_003075.7:14457710-14458284	NC_003074.8	88.115	589	43	10	2	574	10758579	10758002	0.0	675
NC_003075.7:14457710-14458284	NC_003074.8	87.780	581	49	15	2	575	5865865	5866430	0.0	660
NC_003075.7:14457710-14458284	NC_003074.8	88.103	580	38	12	2	575	10708626	10709180	0.0	660
NC_003075.7:14457710-14458284	NC_003074.8	87.241	580	44	12	2	575	7766063	7766618	0.0	634
NC_003075.7:14457710-14458284	NC_003074.8	87.197	578	44	12	2	575	10718344	10717793	8.31e-180	630
NC_003075.7:14457710-14458284	NC_003074.8	87.153	576	46	14	2	574	17402551	17402001	2.99e-179	628
NC_003075.7:14457710-14458284	NC_003074.8	86.667	600	36	16	2	574	19739758	19740340	3.86e-178	625
NC_003075.7:14457710-14458284	NC_003074.8	86.897	580	45	11	2	574	16405197	16405752	5.00e-177	621
NC_003075.7:14457710-14458284	NC_003074.8	86.411	574	53	18	2	574	7980632	7980083	5.04e-172	604
NC_003075.7:14457710-14458284	NC_003074.8	86.059	581	51	17	2	575	21552657	21552100	8.43e-170	597
NC_003075.7:14457710-14458284	NC_003074.8	85.095	577	48	10	2	574	11132203	11132745	5.14e-157	555
NC_003075.7:14457710-14458284	NC_003074.8	85.199	554	42	12	2	552	423196	422680	2.41e-150	532
NC_003075.7:14457710-14458284	NC_003074.8	91.645	383	26	4	2	380	4579238	4579618	4.03e-148	525
NC_003075.7:14457710-14458284	NC_003074.8	84.201	576	53	18	2	574	4584757	4585297	4.03e-148	525
NC_003075.7:14457710-14458284	NC_003074.8	86.802	394	36	8	185	574	15814110	15814491	4.21e-118	425
NC_003075.7:14457710-14458284	NC_003074.8	87.023	393	27	8	184	574	16235030	16234660	5.44e-117	422
NC_003075.7:14457710-14458284	NC_003074.8	91.489	188	15	1	4	191	15812965	15813151	1.62e-67	257
NC_003075.7:14457710-14458284	NC_003074.8	87.500	216	14	7	360	574	20769802	20769599	2.12e-61	237
NC_003075.7:14457710-14458284	NC_003074.8	84.677	248	23	8	328	574	6940832	6940599	2.74e-60	233
NC_003075.7:14457710-14458284	NC_003074.8	83.643	269	19	11	306	574	18885867	18885624	3.54e-59	230
NC_003075.7:14457710-14458284	NC_003074.8	85.217	230	20	10	328	556	18171177	18170961	1.65e-57	224
NC_003075.7:14457710-14458284	NC_003074.8	90.071	141	12	2	328	467	4468266	4468405	1.01e-44	182
NC_003075.7:14457710-14458284	NC_003074.8	91.509	106	9	0	2	107	7274661	7274766	3.67e-34	147
NC_003075.7:14457710-14458284	NC_003074.8	89.583	96	8	2	2	95	15918690	15918595	2.22e-26	121
NC_003075.7:14457710-14458284	NC_003074.8	89.583	96	7	3	2	95	9186735	9186641	8.00e-26	119
NC_003075.7:14457710-14458284	NC_003074.8	96.923	65	2	0	2	66	16235708	16235644	4.81e-23	110
NC_003075.7:14457710-14458284	NC_003074.8	87.234	94	11	1	2	94	7659520	7659427	6.23e-22	106
NC_003075.7:14457710-14458284	NC_003074.8	90.667	75	7	0	2	76	10082827	10082753	2.90e-20	100
NC_003075.7:14457710-14458284	NC_003074.8	90.541	74	7	0	2	75	7318503	7318576	1.04e-19	99.0
NC_003075.7:14457710-14458284	NC_003074.8	90.476	63	5	1	2	64	8596966	8596905	1.05e-14	82.4
NC_003075.7:14457710-14458284	NC_003074.8	89.062	64	6	1	2	65	16535293	16535231	1.36e-13	78.7
NC_003075.7:14457710-14458284	NC_003074.8	89.062	64	6	1	2	65	16677617	16677679	1.36e-13	78.7
NC_003075.7:14457710-14458284	NC_003074.8	90.164	61	5	1	2	62	16902333	16902392	1.36e-13	78.7
NC_003075.7:14457710-14458284	NC_003074.8	90.164	61	5	1	2	62	19537815	19537756	1.36e-13	78.7
NC_003075.7:14457710-14458284	NC_003074.8	86.111	72	8	2	351	421	7981814	7981884	4.88e-13	76.8
NC_003075.7:14457710-14458284	NC_003074.8	88.889	63	6	1	2	64	19529024	19529085	4.88e-13	76.8
NC_003075.7:14457710-14458284	NC_003074.8	88.889	63	6	1	2	64	20770463	20770402	4.88e-13	76.8
NC_003075.7:14457710-14458284	NC_003074.8	84.375	64	9	1	2	65	10900763	10900825	1.37e-08	62.1
NC_003075.7:14457710-14458284	NC_003074.8	100.000	32	0	0	2	33	9540460	9540491	4.92e-08	60.2
NC_003075.7:14457710-14458284	NC_003074.8	100.000	28	0	0	2	29	18172791	18172764	8.23e-06	52.8
NC_003075.7:14457676-14457925	NC_003075.7	100.000	250	0	0	1	250	14457925	14457676	1.31e-129	462
NC_003075.7:14457676-14457925	NC_003075.7	92.593	216	14	2	1	215	12606691	12606477	1.81e-83	309
NC_003075.7:14457676-14457925	NC_003075.7	87.037	216	14	4	1	216	1521619	1521820	4.03e-60	231
NC_003075.7:14457676-14457925	NC_003075.7	86.977	215	16	6	1	215	9111782	9111580	4.03e-60	231
NC_003075.7:14457676-14457925	NC_003075.7	86.512	215	16	7	1	215	5391921	5391720	6.75e-58	224
NC_003075.7:14457676-14457925	NC_003075.7	86.512	215	15	4	1	215	6115703	6115903	6.75e-58	224
NC_003075.7:14457676-14457925	NC_003075.7	85.253	217	14	12	1	216	9193170	9193369	6.80e-53	207
NC_003075.7:14457676-14457925	NC_003075.7	84.332	217	21	8	1	217	572398	572195	1.14e-50	200
NC_003075.7:14457676-14457925	NC_003075.7	85.149	202	19	8	15	216	15441840	15441650	1.47e-49	196
NC_003075.7:14457676-14457925	NC_003075.7	89.655	145	12	3	1	144	6661349	6661491	4.12e-45	182
NC_003075.7:14457676-14457925	NC_003075.7	84.568	162	11	9	56	215	1198862	1198713	4.18e-35	148
NC_003075.7:14457676-14457925	NC_003075.7	90.826	109	6	4	1	108	12699185	12699290	1.94e-33	143
NC_003075.7:14457676-14457925	NC_003075.7	95.000	40	1	1	1	40	1100944	1100982	5.60e-09	62.1
NC_003075.7:14457676-14457925	NC_003075.7	94.737	38	1	1	1	38	7572252	7572288	7.25e-08	58.4
NC_003075.7:14457676-14457925	NC_003070.9	95.909	220	7	2	1	218	17502592	17502811	2.29e-97	355
NC_003075.7:14457676-14457925	NC_003070.9	93.886	229	12	2	1	228	13870229	13870456	4.97e-94	344
NC_003075.7:14457676-14457925	NC_003070.9	96.392	194	6	1	1	193	6218781	6218588	3.01e-86	318
NC_003075.7:14457676-14457925	NC_003070.9	93.103	174	10	2	45	216	2587385	2587212	8.61e-67	254
NC_003075.7:14457676-14457925	NC_003070.9	88.372	215	12	7	1	215	23125332	23125131	1.44e-64	246
NC_003075.7:14457676-14457925	NC_003070.9	87.037	216	14	9	1	216	4770315	4770114	4.03e-60	231
NC_003075.7:14457676-14457925	NC_003070.9	86.087	230	15	11	1	226	5863309	5863525	4.03e-60	231
NC_003075.7:14457676-14457925	NC_003070.9	86.977	215	15	6	1	215	21918783	21918984	1.45e-59	230
NC_003075.7:14457676-14457925	NC_003070.9	86.512	215	17	6	1	215	10021616	10021414	1.88e-58	226
NC_003075.7:14457676-14457925	NC_003070.9	85.408	233	16	13	1	229	20559804	20559586	1.88e-58	226
NC_003075.7:14457676-14457925	NC_003070.9	85.841	226	17	9	1	225	25780036	25780247	1.88e-58	226
NC_003075.7:14457676-14457925	NC_003070.9	85.650	223	19	7	1	222	9384363	9384153	2.43e-57	222
NC_003075.7:14457676-14457925	NC_003070.9	86.111	216	17	7	1	216	26510871	26510669	8.73e-57	220
NC_003075.7:14457676-14457925	NC_003070.9	85.116	215	20	5	1	215	11803746	11803544	1.89e-53	209
NC_003075.7:14457676-14457925	NC_003070.9	85.116	215	20	6	1	215	28891582	28891380	1.89e-53	209
NC_003075.7:14457676-14457925	NC_003070.9	85.185	216	15	9	1	215	24645865	24646064	2.45e-52	206
NC_003075.7:14457676-14457925	NC_003070.9	86.139	202	15	7	15	215	24718849	24719038	2.45e-52	206
NC_003075.7:14457676-14457925	NC_003070.9	83.628	226	20	14	22	244	13313697	13313486	1.47e-49	196
NC_003075.7:14457676-14457925	NC_003070.9	85.567	194	14	8	22	215	12240731	12240910	6.85e-48	191
NC_003075.7:14457676-14457925	NC_003070.9	81.944	216	16	8	1	216	26881085	26881277	5.37e-39	161
NC_003075.7:14457676-14457925	NC_003070.9	81.567	217	14	10	1	216	20205544	20205353	2.50e-37	156
NC_003075.7:14457676-14457925	NC_003070.9	81.481	216	14	9	1	215	2473089	2472899	8.98e-37	154
NC_003075.7:14457676-14457925	NC_003070.9	81.481	216	15	9	1	216	16400638	16400448	8.98e-37	154
NC_003075.7:14457676-14457925	NC_003070.9	81.019	216	16	9	1	215	27241084	27241275	4.18e-35	148
NC_003075.7:14457676-14457925	NC_003070.9	80.930	215	16	7	1	215	540622	540433	1.50e-34	147
NC_003075.7:14457676-14457925	NC_003070.9	88.991	109	10	2	1	108	29774441	29774334	1.17e-30	134
NC_003075.7:14457676-14457925	NC_003070.9	83.186	113	5	3	1	113	10852840	10852742	7.14e-18	91.6
NC_003075.7:14457676-14457925	NC_003070.9	81.148	122	8	6	1	108	5437104	5436984	1.20e-15	84.2
NC_003075.7:14457676-14457925	NC_003070.9	96.774	31	1	0	77	107	13015358	13015388	3.37e-06	52.8
NC_003075.7:14457676-14457925	NC_003076.8	95.370	216	9	1	1	215	7417693	7417908	1.79e-93	342
NC_003075.7:14457676-14457925	NC_003076.8	95.161	186	8	1	1	185	26015666	26015851	1.82e-78	292
NC_003075.7:14457676-14457925	NC_003076.8	88.312	231	13	3	1	217	24118322	24118552	3.98e-70	265
NC_003075.7:14457676-14457925	NC_003076.8	86.449	214	13	9	1	213	13734294	13734492	8.73e-57	220
NC_003075.7:14457676-14457925	NC_003076.8	86.175	217	13	10	1	215	20278815	20278614	3.14e-56	219
NC_003075.7:14457676-14457925	NC_003076.8	85.714	217	18	7	1	215	6420032	6419827	1.13e-55	217
NC_003075.7:14457676-14457925	NC_003076.8	86.634	202	14	7	15	215	17043712	17043901	5.26e-54	211
NC_003075.7:14457676-14457925	NC_003076.8	85.185	216	18	8	1	216	5625420	5625621	1.89e-53	209
NC_003075.7:14457676-14457925	NC_003076.8	83.539	243	21	12	1	237	16030752	16030523	1.89e-53	209
NC_003075.7:14457676-14457925	NC_003076.8	84.651	215	16	10	3	215	17481847	17482046	4.09e-50	198
NC_003075.7:14457676-14457925	NC_003076.8	84.332	217	15	9	1	216	8749273	8749471	5.29e-49	195
NC_003075.7:14457676-14457925	NC_003076.8	86.885	183	8	13	1	182	5648081	5647914	6.85e-48	191
NC_003075.7:14457676-14457925	NC_003076.8	85.567	194	14	8	22	215	13231894	13232073	6.85e-48	191
NC_003075.7:14457676-14457925	NC_003076.8	82.326	215	14	7	1	215	14810635	14810825	4.15e-40	165
NC_003075.7:14457676-14457925	NC_003076.8	81.034	232	18	11	1	230	9557851	9557644	5.37e-39	161
NC_003075.7:14457676-14457925	NC_003076.8	81.860	215	16	8	1	215	16871288	16871479	1.93e-38	159
NC_003075.7:14457676-14457925	NC_003076.8	80.930	215	18	8	1	215	13892321	13892130	4.18e-35	148
NC_003075.7:14457676-14457925	NC_003076.8	90.826	109	8	2	1	108	9867528	9867635	5.41e-34	145
NC_003075.7:14457676-14457925	NC_003076.8	90.826	109	8	2	1	108	24314315	24314422	5.41e-34	145
NC_003075.7:14457676-14457925	NC_003076.8	90.741	108	8	2	1	108	17398063	17397958	1.94e-33	143
NC_003075.7:14457676-14457925	NC_003076.8	79.565	230	19	12	1	229	15581152	15581354	2.52e-32	139
NC_003075.7:14457676-14457925	NC_003076.8	89.908	109	9	2	1	108	26893220	26893327	2.52e-32	139
NC_003075.7:14457676-14457925	NC_003076.8	83.562	146	13	4	71	216	24586923	24587057	1.96e-28	126
NC_003075.7:14457676-14457925	NC_003076.8	78.704	216	15	12	1	214	19408565	19408379	4.24e-25	115
NC_003075.7:14457676-14457925	NC_003076.8	81.034	116	9	9	57	171	17247824	17247721	1.55e-14	80.5
NC_003075.7:14457676-14457925	NC_003076.8	97.674	43	0	1	1	43	4937324	4937365	2.59e-12	73.1
NC_003075.7:14457676-14457925	NC_003076.8	74.884	215	25	13	1	213	8671496	8671683	9.31e-12	71.3
NC_003075.7:14457676-14457925	NC_003071.7	92.179	179	13	1	42	219	9860129	9859951	3.10e-66	252
NC_003075.7:14457676-14457925	NC_003071.7	88.426	216	13	6	1	216	13102158	13102361	1.11e-65	250
NC_003075.7:14457676-14457925	NC_003071.7	94.479	163	8	1	1	162	19172306	19172144	1.11e-65	250
NC_003075.7:14457676-14457925	NC_003071.7	84.921	252	21	11	1	250	1038251	1038015	2.41e-62	239
NC_003075.7:14457676-14457925	NC_003071.7	87.442	215	14	7	1	215	5038112	5038313	3.12e-61	235
NC_003075.7:14457676-14457925	NC_003071.7	86.878	221	14	9	1	219	2139182	2139389	1.12e-60	233
NC_003075.7:14457676-14457925	NC_003071.7	86.574	216	17	7	1	216	1597277	1597480	5.22e-59	228
NC_003075.7:14457676-14457925	NC_003071.7	86.175	217	16	8	1	215	2320730	2320934	2.43e-57	222
NC_003075.7:14457676-14457925	NC_003071.7	86.512	215	12	10	3	215	7351348	7351547	8.73e-57	220
NC_003075.7:14457676-14457925	NC_003071.7	86.190	210	15	8	1	210	13886279	13886474	4.06e-55	215
NC_003075.7:14457676-14457925	NC_003071.7	85.253	217	19	7	1	216	5010290	5010086	5.26e-54	211
NC_003075.7:14457676-14457925	NC_003071.7	85.253	217	17	7	1	216	7340741	7340943	1.89e-53	209
NC_003075.7:14457676-14457925	NC_003071.7	84.862	218	21	6	1	217	10996387	10996181	1.89e-53	209
NC_003075.7:14457676-14457925	NC_003071.7	85.784	204	16	7	15	217	19623457	19623648	8.80e-52	204
NC_003075.7:14457676-14457925	NC_003071.7	87.097	186	9	9	1	184	4025773	4025945	1.47e-49	196
NC_003075.7:14457676-14457925	NC_003071.7	83.721	215	23	6	1	215	4306088	4306290	1.90e-48	193
NC_003075.7:14457676-14457925	NC_003071.7	84.577	201	20	8	15	215	1669980	1669791	2.46e-47	189
NC_003075.7:14457676-14457925	NC_003071.7	82.569	218	13	8	1	217	6206786	6206593	3.21e-41	169
NC_003075.7:14457676-14457925	NC_003071.7	82.439	205	21	10	15	215	15134579	15134772	4.15e-40	165
NC_003075.7:14457676-14457925	NC_003071.7	82.160	213	12	14	1	213	9225664	9225478	1.93e-38	159
NC_003075.7:14457676-14457925	NC_003071.7	84.756	164	13	5	56	219	9433422	9433573	8.98e-37	154
NC_003075.7:14457676-14457925	NC_003071.7	90.826	109	7	3	1	108	10070278	10070172	1.94e-33	143
NC_003075.7:14457676-14457925	NC_003071.7	89.720	107	9	2	1	106	9030495	9030600	3.25e-31	135
NC_003075.7:14457676-14457925	NC_003071.7	88.991	109	10	2	1	108	1347392	1347285	1.17e-30	134
NC_003075.7:14457676-14457925	NC_003071.7	82.407	108	5	4	1	108	14572580	14572673	4.30e-15	82.4
NC_003075.7:14457676-14457925	NC_003071.7	100.000	29	0	0	1	29	9860158	9860130	9.37e-07	54.7
NC_003075.7:14457676-14457925	NC_003074.8	90.050	201	7	7	16	215	11315363	11315551	4.01e-65	248
NC_003075.7:14457676-14457925	NC_003074.8	88.128	219	12	8	1	217	21552305	21552099	4.01e-65	248
NC_003075.7:14457676-14457925	NC_003074.8	87.215	219	16	7	1	219	6729127	6728921	2.41e-62	239
NC_003075.7:14457676-14457925	NC_003074.8	87.442	215	15	6	1	215	15814289	15814491	8.67e-62	237
NC_003075.7:14457676-14457925	NC_003074.8	87.500	216	14	7	1	215	20769802	20769599	8.67e-62	237
NC_003075.7:14457676-14457925	NC_003074.8	86.977	215	16	7	1	215	7980285	7980083	4.03e-60	231
NC_003075.7:14457676-14457925	NC_003074.8	87.037	216	15	7	1	216	10405758	10405960	4.03e-60	231
NC_003075.7:14457676-14457925	NC_003074.8	86.512	215	15	4	1	215	18634143	18633943	6.75e-58	224
NC_003075.7:14457676-14457925	NC_003074.8	86.574	216	14	4	1	216	23085891	23086091	6.75e-58	224
NC_003075.7:14457676-14457925	NC_003074.8	86.175	217	12	12	1	215	19740140	19740340	3.14e-56	219
NC_003075.7:14457676-14457925	NC_003074.8	86.070	201	21	4	15	215	16234853	16234660	1.89e-53	209
NC_003075.7:14457676-14457925	NC_003074.8	85.644	202	16	6	15	215	11132556	11132745	1.14e-50	200
NC_003075.7:14457676-14457925	NC_003074.8	84.259	216	19	8	1	215	6940800	6940599	1.47e-49	196
NC_003075.7:14457676-14457925	NC_003074.8	84.343	198	17	10	1	197	18171145	18170961	4.12e-45	182
NC_003075.7:14457676-14457925	NC_003074.8	81.944	216	14	8	1	216	10708990	10709180	1.93e-38	159
NC_003075.7:14457676-14457925	NC_003074.8	83.799	179	16	6	15	193	422845	422680	6.95e-38	158
NC_003075.7:14457676-14457925	NC_003074.8	81.860	215	14	11	1	215	18885813	18885624	6.95e-38	158
NC_003075.7:14457676-14457925	NC_003074.8	81.481	216	17	8	1	216	7766426	7766618	2.50e-37	156
NC_003075.7:14457676-14457925	NC_003074.8	81.019	216	16	8	1	215	16405561	16405752	4.18e-35	148
NC_003075.7:14457676-14457925	NC_003074.8	90.826	109	8	2	1	108	4468298	4468405	5.41e-34	145
NC_003075.7:14457676-14457925	NC_003074.8	89.655	58	4	2	6	62	7981828	7981884	2.59e-12	73.1
NC_003075.7:15441651-15442210	NC_003075.7	100.000	560	0	0	1	560	15442210	15441651	0.0	1035
NC_003075.7:15441651-15442210	NC_003075.7	91.360	544	46	1	17	560	12365606	12365064	0.0	743
NC_003075.7:15441651-15442210	NC_003075.7	87.809	566	48	4	15	560	1521255	1521819	0.0	643
NC_003075.7:15441651-15442210	NC_003075.7	87.411	564	50	4	17	560	6115341	6115903	2.91e-179	628
NC_003075.7:15441651-15442210	NC_003075.7	86.420	567	55	4	15	560	5392285	5391720	6.34e-171	601
NC_003075.7:15441651-15442210	NC_003075.7	86.396	566	54	6	16	560	572760	572197	8.20e-170	597
NC_003075.7:15441651-15442210	NC_003075.7	86.596	567	39	4	16	560	9112131	9111580	3.81e-168	592
NC_003075.7:15441651-15442210	NC_003075.7	85.938	576	45	11	18	560	14458283	14457711	2.29e-165	582
NC_003075.7:15441651-15442210	NC_003075.7	86.168	535	52	8	13	527	824056	823524	3.87e-158	558
NC_003075.7:15441651-15442210	NC_003075.7	85.252	556	67	11	16	560	6340023	6339472	3.87e-158	558
NC_003075.7:15441651-15442210	NC_003075.7	84.669	574	55	22	17	560	12607047	12606477	3.89e-153	542
NC_003075.7:15441651-15442210	NC_003075.7	85.800	500	50	3	8	486	6660978	6661477	1.10e-143	510
NC_003075.7:15441651-15442210	NC_003075.7	86.957	460	39	4	17	456	8947760	8947302	8.55e-140	497
NC_003075.7:15441651-15442210	NC_003075.7	86.435	317	31	5	254	558	2553631	2553947	1.97e-91	337
NC_003075.7:15441651-15442210	NC_003075.7	84.188	234	24	4	340	560	6243586	6243819	9.64e-55	215
NC_003075.7:15441651-15442210	NC_003075.7	83.761	234	22	5	340	560	9193138	9193368	1.61e-52	207
NC_003075.7:15441651-15442210	NC_003075.7	88.372	172	11	5	390	560	964026	963863	9.71e-50	198
NC_003075.7:15441651-15442210	NC_003075.7	86.923	130	14	3	431	560	370914	370788	4.62e-33	143
NC_003075.7:15441651-15442210	NC_003075.7	86.154	130	16	2	431	560	4148055	4148182	5.97e-32	139
NC_003075.7:15441651-15442210	NC_003075.7	86.154	130	14	4	431	560	684233	684358	2.15e-31	137
NC_003075.7:15441651-15442210	NC_003075.7	86.154	130	15	2	431	560	8065578	8065704	2.15e-31	137
NC_003075.7:15441651-15442210	NC_003075.7	86.260	131	13	4	431	560	11192401	11192275	2.15e-31	137
NC_003075.7:15441651-15442210	NC_003075.7	84.615	130	17	2	431	560	16863389	16863263	4.65e-28	126
NC_003075.7:15441651-15442210	NC_003075.7	84.375	96	12	3	465	560	14390354	14390262	1.70e-17	91.6
NC_003075.7:15441651-15442210	NC_003075.7	90.000	50	3	2	512	560	3359186	3359234	3.70e-09	63.9
NC_003075.7:15441651-15442210	NC_003076.8	97.426	544	14	0	17	560	17043358	17043901	0.0	928
NC_003075.7:15441651-15442210	NC_003076.8	95.396	543	24	1	16	558	16712850	16713391	0.0	863
NC_003075.7:15441651-15442210	NC_003076.8	93.967	547	16	4	15	560	7069987	7070517	0.0	811
NC_003075.7:15441651-15442210	NC_003076.8	88.042	577	47	5	4	560	17726411	17726985	0.0	664
NC_003075.7:15441651-15442210	NC_003076.8	88.298	564	46	3	17	560	24448812	24449375	0.0	658
NC_003075.7:15441651-15442210	NC_003076.8	87.770	556	57	3	16	560	14810270	14810825	0.0	640
NC_003075.7:15441651-15442210	NC_003076.8	87.299	559	57	5	16	560	9558217	9557659	1.05e-178	627
NC_003075.7:15441651-15442210	NC_003076.8	86.842	570	50	6	15	560	3566348	3566916	8.14e-175	614
NC_003075.7:15441651-15442210	NC_003076.8	86.926	566	51	12	16	560	22621741	22621178	8.14e-175	614
NC_003075.7:15441651-15442210	NC_003076.8	86.620	568	51	14	17	560	9068735	9068169	4.90e-172	604
NC_003075.7:15441651-15442210	NC_003076.8	86.396	566	56	8	15	560	5625056	5625620	2.28e-170	599
NC_003075.7:15441651-15442210	NC_003076.8	86.355	557	63	5	17	560	13892686	13892130	2.95e-169	595
NC_003075.7:15441651-15442210	NC_003076.8	85.940	569	63	7	4	560	19101545	19102108	3.81e-168	592
NC_003075.7:15441651-15442210	NC_003076.8	86.176	557	64	5	17	560	16870923	16871479	1.37e-167	590
NC_003075.7:15441651-15442210	NC_003076.8	86.010	579	41	18	4	560	26787666	26787106	6.38e-166	584
NC_003075.7:15441651-15442210	NC_003076.8	86.022	558	59	10	12	560	7701185	7700638	8.25e-165	580
NC_003075.7:15441651-15442210	NC_003076.8	85.492	579	48	10	17	560	7417331	7417908	4.97e-162	571
NC_003075.7:15441651-15442210	NC_003076.8	85.284	564	60	15	8	560	14104218	14103667	1.08e-158	560
NC_003075.7:15441651-15442210	NC_003076.8	85.185	567	40	16	17	560	8748925	8749470	3.89e-153	542
NC_003075.7:15441651-15442210	NC_003076.8	84.710	569	47	10	16	560	6420379	6419827	2.34e-150	532
NC_003075.7:15441651-15442210	NC_003076.8	84.656	567	45	12	16	560	9854345	9854891	1.09e-148	527
NC_003075.7:15441651-15442210	NC_003076.8	84.007	594	46	13	15	560	24117958	24118550	3.92e-148	525
NC_003075.7:15441651-15442210	NC_003076.8	84.296	554	58	10	17	560	15580807	15581341	8.49e-145	514
NC_003075.7:15441651-15442210	NC_003076.8	87.281	456	34	4	43	476	26015332	26015785	2.38e-140	499
NC_003075.7:15441651-15442210	NC_003076.8	84.843	508	56	11	12	505	22335580	22335080	3.98e-138	492
NC_003075.7:15441651-15442210	NC_003076.8	89.920	377	31	1	15	384	15882291	15882667	3.10e-134	479
NC_003075.7:15441651-15442210	NC_003076.8	88.281	384	37	2	9	384	707006	706623	1.88e-126	453
NC_003075.7:15441651-15442210	NC_003076.8	85.879	347	39	7	219	560	14395374	14395033	1.17e-98	361
NC_003075.7:15441651-15442210	NC_003076.8	85.879	347	39	7	219	560	14454673	14454332	1.17e-98	361
NC_003075.7:15441651-15442210	NC_003076.8	97.059	204	6	0	94	297	17885894	17885691	1.18e-93	344
NC_003075.7:15441651-15442210	NC_003076.8	86.620	284	24	3	290	560	6702209	6701927	7.20e-81	302
NC_003075.7:15441651-15442210	NC_003076.8	97.076	171	5	0	214	384	13678951	13678781	5.60e-77	289
NC_003075.7:15441651-15442210	NC_003076.8	88.995	209	16	1	19	220	14395843	14395635	7.35e-66	252
NC_003075.7:15441651-15442210	NC_003076.8	88.995	209	16	1	19	220	14455142	14454934	7.35e-66	252
NC_003075.7:15441651-15442210	NC_003076.8	86.638	232	23	2	16	240	13231668	13231898	2.64e-65	250
NC_003075.7:15441651-15442210	NC_003076.8	83.012	259	36	6	303	560	24586805	24587056	1.24e-58	228
NC_003075.7:15441651-15442210	NC_003076.8	84.681	235	22	6	340	560	8602053	8601819	5.76e-57	222
NC_003075.7:15441651-15442210	NC_003076.8	84.914	232	21	6	340	558	13734262	13734492	5.76e-57	222
NC_003075.7:15441651-15442210	NC_003076.8	84.188	234	24	6	340	560	20278847	20278614	9.64e-55	215
NC_003075.7:15441651-15442210	NC_003076.8	86.473	207	13	7	340	533	5648113	5647909	3.47e-54	213
NC_003075.7:15441651-15442210	NC_003076.8	84.862	218	23	4	15	224	6702420	6702205	1.25e-53	211
NC_003075.7:15441651-15442210	NC_003076.8	92.000	150	12	0	1	150	20119585	20119734	1.25e-53	211
NC_003075.7:15441651-15442210	NC_003076.8	88.439	173	11	5	389	560	10041976	10041812	2.70e-50	200
NC_003075.7:15441651-15442210	NC_003076.8	85.567	194	24	4	368	560	17481856	17482046	2.70e-50	200
NC_003075.7:15441651-15442210	NC_003076.8	85.792	183	18	2	7	182	24586621	24586802	2.10e-46	187
NC_003075.7:15441651-15442210	NC_003076.8	87.692	130	11	4	431	560	21775911	21775787	3.57e-34	147
NC_003075.7:15441651-15442210	NC_003076.8	86.260	131	13	4	431	560	15042260	15042134	2.15e-31	137
NC_003075.7:15441651-15442210	NC_003076.8	85.385	130	15	3	431	560	5428081	5427956	9.99e-30	132
NC_003075.7:15441651-15442210	NC_003076.8	85.385	130	15	3	431	560	17796263	17796138	9.99e-30	132
NC_003075.7:15441651-15442210	NC_003076.8	85.271	129	16	2	432	560	7153309	7153184	3.59e-29	130
NC_003075.7:15441651-15442210	NC_003076.8	84.615	130	16	2	431	560	4314741	4314866	4.65e-28	126
NC_003075.7:15441651-15442210	NC_003076.8	85.600	125	13	5	437	560	14143814	14143694	4.65e-28	126
NC_003075.7:15441651-15442210	NC_003076.8	84.615	130	17	2	431	560	15604795	15604669	4.65e-28	126
NC_003075.7:15441651-15442210	NC_003076.8	84.615	130	16	3	431	560	16358419	16358544	4.65e-28	126
NC_003075.7:15441651-15442210	NC_003076.8	84.615	130	17	2	431	560	24475417	24475291	4.65e-28	126
NC_003075.7:15441651-15442210	NC_003076.8	85.366	123	11	7	442	560	15882647	15882766	2.16e-26	121
NC_003075.7:15441651-15442210	NC_003076.8	83.333	132	17	5	433	560	25265207	25265337	2.80e-25	117
NC_003075.7:15441651-15442210	NC_003076.8	83.206	131	17	5	431	560	10715496	10715622	1.01e-24	115
NC_003075.7:15441651-15442210	NC_003076.8	83.206	131	15	5	431	560	8744749	8744625	3.62e-24	113
NC_003075.7:15441651-15442210	NC_003076.8	100.000	40	0	0	340	379	17481786	17481825	1.71e-12	75.0
NC_003075.7:15441651-15442210	NC_003076.8	97.674	43	1	0	340	382	17955910	17955868	1.71e-12	75.0
NC_003075.7:15441651-15442210	NC_003076.8	100.000	40	0	0	340	379	26892276	26892315	1.71e-12	75.0
NC_003075.7:15441651-15442210	NC_003071.7	97.253	546	15	0	15	560	1670336	1669791	0.0	926
NC_003075.7:15441651-15442210	NC_003071.7	95.886	559	19	4	5	560	19623089	19623646	0.0	902
NC_003075.7:15441651-15442210	NC_003071.7	94.182	550	26	3	16	560	15134224	15134772	0.0	833
NC_003075.7:15441651-15442210	NC_003071.7	95.538	493	22	0	12	504	19243140	19242648	0.0	789
NC_003075.7:15441651-15442210	NC_003071.7	88.496	565	42	9	17	560	5037751	5038313	0.0	662
NC_003075.7:15441651-15442210	NC_003071.7	87.698	569	48	8	14	560	2138817	2139385	0.0	643
NC_003075.7:15441651-15442210	NC_003071.7	86.679	563	61	6	11	560	6207156	6206595	2.93e-174	612
NC_003075.7:15441651-15442210	NC_003071.7	86.888	572	38	11	11	560	13101804	13102360	1.36e-172	606
NC_003075.7:15441651-15442210	NC_003071.7	86.957	552	55	9	17	560	9229179	9228637	4.90e-172	604
NC_003075.7:15441651-15442210	NC_003071.7	86.572	566	43	10	17	560	4025413	4025967	1.06e-168	593
NC_003075.7:15441651-15442210	NC_003071.7	86.067	567	55	5	17	560	5010652	5010087	4.93e-167	588
NC_003075.7:15441651-15442210	NC_003071.7	86.323	563	43	11	16	558	9226026	9225478	2.29e-165	582
NC_003075.7:15441651-15442210	NC_003071.7	85.349	587	49	15	3	560	7340364	7340942	1.38e-162	573
NC_003075.7:15441651-15442210	NC_003071.7	86.042	566	42	7	17	560	12556654	12557204	1.38e-162	573
NC_003075.7:15441651-15442210	NC_003071.7	85.918	561	40	8	17	555	13885931	13886474	2.99e-159	562
NC_003075.7:15441651-15442210	NC_003071.7	85.114	571	59	5	12	560	1596913	1597479	1.08e-158	560
NC_003075.7:15441651-15442210	NC_003071.7	84.495	574	59	19	10	560	9860521	9859955	1.40e-152	540
NC_003075.7:15441651-15442210	NC_003071.7	85.992	514	45	10	35	523	17147641	17147130	3.92e-148	525
NC_003075.7:15441651-15442210	NC_003071.7	83.793	580	63	18	8	560	1409580	1410155	5.07e-147	521
NC_003075.7:15441651-15442210	NC_003071.7	86.448	487	44	2	16	480	19172669	19172183	8.49e-145	514
NC_003075.7:15441651-15442210	NC_003071.7	89.352	216	15	2	17	225	9433091	9433305	9.44e-70	265
NC_003075.7:15441651-15442210	NC_003071.7	83.883	273	39	4	290	560	9433300	9433569	5.68e-67	255
NC_003075.7:15441651-15442210	NC_003071.7	85.841	226	25	5	340	560	1038272	1038049	2.66e-60	233
NC_003075.7:15441651-15442210	NC_003071.7	84.388	237	20	8	341	560	1383789	1383553	2.68e-55	217
NC_003075.7:15441651-15442210	NC_003071.7	87.861	173	12	5	389	560	8907832	8907996	1.26e-48	195
NC_003075.7:15441651-15442210	NC_003071.7	87.671	146	17	1	415	560	9311474	9311618	7.61e-41	169
NC_003075.7:15441651-15442210	NC_003071.7	86.260	131	15	2	430	560	3212452	3212325	5.97e-32	139
NC_003075.7:15441651-15442210	NC_003071.7	86.260	131	15	2	430	560	11285242	11285115	5.97e-32	139
NC_003075.7:15441651-15442210	NC_003071.7	92.553	94	6	1	15	107	825442	825535	2.78e-30	134
NC_003075.7:15441651-15442210	NC_003071.7	85.385	130	16	2	431	560	6663995	6664121	9.99e-30	132
NC_003075.7:15441651-15442210	NC_003071.7	85.385	130	15	4	431	560	7112803	7112928	9.99e-30	132
NC_003075.7:15441651-15442210	NC_003071.7	82.812	128	17	4	434	560	4024867	4024990	4.68e-23	110
NC_003075.7:15441651-15442210	NC_003071.7	90.361	83	7	1	478	560	9585274	9585355	1.68e-22	108
NC_003075.7:15441651-15442210	NC_003071.7	90.123	81	6	2	478	558	10070180	10070102	2.18e-21	104
NC_003075.7:15441651-15442210	NC_003071.7	100.000	40	0	0	340	379	7351291	7351330	1.71e-12	75.0
NC_003075.7:15441651-15442210	NC_003071.7	87.500	48	5	1	513	560	7177636	7177590	2.22e-06	54.7
NC_003075.7:15441651-15442210	NC_003074.8	96.514	545	17	2	17	560	11132202	11132745	0.0	900
NC_003075.7:15441651-15442210	NC_003074.8	95.977	522	17	4	17	538	423197	422680	0.0	845
NC_003075.7:15441651-15442210	NC_003074.8	89.068	558	46	6	11	560	11315001	11315551	0.0	678
NC_003075.7:15441651-15442210	NC_003074.8	87.986	566	48	3	15	560	10405394	10405959	0.0	651
NC_003075.7:15441651-15442210	NC_003074.8	87.831	567	43	12	16	560	16485870	16485308	0.0	641
NC_003075.7:15441651-15442210	NC_003074.8	87.348	577	51	7	3	560	23085517	23086090	0.0	641
NC_003075.7:15441651-15442210	NC_003074.8	87.346	569	49	12	15	560	3080593	3080025	8.08e-180	630
NC_003075.7:15441651-15442210	NC_003074.8	86.888	572	52	6	10	560	11091009	11090440	1.75e-176	619
NC_003075.7:15441651-15442210	NC_003074.8	87.050	556	59	4	17	560	10708625	10709179	2.26e-175	616
NC_003075.7:15441651-15442210	NC_003074.8	86.458	576	52	9	9	560	5865856	5866429	3.79e-173	608
NC_003075.7:15441651-15442210	NC_003074.8	86.964	560	50	9	23	560	16723678	16723120	3.79e-173	608
NC_003075.7:15441651-15442210	NC_003074.8	86.549	565	56	3	16	560	14057123	14057687	4.90e-172	604
NC_003075.7:15441651-15442210	NC_003074.8	86.435	575	43	11	19	560	6729497	6728925	8.20e-170	597
NC_003075.7:15441651-15442210	NC_003074.8	85.790	563	68	6	8	560	10718354	10717794	1.77e-166	586
NC_003075.7:15441651-15442210	NC_003074.8	86.018	565	57	5	17	560	19436871	19437434	1.77e-166	586
NC_003075.7:15441651-15442210	NC_003074.8	86.257	553	56	11	17	560	4584756	4585297	2.29e-165	582
NC_003075.7:15441651-15442210	NC_003074.8	85.838	579	47	6	17	560	10758580	10758002	2.29e-165	582
NC_003075.7:15441651-15442210	NC_003074.8	85.996	557	60	7	17	560	17402552	17402001	8.25e-165	580
NC_003075.7:15441651-15442210	NC_003074.8	85.842	558	64	6	17	560	16405196	16405752	2.97e-164	579
NC_003075.7:15441651-15442210	NC_003074.8	85.889	574	43	5	9	560	7980640	7980083	1.07e-163	577
NC_003075.7:15441651-15442210	NC_003074.8	85.637	557	66	6	17	560	7766062	7766617	1.38e-162	573
NC_003075.7:15441651-15442210	NC_003074.8	85.895	553	54	8	29	560	18634492	18633943	6.43e-161	568
NC_003075.7:15441651-15442210	NC_003074.8	85.059	589	44	18	14	560	19739754	19740340	1.08e-158	560
NC_003075.7:15441651-15442210	NC_003074.8	92.204	372	24	3	193	560	16235030	16234660	5.07e-147	521
NC_003075.7:15441651-15442210	NC_003074.8	83.447	586	59	12	1	560	21552674	21552101	1.10e-143	510
NC_003075.7:15441651-15442210	NC_003074.8	89.867	375	30	2	17	384	4579237	4579610	4.01e-133	475
NC_003075.7:15441651-15442210	NC_003074.8	93.220	177	12	0	150	326	18887435	18887259	1.22e-68	261
NC_003075.7:15441651-15442210	NC_003074.8	87.931	174	20	1	388	560	8645166	8645339	2.09e-51	204
NC_003075.7:15441651-15442210	NC_003074.8	88.439	173	10	6	389	560	10681555	10681392	2.70e-50	200
NC_003075.7:15441651-15442210	NC_003074.8	87.970	133	7	7	431	560	13328456	13328582	9.92e-35	148
NC_003075.7:15441651-15442210	NC_003074.8	87.597	129	13	2	432	560	18019802	18019927	3.57e-34	147
NC_003075.7:15441651-15442210	NC_003074.8	86.719	128	14	2	433	560	17061510	17061386	5.97e-32	139
NC_003075.7:15441651-15442210	NC_003074.8	86.614	127	14	2	434	560	1572003	1572126	2.15e-31	137
NC_003075.7:15441651-15442210	NC_003074.8	86.154	130	15	2	431	560	17142573	17142447	2.15e-31	137
NC_003075.7:15441651-15442210	NC_003074.8	84.733	131	17	2	430	560	3966020	3966147	1.29e-28	128
NC_003075.7:15441651-15442210	NC_003074.8	85.156	128	15	3	434	560	17299274	17299150	1.29e-28	128
NC_003075.7:15441651-15442210	NC_003074.8	84.615	130	16	3	431	560	17275868	17275743	4.65e-28	126
NC_003075.7:15441651-15442210	NC_003074.8	83.969	131	16	4	431	560	16563461	16563587	2.16e-26	121
NC_003075.7:15441651-15442210	NC_003074.8	83.077	130	19	3	431	560	10574477	10574351	1.01e-24	115
NC_003075.7:15441651-15442210	NC_003074.8	83.898	118	15	4	442	558	4579590	4579704	4.68e-23	110
NC_003075.7:15441651-15442210	NC_003074.8	82.500	120	18	3	441	560	10321325	10321441	7.83e-21	102
NC_003075.7:15441651-15442210	NC_003074.8	87.654	81	8	2	140	220	16235639	16235561	4.71e-18	93.5
NC_003075.7:15441651-15442210	NC_003074.8	89.130	46	5	0	515	560	4274975	4274930	1.72e-07	58.4
NC_003075.7:15441651-15442210	NC_003070.9	92.769	567	20	1	15	560	24718472	24719038	0.0	800
NC_003075.7:15441651-15442210	NC_003070.9	88.163	566	42	7	17	560	23125693	23125131	0.0	651
NC_003075.7:15441651-15442210	NC_003070.9	88.321	548	41	4	36	560	25779690	25780237	0.0	636
NC_003075.7:15441651-15442210	NC_003070.9	87.611	565	46	7	17	560	12097456	12098017	0.0	634
NC_003075.7:15441651-15442210	NC_003070.9	87.253	557	58	5	17	560	27240719	27241275	1.35e-177	623
NC_003075.7:15441651-15442210	NC_003070.9	87.302	567	43	10	15	560	26511228	26510670	4.86e-177	621
NC_003075.7:15441651-15442210	NC_003070.9	86.842	570	52	9	13	560	5862944	5863512	2.26e-175	616
NC_003075.7:15441651-15442210	NC_003070.9	86.957	552	62	4	17	560	5899755	5899206	2.93e-174	612
NC_003075.7:15441651-15442210	NC_003070.9	86.796	568	51	7	17	560	13495989	13495422	2.93e-174	612
NC_003075.7:15441651-15442210	NC_003070.9	86.980	553	56	7	17	560	22192007	22192552	3.79e-173	608
NC_003075.7:15441651-15442210	NC_003070.9	86.980	553	56	8	16	560	29244141	29244685	3.79e-173	608
NC_003075.7:15441651-15442210	NC_003070.9	86.918	558	52	9	17	560	4770665	4770115	1.36e-172	606
NC_003075.7:15441651-15442210	NC_003070.9	86.396	566	55	6	17	560	21739641	21739076	2.28e-170	599
NC_003075.7:15441651-15442210	NC_003070.9	86.404	559	57	7	15	560	21918432	21918984	1.06e-168	593
NC_003075.7:15441651-15442210	NC_003070.9	86.135	577	46	13	18	560	17502231	17502807	3.81e-168	592
NC_003075.7:15441651-15442210	NC_003070.9	86.076	553	67	7	17	560	20205905	20205354	1.77e-166	586
NC_003075.7:15441651-15442210	NC_003070.9	86.243	567	40	9	16	560	19769023	19769573	8.25e-165	580
NC_003075.7:15441651-15442210	NC_003070.9	85.817	557	66	5	16	560	16401004	16400449	2.97e-164	579
NC_003075.7:15441651-15442210	NC_003070.9	85.340	573	67	8	1	560	541001	540433	1.07e-163	577
NC_003075.7:15441651-15442210	NC_003070.9	85.637	557	66	6	17	560	26880721	26881276	1.38e-162	573
NC_003075.7:15441651-15442210	NC_003070.9	85.540	574	51	22	17	560	13869873	13870444	4.97e-162	571
NC_003075.7:15441651-15442210	NC_003070.9	86.201	558	38	17	16	538	6219141	6218588	6.43e-161	568
NC_003075.7:15441651-15442210	NC_003070.9	85.062	569	66	11	7	560	10591992	10591428	2.99e-159	562
NC_003075.7:15441651-15442210	NC_003070.9	85.689	566	42	9	17	560	10021962	10021414	1.08e-158	560
NC_003075.7:15441651-15442210	NC_003070.9	87.860	486	43	9	84	558	10930990	10931470	1.39e-157	556
NC_003075.7:15441651-15442210	NC_003070.9	84.982	566	48	12	17	560	11804094	11803544	1.40e-152	540
NC_003075.7:15441651-15442210	NC_003070.9	85.118	551	55	10	17	558	10853200	10852668	5.04e-152	538
NC_003075.7:15441651-15442210	NC_003070.9	85.448	536	54	13	17	530	588027	587494	1.81e-151	536
NC_003075.7:15441651-15442210	NC_003070.9	84.183	569	66	11	14	560	13811469	13810903	8.43e-150	531
NC_003075.7:15441651-15442210	NC_003070.9	84.954	545	57	14	15	537	4582996	4583537	3.03e-149	529
NC_003075.7:15441651-15442210	NC_003070.9	84.359	569	50	15	15	560	28891932	28891380	5.07e-147	521
NC_003075.7:15441651-15442210	NC_003070.9	83.831	569	54	12	16	560	11732351	11732905	1.42e-142	507
NC_003075.7:15441651-15442210	NC_003070.9	82.904	544	50	19	15	538	2986894	2986374	2.43e-125	449
NC_003075.7:15441651-15442210	NC_003070.9	88.533	375	35	1	18	384	2587832	2587458	8.73e-125	448
NC_003075.7:15441651-15442210	NC_003070.9	84.979	233	28	1	15	240	12240503	12240735	3.44e-59	230
NC_003075.7:15441651-15442210	NC_003070.9	83.333	234	35	3	330	560	2473131	2472899	3.47e-54	213
NC_003075.7:15441651-15442210	NC_003070.9	88.439	173	18	2	389	560	9918624	9918453	1.61e-52	207
NC_003075.7:15441651-15442210	NC_003070.9	83.333	240	20	9	340	560	20514335	20514573	2.09e-51	204
NC_003075.7:15441651-15442210	NC_003070.9	86.782	174	19	4	389	560	20166842	20166671	1.63e-47	191
NC_003075.7:15441651-15442210	NC_003070.9	85.263	190	21	7	375	560	20559786	20559600	5.85e-47	189
NC_003075.7:15441651-15442210	NC_003070.9	86.705	173	14	5	389	560	16858796	16858632	2.72e-45	183
NC_003075.7:15441651-15442210	NC_003070.9	82.902	193	20	8	340	519	14013607	14013415	1.27e-38	161
NC_003075.7:15441651-15442210	NC_003070.9	85.938	128	15	2	433	560	16327179	16327303	2.78e-30	134
NC_003075.7:15441651-15442210	NC_003070.9	85.938	128	15	2	433	560	16826246	16826370	2.78e-30	134
NC_003075.7:15441651-15442210	NC_003070.9	85.938	128	15	2	433	560	19465214	19465090	2.78e-30	134
NC_003075.7:15441651-15442210	NC_003070.9	85.385	130	15	3	431	560	8489539	8489414	9.99e-30	132
NC_003075.7:15441651-15442210	NC_003070.9	85.385	130	15	3	431	560	23553916	23553791	9.99e-30	132
NC_003075.7:15441651-15442210	NC_003070.9	85.156	128	16	2	433	560	12562353	12562229	1.29e-28	128
NC_003075.7:15441651-15442210	NC_003070.9	85.156	128	15	3	434	560	22992056	22991932	1.29e-28	128
NC_003075.7:15441651-15442210	NC_003070.9	84.615	130	17	2	431	560	19064466	19064592	4.65e-28	126
NC_003075.7:15441651-15442210	NC_003070.9	84.615	130	15	4	431	560	11701603	11701727	1.67e-27	124
NC_003075.7:15441651-15442210	NC_003070.9	84.496	129	15	4	431	558	9865470	9865346	6.01e-27	122
NC_003075.7:15441651-15442210	NC_003070.9	84.375	128	16	4	434	560	12328051	12327927	6.01e-27	122
NC_003075.7:15441651-15442210	NC_003070.9	84.800	125	15	3	436	560	13015971	13015851	6.01e-27	122
NC_003075.7:15441651-15442210	NC_003070.9	83.969	131	17	3	430	560	14308890	14308764	6.01e-27	122
NC_003075.7:15441651-15442210	NC_003070.9	84.375	128	16	3	434	560	22620714	22620590	6.01e-27	122
NC_003075.7:15441651-15442210	NC_003070.9	84.375	128	16	3	434	560	30251102	30250978	6.01e-27	122
NC_003075.7:15441651-15442210	NC_003070.9	83.969	131	16	4	431	560	7037164	7037290	2.16e-26	121
NC_003075.7:15441651-15442210	NC_003070.9	83.969	131	16	4	431	560	18792738	18792864	2.16e-26	121
NC_003075.7:15441651-15442210	NC_003070.9	83.846	130	17	3	431	560	22451880	22452005	2.16e-26	121
NC_003075.7:15441651-15442210	NC_003070.9	83.721	129	15	5	433	560	25962588	25962465	2.80e-25	117
NC_003075.7:15441651-15442210	NC_003070.9	100.000	28	0	0	533	560	21103382	21103355	8.00e-06	52.8
NC_003075.7:15816039-15816687	NC_003075.7	100.000	649	0	0	1	649	15816687	15816039	0.0	1199
NC_003075.7:15816039-15816687	NC_003075.7	90.469	640	49	8	1	633	6506269	6505635	0.0	833
NC_003075.7:15816039-15816687	NC_003075.7	90.000	640	52	8	1	633	8837147	8836513	0.0	817
NC_003075.7:15816039-15816687	NC_003075.7	87.883	652	58	13	1	633	9283767	9284416	0.0	747
NC_003075.7:15816039-15816687	NC_003075.7	85.781	647	47	17	19	645	6173478	6172857	0.0	643
NC_003075.7:15816039-15816687	NC_003075.7	84.317	644	85	13	1	638	9368715	9369348	2.64e-175	616
NC_003075.7:15816039-15816687	NC_003075.7	86.230	305	40	2	1	305	6339152	6339454	3.85e-89	329
NC_003075.7:15816039-15816687	NC_003075.7	90.840	131	12	0	1	131	9079468	9079338	5.31e-43	176
NC_003075.7:15816039-15816687	NC_003075.7	90.400	125	12	0	1	125	6140445	6140569	1.15e-39	165
NC_003075.7:15816039-15816687	NC_003075.7	92.593	54	4	0	1	54	5280339	5280286	1.54e-13	78.7
NC_003075.7:15816039-15816687	NC_003075.7	90.741	54	5	0	1	54	18426669	18426616	7.17e-12	73.1
NC_003075.7:15816039-15816687	NC_003075.7	81.111	90	15	2	1	88	11224159	11224248	2.58e-11	71.3
NC_003075.7:15816039-15816687	NC_003075.7	88.889	54	6	0	1	54	5604459	5604512	3.33e-10	67.6
NC_003075.7:15816039-15816687	NC_003075.7	88.889	54	6	0	1	54	6157519	6157572	3.33e-10	67.6
NC_003075.7:15816039-15816687	NC_003070.9	97.310	632	16	1	1	631	11987777	11988408	0.0	1072
NC_003075.7:15816039-15816687	NC_003070.9	89.671	639	49	5	2	637	13624552	13623928	0.0	798
NC_003075.7:15816039-15816687	NC_003070.9	88.515	653	54	13	1	634	10597666	10598316	0.0	771
NC_003075.7:15816039-15816687	NC_003070.9	88.594	640	54	9	1	634	26551573	26552199	0.0	760
NC_003075.7:15816039-15816687	NC_003070.9	87.557	659	57	4	1	634	22828616	22829274	0.0	739
NC_003075.7:15816039-15816687	NC_003070.9	86.909	634	62	2	1	634	6074884	6075496	0.0	691
NC_003075.7:15816039-15816687	NC_003070.9	85.271	645	56	16	1	643	21428756	21428149	3.39e-179	628
NC_003075.7:15816039-15816687	NC_003070.9	82.759	638	78	23	1	634	9862694	9863303	1.63e-152	540
NC_003075.7:15816039-15816687	NC_003070.9	84.200	481	50	10	127	604	5657778	5657321	1.32e-123	444
NC_003075.7:15816039-15816687	NC_003070.9	87.261	314	22	3	8	304	16477700	16478012	4.95e-93	342
NC_003075.7:15816039-15816687	NC_003070.9	92.135	178	12	2	461	637	13346864	13346688	3.08e-65	250
NC_003075.7:15816039-15816687	NC_003070.9	88.889	54	6	0	1	54	19054421	19054474	3.33e-10	67.6
NC_003075.7:15816039-15816687	NC_003070.9	96.970	33	1	0	1	33	9138319	9138287	7.22e-07	56.5
NC_003075.7:15816039-15816687	NC_003076.8	94.795	634	30	3	1	633	18919592	18920223	0.0	985
NC_003075.7:15816039-15816687	NC_003076.8	88.262	673	52	10	1	649	13829286	13828617	0.0	780
NC_003075.7:15816039-15816687	NC_003076.8	85.100	651	54	23	1	631	15791105	15791732	4.39e-178	625
NC_003075.7:15816039-15816687	NC_003076.8	92.211	398	29	2	238	634	14956468	14956072	3.49e-159	562
NC_003075.7:15816039-15816687	NC_003076.8	82.902	579	50	18	1	556	12547098	12547650	4.67e-133	475
NC_003075.7:15816039-15816687	NC_003076.8	80.738	623	62	36	1	593	14994461	14995055	2.85e-120	433
NC_003075.7:15816039-15816687	NC_003076.8	83.471	484	52	11	127	609	7644086	7644542	4.77e-118	425
NC_003075.7:15816039-15816687	NC_003076.8	86.230	305	40	2	1	305	22620858	22621160	3.85e-89	329
NC_003075.7:15816039-15816687	NC_003076.8	93.590	78	4	1	433	509	13905734	13905811	1.17e-24	115
NC_003075.7:15816039-15816687	NC_003076.8	92.593	54	4	0	1	54	3903105	3903158	1.54e-13	78.7
NC_003075.7:15816039-15816687	NC_003076.8	92.593	54	4	0	1	54	9616973	9616920	1.54e-13	78.7
NC_003075.7:15816039-15816687	NC_003076.8	92.593	54	4	0	1	54	10271034	10270981	1.54e-13	78.7
NC_003075.7:15816039-15816687	NC_003076.8	82.222	90	14	2	1	88	10369950	10370039	5.54e-13	76.8
NC_003075.7:15816039-15816687	NC_003076.8	92.453	53	4	0	1	53	11641110	11641058	5.54e-13	76.8
NC_003075.7:15816039-15816687	NC_003076.8	90.741	54	5	0	1	54	18554907	18554960	7.17e-12	73.1
NC_003075.7:15816039-15816687	NC_003076.8	85.455	55	6	2	1	54	17360102	17360049	7.22e-07	56.5
NC_003075.7:15816039-15816687	NC_003074.8	93.002	643	39	4	5	641	10049547	10048905	0.0	933
NC_003075.7:15816039-15816687	NC_003074.8	88.889	639	61	6	1	633	22215960	22215326	0.0	778
NC_003075.7:15816039-15816687	NC_003074.8	91.897	506	37	2	1	502	14127409	14127914	0.0	704
NC_003075.7:15816039-15816687	NC_003074.8	91.897	506	37	2	1	502	14142998	14143503	0.0	704
NC_003075.7:15816039-15816687	NC_003074.8	87.793	598	58	8	1	597	16267222	16266639	0.0	686
NC_003075.7:15816039-15816687	NC_003074.8	83.019	636	79	20	1	633	13823340	13823949	2.72e-155	549
NC_003075.7:15816039-15816687	NC_003074.8	82.488	651	68	18	1	634	10825142	10825763	3.54e-149	529
NC_003075.7:15816039-15816687	NC_003074.8	79.937	633	85	24	1	625	17150761	17150163	1.33e-118	427
NC_003075.7:15816039-15816687	NC_003074.8	87.179	234	25	5	1	232	8492130	8491900	1.42e-68	261
NC_003075.7:15816039-15816687	NC_003074.8	93.458	107	5	2	528	634	14157948	14158052	1.92e-37	158
NC_003075.7:15816039-15816687	NC_003074.8	77.901	181	35	4	1	179	10201567	10201390	1.96e-22	108
NC_003075.7:15816039-15816687	NC_003074.8	81.111	90	15	2	1	88	12061957	12062046	2.58e-11	71.3
NC_003075.7:15816039-15816687	NC_003074.8	82.857	70	10	2	1	69	14559080	14559148	1.55e-08	62.1
NC_003075.7:15816039-15816687	NC_003074.8	96.970	33	1	0	1	33	15874737	15874705	7.22e-07	56.5
NC_003075.7:15816039-15816687	NC_003071.7	89.587	653	48	13	1	634	2297111	2297762	0.0	811
NC_003075.7:15816039-15816687	NC_003071.7	88.092	655	54	14	1	633	2241232	2240580	0.0	756
NC_003075.7:15816039-15816687	NC_003071.7	87.097	651	60	14	1	633	3598086	3598730	0.0	715
NC_003075.7:15816039-15816687	NC_003071.7	86.565	655	61	17	2	634	4471815	4472464	0.0	697
NC_003075.7:15816039-15816687	NC_003071.7	86.656	637	57	14	1	633	3191789	3191177	0.0	680
NC_003075.7:15816039-15816687	NC_003071.7	88.949	552	33	8	1	548	10256048	10255521	0.0	656
NC_003075.7:15816039-15816687	NC_003071.7	84.569	661	72	19	1	634	1281523	1280866	3.39e-179	628
NC_003075.7:15816039-15816687	NC_003071.7	86.856	563	52	5	1	543	2961261	2961821	1.23e-173	610
NC_003075.7:15816039-15816687	NC_003071.7	88.314	522	35	10	5	502	8078202	8077683	2.06e-171	603
NC_003075.7:15816039-15816687	NC_003071.7	84.496	645	57	7	1	603	6288838	6288195	9.56e-170	597
NC_003075.7:15816039-15816687	NC_003071.7	81.250	640	83	25	1	636	6629874	6629268	2.79e-135	483
NC_003075.7:15816039-15816687	NC_003071.7	92.405	158	11	1	1	158	1076408	1076252	1.87e-57	224
NC_003075.7:15816039-15816687	NC_003071.7	94.444	54	3	0	1	54	8236261	8236314	3.31e-15	84.2
NC_003075.7:15816039-15816687	NC_003071.7	90.741	54	5	0	1	54	1988687	1988740	7.17e-12	73.1
NC_003075.7:15816039-15816687	NC_003071.7	90.741	54	5	0	1	54	2139932	2139879	7.17e-12	73.1
NC_003075.7:14390262-14390988	NC_003075.7	100.000	727	0	0	1	727	14390988	14390262	0.0	1343
NC_003075.7:14390262-14390988	NC_003075.7	92.308	533	27	10	206	727	5539846	5539317	0.0	745
NC_003075.7:14390262-14390988	NC_003075.7	91.932	533	26	13	206	727	1351130	1351656	0.0	730
NC_003075.7:14390262-14390988	NC_003075.7	91.902	531	30	9	206	727	11192801	11192275	0.0	730
NC_003075.7:14390262-14390988	NC_003075.7	91.541	532	32	7	206	727	8065176	8065704	0.0	721
NC_003075.7:14390262-14390988	NC_003075.7	91.353	532	31	11	206	727	683832	684358	0.0	713
NC_003075.7:14390262-14390988	NC_003075.7	90.977	532	35	9	206	727	16863791	16863263	0.0	704
NC_003075.7:14390262-14390988	NC_003075.7	90.807	533	34	9	206	727	4147654	4148182	0.0	699
NC_003075.7:14390262-14390988	NC_003075.7	90.789	532	36	9	206	727	10395877	10395349	0.0	699
NC_003075.7:14390262-14390988	NC_003075.7	90.789	532	36	9	206	727	11362417	11362945	0.0	699
NC_003075.7:14390262-14390988	NC_003075.7	90.619	533	34	12	206	727	371315	370788	0.0	693
NC_003075.7:14390262-14390988	NC_003075.7	90.019	531	38	10	206	727	8728925	8728401	0.0	673
NC_003075.7:14390262-14390988	NC_003075.7	89.642	531	33	14	206	725	1000441	999922	0.0	656
NC_003075.7:14390262-14390988	NC_003075.7	88.910	532	45	10	206	727	6165693	6165166	0.0	643
NC_003075.7:14390262-14390988	NC_003075.7	92.353	340	21	4	206	544	964741	964406	4.07e-134	479
NC_003075.7:14390262-14390988	NC_003075.7	87.634	372	32	12	333	699	7853284	7852922	2.50e-116	420
NC_003075.7:14390262-14390988	NC_003075.7	93.500	200	12	1	1	199	372086	371887	4.39e-79	296
NC_003075.7:14390262-14390988	NC_003075.7	93.500	200	12	1	1	199	6166464	6166265	4.39e-79	296
NC_003075.7:14390262-14390988	NC_003075.7	93.401	197	10	2	5	199	11193566	11193371	7.35e-77	289
NC_003075.7:14390262-14390988	NC_003075.7	92.000	200	15	1	1	199	965799	965600	4.43e-74	279
NC_003075.7:14390262-14390988	NC_003075.7	92.000	200	9	2	1	199	8802132	8802325	2.06e-72	274
NC_003075.7:14390262-14390988	NC_003075.7	75.472	530	85	29	206	725	7593649	7593155	3.52e-55	217
NC_003075.7:14390262-14390988	NC_003075.7	93.939	132	5	3	1	130	2520884	2521014	4.59e-49	196
NC_003075.7:14390262-14390988	NC_003075.7	77.165	254	49	9	389	637	7572520	7572769	7.84e-32	139
NC_003075.7:14390262-14390988	NC_003075.7	72.961	466	90	24	241	694	2262877	2262436	4.72e-29	130
NC_003075.7:14390262-14390988	NC_003075.7	78.534	191	33	8	450	637	12335548	12335733	1.02e-25	119
NC_003075.7:14390262-14390988	NC_003075.7	91.566	83	7	0	1	83	5541389	5541307	1.32e-24	115
NC_003075.7:14390262-14390988	NC_003075.7	91.463	82	5	2	1	81	4146126	4146206	1.71e-23	111
NC_003075.7:14390262-14390988	NC_003075.7	91.358	81	7	0	1	81	8063577	8063657	1.71e-23	111
NC_003075.7:14390262-14390988	NC_003075.7	90.123	81	8	0	1	81	1002007	1001927	7.95e-22	106
NC_003075.7:14390262-14390988	NC_003075.7	90.123	81	8	0	1	81	7853533	7853453	7.95e-22	106
NC_003075.7:14390262-14390988	NC_003075.7	90.123	81	8	0	1	81	11360870	11360950	7.95e-22	106
NC_003075.7:14390262-14390988	NC_003075.7	90.123	81	8	0	1	81	16865070	16864990	7.95e-22	106
NC_003075.7:14390262-14390988	NC_003075.7	88.889	81	9	0	1	81	8730453	8730373	3.70e-20	100
NC_003075.7:14390262-14390988	NC_003075.7	88.889	81	9	0	1	81	9842608	9842528	3.70e-20	100
NC_003075.7:14390262-14390988	NC_003075.7	87.654	81	10	0	1	81	314269	314189	1.72e-18	95.3
NC_003075.7:14390262-14390988	NC_003075.7	87.654	81	10	0	1	81	5354114	5354194	1.72e-18	95.3
NC_003075.7:14390262-14390988	NC_003075.7	84.466	103	9	7	1	100	6178448	6178546	1.72e-18	95.3
NC_003075.7:14390262-14390988	NC_003075.7	87.654	81	10	0	1	81	9763814	9763734	1.72e-18	95.3
NC_003075.7:14390262-14390988	NC_003075.7	84.375	96	12	3	635	727	15441746	15441651	2.23e-17	91.6
NC_003075.7:14390262-14390988	NC_003075.7	86.585	82	10	1	1	81	7060698	7060617	8.01e-17	89.8
NC_003075.7:14390262-14390988	NC_003075.7	79.032	124	20	6	608	727	963984	963863	4.82e-14	80.5
NC_003075.7:14390262-14390988	NC_003075.7	100.000	42	0	0	158	199	5540448	5540407	1.73e-13	78.7
NC_003075.7:14390262-14390988	NC_003075.7	85.185	81	6	1	1	81	6279022	6279096	1.73e-13	78.7
NC_003075.7:14390262-14390988	NC_003075.7	100.000	42	0	0	158	199	8064563	8064604	1.73e-13	78.7
NC_003075.7:14390262-14390988	NC_003075.7	95.745	47	1	1	158	204	8729528	8729483	2.24e-12	75.0
NC_003075.7:14390262-14390988	NC_003075.7	97.619	42	1	0	158	199	1001051	1001010	8.06e-12	73.1
NC_003075.7:14390262-14390988	NC_003075.7	97.619	42	1	0	158	199	10396429	10396388	8.06e-12	73.1
NC_003075.7:14390262-14390988	NC_003075.7	91.667	48	3	1	681	727	3359187	3359234	1.35e-09	65.8
NC_003075.7:14390262-14390988	NC_003070.9	85.509	766	52	29	1	727	18790103	18790848	0.0	745
NC_003075.7:14390262-14390988	NC_003070.9	92.075	530	29	9	208	727	15940652	15941178	0.0	734
NC_003075.7:14390262-14390988	NC_003070.9	91.714	531	32	9	206	727	19064065	19064592	0.0	726
NC_003075.7:14390262-14390988	NC_003070.9	91.729	532	31	9	206	727	19768518	19767990	0.0	726
NC_003075.7:14390262-14390988	NC_003070.9	91.698	530	32	8	206	727	23876743	23877268	0.0	725
NC_003075.7:14390262-14390988	NC_003070.9	91.714	531	28	9	206	727	13060373	13060896	0.0	723
NC_003075.7:14390262-14390988	NC_003070.9	91.525	531	30	11	206	727	17901418	17901942	0.0	717
NC_003075.7:14390262-14390988	NC_003070.9	91.321	530	35	8	206	727	22451479	22452005	0.0	713
NC_003075.7:14390262-14390988	NC_003070.9	91.165	532	33	10	206	727	7036763	7037290	0.0	710
NC_003075.7:14390262-14390988	NC_003070.9	91.321	530	30	12	206	725	9865869	9865346	0.0	710
NC_003075.7:14390262-14390988	NC_003070.9	91.132	530	36	8	206	727	18792338	18792864	0.0	708
NC_003075.7:14390262-14390988	NC_003070.9	91.132	530	35	9	206	727	28161797	28162322	0.0	708
NC_003075.7:14390262-14390988	NC_003070.9	91.065	526	32	12	209	727	3414323	3414840	0.0	697
NC_003075.7:14390262-14390988	NC_003070.9	91.154	520	35	8	216	727	499889	499373	0.0	695
NC_003075.7:14390262-14390988	NC_003070.9	90.619	533	34	12	206	727	8489941	8489414	0.0	693
NC_003075.7:14390262-14390988	NC_003070.9	90.602	532	34	11	206	727	11701202	11701727	0.0	691
NC_003075.7:14390262-14390988	NC_003070.9	90.485	536	33	8	207	727	14309296	14308764	0.0	691
NC_003075.7:14390262-14390988	NC_003070.9	90.619	533	32	13	206	727	19994206	19993681	0.0	691
NC_003075.7:14390262-14390988	NC_003070.9	90.414	532	38	9	206	727	4786727	4787255	0.0	688
NC_003075.7:14390262-14390988	NC_003070.9	90.548	529	37	10	208	727	9817750	9818274	0.0	688
NC_003075.7:14390262-14390988	NC_003070.9	91.194	511	31	11	206	705	8116314	8116821	0.0	682
NC_003075.7:14390262-14390988	NC_003070.9	90.286	525	36	13	206	727	13016363	13015851	0.0	673
NC_003075.7:14390262-14390988	NC_003070.9	89.869	533	39	11	206	727	16905336	16905864	0.0	671
NC_003075.7:14390262-14390988	NC_003070.9	89.681	533	35	16	206	727	19327760	19327237	0.0	662
NC_003075.7:14390262-14390988	NC_003070.9	89.118	533	44	10	206	727	25962994	25962465	0.0	651
NC_003075.7:14390262-14390988	NC_003070.9	89.118	533	31	6	206	727	19465606	19465090	0.0	638
NC_003075.7:14390262-14390988	NC_003070.9	88.972	535	30	7	206	727	16326785	16327303	0.0	634
NC_003075.7:14390262-14390988	NC_003070.9	88.910	532	34	9	206	727	12365476	12365992	2.95e-180	632
NC_003075.7:14390262-14390988	NC_003070.9	88.910	532	32	14	206	727	12562743	12562229	1.06e-179	630
NC_003075.7:14390262-14390988	NC_003070.9	88.910	532	32	7	206	727	16825856	16826370	1.06e-179	630
NC_003075.7:14390262-14390988	NC_003070.9	88.368	533	34	10	206	727	23215004	23215519	2.97e-175	616
NC_003075.7:14390262-14390988	NC_003070.9	90.547	402	29	6	333	727	23554190	23553791	1.85e-147	523
NC_003075.7:14390262-14390988	NC_003070.9	93.248	311	15	6	206	514	30253957	30253651	2.46e-126	453
NC_003075.7:14390262-14390988	NC_003070.9	89.668	271	20	6	206	474	11735848	11735584	7.20e-92	339
NC_003075.7:14390262-14390988	NC_003070.9	94.898	196	9	1	5	199	30251764	30251569	7.30e-82	305
NC_003075.7:14390262-14390988	NC_003070.9	93.564	202	10	3	1	199	28161034	28161235	1.22e-79	298
NC_003075.7:14390262-14390988	NC_003070.9	93.878	196	10	2	5	199	12328711	12328517	1.58e-78	294
NC_003075.7:14390262-14390988	NC_003070.9	93.367	196	12	1	5	199	22621377	22621182	7.35e-77	289
NC_003075.7:14390262-14390988	NC_003070.9	92.500	200	12	2	1	199	12876928	12876731	3.42e-75	283
NC_003075.7:14390262-14390988	NC_003070.9	89.686	223	16	2	512	727	30253364	30253142	1.59e-73	278
NC_003075.7:14390262-14390988	NC_003070.9	92.308	195	13	1	5	199	19769829	19769637	5.73e-73	276
NC_003075.7:14390262-14390988	NC_003070.9	90.500	200	18	1	1	199	3413553	3413752	4.46e-69	263
NC_003075.7:14390262-14390988	NC_003070.9	93.243	148	7	2	1	147	16998955	16998810	1.27e-54	215
NC_003075.7:14390262-14390988	NC_003070.9	89.831	118	8	4	611	727	12328041	12327927	1.30e-34	148
NC_003075.7:14390262-14390988	NC_003070.9	89.831	118	8	4	611	727	22992046	22991932	1.30e-34	148
NC_003075.7:14390262-14390988	NC_003070.9	88.983	118	9	4	611	727	22620704	22620590	6.06e-33	143
NC_003075.7:14390262-14390988	NC_003070.9	88.983	118	9	4	611	727	30251092	30250978	6.06e-33	143
NC_003075.7:14390262-14390988	NC_003070.9	90.526	95	7	2	634	727	12875969	12875876	2.19e-27	124
NC_003075.7:14390262-14390988	NC_003070.9	90.526	95	7	2	634	727	16997584	16997491	2.19e-27	124
NC_003075.7:14390262-14390988	NC_003070.9	91.358	81	7	0	1	81	3910601	3910521	1.71e-23	111
NC_003075.7:14390262-14390988	NC_003070.9	91.358	81	7	0	1	81	12330053	12329973	1.71e-23	111
NC_003075.7:14390262-14390988	NC_003070.9	91.358	81	7	0	1	81	16325444	16325524	1.71e-23	111
NC_003075.7:14390262-14390988	NC_003070.9	91.358	81	7	0	1	81	23213666	23213746	1.71e-23	111
NC_003075.7:14390262-14390988	NC_003070.9	91.358	81	7	0	1	81	25963257	25963177	1.71e-23	111
NC_003075.7:14390262-14390988	NC_003070.9	90.244	82	6	2	1	81	4785461	4785541	7.95e-22	106
NC_003075.7:14390262-14390988	NC_003070.9	90.123	81	8	0	1	81	8114770	8114850	7.95e-22	106
NC_003075.7:14390262-14390988	NC_003070.9	88.636	88	8	2	1	86	8490194	8490107	7.95e-22	106
NC_003075.7:14390262-14390988	NC_003070.9	90.123	81	8	0	1	81	9867414	9867334	7.95e-22	106
NC_003075.7:14390262-14390988	NC_003070.9	90.123	81	8	0	1	81	11737393	11737313	7.95e-22	106
NC_003075.7:14390262-14390988	NC_003070.9	90.361	83	5	3	1	82	12364135	12364215	7.95e-22	106
NC_003075.7:14390262-14390988	NC_003070.9	90.244	82	7	1	1	82	16824518	16824598	7.95e-22	106
NC_003075.7:14390262-14390988	NC_003070.9	90.244	82	6	2	1	81	16903800	16903880	7.95e-22	106
NC_003075.7:14390262-14390988	NC_003070.9	90.123	81	8	0	1	81	18790927	18791007	7.95e-22	106
NC_003075.7:14390262-14390988	NC_003070.9	90.123	81	8	0	1	81	19061965	19062045	7.95e-22	106
NC_003075.7:14390262-14390988	NC_003070.9	90.123	81	8	0	1	81	19466949	19466869	7.95e-22	106
NC_003075.7:14390262-14390988	NC_003070.9	89.412	85	7	2	1	84	19724755	19724838	7.95e-22	106
NC_003075.7:14390262-14390988	NC_003070.9	90.123	81	8	0	1	81	19995734	19995654	7.95e-22	106
NC_003075.7:14390262-14390988	NC_003070.9	89.412	85	8	1	1	84	23554439	23554355	7.95e-22	106
NC_003075.7:14390262-14390988	NC_003070.9	90.123	81	8	0	1	81	26171480	26171400	7.95e-22	106
NC_003075.7:14390262-14390988	NC_003070.9	90.123	81	8	0	1	81	30253107	30253027	7.95e-22	106
NC_003075.7:14390262-14390988	NC_003070.9	90.909	77	7	0	5	81	18747044	18746968	2.86e-21	104
NC_003075.7:14390262-14390988	NC_003070.9	86.458	96	9	4	635	727	10021508	10021414	1.03e-20	102
NC_003075.7:14390262-14390988	NC_003070.9	90.789	76	7	0	6	81	17899868	17899943	1.03e-20	102
NC_003075.7:14390262-14390988	NC_003070.9	90.000	80	6	2	1	79	22622305	22622227	1.03e-20	102
NC_003075.7:14390262-14390988	NC_003070.9	89.873	79	7	1	3	81	12564078	12564001	3.70e-20	100
NC_003075.7:14390262-14390988	NC_003070.9	88.889	81	9	0	1	81	12855993	12855913	3.70e-20	100
NC_003075.7:14390262-14390988	NC_003070.9	95.238	63	3	0	1	63	15939323	15939385	3.70e-20	100
NC_003075.7:14390262-14390988	NC_003070.9	88.889	81	9	0	1	81	17552998	17552918	3.70e-20	100
NC_003075.7:14390262-14390988	NC_003070.9	88.889	81	9	0	1	81	19085099	19085179	3.70e-20	100
NC_003075.7:14390262-14390988	NC_003070.9	88.889	81	9	0	1	81	19173802	19173722	3.70e-20	100
NC_003075.7:14390262-14390988	NC_003070.9	88.889	81	8	1	1	81	14299842	14299763	1.33e-19	99.0
NC_003075.7:14390262-14390988	NC_003070.9	81.452	124	17	6	608	727	16858753	16858632	4.78e-19	97.1
NC_003075.7:14390262-14390988	NC_003070.9	87.654	81	10	0	1	81	2235167	2235087	1.72e-18	95.3
NC_003075.7:14390262-14390988	NC_003070.9	87.654	81	10	0	1	81	9816210	9816290	1.72e-18	95.3
NC_003075.7:14390262-14390988	NC_003070.9	81.818	110	16	4	622	727	21739185	21739076	8.01e-17	89.8
NC_003075.7:14390262-14390988	NC_003070.9	83.158	95	14	2	635	727	4770209	4770115	1.04e-15	86.1
NC_003075.7:14390262-14390988	NC_003070.9	79.508	122	19	6	608	725	26307384	26307503	1.34e-14	82.4
NC_003075.7:14390262-14390988	NC_003070.9	88.406	69	6	2	14	81	30255510	30255443	1.34e-14	82.4
NC_003075.7:14390262-14390988	NC_003070.9	100.000	42	0	0	158	199	9817151	9817192	1.73e-13	78.7
NC_003075.7:14390262-14390988	NC_003070.9	100.000	42	0	0	158	199	16904733	16904774	1.73e-13	78.7
NC_003075.7:14390262-14390988	NC_003070.9	100.000	42	0	0	158	199	26170521	26170480	1.73e-13	78.7
NC_003075.7:14390262-14390988	NC_003070.9	100.000	42	0	0	158	199	30254567	30254526	1.73e-13	78.7
NC_003075.7:14390262-14390988	NC_003070.9	82.022	89	14	2	641	727	9918541	9918453	2.24e-12	75.0
NC_003075.7:14390262-14390988	NC_003070.9	95.745	47	1	1	158	204	11736466	11736421	2.24e-12	75.0
NC_003075.7:14390262-14390988	NC_003070.9	95.745	47	1	1	158	204	19994809	19994764	2.24e-12	75.0
NC_003075.7:14390262-14390988	NC_003070.9	97.619	42	1	0	158	199	7036148	7036189	8.06e-12	73.1
NC_003075.7:14390262-14390988	NC_003070.9	97.619	42	1	0	158	199	8115710	8115751	8.06e-12	73.1
NC_003075.7:14390262-14390988	NC_003070.9	97.619	42	1	0	158	199	13016967	13016926	8.06e-12	73.1
NC_003075.7:14390262-14390988	NC_003070.9	93.878	49	1	2	153	199	19063593	19063641	8.06e-12	73.1
NC_003075.7:14390262-14390988	NC_003070.9	89.655	58	4	2	672	727	20166728	20166671	8.06e-12	73.1
NC_003075.7:14390262-14390988	NC_003070.9	90.741	54	5	0	146	199	22450867	22450920	8.06e-12	73.1
NC_003075.7:14390262-14390988	NC_003070.9	91.304	46	4	0	154	199	11700592	11700637	4.85e-09	63.9
NC_003075.7:14390262-14390988	NC_003070.9	84.906	53	8	0	675	727	21103407	21103355	2.92e-06	54.7
NC_003075.7:14390262-14390988	NC_003071.7	92.293	532	28	9	206	727	501532	502060	0.0	743
NC_003075.7:14390262-14390988	NC_003071.7	92.090	531	29	10	206	727	6663595	6664121	0.0	736
NC_003075.7:14390262-14390988	NC_003071.7	91.353	532	31	11	206	727	7112402	7112928	0.0	713
NC_003075.7:14390262-14390988	NC_003071.7	91.165	532	34	9	206	727	6100760	6100232	0.0	710
NC_003075.7:14390262-14390988	NC_003071.7	91.132	530	34	6	207	727	12802569	12803094	0.0	706
NC_003075.7:14390262-14390988	NC_003071.7	90.807	533	34	11	206	727	17253686	17253158	0.0	699
NC_003075.7:14390262-14390988	NC_003071.7	90.772	531	36	10	206	727	13336350	13335824	0.0	697
NC_003075.7:14390262-14390988	NC_003071.7	90.619	533	35	11	206	727	6923819	6923291	0.0	693
NC_003075.7:14390262-14390988	NC_003071.7	90.584	531	34	8	206	725	13907194	13906669	0.0	689
NC_003075.7:14390262-14390988	NC_003071.7	90.414	532	36	11	206	727	395111	394585	0.0	686
NC_003075.7:14390262-14390988	NC_003071.7	90.504	516	38	8	206	714	6803870	6804381	0.0	671
NC_003075.7:14390262-14390988	NC_003071.7	89.869	533	35	14	206	727	3212849	3212325	0.0	667
NC_003075.7:14390262-14390988	NC_003071.7	89.642	531	42	10	206	727	7168756	7168230	0.0	664
NC_003075.7:14390262-14390988	NC_003071.7	89.610	539	33	13	206	727	7961030	7961562	0.0	664
NC_003075.7:14390262-14390988	NC_003071.7	89.681	533	35	14	206	727	13268482	13269005	0.0	662
NC_003075.7:14390262-14390988	NC_003071.7	89.623	530	40	10	206	725	709547	710071	0.0	660
NC_003075.7:14390262-14390988	NC_003071.7	89.474	532	43	10	206	727	7813930	7813402	0.0	660
NC_003075.7:14390262-14390988	NC_003071.7	88.931	533	31	10	206	727	543650	544165	2.95e-180	632
NC_003075.7:14390262-14390988	NC_003071.7	89.697	495	38	10	208	693	12092892	12092402	2.30e-176	619
NC_003075.7:14390262-14390988	NC_003071.7	87.897	504	38	7	206	701	14335126	14335614	6.52e-162	571
NC_003075.7:14390262-14390988	NC_003071.7	92.545	389	22	7	206	591	3564738	3565122	8.50e-156	551
NC_003075.7:14390262-14390988	NC_003071.7	91.667	336	21	6	206	538	11285593	11285262	5.30e-128	459
NC_003075.7:14390262-14390988	NC_003071.7	90.234	256	16	6	450	697	3565124	3565378	5.61e-88	326
NC_003075.7:14390262-14390988	NC_003071.7	88.346	266	24	4	469	727	2962559	2962294	4.36e-84	313
NC_003075.7:14390262-14390988	NC_003071.7	95.000	200	9	1	1	199	3213354	3213155	4.36e-84	313
NC_003075.7:14390262-14390988	NC_003071.7	94.500	200	10	1	1	199	980617	980418	2.03e-82	307
NC_003075.7:14390262-14390988	NC_003071.7	94.472	199	11	0	1	199	7814691	7814493	2.03e-82	307
NC_003075.7:14390262-14390988	NC_003071.7	94.000	200	11	1	1	199	2962805	2962606	9.45e-81	302
NC_003075.7:14390262-14390988	NC_003071.7	94.000	200	11	1	1	199	4024201	4024400	9.45e-81	302
NC_003075.7:14390262-14390988	NC_003071.7	94.388	196	9	2	5	199	3564386	3564580	3.40e-80	300
NC_003075.7:14390262-14390988	NC_003071.7	92.965	199	14	0	1	199	7169524	7169326	2.04e-77	291
NC_003075.7:14390262-14390988	NC_003071.7	92.500	200	13	2	1	199	7111784	7111982	9.51e-76	285
NC_003075.7:14390262-14390988	NC_003071.7	91.960	199	15	1	1	198	6660961	6661159	1.59e-73	278
NC_003075.7:14390262-14390988	NC_003071.7	94.022	184	10	1	17	199	7959807	7959990	1.59e-73	278
NC_003075.7:14390262-14390988	NC_003071.7	90.566	159	8	1	576	727	11285273	11285115	2.74e-51	204
NC_003075.7:14390262-14390988	NC_003071.7	94.624	93	4	1	636	727	4024898	4024990	6.06e-33	143
NC_003075.7:14390262-14390988	NC_003071.7	93.617	94	6	0	634	727	979920	979827	2.18e-32	141
NC_003075.7:14390262-14390988	NC_003071.7	91.358	81	7	0	1	81	13338077	13337997	1.71e-23	111
NC_003075.7:14390262-14390988	NC_003071.7	90.123	81	8	0	1	81	542308	542388	7.95e-22	106
NC_003075.7:14390262-14390988	NC_003071.7	90.123	81	8	0	1	81	1460925	1460845	7.95e-22	106
NC_003075.7:14390262-14390988	NC_003071.7	90.123	81	8	0	1	81	6099530	6099610	7.95e-22	106
NC_003075.7:14390262-14390988	NC_003071.7	90.123	81	8	0	1	81	6925377	6925297	7.95e-22	106
NC_003075.7:14390262-14390988	NC_003071.7	90.123	81	8	0	1	81	11287161	11287081	7.95e-22	106
NC_003075.7:14390262-14390988	NC_003071.7	90.123	81	8	0	1	81	13908721	13908641	7.95e-22	106
NC_003075.7:14390262-14390988	NC_003071.7	86.458	96	9	3	635	727	13102266	13102360	1.03e-20	102
NC_003075.7:14390262-14390988	NC_003071.7	88.889	81	9	0	1	81	6384054	6383974	3.70e-20	100
NC_003075.7:14390262-14390988	NC_003071.7	88.889	81	9	0	1	81	7154736	7154656	3.70e-20	100
NC_003075.7:14390262-14390988	NC_003071.7	89.024	82	8	1	1	81	12094425	12094344	3.70e-20	100
NC_003075.7:14390262-14390988	NC_003071.7	85.417	96	11	3	635	727	1038144	1038049	4.78e-19	97.1
NC_003075.7:14390262-14390988	NC_003071.7	93.750	64	2	2	83	145	6803366	6803428	1.72e-18	95.3
NC_003075.7:14390262-14390988	NC_003071.7	87.654	81	10	0	1	81	11399377	11399297	1.72e-18	95.3
NC_003075.7:14390262-14390988	NC_003071.7	87.654	81	10	0	1	81	14333785	14333865	1.72e-18	95.3
NC_003075.7:14390262-14390988	NC_003071.7	88.608	79	8	1	3	81	19196754	19196677	1.72e-18	95.3
NC_003075.7:14390262-14390988	NC_003071.7	80.645	124	18	6	608	727	8907875	8907996	2.23e-17	91.6
NC_003075.7:14390262-14390988	NC_003071.7	87.500	80	9	1	649	727	9585276	9585355	2.23e-17	91.6
NC_003075.7:14390262-14390988	NC_003071.7	84.375	96	12	3	635	727	19623551	19623646	2.23e-17	91.6
NC_003075.7:14390262-14390988	NC_003071.7	94.737	57	3	0	5	61	13266919	13266975	8.01e-17	89.8
NC_003075.7:14390262-14390988	NC_003071.7	83.000	100	10	6	635	727	15134673	15134772	3.72e-15	84.2
NC_003075.7:14390262-14390988	NC_003071.7	90.164	61	6	0	1	61	707442	707502	4.82e-14	80.5
NC_003075.7:14390262-14390988	NC_003071.7	89.231	65	5	2	664	727	6206658	6206595	4.82e-14	80.5
NC_003075.7:14390262-14390988	NC_003071.7	92.593	54	4	0	146	199	708360	708413	1.73e-13	78.7
NC_003075.7:14390262-14390988	NC_003071.7	100.000	42	0	0	158	199	6924418	6924377	1.73e-13	78.7
NC_003075.7:14390262-14390988	NC_003071.7	100.000	42	0	0	158	199	13267871	13267912	1.73e-13	78.7
NC_003075.7:14390262-14390988	NC_003071.7	100.000	42	0	0	158	199	13907797	13907756	1.73e-13	78.7
NC_003075.7:14390262-14390988	NC_003071.7	81.633	98	12	6	635	727	2139289	2139385	6.23e-13	76.8
NC_003075.7:14390262-14390988	NC_003071.7	97.619	42	1	0	158	199	395714	395673	8.06e-12	73.1
NC_003075.7:14390262-14390988	NC_003071.7	89.655	58	5	1	142	199	13337152	13337096	8.06e-12	73.1
NC_003075.7:14390262-14390988	NC_003071.7	97.561	41	1	0	158	198	12093482	12093442	2.90e-11	71.3
NC_003075.7:14390262-14390988	NC_003071.7	88.136	59	6	1	670	727	7340884	7340942	1.04e-10	69.4
NC_003075.7:14390262-14390988	NC_003071.7	89.583	48	5	0	680	727	7177637	7177590	1.75e-08	62.1
NC_003075.7:14390262-14390988	NC_003071.7	92.683	41	2	1	206	245	4024819	4024859	2.26e-07	58.4
NC_003075.7:14390262-14390988	NC_003076.8	91.917	532	31	9	205	727	15605197	15604669	0.0	734
NC_003075.7:14390262-14390988	NC_003076.8	91.871	529	33	8	206	727	8745150	8744625	0.0	730
NC_003075.7:14390262-14390988	NC_003076.8	91.902	531	30	9	206	727	15042660	15042134	0.0	730
NC_003075.7:14390262-14390988	NC_003076.8	91.729	532	31	9	206	727	7153712	7153184	0.0	726
NC_003075.7:14390262-14390988	NC_003076.8	91.493	529	32	6	208	727	4314342	4314866	0.0	715
NC_003075.7:14390262-14390988	NC_003076.8	91.337	531	33	9	206	727	9963473	9962947	0.0	713
NC_003075.7:14390262-14390988	NC_003076.8	91.165	532	33	10	206	727	16358017	16358544	0.0	710
NC_003075.7:14390262-14390988	NC_003076.8	91.165	532	34	10	206	727	19741043	19740515	0.0	710
NC_003075.7:14390262-14390988	NC_003076.8	91.132	530	36	8	206	727	25905089	25905615	0.0	708
NC_003075.7:14390262-14390988	NC_003076.8	91.115	529	35	8	206	725	24186352	24185827	0.0	706
NC_003075.7:14390262-14390988	NC_003076.8	90.994	533	32	12	206	727	1897103	1896576	0.0	704
NC_003075.7:14390262-14390988	NC_003076.8	90.789	532	35	10	207	727	4780738	4780210	0.0	699
NC_003075.7:14390262-14390988	NC_003076.8	90.720	528	38	5	208	727	5428480	5427956	0.0	693
NC_003075.7:14390262-14390988	NC_003076.8	90.619	533	35	8	205	727	20680843	20680316	0.0	693
NC_003075.7:14390262-14390988	NC_003076.8	90.395	531	38	6	206	727	17366597	17367123	0.0	686
NC_003075.7:14390262-14390988	NC_003076.8	91.633	502	31	7	206	698	18855390	18855889	0.0	684
NC_003075.7:14390262-14390988	NC_003076.8	90.092	545	28	13	206	727	22231493	22230952	0.0	684
NC_003075.7:14390262-14390988	NC_003076.8	90.207	531	41	8	206	727	14081291	14080763	0.0	682
NC_003075.7:14390262-14390988	NC_003076.8	90.226	532	39	7	206	727	24475819	24475291	0.0	682
NC_003075.7:14390262-14390988	NC_003076.8	90.019	531	39	11	206	727	8767278	8767803	0.0	675
NC_003075.7:14390262-14390988	NC_003076.8	89.907	535	38	13	205	727	17777272	17777802	0.0	675
NC_003075.7:14390262-14390988	NC_003076.8	90.543	497	34	5	206	692	5977279	5976786	0.0	645
NC_003075.7:14390262-14390988	NC_003076.8	88.126	539	44	10	208	727	8353738	8353201	1.77e-177	623
NC_003075.7:14390262-14390988	NC_003076.8	89.249	493	40	9	243	727	15576667	15576180	6.43e-172	604
NC_003075.7:14390262-14390988	NC_003076.8	89.271	494	37	12	243	727	21776273	21775787	6.43e-172	604
NC_003075.7:14390262-14390988	NC_003076.8	88.423	501	33	10	235	727	21531425	21531908	1.08e-164	580
NC_003075.7:14390262-14390988	NC_003076.8	90.023	441	33	8	292	727	9134290	9134724	1.41e-158	560
NC_003075.7:14390262-14390988	NC_003076.8	90.802	424	31	7	206	625	14149733	14149314	1.41e-158	560
NC_003075.7:14390262-14390988	NC_003076.8	90.047	422	32	7	314	727	21584595	21584176	6.61e-152	538
NC_003075.7:14390262-14390988	NC_003076.8	91.067	403	25	8	333	727	17796537	17796138	8.56e-151	534
NC_003075.7:14390262-14390988	NC_003076.8	89.247	372	23	14	371	727	25264968	25265337	3.19e-125	449
NC_003075.7:14390262-14390988	NC_003076.8	95.500	200	8	1	1	199	5978053	5977854	9.38e-86	318
NC_003075.7:14390262-14390988	NC_003076.8	94.472	199	10	1	2	199	9591748	9591946	7.30e-82	305
NC_003075.7:14390262-14390988	NC_003076.8	94.898	196	9	1	5	199	20280643	20280448	7.30e-82	305
NC_003075.7:14390262-14390988	NC_003076.8	94.000	200	11	1	1	199	24476591	24476392	9.45e-81	302
NC_003075.7:14390262-14390988	NC_003076.8	93.000	200	13	1	1	199	8354510	8354311	2.04e-77	291
NC_003075.7:14390262-14390988	NC_003076.8	92.537	201	12	2	1	199	15043428	15043229	9.51e-76	285
NC_003075.7:14390262-14390988	NC_003076.8	92.500	200	14	1	1	199	25904732	25904931	9.51e-76	285
NC_003075.7:14390262-14390988	NC_003076.8	92.000	200	15	1	1	199	22232264	22232065	4.43e-74	279
NC_003075.7:14390262-14390988	NC_003076.8	91.500	200	16	1	1	199	9133953	9134152	2.06e-72	274
NC_003075.7:14390262-14390988	NC_003076.8	90.955	199	17	1	1	199	10714424	10714621	3.45e-70	267
NC_003075.7:14390262-14390988	NC_003076.8	88.636	176	12	6	560	727	10715447	10715622	2.12e-52	207
NC_003075.7:14390262-14390988	NC_003076.8	85.906	149	16	4	1	147	13982135	13982280	2.80e-36	154
NC_003075.7:14390262-14390988	NC_003076.8	88.136	118	10	4	611	727	9592422	9592536	2.82e-31	137
NC_003075.7:14390262-14390988	NC_003076.8	91.489	94	8	0	634	727	14143787	14143694	4.72e-29	130
NC_003075.7:14390262-14390988	NC_003076.8	92.593	81	6	0	1	81	14151294	14151214	3.67e-25	117
NC_003075.7:14390262-14390988	NC_003076.8	91.358	81	7	0	1	81	21530089	21530169	1.71e-23	111
NC_003075.7:14390262-14390988	NC_003076.8	86.869	99	9	4	611	708	20279971	20279876	2.21e-22	108
NC_003075.7:14390262-14390988	NC_003076.8	90.123	81	8	0	1	81	1898645	1898565	7.95e-22	106
NC_003075.7:14390262-14390988	NC_003076.8	90.123	81	8	0	1	81	3020196	3020116	7.95e-22	106
NC_003075.7:14390262-14390988	NC_003076.8	90.123	81	8	0	1	81	7154439	7154359	7.95e-22	106
NC_003075.7:14390262-14390988	NC_003076.8	90.123	81	8	0	1	81	8746701	8746621	7.95e-22	106
NC_003075.7:14390262-14390988	NC_003076.8	90.123	81	8	0	1	81	8765709	8765789	7.95e-22	106
NC_003075.7:14390262-14390988	NC_003076.8	90.123	81	8	0	1	81	9559507	9559427	7.95e-22	106
NC_003075.7:14390262-14390988	NC_003076.8	90.123	81	8	0	1	81	9590410	9590490	7.95e-22	106
NC_003075.7:14390262-14390988	NC_003076.8	90.123	81	8	0	1	81	9965017	9964937	7.95e-22	106
NC_003075.7:14390262-14390988	NC_003076.8	90.123	81	8	0	1	81	13918790	13918710	7.95e-22	106
NC_003075.7:14390262-14390988	NC_003076.8	90.123	81	8	0	1	81	14082835	14082755	7.95e-22	106
NC_003075.7:14390262-14390988	NC_003076.8	90.123	81	8	0	1	81	15606601	15606521	7.95e-22	106
NC_003075.7:14390262-14390988	NC_003076.8	90.123	81	8	0	1	81	17796785	17796705	7.95e-22	106
NC_003075.7:14390262-14390988	NC_003076.8	90.123	81	8	0	1	81	18853952	18854032	7.95e-22	106
NC_003075.7:14390262-14390988	NC_003076.8	90.789	76	7	0	6	81	19742612	19742537	1.03e-20	102
NC_003075.7:14390262-14390988	NC_003076.8	88.889	81	9	0	1	81	354140	354220	3.70e-20	100
NC_003075.7:14390262-14390988	NC_003076.8	95.238	63	3	0	1	63	11025336	11025398	3.70e-20	100
NC_003075.7:14390262-14390988	NC_003076.8	88.889	81	9	0	1	81	14761183	14761103	3.70e-20	100
NC_003075.7:14390262-14390988	NC_003076.8	89.157	83	6	3	1	82	17365025	17365105	3.70e-20	100
NC_003075.7:14390262-14390988	NC_003076.8	86.458	96	7	6	611	704	17617227	17617136	3.70e-20	100
NC_003075.7:14390262-14390988	NC_003076.8	88.889	81	9	0	1	81	19931558	19931478	3.70e-20	100
NC_003075.7:14390262-14390988	NC_003076.8	88.889	81	9	0	1	81	20281984	20281904	3.70e-20	100
NC_003075.7:14390262-14390988	NC_003076.8	85.714	98	9	5	635	727	22621275	22621178	1.33e-19	99.0
NC_003075.7:14390262-14390988	NC_003076.8	81.452	124	17	6	608	727	10041933	10041812	4.78e-19	97.1
NC_003075.7:14390262-14390988	NC_003076.8	85.417	96	11	3	635	727	17043806	17043901	4.78e-19	97.1
NC_003075.7:14390262-14390988	NC_003076.8	85.870	92	10	3	639	727	9557750	9557659	1.72e-18	95.3
NC_003075.7:14390262-14390988	NC_003076.8	87.805	82	9	1	1	81	15342696	15342615	1.72e-18	95.3
NC_003075.7:14390262-14390988	NC_003076.8	87.059	85	10	1	644	727	15882682	15882766	1.72e-18	95.3
NC_003075.7:14390262-14390988	NC_003076.8	89.333	75	8	0	7	81	19670807	19670881	1.72e-18	95.3
NC_003075.7:14390262-14390988	NC_003076.8	87.654	81	10	0	1	81	25264511	25264591	1.72e-18	95.3
NC_003075.7:14390262-14390988	NC_003076.8	82.569	109	16	3	622	727	14810717	14810825	6.19e-18	93.5
NC_003075.7:14390262-14390988	NC_003076.8	86.420	81	11	0	1	81	20398218	20398298	8.01e-17	89.8
NC_003075.7:14390262-14390988	NC_003076.8	83.333	96	12	4	635	727	26787200	26787106	1.04e-15	86.1
NC_003075.7:14390262-14390988	NC_003076.8	100.000	42	0	0	158	199	4313474	4313515	1.73e-13	78.7
NC_003075.7:14390262-14390988	NC_003076.8	100.000	42	0	0	158	199	5429094	5429053	1.73e-13	78.7
NC_003075.7:14390262-14390988	NC_003076.8	100.000	42	0	0	158	199	8745759	8745718	1.73e-13	78.7
NC_003075.7:14390262-14390988	NC_003076.8	100.000	42	0	0	158	199	8766666	8766707	1.73e-13	78.7
NC_003075.7:14390262-14390988	NC_003076.8	97.619	42	1	0	158	199	1897707	1897666	8.06e-12	73.1
NC_003075.7:14390262-14390988	NC_003076.8	97.619	42	1	0	158	199	4781290	4781249	8.06e-12	73.1
NC_003075.7:14390262-14390988	NC_003076.8	97.619	42	1	0	158	199	11026281	11026322	8.06e-12	73.1
NC_003075.7:14390262-14390988	NC_003076.8	97.619	42	1	0	158	199	15605660	15605619	8.06e-12	73.1
NC_003075.7:14390262-14390988	NC_003076.8	93.878	49	1	2	153	199	16357408	16357456	8.06e-12	73.1
NC_003075.7:14390262-14390988	NC_003076.8	90.741	54	5	0	146	199	17776658	17776711	8.06e-12	73.1
NC_003075.7:14390262-14390988	NC_003076.8	97.619	42	1	0	158	199	19741654	19741613	8.06e-12	73.1
NC_003075.7:14390262-14390988	NC_003076.8	97.619	42	1	0	158	199	24186959	24186918	8.06e-12	73.1
NC_003075.7:14390262-14390988	NC_003076.8	95.238	42	2	0	158	199	20681453	20681412	3.75e-10	67.6
NC_003075.7:14390262-14390988	NC_003074.8	91.871	529	29	7	206	727	9766878	9766357	0.0	726
NC_003075.7:14390262-14390988	NC_003074.8	91.353	532	33	9	206	727	18019399	18019927	0.0	715
NC_003075.7:14390262-14390988	NC_003074.8	91.321	530	36	7	206	727	18412772	18413299	0.0	715
NC_003075.7:14390262-14390988	NC_003074.8	91.321	530	35	8	206	727	17276269	17275743	0.0	713
NC_003075.7:14390262-14390988	NC_003074.8	91.149	531	33	10	206	727	10556657	10556132	0.0	708
NC_003075.7:14390262-14390988	NC_003074.8	91.255	526	32	11	206	727	16452065	16452580	0.0	704
NC_003075.7:14390262-14390988	NC_003074.8	90.977	532	33	10	206	727	15451981	15451455	0.0	702
NC_003075.7:14390262-14390988	NC_003074.8	90.960	531	33	7	206	727	17142971	17142447	0.0	701
NC_003075.7:14390262-14390988	NC_003074.8	90.909	528	38	7	206	725	17730705	17731230	0.0	701
NC_003075.7:14390262-14390988	NC_003074.8	90.789	532	31	12	206	727	5744366	5743843	0.0	695
NC_003075.7:14390262-14390988	NC_003074.8	90.619	533	36	10	206	727	13328053	13328582	0.0	695
NC_003075.7:14390262-14390988	NC_003074.8	90.737	529	36	9	209	727	16563062	16563587	0.0	693
NC_003075.7:14390262-14390988	NC_003074.8	90.602	532	35	10	206	727	20787921	20788447	0.0	691
NC_003075.7:14390262-14390988	NC_003074.8	90.395	531	35	12	206	727	9384289	9383766	0.0	684
NC_003075.7:14390262-14390988	NC_003074.8	90.432	533	32	9	206	727	17777541	17778065	0.0	684
NC_003075.7:14390262-14390988	NC_003074.8	90.056	533	37	13	206	727	22120130	22120657	0.0	676
NC_003075.7:14390262-14390988	NC_003074.8	89.831	531	39	11	208	727	3965621	3966147	0.0	667
NC_003075.7:14390262-14390988	NC_003074.8	89.827	521	40	9	216	727	10574867	10574351	0.0	656
NC_003075.7:14390262-14390988	NC_003074.8	90.373	509	33	11	206	704	11537375	11537877	0.0	654
NC_003075.7:14390262-14390988	NC_003074.8	89.286	532	31	10	206	727	17061901	17061386	0.0	643
NC_003075.7:14390262-14390988	NC_003074.8	88.658	529	34	7	206	727	15485038	15484529	6.38e-177	621
NC_003075.7:14390262-14390988	NC_003074.8	88.760	516	38	13	206	705	10819874	10819363	1.07e-174	614
NC_003075.7:14390262-14390988	NC_003074.8	92.396	434	28	4	206	637	16419907	16420337	1.07e-174	614
NC_003075.7:14390262-14390988	NC_003074.8	87.778	540	42	17	206	727	15938838	15939371	1.38e-173	610
NC_003075.7:14390262-14390988	NC_003074.8	86.842	532	32	7	206	727	7995332	7994829	1.41e-158	560
NC_003075.7:14390262-14390988	NC_003074.8	92.977	299	18	3	207	504	11503003	11502707	3.21e-120	433
NC_003075.7:14390262-14390988	NC_003074.8	88.850	287	25	4	448	727	11968331	11968617	4.30e-94	346
NC_003075.7:14390262-14390988	NC_003074.8	95.500	200	8	1	1	199	10557346	10557147	9.38e-86	318
NC_003075.7:14390262-14390988	NC_003074.8	94.000	200	11	1	1	199	11503761	11503562	9.45e-81	302
NC_003075.7:14390262-14390988	NC_003074.8	94.000	200	11	1	1	199	13327434	13327633	9.45e-81	302
NC_003075.7:14390262-14390988	NC_003074.8	94.388	196	10	1	5	199	17299936	17299741	3.40e-80	300
NC_003075.7:14390262-14390988	NC_003074.8	90.435	230	15	3	469	691	11200951	11201180	4.39e-79	296
NC_003075.7:14390262-14390988	NC_003074.8	93.500	200	10	3	1	199	18412154	18412351	1.58e-78	294
NC_003075.7:14390262-14390988	NC_003074.8	93.035	201	12	2	1	199	15485750	15485550	5.69e-78	292
NC_003075.7:14390262-14390988	NC_003074.8	93.000	200	12	2	1	199	16419144	16419342	2.04e-77	291
NC_003075.7:14390262-14390988	NC_003074.8	93.434	198	10	3	1	197	18018781	18018976	2.04e-77	291
NC_003075.7:14390262-14390988	NC_003074.8	92.537	201	13	2	1	199	17776769	17776969	2.65e-76	287
NC_003075.7:14390262-14390988	NC_003074.8	92.462	199	12	1	1	199	9767629	9767434	1.23e-74	281
NC_003075.7:14390262-14390988	NC_003074.8	91.795	195	14	1	1	195	10320412	10320604	2.66e-71	270
NC_003075.7:14390262-14390988	NC_003074.8	85.317	252	20	7	493	727	8757570	8757821	1.61e-63	244
NC_003075.7:14390262-14390988	NC_003074.8	95.973	149	6	0	51	199	10575507	10575359	5.81e-63	243
NC_003075.7:14390262-14390988	NC_003074.8	93.197	147	7	3	207	352	10321159	10321303	4.55e-54	213
NC_003075.7:14390262-14390988	NC_003074.8	90.598	117	4	3	618	727	10321325	10321441	1.30e-34	148
NC_003075.7:14390262-14390988	NC_003074.8	91.509	106	9	0	622	727	1572021	1572126	4.68e-34	147
NC_003075.7:14390262-14390988	NC_003074.8	94.624	93	5	0	635	727	17299242	17299150	1.68e-33	145
NC_003075.7:14390262-14390988	NC_003074.8	91.358	81	7	0	1	81	7996636	7996556	1.71e-23	111
NC_003075.7:14390262-14390988	NC_003074.8	91.358	81	7	0	1	81	17063229	17063149	1.71e-23	111
NC_003075.7:14390262-14390988	NC_003074.8	96.825	63	2	0	1	63	3716342	3716404	7.95e-22	106
NC_003075.7:14390262-14390988	NC_003074.8	90.244	82	6	2	1	81	11200624	11200704	7.95e-22	106
NC_003075.7:14390262-14390988	NC_003074.8	90.123	81	8	0	1	81	11535844	11535924	7.95e-22	106
NC_003075.7:14390262-14390988	NC_003074.8	88.889	90	5	5	1	86	15937286	15937374	7.95e-22	106
NC_003075.7:14390262-14390988	NC_003074.8	90.123	81	8	0	1	81	16561654	16561734	7.95e-22	106
NC_003075.7:14390262-14390988	NC_003074.8	90.123	81	8	0	1	81	17144490	17144410	7.95e-22	106
NC_003075.7:14390262-14390988	NC_003074.8	93.056	72	4	1	656	727	18585033	18585103	2.86e-21	104
NC_003075.7:14390262-14390988	NC_003074.8	86.458	96	10	3	635	727	11132650	11132745	1.03e-20	102
NC_003075.7:14390262-14390988	NC_003074.8	88.889	81	9	0	1	81	10862401	10862481	3.70e-20	100
NC_003075.7:14390262-14390988	NC_003074.8	88.889	81	9	0	1	81	17277814	17277734	3.70e-20	100
NC_003075.7:14390262-14390988	NC_003074.8	88.889	81	9	0	1	81	17301278	17301198	3.70e-20	100
NC_003075.7:14390262-14390988	NC_003074.8	81.301	123	18	5	608	727	10681512	10681392	1.72e-18	95.3
NC_003075.7:14390262-14390988	NC_003074.8	87.654	81	10	0	1	81	10821446	10821366	1.72e-18	95.3
NC_003075.7:14390262-14390988	NC_003074.8	96.491	57	2	0	5	61	22118617	22118673	1.72e-18	95.3
NC_003075.7:14390262-14390988	NC_003074.8	87.654	81	8	2	1	80	20487142	20487063	6.19e-18	93.5
NC_003075.7:14390262-14390988	NC_003074.8	84.375	96	12	3	635	727	8645244	8645339	2.23e-17	91.6
NC_003075.7:14390262-14390988	NC_003074.8	92.063	63	5	0	1	63	17397300	17397238	8.01e-17	89.8
NC_003075.7:14390262-14390988	NC_003074.8	94.444	54	3	0	146	199	9384863	9384810	3.72e-15	84.2
NC_003075.7:14390262-14390988	NC_003074.8	100.000	42	0	0	158	199	15938226	15938267	1.73e-13	78.7
NC_003075.7:14390262-14390988	NC_003074.8	81.250	96	15	3	635	727	6729020	6728925	2.24e-12	75.0
NC_003075.7:14390262-14390988	NC_003074.8	97.674	43	1	0	158	200	17143580	17143538	2.24e-12	75.0
NC_003075.7:14390262-14390988	NC_003074.8	97.619	42	1	0	158	199	11536758	11536799	8.06e-12	73.1
NC_003075.7:14390262-14390988	NC_003074.8	97.619	42	1	0	158	199	16562477	16562518	8.06e-12	73.1
NC_003075.7:14390262-14390988	NC_003074.8	97.619	42	1	0	158	199	17276873	17276832	8.06e-12	73.1
NC_003075.7:14390262-14390988	NC_003074.8	97.500	40	1	0	158	197	5744998	5744959	1.04e-10	69.4
NC_003075.7:14390262-14390988	NC_003074.8	97.500	40	1	0	158	197	20787323	20787362	1.04e-10	69.4
NC_003075.7:14390262-14390988	NC_003074.8	95.238	42	2	0	158	199	15452557	15452516	3.75e-10	67.6
NC_003075.7:14390262-14390988	NC_003074.8	92.683	41	2	1	206	245	1571955	1571995	2.26e-07	58.4
NC_003075.7:14390262-14390988	NC_003074.8	92.683	41	2	1	206	245	17299322	17299282	2.26e-07	58.4
NC_003075.7:14390262-14390988	NC_003074.8	89.130	46	4	1	683	727	4274975	4274930	8.12e-07	56.5
NC_003075.7:16054509-16055305	NC_003075.7	100.000	797	0	0	1	797	16055305	16054509	0.0	1472
NC_003075.7:16054509-16055305	NC_003075.7	91.652	587	24	9	1	568	6912242	6911662	0.0	789
NC_003075.7:16054509-16055305	NC_003075.7	90.971	587	30	6	1	568	11979433	11978851	0.0	769
NC_003075.7:16054509-16055305	NC_003075.7	89.915	585	34	8	1	566	1777447	1778025	0.0	730
NC_003075.7:16054509-16055305	NC_003075.7	87.751	547	22	16	61	568	18250817	18250277	1.18e-169	597
NC_003075.7:16054509-16055305	NC_003075.7	93.384	393	21	2	7	395	1302680	1302289	1.54e-163	577
NC_003075.7:16054509-16055305	NC_003075.7	88.356	438	41	9	139	568	6756679	6757114	9.48e-146	518
NC_003075.7:16054509-16055305	NC_003075.7	93.201	353	16	4	223	568	6064533	6064884	4.41e-144	512
NC_003075.7:16054509-16055305	NC_003075.7	90.667	375	27	3	187	555	7235535	7235907	5.74e-138	492
NC_003075.7:16054509-16055305	NC_003075.7	95.694	209	8	1	1	209	10870954	10871161	1.02e-90	335
NC_003075.7:16054509-16055305	NC_003075.7	95.789	190	5	3	381	568	10871354	10871542	2.89e-81	303
NC_003075.7:16054509-16055305	NC_003075.7	94.652	187	8	2	383	567	1302266	1302080	8.09e-77	289
NC_003075.7:16054509-16055305	NC_003075.7	82.972	323	21	15	7	328	6064243	6064532	1.76e-68	261
NC_003075.7:16054509-16055305	NC_003075.7	92.361	144	9	2	654	796	10871549	10871691	3.01e-51	204
NC_003075.7:16054509-16055305	NC_003075.7	93.985	133	6	1	438	568	7235908	7236040	3.90e-50	200
NC_003075.7:16054509-16055305	NC_003075.7	93.333	135	8	1	659	793	1778039	1778172	1.40e-49	198
NC_003075.7:16054509-16055305	NC_003075.7	88.591	149	13	4	385	531	5634583	5634437	1.83e-43	178
NC_003075.7:16054509-16055305	NC_003075.7	89.437	142	14	1	654	795	6911655	6911515	1.83e-43	178
NC_003075.7:16054509-16055305	NC_003075.7	90.370	135	12	1	660	794	1302080	1301947	6.57e-43	176
NC_003075.7:16054509-16055305	NC_003075.7	91.803	122	3	2	19	140	7235422	7235536	5.12e-39	163
NC_003075.7:16054509-16055305	NC_003075.7	92.233	103	6	2	654	756	6064891	6064991	1.85e-33	145
NC_003075.7:16054509-16055305	NC_003075.7	91.262	103	8	1	654	756	18250270	18250169	8.62e-32	139
NC_003075.7:16054509-16055305	NC_003075.7	83.916	143	7	3	654	796	11978844	11978718	8.68e-27	122
NC_003075.7:16054509-16055305	NC_003075.7	94.667	75	4	0	2	76	7235332	7235406	4.04e-25	117
NC_003075.7:16054509-16055305	NC_003075.7	95.312	64	3	0	1	64	18251203	18251140	1.13e-20	102
NC_003075.7:16054509-16055305	NC_003071.7	97.364	569	14	1	1	568	241211	241779	0.0	966
NC_003075.7:16054509-16055305	NC_003071.7	94.281	577	21	4	1	568	8854544	8855117	0.0	872
NC_003075.7:16054509-16055305	NC_003071.7	93.966	580	20	8	1	568	10351740	10352316	0.0	863
NC_003075.7:16054509-16055305	NC_003071.7	91.156	588	30	9	1	568	11556132	11555547	0.0	778
NC_003075.7:16054509-16055305	NC_003071.7	88.224	535	30	12	61	568	4086199	4085671	5.47e-173	608
NC_003075.7:16054509-16055305	NC_003071.7	88.312	385	23	3	2	371	5607616	5607993	5.87e-123	442
NC_003075.7:16054509-16055305	NC_003071.7	91.729	266	18	4	307	568	6249631	6249366	3.63e-100	366
NC_003075.7:16054509-16055305	NC_003071.7	96.651	209	6	1	1	209	19528099	19528306	4.73e-94	346
NC_003075.7:16054509-16055305	NC_003071.7	86.411	287	25	9	296	568	1679003	1678717	1.04e-80	302
NC_003075.7:16054509-16055305	NC_003071.7	94.872	195	6	4	377	568	19528511	19528704	1.04e-80	302
NC_003075.7:16054509-16055305	NC_003071.7	86.742	264	26	5	313	568	7977402	7977664	1.05e-75	285
NC_003075.7:16054509-16055305	NC_003071.7	84.774	243	12	8	61	286	10683312	10683546	2.99e-56	220
NC_003075.7:16054509-16055305	NC_003071.7	93.706	143	8	1	654	796	10352323	10352464	5.01e-54	213
NC_003075.7:16054509-16055305	NC_003071.7	93.571	140	8	1	654	793	241786	241924	2.33e-52	207
NC_003075.7:16054509-16055305	NC_003071.7	97.872	94	2	0	1	94	241016	241109	5.12e-39	163
NC_003075.7:16054509-16055305	NC_003071.7	89.888	89	8	1	668	756	5607990	5608077	5.22e-24	113
NC_003075.7:16054509-16055305	NC_003071.7	86.408	103	7	2	654	756	4085664	4085569	8.74e-22	106
NC_003075.7:16054509-16055305	NC_003071.7	89.552	67	3	3	2	64	10682928	10682994	1.47e-14	82.4
NC_003075.7:16054509-16055305	NC_003071.7	100.000	38	0	0	568	605	3496453	3496490	3.19e-11	71.3
NC_003075.7:16054509-16055305	NC_003074.8	97.193	570	14	2	1	568	20875767	20876336	0.0	963
NC_003075.7:16054509-16055305	NC_003074.8	92.504	587	24	4	1	568	5792668	5793253	0.0	822
NC_003075.7:16054509-16055305	NC_003074.8	91.156	588	30	4	2	568	17033482	17034068	0.0	778
NC_003075.7:16054509-16055305	NC_003074.8	90.444	586	34	9	4	568	5380067	5379483	0.0	752
NC_003075.7:16054509-16055305	NC_003074.8	87.113	582	29	16	4	567	15977960	15977407	9.08e-176	617
NC_003075.7:16054509-16055305	NC_003074.8	87.054	533	33	16	61	568	10842240	10842761	2.58e-161	569
NC_003075.7:16054509-16055305	NC_003074.8	86.740	543	32	16	61	568	14285833	14286370	9.28e-161	568
NC_003075.7:16054509-16055305	NC_003074.8	87.069	232	18	11	61	284	10642947	10642720	1.06e-65	252
NC_003075.7:16054509-16055305	NC_003074.8	93.103	145	6	4	654	796	20876343	20876485	6.48e-53	209
NC_003075.7:16054509-16055305	NC_003074.8	94.697	132	6	1	654	785	5793260	5793390	3.01e-51	204
NC_003075.7:16054509-16055305	NC_003074.8	89.510	143	14	1	654	796	5379476	5379335	5.08e-44	180
NC_003075.7:16054509-16055305	NC_003074.8	91.429	105	8	1	652	756	15977395	15977292	6.66e-33	143
NC_003075.7:16054509-16055305	NC_003074.8	89.320	103	10	1	654	756	14286377	14286478	1.87e-28	128
NC_003075.7:16054509-16055305	NC_003074.8	86.538	104	6	2	654	756	6771548	6771644	2.43e-22	108
NC_003075.7:16054509-16055305	NC_003074.8	96.875	64	2	0	1	64	7921617	7921554	2.43e-22	108
NC_003075.7:16054509-16055305	NC_003074.8	85.437	103	8	2	654	756	10842768	10842863	4.07e-20	100
NC_003075.7:16054509-16055305	NC_003074.8	93.333	60	4	0	4	63	14285449	14285508	8.81e-17	89.8
NC_003075.7:16054509-16055305	NC_003076.8	96.649	567	18	1	2	568	19080719	19081284	0.0	941
NC_003075.7:16054509-16055305	NC_003076.8	93.003	586	21	4	1	568	24436439	24435856	0.0	837
NC_003075.7:16054509-16055305	NC_003076.8	92.948	553	29	6	24	568	5063067	5062517	0.0	797
NC_003075.7:16054509-16055305	NC_003076.8	90.971	587	32	8	1	568	7834045	7834629	0.0	771
NC_003075.7:16054509-16055305	NC_003076.8	90.816	588	32	6	2	568	12091498	12090912	0.0	767
NC_003075.7:16054509-16055305	NC_003076.8	90.646	588	32	7	2	568	7075508	7076093	0.0	760
NC_003075.7:16054509-16055305	NC_003076.8	92.188	512	31	4	64	568	18555809	18556318	0.0	715
NC_003075.7:16054509-16055305	NC_003076.8	94.459	379	20	1	1	379	18554477	18554854	3.31e-165	582
NC_003075.7:16054509-16055305	NC_003076.8	85.913	575	42	18	1	568	17275829	17275287	1.54e-163	577
NC_003075.7:16054509-16055305	NC_003076.8	93.651	378	20	3	1	378	5063445	5063072	4.32e-159	562
NC_003075.7:16054509-16055305	NC_003076.8	94.693	358	16	3	213	568	6073051	6072695	2.60e-156	553
NC_003075.7:16054509-16055305	NC_003076.8	98.421	190	3	0	1	190	6073383	6073572	1.02e-90	335
NC_003075.7:16054509-16055305	NC_003076.8	88.603	272	21	7	306	568	22491525	22491795	7.97e-87	322
NC_003075.7:16054509-16055305	NC_003076.8	84.034	238	23	11	61	286	10269974	10269740	1.39e-54	215
NC_003075.7:16054509-16055305	NC_003076.8	93.706	143	6	3	654	795	18556325	18556465	1.80e-53	211
NC_003075.7:16054509-16055305	NC_003076.8	90.210	143	13	1	654	796	6072688	6072547	1.09e-45	185
NC_003075.7:16054509-16055305	NC_003076.8	88.811	143	15	1	654	796	7834636	7834777	2.36e-42	174
NC_003075.7:16054509-16055305	NC_003076.8	94.175	103	5	1	654	756	7076100	7076201	8.56e-37	156
NC_003075.7:16054509-16055305	NC_003076.8	92.233	103	7	1	654	756	12090905	12090804	1.85e-33	145
NC_003075.7:16054509-16055305	NC_003076.8	98.214	56	1	0	24	79	18554858	18554913	1.46e-19	99.0
NC_003075.7:16054509-16055305	NC_003070.9	92.334	574	30	8	1	566	21260317	21260884	0.0	804
NC_003075.7:16054509-16055305	NC_003070.9	91.883	579	27	11	1	566	11352232	11351661	0.0	791
NC_003075.7:16054509-16055305	NC_003070.9	90.861	569	30	4	21	568	5659134	5658567	0.0	743
NC_003075.7:16054509-16055305	NC_003070.9	87.543	586	26	18	1	568	13407597	13408153	0.0	634
NC_003075.7:16054509-16055305	NC_003070.9	90.971	443	24	6	142	568	13408253	13408695	3.31e-165	582
NC_003075.7:16054509-16055305	NC_003070.9	86.611	239	15	12	61	286	14297191	14296957	1.37e-64	248
NC_003075.7:16054509-16055305	NC_003070.9	85.526	228	21	8	61	286	17108082	17108299	1.79e-58	228
NC_003075.7:16054509-16055305	NC_003070.9	91.824	159	8	5	133	288	16317439	16317595	3.87e-55	217
NC_003075.7:16054509-16055305	NC_003070.9	93.571	140	7	2	659	797	11351647	11351509	2.33e-52	207
NC_003075.7:16054509-16055305	NC_003070.9	83.471	242	21	15	57	286	17110893	17111127	2.33e-52	207
NC_003075.7:16054509-16055305	NC_003070.9	94.118	136	7	1	659	794	21260898	21261032	8.38e-52	206
NC_003075.7:16054509-16055305	NC_003070.9	91.262	103	8	1	654	756	5658560	5658459	8.62e-32	139
NC_003075.7:16054509-16055305	NC_003070.9	90.291	103	8	1	654	756	13408702	13408802	4.01e-30	134
NC_003075.7:16054509-16055305	NC_003070.9	88.462	104	5	2	654	757	13408160	13408256	1.12e-25	119
NC_003075.7:16054509-16055305	NC_003070.9	89.062	64	5	1	1	64	17107699	17107760	1.91e-13	78.7
NC_003075.7:16054509-16055305	NC_003070.9	88.889	63	5	1	2	64	14297573	14297513	6.86e-13	76.8
NC_003075.7:16054509-16055305	NC_003070.9	88.889	63	5	1	2	64	17102441	17102501	6.86e-13	76.8
NC_003075.7:16054509-16055305	NC_003070.9	87.500	64	8	0	1	64	17405586	17405523	2.47e-12	75.0
NC_003075.7:16054509-16055305	NC_003070.9	97.143	35	1	0	761	795	17111533	17111567	6.90e-08	60.2
NC_003075.7:16054509-16055305	NC_000932.1	100.000	38	0	0	568	605	109071	109034	3.19e-11	71.3
NC_003075.7:16054509-16055305	NC_000932.1	100.000	38	0	0	568	605	129578	129615	3.19e-11	71.3
NC_003075.7:16054509-16055305	NC_000932.1	97.368	38	0	1	602	639	41209	41173	5.34e-09	63.9
NC_003075.7:16054509-16055305	NC_037304.1	100.000	38	0	0	568	605	43557	43594	3.19e-11	71.3
NC_003070.9:28161028-28162332	NC_003070.9	100.000	1305	0	0	1	1305	28161028	28162332	0.0	2410
NC_003070.9:28161028-28162332	NC_003070.9	91.185	1316	93	14	1	1305	3413547	3414850	0.0	1766
NC_003070.9:28161028-28162332	NC_003070.9	92.732	1142	66	12	167	1297	13059763	13060898	0.0	1633
NC_003070.9:28161028-28162332	NC_003070.9	92.314	1145	70	10	167	1295	7036148	7037290	0.0	1611
NC_003070.9:28161028-28162332	NC_003070.9	92.341	1149	63	12	163	1297	11700592	11701729	0.0	1611
NC_003070.9:28161028-28162332	NC_003070.9	92.362	1139	62	13	167	1295	9817151	9818274	0.0	1598
NC_003070.9:28161028-28162332	NC_003070.9	91.838	1164	68	11	155	1305	15940039	15941188	0.0	1598
NC_003070.9:28161028-28162332	NC_003070.9	92.140	1145	60	14	167	1297	26170521	26169393	0.0	1589
NC_003070.9:28161028-28162332	NC_003070.9	92.150	1121	65	11	167	1273	8115710	8116821	0.0	1561
NC_003070.9:28161028-28162332	NC_003070.9	91.689	1143	67	13	167	1295	19994809	19993681	0.0	1559
NC_003070.9:28161028-28162332	NC_003070.9	91.414	1153	73	12	155	1295	22450867	22452005	0.0	1557
NC_003070.9:28161028-28162332	NC_003070.9	91.514	1143	74	10	167	1296	16904733	16905865	0.0	1552
NC_003070.9:28161028-28162332	NC_003070.9	91.689	1131	70	14	189	1304	18791754	18792875	0.0	1546
NC_003070.9:28161028-28162332	NC_003070.9	92.905	1043	63	6	271	1302	19769025	19767983	0.0	1506
NC_003070.9:28161028-28162332	NC_003070.9	90.601	1149	70	15	167	1302	13016967	13015844	0.0	1489
NC_003070.9:28161028-28162332	NC_003070.9	90.630	1142	76	16	167	1295	17900819	17901942	0.0	1487
NC_003070.9:28161028-28162332	NC_003070.9	90.351	1140	80	15	167	1293	9866468	9865346	0.0	1469
NC_003070.9:28161028-28162332	NC_003070.9	92.505	1014	57	11	305	1305	4786256	4787263	0.0	1434
NC_003070.9:28161028-28162332	NC_003070.9	91.583	998	57	9	311	1295	12365009	12365992	0.0	1352
NC_003070.9:28161028-28162332	NC_003070.9	91.374	997	60	10	311	1295	16825388	16826370	0.0	1341
NC_003070.9:28161028-28162332	NC_003070.9	91.365	996	58	9	314	1295	19466071	19465090	0.0	1338
NC_003070.9:28161028-28162332	NC_003070.9	90.972	1008	58	12	306	1295	16326311	16327303	0.0	1327
NC_003070.9:28161028-28162332	NC_003070.9	90.945	1005	59	10	306	1295	23214532	23215519	0.0	1323
NC_003070.9:28161028-28162332	NC_003070.9	91.073	997	59	11	311	1295	12563207	12562229	0.0	1321
NC_003070.9:28161028-28162332	NC_003070.9	92.733	922	49	11	167	1075	30254567	30253651	0.0	1315
NC_003070.9:28161028-28162332	NC_003070.9	92.091	923	54	11	5	914	12876930	12876014	0.0	1282
NC_003070.9:28161028-28162332	NC_003070.9	92.741	799	47	6	508	1295	19063794	19064592	0.0	1144
NC_003070.9:28161028-28162332	NC_003070.9	92.649	789	46	8	517	1295	23876482	23877268	0.0	1125
NC_003070.9:28161028-28162332	NC_003070.9	92.866	771	40	8	156	914	16998396	16997629	0.0	1105
NC_003070.9:28161028-28162332	NC_003070.9	89.621	896	53	19	167	1035	11736466	11735584	0.0	1103
NC_003070.9:28161028-28162332	NC_003070.9	91.051	771	52	11	538	1297	19327999	19327235	0.0	1026
NC_003070.9:28161028-28162332	NC_003070.9	90.596	638	44	6	673	1295	14309400	14308764	0.0	832
NC_003070.9:28161028-28162332	NC_003070.9	93.116	552	32	6	748	1295	8489963	8489414	0.0	804
NC_003070.9:28161028-28162332	NC_003070.9	91.924	582	34	11	720	1295	499947	499373	0.0	802
NC_003070.9:28161028-28162332	NC_003070.9	91.336	554	40	8	748	1295	25963016	25962465	0.0	750
NC_003070.9:28161028-28162332	NC_003070.9	92.381	525	25	6	774	1296	18790338	18790849	0.0	734
NC_003070.9:28161028-28162332	NC_003070.9	91.411	489	31	4	167	652	500444	499964	0.0	660
NC_003070.9:28161028-28162332	NC_003070.9	93.204	412	24	4	896	1305	23554190	23553781	4.22e-171	603
NC_003070.9:28161028-28162332	NC_003070.9	92.346	405	22	5	167	568	12329113	12328715	1.54e-160	568
NC_003070.9:28161028-28162332	NC_003070.9	91.605	405	25	5	167	568	22621779	22621381	1.55e-155	551
NC_003070.9:28161028-28162332	NC_003070.9	91.605	405	25	5	167	568	22993120	22992722	1.55e-155	551
NC_003070.9:28161028-28162332	NC_003070.9	90.887	406	26	7	167	568	30252166	30251768	1.56e-150	534
NC_003070.9:28161028-28162332	NC_003070.9	93.860	342	18	3	8	348	22992721	22992382	7.31e-144	512
NC_003070.9:28161028-28162332	NC_003070.9	93.567	342	19	3	8	348	30251767	30251428	3.40e-142	507
NC_003070.9:28161028-28162332	NC_003070.9	92.982	342	20	4	8	348	12328714	12328376	7.36e-139	496
NC_003070.9:28161028-28162332	NC_003070.9	92.941	340	21	3	10	348	22621378	22621041	9.52e-138	492
NC_003070.9:28161028-28162332	NC_003070.9	93.919	296	14	4	55	348	23876173	23876466	2.70e-123	444
NC_003070.9:28161028-28162332	NC_003070.9	90.789	304	17	6	517	810	22992366	22992064	7.68e-109	396
NC_003070.9:28161028-28162332	NC_003070.9	91.096	292	15	6	517	798	22621025	22620735	1.66e-105	385
NC_003070.9:28161028-28162332	NC_003070.9	90.132	304	19	6	517	810	30251412	30251110	1.66e-105	385
NC_003070.9:28161028-28162332	NC_003070.9	90.972	288	16	7	517	795	12328360	12328074	7.73e-104	379
NC_003070.9:28161028-28162332	NC_003070.9	93.939	231	13	1	1073	1303	30253364	30253135	2.18e-94	348
NC_003070.9:28161028-28162332	NC_003070.9	92.704	233	11	6	7	239	18790103	18790329	2.20e-89	331
NC_003070.9:28161028-28162332	NC_003070.9	89.354	263	22	4	10	271	19769830	19769573	1.02e-87	326
NC_003070.9:28161028-28162332	NC_003070.9	88.333	180	10	4	162	338	19063593	19063764	1.39e-51	206
NC_003070.9:28161028-28162332	NC_003070.9	90.667	150	10	3	7	156	16998955	16998810	8.36e-49	196
NC_003070.9:28161028-28162332	NC_003075.7	93.457	1299	66	13	10	1295	11193567	11192275	0.0	1910
NC_003070.9:28161028-28162332	NC_003075.7	91.964	1319	89	12	1	1305	372092	370777	0.0	1832
NC_003070.9:28161028-28162332	NC_003075.7	92.308	1300	83	12	16	1301	6166455	6165159	0.0	1831
NC_003070.9:28161028-28162332	NC_003075.7	92.563	1143	70	10	167	1295	8064563	8065704	0.0	1626
NC_003070.9:28161028-28162332	NC_003075.7	92.133	1144	63	12	167	1295	5540448	5539317	0.0	1589
NC_003070.9:28161028-28162332	NC_003075.7	91.937	1141	70	10	167	1295	1350526	1351656	0.0	1578
NC_003070.9:28161028-28162332	NC_003075.7	91.543	1147	75	11	167	1301	1001051	999915	0.0	1561
NC_003070.9:28161028-28162332	NC_003075.7	91.182	1168	76	14	155	1305	11361800	11362957	0.0	1561
NC_003070.9:28161028-28162332	NC_003075.7	91.681	1142	70	12	167	1296	8729528	8728400	0.0	1559
NC_003070.9:28161028-28162332	NC_003075.7	90.726	1143	67	18	167	1295	4147065	4148182	0.0	1487
NC_003070.9:28161028-28162332	NC_003075.7	92.308	1014	60	11	305	1305	16864262	16863254	0.0	1424
NC_003070.9:28161028-28162332	NC_003075.7	92.668	791	44	8	517	1295	683570	684358	0.0	1127
NC_003070.9:28161028-28162332	NC_003075.7	92.218	771	48	7	538	1296	10396118	10395348	0.0	1081
NC_003070.9:28161028-28162332	NC_003075.7	92.542	657	37	7	460	1105	965061	964406	0.0	931
NC_003070.9:28161028-28162332	NC_003075.7	91.132	530	35	9	770	1295	14390783	14390262	0.0	708
NC_003070.9:28161028-28162332	NC_003075.7	90.928	474	38	5	6	478	965800	965331	5.38e-180	632
NC_003070.9:28161028-28162332	NC_003075.7	93.314	344	20	3	7	349	683213	683554	1.22e-141	505
NC_003070.9:28161028-28162332	NC_003075.7	90.642	374	22	6	896	1267	7853284	7852922	1.59e-135	484
NC_003070.9:28161028-28162332	NC_003075.7	94.249	313	16	2	167	478	10396429	10396118	2.67e-133	477
NC_003070.9:28161028-28162332	NC_003075.7	89.706	272	19	4	7	277	8802132	8802395	1.31e-91	339
NC_003070.9:28161028-28162332	NC_003075.7	92.544	228	14	3	1070	1295	8802511	8802737	3.68e-87	324
NC_003070.9:28161028-28162332	NC_003075.7	93.596	203	10	3	6	208	14390989	14390790	6.19e-80	300
NC_003070.9:28161028-28162332	NC_003075.7	77.515	507	75	29	720	1210	7593705	7593222	1.75e-70	268
NC_003070.9:28161028-28162332	NC_003075.7	75.000	668	114	29	623	1274	7572217	7572847	1.05e-67	259
NC_003070.9:28161028-28162332	NC_003075.7	91.053	190	16	1	1107	1296	963861	963673	1.36e-66	255
NC_003070.9:28161028-28162332	NC_003075.7	75.054	465	85	21	806	1262	2262877	2262436	5.03e-46	187
NC_003070.9:28161028-28162332	NC_003075.7	77.742	310	61	8	991	1296	12335526	12335831	6.51e-45	183
NC_003070.9:28161028-28162332	NC_003076.8	92.988	1312	70	14	7	1305	15043428	15042126	0.0	1893
NC_003070.9:28161028-28162332	NC_003076.8	93.323	1273	65	10	5	1260	5978055	5976786	0.0	1862
NC_003070.9:28161028-28162332	NC_003076.8	92.243	1315	82	15	7	1304	24476591	24475280	0.0	1845
NC_003070.9:28161028-28162332	NC_003076.8	92.331	1317	69	14	7	1295	22232264	22230952	0.0	1844
NC_003070.9:28161028-28162332	NC_003076.8	91.331	1315	85	17	6	1295	8354511	8353201	0.0	1770
NC_003070.9:28161028-28162332	NC_003076.8	93.076	1141	64	10	167	1295	20681453	20680316	0.0	1655
NC_003070.9:28161028-28162332	NC_003076.8	92.441	1151	73	9	167	1305	5429094	5427946	0.0	1631
NC_003070.9:28161028-28162332	NC_003076.8	92.175	1163	69	14	156	1305	24186970	24185817	0.0	1624
NC_003070.9:28161028-28162332	NC_003076.8	92.469	1142	71	10	167	1296	8766666	8767804	0.0	1618
NC_003070.9:28161028-28162332	NC_003076.8	92.463	1141	70	11	167	1296	8745759	8744624	0.0	1616
NC_003070.9:28161028-28162332	NC_003076.8	92.388	1143	61	13	167	1295	9964077	9962947	0.0	1605
NC_003070.9:28161028-28162332	NC_003076.8	92.207	1142	74	8	167	1295	19741654	19740515	0.0	1602
NC_003070.9:28161028-28162332	NC_003076.8	91.790	1145	71	13	167	1298	1897707	1896573	0.0	1572
NC_003070.9:28161028-28162332	NC_003076.8	91.681	1142	81	8	167	1295	17365983	17367123	0.0	1570
NC_003070.9:28161028-28162332	NC_003076.8	91.616	1145	72	14	167	1296	14081897	14080762	0.0	1561
NC_003070.9:28161028-28162332	NC_003076.8	91.210	1149	74	15	162	1295	16357408	16358544	0.0	1537
NC_003070.9:28161028-28162332	NC_003076.8	90.736	1155	83	14	155	1295	17776658	17777802	0.0	1519
NC_003070.9:28161028-28162332	NC_003076.8	92.062	1033	66	10	167	1186	14150343	14149314	0.0	1439
NC_003070.9:28161028-28162332	NC_003076.8	92.757	994	57	8	285	1266	18854899	18855889	0.0	1423
NC_003070.9:28161028-28162332	NC_003076.8	91.374	997	72	9	309	1295	4313874	4314866	0.0	1352
NC_003070.9:28161028-28162332	NC_003076.8	92.557	927	53	9	381	1295	11026974	11027896	0.0	1315
NC_003070.9:28161028-28162332	NC_003076.8	89.538	1061	65	26	7	1053	10714424	10715452	0.0	1303
NC_003070.9:28161028-28162332	NC_003076.8	90.030	1013	63	15	288	1295	21530929	21531908	0.0	1277
NC_003070.9:28161028-28162332	NC_003076.8	92.089	809	51	8	508	1305	15605466	15604660	0.0	1127
NC_003070.9:28161028-28162332	NC_003076.8	92.061	781	49	8	538	1305	4780979	4780199	0.0	1086
NC_003070.9:28161028-28162332	NC_003076.8	92.102	709	49	7	7	711	21777032	21776327	0.0	992
NC_003070.9:28161028-28162332	NC_003076.8	91.961	709	49	8	7	711	15577425	15576721	0.0	987
NC_003070.9:28161028-28162332	NC_003076.8	92.787	610	33	8	704	1305	25905017	25905623	0.0	872
NC_003070.9:28161028-28162332	NC_003076.8	93.167	600	30	6	716	1305	7153772	7153174	0.0	870
NC_003070.9:28161028-28162332	NC_003076.8	92.901	493	33	2	808	1299	15576667	15576176	0.0	715
NC_003070.9:28161028-28162332	NC_003076.8	92.771	498	31	4	808	1303	21776273	21775779	0.0	715
NC_003070.9:28161028-28162332	NC_003076.8	92.478	452	25	5	856	1305	9134290	9134734	0.0	638
NC_003070.9:28161028-28162332	NC_003076.8	93.333	420	27	1	877	1295	21584595	21584176	4.19e-176	619
NC_003070.9:28161028-28162332	NC_003076.8	93.659	410	21	5	896	1302	17796537	17796130	9.06e-173	608
NC_003070.9:28161028-28162332	NC_003076.8	92.099	405	23	5	167	568	20281045	20280647	7.15e-159	562
NC_003070.9:28161028-28162332	NC_003076.8	90.864	405	27	6	167	568	9591350	9591747	1.56e-150	534
NC_003070.9:28161028-28162332	NC_003076.8	91.601	381	26	6	167	545	4313474	4313850	1.21e-146	521
NC_003070.9:28161028-28162332	NC_003076.8	93.860	342	18	3	8	348	20280646	20280307	7.31e-144	512
NC_003070.9:28161028-28162332	NC_003076.8	93.548	341	19	3	8	347	9591748	9592086	1.22e-141	505
NC_003070.9:28161028-28162332	NC_003076.8	93.023	344	21	3	7	349	9133953	9134294	5.69e-140	499
NC_003070.9:28161028-28162332	NC_003076.8	91.758	364	20	7	941	1295	25264975	25265337	2.05e-139	497
NC_003070.9:28161028-28162332	NC_003076.8	90.000	380	19	8	167	542	9558551	9558187	3.45e-132	473
NC_003070.9:28161028-28162332	NC_003076.8	92.971	313	19	2	167	478	4781290	4780980	4.49e-126	453
NC_003070.9:28161028-28162332	NC_003076.8	90.132	304	19	6	517	810	9592102	9592404	1.66e-105	385
NC_003070.9:28161028-28162332	NC_003076.8	90.972	288	16	5	517	795	20280291	20280005	7.73e-104	379
NC_003070.9:28161028-28162332	NC_003076.8	89.439	303	22	5	517	810	17617546	17617245	3.60e-102	374
NC_003070.9:28161028-28162332	NC_003076.8	92.308	221	15	2	167	386	11026281	11026500	7.96e-84	313
NC_003070.9:28161028-28162332	NC_003076.8	93.443	183	11	1	167	348	17617744	17617562	4.86e-71	270
NC_003070.9:28161028-28162332	NC_003076.8	93.820	178	10	1	1119	1295	10715445	10715622	6.28e-70	267
NC_003070.9:28161028-28162332	NC_003076.8	89.017	173	10	2	167	338	15605660	15605496	1.39e-51	206
NC_003070.9:28161028-28162332	NC_003074.8	92.726	1306	76	12	6	1299	17729939	17731237	0.0	1868
NC_003070.9:28161028-28162332	NC_003074.8	92.331	1304	78	14	7	1295	17776769	17778065	0.0	1834
NC_003070.9:28161028-28162332	NC_003074.8	91.468	1301	73	18	7	1296	9767629	9766356	0.0	1753
NC_003070.9:28161028-28162332	NC_003074.8	90.455	1320	82	21	7	1293	16419144	16420452	0.0	1700
NC_003070.9:28161028-28162332	NC_003074.8	92.025	1141	69	10	167	1295	17276873	17275743	0.0	1583
NC_003070.9:28161028-28162332	NC_003074.8	92.185	1126	67	15	167	1273	10820486	10819363	0.0	1572
NC_003070.9:28161028-28162332	NC_003074.8	92.105	1102	72	9	167	1255	15938226	15939325	0.0	1539
NC_003070.9:28161028-28162332	NC_003074.8	91.339	1143	71	14	167	1297	20787323	20788449	0.0	1537
NC_003070.9:28161028-28162332	NC_003074.8	91.373	1136	66	14	167	1295	16562477	16563587	0.0	1526
NC_003070.9:28161028-28162332	NC_003074.8	92.637	1073	51	13	5	1065	11503763	11502707	0.0	1519
NC_003070.9:28161028-28162332	NC_003074.8	90.472	1165	62	21	167	1304	17143580	17142438	0.0	1491
NC_003070.9:28161028-28162332	NC_003074.8	90.314	1146	86	16	162	1295	22119525	22120657	0.0	1478
NC_003070.9:28161028-28162332	NC_003074.8	90.556	1133	67	18	167	1272	11536758	11537877	0.0	1463
NC_003070.9:28161028-28162332	NC_003074.8	89.229	1142	71	22	167	1295	15452557	15451455	0.0	1380
NC_003070.9:28161028-28162332	NC_003074.8	91.716	1014	51	13	299	1297	16451587	16452582	0.0	1376
NC_003070.9:28161028-28162332	NC_003074.8	91.460	1007	60	8	311	1305	17062368	17061376	0.0	1360
NC_003070.9:28161028-28162332	NC_003074.8	90.229	1003	58	15	311	1299	7995800	7994824	0.0	1273
NC_003070.9:28161028-28162332	NC_003074.8	90.207	919	52	17	7	914	10320412	10321303	0.0	1164
NC_003070.9:28161028-28162332	NC_003074.8	93.047	791	43	8	517	1295	18412509	18413299	0.0	1146
NC_003070.9:28161028-28162332	NC_003074.8	92.929	792	43	8	517	1295	18019136	18019927	0.0	1140
NC_003070.9:28161028-28162332	NC_003074.8	92.551	792	46	8	517	1295	13327791	13328582	0.0	1123
NC_003070.9:28161028-28162332	NC_003074.8	93.657	741	37	5	564	1295	10556871	10556132	0.0	1099
NC_003070.9:28161028-28162332	NC_003074.8	91.667	792	51	9	517	1295	3965358	3966147	0.0	1083
NC_003070.9:28161028-28162332	NC_003074.8	92.568	740	40	12	564	1295	10575083	10574351	0.0	1048
NC_003070.9:28161028-28162332	NC_003074.8	90.862	777	43	7	538	1304	15485278	15484520	0.0	1016
NC_003070.9:28161028-28162332	NC_003074.8	91.533	685	49	7	7	687	11967653	11968332	0.0	935
NC_003070.9:28161028-28162332	NC_003074.8	91.628	645	41	8	660	1295	5744483	5743843	0.0	880
NC_003070.9:28161028-28162332	NC_003074.8	91.129	620	43	6	688	1299	9384377	9383762	0.0	830
NC_003070.9:28161028-28162332	NC_003074.8	94.105	475	23	5	7	478	15485750	15485278	0.0	717
NC_003070.9:28161028-28162332	NC_003074.8	91.103	517	32	5	167	680	5744998	5744493	0.0	688
NC_003070.9:28161028-28162332	NC_003074.8	91.837	490	30	3	155	642	9384863	9384382	0.0	675
NC_003070.9:28161028-28162332	NC_003074.8	92.918	466	30	3	7	471	10557346	10556883	0.0	675
NC_003070.9:28161028-28162332	NC_003074.8	92.530	415	28	3	58	471	10575507	10575095	9.13e-168	592
NC_003070.9:28161028-28162332	NC_003074.8	91.198	409	26	6	164	568	17300342	17299940	2.00e-154	547
NC_003070.9:28161028-28162332	NC_003074.8	93.294	343	20	3	8	349	17299939	17299599	4.40e-141	503
NC_003070.9:28161028-28162332	NC_003074.8	92.464	345	23	3	6	349	13327433	13327775	3.42e-137	490
NC_003070.9:28161028-28162332	NC_003074.8	92.264	349	20	7	7	354	18412154	18412496	1.23e-136	488
NC_003070.9:28161028-28162332	NC_003074.8	92.000	350	21	7	7	355	18018781	18019124	1.59e-135	484
NC_003070.9:28161028-28162332	NC_003074.8	92.901	324	20	3	27	348	3965020	3965342	1.60e-130	468
NC_003070.9:28161028-28162332	NC_003074.8	94.077	287	17	0	1009	1295	11968331	11968617	4.52e-121	436
NC_003070.9:28161028-28162332	NC_003074.8	91.667	312	17	5	44	354	1571407	1571710	3.52e-117	424
NC_003070.9:28161028-28162332	NC_003074.8	90.099	303	20	5	517	810	17299583	17299282	1.66e-105	385
NC_003070.9:28161028-28162332	NC_003074.8	94.805	231	12	0	1029	1259	11200950	11201180	2.80e-98	361
NC_003070.9:28161028-28162332	NC_003074.8	89.286	252	17	1	1054	1295	8757570	8757821	3.70e-82	307
NC_003070.9:28161028-28162332	NC_003074.8	83.681	288	8	12	517	795	1571723	1571980	1.77e-60	235
NC_003070.9:28161028-28162332	NC_003074.8	93.939	66	3	1	6	71	3716341	3716405	2.43e-19	99.0
NC_003070.9:28161028-28162332	NC_003074.8	78.205	156	13	15	764	916	15667806	15667669	8.78e-14	80.5
NC_003070.9:28161028-28162332	NC_003074.8	95.349	43	1	1	1254	1295	16225539	16225581	6.84e-10	67.6
NC_003070.9:28161028-28162332	NC_003071.7	91.616	1312	85	16	7	1305	7814691	7813392	0.0	1790
NC_003070.9:28161028-28162332	NC_003071.7	91.348	1306	91	15	4	1295	7169527	7168230	0.0	1766
NC_003070.9:28161028-28162332	NC_003071.7	92.126	1143	70	13	167	1296	13267871	13269006	0.0	1594
NC_003070.9:28161028-28162332	NC_003071.7	92.021	1153	63	14	167	1304	6924418	6923280	0.0	1592
NC_003070.9:28161028-28162332	NC_003071.7	91.951	1143	78	8	167	1296	12801954	12803095	0.0	1589
NC_003070.9:28161028-28162332	NC_003071.7	91.972	1146	70	10	164	1295	500923	502060	0.0	1587
NC_003070.9:28161028-28162332	NC_003071.7	91.703	1145	69	13	167	1297	13907797	13906665	0.0	1565
NC_003070.9:28161028-28162332	NC_003071.7	91.233	1152	75	15	167	1304	395714	394575	0.0	1544
NC_003070.9:28161028-28162332	NC_003071.7	91.426	1143	73	11	167	1296	17254287	17253157	0.0	1544
NC_003070.9:28161028-28162332	NC_003071.7	92.823	1045	60	10	263	1295	6663080	6664121	0.0	1500
NC_003070.9:28161028-28162332	NC_003071.7	92.596	1040	64	9	233	1261	12093439	12092402	0.0	1482
NC_003070.9:28161028-28162332	NC_003071.7	91.142	1016	59	11	306	1305	543175	544175	0.0	1349
NC_003070.9:28161028-28162332	NC_003071.7	92.300	961	56	12	332	1280	6803425	6804379	0.0	1349
NC_003070.9:28161028-28162332	NC_003071.7	91.470	973	57	15	308	1269	14334657	14335614	0.0	1314
NC_003070.9:28161028-28162332	NC_003071.7	91.130	947	58	12	167	1099	11286196	11285262	0.0	1260
NC_003070.9:28161028-28162332	NC_003071.7	92.455	888	54	8	429	1305	13336699	13335814	0.0	1256
NC_003070.9:28161028-28162332	NC_003071.7	92.494	866	45	9	447	1295	7960700	7961562	0.0	1221
NC_003070.9:28161028-28162332	NC_003071.7	92.607	798	47	7	517	1303	6101020	6100224	0.0	1136
NC_003070.9:28161028-28162332	NC_003071.7	92.668	791	44	8	517	1295	7112140	7112928	0.0	1127
NC_003070.9:28161028-28162332	NC_003071.7	91.209	728	49	9	581	1297	3213046	3212323	0.0	976
NC_003070.9:28161028-28162332	NC_003071.7	90.393	687	50	10	632	1305	709401	710084	0.0	889
NC_003070.9:28161028-28162332	NC_003071.7	90.389	489	36	4	155	640	708360	708840	5.38e-180	632
NC_003070.9:28161028-28162332	NC_003071.7	91.703	458	28	5	704	1152	3564666	3565122	2.50e-178	627
NC_003070.9:28161028-28162332	NC_003071.7	90.435	460	31	6	151	608	13337152	13336704	2.54e-168	593
NC_003070.9:28161028-28162332	NC_003071.7	91.731	387	28	3	24	409	7959807	7960190	1.56e-150	534
NC_003070.9:28161028-28162332	NC_003071.7	93.895	344	18	3	7	349	4024201	4024542	5.65e-145	516
NC_003070.9:28161028-28162332	NC_003071.7	92.486	346	22	4	6	350	7111783	7112125	9.52e-138	492
NC_003070.9:28161028-28162332	NC_003071.7	92.151	344	24	3	6	348	980618	980277	5.73e-135	483
NC_003070.9:28161028-28162332	NC_003071.7	98.413	252	4	0	1011	1262	3565124	3565375	2.70e-123	444
NC_003070.9:28161028-28162332	NC_003071.7	92.759	290	21	0	1016	1305	2962573	2962284	4.56e-116	420
NC_003070.9:28161028-28162332	NC_003071.7	92.014	288	13	5	517	795	4024558	4024844	7.68e-109	396
NC_003070.9:28161028-28162332	NC_003071.7	93.233	266	15	3	6	270	3213355	3213092	1.29e-106	388
NC_003070.9:28161028-28162332	NC_003071.7	90.132	304	19	6	517	810	980261	979959	1.66e-105	385
NC_003070.9:28161028-28162332	NC_003071.7	92.279	272	17	4	7	277	3564382	3564650	5.98e-105	383
NC_003070.9:28161028-28162332	NC_003071.7	93.249	237	14	2	7	243	2962805	2962571	2.18e-94	348
NC_003070.9:28161028-28162332	NC_003071.7	90.347	259	22	3	14	271	6660968	6661224	4.72e-91	337
NC_003070.9:28161028-28162332	NC_003071.7	94.413	179	9	1	172	349	6101214	6101036	3.75e-72	274
NC_003070.9:28161028-28162332	NC_003071.7	97.561	41	1	0	167	207	12093482	12093442	5.29e-11	71.3
NC_003070.9:29078413-29079033	NC_003070.9	100.000	621	0	0	1	621	29078413	29079033	0.0	1147
NC_003070.9:29078413-29079033	NC_003070.9	93.750	608	31	5	2	606	19742139	19741536	0.0	905
NC_003070.9:29078413-29079033	NC_003070.9	93.511	601	37	2	3	602	25357824	25358423	0.0	893
NC_003070.9:29078413-29079033	NC_003070.9	93.092	608	37	5	1	605	8189959	8190564	0.0	885
NC_003070.9:29078413-29079033	NC_003070.9	93.189	602	36	5	2	601	2588430	2587832	0.0	880
NC_003070.9:29078413-29079033	NC_003070.9	88.651	608	61	5	3	606	12993595	12992992	0.0	734
NC_003070.9:29078413-29079033	NC_003070.9	87.854	601	67	5	4	601	14013409	14012812	0.0	701
NC_003070.9:29078413-29079033	NC_003070.9	86.678	608	67	12	3	603	11174210	11174810	0.0	662
NC_003070.9:29078413-29079033	NC_003070.9	86.899	603	61	5	3	602	12183991	12183404	0.0	660
NC_003070.9:29078413-29079033	NC_003070.9	86.644	584	58	7	23	601	19717926	19718494	3.24e-179	628
NC_003070.9:29078413-29079033	NC_003070.9	85.382	602	69	8	2	601	21335943	21336527	1.52e-172	606
NC_003070.9:29078413-29079033	NC_003070.9	86.438	553	51	7	57	602	12457720	12458255	7.11e-166	584
NC_003070.9:29078413-29079033	NC_003070.9	87.265	479	57	4	125	601	3498228	3497752	1.21e-153	544
NC_003070.9:29078413-29079033	NC_003070.9	86.936	421	46	4	181	601	16859043	16858632	9.66e-130	464
NC_003070.9:29078413-29079033	NC_003070.9	86.215	428	48	6	181	607	26307093	26307510	2.09e-126	453
NC_003070.9:29078413-29079033	NC_003070.9	89.714	175	14	4	428	602	19769404	19769574	2.31e-56	220
NC_003070.9:29078413-29079033	NC_003070.9	88.950	181	15	5	433	611	12240744	12240921	8.31e-56	219
NC_003070.9:29078413-29079033	NC_003070.9	89.349	169	18	0	433	601	8539595	8539763	3.86e-54	213
NC_003070.9:29078413-29079033	NC_003070.9	89.349	169	18	0	433	601	21615465	21615297	3.86e-54	213
NC_003070.9:29078413-29079033	NC_003070.9	88.372	172	17	3	433	602	10579972	10580142	2.33e-51	204
NC_003070.9:29078413-29079033	NC_003070.9	87.117	163	19	2	441	601	696636	696474	3.03e-45	183
NC_003070.9:29078413-29079033	NC_003070.9	85.795	176	22	3	428	602	12619352	12619525	3.03e-45	183
NC_003070.9:29078413-29079033	NC_003070.9	93.590	78	5	0	525	602	29774337	29774260	3.12e-25	117
NC_003070.9:29078413-29079033	NC_003070.9	88.421	95	11	0	3	97	13869873	13869967	1.12e-24	115
NC_003070.9:29078413-29079033	NC_003070.9	90.805	87	6	2	3	87	18766618	18766532	1.12e-24	115
NC_003070.9:29078413-29079033	NC_003070.9	89.888	89	8	1	165	252	19741843	19741755	4.03e-24	113
NC_003070.9:29078413-29079033	NC_003070.9	89.773	88	8	1	165	251	5531591	5531678	1.45e-23	111
NC_003070.9:29078413-29079033	NC_003070.9	89.773	88	8	1	165	251	12993298	12993211	1.45e-23	111
NC_003070.9:29078413-29079033	NC_003070.9	87.368	95	12	0	3	97	540987	540893	5.22e-23	110
NC_003070.9:29078413-29079033	NC_003070.9	88.764	89	9	1	165	252	8190256	8190344	1.88e-22	108
NC_003070.9:29078413-29079033	NC_003070.9	87.640	89	9	2	165	252	2588134	2588047	8.73e-21	102
NC_003070.9:29078413-29079033	NC_003070.9	88.372	86	9	1	165	249	17605848	17605933	8.73e-21	102
NC_003070.9:29078413-29079033	NC_003070.9	85.393	89	12	1	165	252	18804815	18804727	1.89e-17	91.6
NC_003070.9:29078413-29079033	NC_003076.8	95.159	599	26	3	2	599	14880215	14880811	0.0	942
NC_003070.9:29078413-29079033	NC_003076.8	94.046	571	30	4	2	571	19479576	19480143	0.0	863
NC_003070.9:29078413-29079033	NC_003076.8	88.648	599	63	5	2	599	9545737	9546331	0.0	725
NC_003070.9:29078413-29079033	NC_003076.8	87.354	601	71	4	3	601	14873456	14874053	0.0	684
NC_003070.9:29078413-29079033	NC_003076.8	86.700	609	61	8	3	606	20674822	20674229	0.0	658
NC_003070.9:29078413-29079033	NC_003076.8	86.134	613	57	9	2	610	23662581	23661993	0.0	636
NC_003070.9:29078413-29079033	NC_003076.8	85.113	618	59	10	3	601	25178777	25179380	7.06e-171	601
NC_003070.9:29078413-29079033	NC_003076.8	84.411	603	52	15	2	601	10042375	10041812	5.57e-157	555
NC_003070.9:29078413-29079033	NC_003076.8	86.574	432	46	7	173	602	22463782	22464203	2.69e-130	466
NC_003070.9:29078413-29079033	NC_003076.8	90.058	171	13	4	433	602	13231907	13232074	8.31e-56	219
NC_003070.9:29078413-29079033	NC_003076.8	89.474	171	18	0	433	603	20278782	20278612	2.99e-55	217
NC_003070.9:29078413-29079033	NC_003076.8	89.412	170	17	1	433	602	19101941	19102109	3.86e-54	213
NC_003070.9:29078413-29079033	NC_003076.8	89.349	169	17	1	433	601	24449208	24449375	1.39e-53	211
NC_003070.9:29078413-29079033	NC_003076.8	89.571	163	15	2	441	602	15031074	15030913	6.47e-52	206
NC_003070.9:29078413-29079033	NC_003076.8	88.757	169	18	1	433	601	17726818	17726985	6.47e-52	206
NC_003070.9:29078413-29079033	NC_003076.8	88.235	170	20	0	433	602	14080134	14080303	2.33e-51	204
NC_003070.9:29078413-29079033	NC_003076.8	92.537	134	10	0	468	601	24586923	24587056	5.03e-48	193
NC_003070.9:29078413-29079033	NC_003076.8	85.802	162	13	10	457	616	7700776	7700623	3.95e-39	163
NC_003070.9:29078413-29079033	NC_003076.8	86.207	145	12	4	457	601	14103803	14103667	3.07e-35	150
NC_003070.9:29078413-29079033	NC_003076.8	90.722	97	9	0	1	97	17726420	17726516	4.00e-29	130
NC_003070.9:29078413-29079033	NC_003076.8	90.909	88	7	1	165	251	350109	350196	3.12e-25	117
NC_003070.9:29078413-29079033	NC_003076.8	89.888	89	8	1	165	252	14880512	14880600	4.03e-24	113
NC_003070.9:29078413-29079033	NC_003076.8	88.764	89	9	1	165	252	25179075	25179163	1.88e-22	108
NC_003070.9:29078413-29079033	NC_003076.8	87.097	93	12	0	5	97	14395843	14395751	6.75e-22	106
NC_003070.9:29078413-29079033	NC_003076.8	87.097	93	12	0	5	97	14455142	14455050	6.75e-22	106
NC_003070.9:29078413-29079033	NC_003076.8	88.636	88	9	1	165	251	15659135	15659048	6.75e-22	106
NC_003070.9:29078413-29079033	NC_003076.8	87.640	89	10	1	165	252	9978876	9978788	8.73e-21	102
NC_003070.9:29078413-29079033	NC_003076.8	91.026	78	4	3	525	601	26893324	26893399	8.73e-21	102
NC_003070.9:29078413-29079033	NC_003076.8	88.312	77	9	0	525	601	24314419	24314495	5.25e-18	93.5
NC_003070.9:29078413-29079033	NC_003075.7	93.844	601	32	4	3	601	7154779	7155376	0.0	900
NC_003070.9:29078413-29079033	NC_003075.7	93.833	600	34	3	3	601	7905771	7906368	0.0	900
NC_003070.9:29078413-29079033	NC_003075.7	93.189	602	38	3	2	601	6427217	6426617	0.0	881
NC_003070.9:29078413-29079033	NC_003075.7	87.209	602	68	9	3	601	6895543	6894948	0.0	676
NC_003070.9:29078413-29079033	NC_003075.7	87.000	600	54	9	3	601	8725655	8725079	0.0	654
NC_003070.9:29078413-29079033	NC_003075.7	86.589	604	62	8	2	602	13124455	13123868	0.0	649
NC_003070.9:29078413-29079033	NC_003075.7	86.070	603	60	12	2	601	9146442	9147023	1.16e-178	627
NC_003070.9:29078413-29079033	NC_003075.7	86.461	421	48	4	181	601	964274	963863	2.09e-126	453
NC_003070.9:29078413-29079033	NC_003075.7	85.930	398	45	6	181	578	12968305	12967919	9.87e-115	414
NC_003070.9:29078413-29079033	NC_003075.7	89.080	174	16	3	428	601	1521649	1521819	3.86e-54	213
NC_003070.9:29078413-29079033	NC_003075.7	87.075	147	11	8	457	602	7034389	7034250	5.11e-38	159
NC_003070.9:29078413-29079033	NC_003075.7	89.888	89	8	1	165	252	6414343	6414255	4.03e-24	113
NC_003070.9:29078413-29079033	NC_003075.7	89.888	89	8	1	165	252	6426919	6426831	4.03e-24	113
NC_003070.9:29078413-29079033	NC_003075.7	89.888	89	8	1	165	252	7155075	7155163	4.03e-24	113
NC_003070.9:29078413-29079033	NC_003075.7	88.889	90	9	1	2	91	13537671	13537583	5.22e-23	110
NC_003070.9:29078413-29079033	NC_003075.7	92.308	78	3	3	525	601	12699287	12699362	1.88e-22	108
NC_003070.9:29078413-29079033	NC_003075.7	90.123	81	8	0	525	605	7383491	7383411	6.75e-22	106
NC_003070.9:29078413-29079033	NC_003075.7	94.203	69	3	1	3	71	2987147	2987214	2.43e-21	104
NC_003070.9:29078413-29079033	NC_003075.7	87.500	88	10	1	166	252	3897470	3897557	3.14e-20	100
NC_003070.9:29078413-29079033	NC_003075.7	87.500	88	10	1	165	251	7652862	7652949	3.14e-20	100
NC_003070.9:29078413-29079033	NC_003075.7	79.832	119	14	8	488	602	1957592	1957704	1.47e-13	78.7
NC_003070.9:29078413-29079033	NC_003074.8	93.046	604	38	4	3	604	15918691	15918090	0.0	880
NC_003070.9:29078413-29079033	NC_003074.8	89.701	602	55	5	3	601	8644742	8645339	0.0	761
NC_003070.9:29078413-29079033	NC_003074.8	87.396	603	58	8	3	602	19520641	19521228	0.0	676
NC_003070.9:29078413-29079033	NC_003074.8	84.577	603	75	6	3	602	18147108	18146521	2.56e-165	582
NC_003070.9:29078413-29079033	NC_003074.8	83.546	626	55	20	1	621	10681954	10681372	4.34e-153	542
NC_003070.9:29078413-29079033	NC_003074.8	89.143	175	18	1	428	602	20769771	20769598	2.99e-55	217
NC_003070.9:29078413-29079033	NC_003074.8	89.143	175	15	4	429	602	16485478	16485307	1.07e-54	215
NC_003070.9:29078413-29079033	NC_003074.8	87.283	173	20	2	433	605	5866263	5866433	3.89e-49	196
NC_003070.9:29078413-29079033	NC_003074.8	87.647	170	20	1	433	602	17402168	17402000	3.89e-49	196
NC_003070.9:29078413-29079033	NC_003074.8	86.782	174	20	3	433	605	19740173	19740344	1.81e-47	191
NC_003070.9:29078413-29079033	NC_003074.8	90.698	86	7	1	2	86	4551548	4551633	4.03e-24	113
NC_003070.9:29078413-29079033	NC_003074.8	89.247	93	5	5	525	616	8596179	8596091	1.45e-23	111
NC_003070.9:29078413-29079033	NC_003074.8	89.773	88	8	1	166	252	18146810	18146723	1.45e-23	111
NC_003070.9:29078413-29079033	NC_003074.8	88.764	89	9	1	165	252	7937273	7937185	1.88e-22	108
NC_003070.9:29078413-29079033	NC_003074.8	89.535	86	8	1	165	249	19520939	19521024	1.88e-22	108
NC_003070.9:29078413-29079033	NC_003071.7	93.289	596	36	4	7	601	7178423	7179015	0.0	876
NC_003070.9:29078413-29079033	NC_003071.7	89.752	605	54	6	1	601	2299065	2299665	0.0	767
NC_003070.9:29078413-29079033	NC_003071.7	89.735	565	53	3	2	563	10239496	10238934	0.0	717
NC_003070.9:29078413-29079033	NC_003071.7	86.567	603	62	9	3	601	11597292	11597879	0.0	647
NC_003070.9:29078413-29079033	NC_003071.7	87.234	423	42	7	181	602	17992954	17992543	5.77e-132	472
NC_003070.9:29078413-29079033	NC_003071.7	86.111	432	49	6	173	602	8907575	8907997	5.82e-127	455
NC_003070.9:29078413-29079033	NC_003071.7	86.019	422	48	6	181	601	9891657	9891246	4.53e-123	442
NC_003070.9:29078413-29079033	NC_003071.7	88.827	179	17	3	429	605	1383726	1383549	2.99e-55	217
NC_003070.9:29078413-29079033	NC_003071.7	88.701	177	17	3	431	606	7351377	7351551	3.86e-54	213
NC_003070.9:29078413-29079033	NC_003071.7	87.861	173	21	0	429	601	10996355	10996183	2.33e-51	204
NC_003070.9:29078413-29079033	NC_003071.7	87.571	177	19	2	428	602	2320760	2320935	8.37e-51	202
NC_003070.9:29078413-29079033	NC_003071.7	88.304	171	17	3	433	602	5038146	5038314	8.37e-51	202
NC_003070.9:29078413-29079033	NC_003071.7	86.986	146	11	8	457	601	9228775	9228637	1.84e-37	158
NC_003070.9:29078413-29079033	NC_003071.7	91.011	89	7	1	165	252	2299364	2299452	8.67e-26	119
NC_003070.9:29078413-29079033	NC_003071.7	93.506	77	5	0	525	601	1347288	1347212	1.12e-24	115
NC_003070.9:29078413-29079033	NC_003071.7	91.566	83	3	4	525	606	8173625	8173704	1.45e-23	111
NC_003070.9:29078413-29079033	NC_003071.7	89.773	88	8	1	165	251	10239198	10239111	1.45e-23	111
NC_003070.9:29078413-29079033	NC_003071.7	92.208	77	6	0	525	601	6901846	6901922	5.22e-23	110
NC_003070.9:29078413-29079033	NC_003071.7	88.764	89	9	1	165	252	8045971	8045883	1.88e-22	108
NC_003070.9:29078413-29079033	NC_003071.7	87.805	82	9	1	525	606	9030599	9030679	1.46e-18	95.3
NC_003070.9:29078413-29079033	NC_003071.7	80.508	118	13	7	488	601	7566660	7566549	1.14e-14	82.4
NC_003070.9:29078413-29079033	NC_003071.7	95.238	42	1	1	564	605	1367511	1367471	1.15e-09	65.8
