NC_003070.9:10221838-10222372	NC_003070.9	100.000	535	0	0	1	535	10221838	10222372	0.0	989
NC_003070.9:10221838-10222372	NC_003070.9	86.170	94	11	2	5	98	17115446	17115355	2.69e-20	100
NC_003070.9:10221838-10222372	NC_003076.8	94.796	538	24	4	1	535	6171682	6171146	0.0	835
NC_003070.9:10221838-10222372	NC_003076.8	83.425	181	26	3	2	181	13811825	13812002	9.39e-40	165
NC_003070.9:10221838-10222372	NC_003074.8	82.633	547	60	22	5	535	1342239	1341712	6.44e-126	451
NC_003070.9:10221838-10222372	NC_003074.8	87.952	249	26	4	2	249	2920514	2920269	1.48e-77	291
NC_003070.9:10221838-10222372	NC_003075.7	88.889	243	23	4	1	242	5414504	5414743	3.19e-79	296
NC_003070.9:10221838-10222372	NC_003075.7	86.413	184	18	5	2	182	185286	185465	1.20e-48	195
NC_003070.9:10221838-10222372	NC_003075.7	91.379	58	5	0	5	62	3771628	3771571	3.50e-14	80.5
NC_003070.9:10221838-10222372	NC_003071.7	87.640	89	10	1	2	90	2844642	2844729	7.47e-21	102
NC_003070.9:10221838-10222372	NC_003071.7	97.619	42	1	0	1	42	2129293	2129252	5.85e-12	73.1
NC_003070.9:10221838-10222372	NC_003071.7	91.837	49	2	2	1	47	5866739	5866691	2.72e-10	67.6
NC_003070.9:10652493-10652930	NC_003070.9	100.000	438	0	0	1	438	10652930	10652493	0.0	809
NC_003070.9:10652493-10652930	NC_003070.9	92.922	438	30	1	1	438	9062084	9062520	0.0	636
NC_003070.9:10652493-10652930	NC_003070.9	91.228	399	33	1	1	399	8723513	8723117	3.01e-153	542
NC_003070.9:10652493-10652930	NC_003070.9	88.584	438	38	2	1	438	18287193	18287618	3.92e-147	521
NC_003070.9:10652493-10652930	NC_003070.9	93.359	256	17	0	183	438	13808353	13808608	2.50e-104	379
NC_003070.9:10652493-10652930	NC_003070.9	82.688	439	47	18	4	438	16998809	16998396	2.52e-99	363
NC_003070.9:10652493-10652930	NC_003070.9	81.507	438	54	19	4	438	28750313	28749900	5.49e-91	335
NC_003070.9:10652493-10652930	NC_003070.9	90.393	229	21	1	1	228	8375151	8374923	2.00e-80	300
NC_003070.9:10652493-10652930	NC_003070.9	90.233	215	20	1	1	214	16822273	16822487	2.61e-74	279
NC_003070.9:10652493-10652930	NC_003070.9	89.623	212	21	1	4	214	11806171	11805960	5.64e-71	268
NC_003070.9:10652493-10652930	NC_003070.9	91.327	196	17	0	16	211	18126620	18126815	5.64e-71	268
NC_003070.9:10652493-10652930	NC_003070.9	92.090	177	14	0	1	177	13808204	13808380	2.04e-65	250
NC_003070.9:10652493-10652930	NC_003070.9	90.196	102	10	0	337	438	16822787	16822888	2.15e-30	134
NC_003070.9:10652493-10652930	NC_003075.7	93.151	438	28	2	1	438	2316524	2316089	0.0	641
NC_003070.9:10652493-10652930	NC_003075.7	92.694	438	32	0	1	438	4650110	4650547	1.74e-180	632
NC_003070.9:10652493-10652930	NC_003075.7	90.868	438	40	0	1	438	12714136	12713699	3.81e-167	588
NC_003070.9:10652493-10652930	NC_003075.7	89.498	438	46	0	1	438	16705425	16705862	3.87e-157	555
NC_003070.9:10652493-10652930	NC_003075.7	92.035	339	26	1	1	339	4906330	4905993	3.10e-133	475
NC_003070.9:10652493-10652930	NC_003075.7	91.941	273	20	2	1	272	4909348	4909077	6.95e-105	381
NC_003070.9:10652493-10652930	NC_003075.7	89.119	193	20	1	1	193	15592391	15592200	4.43e-62	239
NC_003070.9:10652493-10652930	NC_003075.7	94.118	68	4	0	337	404	4875809	4875742	1.68e-21	104
NC_003070.9:10652493-10652930	NC_003074.8	92.237	438	34	0	1	438	15783155	15783592	3.76e-177	621
NC_003070.9:10652493-10652930	NC_003074.8	92.237	438	34	0	1	438	16851842	16851405	3.76e-177	621
NC_003070.9:10652493-10652930	NC_003074.8	93.510	416	27	0	1	416	15642913	15643328	1.35e-176	619
NC_003070.9:10652493-10652930	NC_003074.8	92.009	438	34	1	1	438	18976720	18977156	6.29e-175	614
NC_003070.9:10652493-10652930	NC_003074.8	90.909	440	35	4	1	438	10791549	10791113	1.37e-166	586
NC_003070.9:10652493-10652930	NC_003074.8	90.411	438	42	0	1	438	19648580	19648143	8.26e-164	577
NC_003070.9:10652493-10652930	NC_003074.8	90.311	289	28	0	150	438	10908292	10908004	2.50e-104	379
NC_003070.9:10652493-10652930	NC_003074.8	81.149	435	55	17	4	435	538783	539193	1.19e-87	324
NC_003070.9:10652493-10652930	NC_003074.8	79.318	440	65	17	4	438	9767685	9768103	5.60e-76	285
NC_003070.9:10652493-10652930	NC_003074.8	92.228	193	14	1	1	193	14785551	14785360	4.36e-72	272
NC_003070.9:10652493-10652930	NC_003074.8	89.524	210	22	0	1	210	10908474	10908265	2.03e-70	267
NC_003070.9:10652493-10652930	NC_003074.8	87.500	104	9	3	339	438	14785298	14785195	2.16e-25	117
NC_003070.9:10652493-10652930	NC_003074.8	89.157	83	8	1	4	85	12981843	12981761	6.06e-21	102
NC_003070.9:10652493-10652930	NC_003076.8	93.510	416	27	0	1	416	17438315	17438730	1.35e-176	619
NC_003070.9:10652493-10652930	NC_003076.8	92.009	438	33	2	1	436	8178107	8177670	6.29e-175	614
NC_003070.9:10652493-10652930	NC_003076.8	89.977	439	41	3	1	438	14985232	14984796	6.43e-160	564
NC_003070.9:10652493-10652930	NC_003076.8	89.041	438	35	6	1	438	15213323	15212899	6.52e-150	531
NC_003070.9:10652493-10652930	NC_003076.8	80.690	435	57	19	7	438	13608302	13608712	2.57e-84	313
NC_003070.9:10652493-10652930	NC_003076.8	80.137	438	61	18	4	438	26233530	26233116	1.55e-81	303
NC_003070.9:10652493-10652930	NC_003076.8	90.909	209	18	1	4	211	18113644	18113852	2.61e-74	279
NC_003070.9:10652493-10652930	NC_003076.8	89.302	215	22	1	1	214	8808995	8809209	5.64e-71	268
NC_003070.9:10652493-10652930	NC_003076.8	89.583	192	20	0	1	192	18147553	18147744	9.51e-64	244
NC_003070.9:10652493-10652930	NC_003076.8	90.449	178	17	0	1	178	16387691	16387868	5.73e-61	235
NC_003070.9:10652493-10652930	NC_003076.8	89.216	102	11	0	337	438	18147806	18147907	1.00e-28	128
NC_003070.9:10652493-10652930	NC_003076.8	88.776	98	11	0	341	438	8809513	8809610	1.67e-26	121
NC_003070.9:10652493-10652930	NC_003071.7	90.868	438	40	0	1	438	2735215	2734778	3.81e-167	588
NC_003070.9:10652493-10652930	NC_003071.7	90.639	438	40	1	1	438	2820420	2820856	6.38e-165	580
NC_003070.9:10652493-10652930	NC_003071.7	90.719	431	40	0	1	431	6946155	6946585	2.97e-163	575
NC_003070.9:10652493-10652930	NC_003071.7	89.425	435	34	1	1	435	4307703	4307281	3.90e-152	538
NC_003070.9:10652493-10652930	NC_003071.7	91.038	212	18	1	4	214	11129216	11129005	5.60e-76	285
NC_003070.9:10652493-10652930	NC_003071.7	90.995	211	18	1	1	210	510988	511198	2.02e-75	283
NC_003070.9:10652493-10652930	NC_003071.7	90.233	215	20	1	1	214	10406501	10406715	2.61e-74	279
NC_003070.9:10652493-10652930	NC_003071.7	88.889	216	22	2	1	214	19269200	19268985	7.30e-70	265
NC_003070.9:10652493-10652930	NC_003071.7	91.781	146	12	0	293	438	511194	511339	1.61e-51	204
NC_003070.9:10652493-10652930	NC_003071.7	87.952	83	9	1	4	85	3211633	3211551	2.82e-19	97.1
NC_003070.9:9918453-9919332	NC_003070.9	100.000	880	0	0	1	880	9919332	9918453	0.0	1626
NC_003070.9:9918453-9919332	NC_003070.9	96.286	377	13	1	505	880	12993372	12992996	1.01e-175	617
NC_003070.9:9918453-9919332	NC_003070.9	95.491	377	15	2	505	880	5531517	5531892	1.01e-170	601
NC_003070.9:9918453-9919332	NC_003070.9	91.270	378	30	3	506	880	8190182	8190559	4.88e-144	512
NC_003070.9:9918453-9919332	NC_003070.9	90.765	379	30	4	506	880	19741917	19741540	1.06e-140	501
NC_003070.9:9918453-9919332	NC_003070.9	90.186	377	35	2	506	880	25358046	25358422	2.29e-137	490
NC_003070.9:9918453-9919332	NC_003070.9	90.212	378	32	5	506	880	2588207	2587832	8.23e-137	488
NC_003070.9:9918453-9919332	NC_003070.9	90.000	380	33	5	504	880	3498129	3497752	2.96e-136	486
NC_003070.9:9918453-9919332	NC_003070.9	90.026	381	30	7	504	880	13879431	13879055	2.96e-136	486
NC_003070.9:9918453-9919332	NC_003070.9	90.000	380	33	5	504	880	14013189	14012812	2.96e-136	486
NC_003070.9:9918453-9919332	NC_003070.9	89.267	382	32	9	504	880	11174431	11174808	2.98e-131	470
NC_003070.9:9918453-9919332	NC_003070.9	89.446	379	30	6	504	880	16859002	16858632	2.98e-131	470
NC_003070.9:9918453-9919332	NC_003070.9	89.125	377	36	4	504	878	17632642	17633015	1.39e-129	464
NC_003070.9:9918453-9919332	NC_003070.9	88.451	381	27	7	504	880	19718127	19718494	1.81e-123	444
NC_003070.9:9918453-9919332	NC_003070.9	88.391	379	27	7	504	880	12457891	12458254	2.34e-122	440
NC_003070.9:9918453-9919332	NC_003070.9	88.127	379	28	8	504	880	17605772	17606135	1.09e-120	435
NC_003070.9:9918453-9919332	NC_003070.9	87.599	379	31	6	504	880	12183769	12183405	6.54e-118	425
NC_003070.9:9918453-9919332	NC_003070.9	87.302	378	37	7	504	878	26307134	26307503	8.47e-117	422
NC_003070.9:9918453-9919332	NC_003070.9	87.071	379	32	7	504	880	20509200	20508837	5.10e-114	412
NC_003070.9:9918453-9919332	NC_003070.9	86.842	380	31	8	504	880	21336164	21336527	2.37e-112	407
NC_003070.9:9918453-9919332	NC_003070.9	87.006	354	30	8	506	857	18804889	18804550	1.11e-105	385
NC_003070.9:9918453-9919332	NC_003070.9	93.939	198	10	2	1	197	5531296	5531492	1.49e-79	298
NC_003070.9:9918453-9919332	NC_003070.9	93.970	199	9	2	1	197	12993595	12993398	1.49e-79	298
NC_003070.9:9918453-9919332	NC_003070.9	92.228	193	14	1	1	193	25357824	25358015	9.02e-72	272
NC_003070.9:9918453-9919332	NC_003070.9	90.625	192	16	2	1	192	8189961	8190150	3.27e-66	254
NC_003070.9:9918453-9919332	NC_003070.9	90.155	193	18	1	1	192	12183991	12183799	4.23e-65	250
NC_003070.9:9918453-9919332	NC_003070.9	90.526	190	17	1	4	192	18805110	18804921	4.23e-65	250
NC_003070.9:9918453-9919332	NC_003070.9	90.052	191	19	0	2	192	14013409	14013219	1.52e-64	248
NC_003070.9:9918453-9919332	NC_003070.9	89.691	194	17	3	1	192	17605550	17605742	1.97e-63	244
NC_003070.9:9918453-9919332	NC_003070.9	90.608	181	15	2	1	181	19742138	19741960	9.15e-62	239
NC_003070.9:9918453-9919332	NC_003070.9	88.601	193	21	1	1	192	20509422	20509230	4.26e-60	233
NC_003070.9:9918453-9919332	NC_003070.9	89.595	173	15	3	709	880	4770285	4770115	4.29e-55	217
NC_003070.9:9918453-9919332	NC_003070.9	90.845	142	13	0	1	142	26306960	26307101	2.60e-47	191
NC_003070.9:9918453-9919332	NC_003070.9	87.059	170	19	3	712	880	10021581	10021414	9.35e-47	189
NC_003070.9:9918453-9919332	NC_003070.9	85.882	170	21	3	713	880	21739244	21739076	2.02e-43	178
NC_003070.9:9918453-9919332	NC_003070.9	93.966	116	6	1	504	618	24027405	24027520	2.62e-42	174
NC_003070.9:9918453-9919332	NC_003070.9	84.483	174	23	4	709	880	20166842	20166671	1.22e-40	169
NC_003070.9:9918453-9919332	NC_003070.9	92.929	99	6	1	1	98	6403657	6403559	7.38e-33	143
NC_003070.9:9918453-9919332	NC_003070.9	92.708	96	6	1	1	96	16401003	16400909	3.43e-31	137
NC_003070.9:9918453-9919332	NC_003070.9	91.753	97	7	1	1	97	12097456	12097551	4.44e-30	134
NC_003070.9:9918453-9919332	NC_003070.9	91.667	96	7	1	1	96	5899755	5899661	1.60e-29	132
NC_003070.9:9918453-9919332	NC_003070.9	91.667	96	7	1	1	96	21918434	21918528	1.60e-29	132
NC_003070.9:9918453-9919332	NC_003070.9	93.333	90	2	4	1	87	19665948	19666036	5.75e-29	130
NC_003070.9:9918453-9919332	NC_003070.9	93.103	87	4	2	1	85	18766618	18766532	7.43e-28	126
NC_003070.9:9918453-9919332	NC_003070.9	90.625	96	7	2	1	96	26880721	26880814	7.43e-28	126
NC_003070.9:9918453-9919332	NC_003070.9	92.045	88	6	1	579	666	12457833	12457919	9.62e-27	122
NC_003070.9:9918453-9919332	NC_003070.9	84.252	127	18	2	754	880	16327179	16327303	9.62e-27	122
NC_003070.9:9918453-9919332	NC_003070.9	84.252	127	18	2	754	880	16826246	16826370	9.62e-27	122
NC_003070.9:9918453-9919332	NC_003070.9	92.045	88	6	1	579	666	17605714	17605800	9.62e-27	122
NC_003070.9:9918453-9919332	NC_003070.9	84.252	127	18	2	754	880	19465214	19465090	9.62e-27	122
NC_003070.9:9918453-9919332	NC_003070.9	92.045	88	6	1	579	666	24027347	24027433	9.62e-27	122
NC_003070.9:9918453-9919332	NC_003070.9	83.846	130	18	3	751	880	14308890	14308764	3.46e-26	121
NC_003070.9:9918453-9919332	NC_003070.9	83.846	130	17	4	752	880	18792738	18792864	3.46e-26	121
NC_003070.9:9918453-9919332	NC_003070.9	89.474	95	8	2	1	94	2473307	2473214	1.24e-25	119
NC_003070.9:9918453-9919332	NC_003070.9	89.583	96	7	2	1	96	6219140	6219048	1.24e-25	119
NC_003070.9:9918453-9919332	NC_003070.9	83.846	130	15	5	752	880	11701603	11701727	1.24e-25	119
NC_003070.9:9918453-9919332	NC_003070.9	83.721	129	18	3	752	880	23553916	23553791	1.24e-25	119
NC_003070.9:9918453-9919332	NC_003070.9	83.465	127	19	2	754	880	12562353	12562229	4.47e-25	117
NC_003070.9:9918453-9919332	NC_003070.9	90.909	88	7	1	579	666	14013247	14013161	4.47e-25	117
NC_003070.9:9918453-9919332	NC_003070.9	82.946	129	20	2	752	880	19064466	19064592	1.61e-24	115
NC_003070.9:9918453-9919332	NC_003070.9	88.542	96	10	1	1	96	23125693	23125599	1.61e-24	115
NC_003070.9:9918453-9919332	NC_003070.9	83.465	127	18	3	754	880	25962588	25962465	1.61e-24	115
NC_003070.9:9918453-9919332	NC_003070.9	82.946	129	19	3	752	880	8489539	8489414	5.79e-24	113
NC_003070.9:9918453-9919332	NC_003070.9	82.171	129	21	2	752	880	7037164	7037290	7.49e-23	110
NC_003070.9:9918453-9919332	NC_003070.9	87.500	96	11	1	1	96	27240719	27240813	7.49e-23	110
NC_003070.9:9918453-9919332	NC_003070.9	82.258	124	19	3	757	880	13015971	13015851	3.48e-21	104
NC_003070.9:9918453-9919332	NC_003070.9	81.890	127	20	3	755	880	22992056	22991932	3.48e-21	104
NC_003070.9:9918453-9919332	NC_003070.9	81.395	129	21	3	752	880	22451880	22452005	1.25e-20	102
NC_003070.9:9918453-9919332	NC_003070.9	81.102	127	21	3	755	880	12328051	12327927	1.62e-19	99.0
NC_003070.9:9918453-9919332	NC_003070.9	81.102	127	21	3	755	880	22620714	22620590	1.62e-19	99.0
NC_003070.9:9918453-9919332	NC_003070.9	81.102	127	21	3	755	880	30251102	30250978	1.62e-19	99.0
NC_003070.9:9918453-9919332	NC_003070.9	92.308	65	4	1	1	65	6514476	6514539	2.71e-17	91.6
NC_003070.9:9918453-9919332	NC_003070.9	92.188	64	4	1	1	64	9385033	9384971	9.75e-17	89.8
NC_003070.9:9918453-9919332	NC_003070.9	92.188	64	4	1	1	64	18301142	18301080	9.75e-17	89.8
NC_003070.9:9918453-9919332	NC_003070.9	84.444	90	13	1	1	90	11526798	11526710	3.51e-16	87.9
NC_003070.9:9918453-9919332	NC_003070.9	91.935	62	4	1	1	62	10579424	10579484	1.26e-15	86.1
NC_003070.9:9918453-9919332	NC_003070.9	93.103	58	4	0	7	64	16890966	16890909	1.26e-15	86.1
NC_003070.9:9918453-9919332	NC_003070.9	89.231	65	7	0	1	65	12618638	12618702	1.63e-14	82.4
NC_003070.9:9918453-9919332	NC_003076.8	96.552	377	12	1	505	880	350035	350411	2.16e-177	623
NC_003070.9:9918453-9919332	NC_003076.8	95.503	378	13	3	505	880	15659209	15658834	1.01e-170	601
NC_003070.9:9918453-9919332	NC_003076.8	91.733	375	28	3	506	878	14880438	14880811	1.05e-145	518
NC_003070.9:9918453-9919332	NC_003076.8	90.716	377	32	3	504	878	9545956	9546331	3.80e-140	499
NC_003070.9:9918453-9919332	NC_003076.8	92.197	346	26	1	506	850	19479797	19480142	8.23e-137	488
NC_003070.9:9918453-9919332	NC_003076.8	90.237	379	26	7	504	880	10042181	10041812	1.06e-135	484
NC_003070.9:9918453-9919332	NC_003076.8	89.710	379	35	3	504	880	14873677	14874053	1.38e-134	481
NC_003070.9:9918453-9919332	NC_003076.8	88.918	379	32	6	504	880	19114951	19114581	6.45e-128	459
NC_003070.9:9918453-9919332	NC_003076.8	88.095	378	36	5	504	880	22463833	22464202	2.34e-122	440
NC_003070.9:9918453-9919332	NC_003076.8	87.071	379	34	5	504	880	20674599	20674234	1.42e-114	414
NC_003070.9:9918453-9919332	NC_003076.8	86.772	378	34	6	504	878	9978952	9978588	2.37e-112	407
NC_003070.9:9918453-9919332	NC_003076.8	85.488	379	31	10	504	880	23662360	23662004	2.40e-102	374
NC_003070.9:9918453-9919332	NC_003076.8	85.063	395	28	14	504	880	25178999	25179380	2.40e-102	374
NC_003070.9:9918453-9919332	NC_003076.8	95.337	193	9	0	1	193	15659431	15659239	2.47e-82	307
NC_003070.9:9918453-9919332	NC_003076.8	93.814	194	9	1	1	191	349810	350003	8.96e-77	289
NC_003070.9:9918453-9919332	NC_003076.8	92.188	192	14	1	1	192	14880216	14880406	3.25e-71	270
NC_003070.9:9918453-9919332	NC_003076.8	92.593	189	12	2	1	189	19479577	19479763	3.25e-71	270
NC_003070.9:9918453-9919332	NC_003076.8	90.155	193	17	2	1	192	9979173	9978982	4.23e-65	250
NC_003070.9:9918453-9919332	NC_003076.8	90.104	192	18	1	1	191	20674822	20674631	1.52e-64	248
NC_003070.9:9918453-9919332	NC_003076.8	90.805	174	12	4	709	880	17043730	17043901	5.51e-59	230
NC_003070.9:9918453-9919332	NC_003076.8	90.116	172	13	4	712	880	22621348	22621178	3.31e-56	220
NC_003070.9:9918453-9919332	NC_003076.8	89.474	171	15	3	711	880	26787274	26787106	5.55e-54	213
NC_003070.9:9918453-9919332	NC_003076.8	88.591	149	16	1	733	880	14810677	14810825	5.63e-44	180
NC_003070.9:9918453-9919332	NC_003076.8	88.276	145	16	1	737	880	9557803	9557659	9.41e-42	172
NC_003070.9:9918453-9919332	NC_003076.8	92.708	96	6	1	1	96	13892686	13892592	3.43e-31	137
NC_003070.9:9918453-9919332	NC_003076.8	86.154	130	12	6	752	880	21775911	21775787	1.24e-30	135
NC_003070.9:9918453-9919332	NC_003076.8	91.667	96	7	1	1	96	24117960	24118054	1.60e-29	132
NC_003070.9:9918453-9919332	NC_003076.8	91.667	96	7	1	1	96	24448812	24448906	1.60e-29	132
NC_003070.9:9918453-9919332	NC_003076.8	90.625	96	8	1	1	96	7417331	7417425	7.43e-28	126
NC_003070.9:9918453-9919332	NC_003076.8	90.625	96	8	1	1	96	14104208	14104114	7.43e-28	126
NC_003070.9:9918453-9919332	NC_003076.8	85.366	123	16	2	758	880	14143814	14143694	7.43e-28	126
NC_003070.9:9918453-9919332	NC_003076.8	90.625	96	8	1	1	96	16870923	16871017	7.43e-28	126
NC_003070.9:9918453-9919332	NC_003076.8	92.045	88	6	1	579	666	14873619	14873705	9.62e-27	122
NC_003070.9:9918453-9919332	NC_003076.8	89.583	96	9	1	1	96	9558216	9558122	3.46e-26	121
NC_003070.9:9918453-9919332	NC_003076.8	83.721	129	19	2	752	880	15042260	15042134	3.46e-26	121
NC_003070.9:9918453-9919332	NC_003076.8	83.721	129	19	2	752	880	24475417	24475291	3.46e-26	121
NC_003070.9:9918453-9919332	NC_003076.8	83.721	129	18	3	752	880	5428081	5427956	1.24e-25	119
NC_003070.9:9918453-9919332	NC_003076.8	83.594	128	19	2	753	880	7153309	7153184	1.24e-25	119
NC_003070.9:9918453-9919332	NC_003076.8	90.909	88	7	1	579	666	349976	350062	4.47e-25	117
NC_003070.9:9918453-9919332	NC_003076.8	89.362	94	9	1	3	96	15882295	15882387	4.47e-25	117
NC_003070.9:9918453-9919332	NC_003076.8	88.542	96	10	1	1	96	6702418	6702324	1.61e-24	115
NC_003070.9:9918453-9919332	NC_003076.8	82.946	129	20	1	752	880	15604795	15604669	1.61e-24	115
NC_003070.9:9918453-9919332	NC_003076.8	92.593	81	4	2	7	85	25845358	25845278	1.61e-24	115
NC_003070.9:9918453-9919332	NC_003076.8	82.946	129	19	3	752	880	4314741	4314866	5.79e-24	113
NC_003070.9:9918453-9919332	NC_003076.8	86.111	108	11	4	777	880	15882659	15882766	5.79e-24	113
NC_003070.9:9918453-9919332	NC_003076.8	82.946	129	19	3	752	880	16358419	16358544	5.79e-24	113
NC_003070.9:9918453-9919332	NC_003076.8	82.946	129	19	3	752	880	17796263	17796138	5.79e-24	113
NC_003070.9:9918453-9919332	NC_003076.8	89.773	88	8	1	579	666	15659268	15659182	2.08e-23	111
NC_003070.9:9918453-9919332	NC_003076.8	91.250	80	7	0	1	80	15779044	15779123	7.49e-23	110
NC_003070.9:9918453-9919332	NC_003076.8	87.500	96	11	1	1	96	16712851	16712945	7.49e-23	110
NC_003070.9:9918453-9919332	NC_003076.8	82.171	129	19	4	752	880	8744749	8744625	2.69e-22	108
NC_003070.9:9918453-9919332	NC_003076.8	86.458	96	12	1	1	96	7701181	7701087	3.48e-21	104
NC_003070.9:9918453-9919332	NC_003076.8	80.916	131	21	4	754	880	25265207	25265337	4.51e-20	100
NC_003070.9:9918453-9919332	NC_003076.8	80.620	129	23	2	752	880	10715496	10715622	1.62e-19	99.0
NC_003070.9:9918453-9919332	NC_003076.8	93.846	65	3	1	1	65	7488977	7488914	5.83e-19	97.1
NC_003070.9:9918453-9919332	NC_003076.8	93.846	65	3	1	1	65	9866841	9866904	5.83e-19	97.1
NC_003070.9:9918453-9919332	NC_003076.8	93.846	65	3	1	1	65	15536012	15535949	5.83e-19	97.1
NC_003070.9:9918453-9919332	NC_003076.8	85.393	89	12	1	1	89	8280718	8280805	2.71e-17	91.6
NC_003070.9:9918453-9919332	NC_003076.8	92.308	65	4	1	1	65	15162255	15162318	2.71e-17	91.6
NC_003070.9:9918453-9919332	NC_003076.8	91.935	62	4	1	1	62	19153746	19153686	1.26e-15	86.1
NC_003070.9:9918453-9919332	NC_003076.8	90.625	64	5	1	1	64	17481151	17481213	4.54e-15	84.2
NC_003070.9:9918453-9919332	NC_003076.8	89.231	65	6	1	1	65	22020973	22021036	5.87e-14	80.5
NC_003070.9:9918453-9919332	NC_003076.8	100.000	29	0	0	163	191	9546031	9546059	3.56e-06	54.7
NC_003070.9:9918453-9919332	NC_003071.7	96.450	338	12	0	505	842	10239272	10238935	6.18e-158	558
NC_003070.9:9918453-9919332	NC_003071.7	93.158	380	21	5	504	880	2299288	2299665	2.88e-156	553
NC_003070.9:9918453-9919332	NC_003071.7	91.053	380	28	5	504	880	4758477	4758101	6.32e-143	508
NC_003070.9:9918453-9919332	NC_003071.7	90.451	377	32	3	506	880	7178641	7179015	1.77e-138	494
NC_003070.9:9918453-9919332	NC_003071.7	88.918	379	31	7	504	880	17992913	17992544	2.32e-127	457
NC_003070.9:9918453-9919332	NC_003071.7	88.654	379	33	6	504	880	8907626	8907996	3.00e-126	453
NC_003070.9:9918453-9919332	NC_003071.7	88.158	380	33	8	504	880	9891616	9891246	6.50e-123	442
NC_003070.9:9918453-9919332	NC_003071.7	86.544	379	35	7	504	880	11597515	11597879	3.07e-111	403
NC_003070.9:9918453-9919332	NC_003071.7	86.472	377	26	6	504	878	8046047	8045694	2.39e-107	390
NC_003070.9:9918453-9919332	NC_003071.7	87.847	288	31	4	597	880	825987	826274	1.13e-90	335
NC_003070.9:9918453-9919332	NC_003071.7	94.845	194	9	1	1	193	10239495	10239302	1.15e-80	302
NC_003070.9:9918453-9919332	NC_003071.7	92.268	194	13	2	1	192	11597292	11597485	2.51e-72	274
NC_003070.9:9918453-9919332	NC_003071.7	91.710	193	15	1	1	192	8046269	8046077	4.20e-70	267
NC_003070.9:9918453-9919332	NC_003071.7	92.063	189	14	1	5	193	7178423	7178610	1.51e-69	265
NC_003070.9:9918453-9919332	NC_003071.7	88.542	192	22	0	1	192	4758696	4758505	4.26e-60	233
NC_003070.9:9918453-9919332	NC_003071.7	89.655	174	14	4	709	880	19623475	19623646	1.19e-55	219
NC_003070.9:9918453-9919332	NC_003071.7	88.506	174	17	3	709	880	2139213	2139385	2.58e-52	207
NC_003070.9:9918453-9919332	NC_003071.7	87.571	177	16	5	709	880	15134597	15134772	4.32e-50	200
NC_003070.9:9918453-9919332	NC_003071.7	87.283	173	19	3	709	880	13102190	13102360	2.01e-48	195
NC_003070.9:9918453-9919332	NC_003071.7	86.286	175	20	4	708	880	1038221	1038049	3.36e-46	187
NC_003070.9:9918453-9919332	NC_003071.7	86.286	175	19	4	708	880	7340771	7340942	1.21e-45	185
NC_003070.9:9918453-9919332	NC_003071.7	87.586	145	17	1	737	880	6206739	6206595	4.38e-40	167
NC_003070.9:9918453-9919332	NC_003071.7	91.667	96	7	1	1	96	9860514	9860420	1.60e-29	132
NC_003070.9:9918453-9919332	NC_003071.7	84.615	130	18	2	751	880	3212452	3212325	2.07e-28	128
NC_003070.9:9918453-9919332	NC_003071.7	84.615	130	18	2	751	880	11285242	11285115	2.07e-28	128
NC_003070.9:9918453-9919332	NC_003071.7	93.103	87	4	2	1	85	1303113	1303027	7.43e-28	126
NC_003070.9:9918453-9919332	NC_003071.7	90.625	96	8	1	1	96	6207151	6207057	7.43e-28	126
NC_003070.9:9918453-9919332	NC_003071.7	90.625	96	7	2	1	96	7340381	7340474	7.43e-28	126
NC_003070.9:9918453-9919332	NC_003071.7	90.625	96	8	1	1	96	9433091	9433185	7.43e-28	126
NC_003070.9:9918453-9919332	NC_003071.7	90.909	88	7	1	579	666	8046105	8046019	4.47e-25	117
NC_003070.9:9918453-9919332	NC_003071.7	90.909	88	5	2	579	666	4758533	4758449	1.61e-24	115
NC_003070.9:9918453-9919332	NC_003071.7	88.542	96	10	1	1	96	9229179	9229085	1.61e-24	115
NC_003070.9:9918453-9919332	NC_003071.7	88.542	96	10	1	1	96	19623102	19623196	1.61e-24	115
NC_003070.9:9918453-9919332	NC_003071.7	89.773	88	8	1	579	666	10239331	10239245	2.08e-23	111
NC_003070.9:9918453-9919332	NC_003071.7	82.171	129	21	1	752	880	6663995	6664121	7.49e-23	110
NC_003070.9:9918453-9919332	NC_003071.7	82.171	129	20	3	752	880	7112803	7112928	2.69e-22	108
NC_003070.9:9918453-9919332	NC_003071.7	87.952	83	8	2	799	880	9585274	9585355	5.83e-19	97.1
NC_003070.9:9918453-9919332	NC_003071.7	92.308	65	4	1	1	65	3198502	3198439	2.71e-17	91.6
NC_003070.9:9918453-9919332	NC_003071.7	92.188	64	4	1	1	64	6901191	6901253	9.75e-17	89.8
NC_003070.9:9918453-9919332	NC_003071.7	79.528	127	22	4	755	880	4024867	4024990	3.51e-16	87.9
NC_003070.9:9918453-9919332	NC_003071.7	90.769	65	5	1	1	65	1322856	1322793	1.26e-15	86.1
NC_003070.9:9918453-9919332	NC_003071.7	90.625	64	5	1	1	64	9029807	9029869	4.54e-15	84.2
NC_003070.9:9918453-9919332	NC_003071.7	90.625	64	5	1	1	64	10070964	10070902	4.54e-15	84.2
NC_003070.9:9918453-9919332	NC_003071.7	89.062	64	6	1	1	64	11909720	11909658	2.11e-13	78.7
NC_003070.9:9918453-9919332	NC_003071.7	88.889	63	6	1	2	64	2320063	2320124	7.59e-13	76.8
NC_003070.9:9918453-9919332	NC_003075.7	91.733	375	29	2	508	880	6426991	6426617	2.92e-146	520
NC_003070.9:9918453-9919332	NC_003075.7	91.005	378	29	4	506	880	7155001	7155376	8.17e-142	505
NC_003070.9:9918453-9919332	NC_003075.7	90.716	377	32	3	506	880	7905993	7906368	3.80e-140	499
NC_003070.9:9918453-9919332	NC_003075.7	89.974	379	33	4	504	880	6895323	6894948	1.06e-135	484
NC_003070.9:9918453-9919332	NC_003075.7	88.918	379	32	6	504	880	964233	963863	6.45e-128	459
NC_003070.9:9918453-9919332	NC_003075.7	88.654	379	27	9	504	880	13124233	13123869	1.40e-124	448
NC_003070.9:9918453-9919332	NC_003075.7	88.127	379	30	5	504	880	6414419	6414054	3.02e-121	436
NC_003070.9:9918453-9919332	NC_003075.7	87.037	378	27	8	504	880	8725435	8725079	2.37e-112	407
NC_003070.9:9918453-9919332	NC_003075.7	87.324	355	35	6	504	857	12968264	12967919	1.43e-109	398
NC_003070.9:9918453-9919332	NC_003075.7	83.024	377	27	13	504	878	7652786	7653127	2.47e-82	307
NC_003070.9:9918453-9919332	NC_003075.7	86.525	282	23	6	504	783	9188941	9189209	5.35e-79	296
NC_003070.9:9918453-9919332	NC_003075.7	93.750	192	11	1	1	192	7154779	7154969	3.22e-76	287
NC_003070.9:9918453-9919332	NC_003075.7	90.674	193	17	1	1	192	7652564	7652756	9.09e-67	255
NC_003070.9:9918453-9919332	NC_003075.7	90.674	193	17	1	1	193	7905771	7905962	9.09e-67	255
NC_003070.9:9918453-9919332	NC_003075.7	90.155	193	18	1	1	192	6414640	6414448	4.23e-65	250
NC_003070.9:9918453-9919332	NC_003075.7	89.062	192	19	1	1	192	6427216	6427027	3.29e-61	237
NC_003070.9:9918453-9919332	NC_003075.7	88.439	173	18	2	709	880	15441822	15441651	2.58e-52	207
NC_003070.9:9918453-9919332	NC_003075.7	87.413	143	16	2	1	142	12968438	12968297	5.67e-39	163
NC_003070.9:9918453-9919332	NC_003075.7	92.708	96	6	1	1	96	2040107	2040201	3.43e-31	137
NC_003070.9:9918453-9919332	NC_003075.7	90.816	98	9	0	1	98	7830150	7830247	1.60e-29	132
NC_003070.9:9918453-9919332	NC_003075.7	84.496	129	18	2	752	880	370914	370788	7.43e-28	126
NC_003070.9:9918453-9919332	NC_003075.7	84.496	129	18	2	752	880	8065578	8065704	7.43e-28	126
NC_003070.9:9918453-9919332	NC_003075.7	90.625	96	8	1	1	96	12607047	12606953	7.43e-28	126
NC_003070.9:9918453-9919332	NC_003075.7	95.000	80	3	1	1	80	2987147	2987225	2.67e-27	124
NC_003070.9:9918453-9919332	NC_003075.7	90.526	95	8	1	2	96	14458283	14458190	2.67e-27	124
NC_003070.9:9918453-9919332	NC_003075.7	92.941	85	5	1	1	84	8957982	8958066	9.62e-27	122
NC_003070.9:9918453-9919332	NC_003075.7	83.721	129	20	1	752	880	4148055	4148182	3.46e-26	121
NC_003070.9:9918453-9919332	NC_003075.7	89.583	96	9	1	1	96	6115341	6115435	3.46e-26	121
NC_003070.9:9918453-9919332	NC_003075.7	92.857	84	4	2	4	85	8564945	8564862	3.46e-26	121
NC_003070.9:9918453-9919332	NC_003075.7	83.721	129	19	2	752	880	11192401	11192275	3.46e-26	121
NC_003070.9:9918453-9919332	NC_003075.7	83.721	129	19	2	752	880	16863389	16863263	3.46e-26	121
NC_003070.9:9918453-9919332	NC_003075.7	83.721	129	18	3	752	880	684233	684358	1.24e-25	119
NC_003070.9:9918453-9919332	NC_003075.7	90.909	88	7	1	579	666	9188883	9188969	4.47e-25	117
NC_003070.9:9918453-9919332	NC_003075.7	93.750	64	3	1	1	64	9192543	9192605	2.10e-18	95.3
NC_003070.9:9918453-9919332	NC_003075.7	92.188	64	4	1	1	64	6169229	6169167	9.75e-17	89.8
NC_003070.9:9918453-9919332	NC_003075.7	90.769	65	6	0	1	65	8899077	8899141	3.51e-16	87.9
NC_003070.9:9918453-9919332	NC_003075.7	90.625	64	5	1	1	64	7384282	7384220	4.54e-15	84.2
NC_003070.9:9918453-9919332	NC_003075.7	89.231	65	6	1	1	65	1199585	1199522	5.87e-14	80.5
NC_003070.9:9918453-9919332	NC_003075.7	89.231	65	6	1	1	65	7230735	7230798	5.87e-14	80.5
NC_003070.9:9918453-9919332	NC_003075.7	82.022	89	14	2	792	880	14390348	14390262	2.73e-12	75.0
NC_003070.9:9918453-9919332	NC_003075.7	91.667	48	3	1	834	880	3359187	3359234	1.64e-09	65.8
NC_003070.9:9918453-9919332	NC_003074.8	91.293	379	28	5	504	880	8644964	8645339	4.88e-144	512
NC_003070.9:9918453-9919332	NC_003074.8	90.981	377	31	3	506	880	15918468	15918093	8.17e-142	505
NC_003070.9:9918453-9919332	NC_003074.8	89.418	378	29	7	504	880	10681759	10681392	3.86e-130	466
NC_003070.9:9918453-9919332	NC_003074.8	88.391	379	33	7	504	880	18172643	18172274	5.02e-124	446
NC_003070.9:9918453-9919332	NC_003074.8	88.391	379	28	7	504	880	19520863	19521227	6.50e-123	442
NC_003070.9:9918453-9919332	NC_003074.8	87.071	379	34	6	504	880	7937349	7936984	1.42e-114	414
NC_003070.9:9918453-9919332	NC_003074.8	86.544	379	35	6	504	880	7659299	7658935	3.07e-111	403
NC_003070.9:9918453-9919332	NC_003074.8	86.243	378	38	4	504	880	18146886	18146522	1.43e-109	398
NC_003070.9:9918453-9919332	NC_003074.8	93.264	193	12	1	1	192	7937571	7937379	4.17e-75	283
NC_003070.9:9918453-9919332	NC_003074.8	91.667	192	16	0	1	192	15918691	15918500	4.20e-70	267
NC_003070.9:9918453-9919332	NC_003074.8	91.710	193	15	1	1	192	19520641	19520833	4.20e-70	267
NC_003070.9:9918453-9919332	NC_003074.8	90.155	193	18	1	1	192	7659521	7659329	4.23e-65	250
NC_003070.9:9918453-9919332	NC_003074.8	90.173	173	13	4	710	880	11132575	11132745	9.22e-57	222
NC_003070.9:9918453-9919332	NC_003074.8	88.571	175	17	3	707	880	6729097	6728925	7.18e-53	209
NC_003070.9:9918453-9919332	NC_003074.8	90.441	136	12	1	1	135	10681952	10681817	2.02e-43	178
NC_003070.9:9918453-9919332	NC_003074.8	91.667	96	7	1	1	96	4579237	4579331	1.60e-29	132
NC_003070.9:9918453-9919332	NC_003074.8	91.667	96	6	2	1	96	7766062	7766155	1.60e-29	132
NC_003070.9:9918453-9919332	NC_003074.8	85.039	127	17	2	754	880	17061510	17061386	2.07e-28	128
NC_003070.9:9918453-9919332	NC_003074.8	84.496	129	18	2	752	880	13328456	13328582	7.43e-28	126
NC_003070.9:9918453-9919332	NC_003074.8	84.496	129	18	2	752	880	17142573	17142447	7.43e-28	126
NC_003070.9:9918453-9919332	NC_003074.8	84.375	128	18	2	753	880	18019802	18019927	2.67e-27	124
NC_003070.9:9918453-9919332	NC_003074.8	92.941	85	5	1	1	84	10082828	10082744	9.62e-27	122
NC_003070.9:9918453-9919332	NC_003074.8	92.045	88	6	1	579	666	19520805	19520891	9.62e-27	122
NC_003070.9:9918453-9919332	NC_003074.8	83.846	130	17	4	752	880	16563461	16563587	3.46e-26	121
NC_003070.9:9918453-9919332	NC_003074.8	89.583	96	9	1	1	96	19739757	19739851	3.46e-26	121
NC_003070.9:9918453-9919332	NC_003074.8	83.721	129	18	3	752	880	17275868	17275743	1.24e-25	119
NC_003070.9:9918453-9919332	NC_003074.8	83.465	127	17	4	755	880	1572003	1572126	1.61e-24	115
NC_003070.9:9918453-9919332	NC_003074.8	81.538	130	22	2	751	880	3966020	3966147	9.68e-22	106
NC_003070.9:9918453-9919332	NC_003074.8	81.890	127	20	3	755	880	17299274	17299150	3.48e-21	104
NC_003070.9:9918453-9919332	NC_003074.8	80.620	129	23	2	752	880	10574477	10574351	1.62e-19	99.0
NC_003070.9:9918453-9919332	NC_003074.8	93.846	65	4	0	2	66	16235708	16235644	1.62e-19	99.0
NC_003070.9:9918453-9919332	NC_003074.8	81.667	120	18	4	762	880	10321325	10321441	5.83e-19	97.1
NC_003070.9:9918453-9919332	NC_003074.8	93.846	65	3	1	1	65	16677616	16677679	5.83e-19	97.1
NC_003070.9:9918453-9919332	NC_003074.8	93.750	64	3	1	1	64	20770464	20770402	2.10e-18	95.3
NC_003070.9:9918453-9919332	NC_003074.8	92.308	65	4	1	1	65	16535294	16535231	2.71e-17	91.6
NC_003070.9:9918453-9919332	NC_003074.8	92.188	64	4	1	1	64	8596967	8596905	9.75e-17	89.8
NC_003070.9:9918453-9919332	NC_003074.8	91.935	62	4	1	1	62	19537816	19537756	1.26e-15	86.1
NC_003070.9:9918453-9919332	NC_003074.8	90.625	64	5	1	1	64	19529023	19529085	4.54e-15	84.2
NC_003070.9:9918453-9919332	NC_003074.8	90.323	62	5	1	1	62	16902332	16902392	5.87e-14	80.5
NC_003070.9:9918453-9919332	NC_003074.8	87.692	65	7	1	1	65	10900762	10900825	2.73e-12	75.0
NC_003070.9:9918453-9919332	NC_003074.8	91.304	46	4	0	835	880	4274975	4274930	5.91e-09	63.9
NC_003070.9:9918453-9919332	NC_003074.8	96.970	33	1	0	1	33	9540459	9540491	9.89e-07	56.5
NC_003070.9:9918453-9919332	NC_003074.8	100.000	29	0	0	1	29	18172792	18172764	3.56e-06	54.7
NC_003070.9:8289504-8291572	NC_003070.9	100.000	2069	0	0	1	2069	8291572	8289504	0.0	3821
NC_003070.9:8289504-8291572	NC_003070.9	93.254	2090	81	16	5	2038	18747045	18744960	0.0	3024
NC_003070.9:8289504-8291572	NC_003070.9	91.223	2085	138	21	2	2069	12855993	12853937	0.0	2795
NC_003070.9:8289504-8291572	NC_003070.9	91.162	2082	146	13	1	2050	1977167	1975092	0.0	2791
NC_003070.9:8289504-8291572	NC_003070.9	92.609	1353	73	13	28	1362	29320705	29319362	0.0	1919
NC_003070.9:8289504-8291572	NC_003070.9	91.661	1355	82	19	29	1362	17255	18599	0.0	1847
NC_003070.9:8289504-8291572	NC_003070.9	90.955	1382	93	20	2	1362	6735864	6737234	0.0	1831
NC_003070.9:8289504-8291572	NC_003070.9	90.415	1398	92	20	29	1395	3074698	3073312	0.0	1801
NC_003070.9:8289504-8291572	NC_003070.9	92.677	1147	64	10	866	1995	14298879	14297736	0.0	1635
NC_003070.9:8289504-8291572	NC_003070.9	92.089	986	60	8	1101	2069	17552172	17551188	0.0	1373
NC_003070.9:8289504-8291572	NC_003070.9	92.379	971	54	7	1	955	14299843	14298877	0.0	1365
NC_003070.9:8289504-8291572	NC_003070.9	92.797	944	57	7	422	1362	23174139	23175074	0.0	1356
NC_003070.9:8289504-8291572	NC_003070.9	93.197	926	47	6	1158	2069	19172983	19172060	0.0	1347
NC_003070.9:8289504-8291572	NC_003070.9	92.765	926	51	6	1158	2069	19085920	19086843	0.0	1325
NC_003070.9:8289504-8291572	NC_003070.9	93.486	829	51	3	2	828	19085099	19085926	0.0	1229
NC_003070.9:8289504-8291572	NC_003070.9	93.494	830	49	5	1	828	19173803	19172977	0.0	1229
NC_003070.9:8289504-8291572	NC_003070.9	93.133	830	41	3	1	815	17552999	17552171	0.0	1203
NC_003070.9:8289504-8291572	NC_003070.9	93.470	781	36	2	1	766	2235168	2234388	0.0	1146
NC_003070.9:8289504-8291572	NC_003070.9	91.845	699	52	4	142	835	26171229	26170531	0.0	970
NC_003070.9:8289504-8291572	NC_003070.9	91.477	704	53	7	137	835	7035437	7036138	0.0	961
NC_003070.9:8289504-8291572	NC_003070.9	91.323	703	54	7	137	835	19329020	19328321	0.0	953
NC_003070.9:8289504-8291572	NC_003070.9	90.909	704	56	7	137	835	17900109	17900809	0.0	939
NC_003070.9:8289504-8291572	NC_003070.9	90.483	704	60	5	137	835	9867179	9866478	0.0	922
NC_003070.9:8289504-8291572	NC_003070.9	90.185	703	63	6	137	835	30255277	30254577	0.0	911
NC_003070.9:8289504-8291572	NC_003070.9	89.872	701	48	7	140	835	30252858	30252176	0.0	880
NC_003070.9:8289504-8291572	NC_003070.9	94.118	578	31	3	1494	2069	2234396	2233820	0.0	876
NC_003070.9:8289504-8291572	NC_003070.9	90.190	683	45	10	137	814	11699942	11700607	0.0	870
NC_003070.9:8289504-8291572	NC_003070.9	89.504	705	49	8	137	835	12329808	12329123	0.0	869
NC_003070.9:8289504-8291572	NC_003070.9	89.474	703	52	6	137	835	13059069	13059753	0.0	869
NC_003070.9:8289504-8291572	NC_003070.9	89.496	695	59	9	137	817	16807233	16807927	0.0	867
NC_003070.9:8289504-8291572	NC_003070.9	89.078	705	65	10	137	835	16904025	16904723	0.0	865
NC_003070.9:8289504-8291572	NC_003070.9	89.220	705	51	8	137	835	22993815	22993130	0.0	857
NC_003070.9:8289504-8291572	NC_003070.9	89.078	705	51	12	137	835	8115016	8115700	0.0	852
NC_003070.9:8289504-8291572	NC_003070.9	88.920	704	56	6	137	835	19062210	19062896	0.0	848
NC_003070.9:8289504-8291572	NC_003070.9	89.343	685	52	9	155	835	19062923	19063590	0.0	841
NC_003070.9:8289504-8291572	NC_003070.9	88.636	704	57	7	137	835	9816456	9817141	0.0	835
NC_003070.9:8289504-8291572	NC_003070.9	91.776	608	39	10	137	736	19466703	19466099	0.0	835
NC_003070.9:8289504-8291572	NC_003070.9	92.101	595	42	5	137	728	12364381	12364973	0.0	833
NC_003070.9:8289504-8291572	NC_003070.9	91.792	597	41	7	137	728	16325690	16326283	0.0	824
NC_003070.9:8289504-8291572	NC_003070.9	91.792	597	40	8	137	728	23213912	23214504	0.0	822
NC_003070.9:8289504-8291572	NC_003070.9	91.765	595	40	6	137	728	16824764	16825352	0.0	819
NC_003070.9:8289504-8291572	NC_003070.9	88.302	701	47	9	137	831	501129	500458	0.0	808
NC_003070.9:8289504-8291572	NC_003070.9	87.853	708	55	11	137	831	22450176	22450865	0.0	802
NC_003070.9:8289504-8291572	NC_003070.9	89.782	597	47	9	137	719	16806388	16806984	0.0	752
NC_003070.9:8289504-8291572	NC_003070.9	88.998	609	45	6	227	831	13017571	13016981	0.0	734
NC_003070.9:8289504-8291572	NC_003070.9	86.222	704	59	21	137	826	13261963	13261284	0.0	728
NC_003070.9:8289504-8291572	NC_003070.9	88.966	580	44	4	137	714	4785693	4786254	0.0	699
NC_003070.9:8289504-8291572	NC_003070.9	87.385	436	34	5	403	835	18791324	18791741	3.29e-134	481
NC_003070.9:8289504-8291572	NC_003070.9	89.683	252	9	8	1	236	17008	17258	2.13e-81	305
NC_003070.9:8289504-8291572	NC_003070.9	85.824	261	18	6	1	245	30253108	30252851	1.68e-67	259
NC_003070.9:8289504-8291572	NC_003070.9	85.769	260	18	10	2	245	13058823	13059079	6.04e-67	257
NC_003070.9:8289504-8291572	NC_003070.9	87.234	235	15	6	2	221	3910601	3910367	7.81e-66	254
NC_003070.9:8289504-8291572	NC_003070.9	85.441	261	19	6	1	245	7035190	7035447	7.81e-66	254
NC_003070.9:8289504-8291572	NC_003070.9	85.542	249	28	6	2	245	9867414	9867169	7.81e-66	254
NC_003070.9:8289504-8291572	NC_003070.9	85.385	260	20	9	1	245	19061964	19062220	7.81e-66	254
NC_003070.9:8289504-8291572	NC_003070.9	85.328	259	20	9	2	245	12330053	12329798	2.81e-65	252
NC_003070.9:8289504-8291572	NC_003070.9	85.385	260	19	9	2	245	19995734	19995478	2.81e-65	252
NC_003070.9:8289504-8291572	NC_003070.9	85.944	249	18	8	1	234	23554440	23554194	1.01e-64	250
NC_003070.9:8289504-8291572	NC_003070.9	85.057	261	19	10	2	245	11737393	11737136	3.64e-64	248
NC_003070.9:8289504-8291572	NC_003070.9	85.000	260	20	13	2	245	8114770	8115026	1.31e-63	246
NC_003070.9:8289504-8291572	NC_003070.9	85.000	260	20	9	2	245	17899863	17900119	1.31e-63	246
NC_003070.9:8289504-8291572	NC_003070.9	84.942	259	21	14	2	245	18790927	18791182	1.31e-63	246
NC_003070.9:8289504-8291572	NC_003070.9	84.615	260	21	13	2	245	12364135	12364391	6.08e-62	241
NC_003070.9:8289504-8291572	NC_003070.9	84.556	259	20	10	2	245	501372	501119	2.19e-61	239
NC_003070.9:8289504-8291572	NC_003070.9	84.496	258	22	9	2	244	25963257	25963003	2.19e-61	239
NC_003070.9:8289504-8291572	NC_003070.9	83.846	260	24	9	1	245	22622306	22622050	3.66e-59	231
NC_003070.9:8289504-8291572	NC_003070.9	83.784	259	24	14	2	245	12564081	12563826	1.32e-58	230
NC_003070.9:8289504-8291572	NC_003070.9	82.072	251	22	9	2	234	13262203	13261958	1.73e-47	193
NC_003070.9:8289504-8291572	NC_003070.9	80.534	262	26	13	2	245	16806989	16807243	4.84e-43	178
NC_003070.9:8289504-8291572	NC_003070.9	76.453	327	51	12	1758	2069	13634728	13634413	8.15e-36	154
NC_003070.9:8289504-8291572	NC_003070.9	96.512	86	3	0	1984	2069	14296518	14296433	1.76e-32	143
NC_003070.9:8289504-8291572	NC_003070.9	97.143	70	2	0	2000	2069	23175136	23175205	2.97e-25	119
NC_003070.9:8289504-8291572	NC_003070.9	76.371	237	44	9	1837	2069	19736356	19736584	1.07e-24	117
NC_003070.9:8289504-8291572	NC_003070.9	94.286	70	4	0	2000	2069	18661	18730	6.44e-22	108
NC_003070.9:8289504-8291572	NC_003071.7	94.185	2098	75	13	1	2069	1460926	1458847	0.0	3155
NC_003070.9:8289504-8291572	NC_003071.7	93.397	2090	108	20	2	2069	5467004	5464923	0.0	3068
NC_003070.9:8289504-8291572	NC_003071.7	90.360	1390	83	17	694	2069	6101375	6102727	0.0	1777
NC_003070.9:8289504-8291572	NC_003071.7	92.275	1191	72	10	897	2069	12555223	12554035	0.0	1672
NC_003070.9:8289504-8291572	NC_003071.7	92.698	986	53	8	1101	2069	10468260	10467277	0.0	1404
NC_003070.9:8289504-8291572	NC_003071.7	93.160	921	49	9	1	908	12556204	12555285	0.0	1339
NC_003070.9:8289504-8291572	NC_003071.7	92.406	935	51	11	974	1893	5843583	5842654	0.0	1315
NC_003070.9:8289504-8291572	NC_003071.7	93.651	819	42	6	6	815	10469076	10468259	0.0	1216
NC_003070.9:8289504-8291572	NC_003071.7	90.241	912	73	10	873	1770	11398603	11397694	0.0	1177
NC_003070.9:8289504-8291572	NC_003071.7	93.205	780	38	2	2	766	19196757	19195978	0.0	1133
NC_003070.9:8289504-8291572	NC_003071.7	91.124	845	52	7	521	1362	6383692	6382868	0.0	1123
NC_003070.9:8289504-8291572	NC_003071.7	92.928	707	34	11	1	694	6099529	6100232	0.0	1014
NC_003070.9:8289504-8291572	NC_003071.7	92.461	703	47	6	137	835	13267161	13267861	0.0	1000
NC_003070.9:8289504-8291572	NC_003071.7	88.550	786	46	17	2	772	11399377	11398621	0.0	913
NC_003070.9:8289504-8291572	NC_003071.7	94.810	578	27	3	1494	2069	19195986	19195410	0.0	898
NC_003070.9:8289504-8291572	NC_003071.7	90.578	658	50	12	137	787	14334031	14334683	0.0	861
NC_003070.9:8289504-8291572	NC_003071.7	88.936	705	53	8	137	835	7154490	7153805	0.0	846
NC_003070.9:8289504-8291572	NC_003071.7	88.794	705	56	5	137	835	11286893	11286206	0.0	843
NC_003070.9:8289504-8291572	NC_003071.7	88.636	704	58	6	137	835	12094178	12093492	0.0	837
NC_003070.9:8289504-8291572	NC_003071.7	88.543	707	55	8	138	835	17254986	17254297	0.0	833
NC_003070.9:8289504-8291572	NC_003071.7	88.555	699	59	5	137	831	396409	395728	0.0	828
NC_003070.9:8289504-8291572	NC_003071.7	91.625	597	42	7	137	728	542554	543147	0.0	819
NC_003070.9:8289504-8291572	NC_003071.7	91.689	373	27	4	1700	2069	6084955	6085326	3.25e-144	514
NC_003070.9:8289504-8291572	NC_003071.7	90.374	374	19	7	14	372	5843961	5843590	1.53e-132	475
NC_003070.9:8289504-8291572	NC_003071.7	90.526	285	19	4	1492	1776	6084697	6084973	7.44e-101	370
NC_003070.9:8289504-8291572	NC_003071.7	85.600	375	21	10	1100	1460	6084371	6084726	1.24e-98	363
NC_003070.9:8289504-8291572	NC_003071.7	89.583	288	15	4	1	273	6084089	6084376	2.69e-95	351
NC_003070.9:8289504-8291572	NC_003071.7	93.458	214	14	0	1856	2069	11397698	11397485	2.73e-85	318
NC_003070.9:8289504-8291572	NC_003071.7	85.441	261	19	14	1	245	13908722	13908465	7.81e-66	254
NC_003070.9:8289504-8291572	NC_003071.7	85.385	260	19	12	1	245	13338078	13337823	2.81e-65	252
NC_003070.9:8289504-8291572	NC_003071.7	85.887	248	17	12	2	233	17255233	17254988	3.64e-64	248
NC_003070.9:8289504-8291572	NC_003071.7	83.908	261	21	11	2	245	7154736	7154480	1.32e-58	230
NC_003070.9:8289504-8291572	NC_003071.7	93.243	148	9	1	2	148	11287161	11287014	1.03e-54	217
NC_003070.9:8289504-8291572	NC_003071.7	92.857	112	8	0	3	114	6101375	6101264	1.35e-38	163
NC_003070.9:8289504-8291572	NC_003071.7	94.118	68	4	0	28	95	12555279	12555212	8.33e-21	104
NC_003070.9:8289504-8291572	NC_003075.7	93.095	2100	109	16	2	2069	7060698	7058603	0.0	3042
NC_003070.9:8289504-8291572	NC_003075.7	91.140	2088	145	22	2	2069	314269	312202	0.0	2795
NC_003070.9:8289504-8291572	NC_003075.7	91.597	1071	69	8	1016	2069	6280482	6281548	0.0	1459
NC_003070.9:8289504-8291572	NC_003075.7	92.564	901	44	13	1158	2036	9439608	9440507	0.0	1271
NC_003070.9:8289504-8291572	NC_003075.7	93.149	832	52	5	1	828	9438784	9439614	0.0	1216
NC_003070.9:8289504-8291572	NC_003075.7	91.880	702	52	5	137	835	8063856	8064555	0.0	976
NC_003070.9:8289504-8291572	NC_003075.7	91.155	701	56	5	139	835	1001759	1001061	0.0	946
NC_003070.9:8289504-8291572	NC_003075.7	91.051	704	55	8	137	835	10397139	10396439	0.0	944
NC_003070.9:8289504-8291572	NC_003075.7	94.502	582	29	3	1490	2069	6178995	6179575	0.0	894
NC_003070.9:8289504-8291572	NC_003075.7	89.758	703	61	9	137	835	2621763	2621068	0.0	889
NC_003070.9:8289504-8291572	NC_003075.7	89.886	702	50	5	137	835	4146372	4147055	0.0	883
NC_003070.9:8289504-8291572	NC_003075.7	89.700	699	47	9	137	829	1349831	1350510	0.0	869
NC_003070.9:8289504-8291572	NC_003075.7	89.158	701	53	7	137	831	11361115	11361798	0.0	852
NC_003070.9:8289504-8291572	NC_003075.7	88.778	704	56	7	137	835	5541143	5540458	0.0	841
NC_003070.9:8289504-8291572	NC_003075.7	92.308	598	36	4	2	598	6279022	6279610	0.0	841
NC_003070.9:8289504-8291572	NC_003075.7	91.897	543	33	10	137	674	9763568	9763032	0.0	749
NC_003070.9:8289504-8291572	NC_003075.7	91.882	542	35	8	137	674	9842362	9841826	0.0	749
NC_003070.9:8289504-8291572	NC_003075.7	91.470	551	31	3	2	537	6178448	6178997	0.0	743
NC_003070.9:8289504-8291572	NC_003075.7	88.448	580	47	4	137	714	16864825	16864264	0.0	682
NC_003070.9:8289504-8291572	NC_003075.7	89.600	375	19	10	1100	1460	5354758	5355126	1.54e-127	459
NC_003070.9:8289504-8291572	NC_003075.7	89.008	373	29	4	1700	2069	5355360	5355723	2.58e-125	451
NC_003070.9:8289504-8291572	NC_003075.7	96.476	227	8	0	1395	1621	6280052	6280278	1.60e-102	375
NC_003070.9:8289504-8291572	NC_003075.7	89.474	285	27	3	1492	1776	5355097	5355378	5.79e-97	357
NC_003070.9:8289504-8291572	NC_003075.7	88.927	289	14	6	1	273	5354113	5354399	5.83e-92	340
NC_003070.9:8289504-8291572	NC_003075.7	86.345	249	17	8	1	234	7853534	7853288	2.17e-66	255
NC_003070.9:8289504-8291572	NC_003075.7	85.328	259	20	9	2	245	11360870	11361125	2.81e-65	252
NC_003070.9:8289504-8291572	NC_003075.7	85.328	259	20	9	2	245	16865070	16864815	2.81e-65	252
NC_003070.9:8289504-8291572	NC_003075.7	83.158	285	20	15	262	533	3897173	3896904	2.83e-60	235
NC_003070.9:8289504-8291572	NC_003075.7	93.056	144	6	3	1	143	8063576	8063716	6.17e-52	207
NC_003070.9:8289504-8291572	NC_003075.7	90.909	154	12	2	675	826	5773070	5773223	2.22e-51	206
NC_003070.9:8289504-8291572	NC_003075.7	95.745	94	4	0	596	689	6280372	6280465	2.93e-35	152
NC_003070.9:8289504-8291572	NC_003075.7	95.455	88	4	0	1100	1187	5354032	5354119	6.35e-32	141
NC_003070.9:8289504-8291572	NC_003075.7	95.455	88	4	0	1100	1187	5354394	5354481	6.35e-32	141
NC_003070.9:8289504-8291572	NC_003074.8	92.898	2098	111	16	4	2069	5622033	5624124	0.0	3014
NC_003070.9:8289504-8291572	NC_003074.8	92.718	2101	116	15	1	2069	20485141	20483046	0.0	2998
NC_003070.9:8289504-8291572	NC_003074.8	92.726	2021	102	13	62	2049	16879865	16881873	0.0	2876
NC_003070.9:8289504-8291572	NC_003074.8	92.084	1377	82	12	5	1362	9559680	9558312	0.0	1914
NC_003070.9:8289504-8291572	NC_003074.8	89.069	1354	88	27	29	1362	1371151	1369838	0.0	1626
NC_003070.9:8289504-8291572	NC_003074.8	88.542	1152	83	17	934	2069	20486738	20485620	0.0	1351
NC_003070.9:8289504-8291572	NC_003074.8	91.649	970	63	9	29	982	2630001	2629034	0.0	1327
NC_003070.9:8289504-8291572	NC_003074.8	90.739	853	57	8	934	1773	10862818	10863661	0.0	1118
NC_003070.9:8289504-8291572	NC_003074.8	92.188	704	46	9	137	835	18746434	18747133	0.0	987
NC_003070.9:8289504-8291572	NC_003074.8	91.631	705	53	6	137	835	10821200	10820496	0.0	970
NC_003070.9:8289504-8291572	NC_003074.8	90.355	705	53	11	137	826	9890252	9890956	0.0	911
NC_003070.9:8289504-8291572	NC_003074.8	90.429	700	44	9	137	826	16173047	16172361	0.0	900
NC_003070.9:8289504-8291572	NC_003074.8	90.318	692	45	12	139	826	15937534	15938207	0.0	887
NC_003070.9:8289504-8291572	NC_003074.8	89.451	711	50	12	137	841	17301033	17300342	0.0	874
NC_003070.9:8289504-8291572	NC_003074.8	89.700	699	51	7	1100	1782	17397020	17396327	0.0	872
NC_003070.9:8289504-8291572	NC_003074.8	91.901	605	43	6	137	736	17062997	17062394	0.0	841
NC_003070.9:8289504-8291572	NC_003074.8	88.714	700	57	6	137	831	17277569	17276887	0.0	835
NC_003070.9:8289504-8291572	NC_003074.8	87.143	700	55	12	137	831	22118849	22119518	0.0	761
NC_003070.9:8289504-8291572	NC_003074.8	88.793	580	42	7	137	711	9386102	9385541	0.0	689
NC_003070.9:8289504-8291572	NC_003074.8	88.448	580	47	4	137	714	16451032	16451593	0.0	682
NC_003070.9:8289504-8291572	NC_003074.8	91.038	424	27	8	942	1362	2629029	2628614	1.14e-158	562
NC_003070.9:8289504-8291572	NC_003074.8	90.888	428	22	4	2	413	10862401	10862827	1.48e-157	558
NC_003070.9:8289504-8291572	NC_003074.8	90.476	420	30	6	1	414	20487143	20486728	1.15e-153	545
NC_003070.9:8289504-8291572	NC_003074.8	92.225	373	26	3	1700	2069	17396351	17395979	1.50e-147	525
NC_003070.9:8289504-8291572	NC_003074.8	91.214	387	28	6	429	812	10404825	10405208	1.94e-146	521
NC_003070.9:8289504-8291572	NC_003074.8	87.156	436	35	5	403	835	16562050	16562467	1.53e-132	475
NC_003070.9:8289504-8291572	NC_003074.8	92.236	322	22	3	873	1192	9385222	9385542	7.18e-126	453
NC_003070.9:8289504-8291572	NC_003074.8	92.429	317	21	3	1755	2069	8188933	8189248	9.29e-125	449
NC_003070.9:8289504-8291572	NC_003074.8	93.000	300	18	3	440	736	7996125	7995826	2.60e-120	435
NC_003070.9:8289504-8291572	NC_003074.8	91.209	273	20	4	137	406	7996390	7996119	2.67e-100	368
NC_003070.9:8289504-8291572	NC_003074.8	88.194	288	18	5	1	273	17397301	17397015	1.26e-88	329
NC_003070.9:8289504-8291572	NC_003074.8	89.431	246	21	5	2	245	17144490	17144248	2.13e-81	305
NC_003070.9:8289504-8291572	NC_003074.8	95.480	177	7	1	594	770	9385008	9385183	3.58e-74	281
NC_003070.9:8289504-8291572	NC_003074.8	86.154	260	17	11	2	245	7996636	7996380	1.30e-68	263
NC_003070.9:8289504-8291572	NC_003074.8	85.057	261	20	9	1	245	15937285	15937542	3.64e-64	248
NC_003070.9:8289504-8291572	NC_003074.8	85.000	260	21	14	1	245	16561653	16561909	3.64e-64	248
NC_003070.9:8289504-8291572	NC_003074.8	92.308	169	13	0	1901	2069	10865881	10866049	6.08e-62	241
NC_003070.9:8289504-8291572	NC_003074.8	83.525	261	22	10	2	245	10821446	10821190	6.13e-57	224
NC_003070.9:8289504-8291572	NC_003074.8	83.399	253	29	11	1	245	11535843	11536090	2.20e-56	222
NC_003070.9:8289504-8291572	NC_003074.8	92.517	147	9	2	1771	1915	10865705	10865851	1.72e-52	209
NC_003070.9:8289504-8291572	NC_003074.8	93.458	107	7	0	2	108	16879751	16879857	1.75e-37	159
NC_003070.9:8289504-8291572	NC_003074.8	90.741	108	6	4	2	106	9890049	9890155	6.35e-32	141
NC_003070.9:8289504-8291572	NC_003074.8	74.581	358	65	11	1719	2069	15293225	15293563	1.06e-29	134
NC_003070.9:8289504-8291572	NC_003074.8	95.522	67	3	0	2003	2069	9558269	9558203	6.44e-22	108
NC_003070.9:8289504-8291572	NC_003076.8	91.251	2103	139	25	2	2069	7711131	7713223	0.0	2822
NC_003070.9:8289504-8291572	NC_003076.8	91.279	2087	116	34	3	2069	19670802	19672842	0.0	2785
NC_003070.9:8289504-8291572	NC_003076.8	91.048	2089	142	19	2	2069	354140	356204	0.0	2780
NC_003070.9:8289504-8291572	NC_003076.8	90.686	2115	148	16	2	2069	8682979	8685091	0.0	2769
NC_003070.9:8289504-8291572	NC_003076.8	93.512	1526	78	10	562	2069	20398316	20399838	0.0	2250
NC_003070.9:8289504-8291572	NC_003076.8	91.709	1375	92	14	2	1362	13918790	13917424	0.0	1888
NC_003070.9:8289504-8291572	NC_003076.8	90.217	1431	85	20	2	1402	15342696	15341291	0.0	1816
NC_003070.9:8289504-8291572	NC_003076.8	94.395	1124	45	4	1	1107	14761184	14760062	0.0	1711
NC_003070.9:8289504-8291572	NC_003076.8	93.205	780	38	3	2	766	19931558	19930779	0.0	1133
NC_003070.9:8289504-8291572	NC_003076.8	93.205	780	36	5	2	766	5129834	5129057	0.0	1131
NC_003070.9:8289504-8291572	NC_003076.8	92.330	704	49	4	137	835	20682166	20681463	0.0	996
NC_003070.9:8289504-8291572	NC_003076.8	92.023	702	51	5	138	835	8765956	8766656	0.0	981
NC_003070.9:8289504-8291572	NC_003076.8	91.773	705	50	8	137	835	17365271	17365973	0.0	974
NC_003070.9:8289504-8291572	NC_003076.8	91.360	706	52	7	137	835	11025568	11026271	0.0	957
NC_003070.9:8289504-8291572	NC_003076.8	91.051	704	53	7	137	835	24187667	24186969	0.0	942
NC_003070.9:8289504-8291572	NC_003076.8	91.026	702	44	12	139	835	4781987	4781300	0.0	929
NC_003070.9:8289504-8291572	NC_003076.8	90.870	701	53	10	139	835	14151046	14150353	0.0	929
NC_003070.9:8289504-8291572	NC_003076.8	93.333	630	39	3	1442	2069	17956547	17957175	0.0	928
NC_003070.9:8289504-8291572	NC_003076.8	89.831	708	51	5	137	840	4312779	4313469	0.0	889
NC_003070.9:8289504-8291572	NC_003076.8	89.915	704	48	7	137	835	17618439	17617754	0.0	885
NC_003070.9:8289504-8291572	NC_003076.8	89.929	705	45	9	137	835	20281739	20281055	0.0	885
NC_003070.9:8289504-8291572	NC_003076.8	89.971	698	46	8	137	829	9590656	9591334	0.0	880
NC_003070.9:8289504-8291572	NC_003076.8	89.758	703	50	6	137	835	9964771	9964087	0.0	880
NC_003070.9:8289504-8291572	NC_003076.8	89.489	704	52	6	137	835	15606356	15605670	0.0	870
NC_003070.9:8289504-8291572	NC_003076.8	89.504	705	50	6	137	834	18854211	18854898	0.0	870
NC_003070.9:8289504-8291572	NC_003076.8	89.281	709	54	18	137	827	9612827	9613531	0.0	869
NC_003070.9:8289504-8291572	NC_003076.8	93.772	578	33	3	1494	2069	19930787	19930211	0.0	865
NC_003070.9:8289504-8291572	NC_003076.8	89.347	704	52	7	137	835	8746454	8745769	0.0	863
NC_003070.9:8289504-8291572	NC_003076.8	89.429	700	52	6	137	831	17775974	17776656	0.0	863
NC_003070.9:8289504-8291572	NC_003076.8	91.339	635	48	7	1439	2069	13983692	13984323	0.0	861
NC_003070.9:8289504-8291572	NC_003076.8	89.189	703	53	8	137	835	14082590	14081907	0.0	856
NC_003070.9:8289504-8291572	NC_003076.8	89.016	701	53	8	137	831	16356720	16357402	0.0	846
NC_003070.9:8289504-8291572	NC_003076.8	92.907	578	35	4	1494	2069	5129065	5128492	0.0	835
NC_003070.9:8289504-8291572	NC_003076.8	92.114	596	41	6	137	728	21530335	21530928	0.0	835
NC_003070.9:8289504-8291572	NC_003076.8	88.193	703	60	17	137	835	1898400	1897717	0.0	817
NC_003070.9:8289504-8291572	NC_003076.8	89.013	628	47	9	839	1453	13982657	13983275	0.0	758
NC_003070.9:8289504-8291572	NC_003076.8	89.462	465	33	8	1	450	25264510	25264973	5.28e-162	573
NC_003070.9:8289504-8291572	NC_003076.8	91.507	365	16	6	2	351	3020196	3019832	1.97e-136	488
NC_003070.9:8289504-8291572	NC_003076.8	94.444	306	17	0	521	826	3019829	3019524	1.98e-131	472
NC_003070.9:8289504-8291572	NC_003076.8	90.494	263	11	2	2	250	17955555	17955817	2.71e-90	335
NC_003070.9:8289504-8291572	NC_003076.8	85.769	260	18	6	2	245	9590410	9590666	6.04e-67	257
NC_003070.9:8289504-8291572	NC_003076.8	85.057	261	19	9	2	245	8746701	8746444	3.64e-64	248
NC_003070.9:8289504-8291572	NC_003076.8	85.830	247	19	8	2	234	17796785	17796541	3.64e-64	248
NC_003070.9:8289504-8291572	NC_003076.8	85.000	260	20	9	2	245	9965017	9964761	1.31e-63	246
NC_003070.9:8289504-8291572	NC_003076.8	85.000	260	20	6	2	245	19742617	19742361	1.31e-63	246
NC_003070.9:8289504-8291572	NC_003076.8	84.615	260	22	10	1	245	14082836	14082580	1.69e-62	243
NC_003070.9:8289504-8291572	NC_003076.8	84.615	260	21	9	2	245	21530089	21530345	6.08e-62	241
NC_003070.9:8289504-8291572	NC_003076.8	84.170	259	23	9	2	245	15606601	15606346	2.83e-60	235
NC_003070.9:8289504-8291572	NC_003076.8	84.190	253	25	13	2	245	9612591	9612837	3.66e-59	231
NC_003070.9:8289504-8291572	NC_003076.8	83.784	259	23	9	3	245	5430061	5429806	4.74e-58	228
NC_003070.9:8289504-8291572	NC_003076.8	83.525	261	24	8	1	245	17365024	17365281	1.70e-57	226
NC_003070.9:8289504-8291572	NC_003076.8	83.462	260	24	9	2	245	4312436	4312692	6.13e-57	224
NC_003070.9:8289504-8291572	NC_003076.8	93.960	149	7	2	1	148	18853951	18854098	6.13e-57	224
NC_003070.9:8289504-8291572	NC_003076.8	93.243	148	9	1	2	148	9559507	9559360	1.03e-54	217
NC_003070.9:8289504-8291572	NC_003076.8	83.128	243	21	10	19	245	17775746	17775984	7.98e-51	204
NC_003070.9:8289504-8291572	NC_003076.8	82.432	222	22	7	17	221	24187899	24187678	4.84e-43	178
NC_003070.9:8289504-8291572	NC_003076.8	98.571	70	1	0	2000	2069	15341283	15341214	6.39e-27	124
NC_003070.9:8289504-8291572	NC_003076.8	90.244	82	8	0	1	82	8354511	8354430	6.44e-22	108
NC_003070.9:8289504-8291572	NC_003076.8	92.857	70	5	0	2000	2069	13917362	13917293	3.00e-20	102
NC_003070.9:9816210-9818274	NC_003070.9	100.000	2065	0	0	1	2065	9816210	9818274	0.0	3814
NC_003070.9:9816210-9818274	NC_003070.9	94.760	2080	88	7	1	2065	13058823	13060896	0.0	3217
NC_003070.9:9816210-9818274	NC_003070.9	94.377	2063	85	11	1	2043	8114770	8116821	0.0	3138
NC_003070.9:9816210-9818274	NC_003070.9	93.493	2090	96	14	1	2065	22449931	22452005	0.0	3070
NC_003070.9:9816210-9818274	NC_003070.9	93.013	2104	104	11	1	2065	7035191	7037290	0.0	3031
NC_003070.9:9816210-9818274	NC_003070.9	93.099	2101	94	15	1	2065	26171480	26169395	0.0	3029
NC_003070.9:9816210-9818274	NC_003070.9	93.046	2085	120	8	1	2065	17899863	17901942	0.0	3024
NC_003070.9:9816210-9818274	NC_003070.9	93.231	2083	94	15	1	2065	19995734	19993681	0.0	3022
NC_003070.9:9816210-9818274	NC_003070.9	92.658	2084	117	10	1	2063	9867414	9865346	0.0	2968
NC_003070.9:9816210-9818274	NC_003070.9	92.330	2099	93	20	1	2065	16903800	16905864	0.0	2922
NC_003070.9:9816210-9818274	NC_003070.9	93.091	1867	87	11	14	1845	30255510	30253651	0.0	2695
NC_003070.9:9816210-9818274	NC_003070.9	92.784	1746	83	14	338	2065	13017571	13015851	0.0	2486
NC_003070.9:9816210-9818274	NC_003070.9	96.137	1346	44	4	1	1344	30253107	30251768	0.0	2191
NC_003070.9:9816210-9818274	NC_003070.9	92.107	1571	74	16	515	2065	18791324	18792864	0.0	2169
NC_003070.9:9816210-9818274	NC_003070.9	95.765	1346	48	5	1	1344	12330053	12328715	0.0	2161
NC_003070.9:9816210-9818274	NC_003070.9	94.130	1431	60	6	1	1429	501372	499964	0.0	2156
NC_003070.9:9816210-9818274	NC_003070.9	95.249	1347	53	7	1	1344	22994060	22992722	0.0	2122
NC_003070.9:9816210-9818274	NC_003070.9	93.384	1451	67	9	1	1448	11737393	11735969	0.0	2121
NC_003070.9:9816210-9818274	NC_003070.9	93.622	1411	60	7	672	2065	15939781	15941178	0.0	2080
NC_003070.9:9816210-9818274	NC_003070.9	93.760	1266	53	10	5	1253	19329256	19328000	0.0	1877
NC_003070.9:9816210-9818274	NC_003070.9	93.130	1150	49	7	935	2065	11700589	11701727	0.0	1659
NC_003070.9:9816210-9818274	NC_003070.9	92.876	1137	57	7	944	2065	3413713	3414840	0.0	1629
NC_003070.9:9816210-9818274	NC_003070.9	92.362	1139	62	13	942	2065	28161194	28162322	0.0	1598
NC_003070.9:9816210-9818274	NC_003070.9	95.521	960	41	2	1	959	19061965	19062923	0.0	1533
NC_003070.9:9816210-9818274	NC_003070.9	96.145	908	33	1	1	908	11699698	11700603	0.0	1482
NC_003070.9:9816210-9818274	NC_003070.9	92.293	1051	61	6	1034	2065	19769039	19767990	0.0	1474
NC_003070.9:9816210-9818274	NC_003070.9	92.515	1002	56	4	1081	2065	4786256	4787255	0.0	1417
NC_003070.9:9816210-9818274	NC_003070.9	91.658	995	51	10	1087	2065	12563207	12562229	0.0	1349
NC_003070.9:9816210-9818274	NC_003070.9	91.365	996	56	17	1087	2065	16825388	16826370	0.0	1336
NC_003070.9:9816210-9818274	NC_003070.9	91.235	1004	52	11	1082	2065	23214532	23215519	0.0	1334
NC_003070.9:9816210-9818274	NC_003070.9	91.063	1007	53	12	1082	2065	16326311	16327303	0.0	1327
NC_003070.9:9816210-9818274	NC_003070.9	91.055	995	57	9	1090	2065	19466071	19465090	0.0	1315
NC_003070.9:9816210-9818274	NC_003070.9	90.873	997	60	9	1087	2065	12365009	12365992	0.0	1308
NC_003070.9:9816210-9818274	NC_003070.9	94.595	851	37	2	265	1114	19062922	19063764	0.0	1308
NC_003070.9:9816210-9818274	NC_003070.9	94.293	841	29	4	1	824	12364135	12364973	0.0	1269
NC_003070.9:9816210-9818274	NC_003070.9	93.936	841	28	5	1	824	16824518	16825352	0.0	1249
NC_003070.9:9816210-9818274	NC_003070.9	93.602	844	29	7	1	824	23213666	23214504	0.0	1236
NC_003070.9:9816210-9818274	NC_003070.9	93.373	845	31	7	1	824	19466949	19466109	0.0	1227
NC_003070.9:9816210-9818274	NC_003070.9	93.103	841	39	9	1	824	12564081	12563243	0.0	1214
NC_003070.9:9816210-9818274	NC_003070.9	93.951	810	33	3	1	810	4785461	4786254	0.0	1210
NC_003070.9:9816210-9818274	NC_003070.9	93.009	844	35	6	1	824	16325444	16326283	0.0	1210
NC_003070.9:9816210-9818274	NC_003070.9	92.741	799	42	2	1283	2065	19063794	19064592	0.0	1140
NC_003070.9:9816210-9818274	NC_003070.9	93.676	759	30	3	942	1684	16998385	16997629	0.0	1120
NC_003070.9:9816210-9818274	NC_003070.9	87.873	973	79	13	1	941	16806989	16807954	0.0	1107
NC_003070.9:9816210-9818274	NC_003070.9	92.269	789	44	10	1292	2065	23876482	23877268	0.0	1103
NC_003070.9:9816210-9818274	NC_003070.9	93.026	760	35	11	942	1684	12876772	12876014	0.0	1094
NC_003070.9:9816210-9818274	NC_003070.9	90.779	770	48	8	1313	2065	19328000	19327237	0.0	1007
NC_003070.9:9816210-9818274	NC_003070.9	87.485	847	60	22	1	814	16806150	16806983	0.0	935
NC_003070.9:9816210-9818274	NC_003070.9	90.516	717	47	5	236	934	1977027	1976314	0.0	928
NC_003070.9:9816210-9818274	NC_003070.9	84.979	972	81	38	1	941	13262203	13261266	0.0	926
NC_003070.9:9816210-9818274	NC_003070.9	91.223	695	38	7	236	912	17552860	17552171	0.0	924
NC_003070.9:9816210-9818274	NC_003070.9	90.251	718	44	10	236	934	14299705	14298995	0.0	915
NC_003070.9:9816210-9818274	NC_003070.9	90.084	716	50	5	236	934	6736003	6736714	0.0	909
NC_003070.9:9816210-9818274	NC_003070.9	89.944	716	50	6	236	934	29320592	29319882	0.0	904
NC_003070.9:9816210-9818274	NC_003070.9	90.332	693	46	11	247	922	19085234	19085922	0.0	889
NC_003070.9:9816210-9818274	NC_003070.9	89.385	716	54	6	236	934	17368	18078	0.0	881
NC_003070.9:9816210-9818274	NC_003070.9	91.824	636	43	4	1438	2065	14309398	14308764	0.0	878
NC_003070.9:9816210-9818274	NC_003070.9	88.982	717	56	7	236	934	3074585	3073874	0.0	865
NC_003070.9:9816210-9818274	NC_003070.9	89.610	693	49	10	247	922	19173667	19172981	0.0	859
NC_003070.9:9816210-9818274	NC_003070.9	92.809	598	31	5	1470	2065	499960	499373	0.0	856
NC_003070.9:9816210-9818274	NC_003070.9	89.220	705	47	11	247	934	12855858	12855166	0.0	854
NC_003070.9:9816210-9818274	NC_003070.9	88.636	704	57	7	247	932	8291436	8290738	0.0	835
NC_003070.9:9816210-9818274	NC_003070.9	89.907	644	45	4	236	862	2235029	2234389	0.0	811
NC_003070.9:9816210-9818274	NC_003070.9	93.346	541	33	3	1527	2065	8489953	8489414	0.0	797
NC_003070.9:9816210-9818274	NC_003070.9	96.588	469	15	1	1	469	22622305	22621838	0.0	776
NC_003070.9:9816210-9818274	NC_003070.9	96.963	461	14	0	1	461	15939323	15939783	0.0	774
NC_003070.9:9816210-9818274	NC_003070.9	91.713	543	40	5	1527	2065	25963006	25962465	0.0	749
NC_003070.9:9816210-9818274	NC_003070.9	94.231	468	19	4	879	1344	22621842	22621381	0.0	708
NC_003070.9:9816210-9818274	NC_003070.9	91.412	524	31	6	1543	2065	18790338	18790848	0.0	706
NC_003070.9:9816210-9818274	NC_003070.9	96.822	409	12	1	1	409	18790927	18791334	0.0	682
NC_003070.9:9816210-9818274	NC_003070.9	92.757	428	25	6	1640	2065	23554214	23553791	3.11e-174	614
NC_003070.9:9816210-9818274	NC_003070.9	92.665	409	26	4	236	643	18746910	18746505	6.77e-166	586
NC_003070.9:9816210-9818274	NC_003070.9	93.566	373	20	4	1434	1805	11735953	11735584	6.87e-156	553
NC_003070.9:9816210-9818274	NC_003070.9	87.290	417	33	4	535	934	23174140	23174553	1.54e-127	459
NC_003070.9:9816210-9818274	NC_003070.9	96.457	254	8	1	1	254	23554439	23554187	2.61e-115	418
NC_003070.9:9816210-9818274	NC_003070.9	92.466	292	21	1	641	932	18746460	18746170	9.40e-115	416
NC_003070.9:9816210-9818274	NC_003070.9	96.094	256	9	1	1	256	25963257	25963003	9.40e-115	416
NC_003070.9:9816210-9818274	NC_003070.9	95.868	242	8	2	1	242	3910601	3910362	5.70e-107	390
NC_003070.9:9816210-9818274	NC_003070.9	91.923	260	16	5	1	257	17552998	17552741	1.61e-97	359
NC_003070.9:9816210-9818274	NC_003070.9	92.578	256	8	2	1	256	8490194	8489950	5.78e-97	357
NC_003070.9:9816210-9818274	NC_003070.9	89.347	291	14	6	1292	1567	12328360	12328072	9.67e-95	350
NC_003070.9:9816210-9818274	NC_003070.9	91.188	261	16	6	1	257	2235167	2234910	3.48e-94	348
NC_003070.9:9816210-9818274	NC_003070.9	88.158	304	19	3	1292	1579	22992366	22992064	1.25e-93	346
NC_003070.9:9816210-9818274	NC_003070.9	91.120	259	16	7	1	257	14299842	14299589	4.50e-93	344
NC_003070.9:9816210-9818274	NC_003070.9	90.661	257	19	5	4	257	18747045	18746791	7.53e-91	337
NC_003070.9:9816210-9818274	NC_003070.9	87.500	304	21	3	1292	1579	30251412	30251110	2.71e-90	335
NC_003070.9:9816210-9818274	NC_003070.9	93.722	223	14	0	1843	2065	30253364	30253142	2.71e-90	335
NC_003070.9:9816210-9818274	NC_003070.9	90.763	249	20	3	1	247	17009	17256	1.26e-88	329
NC_003070.9:9816210-9818274	NC_003070.9	88.014	292	18	3	1292	1567	22621025	22620735	1.26e-88	329
NC_003070.9:9816210-9818274	NC_003070.9	98.361	183	3	0	942	1124	22992564	22992382	2.11e-86	322
NC_003070.9:9816210-9818274	NC_003070.9	97.814	183	4	0	942	1124	12328558	12328376	9.81e-85	316
NC_003070.9:9816210-9818274	NC_003070.9	97.312	186	5	0	942	1127	30251610	30251425	9.81e-85	316
NC_003070.9:9816210-9818274	NC_003070.9	89.558	249	23	3	1	247	3074944	3074697	1.27e-83	313
NC_003070.9:9816210-9818274	NC_003070.9	97.268	183	5	0	942	1124	22621223	22621041	4.56e-83	311
NC_003070.9:9816210-9818274	NC_003070.9	96.721	183	6	0	942	1124	23876284	23876466	2.12e-81	305
NC_003070.9:9816210-9818274	NC_003070.9	89.744	234	19	5	28	257	17255	17487	4.60e-78	294
NC_003070.9:9816210-9818274	NC_003070.9	88.608	237	23	4	24	257	29320708	29320473	2.77e-75	285
NC_003070.9:9816210-9818274	NC_003070.9	88.889	234	21	5	28	257	3074698	3074466	9.95e-75	283
NC_003070.9:9816210-9818274	NC_003070.9	86.538	260	16	6	1	257	19085099	19085342	2.79e-70	268
NC_003070.9:9816210-9818274	NC_003070.9	85.328	259	18	13	1	257	12855993	12855753	1.01e-64	250
NC_003070.9:9816210-9818274	NC_003070.9	85.385	260	17	14	1	257	19173802	19173561	1.01e-64	250
NC_003070.9:9816210-9818274	NC_003070.9	84.231	260	22	13	1	257	8291571	8291328	2.83e-60	235
NC_003070.9:9816210-9818274	NC_003070.9	96.226	106	4	0	942	1047	19769678	19769573	6.25e-42	174
NC_003070.9:9816210-9818274	NC_003070.9	94.521	73	3	1	942	1014	18790258	18790329	4.97e-23	111
NC_003070.9:9816210-9818274	NC_003070.9	91.250	80	7	0	2	81	30251767	30251688	1.79e-22	110
NC_003070.9:9816210-9818274	NC_003070.9	90.244	82	6	2	1	81	12876928	12876848	2.31e-21	106
NC_003070.9:9816210-9818274	NC_003070.9	90.123	81	8	0	1	81	18790103	18790183	2.31e-21	106
NC_003070.9:9816210-9818274	NC_003070.9	90.000	80	8	0	2	81	22992721	22992642	8.31e-21	104
NC_003070.9:9816210-9818274	NC_003070.9	90.000	80	7	1	2	81	12328714	12328636	2.99e-20	102
NC_003070.9:9816210-9818274	NC_003070.9	89.024	82	7	2	1	81	3413553	3413633	1.08e-19	100
NC_003070.9:9816210-9818274	NC_003070.9	88.889	81	9	0	1	81	16998955	16998875	1.08e-19	100
NC_003070.9:9816210-9818274	NC_003070.9	87.209	86	8	3	4	89	22621378	22621296	5.00e-18	95.3
NC_003070.9:9816210-9818274	NC_003070.9	86.585	82	9	2	1	81	19724755	19724835	2.33e-16	89.8
NC_003070.9:9816210-9818274	NC_003071.7	95.801	2048	45	5	1	2031	12094425	12092402	0.0	3267
NC_003070.9:9816210-9818274	NC_003071.7	94.101	2085	94	10	1	2065	499985	502060	0.0	3142
NC_003070.9:9816210-9818274	NC_003071.7	93.819	2087	96	12	1	2065	17255233	17253158	0.0	3109
NC_003070.9:9816210-9818274	NC_003071.7	93.190	2100	95	20	1	2065	6925377	6923291	0.0	3042
NC_003070.9:9816210-9818274	NC_003071.7	93.413	2080	93	12	1	2063	13908721	13906669	0.0	3042
NC_003070.9:9816210-9818274	NC_003071.7	93.010	2103	107	9	1	2065	12800994	12803094	0.0	3033
NC_003070.9:9816210-9818274	NC_003071.7	92.850	2098	110	7	1	2065	13266915	13269005	0.0	3007
NC_003070.9:9816210-9818274	NC_003071.7	93.081	1980	106	13	104	2065	396551	394585	0.0	2868
NC_003070.9:9816210-9818274	NC_003071.7	92.928	1909	78	14	1	1864	11287161	11285265	0.0	2724
NC_003070.9:9816210-9818274	NC_003071.7	94.877	1386	57	7	1	1384	13338077	13336704	0.0	2154
NC_003070.9:9816210-9818274	NC_003071.7	92.963	1421	73	13	1	1416	707442	708840	0.0	2045
NC_003070.9:9816210-9818274	NC_003071.7	95.640	1032	45	0	1	1032	7154736	7153705	0.0	1657
NC_003070.9:9816210-9818274	NC_003071.7	91.856	1142	66	9	942	2065	7814534	7813402	0.0	1568
NC_003070.9:9816210-9818274	NC_003071.7	91.674	1141	75	6	942	2065	7169367	7168230	0.0	1563
NC_003070.9:9816210-9818274	NC_003071.7	92.823	1045	54	6	1039	2065	6663080	6664121	0.0	1495
NC_003070.9:9816210-9818274	NC_003071.7	91.979	960	59	4	1108	2052	6803425	6804381	0.0	1330
NC_003070.9:9816210-9818274	NC_003071.7	90.945	1005	56	12	1082	2065	543175	544165	0.0	1319
NC_003070.9:9816210-9818274	NC_003071.7	91.152	972	56	11	1084	2039	14334657	14335614	0.0	1291
NC_003070.9:9816210-9818274	NC_003071.7	92.517	882	49	3	1200	2065	13336704	13335824	0.0	1247
NC_003070.9:9816210-9818274	NC_003071.7	92.463	889	41	11	1	868	14333785	14334668	0.0	1247
NC_003070.9:9816210-9818274	NC_003071.7	92.654	844	38	7	1	824	542308	543147	0.0	1194
NC_003070.9:9816210-9818274	NC_003071.7	91.234	867	49	13	1222	2065	7960700	7961562	0.0	1155
NC_003070.9:9816210-9818274	NC_003071.7	91.909	791	45	12	1292	2065	6101020	6100232	0.0	1088
NC_003070.9:9816210-9818274	NC_003071.7	91.530	791	48	4	1292	2065	7112140	7112928	0.0	1072
NC_003070.9:9816210-9818274	NC_003071.7	91.061	716	44	4	236	934	12556068	12555356	0.0	950
NC_003070.9:9816210-9818274	NC_003071.7	90.846	721	43	16	1363	2065	3213040	3212325	0.0	944
NC_003070.9:9816210-9818274	NC_003071.7	90.084	716	47	8	236	932	1460787	1460077	0.0	907
NC_003070.9:9816210-9818274	NC_003071.7	92.441	635	38	8	1434	2063	709442	710071	0.0	898
NC_003070.9:9816210-9818274	NC_003071.7	90.071	705	49	5	247	934	5466870	5466170	0.0	894
NC_003070.9:9816210-9818274	NC_003071.7	90.580	690	41	8	242	912	10468943	10468259	0.0	893
NC_003070.9:9816210-9818274	NC_003071.7	89.752	644	46	4	236	862	19196619	19195979	0.0	806
NC_003070.9:9816210-9818274	NC_003071.7	88.354	644	46	25	232	869	11399241	11398621	0.0	747
NC_003070.9:9816210-9818274	NC_003071.7	90.718	571	33	5	236	790	6099666	6100232	0.0	743
NC_003070.9:9816210-9818274	NC_003071.7	93.013	458	29	3	1467	1922	3564666	3565122	0.0	665
NC_003070.9:9816210-9818274	NC_003071.7	95.062	243	11	1	942	1184	7959949	7960190	3.43e-104	381
NC_003070.9:9816210-9818274	NC_003071.7	94.715	246	10	2	236	480	5843836	5843593	1.23e-103	379
NC_003070.9:9816210-9818274	NC_003071.7	93.651	252	16	0	1781	2032	3565124	3565375	4.44e-103	377
NC_003070.9:9816210-9818274	NC_003071.7	90.391	281	26	1	1785	2065	2962573	2962294	2.67e-100	368
NC_003070.9:9816210-9818274	NC_003071.7	88.816	304	16	4	1292	1579	4024558	4024859	5.78e-97	357
NC_003070.9:9816210-9818274	NC_003071.7	91.506	259	19	3	1	257	11399377	11399120	7.48e-96	353
NC_003070.9:9816210-9818274	NC_003071.7	91.188	261	16	6	1	257	19196757	19196500	3.48e-94	348
NC_003070.9:9816210-9818274	NC_003071.7	91.154	260	16	6	1	257	6099530	6099785	1.25e-93	346
NC_003070.9:9816210-9818274	NC_003071.7	90.769	260	20	4	1	257	6084090	6084348	4.50e-93	344
NC_003070.9:9816210-9818274	NC_003071.7	90.734	259	19	5	1	256	1460925	1460669	5.82e-92	340
NC_003070.9:9816210-9818274	NC_003071.7	91.129	248	15	6	13	257	5843961	5843718	1.26e-88	329
NC_003070.9:9816210-9818274	NC_003071.7	86.842	304	23	3	1292	1579	980261	979959	5.86e-87	324
NC_003070.9:9816210-9818274	NC_003071.7	97.340	188	4	1	942	1129	4024359	4024545	2.73e-85	318
NC_003070.9:9816210-9818274	NC_003071.7	97.826	184	4	0	942	1125	7111941	7112124	2.73e-85	318
NC_003070.9:9816210-9818274	NC_003071.7	88.803	259	20	5	1	256	6384054	6383802	1.64e-82	309
NC_003070.9:9816210-9818274	NC_003071.7	96.721	183	6	0	942	1124	980459	980277	2.12e-81	305
NC_003070.9:9816210-9818274	NC_003071.7	96.196	184	6	1	947	1130	6101214	6101032	9.88e-80	300
NC_003070.9:9816210-9818274	NC_003071.7	78.876	445	69	21	1429	1864	6681746	6682174	4.63e-73	278
NC_003070.9:9816210-9818274	NC_003071.7	85.385	260	18	7	1	257	5467004	5466762	2.81e-65	252
NC_003070.9:9816210-9818274	NC_003071.7	90.625	160	12	3	777	934	6101360	6101518	1.71e-52	209
NC_003070.9:9816210-9818274	NC_003071.7	95.536	112	5	0	942	1053	3564539	3564650	1.34e-43	180
NC_003070.9:9816210-9818274	NC_003071.7	96.190	105	4	0	942	1046	3213196	3213092	2.25e-41	172
NC_003070.9:9816210-9818274	NC_003071.7	92.920	113	7	1	2	114	6101375	6101264	1.35e-38	163
NC_003070.9:9816210-9818274	NC_003071.7	94.340	106	6	0	942	1047	6661119	6661224	1.35e-38	163
NC_003070.9:9816210-9818274	NC_003071.7	96.104	77	3	0	942	1018	2962647	2962571	1.77e-27	126
NC_003070.9:9816210-9818274	NC_003071.7	93.827	81	4	1	1	81	7111784	7111863	8.25e-26	121
NC_003070.9:9816210-9818274	NC_003071.7	91.358	81	7	0	1	81	3213354	3213274	4.97e-23	111
NC_003070.9:9816210-9818274	NC_003071.7	82.812	128	15	7	1939	2065	9891367	9891246	6.43e-22	108
NC_003070.9:9816210-9818274	NC_003071.7	88.889	90	5	5	1	89	2962805	2962720	2.31e-21	106
NC_003070.9:9816210-9818274	NC_003071.7	89.412	85	7	2	1	85	3564382	3564464	2.31e-21	106
NC_003070.9:9816210-9818274	NC_003071.7	90.123	81	8	0	1	81	4024201	4024281	2.31e-21	106
NC_003070.9:9816210-9818274	NC_003071.7	88.636	88	8	2	1	88	7814691	7814606	2.31e-21	106
NC_003070.9:9816210-9818274	NC_003071.7	91.026	78	5	2	1	77	7169524	7169448	8.31e-21	104
NC_003070.9:9816210-9818274	NC_003071.7	88.889	81	9	0	1	81	980617	980537	1.08e-19	100
NC_003070.9:9816210-9818274	NC_003071.7	92.647	68	5	0	26	93	12555280	12555213	3.87e-19	99.0
NC_003070.9:9816210-9818274	NC_003071.7	95.918	49	2	0	942	990	6101262	6101214	1.40e-13	80.5
NC_003070.9:9816210-9818274	NC_003071.7	97.500	40	0	1	1408	1446	709401	709440	1.09e-09	67.6
NC_003070.9:9816210-9818274	NC_003076.8	94.815	2083	84	11	1	2065	8746701	8744625	0.0	3227
NC_003070.9:9816210-9818274	NC_003076.8	94.383	2083	87	16	1	2065	9965017	9962947	0.0	3171
NC_003070.9:9816210-9818274	NC_003076.8	93.717	2085	99	19	1	2065	14082835	14080763	0.0	3096
NC_003070.9:9816210-9818274	NC_003076.8	93.422	2098	102	6	1	2065	8765709	8767803	0.0	3077
NC_003070.9:9816210-9818274	NC_003076.8	93.359	2108	94	15	2	2065	5430061	5427956	0.0	3075
NC_003070.9:9816210-9818274	NC_003076.8	93.422	2098	98	8	1	2065	20682406	20680316	0.0	3073
NC_003070.9:9816210-9818274	NC_003076.8	93.717	2069	97	17	18	2065	17775746	17777802	0.0	3070
NC_003070.9:9816210-9818274	NC_003076.8	93.143	2100	108	5	1	2065	17365025	17367123	0.0	3048
NC_003070.9:9816210-9818274	NC_003076.8	93.094	2085	109	16	1	2065	1898645	1896576	0.0	3020
NC_003070.9:9816210-9818274	NC_003076.8	92.823	2104	111	6	1	2065	19742617	19740515	0.0	3013
NC_003070.9:9816210-9818274	NC_003076.8	92.994	2084	113	15	1	2065	16356475	16358544	0.0	3009
NC_003070.9:9816210-9818274	NC_003076.8	92.658	2084	106	19	16	2063	24187899	24185827	0.0	2957
NC_003070.9:9816210-9818274	NC_003076.8	93.065	1990	95	7	1	1956	14151294	14149314	0.0	2870
NC_003070.9:9816210-9818274	NC_003076.8	95.840	1346	46	6	1	1344	20281984	20280647	0.0	2167
NC_003070.9:9816210-9818274	NC_003076.8	95.390	1345	54	4	1	1344	9590410	9591747	0.0	2134
NC_003070.9:9816210-9818274	NC_003076.8	93.263	1336	57	16	1	1317	9559507	9558186	0.0	1938
NC_003070.9:9816210-9818274	NC_003076.8	94.048	1260	53	11	1	1251	4782228	4780982	0.0	1892
NC_003070.9:9816210-9818274	NC_003076.8	95.524	1184	47	6	140	1321	4312671	4313850	0.0	1888
NC_003070.9:9816210-9818274	NC_003076.8	97.026	1076	32	0	52	1127	17618634	17617559	0.0	1810
NC_003070.9:9816210-9818274	NC_003076.8	95.430	1116	39	5	1	1114	15606601	15605496	0.0	1768
NC_003070.9:9816210-9818274	NC_003076.8	94.298	1140	46	4	942	2065	15043270	15042134	0.0	1727
NC_003070.9:9816210-9818274	NC_003076.8	92.920	1144	60	7	942	2065	24476433	24475291	0.0	1644
NC_003070.9:9816210-9818274	NC_003076.8	92.647	1156	52	16	942	2065	22232106	22230952	0.0	1633
NC_003070.9:9816210-9818274	NC_003076.8	91.997	1187	57	10	1	1165	11025336	11026506	0.0	1631
NC_003070.9:9816210-9818274	NC_003076.8	93.082	1113	50	10	942	2030	5977895	5976786	0.0	1604
NC_003070.9:9816210-9818274	NC_003076.8	91.587	1153	67	10	942	2065	8354352	8353201	0.0	1565
NC_003070.9:9816210-9818274	NC_003076.8	94.433	952	35	4	1	935	18853952	18854902	0.0	1448
NC_003070.9:9816210-9818274	NC_003076.8	93.253	993	48	4	1061	2036	18854899	18855889	0.0	1445
NC_003070.9:9816210-9818274	NC_003076.8	92.369	996	58	12	1085	2065	4313874	4314866	0.0	1402
NC_003070.9:9816210-9818274	NC_003076.8	89.441	1127	73	15	944	2065	15577265	15576180	0.0	1380
NC_003070.9:9816210-9818274	NC_003076.8	89.273	1128	73	17	944	2065	21776872	21775787	0.0	1369
NC_003070.9:9816210-9818274	NC_003076.8	92.449	927	49	6	1156	2065	11026974	11027896	0.0	1304
NC_003070.9:9816210-9818274	NC_003076.8	94.062	842	30	4	1	824	21530089	21530928	0.0	1260
NC_003070.9:9816210-9818274	NC_003076.8	89.194	1018	56	16	1064	2065	21530929	21531908	0.0	1221
NC_003070.9:9816210-9818274	NC_003076.8	91.206	887	59	18	942	1823	10714580	10715452	0.0	1188
NC_003070.9:9816210-9818274	NC_003076.8	92.616	799	42	3	1283	2065	15605466	15604669	0.0	1133
NC_003070.9:9816210-9818274	NC_003076.8	92.228	772	42	4	1312	2065	4780981	4780210	0.0	1077
NC_003070.9:9816210-9818274	NC_003076.8	95.495	666	28	2	1	665	7154439	7153775	0.0	1062
NC_003070.9:9816210-9818274	NC_003076.8	87.435	955	73	23	1	923	9612591	9613530	0.0	1055
NC_003070.9:9816210-9818274	NC_003076.8	90.934	717	42	6	236	934	8683118	8683829	0.0	942
NC_003070.9:9816210-9818274	NC_003076.8	90.642	716	47	5	236	934	7711270	7711982	0.0	933
NC_003070.9:9816210-9818274	NC_003076.8	90.070	715	48	7	236	932	14761045	14760336	0.0	905
NC_003070.9:9816210-9818274	NC_003076.8	94.257	592	32	2	1476	2065	7153775	7153184	0.0	904
NC_003070.9:9816210-9818274	NC_003076.8	93.511	601	35	4	1467	2065	25905017	25905615	0.0	891
NC_003070.9:9816210-9818274	NC_003076.8	89.525	716	51	8	238	934	15342559	15341849	0.0	885
NC_003070.9:9816210-9818274	NC_003076.8	88.440	718	60	7	236	934	13918658	13917945	0.0	845
NC_003070.9:9816210-9818274	NC_003076.8	88.152	709	51	11	247	934	354275	354971	0.0	813
NC_003070.9:9816210-9818274	NC_003076.8	89.441	644	48	4	236	862	19931420	19930780	0.0	795
NC_003070.9:9816210-9818274	NC_003076.8	89.441	644	47	5	236	862	5129697	5129058	0.0	793
NC_003070.9:9816210-9818274	NC_003076.8	88.924	632	43	10	323	934	19670974	19671598	0.0	754
NC_003070.9:9816210-9818274	NC_003076.8	92.986	442	23	4	1625	2065	9134290	9134724	0.0	638
NC_003070.9:9816210-9818274	NC_003076.8	92.308	429	25	8	1640	2065	17796561	17796138	6.72e-171	603
NC_003070.9:9816210-9818274	NC_003076.8	91.566	332	23	5	236	565	25264649	25264977	7.16e-126	453
NC_003070.9:9816210-9818274	NC_003076.8	92.933	283	19	1	641	923	3019805	3019524	4.37e-113	411
NC_003070.9:9816210-9818274	NC_003076.8	95.669	254	9	2	1	254	17796785	17796534	5.66e-112	407
NC_003070.9:9816210-9818274	NC_003076.8	92.780	277	19	1	658	934	20398316	20398591	9.47e-110	399
NC_003070.9:9816210-9818274	NC_003076.8	95.154	227	10	1	236	462	3020057	3019832	5.78e-97	357
NC_003070.9:9816210-9818274	NC_003076.8	90.769	260	20	4	1	257	3020196	3019938	4.50e-93	344
NC_003070.9:9816210-9818274	NC_003076.8	90.769	260	18	6	1	257	5129834	5129578	1.62e-92	342
NC_003070.9:9816210-9818274	NC_003076.8	90.769	260	19	5	1	257	17955555	17955812	1.62e-92	342
NC_003070.9:9816210-9818274	NC_003076.8	87.829	304	20	3	1292	1579	9592102	9592404	5.82e-92	340
NC_003070.9:9816210-9818274	NC_003076.8	88.660	291	16	6	1292	1567	20280291	20280003	2.09e-91	339
NC_003070.9:9816210-9818274	NC_003076.8	90.421	261	19	6	1	257	25264511	25264769	2.09e-91	339
NC_003070.9:9816210-9818274	NC_003076.8	90.385	260	20	5	1	257	19931558	19931301	7.53e-91	337
NC_003070.9:9816210-9818274	NC_003076.8	87.500	304	20	4	1292	1579	17617546	17617245	2.71e-90	335
NC_003070.9:9816210-9818274	NC_003076.8	90.000	260	21	5	1	257	14761183	14760926	3.50e-89	331
NC_003070.9:9816210-9818274	NC_003076.8	98.361	183	3	0	942	1124	20280489	20280307	2.11e-86	322
NC_003070.9:9816210-9818274	NC_003076.8	89.272	261	19	6	1	257	15342696	15342441	2.73e-85	318
NC_003070.9:9816210-9818274	NC_003076.8	97.802	182	4	0	942	1123	9591905	9592086	3.53e-84	315
NC_003070.9:9816210-9818274	NC_003076.8	96.296	189	6	1	942	1130	9134111	9134298	1.64e-82	309
NC_003070.9:9816210-9818274	NC_003076.8	88.077	260	20	5	1	257	13918790	13918539	3.55e-79	298
NC_003070.9:9816210-9818274	NC_003076.8	92.697	178	12	1	1889	2065	10715445	10715622	2.17e-66	255
NC_003070.9:9816210-9818274	NC_003076.8	92.135	178	11	2	2	179	19670802	19670976	3.63e-64	248
NC_003070.9:9816210-9818274	NC_003076.8	85.542	249	17	13	1	247	354140	354371	1.69e-62	243
NC_003070.9:9816210-9818274	NC_003076.8	94.309	123	7	0	942	1064	25904890	25905012	2.23e-46	189
NC_003070.9:9816210-9818274	NC_003076.8	98.000	100	1	1	1	100	20398218	20398316	2.25e-41	172
NC_003070.9:9816210-9818274	NC_003076.8	91.358	81	7	0	1	81	5978053	5977973	4.97e-23	111
NC_003070.9:9816210-9818274	NC_003076.8	91.250	80	7	0	2	81	20280646	20280567	1.79e-22	110
NC_003070.9:9816210-9818274	NC_003076.8	90.244	82	6	2	1	81	9133953	9134033	2.31e-21	106
NC_003070.9:9816210-9818274	NC_003076.8	88.764	89	7	3	1	89	15043428	15043343	2.31e-21	106
NC_003070.9:9816210-9818274	NC_003076.8	90.000	80	8	0	2	81	9591748	9591827	8.31e-21	104
NC_003070.9:9816210-9818274	NC_003076.8	88.372	86	7	3	1	85	13982135	13982218	1.08e-19	100
NC_003070.9:9816210-9818274	NC_003075.7	94.092	2082	96	8	1	2065	1349585	1351656	0.0	3138
NC_003070.9:9816210-9818274	NC_003075.7	94.011	2087	89	15	1	2065	5541389	5539317	0.0	3129
NC_003070.9:9816210-9818274	NC_003075.7	93.912	2086	96	12	1	2065	11360870	11362945	0.0	3120
NC_003070.9:9816210-9818274	NC_003075.7	93.279	2083	92	16	1	2065	8730453	8728401	0.0	3027
NC_003070.9:9816210-9818274	NC_003075.7	92.993	2098	100	12	1	2063	1002007	999922	0.0	3016
NC_003070.9:9816210-9818274	NC_003075.7	93.094	2085	96	12	1	2065	4146126	4148182	0.0	3009
NC_003070.9:9816210-9818274	NC_003075.7	93.396	2014	90	15	89	2065	8063697	8065704	0.0	2942
NC_003070.9:9816210-9818274	NC_003075.7	94.405	1269	50	4	1	1251	10397385	10396120	0.0	1930
NC_003070.9:9816210-9818274	NC_003075.7	94.298	1140	47	4	942	2065	11193412	11192275	0.0	1729
NC_003070.9:9816210-9818274	NC_003075.7	92.032	1142	72	5	942	2065	371928	370788	0.0	1587
NC_003070.9:9816210-9818274	NC_003075.7	91.689	1143	74	8	942	2065	6166306	6165166	0.0	1565
NC_003070.9:9816210-9818274	NC_003075.7	92.615	1002	55	4	1081	2065	16864262	16863263	0.0	1423
NC_003070.9:9816210-9818274	NC_003075.7	95.679	810	32	3	1	810	16865070	16864264	0.0	1299
NC_003070.9:9816210-9818274	NC_003075.7	93.003	786	36	7	1	770	9763814	9763032	0.0	1129
NC_003070.9:9816210-9818274	NC_003075.7	92.757	787	36	8	1	770	9842608	9841826	0.0	1118
NC_003070.9:9816210-9818274	NC_003075.7	87.461	965	87	16	1	945	2622006	2621056	0.0	1081
NC_003070.9:9816210-9818274	NC_003075.7	91.656	791	47	4	1292	2065	683570	684358	0.0	1077
NC_003070.9:9816210-9818274	NC_003075.7	92.088	771	43	4	1313	2065	10396119	10395349	0.0	1070
NC_003070.9:9816210-9818274	NC_003075.7	90.782	716	44	9	236	934	314144	313434	0.0	937
NC_003070.9:9816210-9818274	NC_003075.7	89.722	720	44	12	236	934	7060559	7059849	0.0	893
NC_003070.9:9816210-9818274	NC_003075.7	91.476	657	39	3	1235	1875	965061	964406	0.0	887
NC_003070.9:9816210-9818274	NC_003075.7	89.784	695	48	11	247	922	9438920	9439610	0.0	869
NC_003070.9:9816210-9818274	NC_003075.7	90.548	529	37	10	1541	2065	14390781	14390262	0.0	688
NC_003070.9:9816210-9818274	NC_003075.7	92.875	407	27	2	236	642	6178585	6178989	5.23e-167	590
NC_003070.9:9816210-9818274	NC_003075.7	92.048	415	26	7	232	643	6279131	6279541	4.07e-163	577
NC_003070.9:9816210-9818274	NC_003075.7	96.474	312	9	2	939	1250	965643	965334	3.24e-144	514
NC_003070.9:9816210-9818274	NC_003075.7	91.247	377	25	7	1	373	3898130	3897758	5.42e-142	507
NC_003070.9:9816210-9818274	NC_003075.7	89.526	401	25	10	1640	2037	7853308	7852922	1.52e-137	492
NC_003070.9:9816210-9818274	NC_003075.7	97.244	254	6	1	1	254	7853533	7853281	1.21e-118	429
NC_003070.9:9816210-9818274	NC_003075.7	91.188	261	18	5	1	257	5354476	5354735	9.67e-95	350
NC_003070.9:9816210-9818274	NC_003075.7	91.566	249	16	4	1	247	5354114	5354359	2.09e-91	339
NC_003070.9:9816210-9818274	NC_003075.7	90.000	260	20	6	1	257	6178448	6178704	3.50e-89	331
NC_003070.9:9816210-9818274	NC_003075.7	89.231	260	19	8	1	257	7060698	7060445	9.81e-85	316
NC_003070.9:9816210-9818274	NC_003075.7	96.809	188	5	1	942	1129	683371	683557	1.27e-83	313
NC_003070.9:9816210-9818274	NC_003075.7	76.250	640	103	29	1413	2044	7572249	7572847	4.60e-78	294
NC_003070.9:9816210-9818274	NC_003075.7	78.039	510	74	28	1483	1980	7593705	7593222	7.69e-76	287
NC_003070.9:9816210-9818274	NC_003075.7	85.714	259	20	5	1	257	314269	314026	6.03e-67	257
NC_003070.9:9816210-9818274	NC_003075.7	91.099	191	16	1	1875	2065	963863	963674	6.03e-67	257
NC_003070.9:9816210-9818274	NC_003075.7	85.714	252	17	6	1	252	9438785	9439017	3.63e-64	248
NC_003070.9:9816210-9818274	NC_003075.7	84.556	259	14	12	1	257	6279022	6279256	1.02e-59	233
NC_003070.9:9816210-9818274	NC_003075.7	95.105	143	4	2	1	143	8063577	8063716	2.20e-56	222
NC_003070.9:9816210-9818274	NC_003075.7	78.457	311	55	11	1761	2065	12335526	12335830	1.72e-47	193
NC_003070.9:9816210-9818274	NC_003075.7	75.161	467	84	25	1575	2033	2262877	2262435	6.20e-47	191
NC_003070.9:9816210-9818274	NC_003075.7	86.628	172	22	1	771	941	5773070	5773241	2.23e-46	189
NC_003070.9:9816210-9818274	NC_003075.7	95.536	112	5	0	942	1053	8802284	8802395	1.34e-43	180
NC_003070.9:9816210-9818274	NC_003075.7	89.474	95	8	1	1467	1559	8802411	8802505	2.97e-25	119
NC_003070.9:9816210-9818274	NC_003075.7	91.463	82	5	2	1	81	2520884	2520964	4.97e-23	111
NC_003070.9:9816210-9818274	NC_003075.7	88.889	81	9	0	1	81	372086	372006	1.08e-19	100
NC_003070.9:9816210-9818274	NC_003075.7	87.654	81	10	0	1	81	14390988	14390908	5.00e-18	95.3
NC_003070.9:9816210-9818274	NC_003075.7	85.185	81	12	0	1	81	6166464	6166384	1.08e-14	84.2
NC_003070.9:9816210-9818274	NC_003075.7	100.000	42	0	0	942	983	14390831	14390790	5.04e-13	78.7
NC_003070.9:9816210-9818274	NC_003074.8	93.852	2082	101	9	1	2065	17277814	17275743	0.0	3110
NC_003070.9:9816210-9818274	NC_003074.8	93.735	2043	107	6	1	2025	15937286	15939325	0.0	3044
NC_003070.9:9816210-9818274	NC_003074.8	93.308	2077	99	13	1	2065	20786399	20788447	0.0	3029
NC_003070.9:9816210-9818274	NC_003074.8	93.052	2087	98	16	1	2043	10821446	10819363	0.0	3007
NC_003070.9:9816210-9818274	NC_003074.8	91.603	2084	117	20	1	2065	22118613	22120657	0.0	2826
NC_003070.9:9816210-9818274	NC_003074.8	92.048	1572	72	27	514	2065	16562049	16563587	0.0	2161
NC_003070.9:9816210-9818274	NC_003074.8	95.617	1346	50	5	1	1344	17301278	17299940	0.0	2150
NC_003070.9:9816210-9818274	NC_003074.8	93.715	1448	54	7	1	1448	11535844	11537254	0.0	2135
NC_003070.9:9816210-9818274	NC_003074.8	93.306	1449	69	7	1	1448	5745923	5744502	0.0	2113
NC_003070.9:9816210-9818274	NC_003074.8	92.403	1448	61	13	1	1448	17144490	17143092	0.0	2019
NC_003070.9:9816210-9818274	NC_003074.8	90.316	1394	65	26	689	2065	15452795	15451455	0.0	1762
NC_003070.9:9816210-9818274	NC_003074.8	91.562	1280	66	14	788	2065	9385005	9383766	0.0	1727
NC_003070.9:9816210-9818274	NC_003074.8	92.952	1135	65	13	942	2063	17730098	17731230	0.0	1639
NC_003070.9:9816210-9818274	NC_003074.8	91.696	1144	69	8	942	2065	17776928	17778065	0.0	1563
NC_003070.9:9816210-9818274	NC_003074.8	91.572	1139	61	14	942	2065	9767475	9766357	0.0	1539
NC_003070.9:9816210-9818274	NC_003074.8	90.948	1160	58	15	942	2063	16419302	16420452	0.0	1517
NC_003070.9:9816210-9818274	NC_003074.8	91.782	1010	48	8	1075	2065	16451587	16452580	0.0	1373
NC_003070.9:9816210-9818274	NC_003074.8	91.165	996	58	7	1087	2065	17062368	17061386	0.0	1325
NC_003070.9:9816210-9818274	NC_003074.8	92.881	899	57	5	942	1835	11503603	11502707	0.0	1299
NC_003070.9:9816210-9818274	NC_003074.8	95.185	810	37	2	1	810	16450786	16451593	0.0	1279
NC_003070.9:9816210-9818274	NC_003074.8	95.031	805	37	3	4	807	9386343	9385541	0.0	1262
NC_003070.9:9816210-9818274	NC_003074.8	90.171	997	55	6	1087	2065	7995800	7994829	0.0	1258
NC_003070.9:9816210-9818274	NC_003074.8	92.747	841	29	5	1	824	17063229	17062404	0.0	1186
NC_003070.9:9816210-9818274	NC_003074.8	92.415	791	43	3	1292	2065	18412509	18413299	0.0	1112
NC_003070.9:9816210-9818274	NC_003074.8	92.298	792	43	4	1292	2065	18019136	18019927	0.0	1109
NC_003070.9:9816210-9818274	NC_003074.8	92.172	792	44	4	1292	2065	13327791	13328582	0.0	1103
NC_003070.9:9816210-9818274	NC_003074.8	91.277	791	51	4	1292	2065	3965358	3966147	0.0	1062
NC_003070.9:9816210-9818274	NC_003074.8	90.338	828	49	20	1	824	7996636	7995836	0.0	1057
NC_003070.9:9816210-9818274	NC_003074.8	93.626	706	28	6	995	1684	10320599	10321303	0.0	1038
NC_003070.9:9816210-9818274	NC_003074.8	90.506	790	45	13	169	936	18746356	18747137	0.0	1016
NC_003070.9:9816210-9818274	NC_003074.8	91.633	741	46	2	1340	2065	10556871	10556132	0.0	1011
NC_003070.9:9816210-9818274	NC_003074.8	88.929	831	60	13	141	941	9890146	9890974	0.0	996
NC_003070.9:9816210-9818274	NC_003074.8	90.117	769	42	5	1313	2065	15485279	15484529	0.0	968
NC_003070.9:9816210-9818274	NC_003074.8	90.579	743	43	10	1340	2065	10575083	10574351	0.0	959
NC_003070.9:9816210-9818274	NC_003074.8	93.997	633	33	5	1434	2065	5744471	5743843	0.0	953
NC_003070.9:9816210-9818274	NC_003074.8	93.829	632	37	2	1434	2065	17143076	17142447	0.0	950
NC_003070.9:9816210-9818274	NC_003074.8	90.656	717	46	5	236	934	16879943	16880656	0.0	933
NC_003070.9:9816210-9818274	NC_003074.8	90.656	717	39	11	236	934	5622169	5622875	0.0	928
NC_003070.9:9816210-9818274	NC_003074.8	90.223	716	49	5	236	934	9559544	9558833	0.0	915
NC_003070.9:9816210-9818274	NC_003074.8	93.443	610	37	3	1434	2042	11537270	11537877	0.0	902
NC_003070.9:9816210-9818274	NC_003074.8	89.986	719	43	12	236	934	20485002	20484293	0.0	902
NC_003070.9:9816210-9818274	NC_003074.8	89.246	716	55	6	236	934	2629888	2629178	0.0	876
NC_003070.9:9816210-9818274	NC_003074.8	88.156	743	49	12	227	945	16173067	16172340	0.0	848
NC_003070.9:9816210-9818274	NC_003074.8	88.163	735	54	10	236	941	3716481	3717211	0.0	845
NC_003070.9:9816210-9818274	NC_003074.8	87.587	717	52	16	236	934	1371038	1370341	0.0	797
NC_003070.9:9816210-9818274	NC_003074.8	94.675	507	25	1	942	1448	11967811	11968315	0.0	785
NC_003070.9:9816210-9818274	NC_003074.8	96.333	409	13	2	1	409	16561654	16562060	0.0	671
NC_003070.9:9816210-9818274	NC_003074.8	97.756	312	5	1	942	1251	15485591	15485280	6.92e-151	536
NC_003070.9:9816210-9818274	NC_003074.8	94.495	327	12	3	1	321	11200624	11200950	9.07e-140	499
NC_003070.9:9816210-9818274	NC_003074.8	96.078	306	11	1	942	1246	10557188	10556883	3.26e-139	497
NC_003070.9:9816210-9818274	NC_003074.8	95.425	306	13	1	942	1246	10575400	10575095	7.06e-136	486
NC_003070.9:9816210-9818274	NC_003074.8	94.138	290	15	2	236	525	10862540	10862827	5.58e-122	440
NC_003070.9:9816210-9818274	NC_003074.8	93.728	287	18	0	1779	2065	11968331	11968617	3.36e-119	431
NC_003070.9:9816210-9818274	NC_003074.8	94.922	256	12	1	1	256	18584738	18584992	9.47e-110	399
NC_003070.9:9816210-9818274	NC_003074.8	91.954	261	16	5	1	257	3716342	3716601	4.47e-98	361
NC_003070.9:9816210-9818274	NC_003074.8	88.487	304	17	4	1292	1579	17299583	17299282	2.69e-95	351
NC_003070.9:9816210-9818274	NC_003074.8	91.120	259	20	3	1	257	17397300	17397043	3.48e-94	348
NC_003070.9:9816210-9818274	NC_003074.8	90.769	260	15	8	1	257	20485140	20484887	2.09e-91	339
NC_003070.9:9816210-9818274	NC_003074.8	90.272	257	21	4	4	257	9559680	9559425	9.74e-90	333
NC_003070.9:9816210-9818274	NC_003074.8	92.641	231	17	0	1799	2029	11200950	11201180	9.74e-90	333
NC_003070.9:9816210-9818274	NC_003074.8	89.615	260	23	4	1	257	10862401	10862659	4.53e-88	327
NC_003070.9:9816210-9818274	NC_003074.8	97.872	188	3	1	942	1129	17299782	17299596	5.86e-87	324
NC_003070.9:9816210-9818274	NC_003074.8	97.340	188	5	0	942	1129	1571523	1571710	7.58e-86	320
NC_003070.9:9816210-9818274	NC_003074.8	96.277	188	6	1	942	1129	13327592	13327778	5.90e-82	307
NC_003070.9:9816210-9818274	NC_003074.8	96.739	184	5	1	942	1124	3965159	3965342	2.12e-81	305
NC_003070.9:9816210-9818274	NC_003074.8	88.889	252	18	1	1824	2065	8757570	8757821	2.75e-80	302
NC_003070.9:9816210-9818274	NC_003074.8	94.681	188	8	2	942	1129	18412311	18412496	5.94e-77	291
NC_003070.9:9816210-9818274	NC_003074.8	94.180	189	9	2	942	1130	18018938	18019124	7.69e-76	287
NC_003070.9:9816210-9818274	NC_003074.8	88.745	231	20	5	28	255	2630001	2629774	4.63e-73	278
NC_003070.9:9816210-9818274	NC_003074.8	84.615	260	24	5	1	257	20487142	20486896	4.69e-63	244
NC_003070.9:9816210-9818274	NC_003074.8	90.341	176	15	2	61	236	16879865	16880038	1.31e-58	230
NC_003070.9:9816210-9818274	NC_003074.8	95.283	106	4	1	1	106	16879751	16879855	1.05e-39	167
NC_003070.9:9816210-9818274	NC_003074.8	89.091	110	9	3	1	108	9890049	9890157	1.06e-29	134
NC_003070.9:9816210-9818274	NC_003074.8	92.683	82	4	2	1	81	18018781	18018861	1.07e-24	117
NC_003070.9:9816210-9818274	NC_003074.8	92.593	81	4	2	2	81	17299939	17299860	3.84e-24	115
NC_003070.9:9816210-9818274	NC_003074.8	91.358	81	7	0	1	81	10320412	10320492	4.97e-23	111
NC_003070.9:9816210-9818274	NC_003074.8	89.773	88	8	1	37	124	10392129	10392215	4.97e-23	111
NC_003070.9:9816210-9818274	NC_003074.8	91.358	81	7	0	1	81	13327434	13327514	4.97e-23	111
NC_003070.9:9816210-9818274	NC_003074.8	91.358	81	7	0	1	81	18412154	18412234	4.97e-23	111
NC_003070.9:9816210-9818274	NC_003074.8	89.412	85	8	1	1	85	16419144	16419227	2.31e-21	106
NC_003070.9:9816210-9818274	NC_003074.8	95.312	64	3	0	1	64	10557346	10557283	2.99e-20	102
NC_003070.9:9816210-9818274	NC_003074.8	95.000	40	2	0	819	858	9385184	9385223	1.41e-08	63.9
NC_003070.9:9836508-9837584	NC_003070.9	100.000	1077	0	0	1	1077	9836508	9837584	0.0	1989
NC_003070.9:9836508-9837584	NC_003070.9	92.525	1097	54	4	3	1072	24533331	24534426	0.0	1546
NC_003070.9:9836508-9837584	NC_003070.9	85.010	1014	77	32	4	1010	18450393	18449448	0.0	961
NC_003070.9:9836508-9837584	NC_003070.9	82.982	570	70	21	329	889	11526540	11525989	2.81e-137	490
NC_003070.9:9836508-9837584	NC_003070.9	85.204	196	23	5	7	202	20167549	20167360	6.87e-49	196
NC_003070.9:9836508-9837584	NC_003070.9	83.721	215	25	9	1	213	12618638	12618844	2.47e-48	195
NC_003070.9:9836508-9837584	NC_003070.9	81.871	171	28	3	1	171	29775140	29774973	3.26e-32	141
NC_003070.9:9836508-9837584	NC_003070.9	89.412	85	7	1	1	83	17341175	17341259	1.19e-21	106
NC_003070.9:9836508-9837584	NC_003070.9	93.878	49	1	2	1027	1074	25780190	25780237	1.21e-11	73.1
NC_003070.9:9836508-9837584	NC_003070.9	78.632	117	15	8	964	1077	21615403	21615294	1.56e-10	69.4
NC_003070.9:9836508-9837584	NC_003070.9	85.484	62	9	0	1	62	21105189	21105128	2.02e-09	65.8
NC_003070.9:9836508-9837584	NC_003070.9	78.070	114	15	8	965	1075	8539658	8539764	7.27e-09	63.9
NC_003070.9:9836508-9837584	NC_003070.9	88.235	51	4	2	1027	1076	3497799	3497750	9.40e-08	60.2
NC_003070.9:9836508-9837584	NC_003070.9	89.130	46	2	3	1030	1074	13810946	13810903	4.37e-06	54.7
NC_003070.9:9836508-9837584	NC_003071.7	97.685	1080	22	3	1	1077	7567625	7566546	0.0	1853
NC_003070.9:9836508-9837584	NC_003071.7	93.981	1080	35	8	25	1075	4352611	4351533	0.0	1607
NC_003070.9:9836508-9837584	NC_003071.7	81.034	522	65	19	373	889	9311218	9310726	1.37e-105	385
NC_003070.9:9836508-9837584	NC_003071.7	88.018	217	23	3	1	216	1736022	1735808	4.02e-66	254
NC_003070.9:9836508-9837584	NC_003071.7	81.188	202	31	6	1	202	1348076	1347882	1.17e-36	156
NC_003070.9:9836508-9837584	NC_003071.7	82.667	150	26	0	621	770	8028882	8028733	5.46e-30	134
NC_003070.9:9836508-9837584	NC_003071.7	92.308	91	6	1	1	90	9091138	9091228	2.54e-28	128
NC_003070.9:9836508-9837584	NC_003071.7	91.304	92	6	2	1	90	6657488	6657579	3.29e-27	124
NC_003070.9:9836508-9837584	NC_003071.7	90.244	82	8	0	1	82	5761056	5760975	3.31e-22	108
NC_003070.9:9836508-9837584	NC_003071.7	83.333	90	13	2	1	89	4353559	4353471	2.01e-14	82.4
NC_003070.9:9836508-9837584	NC_003071.7	92.593	54	2	2	1023	1075	5010138	5010086	9.34e-13	76.8
NC_003070.9:9836508-9837584	NC_003071.7	81.522	92	12	4	986	1076	7178930	7179017	4.34e-11	71.3
NC_003070.9:9836508-9837584	NC_003071.7	82.927	82	9	4	995	1075	6901846	6901923	1.56e-10	69.4
NC_003070.9:9836508-9837584	NC_003071.7	90.000	50	3	2	1028	1076	9228683	9228635	7.27e-09	63.9
NC_003070.9:9836508-9837584	NC_003071.7	90.000	50	3	2	1027	1075	10996230	10996182	7.27e-09	63.9
NC_003070.9:9836508-9837584	NC_003075.7	92.683	1107	50	7	1	1077	793142	792037	0.0	1567
NC_003070.9:9836508-9837584	NC_003075.7	89.593	1105	72	18	1	1074	1956611	1957703	0.0	1363
NC_003070.9:9836508-9837584	NC_003075.7	83.099	568	68	22	329	885	8777601	8777051	7.82e-138	492
NC_003070.9:9836508-9837584	NC_003075.7	85.308	211	21	9	1	209	8820690	8820488	8.82e-53	209
NC_003070.9:9836508-9837584	NC_003075.7	87.912	91	10	1	1	91	8777862	8777773	1.19e-21	106
NC_003070.9:9836508-9837584	NC_003075.7	87.805	82	9	1	1	82	6660987	6661067	2.58e-18	95.3
NC_003070.9:9836508-9837584	NC_003075.7	84.706	85	13	0	618	702	2120823	2120907	1.55e-15	86.1
NC_003070.9:9836508-9837584	NC_003075.7	92.308	52	2	2	1027	1077	1521772	1521822	1.21e-11	73.1
NC_003070.9:9836508-9837584	NC_003075.7	80.392	102	12	8	976	1075	12699268	12699363	4.34e-11	71.3
NC_003070.9:9836508-9837584	NC_003075.7	92.000	50	3	1	1027	1075	6426665	6426616	1.56e-10	69.4
NC_003070.9:9836508-9837584	NC_003075.7	82.927	82	9	4	995	1075	7383491	7383414	1.56e-10	69.4
NC_003070.9:9836508-9837584	NC_003074.8	85.542	1079	81	32	1	1072	11287475	11286465	0.0	1059
NC_003070.9:9836508-9837584	NC_003074.8	88.610	878	66	10	1	853	16276875	16276007	0.0	1037
NC_003070.9:9836508-9837584	NC_003074.8	81.261	571	81	20	329	892	10905561	10906112	1.03e-121	438
NC_003070.9:9836508-9837584	NC_003074.8	81.683	202	30	6	1	202	11456304	11456110	2.51e-38	161
NC_003070.9:9836508-9837584	NC_003074.8	89.524	105	7	4	1	102	15749865	15749762	7.07e-29	130
NC_003070.9:9836508-9837584	NC_003074.8	85.047	107	11	5	1	104	12814727	12814623	4.28e-21	104
NC_003070.9:9836508-9837584	NC_003074.8	92.000	50	2	2	1027	1075	5866382	5866430	1.56e-10	69.4
NC_003070.9:9836508-9837584	NC_003074.8	92.000	50	3	1	1027	1075	15918141	15918092	1.56e-10	69.4
NC_003070.9:9836508-9837584	NC_003076.8	80.382	576	75	26	329	892	10048835	10048286	3.77e-111	403
NC_003070.9:9836508-9837584	NC_003076.8	90.110	91	8	1	1	90	9368944	9369034	5.50e-25	117
NC_003070.9:9836508-9837584	NC_003076.8	92.308	52	2	2	1027	1077	14103714	14103664	1.21e-11	73.1
NC_003070.9:9836508-9837584	NC_003076.8	89.831	59	3	3	1019	1076	24449321	24449377	1.21e-11	73.1
NC_003070.9:9836508-9837584	NC_003076.8	92.000	50	2	2	1028	1076	24587010	24587058	1.56e-10	69.4
NC_003070.9:9836508-9837584	NC_003076.8	79.612	103	11	9	976	1075	26893305	26893400	2.02e-09	65.8
NC_003070.9:9836508-9837584	NC_003076.8	90.000	50	3	2	1027	1075	8601866	8601818	7.27e-09	63.9
NC_003070.9:9836508-9837584	NC_003076.8	80.488	82	11	4	995	1075	24314419	24314496	3.38e-07	58.4
NC_003070.9:9836508-9837584	NC_003076.8	87.755	49	4	2	1028	1075	7700684	7700637	1.22e-06	56.5
NC_003070.9:9062084-9062520	NC_003070.9	100.000	437	0	0	1	437	9062084	9062520	0.0	808
NC_003070.9:9062084-9062520	NC_003070.9	92.922	438	30	1	1	437	10652930	10652493	0.0	636
NC_003070.9:9062084-9062520	NC_003070.9	93.250	400	22	4	1	398	8723513	8723117	4.92e-166	584
NC_003070.9:9062084-9062520	NC_003070.9	90.411	438	29	6	1	437	18287193	18287618	6.41e-160	564
NC_003070.9:9062084-9062520	NC_003070.9	96.484	256	9	0	182	437	13808353	13808608	1.14e-117	424
NC_003070.9:9062084-9062520	NC_003070.9	83.599	439	42	19	4	437	16998809	16998396	5.36e-106	385
NC_003070.9:9062084-9062520	NC_003070.9	82.648	438	48	18	4	437	28750313	28749900	2.51e-99	363
NC_003070.9:9062084-9062520	NC_003070.9	92.130	216	13	4	1	213	8375151	8374937	5.55e-81	302
NC_003070.9:9062084-9062520	NC_003070.9	91.163	215	17	2	1	213	16822273	16822487	1.20e-77	291
NC_003070.9:9062084-9062520	NC_003070.9	91.542	201	13	4	13	210	18126616	18126815	1.21e-72	274
NC_003070.9:9062084-9062520	NC_003070.9	89.831	177	17	1	1	176	13808204	13808380	3.44e-58	226
NC_003070.9:9062084-9062520	NC_003070.9	95.098	102	5	0	336	437	16822787	16822888	9.83e-39	161
NC_003070.9:9062084-9062520	NC_003070.9	94.175	103	5	1	336	437	8374654	8374552	4.57e-37	156
NC_003070.9:9062084-9062520	NC_003075.7	96.339	437	15	1	1	437	2316524	2316089	0.0	717
NC_003070.9:9062084-9062520	NC_003075.7	94.977	438	21	1	1	437	4650110	4650547	0.0	686
NC_003070.9:9062084-9062520	NC_003075.7	94.064	438	25	1	1	437	4685638	4686075	0.0	664
NC_003070.9:9062084-9062520	NC_003075.7	93.151	438	29	1	1	437	12714136	12713699	0.0	641
NC_003070.9:9062084-9062520	NC_003075.7	91.324	438	37	1	1	437	16705425	16705862	6.32e-170	597
NC_003070.9:9062084-9062520	NC_003075.7	92.920	339	22	2	1	338	4906330	4905993	3.07e-138	492
NC_003070.9:9062084-9062520	NC_003075.7	93.015	272	18	1	1	271	4909348	4909077	2.48e-109	396
NC_003070.9:9062084-9062520	NC_003075.7	88.770	187	19	2	1	186	15592391	15592206	9.56e-59	228
NC_003070.9:9062084-9062520	NC_003075.7	98.529	68	1	0	336	403	4875809	4875742	1.67e-26	121
NC_003070.9:9062084-9062520	NC_003074.8	94.521	438	23	1	1	437	16851842	16851405	0.0	675
NC_003070.9:9062084-9062520	NC_003074.8	95.433	416	18	1	1	415	15642913	15643328	0.0	662
NC_003070.9:9062084-9062520	NC_003074.8	93.836	438	25	2	1	437	18976720	18977156	0.0	658
NC_003070.9:9062084-9062520	NC_003074.8	93.607	438	26	2	1	437	10791549	10791113	0.0	652
NC_003070.9:9062084-9062520	NC_003074.8	93.379	438	28	1	1	437	15783155	15783592	0.0	647
NC_003070.9:9062084-9062520	NC_003074.8	92.922	438	30	1	1	437	19648580	19648143	0.0	636
NC_003070.9:9062084-9062520	NC_003074.8	93.426	289	19	0	149	437	10908292	10908004	2.44e-119	429
NC_003070.9:9062084-9062520	NC_003074.8	82.110	436	48	18	4	434	538783	539193	2.53e-94	346
NC_003070.9:9062084-9062520	NC_003074.8	80.769	442	54	20	4	437	9767685	9768103	1.98e-85	316
NC_003070.9:9062084-9062520	NC_003074.8	90.476	210	19	1	1	209	10908474	10908265	3.37e-73	276
NC_003070.9:9062084-9062520	NC_003074.8	92.228	193	13	2	1	192	14785551	14785360	4.35e-72	272
NC_003070.9:9062084-9062520	NC_003074.8	91.346	104	5	1	338	437	14785298	14785195	4.61e-32	139
NC_003070.9:9062084-9062520	NC_003076.8	94.292	438	22	3	1	435	8178107	8177670	0.0	667
NC_003070.9:9062084-9062520	NC_003076.8	95.433	416	18	1	1	415	17438315	17438730	0.0	662
NC_003070.9:9062084-9062520	NC_003076.8	91.553	438	23	6	1	437	15213323	15212899	2.94e-168	592
NC_003070.9:9062084-9062520	NC_003076.8	90.661	439	37	4	1	437	14985232	14984796	6.37e-165	580
NC_003070.9:9062084-9062520	NC_003076.8	82.069	435	50	22	7	437	13608302	13608712	2.53e-94	346
NC_003070.9:9062084-9062520	NC_003076.8	81.321	439	53	22	4	437	26233530	26233116	2.55e-89	329
NC_003070.9:9062084-9062520	NC_003076.8	92.823	209	13	2	4	210	18113644	18113852	5.55e-81	302
NC_003070.9:9062084-9062520	NC_003076.8	91.628	215	16	2	1	213	8808995	8809209	2.58e-79	296
NC_003070.9:9062084-9062520	NC_003076.8	80.047	426	56	23	8	429	16480788	16481188	4.32e-77	289
NC_003070.9:9062084-9062520	NC_003076.8	91.146	192	16	1	1	191	18147553	18147744	3.39e-68	259
NC_003070.9:9062084-9062520	NC_003076.8	95.238	105	5	0	333	437	18113899	18114003	2.11e-40	167
NC_003070.9:9062084-9062520	NC_003076.8	94.118	102	6	0	336	437	18147806	18147907	4.57e-37	156
NC_003070.9:9062084-9062520	NC_003076.8	93.878	98	6	0	340	437	8809513	8809610	7.65e-35	148
NC_003070.9:9062084-9062520	NC_003071.7	93.166	439	27	3	1	437	2735215	2734778	0.0	641
NC_003070.9:9062084-9062520	NC_003071.7	93.151	438	28	2	1	437	2820420	2820856	0.0	641
NC_003070.9:9062084-9062520	NC_003071.7	92.343	431	32	1	1	430	6946155	6946585	2.26e-174	612
NC_003070.9:9062084-9062520	NC_003071.7	91.954	435	22	2	1	434	4307703	4307281	6.32e-170	597
NC_003070.9:9062084-9062520	NC_003071.7	92.925	212	13	2	4	213	11129216	11129005	1.19e-82	307
NC_003070.9:9062084-9062520	NC_003071.7	92.417	211	14	2	1	209	510988	511198	2.00e-80	300
NC_003070.9:9062084-9062520	NC_003071.7	91.667	216	14	4	1	213	10406501	10406715	2.58e-79	296
NC_003070.9:9062084-9062520	NC_003071.7	90.783	217	15	5	1	213	19269200	19268985	5.59e-76	285
NC_003070.9:9062084-9062520	NC_003071.7	95.205	146	7	0	292	437	511194	511339	7.39e-60	231
NC_003070.9:9062084-9062520	NC_003071.7	92.453	106	7	1	333	437	10406989	10407094	2.13e-35	150
NC_003070.9:9062084-9062520	NC_003071.7	93.939	99	5	1	339	437	11128909	11128812	7.65e-35	148
NC_003070.9:9062084-9062520	NC_003071.7	92.157	102	8	0	336	437	19268699	19268598	9.90e-34	145
NC_003071.7:6923280-6925390	NC_003071.7	100.000	2111	0	0	1	2111	6925390	6923280	0.0	3899
NC_003071.7:6923280-6925390	NC_003071.7	94.839	2112	84	17	13	2110	13266914	13269014	0.0	3273
NC_003071.7:6923280-6925390	NC_003071.7	93.762	2116	106	19	7	2101	12800985	12803095	0.0	3153
NC_003071.7:6923280-6925390	NC_003071.7	93.298	2104	96	13	14	2100	499985	502060	0.0	3062
NC_003071.7:6923280-6925390	NC_003071.7	92.471	2125	109	18	5	2109	17255241	17253148	0.0	2990
NC_003071.7:6923280-6925390	NC_003071.7	92.260	2106	102	18	10	2101	13908724	13906666	0.0	2929
NC_003071.7:6923280-6925390	NC_003071.7	91.859	2076	110	22	5	2065	12094433	12092402	0.0	2843
NC_003071.7:6923280-6925390	NC_003071.7	91.940	2010	114	19	117	2111	396551	394575	0.0	2771
NC_003071.7:6923280-6925390	NC_003071.7	91.723	1933	90	19	11	1903	11287164	11285262	0.0	2619
NC_003071.7:6923280-6925390	NC_003071.7	93.030	1363	63	10	14	1374	13338077	13336745	0.0	1962
NC_003071.7:6923280-6925390	NC_003071.7	90.688	1439	77	15	14	1435	707442	708840	0.0	1862
NC_003071.7:6923280-6925390	NC_003071.7	91.580	1152	74	12	973	2110	7814534	7813392	0.0	1568
NC_003071.7:6923280-6925390	NC_003071.7	91.156	1142	83	7	973	2100	7169367	7168230	0.0	1533
NC_003071.7:6923280-6925390	NC_003071.7	93.245	1051	53	3	13	1063	7154737	7153705	0.0	1531
NC_003071.7:6923280-6925390	NC_003071.7	92.830	1046	56	7	1070	2100	6663080	6664121	0.0	1498
NC_003071.7:6923280-6925390	NC_003071.7	92.829	1018	38	15	1113	2111	543175	544176	0.0	1443
NC_003071.7:6923280-6925390	NC_003071.7	92.798	972	42	5	1115	2073	14334657	14335613	0.0	1382
NC_003071.7:6923280-6925390	NC_003071.7	94.451	883	42	7	13	891	14333784	14334663	0.0	1352
NC_003071.7:6923280-6925390	NC_003071.7	91.580	962	63	7	1139	2087	6803425	6804381	0.0	1312
NC_003071.7:6923280-6925390	NC_003071.7	94.675	845	37	5	14	855	542308	543147	0.0	1304
NC_003071.7:6923280-6925390	NC_003071.7	92.601	892	48	11	1234	2111	13336700	13335813	0.0	1266
NC_003071.7:6923280-6925390	NC_003071.7	93.125	800	38	6	1323	2108	6101020	6100224	0.0	1157
NC_003071.7:6923280-6925390	NC_003071.7	90.909	880	51	17	1253	2111	7960700	7961571	0.0	1155
NC_003071.7:6923280-6925390	NC_003071.7	92.298	792	44	6	1323	2100	7112140	7112928	0.0	1109
NC_003071.7:6923280-6925390	NC_003071.7	93.333	720	44	4	249	968	12556068	12555353	0.0	1061
NC_003071.7:6923280-6925390	NC_003071.7	93.007	715	46	4	249	963	1460787	1460077	0.0	1040
NC_003071.7:6923280-6925390	NC_003071.7	93.759	689	39	4	255	943	10468943	10468259	0.0	1031
NC_003071.7:6923280-6925390	NC_003071.7	92.120	736	48	9	1376	2108	3213046	3212318	0.0	1029
NC_003071.7:6923280-6925390	NC_003071.7	92.766	705	44	6	265	968	5466865	5466167	0.0	1013
NC_003071.7:6923280-6925390	NC_003071.7	92.444	675	44	5	1427	2098	709401	710071	0.0	957
NC_003071.7:6923280-6925390	NC_003071.7	92.547	644	45	3	249	892	19196619	19195979	0.0	920
NC_003071.7:6923280-6925390	NC_003071.7	92.670	573	36	6	249	821	6099666	6100232	0.0	821
NC_003071.7:6923280-6925390	NC_003071.7	88.957	652	38	10	249	900	11399238	11398621	0.0	774
NC_003071.7:6923280-6925390	NC_003071.7	93.013	458	30	2	1500	1956	3564666	3565122	0.0	667
NC_003071.7:6923280-6925390	NC_003071.7	91.900	321	25	1	648	968	6383692	6383373	3.41e-124	448
NC_003071.7:6923280-6925390	NC_003071.7	91.873	283	20	3	1829	2110	2962564	2962284	1.62e-107	392
NC_003071.7:6923280-6925390	NC_003071.7	93.750	256	15	1	1815	2070	3565124	3565378	9.75e-105	383
NC_003071.7:6923280-6925390	NC_003071.7	91.319	288	11	3	1323	1597	4024558	4024844	3.51e-104	381
NC_003071.7:6923280-6925390	NC_003071.7	94.650	243	12	1	973	1215	7959949	7960190	1.63e-102	375
NC_003071.7:6923280-6925390	NC_003071.7	89.145	304	18	4	1323	1612	980261	979959	3.53e-99	364
NC_003071.7:6923280-6925390	NC_003071.7	91.154	260	18	5	14	270	19196757	19196500	3.56e-94	348
NC_003071.7:6923280-6925390	NC_003071.7	91.154	260	16	6	14	270	6099530	6099785	1.28e-93	346
NC_003071.7:6923280-6925390	NC_003071.7	90.299	268	20	6	7	270	11399385	11399120	1.28e-93	346
NC_003071.7:6923280-6925390	NC_003071.7	90.734	259	19	5	14	269	1460925	1460669	5.95e-92	340
NC_003071.7:6923280-6925390	NC_003071.7	90.726	248	16	6	26	270	5843961	5843718	5.99e-87	324
NC_003071.7:6923280-6925390	NC_003071.7	88.973	263	25	4	11	270	6084087	6084348	2.16e-86	322
NC_003071.7:6923280-6925390	NC_003071.7	97.340	188	4	1	973	1160	4024359	4024545	2.79e-85	318
NC_003071.7:6923280-6925390	NC_003071.7	89.272	261	19	5	12	269	6384056	6383802	2.79e-85	318
NC_003071.7:6923280-6925390	NC_003071.7	96.739	184	6	0	973	1156	7111941	7112124	6.04e-82	307
NC_003071.7:6923280-6925390	NC_003071.7	95.628	183	8	0	973	1155	980459	980277	4.70e-78	294
NC_003071.7:6923280-6925390	NC_003071.7	95.109	184	8	1	978	1161	6101214	6101032	2.19e-76	289
NC_003071.7:6923280-6925390	NC_003071.7	85.824	261	17	7	13	270	5467005	5466762	1.71e-67	259
NC_003071.7:6923280-6925390	NC_003071.7	93.125	160	8	3	808	965	6101360	6101518	3.74e-59	231
NC_003071.7:6923280-6925390	NC_003071.7	94.068	118	5	2	10	127	6101379	6101264	4.94e-43	178
NC_003071.7:6923280-6925390	NC_003071.7	94.643	112	6	0	973	1084	3564539	3564650	6.39e-42	174
NC_003071.7:6923280-6925390	NC_003071.7	95.238	105	5	0	973	1077	3213196	3213092	1.07e-39	167
NC_003071.7:6923280-6925390	NC_003071.7	93.396	106	7	0	973	1078	6661119	6661224	6.43e-37	158
NC_003071.7:6923280-6925390	NC_003071.7	93.023	86	4	2	9	94	7111780	7111863	6.52e-27	124
NC_003071.7:6923280-6925390	NC_003071.7	94.805	77	4	0	973	1049	2962647	2962571	8.44e-26	121
NC_003071.7:6923280-6925390	NC_003071.7	90.110	91	7	2	11	101	7814694	7814606	1.09e-24	117
NC_003071.7:6923280-6925390	NC_003071.7	91.358	81	7	0	14	94	980617	980537	5.08e-23	111
NC_003071.7:6923280-6925390	NC_003071.7	89.130	92	7	3	6	94	3213365	3213274	5.08e-23	111
NC_003071.7:6923280-6925390	NC_003071.7	88.889	90	5	5	14	102	2962805	2962720	2.36e-21	106
NC_003071.7:6923280-6925390	NC_003071.7	89.412	85	7	2	14	98	3564382	3564464	2.36e-21	106
NC_003071.7:6923280-6925390	NC_003071.7	89.412	85	8	1	11	94	4024197	4024281	2.36e-21	106
NC_003071.7:6923280-6925390	NC_003071.7	91.026	78	5	2	14	90	7169524	7169448	8.50e-21	104
NC_003071.7:6923280-6925390	NC_003071.7	92.647	68	5	0	39	106	12555280	12555213	3.95e-19	99.0
NC_003071.7:6923280-6925390	NC_003071.7	90.769	65	6	0	30	94	7959807	7959871	8.56e-16	87.9
NC_003071.7:6923280-6925390	NC_003071.7	95.918	49	2	0	973	1021	6101262	6101214	1.43e-13	80.5
NC_003071.7:6923280-6925390	NC_003071.7	100.000	37	0	0	1095	1131	543148	543184	3.10e-10	69.4
NC_003071.7:6923280-6925390	NC_003071.7	100.000	32	0	0	1095	1126	14334625	14334656	1.87e-07	60.2
NC_003071.7:6923280-6925390	NC_003070.9	98.805	2092	20	5	12	2101	26171482	26169394	0.0	3720
NC_003071.7:6923280-6925390	NC_003070.9	93.872	2105	106	10	14	2100	7035191	7037290	0.0	3151
NC_003071.7:6923280-6925390	NC_003070.9	93.578	2102	94	14	14	2101	13058823	13060897	0.0	3096
NC_003071.7:6923280-6925390	NC_003070.9	93.528	2086	91	15	3	2073	8114759	8116815	0.0	3064
NC_003071.7:6923280-6925390	NC_003070.9	93.194	2101	95	20	13	2100	9816209	9818274	0.0	3044
NC_003071.7:6923280-6925390	NC_003070.9	93.010	2103	108	22	14	2100	17899863	17901942	0.0	3033
NC_003071.7:6923280-6925390	NC_003070.9	92.531	2102	107	20	14	2098	9867414	9865346	0.0	2966
NC_003071.7:6923280-6925390	NC_003070.9	92.271	2109	107	22	14	2100	22449931	22452005	0.0	2940
NC_003071.7:6923280-6925390	NC_003070.9	92.184	2111	108	22	11	2103	16903796	16905867	0.0	2931
NC_003071.7:6923280-6925390	NC_003070.9	92.100	2114	101	22	14	2110	19995734	19993670	0.0	2918
NC_003071.7:6923280-6925390	NC_003070.9	94.807	1868	74	11	27	1879	30255510	30253651	0.0	2891
NC_003071.7:6923280-6925390	NC_003070.9	90.821	1863	91	30	2	1831	11737407	11735592	0.0	2420
NC_003071.7:6923280-6925390	NC_003070.9	91.907	1767	84	20	351	2102	13017571	13015849	0.0	2416
NC_003071.7:6923280-6925390	NC_003070.9	93.825	1425	58	10	703	2111	15939781	15941191	0.0	2117
NC_003071.7:6923280-6925390	NC_003070.9	91.064	1589	77	15	529	2100	18791324	18792864	0.0	2087
NC_003071.7:6923280-6925390	NC_003070.9	94.282	1364	52	8	10	1372	30253110	30251772	0.0	2063
NC_003071.7:6923280-6925390	NC_003070.9	94.126	1362	54	8	12	1372	12330055	12328719	0.0	2049
NC_003071.7:6923280-6925390	NC_003070.9	93.250	1363	64	10	12	1372	22994062	22992726	0.0	1982
NC_003071.7:6923280-6925390	NC_003070.9	91.304	1449	72	11	14	1448	501372	499964	0.0	1929
NC_003071.7:6923280-6925390	NC_003070.9	94.081	1267	65	5	18	1284	19329256	19328000	0.0	1916
NC_003071.7:6923280-6925390	NC_003070.9	93.229	1152	50	13	966	2101	11700589	11701728	0.0	1670
NC_003071.7:6923280-6925390	NC_003070.9	92.609	1150	61	10	975	2111	3413713	3414851	0.0	1631
NC_003071.7:6923280-6925390	NC_003070.9	92.014	1152	65	12	973	2110	28161194	28162332	0.0	1592
NC_003071.7:6923280-6925390	NC_003070.9	92.410	1054	62	12	1065	2102	19769039	19767988	0.0	1487
NC_003071.7:6923280-6925390	NC_003070.9	92.758	1008	56	7	1115	2108	4786259	4787263	0.0	1441
NC_003071.7:6923280-6925390	NC_003070.9	93.273	996	37	6	1121	2100	19466071	19465090	0.0	1441
NC_003071.7:6923280-6925390	NC_003070.9	93.180	997	40	5	1118	2100	16825388	16826370	0.0	1439
NC_003071.7:6923280-6925390	NC_003070.9	93.086	998	40	11	1118	2100	12365009	12365992	0.0	1434
NC_003071.7:6923280-6925390	NC_003070.9	93.456	978	44	5	14	990	19061965	19062923	0.0	1434
NC_003071.7:6923280-6925390	NC_003070.9	92.857	1008	37	9	1113	2100	16326311	16327303	0.0	1430
NC_003071.7:6923280-6925390	NC_003070.9	92.758	1008	40	10	1118	2111	12563207	12562219	0.0	1426
NC_003071.7:6923280-6925390	NC_003070.9	94.043	940	35	9	4	942	11699688	11700607	0.0	1406
NC_003071.7:6923280-6925390	NC_003070.9	92.369	1009	43	8	1113	2104	23214532	23215523	0.0	1406
NC_003071.7:6923280-6925390	NC_003070.9	96.327	844	28	3	12	855	12364133	12364973	0.0	1384
NC_003071.7:6923280-6925390	NC_003070.9	95.962	842	27	6	14	855	16824518	16825352	0.0	1360
NC_003071.7:6923280-6925390	NC_003070.9	95.626	846	28	7	13	855	23213665	23214504	0.0	1349
NC_003071.7:6923280-6925390	NC_003070.9	95.412	850	30	6	10	855	19466953	19466109	0.0	1345
NC_003071.7:6923280-6925390	NC_003070.9	95.131	842	38	3	14	855	12564081	12563243	0.0	1325
NC_003071.7:6923280-6925390	NC_003070.9	94.799	846	36	5	13	855	16325443	16326283	0.0	1312
NC_003071.7:6923280-6925390	NC_003070.9	92.980	869	34	11	278	1145	19062922	19063764	0.0	1242
NC_003071.7:6923280-6925390	NC_003070.9	89.652	976	78	15	12	972	16806987	16807954	0.0	1221
NC_003071.7:6923280-6925390	NC_003070.9	93.134	801	39	5	1314	2100	19063794	19064592	0.0	1160
NC_003071.7:6923280-6925390	NC_003070.9	93.173	791	37	11	1323	2100	23876482	23877268	0.0	1146
NC_003071.7:6923280-6925390	NC_003070.9	93.676	759	32	4	973	1717	16998385	16997629	0.0	1122
NC_003071.7:6923280-6925390	NC_003070.9	93.289	760	35	8	973	1717	12876772	12876014	0.0	1107
NC_003071.7:6923280-6925390	NC_003070.9	91.184	828	39	6	14	841	4785461	4786254	0.0	1094
NC_003071.7:6923280-6925390	NC_003070.9	91.710	772	45	11	1343	2101	19328001	19327236	0.0	1053
NC_003071.7:6923280-6925390	NC_003070.9	86.639	973	81	26	14	972	13262203	13261266	0.0	1031
NC_003071.7:6923280-6925390	NC_003070.9	93.525	695	40	5	249	943	17552860	17552171	0.0	1029
NC_003071.7:6923280-6925390	NC_003070.9	92.372	721	50	5	249	968	1977027	1976311	0.0	1022
NC_003071.7:6923280-6925390	NC_003070.9	92.094	721	49	8	249	968	14299705	14298992	0.0	1009
NC_003071.7:6923280-6925390	NC_003070.9	91.806	720	53	5	249	968	29320592	29319879	0.0	998
NC_003071.7:6923280-6925390	NC_003070.9	92.775	692	45	5	262	953	19085236	19085922	0.0	996
NC_003071.7:6923280-6925390	NC_003070.9	92.962	682	43	5	272	953	19173657	19172981	0.0	989
NC_003071.7:6923280-6925390	NC_003070.9	91.353	717	57	5	249	965	6736003	6736714	0.0	976
NC_003071.7:6923280-6925390	NC_003070.9	91.111	720	59	5	249	968	3074585	3073871	0.0	970
NC_003071.7:6923280-6925390	NC_003070.9	90.934	717	59	6	249	965	17368	18078	0.0	959
NC_003071.7:6923280-6925390	NC_003070.9	91.559	699	54	4	265	963	8291431	8290738	0.0	959
NC_003071.7:6923280-6925390	NC_003070.9	91.348	705	46	9	265	968	12855853	12855163	0.0	950
NC_003071.7:6923280-6925390	NC_003070.9	92.702	644	44	3	249	892	2235029	2234389	0.0	926
NC_003071.7:6923280-6925390	NC_003070.9	92.248	645	38	9	1465	2100	14309405	14308764	0.0	904
NC_003071.7:6923280-6925390	NC_003070.9	88.859	745	49	19	249	963	18746910	18746170	0.0	885
NC_003071.7:6923280-6925390	NC_003070.9	93.155	599	29	6	1503	2100	499960	499373	0.0	869
NC_003071.7:6923280-6925390	NC_003070.9	92.922	551	32	6	1562	2108	8489951	8489404	0.0	795
NC_003071.7:6923280-6925390	NC_003070.9	92.435	542	36	4	1562	2100	25963004	25962465	0.0	769
NC_003071.7:6923280-6925390	NC_003070.9	92.150	535	28	3	1576	2110	18790338	18790858	0.0	743
NC_003071.7:6923280-6925390	NC_003070.9	95.011	461	23	0	14	474	15939323	15939783	0.0	725
NC_003071.7:6923280-6925390	NC_003070.9	94.280	472	25	2	7	478	22622311	22621842	0.0	721
NC_003071.7:6923280-6925390	NC_003070.9	93.319	464	24	3	910	1372	22621842	22621385	0.0	678
NC_003071.7:6923280-6925390	NC_003070.9	94.724	417	19	3	6	422	18790921	18791334	0.0	645
NC_003071.7:6923280-6925390	NC_003070.9	93.447	412	23	3	1699	2108	23554190	23553781	1.48e-172	608
NC_003071.7:6923280-6925390	NC_003070.9	92.566	417	28	3	549	965	23174140	23174553	1.15e-168	595
NC_003071.7:6923280-6925390	NC_003070.9	96.281	242	7	2	14	255	3910601	3910362	1.25e-108	396
NC_003071.7:6923280-6925390	NC_003070.9	94.186	258	14	1	12	269	25963259	25963003	1.62e-107	392
NC_003071.7:6923280-6925390	NC_003070.9	92.058	277	18	4	14	288	23554439	23554165	7.54e-106	387
NC_003071.7:6923280-6925390	NC_003070.9	90.132	304	15	4	1323	1612	22992366	22992064	3.51e-104	381
NC_003071.7:6923280-6925390	NC_003070.9	89.803	304	16	4	1323	1612	30251412	30251110	1.63e-102	375
NC_003071.7:6923280-6925390	NC_003070.9	90.411	292	13	4	1323	1600	22621025	22620735	7.59e-101	370
NC_003071.7:6923280-6925390	NC_003070.9	95.259	232	9	2	1877	2108	30253364	30253135	9.82e-100	366
NC_003071.7:6923280-6925390	NC_003070.9	90.278	288	14	3	1323	1597	12328360	12328074	3.53e-99	364
NC_003071.7:6923280-6925390	NC_003070.9	91.078	269	18	6	6	270	2235176	2234910	1.64e-97	359
NC_003071.7:6923280-6925390	NC_003070.9	90.909	264	18	6	10	270	17553001	17552741	9.89e-95	350
NC_003071.7:6923280-6925390	NC_003070.9	90.661	257	19	5	17	270	18747045	18746791	7.70e-91	337
NC_003071.7:6923280-6925390	NC_003070.9	91.165	249	19	3	14	260	17009	17256	2.77e-90	335
NC_003071.7:6923280-6925390	NC_003070.9	91.165	249	17	5	14	260	14299842	14299597	9.96e-90	333
NC_003071.7:6923280-6925390	NC_003070.9	90.661	257	13	2	13	269	8490195	8489950	3.58e-89	331
NC_003071.7:6923280-6925390	NC_003070.9	89.960	249	22	3	14	260	3074944	3074697	2.79e-85	318
NC_003071.7:6923280-6925390	NC_003070.9	97.268	183	5	0	973	1155	22992564	22992382	4.67e-83	311
NC_003071.7:6923280-6925390	NC_003070.9	96.721	183	6	0	973	1155	12328558	12328376	2.17e-81	305
NC_003071.7:6923280-6925390	NC_003070.9	96.237	186	7	0	973	1158	30251610	30251425	2.17e-81	305
NC_003071.7:6923280-6925390	NC_003070.9	96.175	183	7	0	973	1155	22621223	22621041	1.01e-79	300
NC_003071.7:6923280-6925390	NC_003070.9	95.628	183	8	0	973	1155	23876284	23876466	4.70e-78	294
NC_003071.7:6923280-6925390	NC_003070.9	89.030	237	22	4	37	270	29320708	29320473	6.08e-77	291
NC_003071.7:6923280-6925390	NC_003070.9	89.316	234	20	5	41	270	17255	17487	2.19e-76	289
NC_003071.7:6923280-6925390	NC_003070.9	86.260	262	17	6	12	270	19085097	19085342	1.02e-69	267
NC_003071.7:6923280-6925390	NC_003070.9	85.385	260	17	8	14	270	19173802	19173561	1.03e-64	250
NC_003071.7:6923280-6925390	NC_003070.9	85.259	251	19	8	12	260	12855995	12855761	1.73e-62	243
NC_003071.7:6923280-6925390	NC_003070.9	84.615	260	21	9	14	270	8291571	8291328	6.21e-62	241
NC_003071.7:6923280-6925390	NC_003070.9	95.283	106	5	0	973	1078	19769678	19769573	2.97e-40	169
NC_003071.7:6923280-6925390	NC_003070.9	90.000	90	8	1	6	94	18790094	18790183	3.93e-24	115
NC_003071.7:6923280-6925390	NC_003070.9	88.421	95	8	3	1	94	3413541	3413633	5.08e-23	111
NC_003071.7:6923280-6925390	NC_003070.9	91.250	80	7	0	15	94	30251767	30251688	1.83e-22	110
NC_003071.7:6923280-6925390	NC_003070.9	90.244	82	8	0	13	94	16998956	16998875	6.57e-22	108
NC_003071.7:6923280-6925390	NC_003070.9	94.366	71	3	1	973	1043	18790258	18790327	6.57e-22	108
NC_003071.7:6923280-6925390	NC_003070.9	90.244	82	6	2	14	94	12876928	12876848	2.36e-21	106
NC_003071.7:6923280-6925390	NC_003070.9	90.000	80	7	1	15	94	12328714	12328636	3.06e-20	102
NC_003071.7:6923280-6925390	NC_003070.9	88.372	86	9	1	13	98	19769834	19769750	3.06e-20	102
NC_003071.7:6923280-6925390	NC_003070.9	88.235	85	8	2	11	94	19724752	19724835	1.10e-19	100
NC_003071.7:6923280-6925390	NC_003070.9	87.209	86	8	3	17	102	22621378	22621296	5.12e-18	95.3
NC_003071.7:6923280-6925390	NC_003070.9	100.000	37	0	0	1095	1131	16326284	16326320	3.10e-10	69.4
NC_003071.7:6923280-6925390	NC_003070.9	100.000	36	0	0	1095	1130	12364974	12365009	1.12e-09	67.6
NC_003071.7:6923280-6925390	NC_003070.9	100.000	36	0	0	1095	1130	12563242	12563207	1.12e-09	67.6
NC_003071.7:6923280-6925390	NC_003070.9	100.000	36	0	0	1095	1130	16825353	16825388	1.12e-09	67.6
NC_003071.7:6923280-6925390	NC_003070.9	100.000	36	0	0	1095	1130	19466108	19466073	1.12e-09	67.6
NC_003071.7:6923280-6925390	NC_003076.8	96.040	2121	56	9	15	2111	5430061	5427945	0.0	3426
NC_003071.7:6923280-6925390	NC_003076.8	95.560	2117	71	8	10	2106	19742622	19740509	0.0	3367
NC_003071.7:6923280-6925390	NC_003076.8	95.031	2113	82	10	12	2110	20682408	20680305	0.0	3299
NC_003071.7:6923280-6925390	NC_003076.8	95.057	2104	84	9	13	2102	8765708	8767805	0.0	3291
NC_003071.7:6923280-6925390	NC_003076.8	96.042	1996	54	9	9	1990	14151298	14149314	0.0	3225
NC_003071.7:6923280-6925390	NC_003076.8	94.421	2097	90	15	29	2110	24187899	24185815	0.0	3199
NC_003071.7:6923280-6925390	NC_003076.8	93.866	2103	109	9	14	2100	17365025	17367123	0.0	3151
NC_003071.7:6923280-6925390	NC_003076.8	93.596	2108	93	21	14	2105	8746701	8744620	0.0	3107
NC_003071.7:6923280-6925390	NC_003076.8	93.450	2107	91	15	9	2100	9965021	9962947	0.0	3083
NC_003071.7:6923280-6925390	NC_003076.8	92.779	2105	104	16	14	2101	14082835	14080762	0.0	3001
NC_003071.7:6923280-6925390	NC_003076.8	92.413	2109	113	22	10	2103	1898648	1896572	0.0	2964
NC_003071.7:6923280-6925390	NC_003076.8	92.286	2113	112	23	4	2100	16356467	16358544	0.0	2952
NC_003071.7:6923280-6925390	NC_003076.8	92.477	2087	110	19	31	2100	17775746	17777802	0.0	2940
NC_003071.7:6923280-6925390	NC_003076.8	94.044	1360	54	9	14	1372	20281984	20280651	0.0	2037
NC_003071.7:6923280-6925390	NC_003076.8	93.598	1359	62	7	14	1372	9590410	9591743	0.0	2004
NC_003071.7:6923280-6925390	NC_003076.8	93.947	1272	54	12	10	1281	4782231	4780983	0.0	1901
NC_003071.7:6923280-6925390	NC_003076.8	91.397	1360	65	21	10	1350	9559511	9558185	0.0	1816
NC_003071.7:6923280-6925390	NC_003076.8	93.095	1202	59	9	153	1352	4312671	4313850	0.0	1738
NC_003071.7:6923280-6925390	NC_003076.8	92.982	1197	61	7	6	1196	11025327	11026506	0.0	1724
NC_003071.7:6923280-6925390	NC_003076.8	95.155	1094	35	3	65	1158	17618634	17617559	0.0	1711
NC_003071.7:6923280-6925390	NC_003076.8	93.658	1151	54	7	973	2109	15043270	15042125	0.0	1703
NC_003071.7:6923280-6925390	NC_003076.8	92.907	1156	63	8	973	2111	24476433	24475280	0.0	1663
NC_003071.7:6923280-6925390	NC_003076.8	93.269	1144	49	6	3	1145	15606612	15605496	0.0	1661
NC_003071.7:6923280-6925390	NC_003076.8	92.567	1157	55	9	973	2100	22232106	22230952	0.0	1631
NC_003071.7:6923280-6925390	NC_003076.8	93.231	1108	55	8	973	2061	5977895	5976789	0.0	1613
NC_003071.7:6923280-6925390	NC_003076.8	91.421	1154	71	15	973	2100	8354352	8353201	0.0	1557
NC_003071.7:6923280-6925390	NC_003076.8	93.662	994	46	7	1092	2071	18854899	18855889	0.0	1471
NC_003071.7:6923280-6925390	NC_003076.8	91.884	998	63	8	1116	2100	4313874	4314866	0.0	1378
NC_003071.7:6923280-6925390	NC_003076.8	95.882	850	31	4	7	855	21530082	21530928	0.0	1373
NC_003071.7:6923280-6925390	NC_003076.8	91.148	1028	41	17	1095	2110	21530929	21531918	0.0	1349
NC_003071.7:6923280-6925390	NC_003076.8	92.165	970	40	7	14	966	18853952	18854902	0.0	1338
NC_003071.7:6923280-6925390	NC_003076.8	92.772	927	50	5	1187	2100	11026974	11027896	0.0	1325
NC_003071.7:6923280-6925390	NC_003076.8	89.551	957	69	22	13	954	9612590	9613530	0.0	1184
NC_003071.7:6923280-6925390	NC_003076.8	90.991	888	62	12	973	1857	10714580	10715452	0.0	1181
NC_003071.7:6923280-6925390	NC_003076.8	92.497	813	43	12	1314	2111	15605466	15604657	0.0	1147
NC_003071.7:6923280-6925390	NC_003076.8	93.487	737	44	4	1375	2109	4780937	4780203	0.0	1092
NC_003071.7:6923280-6925390	NC_003076.8	93.593	718	39	6	249	965	8683118	8683829	0.0	1064
NC_003071.7:6923280-6925390	NC_003076.8	92.758	718	46	6	249	965	7711270	7711982	0.0	1033
NC_003071.7:6923280-6925390	NC_003076.8	92.448	715	49	5	249	963	14761045	14760336	0.0	1016
NC_003071.7:6923280-6925390	NC_003076.8	91.977	698	50	6	272	968	15342538	15341846	0.0	974
NC_003071.7:6923280-6925390	NC_003076.8	93.808	646	37	3	13	657	7154440	7153797	0.0	968
NC_003071.7:6923280-6925390	NC_003076.8	90.582	722	61	7	249	968	13918658	13917942	0.0	950
NC_003071.7:6923280-6925390	NC_003076.8	90.973	709	45	10	262	965	354277	354971	0.0	937
NC_003071.7:6923280-6925390	NC_003076.8	94.702	604	28	4	1509	2110	7153775	7153174	0.0	935
NC_003071.7:6923280-6925390	NC_003076.8	92.702	644	44	3	249	892	19931420	19930780	0.0	926
NC_003071.7:6923280-6925390	NC_003076.8	92.547	644	44	4	249	892	5129697	5129058	0.0	920
NC_003071.7:6923280-6925390	NC_003076.8	93.126	611	40	2	1500	2110	25905017	25905625	0.0	894
NC_003071.7:6923280-6925390	NC_003076.8	92.247	632	40	7	336	965	19670974	19671598	0.0	887
NC_003071.7:6923280-6925390	NC_003076.8	92.182	550	29	3	975	1511	15577265	15576717	0.0	765
NC_003071.7:6923280-6925390	NC_003076.8	91.636	550	33	2	975	1511	21776872	21776323	0.0	749
NC_003071.7:6923280-6925390	NC_003076.8	92.886	492	32	3	1610	2101	15576667	15576179	0.0	712
NC_003071.7:6923280-6925390	NC_003076.8	92.901	493	29	6	1610	2101	21776273	21775786	0.0	712
NC_003071.7:6923280-6925390	NC_003076.8	92.512	414	24	6	1699	2111	17796537	17796130	6.92e-166	586
NC_003071.7:6923280-6925390	NC_003076.8	91.449	421	35	1	1680	2100	21584595	21584176	4.17e-163	577
NC_003071.7:6923280-6925390	NC_003076.8	89.600	375	28	9	1734	2100	25264966	25265337	9.41e-130	466
NC_003071.7:6923280-6925390	NC_003076.8	93.811	307	18	1	648	954	3019829	3019524	4.38e-128	460
NC_003071.7:6923280-6925390	NC_003076.8	93.863	277	16	1	689	965	20398316	20398591	9.61e-115	416
NC_003071.7:6923280-6925390	NC_003076.8	92.446	278	16	5	13	288	17796786	17796512	1.62e-107	392
NC_003071.7:6923280-6925390	NC_003076.8	89.803	304	16	7	1323	1612	9592102	9592404	1.63e-102	375
NC_003071.7:6923280-6925390	NC_003076.8	89.109	303	19	3	1323	1612	17617546	17617245	3.53e-99	364
NC_003071.7:6923280-6925390	NC_003076.8	89.931	288	15	3	1323	1597	20280291	20280005	1.64e-97	359
NC_003071.7:6923280-6925390	NC_003076.8	91.221	262	19	4	12	270	3020198	3019938	7.64e-96	353
NC_003071.7:6923280-6925390	NC_003076.8	90.805	261	18	6	13	270	5129835	5129578	4.60e-93	344
NC_003071.7:6923280-6925390	NC_003076.8	90.458	262	20	5	12	270	17955553	17955812	5.95e-92	340
NC_003071.7:6923280-6925390	NC_003076.8	90.000	260	21	5	14	270	14761183	14760926	3.58e-89	331
NC_003071.7:6923280-6925390	NC_003076.8	89.219	269	23	6	6	270	25264503	25264769	3.58e-89	331
NC_003071.7:6923280-6925390	NC_003076.8	89.513	267	18	7	8	270	15342701	15342441	1.29e-88	329
NC_003071.7:6923280-6925390	NC_003076.8	89.615	260	22	5	14	270	19931558	19931301	1.67e-87	326
NC_003071.7:6923280-6925390	NC_003076.8	97.268	183	5	0	973	1155	20280489	20280307	4.67e-83	311
NC_003071.7:6923280-6925390	NC_003076.8	88.506	261	19	5	13	270	13918791	13918539	2.17e-81	305
NC_003071.7:6923280-6925390	NC_003076.8	96.703	182	6	0	973	1154	9591905	9592086	7.81e-81	303
NC_003071.7:6923280-6925390	NC_003076.8	95.238	189	8	1	973	1161	9134111	9134298	3.63e-79	298
NC_003071.7:6923280-6925390	NC_003076.8	92.593	189	9	4	15	201	19670802	19670987	1.02e-69	267
NC_003071.7:6923280-6925390	NC_003076.8	91.192	193	13	4	1918	2108	10715441	10715631	1.71e-67	259
NC_003071.7:6923280-6925390	NC_003076.8	85.317	252	18	12	11	260	354137	354371	1.73e-62	243
NC_003071.7:6923280-6925390	NC_003076.8	93.496	123	8	0	973	1095	25904890	25905012	1.06e-44	183
NC_003071.7:6923280-6925390	NC_003076.8	95.283	106	4	1	8	113	20398212	20398316	1.07e-39	167
NC_003071.7:6923280-6925390	NC_003076.8	88.660	97	7	4	7	102	15043436	15043343	3.93e-24	115
NC_003071.7:6923280-6925390	NC_003076.8	89.247	93	6	4	8	98	13982128	13982218	1.41e-23	113
NC_003071.7:6923280-6925390	NC_003076.8	91.358	81	7	0	14	94	5978053	5977973	5.08e-23	111
NC_003071.7:6923280-6925390	NC_003076.8	91.250	80	7	0	15	94	20280646	20280567	1.83e-22	110
NC_003071.7:6923280-6925390	NC_003076.8	90.361	83	6	2	13	94	9133952	9134033	6.57e-22	108
NC_003071.7:6923280-6925390	NC_003076.8	90.000	80	8	0	15	94	9591748	9591827	8.50e-21	104
NC_003071.7:6923280-6925390	NC_003076.8	98.148	54	1	0	1539	1592	15576716	15576663	5.12e-18	95.3
NC_003071.7:6923280-6925390	NC_003076.8	98.148	54	1	0	1539	1592	21776322	21776269	5.12e-18	95.3
NC_003071.7:6923280-6925390	NC_003075.7	95.586	2107	65	10	14	2106	1002007	999915	0.0	3350
NC_003071.7:6923280-6925390	NC_003075.7	94.990	2016	76	17	102	2100	8063697	8065704	0.0	3140
NC_003071.7:6923280-6925390	NC_003075.7	93.156	2104	96	15	14	2100	5541389	5539317	0.0	3044
NC_003071.7:6923280-6925390	NC_003075.7	93.007	2102	102	15	14	2100	1349585	1351656	0.0	3025
NC_003071.7:6923280-6925390	NC_003075.7	92.827	2119	103	20	12	2110	11360868	11362957	0.0	3025
NC_003071.7:6923280-6925390	NC_003075.7	92.857	2100	104	18	14	2105	4146126	4148187	0.0	3005
NC_003071.7:6923280-6925390	NC_003075.7	92.549	2107	95	23	12	2104	8730455	8728397	0.0	2964
NC_003071.7:6923280-6925390	NC_003075.7	95.201	1271	56	5	12	1281	10397387	10396121	0.0	2004
NC_003071.7:6923280-6925390	NC_003075.7	93.783	1142	53	7	973	2100	11193412	11192275	0.0	1700
NC_003071.7:6923280-6925390	NC_003075.7	92.301	1143	71	10	973	2100	371928	370788	0.0	1607
NC_003071.7:6923280-6925390	NC_003075.7	91.580	1152	77	9	973	2108	6166306	6165159	0.0	1572
NC_003071.7:6923280-6925390	NC_003075.7	93.281	1012	50	9	1113	2110	16864261	16863254	0.0	1476
NC_003071.7:6923280-6925390	NC_003075.7	94.043	789	42	4	13	801	9763815	9763032	0.0	1192
NC_003071.7:6923280-6925390	NC_003075.7	94.043	789	40	5	14	801	9842608	9841826	0.0	1190
NC_003071.7:6923280-6925390	NC_003075.7	92.909	832	37	7	11	841	16865074	16864264	0.0	1190
NC_003071.7:6923280-6925390	NC_003075.7	92.677	792	41	6	1323	2100	683570	684358	0.0	1125
NC_003071.7:6923280-6925390	NC_003075.7	93.836	730	41	4	1375	2101	10396076	10395348	0.0	1096
NC_003071.7:6923280-6925390	NC_003075.7	92.917	720	45	6	249	968	314144	313431	0.0	1042
NC_003071.7:6923280-6925390	NC_003075.7	91.978	723	46	10	249	968	7060559	7059846	0.0	1003
NC_003071.7:6923280-6925390	NC_003075.7	92.507	694	45	7	262	953	9438922	9439610	0.0	987
NC_003071.7:6923280-6925390	NC_003075.7	92.097	658	36	5	1266	1909	965061	964406	0.0	913
NC_003071.7:6923280-6925390	NC_003075.7	90.619	533	35	11	1572	2100	14390783	14390262	0.0	693
NC_003071.7:6923280-6925390	NC_003075.7	92.457	464	29	5	262	724	6279151	6279609	0.0	658
NC_003071.7:6923280-6925390	NC_003075.7	95.833	312	11	2	970	1281	965643	965334	7.17e-141	503
NC_003071.7:6923280-6925390	NC_003075.7	90.451	377	28	8	14	386	3898130	3897758	5.58e-137	490
NC_003071.7:6923280-6925390	NC_003075.7	89.600	375	26	6	1699	2072	7853284	7852922	3.38e-129	464
NC_003071.7:6923280-6925390	NC_003075.7	92.780	277	16	4	14	288	7853533	7853259	3.48e-109	398
NC_003071.7:6923280-6925390	NC_003075.7	90.288	278	26	1	651	928	3894020	3893744	1.27e-98	363
NC_003071.7:6923280-6925390	NC_003075.7	89.434	265	22	6	10	270	5354473	5354735	1.29e-88	329
NC_003071.7:6923280-6925390	NC_003075.7	89.098	266	22	7	9	270	6178442	6178704	5.99e-87	324
NC_003071.7:6923280-6925390	NC_003075.7	89.723	253	20	5	10	260	5354111	5354359	2.79e-85	318
NC_003071.7:6923280-6925390	NC_003075.7	89.600	250	19	6	14	260	7060698	7060453	4.67e-83	311
NC_003071.7:6923280-6925390	NC_003075.7	95.745	188	7	1	973	1160	683371	683557	2.81e-80	302
NC_003071.7:6923280-6925390	NC_003075.7	78.431	510	73	27	1516	2014	7593705	7593222	3.63e-79	298
NC_003071.7:6923280-6925390	NC_003075.7	89.565	230	20	4	1873	2100	8802510	8802737	2.19e-76	289
NC_003071.7:6923280-6925390	NC_003075.7	85.441	261	19	7	13	270	314270	314026	7.98e-66	254
NC_003071.7:6923280-6925390	NC_003075.7	90.576	191	16	2	1912	2102	963860	963672	2.87e-65	252
NC_003071.7:6923280-6925390	NC_003075.7	84.674	261	19	8	14	270	9438785	9439028	6.21e-62	241
NC_003071.7:6923280-6925390	NC_003075.7	84.291	261	15	8	12	270	6279020	6279256	3.74e-59	231
NC_003071.7:6923280-6925390	NC_003075.7	95.804	143	3	2	14	156	8063577	8063716	4.83e-58	228
NC_003071.7:6923280-6925390	NC_003075.7	88.953	172	18	1	802	972	5773070	5773241	4.87e-53	211
NC_003071.7:6923280-6925390	NC_003075.7	94.643	112	6	0	973	1084	8802284	8802395	6.39e-42	174
NC_003071.7:6923280-6925390	NC_003075.7	85.612	139	14	6	1973	2108	6168483	6168348	6.48e-32	141
NC_003071.7:6923280-6925390	NC_003075.7	93.617	94	6	0	723	816	6280372	6280465	6.48e-32	141
NC_003071.7:6923280-6925390	NC_003075.7	93.684	95	4	1	1500	1592	8802411	8802505	6.48e-32	141
NC_003071.7:6923280-6925390	NC_003075.7	91.566	83	5	2	13	94	2520883	2520964	1.41e-23	113
NC_003071.7:6923280-6925390	NC_003075.7	90.123	81	8	0	14	94	14390988	14390908	2.36e-21	106
NC_003071.7:6923280-6925390	NC_003075.7	88.889	81	9	0	14	94	372086	372006	1.10e-19	100
NC_003071.7:6923280-6925390	NC_003075.7	100.000	42	0	0	973	1014	14390831	14390790	5.15e-13	78.7
NC_003071.7:6923280-6925390	NC_003074.8	94.618	2118	75	9	11	2109	15937283	15939380	0.0	3243
NC_003071.7:6923280-6925390	NC_003074.8	93.855	2083	102	20	13	2073	10821447	10819369	0.0	3114
NC_003071.7:6923280-6925390	NC_003074.8	92.877	2106	107	15	12	2103	17277816	17275740	0.0	3018
NC_003071.7:6923280-6925390	NC_003074.8	91.726	2103	108	21	13	2101	20786398	20788448	0.0	2859
NC_003071.7:6923280-6925390	NC_003074.8	91.491	2092	92	19	14	2077	11535844	11537877	0.0	2798
NC_003071.7:6923280-6925390	NC_003074.8	90.879	2127	97	33	10	2109	17144494	17142438	0.0	2763
NC_003071.7:6923280-6925390	NC_003074.8	90.758	2110	119	28	7	2100	22118608	22120657	0.0	2747
NC_003071.7:6923280-6925390	NC_003074.8	90.892	1603	76	21	528	2111	16562049	16563600	0.0	2087
NC_003071.7:6923280-6925390	NC_003074.8	93.759	1362	59	11	12	1372	17301280	17299944	0.0	2021
NC_003071.7:6923280-6925390	NC_003074.8	90.848	1486	78	16	10	1482	5745927	5744487	0.0	1938
NC_003071.7:6923280-6925390	NC_003074.8	90.486	1398	67	21	720	2104	15452795	15451451	0.0	1784
NC_003071.7:6923280-6925390	NC_003074.8	92.570	1144	63	8	973	2100	17776928	17778065	0.0	1622
NC_003071.7:6923280-6925390	NC_003074.8	92.368	1140	66	7	973	2098	17730098	17731230	0.0	1604
NC_003071.7:6923280-6925390	NC_003074.8	91.689	1143	60	9	973	2102	9767475	9766355	0.0	1552
NC_003071.7:6923280-6925390	NC_003074.8	90.940	1159	64	19	973	2098	16419302	16420452	0.0	1520
NC_003071.7:6923280-6925390	NC_003074.8	93.446	1007	36	10	1118	2108	17062368	17061376	0.0	1467
NC_003071.7:6923280-6925390	NC_003074.8	92.194	1012	46	11	1106	2101	16451587	16452581	0.0	1400
NC_003071.7:6923280-6925390	NC_003074.8	91.884	998	40	9	1118	2100	7995800	7994829	0.0	1356
NC_003071.7:6923280-6925390	NC_003074.8	94.418	842	31	12	14	855	17063229	17062404	0.0	1280
NC_003071.7:6923280-6925390	NC_003074.8	92.097	911	44	6	973	1869	11503603	11502707	0.0	1258
NC_003071.7:6923280-6925390	NC_003074.8	92.243	838	42	8	3	838	9386357	9385541	0.0	1166
NC_003071.7:6923280-6925390	NC_003074.8	93.561	792	36	4	1323	2100	18412509	18413299	0.0	1166
NC_003071.7:6923280-6925390	NC_003074.8	92.271	828	44	5	14	841	16450786	16451593	0.0	1157
NC_003071.7:6923280-6925390	NC_003074.8	91.827	832	52	12	154	972	9890146	9890974	0.0	1146
NC_003071.7:6923280-6925390	NC_003074.8	93.064	793	39	10	1323	2100	18019136	18019927	0.0	1146
NC_003071.7:6923280-6925390	NC_003074.8	92.231	798	51	11	182	976	18746356	18747145	0.0	1120
NC_003071.7:6923280-6925390	NC_003074.8	92.443	794	42	7	1323	2100	13327791	13328582	0.0	1118
NC_003071.7:6923280-6925390	NC_003074.8	93.673	727	42	4	1375	2100	10556855	10556132	0.0	1085
NC_003071.7:6923280-6925390	NC_003074.8	91.688	794	46	13	1323	2100	3965358	3966147	0.0	1083
NC_003071.7:6923280-6925390	NC_003074.8	93.593	718	41	5	249	965	16879943	16880656	0.0	1066
NC_003071.7:6923280-6925390	NC_003074.8	92.857	728	39	5	1375	2100	10575067	10574351	0.0	1044
NC_003071.7:6923280-6925390	NC_003074.8	92.500	720	49	5	249	968	9559544	9558830	0.0	1026
NC_003071.7:6923280-6925390	NC_003074.8	93.050	705	36	7	1026	1717	10320599	10321303	0.0	1018
NC_003071.7:6923280-6925390	NC_003074.8	92.190	717	46	8	249	965	5622169	5622875	0.0	1005
NC_003071.7:6923280-6925390	NC_003074.8	91.828	722	48	10	249	968	20485002	20484290	0.0	996
NC_003071.7:6923280-6925390	NC_003074.8	91.033	736	46	10	1375	2109	15485236	15484520	0.0	976
NC_003071.7:6923280-6925390	NC_003074.8	91.123	721	56	7	249	968	2629888	2629175	0.0	970
NC_003071.7:6923280-6925390	NC_003074.8	90.323	744	49	9	240	976	16173067	16172340	0.0	953
NC_003071.7:6923280-6925390	NC_003074.8	92.879	660	40	7	1453	2110	5744486	5743832	0.0	952
NC_003071.7:6923280-6925390	NC_003074.8	90.204	735	57	11	249	972	3716481	3717211	0.0	944
NC_003071.7:6923280-6925390	NC_003074.8	92.926	622	35	7	1485	2104	9384377	9383763	0.0	896
NC_003071.7:6923280-6925390	NC_003074.8	92.563	632	26	3	819	1437	9385005	9384382	0.0	887
NC_003071.7:6923280-6925390	NC_003074.8	89.320	721	56	11	249	968	1371038	1370338	0.0	885
NC_003071.7:6923280-6925390	NC_003074.8	94.667	525	23	5	4	527	7996644	7996124	0.0	809
NC_003071.7:6923280-6925390	NC_003074.8	92.176	524	27	6	973	1484	11967811	11968332	0.0	728
NC_003071.7:6923280-6925390	NC_003074.8	93.947	413	22	3	10	422	16561651	16562060	1.90e-176	621
NC_003071.7:6923280-6925390	NC_003074.8	90.714	420	33	6	555	972	10404825	10405240	1.95e-156	555
NC_003071.7:6923280-6925390	NC_003074.8	97.973	296	6	0	560	855	7996131	7995836	3.31e-144	514
NC_003071.7:6923280-6925390	NC_003074.8	96.141	311	10	1	973	1281	15485591	15485281	5.54e-142	507
NC_003071.7:6923280-6925390	NC_003074.8	93.631	314	18	2	973	1285	10557188	10556876	2.62e-130	468
NC_003071.7:6923280-6925390	NC_003074.8	93.038	316	20	2	973	1287	10575400	10575086	4.38e-128	460
NC_003071.7:6923280-6925390	NC_003074.8	91.566	332	21	4	9	334	11200620	11200950	2.64e-125	451
NC_003071.7:6923280-6925390	NC_003074.8	93.056	288	19	1	1813	2100	11968331	11968617	7.43e-116	420
NC_003071.7:6923280-6925390	NC_003074.8	89.769	303	17	3	1323	1612	17299583	17299282	1.63e-102	375
NC_003071.7:6923280-6925390	NC_003074.8	94.714	227	12	0	1833	2059	11200950	11201176	7.64e-96	353
NC_003071.7:6923280-6925390	NC_003074.8	91.968	249	15	5	14	260	20485140	20484895	4.60e-93	344
NC_003071.7:6923280-6925390	NC_003074.8	90.421	261	20	5	14	270	3716342	3716601	2.14e-91	339
NC_003071.7:6923280-6925390	NC_003074.8	90.661	257	20	4	17	270	9559680	9559425	2.14e-91	339
NC_003071.7:6923280-6925390	NC_003074.8	89.773	264	22	5	10	270	17397304	17397043	9.96e-90	333
NC_003071.7:6923280-6925390	NC_003074.8	89.434	265	24	4	9	270	10862396	10862659	3.58e-89	331
NC_003071.7:6923280-6925390	NC_003074.8	97.872	188	3	1	973	1160	17299782	17299596	5.99e-87	324
NC_003071.7:6923280-6925390	NC_003074.8	96.277	188	7	0	973	1160	1571523	1571710	1.68e-82	309
NC_003071.7:6923280-6925390	NC_003074.8	88.043	276	14	6	1323	1597	1571723	1571980	1.68e-82	309
NC_003071.7:6923280-6925390	NC_003074.8	88.538	253	18	2	1858	2100	8757570	8757821	1.31e-78	296
NC_003071.7:6923280-6925390	NC_003074.8	95.213	188	8	1	973	1160	13327592	13327778	1.31e-78	296
NC_003071.7:6923280-6925390	NC_003074.8	95.652	184	7	1	973	1155	3965159	3965342	4.70e-78	294
NC_003071.7:6923280-6925390	NC_003074.8	94.180	189	9	2	973	1161	18018938	18019124	7.86e-76	287
NC_003071.7:6923280-6925390	NC_003074.8	94.536	183	8	2	721	902	9385008	9385189	3.66e-74	281
NC_003071.7:6923280-6925390	NC_003074.8	93.617	188	10	2	973	1160	18412311	18412496	1.32e-73	279
NC_003071.7:6923280-6925390	NC_003074.8	88.034	234	23	5	41	270	2630001	2629769	2.20e-71	272
NC_003071.7:6923280-6925390	NC_003074.8	85.000	260	23	5	14	270	20487142	20486896	1.03e-64	250
NC_003071.7:6923280-6925390	NC_003074.8	89.595	173	16	2	74	246	16879865	16880035	2.91e-55	219
NC_003071.7:6923280-6925390	NC_003074.8	95.327	107	4	1	13	119	16879750	16879855	2.97e-40	169
NC_003071.7:6923280-6925390	NC_003074.8	90.351	114	8	3	10	121	9890045	9890157	1.39e-33	147
NC_003071.7:6923280-6925390	NC_003074.8	91.954	87	5	2	9	94	18018776	18018861	8.44e-26	121
NC_003071.7:6923280-6925390	NC_003074.8	91.860	86	6	1	45	130	10392124	10392208	3.04e-25	119
NC_003071.7:6923280-6925390	NC_003074.8	92.593	81	4	2	15	94	17299939	17299860	3.93e-24	115
NC_003071.7:6923280-6925390	NC_003074.8	89.888	89	8	1	10	98	16419140	16419227	1.41e-23	113
NC_003071.7:6923280-6925390	NC_003074.8	90.588	85	8	0	10	94	18412150	18412234	1.41e-23	113
NC_003071.7:6923280-6925390	NC_003074.8	91.358	81	7	0	14	94	13327434	13327514	5.08e-23	111
NC_003071.7:6923280-6925390	NC_003074.8	92.000	75	5	1	3	77	10557356	10557283	8.50e-21	104
NC_003071.7:6923280-6925390	NC_003074.8	76.471	187	15	20	1566	1746	15667806	15667643	6.66e-12	75.0
NC_003071.7:6923280-6925390	NC_003074.8	100.000	36	0	0	1095	1130	7995835	7995800	1.12e-09	67.6
NC_003071.7:6923280-6925390	NC_003074.8	100.000	36	0	0	1095	1130	17062403	17062368	1.12e-09	67.6
NC_003071.7:6923280-6925390	NC_003074.8	100.000	34	0	0	856	889	9385190	9385223	1.44e-08	63.9
NC_003071.7:6990925-6992943	NC_003071.7	100.000	2019	0	0	1	2019	6990925	6992943	0.0	3729
NC_003071.7:6990925-6992943	NC_003071.7	93.103	696	39	5	1332	2019	8102805	8103499	0.0	1011
NC_003071.7:6990925-6992943	NC_003071.7	91.535	697	48	9	1332	2019	4759757	4759063	0.0	950
NC_003071.7:6990925-6992943	NC_003071.7	92.661	654	38	6	1373	2019	6262554	6263204	0.0	933
NC_003071.7:6990925-6992943	NC_003071.7	91.549	142	5	5	1448	1583	2952220	2952360	2.18e-46	189
NC_003071.7:6990925-6992943	NC_003071.7	100.000	32	0	0	1988	2019	6683082	6683113	1.78e-07	60.2
NC_003071.7:6990925-6992943	NC_003074.8	93.094	695	39	4	1332	2019	10416980	10417672	0.0	1009
NC_003071.7:6990925-6992943	NC_003074.8	93.084	694	40	4	1332	2019	16186063	16185372	0.0	1009
NC_003071.7:6990925-6992943	NC_003074.8	91.679	673	43	3	1332	1991	18928063	18928735	0.0	920
NC_003071.7:6990925-6992943	NC_003074.8	90.272	699	46	8	1332	2019	12359409	12358722	0.0	894
NC_003071.7:6990925-6992943	NC_003074.8	90.058	684	53	12	1347	2019	7714230	7713551	0.0	872
NC_003071.7:6990925-6992943	NC_003074.8	92.670	573	34	4	1453	2019	14559288	14559858	0.0	819
NC_003071.7:6990925-6992943	NC_003074.8	92.308	572	38	2	1453	2019	8875105	8875675	0.0	808
NC_003071.7:6990925-6992943	NC_003074.8	92.133	572	38	2	1453	2019	15874529	15873960	0.0	800
NC_003071.7:6990925-6992943	NC_003074.8	88.006	692	59	18	1332	2019	8883394	8884065	0.0	797
NC_003071.7:6990925-6992943	NC_003074.8	90.958	553	35	2	1472	2019	7766063	7765521	0.0	730
NC_003071.7:6990925-6992943	NC_003074.8	92.405	237	14	4	1732	1966	12384105	12384339	2.65e-90	335
NC_003071.7:6990925-6992943	NC_003074.8	94.000	150	7	2	1332	1480	12383943	12384091	1.66e-57	226
NC_003071.7:6990925-6992943	NC_003074.8	92.857	98	6	1	1332	1428	8875013	8875110	6.19e-32	141
NC_003071.7:6990925-6992943	NC_003074.8	92.929	99	4	3	1331	1428	14559197	14559293	6.19e-32	141
NC_003071.7:6990925-6992943	NC_003074.8	92.632	95	6	1	1335	1428	15874618	15874524	2.88e-30	135
NC_003071.7:6990925-6992943	NC_003074.8	95.000	80	4	0	1	80	7766790	7766711	1.73e-27	126
NC_003071.7:6990925-6992943	NC_003074.8	95.000	80	4	0	1	80	18928000	18928079	1.73e-27	126
NC_003071.7:6990925-6992943	NC_003074.8	93.750	80	5	0	1	80	16186126	16186047	8.07e-26	121
NC_003071.7:6990925-6992943	NC_003074.8	93.671	79	5	0	1	79	8874950	8875028	2.90e-25	119
NC_003071.7:6990925-6992943	NC_003074.8	92.500	80	6	0	1	80	12359472	12359393	3.75e-24	115
NC_003071.7:6990925-6992943	NC_003074.8	92.500	80	6	0	1	80	15874684	15874605	3.75e-24	115
NC_003071.7:6990925-6992943	NC_003074.8	92.500	80	4	1	1	80	10416919	10416996	1.35e-23	113
NC_003071.7:6990925-6992943	NC_003074.8	94.444	72	4	0	9	80	14559142	14559213	4.86e-23	111
NC_003071.7:6990925-6992943	NC_003074.8	93.846	65	4	0	1	65	7714295	7714231	3.78e-19	99.0
NC_003071.7:6990925-6992943	NC_003074.8	89.655	58	6	0	1417	1474	11203183	11203126	6.37e-12	75.0
NC_003071.7:6990925-6992943	NC_003074.8	97.297	37	1	0	1983	2019	11550999	11550963	1.38e-08	63.9
NC_003071.7:6990925-6992943	NC_003070.9	92.950	695	42	3	1332	2019	3024177	3023483	0.0	1005
NC_003071.7:6990925-6992943	NC_003070.9	93.064	692	40	4	1332	2017	18632830	18632141	0.0	1005
NC_003071.7:6990925-6992943	NC_003070.9	91.619	704	40	8	1332	2019	19781000	19780300	0.0	955
NC_003071.7:6990925-6992943	NC_003070.9	91.535	697	47	8	1332	2019	1195004	1194311	0.0	950
NC_003071.7:6990925-6992943	NC_003070.9	89.943	696	47	11	1332	2019	18320720	18321400	0.0	876
NC_003071.7:6990925-6992943	NC_003070.9	90.222	675	44	10	1350	2017	5799399	5798740	0.0	861
NC_003071.7:6990925-6992943	NC_003070.9	89.623	530	37	6	1472	1994	26880722	26880204	0.0	658
NC_003071.7:6990925-6992943	NC_003070.9	92.351	353	25	2	1668	2019	20704224	20704575	2.47e-140	501
NC_003071.7:6990925-6992943	NC_003070.9	95.000	80	4	0	1	80	18632893	18632814	1.73e-27	126
NC_003071.7:6990925-6992943	NC_003070.9	93.750	80	5	0	1	80	1195067	1194988	8.07e-26	121
NC_003071.7:6990925-6992943	NC_003070.9	93.750	80	5	0	1	80	26881449	26881370	8.07e-26	121
NC_003071.7:6990925-6992943	NC_003070.9	94.444	72	4	0	9	80	18320665	18320736	4.86e-23	111
NC_003071.7:6990925-6992943	NC_003070.9	94.828	58	3	0	8	65	5799460	5799403	6.33e-17	91.6
NC_003071.7:6990925-6992943	NC_003070.9	89.062	64	6	1	1	64	9138265	9138203	4.92e-13	78.7
NC_003071.7:6990925-6992943	NC_003076.8	92.806	695	42	4	1332	2019	5801973	5801280	0.0	1000
NC_003071.7:6990925-6992943	NC_003076.8	92.651	694	44	3	1332	2019	16211477	16212169	0.0	992
NC_003071.7:6990925-6992943	NC_003076.8	91.655	695	44	7	1332	2019	10187597	10188284	0.0	950
NC_003071.7:6990925-6992943	NC_003076.8	90.805	696	38	9	1332	2019	21174541	21175218	0.0	907
NC_003071.7:6990925-6992943	NC_003076.8	90.230	696	49	10	1332	2019	13786654	13787338	0.0	891
NC_003071.7:6990925-6992943	NC_003076.8	92.308	572	39	1	1453	2019	17359894	17359323	0.0	808
NC_003071.7:6990925-6992943	NC_003076.8	87.337	537	33	6	1333	1835	19019450	19018915	8.56e-165	582
NC_003071.7:6990925-6992943	NC_003076.8	77.053	767	171	5	266	1029	12272968	12273732	7.05e-121	436
NC_003071.7:6990925-6992943	NC_003076.8	94.500	200	10	1	1821	2019	19018819	19018620	5.77e-82	307
NC_003071.7:6990925-6992943	NC_003076.8	97.260	73	2	0	8	80	5802029	5801957	6.24e-27	124
NC_003071.7:6990925-6992943	NC_003076.8	93.750	80	5	0	1	80	13786591	13786670	8.07e-26	121
NC_003071.7:6990925-6992943	NC_003076.8	95.890	73	3	0	8	80	21174485	21174557	2.90e-25	119
NC_003071.7:6990925-6992943	NC_003076.8	95.652	69	3	0	9	77	16211422	16211490	4.86e-23	111
NC_003071.7:6990925-6992943	NC_003076.8	92.857	56	4	0	9	64	15003883	15003828	3.81e-14	82.4
NC_003071.7:6990925-6992943	NC_003076.8	91.379	58	5	0	1362	1419	15003810	15003753	1.37e-13	80.5
NC_003071.7:6990925-6992943	NC_003076.8	96.970	33	0	1	1988	2019	10372136	10372168	8.30e-06	54.7
NC_003071.7:6990925-6992943	NC_003075.7	92.230	695	43	5	1332	2019	8421789	8421099	0.0	974
NC_003071.7:6990925-6992943	NC_003075.7	91.535	697	49	5	1332	2019	4948950	4948255	0.0	952
NC_003071.7:6990925-6992943	NC_003075.7	92.194	679	44	5	1332	2003	18233007	18232331	0.0	952
NC_003071.7:6990925-6992943	NC_003075.7	90.332	693	46	10	1332	2017	5837051	5836373	0.0	889
NC_003071.7:6990925-6992943	NC_003075.7	90.360	695	42	15	1332	2017	6944441	6943763	0.0	889
NC_003071.7:6990925-6992943	NC_003075.7	90.072	695	35	6	1332	2019	5479010	5478343	0.0	870
NC_003071.7:6990925-6992943	NC_003075.7	93.197	294	14	2	1332	1619	1598561	1598854	4.24e-118	427
NC_003071.7:6990925-6992943	NC_003075.7	93.750	80	5	0	1	80	1598498	1598577	8.07e-26	121
NC_003071.7:6990925-6992943	NC_003075.7	93.750	80	5	0	1	80	5479073	5478994	8.07e-26	121
NC_003071.7:6990925-6992943	NC_003075.7	93.750	80	5	0	1	80	5837114	5837035	8.07e-26	121
NC_003071.7:6990925-6992943	NC_003075.7	95.833	72	3	0	9	80	6944496	6944425	1.04e-24	117
NC_003071.7:6990925-6992943	NC_003075.7	92.500	80	6	0	1	80	8421852	8421773	3.75e-24	115
NC_003071.7:6990925-6992943	NC_003075.7	90.000	80	7	1	1	80	18233069	18232991	2.92e-20	102
NC_003071.7:6901190-6901922	NC_003071.7	100.000	733	0	0	1	733	6901190	6901922	0.0	1354
NC_003071.7:6901190-6901922	NC_003071.7	95.368	734	32	1	2	733	7093820	7094553	0.0	1166
NC_003071.7:6901190-6901922	NC_003071.7	94.149	752	23	6	1	733	9584606	9585355	0.0	1125
NC_003071.7:6901190-6901922	NC_003071.7	96.415	530	17	2	206	733	7177269	7176740	0.0	872
NC_003071.7:6901190-6901922	NC_003071.7	94.128	545	15	3	206	733	9030131	9030675	0.0	813
NC_003071.7:6901190-6901922	NC_003071.7	94.340	530	27	2	206	733	14572218	14572746	0.0	809
NC_003071.7:6901190-6901922	NC_003071.7	93.566	544	17	4	206	733	1347753	1347212	0.0	795
NC_003071.7:6901190-6901922	NC_003071.7	90.993	544	31	4	206	733	8173159	8173700	0.0	717
NC_003071.7:6901190-6901922	NC_003071.7	90.590	542	32	6	206	731	10070640	10070102	0.0	701
NC_003071.7:6901190-6901922	NC_003071.7	85.451	543	41	9	207	733	11909396	11908876	1.12e-149	531
NC_003071.7:6901190-6901922	NC_003071.7	82.975	558	55	12	207	733	2320386	2320934	8.88e-131	468
NC_003071.7:6901190-6901922	NC_003071.7	81.295	556	57	19	208	733	1038587	1038049	1.96e-112	407
NC_003071.7:6901190-6901922	NC_003071.7	80.458	568	40	29	208	733	1384091	1383553	9.26e-101	368
NC_003071.7:6901190-6901922	NC_003071.7	83.294	425	36	22	208	628	10996718	10996325	5.57e-98	359
NC_003071.7:6901190-6901922	NC_003071.7	96.040	202	8	0	1	202	9029806	9030007	4.37e-89	329
NC_003071.7:6901190-6901922	NC_003071.7	94.059	202	12	0	1	202	1348077	1347876	2.05e-82	307
NC_003071.7:6901190-6901922	NC_003071.7	94.030	201	12	0	1	201	10070965	10070765	7.36e-82	305
NC_003071.7:6901190-6901922	NC_003071.7	94.000	200	12	0	2	201	8172835	8173034	2.65e-81	303
NC_003071.7:6901190-6901922	NC_003071.7	94.388	196	9	2	8	202	7177587	7177393	3.43e-80	300
NC_003071.7:6901190-6901922	NC_003071.7	93.137	204	11	3	1	202	1038914	1038712	4.43e-79	296
NC_003071.7:6901190-6901922	NC_003071.7	93.035	201	13	1	2	202	1384414	1384215	5.73e-78	292
NC_003071.7:6901190-6901922	NC_003071.7	92.000	200	15	1	3	202	2320063	2320261	4.46e-74	279
NC_003071.7:6901190-6901922	NC_003071.7	91.542	201	17	0	2	202	3198502	3198302	1.61e-73	278
NC_003071.7:6901190-6901922	NC_003071.7	91.584	202	15	2	2	202	14571894	14572094	1.61e-73	278
NC_003071.7:6901190-6901922	NC_003071.7	91.045	201	18	0	1	201	1322857	1322657	7.47e-72	272
NC_003071.7:6901190-6901922	NC_003071.7	90.594	202	19	0	1	202	11909721	11909520	9.66e-71	268
NC_003071.7:6901190-6901922	NC_003071.7	86.758	219	25	4	359	574	9311241	9311458	2.11e-62	241
NC_003071.7:6901190-6901922	NC_003071.7	79.621	211	26	11	540	733	9228847	9228637	1.02e-30	135
NC_003071.7:6901190-6901922	NC_003071.7	84.672	137	8	3	540	663	17147322	17147186	2.21e-27	124
NC_003071.7:6901190-6901922	NC_003071.7	94.805	77	4	0	657	733	7178939	7179015	2.86e-26	121
NC_003071.7:6901190-6901922	NC_003071.7	82.609	138	10	3	537	660	5038080	5038217	6.20e-23	110
NC_003071.7:6901190-6901922	NC_003071.7	90.278	72	7	0	662	733	7351476	7351547	1.74e-18	95.3
NC_003071.7:6901190-6901922	NC_003071.7	91.304	69	6	0	665	733	10996251	10996183	1.74e-18	95.3
NC_003071.7:6901190-6901922	NC_003071.7	92.188	64	4	1	2	64	6207151	6207088	8.07e-17	89.8
NC_003071.7:6901190-6901922	NC_003071.7	90.625	64	6	0	1	64	7340380	7340443	1.04e-15	86.1
NC_003071.7:6901190-6901922	NC_003071.7	90.625	64	5	1	2	64	9433091	9433154	3.76e-15	84.2
NC_003071.7:6901190-6901922	NC_003071.7	82.105	95	14	3	1	93	9229180	9229087	1.75e-13	78.7
NC_003071.7:6901190-6901922	NC_003071.7	89.062	64	6	1	2	64	9860514	9860451	1.75e-13	78.7
NC_003071.7:6901190-6901922	NC_003071.7	88.889	63	6	1	2	63	19623102	19623164	6.29e-13	76.8
NC_003071.7:6901190-6901922	NC_003071.7	90.909	55	4	1	11	64	2443209	2443155	8.13e-12	73.1
NC_003071.7:6901190-6901922	NC_003071.7	83.951	81	8	5	657	733	7566628	7566549	8.13e-12	73.1
NC_003071.7:6901190-6901922	NC_003071.7	94.595	37	1	1	697	733	1367510	1367475	8.19e-07	56.5
NC_003071.7:6901190-6901922	NC_003074.8	95.047	747	17	6	2	733	19529023	19529764	0.0	1157
NC_003071.7:6901190-6901922	NC_003074.8	94.913	747	22	3	2	733	11456304	11455559	0.0	1155
NC_003071.7:6901190-6901922	NC_003074.8	93.850	748	28	5	2	733	4977268	4978013	0.0	1110
NC_003071.7:6901190-6901922	NC_003074.8	90.775	542	30	7	208	733	8596641	8596104	0.0	706
NC_003071.7:6901190-6901922	NC_003074.8	92.706	425	27	4	206	628	18171507	18171085	1.39e-173	610
NC_003071.7:6901190-6901922	NC_003074.8	84.436	559	50	13	206	733	20770151	20769599	3.13e-145	516
NC_003071.7:6901190-6901922	NC_003074.8	87.765	425	45	5	206	626	6941163	6940742	1.89e-137	490
NC_003071.7:6901190-6901922	NC_003074.8	85.049	408	44	8	266	660	17210070	17209667	3.28e-110	399
NC_003071.7:6901190-6901922	NC_003074.8	95.025	201	10	0	1	201	8596968	8596768	3.40e-85	316
NC_003071.7:6901190-6901922	NC_003074.8	91.626	203	15	2	1	202	6941485	6941284	4.46e-74	279
NC_003071.7:6901190-6901922	NC_003074.8	91.089	202	18	0	1	202	16535295	16535094	2.08e-72	274
NC_003071.7:6901190-6901922	NC_003074.8	91.089	202	18	0	1	202	16677615	16677816	2.08e-72	274
NC_003071.7:6901190-6901922	NC_003074.8	91.457	199	16	1	1	199	16902331	16902528	7.47e-72	272
NC_003071.7:6901190-6901922	NC_003074.8	89.552	201	21	0	2	202	10900762	10900962	7.52e-67	255
NC_003071.7:6901190-6901922	NC_003074.8	89.109	202	12	2	1	202	20770465	20770274	5.86e-63	243
NC_003071.7:6901190-6901922	NC_003074.8	84.058	138	8	5	537	660	19437201	19437338	2.86e-26	121
NC_003071.7:6901190-6901922	NC_003074.8	92.771	83	4	2	652	733	19521146	19521227	1.03e-25	119
NC_003071.7:6901190-6901922	NC_003074.8	83.704	135	8	3	540	660	11090670	11090536	1.33e-24	115
NC_003071.7:6901190-6901922	NC_003074.8	93.506	77	5	0	657	733	15918169	15918093	1.33e-24	115
NC_003071.7:6901190-6901922	NC_003074.8	77.872	235	13	10	537	733	5866196	5866429	6.20e-23	110
NC_003071.7:6901190-6901922	NC_003074.8	83.206	131	8	5	537	653	19740108	19740238	2.23e-22	108
NC_003071.7:6901190-6901922	NC_003074.8	92.000	75	6	0	659	733	17402075	17402001	8.02e-22	106
NC_003071.7:6901190-6901922	NC_003074.8	88.095	84	7	3	652	733	16485390	16485308	4.83e-19	97.1
NC_003071.7:6901190-6901922	NC_003074.8	90.541	74	5	2	2	74	19537816	19537744	4.83e-19	97.1
NC_003071.7:6901190-6901922	NC_003074.8	85.714	91	9	4	540	628	10758246	10758158	6.24e-18	93.5
NC_003071.7:6901190-6901922	NC_003074.8	92.308	65	2	3	2	64	16553356	16553419	8.07e-17	89.8
NC_003071.7:6901190-6901922	NC_003074.8	87.838	74	7	2	2	74	7659521	7659449	1.04e-15	86.1
NC_003071.7:6901190-6901922	NC_003074.8	90.625	64	6	0	1	64	7766061	7766124	1.04e-15	86.1
NC_003071.7:6901190-6901922	NC_003074.8	89.062	64	6	1	2	64	15918691	15918628	1.75e-13	78.7
NC_003071.7:6901190-6901922	NC_003074.8	88.889	63	6	1	3	64	16235708	16235646	6.29e-13	76.8
NC_003071.7:6901190-6901922	NC_003074.8	87.500	64	7	1	2	64	19739757	19739820	8.13e-12	73.1
NC_003071.7:6901190-6901922	NC_003074.8	86.154	65	8	1	1	64	10082829	10082765	1.05e-10	69.4
NC_003071.7:6901190-6901922	NC_003074.8	100.000	30	0	0	1	30	18172793	18172764	8.19e-07	56.5
NC_003071.7:6901190-6901922	NC_003074.8	100.000	29	0	0	2	30	9540459	9540487	2.95e-06	54.7
NC_003071.7:6901190-6901922	NC_003070.9	94.400	750	23	5	2	733	20172809	20172061	0.0	1134
NC_003071.7:6901190-6901922	NC_003070.9	93.199	544	19	4	206	733	29774802	29774261	0.0	784
NC_003071.7:6901190-6901922	NC_003070.9	92.800	500	31	5	206	703	6514800	6515296	0.0	719
NC_003071.7:6901190-6901922	NC_003070.9	89.408	557	28	18	206	733	5437466	5436912	0.0	673
NC_003071.7:6901190-6901922	NC_003070.9	85.567	582	27	13	206	733	697052	696474	1.84e-157	556
NC_003071.7:6901190-6901922	NC_003070.9	87.146	459	52	3	207	660	3250928	3251384	1.12e-144	514
NC_003071.7:6901190-6901922	NC_003070.9	87.041	463	46	12	206	660	9384712	9384256	1.45e-143	510
NC_003071.7:6901190-6901922	NC_003070.9	84.099	566	36	10	207	733	8539213	8539763	1.13e-139	497
NC_003071.7:6901190-6901922	NC_003070.9	86.177	463	49	13	206	660	18300821	18300366	2.45e-136	486
NC_003071.7:6901190-6901922	NC_003070.9	85.849	424	56	3	206	628	21615859	21615439	1.16e-124	448
NC_003071.7:6901190-6901922	NC_003070.9	85.749	407	52	4	203	607	12618958	12619360	5.42e-118	425
NC_003071.7:6901190-6901922	NC_003070.9	83.905	379	40	7	299	660	10579670	10580044	5.61e-93	342
NC_003071.7:6901190-6901922	NC_003070.9	95.588	204	8	1	1	204	697375	697173	5.65e-88	326
NC_003071.7:6901190-6901922	NC_003070.9	95.025	201	8	2	2	202	5437788	5437590	1.22e-84	315
NC_003071.7:6901190-6901922	NC_003070.9	78.938	565	41	27	207	731	8623284	8622758	4.40e-84	313
NC_003071.7:6901190-6901922	NC_003070.9	94.059	202	10	1	1	202	18301143	18300944	7.36e-82	305
NC_003071.7:6901190-6901922	NC_003070.9	93.564	202	11	2	2	202	6514476	6514676	3.43e-80	300
NC_003071.7:6901190-6901922	NC_003070.9	93.532	201	13	0	2	202	8538889	8539089	3.43e-80	300
NC_003071.7:6901190-6901922	NC_003070.9	93.532	201	11	1	2	202	9385033	9384835	1.23e-79	298
NC_003071.7:6901190-6901922	NC_003070.9	92.079	202	14	2	2	202	10239320	10239520	3.45e-75	283
NC_003071.7:6901190-6901922	NC_003070.9	91.584	202	16	1	1	202	10579423	10579623	1.61e-73	278
NC_003071.7:6901190-6901922	NC_003070.9	91.919	198	15	1	5	202	9418943	9418747	5.77e-73	276
NC_003071.7:6901190-6901922	NC_003070.9	90.594	202	18	1	1	201	20167556	20167355	3.48e-70	267
NC_003071.7:6901190-6901922	NC_003070.9	90.099	202	19	1	2	202	12618638	12618839	1.62e-68	261
NC_003071.7:6901190-6901922	NC_003070.9	89.055	201	22	0	2	202	8623608	8623408	3.50e-65	250
NC_003071.7:6901190-6901922	NC_003070.9	93.293	164	11	0	2	165	29775140	29774977	5.86e-63	243
NC_003071.7:6901190-6901922	NC_003070.9	92.208	77	6	0	657	733	12993072	12992996	6.20e-23	110
NC_003071.7:6901190-6901922	NC_003070.9	92.208	77	6	0	657	733	29078937	29079013	6.20e-23	110
NC_003071.7:6901190-6901922	NC_003070.9	91.139	79	5	2	657	733	19741618	19741540	8.02e-22	106
NC_003071.7:6901190-6901922	NC_003070.9	89.286	84	7	2	652	733	19718411	19718494	2.88e-21	104
NC_003071.7:6901190-6901922	NC_003070.9	81.429	140	10	5	537	660	19769340	19769479	3.73e-20	100
NC_003071.7:6901190-6901922	NC_003070.9	92.754	69	5	0	665	733	21615365	21615297	3.73e-20	100
NC_003071.7:6901190-6901922	NC_003070.9	89.610	77	7	1	657	733	3497827	3497752	4.83e-19	97.1
NC_003071.7:6901190-6901922	NC_003070.9	87.952	83	8	2	652	733	12183486	12183405	4.83e-19	97.1
NC_003071.7:6901190-6901922	NC_003070.9	89.610	77	7	1	657	733	14012887	14012812	4.83e-19	97.1
NC_003071.7:6901190-6901922	NC_003070.9	88.462	78	8	1	657	733	2587909	2587832	6.24e-18	93.5
NC_003071.7:6901190-6901922	NC_003070.9	92.188	64	4	1	2	64	9919332	9919269	8.07e-17	89.8
NC_003071.7:6901190-6901922	NC_003070.9	88.000	75	8	1	659	733	12240837	12240910	2.90e-16	87.9
NC_003071.7:6901190-6901922	NC_003070.9	90.769	65	5	1	1	64	8189960	8190024	1.04e-15	86.1
NC_003071.7:6901190-6901922	NC_003070.9	90.625	64	6	0	1	64	26880720	26880783	1.04e-15	86.1
NC_003071.7:6901190-6901922	NC_003070.9	90.476	63	6	0	2	64	2473307	2473245	3.76e-15	84.2
NC_003071.7:6901190-6901922	NC_003070.9	90.625	64	5	1	2	64	5899755	5899692	3.76e-15	84.2
NC_003071.7:6901190-6901922	NC_003070.9	86.842	76	8	2	2	76	12183991	12183917	3.76e-15	84.2
NC_003071.7:6901190-6901922	NC_003070.9	90.769	65	3	3	2	64	12993595	12993532	3.76e-15	84.2
NC_003071.7:6901190-6901922	NC_003070.9	90.625	64	5	1	2	64	13981808	13981745	3.76e-15	84.2
NC_003071.7:6901190-6901922	NC_003070.9	90.625	64	5	1	2	64	18766618	18766555	3.76e-15	84.2
NC_003071.7:6901190-6901922	NC_003070.9	90.476	63	5	1	1	62	19742139	19742077	1.35e-14	82.4
NC_003071.7:6901190-6901922	NC_003070.9	89.062	64	6	1	2	64	6219140	6219077	1.75e-13	78.7
NC_003071.7:6901190-6901922	NC_003070.9	89.062	64	6	1	2	64	16401003	16400940	1.75e-13	78.7
NC_003071.7:6901190-6901922	NC_003070.9	89.062	64	6	1	2	64	21918434	21918497	1.75e-13	78.7
NC_003071.7:6901190-6901922	NC_003070.9	89.062	64	6	1	2	64	26306960	26307023	1.75e-13	78.7
NC_003071.7:6901190-6901922	NC_003070.9	87.692	65	7	1	1	64	27240718	27240782	2.26e-12	75.0
NC_003071.7:6901190-6901922	NC_003070.9	87.500	64	7	1	2	64	17605550	17605613	8.13e-12	73.1
NC_003071.7:6901190-6901922	NC_003070.9	87.500	64	7	1	2	64	23125693	23125630	8.13e-12	73.1
NC_003071.7:6901190-6901922	NC_003075.7	93.750	544	18	2	206	733	7383958	7383415	0.0	802
NC_003071.7:6901190-6901922	NC_003075.7	91.328	542	31	3	206	733	12698823	12699362	0.0	726
NC_003071.7:6901190-6901922	NC_003075.7	85.678	391	50	5	239	628	6243292	6243677	1.96e-112	407
NC_003071.7:6901190-6901922	NC_003075.7	94.059	202	12	0	1	202	7384283	7384082	2.05e-82	307
NC_003071.7:6901190-6901922	NC_003075.7	93.532	201	10	3	2	201	12698500	12698698	4.43e-79	296
NC_003071.7:6901190-6901922	NC_003075.7	93.035	201	14	0	2	202	6169229	6169029	1.59e-78	294
NC_003071.7:6901190-6901922	NC_003075.7	92.079	202	16	0	1	202	7230734	7230935	9.59e-76	285
NC_003071.7:6901190-6901922	NC_003075.7	91.584	202	15	2	2	202	17501313	17501513	1.61e-73	278
NC_003071.7:6901190-6901922	NC_003075.7	90.640	203	18	1	1	202	1199586	1199384	9.66e-71	268
NC_003071.7:6901190-6901922	NC_003075.7	90.640	203	18	1	1	202	8899076	8899278	9.66e-71	268
NC_003071.7:6901190-6901922	NC_003075.7	90.594	202	17	2	1	202	1100278	1100477	3.48e-70	267
NC_003071.7:6901190-6901922	NC_003075.7	85.644	202	13	5	2	202	9192543	9192729	1.29e-49	198
NC_003071.7:6901190-6901922	NC_003075.7	80.189	212	24	12	540	733	7034462	7034251	6.11e-33	143
NC_003071.7:6901190-6901922	NC_003075.7	81.884	138	11	5	537	660	1521587	1521724	2.88e-21	104
NC_003071.7:6901190-6901922	NC_003075.7	90.909	77	7	0	657	733	7906292	7906368	2.88e-21	104
NC_003071.7:6901190-6901922	NC_003075.7	87.059	85	7	3	2	84	12968438	12968356	6.24e-18	93.5
NC_003071.7:6901190-6901922	NC_003075.7	90.625	64	5	1	2	64	7154779	7154842	3.76e-15	84.2
NC_003071.7:6901190-6901922	NC_003075.7	90.625	64	5	1	2	64	7652564	7652627	3.76e-15	84.2
NC_003071.7:6901190-6901922	NC_003075.7	90.625	64	5	1	2	64	7905771	7905834	3.76e-15	84.2
NC_003071.7:6901190-6901922	NC_003075.7	90.476	63	5	1	3	64	14458283	14458221	1.35e-14	82.4
NC_003071.7:6901190-6901922	NC_003075.7	89.231	65	6	1	1	64	2040106	2040170	4.86e-14	80.5
NC_003071.7:6901190-6901922	NC_003075.7	89.231	65	6	1	1	64	6427217	6427153	4.86e-14	80.5
NC_003071.7:6901190-6901922	NC_003075.7	87.879	66	3	4	2	64	12607047	12606984	8.13e-12	73.1
NC_003071.7:6901190-6901922	NC_003075.7	82.716	81	9	5	657	733	1957624	1957703	3.78e-10	67.6
NC_003071.7:6901190-6901922	NC_003076.8	93.669	537	27	4	201	733	16373318	16373851	0.0	797
NC_003071.7:6901190-6901922	NC_003076.8	93.394	545	18	4	206	733	24313952	24314495	0.0	791
NC_003071.7:6901190-6901922	NC_003076.8	90.959	542	31	5	208	733	26892860	26893399	0.0	713
NC_003071.7:6901190-6901922	NC_003076.8	90.037	542	35	5	208	733	9867168	9867706	0.0	684
NC_003071.7:6901190-6901922	NC_003076.8	89.184	527	33	8	206	710	17398425	17397901	0.0	636
NC_003071.7:6901190-6901922	NC_003076.8	83.842	557	52	12	207	733	23129889	23129341	4.07e-139	496
NC_003071.7:6901190-6901922	NC_003076.8	88.557	402	41	3	209	607	9298441	9298840	3.17e-135	483
NC_003071.7:6901190-6901922	NC_003076.8	86.321	424	52	5	206	628	13733935	13734353	1.92e-127	457
NC_003071.7:6901190-6901922	NC_003076.8	82.363	567	57	16	206	733	20279176	20278614	2.49e-126	453
NC_003071.7:6901190-6901922	NC_003076.8	88.953	344	34	2	237	579	26891978	26892318	7.01e-117	422
NC_003071.7:6901190-6901922	NC_003076.8	84.397	423	54	6	206	626	14079746	14080158	7.06e-112	405
NC_003071.7:6901190-6901922	NC_003076.8	87.755	343	36	3	237	579	17481492	17481828	4.25e-109	396
NC_003071.7:6901190-6901922	NC_003076.8	95.050	202	9	1	1	202	16372998	16373198	3.40e-85	316
NC_003071.7:6901190-6901922	NC_003076.8	94.527	201	11	0	2	202	24313641	24313841	1.58e-83	311
NC_003071.7:6901190-6901922	NC_003076.8	94.000	200	12	0	2	201	17398749	17398550	2.65e-81	303
NC_003071.7:6901190-6901922	NC_003076.8	92.537	201	15	0	2	202	22020973	22021173	7.42e-77	289
NC_003071.7:6901190-6901922	NC_003076.8	94.180	189	11	0	13	201	26892545	26892733	7.42e-77	289
NC_003071.7:6901190-6901922	NC_003076.8	92.537	201	13	2	2	201	9866841	9867040	2.67e-76	287
NC_003071.7:6901190-6901922	NC_003076.8	92.040	201	16	0	2	202	15536012	15535812	3.45e-75	283
NC_003071.7:6901190-6901922	NC_003076.8	91.626	203	11	5	2	202	8602694	8602496	5.77e-73	276
NC_003071.7:6901190-6901922	NC_003076.8	91.089	202	16	2	2	202	23130214	23130014	7.47e-72	272
NC_003071.7:6901190-6901922	NC_003076.8	90.640	203	17	2	1	202	17481150	17481351	9.66e-71	268
NC_003071.7:6901190-6901922	NC_003076.8	90.050	201	18	2	1	201	9298125	9298323	5.82e-68	259
NC_003071.7:6901190-6901922	NC_003076.8	89.109	202	21	1	1	202	7488978	7488778	3.50e-65	250
NC_003071.7:6901190-6901922	NC_003076.8	87.129	202	13	7	1	202	15162254	15162442	3.55e-55	217
NC_003071.7:6901190-6901922	NC_003076.8	83.810	210	18	5	540	733	14103876	14103667	1.00e-45	185
NC_003071.7:6901190-6901922	NC_003076.8	80.189	212	24	12	540	733	7700849	7700638	6.11e-33	143
NC_003071.7:6901190-6901922	NC_003076.8	79.545	220	16	12	537	733	24586843	24587056	4.76e-29	130
NC_003071.7:6901190-6901922	NC_003076.8	84.058	138	8	3	537	660	17726752	17726889	2.86e-26	121
NC_003071.7:6901190-6901922	NC_003076.8	83.453	139	9	3	536	660	24449141	24449279	3.70e-25	117
NC_003071.7:6901190-6901922	NC_003076.8	83.212	137	10	3	537	660	19101876	19102012	4.79e-24	113
NC_003071.7:6901190-6901922	NC_003076.8	82.734	139	9	5	537	660	3566679	3566817	6.20e-23	110
NC_003071.7:6901190-6901922	NC_003076.8	88.889	90	8	2	540	628	6702156	6702068	6.20e-23	110
NC_003071.7:6901190-6901922	NC_003076.8	92.000	75	4	2	1	74	19153747	19153674	2.88e-21	104
NC_003071.7:6901190-6901922	NC_003076.8	89.333	75	8	0	659	733	14080228	14080302	1.74e-18	95.3
NC_003071.7:6901190-6901922	NC_003076.8	91.304	69	6	0	665	733	19102040	19102108	1.74e-18	95.3
NC_003071.7:6901190-6901922	NC_003076.8	91.304	69	6	0	665	733	24449307	24449375	1.74e-18	95.3
NC_003071.7:6901190-6901922	NC_003076.8	92.188	64	4	1	2	64	24117960	24118023	8.07e-17	89.8
NC_003071.7:6901190-6901922	NC_003076.8	88.000	75	8	1	659	733	13232000	13232073	2.90e-16	87.9
NC_003071.7:6901190-6901922	NC_003076.8	90.769	65	5	1	1	64	14880215	14880279	1.04e-15	86.1
NC_003071.7:6901190-6901922	NC_003076.8	93.220	59	3	1	676	733	15030972	15030914	1.04e-15	86.1
NC_003071.7:6901190-6901922	NC_003076.8	90.625	64	5	1	2	64	8280718	8280781	3.76e-15	84.2
NC_003071.7:6901190-6901922	NC_003076.8	90.625	64	5	1	2	64	9558216	9558153	3.76e-15	84.2
NC_003071.7:6901190-6901922	NC_003076.8	90.625	64	5	1	2	64	14104208	14104145	3.76e-15	84.2
NC_003071.7:6901190-6901922	NC_003076.8	90.476	63	5	1	2	63	7701181	7701119	1.35e-14	82.4
NC_003071.7:6901190-6901922	NC_003076.8	90.476	63	5	1	2	63	16712851	16712913	1.35e-14	82.4
NC_003071.7:6901190-6901922	NC_003076.8	89.231	65	6	1	1	64	7417330	7417394	4.86e-14	80.5
NC_003071.7:6901190-6901922	NC_003076.8	89.231	65	6	1	1	64	13892687	13892623	4.86e-14	80.5
NC_003071.7:6901190-6901922	NC_003076.8	89.231	65	6	1	1	64	16870922	16870986	4.86e-14	80.5
NC_003071.7:6901190-6901922	NC_003076.8	92.593	54	4	0	2	55	13733030	13733083	1.75e-13	78.7
NC_003071.7:6901190-6901922	NC_003076.8	89.062	64	6	1	2	64	15659431	15659368	1.75e-13	78.7
NC_003071.7:6901190-6901922	NC_003076.8	91.228	57	5	0	677	733	17726929	17726985	1.75e-13	78.7
NC_003071.7:6901190-6901922	NC_003076.8	87.500	64	7	1	2	64	6702418	6702355	8.13e-12	73.1
NC_003071.7:6901190-6901922	NC_003076.8	87.500	64	7	1	2	64	20674822	20674759	8.13e-12	73.1
NC_003071.7:6901190-6901922	NC_003076.8	95.455	44	2	0	1	44	9770644	9770601	2.92e-11	71.3
